<?xml version="1.0" encoding="UTF-8"?>
<gpx creator="StravaGPX" version="1.1" xmlns="http://www.topografix.com/GPX/1/1">
 <metadata>
  <time>2024-09-02T18:59:12Z</time>
 </metadata>
 <trk>
  <name>Evening Ride</name>
  <type>1</type>
  <trkseg>
   <trkpt lat="52.503604" lon="13.408492">
    <ele>38.9</ele>
    <time>2024-09-02T18:59:12.000Z</time>
   </trkpt>
   <trkpt lat="52.503604" lon="13.408492">
    <ele>38.9</ele>
    <time>2024-09-02T18:59:13.000Z</time>
   </trkpt>
   <trkpt lat="52.503604" lon="13.408492">
    <ele>38.9</ele>
    <time>2024-09-02T18:59:14.000Z</time>
   </trkpt>
   <trkpt lat="52.503604" lon="13.408492">
    <ele>38.9</ele>
    <time>2024-09-02T18:59:15.000Z</time>
   </trkpt>
   <trkpt lat="52.503604" lon="13.408492">
    <ele>38.9</ele>
    <time>2024-09-02T18:59:16.000Z</time>
   </trkpt>
   <trkpt lat="52.503604" lon="13.408492">
    <ele>38.9</ele>
    <time>2024-09-02T18:59:17.000Z</time>
   </trkpt>
   <trkpt lat="52.503604" lon="13.408492">
    <ele>38.9</ele>
    <time>2024-09-02T18:59:18.000Z</time>
   </trkpt>
   <trkpt lat="52.503588" lon="13.408457">
    <ele>38.9</ele>
    <time>2024-09-02T18:59:26.000Z</time>
   </trkpt>
   <trkpt lat="52.503581" lon="13.408446">
    <ele>38.9</ele>
    <time>2024-09-02T18:59:27.000Z</time>
   </trkpt>
   <trkpt lat="52.503573" lon="13.408433">
    <ele>38.9</ele>
    <time>2024-09-02T18:59:28.000Z</time>
   </trkpt>
   <trkpt lat="52.503563" lon="13.40842">
    <ele>38.9</ele>
    <time>2024-09-02T18:59:29.000Z</time>
   </trkpt>
   <trkpt lat="52.503551" lon="13.408406">
    <ele>38.9</ele>
    <time>2024-09-02T18:59:30.000Z</time>
   </trkpt>
   <trkpt lat="52.503538" lon="13.40839">
    <ele>38.9</ele>
    <time>2024-09-02T18:59:31.000Z</time>
   </trkpt>
   <trkpt lat="52.503523" lon="13.408375">
    <ele>38.9</ele>
    <time>2024-09-02T18:59:32.000Z</time>
   </trkpt>
   <trkpt lat="52.503506" lon="13.408359">
    <ele>38.9</ele>
    <time>2024-09-02T18:59:33.000Z</time>
   </trkpt>
   <trkpt lat="52.503489" lon="13.408342">
    <ele>38.9</ele>
    <time>2024-09-02T18:59:34.000Z</time>
   </trkpt>
   <trkpt lat="52.50347" lon="13.408326">
    <ele>38.8</ele>
    <time>2024-09-02T18:59:35.000Z</time>
   </trkpt>
   <trkpt lat="52.503448" lon="13.408309">
    <ele>38.8</ele>
    <time>2024-09-02T18:59:36.000Z</time>
   </trkpt>
   <trkpt lat="52.503425" lon="13.408293">
    <ele>38.8</ele>
    <time>2024-09-02T18:59:37.000Z</time>
   </trkpt>
   <trkpt lat="52.503404" lon="13.408278">
    <ele>38.8</ele>
    <time>2024-09-02T18:59:38.000Z</time>
   </trkpt>
   <trkpt lat="52.503385" lon="13.408264">
    <ele>38.8</ele>
    <time>2024-09-02T18:59:39.000Z</time>
   </trkpt>
   <trkpt lat="52.503368" lon="13.408251">
    <ele>38.8</ele>
    <time>2024-09-02T18:59:40.000Z</time>
   </trkpt>
   <trkpt lat="52.503355" lon="13.408239">
    <ele>38.8</ele>
    <time>2024-09-02T18:59:41.000Z</time>
   </trkpt>
   <trkpt lat="52.503348" lon="13.408225">
    <ele>38.8</ele>
    <time>2024-09-02T18:59:42.000Z</time>
   </trkpt>
   <trkpt lat="52.503348" lon="13.408204">
    <ele>38.7</ele>
    <time>2024-09-02T18:59:43.000Z</time>
   </trkpt>
   <trkpt lat="52.503354" lon="13.408181">
    <ele>38.7</ele>
    <time>2024-09-02T18:59:44.000Z</time>
   </trkpt>
   <trkpt lat="52.503363" lon="13.408159">
    <ele>38.7</ele>
    <time>2024-09-02T18:59:45.000Z</time>
   </trkpt>
   <trkpt lat="52.503373" lon="13.40814">
    <ele>38.7</ele>
    <time>2024-09-02T18:59:46.000Z</time>
   </trkpt>
   <trkpt lat="52.503381" lon="13.40809">
    <ele>38.7</ele>
    <time>2024-09-02T18:59:47.000Z</time>
   </trkpt>
   <trkpt lat="52.503382" lon="13.408062">
    <ele>38.6</ele>
    <time>2024-09-02T18:59:48.000Z</time>
   </trkpt>
   <trkpt lat="52.503383" lon="13.408033">
    <ele>38.6</ele>
    <time>2024-09-02T18:59:49.000Z</time>
   </trkpt>
   <trkpt lat="52.503384" lon="13.408005">
    <ele>38.6</ele>
    <time>2024-09-02T18:59:50.000Z</time>
   </trkpt>
   <trkpt lat="52.503385" lon="13.407976">
    <ele>38.5</ele>
    <time>2024-09-02T18:59:51.000Z</time>
   </trkpt>
   <trkpt lat="52.503386" lon="13.407947">
    <ele>38.5</ele>
    <time>2024-09-02T18:59:52.000Z</time>
   </trkpt>
   <trkpt lat="52.503382" lon="13.407785">
    <ele>38.4</ele>
    <time>2024-09-02T18:59:53.000Z</time>
   </trkpt>
   <trkpt lat="52.50338" lon="13.407667">
    <ele>38.3</ele>
    <time>2024-09-02T18:59:59.000Z</time>
   </trkpt>
   <trkpt lat="52.503378" lon="13.407549">
    <ele>38.2</ele>
    <time>2024-09-02T19:00:00.000Z</time>
   </trkpt>
   <trkpt lat="52.503401" lon="13.407495">
    <ele>38.2</ele>
    <time>2024-09-02T19:00:01.000Z</time>
   </trkpt>
   <trkpt lat="52.503413" lon="13.407479">
    <ele>38.2</ele>
    <time>2024-09-02T19:00:02.000Z</time>
   </trkpt>
   <trkpt lat="52.503425" lon="13.407464">
    <ele>38.2</ele>
    <time>2024-09-02T19:00:03.000Z</time>
   </trkpt>
   <trkpt lat="52.503447" lon="13.407448">
    <ele>38.2</ele>
    <time>2024-09-02T19:00:04.000Z</time>
   </trkpt>
   <trkpt lat="52.503472" lon="13.407437">
    <ele>38.2</ele>
    <time>2024-09-02T19:00:05.000Z</time>
   </trkpt>
   <trkpt lat="52.503499" lon="13.407433">
    <ele>38.2</ele>
    <time>2024-09-02T19:00:06.000Z</time>
   </trkpt>
   <trkpt lat="52.503529" lon="13.407435">
    <ele>38.2</ele>
    <time>2024-09-02T19:00:07.000Z</time>
   </trkpt>
   <trkpt lat="52.503561" lon="13.407441">
    <ele>38.2</ele>
    <time>2024-09-02T19:00:08.000Z</time>
   </trkpt>
   <trkpt lat="52.503593" lon="13.407449">
    <ele>38.2</ele>
    <time>2024-09-02T19:00:09.000Z</time>
   </trkpt>
   <trkpt lat="52.503627" lon="13.407461">
    <ele>38.2</ele>
    <time>2024-09-02T19:00:10.000Z</time>
   </trkpt>
   <trkpt lat="52.503661" lon="13.407475">
    <ele>38.2</ele>
    <time>2024-09-02T19:00:11.000Z</time>
   </trkpt>
   <trkpt lat="52.503697" lon="13.407492">
    <ele>38.2</ele>
    <time>2024-09-02T19:00:12.000Z</time>
   </trkpt>
   <trkpt lat="52.503733" lon="13.40751">
    <ele>38.2</ele>
    <time>2024-09-02T19:00:13.000Z</time>
   </trkpt>
   <trkpt lat="52.503769" lon="13.40753">
    <ele>38.2</ele>
    <time>2024-09-02T19:00:14.000Z</time>
   </trkpt>
   <trkpt lat="52.503806" lon="13.407551">
    <ele>38.2</ele>
    <time>2024-09-02T19:00:15.000Z</time>
   </trkpt>
   <trkpt lat="52.503842" lon="13.407573">
    <ele>38.2</ele>
    <time>2024-09-02T19:00:16.000Z</time>
   </trkpt>
   <trkpt lat="52.503878" lon="13.407596">
    <ele>38.1</ele>
    <time>2024-09-02T19:00:17.000Z</time>
   </trkpt>
   <trkpt lat="52.503914" lon="13.40762">
    <ele>38.1</ele>
    <time>2024-09-02T19:00:18.000Z</time>
   </trkpt>
   <trkpt lat="52.503949" lon="13.407646">
    <ele>38.1</ele>
    <time>2024-09-02T19:00:19.000Z</time>
   </trkpt>
   <trkpt lat="52.503985" lon="13.407672">
    <ele>38.1</ele>
    <time>2024-09-02T19:00:20.000Z</time>
   </trkpt>
   <trkpt lat="52.50402" lon="13.4077">
    <ele>38.1</ele>
    <time>2024-09-02T19:00:21.000Z</time>
   </trkpt>
   <trkpt lat="52.504053" lon="13.407727">
    <ele>38.2</ele>
    <time>2024-09-02T19:00:22.000Z</time>
   </trkpt>
   <trkpt lat="52.504085" lon="13.407755">
    <ele>38.2</ele>
    <time>2024-09-02T19:00:23.000Z</time>
   </trkpt>
   <trkpt lat="52.504115" lon="13.407783">
    <ele>38.2</ele>
    <time>2024-09-02T19:00:24.000Z</time>
   </trkpt>
   <trkpt lat="52.504143" lon="13.407811">
    <ele>38.3</ele>
    <time>2024-09-02T19:00:25.000Z</time>
   </trkpt>
   <trkpt lat="52.504171" lon="13.407841">
    <ele>38.3</ele>
    <time>2024-09-02T19:00:26.000Z</time>
   </trkpt>
   <trkpt lat="52.504197" lon="13.407873">
    <ele>38.4</ele>
    <time>2024-09-02T19:00:27.000Z</time>
   </trkpt>
   <trkpt lat="52.504221" lon="13.407908">
    <ele>38.5</ele>
    <time>2024-09-02T19:00:28.000Z</time>
   </trkpt>
   <trkpt lat="52.504242" lon="13.407945">
    <ele>38.6</ele>
    <time>2024-09-02T19:00:29.000Z</time>
   </trkpt>
   <trkpt lat="52.504258" lon="13.407987">
    <ele>38.7</ele>
    <time>2024-09-02T19:00:30.000Z</time>
   </trkpt>
   <trkpt lat="52.504266" lon="13.408033">
    <ele>38.8</ele>
    <time>2024-09-02T19:00:31.000Z</time>
   </trkpt>
   <trkpt lat="52.504267" lon="13.408086">
    <ele>38.9</ele>
    <time>2024-09-02T19:00:32.000Z</time>
   </trkpt>
   <trkpt lat="52.504262" lon="13.408141">
    <ele>38.8</ele>
    <time>2024-09-02T19:00:33.000Z</time>
   </trkpt>
   <trkpt lat="52.504254" lon="13.4082">
    <ele>38.8</ele>
    <time>2024-09-02T19:00:34.000Z</time>
   </trkpt>
   <trkpt lat="52.504242" lon="13.40826">
    <ele>38.8</ele>
    <time>2024-09-02T19:00:35.000Z</time>
   </trkpt>
   <trkpt lat="52.504228" lon="13.408321">
    <ele>38.8</ele>
    <time>2024-09-02T19:00:36.000Z</time>
   </trkpt>
   <trkpt lat="52.504213" lon="13.408384">
    <ele>38.8</ele>
    <time>2024-09-02T19:00:37.000Z</time>
   </trkpt>
   <trkpt lat="52.504197" lon="13.408448">
    <ele>38.8</ele>
    <time>2024-09-02T19:00:38.000Z</time>
   </trkpt>
   <trkpt lat="52.504182" lon="13.408512">
    <ele>38.8</ele>
    <time>2024-09-02T19:00:39.000Z</time>
   </trkpt>
   <trkpt lat="52.504166" lon="13.408574">
    <ele>38.8</ele>
    <time>2024-09-02T19:00:40.000Z</time>
   </trkpt>
   <trkpt lat="52.504151" lon="13.408634">
    <ele>38.8</ele>
    <time>2024-09-02T19:00:41.000Z</time>
   </trkpt>
   <trkpt lat="52.504135" lon="13.408694">
    <ele>38.8</ele>
    <time>2024-09-02T19:00:42.000Z</time>
   </trkpt>
   <trkpt lat="52.50412" lon="13.408754">
    <ele>38.8</ele>
    <time>2024-09-02T19:00:43.000Z</time>
   </trkpt>
   <trkpt lat="52.504105" lon="13.408815">
    <ele>38.8</ele>
    <time>2024-09-02T19:00:44.000Z</time>
   </trkpt>
   <trkpt lat="52.50409" lon="13.408875">
    <ele>38.8</ele>
    <time>2024-09-02T19:00:45.000Z</time>
   </trkpt>
   <trkpt lat="52.504074" lon="13.408935">
    <ele>38.8</ele>
    <time>2024-09-02T19:00:46.000Z</time>
   </trkpt>
   <trkpt lat="52.50406" lon="13.408993">
    <ele>38.8</ele>
    <time>2024-09-02T19:00:47.000Z</time>
   </trkpt>
   <trkpt lat="52.504045" lon="13.40905">
    <ele>38.8</ele>
    <time>2024-09-02T19:00:48.000Z</time>
   </trkpt>
   <trkpt lat="52.504031" lon="13.409107">
    <ele>38.8</ele>
    <time>2024-09-02T19:00:49.000Z</time>
   </trkpt>
   <trkpt lat="52.504016" lon="13.409164">
    <ele>38.8</ele>
    <time>2024-09-02T19:00:50.000Z</time>
   </trkpt>
   <trkpt lat="52.504001" lon="13.409222">
    <ele>38.8</ele>
    <time>2024-09-02T19:00:51.000Z</time>
   </trkpt>
   <trkpt lat="52.503986" lon="13.40928">
    <ele>38.8</ele>
    <time>2024-09-02T19:00:52.000Z</time>
   </trkpt>
   <trkpt lat="52.503971" lon="13.40934">
    <ele>38.8</ele>
    <time>2024-09-02T19:00:53.000Z</time>
   </trkpt>
   <trkpt lat="52.503955" lon="13.409401">
    <ele>38.8</ele>
    <time>2024-09-02T19:00:54.000Z</time>
   </trkpt>
   <trkpt lat="52.503939" lon="13.409462">
    <ele>38.8</ele>
    <time>2024-09-02T19:00:55.000Z</time>
   </trkpt>
   <trkpt lat="52.503922" lon="13.409523">
    <ele>38.8</ele>
    <time>2024-09-02T19:00:56.000Z</time>
   </trkpt>
   <trkpt lat="52.503906" lon="13.409583">
    <ele>38.8</ele>
    <time>2024-09-02T19:00:57.000Z</time>
   </trkpt>
   <trkpt lat="52.50389" lon="13.409642">
    <ele>38.7</ele>
    <time>2024-09-02T19:00:58.000Z</time>
   </trkpt>
   <trkpt lat="52.503874" lon="13.409699">
    <ele>38.7</ele>
    <time>2024-09-02T19:00:59.000Z</time>
   </trkpt>
   <trkpt lat="52.503858" lon="13.409755">
    <ele>38.7</ele>
    <time>2024-09-02T19:01:00.000Z</time>
   </trkpt>
   <trkpt lat="52.503843" lon="13.409811">
    <ele>38.7</ele>
    <time>2024-09-02T19:01:01.000Z</time>
   </trkpt>
   <trkpt lat="52.503827" lon="13.409866">
    <ele>38.6</ele>
    <time>2024-09-02T19:01:02.000Z</time>
   </trkpt>
   <trkpt lat="52.50381" lon="13.409922">
    <ele>38.6</ele>
    <time>2024-09-02T19:01:03.000Z</time>
   </trkpt>
   <trkpt lat="52.503793" lon="13.409977">
    <ele>38.6</ele>
    <time>2024-09-02T19:01:04.000Z</time>
   </trkpt>
   <trkpt lat="52.503775" lon="13.410032">
    <ele>38.6</ele>
    <time>2024-09-02T19:01:05.000Z</time>
   </trkpt>
   <trkpt lat="52.503756" lon="13.410086">
    <ele>38.6</ele>
    <time>2024-09-02T19:01:06.000Z</time>
   </trkpt>
   <trkpt lat="52.503735" lon="13.410139">
    <ele>38.5</ele>
    <time>2024-09-02T19:01:07.000Z</time>
   </trkpt>
   <trkpt lat="52.503713" lon="13.410191">
    <ele>38.3</ele>
    <time>2024-09-02T19:01:08.000Z</time>
   </trkpt>
   <trkpt lat="52.503688" lon="13.410239">
    <ele>38.2</ele>
    <time>2024-09-02T19:01:09.000Z</time>
   </trkpt>
   <trkpt lat="52.503659" lon="13.410283">
    <ele>38</ele>
    <time>2024-09-02T19:01:10.000Z</time>
   </trkpt>
   <trkpt lat="52.503627" lon="13.41032">
    <ele>38</ele>
    <time>2024-09-02T19:01:11.000Z</time>
   </trkpt>
   <trkpt lat="52.503594" lon="13.410355">
    <ele>38</ele>
    <time>2024-09-02T19:01:12.000Z</time>
   </trkpt>
   <trkpt lat="52.50356" lon="13.410388">
    <ele>38</ele>
    <time>2024-09-02T19:01:13.000Z</time>
   </trkpt>
   <trkpt lat="52.503527" lon="13.410422">
    <ele>37.9</ele>
    <time>2024-09-02T19:01:14.000Z</time>
   </trkpt>
   <trkpt lat="52.503496" lon="13.410459">
    <ele>37.9</ele>
    <time>2024-09-02T19:01:15.000Z</time>
   </trkpt>
   <trkpt lat="52.503469" lon="13.410501">
    <ele>37.9</ele>
    <time>2024-09-02T19:01:16.000Z</time>
   </trkpt>
   <trkpt lat="52.503446" lon="13.410548">
    <ele>37.9</ele>
    <time>2024-09-02T19:01:17.000Z</time>
   </trkpt>
   <trkpt lat="52.503426" lon="13.410598">
    <ele>37.9</ele>
    <time>2024-09-02T19:01:18.000Z</time>
   </trkpt>
   <trkpt lat="52.503414" lon="13.410652">
    <ele>38</ele>
    <time>2024-09-02T19:01:19.000Z</time>
   </trkpt>
   <trkpt lat="52.503412" lon="13.410709">
    <ele>38</ele>
    <time>2024-09-02T19:01:20.000Z</time>
   </trkpt>
   <trkpt lat="52.503417" lon="13.410765">
    <ele>38.1</ele>
    <time>2024-09-02T19:01:21.000Z</time>
   </trkpt>
   <trkpt lat="52.503425" lon="13.410819">
    <ele>38.1</ele>
    <time>2024-09-02T19:01:22.000Z</time>
   </trkpt>
   <trkpt lat="52.503435" lon="13.410873">
    <ele>38.1</ele>
    <time>2024-09-02T19:01:23.000Z</time>
   </trkpt>
   <trkpt lat="52.503446" lon="13.410926">
    <ele>38.2</ele>
    <time>2024-09-02T19:01:24.000Z</time>
   </trkpt>
   <trkpt lat="52.503455" lon="13.41098">
    <ele>38.2</ele>
    <time>2024-09-02T19:01:25.000Z</time>
   </trkpt>
   <trkpt lat="52.503463" lon="13.411037">
    <ele>38.3</ele>
    <time>2024-09-02T19:01:26.000Z</time>
   </trkpt>
   <trkpt lat="52.503468" lon="13.411097">
    <ele>38.3</ele>
    <time>2024-09-02T19:01:27.000Z</time>
   </trkpt>
   <trkpt lat="52.503469" lon="13.411158">
    <ele>38.5</ele>
    <time>2024-09-02T19:01:28.000Z</time>
   </trkpt>
   <trkpt lat="52.503465" lon="13.411216">
    <ele>38.6</ele>
    <time>2024-09-02T19:01:29.000Z</time>
   </trkpt>
   <trkpt lat="52.503458" lon="13.411272">
    <ele>38.7</ele>
    <time>2024-09-02T19:01:30.000Z</time>
   </trkpt>
   <trkpt lat="52.503447" lon="13.411328">
    <ele>38.7</ele>
    <time>2024-09-02T19:01:31.000Z</time>
   </trkpt>
   <trkpt lat="52.503435" lon="13.411384">
    <ele>38.8</ele>
    <time>2024-09-02T19:01:32.000Z</time>
   </trkpt>
   <trkpt lat="52.503421" lon="13.411443">
    <ele>38.9</ele>
    <time>2024-09-02T19:01:33.000Z</time>
   </trkpt>
   <trkpt lat="52.503405" lon="13.411505">
    <ele>38.9</ele>
    <time>2024-09-02T19:01:34.000Z</time>
   </trkpt>
   <trkpt lat="52.503389" lon="13.411568">
    <ele>39</ele>
    <time>2024-09-02T19:01:35.000Z</time>
   </trkpt>
   <trkpt lat="52.503376" lon="13.41163">
    <ele>39</ele>
    <time>2024-09-02T19:01:36.000Z</time>
   </trkpt>
   <trkpt lat="52.50333" lon="13.411864">
    <ele>39</ele>
    <time>2024-09-02T19:01:39.000Z</time>
   </trkpt>
   <trkpt lat="52.503322" lon="13.411899">
    <ele>39</ele>
    <time>2024-09-02T19:01:40.000Z</time>
   </trkpt>
   <trkpt lat="52.503307" lon="13.411969">
    <ele>39</ele>
    <time>2024-09-02T19:01:41.000Z</time>
   </trkpt>
   <trkpt lat="52.503291" lon="13.412041">
    <ele>39.1</ele>
    <time>2024-09-02T19:01:42.000Z</time>
   </trkpt>
   <trkpt lat="52.503274" lon="13.412114">
    <ele>39.1</ele>
    <time>2024-09-02T19:01:43.000Z</time>
   </trkpt>
   <trkpt lat="52.503256" lon="13.41219">
    <ele>39.1</ele>
    <time>2024-09-02T19:01:44.000Z</time>
   </trkpt>
   <trkpt lat="52.503237" lon="13.412267">
    <ele>39.1</ele>
    <time>2024-09-02T19:01:45.000Z</time>
   </trkpt>
   <trkpt lat="52.503216" lon="13.412344">
    <ele>39.1</ele>
    <time>2024-09-02T19:01:46.000Z</time>
   </trkpt>
   <trkpt lat="52.503194" lon="13.412421">
    <ele>39.1</ele>
    <time>2024-09-02T19:01:47.000Z</time>
   </trkpt>
   <trkpt lat="52.503172" lon="13.4125">
    <ele>39.1</ele>
    <time>2024-09-02T19:01:48.000Z</time>
   </trkpt>
   <trkpt lat="52.503151" lon="13.41258">
    <ele>39.1</ele>
    <time>2024-09-02T19:01:49.000Z</time>
   </trkpt>
   <trkpt lat="52.50313" lon="13.412659">
    <ele>39.1</ele>
    <time>2024-09-02T19:01:50.000Z</time>
   </trkpt>
   <trkpt lat="52.503108" lon="13.412738">
    <ele>39.1</ele>
    <time>2024-09-02T19:01:51.000Z</time>
   </trkpt>
   <trkpt lat="52.503078" lon="13.412858">
    <ele>39.1</ele>
    <time>2024-09-02T19:01:52.000Z</time>
   </trkpt>
   <trkpt lat="52.503068" lon="13.412898">
    <ele>39.1</ele>
    <time>2024-09-02T19:01:53.000Z</time>
   </trkpt>
   <trkpt lat="52.503048" lon="13.412978">
    <ele>39.1</ele>
    <time>2024-09-02T19:01:54.000Z</time>
   </trkpt>
   <trkpt lat="52.503028" lon="13.413058">
    <ele>39.1</ele>
    <time>2024-09-02T19:01:55.000Z</time>
   </trkpt>
   <trkpt lat="52.503007" lon="13.413138">
    <ele>39.1</ele>
    <time>2024-09-02T19:01:56.000Z</time>
   </trkpt>
   <trkpt lat="52.502987" lon="13.413217">
    <ele>39.1</ele>
    <time>2024-09-02T19:01:57.000Z</time>
   </trkpt>
   <trkpt lat="52.502966" lon="13.413293">
    <ele>39.1</ele>
    <time>2024-09-02T19:01:58.000Z</time>
   </trkpt>
   <trkpt lat="52.502946" lon="13.413367">
    <ele>39.1</ele>
    <time>2024-09-02T19:01:59.000Z</time>
   </trkpt>
   <trkpt lat="52.502926" lon="13.413438">
    <ele>39.2</ele>
    <time>2024-09-02T19:02:00.000Z</time>
   </trkpt>
   <trkpt lat="52.502905" lon="13.413508">
    <ele>39.2</ele>
    <time>2024-09-02T19:02:01.000Z</time>
   </trkpt>
   <trkpt lat="52.502885" lon="13.413576">
    <ele>39.2</ele>
    <time>2024-09-02T19:02:02.000Z</time>
   </trkpt>
   <trkpt lat="52.502864" lon="13.413642">
    <ele>39.2</ele>
    <time>2024-09-02T19:02:03.000Z</time>
   </trkpt>
   <trkpt lat="52.502844" lon="13.41371">
    <ele>39.2</ele>
    <time>2024-09-02T19:02:04.000Z</time>
   </trkpt>
   <trkpt lat="52.502824" lon="13.413777">
    <ele>39.2</ele>
    <time>2024-09-02T19:02:05.000Z</time>
   </trkpt>
   <trkpt lat="52.502804" lon="13.413845">
    <ele>39.2</ele>
    <time>2024-09-02T19:02:06.000Z</time>
   </trkpt>
   <trkpt lat="52.502774" lon="13.413947">
    <ele>39.3</ele>
    <time>2024-09-02T19:02:08.000Z</time>
   </trkpt>
   <trkpt lat="52.502745" lon="13.41405">
    <ele>39.3</ele>
    <time>2024-09-02T19:02:09.000Z</time>
   </trkpt>
   <trkpt lat="52.502725" lon="13.414118">
    <ele>39.3</ele>
    <time>2024-09-02T19:02:10.000Z</time>
   </trkpt>
   <trkpt lat="52.502705" lon="13.414186">
    <ele>39.3</ele>
    <time>2024-09-02T19:02:11.000Z</time>
   </trkpt>
   <trkpt lat="52.502686" lon="13.414254">
    <ele>39.3</ele>
    <time>2024-09-02T19:02:12.000Z</time>
   </trkpt>
   <trkpt lat="52.502667" lon="13.414322">
    <ele>39.3</ele>
    <time>2024-09-02T19:02:13.000Z</time>
   </trkpt>
   <trkpt lat="52.502647" lon="13.41439">
    <ele>39.3</ele>
    <time>2024-09-02T19:02:14.000Z</time>
   </trkpt>
   <trkpt lat="52.502627" lon="13.414458">
    <ele>39.3</ele>
    <time>2024-09-02T19:02:15.000Z</time>
   </trkpt>
   <trkpt lat="52.502608" lon="13.414526">
    <ele>39.4</ele>
    <time>2024-09-02T19:02:16.000Z</time>
   </trkpt>
   <trkpt lat="52.502589" lon="13.414594">
    <ele>39.4</ele>
    <time>2024-09-02T19:02:17.000Z</time>
   </trkpt>
   <trkpt lat="52.502568" lon="13.414663">
    <ele>39.4</ele>
    <time>2024-09-02T19:02:18.000Z</time>
   </trkpt>
   <trkpt lat="52.502546" lon="13.41473">
    <ele>39.4</ele>
    <time>2024-09-02T19:02:19.000Z</time>
   </trkpt>
   <trkpt lat="52.50252" lon="13.414796">
    <ele>39.4</ele>
    <time>2024-09-02T19:02:20.000Z</time>
   </trkpt>
   <trkpt lat="52.502492" lon="13.41486">
    <ele>39.4</ele>
    <time>2024-09-02T19:02:21.000Z</time>
   </trkpt>
   <trkpt lat="52.502446" lon="13.414954">
    <ele>39.4</ele>
    <time>2024-09-02T19:02:22.000Z</time>
   </trkpt>
   <trkpt lat="52.50243" lon="13.414986">
    <ele>39.4</ele>
    <time>2024-09-02T19:02:23.000Z</time>
   </trkpt>
   <trkpt lat="52.502398" lon="13.415048">
    <ele>39.4</ele>
    <time>2024-09-02T19:02:24.000Z</time>
   </trkpt>
   <trkpt lat="52.502366" lon="13.415112">
    <ele>39.4</ele>
    <time>2024-09-02T19:02:25.000Z</time>
   </trkpt>
   <trkpt lat="52.502335" lon="13.415178">
    <ele>39.3</ele>
    <time>2024-09-02T19:02:26.000Z</time>
   </trkpt>
   <trkpt lat="52.502304" lon="13.415246">
    <ele>39.3</ele>
    <time>2024-09-02T19:02:27.000Z</time>
   </trkpt>
   <trkpt lat="52.502274" lon="13.415317">
    <ele>39.3</ele>
    <time>2024-09-02T19:02:28.000Z</time>
   </trkpt>
   <trkpt lat="52.502246" lon="13.415391">
    <ele>39.2</ele>
    <time>2024-09-02T19:02:29.000Z</time>
   </trkpt>
   <trkpt lat="52.502217" lon="13.415465">
    <ele>39.2</ele>
    <time>2024-09-02T19:02:30.000Z</time>
   </trkpt>
   <trkpt lat="52.502191" lon="13.41554">
    <ele>39.1</ele>
    <time>2024-09-02T19:02:31.000Z</time>
   </trkpt>
   <trkpt lat="52.502166" lon="13.415615">
    <ele>39.1</ele>
    <time>2024-09-02T19:02:32.000Z</time>
   </trkpt>
   <trkpt lat="52.502143" lon="13.415691">
    <ele>39.1</ele>
    <time>2024-09-02T19:02:33.000Z</time>
   </trkpt>
   <trkpt lat="52.502121" lon="13.415767">
    <ele>39.1</ele>
    <time>2024-09-02T19:02:34.000Z</time>
   </trkpt>
   <trkpt lat="52.5021" lon="13.415841">
    <ele>39.1</ele>
    <time>2024-09-02T19:02:35.000Z</time>
   </trkpt>
   <trkpt lat="52.502081" lon="13.41591">
    <ele>39.2</ele>
    <time>2024-09-02T19:02:36.000Z</time>
   </trkpt>
   <trkpt lat="52.502061" lon="13.415996">
    <ele>39.2</ele>
    <time>2024-09-02T19:02:38.000Z</time>
   </trkpt>
   <trkpt lat="52.502041" lon="13.416082">
    <ele>39.2</ele>
    <time>2024-09-02T19:02:39.000Z</time>
   </trkpt>
   <trkpt lat="52.502032" lon="13.416131">
    <ele>39.2</ele>
    <time>2024-09-02T19:02:40.000Z</time>
   </trkpt>
   <trkpt lat="52.502024" lon="13.416179">
    <ele>39.2</ele>
    <time>2024-09-02T19:02:41.000Z</time>
   </trkpt>
   <trkpt lat="52.502018" lon="13.416226">
    <ele>39.3</ele>
    <time>2024-09-02T19:02:42.000Z</time>
   </trkpt>
   <trkpt lat="52.502012" lon="13.41627">
    <ele>39.3</ele>
    <time>2024-09-02T19:02:43.000Z</time>
   </trkpt>
   <trkpt lat="52.502008" lon="13.416312">
    <ele>39.3</ele>
    <time>2024-09-02T19:02:44.000Z</time>
   </trkpt>
   <trkpt lat="52.502009" lon="13.416345">
    <ele>39.3</ele>
    <time>2024-09-02T19:02:45.000Z</time>
   </trkpt>
   <trkpt lat="52.502014" lon="13.416363">
    <ele>39.3</ele>
    <time>2024-09-02T19:02:46.000Z</time>
   </trkpt>
   <trkpt lat="52.502015" lon="13.416368">
    <ele>39.3</ele>
    <time>2024-09-02T19:02:47.000Z</time>
   </trkpt>
   <trkpt lat="52.502015" lon="13.416368">
    <ele>39.3</ele>
    <time>2024-09-02T19:02:48.000Z</time>
   </trkpt>
   <trkpt lat="52.50201" lon="13.416396">
    <ele>39.3</ele>
    <time>2024-09-02T19:02:58.000Z</time>
   </trkpt>
   <trkpt lat="52.502008" lon="13.416419">
    <ele>39.3</ele>
    <time>2024-09-02T19:02:59.000Z</time>
   </trkpt>
   <trkpt lat="52.502005" lon="13.416447">
    <ele>39.3</ele>
    <time>2024-09-02T19:03:00.000Z</time>
   </trkpt>
   <trkpt lat="52.502002" lon="13.416482">
    <ele>39.3</ele>
    <time>2024-09-02T19:03:01.000Z</time>
   </trkpt>
   <trkpt lat="52.501999" lon="13.416523">
    <ele>39.3</ele>
    <time>2024-09-02T19:03:02.000Z</time>
   </trkpt>
   <trkpt lat="52.501994" lon="13.41657">
    <ele>39.3</ele>
    <time>2024-09-02T19:03:03.000Z</time>
   </trkpt>
   <trkpt lat="52.501989" lon="13.416622">
    <ele>39.3</ele>
    <time>2024-09-02T19:03:04.000Z</time>
   </trkpt>
   <trkpt lat="52.501983" lon="13.416679">
    <ele>39.3</ele>
    <time>2024-09-02T19:03:05.000Z</time>
   </trkpt>
   <trkpt lat="52.501975" lon="13.416737">
    <ele>39.3</ele>
    <time>2024-09-02T19:03:06.000Z</time>
   </trkpt>
   <trkpt lat="52.501965" lon="13.416798">
    <ele>39.3</ele>
    <time>2024-09-02T19:03:07.000Z</time>
   </trkpt>
   <trkpt lat="52.501952" lon="13.41686">
    <ele>39.2</ele>
    <time>2024-09-02T19:03:08.000Z</time>
   </trkpt>
   <trkpt lat="52.501938" lon="13.416924">
    <ele>39.2</ele>
    <time>2024-09-02T19:03:09.000Z</time>
   </trkpt>
   <trkpt lat="52.501924" lon="13.416989">
    <ele>39.2</ele>
    <time>2024-09-02T19:03:10.000Z</time>
   </trkpt>
   <trkpt lat="52.501909" lon="13.417055">
    <ele>39.2</ele>
    <time>2024-09-02T19:03:11.000Z</time>
   </trkpt>
   <trkpt lat="52.501894" lon="13.417122">
    <ele>39.2</ele>
    <time>2024-09-02T19:03:12.000Z</time>
   </trkpt>
   <trkpt lat="52.501879" lon="13.41719">
    <ele>39.2</ele>
    <time>2024-09-02T19:03:13.000Z</time>
   </trkpt>
   <trkpt lat="52.501864" lon="13.417259">
    <ele>39.2</ele>
    <time>2024-09-02T19:03:14.000Z</time>
   </trkpt>
   <trkpt lat="52.501849" lon="13.417329">
    <ele>39.2</ele>
    <time>2024-09-02T19:03:15.000Z</time>
   </trkpt>
   <trkpt lat="52.501832" lon="13.417399">
    <ele>39.2</ele>
    <time>2024-09-02T19:03:16.000Z</time>
   </trkpt>
   <trkpt lat="52.501816" lon="13.41747">
    <ele>39.2</ele>
    <time>2024-09-02T19:03:17.000Z</time>
   </trkpt>
   <trkpt lat="52.501781" lon="13.417612">
    <ele>39.2</ele>
    <time>2024-09-02T19:03:18.000Z</time>
   </trkpt>
   <trkpt lat="52.501762" lon="13.417684">
    <ele>39.2</ele>
    <time>2024-09-02T19:03:19.000Z</time>
   </trkpt>
   <trkpt lat="52.501744" lon="13.417754">
    <ele>39.2</ele>
    <time>2024-09-02T19:03:20.000Z</time>
   </trkpt>
   <trkpt lat="52.501724" lon="13.417827">
    <ele>39.2</ele>
    <time>2024-09-02T19:03:21.000Z</time>
   </trkpt>
   <trkpt lat="52.501705" lon="13.417897">
    <ele>39.2</ele>
    <time>2024-09-02T19:03:22.000Z</time>
   </trkpt>
   <trkpt lat="52.501687" lon="13.417967">
    <ele>39.2</ele>
    <time>2024-09-02T19:03:23.000Z</time>
   </trkpt>
   <trkpt lat="52.501668" lon="13.418037">
    <ele>39.2</ele>
    <time>2024-09-02T19:03:24.000Z</time>
   </trkpt>
   <trkpt lat="52.501649" lon="13.418107">
    <ele>39.2</ele>
    <time>2024-09-02T19:03:25.000Z</time>
   </trkpt>
   <trkpt lat="52.50163" lon="13.418177">
    <ele>39.2</ele>
    <time>2024-09-02T19:03:26.000Z</time>
   </trkpt>
   <trkpt lat="52.501611" lon="13.418247">
    <ele>39.2</ele>
    <time>2024-09-02T19:03:27.000Z</time>
   </trkpt>
   <trkpt lat="52.501592" lon="13.418317">
    <ele>39.2</ele>
    <time>2024-09-02T19:03:28.000Z</time>
   </trkpt>
   <trkpt lat="52.501573" lon="13.418386">
    <ele>39.2</ele>
    <time>2024-09-02T19:03:29.000Z</time>
   </trkpt>
   <trkpt lat="52.501553" lon="13.418455">
    <ele>39.2</ele>
    <time>2024-09-02T19:03:30.000Z</time>
   </trkpt>
   <trkpt lat="52.501534" lon="13.418523">
    <ele>39.2</ele>
    <time>2024-09-02T19:03:31.000Z</time>
   </trkpt>
   <trkpt lat="52.501516" lon="13.41859">
    <ele>39.2</ele>
    <time>2024-09-02T19:03:32.000Z</time>
   </trkpt>
   <trkpt lat="52.501497" lon="13.418657">
    <ele>39.2</ele>
    <time>2024-09-02T19:03:33.000Z</time>
   </trkpt>
   <trkpt lat="52.501478" lon="13.418722">
    <ele>39.2</ele>
    <time>2024-09-02T19:03:34.000Z</time>
   </trkpt>
   <trkpt lat="52.501461" lon="13.418785">
    <ele>39.2</ele>
    <time>2024-09-02T19:03:35.000Z</time>
   </trkpt>
   <trkpt lat="52.50144" lon="13.418858">
    <ele>39.2</ele>
    <time>2024-09-02T19:03:37.000Z</time>
   </trkpt>
   <trkpt lat="52.50142" lon="13.418931">
    <ele>39.2</ele>
    <time>2024-09-02T19:03:38.000Z</time>
   </trkpt>
   <trkpt lat="52.501411" lon="13.418964">
    <ele>39.2</ele>
    <time>2024-09-02T19:03:39.000Z</time>
   </trkpt>
   <trkpt lat="52.501403" lon="13.418992">
    <ele>39.2</ele>
    <time>2024-09-02T19:03:40.000Z</time>
   </trkpt>
   <trkpt lat="52.501397" lon="13.419014">
    <ele>39.2</ele>
    <time>2024-09-02T19:03:41.000Z</time>
   </trkpt>
   <trkpt lat="52.501392" lon="13.41903">
    <ele>39.2</ele>
    <time>2024-09-02T19:03:42.000Z</time>
   </trkpt>
   <trkpt lat="52.501389" lon="13.419042">
    <ele>39.2</ele>
    <time>2024-09-02T19:03:43.000Z</time>
   </trkpt>
   <trkpt lat="52.501387" lon="13.419049">
    <ele>39.2</ele>
    <time>2024-09-02T19:03:44.000Z</time>
   </trkpt>
   <trkpt lat="52.501336" lon="13.419227">
    <ele>39.2</ele>
    <time>2024-09-02T19:04:02.000Z</time>
   </trkpt>
   <trkpt lat="52.501326" lon="13.419267">
    <ele>39.2</ele>
    <time>2024-09-02T19:04:03.000Z</time>
   </trkpt>
   <trkpt lat="52.501314" lon="13.419312">
    <ele>39.2</ele>
    <time>2024-09-02T19:04:04.000Z</time>
   </trkpt>
   <trkpt lat="52.501301" lon="13.419359">
    <ele>39.2</ele>
    <time>2024-09-02T19:04:05.000Z</time>
   </trkpt>
   <trkpt lat="52.501287" lon="13.419409">
    <ele>39.2</ele>
    <time>2024-09-02T19:04:06.000Z</time>
   </trkpt>
   <trkpt lat="52.501287" lon="13.419409">
    <ele>39.2</ele>
    <time>2024-09-02T19:04:07.000Z</time>
   </trkpt>
   <trkpt lat="52.501241" lon="13.419581">
    <ele>39.2</ele>
    <time>2024-09-02T19:04:09.000Z</time>
   </trkpt>
   <trkpt lat="52.501224" lon="13.419646">
    <ele>39.2</ele>
    <time>2024-09-02T19:04:10.000Z</time>
   </trkpt>
   <trkpt lat="52.501207" lon="13.419712">
    <ele>39.2</ele>
    <time>2024-09-02T19:04:11.000Z</time>
   </trkpt>
   <trkpt lat="52.501189" lon="13.419779">
    <ele>39.2</ele>
    <time>2024-09-02T19:04:12.000Z</time>
   </trkpt>
   <trkpt lat="52.501172" lon="13.419846">
    <ele>39.2</ele>
    <time>2024-09-02T19:04:13.000Z</time>
   </trkpt>
   <trkpt lat="52.501137" lon="13.419984">
    <ele>39.2</ele>
    <time>2024-09-02T19:04:14.000Z</time>
   </trkpt>
   <trkpt lat="52.501128" lon="13.420019">
    <ele>39.2</ele>
    <time>2024-09-02T19:04:15.000Z</time>
   </trkpt>
   <trkpt lat="52.501119" lon="13.420054">
    <ele>39.2</ele>
    <time>2024-09-02T19:04:16.000Z</time>
   </trkpt>
   <trkpt lat="52.501101" lon="13.420125">
    <ele>39.2</ele>
    <time>2024-09-02T19:04:17.000Z</time>
   </trkpt>
   <trkpt lat="52.501082" lon="13.420197">
    <ele>39.2</ele>
    <time>2024-09-02T19:04:18.000Z</time>
   </trkpt>
   <trkpt lat="52.501064" lon="13.42027">
    <ele>39.2</ele>
    <time>2024-09-02T19:04:19.000Z</time>
   </trkpt>
   <trkpt lat="52.501045" lon="13.420344">
    <ele>39.2</ele>
    <time>2024-09-02T19:04:20.000Z</time>
   </trkpt>
   <trkpt lat="52.501027" lon="13.420419">
    <ele>39.2</ele>
    <time>2024-09-02T19:04:21.000Z</time>
   </trkpt>
   <trkpt lat="52.500999" lon="13.420531">
    <ele>39.2</ele>
    <time>2024-09-02T19:04:22.000Z</time>
   </trkpt>
   <trkpt lat="52.500989" lon="13.420568">
    <ele>39.2</ele>
    <time>2024-09-02T19:04:23.000Z</time>
   </trkpt>
   <trkpt lat="52.500971" lon="13.420642">
    <ele>39.2</ele>
    <time>2024-09-02T19:04:24.000Z</time>
   </trkpt>
   <trkpt lat="52.500952" lon="13.420716">
    <ele>39.2</ele>
    <time>2024-09-02T19:04:25.000Z</time>
   </trkpt>
   <trkpt lat="52.500933" lon="13.42079">
    <ele>39.2</ele>
    <time>2024-09-02T19:04:26.000Z</time>
   </trkpt>
   <trkpt lat="52.500915" lon="13.420863">
    <ele>39.2</ele>
    <time>2024-09-02T19:04:27.000Z</time>
   </trkpt>
   <trkpt lat="52.500896" lon="13.420936">
    <ele>39.2</ele>
    <time>2024-09-02T19:04:28.000Z</time>
   </trkpt>
   <trkpt lat="52.500877" lon="13.421008">
    <ele>39.2</ele>
    <time>2024-09-02T19:04:29.000Z</time>
   </trkpt>
   <trkpt lat="52.500859" lon="13.42108">
    <ele>39.2</ele>
    <time>2024-09-02T19:04:30.000Z</time>
   </trkpt>
   <trkpt lat="52.50084" lon="13.421152">
    <ele>39.2</ele>
    <time>2024-09-02T19:04:31.000Z</time>
   </trkpt>
   <trkpt lat="52.500821" lon="13.421223">
    <ele>39.2</ele>
    <time>2024-09-02T19:04:32.000Z</time>
   </trkpt>
   <trkpt lat="52.500803" lon="13.421293">
    <ele>39.2</ele>
    <time>2024-09-02T19:04:33.000Z</time>
   </trkpt>
   <trkpt lat="52.500784" lon="13.421363">
    <ele>39.2</ele>
    <time>2024-09-02T19:04:34.000Z</time>
   </trkpt>
   <trkpt lat="52.500766" lon="13.421433">
    <ele>39.2</ele>
    <time>2024-09-02T19:04:35.000Z</time>
   </trkpt>
   <trkpt lat="52.500748" lon="13.421502">
    <ele>39.2</ele>
    <time>2024-09-02T19:04:36.000Z</time>
   </trkpt>
   <trkpt lat="52.50073" lon="13.421571">
    <ele>39.2</ele>
    <time>2024-09-02T19:04:37.000Z</time>
   </trkpt>
   <trkpt lat="52.500712" lon="13.421638">
    <ele>39.2</ele>
    <time>2024-09-02T19:04:38.000Z</time>
   </trkpt>
   <trkpt lat="52.500694" lon="13.421706">
    <ele>39.2</ele>
    <time>2024-09-02T19:04:39.000Z</time>
   </trkpt>
   <trkpt lat="52.500676" lon="13.421772">
    <ele>39.3</ele>
    <time>2024-09-02T19:04:40.000Z</time>
   </trkpt>
   <trkpt lat="52.500659" lon="13.421837">
    <ele>39.3</ele>
    <time>2024-09-02T19:04:41.000Z</time>
   </trkpt>
   <trkpt lat="52.500642" lon="13.421902">
    <ele>39.3</ele>
    <time>2024-09-02T19:04:42.000Z</time>
   </trkpt>
   <trkpt lat="52.500625" lon="13.421964">
    <ele>39.3</ele>
    <time>2024-09-02T19:04:43.000Z</time>
   </trkpt>
   <trkpt lat="52.500609" lon="13.422025">
    <ele>39.3</ele>
    <time>2024-09-02T19:04:44.000Z</time>
   </trkpt>
   <trkpt lat="52.500593" lon="13.422085">
    <ele>39.3</ele>
    <time>2024-09-02T19:04:45.000Z</time>
   </trkpt>
   <trkpt lat="52.500577" lon="13.422142">
    <ele>39.3</ele>
    <time>2024-09-02T19:04:46.000Z</time>
   </trkpt>
   <trkpt lat="52.500562" lon="13.422199">
    <ele>39.3</ele>
    <time>2024-09-02T19:04:47.000Z</time>
   </trkpt>
   <trkpt lat="52.500547" lon="13.422254">
    <ele>39.3</ele>
    <time>2024-09-02T19:04:48.000Z</time>
   </trkpt>
   <trkpt lat="52.500532" lon="13.422306">
    <ele>39.3</ele>
    <time>2024-09-02T19:04:49.000Z</time>
   </trkpt>
   <trkpt lat="52.500519" lon="13.422354">
    <ele>39.3</ele>
    <time>2024-09-02T19:04:50.000Z</time>
   </trkpt>
   <trkpt lat="52.500506" lon="13.422398">
    <ele>39.3</ele>
    <time>2024-09-02T19:04:51.000Z</time>
   </trkpt>
   <trkpt lat="52.500494" lon="13.422439">
    <ele>39.4</ele>
    <time>2024-09-02T19:04:52.000Z</time>
   </trkpt>
   <trkpt lat="52.500483" lon="13.422476">
    <ele>39.4</ele>
    <time>2024-09-02T19:04:53.000Z</time>
   </trkpt>
   <trkpt lat="52.500472" lon="13.42251">
    <ele>39.4</ele>
    <time>2024-09-02T19:04:54.000Z</time>
   </trkpt>
   <trkpt lat="52.500462" lon="13.422542">
    <ele>39.4</ele>
    <time>2024-09-02T19:04:55.000Z</time>
   </trkpt>
   <trkpt lat="52.500453" lon="13.422572">
    <ele>39.4</ele>
    <time>2024-09-02T19:04:56.000Z</time>
   </trkpt>
   <trkpt lat="52.500444" lon="13.4226">
    <ele>39.4</ele>
    <time>2024-09-02T19:04:57.000Z</time>
   </trkpt>
   <trkpt lat="52.500436" lon="13.422627">
    <ele>39.4</ele>
    <time>2024-09-02T19:04:58.000Z</time>
   </trkpt>
   <trkpt lat="52.500429" lon="13.422653">
    <ele>39.4</ele>
    <time>2024-09-02T19:04:59.000Z</time>
   </trkpt>
   <trkpt lat="52.500424" lon="13.422676">
    <ele>39.4</ele>
    <time>2024-09-02T19:05:00.000Z</time>
   </trkpt>
   <trkpt lat="52.500422" lon="13.422697">
    <ele>39.4</ele>
    <time>2024-09-02T19:05:01.000Z</time>
   </trkpt>
   <trkpt lat="52.500422" lon="13.422717">
    <ele>39.4</ele>
    <time>2024-09-02T19:05:02.000Z</time>
   </trkpt>
   <trkpt lat="52.500422" lon="13.422736">
    <ele>39.4</ele>
    <time>2024-09-02T19:05:03.000Z</time>
   </trkpt>
   <trkpt lat="52.500422" lon="13.422756">
    <ele>39.4</ele>
    <time>2024-09-02T19:05:04.000Z</time>
   </trkpt>
   <trkpt lat="52.500421" lon="13.422776">
    <ele>39.4</ele>
    <time>2024-09-02T19:05:05.000Z</time>
   </trkpt>
   <trkpt lat="52.500418" lon="13.422796">
    <ele>39.4</ele>
    <time>2024-09-02T19:05:06.000Z</time>
   </trkpt>
   <trkpt lat="52.500414" lon="13.422816">
    <ele>39.4</ele>
    <time>2024-09-02T19:05:07.000Z</time>
   </trkpt>
   <trkpt lat="52.500408" lon="13.422837">
    <ele>39.4</ele>
    <time>2024-09-02T19:05:08.000Z</time>
   </trkpt>
   <trkpt lat="52.500401" lon="13.422859">
    <ele>39.4</ele>
    <time>2024-09-02T19:05:09.000Z</time>
   </trkpt>
   <trkpt lat="52.500394" lon="13.422879">
    <ele>39.4</ele>
    <time>2024-09-02T19:05:10.000Z</time>
   </trkpt>
   <trkpt lat="52.500386" lon="13.4229">
    <ele>39.4</ele>
    <time>2024-09-02T19:05:11.000Z</time>
   </trkpt>
   <trkpt lat="52.500377" lon="13.422924">
    <ele>39.4</ele>
    <time>2024-09-02T19:05:12.000Z</time>
   </trkpt>
   <trkpt lat="52.500366" lon="13.422954">
    <ele>39.4</ele>
    <time>2024-09-02T19:05:13.000Z</time>
   </trkpt>
   <trkpt lat="52.500352" lon="13.422992">
    <ele>39.4</ele>
    <time>2024-09-02T19:05:14.000Z</time>
   </trkpt>
   <trkpt lat="52.500337" lon="13.423038">
    <ele>39.4</ele>
    <time>2024-09-02T19:05:15.000Z</time>
   </trkpt>
   <trkpt lat="52.500319" lon="13.42309">
    <ele>39.4</ele>
    <time>2024-09-02T19:05:16.000Z</time>
   </trkpt>
   <trkpt lat="52.500301" lon="13.423147">
    <ele>39.3</ele>
    <time>2024-09-02T19:05:17.000Z</time>
   </trkpt>
   <trkpt lat="52.500281" lon="13.423206">
    <ele>39.4</ele>
    <time>2024-09-02T19:05:18.000Z</time>
   </trkpt>
   <trkpt lat="52.500262" lon="13.423265">
    <ele>39.4</ele>
    <time>2024-09-02T19:05:19.000Z</time>
   </trkpt>
   <trkpt lat="52.500243" lon="13.423324">
    <ele>39.4</ele>
    <time>2024-09-02T19:05:20.000Z</time>
   </trkpt>
   <trkpt lat="52.500222" lon="13.423385">
    <ele>39.4</ele>
    <time>2024-09-02T19:05:21.000Z</time>
   </trkpt>
   <trkpt lat="52.500201" lon="13.423447">
    <ele>39.4</ele>
    <time>2024-09-02T19:05:22.000Z</time>
   </trkpt>
   <trkpt lat="52.500179" lon="13.423509">
    <ele>39.4</ele>
    <time>2024-09-02T19:05:23.000Z</time>
   </trkpt>
   <trkpt lat="52.500157" lon="13.423571">
    <ele>39.4</ele>
    <time>2024-09-02T19:05:24.000Z</time>
   </trkpt>
   <trkpt lat="52.500139" lon="13.423634">
    <ele>39.4</ele>
    <time>2024-09-02T19:05:25.000Z</time>
   </trkpt>
   <trkpt lat="52.500122" lon="13.423697">
    <ele>39.4</ele>
    <time>2024-09-02T19:05:26.000Z</time>
   </trkpt>
   <trkpt lat="52.500105" lon="13.423762">
    <ele>39.3</ele>
    <time>2024-09-02T19:05:27.000Z</time>
   </trkpt>
   <trkpt lat="52.500087" lon="13.423831">
    <ele>39.3</ele>
    <time>2024-09-02T19:05:28.000Z</time>
   </trkpt>
   <trkpt lat="52.500068" lon="13.423902">
    <ele>39.3</ele>
    <time>2024-09-02T19:05:29.000Z</time>
   </trkpt>
   <trkpt lat="52.500048" lon="13.423974">
    <ele>39.3</ele>
    <time>2024-09-02T19:05:30.000Z</time>
   </trkpt>
   <trkpt lat="52.500029" lon="13.424046">
    <ele>39.3</ele>
    <time>2024-09-02T19:05:31.000Z</time>
   </trkpt>
   <trkpt lat="52.500011" lon="13.424116">
    <ele>39.3</ele>
    <time>2024-09-02T19:05:32.000Z</time>
   </trkpt>
   <trkpt lat="52.499993" lon="13.424187">
    <ele>39.3</ele>
    <time>2024-09-02T19:05:33.000Z</time>
   </trkpt>
   <trkpt lat="52.499976" lon="13.424258">
    <ele>39.3</ele>
    <time>2024-09-02T19:05:34.000Z</time>
   </trkpt>
   <trkpt lat="52.499959" lon="13.424331">
    <ele>39.4</ele>
    <time>2024-09-02T19:05:35.000Z</time>
   </trkpt>
   <trkpt lat="52.49994" lon="13.424403">
    <ele>39.4</ele>
    <time>2024-09-02T19:05:36.000Z</time>
   </trkpt>
   <trkpt lat="52.499869" lon="13.424657">
    <ele>39.4</ele>
    <time>2024-09-02T19:05:39.000Z</time>
   </trkpt>
   <trkpt lat="52.499859" lon="13.424693">
    <ele>39.4</ele>
    <time>2024-09-02T19:05:40.000Z</time>
   </trkpt>
   <trkpt lat="52.499837" lon="13.424764">
    <ele>39.4</ele>
    <time>2024-09-02T19:05:41.000Z</time>
   </trkpt>
   <trkpt lat="52.499816" lon="13.424835">
    <ele>39.4</ele>
    <time>2024-09-02T19:05:42.000Z</time>
   </trkpt>
   <trkpt lat="52.499796" lon="13.424905">
    <ele>39.4</ele>
    <time>2024-09-02T19:05:43.000Z</time>
   </trkpt>
   <trkpt lat="52.499775" lon="13.424972">
    <ele>39.4</ele>
    <time>2024-09-02T19:05:44.000Z</time>
   </trkpt>
   <trkpt lat="52.499754" lon="13.425039">
    <ele>39.4</ele>
    <time>2024-09-02T19:05:45.000Z</time>
   </trkpt>
   <trkpt lat="52.499735" lon="13.425105">
    <ele>39.4</ele>
    <time>2024-09-02T19:05:46.000Z</time>
   </trkpt>
   <trkpt lat="52.499717" lon="13.425169">
    <ele>39.4</ele>
    <time>2024-09-02T19:05:47.000Z</time>
   </trkpt>
   <trkpt lat="52.4997" lon="13.425231">
    <ele>39.4</ele>
    <time>2024-09-02T19:05:48.000Z</time>
   </trkpt>
   <trkpt lat="52.499683" lon="13.425293">
    <ele>39.4</ele>
    <time>2024-09-02T19:05:49.000Z</time>
   </trkpt>
   <trkpt lat="52.499665" lon="13.425354">
    <ele>39.4</ele>
    <time>2024-09-02T19:05:50.000Z</time>
   </trkpt>
   <trkpt lat="52.499648" lon="13.425413">
    <ele>39.4</ele>
    <time>2024-09-02T19:05:51.000Z</time>
   </trkpt>
   <trkpt lat="52.499622" lon="13.425501">
    <ele>39.4</ele>
    <time>2024-09-02T19:05:52.000Z</time>
   </trkpt>
   <trkpt lat="52.499613" lon="13.425529">
    <ele>39.4</ele>
    <time>2024-09-02T19:05:53.000Z</time>
   </trkpt>
   <trkpt lat="52.499595" lon="13.425585">
    <ele>39.4</ele>
    <time>2024-09-02T19:05:54.000Z</time>
   </trkpt>
   <trkpt lat="52.499578" lon="13.425639">
    <ele>39.4</ele>
    <time>2024-09-02T19:05:55.000Z</time>
   </trkpt>
   <trkpt lat="52.499561" lon="13.425691">
    <ele>39.4</ele>
    <time>2024-09-02T19:05:56.000Z</time>
   </trkpt>
   <trkpt lat="52.499545" lon="13.425741">
    <ele>39.4</ele>
    <time>2024-09-02T19:05:57.000Z</time>
   </trkpt>
   <trkpt lat="52.499529" lon="13.42579">
    <ele>39.4</ele>
    <time>2024-09-02T19:05:58.000Z</time>
   </trkpt>
   <trkpt lat="52.499513" lon="13.425836">
    <ele>39.4</ele>
    <time>2024-09-02T19:05:59.000Z</time>
   </trkpt>
   <trkpt lat="52.499497" lon="13.425879">
    <ele>39.4</ele>
    <time>2024-09-02T19:06:00.000Z</time>
   </trkpt>
   <trkpt lat="52.499482" lon="13.425919">
    <ele>39.4</ele>
    <time>2024-09-02T19:06:01.000Z</time>
   </trkpt>
   <trkpt lat="52.499467" lon="13.425955">
    <ele>39.4</ele>
    <time>2024-09-02T19:06:02.000Z</time>
   </trkpt>
   <trkpt lat="52.499453" lon="13.425988">
    <ele>39.4</ele>
    <time>2024-09-02T19:06:03.000Z</time>
   </trkpt>
   <trkpt lat="52.499442" lon="13.426017">
    <ele>39.4</ele>
    <time>2024-09-02T19:06:04.000Z</time>
   </trkpt>
   <trkpt lat="52.499417" lon="13.426093">
    <ele>39.3</ele>
    <time>2024-09-02T19:06:05.000Z</time>
   </trkpt>
   <trkpt lat="52.499401" lon="13.426143">
    <ele>39.3</ele>
    <time>2024-09-02T19:06:06.000Z</time>
   </trkpt>
   <trkpt lat="52.499386" lon="13.426194">
    <ele>39.3</ele>
    <time>2024-09-02T19:06:09.000Z</time>
   </trkpt>
   <trkpt lat="52.499371" lon="13.426245">
    <ele>39.3</ele>
    <time>2024-09-02T19:06:10.000Z</time>
   </trkpt>
   <trkpt lat="52.499355" lon="13.426304">
    <ele>39.3</ele>
    <time>2024-09-02T19:06:11.000Z</time>
   </trkpt>
   <trkpt lat="52.499336" lon="13.426363">
    <ele>39.3</ele>
    <time>2024-09-02T19:06:12.000Z</time>
   </trkpt>
   <trkpt lat="52.499314" lon="13.426419">
    <ele>39.3</ele>
    <time>2024-09-02T19:06:13.000Z</time>
   </trkpt>
   <trkpt lat="52.499289" lon="13.426475">
    <ele>39.3</ele>
    <time>2024-09-02T19:06:14.000Z</time>
   </trkpt>
   <trkpt lat="52.499264" lon="13.426531">
    <ele>39.3</ele>
    <time>2024-09-02T19:06:15.000Z</time>
   </trkpt>
   <trkpt lat="52.49924" lon="13.426587">
    <ele>39.4</ele>
    <time>2024-09-02T19:06:16.000Z</time>
   </trkpt>
   <trkpt lat="52.499215" lon="13.426645">
    <ele>39.4</ele>
    <time>2024-09-02T19:06:17.000Z</time>
   </trkpt>
   <trkpt lat="52.499191" lon="13.426707">
    <ele>39.4</ele>
    <time>2024-09-02T19:06:18.000Z</time>
   </trkpt>
   <trkpt lat="52.499168" lon="13.426773">
    <ele>39.5</ele>
    <time>2024-09-02T19:06:19.000Z</time>
   </trkpt>
   <trkpt lat="52.499145" lon="13.42684">
    <ele>39.5</ele>
    <time>2024-09-02T19:06:20.000Z</time>
   </trkpt>
   <trkpt lat="52.499123" lon="13.426909">
    <ele>39.5</ele>
    <time>2024-09-02T19:06:21.000Z</time>
   </trkpt>
   <trkpt lat="52.499091" lon="13.427012">
    <ele>39.5</ele>
    <time>2024-09-02T19:06:22.000Z</time>
   </trkpt>
   <trkpt lat="52.499081" lon="13.427047">
    <ele>39.5</ele>
    <time>2024-09-02T19:06:23.000Z</time>
   </trkpt>
   <trkpt lat="52.499062" lon="13.427115">
    <ele>39.5</ele>
    <time>2024-09-02T19:06:24.000Z</time>
   </trkpt>
   <trkpt lat="52.499043" lon="13.427183">
    <ele>39.5</ele>
    <time>2024-09-02T19:06:25.000Z</time>
   </trkpt>
   <trkpt lat="52.499024" lon="13.427251">
    <ele>39.5</ele>
    <time>2024-09-02T19:06:26.000Z</time>
   </trkpt>
   <trkpt lat="52.499006" lon="13.427319">
    <ele>39.5</ele>
    <time>2024-09-02T19:06:27.000Z</time>
   </trkpt>
   <trkpt lat="52.498987" lon="13.427387">
    <ele>39.5</ele>
    <time>2024-09-02T19:06:28.000Z</time>
   </trkpt>
   <trkpt lat="52.498967" lon="13.427453">
    <ele>39.5</ele>
    <time>2024-09-02T19:06:29.000Z</time>
   </trkpt>
   <trkpt lat="52.498947" lon="13.427521">
    <ele>39.5</ele>
    <time>2024-09-02T19:06:30.000Z</time>
   </trkpt>
   <trkpt lat="52.498927" lon="13.42759">
    <ele>39.5</ele>
    <time>2024-09-02T19:06:31.000Z</time>
   </trkpt>
   <trkpt lat="52.498905" lon="13.42766">
    <ele>39.5</ele>
    <time>2024-09-02T19:06:32.000Z</time>
   </trkpt>
   <trkpt lat="52.498883" lon="13.427733">
    <ele>39.5</ele>
    <time>2024-09-02T19:06:33.000Z</time>
   </trkpt>
   <trkpt lat="52.49886" lon="13.427808">
    <ele>39.5</ele>
    <time>2024-09-02T19:06:34.000Z</time>
   </trkpt>
   <trkpt lat="52.498837" lon="13.427883">
    <ele>39.5</ele>
    <time>2024-09-02T19:06:35.000Z</time>
   </trkpt>
   <trkpt lat="52.498813" lon="13.427959">
    <ele>39.5</ele>
    <time>2024-09-02T19:06:36.000Z</time>
   </trkpt>
   <trkpt lat="52.498776" lon="13.428076">
    <ele>39.5</ele>
    <time>2024-09-02T19:06:38.000Z</time>
   </trkpt>
   <trkpt lat="52.498738" lon="13.428192">
    <ele>39.5</ele>
    <time>2024-09-02T19:06:39.000Z</time>
   </trkpt>
   <trkpt lat="52.498712" lon="13.428272">
    <ele>39.5</ele>
    <time>2024-09-02T19:06:40.000Z</time>
   </trkpt>
   <trkpt lat="52.498686" lon="13.428352">
    <ele>39.5</ele>
    <time>2024-09-02T19:06:41.000Z</time>
   </trkpt>
   <trkpt lat="52.49866" lon="13.428431">
    <ele>39.5</ele>
    <time>2024-09-02T19:06:42.000Z</time>
   </trkpt>
   <trkpt lat="52.498634" lon="13.428511">
    <ele>39.5</ele>
    <time>2024-09-02T19:06:43.000Z</time>
   </trkpt>
   <trkpt lat="52.498607" lon="13.428592">
    <ele>39.4</ele>
    <time>2024-09-02T19:06:44.000Z</time>
   </trkpt>
   <trkpt lat="52.49858" lon="13.428674">
    <ele>39.4</ele>
    <time>2024-09-02T19:06:45.000Z</time>
   </trkpt>
   <trkpt lat="52.498552" lon="13.428757">
    <ele>39.4</ele>
    <time>2024-09-02T19:06:46.000Z</time>
   </trkpt>
   <trkpt lat="52.498524" lon="13.428841">
    <ele>39.4</ele>
    <time>2024-09-02T19:06:47.000Z</time>
   </trkpt>
   <trkpt lat="52.498494" lon="13.428922">
    <ele>39.4</ele>
    <time>2024-09-02T19:06:48.000Z</time>
   </trkpt>
   <trkpt lat="52.498462" lon="13.429003">
    <ele>39.4</ele>
    <time>2024-09-02T19:06:49.000Z</time>
   </trkpt>
   <trkpt lat="52.498431" lon="13.429086">
    <ele>39.3</ele>
    <time>2024-09-02T19:06:50.000Z</time>
   </trkpt>
   <trkpt lat="52.4984" lon="13.429169">
    <ele>39.3</ele>
    <time>2024-09-02T19:06:51.000Z</time>
   </trkpt>
   <trkpt lat="52.498353" lon="13.429291">
    <ele>39.3</ele>
    <time>2024-09-02T19:06:52.000Z</time>
   </trkpt>
   <trkpt lat="52.498338" lon="13.429332">
    <ele>39.3</ele>
    <time>2024-09-02T19:06:53.000Z</time>
   </trkpt>
   <trkpt lat="52.498306" lon="13.429412">
    <ele>39.3</ele>
    <time>2024-09-02T19:06:54.000Z</time>
   </trkpt>
   <trkpt lat="52.498275" lon="13.429491">
    <ele>39.3</ele>
    <time>2024-09-02T19:06:55.000Z</time>
   </trkpt>
   <trkpt lat="52.498244" lon="13.42957">
    <ele>39.3</ele>
    <time>2024-09-02T19:06:56.000Z</time>
   </trkpt>
   <trkpt lat="52.498214" lon="13.42965">
    <ele>39.3</ele>
    <time>2024-09-02T19:06:57.000Z</time>
   </trkpt>
   <trkpt lat="52.498185" lon="13.429732">
    <ele>39.3</ele>
    <time>2024-09-02T19:06:58.000Z</time>
   </trkpt>
   <trkpt lat="52.498156" lon="13.429814">
    <ele>39.3</ele>
    <time>2024-09-02T19:06:59.000Z</time>
   </trkpt>
   <trkpt lat="52.498128" lon="13.429896">
    <ele>39.3</ele>
    <time>2024-09-02T19:07:00.000Z</time>
   </trkpt>
   <trkpt lat="52.4981" lon="13.429978">
    <ele>39.3</ele>
    <time>2024-09-02T19:07:01.000Z</time>
   </trkpt>
   <trkpt lat="52.498072" lon="13.43006">
    <ele>39.3</ele>
    <time>2024-09-02T19:07:02.000Z</time>
   </trkpt>
   <trkpt lat="52.498043" lon="13.430141">
    <ele>39.3</ele>
    <time>2024-09-02T19:07:03.000Z</time>
   </trkpt>
   <trkpt lat="52.498015" lon="13.430222">
    <ele>39.4</ele>
    <time>2024-09-02T19:07:04.000Z</time>
   </trkpt>
   <trkpt lat="52.497986" lon="13.430303">
    <ele>39.4</ele>
    <time>2024-09-02T19:07:05.000Z</time>
   </trkpt>
   <trkpt lat="52.497958" lon="13.430383">
    <ele>39.4</ele>
    <time>2024-09-02T19:07:06.000Z</time>
   </trkpt>
   <trkpt lat="52.497931" lon="13.430462">
    <ele>39.4</ele>
    <time>2024-09-02T19:07:07.000Z</time>
   </trkpt>
   <trkpt lat="52.497903" lon="13.430542">
    <ele>39.4</ele>
    <time>2024-09-02T19:07:08.000Z</time>
   </trkpt>
   <trkpt lat="52.497875" lon="13.430623">
    <ele>39.4</ele>
    <time>2024-09-02T19:07:09.000Z</time>
   </trkpt>
   <trkpt lat="52.497846" lon="13.430704">
    <ele>39.4</ele>
    <time>2024-09-02T19:07:10.000Z</time>
   </trkpt>
   <trkpt lat="52.497817" lon="13.430786">
    <ele>39.4</ele>
    <time>2024-09-02T19:07:11.000Z</time>
   </trkpt>
   <trkpt lat="52.497789" lon="13.430867">
    <ele>39.4</ele>
    <time>2024-09-02T19:07:12.000Z</time>
   </trkpt>
   <trkpt lat="52.49776" lon="13.430948">
    <ele>39.5</ele>
    <time>2024-09-02T19:07:13.000Z</time>
   </trkpt>
   <trkpt lat="52.49773" lon="13.431028">
    <ele>39.5</ele>
    <time>2024-09-02T19:07:14.000Z</time>
   </trkpt>
   <trkpt lat="52.497701" lon="13.431108">
    <ele>39.5</ele>
    <time>2024-09-02T19:07:15.000Z</time>
   </trkpt>
   <trkpt lat="52.497672" lon="13.431187">
    <ele>39.5</ele>
    <time>2024-09-02T19:07:16.000Z</time>
   </trkpt>
   <trkpt lat="52.497643" lon="13.431266">
    <ele>39.5</ele>
    <time>2024-09-02T19:07:17.000Z</time>
   </trkpt>
   <trkpt lat="52.497614" lon="13.431344">
    <ele>39.5</ele>
    <time>2024-09-02T19:07:18.000Z</time>
   </trkpt>
   <trkpt lat="52.497585" lon="13.431422">
    <ele>39.5</ele>
    <time>2024-09-02T19:07:19.000Z</time>
   </trkpt>
   <trkpt lat="52.497556" lon="13.4315">
    <ele>39.5</ele>
    <time>2024-09-02T19:07:20.000Z</time>
   </trkpt>
   <trkpt lat="52.497528" lon="13.431578">
    <ele>39.5</ele>
    <time>2024-09-02T19:07:21.000Z</time>
   </trkpt>
   <trkpt lat="52.497499" lon="13.431656">
    <ele>39.6</ele>
    <time>2024-09-02T19:07:22.000Z</time>
   </trkpt>
   <trkpt lat="52.49747" lon="13.431734">
    <ele>39.6</ele>
    <time>2024-09-02T19:07:23.000Z</time>
   </trkpt>
   <trkpt lat="52.497442" lon="13.431813">
    <ele>39.6</ele>
    <time>2024-09-02T19:07:24.000Z</time>
   </trkpt>
   <trkpt lat="52.497413" lon="13.431892">
    <ele>39.6</ele>
    <time>2024-09-02T19:07:25.000Z</time>
   </trkpt>
   <trkpt lat="52.497384" lon="13.431973">
    <ele>39.6</ele>
    <time>2024-09-02T19:07:26.000Z</time>
   </trkpt>
   <trkpt lat="52.497355" lon="13.432054">
    <ele>39.6</ele>
    <time>2024-09-02T19:07:27.000Z</time>
   </trkpt>
   <trkpt lat="52.497326" lon="13.432136">
    <ele>39.6</ele>
    <time>2024-09-02T19:07:28.000Z</time>
   </trkpt>
   <trkpt lat="52.497297" lon="13.432218">
    <ele>39.5</ele>
    <time>2024-09-02T19:07:29.000Z</time>
   </trkpt>
   <trkpt lat="52.497268" lon="13.4323">
    <ele>39.5</ele>
    <time>2024-09-02T19:07:30.000Z</time>
   </trkpt>
   <trkpt lat="52.49724" lon="13.432381">
    <ele>39.5</ele>
    <time>2024-09-02T19:07:31.000Z</time>
   </trkpt>
   <trkpt lat="52.497212" lon="13.432463">
    <ele>39.5</ele>
    <time>2024-09-02T19:07:32.000Z</time>
   </trkpt>
   <trkpt lat="52.497183" lon="13.432545">
    <ele>39.4</ele>
    <time>2024-09-02T19:07:33.000Z</time>
   </trkpt>
   <trkpt lat="52.497155" lon="13.432628">
    <ele>39.4</ele>
    <time>2024-09-02T19:07:34.000Z</time>
   </trkpt>
   <trkpt lat="52.497126" lon="13.432712">
    <ele>39.4</ele>
    <time>2024-09-02T19:07:35.000Z</time>
   </trkpt>
   <trkpt lat="52.497097" lon="13.432795">
    <ele>39.3</ele>
    <time>2024-09-02T19:07:36.000Z</time>
   </trkpt>
   <trkpt lat="52.497067" lon="13.432879">
    <ele>39.3</ele>
    <time>2024-09-02T19:07:37.000Z</time>
   </trkpt>
   <trkpt lat="52.497037" lon="13.432963">
    <ele>39.3</ele>
    <time>2024-09-02T19:07:38.000Z</time>
   </trkpt>
   <trkpt lat="52.497007" lon="13.433049">
    <ele>39.2</ele>
    <time>2024-09-02T19:07:39.000Z</time>
   </trkpt>
   <trkpt lat="52.496976" lon="13.433137">
    <ele>39.2</ele>
    <time>2024-09-02T19:07:40.000Z</time>
   </trkpt>
   <trkpt lat="52.496945" lon="13.433225">
    <ele>39.2</ele>
    <time>2024-09-02T19:07:41.000Z</time>
   </trkpt>
   <trkpt lat="52.496914" lon="13.433314">
    <ele>39.2</ele>
    <time>2024-09-02T19:07:42.000Z</time>
   </trkpt>
   <trkpt lat="52.496883" lon="13.433402">
    <ele>39.1</ele>
    <time>2024-09-02T19:07:43.000Z</time>
   </trkpt>
   <trkpt lat="52.496853" lon="13.433489">
    <ele>39.1</ele>
    <time>2024-09-02T19:07:44.000Z</time>
   </trkpt>
   <trkpt lat="52.496822" lon="13.433575">
    <ele>39.1</ele>
    <time>2024-09-02T19:07:45.000Z</time>
   </trkpt>
   <trkpt lat="52.496792" lon="13.433661">
    <ele>39.1</ele>
    <time>2024-09-02T19:07:46.000Z</time>
   </trkpt>
   <trkpt lat="52.496763" lon="13.433746">
    <ele>39.1</ele>
    <time>2024-09-02T19:07:47.000Z</time>
   </trkpt>
   <trkpt lat="52.496733" lon="13.433831">
    <ele>39.1</ele>
    <time>2024-09-02T19:07:48.000Z</time>
   </trkpt>
   <trkpt lat="52.496704" lon="13.433916">
    <ele>39</ele>
    <time>2024-09-02T19:07:49.000Z</time>
   </trkpt>
   <trkpt lat="52.496675" lon="13.433999">
    <ele>39</ele>
    <time>2024-09-02T19:07:50.000Z</time>
   </trkpt>
   <trkpt lat="52.496646" lon="13.434082">
    <ele>39</ele>
    <time>2024-09-02T19:07:51.000Z</time>
   </trkpt>
   <trkpt lat="52.496618" lon="13.434165">
    <ele>39</ele>
    <time>2024-09-02T19:07:52.000Z</time>
   </trkpt>
   <trkpt lat="52.49659" lon="13.434246">
    <ele>39</ele>
    <time>2024-09-02T19:07:53.000Z</time>
   </trkpt>
   <trkpt lat="52.496562" lon="13.434326">
    <ele>39</ele>
    <time>2024-09-02T19:07:54.000Z</time>
   </trkpt>
   <trkpt lat="52.496534" lon="13.434406">
    <ele>39</ele>
    <time>2024-09-02T19:07:55.000Z</time>
   </trkpt>
   <trkpt lat="52.496507" lon="13.434485">
    <ele>39</ele>
    <time>2024-09-02T19:07:56.000Z</time>
   </trkpt>
   <trkpt lat="52.496479" lon="13.434565">
    <ele>39</ele>
    <time>2024-09-02T19:07:57.000Z</time>
   </trkpt>
   <trkpt lat="52.496451" lon="13.434645">
    <ele>39</ele>
    <time>2024-09-02T19:07:58.000Z</time>
   </trkpt>
   <trkpt lat="52.496424" lon="13.434725">
    <ele>39</ele>
    <time>2024-09-02T19:07:59.000Z</time>
   </trkpt>
   <trkpt lat="52.496396" lon="13.434805">
    <ele>39</ele>
    <time>2024-09-02T19:08:00.000Z</time>
   </trkpt>
   <trkpt lat="52.496369" lon="13.434884">
    <ele>39</ele>
    <time>2024-09-02T19:08:01.000Z</time>
   </trkpt>
   <trkpt lat="52.496342" lon="13.434962">
    <ele>39</ele>
    <time>2024-09-02T19:08:02.000Z</time>
   </trkpt>
   <trkpt lat="52.496316" lon="13.43504">
    <ele>39</ele>
    <time>2024-09-02T19:08:03.000Z</time>
   </trkpt>
   <trkpt lat="52.49629" lon="13.435116">
    <ele>39</ele>
    <time>2024-09-02T19:08:04.000Z</time>
   </trkpt>
   <trkpt lat="52.496264" lon="13.435192">
    <ele>39</ele>
    <time>2024-09-02T19:08:05.000Z</time>
   </trkpt>
   <trkpt lat="52.496238" lon="13.435268">
    <ele>39</ele>
    <time>2024-09-02T19:08:06.000Z</time>
   </trkpt>
   <trkpt lat="52.496212" lon="13.435344">
    <ele>39</ele>
    <time>2024-09-02T19:08:07.000Z</time>
   </trkpt>
   <trkpt lat="52.496187" lon="13.435419">
    <ele>39.1</ele>
    <time>2024-09-02T19:08:08.000Z</time>
   </trkpt>
   <trkpt lat="52.496161" lon="13.435494">
    <ele>39.1</ele>
    <time>2024-09-02T19:08:09.000Z</time>
   </trkpt>
   <trkpt lat="52.496136" lon="13.435569">
    <ele>39.1</ele>
    <time>2024-09-02T19:08:10.000Z</time>
   </trkpt>
   <trkpt lat="52.496111" lon="13.435642">
    <ele>39.1</ele>
    <time>2024-09-02T19:08:11.000Z</time>
   </trkpt>
   <trkpt lat="52.496086" lon="13.435716">
    <ele>39.1</ele>
    <time>2024-09-02T19:08:12.000Z</time>
   </trkpt>
   <trkpt lat="52.496061" lon="13.435788">
    <ele>39.1</ele>
    <time>2024-09-02T19:08:13.000Z</time>
   </trkpt>
   <trkpt lat="52.496037" lon="13.43586">
    <ele>39.1</ele>
    <time>2024-09-02T19:08:14.000Z</time>
   </trkpt>
   <trkpt lat="52.496012" lon="13.435932">
    <ele>39.2</ele>
    <time>2024-09-02T19:08:15.000Z</time>
   </trkpt>
   <trkpt lat="52.495988" lon="13.436003">
    <ele>39.2</ele>
    <time>2024-09-02T19:08:16.000Z</time>
   </trkpt>
   <trkpt lat="52.495964" lon="13.436074">
    <ele>39.2</ele>
    <time>2024-09-02T19:08:17.000Z</time>
   </trkpt>
   <trkpt lat="52.495939" lon="13.436146">
    <ele>39.2</ele>
    <time>2024-09-02T19:08:18.000Z</time>
   </trkpt>
   <trkpt lat="52.495915" lon="13.436219">
    <ele>39.2</ele>
    <time>2024-09-02T19:08:19.000Z</time>
   </trkpt>
   <trkpt lat="52.49589" lon="13.43629">
    <ele>39.2</ele>
    <time>2024-09-02T19:08:20.000Z</time>
   </trkpt>
   <trkpt lat="52.495866" lon="13.436362">
    <ele>39.2</ele>
    <time>2024-09-02T19:08:21.000Z</time>
   </trkpt>
   <trkpt lat="52.495841" lon="13.436434">
    <ele>39.2</ele>
    <time>2024-09-02T19:08:22.000Z</time>
   </trkpt>
   <trkpt lat="52.495817" lon="13.436506">
    <ele>39.2</ele>
    <time>2024-09-02T19:08:23.000Z</time>
   </trkpt>
   <trkpt lat="52.495792" lon="13.436578">
    <ele>39.2</ele>
    <time>2024-09-02T19:08:24.000Z</time>
   </trkpt>
   <trkpt lat="52.495768" lon="13.43665">
    <ele>39.2</ele>
    <time>2024-09-02T19:08:25.000Z</time>
   </trkpt>
   <trkpt lat="52.495743" lon="13.436722">
    <ele>39.2</ele>
    <time>2024-09-02T19:08:26.000Z</time>
   </trkpt>
   <trkpt lat="52.495719" lon="13.436794">
    <ele>39.2</ele>
    <time>2024-09-02T19:08:27.000Z</time>
   </trkpt>
   <trkpt lat="52.495695" lon="13.436867">
    <ele>39.2</ele>
    <time>2024-09-02T19:08:28.000Z</time>
   </trkpt>
   <trkpt lat="52.495671" lon="13.436939">
    <ele>39.2</ele>
    <time>2024-09-02T19:08:29.000Z</time>
   </trkpt>
   <trkpt lat="52.495648" lon="13.43701">
    <ele>39.2</ele>
    <time>2024-09-02T19:08:30.000Z</time>
   </trkpt>
   <trkpt lat="52.495624" lon="13.437082">
    <ele>39.2</ele>
    <time>2024-09-02T19:08:31.000Z</time>
   </trkpt>
   <trkpt lat="52.495601" lon="13.437152">
    <ele>39.2</ele>
    <time>2024-09-02T19:08:32.000Z</time>
   </trkpt>
   <trkpt lat="52.495578" lon="13.437222">
    <ele>39.2</ele>
    <time>2024-09-02T19:08:33.000Z</time>
   </trkpt>
   <trkpt lat="52.495556" lon="13.437293">
    <ele>39.2</ele>
    <time>2024-09-02T19:08:34.000Z</time>
   </trkpt>
   <trkpt lat="52.495534" lon="13.437363">
    <ele>39.2</ele>
    <time>2024-09-02T19:08:35.000Z</time>
   </trkpt>
   <trkpt lat="52.495512" lon="13.437434">
    <ele>39.2</ele>
    <time>2024-09-02T19:08:36.000Z</time>
   </trkpt>
   <trkpt lat="52.495512" lon="13.437434">
    <ele>39.2</ele>
    <time>2024-09-02T19:08:37.000Z</time>
   </trkpt>
   <trkpt lat="52.495449" lon="13.437651">
    <ele>39.2</ele>
    <time>2024-09-02T19:08:39.000Z</time>
   </trkpt>
   <trkpt lat="52.495429" lon="13.437723">
    <ele>39.2</ele>
    <time>2024-09-02T19:08:40.000Z</time>
   </trkpt>
   <trkpt lat="52.495408" lon="13.437795">
    <ele>39.3</ele>
    <time>2024-09-02T19:08:41.000Z</time>
   </trkpt>
   <trkpt lat="52.495387" lon="13.437866">
    <ele>39.3</ele>
    <time>2024-09-02T19:08:42.000Z</time>
   </trkpt>
   <trkpt lat="52.495365" lon="13.437936">
    <ele>39.3</ele>
    <time>2024-09-02T19:08:43.000Z</time>
   </trkpt>
   <trkpt lat="52.49532" lon="13.438076">
    <ele>39.3</ele>
    <time>2024-09-02T19:08:44.000Z</time>
   </trkpt>
   <trkpt lat="52.495297" lon="13.438146">
    <ele>39.3</ele>
    <time>2024-09-02T19:08:45.000Z</time>
   </trkpt>
   <trkpt lat="52.495274" lon="13.438216">
    <ele>39.3</ele>
    <time>2024-09-02T19:08:46.000Z</time>
   </trkpt>
   <trkpt lat="52.49525" lon="13.438285">
    <ele>39.4</ele>
    <time>2024-09-02T19:08:47.000Z</time>
   </trkpt>
   <trkpt lat="52.495238" lon="13.43832">
    <ele>39.4</ele>
    <time>2024-09-02T19:08:48.000Z</time>
   </trkpt>
   <trkpt lat="52.495226" lon="13.438355">
    <ele>39.4</ele>
    <time>2024-09-02T19:08:49.000Z</time>
   </trkpt>
   <trkpt lat="52.495202" lon="13.438424">
    <ele>39.4</ele>
    <time>2024-09-02T19:08:50.000Z</time>
   </trkpt>
   <trkpt lat="52.495178" lon="13.438494">
    <ele>39.4</ele>
    <time>2024-09-02T19:08:51.000Z</time>
   </trkpt>
   <trkpt lat="52.495142" lon="13.438597">
    <ele>39.5</ele>
    <time>2024-09-02T19:08:52.000Z</time>
   </trkpt>
   <trkpt lat="52.49513" lon="13.438632">
    <ele>39.5</ele>
    <time>2024-09-02T19:08:53.000Z</time>
   </trkpt>
   <trkpt lat="52.495106" lon="13.4387">
    <ele>39.6</ele>
    <time>2024-09-02T19:08:54.000Z</time>
   </trkpt>
   <trkpt lat="52.495082" lon="13.438769">
    <ele>39.6</ele>
    <time>2024-09-02T19:08:55.000Z</time>
   </trkpt>
   <trkpt lat="52.495057" lon="13.438838">
    <ele>39.7</ele>
    <time>2024-09-02T19:08:56.000Z</time>
   </trkpt>
   <trkpt lat="52.495032" lon="13.438909">
    <ele>39.9</ele>
    <time>2024-09-02T19:08:57.000Z</time>
   </trkpt>
   <trkpt lat="52.495007" lon="13.43898">
    <ele>40</ele>
    <time>2024-09-02T19:08:58.000Z</time>
   </trkpt>
   <trkpt lat="52.494982" lon="13.439052">
    <ele>39.8</ele>
    <time>2024-09-02T19:08:59.000Z</time>
   </trkpt>
   <trkpt lat="52.494958" lon="13.439123">
    <ele>39.7</ele>
    <time>2024-09-02T19:09:00.000Z</time>
   </trkpt>
   <trkpt lat="52.494933" lon="13.439194">
    <ele>39.6</ele>
    <time>2024-09-02T19:09:01.000Z</time>
   </trkpt>
   <trkpt lat="52.494909" lon="13.439265">
    <ele>39.4</ele>
    <time>2024-09-02T19:09:02.000Z</time>
   </trkpt>
   <trkpt lat="52.494884" lon="13.439336">
    <ele>39.4</ele>
    <time>2024-09-02T19:09:03.000Z</time>
   </trkpt>
   <trkpt lat="52.49486" lon="13.439408">
    <ele>39.3</ele>
    <time>2024-09-02T19:09:04.000Z</time>
   </trkpt>
   <trkpt lat="52.494836" lon="13.439479">
    <ele>39.3</ele>
    <time>2024-09-02T19:09:05.000Z</time>
   </trkpt>
   <trkpt lat="52.494812" lon="13.439551">
    <ele>39.2</ele>
    <time>2024-09-02T19:09:06.000Z</time>
   </trkpt>
   <trkpt lat="52.494733" lon="13.439807">
    <ele>39.2</ele>
    <time>2024-09-02T19:09:09.000Z</time>
   </trkpt>
   <trkpt lat="52.494722" lon="13.439843">
    <ele>39.1</ele>
    <time>2024-09-02T19:09:10.000Z</time>
   </trkpt>
   <trkpt lat="52.4947" lon="13.439916">
    <ele>39.1</ele>
    <time>2024-09-02T19:09:11.000Z</time>
   </trkpt>
   <trkpt lat="52.494677" lon="13.439989">
    <ele>39.1</ele>
    <time>2024-09-02T19:09:12.000Z</time>
   </trkpt>
   <trkpt lat="52.494653" lon="13.440061">
    <ele>39.1</ele>
    <time>2024-09-02T19:09:13.000Z</time>
   </trkpt>
   <trkpt lat="52.494605" lon="13.440205">
    <ele>39</ele>
    <time>2024-09-02T19:09:14.000Z</time>
   </trkpt>
   <trkpt lat="52.49458" lon="13.440276">
    <ele>39</ele>
    <time>2024-09-02T19:09:15.000Z</time>
   </trkpt>
   <trkpt lat="52.494555" lon="13.440348">
    <ele>39</ele>
    <time>2024-09-02T19:09:16.000Z</time>
   </trkpt>
   <trkpt lat="52.494531" lon="13.44042">
    <ele>39</ele>
    <time>2024-09-02T19:09:17.000Z</time>
   </trkpt>
   <trkpt lat="52.494506" lon="13.440492">
    <ele>39</ele>
    <time>2024-09-02T19:09:18.000Z</time>
   </trkpt>
   <trkpt lat="52.494481" lon="13.440564">
    <ele>39</ele>
    <time>2024-09-02T19:09:19.000Z</time>
   </trkpt>
   <trkpt lat="52.494456" lon="13.440636">
    <ele>39</ele>
    <time>2024-09-02T19:09:20.000Z</time>
   </trkpt>
   <trkpt lat="52.494419" lon="13.440745">
    <ele>38.9</ele>
    <time>2024-09-02T19:09:22.000Z</time>
   </trkpt>
   <trkpt lat="52.494407" lon="13.440782">
    <ele>38.9</ele>
    <time>2024-09-02T19:09:23.000Z</time>
   </trkpt>
   <trkpt lat="52.494382" lon="13.440855">
    <ele>38.9</ele>
    <time>2024-09-02T19:09:24.000Z</time>
   </trkpt>
   <trkpt lat="52.494357" lon="13.440928">
    <ele>38.9</ele>
    <time>2024-09-02T19:09:25.000Z</time>
   </trkpt>
   <trkpt lat="52.494332" lon="13.441002">
    <ele>38.9</ele>
    <time>2024-09-02T19:09:26.000Z</time>
   </trkpt>
   <trkpt lat="52.494307" lon="13.441076">
    <ele>38.9</ele>
    <time>2024-09-02T19:09:27.000Z</time>
   </trkpt>
   <trkpt lat="52.494283" lon="13.441149">
    <ele>38.8</ele>
    <time>2024-09-02T19:09:28.000Z</time>
   </trkpt>
   <trkpt lat="52.49426" lon="13.441222">
    <ele>38.8</ele>
    <time>2024-09-02T19:09:29.000Z</time>
   </trkpt>
   <trkpt lat="52.494236" lon="13.441293">
    <ele>38.8</ele>
    <time>2024-09-02T19:09:30.000Z</time>
   </trkpt>
   <trkpt lat="52.494214" lon="13.441363">
    <ele>38.8</ele>
    <time>2024-09-02T19:09:31.000Z</time>
   </trkpt>
   <trkpt lat="52.494192" lon="13.441432">
    <ele>38.8</ele>
    <time>2024-09-02T19:09:32.000Z</time>
   </trkpt>
   <trkpt lat="52.494171" lon="13.441499">
    <ele>38.8</ele>
    <time>2024-09-02T19:09:33.000Z</time>
   </trkpt>
   <trkpt lat="52.49415" lon="13.441564">
    <ele>38.8</ele>
    <time>2024-09-02T19:09:34.000Z</time>
   </trkpt>
   <trkpt lat="52.49413" lon="13.441628">
    <ele>38.7</ele>
    <time>2024-09-02T19:09:35.000Z</time>
   </trkpt>
   <trkpt lat="52.494105" lon="13.441708">
    <ele>38.7</ele>
    <time>2024-09-02T19:09:36.000Z</time>
   </trkpt>
   <trkpt lat="52.494031" lon="13.441924">
    <ele>38.6</ele>
    <time>2024-09-02T19:09:39.000Z</time>
   </trkpt>
   <trkpt lat="52.494018" lon="13.44196">
    <ele>38.6</ele>
    <time>2024-09-02T19:09:40.000Z</time>
   </trkpt>
   <trkpt lat="52.493992" lon="13.442032">
    <ele>38.5</ele>
    <time>2024-09-02T19:09:41.000Z</time>
   </trkpt>
   <trkpt lat="52.493968" lon="13.442105">
    <ele>38.5</ele>
    <time>2024-09-02T19:09:42.000Z</time>
   </trkpt>
   <trkpt lat="52.493945" lon="13.442178">
    <ele>38.4</ele>
    <time>2024-09-02T19:09:43.000Z</time>
   </trkpt>
   <trkpt lat="52.493894" lon="13.442324">
    <ele>38.4</ele>
    <time>2024-09-02T19:09:44.000Z</time>
   </trkpt>
   <trkpt lat="52.49387" lon="13.442396">
    <ele>38.4</ele>
    <time>2024-09-02T19:09:45.000Z</time>
   </trkpt>
   <trkpt lat="52.493845" lon="13.44247">
    <ele>38.4</ele>
    <time>2024-09-02T19:09:46.000Z</time>
   </trkpt>
   <trkpt lat="52.493821" lon="13.442543">
    <ele>38.4</ele>
    <time>2024-09-02T19:09:47.000Z</time>
   </trkpt>
   <trkpt lat="52.4938" lon="13.442619">
    <ele>38.3</ele>
    <time>2024-09-02T19:09:48.000Z</time>
   </trkpt>
   <trkpt lat="52.493784" lon="13.442698">
    <ele>38.3</ele>
    <time>2024-09-02T19:09:49.000Z</time>
   </trkpt>
   <trkpt lat="52.493771" lon="13.44278">
    <ele>38.3</ele>
    <time>2024-09-02T19:09:50.000Z</time>
   </trkpt>
   <trkpt lat="52.493765" lon="13.442907">
    <ele>38.2</ele>
    <time>2024-09-02T19:09:52.000Z</time>
   </trkpt>
   <trkpt lat="52.493765" lon="13.44295">
    <ele>38.2</ele>
    <time>2024-09-02T19:09:53.000Z</time>
   </trkpt>
   <trkpt lat="52.493772" lon="13.443034">
    <ele>38.2</ele>
    <time>2024-09-02T19:09:54.000Z</time>
   </trkpt>
   <trkpt lat="52.493788" lon="13.443118">
    <ele>38.1</ele>
    <time>2024-09-02T19:09:55.000Z</time>
   </trkpt>
   <trkpt lat="52.49381" lon="13.443198">
    <ele>38</ele>
    <time>2024-09-02T19:09:56.000Z</time>
   </trkpt>
   <trkpt lat="52.49384" lon="13.443272">
    <ele>38</ele>
    <time>2024-09-02T19:09:57.000Z</time>
   </trkpt>
   <trkpt lat="52.493873" lon="13.44334">
    <ele>37.9</ele>
    <time>2024-09-02T19:09:58.000Z</time>
   </trkpt>
   <trkpt lat="52.493911" lon="13.443401">
    <ele>37.8</ele>
    <time>2024-09-02T19:09:59.000Z</time>
   </trkpt>
   <trkpt lat="52.493953" lon="13.443458">
    <ele>37.8</ele>
    <time>2024-09-02T19:10:00.000Z</time>
   </trkpt>
   <trkpt lat="52.493997" lon="13.443514">
    <ele>37.7</ele>
    <time>2024-09-02T19:10:01.000Z</time>
   </trkpt>
   <trkpt lat="52.494039" lon="13.443571">
    <ele>37.6</ele>
    <time>2024-09-02T19:10:02.000Z</time>
   </trkpt>
   <trkpt lat="52.494084" lon="13.443626">
    <ele>37.5</ele>
    <time>2024-09-02T19:10:03.000Z</time>
   </trkpt>
   <trkpt lat="52.494129" lon="13.44368">
    <ele>37.4</ele>
    <time>2024-09-02T19:10:04.000Z</time>
   </trkpt>
   <trkpt lat="52.494175" lon="13.443736">
    <ele>37.3</ele>
    <time>2024-09-02T19:10:05.000Z</time>
   </trkpt>
   <trkpt lat="52.49422" lon="13.443795">
    <ele>37.2</ele>
    <time>2024-09-02T19:10:06.000Z</time>
   </trkpt>
   <trkpt lat="52.494264" lon="13.44386">
    <ele>37</ele>
    <time>2024-09-02T19:10:07.000Z</time>
   </trkpt>
   <trkpt lat="52.494305" lon="13.443934">
    <ele>36.9</ele>
    <time>2024-09-02T19:10:08.000Z</time>
   </trkpt>
   <trkpt lat="52.494342" lon="13.444014">
    <ele>36.8</ele>
    <time>2024-09-02T19:10:09.000Z</time>
   </trkpt>
   <trkpt lat="52.494383" lon="13.444088">
    <ele>36.7</ele>
    <time>2024-09-02T19:10:10.000Z</time>
   </trkpt>
   <trkpt lat="52.494428" lon="13.444154">
    <ele>36.6</ele>
    <time>2024-09-02T19:10:11.000Z</time>
   </trkpt>
   <trkpt lat="52.494473" lon="13.444217">
    <ele>36.6</ele>
    <time>2024-09-02T19:10:12.000Z</time>
   </trkpt>
   <trkpt lat="52.494519" lon="13.444279">
    <ele>36.6</ele>
    <time>2024-09-02T19:10:13.000Z</time>
   </trkpt>
   <trkpt lat="52.494564" lon="13.444338">
    <ele>36.6</ele>
    <time>2024-09-02T19:10:14.000Z</time>
   </trkpt>
   <trkpt lat="52.494608" lon="13.444395">
    <ele>36.7</ele>
    <time>2024-09-02T19:10:15.000Z</time>
   </trkpt>
   <trkpt lat="52.494651" lon="13.444452">
    <ele>36.7</ele>
    <time>2024-09-02T19:10:16.000Z</time>
   </trkpt>
   <trkpt lat="52.494693" lon="13.444506">
    <ele>36.8</ele>
    <time>2024-09-02T19:10:17.000Z</time>
   </trkpt>
   <trkpt lat="52.494734" lon="13.444558">
    <ele>36.9</ele>
    <time>2024-09-02T19:10:18.000Z</time>
   </trkpt>
   <trkpt lat="52.494772" lon="13.444608">
    <ele>36.9</ele>
    <time>2024-09-02T19:10:19.000Z</time>
   </trkpt>
   <trkpt lat="52.494808" lon="13.444655">
    <ele>37</ele>
    <time>2024-09-02T19:10:20.000Z</time>
   </trkpt>
   <trkpt lat="52.494842" lon="13.444699">
    <ele>37.1</ele>
    <time>2024-09-02T19:10:21.000Z</time>
   </trkpt>
   <trkpt lat="52.494875" lon="13.444742">
    <ele>37.2</ele>
    <time>2024-09-02T19:10:22.000Z</time>
   </trkpt>
   <trkpt lat="52.494906" lon="13.444782">
    <ele>37.3</ele>
    <time>2024-09-02T19:10:23.000Z</time>
   </trkpt>
   <trkpt lat="52.494935" lon="13.44482">
    <ele>37.3</ele>
    <time>2024-09-02T19:10:24.000Z</time>
   </trkpt>
   <trkpt lat="52.494963" lon="13.444856">
    <ele>37.4</ele>
    <time>2024-09-02T19:10:25.000Z</time>
   </trkpt>
   <trkpt lat="52.494992" lon="13.44489">
    <ele>37.5</ele>
    <time>2024-09-02T19:10:26.000Z</time>
   </trkpt>
   <trkpt lat="52.495021" lon="13.444924">
    <ele>37.6</ele>
    <time>2024-09-02T19:10:27.000Z</time>
   </trkpt>
   <trkpt lat="52.495051" lon="13.444957">
    <ele>37.6</ele>
    <time>2024-09-02T19:10:28.000Z</time>
   </trkpt>
   <trkpt lat="52.49508" lon="13.444989">
    <ele>37.7</ele>
    <time>2024-09-02T19:10:29.000Z</time>
   </trkpt>
   <trkpt lat="52.49511" lon="13.445022">
    <ele>37.7</ele>
    <time>2024-09-02T19:10:30.000Z</time>
   </trkpt>
   <trkpt lat="52.495138" lon="13.445056">
    <ele>37.7</ele>
    <time>2024-09-02T19:10:31.000Z</time>
   </trkpt>
   <trkpt lat="52.495167" lon="13.445091">
    <ele>37.7</ele>
    <time>2024-09-02T19:10:32.000Z</time>
   </trkpt>
   <trkpt lat="52.495194" lon="13.445126">
    <ele>37.7</ele>
    <time>2024-09-02T19:10:33.000Z</time>
   </trkpt>
   <trkpt lat="52.495222" lon="13.445162">
    <ele>37.8</ele>
    <time>2024-09-02T19:10:34.000Z</time>
   </trkpt>
   <trkpt lat="52.495251" lon="13.4452">
    <ele>37.8</ele>
    <time>2024-09-02T19:10:35.000Z</time>
   </trkpt>
   <trkpt lat="52.495281" lon="13.445239">
    <ele>37.8</ele>
    <time>2024-09-02T19:10:36.000Z</time>
   </trkpt>
   <trkpt lat="52.495313" lon="13.445279">
    <ele>37.8</ele>
    <time>2024-09-02T19:10:37.000Z</time>
   </trkpt>
   <trkpt lat="52.495347" lon="13.44532">
    <ele>37.9</ele>
    <time>2024-09-02T19:10:38.000Z</time>
   </trkpt>
   <trkpt lat="52.495381" lon="13.44536">
    <ele>37.9</ele>
    <time>2024-09-02T19:10:39.000Z</time>
   </trkpt>
   <trkpt lat="52.495416" lon="13.445401">
    <ele>37.9</ele>
    <time>2024-09-02T19:10:40.000Z</time>
   </trkpt>
   <trkpt lat="52.49545" lon="13.445442">
    <ele>37.9</ele>
    <time>2024-09-02T19:10:41.000Z</time>
   </trkpt>
   <trkpt lat="52.495483" lon="13.445481">
    <ele>37.9</ele>
    <time>2024-09-02T19:10:42.000Z</time>
   </trkpt>
   <trkpt lat="52.495513" lon="13.445519">
    <ele>37.9</ele>
    <time>2024-09-02T19:10:43.000Z</time>
   </trkpt>
   <trkpt lat="52.495543" lon="13.445556">
    <ele>38</ele>
    <time>2024-09-02T19:10:44.000Z</time>
   </trkpt>
   <trkpt lat="52.495571" lon="13.445593">
    <ele>38</ele>
    <time>2024-09-02T19:10:45.000Z</time>
   </trkpt>
   <trkpt lat="52.495598" lon="13.445628">
    <ele>38</ele>
    <time>2024-09-02T19:10:46.000Z</time>
   </trkpt>
   <trkpt lat="52.495624" lon="13.445664">
    <ele>38.1</ele>
    <time>2024-09-02T19:10:47.000Z</time>
   </trkpt>
   <trkpt lat="52.495649" lon="13.445699">
    <ele>38.1</ele>
    <time>2024-09-02T19:10:48.000Z</time>
   </trkpt>
   <trkpt lat="52.495674" lon="13.445736">
    <ele>38.1</ele>
    <time>2024-09-02T19:10:49.000Z</time>
   </trkpt>
   <trkpt lat="52.495698" lon="13.445774">
    <ele>38.1</ele>
    <time>2024-09-02T19:10:50.000Z</time>
   </trkpt>
   <trkpt lat="52.495722" lon="13.445814">
    <ele>38.1</ele>
    <time>2024-09-02T19:10:51.000Z</time>
   </trkpt>
   <trkpt lat="52.495744" lon="13.445854">
    <ele>38.1</ele>
    <time>2024-09-02T19:10:52.000Z</time>
   </trkpt>
   <trkpt lat="52.495766" lon="13.445896">
    <ele>38.1</ele>
    <time>2024-09-02T19:10:53.000Z</time>
   </trkpt>
   <trkpt lat="52.495786" lon="13.445938">
    <ele>38.1</ele>
    <time>2024-09-02T19:10:54.000Z</time>
   </trkpt>
   <trkpt lat="52.495805" lon="13.445979">
    <ele>38.1</ele>
    <time>2024-09-02T19:10:55.000Z</time>
   </trkpt>
   <trkpt lat="52.495824" lon="13.446019">
    <ele>38.1</ele>
    <time>2024-09-02T19:10:56.000Z</time>
   </trkpt>
   <trkpt lat="52.495842" lon="13.446061">
    <ele>38.1</ele>
    <time>2024-09-02T19:10:57.000Z</time>
   </trkpt>
   <trkpt lat="52.495861" lon="13.446103">
    <ele>38.1</ele>
    <time>2024-09-02T19:10:58.000Z</time>
   </trkpt>
   <trkpt lat="52.495879" lon="13.446148">
    <ele>38</ele>
    <time>2024-09-02T19:10:59.000Z</time>
   </trkpt>
   <trkpt lat="52.495898" lon="13.446193">
    <ele>38</ele>
    <time>2024-09-02T19:11:00.000Z</time>
   </trkpt>
   <trkpt lat="52.49592" lon="13.446238">
    <ele>38</ele>
    <time>2024-09-02T19:11:01.000Z</time>
   </trkpt>
   <trkpt lat="52.495944" lon="13.446279">
    <ele>38</ele>
    <time>2024-09-02T19:11:02.000Z</time>
   </trkpt>
   <trkpt lat="52.49597" lon="13.446319">
    <ele>38</ele>
    <time>2024-09-02T19:11:03.000Z</time>
   </trkpt>
   <trkpt lat="52.495997" lon="13.44636">
    <ele>38</ele>
    <time>2024-09-02T19:11:04.000Z</time>
   </trkpt>
   <trkpt lat="52.496025" lon="13.446401">
    <ele>38</ele>
    <time>2024-09-02T19:11:05.000Z</time>
   </trkpt>
   <trkpt lat="52.496054" lon="13.446441">
    <ele>38</ele>
    <time>2024-09-02T19:11:06.000Z</time>
   </trkpt>
   <trkpt lat="52.496084" lon="13.446478">
    <ele>38</ele>
    <time>2024-09-02T19:11:07.000Z</time>
   </trkpt>
   <trkpt lat="52.496115" lon="13.446516">
    <ele>38</ele>
    <time>2024-09-02T19:11:08.000Z</time>
   </trkpt>
   <trkpt lat="52.496147" lon="13.446556">
    <ele>38</ele>
    <time>2024-09-02T19:11:09.000Z</time>
   </trkpt>
   <trkpt lat="52.49618" lon="13.446598">
    <ele>38</ele>
    <time>2024-09-02T19:11:10.000Z</time>
   </trkpt>
   <trkpt lat="52.496211" lon="13.446639">
    <ele>38</ele>
    <time>2024-09-02T19:11:11.000Z</time>
   </trkpt>
   <trkpt lat="52.496242" lon="13.44668">
    <ele>38</ele>
    <time>2024-09-02T19:11:12.000Z</time>
   </trkpt>
   <trkpt lat="52.496274" lon="13.446721">
    <ele>38</ele>
    <time>2024-09-02T19:11:13.000Z</time>
   </trkpt>
   <trkpt lat="52.496306" lon="13.446763">
    <ele>38</ele>
    <time>2024-09-02T19:11:14.000Z</time>
   </trkpt>
   <trkpt lat="52.496337" lon="13.446804">
    <ele>38</ele>
    <time>2024-09-02T19:11:15.000Z</time>
   </trkpt>
   <trkpt lat="52.496369" lon="13.446845">
    <ele>38</ele>
    <time>2024-09-02T19:11:16.000Z</time>
   </trkpt>
   <trkpt lat="52.496401" lon="13.446886">
    <ele>38</ele>
    <time>2024-09-02T19:11:17.000Z</time>
   </trkpt>
   <trkpt lat="52.496433" lon="13.446927">
    <ele>38</ele>
    <time>2024-09-02T19:11:18.000Z</time>
   </trkpt>
   <trkpt lat="52.496464" lon="13.446968">
    <ele>38</ele>
    <time>2024-09-02T19:11:19.000Z</time>
   </trkpt>
   <trkpt lat="52.496496" lon="13.447008">
    <ele>38</ele>
    <time>2024-09-02T19:11:20.000Z</time>
   </trkpt>
   <trkpt lat="52.496527" lon="13.447049">
    <ele>38.1</ele>
    <time>2024-09-02T19:11:21.000Z</time>
   </trkpt>
   <trkpt lat="52.496558" lon="13.44709">
    <ele>38.1</ele>
    <time>2024-09-02T19:11:22.000Z</time>
   </trkpt>
   <trkpt lat="52.496588" lon="13.447132">
    <ele>38.1</ele>
    <time>2024-09-02T19:11:23.000Z</time>
   </trkpt>
   <trkpt lat="52.496619" lon="13.447175">
    <ele>38.1</ele>
    <time>2024-09-02T19:11:24.000Z</time>
   </trkpt>
   <trkpt lat="52.49665" lon="13.447216">
    <ele>38.1</ele>
    <time>2024-09-02T19:11:25.000Z</time>
   </trkpt>
   <trkpt lat="52.496681" lon="13.447259">
    <ele>38.1</ele>
    <time>2024-09-02T19:11:26.000Z</time>
   </trkpt>
   <trkpt lat="52.496712" lon="13.447301">
    <ele>38.2</ele>
    <time>2024-09-02T19:11:27.000Z</time>
   </trkpt>
   <trkpt lat="52.496743" lon="13.447344">
    <ele>38.2</ele>
    <time>2024-09-02T19:11:28.000Z</time>
   </trkpt>
   <trkpt lat="52.496774" lon="13.447386">
    <ele>38.2</ele>
    <time>2024-09-02T19:11:29.000Z</time>
   </trkpt>
   <trkpt lat="52.496805" lon="13.447427">
    <ele>38.2</ele>
    <time>2024-09-02T19:11:30.000Z</time>
   </trkpt>
   <trkpt lat="52.496836" lon="13.447468">
    <ele>38.2</ele>
    <time>2024-09-02T19:11:31.000Z</time>
   </trkpt>
   <trkpt lat="52.496866" lon="13.447508">
    <ele>38.3</ele>
    <time>2024-09-02T19:11:32.000Z</time>
   </trkpt>
   <trkpt lat="52.496895" lon="13.447548">
    <ele>38.3</ele>
    <time>2024-09-02T19:11:33.000Z</time>
   </trkpt>
   <trkpt lat="52.496925" lon="13.447589">
    <ele>38.3</ele>
    <time>2024-09-02T19:11:34.000Z</time>
   </trkpt>
   <trkpt lat="52.496956" lon="13.44763">
    <ele>38.3</ele>
    <time>2024-09-02T19:11:35.000Z</time>
   </trkpt>
   <trkpt lat="52.496986" lon="13.447673">
    <ele>38.3</ele>
    <time>2024-09-02T19:11:36.000Z</time>
   </trkpt>
   <trkpt lat="52.497096" lon="13.447829">
    <ele>38.4</ele>
    <time>2024-09-02T19:11:39.000Z</time>
   </trkpt>
   <trkpt lat="52.497111" lon="13.447851">
    <ele>38.4</ele>
    <time>2024-09-02T19:11:40.000Z</time>
   </trkpt>
   <trkpt lat="52.497142" lon="13.447894">
    <ele>38.5</ele>
    <time>2024-09-02T19:11:41.000Z</time>
   </trkpt>
   <trkpt lat="52.497173" lon="13.447935">
    <ele>38.5</ele>
    <time>2024-09-02T19:11:42.000Z</time>
   </trkpt>
   <trkpt lat="52.497202" lon="13.447975">
    <ele>38.5</ele>
    <time>2024-09-02T19:11:43.000Z</time>
   </trkpt>
   <trkpt lat="52.49723" lon="13.448015">
    <ele>38.6</ele>
    <time>2024-09-02T19:11:44.000Z</time>
   </trkpt>
   <trkpt lat="52.497258" lon="13.448054">
    <ele>38.6</ele>
    <time>2024-09-02T19:11:45.000Z</time>
   </trkpt>
   <trkpt lat="52.497285" lon="13.448094">
    <ele>38.7</ele>
    <time>2024-09-02T19:11:46.000Z</time>
   </trkpt>
   <trkpt lat="52.497312" lon="13.448132">
    <ele>38.8</ele>
    <time>2024-09-02T19:11:47.000Z</time>
   </trkpt>
   <trkpt lat="52.497337" lon="13.448169">
    <ele>38.8</ele>
    <time>2024-09-02T19:11:48.000Z</time>
   </trkpt>
   <trkpt lat="52.49736" lon="13.448205">
    <ele>38.9</ele>
    <time>2024-09-02T19:11:49.000Z</time>
   </trkpt>
   <trkpt lat="52.497381" lon="13.448241">
    <ele>39</ele>
    <time>2024-09-02T19:11:50.000Z</time>
   </trkpt>
   <trkpt lat="52.497399" lon="13.448276">
    <ele>39</ele>
    <time>2024-09-02T19:11:51.000Z</time>
   </trkpt>
   <trkpt lat="52.497414" lon="13.448313">
    <ele>39</ele>
    <time>2024-09-02T19:11:52.000Z</time>
   </trkpt>
   <trkpt lat="52.497426" lon="13.448351">
    <ele>39</ele>
    <time>2024-09-02T19:11:53.000Z</time>
   </trkpt>
   <trkpt lat="52.497432" lon="13.448391">
    <ele>38.9</ele>
    <time>2024-09-02T19:11:54.000Z</time>
   </trkpt>
   <trkpt lat="52.49743" lon="13.448433">
    <ele>38.9</ele>
    <time>2024-09-02T19:11:55.000Z</time>
   </trkpt>
   <trkpt lat="52.497418" lon="13.448477">
    <ele>39</ele>
    <time>2024-09-02T19:11:56.000Z</time>
   </trkpt>
   <trkpt lat="52.4974" lon="13.44852">
    <ele>39</ele>
    <time>2024-09-02T19:11:57.000Z</time>
   </trkpt>
   <trkpt lat="52.497379" lon="13.448563">
    <ele>39</ele>
    <time>2024-09-02T19:11:58.000Z</time>
   </trkpt>
   <trkpt lat="52.497357" lon="13.448605">
    <ele>39</ele>
    <time>2024-09-02T19:11:59.000Z</time>
   </trkpt>
   <trkpt lat="52.497334" lon="13.448646">
    <ele>38.9</ele>
    <time>2024-09-02T19:12:00.000Z</time>
   </trkpt>
   <trkpt lat="52.497311" lon="13.448686">
    <ele>38.9</ele>
    <time>2024-09-02T19:12:01.000Z</time>
   </trkpt>
   <trkpt lat="52.497287" lon="13.448726">
    <ele>38.9</ele>
    <time>2024-09-02T19:12:02.000Z</time>
   </trkpt>
   <trkpt lat="52.497263" lon="13.448766">
    <ele>38.9</ele>
    <time>2024-09-02T19:12:03.000Z</time>
   </trkpt>
   <trkpt lat="52.497239" lon="13.448807">
    <ele>38.9</ele>
    <time>2024-09-02T19:12:04.000Z</time>
   </trkpt>
   <trkpt lat="52.497214" lon="13.448848">
    <ele>38.8</ele>
    <time>2024-09-02T19:12:05.000Z</time>
   </trkpt>
   <trkpt lat="52.497163" lon="13.448934">
    <ele>38.7</ele>
    <time>2024-09-02T19:12:06.000Z</time>
   </trkpt>
   <trkpt lat="52.497135" lon="13.448981">
    <ele>38.7</ele>
    <time>2024-09-02T19:12:07.000Z</time>
   </trkpt>
   <trkpt lat="52.497107" lon="13.449028">
    <ele>38.6</ele>
    <time>2024-09-02T19:12:08.000Z</time>
   </trkpt>
   <trkpt lat="52.497078" lon="13.449076">
    <ele>38.6</ele>
    <time>2024-09-02T19:12:09.000Z</time>
   </trkpt>
   <trkpt lat="52.49705" lon="13.449124">
    <ele>38.6</ele>
    <time>2024-09-02T19:12:10.000Z</time>
   </trkpt>
   <trkpt lat="52.497019" lon="13.449174">
    <ele>38.5</ele>
    <time>2024-09-02T19:12:11.000Z</time>
   </trkpt>
   <trkpt lat="52.496988" lon="13.449225">
    <ele>38.5</ele>
    <time>2024-09-02T19:12:12.000Z</time>
   </trkpt>
   <trkpt lat="52.496957" lon="13.449277">
    <ele>38.5</ele>
    <time>2024-09-02T19:12:13.000Z</time>
   </trkpt>
   <trkpt lat="52.496926" lon="13.449329">
    <ele>38.4</ele>
    <time>2024-09-02T19:12:14.000Z</time>
   </trkpt>
   <trkpt lat="52.496896" lon="13.44938">
    <ele>38.4</ele>
    <time>2024-09-02T19:12:15.000Z</time>
   </trkpt>
   <trkpt lat="52.496867" lon="13.44943">
    <ele>38.4</ele>
    <time>2024-09-02T19:12:16.000Z</time>
   </trkpt>
   <trkpt lat="52.496839" lon="13.44948">
    <ele>38.4</ele>
    <time>2024-09-02T19:12:17.000Z</time>
   </trkpt>
   <trkpt lat="52.496812" lon="13.449529">
    <ele>38.4</ele>
    <time>2024-09-02T19:12:18.000Z</time>
   </trkpt>
   <trkpt lat="52.496786" lon="13.44958">
    <ele>38.4</ele>
    <time>2024-09-02T19:12:19.000Z</time>
   </trkpt>
   <trkpt lat="52.496758" lon="13.449632">
    <ele>38.3</ele>
    <time>2024-09-02T19:12:20.000Z</time>
   </trkpt>
   <trkpt lat="52.496729" lon="13.449687">
    <ele>38.3</ele>
    <time>2024-09-02T19:12:21.000Z</time>
   </trkpt>
   <trkpt lat="52.496699" lon="13.449744">
    <ele>38.3</ele>
    <time>2024-09-02T19:12:22.000Z</time>
   </trkpt>
   <trkpt lat="52.496667" lon="13.449802">
    <ele>38.3</ele>
    <time>2024-09-02T19:12:23.000Z</time>
   </trkpt>
   <trkpt lat="52.496635" lon="13.44986">
    <ele>38.3</ele>
    <time>2024-09-02T19:12:24.000Z</time>
   </trkpt>
   <trkpt lat="52.496602" lon="13.449918">
    <ele>38.3</ele>
    <time>2024-09-02T19:12:25.000Z</time>
   </trkpt>
   <trkpt lat="52.496569" lon="13.449976">
    <ele>38.3</ele>
    <time>2024-09-02T19:12:26.000Z</time>
   </trkpt>
   <trkpt lat="52.496535" lon="13.450034">
    <ele>38.3</ele>
    <time>2024-09-02T19:12:27.000Z</time>
   </trkpt>
   <trkpt lat="52.496501" lon="13.450093">
    <ele>38.3</ele>
    <time>2024-09-02T19:12:28.000Z</time>
   </trkpt>
   <trkpt lat="52.496468" lon="13.450152">
    <ele>38.3</ele>
    <time>2024-09-02T19:12:29.000Z</time>
   </trkpt>
   <trkpt lat="52.496433" lon="13.450212">
    <ele>38.3</ele>
    <time>2024-09-02T19:12:30.000Z</time>
   </trkpt>
   <trkpt lat="52.496399" lon="13.450273">
    <ele>38.2</ele>
    <time>2024-09-02T19:12:31.000Z</time>
   </trkpt>
   <trkpt lat="52.496365" lon="13.450335">
    <ele>38.2</ele>
    <time>2024-09-02T19:12:32.000Z</time>
   </trkpt>
   <trkpt lat="52.496331" lon="13.450399">
    <ele>38.2</ele>
    <time>2024-09-02T19:12:33.000Z</time>
   </trkpt>
   <trkpt lat="52.496298" lon="13.450464">
    <ele>38.1</ele>
    <time>2024-09-02T19:12:34.000Z</time>
   </trkpt>
   <trkpt lat="52.496266" lon="13.45053">
    <ele>38.1</ele>
    <time>2024-09-02T19:12:35.000Z</time>
   </trkpt>
   <trkpt lat="52.49616" lon="13.450726">
    <ele>38</ele>
    <time>2024-09-02T19:12:38.000Z</time>
   </trkpt>
   <trkpt lat="52.496123" lon="13.450793">
    <ele>38</ele>
    <time>2024-09-02T19:12:39.000Z</time>
   </trkpt>
   <trkpt lat="52.496086" lon="13.45086">
    <ele>38</ele>
    <time>2024-09-02T19:12:40.000Z</time>
   </trkpt>
   <trkpt lat="52.49605" lon="13.450927">
    <ele>38</ele>
    <time>2024-09-02T19:12:41.000Z</time>
   </trkpt>
   <trkpt lat="52.496014" lon="13.450994">
    <ele>37.9</ele>
    <time>2024-09-02T19:12:42.000Z</time>
   </trkpt>
   <trkpt lat="52.495977" lon="13.45106">
    <ele>37.9</ele>
    <time>2024-09-02T19:12:43.000Z</time>
   </trkpt>
   <trkpt lat="52.49594" lon="13.451126">
    <ele>37.9</ele>
    <time>2024-09-02T19:12:44.000Z</time>
   </trkpt>
   <trkpt lat="52.495902" lon="13.451192">
    <ele>37.9</ele>
    <time>2024-09-02T19:12:45.000Z</time>
   </trkpt>
   <trkpt lat="52.495865" lon="13.451257">
    <ele>37.9</ele>
    <time>2024-09-02T19:12:46.000Z</time>
   </trkpt>
   <trkpt lat="52.495828" lon="13.45132">
    <ele>37.9</ele>
    <time>2024-09-02T19:12:47.000Z</time>
   </trkpt>
   <trkpt lat="52.49579" lon="13.451383">
    <ele>37.8</ele>
    <time>2024-09-02T19:12:48.000Z</time>
   </trkpt>
   <trkpt lat="52.495752" lon="13.451446">
    <ele>37.8</ele>
    <time>2024-09-02T19:12:49.000Z</time>
   </trkpt>
   <trkpt lat="52.495714" lon="13.451509">
    <ele>37.8</ele>
    <time>2024-09-02T19:12:50.000Z</time>
   </trkpt>
   <trkpt lat="52.495675" lon="13.451572">
    <ele>37.8</ele>
    <time>2024-09-02T19:12:51.000Z</time>
   </trkpt>
   <trkpt lat="52.495617" lon="13.451666">
    <ele>37.8</ele>
    <time>2024-09-02T19:12:52.000Z</time>
   </trkpt>
   <trkpt lat="52.495597" lon="13.451697">
    <ele>37.8</ele>
    <time>2024-09-02T19:12:53.000Z</time>
   </trkpt>
   <trkpt lat="52.495558" lon="13.451758">
    <ele>37.8</ele>
    <time>2024-09-02T19:12:54.000Z</time>
   </trkpt>
   <trkpt lat="52.495519" lon="13.45182">
    <ele>37.8</ele>
    <time>2024-09-02T19:12:55.000Z</time>
   </trkpt>
   <trkpt lat="52.495481" lon="13.451881">
    <ele>37.7</ele>
    <time>2024-09-02T19:12:56.000Z</time>
   </trkpt>
   <trkpt lat="52.495443" lon="13.451941">
    <ele>37.7</ele>
    <time>2024-09-02T19:12:57.000Z</time>
   </trkpt>
   <trkpt lat="52.495405" lon="13.452002">
    <ele>37.7</ele>
    <time>2024-09-02T19:12:58.000Z</time>
   </trkpt>
   <trkpt lat="52.495367" lon="13.452062">
    <ele>37.7</ele>
    <time>2024-09-02T19:13:00.000Z</time>
   </trkpt>
   <trkpt lat="52.49533" lon="13.452121">
    <ele>37.7</ele>
    <time>2024-09-02T19:13:01.000Z</time>
   </trkpt>
   <trkpt lat="52.495291" lon="13.45218">
    <ele>37.7</ele>
    <time>2024-09-02T19:13:02.000Z</time>
   </trkpt>
   <trkpt lat="52.495253" lon="13.452239">
    <ele>37.7</ele>
    <time>2024-09-02T19:13:03.000Z</time>
   </trkpt>
   <trkpt lat="52.495214" lon="13.452298">
    <ele>37.7</ele>
    <time>2024-09-02T19:13:04.000Z</time>
   </trkpt>
   <trkpt lat="52.495175" lon="13.452357">
    <ele>37.7</ele>
    <time>2024-09-02T19:13:05.000Z</time>
   </trkpt>
   <trkpt lat="52.495135" lon="13.452417">
    <ele>37.7</ele>
    <time>2024-09-02T19:13:06.000Z</time>
   </trkpt>
   <trkpt lat="52.495096" lon="13.452477">
    <ele>37.7</ele>
    <time>2024-09-02T19:13:07.000Z</time>
   </trkpt>
   <trkpt lat="52.495056" lon="13.452536">
    <ele>37.6</ele>
    <time>2024-09-02T19:13:08.000Z</time>
   </trkpt>
   <trkpt lat="52.495017" lon="13.452595">
    <ele>37.6</ele>
    <time>2024-09-02T19:13:09.000Z</time>
   </trkpt>
   <trkpt lat="52.494977" lon="13.452653">
    <ele>37.6</ele>
    <time>2024-09-02T19:13:10.000Z</time>
   </trkpt>
   <trkpt lat="52.494937" lon="13.452711">
    <ele>37.6</ele>
    <time>2024-09-02T19:13:11.000Z</time>
   </trkpt>
   <trkpt lat="52.494895" lon="13.45277">
    <ele>37.6</ele>
    <time>2024-09-02T19:13:12.000Z</time>
   </trkpt>
   <trkpt lat="52.494852" lon="13.452831">
    <ele>37.6</ele>
    <time>2024-09-02T19:13:13.000Z</time>
   </trkpt>
   <trkpt lat="52.49481" lon="13.452892">
    <ele>37.6</ele>
    <time>2024-09-02T19:13:14.000Z</time>
   </trkpt>
   <trkpt lat="52.494768" lon="13.452955">
    <ele>37.6</ele>
    <time>2024-09-02T19:13:15.000Z</time>
   </trkpt>
   <trkpt lat="52.494727" lon="13.453017">
    <ele>37.6</ele>
    <time>2024-09-02T19:13:16.000Z</time>
   </trkpt>
   <trkpt lat="52.494687" lon="13.45308">
    <ele>37.6</ele>
    <time>2024-09-02T19:13:17.000Z</time>
   </trkpt>
   <trkpt lat="52.494647" lon="13.453141">
    <ele>37.6</ele>
    <time>2024-09-02T19:13:18.000Z</time>
   </trkpt>
   <trkpt lat="52.494607" lon="13.453201">
    <ele>37.6</ele>
    <time>2024-09-02T19:13:19.000Z</time>
   </trkpt>
   <trkpt lat="52.494566" lon="13.453258">
    <ele>37.6</ele>
    <time>2024-09-02T19:13:20.000Z</time>
   </trkpt>
   <trkpt lat="52.494525" lon="13.453313">
    <ele>37.6</ele>
    <time>2024-09-02T19:13:21.000Z</time>
   </trkpt>
   <trkpt lat="52.494484" lon="13.453368">
    <ele>37.6</ele>
    <time>2024-09-02T19:13:22.000Z</time>
   </trkpt>
   <trkpt lat="52.494444" lon="13.453424">
    <ele>37.6</ele>
    <time>2024-09-02T19:13:23.000Z</time>
   </trkpt>
   <trkpt lat="52.494405" lon="13.453481">
    <ele>37.6</ele>
    <time>2024-09-02T19:13:24.000Z</time>
   </trkpt>
   <trkpt lat="52.494368" lon="13.453538">
    <ele>37.6</ele>
    <time>2024-09-02T19:13:25.000Z</time>
   </trkpt>
   <trkpt lat="52.494331" lon="13.453594">
    <ele>37.6</ele>
    <time>2024-09-02T19:13:26.000Z</time>
   </trkpt>
   <trkpt lat="52.494296" lon="13.45365">
    <ele>37.6</ele>
    <time>2024-09-02T19:13:27.000Z</time>
   </trkpt>
   <trkpt lat="52.494261" lon="13.453704">
    <ele>37.7</ele>
    <time>2024-09-02T19:13:28.000Z</time>
   </trkpt>
   <trkpt lat="52.494228" lon="13.453757">
    <ele>37.7</ele>
    <time>2024-09-02T19:13:29.000Z</time>
   </trkpt>
   <trkpt lat="52.494196" lon="13.453808">
    <ele>37.7</ele>
    <time>2024-09-02T19:13:30.000Z</time>
   </trkpt>
   <trkpt lat="52.494166" lon="13.453857">
    <ele>37.7</ele>
    <time>2024-09-02T19:13:31.000Z</time>
   </trkpt>
   <trkpt lat="52.494137" lon="13.453904">
    <ele>37.7</ele>
    <time>2024-09-02T19:13:32.000Z</time>
   </trkpt>
   <trkpt lat="52.494111" lon="13.453947">
    <ele>37.8</ele>
    <time>2024-09-02T19:13:33.000Z</time>
   </trkpt>
   <trkpt lat="52.494087" lon="13.453987">
    <ele>37.8</ele>
    <time>2024-09-02T19:13:34.000Z</time>
   </trkpt>
   <trkpt lat="52.494068" lon="13.454021">
    <ele>37.8</ele>
    <time>2024-09-02T19:13:35.000Z</time>
   </trkpt>
   <trkpt lat="52.494053" lon="13.454049">
    <ele>37.8</ele>
    <time>2024-09-02T19:13:36.000Z</time>
   </trkpt>
   <trkpt lat="52.494025" lon="13.4541">
    <ele>37.8</ele>
    <time>2024-09-02T19:13:39.000Z</time>
   </trkpt>
   <trkpt lat="52.494018" lon="13.454109">
    <ele>37.8</ele>
    <time>2024-09-02T19:13:40.000Z</time>
   </trkpt>
   <trkpt lat="52.494012" lon="13.454118">
    <ele>37.8</ele>
    <time>2024-09-02T19:13:41.000Z</time>
   </trkpt>
   <trkpt lat="52.494004" lon="13.454127">
    <ele>37.8</ele>
    <time>2024-09-02T19:13:42.000Z</time>
   </trkpt>
   <trkpt lat="52.493996" lon="13.454138">
    <ele>37.8</ele>
    <time>2024-09-02T19:13:43.000Z</time>
   </trkpt>
   <trkpt lat="52.493982" lon="13.454158">
    <ele>37.8</ele>
    <time>2024-09-02T19:13:44.000Z</time>
   </trkpt>
   <trkpt lat="52.49396" lon="13.454193">
    <ele>37.8</ele>
    <time>2024-09-02T19:13:45.000Z</time>
   </trkpt>
   <trkpt lat="52.493935" lon="13.454234">
    <ele>37.9</ele>
    <time>2024-09-02T19:13:46.000Z</time>
   </trkpt>
   <trkpt lat="52.49391" lon="13.454278">
    <ele>37.9</ele>
    <time>2024-09-02T19:13:47.000Z</time>
   </trkpt>
   <trkpt lat="52.493882" lon="13.454327">
    <ele>37.9</ele>
    <time>2024-09-02T19:13:48.000Z</time>
   </trkpt>
   <trkpt lat="52.493851" lon="13.454379">
    <ele>37.9</ele>
    <time>2024-09-02T19:13:49.000Z</time>
   </trkpt>
   <trkpt lat="52.493819" lon="13.454432">
    <ele>37.9</ele>
    <time>2024-09-02T19:13:50.000Z</time>
   </trkpt>
   <trkpt lat="52.493786" lon="13.454484">
    <ele>37.9</ele>
    <time>2024-09-02T19:13:51.000Z</time>
   </trkpt>
   <trkpt lat="52.493736" lon="13.454562">
    <ele>37.9</ele>
    <time>2024-09-02T19:13:52.000Z</time>
   </trkpt>
   <trkpt lat="52.493719" lon="13.454587">
    <ele>38</ele>
    <time>2024-09-02T19:13:53.000Z</time>
   </trkpt>
   <trkpt lat="52.493684" lon="13.454637">
    <ele>38</ele>
    <time>2024-09-02T19:13:54.000Z</time>
   </trkpt>
   <trkpt lat="52.493648" lon="13.45469">
    <ele>38</ele>
    <time>2024-09-02T19:13:55.000Z</time>
   </trkpt>
   <trkpt lat="52.493612" lon="13.454746">
    <ele>38</ele>
    <time>2024-09-02T19:13:56.000Z</time>
   </trkpt>
   <trkpt lat="52.493576" lon="13.454803">
    <ele>38</ele>
    <time>2024-09-02T19:13:57.000Z</time>
   </trkpt>
   <trkpt lat="52.493541" lon="13.454862">
    <ele>38</ele>
    <time>2024-09-02T19:13:58.000Z</time>
   </trkpt>
   <trkpt lat="52.493504" lon="13.454922">
    <ele>38</ele>
    <time>2024-09-02T19:13:59.000Z</time>
   </trkpt>
   <trkpt lat="52.493466" lon="13.454982">
    <ele>38.1</ele>
    <time>2024-09-02T19:14:00.000Z</time>
   </trkpt>
   <trkpt lat="52.493428" lon="13.455041">
    <ele>38.1</ele>
    <time>2024-09-02T19:14:01.000Z</time>
   </trkpt>
   <trkpt lat="52.493391" lon="13.4551">
    <ele>38.1</ele>
    <time>2024-09-02T19:14:02.000Z</time>
   </trkpt>
   <trkpt lat="52.493354" lon="13.455161">
    <ele>38.1</ele>
    <time>2024-09-02T19:14:03.000Z</time>
   </trkpt>
   <trkpt lat="52.493317" lon="13.455222">
    <ele>38.1</ele>
    <time>2024-09-02T19:14:04.000Z</time>
   </trkpt>
   <trkpt lat="52.493279" lon="13.455284">
    <ele>38.1</ele>
    <time>2024-09-02T19:14:05.000Z</time>
   </trkpt>
   <trkpt lat="52.493241" lon="13.455345">
    <ele>38.1</ele>
    <time>2024-09-02T19:14:06.000Z</time>
   </trkpt>
   <trkpt lat="52.493133" lon="13.455517">
    <ele>38.1</ele>
    <time>2024-09-02T19:14:09.000Z</time>
   </trkpt>
   <trkpt lat="52.493119" lon="13.455539">
    <ele>38.1</ele>
    <time>2024-09-02T19:14:10.000Z</time>
   </trkpt>
   <trkpt lat="52.493089" lon="13.455584">
    <ele>38.1</ele>
    <time>2024-09-02T19:14:11.000Z</time>
   </trkpt>
   <trkpt lat="52.493056" lon="13.455632">
    <ele>38.1</ele>
    <time>2024-09-02T19:14:12.000Z</time>
   </trkpt>
   <trkpt lat="52.493024" lon="13.455682">
    <ele>38.2</ele>
    <time>2024-09-02T19:14:13.000Z</time>
   </trkpt>
   <trkpt lat="52.492993" lon="13.455732">
    <ele>38.2</ele>
    <time>2024-09-02T19:14:14.000Z</time>
   </trkpt>
   <trkpt lat="52.492962" lon="13.455782">
    <ele>38.2</ele>
    <time>2024-09-02T19:14:15.000Z</time>
   </trkpt>
   <trkpt lat="52.492932" lon="13.455829">
    <ele>38.1</ele>
    <time>2024-09-02T19:14:16.000Z</time>
   </trkpt>
   <trkpt lat="52.492901" lon="13.455876">
    <ele>38.1</ele>
    <time>2024-09-02T19:14:17.000Z</time>
   </trkpt>
   <trkpt lat="52.492867" lon="13.455925">
    <ele>38.1</ele>
    <time>2024-09-02T19:14:18.000Z</time>
   </trkpt>
   <trkpt lat="52.492831" lon="13.455978">
    <ele>38.1</ele>
    <time>2024-09-02T19:14:19.000Z</time>
   </trkpt>
   <trkpt lat="52.492794" lon="13.456028">
    <ele>38.1</ele>
    <time>2024-09-02T19:14:20.000Z</time>
   </trkpt>
   <trkpt lat="52.492757" lon="13.456077">
    <ele>38.1</ele>
    <time>2024-09-02T19:14:21.000Z</time>
   </trkpt>
   <trkpt lat="52.492704" lon="13.456154">
    <ele>38.1</ele>
    <time>2024-09-02T19:14:22.000Z</time>
   </trkpt>
   <trkpt lat="52.492686" lon="13.45618">
    <ele>38.1</ele>
    <time>2024-09-02T19:14:23.000Z</time>
   </trkpt>
   <trkpt lat="52.49265" lon="13.456234">
    <ele>38.1</ele>
    <time>2024-09-02T19:14:24.000Z</time>
   </trkpt>
   <trkpt lat="52.492613" lon="13.456291">
    <ele>38.1</ele>
    <time>2024-09-02T19:14:25.000Z</time>
   </trkpt>
   <trkpt lat="52.492578" lon="13.456351">
    <ele>38.1</ele>
    <time>2024-09-02T19:14:26.000Z</time>
   </trkpt>
   <trkpt lat="52.492542" lon="13.456408">
    <ele>38.1</ele>
    <time>2024-09-02T19:14:27.000Z</time>
   </trkpt>
   <trkpt lat="52.492504" lon="13.456465">
    <ele>38.2</ele>
    <time>2024-09-02T19:14:28.000Z</time>
   </trkpt>
   <trkpt lat="52.492466" lon="13.456523">
    <ele>38.2</ele>
    <time>2024-09-02T19:14:29.000Z</time>
   </trkpt>
   <trkpt lat="52.492432" lon="13.456577">
    <ele>38.2</ele>
    <time>2024-09-02T19:14:30.000Z</time>
   </trkpt>
   <trkpt lat="52.492402" lon="13.456626">
    <ele>38.2</ele>
    <time>2024-09-02T19:14:31.000Z</time>
   </trkpt>
   <trkpt lat="52.492377" lon="13.456672">
    <ele>38.2</ele>
    <time>2024-09-02T19:14:32.000Z</time>
   </trkpt>
   <trkpt lat="52.492354" lon="13.456715">
    <ele>38.2</ele>
    <time>2024-09-02T19:14:33.000Z</time>
   </trkpt>
   <trkpt lat="52.492331" lon="13.456757">
    <ele>38.2</ele>
    <time>2024-09-02T19:14:34.000Z</time>
   </trkpt>
   <trkpt lat="52.492306" lon="13.456799">
    <ele>38.2</ele>
    <time>2024-09-02T19:14:35.000Z</time>
   </trkpt>
   <trkpt lat="52.492279" lon="13.45684">
    <ele>38.2</ele>
    <time>2024-09-02T19:14:36.000Z</time>
   </trkpt>
   <trkpt lat="52.492177" lon="13.45698">
    <ele>38.2</ele>
    <time>2024-09-02T19:14:39.000Z</time>
   </trkpt>
   <trkpt lat="52.492163" lon="13.456999">
    <ele>38.2</ele>
    <time>2024-09-02T19:14:40.000Z</time>
   </trkpt>
   <trkpt lat="52.492134" lon="13.457038">
    <ele>38.2</ele>
    <time>2024-09-02T19:14:41.000Z</time>
   </trkpt>
   <trkpt lat="52.492109" lon="13.457072">
    <ele>38.2</ele>
    <time>2024-09-02T19:14:42.000Z</time>
   </trkpt>
   <trkpt lat="52.492087" lon="13.457105">
    <ele>38.2</ele>
    <time>2024-09-02T19:14:43.000Z</time>
   </trkpt>
   <trkpt lat="52.492065" lon="13.457137">
    <ele>38.2</ele>
    <time>2024-09-02T19:14:44.000Z</time>
   </trkpt>
   <trkpt lat="52.492045" lon="13.457169">
    <ele>38.2</ele>
    <time>2024-09-02T19:14:45.000Z</time>
   </trkpt>
   <trkpt lat="52.492025" lon="13.4572">
    <ele>38.2</ele>
    <time>2024-09-02T19:14:46.000Z</time>
   </trkpt>
   <trkpt lat="52.492006" lon="13.457231">
    <ele>38.2</ele>
    <time>2024-09-02T19:14:47.000Z</time>
   </trkpt>
   <trkpt lat="52.491989" lon="13.45726">
    <ele>38.2</ele>
    <time>2024-09-02T19:14:48.000Z</time>
   </trkpt>
   <trkpt lat="52.491973" lon="13.457287">
    <ele>38.2</ele>
    <time>2024-09-02T19:14:49.000Z</time>
   </trkpt>
   <trkpt lat="52.491956" lon="13.457312">
    <ele>38.2</ele>
    <time>2024-09-02T19:14:50.000Z</time>
   </trkpt>
   <trkpt lat="52.49194" lon="13.457334">
    <ele>38.2</ele>
    <time>2024-09-02T19:14:51.000Z</time>
   </trkpt>
   <trkpt lat="52.491926" lon="13.457356">
    <ele>38.2</ele>
    <time>2024-09-02T19:14:52.000Z</time>
   </trkpt>
   <trkpt lat="52.491912" lon="13.457376">
    <ele>38.2</ele>
    <time>2024-09-02T19:14:53.000Z</time>
   </trkpt>
   <trkpt lat="52.491902" lon="13.457393">
    <ele>38.2</ele>
    <time>2024-09-02T19:14:54.000Z</time>
   </trkpt>
   <trkpt lat="52.491896" lon="13.457404">
    <ele>38.2</ele>
    <time>2024-09-02T19:14:55.000Z</time>
   </trkpt>
   <trkpt lat="52.491894" lon="13.457409">
    <ele>38.2</ele>
    <time>2024-09-02T19:14:56.000Z</time>
   </trkpt>
   <trkpt lat="52.491895" lon="13.457409">
    <ele>38.2</ele>
    <time>2024-09-02T19:14:57.000Z</time>
   </trkpt>
   <trkpt lat="52.491895" lon="13.457409">
    <ele>38.2</ele>
    <time>2024-09-02T19:14:58.000Z</time>
   </trkpt>
   <trkpt lat="52.491816" lon="13.45747">
    <ele>38.2</ele>
    <time>2024-09-02T19:15:44.000Z</time>
   </trkpt>
   <trkpt lat="52.491795" lon="13.457495">
    <ele>38.2</ele>
    <time>2024-09-02T19:15:45.000Z</time>
   </trkpt>
   <trkpt lat="52.491771" lon="13.457525">
    <ele>38.2</ele>
    <time>2024-09-02T19:15:46.000Z</time>
   </trkpt>
   <trkpt lat="52.491746" lon="13.457559">
    <ele>38.2</ele>
    <time>2024-09-02T19:15:47.000Z</time>
   </trkpt>
   <trkpt lat="52.491719" lon="13.457595">
    <ele>37.8</ele>
    <time>2024-09-02T19:15:48.000Z</time>
   </trkpt>
   <trkpt lat="52.491691" lon="13.457634">
    <ele>37.8</ele>
    <time>2024-09-02T19:15:49.000Z</time>
   </trkpt>
   <trkpt lat="52.491662" lon="13.457673">
    <ele>37.9</ele>
    <time>2024-09-02T19:15:50.000Z</time>
   </trkpt>
   <trkpt lat="52.491632" lon="13.457711">
    <ele>37.9</ele>
    <time>2024-09-02T19:15:51.000Z</time>
   </trkpt>
   <trkpt lat="52.491602" lon="13.457748">
    <ele>37.9</ele>
    <time>2024-09-02T19:15:52.000Z</time>
   </trkpt>
   <trkpt lat="52.491572" lon="13.457784">
    <ele>37.9</ele>
    <time>2024-09-02T19:15:53.000Z</time>
   </trkpt>
   <trkpt lat="52.49154" lon="13.457821">
    <ele>37.9</ele>
    <time>2024-09-02T19:15:54.000Z</time>
   </trkpt>
   <trkpt lat="52.491509" lon="13.45786">
    <ele>37.9</ele>
    <time>2024-09-02T19:15:55.000Z</time>
   </trkpt>
   <trkpt lat="52.491477" lon="13.457899">
    <ele>37.9</ele>
    <time>2024-09-02T19:15:56.000Z</time>
   </trkpt>
   <trkpt lat="52.491445" lon="13.457941">
    <ele>37.9</ele>
    <time>2024-09-02T19:15:57.000Z</time>
   </trkpt>
   <trkpt lat="52.491413" lon="13.457983">
    <ele>38</ele>
    <time>2024-09-02T19:15:58.000Z</time>
   </trkpt>
   <trkpt lat="52.491379" lon="13.458027">
    <ele>38</ele>
    <time>2024-09-02T19:15:59.000Z</time>
   </trkpt>
   <trkpt lat="52.491344" lon="13.458072">
    <ele>38</ele>
    <time>2024-09-02T19:16:00.000Z</time>
   </trkpt>
   <trkpt lat="52.491308" lon="13.458118">
    <ele>38</ele>
    <time>2024-09-02T19:16:01.000Z</time>
   </trkpt>
   <trkpt lat="52.491271" lon="13.458164">
    <ele>38</ele>
    <time>2024-09-02T19:16:02.000Z</time>
   </trkpt>
   <trkpt lat="52.491234" lon="13.458212">
    <ele>38</ele>
    <time>2024-09-02T19:16:03.000Z</time>
   </trkpt>
   <trkpt lat="52.491196" lon="13.458262">
    <ele>38</ele>
    <time>2024-09-02T19:16:04.000Z</time>
   </trkpt>
   <trkpt lat="52.491159" lon="13.458315">
    <ele>38</ele>
    <time>2024-09-02T19:16:05.000Z</time>
   </trkpt>
   <trkpt lat="52.491121" lon="13.45837">
    <ele>37.9</ele>
    <time>2024-09-02T19:16:06.000Z</time>
   </trkpt>
   <trkpt lat="52.491084" lon="13.458426">
    <ele>37.9</ele>
    <time>2024-09-02T19:16:07.000Z</time>
   </trkpt>
   <trkpt lat="52.491048" lon="13.458484">
    <ele>37.9</ele>
    <time>2024-09-02T19:16:08.000Z</time>
   </trkpt>
   <trkpt lat="52.491011" lon="13.458543">
    <ele>37.8</ele>
    <time>2024-09-02T19:16:09.000Z</time>
   </trkpt>
   <trkpt lat="52.490974" lon="13.458601">
    <ele>37.8</ele>
    <time>2024-09-02T19:16:10.000Z</time>
   </trkpt>
   <trkpt lat="52.490937" lon="13.45866">
    <ele>37.8</ele>
    <time>2024-09-02T19:16:11.000Z</time>
   </trkpt>
   <trkpt lat="52.4909" lon="13.458718">
    <ele>37.7</ele>
    <time>2024-09-02T19:16:12.000Z</time>
   </trkpt>
   <trkpt lat="52.490862" lon="13.458776">
    <ele>37.7</ele>
    <time>2024-09-02T19:16:13.000Z</time>
   </trkpt>
   <trkpt lat="52.490825" lon="13.458834">
    <ele>37.6</ele>
    <time>2024-09-02T19:16:14.000Z</time>
   </trkpt>
   <trkpt lat="52.490787" lon="13.458891">
    <ele>37.6</ele>
    <time>2024-09-02T19:16:15.000Z</time>
   </trkpt>
   <trkpt lat="52.490749" lon="13.458948">
    <ele>37.5</ele>
    <time>2024-09-02T19:16:16.000Z</time>
   </trkpt>
   <trkpt lat="52.49071" lon="13.459007">
    <ele>37.4</ele>
    <time>2024-09-02T19:16:17.000Z</time>
   </trkpt>
   <trkpt lat="52.49067" lon="13.459068">
    <ele>37.4</ele>
    <time>2024-09-02T19:16:18.000Z</time>
   </trkpt>
   <trkpt lat="52.49063" lon="13.459131">
    <ele>37.4</ele>
    <time>2024-09-02T19:16:19.000Z</time>
   </trkpt>
   <trkpt lat="52.49059" lon="13.459194">
    <ele>37.3</ele>
    <time>2024-09-02T19:16:20.000Z</time>
   </trkpt>
   <trkpt lat="52.490551" lon="13.459257">
    <ele>37.3</ele>
    <time>2024-09-02T19:16:21.000Z</time>
   </trkpt>
   <trkpt lat="52.490511" lon="13.45932">
    <ele>37.3</ele>
    <time>2024-09-02T19:16:22.000Z</time>
   </trkpt>
   <trkpt lat="52.490472" lon="13.459383">
    <ele>37.3</ele>
    <time>2024-09-02T19:16:23.000Z</time>
   </trkpt>
   <trkpt lat="52.490432" lon="13.459444">
    <ele>37.3</ele>
    <time>2024-09-02T19:16:24.000Z</time>
   </trkpt>
   <trkpt lat="52.490393" lon="13.459505">
    <ele>37.3</ele>
    <time>2024-09-02T19:16:25.000Z</time>
   </trkpt>
   <trkpt lat="52.490355" lon="13.459564">
    <ele>37.3</ele>
    <time>2024-09-02T19:16:26.000Z</time>
   </trkpt>
   <trkpt lat="52.490318" lon="13.459624">
    <ele>37.3</ele>
    <time>2024-09-02T19:16:27.000Z</time>
   </trkpt>
   <trkpt lat="52.490283" lon="13.459682">
    <ele>37.4</ele>
    <time>2024-09-02T19:16:28.000Z</time>
   </trkpt>
   <trkpt lat="52.490251" lon="13.45974">
    <ele>37.4</ele>
    <time>2024-09-02T19:16:29.000Z</time>
   </trkpt>
   <trkpt lat="52.490224" lon="13.459795">
    <ele>37.4</ele>
    <time>2024-09-02T19:16:30.000Z</time>
   </trkpt>
   <trkpt lat="52.490199" lon="13.459852">
    <ele>37.3</ele>
    <time>2024-09-02T19:16:31.000Z</time>
   </trkpt>
   <trkpt lat="52.490174" lon="13.459909">
    <ele>37.3</ele>
    <time>2024-09-02T19:16:32.000Z</time>
   </trkpt>
   <trkpt lat="52.490147" lon="13.459963">
    <ele>37.3</ele>
    <time>2024-09-02T19:16:33.000Z</time>
   </trkpt>
   <trkpt lat="52.490118" lon="13.460015">
    <ele>37.3</ele>
    <time>2024-09-02T19:16:34.000Z</time>
   </trkpt>
   <trkpt lat="52.490088" lon="13.460067">
    <ele>37.3</ele>
    <time>2024-09-02T19:16:35.000Z</time>
   </trkpt>
   <trkpt lat="52.490057" lon="13.460119">
    <ele>37.3</ele>
    <time>2024-09-02T19:16:36.000Z</time>
   </trkpt>
   <trkpt lat="52.489931" lon="13.460317">
    <ele>37.3</ele>
    <time>2024-09-02T19:16:39.000Z</time>
   </trkpt>
   <trkpt lat="52.489911" lon="13.460347">
    <ele>37.3</ele>
    <time>2024-09-02T19:16:40.000Z</time>
   </trkpt>
   <trkpt lat="52.48987" lon="13.460407">
    <ele>37.4</ele>
    <time>2024-09-02T19:16:41.000Z</time>
   </trkpt>
   <trkpt lat="52.48983" lon="13.460468">
    <ele>37.4</ele>
    <time>2024-09-02T19:16:42.000Z</time>
   </trkpt>
   <trkpt lat="52.48979" lon="13.460529">
    <ele>37.4</ele>
    <time>2024-09-02T19:16:43.000Z</time>
   </trkpt>
   <trkpt lat="52.489704" lon="13.460648">
    <ele>37.4</ele>
    <time>2024-09-02T19:16:44.000Z</time>
   </trkpt>
   <trkpt lat="52.48966" lon="13.460706">
    <ele>37.5</ele>
    <time>2024-09-02T19:16:45.000Z</time>
   </trkpt>
   <trkpt lat="52.489617" lon="13.460764">
    <ele>37.5</ele>
    <time>2024-09-02T19:16:46.000Z</time>
   </trkpt>
   <trkpt lat="52.489573" lon="13.460821">
    <ele>37.5</ele>
    <time>2024-09-02T19:16:47.000Z</time>
   </trkpt>
   <trkpt lat="52.48953" lon="13.460879">
    <ele>37.5</ele>
    <time>2024-09-02T19:16:48.000Z</time>
   </trkpt>
   <trkpt lat="52.489488" lon="13.460941">
    <ele>37.5</ele>
    <time>2024-09-02T19:16:49.000Z</time>
   </trkpt>
   <trkpt lat="52.489448" lon="13.461005">
    <ele>37.5</ele>
    <time>2024-09-02T19:16:50.000Z</time>
   </trkpt>
   <trkpt lat="52.489385" lon="13.461099">
    <ele>37.5</ele>
    <time>2024-09-02T19:16:51.000Z</time>
   </trkpt>
   <trkpt lat="52.489364" lon="13.461129">
    <ele>37.4</ele>
    <time>2024-09-02T19:16:52.000Z</time>
   </trkpt>
   <trkpt lat="52.48932" lon="13.461191">
    <ele>37.4</ele>
    <time>2024-09-02T19:16:53.000Z</time>
   </trkpt>
   <trkpt lat="52.489277" lon="13.461252">
    <ele>37.4</ele>
    <time>2024-09-02T19:16:54.000Z</time>
   </trkpt>
   <trkpt lat="52.489234" lon="13.461312">
    <ele>37.4</ele>
    <time>2024-09-02T19:16:55.000Z</time>
   </trkpt>
   <trkpt lat="52.48919" lon="13.461373">
    <ele>37.4</ele>
    <time>2024-09-02T19:16:57.000Z</time>
   </trkpt>
   <trkpt lat="52.489148" lon="13.461435">
    <ele>37.4</ele>
    <time>2024-09-02T19:16:58.000Z</time>
   </trkpt>
   <trkpt lat="52.489106" lon="13.461497">
    <ele>37.4</ele>
    <time>2024-09-02T19:16:59.000Z</time>
   </trkpt>
   <trkpt lat="52.489064" lon="13.461561">
    <ele>37.4</ele>
    <time>2024-09-02T19:17:00.000Z</time>
   </trkpt>
   <trkpt lat="52.489022" lon="13.461624">
    <ele>37.4</ele>
    <time>2024-09-02T19:17:01.000Z</time>
   </trkpt>
   <trkpt lat="52.48898" lon="13.461687">
    <ele>37.4</ele>
    <time>2024-09-02T19:17:02.000Z</time>
   </trkpt>
   <trkpt lat="52.488937" lon="13.461749">
    <ele>37.4</ele>
    <time>2024-09-02T19:17:03.000Z</time>
   </trkpt>
   <trkpt lat="52.488894" lon="13.461811">
    <ele>37.4</ele>
    <time>2024-09-02T19:17:04.000Z</time>
   </trkpt>
   <trkpt lat="52.48885" lon="13.461874">
    <ele>37.3</ele>
    <time>2024-09-02T19:17:05.000Z</time>
   </trkpt>
   <trkpt lat="52.488806" lon="13.461936">
    <ele>37.2</ele>
    <time>2024-09-02T19:17:06.000Z</time>
   </trkpt>
   <trkpt lat="52.488762" lon="13.461998">
    <ele>37.2</ele>
    <time>2024-09-02T19:17:07.000Z</time>
   </trkpt>
   <trkpt lat="52.488718" lon="13.46206">
    <ele>37.2</ele>
    <time>2024-09-02T19:17:08.000Z</time>
   </trkpt>
   <trkpt lat="52.488674" lon="13.462123">
    <ele>37.2</ele>
    <time>2024-09-02T19:17:09.000Z</time>
   </trkpt>
   <trkpt lat="52.488631" lon="13.462185">
    <ele>37.2</ele>
    <time>2024-09-02T19:17:10.000Z</time>
   </trkpt>
   <trkpt lat="52.488586" lon="13.462247">
    <ele>37.2</ele>
    <time>2024-09-02T19:17:11.000Z</time>
   </trkpt>
   <trkpt lat="52.48854" lon="13.462309">
    <ele>37.2</ele>
    <time>2024-09-02T19:17:12.000Z</time>
   </trkpt>
   <trkpt lat="52.488493" lon="13.462373">
    <ele>37.2</ele>
    <time>2024-09-02T19:17:13.000Z</time>
   </trkpt>
   <trkpt lat="52.488447" lon="13.462437">
    <ele>37.2</ele>
    <time>2024-09-02T19:17:14.000Z</time>
   </trkpt>
   <trkpt lat="52.488401" lon="13.462501">
    <ele>37.2</ele>
    <time>2024-09-02T19:17:15.000Z</time>
   </trkpt>
   <trkpt lat="52.488356" lon="13.462566">
    <ele>37.2</ele>
    <time>2024-09-02T19:17:16.000Z</time>
   </trkpt>
   <trkpt lat="52.488311" lon="13.462632">
    <ele>37.2</ele>
    <time>2024-09-02T19:17:17.000Z</time>
   </trkpt>
   <trkpt lat="52.488267" lon="13.462698">
    <ele>37.2</ele>
    <time>2024-09-02T19:17:18.000Z</time>
   </trkpt>
   <trkpt lat="52.488223" lon="13.462764">
    <ele>37.2</ele>
    <time>2024-09-02T19:17:19.000Z</time>
   </trkpt>
   <trkpt lat="52.488177" lon="13.46283">
    <ele>37.2</ele>
    <time>2024-09-02T19:17:20.000Z</time>
   </trkpt>
   <trkpt lat="52.488131" lon="13.462898">
    <ele>37.2</ele>
    <time>2024-09-02T19:17:21.000Z</time>
   </trkpt>
   <trkpt lat="52.488084" lon="13.462966">
    <ele>37.2</ele>
    <time>2024-09-02T19:17:22.000Z</time>
   </trkpt>
   <trkpt lat="52.488035" lon="13.463035">
    <ele>37.2</ele>
    <time>2024-09-02T19:17:23.000Z</time>
   </trkpt>
   <trkpt lat="52.487988" lon="13.463106">
    <ele>37.2</ele>
    <time>2024-09-02T19:17:24.000Z</time>
   </trkpt>
   <trkpt lat="52.487941" lon="13.463178">
    <ele>37.2</ele>
    <time>2024-09-02T19:17:25.000Z</time>
   </trkpt>
   <trkpt lat="52.487893" lon="13.463252">
    <ele>37.2</ele>
    <time>2024-09-02T19:17:26.000Z</time>
   </trkpt>
   <trkpt lat="52.487845" lon="13.463326">
    <ele>37.2</ele>
    <time>2024-09-02T19:17:27.000Z</time>
   </trkpt>
   <trkpt lat="52.487796" lon="13.463399">
    <ele>37.2</ele>
    <time>2024-09-02T19:17:28.000Z</time>
   </trkpt>
   <trkpt lat="52.487746" lon="13.46347">
    <ele>37.2</ele>
    <time>2024-09-02T19:17:29.000Z</time>
   </trkpt>
   <trkpt lat="52.487697" lon="13.463541">
    <ele>37.2</ele>
    <time>2024-09-02T19:17:30.000Z</time>
   </trkpt>
   <trkpt lat="52.487648" lon="13.463612">
    <ele>37.2</ele>
    <time>2024-09-02T19:17:31.000Z</time>
   </trkpt>
   <trkpt lat="52.487598" lon="13.463685">
    <ele>37.2</ele>
    <time>2024-09-02T19:17:32.000Z</time>
   </trkpt>
   <trkpt lat="52.487548" lon="13.463759">
    <ele>37.2</ele>
    <time>2024-09-02T19:17:33.000Z</time>
   </trkpt>
   <trkpt lat="52.487498" lon="13.463832">
    <ele>37.2</ele>
    <time>2024-09-02T19:17:34.000Z</time>
   </trkpt>
   <trkpt lat="52.487448" lon="13.463905">
    <ele>37.2</ele>
    <time>2024-09-02T19:17:35.000Z</time>
   </trkpt>
   <trkpt lat="52.487399" lon="13.46398">
    <ele>37.2</ele>
    <time>2024-09-02T19:17:36.000Z</time>
   </trkpt>
   <trkpt lat="52.48735" lon="13.464056">
    <ele>37.2</ele>
    <time>2024-09-02T19:17:37.000Z</time>
   </trkpt>
   <trkpt lat="52.487302" lon="13.46413">
    <ele>37.2</ele>
    <time>2024-09-02T19:17:38.000Z</time>
   </trkpt>
   <trkpt lat="52.487254" lon="13.464202">
    <ele>37.2</ele>
    <time>2024-09-02T19:17:39.000Z</time>
   </trkpt>
   <trkpt lat="52.487207" lon="13.464276">
    <ele>37.2</ele>
    <time>2024-09-02T19:17:40.000Z</time>
   </trkpt>
   <trkpt lat="52.48716" lon="13.464352">
    <ele>37.2</ele>
    <time>2024-09-02T19:17:41.000Z</time>
   </trkpt>
   <trkpt lat="52.487111" lon="13.464426">
    <ele>37.2</ele>
    <time>2024-09-02T19:17:42.000Z</time>
   </trkpt>
   <trkpt lat="52.487062" lon="13.464496">
    <ele>37.2</ele>
    <time>2024-09-02T19:17:43.000Z</time>
   </trkpt>
   <trkpt lat="52.487012" lon="13.464567">
    <ele>37.2</ele>
    <time>2024-09-02T19:17:44.000Z</time>
   </trkpt>
   <trkpt lat="52.486962" lon="13.464639">
    <ele>37.2</ele>
    <time>2024-09-02T19:17:45.000Z</time>
   </trkpt>
   <trkpt lat="52.486912" lon="13.464712">
    <ele>37.2</ele>
    <time>2024-09-02T19:17:46.000Z</time>
   </trkpt>
   <trkpt lat="52.486863" lon="13.464787">
    <ele>37.2</ele>
    <time>2024-09-02T19:17:47.000Z</time>
   </trkpt>
   <trkpt lat="52.486814" lon="13.46486">
    <ele>37.2</ele>
    <time>2024-09-02T19:17:48.000Z</time>
   </trkpt>
   <trkpt lat="52.486765" lon="13.464932">
    <ele>37.2</ele>
    <time>2024-09-02T19:17:49.000Z</time>
   </trkpt>
   <trkpt lat="52.486715" lon="13.465004">
    <ele>37.2</ele>
    <time>2024-09-02T19:17:50.000Z</time>
   </trkpt>
   <trkpt lat="52.486666" lon="13.465076">
    <ele>37.2</ele>
    <time>2024-09-02T19:17:51.000Z</time>
   </trkpt>
   <trkpt lat="52.486617" lon="13.465149">
    <ele>37.2</ele>
    <time>2024-09-02T19:17:52.000Z</time>
   </trkpt>
   <trkpt lat="52.486568" lon="13.465221">
    <ele>37.2</ele>
    <time>2024-09-02T19:17:53.000Z</time>
   </trkpt>
   <trkpt lat="52.48652" lon="13.465292">
    <ele>37.3</ele>
    <time>2024-09-02T19:17:54.000Z</time>
   </trkpt>
   <trkpt lat="52.486471" lon="13.465363">
    <ele>37.4</ele>
    <time>2024-09-02T19:17:55.000Z</time>
   </trkpt>
   <trkpt lat="52.486422" lon="13.465434">
    <ele>37.4</ele>
    <time>2024-09-02T19:17:56.000Z</time>
   </trkpt>
   <trkpt lat="52.486374" lon="13.465506">
    <ele>37.4</ele>
    <time>2024-09-02T19:17:57.000Z</time>
   </trkpt>
   <trkpt lat="52.486327" lon="13.465577">
    <ele>37.4</ele>
    <time>2024-09-02T19:17:58.000Z</time>
   </trkpt>
   <trkpt lat="52.486279" lon="13.465647">
    <ele>37.4</ele>
    <time>2024-09-02T19:17:59.000Z</time>
   </trkpt>
   <trkpt lat="52.486231" lon="13.465718">
    <ele>37.4</ele>
    <time>2024-09-02T19:18:00.000Z</time>
   </trkpt>
   <trkpt lat="52.486183" lon="13.46579">
    <ele>37.4</ele>
    <time>2024-09-02T19:18:01.000Z</time>
   </trkpt>
   <trkpt lat="52.486135" lon="13.465861">
    <ele>37.4</ele>
    <time>2024-09-02T19:18:02.000Z</time>
   </trkpt>
   <trkpt lat="52.486087" lon="13.465935">
    <ele>37.4</ele>
    <time>2024-09-02T19:18:03.000Z</time>
   </trkpt>
   <trkpt lat="52.48604" lon="13.466009">
    <ele>37.4</ele>
    <time>2024-09-02T19:18:04.000Z</time>
   </trkpt>
   <trkpt lat="52.485992" lon="13.466081">
    <ele>37.4</ele>
    <time>2024-09-02T19:18:05.000Z</time>
   </trkpt>
   <trkpt lat="52.485944" lon="13.466153">
    <ele>37.4</ele>
    <time>2024-09-02T19:18:06.000Z</time>
   </trkpt>
   <trkpt lat="52.485804" lon="13.466368">
    <ele>37.5</ele>
    <time>2024-09-02T19:18:09.000Z</time>
   </trkpt>
   <trkpt lat="52.485757" lon="13.466442">
    <ele>37.5</ele>
    <time>2024-09-02T19:18:10.000Z</time>
   </trkpt>
   <trkpt lat="52.48571" lon="13.466516">
    <ele>37.5</ele>
    <time>2024-09-02T19:18:11.000Z</time>
   </trkpt>
   <trkpt lat="52.48566" lon="13.466587">
    <ele>37.5</ele>
    <time>2024-09-02T19:18:12.000Z</time>
   </trkpt>
   <trkpt lat="52.48561" lon="13.466658">
    <ele>37.4</ele>
    <time>2024-09-02T19:18:13.000Z</time>
   </trkpt>
   <trkpt lat="52.485559" lon="13.46673">
    <ele>37.4</ele>
    <time>2024-09-02T19:18:14.000Z</time>
   </trkpt>
   <trkpt lat="52.48551" lon="13.466801">
    <ele>37.4</ele>
    <time>2024-09-02T19:18:15.000Z</time>
   </trkpt>
   <trkpt lat="52.48546" lon="13.46687">
    <ele>37.4</ele>
    <time>2024-09-02T19:18:16.000Z</time>
   </trkpt>
   <trkpt lat="52.485411" lon="13.466939">
    <ele>37.4</ele>
    <time>2024-09-02T19:18:17.000Z</time>
   </trkpt>
   <trkpt lat="52.485364" lon="13.467008">
    <ele>37.4</ele>
    <time>2024-09-02T19:18:18.000Z</time>
   </trkpt>
   <trkpt lat="52.485317" lon="13.467078">
    <ele>37.3</ele>
    <time>2024-09-02T19:18:19.000Z</time>
   </trkpt>
   <trkpt lat="52.48527" lon="13.467149">
    <ele>37.3</ele>
    <time>2024-09-02T19:18:20.000Z</time>
   </trkpt>
   <trkpt lat="52.485224" lon="13.467221">
    <ele>37.4</ele>
    <time>2024-09-02T19:18:21.000Z</time>
   </trkpt>
   <trkpt lat="52.485155" lon="13.467328">
    <ele>37.4</ele>
    <time>2024-09-02T19:18:22.000Z</time>
   </trkpt>
   <trkpt lat="52.485133" lon="13.467363">
    <ele>37.4</ele>
    <time>2024-09-02T19:18:23.000Z</time>
   </trkpt>
   <trkpt lat="52.485088" lon="13.467431">
    <ele>37.4</ele>
    <time>2024-09-02T19:18:24.000Z</time>
   </trkpt>
   <trkpt lat="52.485043" lon="13.467497">
    <ele>37.4</ele>
    <time>2024-09-02T19:18:25.000Z</time>
   </trkpt>
   <trkpt lat="52.484997" lon="13.467564">
    <ele>37.4</ele>
    <time>2024-09-02T19:18:26.000Z</time>
   </trkpt>
   <trkpt lat="52.484951" lon="13.467633">
    <ele>37.4</ele>
    <time>2024-09-02T19:18:27.000Z</time>
   </trkpt>
   <trkpt lat="52.484904" lon="13.467702">
    <ele>37.4</ele>
    <time>2024-09-02T19:18:28.000Z</time>
   </trkpt>
   <trkpt lat="52.484856" lon="13.467772">
    <ele>37.4</ele>
    <time>2024-09-02T19:18:29.000Z</time>
   </trkpt>
   <trkpt lat="52.484809" lon="13.467841">
    <ele>37.3</ele>
    <time>2024-09-02T19:18:30.000Z</time>
   </trkpt>
   <trkpt lat="52.484762" lon="13.46791">
    <ele>37.3</ele>
    <time>2024-09-02T19:18:31.000Z</time>
   </trkpt>
   <trkpt lat="52.484717" lon="13.467976">
    <ele>37.3</ele>
    <time>2024-09-02T19:18:32.000Z</time>
   </trkpt>
   <trkpt lat="52.484674" lon="13.46804">
    <ele>37.3</ele>
    <time>2024-09-02T19:18:33.000Z</time>
   </trkpt>
   <trkpt lat="52.484632" lon="13.468103">
    <ele>37.3</ele>
    <time>2024-09-02T19:18:34.000Z</time>
   </trkpt>
   <trkpt lat="52.484592" lon="13.468164">
    <ele>37.3</ele>
    <time>2024-09-02T19:18:35.000Z</time>
   </trkpt>
   <trkpt lat="52.484553" lon="13.468225">
    <ele>37.3</ele>
    <time>2024-09-02T19:18:36.000Z</time>
   </trkpt>
   <trkpt lat="52.484413" lon="13.468443">
    <ele>37.3</ele>
    <time>2024-09-02T19:18:39.000Z</time>
   </trkpt>
   <trkpt lat="52.484393" lon="13.468477">
    <ele>37.3</ele>
    <time>2024-09-02T19:18:40.000Z</time>
   </trkpt>
   <trkpt lat="52.484353" lon="13.468545">
    <ele>37.3</ele>
    <time>2024-09-02T19:18:41.000Z</time>
   </trkpt>
   <trkpt lat="52.484313" lon="13.468617">
    <ele>37.2</ele>
    <time>2024-09-02T19:18:42.000Z</time>
   </trkpt>
   <trkpt lat="52.484269" lon="13.468686">
    <ele>37.1</ele>
    <time>2024-09-02T19:18:43.000Z</time>
   </trkpt>
   <trkpt lat="52.484175" lon="13.468829">
    <ele>37.2</ele>
    <time>2024-09-02T19:18:44.000Z</time>
   </trkpt>
   <trkpt lat="52.48413" lon="13.468905">
    <ele>37.2</ele>
    <time>2024-09-02T19:18:45.000Z</time>
   </trkpt>
   <trkpt lat="52.484085" lon="13.468981">
    <ele>37.3</ele>
    <time>2024-09-02T19:18:47.000Z</time>
   </trkpt>
   <trkpt lat="52.484038" lon="13.469055">
    <ele>37.3</ele>
    <time>2024-09-02T19:18:48.000Z</time>
   </trkpt>
   <trkpt lat="52.483991" lon="13.469128">
    <ele>37.3</ele>
    <time>2024-09-02T19:18:49.000Z</time>
   </trkpt>
   <trkpt lat="52.483942" lon="13.469201">
    <ele>37.3</ele>
    <time>2024-09-02T19:18:50.000Z</time>
   </trkpt>
   <trkpt lat="52.483894" lon="13.469273">
    <ele>37.3</ele>
    <time>2024-09-02T19:18:51.000Z</time>
   </trkpt>
   <trkpt lat="52.483819" lon="13.469379">
    <ele>37.4</ele>
    <time>2024-09-02T19:18:52.000Z</time>
   </trkpt>
   <trkpt lat="52.483794" lon="13.469414">
    <ele>37.4</ele>
    <time>2024-09-02T19:18:53.000Z</time>
   </trkpt>
   <trkpt lat="52.483742" lon="13.469483">
    <ele>37.4</ele>
    <time>2024-09-02T19:18:54.000Z</time>
   </trkpt>
   <trkpt lat="52.48369" lon="13.469552">
    <ele>37.4</ele>
    <time>2024-09-02T19:18:55.000Z</time>
   </trkpt>
   <trkpt lat="52.483639" lon="13.469624">
    <ele>37.4</ele>
    <time>2024-09-02T19:18:56.000Z</time>
   </trkpt>
   <trkpt lat="52.483591" lon="13.469697">
    <ele>37.5</ele>
    <time>2024-09-02T19:18:57.000Z</time>
   </trkpt>
   <trkpt lat="52.483542" lon="13.46977">
    <ele>37.5</ele>
    <time>2024-09-02T19:18:58.000Z</time>
   </trkpt>
   <trkpt lat="52.483494" lon="13.469843">
    <ele>37.5</ele>
    <time>2024-09-02T19:18:59.000Z</time>
   </trkpt>
   <trkpt lat="52.483446" lon="13.469916">
    <ele>37.5</ele>
    <time>2024-09-02T19:19:00.000Z</time>
   </trkpt>
   <trkpt lat="52.483398" lon="13.469989">
    <ele>37.5</ele>
    <time>2024-09-02T19:19:01.000Z</time>
   </trkpt>
   <trkpt lat="52.483349" lon="13.470061">
    <ele>37.5</ele>
    <time>2024-09-02T19:19:02.000Z</time>
   </trkpt>
   <trkpt lat="52.4833" lon="13.470134">
    <ele>37.6</ele>
    <time>2024-09-02T19:19:03.000Z</time>
   </trkpt>
   <trkpt lat="52.483251" lon="13.470208">
    <ele>37.6</ele>
    <time>2024-09-02T19:19:04.000Z</time>
   </trkpt>
   <trkpt lat="52.483202" lon="13.470281">
    <ele>37.6</ele>
    <time>2024-09-02T19:19:05.000Z</time>
   </trkpt>
   <trkpt lat="52.483153" lon="13.470356">
    <ele>37.6</ele>
    <time>2024-09-02T19:19:06.000Z</time>
   </trkpt>
   <trkpt lat="52.483103" lon="13.47043">
    <ele>37.5</ele>
    <time>2024-09-02T19:19:07.000Z</time>
   </trkpt>
   <trkpt lat="52.483053" lon="13.470505">
    <ele>37.5</ele>
    <time>2024-09-02T19:19:08.000Z</time>
   </trkpt>
   <trkpt lat="52.483002" lon="13.470578">
    <ele>37.6</ele>
    <time>2024-09-02T19:19:09.000Z</time>
   </trkpt>
   <trkpt lat="52.482951" lon="13.470652">
    <ele>37.6</ele>
    <time>2024-09-02T19:19:10.000Z</time>
   </trkpt>
   <trkpt lat="52.482898" lon="13.470727">
    <ele>37.6</ele>
    <time>2024-09-02T19:19:11.000Z</time>
   </trkpt>
   <trkpt lat="52.482842" lon="13.470802">
    <ele>37.6</ele>
    <time>2024-09-02T19:19:12.000Z</time>
   </trkpt>
   <trkpt lat="52.482786" lon="13.470878">
    <ele>37.6</ele>
    <time>2024-09-02T19:19:13.000Z</time>
   </trkpt>
   <trkpt lat="52.482731" lon="13.470954">
    <ele>37.6</ele>
    <time>2024-09-02T19:19:14.000Z</time>
   </trkpt>
   <trkpt lat="52.482677" lon="13.471031">
    <ele>37.6</ele>
    <time>2024-09-02T19:19:15.000Z</time>
   </trkpt>
   <trkpt lat="52.482625" lon="13.471107">
    <ele>37.6</ele>
    <time>2024-09-02T19:19:16.000Z</time>
   </trkpt>
   <trkpt lat="52.482573" lon="13.471184">
    <ele>37.6</ele>
    <time>2024-09-02T19:19:17.000Z</time>
   </trkpt>
   <trkpt lat="52.48252" lon="13.47126">
    <ele>37.6</ele>
    <time>2024-09-02T19:19:18.000Z</time>
   </trkpt>
   <trkpt lat="52.482468" lon="13.471336">
    <ele>37.6</ele>
    <time>2024-09-02T19:19:19.000Z</time>
   </trkpt>
   <trkpt lat="52.482415" lon="13.471411">
    <ele>37.6</ele>
    <time>2024-09-02T19:19:20.000Z</time>
   </trkpt>
   <trkpt lat="52.482362" lon="13.471486">
    <ele>37.6</ele>
    <time>2024-09-02T19:19:21.000Z</time>
   </trkpt>
   <trkpt lat="52.482309" lon="13.47156">
    <ele>37.7</ele>
    <time>2024-09-02T19:19:22.000Z</time>
   </trkpt>
   <trkpt lat="52.482257" lon="13.471634">
    <ele>37.7</ele>
    <time>2024-09-02T19:19:23.000Z</time>
   </trkpt>
   <trkpt lat="52.482206" lon="13.471708">
    <ele>37.7</ele>
    <time>2024-09-02T19:19:24.000Z</time>
   </trkpt>
   <trkpt lat="52.482155" lon="13.471783">
    <ele>37.7</ele>
    <time>2024-09-02T19:19:25.000Z</time>
   </trkpt>
   <trkpt lat="52.482103" lon="13.471858">
    <ele>37.7</ele>
    <time>2024-09-02T19:19:26.000Z</time>
   </trkpt>
   <trkpt lat="52.48205" lon="13.471929">
    <ele>37.7</ele>
    <time>2024-09-02T19:19:27.000Z</time>
   </trkpt>
   <trkpt lat="52.481995" lon="13.471997">
    <ele>37.6</ele>
    <time>2024-09-02T19:19:28.000Z</time>
   </trkpt>
   <trkpt lat="52.481941" lon="13.472067">
    <ele>37.6</ele>
    <time>2024-09-02T19:19:29.000Z</time>
   </trkpt>
   <trkpt lat="52.481889" lon="13.47214">
    <ele>37.6</ele>
    <time>2024-09-02T19:19:30.000Z</time>
   </trkpt>
   <trkpt lat="52.481839" lon="13.472218">
    <ele>37.6</ele>
    <time>2024-09-02T19:19:31.000Z</time>
   </trkpt>
   <trkpt lat="52.481789" lon="13.472296">
    <ele>37.5</ele>
    <time>2024-09-02T19:19:32.000Z</time>
   </trkpt>
   <trkpt lat="52.48174" lon="13.472372">
    <ele>37.5</ele>
    <time>2024-09-02T19:19:33.000Z</time>
   </trkpt>
   <trkpt lat="52.48169" lon="13.472448">
    <ele>37.5</ele>
    <time>2024-09-02T19:19:34.000Z</time>
   </trkpt>
   <trkpt lat="52.481641" lon="13.472525">
    <ele>37.5</ele>
    <time>2024-09-02T19:19:35.000Z</time>
   </trkpt>
   <trkpt lat="52.481593" lon="13.4726">
    <ele>37.5</ele>
    <time>2024-09-02T19:19:36.000Z</time>
   </trkpt>
   <trkpt lat="52.481445" lon="13.472826">
    <ele>37.4</ele>
    <time>2024-09-02T19:19:39.000Z</time>
   </trkpt>
   <trkpt lat="52.481394" lon="13.472902">
    <ele>37.4</ele>
    <time>2024-09-02T19:19:40.000Z</time>
   </trkpt>
   <trkpt lat="52.481344" lon="13.472979">
    <ele>37.4</ele>
    <time>2024-09-02T19:19:41.000Z</time>
   </trkpt>
   <trkpt lat="52.481295" lon="13.473051">
    <ele>37.4</ele>
    <time>2024-09-02T19:19:42.000Z</time>
   </trkpt>
   <trkpt lat="52.481247" lon="13.473123">
    <ele>37.4</ele>
    <time>2024-09-02T19:19:43.000Z</time>
   </trkpt>
   <trkpt lat="52.481151" lon="13.473268">
    <ele>37.4</ele>
    <time>2024-09-02T19:19:44.000Z</time>
   </trkpt>
   <trkpt lat="52.481102" lon="13.473338">
    <ele>37.4</ele>
    <time>2024-09-02T19:19:45.000Z</time>
   </trkpt>
   <trkpt lat="52.481054" lon="13.47341">
    <ele>37.4</ele>
    <time>2024-09-02T19:19:47.000Z</time>
   </trkpt>
   <trkpt lat="52.481007" lon="13.473482">
    <ele>37.5</ele>
    <time>2024-09-02T19:19:48.000Z</time>
   </trkpt>
   <trkpt lat="52.480961" lon="13.473553">
    <ele>37.5</ele>
    <time>2024-09-02T19:19:49.000Z</time>
   </trkpt>
   <trkpt lat="52.480867" lon="13.473692">
    <ele>37.5</ele>
    <time>2024-09-02T19:19:50.000Z</time>
   </trkpt>
   <trkpt lat="52.480821" lon="13.473763">
    <ele>37.5</ele>
    <time>2024-09-02T19:19:52.000Z</time>
   </trkpt>
   <trkpt lat="52.480775" lon="13.473833">
    <ele>37.5</ele>
    <time>2024-09-02T19:19:53.000Z</time>
   </trkpt>
   <trkpt lat="52.480729" lon="13.473904">
    <ele>37.5</ele>
    <time>2024-09-02T19:19:54.000Z</time>
   </trkpt>
   <trkpt lat="52.480683" lon="13.473976">
    <ele>37.5</ele>
    <time>2024-09-02T19:19:55.000Z</time>
   </trkpt>
   <trkpt lat="52.480637" lon="13.474046">
    <ele>37.5</ele>
    <time>2024-09-02T19:19:56.000Z</time>
   </trkpt>
   <trkpt lat="52.480589" lon="13.474115">
    <ele>37.5</ele>
    <time>2024-09-02T19:19:57.000Z</time>
   </trkpt>
   <trkpt lat="52.480542" lon="13.474185">
    <ele>37.5</ele>
    <time>2024-09-02T19:19:58.000Z</time>
   </trkpt>
   <trkpt lat="52.480495" lon="13.474254">
    <ele>37.5</ele>
    <time>2024-09-02T19:19:59.000Z</time>
   </trkpt>
   <trkpt lat="52.480447" lon="13.474324">
    <ele>37.5</ele>
    <time>2024-09-02T19:20:00.000Z</time>
   </trkpt>
   <trkpt lat="52.480398" lon="13.474394">
    <ele>37.5</ele>
    <time>2024-09-02T19:20:01.000Z</time>
   </trkpt>
   <trkpt lat="52.480351" lon="13.474465">
    <ele>37.5</ele>
    <time>2024-09-02T19:20:02.000Z</time>
   </trkpt>
   <trkpt lat="52.480303" lon="13.474537">
    <ele>37.5</ele>
    <time>2024-09-02T19:20:03.000Z</time>
   </trkpt>
   <trkpt lat="52.480255" lon="13.474608">
    <ele>37.5</ele>
    <time>2024-09-02T19:20:04.000Z</time>
   </trkpt>
   <trkpt lat="52.480157" lon="13.474754">
    <ele>37.5</ele>
    <time>2024-09-02T19:20:05.000Z</time>
   </trkpt>
   <trkpt lat="52.480108" lon="13.474825">
    <ele>37.5</ele>
    <time>2024-09-02T19:20:06.000Z</time>
   </trkpt>
   <trkpt lat="52.480059" lon="13.474895">
    <ele>37.5</ele>
    <time>2024-09-02T19:20:07.000Z</time>
   </trkpt>
   <trkpt lat="52.480009" lon="13.474965">
    <ele>37.5</ele>
    <time>2024-09-02T19:20:08.000Z</time>
   </trkpt>
   <trkpt lat="52.479959" lon="13.475036">
    <ele>37.5</ele>
    <time>2024-09-02T19:20:09.000Z</time>
   </trkpt>
   <trkpt lat="52.479909" lon="13.475106">
    <ele>37.5</ele>
    <time>2024-09-02T19:20:10.000Z</time>
   </trkpt>
   <trkpt lat="52.479858" lon="13.475175">
    <ele>37.5</ele>
    <time>2024-09-02T19:20:11.000Z</time>
   </trkpt>
   <trkpt lat="52.479808" lon="13.475244">
    <ele>37.5</ele>
    <time>2024-09-02T19:20:12.000Z</time>
   </trkpt>
   <trkpt lat="52.47976" lon="13.475311">
    <ele>37.5</ele>
    <time>2024-09-02T19:20:13.000Z</time>
   </trkpt>
   <trkpt lat="52.479713" lon="13.475378">
    <ele>37.6</ele>
    <time>2024-09-02T19:20:14.000Z</time>
   </trkpt>
   <trkpt lat="52.479668" lon="13.475443">
    <ele>37.6</ele>
    <time>2024-09-02T19:20:15.000Z</time>
   </trkpt>
   <trkpt lat="52.479625" lon="13.475507">
    <ele>37.6</ele>
    <time>2024-09-02T19:20:16.000Z</time>
   </trkpt>
   <trkpt lat="52.479583" lon="13.475571">
    <ele>37.6</ele>
    <time>2024-09-02T19:20:17.000Z</time>
   </trkpt>
   <trkpt lat="52.479542" lon="13.475633">
    <ele>37.6</ele>
    <time>2024-09-02T19:20:18.000Z</time>
   </trkpt>
   <trkpt lat="52.479501" lon="13.475695">
    <ele>37.6</ele>
    <time>2024-09-02T19:20:19.000Z</time>
   </trkpt>
   <trkpt lat="52.47946" lon="13.475757">
    <ele>37.6</ele>
    <time>2024-09-02T19:20:20.000Z</time>
   </trkpt>
   <trkpt lat="52.479418" lon="13.475819">
    <ele>37.6</ele>
    <time>2024-09-02T19:20:21.000Z</time>
   </trkpt>
   <trkpt lat="52.479375" lon="13.475882">
    <ele>37.6</ele>
    <time>2024-09-02T19:20:22.000Z</time>
   </trkpt>
   <trkpt lat="52.479332" lon="13.475946">
    <ele>37.6</ele>
    <time>2024-09-02T19:20:23.000Z</time>
   </trkpt>
   <trkpt lat="52.479289" lon="13.476012">
    <ele>37.7</ele>
    <time>2024-09-02T19:20:24.000Z</time>
   </trkpt>
   <trkpt lat="52.479245" lon="13.476078">
    <ele>37.7</ele>
    <time>2024-09-02T19:20:26.000Z</time>
   </trkpt>
   <trkpt lat="52.479201" lon="13.476144">
    <ele>37.6</ele>
    <time>2024-09-02T19:20:27.000Z</time>
   </trkpt>
   <trkpt lat="52.479157" lon="13.476209">
    <ele>37.6</ele>
    <time>2024-09-02T19:20:28.000Z</time>
   </trkpt>
   <trkpt lat="52.479113" lon="13.476275">
    <ele>37.6</ele>
    <time>2024-09-02T19:20:29.000Z</time>
   </trkpt>
   <trkpt lat="52.479069" lon="13.476341">
    <ele>37.6</ele>
    <time>2024-09-02T19:20:30.000Z</time>
   </trkpt>
   <trkpt lat="52.479024" lon="13.476406">
    <ele>37.6</ele>
    <time>2024-09-02T19:20:31.000Z</time>
   </trkpt>
   <trkpt lat="52.478979" lon="13.476471">
    <ele>37.6</ele>
    <time>2024-09-02T19:20:32.000Z</time>
   </trkpt>
   <trkpt lat="52.478933" lon="13.476536">
    <ele>37.6</ele>
    <time>2024-09-02T19:20:33.000Z</time>
   </trkpt>
   <trkpt lat="52.478887" lon="13.476602">
    <ele>37.6</ele>
    <time>2024-09-02T19:20:34.000Z</time>
   </trkpt>
   <trkpt lat="52.478841" lon="13.476667">
    <ele>37.6</ele>
    <time>2024-09-02T19:20:35.000Z</time>
   </trkpt>
   <trkpt lat="52.478795" lon="13.476734">
    <ele>37.6</ele>
    <time>2024-09-02T19:20:36.000Z</time>
   </trkpt>
   <trkpt lat="52.478749" lon="13.4768">
    <ele>37.6</ele>
    <time>2024-09-02T19:20:37.000Z</time>
   </trkpt>
   <trkpt lat="52.478704" lon="13.476867">
    <ele>37.6</ele>
    <time>2024-09-02T19:20:38.000Z</time>
   </trkpt>
   <trkpt lat="52.478659" lon="13.476933">
    <ele>37.6</ele>
    <time>2024-09-02T19:20:39.000Z</time>
   </trkpt>
   <trkpt lat="52.478614" lon="13.476999">
    <ele>37.7</ele>
    <time>2024-09-02T19:20:40.000Z</time>
   </trkpt>
   <trkpt lat="52.47857" lon="13.477064">
    <ele>37.7</ele>
    <time>2024-09-02T19:20:41.000Z</time>
   </trkpt>
   <trkpt lat="52.478527" lon="13.477128">
    <ele>37.7</ele>
    <time>2024-09-02T19:20:42.000Z</time>
   </trkpt>
   <trkpt lat="52.478484" lon="13.477191">
    <ele>37.7</ele>
    <time>2024-09-02T19:20:43.000Z</time>
   </trkpt>
   <trkpt lat="52.47844" lon="13.477255">
    <ele>37.7</ele>
    <time>2024-09-02T19:20:44.000Z</time>
   </trkpt>
   <trkpt lat="52.478397" lon="13.477319">
    <ele>37.7</ele>
    <time>2024-09-02T19:20:45.000Z</time>
   </trkpt>
   <trkpt lat="52.478355" lon="13.477382">
    <ele>37.7</ele>
    <time>2024-09-02T19:20:46.000Z</time>
   </trkpt>
   <trkpt lat="52.478312" lon="13.477446">
    <ele>37.7</ele>
    <time>2024-09-02T19:20:47.000Z</time>
   </trkpt>
   <trkpt lat="52.478269" lon="13.477509">
    <ele>37.7</ele>
    <time>2024-09-02T19:20:48.000Z</time>
   </trkpt>
   <trkpt lat="52.478225" lon="13.477572">
    <ele>37.7</ele>
    <time>2024-09-02T19:20:49.000Z</time>
   </trkpt>
   <trkpt lat="52.478181" lon="13.477636">
    <ele>37.7</ele>
    <time>2024-09-02T19:20:50.000Z</time>
   </trkpt>
   <trkpt lat="52.478138" lon="13.477699">
    <ele>37.7</ele>
    <time>2024-09-02T19:20:51.000Z</time>
   </trkpt>
   <trkpt lat="52.478094" lon="13.47776">
    <ele>37.7</ele>
    <time>2024-09-02T19:20:52.000Z</time>
   </trkpt>
   <trkpt lat="52.478049" lon="13.477817">
    <ele>37.7</ele>
    <time>2024-09-02T19:20:53.000Z</time>
   </trkpt>
   <trkpt lat="52.478006" lon="13.477869">
    <ele>37.8</ele>
    <time>2024-09-02T19:20:54.000Z</time>
   </trkpt>
   <trkpt lat="52.477964" lon="13.477921">
    <ele>37.8</ele>
    <time>2024-09-02T19:20:55.000Z</time>
   </trkpt>
   <trkpt lat="52.477925" lon="13.477973">
    <ele>37.8</ele>
    <time>2024-09-02T19:20:56.000Z</time>
   </trkpt>
   <trkpt lat="52.477887" lon="13.478025">
    <ele>37.7</ele>
    <time>2024-09-02T19:20:57.000Z</time>
   </trkpt>
   <trkpt lat="52.477851" lon="13.478077">
    <ele>37.7</ele>
    <time>2024-09-02T19:20:58.000Z</time>
   </trkpt>
   <trkpt lat="52.477816" lon="13.478128">
    <ele>37.7</ele>
    <time>2024-09-02T19:20:59.000Z</time>
   </trkpt>
   <trkpt lat="52.477782" lon="13.478179">
    <ele>37.7</ele>
    <time>2024-09-02T19:21:00.000Z</time>
   </trkpt>
   <trkpt lat="52.477749" lon="13.478227">
    <ele>37.7</ele>
    <time>2024-09-02T19:21:01.000Z</time>
   </trkpt>
   <trkpt lat="52.477717" lon="13.478272">
    <ele>37.6</ele>
    <time>2024-09-02T19:21:02.000Z</time>
   </trkpt>
   <trkpt lat="52.477685" lon="13.478314">
    <ele>37.6</ele>
    <time>2024-09-02T19:21:03.000Z</time>
   </trkpt>
   <trkpt lat="52.477653" lon="13.478354">
    <ele>37.6</ele>
    <time>2024-09-02T19:21:04.000Z</time>
   </trkpt>
   <trkpt lat="52.477622" lon="13.478392">
    <ele>37.5</ele>
    <time>2024-09-02T19:21:05.000Z</time>
   </trkpt>
   <trkpt lat="52.47759" lon="13.478426">
    <ele>37.5</ele>
    <time>2024-09-02T19:21:06.000Z</time>
   </trkpt>
   <trkpt lat="52.477556" lon="13.478447">
    <ele>37.5</ele>
    <time>2024-09-02T19:21:07.000Z</time>
   </trkpt>
   <trkpt lat="52.477519" lon="13.47845">
    <ele>37.4</ele>
    <time>2024-09-02T19:21:08.000Z</time>
   </trkpt>
   <trkpt lat="52.477481" lon="13.478431">
    <ele>37.2</ele>
    <time>2024-09-02T19:21:09.000Z</time>
   </trkpt>
   <trkpt lat="52.477444" lon="13.478393">
    <ele>37.1</ele>
    <time>2024-09-02T19:21:10.000Z</time>
   </trkpt>
   <trkpt lat="52.477409" lon="13.478342">
    <ele>37.1</ele>
    <time>2024-09-02T19:21:11.000Z</time>
   </trkpt>
   <trkpt lat="52.477374" lon="13.478283">
    <ele>37</ele>
    <time>2024-09-02T19:21:12.000Z</time>
   </trkpt>
   <trkpt lat="52.47734" lon="13.478221">
    <ele>36.9</ele>
    <time>2024-09-02T19:21:13.000Z</time>
   </trkpt>
   <trkpt lat="52.477306" lon="13.478156">
    <ele>36.8</ele>
    <time>2024-09-02T19:21:14.000Z</time>
   </trkpt>
   <trkpt lat="52.477271" lon="13.47809">
    <ele>36.7</ele>
    <time>2024-09-02T19:21:15.000Z</time>
   </trkpt>
   <trkpt lat="52.477237" lon="13.478022">
    <ele>36.6</ele>
    <time>2024-09-02T19:21:16.000Z</time>
   </trkpt>
   <trkpt lat="52.477204" lon="13.477953">
    <ele>36.6</ele>
    <time>2024-09-02T19:21:17.000Z</time>
   </trkpt>
   <trkpt lat="52.477169" lon="13.477883">
    <ele>36.5</ele>
    <time>2024-09-02T19:21:18.000Z</time>
   </trkpt>
   <trkpt lat="52.477133" lon="13.477814">
    <ele>36.5</ele>
    <time>2024-09-02T19:21:19.000Z</time>
   </trkpt>
   <trkpt lat="52.477095" lon="13.477746">
    <ele>36.4</ele>
    <time>2024-09-02T19:21:20.000Z</time>
   </trkpt>
   <trkpt lat="52.477056" lon="13.477678">
    <ele>36.4</ele>
    <time>2024-09-02T19:21:21.000Z</time>
   </trkpt>
   <trkpt lat="52.477016" lon="13.47761">
    <ele>36.3</ele>
    <time>2024-09-02T19:21:22.000Z</time>
   </trkpt>
   <trkpt lat="52.476978" lon="13.477542">
    <ele>36.3</ele>
    <time>2024-09-02T19:21:23.000Z</time>
   </trkpt>
   <trkpt lat="52.47694" lon="13.477473">
    <ele>36.3</ele>
    <time>2024-09-02T19:21:24.000Z</time>
   </trkpt>
   <trkpt lat="52.476903" lon="13.477402">
    <ele>36.3</ele>
    <time>2024-09-02T19:21:25.000Z</time>
   </trkpt>
   <trkpt lat="52.476864" lon="13.47733">
    <ele>36.2</ele>
    <time>2024-09-02T19:21:26.000Z</time>
   </trkpt>
   <trkpt lat="52.476824" lon="13.477259">
    <ele>36.2</ele>
    <time>2024-09-02T19:21:27.000Z</time>
   </trkpt>
   <trkpt lat="52.476784" lon="13.477188">
    <ele>36.2</ele>
    <time>2024-09-02T19:21:28.000Z</time>
   </trkpt>
   <trkpt lat="52.476744" lon="13.477116">
    <ele>36.2</ele>
    <time>2024-09-02T19:21:29.000Z</time>
   </trkpt>
   <trkpt lat="52.476704" lon="13.477046">
    <ele>36.1</ele>
    <time>2024-09-02T19:21:30.000Z</time>
   </trkpt>
   <trkpt lat="52.476665" lon="13.476978">
    <ele>36.1</ele>
    <time>2024-09-02T19:21:31.000Z</time>
   </trkpt>
   <trkpt lat="52.476626" lon="13.476911">
    <ele>36.1</ele>
    <time>2024-09-02T19:21:32.000Z</time>
   </trkpt>
   <trkpt lat="52.476589" lon="13.476845">
    <ele>36.1</ele>
    <time>2024-09-02T19:21:33.000Z</time>
   </trkpt>
   <trkpt lat="52.476552" lon="13.476778">
    <ele>36</ele>
    <time>2024-09-02T19:21:34.000Z</time>
   </trkpt>
   <trkpt lat="52.476515" lon="13.476708">
    <ele>36</ele>
    <time>2024-09-02T19:21:35.000Z</time>
   </trkpt>
   <trkpt lat="52.476476" lon="13.476634">
    <ele>36</ele>
    <time>2024-09-02T19:21:36.000Z</time>
   </trkpt>
   <trkpt lat="52.476435" lon="13.476559">
    <ele>36</ele>
    <time>2024-09-02T19:21:37.000Z</time>
   </trkpt>
   <trkpt lat="52.476391" lon="13.47648">
    <ele>36</ele>
    <time>2024-09-02T19:21:38.000Z</time>
   </trkpt>
   <trkpt lat="52.476346" lon="13.476399">
    <ele>36</ele>
    <time>2024-09-02T19:21:39.000Z</time>
   </trkpt>
   <trkpt lat="52.476303" lon="13.476319">
    <ele>36</ele>
    <time>2024-09-02T19:21:40.000Z</time>
   </trkpt>
   <trkpt lat="52.476262" lon="13.476244">
    <ele>36</ele>
    <time>2024-09-02T19:21:41.000Z</time>
   </trkpt>
   <trkpt lat="52.476224" lon="13.476173">
    <ele>36</ele>
    <time>2024-09-02T19:21:42.000Z</time>
   </trkpt>
   <trkpt lat="52.476187" lon="13.476105">
    <ele>36</ele>
    <time>2024-09-02T19:21:43.000Z</time>
   </trkpt>
   <trkpt lat="52.476149" lon="13.476036">
    <ele>36</ele>
    <time>2024-09-02T19:21:44.000Z</time>
   </trkpt>
   <trkpt lat="52.476109" lon="13.475969">
    <ele>36</ele>
    <time>2024-09-02T19:21:45.000Z</time>
   </trkpt>
   <trkpt lat="52.476068" lon="13.475911">
    <ele>36</ele>
    <time>2024-09-02T19:21:46.000Z</time>
   </trkpt>
   <trkpt lat="52.476028" lon="13.475866">
    <ele>36</ele>
    <time>2024-09-02T19:21:47.000Z</time>
   </trkpt>
   <trkpt lat="52.475987" lon="13.475836">
    <ele>36</ele>
    <time>2024-09-02T19:21:48.000Z</time>
   </trkpt>
   <trkpt lat="52.475948" lon="13.475826">
    <ele>36.1</ele>
    <time>2024-09-02T19:21:49.000Z</time>
   </trkpt>
   <trkpt lat="52.475878" lon="13.47586">
    <ele>36.1</ele>
    <time>2024-09-02T19:21:50.000Z</time>
   </trkpt>
   <trkpt lat="52.475846" lon="13.475894">
    <ele>36</ele>
    <time>2024-09-02T19:21:51.000Z</time>
   </trkpt>
   <trkpt lat="52.475814" lon="13.475933">
    <ele>36</ele>
    <time>2024-09-02T19:21:52.000Z</time>
   </trkpt>
   <trkpt lat="52.475783" lon="13.475976">
    <ele>36</ele>
    <time>2024-09-02T19:21:53.000Z</time>
   </trkpt>
   <trkpt lat="52.475756" lon="13.476019">
    <ele>36</ele>
    <time>2024-09-02T19:21:54.000Z</time>
   </trkpt>
   <trkpt lat="52.475731" lon="13.476065">
    <ele>36</ele>
    <time>2024-09-02T19:21:55.000Z</time>
   </trkpt>
   <trkpt lat="52.475704" lon="13.476112">
    <ele>36</ele>
    <time>2024-09-02T19:21:56.000Z</time>
   </trkpt>
   <trkpt lat="52.475677" lon="13.476156">
    <ele>36</ele>
    <time>2024-09-02T19:21:57.000Z</time>
   </trkpt>
   <trkpt lat="52.475649" lon="13.476199">
    <ele>35.9</ele>
    <time>2024-09-02T19:21:58.000Z</time>
   </trkpt>
   <trkpt lat="52.47562" lon="13.476241">
    <ele>35.9</ele>
    <time>2024-09-02T19:21:59.000Z</time>
   </trkpt>
   <trkpt lat="52.475592" lon="13.476283">
    <ele>35.9</ele>
    <time>2024-09-02T19:22:00.000Z</time>
   </trkpt>
   <trkpt lat="52.475565" lon="13.476322">
    <ele>35.9</ele>
    <time>2024-09-02T19:22:01.000Z</time>
   </trkpt>
   <trkpt lat="52.475539" lon="13.47636">
    <ele>35.9</ele>
    <time>2024-09-02T19:22:02.000Z</time>
   </trkpt>
   <trkpt lat="52.475516" lon="13.476397">
    <ele>35.9</ele>
    <time>2024-09-02T19:22:04.000Z</time>
   </trkpt>
   <trkpt lat="52.475496" lon="13.476431">
    <ele>35.9</ele>
    <time>2024-09-02T19:22:05.000Z</time>
   </trkpt>
   <trkpt lat="52.475482" lon="13.476459">
    <ele>35.9</ele>
    <time>2024-09-02T19:22:06.000Z</time>
   </trkpt>
   <trkpt lat="52.475477" lon="13.476492">
    <ele>35.9</ele>
    <time>2024-09-02T19:22:09.000Z</time>
   </trkpt>
   <trkpt lat="52.47548" lon="13.476491">
    <ele>35.9</ele>
    <time>2024-09-02T19:22:10.000Z</time>
   </trkpt>
   <trkpt lat="52.47548" lon="13.47649">
    <ele>35.9</ele>
    <time>2024-09-02T19:22:11.000Z</time>
   </trkpt>
   <trkpt lat="52.47548" lon="13.47649">
    <ele>35.9</ele>
    <time>2024-09-02T19:22:12.000Z</time>
   </trkpt>
   <trkpt lat="52.475474" lon="13.47649">
    <ele>35.9</ele>
    <time>2024-09-02T19:22:13.000Z</time>
   </trkpt>
   <trkpt lat="52.475462" lon="13.476493">
    <ele>36</ele>
    <time>2024-09-02T19:22:14.000Z</time>
   </trkpt>
   <trkpt lat="52.475451" lon="13.476501">
    <ele>36</ele>
    <time>2024-09-02T19:22:15.000Z</time>
   </trkpt>
  </trkseg>
 </trk>
</gpx>
