<?xml version="1.0" encoding="UTF-8"?>
<gpx creator="StravaGPX" version="1.1" xmlns="http://www.topografix.com/GPX/1/1">
 <metadata>
  <time>2019-09-19T23:22:26Z</time>
 </metadata>
 <trk>
  <name>Evening Ride</name>
  <type>1</type>
  <trkseg>
   <trkpt lat="-8.057981" lon="-34.898972">
    <ele>6.7</ele>
    <time>2019-09-19T23:22:26.000Z</time>
   </trkpt>
   <trkpt lat="-8.057736" lon="-34.899129">
    <ele>7.5</ele>
    <time>2019-09-19T23:23:30.000Z</time>
   </trkpt>
   <trkpt lat="-8.057722" lon="-34.899155">
    <ele>7.5</ele>
    <time>2019-09-19T23:23:32.000Z</time>
   </trkpt>
   <trkpt lat="-8.057693" lon="-34.899169">
    <ele>7.6</ele>
    <time>2019-09-19T23:23:34.000Z</time>
   </trkpt>
   <trkpt lat="-8.057652" lon="-34.899193">
    <ele>7.8</ele>
    <time>2019-09-19T23:23:36.000Z</time>
   </trkpt>
   <trkpt lat="-8.057624" lon="-34.899212">
    <ele>7.9</ele>
    <time>2019-09-19T23:23:38.000Z</time>
   </trkpt>
   <trkpt lat="-8.057595" lon="-34.899221">
    <ele>7.9</ele>
    <time>2019-09-19T23:23:43.000Z</time>
   </trkpt>
   <trkpt lat="-8.057576" lon="-34.899197">
    <ele>8</ele>
    <time>2019-09-19T23:23:45.000Z</time>
   </trkpt>
   <trkpt lat="-8.057568" lon="-34.899167">
    <ele>8.1</ele>
    <time>2019-09-19T23:23:48.000Z</time>
   </trkpt>
   <trkpt lat="-8.057566" lon="-34.899136">
    <ele>8.2</ele>
    <time>2019-09-19T23:23:50.000Z</time>
   </trkpt>
   <trkpt lat="-8.05756" lon="-34.899101">
    <ele>8.3</ele>
    <time>2019-09-19T23:23:51.000Z</time>
   </trkpt>
   <trkpt lat="-8.057552" lon="-34.899068">
    <ele>8.4</ele>
    <time>2019-09-19T23:23:52.000Z</time>
   </trkpt>
   <trkpt lat="-8.057549" lon="-34.899034">
    <ele>8.5</ele>
    <time>2019-09-19T23:23:53.000Z</time>
   </trkpt>
   <trkpt lat="-8.057527" lon="-34.898976">
    <ele>8.8</ele>
    <time>2019-09-19T23:23:55.000Z</time>
   </trkpt>
   <trkpt lat="-8.057516" lon="-34.898924">
    <ele>9</ele>
    <time>2019-09-19T23:23:57.000Z</time>
   </trkpt>
   <trkpt lat="-8.057499" lon="-34.898892">
    <ele>9.1</ele>
    <time>2019-09-19T23:23:58.000Z</time>
   </trkpt>
   <trkpt lat="-8.05749" lon="-34.898861">
    <ele>9.2</ele>
    <time>2019-09-19T23:23:59.000Z</time>
   </trkpt>
   <trkpt lat="-8.05749" lon="-34.898831">
    <ele>9.3</ele>
    <time>2019-09-19T23:24:00.000Z</time>
   </trkpt>
   <trkpt lat="-8.057481" lon="-34.898803">
    <ele>9.3</ele>
    <time>2019-09-19T23:24:01.000Z</time>
   </trkpt>
   <trkpt lat="-8.057467" lon="-34.898778">
    <ele>9.3</ele>
    <time>2019-09-19T23:24:02.000Z</time>
   </trkpt>
   <trkpt lat="-8.057454" lon="-34.898753">
    <ele>9.3</ele>
    <time>2019-09-19T23:24:03.000Z</time>
   </trkpt>
   <trkpt lat="-8.057442" lon="-34.89872">
    <ele>9.3</ele>
    <time>2019-09-19T23:24:04.000Z</time>
   </trkpt>
   <trkpt lat="-8.057439" lon="-34.89869">
    <ele>9.3</ele>
    <time>2019-09-19T23:24:05.000Z</time>
   </trkpt>
   <trkpt lat="-8.057438" lon="-34.898654">
    <ele>9.3</ele>
    <time>2019-09-19T23:24:06.000Z</time>
   </trkpt>
   <trkpt lat="-8.057446" lon="-34.898614">
    <ele>9.4</ele>
    <time>2019-09-19T23:24:07.000Z</time>
   </trkpt>
   <trkpt lat="-8.057462" lon="-34.898591">
    <ele>9.5</ele>
    <time>2019-09-19T23:24:08.000Z</time>
   </trkpt>
   <trkpt lat="-8.057488" lon="-34.898579">
    <ele>9.6</ele>
    <time>2019-09-19T23:24:10.000Z</time>
   </trkpt>
   <trkpt lat="-8.057531" lon="-34.898572">
    <ele>10</ele>
    <time>2019-09-19T23:24:12.000Z</time>
   </trkpt>
   <trkpt lat="-8.057562" lon="-34.898573">
    <ele>10.2</ele>
    <time>2019-09-19T23:24:13.000Z</time>
   </trkpt>
   <trkpt lat="-8.057596" lon="-34.898578">
    <ele>10.5</ele>
    <time>2019-09-19T23:24:14.000Z</time>
   </trkpt>
   <trkpt lat="-8.057633" lon="-34.898586">
    <ele>10.8</ele>
    <time>2019-09-19T23:24:15.000Z</time>
   </trkpt>
   <trkpt lat="-8.057674" lon="-34.898595">
    <ele>10.9</ele>
    <time>2019-09-19T23:24:16.000Z</time>
   </trkpt>
   <trkpt lat="-8.057709" lon="-34.898599">
    <ele>10.9</ele>
    <time>2019-09-19T23:24:17.000Z</time>
   </trkpt>
   <trkpt lat="-8.057737" lon="-34.898608">
    <ele>11</ele>
    <time>2019-09-19T23:24:18.000Z</time>
   </trkpt>
   <trkpt lat="-8.05777" lon="-34.898625">
    <ele>11.2</ele>
    <time>2019-09-19T23:24:19.000Z</time>
   </trkpt>
   <trkpt lat="-8.057814" lon="-34.898641">
    <ele>11.2</ele>
    <time>2019-09-19T23:24:20.000Z</time>
   </trkpt>
   <trkpt lat="-8.057844" lon="-34.898649">
    <ele>11.1</ele>
    <time>2019-09-19T23:24:21.000Z</time>
   </trkpt>
   <trkpt lat="-8.057869" lon="-34.89866">
    <ele>11.1</ele>
    <time>2019-09-19T23:24:22.000Z</time>
   </trkpt>
   <trkpt lat="-8.057898" lon="-34.898672">
    <ele>10.9</ele>
    <time>2019-09-19T23:24:23.000Z</time>
   </trkpt>
   <trkpt lat="-8.057955" lon="-34.89869">
    <ele>10.5</ele>
    <time>2019-09-19T23:24:25.000Z</time>
   </trkpt>
   <trkpt lat="-8.057982" lon="-34.898701">
    <ele>10.4</ele>
    <time>2019-09-19T23:24:26.000Z</time>
   </trkpt>
   <trkpt lat="-8.058011" lon="-34.898715">
    <ele>10.3</ele>
    <time>2019-09-19T23:24:27.000Z</time>
   </trkpt>
   <trkpt lat="-8.058063" lon="-34.898728">
    <ele>10.3</ele>
    <time>2019-09-19T23:24:29.000Z</time>
   </trkpt>
   <trkpt lat="-8.058093" lon="-34.898733">
    <ele>10.3</ele>
    <time>2019-09-19T23:24:30.000Z</time>
   </trkpt>
   <trkpt lat="-8.058131" lon="-34.898746">
    <ele>10.4</ele>
    <time>2019-09-19T23:24:31.000Z</time>
   </trkpt>
   <trkpt lat="-8.058159" lon="-34.898755">
    <ele>10.4</ele>
    <time>2019-09-19T23:24:32.000Z</time>
   </trkpt>
   <trkpt lat="-8.058204" lon="-34.898767">
    <ele>10.5</ele>
    <time>2019-09-19T23:24:34.000Z</time>
   </trkpt>
   <trkpt lat="-8.058238" lon="-34.89878">
    <ele>10.7</ele>
    <time>2019-09-19T23:24:35.000Z</time>
   </trkpt>
   <trkpt lat="-8.058265" lon="-34.898824">
    <ele>11</ele>
    <time>2019-09-19T23:24:36.000Z</time>
   </trkpt>
   <trkpt lat="-8.058289" lon="-34.898871">
    <ele>11.7</ele>
    <time>2019-09-19T23:24:37.000Z</time>
   </trkpt>
   <trkpt lat="-8.058321" lon="-34.898921">
    <ele>11.9</ele>
    <time>2019-09-19T23:24:38.000Z</time>
   </trkpt>
   <trkpt lat="-8.058339" lon="-34.898968">
    <ele>11.9</ele>
    <time>2019-09-19T23:24:39.000Z</time>
   </trkpt>
   <trkpt lat="-8.05835" lon="-34.899008">
    <ele>11.9</ele>
    <time>2019-09-19T23:24:40.000Z</time>
   </trkpt>
   <trkpt lat="-8.058351" lon="-34.899044">
    <ele>11.9</ele>
    <time>2019-09-19T23:24:41.000Z</time>
   </trkpt>
   <trkpt lat="-8.058364" lon="-34.899075">
    <ele>11.8</ele>
    <time>2019-09-19T23:24:42.000Z</time>
   </trkpt>
   <trkpt lat="-8.058372" lon="-34.899106">
    <ele>11.8</ele>
    <time>2019-09-19T23:24:43.000Z</time>
   </trkpt>
   <trkpt lat="-8.058379" lon="-34.899137">
    <ele>11.9</ele>
    <time>2019-09-19T23:24:44.000Z</time>
   </trkpt>
   <trkpt lat="-8.058386" lon="-34.899167">
    <ele>11.9</ele>
    <time>2019-09-19T23:24:45.000Z</time>
   </trkpt>
   <trkpt lat="-8.058388" lon="-34.8992">
    <ele>12</ele>
    <time>2019-09-19T23:24:46.000Z</time>
   </trkpt>
   <trkpt lat="-8.058389" lon="-34.899231">
    <ele>12</ele>
    <time>2019-09-19T23:24:47.000Z</time>
   </trkpt>
   <trkpt lat="-8.058383" lon="-34.899264">
    <ele>12</ele>
    <time>2019-09-19T23:24:48.000Z</time>
   </trkpt>
   <trkpt lat="-8.058371" lon="-34.899298">
    <ele>12</ele>
    <time>2019-09-19T23:24:49.000Z</time>
   </trkpt>
   <trkpt lat="-8.058372" lon="-34.899332">
    <ele>12</ele>
    <time>2019-09-19T23:24:50.000Z</time>
   </trkpt>
   <trkpt lat="-8.058375" lon="-34.899367">
    <ele>12.1</ele>
    <time>2019-09-19T23:24:51.000Z</time>
   </trkpt>
   <trkpt lat="-8.058375" lon="-34.899405">
    <ele>12.3</ele>
    <time>2019-09-19T23:24:52.000Z</time>
   </trkpt>
   <trkpt lat="-8.058374" lon="-34.899433">
    <ele>12.6</ele>
    <time>2019-09-19T23:24:53.000Z</time>
   </trkpt>
   <trkpt lat="-8.058378" lon="-34.899464">
    <ele>12.9</ele>
    <time>2019-09-19T23:24:54.000Z</time>
   </trkpt>
   <trkpt lat="-8.058382" lon="-34.8995">
    <ele>13.2</ele>
    <time>2019-09-19T23:24:55.000Z</time>
   </trkpt>
   <trkpt lat="-8.058386" lon="-34.899529">
    <ele>13.5</ele>
    <time>2019-09-19T23:24:56.000Z</time>
   </trkpt>
   <trkpt lat="-8.058392" lon="-34.899579">
    <ele>14</ele>
    <time>2019-09-19T23:24:58.000Z</time>
   </trkpt>
   <trkpt lat="-8.058397" lon="-34.899614">
    <ele>14.4</ele>
    <time>2019-09-19T23:24:59.000Z</time>
   </trkpt>
   <trkpt lat="-8.058401" lon="-34.899653">
    <ele>14.8</ele>
    <time>2019-09-19T23:25:00.000Z</time>
   </trkpt>
   <trkpt lat="-8.058405" lon="-34.899684">
    <ele>15.1</ele>
    <time>2019-09-19T23:25:01.000Z</time>
   </trkpt>
   <trkpt lat="-8.058408" lon="-34.899723">
    <ele>15.3</ele>
    <time>2019-09-19T23:25:02.000Z</time>
   </trkpt>
   <trkpt lat="-8.058408" lon="-34.899775">
    <ele>15.4</ele>
    <time>2019-09-19T23:25:03.000Z</time>
   </trkpt>
   <trkpt lat="-8.058401" lon="-34.899842">
    <ele>15</ele>
    <time>2019-09-19T23:25:04.000Z</time>
   </trkpt>
   <trkpt lat="-8.05839" lon="-34.89988">
    <ele>14.6</ele>
    <time>2019-09-19T23:25:05.000Z</time>
   </trkpt>
   <trkpt lat="-8.058361" lon="-34.899907">
    <ele>14.3</ele>
    <time>2019-09-19T23:25:06.000Z</time>
   </trkpt>
   <trkpt lat="-8.058321" lon="-34.89993">
    <ele>13.5</ele>
    <time>2019-09-19T23:25:08.000Z</time>
   </trkpt>
   <trkpt lat="-8.058291" lon="-34.899938">
    <ele>13.1</ele>
    <time>2019-09-19T23:25:09.000Z</time>
   </trkpt>
   <trkpt lat="-8.058262" lon="-34.899937">
    <ele>12.7</ele>
    <time>2019-09-19T23:25:10.000Z</time>
   </trkpt>
   <trkpt lat="-8.058237" lon="-34.899946">
    <ele>12.4</ele>
    <time>2019-09-19T23:25:11.000Z</time>
   </trkpt>
   <trkpt lat="-8.058204" lon="-34.899956">
    <ele>12</ele>
    <time>2019-09-19T23:25:12.000Z</time>
   </trkpt>
   <trkpt lat="-8.058177" lon="-34.899963">
    <ele>11.8</ele>
    <time>2019-09-19T23:25:13.000Z</time>
   </trkpt>
   <trkpt lat="-8.058143" lon="-34.899962">
    <ele>11.4</ele>
    <time>2019-09-19T23:25:14.000Z</time>
   </trkpt>
   <trkpt lat="-8.058108" lon="-34.899965">
    <ele>11.1</ele>
    <time>2019-09-19T23:25:15.000Z</time>
   </trkpt>
   <trkpt lat="-8.058061" lon="-34.899963">
    <ele>10.8</ele>
    <time>2019-09-19T23:25:17.000Z</time>
   </trkpt>
   <trkpt lat="-8.058034" lon="-34.899971">
    <ele>10.6</ele>
    <time>2019-09-19T23:25:18.000Z</time>
   </trkpt>
   <trkpt lat="-8.057993" lon="-34.89998">
    <ele>10.4</ele>
    <time>2019-09-19T23:25:20.000Z</time>
   </trkpt>
   <trkpt lat="-8.057955" lon="-34.899989">
    <ele>10.2</ele>
    <time>2019-09-19T23:25:22.000Z</time>
   </trkpt>
   <trkpt lat="-8.057914" lon="-34.899992">
    <ele>10.1</ele>
    <time>2019-09-19T23:25:24.000Z</time>
   </trkpt>
   <trkpt lat="-8.057885" lon="-34.899999">
    <ele>10.1</ele>
    <time>2019-09-19T23:25:26.000Z</time>
   </trkpt>
   <trkpt lat="-8.057855" lon="-34.899999">
    <ele>10.1</ele>
    <time>2019-09-19T23:25:28.000Z</time>
   </trkpt>
   <trkpt lat="-8.057817" lon="-34.899987">
    <ele>10</ele>
    <time>2019-09-19T23:25:31.000Z</time>
   </trkpt>
   <trkpt lat="-8.057776" lon="-34.899994">
    <ele>10</ele>
    <time>2019-09-19T23:25:34.000Z</time>
   </trkpt>
   <trkpt lat="-8.057756" lon="-34.900014">
    <ele>10</ele>
    <time>2019-09-19T23:25:36.000Z</time>
   </trkpt>
   <trkpt lat="-8.057728" lon="-34.900026">
    <ele>9.9</ele>
    <time>2019-09-19T23:25:38.000Z</time>
   </trkpt>
   <trkpt lat="-8.057708" lon="-34.900047">
    <ele>9.9</ele>
    <time>2019-09-19T23:25:41.000Z</time>
   </trkpt>
   <trkpt lat="-8.057666" lon="-34.900048">
    <ele>9.9</ele>
    <time>2019-09-19T23:25:50.000Z</time>
   </trkpt>
   <trkpt lat="-8.057623" lon="-34.900049">
    <ele>9.9</ele>
    <time>2019-09-19T23:25:52.000Z</time>
   </trkpt>
   <trkpt lat="-8.057594" lon="-34.900052">
    <ele>9.8</ele>
    <time>2019-09-19T23:25:53.000Z</time>
   </trkpt>
   <trkpt lat="-8.057563" lon="-34.900047">
    <ele>9.8</ele>
    <time>2019-09-19T23:25:54.000Z</time>
   </trkpt>
   <trkpt lat="-8.05753" lon="-34.900047">
    <ele>9.8</ele>
    <time>2019-09-19T23:25:55.000Z</time>
   </trkpt>
   <trkpt lat="-8.05749" lon="-34.900043">
    <ele>9.8</ele>
    <time>2019-09-19T23:25:56.000Z</time>
   </trkpt>
   <trkpt lat="-8.057448" lon="-34.900038">
    <ele>9.7</ele>
    <time>2019-09-19T23:25:57.000Z</time>
   </trkpt>
   <trkpt lat="-8.057404" lon="-34.900035">
    <ele>9.6</ele>
    <time>2019-09-19T23:25:58.000Z</time>
   </trkpt>
   <trkpt lat="-8.057368" lon="-34.900027">
    <ele>9.5</ele>
    <time>2019-09-19T23:25:59.000Z</time>
   </trkpt>
   <trkpt lat="-8.057329" lon="-34.900012">
    <ele>9.4</ele>
    <time>2019-09-19T23:26:00.000Z</time>
   </trkpt>
   <trkpt lat="-8.057273" lon="-34.899998">
    <ele>9.3</ele>
    <time>2019-09-19T23:26:01.000Z</time>
   </trkpt>
   <trkpt lat="-8.057227" lon="-34.899994">
    <ele>9.2</ele>
    <time>2019-09-19T23:26:02.000Z</time>
   </trkpt>
   <trkpt lat="-8.057173" lon="-34.899989">
    <ele>9.1</ele>
    <time>2019-09-19T23:26:03.000Z</time>
   </trkpt>
   <trkpt lat="-8.057121" lon="-34.899981">
    <ele>8.9</ele>
    <time>2019-09-19T23:26:04.000Z</time>
   </trkpt>
   <trkpt lat="-8.057065" lon="-34.89998">
    <ele>8.8</ele>
    <time>2019-09-19T23:26:05.000Z</time>
   </trkpt>
   <trkpt lat="-8.057012" lon="-34.899987">
    <ele>8.8</ele>
    <time>2019-09-19T23:26:06.000Z</time>
   </trkpt>
   <trkpt lat="-8.056966" lon="-34.899991">
    <ele>8.8</ele>
    <time>2019-09-19T23:26:07.000Z</time>
   </trkpt>
   <trkpt lat="-8.05692" lon="-34.899988">
    <ele>9.1</ele>
    <time>2019-09-19T23:26:08.000Z</time>
   </trkpt>
   <trkpt lat="-8.056869" lon="-34.899993">
    <ele>9.3</ele>
    <time>2019-09-19T23:26:09.000Z</time>
   </trkpt>
   <trkpt lat="-8.056816" lon="-34.899995">
    <ele>9.6</ele>
    <time>2019-09-19T23:26:10.000Z</time>
   </trkpt>
   <trkpt lat="-8.05677" lon="-34.899999">
    <ele>9.8</ele>
    <time>2019-09-19T23:26:11.000Z</time>
   </trkpt>
   <trkpt lat="-8.056724" lon="-34.900004">
    <ele>10</ele>
    <time>2019-09-19T23:26:12.000Z</time>
   </trkpt>
   <trkpt lat="-8.056679" lon="-34.900002">
    <ele>10.2</ele>
    <time>2019-09-19T23:26:13.000Z</time>
   </trkpt>
   <trkpt lat="-8.056637" lon="-34.899999">
    <ele>10.4</ele>
    <time>2019-09-19T23:26:14.000Z</time>
   </trkpt>
   <trkpt lat="-8.056587" lon="-34.899995">
    <ele>10.6</ele>
    <time>2019-09-19T23:26:15.000Z</time>
   </trkpt>
   <trkpt lat="-8.056539" lon="-34.899994">
    <ele>11</ele>
    <time>2019-09-19T23:26:16.000Z</time>
   </trkpt>
   <trkpt lat="-8.056496" lon="-34.899998">
    <ele>11</ele>
    <time>2019-09-19T23:26:17.000Z</time>
   </trkpt>
   <trkpt lat="-8.056451" lon="-34.899998">
    <ele>11.1</ele>
    <time>2019-09-19T23:26:18.000Z</time>
   </trkpt>
   <trkpt lat="-8.056408" lon="-34.899997">
    <ele>11.2</ele>
    <time>2019-09-19T23:26:19.000Z</time>
   </trkpt>
   <trkpt lat="-8.056367" lon="-34.899997">
    <ele>11.3</ele>
    <time>2019-09-19T23:26:20.000Z</time>
   </trkpt>
   <trkpt lat="-8.056325" lon="-34.899999">
    <ele>11.5</ele>
    <time>2019-09-19T23:26:21.000Z</time>
   </trkpt>
   <trkpt lat="-8.056288" lon="-34.899999">
    <ele>11.6</ele>
    <time>2019-09-19T23:26:22.000Z</time>
   </trkpt>
   <trkpt lat="-8.056242" lon="-34.900005">
    <ele>11.8</ele>
    <time>2019-09-19T23:26:23.000Z</time>
   </trkpt>
   <trkpt lat="-8.056199" lon="-34.900013">
    <ele>12</ele>
    <time>2019-09-19T23:26:24.000Z</time>
   </trkpt>
   <trkpt lat="-8.056159" lon="-34.900018">
    <ele>12.1</ele>
    <time>2019-09-19T23:26:25.000Z</time>
   </trkpt>
   <trkpt lat="-8.056111" lon="-34.899985">
    <ele>12.4</ele>
    <time>2019-09-19T23:26:26.000Z</time>
   </trkpt>
   <trkpt lat="-8.056067" lon="-34.899984">
    <ele>12.6</ele>
    <time>2019-09-19T23:26:27.000Z</time>
   </trkpt>
   <trkpt lat="-8.056022" lon="-34.899985">
    <ele>12.7</ele>
    <time>2019-09-19T23:26:28.000Z</time>
   </trkpt>
   <trkpt lat="-8.055975" lon="-34.899992">
    <ele>12.9</ele>
    <time>2019-09-19T23:26:29.000Z</time>
   </trkpt>
   <trkpt lat="-8.055936" lon="-34.900004">
    <ele>13.1</ele>
    <time>2019-09-19T23:26:30.000Z</time>
   </trkpt>
   <trkpt lat="-8.055896" lon="-34.900015">
    <ele>13</ele>
    <time>2019-09-19T23:26:31.000Z</time>
   </trkpt>
   <trkpt lat="-8.055845" lon="-34.900016">
    <ele>12.8</ele>
    <time>2019-09-19T23:26:32.000Z</time>
   </trkpt>
   <trkpt lat="-8.055794" lon="-34.900017">
    <ele>12.7</ele>
    <time>2019-09-19T23:26:33.000Z</time>
   </trkpt>
   <trkpt lat="-8.055743" lon="-34.900019">
    <ele>12.5</ele>
    <time>2019-09-19T23:26:34.000Z</time>
   </trkpt>
   <trkpt lat="-8.055696" lon="-34.900018">
    <ele>12.4</ele>
    <time>2019-09-19T23:26:35.000Z</time>
   </trkpt>
   <trkpt lat="-8.055647" lon="-34.900016">
    <ele>12.2</ele>
    <time>2019-09-19T23:26:36.000Z</time>
   </trkpt>
   <trkpt lat="-8.055598" lon="-34.900015">
    <ele>12.1</ele>
    <time>2019-09-19T23:26:37.000Z</time>
   </trkpt>
   <trkpt lat="-8.05555" lon="-34.900019">
    <ele>12</ele>
    <time>2019-09-19T23:26:38.000Z</time>
   </trkpt>
   <trkpt lat="-8.055509" lon="-34.900023">
    <ele>11.9</ele>
    <time>2019-09-19T23:26:39.000Z</time>
   </trkpt>
   <trkpt lat="-8.055474" lon="-34.900036">
    <ele>11.8</ele>
    <time>2019-09-19T23:26:40.000Z</time>
   </trkpt>
   <trkpt lat="-8.055433" lon="-34.900035">
    <ele>11.7</ele>
    <time>2019-09-19T23:26:41.000Z</time>
   </trkpt>
   <trkpt lat="-8.055393" lon="-34.900031">
    <ele>11.6</ele>
    <time>2019-09-19T23:26:42.000Z</time>
   </trkpt>
   <trkpt lat="-8.055349" lon="-34.900026">
    <ele>11.5</ele>
    <time>2019-09-19T23:26:43.000Z</time>
   </trkpt>
   <trkpt lat="-8.055302" lon="-34.900024">
    <ele>11.4</ele>
    <time>2019-09-19T23:26:44.000Z</time>
   </trkpt>
   <trkpt lat="-8.055259" lon="-34.900025">
    <ele>11.3</ele>
    <time>2019-09-19T23:26:45.000Z</time>
   </trkpt>
   <trkpt lat="-8.055216" lon="-34.900026">
    <ele>11.2</ele>
    <time>2019-09-19T23:26:46.000Z</time>
   </trkpt>
   <trkpt lat="-8.055173" lon="-34.90004">
    <ele>11.1</ele>
    <time>2019-09-19T23:26:47.000Z</time>
   </trkpt>
   <trkpt lat="-8.055128" lon="-34.900031">
    <ele>10.9</ele>
    <time>2019-09-19T23:26:48.000Z</time>
   </trkpt>
   <trkpt lat="-8.055083" lon="-34.900024">
    <ele>10.9</ele>
    <time>2019-09-19T23:26:49.000Z</time>
   </trkpt>
   <trkpt lat="-8.055051" lon="-34.900029">
    <ele>10.9</ele>
    <time>2019-09-19T23:26:50.000Z</time>
   </trkpt>
   <trkpt lat="-8.05501" lon="-34.900022">
    <ele>11.6</ele>
    <time>2019-09-19T23:26:51.000Z</time>
   </trkpt>
   <trkpt lat="-8.054955" lon="-34.900024">
    <ele>13.2</ele>
    <time>2019-09-19T23:26:52.000Z</time>
   </trkpt>
   <trkpt lat="-8.054901" lon="-34.900024">
    <ele>14</ele>
    <time>2019-09-19T23:26:53.000Z</time>
   </trkpt>
   <trkpt lat="-8.05485" lon="-34.900026">
    <ele>14.8</ele>
    <time>2019-09-19T23:26:54.000Z</time>
   </trkpt>
   <trkpt lat="-8.0548" lon="-34.900042">
    <ele>15.8</ele>
    <time>2019-09-19T23:26:55.000Z</time>
   </trkpt>
   <trkpt lat="-8.054751" lon="-34.900039">
    <ele>16.3</ele>
    <time>2019-09-19T23:26:56.000Z</time>
   </trkpt>
   <trkpt lat="-8.054703" lon="-34.900032">
    <ele>16.8</ele>
    <time>2019-09-19T23:26:57.000Z</time>
   </trkpt>
   <trkpt lat="-8.054655" lon="-34.90003">
    <ele>17.2</ele>
    <time>2019-09-19T23:26:58.000Z</time>
   </trkpt>
   <trkpt lat="-8.054609" lon="-34.900027">
    <ele>17.5</ele>
    <time>2019-09-19T23:26:59.000Z</time>
   </trkpt>
   <trkpt lat="-8.054562" lon="-34.90002">
    <ele>17.5</ele>
    <time>2019-09-19T23:27:00.000Z</time>
   </trkpt>
   <trkpt lat="-8.054518" lon="-34.90002">
    <ele>17.7</ele>
    <time>2019-09-19T23:27:01.000Z</time>
   </trkpt>
   <trkpt lat="-8.05448" lon="-34.90005">
    <ele>18</ele>
    <time>2019-09-19T23:27:02.000Z</time>
   </trkpt>
   <trkpt lat="-8.054435" lon="-34.900057">
    <ele>18.1</ele>
    <time>2019-09-19T23:27:03.000Z</time>
   </trkpt>
   <trkpt lat="-8.054396" lon="-34.900065">
    <ele>18.1</ele>
    <time>2019-09-19T23:27:04.000Z</time>
   </trkpt>
   <trkpt lat="-8.054351" lon="-34.900072">
    <ele>18.1</ele>
    <time>2019-09-19T23:27:05.000Z</time>
   </trkpt>
   <trkpt lat="-8.054311" lon="-34.900078">
    <ele>18.2</ele>
    <time>2019-09-19T23:27:06.000Z</time>
   </trkpt>
   <trkpt lat="-8.054281" lon="-34.900084">
    <ele>18.2</ele>
    <time>2019-09-19T23:27:07.000Z</time>
   </trkpt>
   <trkpt lat="-8.054252" lon="-34.900083">
    <ele>18.2</ele>
    <time>2019-09-19T23:27:08.000Z</time>
   </trkpt>
   <trkpt lat="-8.054215" lon="-34.900088">
    <ele>18.3</ele>
    <time>2019-09-19T23:27:09.000Z</time>
   </trkpt>
   <trkpt lat="-8.054177" lon="-34.900075">
    <ele>18.3</ele>
    <time>2019-09-19T23:27:10.000Z</time>
   </trkpt>
   <trkpt lat="-8.054139" lon="-34.900071">
    <ele>18.4</ele>
    <time>2019-09-19T23:27:11.000Z</time>
   </trkpt>
   <trkpt lat="-8.054104" lon="-34.900082">
    <ele>18.4</ele>
    <time>2019-09-19T23:27:12.000Z</time>
   </trkpt>
   <trkpt lat="-8.054062" lon="-34.900078">
    <ele>18.5</ele>
    <time>2019-09-19T23:27:13.000Z</time>
   </trkpt>
   <trkpt lat="-8.054021" lon="-34.900074">
    <ele>18.5</ele>
    <time>2019-09-19T23:27:14.000Z</time>
   </trkpt>
   <trkpt lat="-8.053979" lon="-34.900068">
    <ele>18.6</ele>
    <time>2019-09-19T23:27:15.000Z</time>
   </trkpt>
   <trkpt lat="-8.053927" lon="-34.900057">
    <ele>18.6</ele>
    <time>2019-09-19T23:27:16.000Z</time>
   </trkpt>
   <trkpt lat="-8.053881" lon="-34.900046">
    <ele>18.4</ele>
    <time>2019-09-19T23:27:17.000Z</time>
   </trkpt>
   <trkpt lat="-8.053839" lon="-34.900038">
    <ele>18.2</ele>
    <time>2019-09-19T23:27:18.000Z</time>
   </trkpt>
   <trkpt lat="-8.053793" lon="-34.900041">
    <ele>18.1</ele>
    <time>2019-09-19T23:27:19.000Z</time>
   </trkpt>
   <trkpt lat="-8.053749" lon="-34.900037">
    <ele>17.9</ele>
    <time>2019-09-19T23:27:20.000Z</time>
   </trkpt>
   <trkpt lat="-8.053717" lon="-34.900031">
    <ele>17.8</ele>
    <time>2019-09-19T23:27:21.000Z</time>
   </trkpt>
   <trkpt lat="-8.05369" lon="-34.900018">
    <ele>17.8</ele>
    <time>2019-09-19T23:27:22.000Z</time>
   </trkpt>
   <trkpt lat="-8.053658" lon="-34.900004">
    <ele>17.7</ele>
    <time>2019-09-19T23:27:23.000Z</time>
   </trkpt>
   <trkpt lat="-8.053626" lon="-34.899989">
    <ele>17.7</ele>
    <time>2019-09-19T23:27:24.000Z</time>
   </trkpt>
   <trkpt lat="-8.053588" lon="-34.899971">
    <ele>17.6</ele>
    <time>2019-09-19T23:27:25.000Z</time>
   </trkpt>
   <trkpt lat="-8.053558" lon="-34.899971">
    <ele>17.6</ele>
    <time>2019-09-19T23:27:26.000Z</time>
   </trkpt>
   <trkpt lat="-8.053533" lon="-34.899963">
    <ele>17.6</ele>
    <time>2019-09-19T23:27:27.000Z</time>
   </trkpt>
   <trkpt lat="-8.053505" lon="-34.899954">
    <ele>17.6</ele>
    <time>2019-09-19T23:27:28.000Z</time>
   </trkpt>
   <trkpt lat="-8.053477" lon="-34.899945">
    <ele>17.6</ele>
    <time>2019-09-19T23:27:29.000Z</time>
   </trkpt>
   <trkpt lat="-8.05345" lon="-34.899938">
    <ele>17.6</ele>
    <time>2019-09-19T23:27:30.000Z</time>
   </trkpt>
   <trkpt lat="-8.053402" lon="-34.899934">
    <ele>17.6</ele>
    <time>2019-09-19T23:27:32.000Z</time>
   </trkpt>
   <trkpt lat="-8.053363" lon="-34.899945">
    <ele>17.6</ele>
    <time>2019-09-19T23:27:34.000Z</time>
   </trkpt>
   <trkpt lat="-8.053322" lon="-34.899929">
    <ele>17.5</ele>
    <time>2019-09-19T23:27:36.000Z</time>
   </trkpt>
   <trkpt lat="-8.053256" lon="-34.899907">
    <ele>17.4</ele>
    <time>2019-09-19T23:27:38.000Z</time>
   </trkpt>
   <trkpt lat="-8.053217" lon="-34.899897">
    <ele>17.4</ele>
    <time>2019-09-19T23:27:39.000Z</time>
   </trkpt>
   <trkpt lat="-8.053183" lon="-34.899872">
    <ele>17.2</ele>
    <time>2019-09-19T23:27:40.000Z</time>
   </trkpt>
   <trkpt lat="-8.053142" lon="-34.899855">
    <ele>17.1</ele>
    <time>2019-09-19T23:27:41.000Z</time>
   </trkpt>
   <trkpt lat="-8.053111" lon="-34.899829">
    <ele>17</ele>
    <time>2019-09-19T23:27:42.000Z</time>
   </trkpt>
   <trkpt lat="-8.053075" lon="-34.899807">
    <ele>16.9</ele>
    <time>2019-09-19T23:27:43.000Z</time>
   </trkpt>
   <trkpt lat="-8.053032" lon="-34.899778">
    <ele>16.8</ele>
    <time>2019-09-19T23:27:44.000Z</time>
   </trkpt>
   <trkpt lat="-8.05298" lon="-34.899762">
    <ele>16.7</ele>
    <time>2019-09-19T23:27:45.000Z</time>
   </trkpt>
   <trkpt lat="-8.052934" lon="-34.899739">
    <ele>16.6</ele>
    <time>2019-09-19T23:27:46.000Z</time>
   </trkpt>
   <trkpt lat="-8.052891" lon="-34.899717">
    <ele>16.5</ele>
    <time>2019-09-19T23:27:47.000Z</time>
   </trkpt>
   <trkpt lat="-8.052858" lon="-34.899696">
    <ele>16.4</ele>
    <time>2019-09-19T23:27:48.000Z</time>
   </trkpt>
   <trkpt lat="-8.052826" lon="-34.899679">
    <ele>16.4</ele>
    <time>2019-09-19T23:27:49.000Z</time>
   </trkpt>
   <trkpt lat="-8.052788" lon="-34.899662">
    <ele>16.3</ele>
    <time>2019-09-19T23:27:50.000Z</time>
   </trkpt>
   <trkpt lat="-8.05275" lon="-34.899639">
    <ele>16.2</ele>
    <time>2019-09-19T23:27:51.000Z</time>
   </trkpt>
   <trkpt lat="-8.052714" lon="-34.899619">
    <ele>16.1</ele>
    <time>2019-09-19T23:27:52.000Z</time>
   </trkpt>
   <trkpt lat="-8.052677" lon="-34.899601">
    <ele>16.1</ele>
    <time>2019-09-19T23:27:53.000Z</time>
   </trkpt>
   <trkpt lat="-8.052639" lon="-34.89959">
    <ele>15.3</ele>
    <time>2019-09-19T23:27:54.000Z</time>
   </trkpt>
   <trkpt lat="-8.0526" lon="-34.899579">
    <ele>14.8</ele>
    <time>2019-09-19T23:27:55.000Z</time>
   </trkpt>
   <trkpt lat="-8.052565" lon="-34.899559">
    <ele>14.2</ele>
    <time>2019-09-19T23:27:56.000Z</time>
   </trkpt>
   <trkpt lat="-8.05252" lon="-34.899543">
    <ele>13.6</ele>
    <time>2019-09-19T23:27:57.000Z</time>
   </trkpt>
   <trkpt lat="-8.052479" lon="-34.899515">
    <ele>12.9</ele>
    <time>2019-09-19T23:27:58.000Z</time>
   </trkpt>
   <trkpt lat="-8.052452" lon="-34.899498">
    <ele>12.5</ele>
    <time>2019-09-19T23:27:59.000Z</time>
   </trkpt>
   <trkpt lat="-8.052418" lon="-34.899472">
    <ele>12.1</ele>
    <time>2019-09-19T23:28:00.000Z</time>
   </trkpt>
   <trkpt lat="-8.052391" lon="-34.899463">
    <ele>11.9</ele>
    <time>2019-09-19T23:28:01.000Z</time>
   </trkpt>
   <trkpt lat="-8.052343" lon="-34.899429">
    <ele>11.6</ele>
    <time>2019-09-19T23:28:03.000Z</time>
   </trkpt>
   <trkpt lat="-8.052315" lon="-34.899411">
    <ele>11.6</ele>
    <time>2019-09-19T23:28:04.000Z</time>
   </trkpt>
   <trkpt lat="-8.052291" lon="-34.899396">
    <ele>11.6</ele>
    <time>2019-09-19T23:28:05.000Z</time>
   </trkpt>
   <trkpt lat="-8.052263" lon="-34.899381">
    <ele>11.7</ele>
    <time>2019-09-19T23:28:06.000Z</time>
   </trkpt>
   <trkpt lat="-8.052235" lon="-34.899365">
    <ele>11.7</ele>
    <time>2019-09-19T23:28:07.000Z</time>
   </trkpt>
   <trkpt lat="-8.052205" lon="-34.899349">
    <ele>11.7</ele>
    <time>2019-09-19T23:28:08.000Z</time>
   </trkpt>
   <trkpt lat="-8.052173" lon="-34.899332">
    <ele>11.7</ele>
    <time>2019-09-19T23:28:09.000Z</time>
   </trkpt>
   <trkpt lat="-8.052133" lon="-34.899312">
    <ele>11.7</ele>
    <time>2019-09-19T23:28:10.000Z</time>
   </trkpt>
   <trkpt lat="-8.052079" lon="-34.899289">
    <ele>11.8</ele>
    <time>2019-09-19T23:28:11.000Z</time>
   </trkpt>
   <trkpt lat="-8.052041" lon="-34.899279">
    <ele>11.8</ele>
    <time>2019-09-19T23:28:12.000Z</time>
   </trkpt>
   <trkpt lat="-8.051996" lon="-34.899256">
    <ele>11.8</ele>
    <time>2019-09-19T23:28:13.000Z</time>
   </trkpt>
   <trkpt lat="-8.051962" lon="-34.899239">
    <ele>11.8</ele>
    <time>2019-09-19T23:28:14.000Z</time>
   </trkpt>
   <trkpt lat="-8.051929" lon="-34.899214">
    <ele>11.8</ele>
    <time>2019-09-19T23:28:15.000Z</time>
   </trkpt>
   <trkpt lat="-8.051894" lon="-34.899186">
    <ele>11.9</ele>
    <time>2019-09-19T23:28:16.000Z</time>
   </trkpt>
   <trkpt lat="-8.051855" lon="-34.899161">
    <ele>11.9</ele>
    <time>2019-09-19T23:28:17.000Z</time>
   </trkpt>
   <trkpt lat="-8.05182" lon="-34.899143">
    <ele>11.9</ele>
    <time>2019-09-19T23:28:18.000Z</time>
   </trkpt>
   <trkpt lat="-8.051791" lon="-34.899121">
    <ele>11.9</ele>
    <time>2019-09-19T23:28:19.000Z</time>
   </trkpt>
   <trkpt lat="-8.051758" lon="-34.899097">
    <ele>12.4</ele>
    <time>2019-09-19T23:28:20.000Z</time>
   </trkpt>
   <trkpt lat="-8.051728" lon="-34.899072">
    <ele>12.9</ele>
    <time>2019-09-19T23:28:21.000Z</time>
   </trkpt>
   <trkpt lat="-8.051693" lon="-34.89905">
    <ele>13.6</ele>
    <time>2019-09-19T23:28:22.000Z</time>
   </trkpt>
   <trkpt lat="-8.051647" lon="-34.89903">
    <ele>14.5</ele>
    <time>2019-09-19T23:28:23.000Z</time>
   </trkpt>
   <trkpt lat="-8.051608" lon="-34.899009">
    <ele>15.3</ele>
    <time>2019-09-19T23:28:24.000Z</time>
   </trkpt>
   <trkpt lat="-8.051571" lon="-34.898989">
    <ele>16.1</ele>
    <time>2019-09-19T23:28:25.000Z</time>
   </trkpt>
   <trkpt lat="-8.05153" lon="-34.898969">
    <ele>16.8</ele>
    <time>2019-09-19T23:28:26.000Z</time>
   </trkpt>
   <trkpt lat="-8.051495" lon="-34.898952">
    <ele>17.4</ele>
    <time>2019-09-19T23:28:27.000Z</time>
   </trkpt>
   <trkpt lat="-8.051457" lon="-34.898933">
    <ele>17.6</ele>
    <time>2019-09-19T23:28:28.000Z</time>
   </trkpt>
   <trkpt lat="-8.051426" lon="-34.898932">
    <ele>17.5</ele>
    <time>2019-09-19T23:28:29.000Z</time>
   </trkpt>
   <trkpt lat="-8.051391" lon="-34.898919">
    <ele>17.4</ele>
    <time>2019-09-19T23:28:30.000Z</time>
   </trkpt>
   <trkpt lat="-8.051358" lon="-34.898902">
    <ele>17.1</ele>
    <time>2019-09-19T23:28:31.000Z</time>
   </trkpt>
   <trkpt lat="-8.051324" lon="-34.898884">
    <ele>16.8</ele>
    <time>2019-09-19T23:28:32.000Z</time>
   </trkpt>
   <trkpt lat="-8.051282" lon="-34.898866">
    <ele>16.4</ele>
    <time>2019-09-19T23:28:33.000Z</time>
   </trkpt>
   <trkpt lat="-8.051242" lon="-34.898843">
    <ele>16</ele>
    <time>2019-09-19T23:28:34.000Z</time>
   </trkpt>
   <trkpt lat="-8.051204" lon="-34.898823">
    <ele>16.1</ele>
    <time>2019-09-19T23:28:35.000Z</time>
   </trkpt>
   <trkpt lat="-8.051165" lon="-34.898802">
    <ele>16.2</ele>
    <time>2019-09-19T23:28:36.000Z</time>
   </trkpt>
   <trkpt lat="-8.051129" lon="-34.898784">
    <ele>16.5</ele>
    <time>2019-09-19T23:28:37.000Z</time>
   </trkpt>
   <trkpt lat="-8.051091" lon="-34.898765">
    <ele>16.8</ele>
    <time>2019-09-19T23:28:38.000Z</time>
   </trkpt>
   <trkpt lat="-8.051052" lon="-34.898746">
    <ele>16.7</ele>
    <time>2019-09-19T23:28:39.000Z</time>
   </trkpt>
   <trkpt lat="-8.051013" lon="-34.898725">
    <ele>16.5</ele>
    <time>2019-09-19T23:28:40.000Z</time>
   </trkpt>
   <trkpt lat="-8.050971" lon="-34.898699">
    <ele>15.9</ele>
    <time>2019-09-19T23:28:41.000Z</time>
   </trkpt>
   <trkpt lat="-8.050924" lon="-34.898668">
    <ele>15.1</ele>
    <time>2019-09-19T23:28:42.000Z</time>
   </trkpt>
   <trkpt lat="-8.050877" lon="-34.898637">
    <ele>14.7</ele>
    <time>2019-09-19T23:28:43.000Z</time>
   </trkpt>
   <trkpt lat="-8.050831" lon="-34.89861">
    <ele>14.3</ele>
    <time>2019-09-19T23:28:44.000Z</time>
   </trkpt>
   <trkpt lat="-8.050787" lon="-34.898583">
    <ele>14</ele>
    <time>2019-09-19T23:28:45.000Z</time>
   </trkpt>
   <trkpt lat="-8.050743" lon="-34.898555">
    <ele>13.5</ele>
    <time>2019-09-19T23:28:46.000Z</time>
   </trkpt>
   <trkpt lat="-8.050696" lon="-34.898529">
    <ele>12.9</ele>
    <time>2019-09-19T23:28:47.000Z</time>
   </trkpt>
   <trkpt lat="-8.050649" lon="-34.898494">
    <ele>12.5</ele>
    <time>2019-09-19T23:28:48.000Z</time>
   </trkpt>
   <trkpt lat="-8.050603" lon="-34.898468">
    <ele>12.2</ele>
    <time>2019-09-19T23:28:49.000Z</time>
   </trkpt>
   <trkpt lat="-8.050559" lon="-34.89845">
    <ele>12</ele>
    <time>2019-09-19T23:28:50.000Z</time>
   </trkpt>
   <trkpt lat="-8.050515" lon="-34.898425">
    <ele>11.9</ele>
    <time>2019-09-19T23:28:51.000Z</time>
   </trkpt>
   <trkpt lat="-8.050463" lon="-34.898397">
    <ele>11.8</ele>
    <time>2019-09-19T23:28:52.000Z</time>
   </trkpt>
   <trkpt lat="-8.05041" lon="-34.898371">
    <ele>11.7</ele>
    <time>2019-09-19T23:28:53.000Z</time>
   </trkpt>
   <trkpt lat="-8.05037" lon="-34.898342">
    <ele>11.5</ele>
    <time>2019-09-19T23:28:54.000Z</time>
   </trkpt>
   <trkpt lat="-8.050316" lon="-34.898319">
    <ele>11.4</ele>
    <time>2019-09-19T23:28:55.000Z</time>
   </trkpt>
   <trkpt lat="-8.050267" lon="-34.898301">
    <ele>11.7</ele>
    <time>2019-09-19T23:28:56.000Z</time>
   </trkpt>
   <trkpt lat="-8.050208" lon="-34.898278">
    <ele>12.1</ele>
    <time>2019-09-19T23:28:57.000Z</time>
   </trkpt>
   <trkpt lat="-8.050142" lon="-34.898241">
    <ele>12.5</ele>
    <time>2019-09-19T23:28:58.000Z</time>
   </trkpt>
   <trkpt lat="-8.050086" lon="-34.898201">
    <ele>13</ele>
    <time>2019-09-19T23:28:59.000Z</time>
   </trkpt>
   <trkpt lat="-8.05003" lon="-34.898162">
    <ele>13.4</ele>
    <time>2019-09-19T23:29:00.000Z</time>
   </trkpt>
   <trkpt lat="-8.049988" lon="-34.898119">
    <ele>13.4</ele>
    <time>2019-09-19T23:29:01.000Z</time>
   </trkpt>
   <trkpt lat="-8.04996" lon="-34.898084">
    <ele>13.2</ele>
    <time>2019-09-19T23:29:02.000Z</time>
   </trkpt>
   <trkpt lat="-8.049938" lon="-34.898042">
    <ele>13.2</ele>
    <time>2019-09-19T23:29:03.000Z</time>
   </trkpt>
   <trkpt lat="-8.049943" lon="-34.897988">
    <ele>13.1</ele>
    <time>2019-09-19T23:29:04.000Z</time>
   </trkpt>
   <trkpt lat="-8.049948" lon="-34.89794">
    <ele>13.1</ele>
    <time>2019-09-19T23:29:05.000Z</time>
   </trkpt>
   <trkpt lat="-8.049959" lon="-34.897895">
    <ele>13</ele>
    <time>2019-09-19T23:29:06.000Z</time>
   </trkpt>
   <trkpt lat="-8.049966" lon="-34.89785">
    <ele>13</ele>
    <time>2019-09-19T23:29:07.000Z</time>
   </trkpt>
   <trkpt lat="-8.049959" lon="-34.897801">
    <ele>13</ele>
    <time>2019-09-19T23:29:08.000Z</time>
   </trkpt>
   <trkpt lat="-8.049963" lon="-34.897743">
    <ele>13</ele>
    <time>2019-09-19T23:29:09.000Z</time>
   </trkpt>
   <trkpt lat="-8.04997" lon="-34.897694">
    <ele>13</ele>
    <time>2019-09-19T23:29:10.000Z</time>
   </trkpt>
   <trkpt lat="-8.049984" lon="-34.89765">
    <ele>13</ele>
    <time>2019-09-19T23:29:11.000Z</time>
   </trkpt>
   <trkpt lat="-8.049981" lon="-34.897606">
    <ele>13</ele>
    <time>2019-09-19T23:29:12.000Z</time>
   </trkpt>
   <trkpt lat="-8.049981" lon="-34.897563">
    <ele>13</ele>
    <time>2019-09-19T23:29:13.000Z</time>
   </trkpt>
   <trkpt lat="-8.049981" lon="-34.897522">
    <ele>13</ele>
    <time>2019-09-19T23:29:14.000Z</time>
   </trkpt>
   <trkpt lat="-8.049993" lon="-34.89749">
    <ele>13</ele>
    <time>2019-09-19T23:29:15.000Z</time>
   </trkpt>
   <trkpt lat="-8.050012" lon="-34.897456">
    <ele>13</ele>
    <time>2019-09-19T23:29:16.000Z</time>
   </trkpt>
   <trkpt lat="-8.05003" lon="-34.897422">
    <ele>13</ele>
    <time>2019-09-19T23:29:17.000Z</time>
   </trkpt>
   <trkpt lat="-8.050057" lon="-34.897373">
    <ele>13</ele>
    <time>2019-09-19T23:29:19.000Z</time>
   </trkpt>
   <trkpt lat="-8.050077" lon="-34.897331">
    <ele>13</ele>
    <time>2019-09-19T23:29:21.000Z</time>
   </trkpt>
   <trkpt lat="-8.050093" lon="-34.897298">
    <ele>13</ele>
    <time>2019-09-19T23:29:22.000Z</time>
   </trkpt>
   <trkpt lat="-8.050127" lon="-34.897252">
    <ele>13</ele>
    <time>2019-09-19T23:29:23.000Z</time>
   </trkpt>
   <trkpt lat="-8.050142" lon="-34.897209">
    <ele>13.1</ele>
    <time>2019-09-19T23:29:24.000Z</time>
   </trkpt>
   <trkpt lat="-8.050158" lon="-34.897171">
    <ele>13.2</ele>
    <time>2019-09-19T23:29:25.000Z</time>
   </trkpt>
   <trkpt lat="-8.050165" lon="-34.897132">
    <ele>13.3</ele>
    <time>2019-09-19T23:29:27.000Z</time>
   </trkpt>
   <trkpt lat="-8.050169" lon="-34.897104">
    <ele>13.4</ele>
    <time>2019-09-19T23:29:28.000Z</time>
   </trkpt>
   <trkpt lat="-8.050159" lon="-34.897062">
    <ele>13.5</ele>
    <time>2019-09-19T23:29:29.000Z</time>
   </trkpt>
   <trkpt lat="-8.050139" lon="-34.897034">
    <ele>13.6</ele>
    <time>2019-09-19T23:29:30.000Z</time>
   </trkpt>
   <trkpt lat="-8.05012" lon="-34.897014">
    <ele>13.7</ele>
    <time>2019-09-19T23:29:31.000Z</time>
   </trkpt>
   <trkpt lat="-8.050103" lon="-34.896978">
    <ele>13.8</ele>
    <time>2019-09-19T23:29:33.000Z</time>
   </trkpt>
   <trkpt lat="-8.050109" lon="-34.896949">
    <ele>13.9</ele>
    <time>2019-09-19T23:29:35.000Z</time>
   </trkpt>
   <trkpt lat="-8.050125" lon="-34.896906">
    <ele>14</ele>
    <time>2019-09-19T23:29:37.000Z</time>
   </trkpt>
   <trkpt lat="-8.050129" lon="-34.89687">
    <ele>14.1</ele>
    <time>2019-09-19T23:29:38.000Z</time>
   </trkpt>
   <trkpt lat="-8.050143" lon="-34.896814">
    <ele>14.3</ele>
    <time>2019-09-19T23:29:40.000Z</time>
   </trkpt>
   <trkpt lat="-8.050155" lon="-34.896781">
    <ele>14.4</ele>
    <time>2019-09-19T23:29:41.000Z</time>
   </trkpt>
   <trkpt lat="-8.050158" lon="-34.896746">
    <ele>14.6</ele>
    <time>2019-09-19T23:29:42.000Z</time>
   </trkpt>
   <trkpt lat="-8.050156" lon="-34.896699">
    <ele>14.8</ele>
    <time>2019-09-19T23:29:44.000Z</time>
   </trkpt>
   <trkpt lat="-8.050112" lon="-34.896667">
    <ele>14.7</ele>
    <time>2019-09-19T23:29:46.000Z</time>
   </trkpt>
   <trkpt lat="-8.050075" lon="-34.896655">
    <ele>14.6</ele>
    <time>2019-09-19T23:29:47.000Z</time>
   </trkpt>
   <trkpt lat="-8.05003" lon="-34.896643">
    <ele>14.5</ele>
    <time>2019-09-19T23:29:48.000Z</time>
   </trkpt>
   <trkpt lat="-8.049974" lon="-34.896628">
    <ele>14.4</ele>
    <time>2019-09-19T23:29:49.000Z</time>
   </trkpt>
   <trkpt lat="-8.049925" lon="-34.896614">
    <ele>14.3</ele>
    <time>2019-09-19T23:29:50.000Z</time>
   </trkpt>
   <trkpt lat="-8.049887" lon="-34.89659">
    <ele>14.2</ele>
    <time>2019-09-19T23:29:51.000Z</time>
   </trkpt>
   <trkpt lat="-8.049846" lon="-34.896564">
    <ele>14.1</ele>
    <time>2019-09-19T23:29:52.000Z</time>
   </trkpt>
   <trkpt lat="-8.049783" lon="-34.896556">
    <ele>14</ele>
    <time>2019-09-19T23:29:53.000Z</time>
   </trkpt>
   <trkpt lat="-8.049739" lon="-34.896542">
    <ele>13.9</ele>
    <time>2019-09-19T23:29:54.000Z</time>
   </trkpt>
   <trkpt lat="-8.049691" lon="-34.896527">
    <ele>13.8</ele>
    <time>2019-09-19T23:29:55.000Z</time>
   </trkpt>
   <trkpt lat="-8.049644" lon="-34.896507">
    <ele>13.7</ele>
    <time>2019-09-19T23:29:56.000Z</time>
   </trkpt>
   <trkpt lat="-8.049594" lon="-34.89649">
    <ele>13.6</ele>
    <time>2019-09-19T23:29:57.000Z</time>
   </trkpt>
   <trkpt lat="-8.049556" lon="-34.896466">
    <ele>13.5</ele>
    <time>2019-09-19T23:29:58.000Z</time>
   </trkpt>
   <trkpt lat="-8.049512" lon="-34.89645">
    <ele>13.4</ele>
    <time>2019-09-19T23:29:59.000Z</time>
   </trkpt>
   <trkpt lat="-8.04946" lon="-34.896434">
    <ele>13.4</ele>
    <time>2019-09-19T23:30:00.000Z</time>
   </trkpt>
   <trkpt lat="-8.049408" lon="-34.896426">
    <ele>13.3</ele>
    <time>2019-09-19T23:30:01.000Z</time>
   </trkpt>
   <trkpt lat="-8.049359" lon="-34.896429">
    <ele>13.3</ele>
    <time>2019-09-19T23:30:02.000Z</time>
   </trkpt>
   <trkpt lat="-8.049314" lon="-34.896421">
    <ele>13.2</ele>
    <time>2019-09-19T23:30:03.000Z</time>
   </trkpt>
   <trkpt lat="-8.049262" lon="-34.896414">
    <ele>13.1</ele>
    <time>2019-09-19T23:30:04.000Z</time>
   </trkpt>
   <trkpt lat="-8.049209" lon="-34.896409">
    <ele>13.1</ele>
    <time>2019-09-19T23:30:05.000Z</time>
   </trkpt>
   <trkpt lat="-8.049165" lon="-34.896407">
    <ele>13</ele>
    <time>2019-09-19T23:30:06.000Z</time>
   </trkpt>
   <trkpt lat="-8.049127" lon="-34.896421">
    <ele>12.9</ele>
    <time>2019-09-19T23:30:07.000Z</time>
   </trkpt>
   <trkpt lat="-8.04908" lon="-34.896439">
    <ele>12.8</ele>
    <time>2019-09-19T23:30:08.000Z</time>
   </trkpt>
   <trkpt lat="-8.04904" lon="-34.896463">
    <ele>12.7</ele>
    <time>2019-09-19T23:30:09.000Z</time>
   </trkpt>
   <trkpt lat="-8.048991" lon="-34.896484">
    <ele>12.6</ele>
    <time>2019-09-19T23:30:11.000Z</time>
   </trkpt>
   <trkpt lat="-8.048946" lon="-34.896508">
    <ele>12.5</ele>
    <time>2019-09-19T23:30:12.000Z</time>
   </trkpt>
   <trkpt lat="-8.048904" lon="-34.896535">
    <ele>12.3</ele>
    <time>2019-09-19T23:30:13.000Z</time>
   </trkpt>
   <trkpt lat="-8.048863" lon="-34.89656">
    <ele>12.2</ele>
    <time>2019-09-19T23:30:14.000Z</time>
   </trkpt>
   <trkpt lat="-8.048819" lon="-34.896576">
    <ele>12</ele>
    <time>2019-09-19T23:30:15.000Z</time>
   </trkpt>
   <trkpt lat="-8.048776" lon="-34.896594">
    <ele>11.9</ele>
    <time>2019-09-19T23:30:16.000Z</time>
   </trkpt>
   <trkpt lat="-8.048737" lon="-34.896609">
    <ele>11.8</ele>
    <time>2019-09-19T23:30:17.000Z</time>
   </trkpt>
   <trkpt lat="-8.048697" lon="-34.896622">
    <ele>11.6</ele>
    <time>2019-09-19T23:30:18.000Z</time>
   </trkpt>
   <trkpt lat="-8.048651" lon="-34.896634">
    <ele>11.5</ele>
    <time>2019-09-19T23:30:19.000Z</time>
   </trkpt>
   <trkpt lat="-8.048601" lon="-34.896655">
    <ele>11.3</ele>
    <time>2019-09-19T23:30:20.000Z</time>
   </trkpt>
   <trkpt lat="-8.04855" lon="-34.896652">
    <ele>11.1</ele>
    <time>2019-09-19T23:30:21.000Z</time>
   </trkpt>
   <trkpt lat="-8.048509" lon="-34.896676">
    <ele>11</ele>
    <time>2019-09-19T23:30:22.000Z</time>
   </trkpt>
   <trkpt lat="-8.048469" lon="-34.896697">
    <ele>10.8</ele>
    <time>2019-09-19T23:30:23.000Z</time>
   </trkpt>
   <trkpt lat="-8.048434" lon="-34.896713">
    <ele>10.7</ele>
    <time>2019-09-19T23:30:24.000Z</time>
   </trkpt>
   <trkpt lat="-8.0484" lon="-34.896726">
    <ele>10.6</ele>
    <time>2019-09-19T23:30:25.000Z</time>
   </trkpt>
   <trkpt lat="-8.04842" lon="-34.896751">
    <ele>10.5</ele>
    <time>2019-09-19T23:30:28.000Z</time>
   </trkpt>
   <trkpt lat="-8.048401" lon="-34.896732">
    <ele>10.4</ele>
    <time>2019-09-19T23:30:39.000Z</time>
   </trkpt>
   <trkpt lat="-8.04835" lon="-34.896747">
    <ele>10.3</ele>
    <time>2019-09-19T23:30:41.000Z</time>
   </trkpt>
   <trkpt lat="-8.048318" lon="-34.896766">
    <ele>10.2</ele>
    <time>2019-09-19T23:30:42.000Z</time>
   </trkpt>
   <trkpt lat="-8.04828" lon="-34.896787">
    <ele>10.1</ele>
    <time>2019-09-19T23:30:43.000Z</time>
   </trkpt>
   <trkpt lat="-8.048234" lon="-34.896798">
    <ele>10.3</ele>
    <time>2019-09-19T23:30:44.000Z</time>
   </trkpt>
   <trkpt lat="-8.048193" lon="-34.89682">
    <ele>10.5</ele>
    <time>2019-09-19T23:30:45.000Z</time>
   </trkpt>
   <trkpt lat="-8.048148" lon="-34.896832">
    <ele>10.7</ele>
    <time>2019-09-19T23:30:46.000Z</time>
   </trkpt>
   <trkpt lat="-8.048099" lon="-34.896851">
    <ele>11</ele>
    <time>2019-09-19T23:30:47.000Z</time>
   </trkpt>
   <trkpt lat="-8.048045" lon="-34.896873">
    <ele>11.4</ele>
    <time>2019-09-19T23:30:48.000Z</time>
   </trkpt>
   <trkpt lat="-8.048002" lon="-34.896887">
    <ele>11.6</ele>
    <time>2019-09-19T23:30:49.000Z</time>
   </trkpt>
   <trkpt lat="-8.047954" lon="-34.896899">
    <ele>12.2</ele>
    <time>2019-09-19T23:30:50.000Z</time>
   </trkpt>
   <trkpt lat="-8.04791" lon="-34.896909">
    <ele>12.3</ele>
    <time>2019-09-19T23:30:51.000Z</time>
   </trkpt>
   <trkpt lat="-8.047872" lon="-34.89692">
    <ele>12.4</ele>
    <time>2019-09-19T23:30:52.000Z</time>
   </trkpt>
   <trkpt lat="-8.047841" lon="-34.896929">
    <ele>12.5</ele>
    <time>2019-09-19T23:30:53.000Z</time>
   </trkpt>
   <trkpt lat="-8.047804" lon="-34.896942">
    <ele>12.7</ele>
    <time>2019-09-19T23:30:54.000Z</time>
   </trkpt>
   <trkpt lat="-8.047759" lon="-34.896954">
    <ele>12.8</ele>
    <time>2019-09-19T23:30:55.000Z</time>
   </trkpt>
   <trkpt lat="-8.047719" lon="-34.896961">
    <ele>12.9</ele>
    <time>2019-09-19T23:30:56.000Z</time>
   </trkpt>
   <trkpt lat="-8.047666" lon="-34.896941">
    <ele>13.1</ele>
    <time>2019-09-19T23:30:57.000Z</time>
   </trkpt>
   <trkpt lat="-8.047632" lon="-34.896918">
    <ele>13.2</ele>
    <time>2019-09-19T23:30:58.000Z</time>
   </trkpt>
   <trkpt lat="-8.047605" lon="-34.896888">
    <ele>13.1</ele>
    <time>2019-09-19T23:30:59.000Z</time>
   </trkpt>
   <trkpt lat="-8.047579" lon="-34.896857">
    <ele>13</ele>
    <time>2019-09-19T23:31:00.000Z</time>
   </trkpt>
   <trkpt lat="-8.047532" lon="-34.89682">
    <ele>12.9</ele>
    <time>2019-09-19T23:31:01.000Z</time>
   </trkpt>
   <trkpt lat="-8.047506" lon="-34.896782">
    <ele>12.9</ele>
    <time>2019-09-19T23:31:02.000Z</time>
   </trkpt>
   <trkpt lat="-8.047472" lon="-34.896741">
    <ele>12.8</ele>
    <time>2019-09-19T23:31:03.000Z</time>
   </trkpt>
   <trkpt lat="-8.047443" lon="-34.896702">
    <ele>12.8</ele>
    <time>2019-09-19T23:31:04.000Z</time>
   </trkpt>
   <trkpt lat="-8.04742" lon="-34.896657">
    <ele>12.9</ele>
    <time>2019-09-19T23:31:05.000Z</time>
   </trkpt>
   <trkpt lat="-8.047393" lon="-34.896618">
    <ele>13</ele>
    <time>2019-09-19T23:31:06.000Z</time>
   </trkpt>
   <trkpt lat="-8.047368" lon="-34.896594">
    <ele>13</ele>
    <time>2019-09-19T23:31:07.000Z</time>
   </trkpt>
   <trkpt lat="-8.047347" lon="-34.896575">
    <ele>13.1</ele>
    <time>2019-09-19T23:31:08.000Z</time>
   </trkpt>
   <trkpt lat="-8.047324" lon="-34.896546">
    <ele>13.2</ele>
    <time>2019-09-19T23:31:10.000Z</time>
   </trkpt>
   <trkpt lat="-8.047316" lon="-34.896514">
    <ele>13.3</ele>
    <time>2019-09-19T23:31:12.000Z</time>
   </trkpt>
   <trkpt lat="-8.047299" lon="-34.896475">
    <ele>13.5</ele>
    <time>2019-09-19T23:31:14.000Z</time>
   </trkpt>
   <trkpt lat="-8.047264" lon="-34.896409">
    <ele>13.8</ele>
    <time>2019-09-19T23:31:16.000Z</time>
   </trkpt>
   <trkpt lat="-8.047229" lon="-34.896382">
    <ele>14</ele>
    <time>2019-09-19T23:31:17.000Z</time>
   </trkpt>
   <trkpt lat="-8.04718" lon="-34.896367">
    <ele>14.2</ele>
    <time>2019-09-19T23:31:18.000Z</time>
   </trkpt>
   <trkpt lat="-8.047143" lon="-34.896355">
    <ele>14.4</ele>
    <time>2019-09-19T23:31:19.000Z</time>
   </trkpt>
   <trkpt lat="-8.047115" lon="-34.896314">
    <ele>14.6</ele>
    <time>2019-09-19T23:31:20.000Z</time>
   </trkpt>
   <trkpt lat="-8.047082" lon="-34.89627">
    <ele>14.9</ele>
    <time>2019-09-19T23:31:21.000Z</time>
   </trkpt>
   <trkpt lat="-8.047054" lon="-34.896222">
    <ele>15.2</ele>
    <time>2019-09-19T23:31:22.000Z</time>
   </trkpt>
   <trkpt lat="-8.047029" lon="-34.896179">
    <ele>15.5</ele>
    <time>2019-09-19T23:31:23.000Z</time>
   </trkpt>
   <trkpt lat="-8.047005" lon="-34.896142">
    <ele>15.8</ele>
    <time>2019-09-19T23:31:24.000Z</time>
   </trkpt>
   <trkpt lat="-8.046957" lon="-34.896117">
    <ele>16.1</ele>
    <time>2019-09-19T23:31:25.000Z</time>
   </trkpt>
   <trkpt lat="-8.046915" lon="-34.896073">
    <ele>16.4</ele>
    <time>2019-09-19T23:31:26.000Z</time>
   </trkpt>
   <trkpt lat="-8.046872" lon="-34.896029">
    <ele>16.8</ele>
    <time>2019-09-19T23:31:27.000Z</time>
   </trkpt>
   <trkpt lat="-8.046825" lon="-34.895992">
    <ele>17.1</ele>
    <time>2019-09-19T23:31:28.000Z</time>
   </trkpt>
   <trkpt lat="-8.046795" lon="-34.895959">
    <ele>17.4</ele>
    <time>2019-09-19T23:31:29.000Z</time>
   </trkpt>
   <trkpt lat="-8.046771" lon="-34.895943">
    <ele>17.6</ele>
    <time>2019-09-19T23:31:30.000Z</time>
   </trkpt>
   <trkpt lat="-8.046737" lon="-34.895939">
    <ele>17.7</ele>
    <time>2019-09-19T23:31:31.000Z</time>
   </trkpt>
   <trkpt lat="-8.046706" lon="-34.895917">
    <ele>18</ele>
    <time>2019-09-19T23:31:32.000Z</time>
   </trkpt>
   <trkpt lat="-8.046672" lon="-34.895893">
    <ele>18.2</ele>
    <time>2019-09-19T23:31:33.000Z</time>
   </trkpt>
   <trkpt lat="-8.04663" lon="-34.895866">
    <ele>18.5</ele>
    <time>2019-09-19T23:31:34.000Z</time>
   </trkpt>
   <trkpt lat="-8.046591" lon="-34.895838">
    <ele>18.7</ele>
    <time>2019-09-19T23:31:35.000Z</time>
   </trkpt>
   <trkpt lat="-8.046551" lon="-34.895816">
    <ele>18.9</ele>
    <time>2019-09-19T23:31:36.000Z</time>
   </trkpt>
   <trkpt lat="-8.046511" lon="-34.895795">
    <ele>19.1</ele>
    <time>2019-09-19T23:31:37.000Z</time>
   </trkpt>
   <trkpt lat="-8.046478" lon="-34.895786">
    <ele>19.3</ele>
    <time>2019-09-19T23:31:38.000Z</time>
   </trkpt>
   <trkpt lat="-8.046445" lon="-34.895782">
    <ele>19.4</ele>
    <time>2019-09-19T23:31:39.000Z</time>
   </trkpt>
   <trkpt lat="-8.046414" lon="-34.895773">
    <ele>19.6</ele>
    <time>2019-09-19T23:31:40.000Z</time>
   </trkpt>
   <trkpt lat="-8.046387" lon="-34.895763">
    <ele>19.7</ele>
    <time>2019-09-19T23:31:41.000Z</time>
   </trkpt>
   <trkpt lat="-8.046361" lon="-34.895743">
    <ele>19.9</ele>
    <time>2019-09-19T23:31:42.000Z</time>
   </trkpt>
   <trkpt lat="-8.046347" lon="-34.895704">
    <ele>20.1</ele>
    <time>2019-09-19T23:31:43.000Z</time>
   </trkpt>
   <trkpt lat="-8.046315" lon="-34.895676">
    <ele>20.3</ele>
    <time>2019-09-19T23:31:44.000Z</time>
   </trkpt>
   <trkpt lat="-8.046271" lon="-34.895641">
    <ele>20.6</ele>
    <time>2019-09-19T23:31:45.000Z</time>
   </trkpt>
   <trkpt lat="-8.046234" lon="-34.895614">
    <ele>20.9</ele>
    <time>2019-09-19T23:31:46.000Z</time>
   </trkpt>
   <trkpt lat="-8.046201" lon="-34.895594">
    <ele>21.2</ele>
    <time>2019-09-19T23:31:47.000Z</time>
   </trkpt>
   <trkpt lat="-8.046164" lon="-34.895576">
    <ele>21.5</ele>
    <time>2019-09-19T23:31:48.000Z</time>
   </trkpt>
   <trkpt lat="-8.04613" lon="-34.895531">
    <ele>21.8</ele>
    <time>2019-09-19T23:31:49.000Z</time>
   </trkpt>
   <trkpt lat="-8.046088" lon="-34.895499">
    <ele>22.2</ele>
    <time>2019-09-19T23:31:50.000Z</time>
   </trkpt>
   <trkpt lat="-8.046055" lon="-34.895487">
    <ele>22.5</ele>
    <time>2019-09-19T23:31:51.000Z</time>
   </trkpt>
   <trkpt lat="-8.046009" lon="-34.895495">
    <ele>22.8</ele>
    <time>2019-09-19T23:31:53.000Z</time>
   </trkpt>
   <trkpt lat="-8.045969" lon="-34.895497">
    <ele>23</ele>
    <time>2019-09-19T23:31:55.000Z</time>
   </trkpt>
   <trkpt lat="-8.045953" lon="-34.895473">
    <ele>23.1</ele>
    <time>2019-09-19T23:31:56.000Z</time>
   </trkpt>
   <trkpt lat="-8.045949" lon="-34.895504">
    <ele>23.3</ele>
    <time>2019-09-19T23:31:59.000Z</time>
   </trkpt>
   <trkpt lat="-8.045919" lon="-34.895513">
    <ele>23.5</ele>
    <time>2019-09-19T23:32:01.000Z</time>
   </trkpt>
   <trkpt lat="-8.045886" lon="-34.895518">
    <ele>23.6</ele>
    <time>2019-09-19T23:32:03.000Z</time>
   </trkpt>
   <trkpt lat="-8.045772" lon="-34.89541">
    <ele>23.9</ele>
    <time>2019-09-19T23:32:45.000Z</time>
   </trkpt>
   <trkpt lat="-8.045761" lon="-34.895381">
    <ele>23.6</ele>
    <time>2019-09-19T23:32:49.000Z</time>
   </trkpt>
   <trkpt lat="-8.04572" lon="-34.89535">
    <ele>23.1</ele>
    <time>2019-09-19T23:32:51.000Z</time>
   </trkpt>
   <trkpt lat="-8.045694" lon="-34.895319">
    <ele>22.7</ele>
    <time>2019-09-19T23:32:53.000Z</time>
   </trkpt>
   <trkpt lat="-8.045639" lon="-34.89526">
    <ele>22.3</ele>
    <time>2019-09-19T23:32:55.000Z</time>
   </trkpt>
   <trkpt lat="-8.045609" lon="-34.895219">
    <ele>22</ele>
    <time>2019-09-19T23:32:56.000Z</time>
   </trkpt>
   <trkpt lat="-8.045577" lon="-34.895177">
    <ele>21.7</ele>
    <time>2019-09-19T23:32:57.000Z</time>
   </trkpt>
   <trkpt lat="-8.045544" lon="-34.895139">
    <ele>21.4</ele>
    <time>2019-09-19T23:32:58.000Z</time>
   </trkpt>
   <trkpt lat="-8.045512" lon="-34.895099">
    <ele>21.1</ele>
    <time>2019-09-19T23:32:59.000Z</time>
   </trkpt>
   <trkpt lat="-8.045484" lon="-34.895068">
    <ele>20.8</ele>
    <time>2019-09-19T23:33:00.000Z</time>
   </trkpt>
   <trkpt lat="-8.045447" lon="-34.895034">
    <ele>20.6</ele>
    <time>2019-09-19T23:33:01.000Z</time>
   </trkpt>
   <trkpt lat="-8.045403" lon="-34.894995">
    <ele>20.2</ele>
    <time>2019-09-19T23:33:02.000Z</time>
   </trkpt>
   <trkpt lat="-8.045363" lon="-34.894955">
    <ele>19.9</ele>
    <time>2019-09-19T23:33:03.000Z</time>
   </trkpt>
   <trkpt lat="-8.045319" lon="-34.894907">
    <ele>19.5</ele>
    <time>2019-09-19T23:33:04.000Z</time>
   </trkpt>
   <trkpt lat="-8.045281" lon="-34.894875">
    <ele>19.2</ele>
    <time>2019-09-19T23:33:05.000Z</time>
   </trkpt>
   <trkpt lat="-8.045246" lon="-34.894847">
    <ele>18.9</ele>
    <time>2019-09-19T23:33:06.000Z</time>
   </trkpt>
   <trkpt lat="-8.045209" lon="-34.894812">
    <ele>18.5</ele>
    <time>2019-09-19T23:33:07.000Z</time>
   </trkpt>
   <trkpt lat="-8.045171" lon="-34.894784">
    <ele>18.2</ele>
    <time>2019-09-19T23:33:08.000Z</time>
   </trkpt>
   <trkpt lat="-8.045129" lon="-34.894758">
    <ele>18</ele>
    <time>2019-09-19T23:33:09.000Z</time>
   </trkpt>
   <trkpt lat="-8.045089" lon="-34.89474">
    <ele>17.8</ele>
    <time>2019-09-19T23:33:10.000Z</time>
   </trkpt>
   <trkpt lat="-8.045075" lon="-34.894704">
    <ele>17.6</ele>
    <time>2019-09-19T23:33:11.000Z</time>
   </trkpt>
   <trkpt lat="-8.045048" lon="-34.894686">
    <ele>17.5</ele>
    <time>2019-09-19T23:33:12.000Z</time>
   </trkpt>
   <trkpt lat="-8.045022" lon="-34.89466">
    <ele>17.3</ele>
    <time>2019-09-19T23:33:13.000Z</time>
   </trkpt>
   <trkpt lat="-8.044996" lon="-34.894637">
    <ele>17.2</ele>
    <time>2019-09-19T23:33:14.000Z</time>
   </trkpt>
   <trkpt lat="-8.044956" lon="-34.894635">
    <ele>17</ele>
    <time>2019-09-19T23:33:15.000Z</time>
   </trkpt>
   <trkpt lat="-8.044907" lon="-34.894612">
    <ele>16.8</ele>
    <time>2019-09-19T23:33:16.000Z</time>
   </trkpt>
   <trkpt lat="-8.044899" lon="-34.894561">
    <ele>16.5</ele>
    <time>2019-09-19T23:33:17.000Z</time>
   </trkpt>
   <trkpt lat="-8.044871" lon="-34.894537">
    <ele>16.4</ele>
    <time>2019-09-19T23:33:18.000Z</time>
   </trkpt>
   <trkpt lat="-8.044846" lon="-34.894509">
    <ele>16.2</ele>
    <time>2019-09-19T23:33:19.000Z</time>
   </trkpt>
   <trkpt lat="-8.044828" lon="-34.894479">
    <ele>16</ele>
    <time>2019-09-19T23:33:20.000Z</time>
   </trkpt>
   <trkpt lat="-8.044785" lon="-34.894455">
    <ele>15.8</ele>
    <time>2019-09-19T23:33:21.000Z</time>
   </trkpt>
   <trkpt lat="-8.044759" lon="-34.894414">
    <ele>15.6</ele>
    <time>2019-09-19T23:33:22.000Z</time>
   </trkpt>
   <trkpt lat="-8.04472" lon="-34.894386">
    <ele>15.4</ele>
    <time>2019-09-19T23:33:23.000Z</time>
   </trkpt>
   <trkpt lat="-8.044666" lon="-34.894362">
    <ele>15.1</ele>
    <time>2019-09-19T23:33:24.000Z</time>
   </trkpt>
   <trkpt lat="-8.044633" lon="-34.894336">
    <ele>14.9</ele>
    <time>2019-09-19T23:33:25.000Z</time>
   </trkpt>
   <trkpt lat="-8.044596" lon="-34.894307">
    <ele>14.7</ele>
    <time>2019-09-19T23:33:26.000Z</time>
   </trkpt>
   <trkpt lat="-8.044553" lon="-34.894264">
    <ele>14.5</ele>
    <time>2019-09-19T23:33:27.000Z</time>
   </trkpt>
   <trkpt lat="-8.044518" lon="-34.89423">
    <ele>14.3</ele>
    <time>2019-09-19T23:33:28.000Z</time>
   </trkpt>
   <trkpt lat="-8.044463" lon="-34.894202">
    <ele>13.9</ele>
    <time>2019-09-19T23:33:29.000Z</time>
   </trkpt>
   <trkpt lat="-8.044421" lon="-34.894165">
    <ele>13.5</ele>
    <time>2019-09-19T23:33:30.000Z</time>
   </trkpt>
   <trkpt lat="-8.044371" lon="-34.894131">
    <ele>13.6</ele>
    <time>2019-09-19T23:33:31.000Z</time>
   </trkpt>
   <trkpt lat="-8.04434" lon="-34.8941">
    <ele>13.6</ele>
    <time>2019-09-19T23:33:32.000Z</time>
   </trkpt>
   <trkpt lat="-8.044296" lon="-34.894064">
    <ele>13.7</ele>
    <time>2019-09-19T23:33:33.000Z</time>
   </trkpt>
   <trkpt lat="-8.044253" lon="-34.894066">
    <ele>13.7</ele>
    <time>2019-09-19T23:33:34.000Z</time>
   </trkpt>
   <trkpt lat="-8.044222" lon="-34.894054">
    <ele>13.7</ele>
    <time>2019-09-19T23:33:35.000Z</time>
   </trkpt>
   <trkpt lat="-8.044197" lon="-34.894032">
    <ele>13.8</ele>
    <time>2019-09-19T23:33:36.000Z</time>
   </trkpt>
   <trkpt lat="-8.044165" lon="-34.894011">
    <ele>13.8</ele>
    <time>2019-09-19T23:33:37.000Z</time>
   </trkpt>
   <trkpt lat="-8.044136" lon="-34.893984">
    <ele>13.8</ele>
    <time>2019-09-19T23:33:38.000Z</time>
   </trkpt>
   <trkpt lat="-8.044106" lon="-34.893951">
    <ele>13.9</ele>
    <time>2019-09-19T23:33:39.000Z</time>
   </trkpt>
   <trkpt lat="-8.044076" lon="-34.893915">
    <ele>13.9</ele>
    <time>2019-09-19T23:33:40.000Z</time>
   </trkpt>
   <trkpt lat="-8.044036" lon="-34.89387">
    <ele>13.9</ele>
    <time>2019-09-19T23:33:41.000Z</time>
   </trkpt>
   <trkpt lat="-8.044" lon="-34.89383">
    <ele>14</ele>
    <time>2019-09-19T23:33:42.000Z</time>
   </trkpt>
   <trkpt lat="-8.043961" lon="-34.89379">
    <ele>14</ele>
    <time>2019-09-19T23:33:43.000Z</time>
   </trkpt>
   <trkpt lat="-8.043925" lon="-34.893758">
    <ele>14.1</ele>
    <time>2019-09-19T23:33:44.000Z</time>
   </trkpt>
   <trkpt lat="-8.043881" lon="-34.893723">
    <ele>14.1</ele>
    <time>2019-09-19T23:33:45.000Z</time>
   </trkpt>
   <trkpt lat="-8.04384" lon="-34.893696">
    <ele>14.1</ele>
    <time>2019-09-19T23:33:46.000Z</time>
   </trkpt>
   <trkpt lat="-8.043799" lon="-34.893681">
    <ele>14.2</ele>
    <time>2019-09-19T23:33:47.000Z</time>
   </trkpt>
   <trkpt lat="-8.043776" lon="-34.893659">
    <ele>14.2</ele>
    <time>2019-09-19T23:33:48.000Z</time>
   </trkpt>
   <trkpt lat="-8.043738" lon="-34.893621">
    <ele>14.2</ele>
    <time>2019-09-19T23:33:50.000Z</time>
   </trkpt>
   <trkpt lat="-8.043701" lon="-34.893588">
    <ele>14.3</ele>
    <time>2019-09-19T23:33:52.000Z</time>
   </trkpt>
   <trkpt lat="-8.043655" lon="-34.893576">
    <ele>14.3</ele>
    <time>2019-09-19T23:33:54.000Z</time>
   </trkpt>
   <trkpt lat="-8.043611" lon="-34.893583">
    <ele>14.4</ele>
    <time>2019-09-19T23:33:55.000Z</time>
   </trkpt>
   <trkpt lat="-8.043581" lon="-34.893581">
    <ele>14.4</ele>
    <time>2019-09-19T23:33:56.000Z</time>
   </trkpt>
   <trkpt lat="-8.043547" lon="-34.893573">
    <ele>14.5</ele>
    <time>2019-09-19T23:33:58.000Z</time>
   </trkpt>
   <trkpt lat="-8.043517" lon="-34.893548">
    <ele>14.6</ele>
    <time>2019-09-19T23:34:00.000Z</time>
   </trkpt>
   <trkpt lat="-8.043495" lon="-34.893524">
    <ele>14.6</ele>
    <time>2019-09-19T23:34:01.000Z</time>
   </trkpt>
   <trkpt lat="-8.04347" lon="-34.893497">
    <ele>14.7</ele>
    <time>2019-09-19T23:34:02.000Z</time>
   </trkpt>
   <trkpt lat="-8.043446" lon="-34.893472">
    <ele>14.9</ele>
    <time>2019-09-19T23:34:03.000Z</time>
   </trkpt>
   <trkpt lat="-8.043408" lon="-34.893463">
    <ele>15.1</ele>
    <time>2019-09-19T23:34:04.000Z</time>
   </trkpt>
   <trkpt lat="-8.043386" lon="-34.893379">
    <ele>15.7</ele>
    <time>2019-09-19T23:34:05.000Z</time>
   </trkpt>
   <trkpt lat="-8.043339" lon="-34.893362">
    <ele>15.7</ele>
    <time>2019-09-19T23:34:06.000Z</time>
   </trkpt>
   <trkpt lat="-8.043301" lon="-34.893344">
    <ele>15.8</ele>
    <time>2019-09-19T23:34:07.000Z</time>
   </trkpt>
   <trkpt lat="-8.043263" lon="-34.893327">
    <ele>15.8</ele>
    <time>2019-09-19T23:34:08.000Z</time>
   </trkpt>
   <trkpt lat="-8.043217" lon="-34.893299">
    <ele>15.8</ele>
    <time>2019-09-19T23:34:09.000Z</time>
   </trkpt>
   <trkpt lat="-8.043186" lon="-34.893271">
    <ele>15.9</ele>
    <time>2019-09-19T23:34:10.000Z</time>
   </trkpt>
   <trkpt lat="-8.043158" lon="-34.89324">
    <ele>15.9</ele>
    <time>2019-09-19T23:34:11.000Z</time>
   </trkpt>
   <trkpt lat="-8.043133" lon="-34.89322">
    <ele>15.9</ele>
    <time>2019-09-19T23:34:12.000Z</time>
   </trkpt>
   <trkpt lat="-8.04311" lon="-34.893202">
    <ele>16</ele>
    <time>2019-09-19T23:34:13.000Z</time>
   </trkpt>
   <trkpt lat="-8.043065" lon="-34.89317">
    <ele>16</ele>
    <time>2019-09-19T23:34:15.000Z</time>
   </trkpt>
   <trkpt lat="-8.043031" lon="-34.893146">
    <ele>16.1</ele>
    <time>2019-09-19T23:34:16.000Z</time>
   </trkpt>
   <trkpt lat="-8.042992" lon="-34.893114">
    <ele>16.1</ele>
    <time>2019-09-19T23:34:17.000Z</time>
   </trkpt>
   <trkpt lat="-8.042963" lon="-34.893096">
    <ele>16.1</ele>
    <time>2019-09-19T23:34:18.000Z</time>
   </trkpt>
   <trkpt lat="-8.042929" lon="-34.893088">
    <ele>16.1</ele>
    <time>2019-09-19T23:34:19.000Z</time>
   </trkpt>
   <trkpt lat="-8.042892" lon="-34.893071">
    <ele>16.1</ele>
    <time>2019-09-19T23:34:20.000Z</time>
   </trkpt>
   <trkpt lat="-8.042859" lon="-34.893058">
    <ele>16.1</ele>
    <time>2019-09-19T23:34:21.000Z</time>
   </trkpt>
   <trkpt lat="-8.042794" lon="-34.893046">
    <ele>16.2</ele>
    <time>2019-09-19T23:34:22.000Z</time>
   </trkpt>
   <trkpt lat="-8.042727" lon="-34.893042">
    <ele>16.2</ele>
    <time>2019-09-19T23:34:23.000Z</time>
   </trkpt>
   <trkpt lat="-8.042689" lon="-34.893017">
    <ele>16.2</ele>
    <time>2019-09-19T23:34:24.000Z</time>
   </trkpt>
   <trkpt lat="-8.04267" lon="-34.892979">
    <ele>16.3</ele>
    <time>2019-09-19T23:34:25.000Z</time>
   </trkpt>
   <trkpt lat="-8.042649" lon="-34.892931">
    <ele>16.3</ele>
    <time>2019-09-19T23:34:26.000Z</time>
   </trkpt>
   <trkpt lat="-8.042633" lon="-34.892886">
    <ele>16.3</ele>
    <time>2019-09-19T23:34:27.000Z</time>
   </trkpt>
   <trkpt lat="-8.042621" lon="-34.892857">
    <ele>16.3</ele>
    <time>2019-09-19T23:34:28.000Z</time>
   </trkpt>
   <trkpt lat="-8.042611" lon="-34.89283">
    <ele>16.3</ele>
    <time>2019-09-19T23:34:29.000Z</time>
   </trkpt>
   <trkpt lat="-8.042602" lon="-34.892795">
    <ele>16.4</ele>
    <time>2019-09-19T23:34:30.000Z</time>
   </trkpt>
   <trkpt lat="-8.042584" lon="-34.892765">
    <ele>16.4</ele>
    <time>2019-09-19T23:34:31.000Z</time>
   </trkpt>
   <trkpt lat="-8.042561" lon="-34.892736">
    <ele>16.4</ele>
    <time>2019-09-19T23:34:32.000Z</time>
   </trkpt>
   <trkpt lat="-8.042535" lon="-34.892711">
    <ele>16.5</ele>
    <time>2019-09-19T23:34:33.000Z</time>
   </trkpt>
   <trkpt lat="-8.042504" lon="-34.892701">
    <ele>16.5</ele>
    <time>2019-09-19T23:34:34.000Z</time>
   </trkpt>
   <trkpt lat="-8.042469" lon="-34.892694">
    <ele>16.6</ele>
    <time>2019-09-19T23:34:35.000Z</time>
   </trkpt>
   <trkpt lat="-8.042412" lon="-34.89269">
    <ele>16.6</ele>
    <time>2019-09-19T23:34:36.000Z</time>
   </trkpt>
   <trkpt lat="-8.04238" lon="-34.892661">
    <ele>16.7</ele>
    <time>2019-09-19T23:34:37.000Z</time>
   </trkpt>
   <trkpt lat="-8.04235" lon="-34.892616">
    <ele>16.8</ele>
    <time>2019-09-19T23:34:38.000Z</time>
   </trkpt>
   <trkpt lat="-8.042325" lon="-34.892582">
    <ele>16.9</ele>
    <time>2019-09-19T23:34:39.000Z</time>
   </trkpt>
   <trkpt lat="-8.042298" lon="-34.89255">
    <ele>17</ele>
    <time>2019-09-19T23:34:40.000Z</time>
   </trkpt>
   <trkpt lat="-8.042277" lon="-34.892521">
    <ele>16.8</ele>
    <time>2019-09-19T23:34:41.000Z</time>
   </trkpt>
   <trkpt lat="-8.042239" lon="-34.892484">
    <ele>16.7</ele>
    <time>2019-09-19T23:34:42.000Z</time>
   </trkpt>
   <trkpt lat="-8.042206" lon="-34.892452">
    <ele>16.7</ele>
    <time>2019-09-19T23:34:43.000Z</time>
   </trkpt>
   <trkpt lat="-8.042176" lon="-34.892431">
    <ele>16.6</ele>
    <time>2019-09-19T23:34:44.000Z</time>
   </trkpt>
   <trkpt lat="-8.042142" lon="-34.892413">
    <ele>16.5</ele>
    <time>2019-09-19T23:34:45.000Z</time>
   </trkpt>
   <trkpt lat="-8.042102" lon="-34.892388">
    <ele>16.5</ele>
    <time>2019-09-19T23:34:46.000Z</time>
   </trkpt>
   <trkpt lat="-8.042065" lon="-34.892341">
    <ele>16.4</ele>
    <time>2019-09-19T23:34:47.000Z</time>
   </trkpt>
   <trkpt lat="-8.04204" lon="-34.892295">
    <ele>16.3</ele>
    <time>2019-09-19T23:34:48.000Z</time>
   </trkpt>
   <trkpt lat="-8.042011" lon="-34.892247">
    <ele>16.2</ele>
    <time>2019-09-19T23:34:49.000Z</time>
   </trkpt>
   <trkpt lat="-8.041974" lon="-34.892205">
    <ele>16.1</ele>
    <time>2019-09-19T23:34:50.000Z</time>
   </trkpt>
   <trkpt lat="-8.04192" lon="-34.89217">
    <ele>16</ele>
    <time>2019-09-19T23:34:51.000Z</time>
   </trkpt>
   <trkpt lat="-8.041874" lon="-34.892122">
    <ele>15.9</ele>
    <time>2019-09-19T23:34:52.000Z</time>
   </trkpt>
   <trkpt lat="-8.041834" lon="-34.892076">
    <ele>15.8</ele>
    <time>2019-09-19T23:34:53.000Z</time>
   </trkpt>
   <trkpt lat="-8.041791" lon="-34.892038">
    <ele>15.8</ele>
    <time>2019-09-19T23:34:54.000Z</time>
   </trkpt>
   <trkpt lat="-8.041758" lon="-34.892003">
    <ele>15.7</ele>
    <time>2019-09-19T23:34:55.000Z</time>
   </trkpt>
   <trkpt lat="-8.041728" lon="-34.891969">
    <ele>15.6</ele>
    <time>2019-09-19T23:34:56.000Z</time>
   </trkpt>
   <trkpt lat="-8.041693" lon="-34.891934">
    <ele>15.5</ele>
    <time>2019-09-19T23:34:57.000Z</time>
   </trkpt>
   <trkpt lat="-8.041659" lon="-34.891898">
    <ele>15.4</ele>
    <time>2019-09-19T23:34:58.000Z</time>
   </trkpt>
   <trkpt lat="-8.041631" lon="-34.891858">
    <ele>15.3</ele>
    <time>2019-09-19T23:34:59.000Z</time>
   </trkpt>
   <trkpt lat="-8.041618" lon="-34.891827">
    <ele>15.2</ele>
    <time>2019-09-19T23:35:00.000Z</time>
   </trkpt>
   <trkpt lat="-8.041596" lon="-34.891801">
    <ele>15.1</ele>
    <time>2019-09-19T23:35:01.000Z</time>
   </trkpt>
   <trkpt lat="-8.041572" lon="-34.891774">
    <ele>15</ele>
    <time>2019-09-19T23:35:02.000Z</time>
   </trkpt>
   <trkpt lat="-8.04154" lon="-34.891751">
    <ele>14.9</ele>
    <time>2019-09-19T23:35:03.000Z</time>
   </trkpt>
   <trkpt lat="-8.041512" lon="-34.89172">
    <ele>14.8</ele>
    <time>2019-09-19T23:35:04.000Z</time>
   </trkpt>
   <trkpt lat="-8.041484" lon="-34.891693">
    <ele>14.7</ele>
    <time>2019-09-19T23:35:05.000Z</time>
   </trkpt>
   <trkpt lat="-8.041468" lon="-34.891652">
    <ele>14.6</ele>
    <time>2019-09-19T23:35:06.000Z</time>
   </trkpt>
   <trkpt lat="-8.041433" lon="-34.891626">
    <ele>14.5</ele>
    <time>2019-09-19T23:35:07.000Z</time>
   </trkpt>
   <trkpt lat="-8.04139" lon="-34.891613">
    <ele>14.4</ele>
    <time>2019-09-19T23:35:08.000Z</time>
   </trkpt>
   <trkpt lat="-8.041358" lon="-34.891587">
    <ele>14.2</ele>
    <time>2019-09-19T23:35:09.000Z</time>
   </trkpt>
   <trkpt lat="-8.041321" lon="-34.891562">
    <ele>14.1</ele>
    <time>2019-09-19T23:35:10.000Z</time>
   </trkpt>
   <trkpt lat="-8.041272" lon="-34.891576">
    <ele>13.6</ele>
    <time>2019-09-19T23:35:12.000Z</time>
   </trkpt>
   <trkpt lat="-8.041227" lon="-34.891587">
    <ele>13.5</ele>
    <time>2019-09-19T23:35:13.000Z</time>
   </trkpt>
   <trkpt lat="-8.041185" lon="-34.891596">
    <ele>13.5</ele>
    <time>2019-09-19T23:35:14.000Z</time>
   </trkpt>
   <trkpt lat="-8.041135" lon="-34.891615">
    <ele>13.4</ele>
    <time>2019-09-19T23:35:15.000Z</time>
   </trkpt>
   <trkpt lat="-8.041086" lon="-34.891614">
    <ele>13.3</ele>
    <time>2019-09-19T23:35:16.000Z</time>
   </trkpt>
   <trkpt lat="-8.041037" lon="-34.891636">
    <ele>13.2</ele>
    <time>2019-09-19T23:35:17.000Z</time>
   </trkpt>
   <trkpt lat="-8.04099" lon="-34.891649">
    <ele>13.1</ele>
    <time>2019-09-19T23:35:18.000Z</time>
   </trkpt>
   <trkpt lat="-8.040933" lon="-34.891662">
    <ele>13</ele>
    <time>2019-09-19T23:35:19.000Z</time>
   </trkpt>
   <trkpt lat="-8.040885" lon="-34.891671">
    <ele>13</ele>
    <time>2019-09-19T23:35:20.000Z</time>
   </trkpt>
   <trkpt lat="-8.040842" lon="-34.891681">
    <ele>13</ele>
    <time>2019-09-19T23:35:21.000Z</time>
   </trkpt>
   <trkpt lat="-8.040807" lon="-34.891705">
    <ele>13</ele>
    <time>2019-09-19T23:35:22.000Z</time>
   </trkpt>
   <trkpt lat="-8.04077" lon="-34.891721">
    <ele>12.9</ele>
    <time>2019-09-19T23:35:23.000Z</time>
   </trkpt>
   <trkpt lat="-8.040746" lon="-34.891751">
    <ele>12.9</ele>
    <time>2019-09-19T23:35:24.000Z</time>
   </trkpt>
   <trkpt lat="-8.040703" lon="-34.891758">
    <ele>13</ele>
    <time>2019-09-19T23:35:25.000Z</time>
   </trkpt>
   <trkpt lat="-8.04064" lon="-34.891762">
    <ele>13</ele>
    <time>2019-09-19T23:35:26.000Z</time>
   </trkpt>
   <trkpt lat="-8.040581" lon="-34.891781">
    <ele>13</ele>
    <time>2019-09-19T23:35:27.000Z</time>
   </trkpt>
   <trkpt lat="-8.040545" lon="-34.891762">
    <ele>13</ele>
    <time>2019-09-19T23:35:28.000Z</time>
   </trkpt>
   <trkpt lat="-8.04052" lon="-34.89172">
    <ele>12.9</ele>
    <time>2019-09-19T23:35:29.000Z</time>
   </trkpt>
   <trkpt lat="-8.040484" lon="-34.891677">
    <ele>12.8</ele>
    <time>2019-09-19T23:35:30.000Z</time>
   </trkpt>
   <trkpt lat="-8.040441" lon="-34.891634">
    <ele>12.8</ele>
    <time>2019-09-19T23:35:31.000Z</time>
   </trkpt>
   <trkpt lat="-8.040393" lon="-34.891594">
    <ele>12.7</ele>
    <time>2019-09-19T23:35:32.000Z</time>
   </trkpt>
   <trkpt lat="-8.040358" lon="-34.891548">
    <ele>12.7</ele>
    <time>2019-09-19T23:35:33.000Z</time>
   </trkpt>
   <trkpt lat="-8.040316" lon="-34.891506">
    <ele>12.6</ele>
    <time>2019-09-19T23:35:34.000Z</time>
   </trkpt>
   <trkpt lat="-8.040274" lon="-34.891458">
    <ele>12.5</ele>
    <time>2019-09-19T23:35:35.000Z</time>
   </trkpt>
   <trkpt lat="-8.040242" lon="-34.891415">
    <ele>12.5</ele>
    <time>2019-09-19T23:35:36.000Z</time>
   </trkpt>
   <trkpt lat="-8.040212" lon="-34.891375">
    <ele>12.4</ele>
    <time>2019-09-19T23:35:37.000Z</time>
   </trkpt>
   <trkpt lat="-8.040183" lon="-34.89134">
    <ele>12.4</ele>
    <time>2019-09-19T23:35:38.000Z</time>
   </trkpt>
   <trkpt lat="-8.040138" lon="-34.891305">
    <ele>12.3</ele>
    <time>2019-09-19T23:35:39.000Z</time>
   </trkpt>
   <trkpt lat="-8.040111" lon="-34.891258">
    <ele>12.2</ele>
    <time>2019-09-19T23:35:40.000Z</time>
   </trkpt>
   <trkpt lat="-8.040077" lon="-34.891228">
    <ele>12.2</ele>
    <time>2019-09-19T23:35:41.000Z</time>
   </trkpt>
   <trkpt lat="-8.040044" lon="-34.891193">
    <ele>12.1</ele>
    <time>2019-09-19T23:35:42.000Z</time>
   </trkpt>
   <trkpt lat="-8.04001" lon="-34.891152">
    <ele>12.1</ele>
    <time>2019-09-19T23:35:43.000Z</time>
   </trkpt>
   <trkpt lat="-8.039977" lon="-34.891112">
    <ele>12</ele>
    <time>2019-09-19T23:35:44.000Z</time>
   </trkpt>
   <trkpt lat="-8.039943" lon="-34.891067">
    <ele>11.9</ele>
    <time>2019-09-19T23:35:45.000Z</time>
   </trkpt>
   <trkpt lat="-8.039903" lon="-34.891024">
    <ele>11.9</ele>
    <time>2019-09-19T23:35:46.000Z</time>
   </trkpt>
   <trkpt lat="-8.039868" lon="-34.890991">
    <ele>11.8</ele>
    <time>2019-09-19T23:35:47.000Z</time>
   </trkpt>
   <trkpt lat="-8.039843" lon="-34.89095">
    <ele>11.8</ele>
    <time>2019-09-19T23:35:48.000Z</time>
   </trkpt>
   <trkpt lat="-8.039816" lon="-34.890904">
    <ele>11.7</ele>
    <time>2019-09-19T23:35:49.000Z</time>
   </trkpt>
   <trkpt lat="-8.039785" lon="-34.89086">
    <ele>11.6</ele>
    <time>2019-09-19T23:35:50.000Z</time>
   </trkpt>
   <trkpt lat="-8.039751" lon="-34.890822">
    <ele>11.6</ele>
    <time>2019-09-19T23:35:51.000Z</time>
   </trkpt>
   <trkpt lat="-8.039723" lon="-34.89078">
    <ele>11.5</ele>
    <time>2019-09-19T23:35:52.000Z</time>
   </trkpt>
   <trkpt lat="-8.039697" lon="-34.890744">
    <ele>11.5</ele>
    <time>2019-09-19T23:35:53.000Z</time>
   </trkpt>
   <trkpt lat="-8.039668" lon="-34.890709">
    <ele>11.5</ele>
    <time>2019-09-19T23:35:54.000Z</time>
   </trkpt>
   <trkpt lat="-8.039641" lon="-34.890668">
    <ele>11.4</ele>
    <time>2019-09-19T23:35:55.000Z</time>
   </trkpt>
   <trkpt lat="-8.039614" lon="-34.890632">
    <ele>11.3</ele>
    <time>2019-09-19T23:35:56.000Z</time>
   </trkpt>
   <trkpt lat="-8.039586" lon="-34.890602">
    <ele>11.2</ele>
    <time>2019-09-19T23:35:57.000Z</time>
   </trkpt>
   <trkpt lat="-8.03956" lon="-34.89058">
    <ele>11.2</ele>
    <time>2019-09-19T23:35:58.000Z</time>
   </trkpt>
   <trkpt lat="-8.039532" lon="-34.890552">
    <ele>11.2</ele>
    <time>2019-09-19T23:35:59.000Z</time>
   </trkpt>
   <trkpt lat="-8.039504" lon="-34.890525">
    <ele>11.1</ele>
    <time>2019-09-19T23:36:00.000Z</time>
   </trkpt>
   <trkpt lat="-8.039479" lon="-34.890507">
    <ele>11.1</ele>
    <time>2019-09-19T23:36:01.000Z</time>
   </trkpt>
   <trkpt lat="-8.039455" lon="-34.89049">
    <ele>11.1</ele>
    <time>2019-09-19T23:36:02.000Z</time>
   </trkpt>
   <trkpt lat="-8.039416" lon="-34.890475">
    <ele>11</ele>
    <time>2019-09-19T23:36:04.000Z</time>
   </trkpt>
   <trkpt lat="-8.039395" lon="-34.890456">
    <ele>11</ele>
    <time>2019-09-19T23:36:07.000Z</time>
   </trkpt>
   <trkpt lat="-8.039332" lon="-34.890421">
    <ele>10.9</ele>
    <time>2019-09-19T23:36:37.000Z</time>
   </trkpt>
   <trkpt lat="-8.039303" lon="-34.890413">
    <ele>10.9</ele>
    <time>2019-09-19T23:36:38.000Z</time>
   </trkpt>
   <trkpt lat="-8.039266" lon="-34.890401">
    <ele>10.8</ele>
    <time>2019-09-19T23:36:39.000Z</time>
   </trkpt>
   <trkpt lat="-8.039226" lon="-34.89039">
    <ele>10.7</ele>
    <time>2019-09-19T23:36:40.000Z</time>
   </trkpt>
   <trkpt lat="-8.039186" lon="-34.890377">
    <ele>10.6</ele>
    <time>2019-09-19T23:36:41.000Z</time>
   </trkpt>
   <trkpt lat="-8.039153" lon="-34.890354">
    <ele>10.5</ele>
    <time>2019-09-19T23:36:42.000Z</time>
   </trkpt>
   <trkpt lat="-8.039109" lon="-34.890339">
    <ele>10.3</ele>
    <time>2019-09-19T23:36:43.000Z</time>
   </trkpt>
   <trkpt lat="-8.039055" lon="-34.890329">
    <ele>9.9</ele>
    <time>2019-09-19T23:36:44.000Z</time>
   </trkpt>
   <trkpt lat="-8.039005" lon="-34.89032">
    <ele>9.8</ele>
    <time>2019-09-19T23:36:45.000Z</time>
   </trkpt>
   <trkpt lat="-8.038961" lon="-34.890313">
    <ele>9.9</ele>
    <time>2019-09-19T23:36:46.000Z</time>
   </trkpt>
   <trkpt lat="-8.038922" lon="-34.890301">
    <ele>10</ele>
    <time>2019-09-19T23:36:47.000Z</time>
   </trkpt>
   <trkpt lat="-8.038878" lon="-34.89029">
    <ele>10</ele>
    <time>2019-09-19T23:36:48.000Z</time>
   </trkpt>
   <trkpt lat="-8.038834" lon="-34.890282">
    <ele>10.1</ele>
    <time>2019-09-19T23:36:49.000Z</time>
   </trkpt>
   <trkpt lat="-8.038786" lon="-34.890272">
    <ele>10.2</ele>
    <time>2019-09-19T23:36:50.000Z</time>
   </trkpt>
   <trkpt lat="-8.038739" lon="-34.890259">
    <ele>10.3</ele>
    <time>2019-09-19T23:36:51.000Z</time>
   </trkpt>
   <trkpt lat="-8.038689" lon="-34.890244">
    <ele>10.3</ele>
    <time>2019-09-19T23:36:52.000Z</time>
   </trkpt>
   <trkpt lat="-8.038639" lon="-34.890228">
    <ele>10.4</ele>
    <time>2019-09-19T23:36:53.000Z</time>
   </trkpt>
   <trkpt lat="-8.038585" lon="-34.890205">
    <ele>10.5</ele>
    <time>2019-09-19T23:36:54.000Z</time>
   </trkpt>
   <trkpt lat="-8.038539" lon="-34.890173">
    <ele>10.6</ele>
    <time>2019-09-19T23:36:55.000Z</time>
   </trkpt>
   <trkpt lat="-8.038497" lon="-34.890145">
    <ele>10.7</ele>
    <time>2019-09-19T23:36:56.000Z</time>
   </trkpt>
   <trkpt lat="-8.03845" lon="-34.890119">
    <ele>10.7</ele>
    <time>2019-09-19T23:36:57.000Z</time>
   </trkpt>
   <trkpt lat="-8.038406" lon="-34.890099">
    <ele>10.8</ele>
    <time>2019-09-19T23:36:58.000Z</time>
   </trkpt>
   <trkpt lat="-8.038366" lon="-34.89008">
    <ele>10.9</ele>
    <time>2019-09-19T23:36:59.000Z</time>
   </trkpt>
   <trkpt lat="-8.038316" lon="-34.89007">
    <ele>11</ele>
    <time>2019-09-19T23:37:00.000Z</time>
   </trkpt>
   <trkpt lat="-8.038269" lon="-34.890057">
    <ele>11.1</ele>
    <time>2019-09-19T23:37:01.000Z</time>
   </trkpt>
   <trkpt lat="-8.038224" lon="-34.89003">
    <ele>11.1</ele>
    <time>2019-09-19T23:37:02.000Z</time>
   </trkpt>
   <trkpt lat="-8.038176" lon="-34.890002">
    <ele>11.2</ele>
    <time>2019-09-19T23:37:03.000Z</time>
   </trkpt>
   <trkpt lat="-8.038137" lon="-34.889966">
    <ele>11.3</ele>
    <time>2019-09-19T23:37:04.000Z</time>
   </trkpt>
   <trkpt lat="-8.03809" lon="-34.889934">
    <ele>11.4</ele>
    <time>2019-09-19T23:37:05.000Z</time>
   </trkpt>
   <trkpt lat="-8.038048" lon="-34.889903">
    <ele>11.5</ele>
    <time>2019-09-19T23:37:06.000Z</time>
   </trkpt>
   <trkpt lat="-8.037999" lon="-34.889874">
    <ele>11.6</ele>
    <time>2019-09-19T23:37:07.000Z</time>
   </trkpt>
   <trkpt lat="-8.03795" lon="-34.889847">
    <ele>11.6</ele>
    <time>2019-09-19T23:37:08.000Z</time>
   </trkpt>
   <trkpt lat="-8.037901" lon="-34.889822">
    <ele>11.7</ele>
    <time>2019-09-19T23:37:09.000Z</time>
   </trkpt>
   <trkpt lat="-8.03786" lon="-34.889807">
    <ele>11.8</ele>
    <time>2019-09-19T23:37:10.000Z</time>
   </trkpt>
   <trkpt lat="-8.037817" lon="-34.889797">
    <ele>11.9</ele>
    <time>2019-09-19T23:37:11.000Z</time>
   </trkpt>
   <trkpt lat="-8.037769" lon="-34.889788">
    <ele>11.9</ele>
    <time>2019-09-19T23:37:12.000Z</time>
   </trkpt>
   <trkpt lat="-8.037726" lon="-34.88979">
    <ele>12</ele>
    <time>2019-09-19T23:37:13.000Z</time>
   </trkpt>
   <trkpt lat="-8.037685" lon="-34.889812">
    <ele>12</ele>
    <time>2019-09-19T23:37:14.000Z</time>
   </trkpt>
   <trkpt lat="-8.037636" lon="-34.889824">
    <ele>11.9</ele>
    <time>2019-09-19T23:37:15.000Z</time>
   </trkpt>
   <trkpt lat="-8.037596" lon="-34.889875">
    <ele>11.8</ele>
    <time>2019-09-19T23:37:17.000Z</time>
   </trkpt>
   <trkpt lat="-8.03757" lon="-34.88994">
    <ele>11.6</ele>
    <time>2019-09-19T23:37:18.000Z</time>
   </trkpt>
   <trkpt lat="-8.037553" lon="-34.889999">
    <ele>11.5</ele>
    <time>2019-09-19T23:37:19.000Z</time>
   </trkpt>
   <trkpt lat="-8.037548" lon="-34.890079">
    <ele>11.3</ele>
    <time>2019-09-19T23:37:20.000Z</time>
   </trkpt>
   <trkpt lat="-8.037524" lon="-34.890147">
    <ele>11.2</ele>
    <time>2019-09-19T23:37:21.000Z</time>
   </trkpt>
   <trkpt lat="-8.037506" lon="-34.890203">
    <ele>11.3</ele>
    <time>2019-09-19T23:37:22.000Z</time>
   </trkpt>
   <trkpt lat="-8.037486" lon="-34.890254">
    <ele>11.3</ele>
    <time>2019-09-19T23:37:23.000Z</time>
   </trkpt>
   <trkpt lat="-8.037455" lon="-34.890304">
    <ele>11.5</ele>
    <time>2019-09-19T23:37:24.000Z</time>
   </trkpt>
   <trkpt lat="-8.03742" lon="-34.890353">
    <ele>11.8</ele>
    <time>2019-09-19T23:37:25.000Z</time>
   </trkpt>
   <trkpt lat="-8.037383" lon="-34.890391">
    <ele>12.1</ele>
    <time>2019-09-19T23:37:26.000Z</time>
   </trkpt>
   <trkpt lat="-8.03736" lon="-34.890434">
    <ele>12.2</ele>
    <time>2019-09-19T23:37:27.000Z</time>
   </trkpt>
   <trkpt lat="-8.037333" lon="-34.890476">
    <ele>12.2</ele>
    <time>2019-09-19T23:37:28.000Z</time>
   </trkpt>
   <trkpt lat="-8.037305" lon="-34.890506">
    <ele>12.2</ele>
    <time>2019-09-19T23:37:29.000Z</time>
   </trkpt>
   <trkpt lat="-8.037274" lon="-34.890539">
    <ele>11.9</ele>
    <time>2019-09-19T23:37:30.000Z</time>
   </trkpt>
   <trkpt lat="-8.037248" lon="-34.89057">
    <ele>11.7</ele>
    <time>2019-09-19T23:37:31.000Z</time>
   </trkpt>
   <trkpt lat="-8.037209" lon="-34.890602">
    <ele>11.5</ele>
    <time>2019-09-19T23:37:32.000Z</time>
   </trkpt>
   <trkpt lat="-8.037171" lon="-34.890619">
    <ele>11.3</ele>
    <time>2019-09-19T23:37:33.000Z</time>
   </trkpt>
   <trkpt lat="-8.037121" lon="-34.890624">
    <ele>11.1</ele>
    <time>2019-09-19T23:37:34.000Z</time>
   </trkpt>
   <trkpt lat="-8.037081" lon="-34.890611">
    <ele>10.9</ele>
    <time>2019-09-19T23:37:35.000Z</time>
   </trkpt>
   <trkpt lat="-8.037044" lon="-34.890585">
    <ele>10.7</ele>
    <time>2019-09-19T23:37:36.000Z</time>
   </trkpt>
   <trkpt lat="-8.036999" lon="-34.890556">
    <ele>10.5</ele>
    <time>2019-09-19T23:37:37.000Z</time>
   </trkpt>
   <trkpt lat="-8.036956" lon="-34.890521">
    <ele>11</ele>
    <time>2019-09-19T23:37:38.000Z</time>
   </trkpt>
   <trkpt lat="-8.036919" lon="-34.890472">
    <ele>11.5</ele>
    <time>2019-09-19T23:37:39.000Z</time>
   </trkpt>
   <trkpt lat="-8.036888" lon="-34.890416">
    <ele>12</ele>
    <time>2019-09-19T23:37:40.000Z</time>
   </trkpt>
   <trkpt lat="-8.03686" lon="-34.89036">
    <ele>12.5</ele>
    <time>2019-09-19T23:37:41.000Z</time>
   </trkpt>
   <trkpt lat="-8.036831" lon="-34.890305">
    <ele>13.4</ele>
    <time>2019-09-19T23:37:42.000Z</time>
   </trkpt>
   <trkpt lat="-8.036803" lon="-34.890251">
    <ele>13.2</ele>
    <time>2019-09-19T23:37:43.000Z</time>
   </trkpt>
   <trkpt lat="-8.036771" lon="-34.890194">
    <ele>13</ele>
    <time>2019-09-19T23:37:44.000Z</time>
   </trkpt>
   <trkpt lat="-8.036734" lon="-34.890143">
    <ele>12.7</ele>
    <time>2019-09-19T23:37:45.000Z</time>
   </trkpt>
   <trkpt lat="-8.036701" lon="-34.890095">
    <ele>12.4</ele>
    <time>2019-09-19T23:37:46.000Z</time>
   </trkpt>
   <trkpt lat="-8.03667" lon="-34.890045">
    <ele>12.1</ele>
    <time>2019-09-19T23:37:47.000Z</time>
   </trkpt>
   <trkpt lat="-8.036642" lon="-34.890001">
    <ele>11.7</ele>
    <time>2019-09-19T23:37:48.000Z</time>
   </trkpt>
   <trkpt lat="-8.036615" lon="-34.88996">
    <ele>11.4</ele>
    <time>2019-09-19T23:37:49.000Z</time>
   </trkpt>
   <trkpt lat="-8.036592" lon="-34.889916">
    <ele>11.2</ele>
    <time>2019-09-19T23:37:50.000Z</time>
   </trkpt>
   <trkpt lat="-8.036561" lon="-34.889875">
    <ele>10.9</ele>
    <time>2019-09-19T23:37:51.000Z</time>
   </trkpt>
   <trkpt lat="-8.036532" lon="-34.889832">
    <ele>11</ele>
    <time>2019-09-19T23:37:52.000Z</time>
   </trkpt>
   <trkpt lat="-8.036511" lon="-34.889788">
    <ele>11.1</ele>
    <time>2019-09-19T23:37:53.000Z</time>
   </trkpt>
   <trkpt lat="-8.036482" lon="-34.889747">
    <ele>11.2</ele>
    <time>2019-09-19T23:37:54.000Z</time>
   </trkpt>
   <trkpt lat="-8.036449" lon="-34.889707">
    <ele>11.4</ele>
    <time>2019-09-19T23:37:55.000Z</time>
   </trkpt>
   <trkpt lat="-8.03642" lon="-34.889659">
    <ele>11.6</ele>
    <time>2019-09-19T23:37:56.000Z</time>
   </trkpt>
   <trkpt lat="-8.03639" lon="-34.889613">
    <ele>11.9</ele>
    <time>2019-09-19T23:37:57.000Z</time>
   </trkpt>
   <trkpt lat="-8.036364" lon="-34.889571">
    <ele>12.2</ele>
    <time>2019-09-19T23:37:58.000Z</time>
   </trkpt>
   <trkpt lat="-8.036336" lon="-34.889539">
    <ele>12.5</ele>
    <time>2019-09-19T23:37:59.000Z</time>
   </trkpt>
   <trkpt lat="-8.036308" lon="-34.889505">
    <ele>12.8</ele>
    <time>2019-09-19T23:38:00.000Z</time>
   </trkpt>
   <trkpt lat="-8.036278" lon="-34.889463">
    <ele>13.1</ele>
    <time>2019-09-19T23:38:01.000Z</time>
   </trkpt>
   <trkpt lat="-8.036264" lon="-34.88942">
    <ele>13.4</ele>
    <time>2019-09-19T23:38:02.000Z</time>
   </trkpt>
   <trkpt lat="-8.036235" lon="-34.889377">
    <ele>13.7</ele>
    <time>2019-09-19T23:38:03.000Z</time>
   </trkpt>
   <trkpt lat="-8.036209" lon="-34.889346">
    <ele>14</ele>
    <time>2019-09-19T23:38:04.000Z</time>
   </trkpt>
   <trkpt lat="-8.036185" lon="-34.889318">
    <ele>13.8</ele>
    <time>2019-09-19T23:38:05.000Z</time>
   </trkpt>
   <trkpt lat="-8.036165" lon="-34.889278">
    <ele>13.6</ele>
    <time>2019-09-19T23:38:06.000Z</time>
   </trkpt>
   <trkpt lat="-8.036151" lon="-34.889252">
    <ele>13.5</ele>
    <time>2019-09-19T23:38:07.000Z</time>
   </trkpt>
   <trkpt lat="-8.036123" lon="-34.889208">
    <ele>13.3</ele>
    <time>2019-09-19T23:38:08.000Z</time>
   </trkpt>
   <trkpt lat="-8.036101" lon="-34.889169">
    <ele>13.2</ele>
    <time>2019-09-19T23:38:09.000Z</time>
   </trkpt>
   <trkpt lat="-8.036084" lon="-34.889132">
    <ele>13</ele>
    <time>2019-09-19T23:38:10.000Z</time>
   </trkpt>
   <trkpt lat="-8.036087" lon="-34.889097">
    <ele>12.9</ele>
    <time>2019-09-19T23:38:11.000Z</time>
   </trkpt>
   <trkpt lat="-8.036069" lon="-34.889063">
    <ele>12.8</ele>
    <time>2019-09-19T23:38:12.000Z</time>
   </trkpt>
   <trkpt lat="-8.036046" lon="-34.889027">
    <ele>12.6</ele>
    <time>2019-09-19T23:38:13.000Z</time>
   </trkpt>
   <trkpt lat="-8.036028" lon="-34.888995">
    <ele>12.5</ele>
    <time>2019-09-19T23:38:14.000Z</time>
   </trkpt>
   <trkpt lat="-8.036004" lon="-34.888958">
    <ele>12.4</ele>
    <time>2019-09-19T23:38:15.000Z</time>
   </trkpt>
   <trkpt lat="-8.035974" lon="-34.888909">
    <ele>12.2</ele>
    <time>2019-09-19T23:38:16.000Z</time>
   </trkpt>
   <trkpt lat="-8.035958" lon="-34.888868">
    <ele>12.1</ele>
    <time>2019-09-19T23:38:17.000Z</time>
   </trkpt>
   <trkpt lat="-8.035933" lon="-34.888832">
    <ele>12</ele>
    <time>2019-09-19T23:38:18.000Z</time>
   </trkpt>
   <trkpt lat="-8.03591" lon="-34.888799">
    <ele>11.8</ele>
    <time>2019-09-19T23:38:19.000Z</time>
   </trkpt>
   <trkpt lat="-8.035886" lon="-34.888761">
    <ele>11.7</ele>
    <time>2019-09-19T23:38:20.000Z</time>
   </trkpt>
   <trkpt lat="-8.035868" lon="-34.888723">
    <ele>11.6</ele>
    <time>2019-09-19T23:38:21.000Z</time>
   </trkpt>
   <trkpt lat="-8.035849" lon="-34.888688">
    <ele>11.5</ele>
    <time>2019-09-19T23:38:22.000Z</time>
   </trkpt>
   <trkpt lat="-8.035824" lon="-34.888653">
    <ele>11.4</ele>
    <time>2019-09-19T23:38:23.000Z</time>
   </trkpt>
   <trkpt lat="-8.035813" lon="-34.888622">
    <ele>11.3</ele>
    <time>2019-09-19T23:38:24.000Z</time>
   </trkpt>
   <trkpt lat="-8.035797" lon="-34.888584">
    <ele>11.1</ele>
    <time>2019-09-19T23:38:25.000Z</time>
   </trkpt>
   <trkpt lat="-8.035783" lon="-34.888552">
    <ele>11</ele>
    <time>2019-09-19T23:38:26.000Z</time>
   </trkpt>
   <trkpt lat="-8.035759" lon="-34.888526">
    <ele>10.9</ele>
    <time>2019-09-19T23:38:27.000Z</time>
   </trkpt>
   <trkpt lat="-8.035728" lon="-34.888491">
    <ele>10.8</ele>
    <time>2019-09-19T23:38:28.000Z</time>
   </trkpt>
   <trkpt lat="-8.035695" lon="-34.888456">
    <ele>10.8</ele>
    <time>2019-09-19T23:38:29.000Z</time>
   </trkpt>
   <trkpt lat="-8.035663" lon="-34.888418">
    <ele>10.7</ele>
    <time>2019-09-19T23:38:30.000Z</time>
   </trkpt>
   <trkpt lat="-8.035638" lon="-34.888382">
    <ele>10.7</ele>
    <time>2019-09-19T23:38:31.000Z</time>
   </trkpt>
   <trkpt lat="-8.03563" lon="-34.888341">
    <ele>10.6</ele>
    <time>2019-09-19T23:38:32.000Z</time>
   </trkpt>
   <trkpt lat="-8.035602" lon="-34.888302">
    <ele>10.5</ele>
    <time>2019-09-19T23:38:33.000Z</time>
   </trkpt>
   <trkpt lat="-8.035561" lon="-34.888239">
    <ele>10.3</ele>
    <time>2019-09-19T23:38:34.000Z</time>
   </trkpt>
   <trkpt lat="-8.035518" lon="-34.888194">
    <ele>10.1</ele>
    <time>2019-09-19T23:38:35.000Z</time>
   </trkpt>
   <trkpt lat="-8.0355" lon="-34.888157">
    <ele>10</ele>
    <time>2019-09-19T23:38:36.000Z</time>
   </trkpt>
   <trkpt lat="-8.035478" lon="-34.88811">
    <ele>10</ele>
    <time>2019-09-19T23:38:37.000Z</time>
   </trkpt>
   <trkpt lat="-8.035455" lon="-34.888067">
    <ele>10</ele>
    <time>2019-09-19T23:38:38.000Z</time>
   </trkpt>
   <trkpt lat="-8.03544" lon="-34.888022">
    <ele>10</ele>
    <time>2019-09-19T23:38:39.000Z</time>
   </trkpt>
   <trkpt lat="-8.035418" lon="-34.887973">
    <ele>10</ele>
    <time>2019-09-19T23:38:40.000Z</time>
   </trkpt>
   <trkpt lat="-8.035396" lon="-34.887926">
    <ele>10.1</ele>
    <time>2019-09-19T23:38:41.000Z</time>
   </trkpt>
   <trkpt lat="-8.035363" lon="-34.887889">
    <ele>10.1</ele>
    <time>2019-09-19T23:38:42.000Z</time>
   </trkpt>
   <trkpt lat="-8.035334" lon="-34.887848">
    <ele>10.2</ele>
    <time>2019-09-19T23:38:43.000Z</time>
   </trkpt>
   <trkpt lat="-8.035311" lon="-34.887811">
    <ele>10.2</ele>
    <time>2019-09-19T23:38:44.000Z</time>
   </trkpt>
   <trkpt lat="-8.035262" lon="-34.887764">
    <ele>10.2</ele>
    <time>2019-09-19T23:38:45.000Z</time>
   </trkpt>
   <trkpt lat="-8.035219" lon="-34.887718">
    <ele>10.2</ele>
    <time>2019-09-19T23:38:46.000Z</time>
   </trkpt>
   <trkpt lat="-8.035212" lon="-34.887662">
    <ele>10.2</ele>
    <time>2019-09-19T23:38:47.000Z</time>
   </trkpt>
   <trkpt lat="-8.035175" lon="-34.887625">
    <ele>10.2</ele>
    <time>2019-09-19T23:38:48.000Z</time>
   </trkpt>
   <trkpt lat="-8.035141" lon="-34.887604">
    <ele>10.2</ele>
    <time>2019-09-19T23:38:49.000Z</time>
   </trkpt>
   <trkpt lat="-8.035118" lon="-34.887571">
    <ele>10.2</ele>
    <time>2019-09-19T23:38:50.000Z</time>
   </trkpt>
   <trkpt lat="-8.035091" lon="-34.887536">
    <ele>10.1</ele>
    <time>2019-09-19T23:38:51.000Z</time>
   </trkpt>
   <trkpt lat="-8.035068" lon="-34.887502">
    <ele>10.1</ele>
    <time>2019-09-19T23:38:52.000Z</time>
   </trkpt>
   <trkpt lat="-8.035043" lon="-34.887463">
    <ele>10.1</ele>
    <time>2019-09-19T23:38:53.000Z</time>
   </trkpt>
   <trkpt lat="-8.035003" lon="-34.887411">
    <ele>10.1</ele>
    <time>2019-09-19T23:38:54.000Z</time>
   </trkpt>
   <trkpt lat="-8.03497" lon="-34.88736">
    <ele>10.1</ele>
    <time>2019-09-19T23:38:55.000Z</time>
   </trkpt>
   <trkpt lat="-8.034927" lon="-34.887326">
    <ele>10</ele>
    <time>2019-09-19T23:38:56.000Z</time>
   </trkpt>
   <trkpt lat="-8.034891" lon="-34.887271">
    <ele>10</ele>
    <time>2019-09-19T23:38:57.000Z</time>
   </trkpt>
   <trkpt lat="-8.034847" lon="-34.887213">
    <ele>10</ele>
    <time>2019-09-19T23:38:58.000Z</time>
   </trkpt>
   <trkpt lat="-8.034817" lon="-34.887158">
    <ele>10</ele>
    <time>2019-09-19T23:38:59.000Z</time>
   </trkpt>
   <trkpt lat="-8.03479" lon="-34.887113">
    <ele>10</ele>
    <time>2019-09-19T23:39:00.000Z</time>
   </trkpt>
   <trkpt lat="-8.034763" lon="-34.88707">
    <ele>10</ele>
    <time>2019-09-19T23:39:01.000Z</time>
   </trkpt>
   <trkpt lat="-8.034731" lon="-34.887026">
    <ele>10</ele>
    <time>2019-09-19T23:39:02.000Z</time>
   </trkpt>
   <trkpt lat="-8.034696" lon="-34.886973">
    <ele>10</ele>
    <time>2019-09-19T23:39:03.000Z</time>
   </trkpt>
   <trkpt lat="-8.03465" lon="-34.886922">
    <ele>10</ele>
    <time>2019-09-19T23:39:04.000Z</time>
   </trkpt>
   <trkpt lat="-8.034622" lon="-34.886886">
    <ele>10</ele>
    <time>2019-09-19T23:39:05.000Z</time>
   </trkpt>
   <trkpt lat="-8.034597" lon="-34.886853">
    <ele>10</ele>
    <time>2019-09-19T23:39:06.000Z</time>
   </trkpt>
   <trkpt lat="-8.034575" lon="-34.886817">
    <ele>10</ele>
    <time>2019-09-19T23:39:07.000Z</time>
   </trkpt>
   <trkpt lat="-8.034552" lon="-34.886772">
    <ele>10</ele>
    <time>2019-09-19T23:39:08.000Z</time>
   </trkpt>
   <trkpt lat="-8.034524" lon="-34.886729">
    <ele>10</ele>
    <time>2019-09-19T23:39:09.000Z</time>
   </trkpt>
   <trkpt lat="-8.0345" lon="-34.886682">
    <ele>10</ele>
    <time>2019-09-19T23:39:10.000Z</time>
   </trkpt>
   <trkpt lat="-8.034473" lon="-34.886639">
    <ele>10</ele>
    <time>2019-09-19T23:39:11.000Z</time>
   </trkpt>
   <trkpt lat="-8.034446" lon="-34.8866">
    <ele>10</ele>
    <time>2019-09-19T23:39:12.000Z</time>
   </trkpt>
   <trkpt lat="-8.03442" lon="-34.886555">
    <ele>10</ele>
    <time>2019-09-19T23:39:13.000Z</time>
   </trkpt>
   <trkpt lat="-8.034392" lon="-34.88651">
    <ele>9.9</ele>
    <time>2019-09-19T23:39:14.000Z</time>
   </trkpt>
   <trkpt lat="-8.03436" lon="-34.886467">
    <ele>9.9</ele>
    <time>2019-09-19T23:39:15.000Z</time>
   </trkpt>
   <trkpt lat="-8.034307" lon="-34.886422">
    <ele>9.9</ele>
    <time>2019-09-19T23:39:16.000Z</time>
   </trkpt>
   <trkpt lat="-8.034264" lon="-34.886378">
    <ele>9.8</ele>
    <time>2019-09-19T23:39:17.000Z</time>
   </trkpt>
   <trkpt lat="-8.034229" lon="-34.886332">
    <ele>9.8</ele>
    <time>2019-09-19T23:39:18.000Z</time>
   </trkpt>
   <trkpt lat="-8.034196" lon="-34.886287">
    <ele>9.8</ele>
    <time>2019-09-19T23:39:19.000Z</time>
   </trkpt>
   <trkpt lat="-8.034155" lon="-34.88624">
    <ele>9.9</ele>
    <time>2019-09-19T23:39:20.000Z</time>
   </trkpt>
   <trkpt lat="-8.034124" lon="-34.886198">
    <ele>9.9</ele>
    <time>2019-09-19T23:39:21.000Z</time>
   </trkpt>
   <trkpt lat="-8.034097" lon="-34.886159">
    <ele>9.9</ele>
    <time>2019-09-19T23:39:22.000Z</time>
   </trkpt>
   <trkpt lat="-8.034078" lon="-34.886105">
    <ele>9.9</ele>
    <time>2019-09-19T23:39:23.000Z</time>
   </trkpt>
   <trkpt lat="-8.034051" lon="-34.886061">
    <ele>10</ele>
    <time>2019-09-19T23:39:24.000Z</time>
   </trkpt>
   <trkpt lat="-8.034018" lon="-34.886023">
    <ele>10</ele>
    <time>2019-09-19T23:39:25.000Z</time>
   </trkpt>
   <trkpt lat="-8.03399" lon="-34.885977">
    <ele>10</ele>
    <time>2019-09-19T23:39:26.000Z</time>
   </trkpt>
   <trkpt lat="-8.033964" lon="-34.885933">
    <ele>10.1</ele>
    <time>2019-09-19T23:39:27.000Z</time>
   </trkpt>
   <trkpt lat="-8.033938" lon="-34.88589">
    <ele>10.1</ele>
    <time>2019-09-19T23:39:28.000Z</time>
   </trkpt>
   <trkpt lat="-8.033911" lon="-34.885844">
    <ele>10.1</ele>
    <time>2019-09-19T23:39:29.000Z</time>
   </trkpt>
   <trkpt lat="-8.033872" lon="-34.885807">
    <ele>10.2</ele>
    <time>2019-09-19T23:39:30.000Z</time>
   </trkpt>
   <trkpt lat="-8.033841" lon="-34.885763">
    <ele>10</ele>
    <time>2019-09-19T23:39:31.000Z</time>
   </trkpt>
   <trkpt lat="-8.033814" lon="-34.885723">
    <ele>9.7</ele>
    <time>2019-09-19T23:39:32.000Z</time>
   </trkpt>
   <trkpt lat="-8.033787" lon="-34.885686">
    <ele>9.5</ele>
    <time>2019-09-19T23:39:33.000Z</time>
   </trkpt>
   <trkpt lat="-8.033757" lon="-34.885651">
    <ele>9.2</ele>
    <time>2019-09-19T23:39:34.000Z</time>
   </trkpt>
   <trkpt lat="-8.033724" lon="-34.885611">
    <ele>9</ele>
    <time>2019-09-19T23:39:35.000Z</time>
   </trkpt>
   <trkpt lat="-8.033697" lon="-34.885567">
    <ele>8.7</ele>
    <time>2019-09-19T23:39:36.000Z</time>
   </trkpt>
   <trkpt lat="-8.033668" lon="-34.88552">
    <ele>8.5</ele>
    <time>2019-09-19T23:39:37.000Z</time>
   </trkpt>
   <trkpt lat="-8.033629" lon="-34.885474">
    <ele>8.2</ele>
    <time>2019-09-19T23:39:38.000Z</time>
   </trkpt>
   <trkpt lat="-8.033595" lon="-34.885426">
    <ele>8</ele>
    <time>2019-09-19T23:39:39.000Z</time>
   </trkpt>
   <trkpt lat="-8.033562" lon="-34.885375">
    <ele>7.7</ele>
    <time>2019-09-19T23:39:40.000Z</time>
   </trkpt>
   <trkpt lat="-8.033538" lon="-34.885343">
    <ele>7.6</ele>
    <time>2019-09-19T23:39:41.000Z</time>
   </trkpt>
   <trkpt lat="-8.033513" lon="-34.885304">
    <ele>7.4</ele>
    <time>2019-09-19T23:39:42.000Z</time>
   </trkpt>
   <trkpt lat="-8.033495" lon="-34.885259">
    <ele>7.2</ele>
    <time>2019-09-19T23:39:43.000Z</time>
   </trkpt>
   <trkpt lat="-8.033475" lon="-34.885225">
    <ele>7.1</ele>
    <time>2019-09-19T23:39:44.000Z</time>
   </trkpt>
   <trkpt lat="-8.03345" lon="-34.885195">
    <ele>7.1</ele>
    <time>2019-09-19T23:39:45.000Z</time>
   </trkpt>
   <trkpt lat="-8.033427" lon="-34.885171">
    <ele>7</ele>
    <time>2019-09-19T23:39:46.000Z</time>
   </trkpt>
   <trkpt lat="-8.033413" lon="-34.885144">
    <ele>7</ele>
    <time>2019-09-19T23:39:47.000Z</time>
   </trkpt>
   <trkpt lat="-8.033397" lon="-34.885119">
    <ele>7</ele>
    <time>2019-09-19T23:39:48.000Z</time>
   </trkpt>
   <trkpt lat="-8.033378" lon="-34.885093">
    <ele>6.9</ele>
    <time>2019-09-19T23:39:49.000Z</time>
   </trkpt>
   <trkpt lat="-8.033353" lon="-34.885072">
    <ele>6.9</ele>
    <time>2019-09-19T23:39:50.000Z</time>
   </trkpt>
   <trkpt lat="-8.033343" lon="-34.885045">
    <ele>6.9</ele>
    <time>2019-09-19T23:39:51.000Z</time>
   </trkpt>
   <trkpt lat="-8.033337" lon="-34.885018">
    <ele>6.9</ele>
    <time>2019-09-19T23:39:52.000Z</time>
   </trkpt>
   <trkpt lat="-8.033316" lon="-34.884972">
    <ele>6.9</ele>
    <time>2019-09-19T23:39:54.000Z</time>
   </trkpt>
   <trkpt lat="-8.033278" lon="-34.884929">
    <ele>6.9</ele>
    <time>2019-09-19T23:39:56.000Z</time>
   </trkpt>
   <trkpt lat="-8.033257" lon="-34.884904">
    <ele>6.9</ele>
    <time>2019-09-19T23:39:57.000Z</time>
   </trkpt>
   <trkpt lat="-8.033224" lon="-34.884845">
    <ele>7.2</ele>
    <time>2019-09-19T23:39:59.000Z</time>
   </trkpt>
   <trkpt lat="-8.033189" lon="-34.884816">
    <ele>7.5</ele>
    <time>2019-09-19T23:40:00.000Z</time>
   </trkpt>
   <trkpt lat="-8.03316" lon="-34.884787">
    <ele>7.8</ele>
    <time>2019-09-19T23:40:01.000Z</time>
   </trkpt>
   <trkpt lat="-8.033122" lon="-34.884747">
    <ele>8.2</ele>
    <time>2019-09-19T23:40:02.000Z</time>
   </trkpt>
   <trkpt lat="-8.03311" lon="-34.884718">
    <ele>8.4</ele>
    <time>2019-09-19T23:40:03.000Z</time>
   </trkpt>
   <trkpt lat="-8.033084" lon="-34.884677">
    <ele>9</ele>
    <time>2019-09-19T23:40:04.000Z</time>
   </trkpt>
   <trkpt lat="-8.033061" lon="-34.88464">
    <ele>9.9</ele>
    <time>2019-09-19T23:40:05.000Z</time>
   </trkpt>
   <trkpt lat="-8.033036" lon="-34.884599">
    <ele>11.1</ele>
    <time>2019-09-19T23:40:06.000Z</time>
   </trkpt>
   <trkpt lat="-8.033009" lon="-34.884553">
    <ele>11.9</ele>
    <time>2019-09-19T23:40:07.000Z</time>
   </trkpt>
   <trkpt lat="-8.032971" lon="-34.884511">
    <ele>11.9</ele>
    <time>2019-09-19T23:40:08.000Z</time>
   </trkpt>
   <trkpt lat="-8.03294" lon="-34.884471">
    <ele>12</ele>
    <time>2019-09-19T23:40:09.000Z</time>
   </trkpt>
   <trkpt lat="-8.032914" lon="-34.884434">
    <ele>12</ele>
    <time>2019-09-19T23:40:10.000Z</time>
   </trkpt>
   <trkpt lat="-8.032877" lon="-34.884394">
    <ele>12</ele>
    <time>2019-09-19T23:40:11.000Z</time>
   </trkpt>
   <trkpt lat="-8.032841" lon="-34.884354">
    <ele>12</ele>
    <time>2019-09-19T23:40:12.000Z</time>
   </trkpt>
   <trkpt lat="-8.03282" lon="-34.884303">
    <ele>12</ele>
    <time>2019-09-19T23:40:13.000Z</time>
   </trkpt>
   <trkpt lat="-8.032788" lon="-34.884262">
    <ele>12</ele>
    <time>2019-09-19T23:40:14.000Z</time>
   </trkpt>
   <trkpt lat="-8.032766" lon="-34.88422">
    <ele>12.1</ele>
    <time>2019-09-19T23:40:15.000Z</time>
   </trkpt>
   <trkpt lat="-8.032741" lon="-34.884177">
    <ele>12.1</ele>
    <time>2019-09-19T23:40:16.000Z</time>
   </trkpt>
   <trkpt lat="-8.032719" lon="-34.88413">
    <ele>12</ele>
    <time>2019-09-19T23:40:17.000Z</time>
   </trkpt>
   <trkpt lat="-8.0327" lon="-34.884083">
    <ele>12</ele>
    <time>2019-09-19T23:40:18.000Z</time>
   </trkpt>
   <trkpt lat="-8.032677" lon="-34.884037">
    <ele>11.9</ele>
    <time>2019-09-19T23:40:19.000Z</time>
   </trkpt>
   <trkpt lat="-8.032668" lon="-34.883999">
    <ele>11.9</ele>
    <time>2019-09-19T23:40:20.000Z</time>
   </trkpt>
   <trkpt lat="-8.032653" lon="-34.883959">
    <ele>11.8</ele>
    <time>2019-09-19T23:40:21.000Z</time>
   </trkpt>
   <trkpt lat="-8.032644" lon="-34.883913">
    <ele>11.8</ele>
    <time>2019-09-19T23:40:22.000Z</time>
   </trkpt>
   <trkpt lat="-8.032621" lon="-34.883873">
    <ele>11.7</ele>
    <time>2019-09-19T23:40:23.000Z</time>
   </trkpt>
   <trkpt lat="-8.032622" lon="-34.883825">
    <ele>11.7</ele>
    <time>2019-09-19T23:40:24.000Z</time>
   </trkpt>
   <trkpt lat="-8.032604" lon="-34.883778">
    <ele>11.6</ele>
    <time>2019-09-19T23:40:25.000Z</time>
   </trkpt>
   <trkpt lat="-8.032596" lon="-34.88373">
    <ele>11.6</ele>
    <time>2019-09-19T23:40:26.000Z</time>
   </trkpt>
   <trkpt lat="-8.032607" lon="-34.883687">
    <ele>11.5</ele>
    <time>2019-09-19T23:40:27.000Z</time>
   </trkpt>
   <trkpt lat="-8.032598" lon="-34.883648">
    <ele>11.4</ele>
    <time>2019-09-19T23:40:28.000Z</time>
   </trkpt>
   <trkpt lat="-8.032585" lon="-34.883603">
    <ele>11.2</ele>
    <time>2019-09-19T23:40:29.000Z</time>
   </trkpt>
   <trkpt lat="-8.032568" lon="-34.883554">
    <ele>10.9</ele>
    <time>2019-09-19T23:40:30.000Z</time>
   </trkpt>
   <trkpt lat="-8.032552" lon="-34.8835">
    <ele>10.8</ele>
    <time>2019-09-19T23:40:31.000Z</time>
   </trkpt>
   <trkpt lat="-8.032541" lon="-34.883451">
    <ele>10.9</ele>
    <time>2019-09-19T23:40:32.000Z</time>
   </trkpt>
   <trkpt lat="-8.032521" lon="-34.883406">
    <ele>11.2</ele>
    <time>2019-09-19T23:40:33.000Z</time>
   </trkpt>
   <trkpt lat="-8.032501" lon="-34.883368">
    <ele>11.4</ele>
    <time>2019-09-19T23:40:34.000Z</time>
   </trkpt>
   <trkpt lat="-8.032485" lon="-34.883329">
    <ele>11.4</ele>
    <time>2019-09-19T23:40:35.000Z</time>
   </trkpt>
   <trkpt lat="-8.03247" lon="-34.883288">
    <ele>11.5</ele>
    <time>2019-09-19T23:40:36.000Z</time>
   </trkpt>
   <trkpt lat="-8.032457" lon="-34.883244">
    <ele>11.6</ele>
    <time>2019-09-19T23:40:37.000Z</time>
   </trkpt>
   <trkpt lat="-8.032444" lon="-34.883202">
    <ele>11.7</ele>
    <time>2019-09-19T23:40:38.000Z</time>
   </trkpt>
   <trkpt lat="-8.032417" lon="-34.883153">
    <ele>11.9</ele>
    <time>2019-09-19T23:40:39.000Z</time>
   </trkpt>
   <trkpt lat="-8.032392" lon="-34.883105">
    <ele>12.2</ele>
    <time>2019-09-19T23:40:40.000Z</time>
   </trkpt>
   <trkpt lat="-8.032371" lon="-34.883053">
    <ele>12.6</ele>
    <time>2019-09-19T23:40:41.000Z</time>
   </trkpt>
   <trkpt lat="-8.032356" lon="-34.883">
    <ele>12.9</ele>
    <time>2019-09-19T23:40:42.000Z</time>
   </trkpt>
   <trkpt lat="-8.032339" lon="-34.882946">
    <ele>13.3</ele>
    <time>2019-09-19T23:40:43.000Z</time>
   </trkpt>
   <trkpt lat="-8.032333" lon="-34.882889">
    <ele>13.8</ele>
    <time>2019-09-19T23:40:44.000Z</time>
   </trkpt>
   <trkpt lat="-8.032315" lon="-34.882831">
    <ele>14.2</ele>
    <time>2019-09-19T23:40:45.000Z</time>
   </trkpt>
   <trkpt lat="-8.032282" lon="-34.882783">
    <ele>14.5</ele>
    <time>2019-09-19T23:40:46.000Z</time>
   </trkpt>
   <trkpt lat="-8.032268" lon="-34.882733">
    <ele>14.8</ele>
    <time>2019-09-19T23:40:47.000Z</time>
   </trkpt>
   <trkpt lat="-8.032259" lon="-34.882695">
    <ele>14.8</ele>
    <time>2019-09-19T23:40:48.000Z</time>
   </trkpt>
   <trkpt lat="-8.032248" lon="-34.882652">
    <ele>14.7</ele>
    <time>2019-09-19T23:40:49.000Z</time>
   </trkpt>
   <trkpt lat="-8.032252" lon="-34.882613">
    <ele>14.8</ele>
    <time>2019-09-19T23:40:50.000Z</time>
   </trkpt>
   <trkpt lat="-8.032259" lon="-34.882551">
    <ele>14.9</ele>
    <time>2019-09-19T23:40:51.000Z</time>
   </trkpt>
   <trkpt lat="-8.032234" lon="-34.882488">
    <ele>15.1</ele>
    <time>2019-09-19T23:40:52.000Z</time>
   </trkpt>
   <trkpt lat="-8.032222" lon="-34.88243">
    <ele>15.2</ele>
    <time>2019-09-19T23:40:53.000Z</time>
   </trkpt>
   <trkpt lat="-8.032206" lon="-34.882378">
    <ele>15.4</ele>
    <time>2019-09-19T23:40:54.000Z</time>
   </trkpt>
   <trkpt lat="-8.032204" lon="-34.882316">
    <ele>15.5</ele>
    <time>2019-09-19T23:40:55.000Z</time>
   </trkpt>
   <trkpt lat="-8.032206" lon="-34.882254">
    <ele>15.5</ele>
    <time>2019-09-19T23:40:56.000Z</time>
   </trkpt>
   <trkpt lat="-8.032202" lon="-34.882178">
    <ele>15.5</ele>
    <time>2019-09-19T23:40:57.000Z</time>
   </trkpt>
   <trkpt lat="-8.032187" lon="-34.882113">
    <ele>15.4</ele>
    <time>2019-09-19T23:40:58.000Z</time>
   </trkpt>
   <trkpt lat="-8.032176" lon="-34.88205">
    <ele>15.3</ele>
    <time>2019-09-19T23:40:59.000Z</time>
   </trkpt>
   <trkpt lat="-8.032159" lon="-34.881998">
    <ele>15.1</ele>
    <time>2019-09-19T23:41:00.000Z</time>
   </trkpt>
   <trkpt lat="-8.032147" lon="-34.881943">
    <ele>14.9</ele>
    <time>2019-09-19T23:41:01.000Z</time>
   </trkpt>
   <trkpt lat="-8.032142" lon="-34.881892">
    <ele>14.6</ele>
    <time>2019-09-19T23:41:02.000Z</time>
   </trkpt>
   <trkpt lat="-8.032138" lon="-34.881831">
    <ele>14.3</ele>
    <time>2019-09-19T23:41:03.000Z</time>
   </trkpt>
   <trkpt lat="-8.032143" lon="-34.881774">
    <ele>13.9</ele>
    <time>2019-09-19T23:41:04.000Z</time>
   </trkpt>
   <trkpt lat="-8.032151" lon="-34.881717">
    <ele>13.5</ele>
    <time>2019-09-19T23:41:05.000Z</time>
   </trkpt>
   <trkpt lat="-8.032161" lon="-34.881658">
    <ele>13.2</ele>
    <time>2019-09-19T23:41:06.000Z</time>
   </trkpt>
   <trkpt lat="-8.03216" lon="-34.881604">
    <ele>12.8</ele>
    <time>2019-09-19T23:41:07.000Z</time>
   </trkpt>
   <trkpt lat="-8.032165" lon="-34.88155">
    <ele>12.4</ele>
    <time>2019-09-19T23:41:08.000Z</time>
   </trkpt>
   <trkpt lat="-8.032163" lon="-34.881509">
    <ele>12.1</ele>
    <time>2019-09-19T23:41:09.000Z</time>
   </trkpt>
   <trkpt lat="-8.032153" lon="-34.881483">
    <ele>11.8</ele>
    <time>2019-09-19T23:41:10.000Z</time>
   </trkpt>
   <trkpt lat="-8.032144" lon="-34.881446">
    <ele>11.5</ele>
    <time>2019-09-19T23:41:13.000Z</time>
   </trkpt>
   <trkpt lat="-8.032134" lon="-34.881417">
    <ele>11.2</ele>
    <time>2019-09-19T23:41:16.000Z</time>
   </trkpt>
   <trkpt lat="-8.032163" lon="-34.881428">
    <ele>10.9</ele>
    <time>2019-09-19T23:41:19.000Z</time>
   </trkpt>
   <trkpt lat="-8.032194" lon="-34.881456">
    <ele>10.5</ele>
    <time>2019-09-19T23:41:24.000Z</time>
   </trkpt>
   <trkpt lat="-8.03224" lon="-34.881436">
    <ele>10</ele>
    <time>2019-09-19T23:41:45.000Z</time>
   </trkpt>
   <trkpt lat="-8.032251" lon="-34.881409">
    <ele>9.7</ele>
    <time>2019-09-19T23:41:46.000Z</time>
   </trkpt>
   <trkpt lat="-8.032244" lon="-34.881359">
    <ele>9</ele>
    <time>2019-09-19T23:41:47.000Z</time>
   </trkpt>
   <trkpt lat="-8.032245" lon="-34.881304">
    <ele>9</ele>
    <time>2019-09-19T23:41:48.000Z</time>
   </trkpt>
   <trkpt lat="-8.032249" lon="-34.881253">
    <ele>8.9</ele>
    <time>2019-09-19T23:41:49.000Z</time>
   </trkpt>
   <trkpt lat="-8.032247" lon="-34.881195">
    <ele>8.5</ele>
    <time>2019-09-19T23:41:50.000Z</time>
   </trkpt>
   <trkpt lat="-8.032244" lon="-34.881143">
    <ele>8.3</ele>
    <time>2019-09-19T23:41:51.000Z</time>
   </trkpt>
   <trkpt lat="-8.032248" lon="-34.88109">
    <ele>8.2</ele>
    <time>2019-09-19T23:41:52.000Z</time>
   </trkpt>
   <trkpt lat="-8.032251" lon="-34.881036">
    <ele>8.1</ele>
    <time>2019-09-19T23:41:53.000Z</time>
   </trkpt>
   <trkpt lat="-8.032257" lon="-34.880971">
    <ele>8</ele>
    <time>2019-09-19T23:41:54.000Z</time>
   </trkpt>
   <trkpt lat="-8.032254" lon="-34.880914">
    <ele>7.9</ele>
    <time>2019-09-19T23:41:55.000Z</time>
   </trkpt>
   <trkpt lat="-8.032253" lon="-34.880863">
    <ele>7.9</ele>
    <time>2019-09-19T23:41:56.000Z</time>
   </trkpt>
   <trkpt lat="-8.032257" lon="-34.880812">
    <ele>7.8</ele>
    <time>2019-09-19T23:41:57.000Z</time>
   </trkpt>
   <trkpt lat="-8.032264" lon="-34.880757">
    <ele>7.6</ele>
    <time>2019-09-19T23:41:58.000Z</time>
   </trkpt>
   <trkpt lat="-8.032256" lon="-34.880694">
    <ele>7.6</ele>
    <time>2019-09-19T23:41:59.000Z</time>
   </trkpt>
   <trkpt lat="-8.032258" lon="-34.880628">
    <ele>7.7</ele>
    <time>2019-09-19T23:42:00.000Z</time>
   </trkpt>
   <trkpt lat="-8.032258" lon="-34.880563">
    <ele>8</ele>
    <time>2019-09-19T23:42:01.000Z</time>
   </trkpt>
   <trkpt lat="-8.032264" lon="-34.880513">
    <ele>8.3</ele>
    <time>2019-09-19T23:42:02.000Z</time>
   </trkpt>
   <trkpt lat="-8.032276" lon="-34.880458">
    <ele>8.5</ele>
    <time>2019-09-19T23:42:03.000Z</time>
   </trkpt>
   <trkpt lat="-8.032287" lon="-34.880411">
    <ele>8.6</ele>
    <time>2019-09-19T23:42:04.000Z</time>
   </trkpt>
   <trkpt lat="-8.032299" lon="-34.880372">
    <ele>8.7</ele>
    <time>2019-09-19T23:42:05.000Z</time>
   </trkpt>
   <trkpt lat="-8.032314" lon="-34.880329">
    <ele>8.9</ele>
    <time>2019-09-19T23:42:06.000Z</time>
   </trkpt>
   <trkpt lat="-8.032318" lon="-34.880277">
    <ele>9</ele>
    <time>2019-09-19T23:42:07.000Z</time>
   </trkpt>
   <trkpt lat="-8.03233" lon="-34.880234">
    <ele>9</ele>
    <time>2019-09-19T23:42:08.000Z</time>
   </trkpt>
   <trkpt lat="-8.03234" lon="-34.880184">
    <ele>9.2</ele>
    <time>2019-09-19T23:42:09.000Z</time>
   </trkpt>
   <trkpt lat="-8.032336" lon="-34.880125">
    <ele>9.2</ele>
    <time>2019-09-19T23:42:10.000Z</time>
   </trkpt>
   <trkpt lat="-8.032334" lon="-34.880071">
    <ele>9.3</ele>
    <time>2019-09-19T23:42:11.000Z</time>
   </trkpt>
   <trkpt lat="-8.032325" lon="-34.880021">
    <ele>9.4</ele>
    <time>2019-09-19T23:42:12.000Z</time>
   </trkpt>
   <trkpt lat="-8.032329" lon="-34.87997">
    <ele>9.6</ele>
    <time>2019-09-19T23:42:13.000Z</time>
   </trkpt>
   <trkpt lat="-8.032329" lon="-34.879915">
    <ele>9.7</ele>
    <time>2019-09-19T23:42:14.000Z</time>
   </trkpt>
   <trkpt lat="-8.032329" lon="-34.879861">
    <ele>9.7</ele>
    <time>2019-09-19T23:42:15.000Z</time>
   </trkpt>
   <trkpt lat="-8.032346" lon="-34.879796">
    <ele>9.8</ele>
    <time>2019-09-19T23:42:16.000Z</time>
   </trkpt>
   <trkpt lat="-8.032352" lon="-34.879737">
    <ele>9.9</ele>
    <time>2019-09-19T23:42:17.000Z</time>
   </trkpt>
   <trkpt lat="-8.032352" lon="-34.879683">
    <ele>9.9</ele>
    <time>2019-09-19T23:42:18.000Z</time>
   </trkpt>
   <trkpt lat="-8.032358" lon="-34.879632">
    <ele>9.9</ele>
    <time>2019-09-19T23:42:19.000Z</time>
   </trkpt>
   <trkpt lat="-8.032358" lon="-34.879574">
    <ele>10</ele>
    <time>2019-09-19T23:42:20.000Z</time>
   </trkpt>
   <trkpt lat="-8.032361" lon="-34.87951">
    <ele>10</ele>
    <time>2019-09-19T23:42:21.000Z</time>
   </trkpt>
   <trkpt lat="-8.032364" lon="-34.879448">
    <ele>10.1</ele>
    <time>2019-09-19T23:42:22.000Z</time>
   </trkpt>
   <trkpt lat="-8.032363" lon="-34.879393">
    <ele>10.1</ele>
    <time>2019-09-19T23:42:23.000Z</time>
   </trkpt>
   <trkpt lat="-8.032356" lon="-34.879338">
    <ele>10.1</ele>
    <time>2019-09-19T23:42:24.000Z</time>
   </trkpt>
   <trkpt lat="-8.03235" lon="-34.879287">
    <ele>10.1</ele>
    <time>2019-09-19T23:42:25.000Z</time>
   </trkpt>
   <trkpt lat="-8.032337" lon="-34.879249">
    <ele>10.1</ele>
    <time>2019-09-19T23:42:26.000Z</time>
   </trkpt>
   <trkpt lat="-8.032331" lon="-34.879211">
    <ele>10.1</ele>
    <time>2019-09-19T23:42:27.000Z</time>
   </trkpt>
   <trkpt lat="-8.032313" lon="-34.879169">
    <ele>10.2</ele>
    <time>2019-09-19T23:42:28.000Z</time>
   </trkpt>
   <trkpt lat="-8.032301" lon="-34.879125">
    <ele>10.3</ele>
    <time>2019-09-19T23:42:29.000Z</time>
   </trkpt>
   <trkpt lat="-8.032294" lon="-34.879079">
    <ele>10.4</ele>
    <time>2019-09-19T23:42:30.000Z</time>
   </trkpt>
   <trkpt lat="-8.032298" lon="-34.87902">
    <ele>10.4</ele>
    <time>2019-09-19T23:42:31.000Z</time>
   </trkpt>
   <trkpt lat="-8.032287" lon="-34.878967">
    <ele>10.5</ele>
    <time>2019-09-19T23:42:32.000Z</time>
   </trkpt>
   <trkpt lat="-8.032271" lon="-34.878921">
    <ele>10.6</ele>
    <time>2019-09-19T23:42:33.000Z</time>
   </trkpt>
   <trkpt lat="-8.032258" lon="-34.878877">
    <ele>10.7</ele>
    <time>2019-09-19T23:42:34.000Z</time>
   </trkpt>
   <trkpt lat="-8.03224" lon="-34.878852">
    <ele>10.7</ele>
    <time>2019-09-19T23:42:35.000Z</time>
   </trkpt>
   <trkpt lat="-8.032214" lon="-34.878837">
    <ele>10.7</ele>
    <time>2019-09-19T23:42:36.000Z</time>
   </trkpt>
   <trkpt lat="-8.032188" lon="-34.878793">
    <ele>10.8</ele>
    <time>2019-09-19T23:42:38.000Z</time>
   </trkpt>
   <trkpt lat="-8.032158" lon="-34.878758">
    <ele>10.9</ele>
    <time>2019-09-19T23:42:40.000Z</time>
   </trkpt>
   <trkpt lat="-8.032143" lon="-34.878733">
    <ele>10.9</ele>
    <time>2019-09-19T23:42:42.000Z</time>
   </trkpt>
   <trkpt lat="-8.032122" lon="-34.878715">
    <ele>10.9</ele>
    <time>2019-09-19T23:42:44.000Z</time>
   </trkpt>
   <trkpt lat="-8.032094" lon="-34.878711">
    <ele>10.8</ele>
    <time>2019-09-19T23:42:47.000Z</time>
   </trkpt>
   <trkpt lat="-8.032121" lon="-34.878687">
    <ele>10.8</ele>
    <time>2019-09-19T23:43:23.000Z</time>
   </trkpt>
   <trkpt lat="-8.032167" lon="-34.8787">
    <ele>10.8</ele>
    <time>2019-09-19T23:43:25.000Z</time>
   </trkpt>
   <trkpt lat="-8.032186" lon="-34.878763">
    <ele>10.7</ele>
    <time>2019-09-19T23:43:27.000Z</time>
   </trkpt>
   <trkpt lat="-8.032188" lon="-34.878808">
    <ele>10.7</ele>
    <time>2019-09-19T23:43:28.000Z</time>
   </trkpt>
   <trkpt lat="-8.032203" lon="-34.878853">
    <ele>10.6</ele>
    <time>2019-09-19T23:43:29.000Z</time>
   </trkpt>
   <trkpt lat="-8.032212" lon="-34.878907">
    <ele>10.5</ele>
    <time>2019-09-19T23:43:30.000Z</time>
   </trkpt>
   <trkpt lat="-8.032221" lon="-34.87896">
    <ele>10.5</ele>
    <time>2019-09-19T23:43:31.000Z</time>
   </trkpt>
   <trkpt lat="-8.032229" lon="-34.879007">
    <ele>10.4</ele>
    <time>2019-09-19T23:43:32.000Z</time>
   </trkpt>
   <trkpt lat="-8.032233" lon="-34.879056">
    <ele>10.4</ele>
    <time>2019-09-19T23:43:33.000Z</time>
   </trkpt>
   <trkpt lat="-8.032237" lon="-34.879117">
    <ele>10.3</ele>
    <time>2019-09-19T23:43:34.000Z</time>
   </trkpt>
   <trkpt lat="-8.032246" lon="-34.879164">
    <ele>10.2</ele>
    <time>2019-09-19T23:43:35.000Z</time>
   </trkpt>
   <trkpt lat="-8.032256" lon="-34.879215">
    <ele>10.1</ele>
    <time>2019-09-19T23:43:36.000Z</time>
   </trkpt>
   <trkpt lat="-8.032259" lon="-34.879266">
    <ele>10.1</ele>
    <time>2019-09-19T23:43:37.000Z</time>
   </trkpt>
   <trkpt lat="-8.032265" lon="-34.879315">
    <ele>10.1</ele>
    <time>2019-09-19T23:43:38.000Z</time>
   </trkpt>
   <trkpt lat="-8.032274" lon="-34.879365">
    <ele>10.1</ele>
    <time>2019-09-19T23:43:39.000Z</time>
   </trkpt>
   <trkpt lat="-8.032281" lon="-34.879418">
    <ele>10.1</ele>
    <time>2019-09-19T23:43:40.000Z</time>
   </trkpt>
   <trkpt lat="-8.032286" lon="-34.879471">
    <ele>10.1</ele>
    <time>2019-09-19T23:43:41.000Z</time>
   </trkpt>
   <trkpt lat="-8.032287" lon="-34.879526">
    <ele>10</ele>
    <time>2019-09-19T23:43:42.000Z</time>
   </trkpt>
   <trkpt lat="-8.03229" lon="-34.879586">
    <ele>10</ele>
    <time>2019-09-19T23:43:43.000Z</time>
   </trkpt>
   <trkpt lat="-8.032295" lon="-34.879641">
    <ele>9.9</ele>
    <time>2019-09-19T23:43:44.000Z</time>
   </trkpt>
   <trkpt lat="-8.032291" lon="-34.879689">
    <ele>9.9</ele>
    <time>2019-09-19T23:43:45.000Z</time>
   </trkpt>
   <trkpt lat="-8.032289" lon="-34.879746">
    <ele>9.9</ele>
    <time>2019-09-19T23:43:46.000Z</time>
   </trkpt>
   <trkpt lat="-8.032293" lon="-34.879803">
    <ele>9.8</ele>
    <time>2019-09-19T23:43:47.000Z</time>
   </trkpt>
   <trkpt lat="-8.032295" lon="-34.879858">
    <ele>9.7</ele>
    <time>2019-09-19T23:43:48.000Z</time>
   </trkpt>
   <trkpt lat="-8.032293" lon="-34.879917">
    <ele>9.7</ele>
    <time>2019-09-19T23:43:49.000Z</time>
   </trkpt>
   <trkpt lat="-8.03229" lon="-34.879975">
    <ele>9.6</ele>
    <time>2019-09-19T23:43:50.000Z</time>
   </trkpt>
   <trkpt lat="-8.032275" lon="-34.880031">
    <ele>9.4</ele>
    <time>2019-09-19T23:43:51.000Z</time>
   </trkpt>
   <trkpt lat="-8.032272" lon="-34.880084">
    <ele>9.3</ele>
    <time>2019-09-19T23:43:52.000Z</time>
   </trkpt>
   <trkpt lat="-8.032268" lon="-34.880142">
    <ele>9.2</ele>
    <time>2019-09-19T23:43:53.000Z</time>
   </trkpt>
   <trkpt lat="-8.032259" lon="-34.880201">
    <ele>9.1</ele>
    <time>2019-09-19T23:43:54.000Z</time>
   </trkpt>
   <trkpt lat="-8.032255" lon="-34.880259">
    <ele>9</ele>
    <time>2019-09-19T23:43:55.000Z</time>
   </trkpt>
   <trkpt lat="-8.032253" lon="-34.880314">
    <ele>9</ele>
    <time>2019-09-19T23:43:56.000Z</time>
   </trkpt>
   <trkpt lat="-8.032248" lon="-34.880373">
    <ele>8.8</ele>
    <time>2019-09-19T23:43:57.000Z</time>
   </trkpt>
   <trkpt lat="-8.032244" lon="-34.880431">
    <ele>8.6</ele>
    <time>2019-09-19T23:43:58.000Z</time>
   </trkpt>
   <trkpt lat="-8.03224" lon="-34.880486">
    <ele>8.5</ele>
    <time>2019-09-19T23:43:59.000Z</time>
   </trkpt>
   <trkpt lat="-8.032235" lon="-34.88055">
    <ele>8.2</ele>
    <time>2019-09-19T23:44:00.000Z</time>
   </trkpt>
   <trkpt lat="-8.032232" lon="-34.880606">
    <ele>7.9</ele>
    <time>2019-09-19T23:44:01.000Z</time>
   </trkpt>
   <trkpt lat="-8.032227" lon="-34.880652">
    <ele>7.7</ele>
    <time>2019-09-19T23:44:02.000Z</time>
   </trkpt>
   <trkpt lat="-8.032223" lon="-34.880693">
    <ele>7.6</ele>
    <time>2019-09-19T23:44:03.000Z</time>
   </trkpt>
   <trkpt lat="-8.032222" lon="-34.880742">
    <ele>7.6</ele>
    <time>2019-09-19T23:44:04.000Z</time>
   </trkpt>
   <trkpt lat="-8.032222" lon="-34.88079">
    <ele>7.7</ele>
    <time>2019-09-19T23:44:05.000Z</time>
   </trkpt>
   <trkpt lat="-8.032227" lon="-34.880834">
    <ele>7.8</ele>
    <time>2019-09-19T23:44:06.000Z</time>
   </trkpt>
   <trkpt lat="-8.032227" lon="-34.880878">
    <ele>7.9</ele>
    <time>2019-09-19T23:44:07.000Z</time>
   </trkpt>
   <trkpt lat="-8.03223" lon="-34.880912">
    <ele>7.9</ele>
    <time>2019-09-19T23:44:08.000Z</time>
   </trkpt>
   <trkpt lat="-8.032226" lon="-34.880948">
    <ele>7.9</ele>
    <time>2019-09-19T23:44:09.000Z</time>
   </trkpt>
   <trkpt lat="-8.032223" lon="-34.880989">
    <ele>8</ele>
    <time>2019-09-19T23:44:10.000Z</time>
   </trkpt>
   <trkpt lat="-8.03222" lon="-34.881027">
    <ele>8</ele>
    <time>2019-09-19T23:44:11.000Z</time>
   </trkpt>
   <trkpt lat="-8.032216" lon="-34.881061">
    <ele>8.1</ele>
    <time>2019-09-19T23:44:12.000Z</time>
   </trkpt>
   <trkpt lat="-8.032207" lon="-34.881092">
    <ele>8.2</ele>
    <time>2019-09-19T23:44:13.000Z</time>
   </trkpt>
   <trkpt lat="-8.032197" lon="-34.881119">
    <ele>8.3</ele>
    <time>2019-09-19T23:44:14.000Z</time>
   </trkpt>
   <trkpt lat="-8.032168" lon="-34.881156">
    <ele>8.4</ele>
    <time>2019-09-19T23:44:16.000Z</time>
   </trkpt>
   <trkpt lat="-8.032164" lon="-34.881188">
    <ele>8.5</ele>
    <time>2019-09-19T23:44:18.000Z</time>
   </trkpt>
   <trkpt lat="-8.032165" lon="-34.881218">
    <ele>8.7</ele>
    <time>2019-09-19T23:44:21.000Z</time>
   </trkpt>
   <trkpt lat="-8.032171" lon="-34.881246">
    <ele>8.9</ele>
    <time>2019-09-19T23:44:23.000Z</time>
   </trkpt>
   <trkpt lat="-8.032151" lon="-34.881314">
    <ele>9</ele>
    <time>2019-09-19T23:44:40.000Z</time>
   </trkpt>
   <trkpt lat="-8.032135" lon="-34.881368">
    <ele>9.3</ele>
    <time>2019-09-19T23:44:42.000Z</time>
   </trkpt>
   <trkpt lat="-8.032129" lon="-34.881408">
    <ele>9.8</ele>
    <time>2019-09-19T23:44:43.000Z</time>
   </trkpt>
   <trkpt lat="-8.032127" lon="-34.88145">
    <ele>10.3</ele>
    <time>2019-09-19T23:44:44.000Z</time>
   </trkpt>
   <trkpt lat="-8.03212" lon="-34.881499">
    <ele>10.8</ele>
    <time>2019-09-19T23:44:45.000Z</time>
   </trkpt>
   <trkpt lat="-8.032103" lon="-34.881544">
    <ele>11.3</ele>
    <time>2019-09-19T23:44:46.000Z</time>
   </trkpt>
   <trkpt lat="-8.032099" lon="-34.881593">
    <ele>11.8</ele>
    <time>2019-09-19T23:44:47.000Z</time>
   </trkpt>
   <trkpt lat="-8.032096" lon="-34.881658">
    <ele>12.4</ele>
    <time>2019-09-19T23:44:48.000Z</time>
   </trkpt>
   <trkpt lat="-8.032088" lon="-34.881709">
    <ele>12.8</ele>
    <time>2019-09-19T23:44:49.000Z</time>
   </trkpt>
   <trkpt lat="-8.032078" lon="-34.88176">
    <ele>13.2</ele>
    <time>2019-09-19T23:44:50.000Z</time>
   </trkpt>
   <trkpt lat="-8.032079" lon="-34.881823">
    <ele>13.6</ele>
    <time>2019-09-19T23:44:51.000Z</time>
   </trkpt>
   <trkpt lat="-8.032072" lon="-34.881902">
    <ele>14.2</ele>
    <time>2019-09-19T23:44:52.000Z</time>
   </trkpt>
   <trkpt lat="-8.03208" lon="-34.881969">
    <ele>14.6</ele>
    <time>2019-09-19T23:44:53.000Z</time>
   </trkpt>
   <trkpt lat="-8.032085" lon="-34.882044">
    <ele>15</ele>
    <time>2019-09-19T23:44:54.000Z</time>
   </trkpt>
   <trkpt lat="-8.032095" lon="-34.882112">
    <ele>15.3</ele>
    <time>2019-09-19T23:44:55.000Z</time>
   </trkpt>
   <trkpt lat="-8.032119" lon="-34.882179">
    <ele>15.4</ele>
    <time>2019-09-19T23:44:56.000Z</time>
   </trkpt>
   <trkpt lat="-8.03213" lon="-34.882244">
    <ele>15.5</ele>
    <time>2019-09-19T23:44:57.000Z</time>
   </trkpt>
   <trkpt lat="-8.032148" lon="-34.882317">
    <ele>15.5</ele>
    <time>2019-09-19T23:44:58.000Z</time>
   </trkpt>
   <trkpt lat="-8.032165" lon="-34.882373">
    <ele>15.4</ele>
    <time>2019-09-19T23:44:59.000Z</time>
   </trkpt>
   <trkpt lat="-8.032173" lon="-34.882443">
    <ele>15.3</ele>
    <time>2019-09-19T23:45:00.000Z</time>
   </trkpt>
   <trkpt lat="-8.032179" lon="-34.882486">
    <ele>15.2</ele>
    <time>2019-09-19T23:45:01.000Z</time>
   </trkpt>
   <trkpt lat="-8.032189" lon="-34.882548">
    <ele>15</ele>
    <time>2019-09-19T23:45:02.000Z</time>
   </trkpt>
   <trkpt lat="-8.03221" lon="-34.882618">
    <ele>14.8</ele>
    <time>2019-09-19T23:45:03.000Z</time>
   </trkpt>
   <trkpt lat="-8.032222" lon="-34.882691">
    <ele>14.7</ele>
    <time>2019-09-19T23:45:04.000Z</time>
   </trkpt>
   <trkpt lat="-8.032241" lon="-34.882749">
    <ele>14.8</ele>
    <time>2019-09-19T23:45:05.000Z</time>
   </trkpt>
   <trkpt lat="-8.03227" lon="-34.882817">
    <ele>14.3</ele>
    <time>2019-09-19T23:45:06.000Z</time>
   </trkpt>
   <trkpt lat="-8.03229" lon="-34.882889">
    <ele>13.9</ele>
    <time>2019-09-19T23:45:07.000Z</time>
   </trkpt>
   <trkpt lat="-8.032288" lon="-34.882952">
    <ele>13.4</ele>
    <time>2019-09-19T23:45:08.000Z</time>
   </trkpt>
   <trkpt lat="-8.032318" lon="-34.883029">
    <ele>12.8</ele>
    <time>2019-09-19T23:45:09.000Z</time>
   </trkpt>
   <trkpt lat="-8.032329" lon="-34.883079">
    <ele>12.5</ele>
    <time>2019-09-19T23:45:10.000Z</time>
   </trkpt>
   <trkpt lat="-8.032343" lon="-34.88313">
    <ele>12.2</ele>
    <time>2019-09-19T23:45:11.000Z</time>
   </trkpt>
   <trkpt lat="-8.03236" lon="-34.883183">
    <ele>11.9</ele>
    <time>2019-09-19T23:45:12.000Z</time>
   </trkpt>
   <trkpt lat="-8.032376" lon="-34.883233">
    <ele>11.7</ele>
    <time>2019-09-19T23:45:13.000Z</time>
   </trkpt>
   <trkpt lat="-8.032402" lon="-34.883285">
    <ele>11.5</ele>
    <time>2019-09-19T23:45:14.000Z</time>
   </trkpt>
   <trkpt lat="-8.032423" lon="-34.883326">
    <ele>11.4</ele>
    <time>2019-09-19T23:45:15.000Z</time>
   </trkpt>
   <trkpt lat="-8.032416" lon="-34.883379">
    <ele>11.4</ele>
    <time>2019-09-19T23:45:16.000Z</time>
   </trkpt>
   <trkpt lat="-8.032441" lon="-34.883436">
    <ele>11.1</ele>
    <time>2019-09-19T23:45:17.000Z</time>
   </trkpt>
   <trkpt lat="-8.032453" lon="-34.883488">
    <ele>10.8</ele>
    <time>2019-09-19T23:45:18.000Z</time>
   </trkpt>
   <trkpt lat="-8.032476" lon="-34.883562">
    <ele>10.8</ele>
    <time>2019-09-19T23:45:19.000Z</time>
   </trkpt>
   <trkpt lat="-8.032493" lon="-34.883638">
    <ele>11.2</ele>
    <time>2019-09-19T23:45:20.000Z</time>
   </trkpt>
   <trkpt lat="-8.032503" lon="-34.883703">
    <ele>11.4</ele>
    <time>2019-09-19T23:45:21.000Z</time>
   </trkpt>
   <trkpt lat="-8.03253" lon="-34.883755">
    <ele>11.6</ele>
    <time>2019-09-19T23:45:22.000Z</time>
   </trkpt>
   <trkpt lat="-8.032556" lon="-34.883821">
    <ele>11.7</ele>
    <time>2019-09-19T23:45:23.000Z</time>
   </trkpt>
   <trkpt lat="-8.032572" lon="-34.883877">
    <ele>11.7</ele>
    <time>2019-09-19T23:45:24.000Z</time>
   </trkpt>
   <trkpt lat="-8.032607" lon="-34.883941">
    <ele>11.8</ele>
    <time>2019-09-19T23:45:25.000Z</time>
   </trkpt>
   <trkpt lat="-8.03264" lon="-34.884009">
    <ele>11.9</ele>
    <time>2019-09-19T23:45:26.000Z</time>
   </trkpt>
   <trkpt lat="-8.032662" lon="-34.884056">
    <ele>11.9</ele>
    <time>2019-09-19T23:45:27.000Z</time>
   </trkpt>
   <trkpt lat="-8.032691" lon="-34.884101">
    <ele>12</ele>
    <time>2019-09-19T23:45:28.000Z</time>
   </trkpt>
   <trkpt lat="-8.032725" lon="-34.884162">
    <ele>12</ele>
    <time>2019-09-19T23:45:29.000Z</time>
   </trkpt>
   <trkpt lat="-8.032751" lon="-34.884223">
    <ele>12.1</ele>
    <time>2019-09-19T23:45:30.000Z</time>
   </trkpt>
   <trkpt lat="-8.032771" lon="-34.884275">
    <ele>12</ele>
    <time>2019-09-19T23:45:31.000Z</time>
   </trkpt>
   <trkpt lat="-8.032777" lon="-34.884305">
    <ele>12</ele>
    <time>2019-09-19T23:45:32.000Z</time>
   </trkpt>
   <trkpt lat="-8.032806" lon="-34.884348">
    <ele>12</ele>
    <time>2019-09-19T23:45:33.000Z</time>
   </trkpt>
   <trkpt lat="-8.032846" lon="-34.884405">
    <ele>12</ele>
    <time>2019-09-19T23:45:34.000Z</time>
   </trkpt>
   <trkpt lat="-8.032877" lon="-34.88444">
    <ele>12</ele>
    <time>2019-09-19T23:45:35.000Z</time>
   </trkpt>
   <trkpt lat="-8.032913" lon="-34.884485">
    <ele>12</ele>
    <time>2019-09-19T23:45:36.000Z</time>
   </trkpt>
   <trkpt lat="-8.03295" lon="-34.884534">
    <ele>11.9</ele>
    <time>2019-09-19T23:45:37.000Z</time>
   </trkpt>
   <trkpt lat="-8.032989" lon="-34.88459">
    <ele>11.9</ele>
    <time>2019-09-19T23:45:38.000Z</time>
   </trkpt>
   <trkpt lat="-8.033028" lon="-34.884642">
    <ele>10.3</ele>
    <time>2019-09-19T23:45:39.000Z</time>
   </trkpt>
   <trkpt lat="-8.033064" lon="-34.884689">
    <ele>9.1</ele>
    <time>2019-09-19T23:45:40.000Z</time>
   </trkpt>
   <trkpt lat="-8.033097" lon="-34.884725">
    <ele>8.4</ele>
    <time>2019-09-19T23:45:41.000Z</time>
   </trkpt>
   <trkpt lat="-8.033131" lon="-34.884778">
    <ele>8</ele>
    <time>2019-09-19T23:45:42.000Z</time>
   </trkpt>
   <trkpt lat="-8.033165" lon="-34.884815">
    <ele>7.6</ele>
    <time>2019-09-19T23:45:43.000Z</time>
   </trkpt>
   <trkpt lat="-8.033199" lon="-34.884857">
    <ele>7.2</ele>
    <time>2019-09-19T23:45:44.000Z</time>
   </trkpt>
   <trkpt lat="-8.033239" lon="-34.884906">
    <ele>6.9</ele>
    <time>2019-09-19T23:45:45.000Z</time>
   </trkpt>
   <trkpt lat="-8.033271" lon="-34.884952">
    <ele>6.9</ele>
    <time>2019-09-19T23:45:46.000Z</time>
   </trkpt>
   <trkpt lat="-8.033297" lon="-34.884995">
    <ele>6.9</ele>
    <time>2019-09-19T23:45:47.000Z</time>
   </trkpt>
   <trkpt lat="-8.033324" lon="-34.885031">
    <ele>6.9</ele>
    <time>2019-09-19T23:45:48.000Z</time>
   </trkpt>
   <trkpt lat="-8.033356" lon="-34.885077">
    <ele>6.9</ele>
    <time>2019-09-19T23:45:49.000Z</time>
   </trkpt>
   <trkpt lat="-8.033409" lon="-34.885126">
    <ele>7</ele>
    <time>2019-09-19T23:45:50.000Z</time>
   </trkpt>
   <trkpt lat="-8.033453" lon="-34.885178">
    <ele>7</ele>
    <time>2019-09-19T23:45:51.000Z</time>
   </trkpt>
   <trkpt lat="-8.03349" lon="-34.885229">
    <ele>7.1</ele>
    <time>2019-09-19T23:45:52.000Z</time>
   </trkpt>
   <trkpt lat="-8.033522" lon="-34.885274">
    <ele>7.2</ele>
    <time>2019-09-19T23:45:53.000Z</time>
   </trkpt>
   <trkpt lat="-8.033543" lon="-34.88531">
    <ele>7.3</ele>
    <time>2019-09-19T23:45:54.000Z</time>
   </trkpt>
   <trkpt lat="-8.033563" lon="-34.885352">
    <ele>7.4</ele>
    <time>2019-09-19T23:45:55.000Z</time>
   </trkpt>
   <trkpt lat="-8.033588" lon="-34.885396">
    <ele>7.7</ele>
    <time>2019-09-19T23:45:56.000Z</time>
   </trkpt>
   <trkpt lat="-8.033619" lon="-34.885445">
    <ele>8</ele>
    <time>2019-09-19T23:45:57.000Z</time>
   </trkpt>
   <trkpt lat="-8.033635" lon="-34.885485">
    <ele>8.2</ele>
    <time>2019-09-19T23:45:58.000Z</time>
   </trkpt>
   <trkpt lat="-8.033673" lon="-34.885533">
    <ele>8.5</ele>
    <time>2019-09-19T23:45:59.000Z</time>
   </trkpt>
   <trkpt lat="-8.033699" lon="-34.885575">
    <ele>8.7</ele>
    <time>2019-09-19T23:46:00.000Z</time>
   </trkpt>
   <trkpt lat="-8.033725" lon="-34.88562">
    <ele>8.9</ele>
    <time>2019-09-19T23:46:01.000Z</time>
   </trkpt>
   <trkpt lat="-8.033743" lon="-34.885658">
    <ele>9.2</ele>
    <time>2019-09-19T23:46:02.000Z</time>
   </trkpt>
   <trkpt lat="-8.033777" lon="-34.885707">
    <ele>9.5</ele>
    <time>2019-09-19T23:46:03.000Z</time>
   </trkpt>
   <trkpt lat="-8.033814" lon="-34.885754">
    <ele>9.9</ele>
    <time>2019-09-19T23:46:04.000Z</time>
   </trkpt>
   <trkpt lat="-8.033846" lon="-34.885799">
    <ele>10.2</ele>
    <time>2019-09-19T23:46:05.000Z</time>
   </trkpt>
   <trkpt lat="-8.033882" lon="-34.88584">
    <ele>10.1</ele>
    <time>2019-09-19T23:46:06.000Z</time>
   </trkpt>
   <trkpt lat="-8.033906" lon="-34.885893">
    <ele>10.1</ele>
    <time>2019-09-19T23:46:07.000Z</time>
   </trkpt>
   <trkpt lat="-8.033943" lon="-34.88595">
    <ele>10</ele>
    <time>2019-09-19T23:46:08.000Z</time>
   </trkpt>
   <trkpt lat="-8.033976" lon="-34.885996">
    <ele>10</ele>
    <time>2019-09-19T23:46:09.000Z</time>
   </trkpt>
   <trkpt lat="-8.034001" lon="-34.886036">
    <ele>10</ele>
    <time>2019-09-19T23:46:10.000Z</time>
   </trkpt>
   <trkpt lat="-8.034028" lon="-34.886069">
    <ele>10</ele>
    <time>2019-09-19T23:46:11.000Z</time>
   </trkpt>
   <trkpt lat="-8.034052" lon="-34.886103">
    <ele>9.9</ele>
    <time>2019-09-19T23:46:12.000Z</time>
   </trkpt>
   <trkpt lat="-8.034082" lon="-34.886139">
    <ele>9.9</ele>
    <time>2019-09-19T23:46:13.000Z</time>
   </trkpt>
   <trkpt lat="-8.034107" lon="-34.886174">
    <ele>9.9</ele>
    <time>2019-09-19T23:46:14.000Z</time>
   </trkpt>
   <trkpt lat="-8.03413" lon="-34.886219">
    <ele>9.9</ele>
    <time>2019-09-19T23:46:15.000Z</time>
   </trkpt>
   <trkpt lat="-8.034166" lon="-34.886255">
    <ele>9.8</ele>
    <time>2019-09-19T23:46:16.000Z</time>
   </trkpt>
   <trkpt lat="-8.034192" lon="-34.88629">
    <ele>9.8</ele>
    <time>2019-09-19T23:46:17.000Z</time>
   </trkpt>
   <trkpt lat="-8.034205" lon="-34.886328">
    <ele>9.8</ele>
    <time>2019-09-19T23:46:18.000Z</time>
   </trkpt>
   <trkpt lat="-8.034225" lon="-34.88635">
    <ele>9.8</ele>
    <time>2019-09-19T23:46:19.000Z</time>
   </trkpt>
   <trkpt lat="-8.034264" lon="-34.886386">
    <ele>9.8</ele>
    <time>2019-09-19T23:46:20.000Z</time>
   </trkpt>
   <trkpt lat="-8.034298" lon="-34.886422">
    <ele>9.9</ele>
    <time>2019-09-19T23:46:21.000Z</time>
   </trkpt>
   <trkpt lat="-8.03433" lon="-34.886468">
    <ele>9.9</ele>
    <time>2019-09-19T23:46:22.000Z</time>
   </trkpt>
   <trkpt lat="-8.034355" lon="-34.88651">
    <ele>9.9</ele>
    <time>2019-09-19T23:46:23.000Z</time>
   </trkpt>
   <trkpt lat="-8.034387" lon="-34.886556">
    <ele>10</ele>
    <time>2019-09-19T23:46:24.000Z</time>
   </trkpt>
   <trkpt lat="-8.034429" lon="-34.886598">
    <ele>10</ele>
    <time>2019-09-19T23:46:25.000Z</time>
   </trkpt>
   <trkpt lat="-8.03446" lon="-34.886642">
    <ele>10</ele>
    <time>2019-09-19T23:46:26.000Z</time>
   </trkpt>
   <trkpt lat="-8.034483" lon="-34.886683">
    <ele>10</ele>
    <time>2019-09-19T23:46:27.000Z</time>
   </trkpt>
   <trkpt lat="-8.034506" lon="-34.886726">
    <ele>10</ele>
    <time>2019-09-19T23:46:28.000Z</time>
   </trkpt>
   <trkpt lat="-8.034531" lon="-34.886768">
    <ele>10</ele>
    <time>2019-09-19T23:46:29.000Z</time>
   </trkpt>
   <trkpt lat="-8.03456" lon="-34.886813">
    <ele>10</ele>
    <time>2019-09-19T23:46:30.000Z</time>
   </trkpt>
   <trkpt lat="-8.034585" lon="-34.886849">
    <ele>10</ele>
    <time>2019-09-19T23:46:31.000Z</time>
   </trkpt>
   <trkpt lat="-8.034616" lon="-34.886873">
    <ele>10</ele>
    <time>2019-09-19T23:46:32.000Z</time>
   </trkpt>
   <trkpt lat="-8.034645" lon="-34.886913">
    <ele>10</ele>
    <time>2019-09-19T23:46:33.000Z</time>
   </trkpt>
   <trkpt lat="-8.034674" lon="-34.886944">
    <ele>10</ele>
    <time>2019-09-19T23:46:34.000Z</time>
   </trkpt>
   <trkpt lat="-8.034701" lon="-34.886985">
    <ele>10</ele>
    <time>2019-09-19T23:46:35.000Z</time>
   </trkpt>
   <trkpt lat="-8.034719" lon="-34.887021">
    <ele>10</ele>
    <time>2019-09-19T23:46:36.000Z</time>
   </trkpt>
   <trkpt lat="-8.034753" lon="-34.887053">
    <ele>10</ele>
    <time>2019-09-19T23:46:37.000Z</time>
   </trkpt>
   <trkpt lat="-8.034786" lon="-34.887086">
    <ele>10</ele>
    <time>2019-09-19T23:46:38.000Z</time>
   </trkpt>
   <trkpt lat="-8.034809" lon="-34.887123">
    <ele>10</ele>
    <time>2019-09-19T23:46:39.000Z</time>
   </trkpt>
   <trkpt lat="-8.034829" lon="-34.887158">
    <ele>10</ele>
    <time>2019-09-19T23:46:40.000Z</time>
   </trkpt>
   <trkpt lat="-8.034851" lon="-34.887189">
    <ele>10</ele>
    <time>2019-09-19T23:46:41.000Z</time>
   </trkpt>
   <trkpt lat="-8.034877" lon="-34.887228">
    <ele>10</ele>
    <time>2019-09-19T23:46:42.000Z</time>
   </trkpt>
   <trkpt lat="-8.034909" lon="-34.887265">
    <ele>10</ele>
    <time>2019-09-19T23:46:43.000Z</time>
   </trkpt>
   <trkpt lat="-8.034942" lon="-34.887296">
    <ele>10</ele>
    <time>2019-09-19T23:46:44.000Z</time>
   </trkpt>
   <trkpt lat="-8.034967" lon="-34.887327">
    <ele>10</ele>
    <time>2019-09-19T23:46:45.000Z</time>
   </trkpt>
   <trkpt lat="-8.035002" lon="-34.887366">
    <ele>10.1</ele>
    <time>2019-09-19T23:46:46.000Z</time>
   </trkpt>
   <trkpt lat="-8.035031" lon="-34.887402">
    <ele>10.1</ele>
    <time>2019-09-19T23:46:47.000Z</time>
   </trkpt>
   <trkpt lat="-8.035066" lon="-34.887441">
    <ele>10.1</ele>
    <time>2019-09-19T23:46:48.000Z</time>
   </trkpt>
   <trkpt lat="-8.035096" lon="-34.887479">
    <ele>10.1</ele>
    <time>2019-09-19T23:46:49.000Z</time>
   </trkpt>
   <trkpt lat="-8.03514" lon="-34.887514">
    <ele>10.1</ele>
    <time>2019-09-19T23:46:50.000Z</time>
   </trkpt>
   <trkpt lat="-8.035172" lon="-34.887569">
    <ele>10.2</ele>
    <time>2019-09-19T23:46:51.000Z</time>
   </trkpt>
   <trkpt lat="-8.035207" lon="-34.887619">
    <ele>10.2</ele>
    <time>2019-09-19T23:46:52.000Z</time>
   </trkpt>
   <trkpt lat="-8.035238" lon="-34.88768">
    <ele>10.2</ele>
    <time>2019-09-19T23:46:53.000Z</time>
   </trkpt>
   <trkpt lat="-8.035277" lon="-34.887729">
    <ele>10.2</ele>
    <time>2019-09-19T23:46:54.000Z</time>
   </trkpt>
   <trkpt lat="-8.03531" lon="-34.887781">
    <ele>10.2</ele>
    <time>2019-09-19T23:46:55.000Z</time>
   </trkpt>
   <trkpt lat="-8.035339" lon="-34.887828">
    <ele>10.2</ele>
    <time>2019-09-19T23:46:56.000Z</time>
   </trkpt>
   <trkpt lat="-8.035346" lon="-34.887863">
    <ele>10.2</ele>
    <time>2019-09-19T23:46:57.000Z</time>
   </trkpt>
   <trkpt lat="-8.035363" lon="-34.887914">
    <ele>10.1</ele>
    <time>2019-09-19T23:46:58.000Z</time>
   </trkpt>
   <trkpt lat="-8.035379" lon="-34.887961">
    <ele>10.1</ele>
    <time>2019-09-19T23:46:59.000Z</time>
   </trkpt>
   <trkpt lat="-8.035395" lon="-34.888006">
    <ele>10</ele>
    <time>2019-09-19T23:47:00.000Z</time>
   </trkpt>
   <trkpt lat="-8.035412" lon="-34.888047">
    <ele>10</ele>
    <time>2019-09-19T23:47:01.000Z</time>
   </trkpt>
   <trkpt lat="-8.035431" lon="-34.888083">
    <ele>10</ele>
    <time>2019-09-19T23:47:02.000Z</time>
   </trkpt>
   <trkpt lat="-8.035447" lon="-34.888117">
    <ele>10</ele>
    <time>2019-09-19T23:47:03.000Z</time>
   </trkpt>
   <trkpt lat="-8.035478" lon="-34.888161">
    <ele>10</ele>
    <time>2019-09-19T23:47:04.000Z</time>
   </trkpt>
   <trkpt lat="-8.035507" lon="-34.888206">
    <ele>10.2</ele>
    <time>2019-09-19T23:47:05.000Z</time>
   </trkpt>
   <trkpt lat="-8.035534" lon="-34.88825">
    <ele>10.3</ele>
    <time>2019-09-19T23:47:06.000Z</time>
   </trkpt>
   <trkpt lat="-8.035569" lon="-34.888284">
    <ele>10.5</ele>
    <time>2019-09-19T23:47:07.000Z</time>
   </trkpt>
   <trkpt lat="-8.035586" lon="-34.888317">
    <ele>10.6</ele>
    <time>2019-09-19T23:47:08.000Z</time>
   </trkpt>
   <trkpt lat="-8.035605" lon="-34.888351">
    <ele>10.7</ele>
    <time>2019-09-19T23:47:09.000Z</time>
   </trkpt>
   <trkpt lat="-8.035626" lon="-34.888376">
    <ele>10.7</ele>
    <time>2019-09-19T23:47:10.000Z</time>
   </trkpt>
   <trkpt lat="-8.03566" lon="-34.888431">
    <ele>10.8</ele>
    <time>2019-09-19T23:47:12.000Z</time>
   </trkpt>
   <trkpt lat="-8.035677" lon="-34.888461">
    <ele>10.8</ele>
    <time>2019-09-19T23:47:13.000Z</time>
   </trkpt>
   <trkpt lat="-8.035688" lon="-34.888494">
    <ele>10.9</ele>
    <time>2019-09-19T23:47:15.000Z</time>
   </trkpt>
   <trkpt lat="-8.0357" lon="-34.888533">
    <ele>11</ele>
    <time>2019-09-19T23:47:17.000Z</time>
   </trkpt>
   <trkpt lat="-8.035729" lon="-34.888566">
    <ele>11.1</ele>
    <time>2019-09-19T23:47:19.000Z</time>
   </trkpt>
   <trkpt lat="-8.035747" lon="-34.888589">
    <ele>11.2</ele>
    <time>2019-09-19T23:47:20.000Z</time>
   </trkpt>
   <trkpt lat="-8.035766" lon="-34.888613">
    <ele>11.3</ele>
    <time>2019-09-19T23:47:21.000Z</time>
   </trkpt>
   <trkpt lat="-8.035785" lon="-34.888642">
    <ele>11.4</ele>
    <time>2019-09-19T23:47:22.000Z</time>
   </trkpt>
   <trkpt lat="-8.035805" lon="-34.88868">
    <ele>11.5</ele>
    <time>2019-09-19T23:47:23.000Z</time>
   </trkpt>
   <trkpt lat="-8.035825" lon="-34.888718">
    <ele>11.6</ele>
    <time>2019-09-19T23:47:24.000Z</time>
   </trkpt>
   <trkpt lat="-8.035845" lon="-34.888753">
    <ele>11.7</ele>
    <time>2019-09-19T23:47:25.000Z</time>
   </trkpt>
   <trkpt lat="-8.035869" lon="-34.888788">
    <ele>11.9</ele>
    <time>2019-09-19T23:47:26.000Z</time>
   </trkpt>
   <trkpt lat="-8.035899" lon="-34.88883">
    <ele>12</ele>
    <time>2019-09-19T23:47:27.000Z</time>
   </trkpt>
   <trkpt lat="-8.035926" lon="-34.888884">
    <ele>12.2</ele>
    <time>2019-09-19T23:47:28.000Z</time>
   </trkpt>
   <trkpt lat="-8.035962" lon="-34.888931">
    <ele>12.3</ele>
    <time>2019-09-19T23:47:29.000Z</time>
   </trkpt>
   <trkpt lat="-8.035989" lon="-34.888978">
    <ele>12.5</ele>
    <time>2019-09-19T23:47:30.000Z</time>
   </trkpt>
   <trkpt lat="-8.036022" lon="-34.889017">
    <ele>12.6</ele>
    <time>2019-09-19T23:47:31.000Z</time>
   </trkpt>
   <trkpt lat="-8.03605" lon="-34.889072">
    <ele>12.8</ele>
    <time>2019-09-19T23:47:32.000Z</time>
   </trkpt>
   <trkpt lat="-8.036082" lon="-34.889125">
    <ele>13</ele>
    <time>2019-09-19T23:47:33.000Z</time>
   </trkpt>
   <trkpt lat="-8.03611" lon="-34.889175">
    <ele>13.2</ele>
    <time>2019-09-19T23:47:34.000Z</time>
   </trkpt>
   <trkpt lat="-8.036153" lon="-34.889228">
    <ele>13.5</ele>
    <time>2019-09-19T23:47:35.000Z</time>
   </trkpt>
   <trkpt lat="-8.036175" lon="-34.889275">
    <ele>13.6</ele>
    <time>2019-09-19T23:47:36.000Z</time>
   </trkpt>
   <trkpt lat="-8.036208" lon="-34.889318">
    <ele>13.8</ele>
    <time>2019-09-19T23:47:37.000Z</time>
   </trkpt>
   <trkpt lat="-8.036235" lon="-34.889357">
    <ele>14</ele>
    <time>2019-09-19T23:47:38.000Z</time>
   </trkpt>
   <trkpt lat="-8.036259" lon="-34.889402">
    <ele>13.7</ele>
    <time>2019-09-19T23:47:39.000Z</time>
   </trkpt>
   <trkpt lat="-8.036286" lon="-34.889453">
    <ele>13.3</ele>
    <time>2019-09-19T23:47:40.000Z</time>
   </trkpt>
   <trkpt lat="-8.036312" lon="-34.88951">
    <ele>12.8</ele>
    <time>2019-09-19T23:47:41.000Z</time>
   </trkpt>
   <trkpt lat="-8.036333" lon="-34.889554">
    <ele>12.5</ele>
    <time>2019-09-19T23:47:42.000Z</time>
   </trkpt>
   <trkpt lat="-8.036359" lon="-34.889598">
    <ele>12.1</ele>
    <time>2019-09-19T23:47:43.000Z</time>
   </trkpt>
   <trkpt lat="-8.036391" lon="-34.889635">
    <ele>11.8</ele>
    <time>2019-09-19T23:47:44.000Z</time>
   </trkpt>
   <trkpt lat="-8.036409" lon="-34.889679">
    <ele>11.6</ele>
    <time>2019-09-19T23:47:45.000Z</time>
   </trkpt>
   <trkpt lat="-8.036442" lon="-34.889725">
    <ele>11.4</ele>
    <time>2019-09-19T23:47:46.000Z</time>
   </trkpt>
   <trkpt lat="-8.03648" lon="-34.889776">
    <ele>11.2</ele>
    <time>2019-09-19T23:47:47.000Z</time>
   </trkpt>
   <trkpt lat="-8.036516" lon="-34.889824">
    <ele>11</ele>
    <time>2019-09-19T23:47:48.000Z</time>
   </trkpt>
   <trkpt lat="-8.036553" lon="-34.88987">
    <ele>10.8</ele>
    <time>2019-09-19T23:47:49.000Z</time>
   </trkpt>
   <trkpt lat="-8.036578" lon="-34.889912">
    <ele>11.1</ele>
    <time>2019-09-19T23:47:50.000Z</time>
   </trkpt>
   <trkpt lat="-8.036608" lon="-34.889943">
    <ele>11.4</ele>
    <time>2019-09-19T23:47:51.000Z</time>
   </trkpt>
   <trkpt lat="-8.036634" lon="-34.88998">
    <ele>11.7</ele>
    <time>2019-09-19T23:47:52.000Z</time>
   </trkpt>
   <trkpt lat="-8.03666" lon="-34.890023">
    <ele>12</ele>
    <time>2019-09-19T23:47:54.000Z</time>
   </trkpt>
   <trkpt lat="-8.036665" lon="-34.890062">
    <ele>12.2</ele>
    <time>2019-09-19T23:47:55.000Z</time>
   </trkpt>
   <trkpt lat="-8.036685" lon="-34.890104">
    <ele>12.5</ele>
    <time>2019-09-19T23:47:56.000Z</time>
   </trkpt>
   <trkpt lat="-8.036705" lon="-34.890143">
    <ele>12.7</ele>
    <time>2019-09-19T23:47:57.000Z</time>
   </trkpt>
   <trkpt lat="-8.036729" lon="-34.890177">
    <ele>12.9</ele>
    <time>2019-09-19T23:47:58.000Z</time>
   </trkpt>
   <trkpt lat="-8.036752" lon="-34.890222">
    <ele>13.1</ele>
    <time>2019-09-19T23:47:59.000Z</time>
   </trkpt>
   <trkpt lat="-8.036787" lon="-34.890253">
    <ele>13.3</ele>
    <time>2019-09-19T23:48:00.000Z</time>
   </trkpt>
   <trkpt lat="-8.03681" lon="-34.890281">
    <ele>13.3</ele>
    <time>2019-09-19T23:48:01.000Z</time>
   </trkpt>
   <trkpt lat="-8.036827" lon="-34.890316">
    <ele>13</ele>
    <time>2019-09-19T23:48:02.000Z</time>
   </trkpt>
   <trkpt lat="-8.036848" lon="-34.890352">
    <ele>12.6</ele>
    <time>2019-09-19T23:48:03.000Z</time>
   </trkpt>
   <trkpt lat="-8.036879" lon="-34.890384">
    <ele>12.3</ele>
    <time>2019-09-19T23:48:04.000Z</time>
   </trkpt>
   <trkpt lat="-8.036896" lon="-34.890407">
    <ele>12</ele>
    <time>2019-09-19T23:48:05.000Z</time>
   </trkpt>
   <trkpt lat="-8.036915" lon="-34.890426">
    <ele>11.8</ele>
    <time>2019-09-19T23:48:06.000Z</time>
   </trkpt>
   <trkpt lat="-8.036959" lon="-34.890468">
    <ele>11.3</ele>
    <time>2019-09-19T23:48:08.000Z</time>
   </trkpt>
   <trkpt lat="-8.036977" lon="-34.890498">
    <ele>11</ele>
    <time>2019-09-19T23:48:10.000Z</time>
   </trkpt>
   <trkpt lat="-8.037008" lon="-34.890529">
    <ele>10.7</ele>
    <time>2019-09-19T23:48:12.000Z</time>
   </trkpt>
   <trkpt lat="-8.037024" lon="-34.890561">
    <ele>10.4</ele>
    <time>2019-09-19T23:48:13.000Z</time>
   </trkpt>
   <trkpt lat="-8.037034" lon="-34.890596">
    <ele>10.2</ele>
    <time>2019-09-19T23:48:14.000Z</time>
   </trkpt>
   <trkpt lat="-8.037046" lon="-34.890621">
    <ele>10</ele>
    <time>2019-09-19T23:48:15.000Z</time>
   </trkpt>
   <trkpt lat="-8.037053" lon="-34.890652">
    <ele>9.8</ele>
    <time>2019-09-19T23:48:16.000Z</time>
   </trkpt>
   <trkpt lat="-8.037058" lon="-34.890686">
    <ele>9.6</ele>
    <time>2019-09-19T23:48:17.000Z</time>
   </trkpt>
   <trkpt lat="-8.037071" lon="-34.890714">
    <ele>9.4</ele>
    <time>2019-09-19T23:48:18.000Z</time>
   </trkpt>
   <trkpt lat="-8.037079" lon="-34.890744">
    <ele>9.3</ele>
    <time>2019-09-19T23:48:19.000Z</time>
   </trkpt>
   <trkpt lat="-8.037103" lon="-34.890767">
    <ele>9.1</ele>
    <time>2019-09-19T23:48:20.000Z</time>
   </trkpt>
   <trkpt lat="-8.037104" lon="-34.890802">
    <ele>8.9</ele>
    <time>2019-09-19T23:48:21.000Z</time>
   </trkpt>
   <trkpt lat="-8.037127" lon="-34.890828">
    <ele>8.7</ele>
    <time>2019-09-19T23:48:22.000Z</time>
   </trkpt>
   <trkpt lat="-8.037142" lon="-34.890856">
    <ele>8.5</ele>
    <time>2019-09-19T23:48:23.000Z</time>
   </trkpt>
   <trkpt lat="-8.037158" lon="-34.890886">
    <ele>8.3</ele>
    <time>2019-09-19T23:48:24.000Z</time>
   </trkpt>
   <trkpt lat="-8.03715" lon="-34.890913">
    <ele>8.1</ele>
    <time>2019-09-19T23:48:25.000Z</time>
   </trkpt>
   <trkpt lat="-8.037144" lon="-34.89094">
    <ele>7.9</ele>
    <time>2019-09-19T23:48:26.000Z</time>
   </trkpt>
   <trkpt lat="-8.037122" lon="-34.89097">
    <ele>7</ele>
    <time>2019-09-19T23:48:27.000Z</time>
   </trkpt>
   <trkpt lat="-8.037107" lon="-34.891001">
    <ele>7</ele>
    <time>2019-09-19T23:48:28.000Z</time>
   </trkpt>
   <trkpt lat="-8.037099" lon="-34.89104">
    <ele>6.9</ele>
    <time>2019-09-19T23:48:29.000Z</time>
   </trkpt>
   <trkpt lat="-8.037105" lon="-34.891067">
    <ele>7.4</ele>
    <time>2019-09-19T23:48:30.000Z</time>
   </trkpt>
   <trkpt lat="-8.037137" lon="-34.891104">
    <ele>7.3</ele>
    <time>2019-09-19T23:48:32.000Z</time>
   </trkpt>
   <trkpt lat="-8.037169" lon="-34.891126">
    <ele>7.1</ele>
    <time>2019-09-19T23:48:33.000Z</time>
   </trkpt>
   <trkpt lat="-8.037205" lon="-34.891143">
    <ele>7.6</ele>
    <time>2019-09-19T23:48:34.000Z</time>
   </trkpt>
   <trkpt lat="-8.037237" lon="-34.891161">
    <ele>8</ele>
    <time>2019-09-19T23:48:35.000Z</time>
   </trkpt>
   <trkpt lat="-8.037276" lon="-34.891185">
    <ele>8.4</ele>
    <time>2019-09-19T23:48:36.000Z</time>
   </trkpt>
   <trkpt lat="-8.037304" lon="-34.891205">
    <ele>8.8</ele>
    <time>2019-09-19T23:48:37.000Z</time>
   </trkpt>
   <trkpt lat="-8.037328" lon="-34.891221">
    <ele>9.1</ele>
    <time>2019-09-19T23:48:38.000Z</time>
   </trkpt>
   <trkpt lat="-8.037357" lon="-34.891237">
    <ele>9.4</ele>
    <time>2019-09-19T23:48:39.000Z</time>
   </trkpt>
   <trkpt lat="-8.037388" lon="-34.891258">
    <ele>9.7</ele>
    <time>2019-09-19T23:48:40.000Z</time>
   </trkpt>
   <trkpt lat="-8.03742" lon="-34.891279">
    <ele>10</ele>
    <time>2019-09-19T23:48:41.000Z</time>
   </trkpt>
   <trkpt lat="-8.037452" lon="-34.891301">
    <ele>10.2</ele>
    <time>2019-09-19T23:48:42.000Z</time>
   </trkpt>
   <trkpt lat="-8.037493" lon="-34.891331">
    <ele>10.5</ele>
    <time>2019-09-19T23:48:44.000Z</time>
   </trkpt>
   <trkpt lat="-8.037524" lon="-34.891354">
    <ele>10.7</ele>
    <time>2019-09-19T23:48:45.000Z</time>
   </trkpt>
   <trkpt lat="-8.03756" lon="-34.891376">
    <ele>10.9</ele>
    <time>2019-09-19T23:48:46.000Z</time>
   </trkpt>
   <trkpt lat="-8.037596" lon="-34.891408">
    <ele>11.1</ele>
    <time>2019-09-19T23:48:47.000Z</time>
   </trkpt>
   <trkpt lat="-8.037632" lon="-34.891429">
    <ele>11.3</ele>
    <time>2019-09-19T23:48:48.000Z</time>
   </trkpt>
   <trkpt lat="-8.037662" lon="-34.891452">
    <ele>11.5</ele>
    <time>2019-09-19T23:48:49.000Z</time>
   </trkpt>
   <trkpt lat="-8.03769" lon="-34.891469">
    <ele>11.6</ele>
    <time>2019-09-19T23:48:50.000Z</time>
   </trkpt>
   <trkpt lat="-8.037721" lon="-34.891485">
    <ele>11.8</ele>
    <time>2019-09-19T23:48:51.000Z</time>
   </trkpt>
   <trkpt lat="-8.037753" lon="-34.891499">
    <ele>11.9</ele>
    <time>2019-09-19T23:48:52.000Z</time>
   </trkpt>
   <trkpt lat="-8.03778" lon="-34.891516">
    <ele>12</ele>
    <time>2019-09-19T23:48:53.000Z</time>
   </trkpt>
   <trkpt lat="-8.037785" lon="-34.891545">
    <ele>12.1</ele>
    <time>2019-09-19T23:48:54.000Z</time>
   </trkpt>
   <trkpt lat="-8.037772" lon="-34.891572">
    <ele>12.1</ele>
    <time>2019-09-19T23:48:55.000Z</time>
   </trkpt>
   <trkpt lat="-8.037753" lon="-34.891606">
    <ele>11.8</ele>
    <time>2019-09-19T23:48:56.000Z</time>
   </trkpt>
   <trkpt lat="-8.037732" lon="-34.891641">
    <ele>11.4</ele>
    <time>2019-09-19T23:48:57.000Z</time>
   </trkpt>
   <trkpt lat="-8.037714" lon="-34.891675">
    <ele>11.1</ele>
    <time>2019-09-19T23:48:58.000Z</time>
   </trkpt>
   <trkpt lat="-8.037692" lon="-34.891708">
    <ele>10.9</ele>
    <time>2019-09-19T23:48:59.000Z</time>
   </trkpt>
   <trkpt lat="-8.037672" lon="-34.891749">
    <ele>10.6</ele>
    <time>2019-09-19T23:49:00.000Z</time>
   </trkpt>
   <trkpt lat="-8.037648" lon="-34.891776">
    <ele>10.4</ele>
    <time>2019-09-19T23:49:01.000Z</time>
   </trkpt>
   <trkpt lat="-8.037622" lon="-34.891811">
    <ele>10.2</ele>
    <time>2019-09-19T23:49:02.000Z</time>
   </trkpt>
   <trkpt lat="-8.037595" lon="-34.89185">
    <ele>10.1</ele>
    <time>2019-09-19T23:49:03.000Z</time>
   </trkpt>
   <trkpt lat="-8.037558" lon="-34.891895">
    <ele>10</ele>
    <time>2019-09-19T23:49:04.000Z</time>
   </trkpt>
   <trkpt lat="-8.037527" lon="-34.891927">
    <ele>10</ele>
    <time>2019-09-19T23:49:05.000Z</time>
   </trkpt>
   <trkpt lat="-8.037503" lon="-34.89197">
    <ele>9.5</ele>
    <time>2019-09-19T23:49:06.000Z</time>
   </trkpt>
   <trkpt lat="-8.037479" lon="-34.892012">
    <ele>9.2</ele>
    <time>2019-09-19T23:49:07.000Z</time>
   </trkpt>
   <trkpt lat="-8.03746" lon="-34.892068">
    <ele>8.9</ele>
    <time>2019-09-19T23:49:08.000Z</time>
   </trkpt>
   <trkpt lat="-8.037453" lon="-34.892121">
    <ele>8.6</ele>
    <time>2019-09-19T23:49:09.000Z</time>
   </trkpt>
   <trkpt lat="-8.037451" lon="-34.892177">
    <ele>8.8</ele>
    <time>2019-09-19T23:49:10.000Z</time>
   </trkpt>
   <trkpt lat="-8.037445" lon="-34.892227">
    <ele>9</ele>
    <time>2019-09-19T23:49:11.000Z</time>
   </trkpt>
   <trkpt lat="-8.037434" lon="-34.892272">
    <ele>9.1</ele>
    <time>2019-09-19T23:49:12.000Z</time>
   </trkpt>
   <trkpt lat="-8.03744" lon="-34.892314">
    <ele>9.3</ele>
    <time>2019-09-19T23:49:13.000Z</time>
   </trkpt>
   <trkpt lat="-8.037441" lon="-34.892358">
    <ele>9.5</ele>
    <time>2019-09-19T23:49:14.000Z</time>
   </trkpt>
   <trkpt lat="-8.037439" lon="-34.892398">
    <ele>9.6</ele>
    <time>2019-09-19T23:49:15.000Z</time>
   </trkpt>
   <trkpt lat="-8.037439" lon="-34.89243">
    <ele>9.7</ele>
    <time>2019-09-19T23:49:16.000Z</time>
   </trkpt>
   <trkpt lat="-8.037434" lon="-34.892469">
    <ele>9.9</ele>
    <time>2019-09-19T23:49:17.000Z</time>
   </trkpt>
   <trkpt lat="-8.03743" lon="-34.892508">
    <ele>10</ele>
    <time>2019-09-19T23:49:18.000Z</time>
   </trkpt>
   <trkpt lat="-8.03742" lon="-34.892546">
    <ele>10.1</ele>
    <time>2019-09-19T23:49:19.000Z</time>
   </trkpt>
   <trkpt lat="-8.037413" lon="-34.892596">
    <ele>10.3</ele>
    <time>2019-09-19T23:49:20.000Z</time>
   </trkpt>
   <trkpt lat="-8.037407" lon="-34.892648">
    <ele>10.4</ele>
    <time>2019-09-19T23:49:21.000Z</time>
   </trkpt>
   <trkpt lat="-8.037401" lon="-34.892693">
    <ele>10.4</ele>
    <time>2019-09-19T23:49:22.000Z</time>
   </trkpt>
   <trkpt lat="-8.037391" lon="-34.892721">
    <ele>10.4</ele>
    <time>2019-09-19T23:49:23.000Z</time>
   </trkpt>
   <trkpt lat="-8.037388" lon="-34.892755">
    <ele>10.4</ele>
    <time>2019-09-19T23:49:24.000Z</time>
   </trkpt>
   <trkpt lat="-8.03739" lon="-34.892806">
    <ele>10.3</ele>
    <time>2019-09-19T23:49:25.000Z</time>
   </trkpt>
   <trkpt lat="-8.037367" lon="-34.892823">
    <ele>10</ele>
    <time>2019-09-19T23:49:26.000Z</time>
   </trkpt>
   <trkpt lat="-8.037339" lon="-34.892843">
    <ele>10</ele>
    <time>2019-09-19T23:49:27.000Z</time>
   </trkpt>
   <trkpt lat="-8.037296" lon="-34.892847">
    <ele>10</ele>
    <time>2019-09-19T23:49:29.000Z</time>
   </trkpt>
   <trkpt lat="-8.037271" lon="-34.892835">
    <ele>10</ele>
    <time>2019-09-19T23:49:30.000Z</time>
   </trkpt>
   <trkpt lat="-8.03724" lon="-34.892814">
    <ele>10</ele>
    <time>2019-09-19T23:49:31.000Z</time>
   </trkpt>
   <trkpt lat="-8.037205" lon="-34.892797">
    <ele>10</ele>
    <time>2019-09-19T23:49:32.000Z</time>
   </trkpt>
   <trkpt lat="-8.037166" lon="-34.892777">
    <ele>10</ele>
    <time>2019-09-19T23:49:33.000Z</time>
   </trkpt>
   <trkpt lat="-8.03712" lon="-34.892762">
    <ele>10</ele>
    <time>2019-09-19T23:49:34.000Z</time>
   </trkpt>
   <trkpt lat="-8.037088" lon="-34.892725">
    <ele>10</ele>
    <time>2019-09-19T23:49:35.000Z</time>
   </trkpt>
   <trkpt lat="-8.037048" lon="-34.892714">
    <ele>10</ele>
    <time>2019-09-19T23:49:36.000Z</time>
   </trkpt>
   <trkpt lat="-8.037008" lon="-34.8927">
    <ele>10</ele>
    <time>2019-09-19T23:49:37.000Z</time>
   </trkpt>
   <trkpt lat="-8.036975" lon="-34.892693">
    <ele>10</ele>
    <time>2019-09-19T23:49:38.000Z</time>
   </trkpt>
   <trkpt lat="-8.036935" lon="-34.892676">
    <ele>10</ele>
    <time>2019-09-19T23:49:39.000Z</time>
   </trkpt>
   <trkpt lat="-8.036887" lon="-34.892687">
    <ele>10</ele>
    <time>2019-09-19T23:49:41.000Z</time>
   </trkpt>
   <trkpt lat="-8.036858" lon="-34.892714">
    <ele>10</ele>
    <time>2019-09-19T23:49:42.000Z</time>
   </trkpt>
   <trkpt lat="-8.036827" lon="-34.89274">
    <ele>10</ele>
    <time>2019-09-19T23:49:44.000Z</time>
   </trkpt>
   <trkpt lat="-8.036828" lon="-34.892783">
    <ele>10</ele>
    <time>2019-09-19T23:49:46.000Z</time>
   </trkpt>
   <trkpt lat="-8.036817" lon="-34.89282">
    <ele>9.8</ele>
    <time>2019-09-19T23:49:48.000Z</time>
   </trkpt>
  </trkseg>
 </trk>
</gpx>
