<?xml version="1.0" encoding="UTF-8"?>
<gpx creator="StravaGPX" version="1.1" xmlns="http://www.topografix.com/GPX/1/1">
 <metadata>
  <time>2025-06-15T07:48:19Z</time>
 </metadata>
 <trk>
  <name>Morning Ride</name>
  <type>1</type>
  <trkseg>
   <trkpt lat="52.493599" lon="13.462255">
    <ele>36.8</ele>
    <time>2025-06-15T07:48:19.000Z</time>
   </trkpt>
   <trkpt lat="52.493599" lon="13.462255">
    <ele>37.8</ele>
    <time>2025-06-15T07:48:20.000Z</time>
   </trkpt>
   <trkpt lat="52.493599" lon="13.462231">
    <ele>37.8</ele>
    <time>2025-06-15T07:48:57.000Z</time>
   </trkpt>
   <trkpt lat="52.493587" lon="13.462222">
    <ele>37.8</ele>
    <time>2025-06-15T07:48:58.000Z</time>
   </trkpt>
   <trkpt lat="52.493558" lon="13.462201">
    <ele>38</ele>
    <time>2025-06-15T07:49:00.000Z</time>
   </trkpt>
   <trkpt lat="52.493493" lon="13.462166">
    <ele>38</ele>
    <time>2025-06-15T07:49:06.000Z</time>
   </trkpt>
   <trkpt lat="52.493477" lon="13.462157">
    <ele>38</ele>
    <time>2025-06-15T07:49:08.000Z</time>
   </trkpt>
   <trkpt lat="52.493414" lon="13.462093">
    <ele>37.8</ele>
    <time>2025-06-15T07:49:12.000Z</time>
   </trkpt>
   <trkpt lat="52.493307" lon="13.461972">
    <ele>37.4</ele>
    <time>2025-06-15T07:49:18.000Z</time>
   </trkpt>
   <trkpt lat="52.493208" lon="13.461875">
    <ele>37.2</ele>
    <time>2025-06-15T07:49:23.000Z</time>
   </trkpt>
   <trkpt lat="52.493173" lon="13.461834">
    <ele>37.2</ele>
    <time>2025-06-15T07:49:25.000Z</time>
   </trkpt>
   <trkpt lat="52.49304" lon="13.461716">
    <ele>36.8</ele>
    <time>2025-06-15T07:49:30.000Z</time>
   </trkpt>
   <trkpt lat="52.492967" lon="13.461638">
    <ele>36.6</ele>
    <time>2025-06-15T07:49:33.000Z</time>
   </trkpt>
   <trkpt lat="52.49287" lon="13.461541">
    <ele>36.6</ele>
    <time>2025-06-15T07:49:37.000Z</time>
   </trkpt>
   <trkpt lat="52.492847" lon="13.461519">
    <ele>36.6</ele>
    <time>2025-06-15T07:49:38.000Z</time>
   </trkpt>
   <trkpt lat="52.492741" lon="13.461429">
    <ele>36.8</ele>
    <time>2025-06-15T07:49:42.000Z</time>
   </trkpt>
   <trkpt lat="52.492596" lon="13.461321">
    <ele>36.6</ele>
    <time>2025-06-15T07:49:48.000Z</time>
   </trkpt>
   <trkpt lat="52.492468" lon="13.461207">
    <ele>36.8</ele>
    <time>2025-06-15T07:49:55.000Z</time>
   </trkpt>
   <trkpt lat="52.492451" lon="13.461185">
    <ele>37</ele>
    <time>2025-06-15T07:49:57.000Z</time>
   </trkpt>
   <trkpt lat="52.492442" lon="13.461162">
    <ele>37</ele>
    <time>2025-06-15T07:49:59.000Z</time>
   </trkpt>
   <trkpt lat="52.492357" lon="13.461058">
    <ele>37</ele>
    <time>2025-06-15T07:50:04.000Z</time>
   </trkpt>
   <trkpt lat="52.492233" lon="13.460985">
    <ele>37</ele>
    <time>2025-06-15T07:50:09.000Z</time>
   </trkpt>
   <trkpt lat="52.492196" lon="13.461093">
    <ele>36.8</ele>
    <time>2025-06-15T07:50:13.000Z</time>
   </trkpt>
   <trkpt lat="52.492185" lon="13.461141">
    <ele>36.8</ele>
    <time>2025-06-15T07:50:15.000Z</time>
   </trkpt>
   <trkpt lat="52.492165" lon="13.461225">
    <ele>37</ele>
    <time>2025-06-15T07:50:18.000Z</time>
   </trkpt>
   <trkpt lat="52.492122" lon="13.461322">
    <ele>37</ele>
    <time>2025-06-15T07:50:21.000Z</time>
   </trkpt>
   <trkpt lat="52.492096" lon="13.461394">
    <ele>37</ele>
    <time>2025-06-15T07:50:23.000Z</time>
   </trkpt>
   <trkpt lat="52.492032" lon="13.46162">
    <ele>37.2</ele>
    <time>2025-06-15T07:50:29.000Z</time>
   </trkpt>
   <trkpt lat="52.492011" lon="13.461686">
    <ele>37.2</ele>
    <time>2025-06-15T07:50:32.000Z</time>
   </trkpt>
   <trkpt lat="52.491991" lon="13.461767">
    <ele>37.2</ele>
    <time>2025-06-15T07:50:34.000Z</time>
   </trkpt>
   <trkpt lat="52.491984" lon="13.461807">
    <ele>37.4</ele>
    <time>2025-06-15T07:50:35.000Z</time>
   </trkpt>
   <trkpt lat="52.491955" lon="13.461938">
    <ele>37.6</ele>
    <time>2025-06-15T07:50:38.000Z</time>
   </trkpt>
   <trkpt lat="52.491845" lon="13.462364">
    <ele>37.6</ele>
    <time>2025-06-15T07:50:45.000Z</time>
   </trkpt>
   <trkpt lat="52.491818" lon="13.462502">
    <ele>37.6</ele>
    <time>2025-06-15T07:50:47.000Z</time>
   </trkpt>
   <trkpt lat="52.491775" lon="13.462677">
    <ele>37.6</ele>
    <time>2025-06-15T07:50:50.000Z</time>
   </trkpt>
   <trkpt lat="52.491743" lon="13.462822">
    <ele>37.6</ele>
    <time>2025-06-15T07:50:52.000Z</time>
   </trkpt>
   <trkpt lat="52.491706" lon="13.462983">
    <ele>37.6</ele>
    <time>2025-06-15T07:50:54.000Z</time>
   </trkpt>
   <trkpt lat="52.491649" lon="13.46317">
    <ele>37.6</ele>
    <time>2025-06-15T07:50:56.000Z</time>
   </trkpt>
   <trkpt lat="52.491609" lon="13.463254">
    <ele>37.6</ele>
    <time>2025-06-15T07:50:57.000Z</time>
   </trkpt>
   <trkpt lat="52.491559" lon="13.463373">
    <ele>37.4</ele>
    <time>2025-06-15T07:50:59.000Z</time>
   </trkpt>
   <trkpt lat="52.491481" lon="13.463517">
    <ele>37.4</ele>
    <time>2025-06-15T07:51:01.000Z</time>
   </trkpt>
   <trkpt lat="52.49147" lon="13.463587">
    <ele>37.4</ele>
    <time>2025-06-15T07:51:02.000Z</time>
   </trkpt>
   <trkpt lat="52.491429" lon="13.463776">
    <ele>37.2</ele>
    <time>2025-06-15T07:51:04.000Z</time>
   </trkpt>
   <trkpt lat="52.491393" lon="13.46388">
    <ele>37.2</ele>
    <time>2025-06-15T07:51:05.000Z</time>
   </trkpt>
   <trkpt lat="52.491375" lon="13.463972">
    <ele>37.2</ele>
    <time>2025-06-15T07:51:06.000Z</time>
   </trkpt>
   <trkpt lat="52.491325" lon="13.464103">
    <ele>37.2</ele>
    <time>2025-06-15T07:51:08.000Z</time>
   </trkpt>
   <trkpt lat="52.491299" lon="13.464188">
    <ele>37.2</ele>
    <time>2025-06-15T07:51:09.000Z</time>
   </trkpt>
   <trkpt lat="52.491251" lon="13.46432">
    <ele>37.2</ele>
    <time>2025-06-15T07:51:11.000Z</time>
   </trkpt>
   <trkpt lat="52.491227" lon="13.464408">
    <ele>37.2</ele>
    <time>2025-06-15T07:51:13.000Z</time>
   </trkpt>
   <trkpt lat="52.491201" lon="13.464482">
    <ele>37.2</ele>
    <time>2025-06-15T07:51:15.000Z</time>
   </trkpt>
   <trkpt lat="52.491133" lon="13.464678">
    <ele>37.2</ele>
    <time>2025-06-15T07:51:18.000Z</time>
   </trkpt>
   <trkpt lat="52.491106" lon="13.46475">
    <ele>37.2</ele>
    <time>2025-06-15T07:51:19.000Z</time>
   </trkpt>
   <trkpt lat="52.49105" lon="13.464967">
    <ele>37.2</ele>
    <time>2025-06-15T07:51:22.000Z</time>
   </trkpt>
   <trkpt lat="52.491035" lon="13.465018">
    <ele>37.2</ele>
    <time>2025-06-15T07:51:23.000Z</time>
   </trkpt>
   <trkpt lat="52.490999" lon="13.465134">
    <ele>37.4</ele>
    <time>2025-06-15T07:51:25.000Z</time>
   </trkpt>
   <trkpt lat="52.490962" lon="13.465274">
    <ele>37.2</ele>
    <time>2025-06-15T07:51:27.000Z</time>
   </trkpt>
   <trkpt lat="52.490931" lon="13.465427">
    <ele>37.2</ele>
    <time>2025-06-15T07:51:29.000Z</time>
   </trkpt>
   <trkpt lat="52.490845" lon="13.465693">
    <ele>37.2</ele>
    <time>2025-06-15T07:51:33.000Z</time>
   </trkpt>
   <trkpt lat="52.490789" lon="13.465829">
    <ele>37.2</ele>
    <time>2025-06-15T07:51:35.000Z</time>
   </trkpt>
   <trkpt lat="52.490775" lon="13.465937">
    <ele>37</ele>
    <time>2025-06-15T07:51:37.000Z</time>
   </trkpt>
   <trkpt lat="52.490746" lon="13.466042">
    <ele>37</ele>
    <time>2025-06-15T07:51:39.000Z</time>
   </trkpt>
   <trkpt lat="52.490707" lon="13.466174">
    <ele>36.8</ele>
    <time>2025-06-15T07:51:41.000Z</time>
   </trkpt>
   <trkpt lat="52.490694" lon="13.466222">
    <ele>36.8</ele>
    <time>2025-06-15T07:51:42.000Z</time>
   </trkpt>
   <trkpt lat="52.490635" lon="13.466425">
    <ele>37</ele>
    <time>2025-06-15T07:51:46.000Z</time>
   </trkpt>
   <trkpt lat="52.490544" lon="13.466715">
    <ele>37.2</ele>
    <time>2025-06-15T07:51:52.000Z</time>
   </trkpt>
   <trkpt lat="52.490535" lon="13.466763">
    <ele>36.8</ele>
    <time>2025-06-15T07:51:53.000Z</time>
   </trkpt>
   <trkpt lat="52.490486" lon="13.466954">
    <ele>36.8</ele>
    <time>2025-06-15T07:51:56.000Z</time>
   </trkpt>
   <trkpt lat="52.49047" lon="13.467011">
    <ele>36.8</ele>
    <time>2025-06-15T07:51:57.000Z</time>
   </trkpt>
   <trkpt lat="52.490431" lon="13.467179">
    <ele>36.8</ele>
    <time>2025-06-15T07:52:00.000Z</time>
   </trkpt>
   <trkpt lat="52.490401" lon="13.467272">
    <ele>36.8</ele>
    <time>2025-06-15T07:52:02.000Z</time>
   </trkpt>
   <trkpt lat="52.490352" lon="13.46736">
    <ele>37</ele>
    <time>2025-06-15T07:52:03.000Z</time>
   </trkpt>
   <trkpt lat="52.490339" lon="13.467416">
    <ele>37</ele>
    <time>2025-06-15T07:52:04.000Z</time>
   </trkpt>
   <trkpt lat="52.490299" lon="13.467564">
    <ele>37</ele>
    <time>2025-06-15T07:52:06.000Z</time>
   </trkpt>
   <trkpt lat="52.49025" lon="13.467693">
    <ele>37</ele>
    <time>2025-06-15T07:52:08.000Z</time>
   </trkpt>
   <trkpt lat="52.490214" lon="13.467778">
    <ele>37</ele>
    <time>2025-06-15T07:52:09.000Z</time>
   </trkpt>
   <trkpt lat="52.490116" lon="13.468064">
    <ele>37</ele>
    <time>2025-06-15T07:52:12.000Z</time>
   </trkpt>
   <trkpt lat="52.490094" lon="13.468131">
    <ele>37</ele>
    <time>2025-06-15T07:52:13.000Z</time>
   </trkpt>
   <trkpt lat="52.490029" lon="13.468407">
    <ele>37.2</ele>
    <time>2025-06-15T07:52:17.000Z</time>
   </trkpt>
   <trkpt lat="52.49" lon="13.468496">
    <ele>37.2</ele>
    <time>2025-06-15T07:52:18.000Z</time>
   </trkpt>
   <trkpt lat="52.489986" lon="13.468567">
    <ele>37.2</ele>
    <time>2025-06-15T07:52:19.000Z</time>
   </trkpt>
   <trkpt lat="52.48995" lon="13.468756">
    <ele>37.4</ele>
    <time>2025-06-15T07:52:22.000Z</time>
   </trkpt>
   <trkpt lat="52.489919" lon="13.468817">
    <ele>37.2</ele>
    <time>2025-06-15T07:52:23.000Z</time>
   </trkpt>
   <trkpt lat="52.489892" lon="13.468869">
    <ele>37.2</ele>
    <time>2025-06-15T07:52:24.000Z</time>
   </trkpt>
   <trkpt lat="52.489837" lon="13.468961">
    <ele>37</ele>
    <time>2025-06-15T07:52:26.000Z</time>
   </trkpt>
   <trkpt lat="52.489795" lon="13.469024">
    <ele>37</ele>
    <time>2025-06-15T07:52:28.000Z</time>
   </trkpt>
   <trkpt lat="52.48972" lon="13.469285">
    <ele>37</ele>
    <time>2025-06-15T07:52:31.000Z</time>
   </trkpt>
   <trkpt lat="52.489668" lon="13.469415">
    <ele>36.8</ele>
    <time>2025-06-15T07:52:33.000Z</time>
   </trkpt>
   <trkpt lat="52.489607" lon="13.469529">
    <ele>36.8</ele>
    <time>2025-06-15T07:52:35.000Z</time>
   </trkpt>
   <trkpt lat="52.489555" lon="13.469769">
    <ele>37</ele>
    <time>2025-06-15T07:52:37.000Z</time>
   </trkpt>
   <trkpt lat="52.489529" lon="13.469847">
    <ele>37</ele>
    <time>2025-06-15T07:52:38.000Z</time>
   </trkpt>
   <trkpt lat="52.48952" lon="13.469902">
    <ele>37</ele>
    <time>2025-06-15T07:52:39.000Z</time>
   </trkpt>
   <trkpt lat="52.489513" lon="13.469973">
    <ele>37</ele>
    <time>2025-06-15T07:52:40.000Z</time>
   </trkpt>
   <trkpt lat="52.4895" lon="13.470041">
    <ele>37</ele>
    <time>2025-06-15T07:52:41.000Z</time>
   </trkpt>
   <trkpt lat="52.489479" lon="13.470263">
    <ele>36.8</ele>
    <time>2025-06-15T07:52:44.000Z</time>
   </trkpt>
   <trkpt lat="52.489461" lon="13.470325">
    <ele>37</ele>
    <time>2025-06-15T07:52:45.000Z</time>
   </trkpt>
   <trkpt lat="52.489368" lon="13.470477">
    <ele>37</ele>
    <time>2025-06-15T07:52:47.000Z</time>
   </trkpt>
   <trkpt lat="52.489339" lon="13.470609">
    <ele>37</ele>
    <time>2025-06-15T07:52:48.000Z</time>
   </trkpt>
   <trkpt lat="52.489289" lon="13.470807">
    <ele>37.2</ele>
    <time>2025-06-15T07:52:50.000Z</time>
   </trkpt>
   <trkpt lat="52.489233" lon="13.470996">
    <ele>37</ele>
    <time>2025-06-15T07:52:52.000Z</time>
   </trkpt>
   <trkpt lat="52.489182" lon="13.471078">
    <ele>37</ele>
    <time>2025-06-15T07:52:53.000Z</time>
   </trkpt>
   <trkpt lat="52.489152" lon="13.471161">
    <ele>37</ele>
    <time>2025-06-15T07:52:54.000Z</time>
   </trkpt>
   <trkpt lat="52.489106" lon="13.471474">
    <ele>36.8</ele>
    <time>2025-06-15T07:52:57.000Z</time>
   </trkpt>
   <trkpt lat="52.489073" lon="13.471594">
    <ele>36.8</ele>
    <time>2025-06-15T07:52:58.000Z</time>
   </trkpt>
   <trkpt lat="52.488977" lon="13.471746">
    <ele>36.8</ele>
    <time>2025-06-15T07:53:00.000Z</time>
   </trkpt>
   <trkpt lat="52.48893" lon="13.471812">
    <ele>36.8</ele>
    <time>2025-06-15T07:53:01.000Z</time>
   </trkpt>
   <trkpt lat="52.488866" lon="13.471992">
    <ele>37</ele>
    <time>2025-06-15T07:53:03.000Z</time>
   </trkpt>
   <trkpt lat="52.488819" lon="13.472167">
    <ele>37</ele>
    <time>2025-06-15T07:53:05.000Z</time>
   </trkpt>
   <trkpt lat="52.488807" lon="13.472233">
    <ele>37</ele>
    <time>2025-06-15T07:53:06.000Z</time>
   </trkpt>
   <trkpt lat="52.488801" lon="13.472313">
    <ele>37</ele>
    <time>2025-06-15T07:53:07.000Z</time>
   </trkpt>
   <trkpt lat="52.488777" lon="13.47243">
    <ele>37</ele>
    <time>2025-06-15T07:53:09.000Z</time>
   </trkpt>
   <trkpt lat="52.488715" lon="13.472587">
    <ele>37</ele>
    <time>2025-06-15T07:53:11.000Z</time>
   </trkpt>
   <trkpt lat="52.488693" lon="13.472678">
    <ele>37</ele>
    <time>2025-06-15T07:53:12.000Z</time>
   </trkpt>
   <trkpt lat="52.488664" lon="13.472876">
    <ele>37</ele>
    <time>2025-06-15T07:53:15.000Z</time>
   </trkpt>
   <trkpt lat="52.488651" lon="13.472938">
    <ele>37</ele>
    <time>2025-06-15T07:53:16.000Z</time>
   </trkpt>
   <trkpt lat="52.488633" lon="13.473074">
    <ele>37</ele>
    <time>2025-06-15T07:53:18.000Z</time>
   </trkpt>
   <trkpt lat="52.488632" lon="13.473178">
    <ele>37</ele>
    <time>2025-06-15T07:53:20.000Z</time>
   </trkpt>
   <trkpt lat="52.488546" lon="13.473379">
    <ele>37</ele>
    <time>2025-06-15T07:53:23.000Z</time>
   </trkpt>
   <trkpt lat="52.488516" lon="13.473431">
    <ele>37</ele>
    <time>2025-06-15T07:53:24.000Z</time>
   </trkpt>
   <trkpt lat="52.488501" lon="13.473503">
    <ele>37</ele>
    <time>2025-06-15T07:53:25.000Z</time>
   </trkpt>
   <trkpt lat="52.488476" lon="13.473575">
    <ele>37</ele>
    <time>2025-06-15T07:53:26.000Z</time>
   </trkpt>
   <trkpt lat="52.488466" lon="13.473632">
    <ele>37</ele>
    <time>2025-06-15T07:53:27.000Z</time>
   </trkpt>
   <trkpt lat="52.488437" lon="13.473693">
    <ele>37</ele>
    <time>2025-06-15T07:53:28.000Z</time>
   </trkpt>
   <trkpt lat="52.488404" lon="13.473758">
    <ele>37</ele>
    <time>2025-06-15T07:53:29.000Z</time>
   </trkpt>
   <trkpt lat="52.488358" lon="13.473901">
    <ele>36.8</ele>
    <time>2025-06-15T07:53:31.000Z</time>
   </trkpt>
   <trkpt lat="52.488348" lon="13.473982">
    <ele>37</ele>
    <time>2025-06-15T07:53:32.000Z</time>
   </trkpt>
   <trkpt lat="52.488303" lon="13.474189">
    <ele>37</ele>
    <time>2025-06-15T07:53:35.000Z</time>
   </trkpt>
   <trkpt lat="52.488232" lon="13.474529">
    <ele>36.8</ele>
    <time>2025-06-15T07:53:39.000Z</time>
   </trkpt>
   <trkpt lat="52.488181" lon="13.4747">
    <ele>37</ele>
    <time>2025-06-15T07:53:41.000Z</time>
   </trkpt>
   <trkpt lat="52.488094" lon="13.474951">
    <ele>37</ele>
    <time>2025-06-15T07:53:44.000Z</time>
   </trkpt>
   <trkpt lat="52.488056" lon="13.475094">
    <ele>37</ele>
    <time>2025-06-15T07:53:46.000Z</time>
   </trkpt>
   <trkpt lat="52.488006" lon="13.475239">
    <ele>36.8</ele>
    <time>2025-06-15T07:53:48.000Z</time>
   </trkpt>
   <trkpt lat="52.487957" lon="13.475404">
    <ele>36.8</ele>
    <time>2025-06-15T07:53:50.000Z</time>
   </trkpt>
   <trkpt lat="52.487916" lon="13.475513">
    <ele>36.8</ele>
    <time>2025-06-15T07:53:51.000Z</time>
   </trkpt>
   <trkpt lat="52.487897" lon="13.475582">
    <ele>37</ele>
    <time>2025-06-15T07:53:52.000Z</time>
   </trkpt>
   <trkpt lat="52.487835" lon="13.475804">
    <ele>37</ele>
    <time>2025-06-15T07:53:56.000Z</time>
   </trkpt>
   <trkpt lat="52.487811" lon="13.47587">
    <ele>37</ele>
    <time>2025-06-15T07:53:57.000Z</time>
   </trkpt>
   <trkpt lat="52.487777" lon="13.475937">
    <ele>37</ele>
    <time>2025-06-15T07:53:58.000Z</time>
   </trkpt>
   <trkpt lat="52.487684" lon="13.476184">
    <ele>37</ele>
    <time>2025-06-15T07:54:01.000Z</time>
   </trkpt>
   <trkpt lat="52.487629" lon="13.476307">
    <ele>37</ele>
    <time>2025-06-15T07:54:03.000Z</time>
   </trkpt>
   <trkpt lat="52.487557" lon="13.476471">
    <ele>37.2</ele>
    <time>2025-06-15T07:54:06.000Z</time>
   </trkpt>
   <trkpt lat="52.487498" lon="13.476543">
    <ele>37.2</ele>
    <time>2025-06-15T07:54:08.000Z</time>
   </trkpt>
   <trkpt lat="52.487412" lon="13.47665">
    <ele>37.2</ele>
    <time>2025-06-15T07:54:11.000Z</time>
   </trkpt>
   <trkpt lat="52.487381" lon="13.476684">
    <ele>37.2</ele>
    <time>2025-06-15T07:54:12.000Z</time>
   </trkpt>
   <trkpt lat="52.487176" lon="13.476866">
    <ele>37</ele>
    <time>2025-06-15T07:54:17.000Z</time>
   </trkpt>
   <trkpt lat="52.486847" lon="13.477178">
    <ele>36.8</ele>
    <time>2025-06-15T07:54:25.000Z</time>
   </trkpt>
   <trkpt lat="52.486707" lon="13.477302">
    <ele>37</ele>
    <time>2025-06-15T07:54:28.000Z</time>
   </trkpt>
   <trkpt lat="52.486613" lon="13.477384">
    <ele>37</ele>
    <time>2025-06-15T07:54:30.000Z</time>
   </trkpt>
   <trkpt lat="52.486567" lon="13.477414">
    <ele>37</ele>
    <time>2025-06-15T07:54:31.000Z</time>
   </trkpt>
   <trkpt lat="52.48618" lon="13.477768">
    <ele>36.6</ele>
    <time>2025-06-15T07:54:39.000Z</time>
   </trkpt>
   <trkpt lat="52.485996" lon="13.477945">
    <ele>36.4</ele>
    <time>2025-06-15T07:54:43.000Z</time>
   </trkpt>
   <trkpt lat="52.485906" lon="13.478032">
    <ele>36.2</ele>
    <time>2025-06-15T07:54:45.000Z</time>
   </trkpt>
   <trkpt lat="52.485681" lon="13.478271">
    <ele>36.4</ele>
    <time>2025-06-15T07:54:51.000Z</time>
   </trkpt>
   <trkpt lat="52.485661" lon="13.4783">
    <ele>36.4</ele>
    <time>2025-06-15T07:54:52.000Z</time>
   </trkpt>
   <trkpt lat="52.485602" lon="13.478352">
    <ele>36</ele>
    <time>2025-06-15T07:54:54.000Z</time>
   </trkpt>
   <trkpt lat="52.485576" lon="13.478375">
    <ele>36.2</ele>
    <time>2025-06-15T07:54:55.000Z</time>
   </trkpt>
   <trkpt lat="52.485553" lon="13.478392">
    <ele>36</ele>
    <time>2025-06-15T07:54:56.000Z</time>
   </trkpt>
   <trkpt lat="52.485463" lon="13.478465">
    <ele>36.2</ele>
    <time>2025-06-15T07:54:59.000Z</time>
   </trkpt>
   <trkpt lat="52.485407" lon="13.478524">
    <ele>36</ele>
    <time>2025-06-15T07:55:01.000Z</time>
   </trkpt>
   <trkpt lat="52.485236" lon="13.47867">
    <ele>36.2</ele>
    <time>2025-06-15T07:55:06.000Z</time>
   </trkpt>
   <trkpt lat="52.485128" lon="13.478766">
    <ele>36.6</ele>
    <time>2025-06-15T07:55:10.000Z</time>
   </trkpt>
   <trkpt lat="52.485083" lon="13.478795">
    <ele>36.6</ele>
    <time>2025-06-15T07:55:11.000Z</time>
   </trkpt>
   <trkpt lat="52.484768" lon="13.47908">
    <ele>36.6</ele>
    <time>2025-06-15T07:55:17.000Z</time>
   </trkpt>
   <trkpt lat="52.484554" lon="13.479235">
    <ele>36.6</ele>
    <time>2025-06-15T07:55:23.000Z</time>
   </trkpt>
   <trkpt lat="52.484488" lon="13.479235">
    <ele>36.6</ele>
    <time>2025-06-15T07:55:26.000Z</time>
   </trkpt>
   <trkpt lat="52.484482" lon="13.479258">
    <ele>36.6</ele>
    <time>2025-06-15T07:55:27.000Z</time>
   </trkpt>
   <trkpt lat="52.484445" lon="13.479348">
    <ele>36.4</ele>
    <time>2025-06-15T07:55:32.000Z</time>
   </trkpt>
   <trkpt lat="52.484435" lon="13.479381">
    <ele>36.4</ele>
    <time>2025-06-15T07:56:18.000Z</time>
   </trkpt>
   <trkpt lat="52.484437" lon="13.479406">
    <ele>36.4</ele>
    <time>2025-06-15T07:56:19.000Z</time>
   </trkpt>
   <trkpt lat="52.484451" lon="13.479467">
    <ele>36.4</ele>
    <time>2025-06-15T07:56:21.000Z</time>
   </trkpt>
   <trkpt lat="52.484562" lon="13.479625">
    <ele>36.2</ele>
    <time>2025-06-15T07:56:26.000Z</time>
   </trkpt>
   <trkpt lat="52.484632" lon="13.479767">
    <ele>36.2</ele>
    <time>2025-06-15T07:56:29.000Z</time>
   </trkpt>
   <trkpt lat="52.484676" lon="13.479868">
    <ele>36.2</ele>
    <time>2025-06-15T07:56:31.000Z</time>
   </trkpt>
   <trkpt lat="52.484695" lon="13.47992">
    <ele>36.2</ele>
    <time>2025-06-15T07:56:32.000Z</time>
   </trkpt>
   <trkpt lat="52.48483" lon="13.480235">
    <ele>36.4</ele>
    <time>2025-06-15T07:56:38.000Z</time>
   </trkpt>
   <trkpt lat="52.484984" lon="13.480591">
    <ele>36.4</ele>
    <time>2025-06-15T07:56:45.000Z</time>
   </trkpt>
   <trkpt lat="52.485065" lon="13.480805">
    <ele>36</ele>
    <time>2025-06-15T07:56:50.000Z</time>
   </trkpt>
   <trkpt lat="52.485067" lon="13.480837">
    <ele>36.2</ele>
    <time>2025-06-15T07:56:51.000Z</time>
   </trkpt>
   <trkpt lat="52.485064" lon="13.480867">
    <ele>36</ele>
    <time>2025-06-15T07:56:52.000Z</time>
   </trkpt>
   <trkpt lat="52.485011" lon="13.481009">
    <ele>36</ele>
    <time>2025-06-15T07:56:57.000Z</time>
   </trkpt>
   <trkpt lat="52.485007" lon="13.481038">
    <ele>36</ele>
    <time>2025-06-15T07:56:58.000Z</time>
   </trkpt>
   <trkpt lat="52.484992" lon="13.481085">
    <ele>36</ele>
    <time>2025-06-15T07:57:00.000Z</time>
   </trkpt>
   <trkpt lat="52.484957" lon="13.481349">
    <ele>36</ele>
    <time>2025-06-15T07:57:06.000Z</time>
   </trkpt>
   <trkpt lat="52.484959" lon="13.481409">
    <ele>36</ele>
    <time>2025-06-15T07:57:07.000Z</time>
   </trkpt>
   <trkpt lat="52.484957" lon="13.481601">
    <ele>36</ele>
    <time>2025-06-15T07:57:10.000Z</time>
   </trkpt>
   <trkpt lat="52.484949" lon="13.481781">
    <ele>36</ele>
    <time>2025-06-15T07:57:13.000Z</time>
   </trkpt>
   <trkpt lat="52.484942" lon="13.481896">
    <ele>36</ele>
    <time>2025-06-15T07:57:15.000Z</time>
   </trkpt>
   <trkpt lat="52.484898" lon="13.481924">
    <ele>36</ele>
    <time>2025-06-15T07:57:18.000Z</time>
   </trkpt>
   <trkpt lat="52.48489" lon="13.48202">
    <ele>36</ele>
    <time>2025-06-15T07:57:20.000Z</time>
   </trkpt>
   <trkpt lat="52.484888" lon="13.482077">
    <ele>36</ele>
    <time>2025-06-15T07:57:21.000Z</time>
   </trkpt>
   <trkpt lat="52.484882" lon="13.482128">
    <ele>36</ele>
    <time>2025-06-15T07:57:22.000Z</time>
   </trkpt>
   <trkpt lat="52.484868" lon="13.482256">
    <ele>36</ele>
    <time>2025-06-15T07:57:24.000Z</time>
   </trkpt>
   <trkpt lat="52.48485" lon="13.482469">
    <ele>36.2</ele>
    <time>2025-06-15T07:57:27.000Z</time>
   </trkpt>
   <trkpt lat="52.484848" lon="13.482645">
    <ele>36.2</ele>
    <time>2025-06-15T07:57:29.000Z</time>
   </trkpt>
   <trkpt lat="52.484856" lon="13.482733">
    <ele>36.2</ele>
    <time>2025-06-15T07:57:30.000Z</time>
   </trkpt>
   <trkpt lat="52.484856" lon="13.483131">
    <ele>36.2</ele>
    <time>2025-06-15T07:57:34.000Z</time>
   </trkpt>
   <trkpt lat="52.484822" lon="13.483633">
    <ele>36.2</ele>
    <time>2025-06-15T07:57:40.000Z</time>
   </trkpt>
   <trkpt lat="52.484815" lon="13.483705">
    <ele>36.2</ele>
    <time>2025-06-15T07:57:41.000Z</time>
   </trkpt>
   <trkpt lat="52.484784" lon="13.48395">
    <ele>36.2</ele>
    <time>2025-06-15T07:57:44.000Z</time>
   </trkpt>
   <trkpt lat="52.484753" lon="13.484093">
    <ele>36</ele>
    <time>2025-06-15T07:57:46.000Z</time>
   </trkpt>
   <trkpt lat="52.484745" lon="13.484171">
    <ele>36</ele>
    <time>2025-06-15T07:57:47.000Z</time>
   </trkpt>
   <trkpt lat="52.48473" lon="13.48431">
    <ele>36</ele>
    <time>2025-06-15T07:57:49.000Z</time>
   </trkpt>
   <trkpt lat="52.484723" lon="13.484447">
    <ele>36.2</ele>
    <time>2025-06-15T07:57:51.000Z</time>
   </trkpt>
   <trkpt lat="52.484714" lon="13.484515">
    <ele>36.2</ele>
    <time>2025-06-15T07:57:52.000Z</time>
   </trkpt>
   <trkpt lat="52.484714" lon="13.484569">
    <ele>36.2</ele>
    <time>2025-06-15T07:57:53.000Z</time>
   </trkpt>
   <trkpt lat="52.484724" lon="13.484743">
    <ele>36.2</ele>
    <time>2025-06-15T07:57:55.000Z</time>
   </trkpt>
   <trkpt lat="52.484718" lon="13.485102">
    <ele>36.2</ele>
    <time>2025-06-15T07:57:59.000Z</time>
   </trkpt>
   <trkpt lat="52.484693" lon="13.48527">
    <ele>36.2</ele>
    <time>2025-06-15T07:58:01.000Z</time>
   </trkpt>
   <trkpt lat="52.484675" lon="13.48542">
    <ele>36.2</ele>
    <time>2025-06-15T07:58:03.000Z</time>
   </trkpt>
   <trkpt lat="52.484668" lon="13.485493">
    <ele>36.2</ele>
    <time>2025-06-15T07:58:04.000Z</time>
   </trkpt>
   <trkpt lat="52.484666" lon="13.485567">
    <ele>36.2</ele>
    <time>2025-06-15T07:58:05.000Z</time>
   </trkpt>
   <trkpt lat="52.484647" lon="13.485724">
    <ele>36.4</ele>
    <time>2025-06-15T07:58:07.000Z</time>
   </trkpt>
   <trkpt lat="52.484647" lon="13.485804">
    <ele>36.4</ele>
    <time>2025-06-15T07:58:08.000Z</time>
   </trkpt>
   <trkpt lat="52.484651" lon="13.48589">
    <ele>36.4</ele>
    <time>2025-06-15T07:58:09.000Z</time>
   </trkpt>
   <trkpt lat="52.484641" lon="13.48607">
    <ele>36.4</ele>
    <time>2025-06-15T07:58:11.000Z</time>
   </trkpt>
   <trkpt lat="52.48461" lon="13.486288">
    <ele>36.4</ele>
    <time>2025-06-15T07:58:14.000Z</time>
   </trkpt>
   <trkpt lat="52.484524" lon="13.486712">
    <ele>36.2</ele>
    <time>2025-06-15T07:58:19.000Z</time>
   </trkpt>
   <trkpt lat="52.484511" lon="13.486808">
    <ele>36.2</ele>
    <time>2025-06-15T07:58:20.000Z</time>
   </trkpt>
   <trkpt lat="52.484509" lon="13.486999">
    <ele>36.2</ele>
    <time>2025-06-15T07:58:22.000Z</time>
   </trkpt>
   <trkpt lat="52.484538" lon="13.487183">
    <ele>36.2</ele>
    <time>2025-06-15T07:58:24.000Z</time>
   </trkpt>
   <trkpt lat="52.484555" lon="13.487275">
    <ele>36.2</ele>
    <time>2025-06-15T07:58:25.000Z</time>
   </trkpt>
   <trkpt lat="52.48455" lon="13.487607">
    <ele>36.2</ele>
    <time>2025-06-15T07:58:29.000Z</time>
   </trkpt>
   <trkpt lat="52.484553" lon="13.48776">
    <ele>36.4</ele>
    <time>2025-06-15T07:58:31.000Z</time>
   </trkpt>
   <trkpt lat="52.484547" lon="13.487847">
    <ele>36.4</ele>
    <time>2025-06-15T07:58:32.000Z</time>
   </trkpt>
   <trkpt lat="52.484535" lon="13.488068">
    <ele>36.4</ele>
    <time>2025-06-15T07:58:35.000Z</time>
   </trkpt>
   <trkpt lat="52.484506" lon="13.488421">
    <ele>36.6</ele>
    <time>2025-06-15T07:58:40.000Z</time>
   </trkpt>
   <trkpt lat="52.484501" lon="13.488501">
    <ele>36.6</ele>
    <time>2025-06-15T07:58:41.000Z</time>
   </trkpt>
   <trkpt lat="52.484472" lon="13.488923">
    <ele>36.6</ele>
    <time>2025-06-15T07:58:46.000Z</time>
   </trkpt>
   <trkpt lat="52.484474" lon="13.489081">
    <ele>36.8</ele>
    <time>2025-06-15T07:58:48.000Z</time>
   </trkpt>
   <trkpt lat="52.484475" lon="13.489166">
    <ele>36.8</ele>
    <time>2025-06-15T07:58:49.000Z</time>
   </trkpt>
   <trkpt lat="52.484455" lon="13.489395">
    <ele>36.8</ele>
    <time>2025-06-15T07:58:52.000Z</time>
   </trkpt>
   <trkpt lat="52.484451" lon="13.489473">
    <ele>37</ele>
    <time>2025-06-15T07:58:53.000Z</time>
   </trkpt>
   <trkpt lat="52.484415" lon="13.489789">
    <ele>37</ele>
    <time>2025-06-15T07:58:57.000Z</time>
   </trkpt>
   <trkpt lat="52.484396" lon="13.489961">
    <ele>37</ele>
    <time>2025-06-15T07:58:59.000Z</time>
   </trkpt>
   <trkpt lat="52.484386" lon="13.490053">
    <ele>37</ele>
    <time>2025-06-15T07:59:00.000Z</time>
   </trkpt>
   <trkpt lat="52.484368" lon="13.490229">
    <ele>37</ele>
    <time>2025-06-15T07:59:02.000Z</time>
   </trkpt>
   <trkpt lat="52.484328" lon="13.49046">
    <ele>36.8</ele>
    <time>2025-06-15T07:59:05.000Z</time>
   </trkpt>
   <trkpt lat="52.484279" lon="13.490679">
    <ele>36.8</ele>
    <time>2025-06-15T07:59:09.000Z</time>
   </trkpt>
   <trkpt lat="52.484258" lon="13.490784">
    <ele>36.8</ele>
    <time>2025-06-15T07:59:12.000Z</time>
   </trkpt>
   <trkpt lat="52.484249" lon="13.490822">
    <ele>36.8</ele>
    <time>2025-06-15T07:59:13.000Z</time>
   </trkpt>
   <trkpt lat="52.484187" lon="13.491023">
    <ele>36.8</ele>
    <time>2025-06-15T07:59:17.000Z</time>
   </trkpt>
   <trkpt lat="52.48417" lon="13.491075">
    <ele>36.8</ele>
    <time>2025-06-15T07:59:18.000Z</time>
   </trkpt>
   <trkpt lat="52.484089" lon="13.491217">
    <ele>36.8</ele>
    <time>2025-06-15T07:59:21.000Z</time>
   </trkpt>
   <trkpt lat="52.484008" lon="13.491331">
    <ele>36.6</ele>
    <time>2025-06-15T07:59:23.000Z</time>
   </trkpt>
   <trkpt lat="52.483786" lon="13.491569">
    <ele>36.4</ele>
    <time>2025-06-15T07:59:29.000Z</time>
   </trkpt>
   <trkpt lat="52.483743" lon="13.491593">
    <ele>36.4</ele>
    <time>2025-06-15T07:59:30.000Z</time>
   </trkpt>
   <trkpt lat="52.483321" lon="13.491786">
    <ele>36.4</ele>
    <time>2025-06-15T07:59:39.000Z</time>
   </trkpt>
   <trkpt lat="52.48299" lon="13.491855">
    <ele>36.6</ele>
    <time>2025-06-15T07:59:46.000Z</time>
   </trkpt>
   <trkpt lat="52.482639" lon="13.491942">
    <ele>36.8</ele>
    <time>2025-06-15T07:59:53.000Z</time>
   </trkpt>
   <trkpt lat="52.482297" lon="13.492028">
    <ele>37</ele>
    <time>2025-06-15T08:00:00.000Z</time>
   </trkpt>
   <trkpt lat="52.482265" lon="13.492029">
    <ele>37</ele>
    <time>2025-06-15T08:00:01.000Z</time>
   </trkpt>
   <trkpt lat="52.482227" lon="13.492039">
    <ele>37</ele>
    <time>2025-06-15T08:00:02.000Z</time>
   </trkpt>
   <trkpt lat="52.482042" lon="13.492117">
    <ele>37.2</ele>
    <time>2025-06-15T08:00:06.000Z</time>
   </trkpt>
   <trkpt lat="52.481992" lon="13.492142">
    <ele>37.2</ele>
    <time>2025-06-15T08:00:07.000Z</time>
   </trkpt>
   <trkpt lat="52.481878" lon="13.492183">
    <ele>37.2</ele>
    <time>2025-06-15T08:00:09.000Z</time>
   </trkpt>
   <trkpt lat="52.481819" lon="13.492195">
    <ele>37.2</ele>
    <time>2025-06-15T08:00:10.000Z</time>
   </trkpt>
   <trkpt lat="52.481589" lon="13.492228">
    <ele>37.2</ele>
    <time>2025-06-15T08:00:14.000Z</time>
   </trkpt>
   <trkpt lat="52.481513" lon="13.492246">
    <ele>37.2</ele>
    <time>2025-06-15T08:00:16.000Z</time>
   </trkpt>
   <trkpt lat="52.481223" lon="13.492334">
    <ele>37.4</ele>
    <time>2025-06-15T08:00:21.000Z</time>
   </trkpt>
   <trkpt lat="52.480964" lon="13.492381">
    <ele>37.2</ele>
    <time>2025-06-15T08:00:26.000Z</time>
   </trkpt>
   <trkpt lat="52.480896" lon="13.492412">
    <ele>37.2</ele>
    <time>2025-06-15T08:00:27.000Z</time>
   </trkpt>
   <trkpt lat="52.480837" lon="13.492436">
    <ele>37.2</ele>
    <time>2025-06-15T08:00:28.000Z</time>
   </trkpt>
   <trkpt lat="52.480735" lon="13.492485">
    <ele>37.2</ele>
    <time>2025-06-15T08:00:30.000Z</time>
   </trkpt>
   <trkpt lat="52.480675" lon="13.49251">
    <ele>37.2</ele>
    <time>2025-06-15T08:00:31.000Z</time>
   </trkpt>
   <trkpt lat="52.480387" lon="13.492572">
    <ele>37.2</ele>
    <time>2025-06-15T08:00:37.000Z</time>
   </trkpt>
   <trkpt lat="52.480113" lon="13.492641">
    <ele>37.2</ele>
    <time>2025-06-15T08:00:43.000Z</time>
   </trkpt>
   <trkpt lat="52.479821" lon="13.492739">
    <ele>37.4</ele>
    <time>2025-06-15T08:00:49.000Z</time>
   </trkpt>
   <trkpt lat="52.479643" lon="13.492788">
    <ele>37.4</ele>
    <time>2025-06-15T08:00:53.000Z</time>
   </trkpt>
   <trkpt lat="52.479557" lon="13.492815">
    <ele>37.6</ele>
    <time>2025-06-15T08:00:55.000Z</time>
   </trkpt>
   <trkpt lat="52.479516" lon="13.492823">
    <ele>37.6</ele>
    <time>2025-06-15T08:00:56.000Z</time>
   </trkpt>
   <trkpt lat="52.479432" lon="13.492837">
    <ele>37.6</ele>
    <time>2025-06-15T08:00:58.000Z</time>
   </trkpt>
   <trkpt lat="52.479261" lon="13.49288">
    <ele>37.6</ele>
    <time>2025-06-15T08:01:02.000Z</time>
   </trkpt>
   <trkpt lat="52.479231" lon="13.492888">
    <ele>37.8</ele>
    <time>2025-06-15T08:01:03.000Z</time>
   </trkpt>
   <trkpt lat="52.479037" lon="13.492953">
    <ele>37.4</ele>
    <time>2025-06-15T08:01:07.000Z</time>
   </trkpt>
   <trkpt lat="52.47894" lon="13.492977">
    <ele>37.6</ele>
    <time>2025-06-15T08:01:09.000Z</time>
   </trkpt>
   <trkpt lat="52.478712" lon="13.493044">
    <ele>37.2</ele>
    <time>2025-06-15T08:01:14.000Z</time>
   </trkpt>
   <trkpt lat="52.478574" lon="13.493071">
    <ele>37.2</ele>
    <time>2025-06-15T08:01:17.000Z</time>
   </trkpt>
   <trkpt lat="52.478422" lon="13.493125">
    <ele>37.2</ele>
    <time>2025-06-15T08:01:20.000Z</time>
   </trkpt>
   <trkpt lat="52.4781" lon="13.493202">
    <ele>37.2</ele>
    <time>2025-06-15T08:01:27.000Z</time>
   </trkpt>
   <trkpt lat="52.478011" lon="13.493216">
    <ele>37.2</ele>
    <time>2025-06-15T08:01:29.000Z</time>
   </trkpt>
   <trkpt lat="52.477922" lon="13.493232">
    <ele>37.2</ele>
    <time>2025-06-15T08:01:31.000Z</time>
   </trkpt>
   <trkpt lat="52.477873" lon="13.493248">
    <ele>37.2</ele>
    <time>2025-06-15T08:01:32.000Z</time>
   </trkpt>
   <trkpt lat="52.47778" lon="13.493283">
    <ele>37.2</ele>
    <time>2025-06-15T08:01:34.000Z</time>
   </trkpt>
   <trkpt lat="52.477649" lon="13.493311">
    <ele>37.2</ele>
    <time>2025-06-15T08:01:37.000Z</time>
   </trkpt>
   <trkpt lat="52.477613" lon="13.493318">
    <ele>37</ele>
    <time>2025-06-15T08:01:38.000Z</time>
   </trkpt>
   <trkpt lat="52.477573" lon="13.493319">
    <ele>37</ele>
    <time>2025-06-15T08:01:39.000Z</time>
   </trkpt>
   <trkpt lat="52.477454" lon="13.493348">
    <ele>37</ele>
    <time>2025-06-15T08:01:41.000Z</time>
   </trkpt>
   <trkpt lat="52.477349" lon="13.493389">
    <ele>37</ele>
    <time>2025-06-15T08:01:43.000Z</time>
   </trkpt>
   <trkpt lat="52.477198" lon="13.493424">
    <ele>37</ele>
    <time>2025-06-15T08:01:46.000Z</time>
   </trkpt>
   <trkpt lat="52.477034" lon="13.493454">
    <ele>37</ele>
    <time>2025-06-15T08:01:49.000Z</time>
   </trkpt>
   <trkpt lat="52.476865" lon="13.493513">
    <ele>37</ele>
    <time>2025-06-15T08:01:52.000Z</time>
   </trkpt>
   <trkpt lat="52.476809" lon="13.493537">
    <ele>37</ele>
    <time>2025-06-15T08:01:53.000Z</time>
   </trkpt>
   <trkpt lat="52.476419" lon="13.49368">
    <ele>37</ele>
    <time>2025-06-15T08:02:00.000Z</time>
   </trkpt>
   <trkpt lat="52.476072" lon="13.493765">
    <ele>37</ele>
    <time>2025-06-15T08:02:07.000Z</time>
   </trkpt>
   <trkpt lat="52.475946" lon="13.493793">
    <ele>37</ele>
    <time>2025-06-15T08:02:10.000Z</time>
   </trkpt>
   <trkpt lat="52.475853" lon="13.493808">
    <ele>37</ele>
    <time>2025-06-15T08:02:12.000Z</time>
   </trkpt>
   <trkpt lat="52.475675" lon="13.49383">
    <ele>37.6</ele>
    <time>2025-06-15T08:02:16.000Z</time>
   </trkpt>
   <trkpt lat="52.475585" lon="13.493826">
    <ele>37.6</ele>
    <time>2025-06-15T08:02:18.000Z</time>
   </trkpt>
   <trkpt lat="52.475437" lon="13.49385">
    <ele>37.6</ele>
    <time>2025-06-15T08:02:21.000Z</time>
   </trkpt>
   <trkpt lat="52.475393" lon="13.493854">
    <ele>37.6</ele>
    <time>2025-06-15T08:02:22.000Z</time>
   </trkpt>
   <trkpt lat="52.475205" lon="13.493894">
    <ele>37.4</ele>
    <time>2025-06-15T08:02:26.000Z</time>
   </trkpt>
   <trkpt lat="52.474851" lon="13.493951">
    <ele>37.2</ele>
    <time>2025-06-15T08:02:32.000Z</time>
   </trkpt>
   <trkpt lat="52.474687" lon="13.493973">
    <ele>37.2</ele>
    <time>2025-06-15T08:02:35.000Z</time>
   </trkpt>
   <trkpt lat="52.474593" lon="13.493965">
    <ele>37.2</ele>
    <time>2025-06-15T08:02:37.000Z</time>
   </trkpt>
   <trkpt lat="52.474541" lon="13.493968">
    <ele>37.2</ele>
    <time>2025-06-15T08:02:38.000Z</time>
   </trkpt>
   <trkpt lat="52.474227" lon="13.493998">
    <ele>37.4</ele>
    <time>2025-06-15T08:02:44.000Z</time>
   </trkpt>
   <trkpt lat="52.474169" lon="13.494004">
    <ele>37.4</ele>
    <time>2025-06-15T08:02:45.000Z</time>
   </trkpt>
   <trkpt lat="52.473776" lon="13.494078">
    <ele>37</ele>
    <time>2025-06-15T08:02:53.000Z</time>
   </trkpt>
   <trkpt lat="52.473643" lon="13.494085">
    <ele>36.8</ele>
    <time>2025-06-15T08:02:56.000Z</time>
   </trkpt>
   <trkpt lat="52.473513" lon="13.494118">
    <ele>36.8</ele>
    <time>2025-06-15T08:02:59.000Z</time>
   </trkpt>
   <trkpt lat="52.473274" lon="13.494161">
    <ele>37</ele>
    <time>2025-06-15T08:03:04.000Z</time>
   </trkpt>
   <trkpt lat="52.473232" lon="13.494169">
    <ele>37</ele>
    <time>2025-06-15T08:03:05.000Z</time>
   </trkpt>
   <trkpt lat="52.473079" lon="13.494188">
    <ele>37.2</ele>
    <time>2025-06-15T08:03:08.000Z</time>
   </trkpt>
   <trkpt lat="52.472983" lon="13.4942">
    <ele>37.4</ele>
    <time>2025-06-15T08:03:10.000Z</time>
   </trkpt>
   <trkpt lat="52.47289" lon="13.494205">
    <ele>37.4</ele>
    <time>2025-06-15T08:03:12.000Z</time>
   </trkpt>
   <trkpt lat="52.472845" lon="13.494214">
    <ele>37.4</ele>
    <time>2025-06-15T08:03:13.000Z</time>
   </trkpt>
   <trkpt lat="52.472798" lon="13.494224">
    <ele>37.4</ele>
    <time>2025-06-15T08:03:14.000Z</time>
   </trkpt>
   <trkpt lat="52.472588" lon="13.494231">
    <ele>37.4</ele>
    <time>2025-06-15T08:03:18.000Z</time>
   </trkpt>
   <trkpt lat="52.472257" lon="13.494258">
    <ele>37.4</ele>
    <time>2025-06-15T08:03:25.000Z</time>
   </trkpt>
   <trkpt lat="52.471992" lon="13.494291">
    <ele>37.4</ele>
    <time>2025-06-15T08:03:31.000Z</time>
   </trkpt>
   <trkpt lat="52.471794" lon="13.494287">
    <ele>37.4</ele>
    <time>2025-06-15T08:03:37.000Z</time>
   </trkpt>
   <trkpt lat="52.471713" lon="13.494289">
    <ele>37.2</ele>
    <time>2025-06-15T08:03:41.000Z</time>
   </trkpt>
   <trkpt lat="52.47167" lon="13.494297">
    <ele>37.2</ele>
    <time>2025-06-15T08:03:45.000Z</time>
   </trkpt>
   <trkpt lat="52.471649" lon="13.494302">
    <ele>37</ele>
    <time>2025-06-15T08:04:01.000Z</time>
   </trkpt>
   <trkpt lat="52.471649" lon="13.494302">
    <ele>37</ele>
    <time>2025-06-15T08:04:02.000Z</time>
   </trkpt>
   <trkpt lat="52.4716" lon="13.49431">
    <ele>37</ele>
    <time>2025-06-15T08:04:07.000Z</time>
   </trkpt>
   <trkpt lat="52.471611" lon="13.494349">
    <ele>37.6</ele>
    <time>2025-06-15T08:05:45.000Z</time>
   </trkpt>
   <trkpt lat="52.471624" lon="13.49437">
    <ele>37.6</ele>
    <time>2025-06-15T08:05:46.000Z</time>
   </trkpt>
   <trkpt lat="52.471637" lon="13.494393">
    <ele>37.6</ele>
    <time>2025-06-15T08:05:47.000Z</time>
   </trkpt>
   <trkpt lat="52.471725" lon="13.494483">
    <ele>37.6</ele>
    <time>2025-06-15T08:05:51.000Z</time>
   </trkpt>
   <trkpt lat="52.471747" lon="13.494521">
    <ele>37.6</ele>
    <time>2025-06-15T08:05:52.000Z</time>
   </trkpt>
   <trkpt lat="52.471806" lon="13.494637">
    <ele>37.8</ele>
    <time>2025-06-15T08:05:55.000Z</time>
   </trkpt>
   <trkpt lat="52.471884" lon="13.494747">
    <ele>37.8</ele>
    <time>2025-06-15T08:05:58.000Z</time>
   </trkpt>
   <trkpt lat="52.472057" lon="13.494853">
    <ele>37.4</ele>
    <time>2025-06-15T08:06:04.000Z</time>
   </trkpt>
   <trkpt lat="52.472226" lon="13.49496">
    <ele>37.2</ele>
    <time>2025-06-15T08:06:10.000Z</time>
   </trkpt>
   <trkpt lat="52.472346" lon="13.494971">
    <ele>37.2</ele>
    <time>2025-06-15T08:06:13.000Z</time>
   </trkpt>
   <trkpt lat="52.472385" lon="13.494955">
    <ele>37</ele>
    <time>2025-06-15T08:06:14.000Z</time>
   </trkpt>
   <trkpt lat="52.472545" lon="13.494868">
    <ele>36.6</ele>
    <time>2025-06-15T08:06:18.000Z</time>
   </trkpt>
   <trkpt lat="52.47261" lon="13.494846">
    <ele>36.4</ele>
    <time>2025-06-15T08:06:20.000Z</time>
   </trkpt>
   <trkpt lat="52.472759" lon="13.494808">
    <ele>36.2</ele>
    <time>2025-06-15T08:06:26.000Z</time>
   </trkpt>
   <trkpt lat="52.472769" lon="13.494811">
    <ele>36.2</ele>
    <time>2025-06-15T08:07:47.000Z</time>
   </trkpt>
   <trkpt lat="52.472769" lon="13.494811">
    <ele>36.2</ele>
    <time>2025-06-15T08:07:48.000Z</time>
   </trkpt>
   <trkpt lat="52.472767" lon="13.494811">
    <ele>36</ele>
    <time>2025-06-15T08:08:06.000Z</time>
   </trkpt>
   <trkpt lat="52.47276" lon="13.494809">
    <ele>36</ele>
    <time>2025-06-15T08:08:07.000Z</time>
   </trkpt>
   <trkpt lat="52.47275" lon="13.494808">
    <ele>36</ele>
    <time>2025-06-15T08:08:08.000Z</time>
   </trkpt>
   <trkpt lat="52.47272" lon="13.494817">
    <ele>36</ele>
    <time>2025-06-15T08:08:10.000Z</time>
   </trkpt>
   <trkpt lat="52.472593" lon="13.494865">
    <ele>36</ele>
    <time>2025-06-15T08:08:15.000Z</time>
   </trkpt>
   <trkpt lat="52.472377" lon="13.494917">
    <ele>36</ele>
    <time>2025-06-15T08:08:19.000Z</time>
   </trkpt>
   <trkpt lat="52.472331" lon="13.494928">
    <ele>36.2</ele>
    <time>2025-06-15T08:08:20.000Z</time>
   </trkpt>
   <trkpt lat="52.472248" lon="13.494918">
    <ele>36.2</ele>
    <time>2025-06-15T08:08:22.000Z</time>
   </trkpt>
   <trkpt lat="52.472203" lon="13.494894">
    <ele>36.2</ele>
    <time>2025-06-15T08:08:23.000Z</time>
   </trkpt>
   <trkpt lat="52.472118" lon="13.494838">
    <ele>36.6</ele>
    <time>2025-06-15T08:08:25.000Z</time>
   </trkpt>
   <trkpt lat="52.471967" lon="13.494775">
    <ele>36.6</ele>
    <time>2025-06-15T08:08:28.000Z</time>
   </trkpt>
   <trkpt lat="52.471878" lon="13.494686">
    <ele>37</ele>
    <time>2025-06-15T08:08:30.000Z</time>
   </trkpt>
   <trkpt lat="52.471795" lon="13.49459">
    <ele>37.2</ele>
    <time>2025-06-15T08:08:32.000Z</time>
   </trkpt>
   <trkpt lat="52.471736" lon="13.494491">
    <ele>37.2</ele>
    <time>2025-06-15T08:08:34.000Z</time>
   </trkpt>
   <trkpt lat="52.47171" lon="13.494438">
    <ele>37.2</ele>
    <time>2025-06-15T08:08:35.000Z</time>
   </trkpt>
   <trkpt lat="52.471677" lon="13.494382">
    <ele>37.4</ele>
    <time>2025-06-15T08:08:36.000Z</time>
   </trkpt>
   <trkpt lat="52.471548" lon="13.49422">
    <ele>37.4</ele>
    <time>2025-06-15T08:08:39.000Z</time>
   </trkpt>
   <trkpt lat="52.47136" lon="13.494022">
    <ele>37.8</ele>
    <time>2025-06-15T08:08:43.000Z</time>
   </trkpt>
   <trkpt lat="52.471266" lon="13.493922">
    <ele>38</ele>
    <time>2025-06-15T08:08:45.000Z</time>
   </trkpt>
   <trkpt lat="52.471166" lon="13.493804">
    <ele>38</ele>
    <time>2025-06-15T08:08:47.000Z</time>
   </trkpt>
   <trkpt lat="52.47107" lon="13.493681">
    <ele>38.2</ele>
    <time>2025-06-15T08:08:49.000Z</time>
   </trkpt>
   <trkpt lat="52.471024" lon="13.493624">
    <ele>38.2</ele>
    <time>2025-06-15T08:08:50.000Z</time>
   </trkpt>
   <trkpt lat="52.470634" lon="13.493177">
    <ele>38.4</ele>
    <time>2025-06-15T08:08:58.000Z</time>
   </trkpt>
   <trkpt lat="52.470539" lon="13.493066">
    <ele>38.4</ele>
    <time>2025-06-15T08:09:00.000Z</time>
   </trkpt>
   <trkpt lat="52.47022" lon="13.492665">
    <ele>38.4</ele>
    <time>2025-06-15T08:09:07.000Z</time>
   </trkpt>
   <trkpt lat="52.470152" lon="13.492613">
    <ele>38.4</ele>
    <time>2025-06-15T08:09:09.000Z</time>
   </trkpt>
   <trkpt lat="52.470122" lon="13.492614">
    <ele>38.4</ele>
    <time>2025-06-15T08:09:10.000Z</time>
   </trkpt>
   <trkpt lat="52.46992" lon="13.49266">
    <ele>38.8</ele>
    <time>2025-06-15T08:09:16.000Z</time>
   </trkpt>
   <trkpt lat="52.469868" lon="13.492622">
    <ele>39</ele>
    <time>2025-06-15T08:09:18.000Z</time>
   </trkpt>
   <trkpt lat="52.469856" lon="13.492587">
    <ele>39</ele>
    <time>2025-06-15T08:09:19.000Z</time>
   </trkpt>
   <trkpt lat="52.469838" lon="13.492506">
    <ele>39</ele>
    <time>2025-06-15T08:09:21.000Z</time>
   </trkpt>
   <trkpt lat="52.469821" lon="13.492464">
    <ele>39</ele>
    <time>2025-06-15T08:09:22.000Z</time>
   </trkpt>
   <trkpt lat="52.469773" lon="13.492381">
    <ele>39</ele>
    <time>2025-06-15T08:09:24.000Z</time>
   </trkpt>
   <trkpt lat="52.469744" lon="13.492339">
    <ele>39</ele>
    <time>2025-06-15T08:09:25.000Z</time>
   </trkpt>
   <trkpt lat="52.469675" lon="13.49225">
    <ele>39</ele>
    <time>2025-06-15T08:09:27.000Z</time>
   </trkpt>
   <trkpt lat="52.469621" lon="13.492182">
    <ele>39.2</ele>
    <time>2025-06-15T08:09:29.000Z</time>
   </trkpt>
   <trkpt lat="52.469568" lon="13.492105">
    <ele>39.2</ele>
    <time>2025-06-15T08:09:31.000Z</time>
   </trkpt>
   <trkpt lat="52.46951" lon="13.492042">
    <ele>39.4</ele>
    <time>2025-06-15T08:09:33.000Z</time>
   </trkpt>
   <trkpt lat="52.469444" lon="13.491979">
    <ele>39.4</ele>
    <time>2025-06-15T08:09:35.000Z</time>
   </trkpt>
   <trkpt lat="52.469354" lon="13.491892">
    <ele>39.4</ele>
    <time>2025-06-15T08:09:37.000Z</time>
   </trkpt>
   <trkpt lat="52.469197" lon="13.491668">
    <ele>39.2</ele>
    <time>2025-06-15T08:09:43.000Z</time>
   </trkpt>
   <trkpt lat="52.469186" lon="13.491646">
    <ele>38</ele>
    <time>2025-06-15T08:10:24.000Z</time>
   </trkpt>
   <trkpt lat="52.469166" lon="13.491616">
    <ele>38</ele>
    <time>2025-06-15T08:10:25.000Z</time>
   </trkpt>
   <trkpt lat="52.46914" lon="13.491586">
    <ele>38</ele>
    <time>2025-06-15T08:10:26.000Z</time>
   </trkpt>
   <trkpt lat="52.468982" lon="13.491456">
    <ele>38.2</ele>
    <time>2025-06-15T08:10:31.000Z</time>
   </trkpt>
   <trkpt lat="52.468918" lon="13.491504">
    <ele>38.2</ele>
    <time>2025-06-15T08:10:33.000Z</time>
   </trkpt>
   <trkpt lat="52.468891" lon="13.491544">
    <ele>38.2</ele>
    <time>2025-06-15T08:10:34.000Z</time>
   </trkpt>
   <trkpt lat="52.468784" lon="13.491683">
    <ele>38.2</ele>
    <time>2025-06-15T08:10:37.000Z</time>
   </trkpt>
   <trkpt lat="52.468661" lon="13.491861">
    <ele>38.2</ele>
    <time>2025-06-15T08:10:40.000Z</time>
   </trkpt>
   <trkpt lat="52.468614" lon="13.491929">
    <ele>38.2</ele>
    <time>2025-06-15T08:10:41.000Z</time>
   </trkpt>
   <trkpt lat="52.46842" lon="13.492193">
    <ele>38</ele>
    <time>2025-06-15T08:10:45.000Z</time>
   </trkpt>
   <trkpt lat="52.468273" lon="13.492399">
    <ele>38</ele>
    <time>2025-06-15T08:10:48.000Z</time>
   </trkpt>
   <trkpt lat="52.468115" lon="13.492617">
    <ele>38.2</ele>
    <time>2025-06-15T08:10:51.000Z</time>
   </trkpt>
   <trkpt lat="52.467981" lon="13.492818">
    <ele>38.2</ele>
    <time>2025-06-15T08:10:54.000Z</time>
   </trkpt>
   <trkpt lat="52.467938" lon="13.492876">
    <ele>38.2</ele>
    <time>2025-06-15T08:10:55.000Z</time>
   </trkpt>
   <trkpt lat="52.467705" lon="13.493185">
    <ele>37.8</ele>
    <time>2025-06-15T08:11:00.000Z</time>
   </trkpt>
   <trkpt lat="52.467581" lon="13.493358">
    <ele>37.8</ele>
    <time>2025-06-15T08:11:03.000Z</time>
   </trkpt>
   <trkpt lat="52.467365" lon="13.493658">
    <ele>38.8</ele>
    <time>2025-06-15T08:11:08.000Z</time>
   </trkpt>
   <trkpt lat="52.46729" lon="13.493757">
    <ele>39</ele>
    <time>2025-06-15T08:11:10.000Z</time>
   </trkpt>
   <trkpt lat="52.467232" lon="13.493827">
    <ele>39.4</ele>
    <time>2025-06-15T08:11:12.000Z</time>
   </trkpt>
   <trkpt lat="52.46717" lon="13.493946">
    <ele>39.8</ele>
    <time>2025-06-15T08:11:15.000Z</time>
   </trkpt>
   <trkpt lat="52.467178" lon="13.493988">
    <ele>39.8</ele>
    <time>2025-06-15T08:11:16.000Z</time>
   </trkpt>
   <trkpt lat="52.46724" lon="13.494166">
    <ele>40</ele>
    <time>2025-06-15T08:11:20.000Z</time>
   </trkpt>
   <trkpt lat="52.467275" lon="13.494247">
    <ele>40.2</ele>
    <time>2025-06-15T08:11:22.000Z</time>
   </trkpt>
   <trkpt lat="52.467289" lon="13.494306">
    <ele>40.2</ele>
    <time>2025-06-15T08:11:24.000Z</time>
   </trkpt>
   <trkpt lat="52.46727" lon="13.494361">
    <ele>40.2</ele>
    <time>2025-06-15T08:11:26.000Z</time>
   </trkpt>
   <trkpt lat="52.467179" lon="13.494503">
    <ele>40.4</ele>
    <time>2025-06-15T08:11:30.000Z</time>
   </trkpt>
   <trkpt lat="52.467115" lon="13.494613">
    <ele>40.6</ele>
    <time>2025-06-15T08:11:33.000Z</time>
   </trkpt>
   <trkpt lat="52.467053" lon="13.494692">
    <ele>41</ele>
    <time>2025-06-15T08:11:35.000Z</time>
   </trkpt>
   <trkpt lat="52.466888" lon="13.494973">
    <ele>41.2</ele>
    <time>2025-06-15T08:11:42.000Z</time>
   </trkpt>
   <trkpt lat="52.466881" lon="13.495017">
    <ele>41.2</ele>
    <time>2025-06-15T08:11:43.000Z</time>
   </trkpt>
   <trkpt lat="52.466874" lon="13.495063">
    <ele>41.4</ele>
    <time>2025-06-15T08:11:44.000Z</time>
   </trkpt>
   <trkpt lat="52.466833" lon="13.495158">
    <ele>41.4</ele>
    <time>2025-06-15T08:11:46.000Z</time>
   </trkpt>
   <trkpt lat="52.466624" lon="13.49546">
    <ele>41.6</ele>
    <time>2025-06-15T08:11:54.000Z</time>
   </trkpt>
   <trkpt lat="52.466421" lon="13.495767">
    <ele>42</ele>
    <time>2025-06-15T08:12:03.000Z</time>
   </trkpt>
   <trkpt lat="52.466351" lon="13.495888">
    <ele>42</ele>
    <time>2025-06-15T08:12:07.000Z</time>
   </trkpt>
   <trkpt lat="52.466272" lon="13.495997">
    <ele>41.8</ele>
    <time>2025-06-15T08:12:13.000Z</time>
   </trkpt>
   <trkpt lat="52.466254" lon="13.496019">
    <ele>41.2</ele>
    <time>2025-06-15T08:12:37.000Z</time>
   </trkpt>
   <trkpt lat="52.466167" lon="13.496127">
    <ele>41</ele>
    <time>2025-06-15T08:12:41.000Z</time>
   </trkpt>
   <trkpt lat="52.466133" lon="13.496213">
    <ele>41</ele>
    <time>2025-06-15T08:12:43.000Z</time>
   </trkpt>
   <trkpt lat="52.466143" lon="13.496263">
    <ele>40.8</ele>
    <time>2025-06-15T08:12:44.000Z</time>
   </trkpt>
   <trkpt lat="52.466281" lon="13.496469">
    <ele>40.6</ele>
    <time>2025-06-15T08:12:48.000Z</time>
   </trkpt>
   <trkpt lat="52.466438" lon="13.496683">
    <ele>40.8</ele>
    <time>2025-06-15T08:12:52.000Z</time>
   </trkpt>
   <trkpt lat="52.466595" lon="13.496903">
    <ele>41</ele>
    <time>2025-06-15T08:12:56.000Z</time>
   </trkpt>
   <trkpt lat="52.466678" lon="13.497022">
    <ele>41.4</ele>
    <time>2025-06-15T08:12:58.000Z</time>
   </trkpt>
   <trkpt lat="52.466855" lon="13.49727">
    <ele>42.2</ele>
    <time>2025-06-15T08:13:02.000Z</time>
   </trkpt>
   <trkpt lat="52.466949" lon="13.4974">
    <ele>42.6</ele>
    <time>2025-06-15T08:13:04.000Z</time>
   </trkpt>
   <trkpt lat="52.466994" lon="13.497465">
    <ele>42.6</ele>
    <time>2025-06-15T08:13:05.000Z</time>
   </trkpt>
   <trkpt lat="52.467133" lon="13.497665">
    <ele>43.4</ele>
    <time>2025-06-15T08:13:08.000Z</time>
   </trkpt>
   <trkpt lat="52.467221" lon="13.497802">
    <ele>43.8</ele>
    <time>2025-06-15T08:13:10.000Z</time>
   </trkpt>
   <trkpt lat="52.467357" lon="13.498015">
    <ele>44.4</ele>
    <time>2025-06-15T08:13:13.000Z</time>
   </trkpt>
   <trkpt lat="52.467399" lon="13.498087">
    <ele>44.6</ele>
    <time>2025-06-15T08:13:14.000Z</time>
   </trkpt>
   <trkpt lat="52.467442" lon="13.498156">
    <ele>45</ele>
    <time>2025-06-15T08:13:15.000Z</time>
   </trkpt>
   <trkpt lat="52.46753" lon="13.498301">
    <ele>45.4</ele>
    <time>2025-06-15T08:13:17.000Z</time>
   </trkpt>
   <trkpt lat="52.467618" lon="13.498447">
    <ele>45.8</ele>
    <time>2025-06-15T08:13:19.000Z</time>
   </trkpt>
   <trkpt lat="52.4677" lon="13.498596">
    <ele>46.2</ele>
    <time>2025-06-15T08:13:21.000Z</time>
   </trkpt>
   <trkpt lat="52.467823" lon="13.498808">
    <ele>47</ele>
    <time>2025-06-15T08:13:24.000Z</time>
   </trkpt>
   <trkpt lat="52.467903" lon="13.498945">
    <ele>47.4</ele>
    <time>2025-06-15T08:13:26.000Z</time>
   </trkpt>
   <trkpt lat="52.468059" lon="13.499224">
    <ele>47.8</ele>
    <time>2025-06-15T08:13:30.000Z</time>
   </trkpt>
   <trkpt lat="52.468167" lon="13.499422">
    <ele>48.6</ele>
    <time>2025-06-15T08:13:33.000Z</time>
   </trkpt>
   <trkpt lat="52.468301" lon="13.499661">
    <ele>49</ele>
    <time>2025-06-15T08:13:37.000Z</time>
   </trkpt>
   <trkpt lat="52.468336" lon="13.499723">
    <ele>49.2</ele>
    <time>2025-06-15T08:13:38.000Z</time>
   </trkpt>
   <trkpt lat="52.46863" lon="13.500246">
    <ele>49.6</ele>
    <time>2025-06-15T08:13:46.000Z</time>
   </trkpt>
   <trkpt lat="52.468935" lon="13.500777">
    <ele>48.8</ele>
    <time>2025-06-15T08:13:53.000Z</time>
   </trkpt>
   <trkpt lat="52.469088" lon="13.501042">
    <ele>47.6</ele>
    <time>2025-06-15T08:13:56.000Z</time>
   </trkpt>
   <trkpt lat="52.469251" lon="13.50133">
    <ele>46.4</ele>
    <time>2025-06-15T08:13:59.000Z</time>
   </trkpt>
   <trkpt lat="52.46943" lon="13.501637">
    <ele>45</ele>
    <time>2025-06-15T08:14:02.000Z</time>
   </trkpt>
   <trkpt lat="52.469542" lon="13.50185">
    <ele>44.2</ele>
    <time>2025-06-15T08:14:04.000Z</time>
   </trkpt>
   <trkpt lat="52.469597" lon="13.501949">
    <ele>43.8</ele>
    <time>2025-06-15T08:14:05.000Z</time>
   </trkpt>
   <trkpt lat="52.469746" lon="13.502221">
    <ele>42.6</ele>
    <time>2025-06-15T08:14:08.000Z</time>
   </trkpt>
   <trkpt lat="52.469831" lon="13.502368">
    <ele>42.2</ele>
    <time>2025-06-15T08:14:10.000Z</time>
   </trkpt>
   <trkpt lat="52.469898" lon="13.502502">
    <ele>41.4</ele>
    <time>2025-06-15T08:14:12.000Z</time>
   </trkpt>
   <trkpt lat="52.469982" lon="13.502651">
    <ele>40.4</ele>
    <time>2025-06-15T08:14:15.000Z</time>
   </trkpt>
   <trkpt lat="52.469997" lon="13.502681">
    <ele>40</ele>
    <time>2025-06-15T08:14:16.000Z</time>
   </trkpt>
   <trkpt lat="52.470021" lon="13.502727">
    <ele>40</ele>
    <time>2025-06-15T08:14:17.000Z</time>
   </trkpt>
   <trkpt lat="52.470032" lon="13.502755">
    <ele>38.6</ele>
    <time>2025-06-15T08:14:28.000Z</time>
   </trkpt>
   <trkpt lat="52.470044" lon="13.502782">
    <ele>38.6</ele>
    <time>2025-06-15T08:14:29.000Z</time>
   </trkpt>
   <trkpt lat="52.470162" lon="13.502993">
    <ele>38.2</ele>
    <time>2025-06-15T08:14:33.000Z</time>
   </trkpt>
   <trkpt lat="52.470383" lon="13.503452">
    <ele>37.8</ele>
    <time>2025-06-15T08:14:39.000Z</time>
   </trkpt>
   <trkpt lat="52.470562" lon="13.503931">
    <ele>37.4</ele>
    <time>2025-06-15T08:14:44.000Z</time>
   </trkpt>
   <trkpt lat="52.47064" lon="13.504121">
    <ele>37.4</ele>
    <time>2025-06-15T08:14:46.000Z</time>
   </trkpt>
   <trkpt lat="52.470858" lon="13.504691">
    <ele>37.2</ele>
    <time>2025-06-15T08:14:52.000Z</time>
   </trkpt>
   <trkpt lat="52.47112" lon="13.505351">
    <ele>37.6</ele>
    <time>2025-06-15T08:14:59.000Z</time>
   </trkpt>
   <trkpt lat="52.471159" lon="13.505447">
    <ele>37.6</ele>
    <time>2025-06-15T08:15:00.000Z</time>
   </trkpt>
   <trkpt lat="52.471306" lon="13.505834">
    <ele>37.8</ele>
    <time>2025-06-15T08:15:04.000Z</time>
   </trkpt>
   <trkpt lat="52.47134" lon="13.505931">
    <ele>37.8</ele>
    <time>2025-06-15T08:15:05.000Z</time>
   </trkpt>
   <trkpt lat="52.471659" lon="13.50672">
    <ele>38</ele>
    <time>2025-06-15T08:15:13.000Z</time>
   </trkpt>
   <trkpt lat="52.471792" lon="13.507146">
    <ele>38</ele>
    <time>2025-06-15T08:15:17.000Z</time>
   </trkpt>
   <trkpt lat="52.471856" lon="13.50737">
    <ele>38</ele>
    <time>2025-06-15T08:15:19.000Z</time>
   </trkpt>
   <trkpt lat="52.472063" lon="13.508122">
    <ele>38</ele>
    <time>2025-06-15T08:15:26.000Z</time>
   </trkpt>
   <trkpt lat="52.472231" lon="13.508605">
    <ele>37.8</ele>
    <time>2025-06-15T08:15:31.000Z</time>
   </trkpt>
   <trkpt lat="52.472444" lon="13.509108">
    <ele>37.6</ele>
    <time>2025-06-15T08:15:37.000Z</time>
   </trkpt>
   <trkpt lat="52.472607" lon="13.509514">
    <ele>37.6</ele>
    <time>2025-06-15T08:15:43.000Z</time>
   </trkpt>
   <trkpt lat="52.472657" lon="13.509627">
    <ele>37.6</ele>
    <time>2025-06-15T08:15:45.000Z</time>
   </trkpt>
   <trkpt lat="52.472679" lon="13.509751">
    <ele>37.8</ele>
    <time>2025-06-15T08:15:47.000Z</time>
   </trkpt>
   <trkpt lat="52.472652" lon="13.50987">
    <ele>37.8</ele>
    <time>2025-06-15T08:15:49.000Z</time>
   </trkpt>
   <trkpt lat="52.472621" lon="13.509924">
    <ele>38</ele>
    <time>2025-06-15T08:15:50.000Z</time>
   </trkpt>
   <trkpt lat="52.472548" lon="13.510017">
    <ele>38.2</ele>
    <time>2025-06-15T08:15:52.000Z</time>
   </trkpt>
   <trkpt lat="52.472401" lon="13.510168">
    <ele>38.6</ele>
    <time>2025-06-15T08:15:56.000Z</time>
   </trkpt>
   <trkpt lat="52.472369" lon="13.510206">
    <ele>38.6</ele>
    <time>2025-06-15T08:15:57.000Z</time>
   </trkpt>
   <trkpt lat="52.472228" lon="13.51037">
    <ele>38.8</ele>
    <time>2025-06-15T08:16:01.000Z</time>
   </trkpt>
   <trkpt lat="52.47214" lon="13.510459">
    <ele>38.8</ele>
    <time>2025-06-15T08:16:03.000Z</time>
   </trkpt>
   <trkpt lat="52.471863" lon="13.510809">
    <ele>38.8</ele>
    <time>2025-06-15T08:16:09.000Z</time>
   </trkpt>
   <trkpt lat="52.471764" lon="13.510926">
    <ele>38.6</ele>
    <time>2025-06-15T08:16:11.000Z</time>
   </trkpt>
   <trkpt lat="52.4716" lon="13.511093">
    <ele>38.6</ele>
    <time>2025-06-15T08:16:14.000Z</time>
   </trkpt>
   <trkpt lat="52.471277" lon="13.51145">
    <ele>38.2</ele>
    <time>2025-06-15T08:16:20.000Z</time>
   </trkpt>
   <trkpt lat="52.470801" lon="13.511966">
    <ele>38.2</ele>
    <time>2025-06-15T08:16:29.000Z</time>
   </trkpt>
   <trkpt lat="52.47075" lon="13.512019">
    <ele>38.2</ele>
    <time>2025-06-15T08:16:30.000Z</time>
   </trkpt>
   <trkpt lat="52.47027" lon="13.512553">
    <ele>38.2</ele>
    <time>2025-06-15T08:16:39.000Z</time>
   </trkpt>
   <trkpt lat="52.469805" lon="13.513065">
    <ele>38</ele>
    <time>2025-06-15T08:16:48.000Z</time>
   </trkpt>
   <trkpt lat="52.469706" lon="13.513169">
    <ele>38</ele>
    <time>2025-06-15T08:16:50.000Z</time>
   </trkpt>
   <trkpt lat="52.469288" lon="13.513619">
    <ele>37.8</ele>
    <time>2025-06-15T08:16:59.000Z</time>
   </trkpt>
   <trkpt lat="52.469053" lon="13.513871">
    <ele>38.2</ele>
    <time>2025-06-15T08:17:05.000Z</time>
   </trkpt>
   <trkpt lat="52.468926" lon="13.514009">
    <ele>38.2</ele>
    <time>2025-06-15T08:17:10.000Z</time>
   </trkpt>
   <trkpt lat="52.468852" lon="13.514097">
    <ele>38</ele>
    <time>2025-06-15T08:17:16.000Z</time>
   </trkpt>
   <trkpt lat="52.468841" lon="13.514112">
    <ele>38</ele>
    <time>2025-06-15T08:17:17.000Z</time>
   </trkpt>
   <trkpt lat="52.468807" lon="13.514168">
    <ele>37.6</ele>
    <time>2025-06-15T08:18:11.000Z</time>
   </trkpt>
   <trkpt lat="52.468764" lon="13.514222">
    <ele>37.4</ele>
    <time>2025-06-15T08:18:15.000Z</time>
   </trkpt>
   <trkpt lat="52.468756" lon="13.51423">
    <ele>37.4</ele>
    <time>2025-06-15T08:18:18.000Z</time>
   </trkpt>
   <trkpt lat="52.468723" lon="13.51428">
    <ele>37</ele>
    <time>2025-06-15T08:18:21.000Z</time>
   </trkpt>
   <trkpt lat="52.468631" lon="13.514427">
    <ele>37.4</ele>
    <time>2025-06-15T08:18:25.000Z</time>
   </trkpt>
   <trkpt lat="52.468462" lon="13.51479">
    <ele>37.2</ele>
    <time>2025-06-15T08:18:31.000Z</time>
   </trkpt>
   <trkpt lat="52.468433" lon="13.514863">
    <ele>37.2</ele>
    <time>2025-06-15T08:18:32.000Z</time>
   </trkpt>
   <trkpt lat="52.468301" lon="13.515166">
    <ele>37.4</ele>
    <time>2025-06-15T08:18:36.000Z</time>
   </trkpt>
   <trkpt lat="52.468139" lon="13.515567">
    <ele>37.6</ele>
    <time>2025-06-15T08:18:41.000Z</time>
   </trkpt>
   <trkpt lat="52.468039" lon="13.515808">
    <ele>37.6</ele>
    <time>2025-06-15T08:18:44.000Z</time>
   </trkpt>
   <trkpt lat="52.467823" lon="13.516354">
    <ele>38</ele>
    <time>2025-06-15T08:18:51.000Z</time>
   </trkpt>
   <trkpt lat="52.467733" lon="13.516583">
    <ele>38</ele>
    <time>2025-06-15T08:18:54.000Z</time>
   </trkpt>
   <trkpt lat="52.467464" lon="13.517303">
    <ele>38.2</ele>
    <time>2025-06-15T08:19:03.000Z</time>
   </trkpt>
   <trkpt lat="52.467401" lon="13.517556">
    <ele>38.2</ele>
    <time>2025-06-15T08:19:06.000Z</time>
   </trkpt>
   <trkpt lat="52.467363" lon="13.517826">
    <ele>38</ele>
    <time>2025-06-15T08:19:09.000Z</time>
   </trkpt>
   <trkpt lat="52.46724" lon="13.518467">
    <ele>38</ele>
    <time>2025-06-15T08:19:16.000Z</time>
   </trkpt>
   <trkpt lat="52.467166" lon="13.518845">
    <ele>38.2</ele>
    <time>2025-06-15T08:19:20.000Z</time>
   </trkpt>
   <trkpt lat="52.467128" lon="13.519042">
    <ele>38.2</ele>
    <time>2025-06-15T08:19:22.000Z</time>
   </trkpt>
   <trkpt lat="52.467089" lon="13.51924">
    <ele>38.2</ele>
    <time>2025-06-15T08:19:24.000Z</time>
   </trkpt>
   <trkpt lat="52.467033" lon="13.519523">
    <ele>38.4</ele>
    <time>2025-06-15T08:19:27.000Z</time>
   </trkpt>
   <trkpt lat="52.466934" lon="13.519938">
    <ele>38</ele>
    <time>2025-06-15T08:19:31.000Z</time>
   </trkpt>
   <trkpt lat="52.466815" lon="13.520349">
    <ele>38</ele>
    <time>2025-06-15T08:19:35.000Z</time>
   </trkpt>
   <trkpt lat="52.466593" lon="13.520922">
    <ele>38.2</ele>
    <time>2025-06-15T08:19:41.000Z</time>
   </trkpt>
   <trkpt lat="52.466374" lon="13.521467">
    <ele>38.4</ele>
    <time>2025-06-15T08:19:47.000Z</time>
   </trkpt>
   <trkpt lat="52.46626" lon="13.521759">
    <ele>38.4</ele>
    <time>2025-06-15T08:19:50.000Z</time>
   </trkpt>
   <trkpt lat="52.465933" lon="13.522518">
    <ele>38.6</ele>
    <time>2025-06-15T08:19:58.000Z</time>
   </trkpt>
   <trkpt lat="52.46576" lon="13.522922">
    <ele>38.8</ele>
    <time>2025-06-15T08:20:02.000Z</time>
   </trkpt>
   <trkpt lat="52.465518" lon="13.523496">
    <ele>38.8</ele>
    <time>2025-06-15T08:20:08.000Z</time>
   </trkpt>
   <trkpt lat="52.465215" lon="13.524229">
    <ele>38.8</ele>
    <time>2025-06-15T08:20:16.000Z</time>
   </trkpt>
   <trkpt lat="52.464896" lon="13.524965">
    <ele>38.6</ele>
    <time>2025-06-15T08:20:24.000Z</time>
   </trkpt>
   <trkpt lat="52.464649" lon="13.525491">
    <ele>38.4</ele>
    <time>2025-06-15T08:20:30.000Z</time>
   </trkpt>
   <trkpt lat="52.464348" lon="13.526222">
    <ele>38.6</ele>
    <time>2025-06-15T08:20:38.000Z</time>
   </trkpt>
   <trkpt lat="52.464116" lon="13.526747">
    <ele>38.6</ele>
    <time>2025-06-15T08:20:44.000Z</time>
   </trkpt>
   <trkpt lat="52.463899" lon="13.527262">
    <ele>38.4</ele>
    <time>2025-06-15T08:20:50.000Z</time>
   </trkpt>
   <trkpt lat="52.463857" lon="13.527343">
    <ele>38.4</ele>
    <time>2025-06-15T08:20:51.000Z</time>
   </trkpt>
   <trkpt lat="52.4635" lon="13.528149">
    <ele>38.2</ele>
    <time>2025-06-15T08:21:00.000Z</time>
   </trkpt>
   <trkpt lat="52.463217" lon="13.52879">
    <ele>38.2</ele>
    <time>2025-06-15T08:21:07.000Z</time>
   </trkpt>
   <trkpt lat="52.462865" lon="13.529576">
    <ele>38.2</ele>
    <time>2025-06-15T08:21:16.000Z</time>
   </trkpt>
   <trkpt lat="52.462786" lon="13.529762">
    <ele>38.2</ele>
    <time>2025-06-15T08:21:18.000Z</time>
   </trkpt>
   <trkpt lat="52.462545" lon="13.530315">
    <ele>38.4</ele>
    <time>2025-06-15T08:21:24.000Z</time>
   </trkpt>
   <trkpt lat="52.462258" lon="13.530948">
    <ele>38.4</ele>
    <time>2025-06-15T08:21:31.000Z</time>
   </trkpt>
   <trkpt lat="52.462216" lon="13.531033">
    <ele>38.4</ele>
    <time>2025-06-15T08:21:32.000Z</time>
   </trkpt>
   <trkpt lat="52.46204" lon="13.53145">
    <ele>38.2</ele>
    <time>2025-06-15T08:21:37.000Z</time>
   </trkpt>
   <trkpt lat="52.461859" lon="13.531783">
    <ele>38</ele>
    <time>2025-06-15T08:21:41.000Z</time>
   </trkpt>
   <trkpt lat="52.461749" lon="13.532061">
    <ele>38.2</ele>
    <time>2025-06-15T08:21:44.000Z</time>
   </trkpt>
   <trkpt lat="52.461721" lon="13.532137">
    <ele>38.2</ele>
    <time>2025-06-15T08:21:45.000Z</time>
   </trkpt>
   <trkpt lat="52.461521" lon="13.532674">
    <ele>38.2</ele>
    <time>2025-06-15T08:21:51.000Z</time>
   </trkpt>
   <trkpt lat="52.461302" lon="13.53321">
    <ele>38.4</ele>
    <time>2025-06-15T08:21:57.000Z</time>
   </trkpt>
   <trkpt lat="52.461013" lon="13.533942">
    <ele>38.6</ele>
    <time>2025-06-15T08:22:05.000Z</time>
   </trkpt>
   <trkpt lat="52.460749" lon="13.534617">
    <ele>38.6</ele>
    <time>2025-06-15T08:22:12.000Z</time>
   </trkpt>
   <trkpt lat="52.460418" lon="13.535376">
    <ele>38.4</ele>
    <time>2025-06-15T08:22:20.000Z</time>
   </trkpt>
   <trkpt lat="52.46008" lon="13.536158">
    <ele>38.2</ele>
    <time>2025-06-15T08:22:28.000Z</time>
   </trkpt>
   <trkpt lat="52.460038" lon="13.536253">
    <ele>38.2</ele>
    <time>2025-06-15T08:22:29.000Z</time>
   </trkpt>
   <trkpt lat="52.459722" lon="13.536995">
    <ele>38</ele>
    <time>2025-06-15T08:22:37.000Z</time>
   </trkpt>
   <trkpt lat="52.459405" lon="13.537763">
    <ele>38</ele>
    <time>2025-06-15T08:22:45.000Z</time>
   </trkpt>
   <trkpt lat="52.459369" lon="13.537857">
    <ele>38</ele>
    <time>2025-06-15T08:22:46.000Z</time>
   </trkpt>
   <trkpt lat="52.459082" lon="13.538629">
    <ele>38.4</ele>
    <time>2025-06-15T08:22:54.000Z</time>
   </trkpt>
   <trkpt lat="52.458843" lon="13.539298">
    <ele>38.2</ele>
    <time>2025-06-15T08:23:01.000Z</time>
   </trkpt>
   <trkpt lat="52.45864" lon="13.539854">
    <ele>38.4</ele>
    <time>2025-06-15T08:23:07.000Z</time>
   </trkpt>
   <trkpt lat="52.458391" lon="13.540523">
    <ele>38.6</ele>
    <time>2025-06-15T08:23:14.000Z</time>
   </trkpt>
   <trkpt lat="52.458177" lon="13.541111">
    <ele>38.4</ele>
    <time>2025-06-15T08:23:20.000Z</time>
   </trkpt>
   <trkpt lat="52.458137" lon="13.541204">
    <ele>38.2</ele>
    <time>2025-06-15T08:23:21.000Z</time>
   </trkpt>
   <trkpt lat="52.458073" lon="13.541396">
    <ele>38.4</ele>
    <time>2025-06-15T08:23:23.000Z</time>
   </trkpt>
   <trkpt lat="52.45804" lon="13.541499">
    <ele>38.4</ele>
    <time>2025-06-15T08:23:24.000Z</time>
   </trkpt>
   <trkpt lat="52.457845" lon="13.541913">
    <ele>38.4</ele>
    <time>2025-06-15T08:23:29.000Z</time>
   </trkpt>
   <trkpt lat="52.457744" lon="13.542158">
    <ele>38.4</ele>
    <time>2025-06-15T08:23:33.000Z</time>
   </trkpt>
   <trkpt lat="52.457701" lon="13.542263">
    <ele>38.4</ele>
    <time>2025-06-15T08:23:35.000Z</time>
   </trkpt>
   <trkpt lat="52.457654" lon="13.542406">
    <ele>38.4</ele>
    <time>2025-06-15T08:23:37.000Z</time>
   </trkpt>
   <trkpt lat="52.457601" lon="13.54256">
    <ele>38.4</ele>
    <time>2025-06-15T08:23:39.000Z</time>
   </trkpt>
   <trkpt lat="52.457572" lon="13.542641">
    <ele>38.4</ele>
    <time>2025-06-15T08:23:40.000Z</time>
   </trkpt>
   <trkpt lat="52.457533" lon="13.54281">
    <ele>38.4</ele>
    <time>2025-06-15T08:23:42.000Z</time>
   </trkpt>
   <trkpt lat="52.457508" lon="13.543001">
    <ele>38.4</ele>
    <time>2025-06-15T08:23:44.000Z</time>
   </trkpt>
   <trkpt lat="52.457441" lon="13.543494">
    <ele>38.4</ele>
    <time>2025-06-15T08:23:49.000Z</time>
   </trkpt>
   <trkpt lat="52.457423" lon="13.543589">
    <ele>38.4</ele>
    <time>2025-06-15T08:23:50.000Z</time>
   </trkpt>
   <trkpt lat="52.457332" lon="13.544008">
    <ele>38.2</ele>
    <time>2025-06-15T08:23:54.000Z</time>
   </trkpt>
   <trkpt lat="52.45728" lon="13.544332">
    <ele>38.2</ele>
    <time>2025-06-15T08:23:57.000Z</time>
   </trkpt>
   <trkpt lat="52.45721" lon="13.544769">
    <ele>38.2</ele>
    <time>2025-06-15T08:24:01.000Z</time>
   </trkpt>
   <trkpt lat="52.457148" lon="13.545091">
    <ele>38.2</ele>
    <time>2025-06-15T08:24:04.000Z</time>
   </trkpt>
   <trkpt lat="52.457058" lon="13.545838">
    <ele>38.2</ele>
    <time>2025-06-15T08:24:11.000Z</time>
   </trkpt>
   <trkpt lat="52.457051" lon="13.546718">
    <ele>38.2</ele>
    <time>2025-06-15T08:24:19.000Z</time>
   </trkpt>
   <trkpt lat="52.457042" lon="13.547584">
    <ele>38.2</ele>
    <time>2025-06-15T08:24:27.000Z</time>
   </trkpt>
   <trkpt lat="52.457039" lon="13.547899">
    <ele>38.2</ele>
    <time>2025-06-15T08:24:30.000Z</time>
   </trkpt>
   <trkpt lat="52.457009" lon="13.548206">
    <ele>38.4</ele>
    <time>2025-06-15T08:24:33.000Z</time>
   </trkpt>
   <trkpt lat="52.456932" lon="13.548642">
    <ele>38.2</ele>
    <time>2025-06-15T08:24:37.000Z</time>
   </trkpt>
   <trkpt lat="52.456876" lon="13.548858">
    <ele>38.2</ele>
    <time>2025-06-15T08:24:39.000Z</time>
   </trkpt>
   <trkpt lat="52.45667" lon="13.549464">
    <ele>38.4</ele>
    <time>2025-06-15T08:24:45.000Z</time>
   </trkpt>
   <trkpt lat="52.456394" lon="13.55027">
    <ele>38.4</ele>
    <time>2025-06-15T08:24:53.000Z</time>
   </trkpt>
   <trkpt lat="52.456155" lon="13.551002">
    <ele>38.2</ele>
    <time>2025-06-15T08:25:00.000Z</time>
   </trkpt>
   <trkpt lat="52.456136" lon="13.551109">
    <ele>38.2</ele>
    <time>2025-06-15T08:25:01.000Z</time>
   </trkpt>
   <trkpt lat="52.45602" lon="13.551893">
    <ele>38.2</ele>
    <time>2025-06-15T08:25:08.000Z</time>
   </trkpt>
   <trkpt lat="52.455908" lon="13.552665">
    <ele>38.2</ele>
    <time>2025-06-15T08:25:15.000Z</time>
   </trkpt>
   <trkpt lat="52.4558" lon="13.553528">
    <ele>38.2</ele>
    <time>2025-06-15T08:25:23.000Z</time>
   </trkpt>
   <trkpt lat="52.45578" lon="13.55364">
    <ele>38.2</ele>
    <time>2025-06-15T08:25:24.000Z</time>
   </trkpt>
   <trkpt lat="52.455671" lon="13.554423">
    <ele>38.2</ele>
    <time>2025-06-15T08:25:31.000Z</time>
   </trkpt>
   <trkpt lat="52.455574" lon="13.55517">
    <ele>38.2</ele>
    <time>2025-06-15T08:25:38.000Z</time>
   </trkpt>
   <trkpt lat="52.455561" lon="13.555888">
    <ele>38.2</ele>
    <time>2025-06-15T08:25:45.000Z</time>
   </trkpt>
   <trkpt lat="52.455572" lon="13.556456">
    <ele>38.2</ele>
    <time>2025-06-15T08:25:51.000Z</time>
   </trkpt>
   <trkpt lat="52.455568" lon="13.556633">
    <ele>38.4</ele>
    <time>2025-06-15T08:25:53.000Z</time>
   </trkpt>
   <trkpt lat="52.455594" lon="13.557286">
    <ele>38.4</ele>
    <time>2025-06-15T08:26:01.000Z</time>
   </trkpt>
   <trkpt lat="52.455592" lon="13.557426">
    <ele>38.4</ele>
    <time>2025-06-15T08:26:03.000Z</time>
   </trkpt>
   <trkpt lat="52.455605" lon="13.557539">
    <ele>38.4</ele>
    <time>2025-06-15T08:26:05.000Z</time>
   </trkpt>
   <trkpt lat="52.455618" lon="13.557593">
    <ele>38.4</ele>
    <time>2025-06-15T08:26:06.000Z</time>
   </trkpt>
   <trkpt lat="52.455642" lon="13.557779">
    <ele>38.8</ele>
    <time>2025-06-15T08:26:11.000Z</time>
   </trkpt>
   <trkpt lat="52.455642" lon="13.557806">
    <ele>38.8</ele>
    <time>2025-06-15T08:26:16.000Z</time>
   </trkpt>
   <trkpt lat="52.455637" lon="13.557851">
    <ele>38.8</ele>
    <time>2025-06-15T08:26:19.000Z</time>
   </trkpt>
   <trkpt lat="52.455637" lon="13.557851">
    <ele>38.8</ele>
    <time>2025-06-15T08:26:25.000Z</time>
   </trkpt>
   <trkpt lat="52.455641" lon="13.557855">
    <ele>38.4</ele>
    <time>2025-06-15T08:28:20.000Z</time>
   </trkpt>
   <trkpt lat="52.455648" lon="13.55787">
    <ele>38.4</ele>
    <time>2025-06-15T08:28:21.000Z</time>
   </trkpt>
   <trkpt lat="52.455653" lon="13.557913">
    <ele>38.4</ele>
    <time>2025-06-15T08:28:23.000Z</time>
   </trkpt>
   <trkpt lat="52.455651" lon="13.557932">
    <ele>38.4</ele>
    <time>2025-06-15T08:28:24.000Z</time>
   </trkpt>
   <trkpt lat="52.455654" lon="13.557946">
    <ele>38</ele>
    <time>2025-06-15T08:28:44.000Z</time>
   </trkpt>
   <trkpt lat="52.455657" lon="13.557972">
    <ele>38</ele>
    <time>2025-06-15T08:28:45.000Z</time>
   </trkpt>
   <trkpt lat="52.45567" lon="13.558058">
    <ele>38</ele>
    <time>2025-06-15T08:28:47.000Z</time>
   </trkpt>
   <trkpt lat="52.45574" lon="13.558441">
    <ele>38</ele>
    <time>2025-06-15T08:28:53.000Z</time>
   </trkpt>
   <trkpt lat="52.455787" lon="13.558758">
    <ele>37.8</ele>
    <time>2025-06-15T08:28:57.000Z</time>
   </trkpt>
   <trkpt lat="52.455813" lon="13.558934">
    <ele>37.8</ele>
    <time>2025-06-15T08:28:59.000Z</time>
   </trkpt>
   <trkpt lat="52.455853" lon="13.55921">
    <ele>37.8</ele>
    <time>2025-06-15T08:29:02.000Z</time>
   </trkpt>
   <trkpt lat="52.455865" lon="13.559302">
    <ele>37.8</ele>
    <time>2025-06-15T08:29:03.000Z</time>
   </trkpt>
   <trkpt lat="52.4559" lon="13.559582">
    <ele>38</ele>
    <time>2025-06-15T08:29:06.000Z</time>
   </trkpt>
   <trkpt lat="52.455942" lon="13.559858">
    <ele>38.2</ele>
    <time>2025-06-15T08:29:09.000Z</time>
   </trkpt>
   <trkpt lat="52.455995" lon="13.560233">
    <ele>38.4</ele>
    <time>2025-06-15T08:29:13.000Z</time>
   </trkpt>
   <trkpt lat="52.456108" lon="13.560999">
    <ele>38.2</ele>
    <time>2025-06-15T08:29:21.000Z</time>
   </trkpt>
   <trkpt lat="52.456197" lon="13.561549">
    <ele>38.2</ele>
    <time>2025-06-15T08:29:27.000Z</time>
   </trkpt>
   <trkpt lat="52.456226" lon="13.561741">
    <ele>38.2</ele>
    <time>2025-06-15T08:29:29.000Z</time>
   </trkpt>
   <trkpt lat="52.456288" lon="13.562341">
    <ele>38.2</ele>
    <time>2025-06-15T08:29:35.000Z</time>
   </trkpt>
   <trkpt lat="52.456291" lon="13.56244">
    <ele>38.2</ele>
    <time>2025-06-15T08:29:36.000Z</time>
   </trkpt>
   <trkpt lat="52.456307" lon="13.562619">
    <ele>38.2</ele>
    <time>2025-06-15T08:29:38.000Z</time>
   </trkpt>
   <trkpt lat="52.456344" lon="13.563005">
    <ele>38.2</ele>
    <time>2025-06-15T08:29:42.000Z</time>
   </trkpt>
   <trkpt lat="52.45636" lon="13.563403">
    <ele>38.2</ele>
    <time>2025-06-15T08:29:46.000Z</time>
   </trkpt>
   <trkpt lat="52.456357" lon="13.563621">
    <ele>38.2</ele>
    <time>2025-06-15T08:29:48.000Z</time>
   </trkpt>
   <trkpt lat="52.456335" lon="13.563944">
    <ele>38.2</ele>
    <time>2025-06-15T08:29:51.000Z</time>
   </trkpt>
   <trkpt lat="52.456276" lon="13.564252">
    <ele>38.2</ele>
    <time>2025-06-15T08:29:54.000Z</time>
   </trkpt>
   <trkpt lat="52.456091" lon="13.565006">
    <ele>38.2</ele>
    <time>2025-06-15T08:30:02.000Z</time>
   </trkpt>
   <trkpt lat="52.456017" lon="13.565253">
    <ele>38.2</ele>
    <time>2025-06-15T08:30:05.000Z</time>
   </trkpt>
   <trkpt lat="52.455888" lon="13.565595">
    <ele>38</ele>
    <time>2025-06-15T08:30:09.000Z</time>
   </trkpt>
   <trkpt lat="52.455672" lon="13.566114">
    <ele>37.6</ele>
    <time>2025-06-15T08:30:15.000Z</time>
   </trkpt>
   <trkpt lat="52.45564" lon="13.566206">
    <ele>37.6</ele>
    <time>2025-06-15T08:30:16.000Z</time>
   </trkpt>
   <trkpt lat="52.455538" lon="13.56647">
    <ele>37.6</ele>
    <time>2025-06-15T08:30:19.000Z</time>
   </trkpt>
   <trkpt lat="52.455444" lon="13.566614">
    <ele>37.6</ele>
    <time>2025-06-15T08:30:21.000Z</time>
   </trkpt>
   <trkpt lat="52.455116" lon="13.566974">
    <ele>37.6</ele>
    <time>2025-06-15T08:30:27.000Z</time>
   </trkpt>
   <trkpt lat="52.455055" lon="13.56702">
    <ele>37.6</ele>
    <time>2025-06-15T08:30:28.000Z</time>
   </trkpt>
   <trkpt lat="52.45481" lon="13.567187">
    <ele>37.2</ele>
    <time>2025-06-15T08:30:32.000Z</time>
   </trkpt>
   <trkpt lat="52.454757" lon="13.567242">
    <ele>37.2</ele>
    <time>2025-06-15T08:30:33.000Z</time>
   </trkpt>
   <trkpt lat="52.454449" lon="13.567567">
    <ele>37</ele>
    <time>2025-06-15T08:30:39.000Z</time>
   </trkpt>
   <trkpt lat="52.454136" lon="13.567904">
    <ele>37.2</ele>
    <time>2025-06-15T08:30:45.000Z</time>
   </trkpt>
   <trkpt lat="52.453774" lon="13.568283">
    <ele>37.4</ele>
    <time>2025-06-15T08:30:52.000Z</time>
   </trkpt>
   <trkpt lat="52.453467" lon="13.568588">
    <ele>37.6</ele>
    <time>2025-06-15T08:30:58.000Z</time>
   </trkpt>
   <trkpt lat="52.45318" lon="13.568896">
    <ele>37.6</ele>
    <time>2025-06-15T08:31:04.000Z</time>
   </trkpt>
   <trkpt lat="52.453042" lon="13.569029">
    <ele>37.6</ele>
    <time>2025-06-15T08:31:08.000Z</time>
   </trkpt>
   <trkpt lat="52.453017" lon="13.569057">
    <ele>37.6</ele>
    <time>2025-06-15T08:31:09.000Z</time>
   </trkpt>
   <trkpt lat="52.45295" lon="13.569128">
    <ele>37.6</ele>
    <time>2025-06-15T08:31:11.000Z</time>
   </trkpt>
   <trkpt lat="52.452902" lon="13.569182">
    <ele>37.6</ele>
    <time>2025-06-15T08:31:12.000Z</time>
   </trkpt>
   <trkpt lat="52.452737" lon="13.569371">
    <ele>37.6</ele>
    <time>2025-06-15T08:31:16.000Z</time>
   </trkpt>
   <trkpt lat="52.452701" lon="13.569407">
    <ele>37.6</ele>
    <time>2025-06-15T08:31:17.000Z</time>
   </trkpt>
   <trkpt lat="52.452493" lon="13.569637">
    <ele>37.8</ele>
    <time>2025-06-15T08:31:22.000Z</time>
   </trkpt>
   <trkpt lat="52.452394" lon="13.569754">
    <ele>37.8</ele>
    <time>2025-06-15T08:31:24.000Z</time>
   </trkpt>
   <trkpt lat="52.452283" lon="13.569864">
    <ele>38</ele>
    <time>2025-06-15T08:31:26.000Z</time>
   </trkpt>
   <trkpt lat="52.452168" lon="13.569989">
    <ele>38</ele>
    <time>2025-06-15T08:31:28.000Z</time>
   </trkpt>
   <trkpt lat="52.452058" lon="13.570121">
    <ele>38.2</ele>
    <time>2025-06-15T08:31:30.000Z</time>
   </trkpt>
   <trkpt lat="52.452024" lon="13.570181">
    <ele>38.2</ele>
    <time>2025-06-15T08:31:31.000Z</time>
   </trkpt>
   <trkpt lat="52.451756" lon="13.570554">
    <ele>38</ele>
    <time>2025-06-15T08:31:37.000Z</time>
   </trkpt>
   <trkpt lat="52.451482" lon="13.570966">
    <ele>37.6</ele>
    <time>2025-06-15T08:31:44.000Z</time>
   </trkpt>
   <trkpt lat="52.451372" lon="13.571127">
    <ele>37.6</ele>
    <time>2025-06-15T08:31:47.000Z</time>
   </trkpt>
   <trkpt lat="52.451204" lon="13.571391">
    <ele>37.6</ele>
    <time>2025-06-15T08:31:52.000Z</time>
   </trkpt>
   <trkpt lat="52.451131" lon="13.571463">
    <ele>37.6</ele>
    <time>2025-06-15T08:31:55.000Z</time>
   </trkpt>
   <trkpt lat="52.451115" lon="13.571479">
    <ele>37.6</ele>
    <time>2025-06-15T08:31:56.000Z</time>
   </trkpt>
   <trkpt lat="52.451104" lon="13.571502">
    <ele>37.8</ele>
    <time>2025-06-15T08:32:02.000Z</time>
   </trkpt>
   <trkpt lat="52.451088" lon="13.571519">
    <ele>37.8</ele>
    <time>2025-06-15T08:32:03.000Z</time>
   </trkpt>
   <trkpt lat="52.451077" lon="13.571541">
    <ele>37.8</ele>
    <time>2025-06-15T08:32:04.000Z</time>
   </trkpt>
   <trkpt lat="52.451067" lon="13.571571">
    <ele>37.8</ele>
    <time>2025-06-15T08:32:05.000Z</time>
   </trkpt>
   <trkpt lat="52.451034" lon="13.57164">
    <ele>37.6</ele>
    <time>2025-06-15T08:32:07.000Z</time>
   </trkpt>
   <trkpt lat="52.450989" lon="13.571717">
    <ele>37.6</ele>
    <time>2025-06-15T08:32:09.000Z</time>
   </trkpt>
   <trkpt lat="52.45095" lon="13.571786">
    <ele>37.4</ele>
    <time>2025-06-15T08:32:11.000Z</time>
   </trkpt>
   <trkpt lat="52.450904" lon="13.57185">
    <ele>37.4</ele>
    <time>2025-06-15T08:32:13.000Z</time>
   </trkpt>
   <trkpt lat="52.450897" lon="13.571848">
    <ele>37.4</ele>
    <time>2025-06-15T08:32:14.000Z</time>
   </trkpt>
   <trkpt lat="52.450897" lon="13.571848">
    <ele>37.4</ele>
    <time>2025-06-15T08:32:15.000Z</time>
   </trkpt>
   <trkpt lat="52.450895" lon="13.571861">
    <ele>37.4</ele>
    <time>2025-06-15T08:32:16.000Z</time>
   </trkpt>
   <trkpt lat="52.450881" lon="13.571887">
    <ele>36.8</ele>
    <time>2025-06-15T08:33:36.000Z</time>
   </trkpt>
   <trkpt lat="52.450875" lon="13.571923">
    <ele>36.8</ele>
    <time>2025-06-15T08:33:37.000Z</time>
   </trkpt>
   <trkpt lat="52.450896" lon="13.572015">
    <ele>36.8</ele>
    <time>2025-06-15T08:33:39.000Z</time>
   </trkpt>
   <trkpt lat="52.450982" lon="13.57222">
    <ele>36.8</ele>
    <time>2025-06-15T08:33:43.000Z</time>
   </trkpt>
   <trkpt lat="52.451013" lon="13.57226">
    <ele>36.8</ele>
    <time>2025-06-15T08:33:44.000Z</time>
   </trkpt>
   <trkpt lat="52.451047" lon="13.572296">
    <ele>36.8</ele>
    <time>2025-06-15T08:33:45.000Z</time>
   </trkpt>
   <trkpt lat="52.451143" lon="13.572429">
    <ele>37</ele>
    <time>2025-06-15T08:33:48.000Z</time>
   </trkpt>
   <trkpt lat="52.451307" lon="13.572678">
    <ele>37</ele>
    <time>2025-06-15T08:33:52.000Z</time>
   </trkpt>
   <trkpt lat="52.451422" lon="13.572844">
    <ele>37</ele>
    <time>2025-06-15T08:33:55.000Z</time>
   </trkpt>
   <trkpt lat="52.451712" lon="13.573229">
    <ele>37</ele>
    <time>2025-06-15T08:34:02.000Z</time>
   </trkpt>
   <trkpt lat="52.45183" lon="13.573373">
    <ele>37.2</ele>
    <time>2025-06-15T08:34:05.000Z</time>
   </trkpt>
   <trkpt lat="52.452093" lon="13.573678">
    <ele>37.4</ele>
    <time>2025-06-15T08:34:11.000Z</time>
   </trkpt>
   <trkpt lat="52.452461" lon="13.574105">
    <ele>37.4</ele>
    <time>2025-06-15T08:34:20.000Z</time>
   </trkpt>
   <trkpt lat="52.452575" lon="13.574258">
    <ele>37.6</ele>
    <time>2025-06-15T08:34:25.000Z</time>
   </trkpt>
   <trkpt lat="52.452695" lon="13.574419">
    <ele>37.4</ele>
    <time>2025-06-15T08:34:32.000Z</time>
   </trkpt>
   <trkpt lat="52.452721" lon="13.574556">
    <ele>37.4</ele>
    <time>2025-06-15T08:34:35.000Z</time>
   </trkpt>
   <trkpt lat="52.452715" lon="13.574614">
    <ele>37.4</ele>
    <time>2025-06-15T08:34:36.000Z</time>
   </trkpt>
   <trkpt lat="52.452698" lon="13.574885">
    <ele>37.6</ele>
    <time>2025-06-15T08:34:40.000Z</time>
   </trkpt>
   <trkpt lat="52.4527" lon="13.574952">
    <ele>37.6</ele>
    <time>2025-06-15T08:34:41.000Z</time>
   </trkpt>
   <trkpt lat="52.452756" lon="13.575435">
    <ele>37.8</ele>
    <time>2025-06-15T08:34:48.000Z</time>
   </trkpt>
   <trkpt lat="52.452769" lon="13.575692">
    <ele>37.6</ele>
    <time>2025-06-15T08:34:52.000Z</time>
   </trkpt>
   <trkpt lat="52.452759" lon="13.575746">
    <ele>37.6</ele>
    <time>2025-06-15T08:34:53.000Z</time>
   </trkpt>
   <trkpt lat="52.452763" lon="13.575902">
    <ele>37.2</ele>
    <time>2025-06-15T08:34:56.000Z</time>
   </trkpt>
   <trkpt lat="52.45267" lon="13.57606">
    <ele>37.4</ele>
    <time>2025-06-15T08:34:59.000Z</time>
   </trkpt>
   <trkpt lat="52.45274" lon="13.57621">
    <ele>37.6</ele>
    <time>2025-06-15T08:35:01.000Z</time>
   </trkpt>
   <trkpt lat="52.452776" lon="13.576298">
    <ele>37.6</ele>
    <time>2025-06-15T08:35:02.000Z</time>
   </trkpt>
   <trkpt lat="52.452755" lon="13.57659">
    <ele>37.6</ele>
    <time>2025-06-15T08:35:05.000Z</time>
   </trkpt>
   <trkpt lat="52.452755" lon="13.576776">
    <ele>37.8</ele>
    <time>2025-06-15T08:35:07.000Z</time>
   </trkpt>
   <trkpt lat="52.452747" lon="13.576865">
    <ele>37.8</ele>
    <time>2025-06-15T08:35:08.000Z</time>
   </trkpt>
   <trkpt lat="52.452681" lon="13.577032">
    <ele>37.8</ele>
    <time>2025-06-15T08:35:10.000Z</time>
   </trkpt>
   <trkpt lat="52.452589" lon="13.577218">
    <ele>38</ele>
    <time>2025-06-15T08:35:12.000Z</time>
   </trkpt>
   <trkpt lat="52.452578" lon="13.577315">
    <ele>38</ele>
    <time>2025-06-15T08:35:13.000Z</time>
   </trkpt>
   <trkpt lat="52.452535" lon="13.577584">
    <ele>38</ele>
    <time>2025-06-15T08:35:16.000Z</time>
   </trkpt>
   <trkpt lat="52.452478" lon="13.577857">
    <ele>38.2</ele>
    <time>2025-06-15T08:35:19.000Z</time>
   </trkpt>
   <trkpt lat="52.452456" lon="13.57805">
    <ele>38.2</ele>
    <time>2025-06-15T08:35:21.000Z</time>
   </trkpt>
   <trkpt lat="52.452396" lon="13.578409">
    <ele>38.4</ele>
    <time>2025-06-15T08:35:25.000Z</time>
   </trkpt>
   <trkpt lat="52.452305" lon="13.578833">
    <ele>38</ele>
    <time>2025-06-15T08:35:30.000Z</time>
   </trkpt>
   <trkpt lat="52.452179" lon="13.579463">
    <ele>38</ele>
    <time>2025-06-15T08:35:37.000Z</time>
   </trkpt>
   <trkpt lat="52.452163" lon="13.579553">
    <ele>38.2</ele>
    <time>2025-06-15T08:35:38.000Z</time>
   </trkpt>
   <trkpt lat="52.452044" lon="13.580186">
    <ele>38.8</ele>
    <time>2025-06-15T08:35:45.000Z</time>
   </trkpt>
   <trkpt lat="52.451973" lon="13.580553">
    <ele>39.2</ele>
    <time>2025-06-15T08:35:49.000Z</time>
   </trkpt>
   <trkpt lat="52.451956" lon="13.58064">
    <ele>39.4</ele>
    <time>2025-06-15T08:35:50.000Z</time>
   </trkpt>
   <trkpt lat="52.451926" lon="13.580811">
    <ele>39.4</ele>
    <time>2025-06-15T08:35:52.000Z</time>
   </trkpt>
   <trkpt lat="52.451866" lon="13.581063">
    <ele>39.6</ele>
    <time>2025-06-15T08:35:55.000Z</time>
   </trkpt>
   <trkpt lat="52.451787" lon="13.581357">
    <ele>39.8</ele>
    <time>2025-06-15T08:35:59.000Z</time>
   </trkpt>
   <trkpt lat="52.45172" lon="13.581711">
    <ele>40.4</ele>
    <time>2025-06-15T08:36:03.000Z</time>
   </trkpt>
   <trkpt lat="52.4517" lon="13.581803">
    <ele>40.6</ele>
    <time>2025-06-15T08:36:04.000Z</time>
   </trkpt>
   <trkpt lat="52.451617" lon="13.582346">
    <ele>40.8</ele>
    <time>2025-06-15T08:36:10.000Z</time>
   </trkpt>
   <trkpt lat="52.451613" lon="13.582434">
    <ele>40.8</ele>
    <time>2025-06-15T08:36:11.000Z</time>
   </trkpt>
   <trkpt lat="52.451613" lon="13.582878">
    <ele>40.4</ele>
    <time>2025-06-15T08:36:16.000Z</time>
   </trkpt>
   <trkpt lat="52.451629" lon="13.583159">
    <ele>40.6</ele>
    <time>2025-06-15T08:36:19.000Z</time>
   </trkpt>
   <trkpt lat="52.45164" lon="13.58336">
    <ele>40.4</ele>
    <time>2025-06-15T08:36:21.000Z</time>
   </trkpt>
   <trkpt lat="52.451636" lon="13.58389">
    <ele>40</ele>
    <time>2025-06-15T08:36:26.000Z</time>
   </trkpt>
   <trkpt lat="52.451623" lon="13.584094">
    <ele>39.8</ele>
    <time>2025-06-15T08:36:28.000Z</time>
   </trkpt>
   <trkpt lat="52.451623" lon="13.584196">
    <ele>39.4</ele>
    <time>2025-06-15T08:36:29.000Z</time>
   </trkpt>
   <trkpt lat="52.451629" lon="13.584399">
    <ele>39.4</ele>
    <time>2025-06-15T08:36:31.000Z</time>
   </trkpt>
   <trkpt lat="52.451636" lon="13.585112">
    <ele>38.8</ele>
    <time>2025-06-15T08:36:38.000Z</time>
   </trkpt>
   <trkpt lat="52.451629" lon="13.585204">
    <ele>38.8</ele>
    <time>2025-06-15T08:36:39.000Z</time>
   </trkpt>
   <trkpt lat="52.451578" lon="13.585556">
    <ele>39</ele>
    <time>2025-06-15T08:36:43.000Z</time>
   </trkpt>
   <trkpt lat="52.451565" lon="13.58563">
    <ele>39</ele>
    <time>2025-06-15T08:36:44.000Z</time>
   </trkpt>
   <trkpt lat="52.451532" lon="13.585846">
    <ele>39</ele>
    <time>2025-06-15T08:36:47.000Z</time>
   </trkpt>
   <trkpt lat="52.451496" lon="13.585981">
    <ele>39</ele>
    <time>2025-06-15T08:36:49.000Z</time>
   </trkpt>
   <trkpt lat="52.451473" lon="13.586098">
    <ele>39.2</ele>
    <time>2025-06-15T08:36:51.000Z</time>
   </trkpt>
   <trkpt lat="52.451454" lon="13.586192">
    <ele>39.2</ele>
    <time>2025-06-15T08:36:53.000Z</time>
   </trkpt>
   <trkpt lat="52.45142" lon="13.586505">
    <ele>39.2</ele>
    <time>2025-06-15T08:36:57.000Z</time>
   </trkpt>
   <trkpt lat="52.451414" lon="13.586598">
    <ele>39.2</ele>
    <time>2025-06-15T08:36:58.000Z</time>
   </trkpt>
   <trkpt lat="52.451414" lon="13.586774">
    <ele>39.2</ele>
    <time>2025-06-15T08:37:00.000Z</time>
   </trkpt>
   <trkpt lat="52.451411" lon="13.586857">
    <ele>39.2</ele>
    <time>2025-06-15T08:37:01.000Z</time>
   </trkpt>
   <trkpt lat="52.451374" lon="13.58747">
    <ele>38.8</ele>
    <time>2025-06-15T08:37:07.000Z</time>
   </trkpt>
   <trkpt lat="52.451364" lon="13.58804">
    <ele>38.8</ele>
    <time>2025-06-15T08:37:12.000Z</time>
   </trkpt>
   <trkpt lat="52.451362" lon="13.588291">
    <ele>38.8</ele>
    <time>2025-06-15T08:37:14.000Z</time>
   </trkpt>
   <trkpt lat="52.451352" lon="13.588679">
    <ele>38.2</ele>
    <time>2025-06-15T08:37:17.000Z</time>
   </trkpt>
   <trkpt lat="52.451347" lon="13.588947">
    <ele>38</ele>
    <time>2025-06-15T08:37:19.000Z</time>
   </trkpt>
   <trkpt lat="52.451331" lon="13.589361">
    <ele>37.8</ele>
    <time>2025-06-15T08:37:22.000Z</time>
   </trkpt>
   <trkpt lat="52.451311" lon="13.589925">
    <ele>37.8</ele>
    <time>2025-06-15T08:37:26.000Z</time>
   </trkpt>
   <trkpt lat="52.451278" lon="13.590498">
    <ele>37.8</ele>
    <time>2025-06-15T08:37:30.000Z</time>
   </trkpt>
   <trkpt lat="52.45126" lon="13.590785">
    <ele>37.8</ele>
    <time>2025-06-15T08:37:32.000Z</time>
   </trkpt>
   <trkpt lat="52.451235" lon="13.591659">
    <ele>37.6</ele>
    <time>2025-06-15T08:37:38.000Z</time>
   </trkpt>
   <trkpt lat="52.451238" lon="13.591795">
    <ele>37.6</ele>
    <time>2025-06-15T08:37:39.000Z</time>
   </trkpt>
   <trkpt lat="52.451253" lon="13.592065">
    <ele>37.6</ele>
    <time>2025-06-15T08:37:41.000Z</time>
   </trkpt>
   <trkpt lat="52.451296" lon="13.592316">
    <ele>37.4</ele>
    <time>2025-06-15T08:37:43.000Z</time>
   </trkpt>
   <trkpt lat="52.451428" lon="13.592732">
    <ele>37.6</ele>
    <time>2025-06-15T08:37:47.000Z</time>
   </trkpt>
   <trkpt lat="52.451459" lon="13.592814">
    <ele>37.6</ele>
    <time>2025-06-15T08:37:48.000Z</time>
   </trkpt>
   <trkpt lat="52.451503" lon="13.592963">
    <ele>37.8</ele>
    <time>2025-06-15T08:37:51.000Z</time>
   </trkpt>
   <trkpt lat="52.451506" lon="13.592972">
    <ele>38</ele>
    <time>2025-06-15T08:37:52.000Z</time>
   </trkpt>
   <trkpt lat="52.451496" lon="13.593012">
    <ele>37.8</ele>
    <time>2025-06-15T08:38:22.000Z</time>
   </trkpt>
   <trkpt lat="52.451495" lon="13.593048">
    <ele>37.8</ele>
    <time>2025-06-15T08:38:23.000Z</time>
   </trkpt>
   <trkpt lat="52.451484" lon="13.593282">
    <ele>37.8</ele>
    <time>2025-06-15T08:38:28.000Z</time>
   </trkpt>
   <trkpt lat="52.451495" lon="13.593411">
    <ele>37.8</ele>
    <time>2025-06-15T08:38:31.000Z</time>
   </trkpt>
   <trkpt lat="52.45151" lon="13.593432">
    <ele>37.8</ele>
    <time>2025-06-15T08:38:32.000Z</time>
   </trkpt>
   <trkpt lat="52.451585" lon="13.59345">
    <ele>38</ele>
    <time>2025-06-15T08:38:35.000Z</time>
   </trkpt>
   <trkpt lat="52.451625" lon="13.593462">
    <ele>38</ele>
    <time>2025-06-15T08:38:36.000Z</time>
   </trkpt>
   <trkpt lat="52.451667" lon="13.593471">
    <ele>38</ele>
    <time>2025-06-15T08:38:37.000Z</time>
   </trkpt>
   <trkpt lat="52.451748" lon="13.59349">
    <ele>37.8</ele>
    <time>2025-06-15T08:38:39.000Z</time>
   </trkpt>
   <trkpt lat="52.451832" lon="13.59353">
    <ele>37.8</ele>
    <time>2025-06-15T08:38:41.000Z</time>
   </trkpt>
   <trkpt lat="52.451986" lon="13.593564">
    <ele>37.8</ele>
    <time>2025-06-15T08:38:44.000Z</time>
   </trkpt>
   <trkpt lat="52.452093" lon="13.593575">
    <ele>37.6</ele>
    <time>2025-06-15T08:38:46.000Z</time>
   </trkpt>
   <trkpt lat="52.452295" lon="13.593598">
    <ele>37.2</ele>
    <time>2025-06-15T08:38:50.000Z</time>
   </trkpt>
   <trkpt lat="52.452376" lon="13.593656">
    <ele>37.2</ele>
    <time>2025-06-15T08:38:52.000Z</time>
   </trkpt>
   <trkpt lat="52.452539" lon="13.593801">
    <ele>37.2</ele>
    <time>2025-06-15T08:38:56.000Z</time>
   </trkpt>
   <trkpt lat="52.452643" lon="13.593941">
    <ele>37</ele>
    <time>2025-06-15T08:38:59.000Z</time>
   </trkpt>
   <trkpt lat="52.452718" lon="13.594126">
    <ele>37</ele>
    <time>2025-06-15T08:39:02.000Z</time>
   </trkpt>
   <trkpt lat="52.452743" lon="13.59428">
    <ele>37</ele>
    <time>2025-06-15T08:39:04.000Z</time>
   </trkpt>
   <trkpt lat="52.45284" lon="13.594819">
    <ele>37.4</ele>
    <time>2025-06-15T08:39:11.000Z</time>
   </trkpt>
   <trkpt lat="52.452928" lon="13.595214">
    <ele>37.4</ele>
    <time>2025-06-15T08:39:16.000Z</time>
   </trkpt>
   <trkpt lat="52.452937" lon="13.595298">
    <ele>37.4</ele>
    <time>2025-06-15T08:39:17.000Z</time>
   </trkpt>
   <trkpt lat="52.452933" lon="13.595848">
    <ele>37.2</ele>
    <time>2025-06-15T08:39:23.000Z</time>
   </trkpt>
   <trkpt lat="52.452847" lon="13.596404">
    <ele>37.4</ele>
    <time>2025-06-15T08:39:29.000Z</time>
   </trkpt>
   <trkpt lat="52.452744" lon="13.596806">
    <ele>37.6</ele>
    <time>2025-06-15T08:39:34.000Z</time>
   </trkpt>
   <trkpt lat="52.452727" lon="13.596887">
    <ele>37.8</ele>
    <time>2025-06-15T08:39:35.000Z</time>
   </trkpt>
   <trkpt lat="52.45263" lon="13.597313">
    <ele>38.2</ele>
    <time>2025-06-15T08:39:40.000Z</time>
   </trkpt>
   <trkpt lat="52.452524" lon="13.597659">
    <ele>38.4</ele>
    <time>2025-06-15T08:39:44.000Z</time>
   </trkpt>
   <trkpt lat="52.452493" lon="13.597746">
    <ele>38.4</ele>
    <time>2025-06-15T08:39:45.000Z</time>
   </trkpt>
   <trkpt lat="52.452415" lon="13.597998">
    <ele>38.4</ele>
    <time>2025-06-15T08:39:48.000Z</time>
   </trkpt>
   <trkpt lat="52.452364" lon="13.598184">
    <ele>38.4</ele>
    <time>2025-06-15T08:39:50.000Z</time>
   </trkpt>
   <trkpt lat="52.452188" lon="13.59875">
    <ele>38.4</ele>
    <time>2025-06-15T08:39:56.000Z</time>
   </trkpt>
   <trkpt lat="52.452101" lon="13.599026">
    <ele>38.4</ele>
    <time>2025-06-15T08:39:59.000Z</time>
   </trkpt>
   <trkpt lat="52.451924" lon="13.599633">
    <ele>38.4</ele>
    <time>2025-06-15T08:40:06.000Z</time>
   </trkpt>
   <trkpt lat="52.451768" lon="13.600197">
    <ele>38.4</ele>
    <time>2025-06-15T08:40:13.000Z</time>
   </trkpt>
   <trkpt lat="52.451694" lon="13.600583">
    <ele>38.4</ele>
    <time>2025-06-15T08:40:19.000Z</time>
   </trkpt>
   <trkpt lat="52.451686" lon="13.600746">
    <ele>38.4</ele>
    <time>2025-06-15T08:40:23.000Z</time>
   </trkpt>
   <trkpt lat="52.451671" lon="13.600848">
    <ele>38.4</ele>
    <time>2025-06-15T08:40:27.000Z</time>
   </trkpt>
   <trkpt lat="52.451638" lon="13.600948">
    <ele>38.4</ele>
    <time>2025-06-15T08:40:30.000Z</time>
   </trkpt>
   <trkpt lat="52.451519" lon="13.601033">
    <ele>38.4</ele>
    <time>2025-06-15T08:40:34.000Z</time>
   </trkpt>
   <trkpt lat="52.451464" lon="13.601124">
    <ele>38.4</ele>
    <time>2025-06-15T08:40:36.000Z</time>
   </trkpt>
   <trkpt lat="52.451375" lon="13.601379">
    <ele>38.4</ele>
    <time>2025-06-15T08:40:40.000Z</time>
   </trkpt>
   <trkpt lat="52.451239" lon="13.60183">
    <ele>38.4</ele>
    <time>2025-06-15T08:40:46.000Z</time>
   </trkpt>
   <trkpt lat="52.451192" lon="13.601983">
    <ele>38.6</ele>
    <time>2025-06-15T08:40:48.000Z</time>
   </trkpt>
   <trkpt lat="52.451105" lon="13.602296">
    <ele>38.6</ele>
    <time>2025-06-15T08:40:52.000Z</time>
   </trkpt>
   <trkpt lat="52.451062" lon="13.602445">
    <ele>38.6</ele>
    <time>2025-06-15T08:40:54.000Z</time>
   </trkpt>
   <trkpt lat="52.450999" lon="13.602668">
    <ele>38.6</ele>
    <time>2025-06-15T08:40:57.000Z</time>
   </trkpt>
   <trkpt lat="52.450811" lon="13.603237">
    <ele>38.8</ele>
    <time>2025-06-15T08:41:04.000Z</time>
   </trkpt>
   <trkpt lat="52.450785" lon="13.603319">
    <ele>38.8</ele>
    <time>2025-06-15T08:41:05.000Z</time>
   </trkpt>
   <trkpt lat="52.450686" lon="13.603644">
    <ele>38.8</ele>
    <time>2025-06-15T08:41:09.000Z</time>
   </trkpt>
   <trkpt lat="52.450499" lon="13.604274">
    <ele>39</ele>
    <time>2025-06-15T08:41:16.000Z</time>
   </trkpt>
   <trkpt lat="52.45047" lon="13.604372">
    <ele>39</ele>
    <time>2025-06-15T08:41:17.000Z</time>
   </trkpt>
   <trkpt lat="52.450327" lon="13.604774">
    <ele>39</ele>
    <time>2025-06-15T08:41:21.000Z</time>
   </trkpt>
   <trkpt lat="52.450236" lon="13.605047">
    <ele>39</ele>
    <time>2025-06-15T08:41:24.000Z</time>
   </trkpt>
   <trkpt lat="52.450172" lon="13.605225">
    <ele>39.2</ele>
    <time>2025-06-15T08:41:26.000Z</time>
   </trkpt>
   <trkpt lat="52.450147" lon="13.605312">
    <ele>39.2</ele>
    <time>2025-06-15T08:41:27.000Z</time>
   </trkpt>
   <trkpt lat="52.450065" lon="13.605542">
    <ele>39.4</ele>
    <time>2025-06-15T08:41:30.000Z</time>
   </trkpt>
   <trkpt lat="52.450041" lon="13.605634">
    <ele>39.4</ele>
    <time>2025-06-15T08:41:31.000Z</time>
   </trkpt>
   <trkpt lat="52.449852" lon="13.606268">
    <ele>39.4</ele>
    <time>2025-06-15T08:41:38.000Z</time>
   </trkpt>
   <trkpt lat="52.449662" lon="13.606857">
    <ele>39</ele>
    <time>2025-06-15T08:41:44.000Z</time>
   </trkpt>
   <trkpt lat="52.449635" lon="13.606951">
    <ele>39</ele>
    <time>2025-06-15T08:41:45.000Z</time>
   </trkpt>
   <trkpt lat="52.449602" lon="13.607099">
    <ele>39</ele>
    <time>2025-06-15T08:41:47.000Z</time>
   </trkpt>
   <trkpt lat="52.449517" lon="13.607325">
    <ele>38.8</ele>
    <time>2025-06-15T08:41:49.000Z</time>
   </trkpt>
   <trkpt lat="52.449328" lon="13.607886">
    <ele>38.4</ele>
    <time>2025-06-15T08:41:55.000Z</time>
   </trkpt>
   <trkpt lat="52.449243" lon="13.608124">
    <ele>38.2</ele>
    <time>2025-06-15T08:41:58.000Z</time>
   </trkpt>
   <trkpt lat="52.449192" lon="13.608274">
    <ele>38.2</ele>
    <time>2025-06-15T08:42:00.000Z</time>
   </trkpt>
   <trkpt lat="52.449168" lon="13.608346">
    <ele>38.2</ele>
    <time>2025-06-15T08:42:01.000Z</time>
   </trkpt>
   <trkpt lat="52.448865" lon="13.609227">
    <ele>38.2</ele>
    <time>2025-06-15T08:42:12.000Z</time>
   </trkpt>
   <trkpt lat="52.448837" lon="13.60931">
    <ele>38.2</ele>
    <time>2025-06-15T08:42:13.000Z</time>
   </trkpt>
   <trkpt lat="52.448559" lon="13.61009">
    <ele>38.2</ele>
    <time>2025-06-15T08:42:23.000Z</time>
   </trkpt>
   <trkpt lat="52.448302" lon="13.610741">
    <ele>38.2</ele>
    <time>2025-06-15T08:42:32.000Z</time>
   </trkpt>
   <trkpt lat="52.448153" lon="13.611155">
    <ele>38.4</ele>
    <time>2025-06-15T08:42:38.000Z</time>
   </trkpt>
   <trkpt lat="52.447917" lon="13.611785">
    <ele>38.6</ele>
    <time>2025-06-15T08:42:46.000Z</time>
   </trkpt>
   <trkpt lat="52.447768" lon="13.612259">
    <ele>38.6</ele>
    <time>2025-06-15T08:42:52.000Z</time>
   </trkpt>
   <trkpt lat="52.447644" lon="13.612766">
    <ele>38.6</ele>
    <time>2025-06-15T08:42:58.000Z</time>
   </trkpt>
   <trkpt lat="52.447594" lon="13.612939">
    <ele>38.6</ele>
    <time>2025-06-15T08:43:00.000Z</time>
   </trkpt>
   <trkpt lat="52.447466" lon="13.613458">
    <ele>38.4</ele>
    <time>2025-06-15T08:43:06.000Z</time>
   </trkpt>
   <trkpt lat="52.447448" lon="13.613539">
    <ele>38.4</ele>
    <time>2025-06-15T08:43:07.000Z</time>
   </trkpt>
   <trkpt lat="52.447389" lon="13.61377">
    <ele>38.2</ele>
    <time>2025-06-15T08:43:10.000Z</time>
   </trkpt>
   <trkpt lat="52.447229" lon="13.614385">
    <ele>38.2</ele>
    <time>2025-06-15T08:43:17.000Z</time>
   </trkpt>
   <trkpt lat="52.447207" lon="13.61447">
    <ele>38.2</ele>
    <time>2025-06-15T08:43:18.000Z</time>
   </trkpt>
   <trkpt lat="52.447144" lon="13.614719">
    <ele>38.2</ele>
    <time>2025-06-15T08:43:21.000Z</time>
   </trkpt>
   <trkpt lat="52.447125" lon="13.614808">
    <ele>38.2</ele>
    <time>2025-06-15T08:43:22.000Z</time>
   </trkpt>
   <trkpt lat="52.447083" lon="13.614983">
    <ele>38.2</ele>
    <time>2025-06-15T08:43:24.000Z</time>
   </trkpt>
   <trkpt lat="52.447062" lon="13.615063">
    <ele>38.2</ele>
    <time>2025-06-15T08:43:25.000Z</time>
   </trkpt>
   <trkpt lat="52.446903" lon="13.615721">
    <ele>38.4</ele>
    <time>2025-06-15T08:43:33.000Z</time>
   </trkpt>
   <trkpt lat="52.446868" lon="13.615888">
    <ele>38.6</ele>
    <time>2025-06-15T08:43:35.000Z</time>
   </trkpt>
   <trkpt lat="52.446832" lon="13.616042">
    <ele>38.4</ele>
    <time>2025-06-15T08:43:37.000Z</time>
   </trkpt>
   <trkpt lat="52.446776" lon="13.616261">
    <ele>38.4</ele>
    <time>2025-06-15T08:43:40.000Z</time>
   </trkpt>
   <trkpt lat="52.446712" lon="13.616562">
    <ele>38.2</ele>
    <time>2025-06-15T08:43:44.000Z</time>
   </trkpt>
   <trkpt lat="52.446706" lon="13.616642">
    <ele>38</ele>
    <time>2025-06-15T08:43:45.000Z</time>
   </trkpt>
   <trkpt lat="52.446697" lon="13.616716">
    <ele>38</ele>
    <time>2025-06-15T08:43:46.000Z</time>
   </trkpt>
   <trkpt lat="52.446634" lon="13.616966">
    <ele>38.2</ele>
    <time>2025-06-15T08:43:49.000Z</time>
   </trkpt>
   <trkpt lat="52.446614" lon="13.617047">
    <ele>38.2</ele>
    <time>2025-06-15T08:43:50.000Z</time>
   </trkpt>
   <trkpt lat="52.446564" lon="13.617204">
    <ele>38.2</ele>
    <time>2025-06-15T08:43:52.000Z</time>
   </trkpt>
   <trkpt lat="52.446542" lon="13.61727">
    <ele>38.2</ele>
    <time>2025-06-15T08:43:53.000Z</time>
   </trkpt>
   <trkpt lat="52.446539" lon="13.617341">
    <ele>38.2</ele>
    <time>2025-06-15T08:43:54.000Z</time>
   </trkpt>
   <trkpt lat="52.446443" lon="13.617693">
    <ele>38.4</ele>
    <time>2025-06-15T08:43:58.000Z</time>
   </trkpt>
   <trkpt lat="52.44635" lon="13.618228">
    <ele>38.4</ele>
    <time>2025-06-15T08:44:04.000Z</time>
   </trkpt>
   <trkpt lat="52.446316" lon="13.618397">
    <ele>38.4</ele>
    <time>2025-06-15T08:44:06.000Z</time>
   </trkpt>
   <trkpt lat="52.446276" lon="13.618546">
    <ele>38.4</ele>
    <time>2025-06-15T08:44:08.000Z</time>
   </trkpt>
   <trkpt lat="52.446225" lon="13.618811">
    <ele>38.6</ele>
    <time>2025-06-15T08:44:11.000Z</time>
   </trkpt>
   <trkpt lat="52.446122" lon="13.619403">
    <ele>38.8</ele>
    <time>2025-06-15T08:44:18.000Z</time>
   </trkpt>
   <trkpt lat="52.446071" lon="13.620039">
    <ele>38.8</ele>
    <time>2025-06-15T08:44:25.000Z</time>
   </trkpt>
   <trkpt lat="52.446161" lon="13.620598">
    <ele>38.8</ele>
    <time>2025-06-15T08:44:31.000Z</time>
   </trkpt>
   <trkpt lat="52.44629" lon="13.621226">
    <ele>39.2</ele>
    <time>2025-06-15T08:44:38.000Z</time>
   </trkpt>
   <trkpt lat="52.446502" lon="13.622147">
    <ele>39.2</ele>
    <time>2025-06-15T08:44:48.000Z</time>
   </trkpt>
   <trkpt lat="52.446531" lon="13.622232">
    <ele>39.2</ele>
    <time>2025-06-15T08:44:49.000Z</time>
   </trkpt>
   <trkpt lat="52.446703" lon="13.622728">
    <ele>39</ele>
    <time>2025-06-15T08:44:55.000Z</time>
   </trkpt>
   <trkpt lat="52.446721" lon="13.622812">
    <ele>39</ele>
    <time>2025-06-15T08:44:56.000Z</time>
   </trkpt>
   <trkpt lat="52.446745" lon="13.622985">
    <ele>39</ele>
    <time>2025-06-15T08:44:58.000Z</time>
   </trkpt>
   <trkpt lat="52.446748" lon="13.62308">
    <ele>39</ele>
    <time>2025-06-15T08:44:59.000Z</time>
   </trkpt>
   <trkpt lat="52.446753" lon="13.623173">
    <ele>39</ele>
    <time>2025-06-15T08:45:00.000Z</time>
   </trkpt>
   <trkpt lat="52.446776" lon="13.623453">
    <ele>39</ele>
    <time>2025-06-15T08:45:03.000Z</time>
   </trkpt>
   <trkpt lat="52.446784" lon="13.623704">
    <ele>38.8</ele>
    <time>2025-06-15T08:45:07.000Z</time>
   </trkpt>
   <trkpt lat="52.446787" lon="13.623853">
    <ele>38.8</ele>
    <time>2025-06-15T08:45:11.000Z</time>
   </trkpt>
   <trkpt lat="52.446802" lon="13.623917">
    <ele>38.6</ele>
    <time>2025-06-15T08:45:30.000Z</time>
   </trkpt>
   <trkpt lat="52.4468" lon="13.623963">
    <ele>38.4</ele>
    <time>2025-06-15T08:45:31.000Z</time>
   </trkpt>
   <trkpt lat="52.446803" lon="13.624133">
    <ele>38.4</ele>
    <time>2025-06-15T08:45:34.000Z</time>
   </trkpt>
   <trkpt lat="52.446801" lon="13.62427">
    <ele>38.4</ele>
    <time>2025-06-15T08:45:36.000Z</time>
   </trkpt>
   <trkpt lat="52.446788" lon="13.624765">
    <ele>38.2</ele>
    <time>2025-06-15T08:45:42.000Z</time>
   </trkpt>
   <trkpt lat="52.446792" lon="13.624848">
    <ele>38.2</ele>
    <time>2025-06-15T08:45:43.000Z</time>
   </trkpt>
   <trkpt lat="52.446807" lon="13.625007">
    <ele>38.2</ele>
    <time>2025-06-15T08:45:45.000Z</time>
   </trkpt>
   <trkpt lat="52.446817" lon="13.62509">
    <ele>38.2</ele>
    <time>2025-06-15T08:45:46.000Z</time>
   </trkpt>
   <trkpt lat="52.446796" lon="13.625358">
    <ele>38.2</ele>
    <time>2025-06-15T08:45:49.000Z</time>
   </trkpt>
   <trkpt lat="52.446773" lon="13.625555">
    <ele>38.2</ele>
    <time>2025-06-15T08:45:51.000Z</time>
   </trkpt>
   <trkpt lat="52.446723" lon="13.62625">
    <ele>38.2</ele>
    <time>2025-06-15T08:45:58.000Z</time>
   </trkpt>
   <trkpt lat="52.446716" lon="13.626553">
    <ele>38.2</ele>
    <time>2025-06-15T08:46:01.000Z</time>
   </trkpt>
   <trkpt lat="52.446701" lon="13.626758">
    <ele>38.2</ele>
    <time>2025-06-15T08:46:03.000Z</time>
   </trkpt>
   <trkpt lat="52.446695" lon="13.627401">
    <ele>38.2</ele>
    <time>2025-06-15T08:46:10.000Z</time>
   </trkpt>
   <trkpt lat="52.446661" lon="13.628091">
    <ele>38.2</ele>
    <time>2025-06-15T08:46:18.000Z</time>
   </trkpt>
   <trkpt lat="52.446648" lon="13.628621">
    <ele>38.2</ele>
    <time>2025-06-15T08:46:24.000Z</time>
   </trkpt>
   <trkpt lat="52.446642" lon="13.62881">
    <ele>38</ele>
    <time>2025-06-15T08:46:26.000Z</time>
   </trkpt>
   <trkpt lat="52.44663" lon="13.629107">
    <ele>38</ele>
    <time>2025-06-15T08:46:29.000Z</time>
   </trkpt>
   <trkpt lat="52.446635" lon="13.629213">
    <ele>38</ele>
    <time>2025-06-15T08:46:30.000Z</time>
   </trkpt>
   <trkpt lat="52.44664" lon="13.629413">
    <ele>37.8</ele>
    <time>2025-06-15T08:46:32.000Z</time>
   </trkpt>
   <trkpt lat="52.446628" lon="13.629802">
    <ele>37.8</ele>
    <time>2025-06-15T08:46:36.000Z</time>
   </trkpt>
   <trkpt lat="52.446628" lon="13.629988">
    <ele>37.8</ele>
    <time>2025-06-15T08:46:38.000Z</time>
   </trkpt>
   <trkpt lat="52.446643" lon="13.630345">
    <ele>37.6</ele>
    <time>2025-06-15T08:46:42.000Z</time>
   </trkpt>
   <trkpt lat="52.446649" lon="13.63063">
    <ele>37.6</ele>
    <time>2025-06-15T08:46:45.000Z</time>
   </trkpt>
   <trkpt lat="52.446639" lon="13.630824">
    <ele>37.4</ele>
    <time>2025-06-15T08:46:47.000Z</time>
   </trkpt>
   <trkpt lat="52.446644" lon="13.630918">
    <ele>37.4</ele>
    <time>2025-06-15T08:46:48.000Z</time>
   </trkpt>
   <trkpt lat="52.446718" lon="13.63156">
    <ele>37.4</ele>
    <time>2025-06-15T08:46:55.000Z</time>
   </trkpt>
   <trkpt lat="52.446816" lon="13.631985">
    <ele>37.6</ele>
    <time>2025-06-15T08:47:00.000Z</time>
   </trkpt>
   <trkpt lat="52.446876" lon="13.63215">
    <ele>37.8</ele>
    <time>2025-06-15T08:47:02.000Z</time>
   </trkpt>
   <trkpt lat="52.446996" lon="13.632533">
    <ele>37.8</ele>
    <time>2025-06-15T08:47:06.000Z</time>
   </trkpt>
   <trkpt lat="52.447061" lon="13.632678">
    <ele>38</ele>
    <time>2025-06-15T08:47:08.000Z</time>
   </trkpt>
   <trkpt lat="52.447132" lon="13.632817">
    <ele>38</ele>
    <time>2025-06-15T08:47:11.000Z</time>
   </trkpt>
   <trkpt lat="52.447237" lon="13.63315">
    <ele>38</ele>
    <time>2025-06-15T08:47:14.000Z</time>
   </trkpt>
   <trkpt lat="52.44733" lon="13.63349">
    <ele>38.2</ele>
    <time>2025-06-15T08:47:18.000Z</time>
   </trkpt>
   <trkpt lat="52.447372" lon="13.633763">
    <ele>38.2</ele>
    <time>2025-06-15T08:47:21.000Z</time>
   </trkpt>
   <trkpt lat="52.447512" lon="13.634564">
    <ele>38.2</ele>
    <time>2025-06-15T08:47:30.000Z</time>
   </trkpt>
   <trkpt lat="52.447529" lon="13.634655">
    <ele>38.2</ele>
    <time>2025-06-15T08:47:31.000Z</time>
   </trkpt>
   <trkpt lat="52.447553" lon="13.634837">
    <ele>38.2</ele>
    <time>2025-06-15T08:47:33.000Z</time>
   </trkpt>
   <trkpt lat="52.44758" lon="13.635022">
    <ele>38.2</ele>
    <time>2025-06-15T08:47:35.000Z</time>
   </trkpt>
   <trkpt lat="52.447598" lon="13.635117">
    <ele>38.2</ele>
    <time>2025-06-15T08:47:36.000Z</time>
   </trkpt>
   <trkpt lat="52.447649" lon="13.635596">
    <ele>38.2</ele>
    <time>2025-06-15T08:47:41.000Z</time>
   </trkpt>
   <trkpt lat="52.447683" lon="13.636169">
    <ele>38.6</ele>
    <time>2025-06-15T08:47:47.000Z</time>
   </trkpt>
   <trkpt lat="52.447672" lon="13.63695">
    <ele>38.6</ele>
    <time>2025-06-15T08:47:55.000Z</time>
   </trkpt>
   <trkpt lat="52.44764" lon="13.637941">
    <ele>38.4</ele>
    <time>2025-06-15T08:48:05.000Z</time>
   </trkpt>
   <trkpt lat="52.447613" lon="13.638411">
    <ele>38.4</ele>
    <time>2025-06-15T08:48:10.000Z</time>
   </trkpt>
   <trkpt lat="52.447602" lon="13.638596">
    <ele>38.4</ele>
    <time>2025-06-15T08:48:12.000Z</time>
   </trkpt>
   <trkpt lat="52.447575" lon="13.639482">
    <ele>38.4</ele>
    <time>2025-06-15T08:48:21.000Z</time>
   </trkpt>
   <trkpt lat="52.447579" lon="13.640371">
    <ele>38.6</ele>
    <time>2025-06-15T08:48:30.000Z</time>
   </trkpt>
   <trkpt lat="52.447585" lon="13.640746">
    <ele>38.6</ele>
    <time>2025-06-15T08:48:34.000Z</time>
   </trkpt>
   <trkpt lat="52.447578" lon="13.640918">
    <ele>38.8</ele>
    <time>2025-06-15T08:48:36.000Z</time>
   </trkpt>
   <trkpt lat="52.447633" lon="13.641352">
    <ele>38.8</ele>
    <time>2025-06-15T08:48:41.000Z</time>
   </trkpt>
   <trkpt lat="52.447639" lon="13.641435">
    <ele>38.8</ele>
    <time>2025-06-15T08:48:42.000Z</time>
   </trkpt>
   <trkpt lat="52.447667" lon="13.641715">
    <ele>39</ele>
    <time>2025-06-15T08:48:46.000Z</time>
   </trkpt>
   <trkpt lat="52.447687" lon="13.641844">
    <ele>39</ele>
    <time>2025-06-15T08:48:48.000Z</time>
   </trkpt>
   <trkpt lat="52.447702" lon="13.641986">
    <ele>39.2</ele>
    <time>2025-06-15T08:48:50.000Z</time>
   </trkpt>
   <trkpt lat="52.447711" lon="13.642061">
    <ele>39.2</ele>
    <time>2025-06-15T08:48:51.000Z</time>
   </trkpt>
   <trkpt lat="52.447759" lon="13.642313">
    <ele>39.2</ele>
    <time>2025-06-15T08:48:54.000Z</time>
   </trkpt>
   <trkpt lat="52.447785" lon="13.642488">
    <ele>39.2</ele>
    <time>2025-06-15T08:48:56.000Z</time>
   </trkpt>
   <trkpt lat="52.447868" lon="13.643104">
    <ele>39.2</ele>
    <time>2025-06-15T08:49:03.000Z</time>
   </trkpt>
   <trkpt lat="52.447885" lon="13.643271">
    <ele>39.2</ele>
    <time>2025-06-15T08:49:05.000Z</time>
   </trkpt>
   <trkpt lat="52.44791" lon="13.643531">
    <ele>39.2</ele>
    <time>2025-06-15T08:49:08.000Z</time>
   </trkpt>
   <trkpt lat="52.447961" lon="13.643906">
    <ele>39.2</ele>
    <time>2025-06-15T08:49:12.000Z</time>
   </trkpt>
   <trkpt lat="52.448063" lon="13.644685">
    <ele>39.2</ele>
    <time>2025-06-15T08:49:21.000Z</time>
   </trkpt>
   <trkpt lat="52.44815" lon="13.645341">
    <ele>39.6</ele>
    <time>2025-06-15T08:49:29.000Z</time>
   </trkpt>
   <trkpt lat="52.448226" lon="13.645668">
    <ele>39.6</ele>
    <time>2025-06-15T08:49:33.000Z</time>
   </trkpt>
   <trkpt lat="52.448253" lon="13.645745">
    <ele>39.6</ele>
    <time>2025-06-15T08:49:34.000Z</time>
   </trkpt>
   <trkpt lat="52.448475" lon="13.646351">
    <ele>39.8</ele>
    <time>2025-06-15T08:49:42.000Z</time>
   </trkpt>
   <trkpt lat="52.448529" lon="13.646486">
    <ele>39.8</ele>
    <time>2025-06-15T08:49:44.000Z</time>
   </trkpt>
   <trkpt lat="52.448662" lon="13.646766">
    <ele>39.8</ele>
    <time>2025-06-15T08:49:48.000Z</time>
   </trkpt>
   <trkpt lat="52.448837" lon="13.647167">
    <ele>39.6</ele>
    <time>2025-06-15T08:49:53.000Z</time>
   </trkpt>
   <trkpt lat="52.448905" lon="13.647332">
    <ele>39.6</ele>
    <time>2025-06-15T08:49:55.000Z</time>
   </trkpt>
   <trkpt lat="52.449116" lon="13.647837">
    <ele>39.4</ele>
    <time>2025-06-15T08:50:02.000Z</time>
   </trkpt>
   <trkpt lat="52.44915" lon="13.647912">
    <ele>39.4</ele>
    <time>2025-06-15T08:50:03.000Z</time>
   </trkpt>
   <trkpt lat="52.449357" lon="13.648396">
    <ele>39.4</ele>
    <time>2025-06-15T08:50:10.000Z</time>
   </trkpt>
   <trkpt lat="52.449386" lon="13.64847">
    <ele>39.4</ele>
    <time>2025-06-15T08:50:11.000Z</time>
   </trkpt>
   <trkpt lat="52.449464" lon="13.648771">
    <ele>39.4</ele>
    <time>2025-06-15T08:50:15.000Z</time>
   </trkpt>
   <trkpt lat="52.449496" lon="13.648943">
    <ele>39.4</ele>
    <time>2025-06-15T08:50:17.000Z</time>
   </trkpt>
   <trkpt lat="52.449537" lon="13.64921">
    <ele>39</ele>
    <time>2025-06-15T08:50:20.000Z</time>
   </trkpt>
   <trkpt lat="52.449568" lon="13.649381">
    <ele>38.8</ele>
    <time>2025-06-15T08:50:22.000Z</time>
   </trkpt>
   <trkpt lat="52.449593" lon="13.649722">
    <ele>39</ele>
    <time>2025-06-15T08:50:26.000Z</time>
   </trkpt>
   <trkpt lat="52.449594" lon="13.6498">
    <ele>39</ele>
    <time>2025-06-15T08:50:27.000Z</time>
   </trkpt>
   <trkpt lat="52.449592" lon="13.65029">
    <ele>39.4</ele>
    <time>2025-06-15T08:50:33.000Z</time>
   </trkpt>
   <trkpt lat="52.449584" lon="13.650391">
    <ele>39.4</ele>
    <time>2025-06-15T08:50:34.000Z</time>
   </trkpt>
   <trkpt lat="52.44958" lon="13.650694">
    <ele>39.6</ele>
    <time>2025-06-15T08:50:37.000Z</time>
   </trkpt>
   <trkpt lat="52.449582" lon="13.650778">
    <ele>39.4</ele>
    <time>2025-06-15T08:50:38.000Z</time>
   </trkpt>
   <trkpt lat="52.449573" lon="13.650948">
    <ele>39.4</ele>
    <time>2025-06-15T08:50:40.000Z</time>
   </trkpt>
   <trkpt lat="52.449563" lon="13.651216">
    <ele>39.6</ele>
    <time>2025-06-15T08:50:43.000Z</time>
   </trkpt>
   <trkpt lat="52.449559" lon="13.651496">
    <ele>39.8</ele>
    <time>2025-06-15T08:50:46.000Z</time>
   </trkpt>
   <trkpt lat="52.449553" lon="13.651742">
    <ele>39.8</ele>
    <time>2025-06-15T08:50:49.000Z</time>
   </trkpt>
   <trkpt lat="52.449539" lon="13.651983">
    <ele>39.8</ele>
    <time>2025-06-15T08:50:52.000Z</time>
   </trkpt>
   <trkpt lat="52.449527" lon="13.652666">
    <ele>39.6</ele>
    <time>2025-06-15T08:51:00.000Z</time>
   </trkpt>
   <trkpt lat="52.449519" lon="13.65331">
    <ele>40</ele>
    <time>2025-06-15T08:51:07.000Z</time>
   </trkpt>
   <trkpt lat="52.449518" lon="13.653552">
    <ele>40.2</ele>
    <time>2025-06-15T08:51:10.000Z</time>
   </trkpt>
   <trkpt lat="52.449517" lon="13.653713">
    <ele>40.2</ele>
    <time>2025-06-15T08:51:12.000Z</time>
   </trkpt>
   <trkpt lat="52.449489" lon="13.654534">
    <ele>40.6</ele>
    <time>2025-06-15T08:51:21.000Z</time>
   </trkpt>
   <trkpt lat="52.449449" lon="13.655351">
    <ele>40.6</ele>
    <time>2025-06-15T08:51:30.000Z</time>
   </trkpt>
   <trkpt lat="52.449422" lon="13.655693">
    <ele>40.8</ele>
    <time>2025-06-15T08:51:34.000Z</time>
   </trkpt>
   <trkpt lat="52.44942" lon="13.65578">
    <ele>40.8</ele>
    <time>2025-06-15T08:51:35.000Z</time>
   </trkpt>
   <trkpt lat="52.449418" lon="13.656038">
    <ele>41</ele>
    <time>2025-06-15T08:51:38.000Z</time>
   </trkpt>
   <trkpt lat="52.449404" lon="13.656467">
    <ele>41</ele>
    <time>2025-06-15T08:51:43.000Z</time>
   </trkpt>
   <trkpt lat="52.449403" lon="13.657377">
    <ele>40.6</ele>
    <time>2025-06-15T08:51:53.000Z</time>
   </trkpt>
   <trkpt lat="52.44938" lon="13.658056">
    <ele>41</ele>
    <time>2025-06-15T08:52:00.000Z</time>
   </trkpt>
   <trkpt lat="52.449381" lon="13.658137">
    <ele>41</ele>
    <time>2025-06-15T08:52:01.000Z</time>
   </trkpt>
   <trkpt lat="52.44933" lon="13.658845">
    <ele>41</ele>
    <time>2025-06-15T08:52:09.000Z</time>
   </trkpt>
   <trkpt lat="52.449319" lon="13.659494">
    <ele>40.8</ele>
    <time>2025-06-15T08:52:16.000Z</time>
   </trkpt>
   <trkpt lat="52.449308" lon="13.660281">
    <ele>40.8</ele>
    <time>2025-06-15T08:52:24.000Z</time>
   </trkpt>
   <trkpt lat="52.449283" lon="13.661129">
    <ele>41</ele>
    <time>2025-06-15T08:52:33.000Z</time>
   </trkpt>
   <trkpt lat="52.449272" lon="13.66146">
    <ele>41</ele>
    <time>2025-06-15T08:52:37.000Z</time>
   </trkpt>
   <trkpt lat="52.449267" lon="13.661701">
    <ele>41</ele>
    <time>2025-06-15T08:52:40.000Z</time>
   </trkpt>
   <trkpt lat="52.449263" lon="13.661773">
    <ele>40.8</ele>
    <time>2025-06-15T08:52:41.000Z</time>
   </trkpt>
   <trkpt lat="52.449257" lon="13.662064">
    <ele>40.8</ele>
    <time>2025-06-15T08:52:45.000Z</time>
   </trkpt>
   <trkpt lat="52.449243" lon="13.66244">
    <ele>40.8</ele>
    <time>2025-06-15T08:52:50.000Z</time>
   </trkpt>
   <trkpt lat="52.449241" lon="13.662602">
    <ele>41</ele>
    <time>2025-06-15T08:52:52.000Z</time>
   </trkpt>
   <trkpt lat="52.449237" lon="13.662927">
    <ele>41</ele>
    <time>2025-06-15T08:52:56.000Z</time>
   </trkpt>
   <trkpt lat="52.44923" lon="13.663149">
    <ele>41.2</ele>
    <time>2025-06-15T08:52:59.000Z</time>
   </trkpt>
   <trkpt lat="52.449208" lon="13.663303">
    <ele>41</ele>
    <time>2025-06-15T08:53:01.000Z</time>
   </trkpt>
   <trkpt lat="52.449194" lon="13.663452">
    <ele>41</ele>
    <time>2025-06-15T08:53:03.000Z</time>
   </trkpt>
   <trkpt lat="52.449194" lon="13.663611">
    <ele>41</ele>
    <time>2025-06-15T08:53:05.000Z</time>
   </trkpt>
   <trkpt lat="52.449193" lon="13.663783">
    <ele>41</ele>
    <time>2025-06-15T08:53:07.000Z</time>
   </trkpt>
   <trkpt lat="52.449138" lon="13.664082">
    <ele>41</ele>
    <time>2025-06-15T08:53:12.000Z</time>
   </trkpt>
   <trkpt lat="52.449057" lon="13.664312">
    <ele>41</ele>
    <time>2025-06-15T08:53:15.000Z</time>
   </trkpt>
   <trkpt lat="52.449038" lon="13.664424">
    <ele>41</ele>
    <time>2025-06-15T08:53:17.000Z</time>
   </trkpt>
   <trkpt lat="52.449002" lon="13.664537">
    <ele>41</ele>
    <time>2025-06-15T08:53:19.000Z</time>
   </trkpt>
   <trkpt lat="52.448966" lon="13.664694">
    <ele>41.2</ele>
    <time>2025-06-15T08:53:21.000Z</time>
   </trkpt>
   <trkpt lat="52.448939" lon="13.664785">
    <ele>41.2</ele>
    <time>2025-06-15T08:53:22.000Z</time>
   </trkpt>
   <trkpt lat="52.44891" lon="13.665004">
    <ele>41.4</ele>
    <time>2025-06-15T08:53:26.000Z</time>
   </trkpt>
   <trkpt lat="52.448871" lon="13.665152">
    <ele>41.6</ele>
    <time>2025-06-15T08:53:29.000Z</time>
   </trkpt>
   <trkpt lat="52.448854" lon="13.665207">
    <ele>41.6</ele>
    <time>2025-06-15T08:53:30.000Z</time>
   </trkpt>
   <trkpt lat="52.4488" lon="13.665358">
    <ele>41.4</ele>
    <time>2025-06-15T08:53:33.000Z</time>
   </trkpt>
   <trkpt lat="52.448775" lon="13.665459">
    <ele>41.4</ele>
    <time>2025-06-15T08:53:35.000Z</time>
   </trkpt>
   <trkpt lat="52.448756" lon="13.66552">
    <ele>41.4</ele>
    <time>2025-06-15T08:53:36.000Z</time>
   </trkpt>
   <trkpt lat="52.448741" lon="13.66557">
    <ele>41.4</ele>
    <time>2025-06-15T08:53:37.000Z</time>
   </trkpt>
   <trkpt lat="52.448695" lon="13.665685">
    <ele>41.4</ele>
    <time>2025-06-15T08:53:39.000Z</time>
   </trkpt>
   <trkpt lat="52.448679" lon="13.665747">
    <ele>41.4</ele>
    <time>2025-06-15T08:53:40.000Z</time>
   </trkpt>
   <trkpt lat="52.448595" lon="13.666091">
    <ele>41.4</ele>
    <time>2025-06-15T08:53:46.000Z</time>
   </trkpt>
   <trkpt lat="52.44857" lon="13.666081">
    <ele>41.4</ele>
    <time>2025-06-15T08:53:48.000Z</time>
   </trkpt>
   <trkpt lat="52.448531" lon="13.666062">
    <ele>41.4</ele>
    <time>2025-06-15T08:53:50.000Z</time>
   </trkpt>
   <trkpt lat="52.448522" lon="13.666052">
    <ele>41.4</ele>
    <time>2025-06-15T08:53:52.000Z</time>
   </trkpt>
   <trkpt lat="52.448458" lon="13.665999">
    <ele>41.4</ele>
    <time>2025-06-15T08:53:55.000Z</time>
   </trkpt>
   <trkpt lat="52.448352" lon="13.6659">
    <ele>41.2</ele>
    <time>2025-06-15T08:54:00.000Z</time>
   </trkpt>
   <trkpt lat="52.448242" lon="13.665767">
    <ele>41.2</ele>
    <time>2025-06-15T08:54:05.000Z</time>
   </trkpt>
   <trkpt lat="52.448069" lon="13.665622">
    <ele>41.4</ele>
    <time>2025-06-15T08:54:11.000Z</time>
   </trkpt>
   <trkpt lat="52.447905" lon="13.665375">
    <ele>41.2</ele>
    <time>2025-06-15T08:54:17.000Z</time>
   </trkpt>
   <trkpt lat="52.447752" lon="13.66526">
    <ele>41.4</ele>
    <time>2025-06-15T08:54:21.000Z</time>
   </trkpt>
   <trkpt lat="52.447569" lon="13.66519">
    <ele>41.2</ele>
    <time>2025-06-15T08:54:26.000Z</time>
   </trkpt>
   <trkpt lat="52.447438" lon="13.665052">
    <ele>41</ele>
    <time>2025-06-15T08:54:31.000Z</time>
   </trkpt>
   <trkpt lat="52.447362" lon="13.664956">
    <ele>41</ele>
    <time>2025-06-15T08:54:35.000Z</time>
   </trkpt>
   <trkpt lat="52.447359" lon="13.664955">
    <ele>41.2</ele>
    <time>2025-06-15T08:54:36.000Z</time>
   </trkpt>
   <trkpt lat="52.447345" lon="13.664999">
    <ele>41.4</ele>
    <time>2025-06-15T08:54:58.000Z</time>
   </trkpt>
   <trkpt lat="52.447334" lon="13.665012">
    <ele>41.4</ele>
    <time>2025-06-15T08:55:00.000Z</time>
   </trkpt>
   <trkpt lat="52.44723" lon="13.665057">
    <ele>38.8</ele>
    <time>2025-06-15T08:55:19.000Z</time>
   </trkpt>
   <trkpt lat="52.447209" lon="13.665073">
    <ele>38.2</ele>
    <time>2025-06-15T08:55:21.000Z</time>
   </trkpt>
   <trkpt lat="52.447194" lon="13.665079">
    <ele>38</ele>
    <time>2025-06-15T08:55:22.000Z</time>
   </trkpt>
   <trkpt lat="52.447183" lon="13.665089">
    <ele>37.8</ele>
    <time>2025-06-15T08:55:23.000Z</time>
   </trkpt>
   <trkpt lat="52.447153" lon="13.665107">
    <ele>37.4</ele>
    <time>2025-06-15T08:55:26.000Z</time>
   </trkpt>
   <trkpt lat="52.447149" lon="13.665108">
    <ele>37.2</ele>
    <time>2025-06-15T08:55:29.000Z</time>
   </trkpt>
   <trkpt lat="52.447109" lon="13.665099">
    <ele>37</ele>
    <time>2025-06-15T08:55:37.000Z</time>
   </trkpt>
   <trkpt lat="52.447081" lon="13.665099">
    <ele>36.8</ele>
    <time>2025-06-15T08:55:40.000Z</time>
   </trkpt>
   <trkpt lat="52.447057" lon="13.665109">
    <ele>36.8</ele>
    <time>2025-06-15T08:55:42.000Z</time>
   </trkpt>
   <trkpt lat="52.447022" lon="13.665119">
    <ele>36.8</ele>
    <time>2025-06-15T08:55:45.000Z</time>
   </trkpt>
   <trkpt lat="52.447" lon="13.665141">
    <ele>36.8</ele>
    <time>2025-06-15T08:55:49.000Z</time>
   </trkpt>
   <trkpt lat="52.447044" lon="13.665116">
    <ele>36.8</ele>
    <time>2025-06-15T09:02:01.000Z</time>
   </trkpt>
   <trkpt lat="52.447054" lon="13.665117">
    <ele>36.8</ele>
    <time>2025-06-15T09:02:02.000Z</time>
   </trkpt>
   <trkpt lat="52.447091" lon="13.665111">
    <ele>37.2</ele>
    <time>2025-06-15T09:02:10.000Z</time>
   </trkpt>
   <trkpt lat="52.447125" lon="13.665106">
    <ele>37.4</ele>
    <time>2025-06-15T09:02:18.000Z</time>
   </trkpt>
   <trkpt lat="52.447139" lon="13.665105">
    <ele>37.6</ele>
    <time>2025-06-15T09:02:26.000Z</time>
   </trkpt>
   <trkpt lat="52.447139" lon="13.665105">
    <ele>37.6</ele>
    <time>2025-06-15T09:02:28.000Z</time>
   </trkpt>
   <trkpt lat="52.447171" lon="13.665078">
    <ele>38</ele>
    <time>2025-06-15T09:02:39.000Z</time>
   </trkpt>
   <trkpt lat="52.447191" lon="13.665062">
    <ele>38.4</ele>
    <time>2025-06-15T09:02:42.000Z</time>
   </trkpt>
   <trkpt lat="52.447197" lon="13.66506">
    <ele>38.6</ele>
    <time>2025-06-15T09:02:44.000Z</time>
   </trkpt>
   <trkpt lat="52.447207" lon="13.665059">
    <ele>39</ele>
    <time>2025-06-15T09:02:45.000Z</time>
   </trkpt>
   <trkpt lat="52.447287" lon="13.665055">
    <ele>42</ele>
    <time>2025-06-15T09:03:06.000Z</time>
   </trkpt>
   <trkpt lat="52.447304" lon="13.665066">
    <ele>42</ele>
    <time>2025-06-15T09:03:07.000Z</time>
   </trkpt>
   <trkpt lat="52.447321" lon="13.665079">
    <ele>42</ele>
    <time>2025-06-15T09:03:08.000Z</time>
   </trkpt>
   <trkpt lat="52.447365" lon="13.665104">
    <ele>42</ele>
    <time>2025-06-15T09:03:10.000Z</time>
   </trkpt>
   <trkpt lat="52.447426" lon="13.665149">
    <ele>42</ele>
    <time>2025-06-15T09:03:13.000Z</time>
   </trkpt>
   <trkpt lat="52.447482" lon="13.665182">
    <ele>42</ele>
    <time>2025-06-15T09:03:15.000Z</time>
   </trkpt>
   <trkpt lat="52.447583" lon="13.665231">
    <ele>42</ele>
    <time>2025-06-15T09:03:19.000Z</time>
   </trkpt>
   <trkpt lat="52.447602" lon="13.665241">
    <ele>42.2</ele>
    <time>2025-06-15T09:03:20.000Z</time>
   </trkpt>
   <trkpt lat="52.447779" lon="13.665341">
    <ele>42.2</ele>
    <time>2025-06-15T09:03:26.000Z</time>
   </trkpt>
   <trkpt lat="52.447943" lon="13.665528">
    <ele>42</ele>
    <time>2025-06-15T09:03:32.000Z</time>
   </trkpt>
   <trkpt lat="52.447975" lon="13.665567">
    <ele>42</ele>
    <time>2025-06-15T09:03:33.000Z</time>
   </trkpt>
   <trkpt lat="52.44807" lon="13.665621">
    <ele>42.2</ele>
    <time>2025-06-15T09:03:35.000Z</time>
   </trkpt>
   <trkpt lat="52.44814" lon="13.665671">
    <ele>42.4</ele>
    <time>2025-06-15T09:03:38.000Z</time>
   </trkpt>
   <trkpt lat="52.448201" lon="13.665715">
    <ele>42.6</ele>
    <time>2025-06-15T09:03:40.000Z</time>
   </trkpt>
   <trkpt lat="52.448254" lon="13.665801">
    <ele>42.6</ele>
    <time>2025-06-15T09:03:43.000Z</time>
   </trkpt>
   <trkpt lat="52.448335" lon="13.665925">
    <ele>42.4</ele>
    <time>2025-06-15T09:03:47.000Z</time>
   </trkpt>
   <trkpt lat="52.448357" lon="13.665952">
    <ele>42.2</ele>
    <time>2025-06-15T09:03:48.000Z</time>
   </trkpt>
   <trkpt lat="52.448439" lon="13.666058">
    <ele>42</ele>
    <time>2025-06-15T09:03:53.000Z</time>
   </trkpt>
   <trkpt lat="52.448457" lon="13.666109">
    <ele>42</ele>
    <time>2025-06-15T09:03:55.000Z</time>
   </trkpt>
   <trkpt lat="52.448473" lon="13.666155">
    <ele>42</ele>
    <time>2025-06-15T09:03:57.000Z</time>
   </trkpt>
   <trkpt lat="52.448501" lon="13.666233">
    <ele>42.4</ele>
    <time>2025-06-15T09:04:00.000Z</time>
   </trkpt>
   <trkpt lat="52.448494" lon="13.666481">
    <ele>42.8</ele>
    <time>2025-06-15T09:04:06.000Z</time>
   </trkpt>
   <trkpt lat="52.448458" lon="13.66669">
    <ele>43</ele>
    <time>2025-06-15T09:04:12.000Z</time>
   </trkpt>
   <trkpt lat="52.448428" lon="13.666781">
    <ele>43</ele>
    <time>2025-06-15T09:04:14.000Z</time>
   </trkpt>
   <trkpt lat="52.448369" lon="13.667154">
    <ele>43</ele>
    <time>2025-06-15T09:04:20.000Z</time>
   </trkpt>
   <trkpt lat="52.448336" lon="13.667233">
    <ele>43</ele>
    <time>2025-06-15T09:04:21.000Z</time>
   </trkpt>
   <trkpt lat="52.448297" lon="13.667393">
    <ele>43</ele>
    <time>2025-06-15T09:04:24.000Z</time>
   </trkpt>
   <trkpt lat="52.448249" lon="13.667496">
    <ele>43</ele>
    <time>2025-06-15T09:04:26.000Z</time>
   </trkpt>
   <trkpt lat="52.448207" lon="13.667626">
    <ele>43</ele>
    <time>2025-06-15T09:04:28.000Z</time>
   </trkpt>
   <trkpt lat="52.448167" lon="13.667758">
    <ele>43.2</ele>
    <time>2025-06-15T09:04:30.000Z</time>
   </trkpt>
   <trkpt lat="52.448055" lon="13.66808">
    <ele>43.4</ele>
    <time>2025-06-15T09:04:35.000Z</time>
   </trkpt>
   <trkpt lat="52.448039" lon="13.668153">
    <ele>43.4</ele>
    <time>2025-06-15T09:04:36.000Z</time>
   </trkpt>
   <trkpt lat="52.448029" lon="13.668261">
    <ele>43.4</ele>
    <time>2025-06-15T09:04:38.000Z</time>
   </trkpt>
   <trkpt lat="52.447961" lon="13.668537">
    <ele>43.4</ele>
    <time>2025-06-15T09:04:42.000Z</time>
   </trkpt>
   <trkpt lat="52.447838" lon="13.668878">
    <ele>43.4</ele>
    <time>2025-06-15T09:04:47.000Z</time>
   </trkpt>
   <trkpt lat="52.447813" lon="13.668993">
    <ele>43.4</ele>
    <time>2025-06-15T09:04:49.000Z</time>
   </trkpt>
   <trkpt lat="52.447728" lon="13.669286">
    <ele>43.2</ele>
    <time>2025-06-15T09:04:53.000Z</time>
   </trkpt>
   <trkpt lat="52.447698" lon="13.669361">
    <ele>43.2</ele>
    <time>2025-06-15T09:04:54.000Z</time>
   </trkpt>
   <trkpt lat="52.447562" lon="13.669871">
    <ele>42.6</ele>
    <time>2025-06-15T09:05:00.000Z</time>
   </trkpt>
   <trkpt lat="52.44755" lon="13.669944">
    <ele>42.6</ele>
    <time>2025-06-15T09:05:01.000Z</time>
   </trkpt>
   <trkpt lat="52.447523" lon="13.670072">
    <ele>42.6</ele>
    <time>2025-06-15T09:05:03.000Z</time>
   </trkpt>
   <trkpt lat="52.447502" lon="13.670144">
    <ele>42.6</ele>
    <time>2025-06-15T09:05:04.000Z</time>
   </trkpt>
   <trkpt lat="52.447365" lon="13.670529">
    <ele>42.4</ele>
    <time>2025-06-15T09:05:09.000Z</time>
   </trkpt>
   <trkpt lat="52.447287" lon="13.670776">
    <ele>42.2</ele>
    <time>2025-06-15T09:05:12.000Z</time>
   </trkpt>
   <trkpt lat="52.44723" lon="13.670951">
    <ele>42.2</ele>
    <time>2025-06-15T09:05:14.000Z</time>
   </trkpt>
   <trkpt lat="52.447092" lon="13.671397">
    <ele>42</ele>
    <time>2025-06-15T09:05:19.000Z</time>
   </trkpt>
   <trkpt lat="52.447013" lon="13.671723">
    <ele>42</ele>
    <time>2025-06-15T09:05:23.000Z</time>
   </trkpt>
   <trkpt lat="52.446906" lon="13.672084">
    <ele>42</ele>
    <time>2025-06-15T09:05:27.000Z</time>
   </trkpt>
   <trkpt lat="52.446883" lon="13.67217">
    <ele>42</ele>
    <time>2025-06-15T09:05:28.000Z</time>
   </trkpt>
   <trkpt lat="52.44678" lon="13.67252">
    <ele>42</ele>
    <time>2025-06-15T09:05:32.000Z</time>
   </trkpt>
   <trkpt lat="52.446753" lon="13.672593">
    <ele>42</ele>
    <time>2025-06-15T09:05:33.000Z</time>
   </trkpt>
   <trkpt lat="52.446616" lon="13.673036">
    <ele>42</ele>
    <time>2025-06-15T09:05:38.000Z</time>
   </trkpt>
   <trkpt lat="52.446531" lon="13.673253">
    <ele>42</ele>
    <time>2025-06-15T09:05:40.000Z</time>
   </trkpt>
   <trkpt lat="52.446443" lon="13.67351">
    <ele>42</ele>
    <time>2025-06-15T09:05:43.000Z</time>
   </trkpt>
   <trkpt lat="52.446365" lon="13.67378">
    <ele>42.2</ele>
    <time>2025-06-15T09:05:46.000Z</time>
   </trkpt>
   <trkpt lat="52.4463" lon="13.674057">
    <ele>42.2</ele>
    <time>2025-06-15T09:05:49.000Z</time>
   </trkpt>
   <trkpt lat="52.446219" lon="13.674321">
    <ele>42</ele>
    <time>2025-06-15T09:05:52.000Z</time>
   </trkpt>
   <trkpt lat="52.446018" lon="13.674958">
    <ele>42</ele>
    <time>2025-06-15T09:05:59.000Z</time>
   </trkpt>
   <trkpt lat="52.44592" lon="13.675293">
    <ele>41.8</ele>
    <time>2025-06-15T09:06:04.000Z</time>
   </trkpt>
   <trkpt lat="52.445833" lon="13.67556">
    <ele>41.8</ele>
    <time>2025-06-15T09:06:08.000Z</time>
   </trkpt>
   <trkpt lat="52.445794" lon="13.675683">
    <ele>41.8</ele>
    <time>2025-06-15T09:06:10.000Z</time>
   </trkpt>
   <trkpt lat="52.44578" lon="13.675735">
    <ele>41.8</ele>
    <time>2025-06-15T09:06:11.000Z</time>
   </trkpt>
   <trkpt lat="52.445755" lon="13.675833">
    <ele>41.8</ele>
    <time>2025-06-15T09:06:13.000Z</time>
   </trkpt>
   <trkpt lat="52.445724" lon="13.675946">
    <ele>41.8</ele>
    <time>2025-06-15T09:06:15.000Z</time>
   </trkpt>
   <trkpt lat="52.445573" lon="13.676389">
    <ele>42.2</ele>
    <time>2025-06-15T09:06:22.000Z</time>
   </trkpt>
   <trkpt lat="52.445512" lon="13.676659">
    <ele>42.2</ele>
    <time>2025-06-15T09:06:27.000Z</time>
   </trkpt>
   <trkpt lat="52.445506" lon="13.676711">
    <ele>42.2</ele>
    <time>2025-06-15T09:06:28.000Z</time>
   </trkpt>
   <trkpt lat="52.445491" lon="13.676772">
    <ele>42.2</ele>
    <time>2025-06-15T09:06:29.000Z</time>
   </trkpt>
   <trkpt lat="52.445407" lon="13.677049">
    <ele>42</ele>
    <time>2025-06-15T09:06:33.000Z</time>
   </trkpt>
   <trkpt lat="52.445317" lon="13.677357">
    <ele>42</ele>
    <time>2025-06-15T09:06:37.000Z</time>
   </trkpt>
   <trkpt lat="52.445273" lon="13.67751">
    <ele>41.8</ele>
    <time>2025-06-15T09:06:39.000Z</time>
   </trkpt>
   <trkpt lat="52.445251" lon="13.677583">
    <ele>42</ele>
    <time>2025-06-15T09:06:40.000Z</time>
   </trkpt>
   <trkpt lat="52.445234" lon="13.677648">
    <ele>42</ele>
    <time>2025-06-15T09:06:41.000Z</time>
   </trkpt>
   <trkpt lat="52.445192" lon="13.677781">
    <ele>41.8</ele>
    <time>2025-06-15T09:06:43.000Z</time>
   </trkpt>
   <trkpt lat="52.445134" lon="13.677927">
    <ele>41.8</ele>
    <time>2025-06-15T09:06:45.000Z</time>
   </trkpt>
   <trkpt lat="52.445049" lon="13.678204">
    <ele>41.8</ele>
    <time>2025-06-15T09:06:49.000Z</time>
   </trkpt>
   <trkpt lat="52.445028" lon="13.678327">
    <ele>41.8</ele>
    <time>2025-06-15T09:06:51.000Z</time>
   </trkpt>
   <trkpt lat="52.444915" lon="13.6787">
    <ele>41.8</ele>
    <time>2025-06-15T09:06:56.000Z</time>
   </trkpt>
   <trkpt lat="52.444763" lon="13.679242">
    <ele>42.2</ele>
    <time>2025-06-15T09:07:02.000Z</time>
   </trkpt>
   <trkpt lat="52.444722" lon="13.679331">
    <ele>42</ele>
    <time>2025-06-15T09:07:03.000Z</time>
   </trkpt>
   <trkpt lat="52.444654" lon="13.679509">
    <ele>42.2</ele>
    <time>2025-06-15T09:07:05.000Z</time>
   </trkpt>
   <trkpt lat="52.444637" lon="13.679592">
    <ele>42.2</ele>
    <time>2025-06-15T09:07:06.000Z</time>
   </trkpt>
   <trkpt lat="52.444602" lon="13.679828">
    <ele>41.8</ele>
    <time>2025-06-15T09:07:09.000Z</time>
   </trkpt>
   <trkpt lat="52.444525" lon="13.680052">
    <ele>41.6</ele>
    <time>2025-06-15T09:07:12.000Z</time>
   </trkpt>
   <trkpt lat="52.444422" lon="13.68044">
    <ele>42</ele>
    <time>2025-06-15T09:07:17.000Z</time>
   </trkpt>
   <trkpt lat="52.444365" lon="13.680583">
    <ele>42</ele>
    <time>2025-06-15T09:07:19.000Z</time>
   </trkpt>
   <trkpt lat="52.444343" lon="13.680724">
    <ele>42</ele>
    <time>2025-06-15T09:07:21.000Z</time>
   </trkpt>
   <trkpt lat="52.444327" lon="13.680781">
    <ele>42</ele>
    <time>2025-06-15T09:07:22.000Z</time>
   </trkpt>
   <trkpt lat="52.444268" lon="13.680999">
    <ele>42</ele>
    <time>2025-06-15T09:07:25.000Z</time>
   </trkpt>
   <trkpt lat="52.444232" lon="13.681106">
    <ele>42</ele>
    <time>2025-06-15T09:07:27.000Z</time>
   </trkpt>
   <trkpt lat="52.444037" lon="13.681652">
    <ele>42</ele>
    <time>2025-06-15T09:07:34.000Z</time>
   </trkpt>
   <trkpt lat="52.443986" lon="13.681819">
    <ele>42</ele>
    <time>2025-06-15T09:07:36.000Z</time>
   </trkpt>
   <trkpt lat="52.443941" lon="13.682003">
    <ele>42</ele>
    <time>2025-06-15T09:07:38.000Z</time>
   </trkpt>
   <trkpt lat="52.443935" lon="13.682071">
    <ele>42</ele>
    <time>2025-06-15T09:07:39.000Z</time>
   </trkpt>
   <trkpt lat="52.443925" lon="13.682139">
    <ele>42.2</ele>
    <time>2025-06-15T09:07:40.000Z</time>
   </trkpt>
   <trkpt lat="52.44384" lon="13.682346">
    <ele>42.2</ele>
    <time>2025-06-15T09:07:42.000Z</time>
   </trkpt>
   <trkpt lat="52.443796" lon="13.682485">
    <ele>42.2</ele>
    <time>2025-06-15T09:07:44.000Z</time>
   </trkpt>
   <trkpt lat="52.443734" lon="13.68274">
    <ele>42.2</ele>
    <time>2025-06-15T09:07:47.000Z</time>
   </trkpt>
   <trkpt lat="52.443701" lon="13.682879">
    <ele>42.4</ele>
    <time>2025-06-15T09:07:49.000Z</time>
   </trkpt>
   <trkpt lat="52.443621" lon="13.68319">
    <ele>42.4</ele>
    <time>2025-06-15T09:07:53.000Z</time>
   </trkpt>
   <trkpt lat="52.443513" lon="13.683561">
    <ele>42.6</ele>
    <time>2025-06-15T09:07:58.000Z</time>
   </trkpt>
   <trkpt lat="52.44349" lon="13.683643">
    <ele>42.6</ele>
    <time>2025-06-15T09:07:59.000Z</time>
   </trkpt>
   <trkpt lat="52.443384" lon="13.684006">
    <ele>42.6</ele>
    <time>2025-06-15T09:08:03.000Z</time>
   </trkpt>
   <trkpt lat="52.443207" lon="13.684649">
    <ele>42.6</ele>
    <time>2025-06-15T09:08:10.000Z</time>
   </trkpt>
   <trkpt lat="52.443102" lon="13.685021">
    <ele>42.4</ele>
    <time>2025-06-15T09:08:14.000Z</time>
   </trkpt>
   <trkpt lat="52.443028" lon="13.685225">
    <ele>42.2</ele>
    <time>2025-06-15T09:08:16.000Z</time>
   </trkpt>
   <trkpt lat="52.442924" lon="13.685493">
    <ele>41.8</ele>
    <time>2025-06-15T09:08:19.000Z</time>
   </trkpt>
   <trkpt lat="52.442889" lon="13.68555">
    <ele>41.6</ele>
    <time>2025-06-15T09:08:20.000Z</time>
   </trkpt>
   <trkpt lat="52.442837" lon="13.685617">
    <ele>41.6</ele>
    <time>2025-06-15T09:08:21.000Z</time>
   </trkpt>
   <trkpt lat="52.442721" lon="13.685744">
    <ele>41.2</ele>
    <time>2025-06-15T09:08:23.000Z</time>
   </trkpt>
   <trkpt lat="52.442669" lon="13.6858">
    <ele>41.2</ele>
    <time>2025-06-15T09:08:24.000Z</time>
   </trkpt>
   <trkpt lat="52.442609" lon="13.685863">
    <ele>41.2</ele>
    <time>2025-06-15T09:08:25.000Z</time>
   </trkpt>
   <trkpt lat="52.442237" lon="13.686176">
    <ele>41</ele>
    <time>2025-06-15T09:08:31.000Z</time>
   </trkpt>
   <trkpt lat="52.442184" lon="13.686222">
    <ele>41</ele>
    <time>2025-06-15T09:08:32.000Z</time>
   </trkpt>
   <trkpt lat="52.442117" lon="13.686307">
    <ele>40.8</ele>
    <time>2025-06-15T09:08:34.000Z</time>
   </trkpt>
   <trkpt lat="52.442077" lon="13.686366">
    <ele>40.8</ele>
    <time>2025-06-15T09:08:35.000Z</time>
   </trkpt>
   <trkpt lat="52.441883" lon="13.68657">
    <ele>40.8</ele>
    <time>2025-06-15T09:08:39.000Z</time>
   </trkpt>
   <trkpt lat="52.441511" lon="13.687121">
    <ele>40.6</ele>
    <time>2025-06-15T09:08:46.000Z</time>
   </trkpt>
   <trkpt lat="52.441254" lon="13.687639">
    <ele>40.4</ele>
    <time>2025-06-15T09:08:53.000Z</time>
   </trkpt>
   <trkpt lat="52.441107" lon="13.688149">
    <ele>40.4</ele>
    <time>2025-06-15T09:08:59.000Z</time>
   </trkpt>
   <trkpt lat="52.440979" lon="13.688594">
    <ele>40.4</ele>
    <time>2025-06-15T09:09:04.000Z</time>
   </trkpt>
   <trkpt lat="52.440951" lon="13.688673">
    <ele>40.6</ele>
    <time>2025-06-15T09:09:05.000Z</time>
   </trkpt>
   <trkpt lat="52.440806" lon="13.689163">
    <ele>40.8</ele>
    <time>2025-06-15T09:09:11.000Z</time>
   </trkpt>
   <trkpt lat="52.440634" lon="13.689555">
    <ele>41</ele>
    <time>2025-06-15T09:09:17.000Z</time>
   </trkpt>
   <trkpt lat="52.440365" lon="13.690162">
    <ele>41.4</ele>
    <time>2025-06-15T09:09:25.000Z</time>
   </trkpt>
   <trkpt lat="52.440092" lon="13.690729">
    <ele>41.6</ele>
    <time>2025-06-15T09:09:32.000Z</time>
   </trkpt>
   <trkpt lat="52.440028" lon="13.690887">
    <ele>41.6</ele>
    <time>2025-06-15T09:09:34.000Z</time>
   </trkpt>
   <trkpt lat="52.439935" lon="13.691101">
    <ele>41.4</ele>
    <time>2025-06-15T09:09:37.000Z</time>
   </trkpt>
   <trkpt lat="52.439893" lon="13.691181">
    <ele>41.4</ele>
    <time>2025-06-15T09:09:38.000Z</time>
   </trkpt>
   <trkpt lat="52.439812" lon="13.691351">
    <ele>41.4</ele>
    <time>2025-06-15T09:09:40.000Z</time>
   </trkpt>
   <trkpt lat="52.439772" lon="13.691442">
    <ele>41.4</ele>
    <time>2025-06-15T09:09:41.000Z</time>
   </trkpt>
   <trkpt lat="52.439501" lon="13.692026">
    <ele>41.6</ele>
    <time>2025-06-15T09:09:48.000Z</time>
   </trkpt>
   <trkpt lat="52.439253" lon="13.692546">
    <ele>41.6</ele>
    <time>2025-06-15T09:09:54.000Z</time>
   </trkpt>
   <trkpt lat="52.43898" lon="13.693143">
    <ele>42</ele>
    <time>2025-06-15T09:10:01.000Z</time>
   </trkpt>
   <trkpt lat="52.438794" lon="13.693547">
    <ele>42</ele>
    <time>2025-06-15T09:10:07.000Z</time>
   </trkpt>
   <trkpt lat="52.438611" lon="13.693952">
    <ele>42.2</ele>
    <time>2025-06-15T09:10:13.000Z</time>
   </trkpt>
   <trkpt lat="52.438458" lon="13.694289">
    <ele>42.4</ele>
    <time>2025-06-15T09:10:18.000Z</time>
   </trkpt>
   <trkpt lat="52.438419" lon="13.694356">
    <ele>42.4</ele>
    <time>2025-06-15T09:10:19.000Z</time>
   </trkpt>
   <trkpt lat="52.438284" lon="13.694553">
    <ele>42.6</ele>
    <time>2025-06-15T09:10:22.000Z</time>
   </trkpt>
   <trkpt lat="52.438065" lon="13.69483">
    <ele>42.8</ele>
    <time>2025-06-15T09:10:27.000Z</time>
   </trkpt>
   <trkpt lat="52.437641" lon="13.695342">
    <ele>43.4</ele>
    <time>2025-06-15T09:10:36.000Z</time>
   </trkpt>
   <trkpt lat="52.437546" lon="13.695454">
    <ele>43.6</ele>
    <time>2025-06-15T09:10:38.000Z</time>
   </trkpt>
   <trkpt lat="52.437064" lon="13.696037">
    <ele>44</ele>
    <time>2025-06-15T09:10:48.000Z</time>
   </trkpt>
   <trkpt lat="52.436709" lon="13.696522">
    <ele>43.8</ele>
    <time>2025-06-15T09:10:56.000Z</time>
   </trkpt>
   <trkpt lat="52.436458" lon="13.697019">
    <ele>43.8</ele>
    <time>2025-06-15T09:11:03.000Z</time>
   </trkpt>
   <trkpt lat="52.436404" lon="13.697169">
    <ele>44</ele>
    <time>2025-06-15T09:11:05.000Z</time>
   </trkpt>
   <trkpt lat="52.436287" lon="13.697616">
    <ele>44</ele>
    <time>2025-06-15T09:11:10.000Z</time>
   </trkpt>
   <trkpt lat="52.436118" lon="13.698177">
    <ele>43.8</ele>
    <time>2025-06-15T09:11:15.000Z</time>
   </trkpt>
   <trkpt lat="52.436039" lon="13.698435">
    <ele>43.6</ele>
    <time>2025-06-15T09:11:17.000Z</time>
   </trkpt>
   <trkpt lat="52.435968" lon="13.698683">
    <ele>43.4</ele>
    <time>2025-06-15T09:11:19.000Z</time>
   </trkpt>
   <trkpt lat="52.435851" lon="13.699131">
    <ele>43.4</ele>
    <time>2025-06-15T09:11:23.000Z</time>
   </trkpt>
   <trkpt lat="52.435759" lon="13.699485">
    <ele>43.6</ele>
    <time>2025-06-15T09:11:26.000Z</time>
   </trkpt>
   <trkpt lat="52.435579" lon="13.700126">
    <ele>44</ele>
    <time>2025-06-15T09:11:32.000Z</time>
   </trkpt>
   <trkpt lat="52.435405" lon="13.700825">
    <ele>44.2</ele>
    <time>2025-06-15T09:11:38.000Z</time>
   </trkpt>
   <trkpt lat="52.435178" lon="13.701677">
    <ele>44.2</ele>
    <time>2025-06-15T09:11:45.000Z</time>
   </trkpt>
   <trkpt lat="52.435026" lon="13.70223">
    <ele>44.4</ele>
    <time>2025-06-15T09:11:50.000Z</time>
   </trkpt>
   <trkpt lat="52.434969" lon="13.702453">
    <ele>44.6</ele>
    <time>2025-06-15T09:11:52.000Z</time>
   </trkpt>
   <trkpt lat="52.434855" lon="13.702874">
    <ele>44.8</ele>
    <time>2025-06-15T09:11:56.000Z</time>
   </trkpt>
   <trkpt lat="52.434831" lon="13.702965">
    <ele>44.8</ele>
    <time>2025-06-15T09:11:57.000Z</time>
   </trkpt>
   <trkpt lat="52.434804" lon="13.703037">
    <ele>44.8</ele>
    <time>2025-06-15T09:11:58.000Z</time>
   </trkpt>
   <trkpt lat="52.434741" lon="13.703125">
    <ele>44.8</ele>
    <time>2025-06-15T09:12:00.000Z</time>
   </trkpt>
   <trkpt lat="52.434677" lon="13.703225">
    <ele>44.6</ele>
    <time>2025-06-15T09:12:02.000Z</time>
   </trkpt>
   <trkpt lat="52.434648" lon="13.703361">
    <ele>44.6</ele>
    <time>2025-06-15T09:12:04.000Z</time>
   </trkpt>
   <trkpt lat="52.434643" lon="13.703493">
    <ele>44.6</ele>
    <time>2025-06-15T09:12:06.000Z</time>
   </trkpt>
   <trkpt lat="52.434618" lon="13.703621">
    <ele>44.6</ele>
    <time>2025-06-15T09:12:08.000Z</time>
   </trkpt>
   <trkpt lat="52.434563" lon="13.703783">
    <ele>44.6</ele>
    <time>2025-06-15T09:12:10.000Z</time>
   </trkpt>
   <trkpt lat="52.434505" lon="13.70401">
    <ele>44.4</ele>
    <time>2025-06-15T09:12:13.000Z</time>
   </trkpt>
   <trkpt lat="52.434345" lon="13.704665">
    <ele>44.4</ele>
    <time>2025-06-15T09:12:22.000Z</time>
   </trkpt>
   <trkpt lat="52.434225" lon="13.705059">
    <ele>44.4</ele>
    <time>2025-06-15T09:12:27.000Z</time>
   </trkpt>
   <trkpt lat="52.434175" lon="13.705266">
    <ele>44.4</ele>
    <time>2025-06-15T09:12:30.000Z</time>
   </trkpt>
   <trkpt lat="52.434153" lon="13.705395">
    <ele>44.2</ele>
    <time>2025-06-15T09:12:32.000Z</time>
   </trkpt>
   <trkpt lat="52.434053" lon="13.70575">
    <ele>44.2</ele>
    <time>2025-06-15T09:12:36.000Z</time>
   </trkpt>
   <trkpt lat="52.433886" lon="13.706395">
    <ele>44.2</ele>
    <time>2025-06-15T09:12:42.000Z</time>
   </trkpt>
   <trkpt lat="52.433777" lon="13.706862">
    <ele>44.2</ele>
    <time>2025-06-15T09:12:47.000Z</time>
   </trkpt>
   <trkpt lat="52.433649" lon="13.707352">
    <ele>44.2</ele>
    <time>2025-06-15T09:12:53.000Z</time>
   </trkpt>
   <trkpt lat="52.433614" lon="13.707514">
    <ele>44.2</ele>
    <time>2025-06-15T09:12:55.000Z</time>
   </trkpt>
   <trkpt lat="52.433595" lon="13.70759">
    <ele>44.2</ele>
    <time>2025-06-15T09:12:56.000Z</time>
   </trkpt>
   <trkpt lat="52.433478" lon="13.708016">
    <ele>44.2</ele>
    <time>2025-06-15T09:13:01.000Z</time>
   </trkpt>
   <trkpt lat="52.433373" lon="13.708382">
    <ele>44.2</ele>
    <time>2025-06-15T09:13:05.000Z</time>
   </trkpt>
   <trkpt lat="52.433309" lon="13.708652">
    <ele>44.2</ele>
    <time>2025-06-15T09:13:08.000Z</time>
   </trkpt>
   <trkpt lat="52.433287" lon="13.708736">
    <ele>44.2</ele>
    <time>2025-06-15T09:13:09.000Z</time>
   </trkpt>
   <trkpt lat="52.433156" lon="13.709205">
    <ele>44.2</ele>
    <time>2025-06-15T09:13:14.000Z</time>
   </trkpt>
   <trkpt lat="52.432991" lon="13.709834">
    <ele>44.2</ele>
    <time>2025-06-15T09:13:21.000Z</time>
   </trkpt>
   <trkpt lat="52.432908" lon="13.710137">
    <ele>44.2</ele>
    <time>2025-06-15T09:13:25.000Z</time>
   </trkpt>
   <trkpt lat="52.432854" lon="13.710354">
    <ele>44.2</ele>
    <time>2025-06-15T09:13:28.000Z</time>
   </trkpt>
   <trkpt lat="52.432748" lon="13.710752">
    <ele>44.2</ele>
    <time>2025-06-15T09:13:33.000Z</time>
   </trkpt>
   <trkpt lat="52.432704" lon="13.710974">
    <ele>44.4</ele>
    <time>2025-06-15T09:13:36.000Z</time>
   </trkpt>
   <trkpt lat="52.432674" lon="13.711101">
    <ele>44.2</ele>
    <time>2025-06-15T09:13:38.000Z</time>
   </trkpt>
   <trkpt lat="52.432661" lon="13.711158">
    <ele>44.4</ele>
    <time>2025-06-15T09:13:39.000Z</time>
   </trkpt>
   <trkpt lat="52.432631" lon="13.71127">
    <ele>44.2</ele>
    <time>2025-06-15T09:13:41.000Z</time>
   </trkpt>
   <trkpt lat="52.432616" lon="13.711377">
    <ele>44.2</ele>
    <time>2025-06-15T09:13:43.000Z</time>
   </trkpt>
   <trkpt lat="52.432608" lon="13.711425">
    <ele>44.2</ele>
    <time>2025-06-15T09:13:44.000Z</time>
   </trkpt>
   <trkpt lat="52.432556" lon="13.711571">
    <ele>44</ele>
    <time>2025-06-15T09:13:46.000Z</time>
   </trkpt>
   <trkpt lat="52.432523" lon="13.711722">
    <ele>44</ele>
    <time>2025-06-15T09:13:48.000Z</time>
   </trkpt>
   <trkpt lat="52.432499" lon="13.71181">
    <ele>44</ele>
    <time>2025-06-15T09:13:49.000Z</time>
   </trkpt>
   <trkpt lat="52.432435" lon="13.712074">
    <ele>44</ele>
    <time>2025-06-15T09:13:52.000Z</time>
   </trkpt>
   <trkpt lat="52.432401" lon="13.712231">
    <ele>44</ele>
    <time>2025-06-15T09:13:54.000Z</time>
   </trkpt>
   <trkpt lat="52.432316" lon="13.712411">
    <ele>44</ele>
    <time>2025-06-15T09:13:56.000Z</time>
   </trkpt>
   <trkpt lat="52.432203" lon="13.712824">
    <ele>44</ele>
    <time>2025-06-15T09:14:00.000Z</time>
   </trkpt>
   <trkpt lat="52.432181" lon="13.712904">
    <ele>43.8</ele>
    <time>2025-06-15T09:14:01.000Z</time>
   </trkpt>
   <trkpt lat="52.432076" lon="13.713305">
    <ele>43.8</ele>
    <time>2025-06-15T09:14:06.000Z</time>
   </trkpt>
   <trkpt lat="52.432047" lon="13.713449">
    <ele>43.6</ele>
    <time>2025-06-15T09:14:08.000Z</time>
   </trkpt>
   <trkpt lat="52.432034" lon="13.713516">
    <ele>43.6</ele>
    <time>2025-06-15T09:14:09.000Z</time>
   </trkpt>
   <trkpt lat="52.431996" lon="13.71365">
    <ele>43.4</ele>
    <time>2025-06-15T09:14:12.000Z</time>
   </trkpt>
   <trkpt lat="52.431963" lon="13.713691">
    <ele>43</ele>
    <time>2025-06-15T09:14:14.000Z</time>
   </trkpt>
   <trkpt lat="52.431919" lon="13.713677">
    <ele>43.2</ele>
    <time>2025-06-15T09:14:16.000Z</time>
   </trkpt>
   <trkpt lat="52.431768" lon="13.713575">
    <ele>43</ele>
    <time>2025-06-15T09:14:21.000Z</time>
   </trkpt>
   <trkpt lat="52.43168" lon="13.713505">
    <ele>42.8</ele>
    <time>2025-06-15T09:14:23.000Z</time>
   </trkpt>
   <trkpt lat="52.431547" lon="13.713407">
    <ele>42.2</ele>
    <time>2025-06-15T09:14:26.000Z</time>
   </trkpt>
   <trkpt lat="52.431502" lon="13.713381">
    <ele>41.8</ele>
    <time>2025-06-15T09:14:27.000Z</time>
   </trkpt>
   <trkpt lat="52.431404" lon="13.71332">
    <ele>41.2</ele>
    <time>2025-06-15T09:14:29.000Z</time>
   </trkpt>
   <trkpt lat="52.431245" lon="13.713232">
    <ele>40.8</ele>
    <time>2025-06-15T09:14:32.000Z</time>
   </trkpt>
   <trkpt lat="52.431072" lon="13.713172">
    <ele>40.2</ele>
    <time>2025-06-15T09:14:35.000Z</time>
   </trkpt>
   <trkpt lat="52.43095" lon="13.71314">
    <ele>39.8</ele>
    <time>2025-06-15T09:14:37.000Z</time>
   </trkpt>
   <trkpt lat="52.430724" lon="13.713065">
    <ele>39.2</ele>
    <time>2025-06-15T09:14:41.000Z</time>
   </trkpt>
   <trkpt lat="52.430663" lon="13.713044">
    <ele>39</ele>
    <time>2025-06-15T09:14:42.000Z</time>
   </trkpt>
   <trkpt lat="52.430283" lon="13.712931">
    <ele>39</ele>
    <time>2025-06-15T09:14:49.000Z</time>
   </trkpt>
   <trkpt lat="52.430039" lon="13.712887">
    <ele>38.8</ele>
    <time>2025-06-15T09:14:54.000Z</time>
   </trkpt>
   <trkpt lat="52.429949" lon="13.712874">
    <ele>38.6</ele>
    <time>2025-06-15T09:14:56.000Z</time>
   </trkpt>
   <trkpt lat="52.429661" lon="13.712854">
    <ele>38.6</ele>
    <time>2025-06-15T09:15:02.000Z</time>
   </trkpt>
   <trkpt lat="52.429156" lon="13.712835">
    <ele>38.8</ele>
    <time>2025-06-15T09:15:12.000Z</time>
   </trkpt>
   <trkpt lat="52.42896" lon="13.712841">
    <ele>38.8</ele>
    <time>2025-06-15T09:15:16.000Z</time>
   </trkpt>
   <trkpt lat="52.428861" lon="13.712825">
    <ele>38.6</ele>
    <time>2025-06-15T09:15:18.000Z</time>
   </trkpt>
   <trkpt lat="52.428374" lon="13.712756">
    <ele>38.8</ele>
    <time>2025-06-15T09:15:28.000Z</time>
   </trkpt>
   <trkpt lat="52.428279" lon="13.712747">
    <ele>38.8</ele>
    <time>2025-06-15T09:15:30.000Z</time>
   </trkpt>
   <trkpt lat="52.42804" lon="13.712692">
    <ele>39</ele>
    <time>2025-06-15T09:15:35.000Z</time>
   </trkpt>
   <trkpt lat="52.427609" lon="13.712573">
    <ele>39.2</ele>
    <time>2025-06-15T09:15:44.000Z</time>
   </trkpt>
   <trkpt lat="52.427362" lon="13.712512">
    <ele>39.4</ele>
    <time>2025-06-15T09:15:50.000Z</time>
   </trkpt>
   <trkpt lat="52.427292" lon="13.71252">
    <ele>39.4</ele>
    <time>2025-06-15T09:15:52.000Z</time>
   </trkpt>
   <trkpt lat="52.427236" lon="13.71259">
    <ele>39.4</ele>
    <time>2025-06-15T09:15:54.000Z</time>
   </trkpt>
   <trkpt lat="52.427192" lon="13.71274">
    <ele>39.6</ele>
    <time>2025-06-15T09:15:57.000Z</time>
   </trkpt>
   <trkpt lat="52.427179" lon="13.712792">
    <ele>39.6</ele>
    <time>2025-06-15T09:15:58.000Z</time>
   </trkpt>
   <trkpt lat="52.427165" lon="13.71285">
    <ele>39.8</ele>
    <time>2025-06-15T09:15:59.000Z</time>
   </trkpt>
   <trkpt lat="52.427081" lon="13.713144">
    <ele>40</ele>
    <time>2025-06-15T09:16:04.000Z</time>
   </trkpt>
   <trkpt lat="52.427053" lon="13.713215">
    <ele>40.2</ele>
    <time>2025-06-15T09:16:05.000Z</time>
   </trkpt>
   <trkpt lat="52.427012" lon="13.713351">
    <ele>41</ele>
    <time>2025-06-15T09:16:07.000Z</time>
   </trkpt>
   <trkpt lat="52.426996" lon="13.713416">
    <ele>41.2</ele>
    <time>2025-06-15T09:16:08.000Z</time>
   </trkpt>
   <trkpt lat="52.426936" lon="13.713613">
    <ele>41.6</ele>
    <time>2025-06-15T09:16:11.000Z</time>
   </trkpt>
   <trkpt lat="52.426912" lon="13.71368">
    <ele>41.6</ele>
    <time>2025-06-15T09:16:12.000Z</time>
   </trkpt>
   <trkpt lat="52.426865" lon="13.713819">
    <ele>41.8</ele>
    <time>2025-06-15T09:16:14.000Z</time>
   </trkpt>
   <trkpt lat="52.426744" lon="13.714209">
    <ele>41.2</ele>
    <time>2025-06-15T09:16:19.000Z</time>
   </trkpt>
   <trkpt lat="52.426719" lon="13.714287">
    <ele>41.2</ele>
    <time>2025-06-15T09:16:20.000Z</time>
   </trkpt>
   <trkpt lat="52.426568" lon="13.714687">
    <ele>40.4</ele>
    <time>2025-06-15T09:16:25.000Z</time>
   </trkpt>
   <trkpt lat="52.426533" lon="13.714769">
    <ele>40.4</ele>
    <time>2025-06-15T09:16:26.000Z</time>
   </trkpt>
   <trkpt lat="52.42643" lon="13.715001">
    <ele>40.2</ele>
    <time>2025-06-15T09:16:29.000Z</time>
   </trkpt>
   <trkpt lat="52.426322" lon="13.715205">
    <ele>40</ele>
    <time>2025-06-15T09:16:32.000Z</time>
   </trkpt>
   <trkpt lat="52.426253" lon="13.715321">
    <ele>40</ele>
    <time>2025-06-15T09:16:34.000Z</time>
   </trkpt>
   <trkpt lat="52.42617" lon="13.715521">
    <ele>40</ele>
    <time>2025-06-15T09:16:37.000Z</time>
   </trkpt>
   <trkpt lat="52.426104" lon="13.71567">
    <ele>40</ele>
    <time>2025-06-15T09:16:39.000Z</time>
   </trkpt>
   <trkpt lat="52.42596" lon="13.715992">
    <ele>40</ele>
    <time>2025-06-15T09:16:43.000Z</time>
   </trkpt>
   <trkpt lat="52.425682" lon="13.716482">
    <ele>39.2</ele>
    <time>2025-06-15T09:16:50.000Z</time>
   </trkpt>
   <trkpt lat="52.425375" lon="13.716947">
    <ele>39</ele>
    <time>2025-06-15T09:16:58.000Z</time>
   </trkpt>
   <trkpt lat="52.425212" lon="13.717133">
    <ele>39</ele>
    <time>2025-06-15T09:17:02.000Z</time>
   </trkpt>
   <trkpt lat="52.425084" lon="13.717262">
    <ele>39</ele>
    <time>2025-06-15T09:17:05.000Z</time>
   </trkpt>
   <trkpt lat="52.424998" lon="13.71734">
    <ele>39</ele>
    <time>2025-06-15T09:17:07.000Z</time>
   </trkpt>
   <trkpt lat="52.42494" lon="13.717404">
    <ele>39.2</ele>
    <time>2025-06-15T09:17:09.000Z</time>
   </trkpt>
   <trkpt lat="52.424924" lon="13.717428">
    <ele>39.2</ele>
    <time>2025-06-15T09:17:10.000Z</time>
   </trkpt>
   <trkpt lat="52.424906" lon="13.71745">
    <ele>39.2</ele>
    <time>2025-06-15T09:17:12.000Z</time>
   </trkpt>
   <trkpt lat="52.424913" lon="13.717453">
    <ele>39.6</ele>
    <time>2025-06-15T09:20:24.000Z</time>
   </trkpt>
   <trkpt lat="52.424913" lon="13.717453">
    <ele>39.6</ele>
    <time>2025-06-15T09:20:25.000Z</time>
   </trkpt>
   <trkpt lat="52.424874" lon="13.717464">
    <ele>39.6</ele>
    <time>2025-06-15T09:20:37.000Z</time>
   </trkpt>
   <trkpt lat="52.424839" lon="13.717486">
    <ele>39.6</ele>
    <time>2025-06-15T09:20:39.000Z</time>
   </trkpt>
   <trkpt lat="52.424738" lon="13.717579">
    <ele>39.6</ele>
    <time>2025-06-15T09:20:43.000Z</time>
   </trkpt>
   <trkpt lat="52.424682" lon="13.717638">
    <ele>39.6</ele>
    <time>2025-06-15T09:20:45.000Z</time>
   </trkpt>
   <trkpt lat="52.424578" lon="13.717718">
    <ele>39.2</ele>
    <time>2025-06-15T09:20:48.000Z</time>
   </trkpt>
   <trkpt lat="52.424478" lon="13.7178">
    <ele>39</ele>
    <time>2025-06-15T09:20:51.000Z</time>
   </trkpt>
   <trkpt lat="52.424438" lon="13.717836">
    <ele>38.8</ele>
    <time>2025-06-15T09:20:52.000Z</time>
   </trkpt>
   <trkpt lat="52.424362" lon="13.717897">
    <ele>38.6</ele>
    <time>2025-06-15T09:20:54.000Z</time>
   </trkpt>
   <trkpt lat="52.424107" lon="13.718126">
    <ele>38.6</ele>
    <time>2025-06-15T09:21:01.000Z</time>
   </trkpt>
   <trkpt lat="52.423928" lon="13.718265">
    <ele>38.6</ele>
    <time>2025-06-15T09:21:06.000Z</time>
   </trkpt>
   <trkpt lat="52.423712" lon="13.718438">
    <ele>39.2</ele>
    <time>2025-06-15T09:21:12.000Z</time>
   </trkpt>
   <trkpt lat="52.423547" lon="13.718616">
    <ele>39.4</ele>
    <time>2025-06-15T09:21:17.000Z</time>
   </trkpt>
   <trkpt lat="52.423455" lon="13.718719">
    <ele>39.6</ele>
    <time>2025-06-15T09:21:20.000Z</time>
   </trkpt>
   <trkpt lat="52.423383" lon="13.718798">
    <ele>39.8</ele>
    <time>2025-06-15T09:21:22.000Z</time>
   </trkpt>
   <trkpt lat="52.423224" lon="13.718992">
    <ele>40.2</ele>
    <time>2025-06-15T09:21:26.000Z</time>
   </trkpt>
   <trkpt lat="52.423107" lon="13.719124">
    <ele>40.6</ele>
    <time>2025-06-15T09:21:30.000Z</time>
   </trkpt>
   <trkpt lat="52.423079" lon="13.719162">
    <ele>40.6</ele>
    <time>2025-06-15T09:21:31.000Z</time>
   </trkpt>
   <trkpt lat="52.422999" lon="13.719236">
    <ele>40.8</ele>
    <time>2025-06-15T09:21:34.000Z</time>
   </trkpt>
   <trkpt lat="52.422937" lon="13.71931">
    <ele>40.8</ele>
    <time>2025-06-15T09:21:36.000Z</time>
   </trkpt>
   <trkpt lat="52.422802" lon="13.719481">
    <ele>41.2</ele>
    <time>2025-06-15T09:21:40.000Z</time>
   </trkpt>
   <trkpt lat="52.422767" lon="13.719526">
    <ele>41.2</ele>
    <time>2025-06-15T09:21:41.000Z</time>
   </trkpt>
   <trkpt lat="52.422605" lon="13.719733">
    <ele>41.4</ele>
    <time>2025-06-15T09:21:46.000Z</time>
   </trkpt>
   <trkpt lat="52.42253" lon="13.719818">
    <ele>41.2</ele>
    <time>2025-06-15T09:21:48.000Z</time>
   </trkpt>
   <trkpt lat="52.422457" lon="13.719904">
    <ele>41.2</ele>
    <time>2025-06-15T09:21:50.000Z</time>
   </trkpt>
   <trkpt lat="52.422294" lon="13.720144">
    <ele>40.8</ele>
    <time>2025-06-15T09:21:54.000Z</time>
   </trkpt>
   <trkpt lat="52.422112" lon="13.720466">
    <ele>40.2</ele>
    <time>2025-06-15T09:21:59.000Z</time>
   </trkpt>
   <trkpt lat="52.42205" lon="13.720595">
    <ele>40</ele>
    <time>2025-06-15T09:22:01.000Z</time>
   </trkpt>
   <trkpt lat="52.421822" lon="13.721093">
    <ele>40.2</ele>
    <time>2025-06-15T09:22:09.000Z</time>
   </trkpt>
   <trkpt lat="52.421677" lon="13.721435">
    <ele>40.8</ele>
    <time>2025-06-15T09:22:15.000Z</time>
   </trkpt>
   <trkpt lat="52.42166" lon="13.721501">
    <ele>40.8</ele>
    <time>2025-06-15T09:22:16.000Z</time>
   </trkpt>
   <trkpt lat="52.42155" lon="13.721882">
    <ele>41.4</ele>
    <time>2025-06-15T09:22:22.000Z</time>
   </trkpt>
   <trkpt lat="52.421534" lon="13.721951">
    <ele>41.4</ele>
    <time>2025-06-15T09:22:23.000Z</time>
   </trkpt>
   <trkpt lat="52.421453" lon="13.722304">
    <ele>42</ele>
    <time>2025-06-15T09:22:29.000Z</time>
   </trkpt>
   <trkpt lat="52.421406" lon="13.722324">
    <ele>42</ele>
    <time>2025-06-15T09:22:31.000Z</time>
   </trkpt>
   <trkpt lat="52.421373" lon="13.722309">
    <ele>42</ele>
    <time>2025-06-15T09:22:32.000Z</time>
   </trkpt>
   <trkpt lat="52.421215" lon="13.722239">
    <ele>42</ele>
    <time>2025-06-15T09:22:37.000Z</time>
   </trkpt>
   <trkpt lat="52.421041" lon="13.722188">
    <ele>42.2</ele>
    <time>2025-06-15T09:22:42.000Z</time>
   </trkpt>
   <trkpt lat="52.421008" lon="13.72218">
    <ele>42.6</ele>
    <time>2025-06-15T09:22:43.000Z</time>
   </trkpt>
   <trkpt lat="52.420847" lon="13.722103">
    <ele>43.4</ele>
    <time>2025-06-15T09:22:47.000Z</time>
   </trkpt>
   <trkpt lat="52.420795" lon="13.722055">
    <ele>43.8</ele>
    <time>2025-06-15T09:22:49.000Z</time>
   </trkpt>
   <trkpt lat="52.420706" lon="13.721999">
    <ele>44</ele>
    <time>2025-06-15T09:22:53.000Z</time>
   </trkpt>
   <trkpt lat="52.420703" lon="13.721993">
    <ele>44.2</ele>
    <time>2025-06-15T09:22:54.000Z</time>
   </trkpt>
   <trkpt lat="52.420685" lon="13.721972">
    <ele>43.2</ele>
    <time>2025-06-15T09:23:55.000Z</time>
   </trkpt>
   <trkpt lat="52.42067" lon="13.721963">
    <ele>43.2</ele>
    <time>2025-06-15T09:23:56.000Z</time>
   </trkpt>
   <trkpt lat="52.420608" lon="13.721918">
    <ele>43.2</ele>
    <time>2025-06-15T09:23:59.000Z</time>
   </trkpt>
   <trkpt lat="52.420438" lon="13.721822">
    <ele>43</ele>
    <time>2025-06-15T09:24:04.000Z</time>
   </trkpt>
   <trkpt lat="52.420203" lon="13.721877">
    <ele>43</ele>
    <time>2025-06-15T09:24:09.000Z</time>
   </trkpt>
   <trkpt lat="52.420161" lon="13.721893">
    <ele>43</ele>
    <time>2025-06-15T09:24:10.000Z</time>
   </trkpt>
   <trkpt lat="52.420077" lon="13.721933">
    <ele>43</ele>
    <time>2025-06-15T09:24:12.000Z</time>
   </trkpt>
   <trkpt lat="52.420032" lon="13.72195">
    <ele>42.6</ele>
    <time>2025-06-15T09:24:13.000Z</time>
   </trkpt>
   <trkpt lat="52.419986" lon="13.72197">
    <ele>42.4</ele>
    <time>2025-06-15T09:24:14.000Z</time>
   </trkpt>
   <trkpt lat="52.419944" lon="13.721995">
    <ele>42.4</ele>
    <time>2025-06-15T09:24:15.000Z</time>
   </trkpt>
   <trkpt lat="52.419658" lon="13.722192">
    <ele>41.6</ele>
    <time>2025-06-15T09:24:22.000Z</time>
   </trkpt>
   <trkpt lat="52.419595" lon="13.722228">
    <ele>41.4</ele>
    <time>2025-06-15T09:24:24.000Z</time>
   </trkpt>
   <trkpt lat="52.419548" lon="13.72222">
    <ele>41.2</ele>
    <time>2025-06-15T09:24:27.000Z</time>
   </trkpt>
   <trkpt lat="52.419536" lon="13.722207">
    <ele>41.2</ele>
    <time>2025-06-15T09:24:28.000Z</time>
   </trkpt>
   <trkpt lat="52.419454" lon="13.721983">
    <ele>41</ele>
    <time>2025-06-15T09:24:35.000Z</time>
   </trkpt>
   <trkpt lat="52.419415" lon="13.721864">
    <ele>40.8</ele>
    <time>2025-06-15T09:24:41.000Z</time>
   </trkpt>
   <trkpt lat="52.419366" lon="13.721777">
    <ele>40.2</ele>
    <time>2025-06-15T09:24:47.000Z</time>
   </trkpt>
   <trkpt lat="52.419291" lon="13.721583">
    <ele>40</ele>
    <time>2025-06-15T09:24:52.000Z</time>
   </trkpt>
   <trkpt lat="52.419177" lon="13.721348">
    <ele>39.8</ele>
    <time>2025-06-15T09:24:58.000Z</time>
   </trkpt>
   <trkpt lat="52.419168" lon="13.721311">
    <ele>39.6</ele>
    <time>2025-06-15T09:24:59.000Z</time>
   </trkpt>
   <trkpt lat="52.419133" lon="13.721099">
    <ele>40.2</ele>
    <time>2025-06-15T09:25:05.000Z</time>
   </trkpt>
   <trkpt lat="52.419115" lon="13.721002">
    <ele>40.8</ele>
    <time>2025-06-15T09:25:08.000Z</time>
   </trkpt>
   <trkpt lat="52.419094" lon="13.720901">
    <ele>41</ele>
    <time>2025-06-15T09:25:11.000Z</time>
   </trkpt>
   <trkpt lat="52.419095" lon="13.720889">
    <ele>41</ele>
    <time>2025-06-15T09:25:12.000Z</time>
   </trkpt>
   <trkpt lat="52.419087" lon="13.720859">
    <ele>41.6</ele>
    <time>2025-06-15T09:26:42.000Z</time>
   </trkpt>
   <trkpt lat="52.419081" lon="13.72084">
    <ele>41.6</ele>
    <time>2025-06-15T09:26:43.000Z</time>
   </trkpt>
   <trkpt lat="52.419064" lon="13.720783">
    <ele>41.6</ele>
    <time>2025-06-15T09:26:45.000Z</time>
   </trkpt>
   <trkpt lat="52.419048" lon="13.720601">
    <ele>41.4</ele>
    <time>2025-06-15T09:26:51.000Z</time>
   </trkpt>
   <trkpt lat="52.419048" lon="13.720531">
    <ele>41.4</ele>
    <time>2025-06-15T09:26:53.000Z</time>
   </trkpt>
   <trkpt lat="52.419048" lon="13.720369">
    <ele>41.4</ele>
    <time>2025-06-15T09:26:56.000Z</time>
   </trkpt>
   <trkpt lat="52.419116" lon="13.720156">
    <ele>41.4</ele>
    <time>2025-06-15T09:27:00.000Z</time>
   </trkpt>
   <trkpt lat="52.419182" lon="13.719837">
    <ele>41.2</ele>
    <time>2025-06-15T09:27:06.000Z</time>
   </trkpt>
   <trkpt lat="52.419204" lon="13.719529">
    <ele>41.4</ele>
    <time>2025-06-15T09:27:11.000Z</time>
   </trkpt>
   <trkpt lat="52.419222" lon="13.719492">
    <ele>41.6</ele>
    <time>2025-06-15T09:27:12.000Z</time>
   </trkpt>
   <trkpt lat="52.419221" lon="13.719419">
    <ele>41.6</ele>
    <time>2025-06-15T09:27:14.000Z</time>
   </trkpt>
   <trkpt lat="52.419236" lon="13.719388">
    <ele>41.8</ele>
    <time>2025-06-15T09:27:15.000Z</time>
   </trkpt>
   <trkpt lat="52.419235" lon="13.71932">
    <ele>41.8</ele>
    <time>2025-06-15T09:27:17.000Z</time>
   </trkpt>
   <trkpt lat="52.419182" lon="13.719244">
    <ele>41.8</ele>
    <time>2025-06-15T09:27:19.000Z</time>
   </trkpt>
   <trkpt lat="52.419178" lon="13.719207">
    <ele>41.8</ele>
    <time>2025-06-15T09:27:20.000Z</time>
   </trkpt>
   <trkpt lat="52.419129" lon="13.719082">
    <ele>42</ele>
    <time>2025-06-15T09:27:23.000Z</time>
   </trkpt>
   <trkpt lat="52.419114" lon="13.719004">
    <ele>42.2</ele>
    <time>2025-06-15T09:27:25.000Z</time>
   </trkpt>
   <trkpt lat="52.419053" lon="13.71889">
    <ele>42.4</ele>
    <time>2025-06-15T09:27:27.000Z</time>
   </trkpt>
   <trkpt lat="52.41886" lon="13.718612">
    <ele>42.8</ele>
    <time>2025-06-15T09:27:30.000Z</time>
   </trkpt>
   <trkpt lat="52.418816" lon="13.718545">
    <ele>43</ele>
    <time>2025-06-15T09:27:31.000Z</time>
   </trkpt>
   <trkpt lat="52.41874" lon="13.718268">
    <ele>43.4</ele>
    <time>2025-06-15T09:27:36.000Z</time>
   </trkpt>
   <trkpt lat="52.418726" lon="13.71822">
    <ele>43.4</ele>
    <time>2025-06-15T09:27:37.000Z</time>
   </trkpt>
   <trkpt lat="52.418711" lon="13.718123">
    <ele>43.4</ele>
    <time>2025-06-15T09:27:39.000Z</time>
   </trkpt>
   <trkpt lat="52.418708" lon="13.718073">
    <ele>43.6</ele>
    <time>2025-06-15T09:27:40.000Z</time>
   </trkpt>
   <trkpt lat="52.418704" lon="13.718017">
    <ele>43.6</ele>
    <time>2025-06-15T09:27:41.000Z</time>
   </trkpt>
   <trkpt lat="52.418633" lon="13.717871">
    <ele>43.6</ele>
    <time>2025-06-15T09:27:43.000Z</time>
   </trkpt>
   <trkpt lat="52.41859" lon="13.717773">
    <ele>43.6</ele>
    <time>2025-06-15T09:27:45.000Z</time>
   </trkpt>
   <trkpt lat="52.418532" lon="13.717635">
    <ele>43.6</ele>
    <time>2025-06-15T09:27:47.000Z</time>
   </trkpt>
   <trkpt lat="52.418436" lon="13.717414">
    <ele>43.6</ele>
    <time>2025-06-15T09:27:50.000Z</time>
   </trkpt>
   <trkpt lat="52.418363" lon="13.717198">
    <ele>43.8</ele>
    <time>2025-06-15T09:27:55.000Z</time>
   </trkpt>
   <trkpt lat="52.418324" lon="13.717148">
    <ele>43.8</ele>
    <time>2025-06-15T09:27:56.000Z</time>
   </trkpt>
   <trkpt lat="52.418232" lon="13.71699">
    <ele>44.4</ele>
    <time>2025-06-15T09:27:59.000Z</time>
   </trkpt>
   <trkpt lat="52.418235" lon="13.716944">
    <ele>44.4</ele>
    <time>2025-06-15T09:28:00.000Z</time>
   </trkpt>
   <trkpt lat="52.418242" lon="13.716878">
    <ele>44.6</ele>
    <time>2025-06-15T09:28:01.000Z</time>
   </trkpt>
   <trkpt lat="52.418279" lon="13.716737">
    <ele>44.8</ele>
    <time>2025-06-15T09:28:03.000Z</time>
   </trkpt>
   <trkpt lat="52.418291" lon="13.716646">
    <ele>44.8</ele>
    <time>2025-06-15T09:28:04.000Z</time>
   </trkpt>
   <trkpt lat="52.418319" lon="13.71655">
    <ele>44.8</ele>
    <time>2025-06-15T09:28:05.000Z</time>
   </trkpt>
   <trkpt lat="52.418375" lon="13.716353">
    <ele>44.6</ele>
    <time>2025-06-15T09:28:07.000Z</time>
   </trkpt>
   <trkpt lat="52.418408" lon="13.716176">
    <ele>44.2</ele>
    <time>2025-06-15T09:28:09.000Z</time>
   </trkpt>
   <trkpt lat="52.418422" lon="13.716022">
    <ele>43.6</ele>
    <time>2025-06-15T09:28:11.000Z</time>
   </trkpt>
   <trkpt lat="52.418487" lon="13.715725">
    <ele>43.4</ele>
    <time>2025-06-15T09:28:15.000Z</time>
   </trkpt>
   <trkpt lat="52.41851" lon="13.715657">
    <ele>43.4</ele>
    <time>2025-06-15T09:28:16.000Z</time>
   </trkpt>
   <trkpt lat="52.418556" lon="13.71553">
    <ele>43.4</ele>
    <time>2025-06-15T09:28:18.000Z</time>
   </trkpt>
   <trkpt lat="52.418566" lon="13.715467">
    <ele>43.4</ele>
    <time>2025-06-15T09:28:19.000Z</time>
   </trkpt>
   <trkpt lat="52.418576" lon="13.715408">
    <ele>43.4</ele>
    <time>2025-06-15T09:28:20.000Z</time>
   </trkpt>
   <trkpt lat="52.41861" lon="13.715286">
    <ele>43.4</ele>
    <time>2025-06-15T09:28:22.000Z</time>
   </trkpt>
   <trkpt lat="52.418644" lon="13.715219">
    <ele>43.6</ele>
    <time>2025-06-15T09:28:23.000Z</time>
   </trkpt>
   <trkpt lat="52.418684" lon="13.715071">
    <ele>43.8</ele>
    <time>2025-06-15T09:28:25.000Z</time>
   </trkpt>
   <trkpt lat="52.418714" lon="13.714934">
    <ele>44</ele>
    <time>2025-06-15T09:28:27.000Z</time>
   </trkpt>
   <trkpt lat="52.418758" lon="13.714812">
    <ele>44</ele>
    <time>2025-06-15T09:28:29.000Z</time>
   </trkpt>
   <trkpt lat="52.418808" lon="13.714579">
    <ele>44.2</ele>
    <time>2025-06-15T09:28:32.000Z</time>
   </trkpt>
   <trkpt lat="52.418885" lon="13.714143">
    <ele>44.6</ele>
    <time>2025-06-15T09:28:37.000Z</time>
   </trkpt>
   <trkpt lat="52.418901" lon="13.714069">
    <ele>44.6</ele>
    <time>2025-06-15T09:28:38.000Z</time>
   </trkpt>
   <trkpt lat="52.418926" lon="13.713961">
    <ele>44.8</ele>
    <time>2025-06-15T09:28:40.000Z</time>
   </trkpt>
   <trkpt lat="52.418965" lon="13.713794">
    <ele>45</ele>
    <time>2025-06-15T09:28:42.000Z</time>
   </trkpt>
   <trkpt lat="52.418989" lon="13.713712">
    <ele>45.2</ele>
    <time>2025-06-15T09:28:43.000Z</time>
   </trkpt>
   <trkpt lat="52.419003" lon="13.713662">
    <ele>45.2</ele>
    <time>2025-06-15T09:28:44.000Z</time>
   </trkpt>
   <trkpt lat="52.41905" lon="13.713521">
    <ele>45.2</ele>
    <time>2025-06-15T09:28:46.000Z</time>
   </trkpt>
   <trkpt lat="52.419087" lon="13.713442">
    <ele>45.2</ele>
    <time>2025-06-15T09:28:47.000Z</time>
   </trkpt>
   <trkpt lat="52.419105" lon="13.71328">
    <ele>45.2</ele>
    <time>2025-06-15T09:28:49.000Z</time>
   </trkpt>
   <trkpt lat="52.419161" lon="13.713076">
    <ele>44.8</ele>
    <time>2025-06-15T09:28:51.000Z</time>
   </trkpt>
   <trkpt lat="52.41926" lon="13.712796">
    <ele>44.4</ele>
    <time>2025-06-15T09:28:55.000Z</time>
   </trkpt>
   <trkpt lat="52.419294" lon="13.712544">
    <ele>44.2</ele>
    <time>2025-06-15T09:28:58.000Z</time>
   </trkpt>
   <trkpt lat="52.41933" lon="13.712475">
    <ele>44.2</ele>
    <time>2025-06-15T09:28:59.000Z</time>
   </trkpt>
   <trkpt lat="52.419392" lon="13.71233">
    <ele>44</ele>
    <time>2025-06-15T09:29:01.000Z</time>
   </trkpt>
   <trkpt lat="52.419438" lon="13.712194">
    <ele>44</ele>
    <time>2025-06-15T09:29:03.000Z</time>
   </trkpt>
   <trkpt lat="52.419472" lon="13.712056">
    <ele>43.8</ele>
    <time>2025-06-15T09:29:05.000Z</time>
   </trkpt>
   <trkpt lat="52.419521" lon="13.711909">
    <ele>43.8</ele>
    <time>2025-06-15T09:29:07.000Z</time>
   </trkpt>
   <trkpt lat="52.419515" lon="13.711838">
    <ele>43.8</ele>
    <time>2025-06-15T09:29:08.000Z</time>
   </trkpt>
   <trkpt lat="52.419539" lon="13.711566">
    <ele>44</ele>
    <time>2025-06-15T09:29:11.000Z</time>
   </trkpt>
   <trkpt lat="52.419583" lon="13.711385">
    <ele>44</ele>
    <time>2025-06-15T09:29:13.000Z</time>
   </trkpt>
   <trkpt lat="52.41962" lon="13.711202">
    <ele>44.2</ele>
    <time>2025-06-15T09:29:15.000Z</time>
   </trkpt>
   <trkpt lat="52.41969" lon="13.710999">
    <ele>44.2</ele>
    <time>2025-06-15T09:29:17.000Z</time>
   </trkpt>
   <trkpt lat="52.419858" lon="13.710598">
    <ele>44</ele>
    <time>2025-06-15T09:29:21.000Z</time>
   </trkpt>
   <trkpt lat="52.419891" lon="13.710516">
    <ele>44</ele>
    <time>2025-06-15T09:29:22.000Z</time>
   </trkpt>
   <trkpt lat="52.419929" lon="13.71024">
    <ele>44</ele>
    <time>2025-06-15T09:29:25.000Z</time>
   </trkpt>
   <trkpt lat="52.419906" lon="13.710033">
    <ele>44</ele>
    <time>2025-06-15T09:29:27.000Z</time>
   </trkpt>
   <trkpt lat="52.419889" lon="13.709869">
    <ele>44</ele>
    <time>2025-06-15T09:29:29.000Z</time>
   </trkpt>
   <trkpt lat="52.419993" lon="13.709602">
    <ele>44.2</ele>
    <time>2025-06-15T09:29:32.000Z</time>
   </trkpt>
   <trkpt lat="52.420021" lon="13.7095">
    <ele>44.6</ele>
    <time>2025-06-15T09:29:33.000Z</time>
   </trkpt>
   <trkpt lat="52.420114" lon="13.709332">
    <ele>44.8</ele>
    <time>2025-06-15T09:29:35.000Z</time>
   </trkpt>
   <trkpt lat="52.420185" lon="13.709167">
    <ele>45</ele>
    <time>2025-06-15T09:29:37.000Z</time>
   </trkpt>
   <trkpt lat="52.420207" lon="13.709077">
    <ele>45.2</ele>
    <time>2025-06-15T09:29:38.000Z</time>
   </trkpt>
   <trkpt lat="52.420317" lon="13.708836">
    <ele>45.4</ele>
    <time>2025-06-15T09:29:41.000Z</time>
   </trkpt>
   <trkpt lat="52.420419" lon="13.708547">
    <ele>45.2</ele>
    <time>2025-06-15T09:29:44.000Z</time>
   </trkpt>
   <trkpt lat="52.420478" lon="13.708219">
    <ele>44.8</ele>
    <time>2025-06-15T09:29:47.000Z</time>
   </trkpt>
   <trkpt lat="52.420502" lon="13.708126">
    <ele>44.8</ele>
    <time>2025-06-15T09:29:48.000Z</time>
   </trkpt>
   <trkpt lat="52.420537" lon="13.707944">
    <ele>44.6</ele>
    <time>2025-06-15T09:29:50.000Z</time>
   </trkpt>
   <trkpt lat="52.420531" lon="13.707775">
    <ele>44</ele>
    <time>2025-06-15T09:29:52.000Z</time>
   </trkpt>
   <trkpt lat="52.420582" lon="13.707505">
    <ele>44</ele>
    <time>2025-06-15T09:29:55.000Z</time>
   </trkpt>
   <trkpt lat="52.4206" lon="13.707411">
    <ele>43.6</ele>
    <time>2025-06-15T09:29:56.000Z</time>
   </trkpt>
   <trkpt lat="52.420632" lon="13.707297">
    <ele>43.6</ele>
    <time>2025-06-15T09:29:57.000Z</time>
   </trkpt>
   <trkpt lat="52.420674" lon="13.70721">
    <ele>43.6</ele>
    <time>2025-06-15T09:29:58.000Z</time>
   </trkpt>
   <trkpt lat="52.420722" lon="13.707034">
    <ele>43.4</ele>
    <time>2025-06-15T09:30:00.000Z</time>
   </trkpt>
   <trkpt lat="52.420779" lon="13.706765">
    <ele>43.4</ele>
    <time>2025-06-15T09:30:03.000Z</time>
   </trkpt>
   <trkpt lat="52.420802" lon="13.706697">
    <ele>43.4</ele>
    <time>2025-06-15T09:30:04.000Z</time>
   </trkpt>
   <trkpt lat="52.420865" lon="13.706563">
    <ele>43.4</ele>
    <time>2025-06-15T09:30:06.000Z</time>
   </trkpt>
   <trkpt lat="52.420906" lon="13.706499">
    <ele>43.4</ele>
    <time>2025-06-15T09:30:07.000Z</time>
   </trkpt>
   <trkpt lat="52.420992" lon="13.706364">
    <ele>43.4</ele>
    <time>2025-06-15T09:30:09.000Z</time>
   </trkpt>
   <trkpt lat="52.421046" lon="13.706246">
    <ele>43.4</ele>
    <time>2025-06-15T09:30:11.000Z</time>
   </trkpt>
   <trkpt lat="52.421174" lon="13.706015">
    <ele>43.6</ele>
    <time>2025-06-15T09:30:15.000Z</time>
   </trkpt>
   <trkpt lat="52.4212" lon="13.705932">
    <ele>43.6</ele>
    <time>2025-06-15T09:30:16.000Z</time>
   </trkpt>
   <trkpt lat="52.421295" lon="13.705747">
    <ele>43.6</ele>
    <time>2025-06-15T09:30:19.000Z</time>
   </trkpt>
   <trkpt lat="52.421365" lon="13.70566">
    <ele>43.6</ele>
    <time>2025-06-15T09:30:21.000Z</time>
   </trkpt>
   <trkpt lat="52.421459" lon="13.705565">
    <ele>43.6</ele>
    <time>2025-06-15T09:30:23.000Z</time>
   </trkpt>
   <trkpt lat="52.421513" lon="13.705514">
    <ele>43.4</ele>
    <time>2025-06-15T09:30:24.000Z</time>
   </trkpt>
   <trkpt lat="52.42157" lon="13.705485">
    <ele>43.4</ele>
    <time>2025-06-15T09:30:25.000Z</time>
   </trkpt>
   <trkpt lat="52.421677" lon="13.705461">
    <ele>43.2</ele>
    <time>2025-06-15T09:30:27.000Z</time>
   </trkpt>
   <trkpt lat="52.421734" lon="13.705465">
    <ele>42.8</ele>
    <time>2025-06-15T09:30:28.000Z</time>
   </trkpt>
   <trkpt lat="52.421827" lon="13.705491">
    <ele>42.6</ele>
    <time>2025-06-15T09:30:30.000Z</time>
   </trkpt>
   <trkpt lat="52.421916" lon="13.705495">
    <ele>42.2</ele>
    <time>2025-06-15T09:30:32.000Z</time>
   </trkpt>
   <trkpt lat="52.421961" lon="13.705462">
    <ele>42.2</ele>
    <time>2025-06-15T09:30:33.000Z</time>
   </trkpt>
   <trkpt lat="52.422164" lon="13.705251">
    <ele>42</ele>
    <time>2025-06-15T09:30:38.000Z</time>
   </trkpt>
   <trkpt lat="52.422284" lon="13.705039">
    <ele>42</ele>
    <time>2025-06-15T09:30:41.000Z</time>
   </trkpt>
   <trkpt lat="52.422324" lon="13.704893">
    <ele>41.6</ele>
    <time>2025-06-15T09:30:43.000Z</time>
   </trkpt>
   <trkpt lat="52.422272" lon="13.704705">
    <ele>41.4</ele>
    <time>2025-06-15T09:30:46.000Z</time>
   </trkpt>
   <trkpt lat="52.422265" lon="13.70467">
    <ele>41.4</ele>
    <time>2025-06-15T09:30:47.000Z</time>
   </trkpt>
   <trkpt lat="52.422232" lon="13.704573">
    <ele>41</ele>
    <time>2025-06-15T09:30:49.000Z</time>
   </trkpt>
   <trkpt lat="52.42221" lon="13.704427">
    <ele>41</ele>
    <time>2025-06-15T09:30:51.000Z</time>
   </trkpt>
   <trkpt lat="52.422196" lon="13.70429">
    <ele>41</ele>
    <time>2025-06-15T09:30:53.000Z</time>
   </trkpt>
   <trkpt lat="52.422187" lon="13.704214">
    <ele>41.4</ele>
    <time>2025-06-15T09:30:54.000Z</time>
   </trkpt>
   <trkpt lat="52.422193" lon="13.704136">
    <ele>41.4</ele>
    <time>2025-06-15T09:30:55.000Z</time>
   </trkpt>
   <trkpt lat="52.422181" lon="13.703887">
    <ele>41.4</ele>
    <time>2025-06-15T09:30:58.000Z</time>
   </trkpt>
   <trkpt lat="52.422165" lon="13.703728">
    <ele>41.4</ele>
    <time>2025-06-15T09:31:00.000Z</time>
   </trkpt>
   <trkpt lat="52.422172" lon="13.70366">
    <ele>41.4</ele>
    <time>2025-06-15T09:31:01.000Z</time>
   </trkpt>
   <trkpt lat="52.422165" lon="13.703577">
    <ele>41.4</ele>
    <time>2025-06-15T09:31:02.000Z</time>
   </trkpt>
   <trkpt lat="52.422148" lon="13.703406">
    <ele>41.4</ele>
    <time>2025-06-15T09:31:04.000Z</time>
   </trkpt>
   <trkpt lat="52.422141" lon="13.703316">
    <ele>41.4</ele>
    <time>2025-06-15T09:31:05.000Z</time>
   </trkpt>
   <trkpt lat="52.422125" lon="13.703237">
    <ele>41.4</ele>
    <time>2025-06-15T09:31:06.000Z</time>
   </trkpt>
   <trkpt lat="52.42211" lon="13.703143">
    <ele>41.4</ele>
    <time>2025-06-15T09:31:07.000Z</time>
   </trkpt>
   <trkpt lat="52.42213" lon="13.702963">
    <ele>41.4</ele>
    <time>2025-06-15T09:31:09.000Z</time>
   </trkpt>
   <trkpt lat="52.422145" lon="13.702881">
    <ele>41.4</ele>
    <time>2025-06-15T09:31:10.000Z</time>
   </trkpt>
   <trkpt lat="52.422156" lon="13.702812">
    <ele>41.4</ele>
    <time>2025-06-15T09:31:11.000Z</time>
   </trkpt>
   <trkpt lat="52.42222" lon="13.702537">
    <ele>41.4</ele>
    <time>2025-06-15T09:31:14.000Z</time>
   </trkpt>
   <trkpt lat="52.42222" lon="13.702451">
    <ele>41.4</ele>
    <time>2025-06-15T09:31:15.000Z</time>
   </trkpt>
   <trkpt lat="52.422221" lon="13.702194">
    <ele>41.4</ele>
    <time>2025-06-15T09:31:18.000Z</time>
   </trkpt>
   <trkpt lat="52.422241" lon="13.701847">
    <ele>41</ele>
    <time>2025-06-15T09:31:22.000Z</time>
   </trkpt>
   <trkpt lat="52.422236" lon="13.701759">
    <ele>41</ele>
    <time>2025-06-15T09:31:23.000Z</time>
   </trkpt>
   <trkpt lat="52.422303" lon="13.701514">
    <ele>41</ele>
    <time>2025-06-15T09:31:26.000Z</time>
   </trkpt>
   <trkpt lat="52.422311" lon="13.701442">
    <ele>41</ele>
    <time>2025-06-15T09:31:27.000Z</time>
   </trkpt>
   <trkpt lat="52.42232" lon="13.701295">
    <ele>41</ele>
    <time>2025-06-15T09:31:29.000Z</time>
   </trkpt>
   <trkpt lat="52.422335" lon="13.701133">
    <ele>41.4</ele>
    <time>2025-06-15T09:31:31.000Z</time>
   </trkpt>
   <trkpt lat="52.422349" lon="13.700982">
    <ele>41.4</ele>
    <time>2025-06-15T09:31:33.000Z</time>
   </trkpt>
   <trkpt lat="52.422351" lon="13.700906">
    <ele>41.4</ele>
    <time>2025-06-15T09:31:34.000Z</time>
   </trkpt>
   <trkpt lat="52.422365" lon="13.700817">
    <ele>41.6</ele>
    <time>2025-06-15T09:31:35.000Z</time>
   </trkpt>
   <trkpt lat="52.422414" lon="13.700558">
    <ele>42</ele>
    <time>2025-06-15T09:31:38.000Z</time>
   </trkpt>
   <trkpt lat="52.42245" lon="13.700415">
    <ele>42.2</ele>
    <time>2025-06-15T09:31:40.000Z</time>
   </trkpt>
   <trkpt lat="52.422469" lon="13.700332">
    <ele>42.6</ele>
    <time>2025-06-15T09:31:41.000Z</time>
   </trkpt>
   <trkpt lat="52.422501" lon="13.700248">
    <ele>42.6</ele>
    <time>2025-06-15T09:31:42.000Z</time>
   </trkpt>
   <trkpt lat="52.422513" lon="13.700168">
    <ele>42.6</ele>
    <time>2025-06-15T09:31:43.000Z</time>
   </trkpt>
   <trkpt lat="52.422529" lon="13.69998">
    <ele>42.6</ele>
    <time>2025-06-15T09:31:45.000Z</time>
   </trkpt>
   <trkpt lat="52.422602" lon="13.699671">
    <ele>42.6</ele>
    <time>2025-06-15T09:31:48.000Z</time>
   </trkpt>
   <trkpt lat="52.422665" lon="13.699448">
    <ele>42.6</ele>
    <time>2025-06-15T09:31:50.000Z</time>
   </trkpt>
   <trkpt lat="52.422675" lon="13.699233">
    <ele>42</ele>
    <time>2025-06-15T09:31:52.000Z</time>
   </trkpt>
   <trkpt lat="52.422677" lon="13.699109">
    <ele>41.6</ele>
    <time>2025-06-15T09:31:53.000Z</time>
   </trkpt>
   <trkpt lat="52.422703" lon="13.698777">
    <ele>41.4</ele>
    <time>2025-06-15T09:31:56.000Z</time>
   </trkpt>
   <trkpt lat="52.422782" lon="13.698578">
    <ele>41.4</ele>
    <time>2025-06-15T09:31:58.000Z</time>
   </trkpt>
   <trkpt lat="52.422793" lon="13.69847">
    <ele>41.4</ele>
    <time>2025-06-15T09:31:59.000Z</time>
   </trkpt>
   <trkpt lat="52.422797" lon="13.698337">
    <ele>41.4</ele>
    <time>2025-06-15T09:32:00.000Z</time>
   </trkpt>
   <trkpt lat="52.422828" lon="13.697966">
    <ele>41.4</ele>
    <time>2025-06-15T09:32:03.000Z</time>
   </trkpt>
   <trkpt lat="52.422844" lon="13.697796">
    <ele>41.6</ele>
    <time>2025-06-15T09:32:05.000Z</time>
   </trkpt>
   <trkpt lat="52.422865" lon="13.697611">
    <ele>41.8</ele>
    <time>2025-06-15T09:32:07.000Z</time>
   </trkpt>
   <trkpt lat="52.422997" lon="13.696987">
    <ele>41.8</ele>
    <time>2025-06-15T09:32:14.000Z</time>
   </trkpt>
   <trkpt lat="52.423058" lon="13.696727">
    <ele>42</ele>
    <time>2025-06-15T09:32:17.000Z</time>
   </trkpt>
   <trkpt lat="52.423099" lon="13.696553">
    <ele>42</ele>
    <time>2025-06-15T09:32:19.000Z</time>
   </trkpt>
   <trkpt lat="52.423124" lon="13.696381">
    <ele>42</ele>
    <time>2025-06-15T09:32:21.000Z</time>
   </trkpt>
   <trkpt lat="52.423157" lon="13.69618">
    <ele>42.2</ele>
    <time>2025-06-15T09:32:23.000Z</time>
   </trkpt>
   <trkpt lat="52.42317" lon="13.696085">
    <ele>42.2</ele>
    <time>2025-06-15T09:32:24.000Z</time>
   </trkpt>
   <trkpt lat="52.42316" lon="13.696014">
    <ele>42.2</ele>
    <time>2025-06-15T09:32:25.000Z</time>
   </trkpt>
   <trkpt lat="52.423212" lon="13.695878">
    <ele>42.4</ele>
    <time>2025-06-15T09:32:27.000Z</time>
   </trkpt>
   <trkpt lat="52.423232" lon="13.695797">
    <ele>42.4</ele>
    <time>2025-06-15T09:32:28.000Z</time>
   </trkpt>
   <trkpt lat="52.42323" lon="13.695717">
    <ele>42.6</ele>
    <time>2025-06-15T09:32:29.000Z</time>
   </trkpt>
   <trkpt lat="52.423206" lon="13.695534">
    <ele>42.8</ele>
    <time>2025-06-15T09:32:31.000Z</time>
   </trkpt>
   <trkpt lat="52.4232" lon="13.695437">
    <ele>42.8</ele>
    <time>2025-06-15T09:32:32.000Z</time>
   </trkpt>
   <trkpt lat="52.423205" lon="13.695249">
    <ele>43</ele>
    <time>2025-06-15T09:32:34.000Z</time>
   </trkpt>
   <trkpt lat="52.423214" lon="13.694994">
    <ele>43.2</ele>
    <time>2025-06-15T09:32:37.000Z</time>
   </trkpt>
   <trkpt lat="52.423193" lon="13.694676">
    <ele>43.4</ele>
    <time>2025-06-15T09:32:41.000Z</time>
   </trkpt>
   <trkpt lat="52.423187" lon="13.694533">
    <ele>43.6</ele>
    <time>2025-06-15T09:32:43.000Z</time>
   </trkpt>
   <trkpt lat="52.423176" lon="13.694394">
    <ele>44</ele>
    <time>2025-06-15T09:32:45.000Z</time>
   </trkpt>
   <trkpt lat="52.423158" lon="13.69418">
    <ele>44.4</ele>
    <time>2025-06-15T09:32:48.000Z</time>
   </trkpt>
   <trkpt lat="52.423147" lon="13.693982">
    <ele>45</ele>
    <time>2025-06-15T09:32:51.000Z</time>
   </trkpt>
   <trkpt lat="52.423134" lon="13.693841">
    <ele>45</ele>
    <time>2025-06-15T09:32:53.000Z</time>
   </trkpt>
   <trkpt lat="52.423127" lon="13.693771">
    <ele>45.2</ele>
    <time>2025-06-15T09:32:54.000Z</time>
   </trkpt>
   <trkpt lat="52.423122" lon="13.693702">
    <ele>45.4</ele>
    <time>2025-06-15T09:32:55.000Z</time>
   </trkpt>
   <trkpt lat="52.423126" lon="13.693564">
    <ele>45.6</ele>
    <time>2025-06-15T09:32:57.000Z</time>
   </trkpt>
   <trkpt lat="52.423107" lon="13.693494">
    <ele>45.6</ele>
    <time>2025-06-15T09:32:58.000Z</time>
   </trkpt>
   <trkpt lat="52.423074" lon="13.69301">
    <ele>46</ele>
    <time>2025-06-15T09:33:04.000Z</time>
   </trkpt>
   <trkpt lat="52.423061" lon="13.692912">
    <ele>46</ele>
    <time>2025-06-15T09:33:05.000Z</time>
   </trkpt>
   <trkpt lat="52.423059" lon="13.692626">
    <ele>46</ele>
    <time>2025-06-15T09:33:08.000Z</time>
   </trkpt>
   <trkpt lat="52.42307" lon="13.692541">
    <ele>46</ele>
    <time>2025-06-15T09:33:09.000Z</time>
   </trkpt>
   <trkpt lat="52.423083" lon="13.692459">
    <ele>46</ele>
    <time>2025-06-15T09:33:10.000Z</time>
   </trkpt>
   <trkpt lat="52.423093" lon="13.692098">
    <ele>45.8</ele>
    <time>2025-06-15T09:33:14.000Z</time>
   </trkpt>
   <trkpt lat="52.423109" lon="13.692011">
    <ele>45.8</ele>
    <time>2025-06-15T09:33:15.000Z</time>
   </trkpt>
   <trkpt lat="52.423195" lon="13.691662">
    <ele>45.6</ele>
    <time>2025-06-15T09:33:19.000Z</time>
   </trkpt>
   <trkpt lat="52.42322" lon="13.691574">
    <ele>45.4</ele>
    <time>2025-06-15T09:33:20.000Z</time>
   </trkpt>
   <trkpt lat="52.423296" lon="13.691295">
    <ele>45.2</ele>
    <time>2025-06-15T09:33:23.000Z</time>
   </trkpt>
   <trkpt lat="52.423339" lon="13.691129">
    <ele>45</ele>
    <time>2025-06-15T09:33:25.000Z</time>
   </trkpt>
   <trkpt lat="52.423371" lon="13.691051">
    <ele>44.8</ele>
    <time>2025-06-15T09:33:26.000Z</time>
   </trkpt>
   <trkpt lat="52.423498" lon="13.690808">
    <ele>44.8</ele>
    <time>2025-06-15T09:33:30.000Z</time>
   </trkpt>
   <trkpt lat="52.423686" lon="13.690555">
    <ele>45</ele>
    <time>2025-06-15T09:33:35.000Z</time>
   </trkpt>
   <trkpt lat="52.423763" lon="13.690439">
    <ele>45.2</ele>
    <time>2025-06-15T09:33:37.000Z</time>
   </trkpt>
   <trkpt lat="52.423909" lon="13.690195">
    <ele>45.2</ele>
    <time>2025-06-15T09:33:41.000Z</time>
   </trkpt>
   <trkpt lat="52.424001" lon="13.690076">
    <ele>45.2</ele>
    <time>2025-06-15T09:33:43.000Z</time>
   </trkpt>
   <trkpt lat="52.42408" lon="13.689962">
    <ele>44.8</ele>
    <time>2025-06-15T09:33:45.000Z</time>
   </trkpt>
   <trkpt lat="52.424113" lon="13.6899">
    <ele>44.6</ele>
    <time>2025-06-15T09:33:46.000Z</time>
   </trkpt>
   <trkpt lat="52.424148" lon="13.689837">
    <ele>44.2</ele>
    <time>2025-06-15T09:33:47.000Z</time>
   </trkpt>
   <trkpt lat="52.424227" lon="13.689727">
    <ele>43.4</ele>
    <time>2025-06-15T09:33:49.000Z</time>
   </trkpt>
   <trkpt lat="52.424306" lon="13.689609">
    <ele>43</ele>
    <time>2025-06-15T09:33:51.000Z</time>
   </trkpt>
   <trkpt lat="52.424337" lon="13.689526">
    <ele>42.6</ele>
    <time>2025-06-15T09:33:52.000Z</time>
   </trkpt>
   <trkpt lat="52.424358" lon="13.689446">
    <ele>42.4</ele>
    <time>2025-06-15T09:33:53.000Z</time>
   </trkpt>
   <trkpt lat="52.424366" lon="13.689354">
    <ele>42.2</ele>
    <time>2025-06-15T09:33:54.000Z</time>
   </trkpt>
   <trkpt lat="52.424351" lon="13.689233">
    <ele>42.2</ele>
    <time>2025-06-15T09:33:55.000Z</time>
   </trkpt>
   <trkpt lat="52.424302" lon="13.689032">
    <ele>42.2</ele>
    <time>2025-06-15T09:33:57.000Z</time>
   </trkpt>
   <trkpt lat="52.424277" lon="13.688913">
    <ele>42</ele>
    <time>2025-06-15T09:33:58.000Z</time>
   </trkpt>
   <trkpt lat="52.424243" lon="13.688711">
    <ele>42</ele>
    <time>2025-06-15T09:34:00.000Z</time>
   </trkpt>
   <trkpt lat="52.424209" lon="13.688545">
    <ele>42.2</ele>
    <time>2025-06-15T09:34:02.000Z</time>
   </trkpt>
   <trkpt lat="52.424205" lon="13.688402">
    <ele>42.4</ele>
    <time>2025-06-15T09:34:04.000Z</time>
   </trkpt>
   <trkpt lat="52.424145" lon="13.688111">
    <ele>43.4</ele>
    <time>2025-06-15T09:34:08.000Z</time>
   </trkpt>
   <trkpt lat="52.424141" lon="13.688047">
    <ele>43.6</ele>
    <time>2025-06-15T09:34:09.000Z</time>
   </trkpt>
   <trkpt lat="52.424181" lon="13.687905">
    <ele>44</ele>
    <time>2025-06-15T09:34:11.000Z</time>
   </trkpt>
   <trkpt lat="52.42425" lon="13.687773">
    <ele>44.2</ele>
    <time>2025-06-15T09:34:13.000Z</time>
   </trkpt>
   <trkpt lat="52.424303" lon="13.687717">
    <ele>44.2</ele>
    <time>2025-06-15T09:34:14.000Z</time>
   </trkpt>
   <trkpt lat="52.424338" lon="13.687647">
    <ele>44.4</ele>
    <time>2025-06-15T09:34:15.000Z</time>
   </trkpt>
   <trkpt lat="52.42435" lon="13.687546">
    <ele>44.4</ele>
    <time>2025-06-15T09:34:16.000Z</time>
   </trkpt>
   <trkpt lat="52.424364" lon="13.687457">
    <ele>44.4</ele>
    <time>2025-06-15T09:34:17.000Z</time>
   </trkpt>
   <trkpt lat="52.42442" lon="13.687287">
    <ele>44.6</ele>
    <time>2025-06-15T09:34:19.000Z</time>
   </trkpt>
   <trkpt lat="52.424494" lon="13.68711">
    <ele>44.6</ele>
    <time>2025-06-15T09:34:21.000Z</time>
   </trkpt>
   <trkpt lat="52.424531" lon="13.687033">
    <ele>44.6</ele>
    <time>2025-06-15T09:34:22.000Z</time>
   </trkpt>
   <trkpt lat="52.424585" lon="13.686891">
    <ele>44.6</ele>
    <time>2025-06-15T09:34:24.000Z</time>
   </trkpt>
   <trkpt lat="52.424623" lon="13.686746">
    <ele>44.6</ele>
    <time>2025-06-15T09:34:26.000Z</time>
   </trkpt>
   <trkpt lat="52.424654" lon="13.686584">
    <ele>44.6</ele>
    <time>2025-06-15T09:34:28.000Z</time>
   </trkpt>
   <trkpt lat="52.424652" lon="13.686521">
    <ele>44.8</ele>
    <time>2025-06-15T09:34:29.000Z</time>
   </trkpt>
   <trkpt lat="52.424658" lon="13.686364">
    <ele>44.8</ele>
    <time>2025-06-15T09:34:32.000Z</time>
   </trkpt>
   <trkpt lat="52.424671" lon="13.686209">
    <ele>44.8</ele>
    <time>2025-06-15T09:34:34.000Z</time>
   </trkpt>
   <trkpt lat="52.424759" lon="13.686058">
    <ele>44.8</ele>
    <time>2025-06-15T09:34:36.000Z</time>
   </trkpt>
   <trkpt lat="52.424801" lon="13.685832">
    <ele>44.8</ele>
    <time>2025-06-15T09:34:38.000Z</time>
   </trkpt>
   <trkpt lat="52.424869" lon="13.6856">
    <ele>44.6</ele>
    <time>2025-06-15T09:34:41.000Z</time>
   </trkpt>
   <trkpt lat="52.424917" lon="13.685468">
    <ele>44.6</ele>
    <time>2025-06-15T09:34:43.000Z</time>
   </trkpt>
   <trkpt lat="52.424919" lon="13.685388">
    <ele>44.6</ele>
    <time>2025-06-15T09:34:44.000Z</time>
   </trkpt>
   <trkpt lat="52.424954" lon="13.6852">
    <ele>44.8</ele>
    <time>2025-06-15T09:34:46.000Z</time>
   </trkpt>
   <trkpt lat="52.424983" lon="13.684968">
    <ele>44.8</ele>
    <time>2025-06-15T09:34:49.000Z</time>
   </trkpt>
   <trkpt lat="52.425005" lon="13.684756">
    <ele>45</ele>
    <time>2025-06-15T09:34:51.000Z</time>
   </trkpt>
   <trkpt lat="52.425093" lon="13.684551">
    <ele>45.2</ele>
    <time>2025-06-15T09:34:54.000Z</time>
   </trkpt>
   <trkpt lat="52.425087" lon="13.68449">
    <ele>45.2</ele>
    <time>2025-06-15T09:34:55.000Z</time>
   </trkpt>
   <trkpt lat="52.425129" lon="13.684364">
    <ele>45.2</ele>
    <time>2025-06-15T09:34:57.000Z</time>
   </trkpt>
   <trkpt lat="52.425174" lon="13.684248">
    <ele>45.2</ele>
    <time>2025-06-15T09:34:59.000Z</time>
   </trkpt>
   <trkpt lat="52.425204" lon="13.684133">
    <ele>45.4</ele>
    <time>2025-06-15T09:35:01.000Z</time>
   </trkpt>
   <trkpt lat="52.4253" lon="13.683818">
    <ele>45.2</ele>
    <time>2025-06-15T09:35:05.000Z</time>
   </trkpt>
   <trkpt lat="52.425325" lon="13.68374">
    <ele>45.2</ele>
    <time>2025-06-15T09:35:06.000Z</time>
   </trkpt>
   <trkpt lat="52.425375" lon="13.68359">
    <ele>45.2</ele>
    <time>2025-06-15T09:35:08.000Z</time>
   </trkpt>
   <trkpt lat="52.425405" lon="13.683507">
    <ele>45.2</ele>
    <time>2025-06-15T09:35:10.000Z</time>
   </trkpt>
   <trkpt lat="52.425423" lon="13.683446">
    <ele>45</ele>
    <time>2025-06-15T09:35:11.000Z</time>
   </trkpt>
   <trkpt lat="52.425462" lon="13.683323">
    <ele>45.2</ele>
    <time>2025-06-15T09:35:13.000Z</time>
   </trkpt>
   <trkpt lat="52.425553" lon="13.683068">
    <ele>45.2</ele>
    <time>2025-06-15T09:35:16.000Z</time>
   </trkpt>
   <trkpt lat="52.425641" lon="13.682941">
    <ele>45.2</ele>
    <time>2025-06-15T09:35:18.000Z</time>
   </trkpt>
   <trkpt lat="52.425674" lon="13.682885">
    <ele>45.2</ele>
    <time>2025-06-15T09:35:19.000Z</time>
   </trkpt>
   <trkpt lat="52.425707" lon="13.682819">
    <ele>45.2</ele>
    <time>2025-06-15T09:35:20.000Z</time>
   </trkpt>
   <trkpt lat="52.42575" lon="13.682641">
    <ele>45.2</ele>
    <time>2025-06-15T09:35:23.000Z</time>
   </trkpt>
   <trkpt lat="52.425782" lon="13.682456">
    <ele>45</ele>
    <time>2025-06-15T09:35:26.000Z</time>
   </trkpt>
   <trkpt lat="52.425801" lon="13.682374">
    <ele>45</ele>
    <time>2025-06-15T09:35:27.000Z</time>
   </trkpt>
   <trkpt lat="52.425842" lon="13.682205">
    <ele>45</ele>
    <time>2025-06-15T09:35:29.000Z</time>
   </trkpt>
   <trkpt lat="52.425871" lon="13.682124">
    <ele>45</ele>
    <time>2025-06-15T09:35:30.000Z</time>
   </trkpt>
   <trkpt lat="52.425902" lon="13.68205">
    <ele>45</ele>
    <time>2025-06-15T09:35:31.000Z</time>
   </trkpt>
   <trkpt lat="52.425973" lon="13.681872">
    <ele>45</ele>
    <time>2025-06-15T09:35:34.000Z</time>
   </trkpt>
   <trkpt lat="52.426041" lon="13.681626">
    <ele>45</ele>
    <time>2025-06-15T09:35:38.000Z</time>
   </trkpt>
   <trkpt lat="52.426059" lon="13.681434">
    <ele>45</ele>
    <time>2025-06-15T09:35:41.000Z</time>
   </trkpt>
   <trkpt lat="52.426086" lon="13.681309">
    <ele>45</ele>
    <time>2025-06-15T09:35:43.000Z</time>
   </trkpt>
   <trkpt lat="52.426105" lon="13.681241">
    <ele>45</ele>
    <time>2025-06-15T09:35:44.000Z</time>
   </trkpt>
   <trkpt lat="52.426202" lon="13.680897">
    <ele>45</ele>
    <time>2025-06-15T09:35:49.000Z</time>
   </trkpt>
   <trkpt lat="52.426245" lon="13.680744">
    <ele>45</ele>
    <time>2025-06-15T09:35:51.000Z</time>
   </trkpt>
   <trkpt lat="52.426355" lon="13.680529">
    <ele>45</ele>
    <time>2025-06-15T09:35:53.000Z</time>
   </trkpt>
   <trkpt lat="52.426383" lon="13.680423">
    <ele>45</ele>
    <time>2025-06-15T09:35:54.000Z</time>
   </trkpt>
   <trkpt lat="52.426397" lon="13.680327">
    <ele>45</ele>
    <time>2025-06-15T09:35:55.000Z</time>
   </trkpt>
   <trkpt lat="52.426498" lon="13.679963">
    <ele>44.8</ele>
    <time>2025-06-15T09:35:58.000Z</time>
   </trkpt>
   <trkpt lat="52.426558" lon="13.679864">
    <ele>44.8</ele>
    <time>2025-06-15T09:35:59.000Z</time>
   </trkpt>
   <trkpt lat="52.426675" lon="13.679624">
    <ele>44.6</ele>
    <time>2025-06-15T09:36:02.000Z</time>
   </trkpt>
   <trkpt lat="52.426704" lon="13.679435">
    <ele>44.6</ele>
    <time>2025-06-15T09:36:05.000Z</time>
   </trkpt>
   <trkpt lat="52.426735" lon="13.679349">
    <ele>44.6</ele>
    <time>2025-06-15T09:36:06.000Z</time>
   </trkpt>
   <trkpt lat="52.42679" lon="13.679247">
    <ele>44.4</ele>
    <time>2025-06-15T09:36:07.000Z</time>
   </trkpt>
   <trkpt lat="52.42684" lon="13.679124">
    <ele>44.4</ele>
    <time>2025-06-15T09:36:09.000Z</time>
   </trkpt>
   <trkpt lat="52.426852" lon="13.679054">
    <ele>44.4</ele>
    <time>2025-06-15T09:36:10.000Z</time>
   </trkpt>
   <trkpt lat="52.426869" lon="13.678904">
    <ele>44.4</ele>
    <time>2025-06-15T09:36:12.000Z</time>
   </trkpt>
   <trkpt lat="52.426881" lon="13.678846">
    <ele>44.4</ele>
    <time>2025-06-15T09:36:13.000Z</time>
   </trkpt>
   <trkpt lat="52.426958" lon="13.678547">
    <ele>44.4</ele>
    <time>2025-06-15T09:36:17.000Z</time>
   </trkpt>
   <trkpt lat="52.42703" lon="13.678379">
    <ele>44.4</ele>
    <time>2025-06-15T09:36:19.000Z</time>
   </trkpt>
   <trkpt lat="52.427065" lon="13.678281">
    <ele>44.4</ele>
    <time>2025-06-15T09:36:20.000Z</time>
   </trkpt>
   <trkpt lat="52.427091" lon="13.678189">
    <ele>44.4</ele>
    <time>2025-06-15T09:36:21.000Z</time>
   </trkpt>
   <trkpt lat="52.42715" lon="13.677976">
    <ele>44.4</ele>
    <time>2025-06-15T09:36:23.000Z</time>
   </trkpt>
   <trkpt lat="52.427174" lon="13.677896">
    <ele>44</ele>
    <time>2025-06-15T09:36:24.000Z</time>
   </trkpt>
   <trkpt lat="52.427233" lon="13.677741">
    <ele>44.2</ele>
    <time>2025-06-15T09:36:26.000Z</time>
   </trkpt>
   <trkpt lat="52.427254" lon="13.677675">
    <ele>44</ele>
    <time>2025-06-15T09:36:27.000Z</time>
   </trkpt>
   <trkpt lat="52.427273" lon="13.677609">
    <ele>44.2</ele>
    <time>2025-06-15T09:36:28.000Z</time>
   </trkpt>
   <trkpt lat="52.427381" lon="13.677288">
    <ele>44.2</ele>
    <time>2025-06-15T09:36:31.000Z</time>
   </trkpt>
   <trkpt lat="52.427494" lon="13.676915">
    <ele>44</ele>
    <time>2025-06-15T09:36:35.000Z</time>
   </trkpt>
   <trkpt lat="52.427528" lon="13.676776">
    <ele>44</ele>
    <time>2025-06-15T09:36:37.000Z</time>
   </trkpt>
   <trkpt lat="52.427636" lon="13.67655">
    <ele>43.8</ele>
    <time>2025-06-15T09:36:40.000Z</time>
   </trkpt>
   <trkpt lat="52.427717" lon="13.676361">
    <ele>43.8</ele>
    <time>2025-06-15T09:36:43.000Z</time>
   </trkpt>
   <trkpt lat="52.427866" lon="13.675945">
    <ele>44</ele>
    <time>2025-06-15T09:36:49.000Z</time>
   </trkpt>
   <trkpt lat="52.427934" lon="13.675697">
    <ele>43.6</ele>
    <time>2025-06-15T09:36:52.000Z</time>
   </trkpt>
   <trkpt lat="52.428006" lon="13.675554">
    <ele>43.6</ele>
    <time>2025-06-15T09:36:54.000Z</time>
   </trkpt>
   <trkpt lat="52.428065" lon="13.675447">
    <ele>43.4</ele>
    <time>2025-06-15T09:36:56.000Z</time>
   </trkpt>
   <trkpt lat="52.428136" lon="13.675257">
    <ele>43.4</ele>
    <time>2025-06-15T09:36:59.000Z</time>
   </trkpt>
   <trkpt lat="52.428228" lon="13.675009">
    <ele>43.4</ele>
    <time>2025-06-15T09:37:02.000Z</time>
   </trkpt>
   <trkpt lat="52.428271" lon="13.674861">
    <ele>43.4</ele>
    <time>2025-06-15T09:37:04.000Z</time>
   </trkpt>
   <trkpt lat="52.428274" lon="13.674794">
    <ele>43.6</ele>
    <time>2025-06-15T09:37:05.000Z</time>
   </trkpt>
   <trkpt lat="52.428283" lon="13.674727">
    <ele>43.6</ele>
    <time>2025-06-15T09:37:06.000Z</time>
   </trkpt>
   <trkpt lat="52.428298" lon="13.674631">
    <ele>43.6</ele>
    <time>2025-06-15T09:37:07.000Z</time>
   </trkpt>
   <trkpt lat="52.428325" lon="13.674545">
    <ele>43.6</ele>
    <time>2025-06-15T09:37:08.000Z</time>
   </trkpt>
   <trkpt lat="52.428343" lon="13.674462">
    <ele>43.6</ele>
    <time>2025-06-15T09:37:09.000Z</time>
   </trkpt>
   <trkpt lat="52.428389" lon="13.674359">
    <ele>43.6</ele>
    <time>2025-06-15T09:37:10.000Z</time>
   </trkpt>
   <trkpt lat="52.428489" lon="13.674189">
    <ele>43.8</ele>
    <time>2025-06-15T09:37:12.000Z</time>
   </trkpt>
   <trkpt lat="52.428549" lon="13.674104">
    <ele>43.8</ele>
    <time>2025-06-15T09:37:13.000Z</time>
   </trkpt>
   <trkpt lat="52.428584" lon="13.67406">
    <ele>43.8</ele>
    <time>2025-06-15T09:37:14.000Z</time>
   </trkpt>
   <trkpt lat="52.428637" lon="13.673958">
    <ele>43.8</ele>
    <time>2025-06-15T09:37:16.000Z</time>
   </trkpt>
   <trkpt lat="52.428676" lon="13.673721">
    <ele>43.8</ele>
    <time>2025-06-15T09:37:18.000Z</time>
   </trkpt>
   <trkpt lat="52.428687" lon="13.673613">
    <ele>43.6</ele>
    <time>2025-06-15T09:37:19.000Z</time>
   </trkpt>
   <trkpt lat="52.428804" lon="13.673285">
    <ele>43.6</ele>
    <time>2025-06-15T09:37:23.000Z</time>
   </trkpt>
   <trkpt lat="52.428885" lon="13.673057">
    <ele>43.8</ele>
    <time>2025-06-15T09:37:26.000Z</time>
   </trkpt>
   <trkpt lat="52.428921" lon="13.672767">
    <ele>43.8</ele>
    <time>2025-06-15T09:37:29.000Z</time>
   </trkpt>
   <trkpt lat="52.428905" lon="13.672544">
    <ele>43.8</ele>
    <time>2025-06-15T09:37:31.000Z</time>
   </trkpt>
   <trkpt lat="52.428878" lon="13.672419">
    <ele>43.8</ele>
    <time>2025-06-15T09:37:32.000Z</time>
   </trkpt>
   <trkpt lat="52.428892" lon="13.672292">
    <ele>43.6</ele>
    <time>2025-06-15T09:37:33.000Z</time>
   </trkpt>
   <trkpt lat="52.428918" lon="13.672181">
    <ele>43.4</ele>
    <time>2025-06-15T09:37:34.000Z</time>
   </trkpt>
   <trkpt lat="52.428939" lon="13.672104">
    <ele>43.2</ele>
    <time>2025-06-15T09:37:35.000Z</time>
   </trkpt>
   <trkpt lat="52.42899" lon="13.672003">
    <ele>42.8</ele>
    <time>2025-06-15T09:37:37.000Z</time>
   </trkpt>
   <trkpt lat="52.429026" lon="13.671964">
    <ele>42.8</ele>
    <time>2025-06-15T09:37:38.000Z</time>
   </trkpt>
   <trkpt lat="52.429086" lon="13.671895">
    <ele>42.6</ele>
    <time>2025-06-15T09:37:41.000Z</time>
   </trkpt>
   <trkpt lat="52.429121" lon="13.671849">
    <ele>42.6</ele>
    <time>2025-06-15T09:37:42.000Z</time>
   </trkpt>
   <trkpt lat="52.429155" lon="13.671809">
    <ele>42.6</ele>
    <time>2025-06-15T09:37:43.000Z</time>
   </trkpt>
   <trkpt lat="52.429241" lon="13.671692">
    <ele>42.6</ele>
    <time>2025-06-15T09:37:46.000Z</time>
   </trkpt>
   <trkpt lat="52.429257" lon="13.671668">
    <ele>42.8</ele>
    <time>2025-06-15T09:37:48.000Z</time>
   </trkpt>
   <trkpt lat="52.429337" lon="13.671607">
    <ele>43</ele>
    <time>2025-06-15T09:37:50.000Z</time>
   </trkpt>
   <trkpt lat="52.429435" lon="13.671555">
    <ele>43</ele>
    <time>2025-06-15T09:37:52.000Z</time>
   </trkpt>
   <trkpt lat="52.429523" lon="13.671539">
    <ele>43.2</ele>
    <time>2025-06-15T09:37:54.000Z</time>
   </trkpt>
   <trkpt lat="52.429573" lon="13.67153">
    <ele>43.2</ele>
    <time>2025-06-15T09:37:55.000Z</time>
   </trkpt>
   <trkpt lat="52.429829" lon="13.671421">
    <ele>43.2</ele>
    <time>2025-06-15T09:38:00.000Z</time>
   </trkpt>
   <trkpt lat="52.429967" lon="13.671361">
    <ele>43</ele>
    <time>2025-06-15T09:38:05.000Z</time>
   </trkpt>
   <trkpt lat="52.430066" lon="13.671356">
    <ele>43.2</ele>
    <time>2025-06-15T09:38:08.000Z</time>
   </trkpt>
   <trkpt lat="52.430175" lon="13.671335">
    <ele>43.2</ele>
    <time>2025-06-15T09:38:11.000Z</time>
   </trkpt>
   <trkpt lat="52.430269" lon="13.671326">
    <ele>43.4</ele>
    <time>2025-06-15T09:38:13.000Z</time>
   </trkpt>
   <trkpt lat="52.430318" lon="13.671319">
    <ele>43.4</ele>
    <time>2025-06-15T09:38:14.000Z</time>
   </trkpt>
   <trkpt lat="52.430522" lon="13.671247">
    <ele>43.4</ele>
    <time>2025-06-15T09:38:19.000Z</time>
   </trkpt>
   <trkpt lat="52.430536" lon="13.671223">
    <ele>43.4</ele>
    <time>2025-06-15T09:38:20.000Z</time>
   </trkpt>
   <trkpt lat="52.430606" lon="13.671051">
    <ele>43.6</ele>
    <time>2025-06-15T09:38:23.000Z</time>
   </trkpt>
   <trkpt lat="52.430599" lon="13.670983">
    <ele>43.8</ele>
    <time>2025-06-15T09:38:24.000Z</time>
   </trkpt>
   <trkpt lat="52.430522" lon="13.670824">
    <ele>43.8</ele>
    <time>2025-06-15T09:38:26.000Z</time>
   </trkpt>
   <trkpt lat="52.430494" lon="13.670764">
    <ele>44</ele>
    <time>2025-06-15T09:38:27.000Z</time>
   </trkpt>
   <trkpt lat="52.430428" lon="13.670683">
    <ele>44</ele>
    <time>2025-06-15T09:38:29.000Z</time>
   </trkpt>
   <trkpt lat="52.43035" lon="13.670547">
    <ele>44</ele>
    <time>2025-06-15T09:38:31.000Z</time>
   </trkpt>
   <trkpt lat="52.430314" lon="13.670475">
    <ele>44</ele>
    <time>2025-06-15T09:38:32.000Z</time>
   </trkpt>
   <trkpt lat="52.43024" lon="13.670311">
    <ele>44</ele>
    <time>2025-06-15T09:38:34.000Z</time>
   </trkpt>
   <trkpt lat="52.430211" lon="13.670221">
    <ele>44</ele>
    <time>2025-06-15T09:38:35.000Z</time>
   </trkpt>
   <trkpt lat="52.430208" lon="13.670095">
    <ele>44</ele>
    <time>2025-06-15T09:38:36.000Z</time>
   </trkpt>
   <trkpt lat="52.430118" lon="13.669801">
    <ele>44</ele>
    <time>2025-06-15T09:38:38.000Z</time>
   </trkpt>
   <trkpt lat="52.429969" lon="13.669377">
    <ele>43.8</ele>
    <time>2025-06-15T09:38:41.000Z</time>
   </trkpt>
   <trkpt lat="52.429932" lon="13.669221">
    <ele>43.6</ele>
    <time>2025-06-15T09:38:42.000Z</time>
   </trkpt>
   <trkpt lat="52.429793" lon="13.668745">
    <ele>43</ele>
    <time>2025-06-15T09:38:45.000Z</time>
   </trkpt>
   <trkpt lat="52.429692" lon="13.668278">
    <ele>42.4</ele>
    <time>2025-06-15T09:38:48.000Z</time>
   </trkpt>
   <trkpt lat="52.429667" lon="13.668117">
    <ele>42.2</ele>
    <time>2025-06-15T09:38:49.000Z</time>
   </trkpt>
   <trkpt lat="52.429637" lon="13.667949">
    <ele>42</ele>
    <time>2025-06-15T09:38:50.000Z</time>
   </trkpt>
   <trkpt lat="52.429498" lon="13.667259">
    <ele>41.4</ele>
    <time>2025-06-15T09:38:54.000Z</time>
   </trkpt>
   <trkpt lat="52.429415" lon="13.666932">
    <ele>40.8</ele>
    <time>2025-06-15T09:38:56.000Z</time>
   </trkpt>
   <trkpt lat="52.429326" lon="13.666651">
    <ele>40.6</ele>
    <time>2025-06-15T09:38:58.000Z</time>
   </trkpt>
   <trkpt lat="52.429275" lon="13.666536">
    <ele>40.6</ele>
    <time>2025-06-15T09:38:59.000Z</time>
   </trkpt>
   <trkpt lat="52.429213" lon="13.66645">
    <ele>40.4</ele>
    <time>2025-06-15T09:39:00.000Z</time>
   </trkpt>
   <trkpt lat="52.429039" lon="13.666334">
    <ele>40.4</ele>
    <time>2025-06-15T09:39:02.000Z</time>
   </trkpt>
   <trkpt lat="52.428951" lon="13.666283">
    <ele>40.6</ele>
    <time>2025-06-15T09:39:03.000Z</time>
   </trkpt>
   <trkpt lat="52.428862" lon="13.666231">
    <ele>40.6</ele>
    <time>2025-06-15T09:39:04.000Z</time>
   </trkpt>
   <trkpt lat="52.428686" lon="13.666142">
    <ele>40.8</ele>
    <time>2025-06-15T09:39:06.000Z</time>
   </trkpt>
   <trkpt lat="52.428604" lon="13.666094">
    <ele>40.8</ele>
    <time>2025-06-15T09:39:07.000Z</time>
   </trkpt>
   <trkpt lat="52.428216" lon="13.665895">
    <ele>41.4</ele>
    <time>2025-06-15T09:39:12.000Z</time>
   </trkpt>
   <trkpt lat="52.428147" lon="13.665858">
    <ele>41.6</ele>
    <time>2025-06-15T09:39:13.000Z</time>
   </trkpt>
   <trkpt lat="52.428058" lon="13.665821">
    <ele>41.6</ele>
    <time>2025-06-15T09:39:14.000Z</time>
   </trkpt>
   <trkpt lat="52.427784" lon="13.665672">
    <ele>42</ele>
    <time>2025-06-15T09:39:17.000Z</time>
   </trkpt>
   <trkpt lat="52.427608" lon="13.665566">
    <ele>42.2</ele>
    <time>2025-06-15T09:39:19.000Z</time>
   </trkpt>
   <trkpt lat="52.427449" lon="13.665481">
    <ele>42.4</ele>
    <time>2025-06-15T09:39:21.000Z</time>
   </trkpt>
   <trkpt lat="52.427318" lon="13.665376">
    <ele>42.6</ele>
    <time>2025-06-15T09:39:23.000Z</time>
   </trkpt>
   <trkpt lat="52.427275" lon="13.665292">
    <ele>42.6</ele>
    <time>2025-06-15T09:39:24.000Z</time>
   </trkpt>
   <trkpt lat="52.426992" lon="13.664752">
    <ele>42.6</ele>
    <time>2025-06-15T09:39:29.000Z</time>
   </trkpt>
   <trkpt lat="52.426864" lon="13.664529">
    <ele>42.6</ele>
    <time>2025-06-15T09:39:31.000Z</time>
   </trkpt>
   <trkpt lat="52.426757" lon="13.6643">
    <ele>42.6</ele>
    <time>2025-06-15T09:39:33.000Z</time>
   </trkpt>
   <trkpt lat="52.426532" lon="13.663841">
    <ele>42.4</ele>
    <time>2025-06-15T09:39:37.000Z</time>
   </trkpt>
   <trkpt lat="52.426478" lon="13.663729">
    <ele>42.4</ele>
    <time>2025-06-15T09:39:38.000Z</time>
   </trkpt>
   <trkpt lat="52.426391" lon="13.663543">
    <ele>42.4</ele>
    <time>2025-06-15T09:39:40.000Z</time>
   </trkpt>
   <trkpt lat="52.426357" lon="13.663448">
    <ele>42.4</ele>
    <time>2025-06-15T09:39:41.000Z</time>
   </trkpt>
   <trkpt lat="52.42631" lon="13.663363">
    <ele>42.4</ele>
    <time>2025-06-15T09:39:42.000Z</time>
   </trkpt>
   <trkpt lat="52.426146" lon="13.663066">
    <ele>42.6</ele>
    <time>2025-06-15T09:39:45.000Z</time>
   </trkpt>
   <trkpt lat="52.42601" lon="13.662793">
    <ele>42.8</ele>
    <time>2025-06-15T09:39:48.000Z</time>
   </trkpt>
   <trkpt lat="52.425926" lon="13.662604">
    <ele>43.2</ele>
    <time>2025-06-15T09:39:50.000Z</time>
   </trkpt>
   <trkpt lat="52.42578" lon="13.662224">
    <ele>43.6</ele>
    <time>2025-06-15T09:39:54.000Z</time>
   </trkpt>
   <trkpt lat="52.425758" lon="13.662125">
    <ele>43.6</ele>
    <time>2025-06-15T09:39:55.000Z</time>
   </trkpt>
   <trkpt lat="52.425737" lon="13.662027">
    <ele>43.6</ele>
    <time>2025-06-15T09:39:56.000Z</time>
   </trkpt>
   <trkpt lat="52.425635" lon="13.661719">
    <ele>43.8</ele>
    <time>2025-06-15T09:39:59.000Z</time>
   </trkpt>
   <trkpt lat="52.425582" lon="13.661607">
    <ele>43.8</ele>
    <time>2025-06-15T09:40:00.000Z</time>
   </trkpt>
   <trkpt lat="52.42554" lon="13.661288">
    <ele>43.8</ele>
    <time>2025-06-15T09:40:03.000Z</time>
   </trkpt>
   <trkpt lat="52.42552" lon="13.661181">
    <ele>43.8</ele>
    <time>2025-06-15T09:40:04.000Z</time>
   </trkpt>
   <trkpt lat="52.425457" lon="13.660737">
    <ele>43.8</ele>
    <time>2025-06-15T09:40:08.000Z</time>
   </trkpt>
   <trkpt lat="52.425453" lon="13.660632">
    <ele>43.8</ele>
    <time>2025-06-15T09:40:09.000Z</time>
   </trkpt>
   <trkpt lat="52.425444" lon="13.660296">
    <ele>43.8</ele>
    <time>2025-06-15T09:40:12.000Z</time>
   </trkpt>
   <trkpt lat="52.425405" lon="13.660077">
    <ele>43.8</ele>
    <time>2025-06-15T09:40:14.000Z</time>
   </trkpt>
   <trkpt lat="52.425392" lon="13.659959">
    <ele>43.8</ele>
    <time>2025-06-15T09:40:15.000Z</time>
   </trkpt>
   <trkpt lat="52.425344" lon="13.659625">
    <ele>43.8</ele>
    <time>2025-06-15T09:40:18.000Z</time>
   </trkpt>
   <trkpt lat="52.425332" lon="13.659514">
    <ele>43.8</ele>
    <time>2025-06-15T09:40:19.000Z</time>
   </trkpt>
   <trkpt lat="52.425264" lon="13.658981">
    <ele>43.8</ele>
    <time>2025-06-15T09:40:24.000Z</time>
   </trkpt>
   <trkpt lat="52.425237" lon="13.658886">
    <ele>43.8</ele>
    <time>2025-06-15T09:40:25.000Z</time>
   </trkpt>
   <trkpt lat="52.425177" lon="13.658706">
    <ele>43.8</ele>
    <time>2025-06-15T09:40:27.000Z</time>
   </trkpt>
   <trkpt lat="52.425031" lon="13.658377">
    <ele>44</ele>
    <time>2025-06-15T09:40:31.000Z</time>
   </trkpt>
   <trkpt lat="52.424815" lon="13.657924">
    <ele>44.4</ele>
    <time>2025-06-15T09:40:37.000Z</time>
   </trkpt>
   <trkpt lat="52.424697" lon="13.65776">
    <ele>44.4</ele>
    <time>2025-06-15T09:40:41.000Z</time>
   </trkpt>
   <trkpt lat="52.424695" lon="13.657763">
    <ele>44.4</ele>
    <time>2025-06-15T09:40:42.000Z</time>
   </trkpt>
   <trkpt lat="52.424701" lon="13.657767">
    <ele>44.4</ele>
    <time>2025-06-15T09:40:44.000Z</time>
   </trkpt>
   <trkpt lat="52.424756" lon="13.657752">
    <ele>44.6</ele>
    <time>2025-06-15T09:40:48.000Z</time>
   </trkpt>
   <trkpt lat="52.424757" lon="13.657748">
    <ele>44.6</ele>
    <time>2025-06-15T09:40:49.000Z</time>
   </trkpt>
   <trkpt lat="52.42475" lon="13.657726">
    <ele>44.6</ele>
    <time>2025-06-15T09:40:51.000Z</time>
   </trkpt>
   <trkpt lat="52.424764" lon="13.657671">
    <ele>44.2</ele>
    <time>2025-06-15T09:42:28.000Z</time>
   </trkpt>
   <trkpt lat="52.424765" lon="13.657652">
    <ele>44.2</ele>
    <time>2025-06-15T09:42:29.000Z</time>
   </trkpt>
   <trkpt lat="52.424765" lon="13.657629">
    <ele>44.2</ele>
    <time>2025-06-15T09:42:30.000Z</time>
   </trkpt>
   <trkpt lat="52.424782" lon="13.657528">
    <ele>44.2</ele>
    <time>2025-06-15T09:42:33.000Z</time>
   </trkpt>
   <trkpt lat="52.424812" lon="13.657385">
    <ele>44.2</ele>
    <time>2025-06-15T09:42:37.000Z</time>
   </trkpt>
   <trkpt lat="52.424824" lon="13.657309">
    <ele>44</ele>
    <time>2025-06-15T09:42:39.000Z</time>
   </trkpt>
   <trkpt lat="52.424887" lon="13.657086">
    <ele>44</ele>
    <time>2025-06-15T09:42:45.000Z</time>
   </trkpt>
   <trkpt lat="52.424924" lon="13.656957">
    <ele>44</ele>
    <time>2025-06-15T09:42:48.000Z</time>
   </trkpt>
   <trkpt lat="52.42495" lon="13.656872">
    <ele>44</ele>
    <time>2025-06-15T09:42:50.000Z</time>
   </trkpt>
   <trkpt lat="52.424943" lon="13.656784">
    <ele>44.2</ele>
    <time>2025-06-15T09:42:52.000Z</time>
   </trkpt>
   <trkpt lat="52.424948" lon="13.656653">
    <ele>44.2</ele>
    <time>2025-06-15T09:42:55.000Z</time>
   </trkpt>
   <trkpt lat="52.425006" lon="13.656458">
    <ele>44</ele>
    <time>2025-06-15T09:42:59.000Z</time>
   </trkpt>
   <trkpt lat="52.425016" lon="13.656415">
    <ele>44</ele>
    <time>2025-06-15T09:43:00.000Z</time>
   </trkpt>
   <trkpt lat="52.425031" lon="13.656287">
    <ele>44.4</ele>
    <time>2025-06-15T09:43:04.000Z</time>
   </trkpt>
   <trkpt lat="52.425037" lon="13.656255">
    <ele>44.4</ele>
    <time>2025-06-15T09:43:05.000Z</time>
   </trkpt>
   <trkpt lat="52.425109" lon="13.655947">
    <ele>44.2</ele>
    <time>2025-06-15T09:43:10.000Z</time>
   </trkpt>
   <trkpt lat="52.425114" lon="13.655859">
    <ele>44.2</ele>
    <time>2025-06-15T09:43:12.000Z</time>
   </trkpt>
   <trkpt lat="52.425118" lon="13.655827">
    <ele>44.2</ele>
    <time>2025-06-15T09:43:14.000Z</time>
   </trkpt>
   <trkpt lat="52.425125" lon="13.655782">
    <ele>44.2</ele>
    <time>2025-06-15T09:43:16.000Z</time>
   </trkpt>
   <trkpt lat="52.425133" lon="13.655682">
    <ele>44</ele>
    <time>2025-06-15T09:43:19.000Z</time>
   </trkpt>
   <trkpt lat="52.42515" lon="13.655576">
    <ele>44</ele>
    <time>2025-06-15T09:43:22.000Z</time>
   </trkpt>
   <trkpt lat="52.425169" lon="13.655479">
    <ele>44</ele>
    <time>2025-06-15T09:43:25.000Z</time>
   </trkpt>
   <trkpt lat="52.42518" lon="13.65542">
    <ele>44</ele>
    <time>2025-06-15T09:43:27.000Z</time>
   </trkpt>
   <trkpt lat="52.425187" lon="13.655389">
    <ele>44</ele>
    <time>2025-06-15T09:43:28.000Z</time>
   </trkpt>
   <trkpt lat="52.425207" lon="13.655121">
    <ele>44</ele>
    <time>2025-06-15T09:43:34.000Z</time>
   </trkpt>
   <trkpt lat="52.425258" lon="13.654969">
    <ele>44</ele>
    <time>2025-06-15T09:43:37.000Z</time>
   </trkpt>
   <trkpt lat="52.425306" lon="13.654853">
    <ele>44</ele>
    <time>2025-06-15T09:43:39.000Z</time>
   </trkpt>
   <trkpt lat="52.425318" lon="13.65463">
    <ele>44</ele>
    <time>2025-06-15T09:43:43.000Z</time>
   </trkpt>
   <trkpt lat="52.425317" lon="13.654568">
    <ele>44</ele>
    <time>2025-06-15T09:43:44.000Z</time>
   </trkpt>
   <trkpt lat="52.425381" lon="13.654159">
    <ele>44</ele>
    <time>2025-06-15T09:43:50.000Z</time>
   </trkpt>
   <trkpt lat="52.425479" lon="13.653893">
    <ele>44.2</ele>
    <time>2025-06-15T09:43:57.000Z</time>
   </trkpt>
   <trkpt lat="52.425489" lon="13.653834">
    <ele>44.2</ele>
    <time>2025-06-15T09:43:59.000Z</time>
   </trkpt>
   <trkpt lat="52.425513" lon="13.65373">
    <ele>44.2</ele>
    <time>2025-06-15T09:44:01.000Z</time>
   </trkpt>
   <trkpt lat="52.425527" lon="13.653679">
    <ele>44.2</ele>
    <time>2025-06-15T09:44:02.000Z</time>
   </trkpt>
   <trkpt lat="52.425537" lon="13.653582">
    <ele>44.2</ele>
    <time>2025-06-15T09:44:04.000Z</time>
   </trkpt>
   <trkpt lat="52.425534" lon="13.653528">
    <ele>44.2</ele>
    <time>2025-06-15T09:44:05.000Z</time>
   </trkpt>
   <trkpt lat="52.425524" lon="13.653345">
    <ele>44.2</ele>
    <time>2025-06-15T09:44:09.000Z</time>
   </trkpt>
   <trkpt lat="52.425509" lon="13.653305">
    <ele>44.2</ele>
    <time>2025-06-15T09:44:10.000Z</time>
   </trkpt>
   <trkpt lat="52.425354" lon="13.653034">
    <ele>44.8</ele>
    <time>2025-06-15T09:44:18.000Z</time>
   </trkpt>
   <trkpt lat="52.425155" lon="13.652771">
    <ele>44.6</ele>
    <time>2025-06-15T09:44:25.000Z</time>
   </trkpt>
   <trkpt lat="52.425006" lon="13.652588">
    <ele>44.6</ele>
    <time>2025-06-15T09:44:32.000Z</time>
   </trkpt>
   <trkpt lat="52.424868" lon="13.652375">
    <ele>44.6</ele>
    <time>2025-06-15T09:44:38.000Z</time>
   </trkpt>
   <trkpt lat="52.424872" lon="13.652394">
    <ele>44.6</ele>
    <time>2025-06-15T09:44:39.000Z</time>
   </trkpt>
   <trkpt lat="52.424875" lon="13.652333">
    <ele>44.8</ele>
    <time>2025-06-15T09:44:41.000Z</time>
   </trkpt>
   <trkpt lat="52.424851" lon="13.652296">
    <ele>44.8</ele>
    <time>2025-06-15T09:44:42.000Z</time>
   </trkpt>
   <trkpt lat="52.424751" lon="13.652139">
    <ele>44.8</ele>
    <time>2025-06-15T09:44:46.000Z</time>
   </trkpt>
   <trkpt lat="52.424612" lon="13.651883">
    <ele>45.2</ele>
    <time>2025-06-15T09:44:53.000Z</time>
   </trkpt>
   <trkpt lat="52.424583" lon="13.651852">
    <ele>45</ele>
    <time>2025-06-15T09:44:54.000Z</time>
   </trkpt>
   <trkpt lat="52.424518" lon="13.651761">
    <ele>45.2</ele>
    <time>2025-06-15T09:44:57.000Z</time>
   </trkpt>
   <trkpt lat="52.424442" lon="13.651664">
    <ele>45</ele>
    <time>2025-06-15T09:45:01.000Z</time>
   </trkpt>
   <trkpt lat="52.424413" lon="13.651595">
    <ele>45</ele>
    <time>2025-06-15T09:45:03.000Z</time>
   </trkpt>
   <trkpt lat="52.424346" lon="13.651468">
    <ele>44.8</ele>
    <time>2025-06-15T09:45:08.000Z</time>
   </trkpt>
   <trkpt lat="52.424219" lon="13.651279">
    <ele>45</ele>
    <time>2025-06-15T09:45:13.000Z</time>
   </trkpt>
   <trkpt lat="52.424083" lon="13.651034">
    <ele>45.2</ele>
    <time>2025-06-15T09:45:19.000Z</time>
   </trkpt>
   <trkpt lat="52.423966" lon="13.65085">
    <ele>45.2</ele>
    <time>2025-06-15T09:45:24.000Z</time>
   </trkpt>
   <trkpt lat="52.423888" lon="13.650746">
    <ele>45.2</ele>
    <time>2025-06-15T09:45:27.000Z</time>
   </trkpt>
   <trkpt lat="52.423804" lon="13.650627">
    <ele>45.6</ele>
    <time>2025-06-15T09:45:30.000Z</time>
   </trkpt>
   <trkpt lat="52.423788" lon="13.650603">
    <ele>45.8</ele>
    <time>2025-06-15T09:45:31.000Z</time>
   </trkpt>
   <trkpt lat="52.423738" lon="13.650478">
    <ele>46</ele>
    <time>2025-06-15T09:45:36.000Z</time>
   </trkpt>
   <trkpt lat="52.423736" lon="13.650442">
    <ele>46</ele>
    <time>2025-06-15T09:45:37.000Z</time>
   </trkpt>
   <trkpt lat="52.423709" lon="13.650343">
    <ele>45.4</ele>
    <time>2025-06-15T09:45:39.000Z</time>
   </trkpt>
   <trkpt lat="52.423669" lon="13.650239">
    <ele>45.6</ele>
    <time>2025-06-15T09:45:41.000Z</time>
   </trkpt>
   <trkpt lat="52.423668" lon="13.650192">
    <ele>45.4</ele>
    <time>2025-06-15T09:45:42.000Z</time>
   </trkpt>
   <trkpt lat="52.423661" lon="13.650136">
    <ele>45.6</ele>
    <time>2025-06-15T09:45:43.000Z</time>
   </trkpt>
   <trkpt lat="52.423664" lon="13.650001">
    <ele>45.8</ele>
    <time>2025-06-15T09:45:45.000Z</time>
   </trkpt>
   <trkpt lat="52.423674" lon="13.649643">
    <ele>45.8</ele>
    <time>2025-06-15T09:45:51.000Z</time>
   </trkpt>
   <trkpt lat="52.423684" lon="13.649584">
    <ele>45.8</ele>
    <time>2025-06-15T09:45:52.000Z</time>
   </trkpt>
   <trkpt lat="52.423696" lon="13.649142">
    <ele>45.4</ele>
    <time>2025-06-15T09:45:59.000Z</time>
   </trkpt>
   <trkpt lat="52.423748" lon="13.648859">
    <ele>45.8</ele>
    <time>2025-06-15T09:46:04.000Z</time>
   </trkpt>
   <trkpt lat="52.423775" lon="13.64856">
    <ele>45.8</ele>
    <time>2025-06-15T09:46:09.000Z</time>
   </trkpt>
   <trkpt lat="52.423791" lon="13.648524">
    <ele>45.8</ele>
    <time>2025-06-15T09:46:10.000Z</time>
   </trkpt>
   <trkpt lat="52.423793" lon="13.648439">
    <ele>45.8</ele>
    <time>2025-06-15T09:46:12.000Z</time>
   </trkpt>
   <trkpt lat="52.423811" lon="13.648147">
    <ele>45.4</ele>
    <time>2025-06-15T09:46:18.000Z</time>
   </trkpt>
   <trkpt lat="52.423812" lon="13.647774">
    <ele>45.4</ele>
    <time>2025-06-15T09:46:25.000Z</time>
   </trkpt>
   <trkpt lat="52.423822" lon="13.647718">
    <ele>45.4</ele>
    <time>2025-06-15T09:46:26.000Z</time>
   </trkpt>
   <trkpt lat="52.423842" lon="13.647643">
    <ele>45.4</ele>
    <time>2025-06-15T09:46:27.000Z</time>
   </trkpt>
   <trkpt lat="52.423874" lon="13.647504">
    <ele>45.2</ele>
    <time>2025-06-15T09:46:29.000Z</time>
   </trkpt>
   <trkpt lat="52.423897" lon="13.647368">
    <ele>45.2</ele>
    <time>2025-06-15T09:46:31.000Z</time>
   </trkpt>
   <trkpt lat="52.42392" lon="13.647245">
    <ele>45.2</ele>
    <time>2025-06-15T09:46:33.000Z</time>
   </trkpt>
   <trkpt lat="52.423932" lon="13.647176">
    <ele>45.2</ele>
    <time>2025-06-15T09:46:34.000Z</time>
   </trkpt>
   <trkpt lat="52.423955" lon="13.64704">
    <ele>45.2</ele>
    <time>2025-06-15T09:46:36.000Z</time>
   </trkpt>
   <trkpt lat="52.423964" lon="13.646899">
    <ele>45.2</ele>
    <time>2025-06-15T09:46:38.000Z</time>
   </trkpt>
   <trkpt lat="52.423976" lon="13.646838">
    <ele>45.2</ele>
    <time>2025-06-15T09:46:39.000Z</time>
   </trkpt>
   <trkpt lat="52.424012" lon="13.64675">
    <ele>45.2</ele>
    <time>2025-06-15T09:46:41.000Z</time>
   </trkpt>
   <trkpt lat="52.424026" lon="13.646657">
    <ele>45.2</ele>
    <time>2025-06-15T09:46:42.000Z</time>
   </trkpt>
   <trkpt lat="52.424035" lon="13.646566">
    <ele>45.2</ele>
    <time>2025-06-15T09:46:43.000Z</time>
   </trkpt>
   <trkpt lat="52.424039" lon="13.646447">
    <ele>45.2</ele>
    <time>2025-06-15T09:46:45.000Z</time>
   </trkpt>
   <trkpt lat="52.424036" lon="13.646386">
    <ele>45.2</ele>
    <time>2025-06-15T09:46:46.000Z</time>
   </trkpt>
   <trkpt lat="52.424044" lon="13.646307">
    <ele>45.2</ele>
    <time>2025-06-15T09:46:47.000Z</time>
   </trkpt>
   <trkpt lat="52.424092" lon="13.646118">
    <ele>45.4</ele>
    <time>2025-06-15T09:46:49.000Z</time>
   </trkpt>
   <trkpt lat="52.424112" lon="13.646027">
    <ele>45.4</ele>
    <time>2025-06-15T09:46:50.000Z</time>
   </trkpt>
   <trkpt lat="52.424134" lon="13.645948">
    <ele>45.4</ele>
    <time>2025-06-15T09:46:51.000Z</time>
   </trkpt>
   <trkpt lat="52.424144" lon="13.64576">
    <ele>45.4</ele>
    <time>2025-06-15T09:46:53.000Z</time>
   </trkpt>
   <trkpt lat="52.424162" lon="13.645496">
    <ele>45.6</ele>
    <time>2025-06-15T09:46:56.000Z</time>
   </trkpt>
   <trkpt lat="52.424147" lon="13.645328">
    <ele>45.8</ele>
    <time>2025-06-15T09:46:58.000Z</time>
   </trkpt>
   <trkpt lat="52.424159" lon="13.64524">
    <ele>45.8</ele>
    <time>2025-06-15T09:46:59.000Z</time>
   </trkpt>
   <trkpt lat="52.42421" lon="13.644887">
    <ele>45.8</ele>
    <time>2025-06-15T09:47:03.000Z</time>
   </trkpt>
   <trkpt lat="52.424235" lon="13.644726">
    <ele>45.8</ele>
    <time>2025-06-15T09:47:05.000Z</time>
   </trkpt>
   <trkpt lat="52.424258" lon="13.644595">
    <ele>45.8</ele>
    <time>2025-06-15T09:47:07.000Z</time>
   </trkpt>
   <trkpt lat="52.42428" lon="13.644433">
    <ele>45.8</ele>
    <time>2025-06-15T09:47:09.000Z</time>
   </trkpt>
   <trkpt lat="52.424291" lon="13.644357">
    <ele>45.8</ele>
    <time>2025-06-15T09:47:10.000Z</time>
   </trkpt>
   <trkpt lat="52.424338" lon="13.644005">
    <ele>45.6</ele>
    <time>2025-06-15T09:47:14.000Z</time>
   </trkpt>
   <trkpt lat="52.424351" lon="13.643919">
    <ele>45.6</ele>
    <time>2025-06-15T09:47:15.000Z</time>
   </trkpt>
   <trkpt lat="52.424387" lon="13.643741">
    <ele>45.6</ele>
    <time>2025-06-15T09:47:17.000Z</time>
   </trkpt>
   <trkpt lat="52.424429" lon="13.643471">
    <ele>45.2</ele>
    <time>2025-06-15T09:47:20.000Z</time>
   </trkpt>
   <trkpt lat="52.424442" lon="13.643385">
    <ele>45.2</ele>
    <time>2025-06-15T09:47:21.000Z</time>
   </trkpt>
   <trkpt lat="52.424483" lon="13.643141">
    <ele>45</ele>
    <time>2025-06-15T09:47:24.000Z</time>
   </trkpt>
   <trkpt lat="52.424491" lon="13.643049">
    <ele>45</ele>
    <time>2025-06-15T09:47:25.000Z</time>
   </trkpt>
   <trkpt lat="52.424522" lon="13.642873">
    <ele>45</ele>
    <time>2025-06-15T09:47:27.000Z</time>
   </trkpt>
   <trkpt lat="52.424535" lon="13.642793">
    <ele>45</ele>
    <time>2025-06-15T09:47:28.000Z</time>
   </trkpt>
   <trkpt lat="52.424626" lon="13.642547">
    <ele>45</ele>
    <time>2025-06-15T09:47:32.000Z</time>
   </trkpt>
   <trkpt lat="52.424646" lon="13.642428">
    <ele>44.8</ele>
    <time>2025-06-15T09:47:34.000Z</time>
   </trkpt>
   <trkpt lat="52.42467" lon="13.642271">
    <ele>44.8</ele>
    <time>2025-06-15T09:47:36.000Z</time>
   </trkpt>
   <trkpt lat="52.424681" lon="13.642187">
    <ele>44.8</ele>
    <time>2025-06-15T09:47:37.000Z</time>
   </trkpt>
   <trkpt lat="52.424707" lon="13.641874">
    <ele>45</ele>
    <time>2025-06-15T09:47:41.000Z</time>
   </trkpt>
   <trkpt lat="52.424716" lon="13.641634">
    <ele>45.2</ele>
    <time>2025-06-15T09:47:45.000Z</time>
   </trkpt>
   <trkpt lat="52.424715" lon="13.641578">
    <ele>45.2</ele>
    <time>2025-06-15T09:47:46.000Z</time>
   </trkpt>
   <trkpt lat="52.424711" lon="13.641462">
    <ele>45.4</ele>
    <time>2025-06-15T09:47:48.000Z</time>
   </trkpt>
   <trkpt lat="52.424713" lon="13.641342">
    <ele>45.6</ele>
    <time>2025-06-15T09:47:50.000Z</time>
   </trkpt>
   <trkpt lat="52.424721" lon="13.641137">
    <ele>45.6</ele>
    <time>2025-06-15T09:47:53.000Z</time>
   </trkpt>
   <trkpt lat="52.424741" lon="13.640978">
    <ele>45.8</ele>
    <time>2025-06-15T09:47:55.000Z</time>
   </trkpt>
   <trkpt lat="52.424754" lon="13.640885">
    <ele>45.8</ele>
    <time>2025-06-15T09:47:56.000Z</time>
   </trkpt>
   <trkpt lat="52.424769" lon="13.640803">
    <ele>45.8</ele>
    <time>2025-06-15T09:47:57.000Z</time>
   </trkpt>
   <trkpt lat="52.424798" lon="13.640655">
    <ele>45.8</ele>
    <time>2025-06-15T09:47:59.000Z</time>
   </trkpt>
   <trkpt lat="52.424814" lon="13.640581">
    <ele>45.8</ele>
    <time>2025-06-15T09:48:00.000Z</time>
   </trkpt>
   <trkpt lat="52.424839" lon="13.640497">
    <ele>45.8</ele>
    <time>2025-06-15T09:48:01.000Z</time>
   </trkpt>
   <trkpt lat="52.424877" lon="13.64033">
    <ele>45.8</ele>
    <time>2025-06-15T09:48:03.000Z</time>
   </trkpt>
   <trkpt lat="52.424895" lon="13.640241">
    <ele>45.8</ele>
    <time>2025-06-15T09:48:04.000Z</time>
   </trkpt>
   <trkpt lat="52.424932" lon="13.63998">
    <ele>45.4</ele>
    <time>2025-06-15T09:48:07.000Z</time>
   </trkpt>
   <trkpt lat="52.424959" lon="13.639835">
    <ele>45.2</ele>
    <time>2025-06-15T09:48:09.000Z</time>
   </trkpt>
   <trkpt lat="52.424979" lon="13.639758">
    <ele>45</ele>
    <time>2025-06-15T09:48:10.000Z</time>
   </trkpt>
   <trkpt lat="52.424982" lon="13.639674">
    <ele>45</ele>
    <time>2025-06-15T09:48:11.000Z</time>
   </trkpt>
   <trkpt lat="52.424995" lon="13.639288">
    <ele>44.8</ele>
    <time>2025-06-15T09:48:16.000Z</time>
   </trkpt>
   <trkpt lat="52.425001" lon="13.639163">
    <ele>44.8</ele>
    <time>2025-06-15T09:48:18.000Z</time>
   </trkpt>
   <trkpt lat="52.425007" lon="13.639012">
    <ele>44.8</ele>
    <time>2025-06-15T09:48:20.000Z</time>
   </trkpt>
   <trkpt lat="52.425029" lon="13.638677">
    <ele>44.8</ele>
    <time>2025-06-15T09:48:25.000Z</time>
   </trkpt>
   <trkpt lat="52.425073" lon="13.638492">
    <ele>44.8</ele>
    <time>2025-06-15T09:48:28.000Z</time>
   </trkpt>
   <trkpt lat="52.425051" lon="13.638396">
    <ele>45</ele>
    <time>2025-06-15T09:48:30.000Z</time>
   </trkpt>
   <trkpt lat="52.425047" lon="13.638285">
    <ele>45</ele>
    <time>2025-06-15T09:48:32.000Z</time>
   </trkpt>
   <trkpt lat="52.425056" lon="13.638158">
    <ele>45</ele>
    <time>2025-06-15T09:48:34.000Z</time>
   </trkpt>
   <trkpt lat="52.425062" lon="13.638084">
    <ele>45.2</ele>
    <time>2025-06-15T09:48:35.000Z</time>
   </trkpt>
   <trkpt lat="52.42512" lon="13.637806">
    <ele>45.4</ele>
    <time>2025-06-15T09:48:39.000Z</time>
   </trkpt>
   <trkpt lat="52.425125" lon="13.637724">
    <ele>45.4</ele>
    <time>2025-06-15T09:48:40.000Z</time>
   </trkpt>
   <trkpt lat="52.425131" lon="13.637489">
    <ele>45.4</ele>
    <time>2025-06-15T09:48:43.000Z</time>
   </trkpt>
   <trkpt lat="52.425142" lon="13.637341">
    <ele>45.6</ele>
    <time>2025-06-15T09:48:45.000Z</time>
   </trkpt>
   <trkpt lat="52.425137" lon="13.637214">
    <ele>45.6</ele>
    <time>2025-06-15T09:48:47.000Z</time>
   </trkpt>
   <trkpt lat="52.425136" lon="13.637154">
    <ele>45.8</ele>
    <time>2025-06-15T09:48:48.000Z</time>
   </trkpt>
   <trkpt lat="52.42517" lon="13.63701">
    <ele>45.8</ele>
    <time>2025-06-15T09:48:50.000Z</time>
   </trkpt>
   <trkpt lat="52.425202" lon="13.636897">
    <ele>46</ele>
    <time>2025-06-15T09:48:51.000Z</time>
   </trkpt>
   <trkpt lat="52.425232" lon="13.63677">
    <ele>46</ele>
    <time>2025-06-15T09:48:52.000Z</time>
   </trkpt>
   <trkpt lat="52.425277" lon="13.636556">
    <ele>46.2</ele>
    <time>2025-06-15T09:48:54.000Z</time>
   </trkpt>
   <trkpt lat="52.425287" lon="13.636486">
    <ele>46.2</ele>
    <time>2025-06-15T09:48:55.000Z</time>
   </trkpt>
   <trkpt lat="52.4253" lon="13.63642">
    <ele>46.2</ele>
    <time>2025-06-15T09:48:56.000Z</time>
   </trkpt>
   <trkpt lat="52.425314" lon="13.636297">
    <ele>46.2</ele>
    <time>2025-06-15T09:48:58.000Z</time>
   </trkpt>
   <trkpt lat="52.425316" lon="13.636162">
    <ele>46.2</ele>
    <time>2025-06-15T09:49:00.000Z</time>
   </trkpt>
   <trkpt lat="52.425351" lon="13.635822">
    <ele>46</ele>
    <time>2025-06-15T09:49:05.000Z</time>
   </trkpt>
   <trkpt lat="52.425362" lon="13.635732">
    <ele>46</ele>
    <time>2025-06-15T09:49:06.000Z</time>
   </trkpt>
   <trkpt lat="52.425419" lon="13.635535">
    <ele>46</ele>
    <time>2025-06-15T09:49:09.000Z</time>
   </trkpt>
   <trkpt lat="52.425418" lon="13.635403">
    <ele>46</ele>
    <time>2025-06-15T09:49:11.000Z</time>
   </trkpt>
   <trkpt lat="52.425451" lon="13.635289">
    <ele>46</ele>
    <time>2025-06-15T09:49:13.000Z</time>
   </trkpt>
   <trkpt lat="52.425481" lon="13.635181">
    <ele>46.2</ele>
    <time>2025-06-15T09:49:15.000Z</time>
   </trkpt>
   <trkpt lat="52.425522" lon="13.634876">
    <ele>46</ele>
    <time>2025-06-15T09:49:20.000Z</time>
   </trkpt>
   <trkpt lat="52.425513" lon="13.634828">
    <ele>46</ele>
    <time>2025-06-15T09:49:21.000Z</time>
   </trkpt>
   <trkpt lat="52.425508" lon="13.634779">
    <ele>46</ele>
    <time>2025-06-15T09:49:22.000Z</time>
   </trkpt>
   <trkpt lat="52.425526" lon="13.634656">
    <ele>46</ele>
    <time>2025-06-15T09:49:24.000Z</time>
   </trkpt>
   <trkpt lat="52.425568" lon="13.63457">
    <ele>46</ele>
    <time>2025-06-15T09:49:25.000Z</time>
   </trkpt>
   <trkpt lat="52.425581" lon="13.634489">
    <ele>45.8</ele>
    <time>2025-06-15T09:49:26.000Z</time>
   </trkpt>
   <trkpt lat="52.425603" lon="13.634334">
    <ele>45.8</ele>
    <time>2025-06-15T09:49:28.000Z</time>
   </trkpt>
   <trkpt lat="52.425601" lon="13.634257">
    <ele>45.8</ele>
    <time>2025-06-15T09:49:29.000Z</time>
   </trkpt>
   <trkpt lat="52.4256" lon="13.634196">
    <ele>45.8</ele>
    <time>2025-06-15T09:49:30.000Z</time>
   </trkpt>
   <trkpt lat="52.425607" lon="13.634064">
    <ele>46</ele>
    <time>2025-06-15T09:49:32.000Z</time>
   </trkpt>
   <trkpt lat="52.425612" lon="13.633879">
    <ele>46</ele>
    <time>2025-06-15T09:49:34.000Z</time>
   </trkpt>
   <trkpt lat="52.425644" lon="13.633722">
    <ele>46.2</ele>
    <time>2025-06-15T09:49:36.000Z</time>
   </trkpt>
   <trkpt lat="52.425688" lon="13.633439">
    <ele>46.2</ele>
    <time>2025-06-15T09:49:39.000Z</time>
   </trkpt>
   <trkpt lat="52.425708" lon="13.633368">
    <ele>46.4</ele>
    <time>2025-06-15T09:49:40.000Z</time>
   </trkpt>
   <trkpt lat="52.425723" lon="13.633185">
    <ele>46.4</ele>
    <time>2025-06-15T09:49:42.000Z</time>
   </trkpt>
   <trkpt lat="52.425749" lon="13.633012">
    <ele>46.4</ele>
    <time>2025-06-15T09:49:44.000Z</time>
   </trkpt>
   <trkpt lat="52.425776" lon="13.632866">
    <ele>46.4</ele>
    <time>2025-06-15T09:49:46.000Z</time>
   </trkpt>
   <trkpt lat="52.425811" lon="13.632573">
    <ele>46</ele>
    <time>2025-06-15T09:49:49.000Z</time>
   </trkpt>
   <trkpt lat="52.425877" lon="13.632321">
    <ele>46</ele>
    <time>2025-06-15T09:49:52.000Z</time>
   </trkpt>
   <trkpt lat="52.425882" lon="13.632251">
    <ele>46</ele>
    <time>2025-06-15T09:49:53.000Z</time>
   </trkpt>
   <trkpt lat="52.425878" lon="13.632179">
    <ele>45.8</ele>
    <time>2025-06-15T09:49:54.000Z</time>
   </trkpt>
   <trkpt lat="52.425882" lon="13.632055">
    <ele>45.8</ele>
    <time>2025-06-15T09:49:56.000Z</time>
   </trkpt>
   <trkpt lat="52.425875" lon="13.631981">
    <ele>45.8</ele>
    <time>2025-06-15T09:49:57.000Z</time>
   </trkpt>
   <trkpt lat="52.425865" lon="13.631928">
    <ele>45.8</ele>
    <time>2025-06-15T09:49:58.000Z</time>
   </trkpt>
   <trkpt lat="52.425854" lon="13.631821">
    <ele>45.8</ele>
    <time>2025-06-15T09:50:00.000Z</time>
   </trkpt>
   <trkpt lat="52.425857" lon="13.631757">
    <ele>45.8</ele>
    <time>2025-06-15T09:50:01.000Z</time>
   </trkpt>
   <trkpt lat="52.425861" lon="13.631685">
    <ele>45.8</ele>
    <time>2025-06-15T09:50:02.000Z</time>
   </trkpt>
   <trkpt lat="52.425884" lon="13.631542">
    <ele>45.8</ele>
    <time>2025-06-15T09:50:04.000Z</time>
   </trkpt>
   <trkpt lat="52.42591" lon="13.631428">
    <ele>45.8</ele>
    <time>2025-06-15T09:50:06.000Z</time>
   </trkpt>
   <trkpt lat="52.425936" lon="13.631226">
    <ele>45.8</ele>
    <time>2025-06-15T09:50:08.000Z</time>
   </trkpt>
   <trkpt lat="52.425957" lon="13.630952">
    <ele>45.8</ele>
    <time>2025-06-15T09:50:11.000Z</time>
   </trkpt>
   <trkpt lat="52.425966" lon="13.630868">
    <ele>45.8</ele>
    <time>2025-06-15T09:50:12.000Z</time>
   </trkpt>
   <trkpt lat="52.425962" lon="13.630788">
    <ele>45.8</ele>
    <time>2025-06-15T09:50:13.000Z</time>
   </trkpt>
   <trkpt lat="52.42592" lon="13.630613">
    <ele>45.8</ele>
    <time>2025-06-15T09:50:16.000Z</time>
   </trkpt>
   <trkpt lat="52.425901" lon="13.630566">
    <ele>46</ele>
    <time>2025-06-15T09:50:17.000Z</time>
   </trkpt>
   <trkpt lat="52.425874" lon="13.630527">
    <ele>46</ele>
    <time>2025-06-15T09:50:18.000Z</time>
   </trkpt>
   <trkpt lat="52.425826" lon="13.630439">
    <ele>46.2</ele>
    <time>2025-06-15T09:50:20.000Z</time>
   </trkpt>
   <trkpt lat="52.425796" lon="13.630396">
    <ele>46.2</ele>
    <time>2025-06-15T09:50:21.000Z</time>
   </trkpt>
   <trkpt lat="52.425458" lon="13.630043">
    <ele>46.4</ele>
    <time>2025-06-15T09:50:29.000Z</time>
   </trkpt>
   <trkpt lat="52.425419" lon="13.629939">
    <ele>46.4</ele>
    <time>2025-06-15T09:50:32.000Z</time>
   </trkpt>
   <trkpt lat="52.425419" lon="13.629883">
    <ele>46</ele>
    <time>2025-06-15T09:50:37.000Z</time>
   </trkpt>
   <trkpt lat="52.425319" lon="13.629818">
    <ele>45.8</ele>
    <time>2025-06-15T09:50:42.000Z</time>
   </trkpt>
   <trkpt lat="52.425167" lon="13.629742">
    <ele>45.8</ele>
    <time>2025-06-15T09:50:47.000Z</time>
   </trkpt>
   <trkpt lat="52.425007" lon="13.629676">
    <ele>45.8</ele>
    <time>2025-06-15T09:50:51.000Z</time>
   </trkpt>
   <trkpt lat="52.424937" lon="13.629651">
    <ele>46</ele>
    <time>2025-06-15T09:50:53.000Z</time>
   </trkpt>
   <trkpt lat="52.42468" lon="13.629521">
    <ele>46</ele>
    <time>2025-06-15T09:51:00.000Z</time>
   </trkpt>
   <trkpt lat="52.424596" lon="13.629482">
    <ele>45.6</ele>
    <time>2025-06-15T09:51:04.000Z</time>
   </trkpt>
   <trkpt lat="52.424573" lon="13.629467">
    <ele>45.4</ele>
    <time>2025-06-15T09:51:09.000Z</time>
   </trkpt>
   <trkpt lat="52.424573" lon="13.629467">
    <ele>45.2</ele>
    <time>2025-06-15T09:51:11.000Z</time>
   </trkpt>
   <trkpt lat="52.424573" lon="13.629467">
    <ele>45.2</ele>
    <time>2025-06-15T09:51:12.000Z</time>
   </trkpt>
   <trkpt lat="52.424559" lon="13.629479">
    <ele>45.2</ele>
    <time>2025-06-15T09:51:14.000Z</time>
   </trkpt>
   <trkpt lat="52.42456" lon="13.629483">
    <ele>45.2</ele>
    <time>2025-06-15T09:51:15.000Z</time>
   </trkpt>
   <trkpt lat="52.424549" lon="13.629489">
    <ele>44.8</ele>
    <time>2025-06-15T09:51:43.000Z</time>
   </trkpt>
   <trkpt lat="52.42454" lon="13.629475">
    <ele>44.8</ele>
    <time>2025-06-15T09:51:44.000Z</time>
   </trkpt>
   <trkpt lat="52.424566" lon="13.629408">
    <ele>44.6</ele>
    <time>2025-06-15T09:51:47.000Z</time>
   </trkpt>
   <trkpt lat="52.424675" lon="13.629426">
    <ele>44.6</ele>
    <time>2025-06-15T09:51:51.000Z</time>
   </trkpt>
   <trkpt lat="52.424794" lon="13.629496">
    <ele>45</ele>
    <time>2025-06-15T09:51:56.000Z</time>
   </trkpt>
   <trkpt lat="52.424984" lon="13.629595">
    <ele>45</ele>
    <time>2025-06-15T09:52:03.000Z</time>
   </trkpt>
   <trkpt lat="52.425164" lon="13.629674">
    <ele>45.2</ele>
    <time>2025-06-15T09:52:09.000Z</time>
   </trkpt>
   <trkpt lat="52.425347" lon="13.629695">
    <ele>45.6</ele>
    <time>2025-06-15T09:52:14.000Z</time>
   </trkpt>
   <trkpt lat="52.425378" lon="13.629652">
    <ele>45.6</ele>
    <time>2025-06-15T09:52:15.000Z</time>
   </trkpt>
   <trkpt lat="52.425469" lon="13.629453">
    <ele>45.6</ele>
    <time>2025-06-15T09:52:19.000Z</time>
   </trkpt>
   <trkpt lat="52.425485" lon="13.629402">
    <ele>45.6</ele>
    <time>2025-06-15T09:52:20.000Z</time>
   </trkpt>
   <trkpt lat="52.425497" lon="13.629346">
    <ele>45.6</ele>
    <time>2025-06-15T09:52:21.000Z</time>
   </trkpt>
   <trkpt lat="52.425578" lon="13.628917">
    <ele>45.6</ele>
    <time>2025-06-15T09:52:28.000Z</time>
   </trkpt>
   <trkpt lat="52.425618" lon="13.628713">
    <ele>45.4</ele>
    <time>2025-06-15T09:52:31.000Z</time>
   </trkpt>
   <trkpt lat="52.425686" lon="13.628397">
    <ele>45.2</ele>
    <time>2025-06-15T09:52:36.000Z</time>
   </trkpt>
   <trkpt lat="52.425732" lon="13.628314">
    <ele>45.2</ele>
    <time>2025-06-15T09:52:38.000Z</time>
   </trkpt>
   <trkpt lat="52.425762" lon="13.628304">
    <ele>45.2</ele>
    <time>2025-06-15T09:52:39.000Z</time>
   </trkpt>
   <trkpt lat="52.425812" lon="13.628274">
    <ele>45</ele>
    <time>2025-06-15T09:52:41.000Z</time>
   </trkpt>
   <trkpt lat="52.42584" lon="13.628195">
    <ele>45</ele>
    <time>2025-06-15T09:52:43.000Z</time>
   </trkpt>
   <trkpt lat="52.425845" lon="13.628091">
    <ele>45</ele>
    <time>2025-06-15T09:52:45.000Z</time>
   </trkpt>
   <trkpt lat="52.425864" lon="13.62797">
    <ele>45</ele>
    <time>2025-06-15T09:52:47.000Z</time>
   </trkpt>
   <trkpt lat="52.425861" lon="13.627856">
    <ele>45</ele>
    <time>2025-06-15T09:52:49.000Z</time>
   </trkpt>
   <trkpt lat="52.425863" lon="13.627737">
    <ele>45</ele>
    <time>2025-06-15T09:52:51.000Z</time>
   </trkpt>
   <trkpt lat="52.425902" lon="13.627621">
    <ele>45.2</ele>
    <time>2025-06-15T09:52:53.000Z</time>
   </trkpt>
   <trkpt lat="52.425932" lon="13.627579">
    <ele>45.2</ele>
    <time>2025-06-15T09:52:54.000Z</time>
   </trkpt>
   <trkpt lat="52.425989" lon="13.627557">
    <ele>45.4</ele>
    <time>2025-06-15T09:52:56.000Z</time>
   </trkpt>
   <trkpt lat="52.426046" lon="13.627557">
    <ele>45.4</ele>
    <time>2025-06-15T09:52:58.000Z</time>
   </trkpt>
   <trkpt lat="52.426131" lon="13.627551">
    <ele>45.6</ele>
    <time>2025-06-15T09:53:01.000Z</time>
   </trkpt>
   <trkpt lat="52.426236" lon="13.627527">
    <ele>45.6</ele>
    <time>2025-06-15T09:53:04.000Z</time>
   </trkpt>
   <trkpt lat="52.426382" lon="13.627511">
    <ele>45.6</ele>
    <time>2025-06-15T09:53:08.000Z</time>
   </trkpt>
   <trkpt lat="52.426468" lon="13.62751">
    <ele>45.6</ele>
    <time>2025-06-15T09:53:10.000Z</time>
   </trkpt>
   <trkpt lat="52.426499" lon="13.627504">
    <ele>45.4</ele>
    <time>2025-06-15T09:53:11.000Z</time>
   </trkpt>
   <trkpt lat="52.426601" lon="13.627456">
    <ele>45.4</ele>
    <time>2025-06-15T09:53:13.000Z</time>
   </trkpt>
   <trkpt lat="52.426765" lon="13.627328">
    <ele>45.4</ele>
    <time>2025-06-15T09:53:16.000Z</time>
   </trkpt>
   <trkpt lat="52.426931" lon="13.627224">
    <ele>45.4</ele>
    <time>2025-06-15T09:53:20.000Z</time>
   </trkpt>
   <trkpt lat="52.427008" lon="13.627153">
    <ele>45.4</ele>
    <time>2025-06-15T09:53:22.000Z</time>
   </trkpt>
   <trkpt lat="52.427071" lon="13.627017">
    <ele>45.6</ele>
    <time>2025-06-15T09:53:25.000Z</time>
   </trkpt>
   <trkpt lat="52.427107" lon="13.626913">
    <ele>45.8</ele>
    <time>2025-06-15T09:53:27.000Z</time>
   </trkpt>
   <trkpt lat="52.427118" lon="13.626803">
    <ele>45.8</ele>
    <time>2025-06-15T09:53:29.000Z</time>
   </trkpt>
   <trkpt lat="52.427133" lon="13.626679">
    <ele>45.8</ele>
    <time>2025-06-15T09:53:31.000Z</time>
   </trkpt>
   <trkpt lat="52.427168" lon="13.626572">
    <ele>45.8</ele>
    <time>2025-06-15T09:53:33.000Z</time>
   </trkpt>
   <trkpt lat="52.42719" lon="13.626483">
    <ele>45.8</ele>
    <time>2025-06-15T09:53:35.000Z</time>
   </trkpt>
   <trkpt lat="52.427215" lon="13.626345">
    <ele>45.8</ele>
    <time>2025-06-15T09:53:37.000Z</time>
   </trkpt>
   <trkpt lat="52.427236" lon="13.626215">
    <ele>45.8</ele>
    <time>2025-06-15T09:53:39.000Z</time>
   </trkpt>
   <trkpt lat="52.427253" lon="13.62615">
    <ele>45.8</ele>
    <time>2025-06-15T09:53:40.000Z</time>
   </trkpt>
   <trkpt lat="52.427281" lon="13.626004">
    <ele>45.8</ele>
    <time>2025-06-15T09:53:42.000Z</time>
   </trkpt>
   <trkpt lat="52.427302" lon="13.625854">
    <ele>45.8</ele>
    <time>2025-06-15T09:53:44.000Z</time>
   </trkpt>
   <trkpt lat="52.427322" lon="13.625745">
    <ele>45.8</ele>
    <time>2025-06-15T09:53:45.000Z</time>
   </trkpt>
   <trkpt lat="52.427412" lon="13.625259">
    <ele>45.6</ele>
    <time>2025-06-15T09:53:51.000Z</time>
   </trkpt>
   <trkpt lat="52.427421" lon="13.625167">
    <ele>45.6</ele>
    <time>2025-06-15T09:53:52.000Z</time>
   </trkpt>
   <trkpt lat="52.427465" lon="13.624991">
    <ele>45.4</ele>
    <time>2025-06-15T09:53:54.000Z</time>
   </trkpt>
   <trkpt lat="52.427492" lon="13.624915">
    <ele>45.4</ele>
    <time>2025-06-15T09:53:55.000Z</time>
   </trkpt>
   <trkpt lat="52.427546" lon="13.62477">
    <ele>45.4</ele>
    <time>2025-06-15T09:53:57.000Z</time>
   </trkpt>
   <trkpt lat="52.427614" lon="13.624686">
    <ele>45.4</ele>
    <time>2025-06-15T09:53:59.000Z</time>
   </trkpt>
   <trkpt lat="52.42766" lon="13.624654">
    <ele>45.4</ele>
    <time>2025-06-15T09:54:00.000Z</time>
   </trkpt>
   <trkpt lat="52.427754" lon="13.624582">
    <ele>45.4</ele>
    <time>2025-06-15T09:54:02.000Z</time>
   </trkpt>
   <trkpt lat="52.427838" lon="13.624476">
    <ele>45.4</ele>
    <time>2025-06-15T09:54:04.000Z</time>
   </trkpt>
   <trkpt lat="52.427909" lon="13.624415">
    <ele>45.4</ele>
    <time>2025-06-15T09:54:06.000Z</time>
   </trkpt>
   <trkpt lat="52.428026" lon="13.624315">
    <ele>45.6</ele>
    <time>2025-06-15T09:54:09.000Z</time>
   </trkpt>
   <trkpt lat="52.428148" lon="13.624218">
    <ele>45.4</ele>
    <time>2025-06-15T09:54:12.000Z</time>
   </trkpt>
   <trkpt lat="52.42825" lon="13.62413">
    <ele>45.4</ele>
    <time>2025-06-15T09:54:14.000Z</time>
   </trkpt>
   <trkpt lat="52.428356" lon="13.624014">
    <ele>45.2</ele>
    <time>2025-06-15T09:54:16.000Z</time>
   </trkpt>
   <trkpt lat="52.428637" lon="13.623659">
    <ele>44.2</ele>
    <time>2025-06-15T09:54:22.000Z</time>
   </trkpt>
   <trkpt lat="52.428676" lon="13.623578">
    <ele>43.8</ele>
    <time>2025-06-15T09:54:23.000Z</time>
   </trkpt>
   <trkpt lat="52.428716" lon="13.623502">
    <ele>43.8</ele>
    <time>2025-06-15T09:54:24.000Z</time>
   </trkpt>
   <trkpt lat="52.428876" lon="13.623208">
    <ele>43.4</ele>
    <time>2025-06-15T09:54:28.000Z</time>
   </trkpt>
   <trkpt lat="52.428914" lon="13.623117">
    <ele>43.4</ele>
    <time>2025-06-15T09:54:29.000Z</time>
   </trkpt>
   <trkpt lat="52.428995" lon="13.622875">
    <ele>43.2</ele>
    <time>2025-06-15T09:54:32.000Z</time>
   </trkpt>
   <trkpt lat="52.429028" lon="13.622801">
    <ele>43.2</ele>
    <time>2025-06-15T09:54:33.000Z</time>
   </trkpt>
   <trkpt lat="52.429092" lon="13.622704">
    <ele>43</ele>
    <time>2025-06-15T09:54:35.000Z</time>
   </trkpt>
   <trkpt lat="52.429182" lon="13.622576">
    <ele>42.8</ele>
    <time>2025-06-15T09:54:37.000Z</time>
   </trkpt>
   <trkpt lat="52.429312" lon="13.622276">
    <ele>42.8</ele>
    <time>2025-06-15T09:54:42.000Z</time>
   </trkpt>
   <trkpt lat="52.42938" lon="13.622124">
    <ele>42.8</ele>
    <time>2025-06-15T09:54:44.000Z</time>
   </trkpt>
   <trkpt lat="52.429536" lon="13.621865">
    <ele>42.8</ele>
    <time>2025-06-15T09:54:48.000Z</time>
   </trkpt>
   <trkpt lat="52.429572" lon="13.621822">
    <ele>42.8</ele>
    <time>2025-06-15T09:54:49.000Z</time>
   </trkpt>
   <trkpt lat="52.429645" lon="13.621719">
    <ele>42.8</ele>
    <time>2025-06-15T09:54:51.000Z</time>
   </trkpt>
   <trkpt lat="52.429727" lon="13.621607">
    <ele>42.8</ele>
    <time>2025-06-15T09:54:53.000Z</time>
   </trkpt>
   <trkpt lat="52.429778" lon="13.621541">
    <ele>42.6</ele>
    <time>2025-06-15T09:54:54.000Z</time>
   </trkpt>
   <trkpt lat="52.429968" lon="13.621327">
    <ele>42.6</ele>
    <time>2025-06-15T09:54:58.000Z</time>
   </trkpt>
   <trkpt lat="52.430116" lon="13.62119">
    <ele>42.4</ele>
    <time>2025-06-15T09:55:01.000Z</time>
   </trkpt>
   <trkpt lat="52.430183" lon="13.621143">
    <ele>42.4</ele>
    <time>2025-06-15T09:55:02.000Z</time>
   </trkpt>
   <trkpt lat="52.430365" lon="13.62103">
    <ele>42.8</ele>
    <time>2025-06-15T09:55:05.000Z</time>
   </trkpt>
   <trkpt lat="52.430476" lon="13.620963">
    <ele>42.8</ele>
    <time>2025-06-15T09:55:07.000Z</time>
   </trkpt>
   <trkpt lat="52.430798" lon="13.620784">
    <ele>43</ele>
    <time>2025-06-15T09:55:12.000Z</time>
   </trkpt>
   <trkpt lat="52.430936" lon="13.620712">
    <ele>43</ele>
    <time>2025-06-15T09:55:14.000Z</time>
   </trkpt>
   <trkpt lat="52.430984" lon="13.62067">
    <ele>43</ele>
    <time>2025-06-15T09:55:15.000Z</time>
   </trkpt>
   <trkpt lat="52.431054" lon="13.620572">
    <ele>43.2</ele>
    <time>2025-06-15T09:55:17.000Z</time>
   </trkpt>
   <trkpt lat="52.431077" lon="13.620503">
    <ele>43.2</ele>
    <time>2025-06-15T09:55:18.000Z</time>
   </trkpt>
   <trkpt lat="52.431102" lon="13.620435">
    <ele>43.2</ele>
    <time>2025-06-15T09:55:19.000Z</time>
   </trkpt>
   <trkpt lat="52.431132" lon="13.620291">
    <ele>43.2</ele>
    <time>2025-06-15T09:55:21.000Z</time>
   </trkpt>
   <trkpt lat="52.431181" lon="13.620138">
    <ele>43.2</ele>
    <time>2025-06-15T09:55:23.000Z</time>
   </trkpt>
   <trkpt lat="52.431269" lon="13.620021">
    <ele>43</ele>
    <time>2025-06-15T09:55:25.000Z</time>
   </trkpt>
   <trkpt lat="52.431353" lon="13.61997">
    <ele>43</ele>
    <time>2025-06-15T09:55:27.000Z</time>
   </trkpt>
   <trkpt lat="52.431509" lon="13.619918">
    <ele>42.8</ele>
    <time>2025-06-15T09:55:30.000Z</time>
   </trkpt>
   <trkpt lat="52.431583" lon="13.619956">
    <ele>42.8</ele>
    <time>2025-06-15T09:55:32.000Z</time>
   </trkpt>
   <trkpt lat="52.43164" lon="13.619981">
    <ele>42.8</ele>
    <time>2025-06-15T09:55:33.000Z</time>
   </trkpt>
   <trkpt lat="52.431677" lon="13.62004">
    <ele>42.8</ele>
    <time>2025-06-15T09:55:34.000Z</time>
   </trkpt>
   <trkpt lat="52.431795" lon="13.620202">
    <ele>43</ele>
    <time>2025-06-15T09:55:37.000Z</time>
   </trkpt>
   <trkpt lat="52.431953" lon="13.620262">
    <ele>43</ele>
    <time>2025-06-15T09:55:40.000Z</time>
   </trkpt>
   <trkpt lat="52.432058" lon="13.620236">
    <ele>43</ele>
    <time>2025-06-15T09:55:42.000Z</time>
   </trkpt>
   <trkpt lat="52.432149" lon="13.620169">
    <ele>43</ele>
    <time>2025-06-15T09:55:44.000Z</time>
   </trkpt>
   <trkpt lat="52.432189" lon="13.620116">
    <ele>43</ele>
    <time>2025-06-15T09:55:45.000Z</time>
   </trkpt>
   <trkpt lat="52.432261" lon="13.620001">
    <ele>43</ele>
    <time>2025-06-15T09:55:47.000Z</time>
   </trkpt>
   <trkpt lat="52.432301" lon="13.619948">
    <ele>43</ele>
    <time>2025-06-15T09:55:48.000Z</time>
   </trkpt>
   <trkpt lat="52.432491" lon="13.61972">
    <ele>43.2</ele>
    <time>2025-06-15T09:55:53.000Z</time>
   </trkpt>
   <trkpt lat="52.432529" lon="13.619689">
    <ele>43.2</ele>
    <time>2025-06-15T09:55:54.000Z</time>
   </trkpt>
   <trkpt lat="52.432613" lon="13.619642">
    <ele>43.4</ele>
    <time>2025-06-15T09:55:56.000Z</time>
   </trkpt>
   <trkpt lat="52.432731" lon="13.61961">
    <ele>43.8</ele>
    <time>2025-06-15T09:55:59.000Z</time>
   </trkpt>
   <trkpt lat="52.432786" lon="13.619597">
    <ele>44</ele>
    <time>2025-06-15T09:56:01.000Z</time>
   </trkpt>
   <trkpt lat="52.432849" lon="13.619631">
    <ele>44.4</ele>
    <time>2025-06-15T09:56:04.000Z</time>
   </trkpt>
   <trkpt lat="52.432919" lon="13.619676">
    <ele>44.4</ele>
    <time>2025-06-15T09:56:06.000Z</time>
   </trkpt>
   <trkpt lat="52.432983" lon="13.619663">
    <ele>44.4</ele>
    <time>2025-06-15T09:56:08.000Z</time>
   </trkpt>
   <trkpt lat="52.433166" lon="13.619553">
    <ele>44.6</ele>
    <time>2025-06-15T09:56:14.000Z</time>
   </trkpt>
   <trkpt lat="52.433362" lon="13.619533">
    <ele>44.6</ele>
    <time>2025-06-15T09:56:19.000Z</time>
   </trkpt>
   <trkpt lat="52.433454" lon="13.619531">
    <ele>44.4</ele>
    <time>2025-06-15T09:56:21.000Z</time>
   </trkpt>
   <trkpt lat="52.433595" lon="13.619524">
    <ele>44.4</ele>
    <time>2025-06-15T09:56:23.000Z</time>
   </trkpt>
   <trkpt lat="52.433709" lon="13.619534">
    <ele>44.2</ele>
    <time>2025-06-15T09:56:25.000Z</time>
   </trkpt>
   <trkpt lat="52.433775" lon="13.619538">
    <ele>44.2</ele>
    <time>2025-06-15T09:56:26.000Z</time>
   </trkpt>
   <trkpt lat="52.434005" lon="13.61955">
    <ele>44.2</ele>
    <time>2025-06-15T09:56:29.000Z</time>
   </trkpt>
   <trkpt lat="52.434139" lon="13.619557">
    <ele>44.2</ele>
    <time>2025-06-15T09:56:31.000Z</time>
   </trkpt>
   <trkpt lat="52.434345" lon="13.619563">
    <ele>44.4</ele>
    <time>2025-06-15T09:56:34.000Z</time>
   </trkpt>
   <trkpt lat="52.434491" lon="13.619562">
    <ele>44.4</ele>
    <time>2025-06-15T09:56:36.000Z</time>
   </trkpt>
   <trkpt lat="52.434674" lon="13.61956">
    <ele>44.4</ele>
    <time>2025-06-15T09:56:39.000Z</time>
   </trkpt>
   <trkpt lat="52.434866" lon="13.619571">
    <ele>44</ele>
    <time>2025-06-15T09:56:42.000Z</time>
   </trkpt>
   <trkpt lat="52.434936" lon="13.619574">
    <ele>44</ele>
    <time>2025-06-15T09:56:43.000Z</time>
   </trkpt>
   <trkpt lat="52.435229" lon="13.619545">
    <ele>43.8</ele>
    <time>2025-06-15T09:56:47.000Z</time>
   </trkpt>
   <trkpt lat="52.435553" lon="13.619555">
    <ele>43.2</ele>
    <time>2025-06-15T09:56:52.000Z</time>
   </trkpt>
   <trkpt lat="52.436054" lon="13.61961">
    <ele>43</ele>
    <time>2025-06-15T09:56:59.000Z</time>
   </trkpt>
   <trkpt lat="52.436208" lon="13.619647">
    <ele>43</ele>
    <time>2025-06-15T09:57:01.000Z</time>
   </trkpt>
   <trkpt lat="52.436382" lon="13.619662">
    <ele>43.2</ele>
    <time>2025-06-15T09:57:04.000Z</time>
   </trkpt>
   <trkpt lat="52.436778" lon="13.619687">
    <ele>43.2</ele>
    <time>2025-06-15T09:57:10.000Z</time>
   </trkpt>
   <trkpt lat="52.437129" lon="13.619708">
    <ele>43</ele>
    <time>2025-06-15T09:57:16.000Z</time>
   </trkpt>
   <trkpt lat="52.437294" lon="13.619729">
    <ele>43</ele>
    <time>2025-06-15T09:57:20.000Z</time>
   </trkpt>
   <trkpt lat="52.437331" lon="13.619754">
    <ele>43</ele>
    <time>2025-06-15T09:57:21.000Z</time>
   </trkpt>
   <trkpt lat="52.437368" lon="13.619807">
    <ele>43</ele>
    <time>2025-06-15T09:57:22.000Z</time>
   </trkpt>
   <trkpt lat="52.437444" lon="13.619948">
    <ele>43</ele>
    <time>2025-06-15T09:57:24.000Z</time>
   </trkpt>
   <trkpt lat="52.43754" lon="13.620039">
    <ele>43</ele>
    <time>2025-06-15T09:57:26.000Z</time>
   </trkpt>
   <trkpt lat="52.437584" lon="13.620056">
    <ele>43</ele>
    <time>2025-06-15T09:57:27.000Z</time>
   </trkpt>
   <trkpt lat="52.437695" lon="13.620099">
    <ele>42.8</ele>
    <time>2025-06-15T09:57:29.000Z</time>
   </trkpt>
   <trkpt lat="52.437832" lon="13.620158">
    <ele>42.8</ele>
    <time>2025-06-15T09:57:31.000Z</time>
   </trkpt>
   <trkpt lat="52.438117" lon="13.620259">
    <ele>42.6</ele>
    <time>2025-06-15T09:57:36.000Z</time>
   </trkpt>
   <trkpt lat="52.438185" lon="13.620286">
    <ele>42.4</ele>
    <time>2025-06-15T09:57:37.000Z</time>
   </trkpt>
   <trkpt lat="52.438497" lon="13.620402">
    <ele>42.2</ele>
    <time>2025-06-15T09:57:42.000Z</time>
   </trkpt>
   <trkpt lat="52.438639" lon="13.620459">
    <ele>42</ele>
    <time>2025-06-15T09:57:44.000Z</time>
   </trkpt>
   <trkpt lat="52.438778" lon="13.620521">
    <ele>42</ele>
    <time>2025-06-15T09:57:46.000Z</time>
   </trkpt>
   <trkpt lat="52.438915" lon="13.620606">
    <ele>42</ele>
    <time>2025-06-15T09:57:48.000Z</time>
   </trkpt>
   <trkpt lat="52.439209" lon="13.620824">
    <ele>41.8</ele>
    <time>2025-06-15T09:57:53.000Z</time>
   </trkpt>
   <trkpt lat="52.43927" lon="13.620888">
    <ele>41.8</ele>
    <time>2025-06-15T09:57:54.000Z</time>
   </trkpt>
   <trkpt lat="52.439631" lon="13.621085">
    <ele>41.8</ele>
    <time>2025-06-15T09:57:59.000Z</time>
   </trkpt>
   <trkpt lat="52.439881" lon="13.621239">
    <ele>42</ele>
    <time>2025-06-15T09:58:03.000Z</time>
   </trkpt>
   <trkpt lat="52.440075" lon="13.621393">
    <ele>42.2</ele>
    <time>2025-06-15T09:58:07.000Z</time>
   </trkpt>
   <trkpt lat="52.440113" lon="13.621432">
    <ele>42.2</ele>
    <time>2025-06-15T09:58:08.000Z</time>
   </trkpt>
   <trkpt lat="52.440266" lon="13.621508">
    <ele>42.2</ele>
    <time>2025-06-15T09:58:10.000Z</time>
   </trkpt>
   <trkpt lat="52.440455" lon="13.621628">
    <ele>42.2</ele>
    <time>2025-06-15T09:58:13.000Z</time>
   </trkpt>
   <trkpt lat="52.440476" lon="13.621676">
    <ele>42.2</ele>
    <time>2025-06-15T09:58:14.000Z</time>
   </trkpt>
   <trkpt lat="52.440575" lon="13.621727">
    <ele>42.2</ele>
    <time>2025-06-15T09:58:16.000Z</time>
   </trkpt>
   <trkpt lat="52.440797" lon="13.621835">
    <ele>42.2</ele>
    <time>2025-06-15T09:58:20.000Z</time>
   </trkpt>
   <trkpt lat="52.44094" lon="13.621876">
    <ele>42.2</ele>
    <time>2025-06-15T09:58:23.000Z</time>
   </trkpt>
   <trkpt lat="52.441069" lon="13.621965">
    <ele>42.2</ele>
    <time>2025-06-15T09:58:26.000Z</time>
   </trkpt>
   <trkpt lat="52.441188" lon="13.622033">
    <ele>42.2</ele>
    <time>2025-06-15T09:58:29.000Z</time>
   </trkpt>
   <trkpt lat="52.44129" lon="13.622071">
    <ele>42.2</ele>
    <time>2025-06-15T09:58:31.000Z</time>
   </trkpt>
   <trkpt lat="52.441359" lon="13.622145">
    <ele>42</ele>
    <time>2025-06-15T09:58:34.000Z</time>
   </trkpt>
   <trkpt lat="52.441387" lon="13.622166">
    <ele>42</ele>
    <time>2025-06-15T09:58:35.000Z</time>
   </trkpt>
   <trkpt lat="52.441409" lon="13.622179">
    <ele>42</ele>
    <time>2025-06-15T09:58:36.000Z</time>
   </trkpt>
   <trkpt lat="52.441426" lon="13.622187">
    <ele>42</ele>
    <time>2025-06-15T09:58:38.000Z</time>
   </trkpt>
   <trkpt lat="52.441437" lon="13.622203">
    <ele>41.8</ele>
    <time>2025-06-15T10:21:12.000Z</time>
   </trkpt>
   <trkpt lat="52.441437" lon="13.622203">
    <ele>41.8</ele>
    <time>2025-06-15T10:21:13.000Z</time>
   </trkpt>
   <trkpt lat="52.441469" lon="13.622234">
    <ele>41.8</ele>
    <time>2025-06-15T10:21:17.000Z</time>
   </trkpt>
   <trkpt lat="52.441597" lon="13.622324">
    <ele>41.6</ele>
    <time>2025-06-15T10:21:24.000Z</time>
   </trkpt>
   <trkpt lat="52.441709" lon="13.622404">
    <ele>41.4</ele>
    <time>2025-06-15T10:21:30.000Z</time>
   </trkpt>
   <trkpt lat="52.441857" lon="13.622541">
    <ele>41.4</ele>
    <time>2025-06-15T10:21:38.000Z</time>
   </trkpt>
   <trkpt lat="52.441872" lon="13.622586">
    <ele>41.4</ele>
    <time>2025-06-15T10:21:41.000Z</time>
   </trkpt>
   <trkpt lat="52.441877" lon="13.622603">
    <ele>41.4</ele>
    <time>2025-06-15T10:21:42.000Z</time>
   </trkpt>
   <trkpt lat="52.441964" lon="13.622695">
    <ele>41.4</ele>
    <time>2025-06-15T10:21:48.000Z</time>
   </trkpt>
   <trkpt lat="52.442112" lon="13.622721">
    <ele>41.6</ele>
    <time>2025-06-15T10:21:55.000Z</time>
   </trkpt>
   <trkpt lat="52.442127" lon="13.622718">
    <ele>41.8</ele>
    <time>2025-06-15T10:21:59.000Z</time>
   </trkpt>
   <trkpt lat="52.442144" lon="13.622731">
    <ele>41.8</ele>
    <time>2025-06-15T10:22:00.000Z</time>
   </trkpt>
   <trkpt lat="52.44227" lon="13.622833">
    <ele>42</ele>
    <time>2025-06-15T10:22:04.000Z</time>
   </trkpt>
   <trkpt lat="52.442414" lon="13.62292">
    <ele>42</ele>
    <time>2025-06-15T10:22:08.000Z</time>
   </trkpt>
   <trkpt lat="52.442614" lon="13.623096">
    <ele>42</ele>
    <time>2025-06-15T10:22:14.000Z</time>
   </trkpt>
   <trkpt lat="52.44263" lon="13.623104">
    <ele>42</ele>
    <time>2025-06-15T10:22:15.000Z</time>
   </trkpt>
   <trkpt lat="52.442667" lon="13.623088">
    <ele>42</ele>
    <time>2025-06-15T10:22:20.000Z</time>
   </trkpt>
   <trkpt lat="52.442719" lon="13.623097">
    <ele>42</ele>
    <time>2025-06-15T10:22:25.000Z</time>
   </trkpt>
   <trkpt lat="52.442805" lon="13.623033">
    <ele>42</ele>
    <time>2025-06-15T10:22:30.000Z</time>
   </trkpt>
   <trkpt lat="52.44282" lon="13.623022">
    <ele>42.2</ele>
    <time>2025-06-15T10:22:31.000Z</time>
   </trkpt>
   <trkpt lat="52.442887" lon="13.62298">
    <ele>42.8</ele>
    <time>2025-06-15T10:22:35.000Z</time>
   </trkpt>
   <trkpt lat="52.442889" lon="13.622974">
    <ele>43</ele>
    <time>2025-06-15T10:22:37.000Z</time>
   </trkpt>
   <trkpt lat="52.442895" lon="13.622968">
    <ele>43.8</ele>
    <time>2025-06-15T10:22:39.000Z</time>
   </trkpt>
   <trkpt lat="52.442911" lon="13.622968">
    <ele>43.8</ele>
    <time>2025-06-15T10:22:40.000Z</time>
   </trkpt>
   <trkpt lat="52.442939" lon="13.622962">
    <ele>44.2</ele>
    <time>2025-06-15T10:22:43.000Z</time>
   </trkpt>
   <trkpt lat="52.442982" lon="13.622888">
    <ele>44.4</ele>
    <time>2025-06-15T10:22:46.000Z</time>
   </trkpt>
   <trkpt lat="52.443041" lon="13.622785">
    <ele>44.4</ele>
    <time>2025-06-15T10:22:49.000Z</time>
   </trkpt>
   <trkpt lat="52.443085" lon="13.622739">
    <ele>44.6</ele>
    <time>2025-06-15T10:22:51.000Z</time>
   </trkpt>
   <trkpt lat="52.443142" lon="13.622553">
    <ele>44.6</ele>
    <time>2025-06-15T10:22:56.000Z</time>
   </trkpt>
   <trkpt lat="52.443144" lon="13.622506">
    <ele>44.6</ele>
    <time>2025-06-15T10:22:57.000Z</time>
   </trkpt>
   <trkpt lat="52.443144" lon="13.622363">
    <ele>44.6</ele>
    <time>2025-06-15T10:23:00.000Z</time>
   </trkpt>
   <trkpt lat="52.44312" lon="13.62208">
    <ele>44.6</ele>
    <time>2025-06-15T10:23:06.000Z</time>
   </trkpt>
   <trkpt lat="52.443126" lon="13.621989">
    <ele>44.6</ele>
    <time>2025-06-15T10:23:08.000Z</time>
   </trkpt>
   <trkpt lat="52.443118" lon="13.621892">
    <ele>44.8</ele>
    <time>2025-06-15T10:23:10.000Z</time>
   </trkpt>
   <trkpt lat="52.443098" lon="13.621632">
    <ele>45</ele>
    <time>2025-06-15T10:23:15.000Z</time>
   </trkpt>
   <trkpt lat="52.443107" lon="13.621562">
    <ele>45.2</ele>
    <time>2025-06-15T10:23:16.000Z</time>
   </trkpt>
   <trkpt lat="52.44311" lon="13.621426">
    <ele>45.2</ele>
    <time>2025-06-15T10:23:19.000Z</time>
   </trkpt>
   <trkpt lat="52.443083" lon="13.621324">
    <ele>45.4</ele>
    <time>2025-06-15T10:23:21.000Z</time>
   </trkpt>
   <trkpt lat="52.443064" lon="13.621036">
    <ele>45.8</ele>
    <time>2025-06-15T10:23:25.000Z</time>
   </trkpt>
   <trkpt lat="52.44306" lon="13.62082">
    <ele>46</ele>
    <time>2025-06-15T10:23:28.000Z</time>
   </trkpt>
   <trkpt lat="52.44306" lon="13.6207">
    <ele>46</ele>
    <time>2025-06-15T10:23:30.000Z</time>
   </trkpt>
   <trkpt lat="52.443053" lon="13.620558">
    <ele>46</ele>
    <time>2025-06-15T10:23:32.000Z</time>
   </trkpt>
   <trkpt lat="52.443037" lon="13.620388">
    <ele>45.8</ele>
    <time>2025-06-15T10:23:34.000Z</time>
   </trkpt>
   <trkpt lat="52.443037" lon="13.620244">
    <ele>45.6</ele>
    <time>2025-06-15T10:23:36.000Z</time>
   </trkpt>
   <trkpt lat="52.443047" lon="13.620121">
    <ele>45.2</ele>
    <time>2025-06-15T10:23:38.000Z</time>
   </trkpt>
   <trkpt lat="52.443061" lon="13.619988">
    <ele>45</ele>
    <time>2025-06-15T10:23:40.000Z</time>
   </trkpt>
   <trkpt lat="52.443079" lon="13.619781">
    <ele>44.6</ele>
    <time>2025-06-15T10:23:43.000Z</time>
   </trkpt>
   <trkpt lat="52.443072" lon="13.619628">
    <ele>44.6</ele>
    <time>2025-06-15T10:23:45.000Z</time>
   </trkpt>
   <trkpt lat="52.443062" lon="13.619489">
    <ele>44.4</ele>
    <time>2025-06-15T10:23:47.000Z</time>
   </trkpt>
   <trkpt lat="52.443048" lon="13.619399">
    <ele>44.4</ele>
    <time>2025-06-15T10:23:48.000Z</time>
   </trkpt>
   <trkpt lat="52.443026" lon="13.619303">
    <ele>44.4</ele>
    <time>2025-06-15T10:23:49.000Z</time>
   </trkpt>
   <trkpt lat="52.443007" lon="13.619066">
    <ele>44.4</ele>
    <time>2025-06-15T10:23:52.000Z</time>
   </trkpt>
   <trkpt lat="52.443003" lon="13.618986">
    <ele>44.4</ele>
    <time>2025-06-15T10:23:53.000Z</time>
   </trkpt>
   <trkpt lat="52.442991" lon="13.618892">
    <ele>44.4</ele>
    <time>2025-06-15T10:23:54.000Z</time>
   </trkpt>
   <trkpt lat="52.442957" lon="13.618661">
    <ele>44.6</ele>
    <time>2025-06-15T10:23:56.000Z</time>
   </trkpt>
   <trkpt lat="52.442939" lon="13.618542">
    <ele>44.6</ele>
    <time>2025-06-15T10:23:57.000Z</time>
   </trkpt>
   <trkpt lat="52.442924" lon="13.61842">
    <ele>44.6</ele>
    <time>2025-06-15T10:23:58.000Z</time>
   </trkpt>
   <trkpt lat="52.44293" lon="13.618283">
    <ele>44.6</ele>
    <time>2025-06-15T10:24:00.000Z</time>
   </trkpt>
   <trkpt lat="52.44292" lon="13.618048">
    <ele>44.6</ele>
    <time>2025-06-15T10:24:03.000Z</time>
   </trkpt>
   <trkpt lat="52.442888" lon="13.617898">
    <ele>44.4</ele>
    <time>2025-06-15T10:24:05.000Z</time>
   </trkpt>
   <trkpt lat="52.442879" lon="13.617734">
    <ele>44.4</ele>
    <time>2025-06-15T10:24:07.000Z</time>
   </trkpt>
   <trkpt lat="52.442871" lon="13.617656">
    <ele>44.4</ele>
    <time>2025-06-15T10:24:08.000Z</time>
   </trkpt>
   <trkpt lat="52.442839" lon="13.617451">
    <ele>44.4</ele>
    <time>2025-06-15T10:24:10.000Z</time>
   </trkpt>
   <trkpt lat="52.442832" lon="13.617363">
    <ele>44.4</ele>
    <time>2025-06-15T10:24:11.000Z</time>
   </trkpt>
   <trkpt lat="52.44281" lon="13.617146">
    <ele>44.4</ele>
    <time>2025-06-15T10:24:14.000Z</time>
   </trkpt>
   <trkpt lat="52.442819" lon="13.617099">
    <ele>44.4</ele>
    <time>2025-06-15T10:24:15.000Z</time>
   </trkpt>
   <trkpt lat="52.44282" lon="13.617046">
    <ele>44.4</ele>
    <time>2025-06-15T10:24:16.000Z</time>
   </trkpt>
   <trkpt lat="52.442839" lon="13.61692">
    <ele>44.4</ele>
    <time>2025-06-15T10:24:18.000Z</time>
   </trkpt>
   <trkpt lat="52.442832" lon="13.616833">
    <ele>44.4</ele>
    <time>2025-06-15T10:24:19.000Z</time>
   </trkpt>
   <trkpt lat="52.442822" lon="13.616752">
    <ele>44.4</ele>
    <time>2025-06-15T10:24:20.000Z</time>
   </trkpt>
   <trkpt lat="52.442767" lon="13.616436">
    <ele>44.4</ele>
    <time>2025-06-15T10:24:23.000Z</time>
   </trkpt>
   <trkpt lat="52.442754" lon="13.616358">
    <ele>44.4</ele>
    <time>2025-06-15T10:24:24.000Z</time>
   </trkpt>
   <trkpt lat="52.442719" lon="13.616014">
    <ele>44.4</ele>
    <time>2025-06-15T10:24:27.000Z</time>
   </trkpt>
   <trkpt lat="52.442717" lon="13.615932">
    <ele>44.4</ele>
    <time>2025-06-15T10:24:28.000Z</time>
   </trkpt>
   <trkpt lat="52.442723" lon="13.615504">
    <ele>44.4</ele>
    <time>2025-06-15T10:24:33.000Z</time>
   </trkpt>
   <trkpt lat="52.44271" lon="13.615244">
    <ele>44.4</ele>
    <time>2025-06-15T10:24:36.000Z</time>
   </trkpt>
   <trkpt lat="52.442706" lon="13.615004">
    <ele>44.6</ele>
    <time>2025-06-15T10:24:39.000Z</time>
   </trkpt>
   <trkpt lat="52.442713" lon="13.614859">
    <ele>44.8</ele>
    <time>2025-06-15T10:24:41.000Z</time>
   </trkpt>
   <trkpt lat="52.442712" lon="13.614786">
    <ele>45</ele>
    <time>2025-06-15T10:24:42.000Z</time>
   </trkpt>
   <trkpt lat="52.442713" lon="13.614706">
    <ele>45</ele>
    <time>2025-06-15T10:24:43.000Z</time>
   </trkpt>
   <trkpt lat="52.442699" lon="13.614464">
    <ele>45</ele>
    <time>2025-06-15T10:24:46.000Z</time>
   </trkpt>
   <trkpt lat="52.442687" lon="13.614391">
    <ele>45</ele>
    <time>2025-06-15T10:24:47.000Z</time>
   </trkpt>
   <trkpt lat="52.442684" lon="13.614322">
    <ele>45</ele>
    <time>2025-06-15T10:24:48.000Z</time>
   </trkpt>
   <trkpt lat="52.442702" lon="13.614211">
    <ele>45</ele>
    <time>2025-06-15T10:24:50.000Z</time>
   </trkpt>
   <trkpt lat="52.442707" lon="13.614147">
    <ele>45</ele>
    <time>2025-06-15T10:24:51.000Z</time>
   </trkpt>
   <trkpt lat="52.442709" lon="13.614086">
    <ele>45</ele>
    <time>2025-06-15T10:24:52.000Z</time>
   </trkpt>
   <trkpt lat="52.442667" lon="13.613778">
    <ele>44.8</ele>
    <time>2025-06-15T10:24:56.000Z</time>
   </trkpt>
   <trkpt lat="52.442663" lon="13.613729">
    <ele>44.8</ele>
    <time>2025-06-15T10:24:57.000Z</time>
   </trkpt>
   <trkpt lat="52.442645" lon="13.613645">
    <ele>44.8</ele>
    <time>2025-06-15T10:24:59.000Z</time>
   </trkpt>
   <trkpt lat="52.442643" lon="13.613494">
    <ele>44.8</ele>
    <time>2025-06-15T10:25:01.000Z</time>
   </trkpt>
   <trkpt lat="52.442618" lon="13.613324">
    <ele>44.8</ele>
    <time>2025-06-15T10:25:03.000Z</time>
   </trkpt>
   <trkpt lat="52.4426" lon="13.613204">
    <ele>44.8</ele>
    <time>2025-06-15T10:25:04.000Z</time>
   </trkpt>
   <trkpt lat="52.442591" lon="13.613109">
    <ele>44.8</ele>
    <time>2025-06-15T10:25:05.000Z</time>
   </trkpt>
   <trkpt lat="52.44258" lon="13.612828">
    <ele>44.8</ele>
    <time>2025-06-15T10:25:08.000Z</time>
   </trkpt>
   <trkpt lat="52.442565" lon="13.612724">
    <ele>44.8</ele>
    <time>2025-06-15T10:25:09.000Z</time>
   </trkpt>
   <trkpt lat="52.442545" lon="13.61253">
    <ele>45</ele>
    <time>2025-06-15T10:25:11.000Z</time>
   </trkpt>
   <trkpt lat="52.442573" lon="13.6123">
    <ele>45</ele>
    <time>2025-06-15T10:25:14.000Z</time>
   </trkpt>
   <trkpt lat="52.442576" lon="13.612046">
    <ele>44.8</ele>
    <time>2025-06-15T10:25:17.000Z</time>
   </trkpt>
   <trkpt lat="52.442553" lon="13.61194">
    <ele>44.8</ele>
    <time>2025-06-15T10:25:18.000Z</time>
   </trkpt>
   <trkpt lat="52.44244" lon="13.611426">
    <ele>44.8</ele>
    <time>2025-06-15T10:25:23.000Z</time>
   </trkpt>
   <trkpt lat="52.442439" lon="13.611248">
    <ele>44.8</ele>
    <time>2025-06-15T10:25:25.000Z</time>
   </trkpt>
   <trkpt lat="52.442441" lon="13.611083">
    <ele>44.8</ele>
    <time>2025-06-15T10:25:27.000Z</time>
   </trkpt>
   <trkpt lat="52.442465" lon="13.610905">
    <ele>44.8</ele>
    <time>2025-06-15T10:25:30.000Z</time>
   </trkpt>
   <trkpt lat="52.442489" lon="13.610744">
    <ele>45</ele>
    <time>2025-06-15T10:25:32.000Z</time>
   </trkpt>
   <trkpt lat="52.442476" lon="13.610558">
    <ele>45</ele>
    <time>2025-06-15T10:25:34.000Z</time>
   </trkpt>
   <trkpt lat="52.442474" lon="13.610389">
    <ele>44.8</ele>
    <time>2025-06-15T10:25:36.000Z</time>
   </trkpt>
   <trkpt lat="52.442474" lon="13.610264">
    <ele>44.8</ele>
    <time>2025-06-15T10:25:38.000Z</time>
   </trkpt>
   <trkpt lat="52.442464" lon="13.610194">
    <ele>44.8</ele>
    <time>2025-06-15T10:25:39.000Z</time>
   </trkpt>
   <trkpt lat="52.442458" lon="13.610107">
    <ele>44.8</ele>
    <time>2025-06-15T10:25:40.000Z</time>
   </trkpt>
   <trkpt lat="52.442412" lon="13.609807">
    <ele>45</ele>
    <time>2025-06-15T10:25:43.000Z</time>
   </trkpt>
   <trkpt lat="52.442354" lon="13.609385">
    <ele>45.2</ele>
    <time>2025-06-15T10:25:48.000Z</time>
   </trkpt>
   <trkpt lat="52.442365" lon="13.609319">
    <ele>45.2</ele>
    <time>2025-06-15T10:25:49.000Z</time>
   </trkpt>
   <trkpt lat="52.442366" lon="13.609236">
    <ele>45.4</ele>
    <time>2025-06-15T10:25:50.000Z</time>
   </trkpt>
   <trkpt lat="52.442329" lon="13.608914">
    <ele>45.4</ele>
    <time>2025-06-15T10:25:53.000Z</time>
   </trkpt>
   <trkpt lat="52.44232" lon="13.60874">
    <ele>45.4</ele>
    <time>2025-06-15T10:25:55.000Z</time>
   </trkpt>
   <trkpt lat="52.442306" lon="13.608571">
    <ele>45.6</ele>
    <time>2025-06-15T10:25:57.000Z</time>
   </trkpt>
   <trkpt lat="52.442298" lon="13.60842">
    <ele>45.6</ele>
    <time>2025-06-15T10:25:59.000Z</time>
   </trkpt>
   <trkpt lat="52.442261" lon="13.608216">
    <ele>45.6</ele>
    <time>2025-06-15T10:26:01.000Z</time>
   </trkpt>
   <trkpt lat="52.442262" lon="13.60802">
    <ele>45.6</ele>
    <time>2025-06-15T10:26:03.000Z</time>
   </trkpt>
   <trkpt lat="52.442287" lon="13.607845">
    <ele>45.6</ele>
    <time>2025-06-15T10:26:05.000Z</time>
   </trkpt>
   <trkpt lat="52.442274" lon="13.607788">
    <ele>45.6</ele>
    <time>2025-06-15T10:26:06.000Z</time>
   </trkpt>
   <trkpt lat="52.442253" lon="13.60762">
    <ele>45.4</ele>
    <time>2025-06-15T10:26:08.000Z</time>
   </trkpt>
   <trkpt lat="52.442246" lon="13.607524">
    <ele>45.4</ele>
    <time>2025-06-15T10:26:09.000Z</time>
   </trkpt>
   <trkpt lat="52.442191" lon="13.607037">
    <ele>45.4</ele>
    <time>2025-06-15T10:26:14.000Z</time>
   </trkpt>
   <trkpt lat="52.442188" lon="13.606932">
    <ele>45.4</ele>
    <time>2025-06-15T10:26:15.000Z</time>
   </trkpt>
   <trkpt lat="52.442188" lon="13.606844">
    <ele>45.4</ele>
    <time>2025-06-15T10:26:16.000Z</time>
   </trkpt>
   <trkpt lat="52.442153" lon="13.606574">
    <ele>45.6</ele>
    <time>2025-06-15T10:26:19.000Z</time>
   </trkpt>
   <trkpt lat="52.442121" lon="13.606439">
    <ele>45.6</ele>
    <time>2025-06-15T10:26:20.000Z</time>
   </trkpt>
   <trkpt lat="52.442127" lon="13.606137">
    <ele>45.6</ele>
    <time>2025-06-15T10:26:24.000Z</time>
   </trkpt>
   <trkpt lat="52.442136" lon="13.606072">
    <ele>45.6</ele>
    <time>2025-06-15T10:26:25.000Z</time>
   </trkpt>
   <trkpt lat="52.442125" lon="13.605841">
    <ele>45.4</ele>
    <time>2025-06-15T10:26:28.000Z</time>
   </trkpt>
   <trkpt lat="52.442118" lon="13.605687">
    <ele>45.4</ele>
    <time>2025-06-15T10:26:30.000Z</time>
   </trkpt>
   <trkpt lat="52.442134" lon="13.605567">
    <ele>45.2</ele>
    <time>2025-06-15T10:26:32.000Z</time>
   </trkpt>
   <trkpt lat="52.442158" lon="13.605473">
    <ele>45.2</ele>
    <time>2025-06-15T10:26:34.000Z</time>
   </trkpt>
   <trkpt lat="52.442143" lon="13.605321">
    <ele>45.2</ele>
    <time>2025-06-15T10:26:36.000Z</time>
   </trkpt>
   <trkpt lat="52.442116" lon="13.605158">
    <ele>45.2</ele>
    <time>2025-06-15T10:26:38.000Z</time>
   </trkpt>
   <trkpt lat="52.442118" lon="13.6051">
    <ele>45.2</ele>
    <time>2025-06-15T10:26:39.000Z</time>
   </trkpt>
   <trkpt lat="52.442137" lon="13.604926">
    <ele>45.2</ele>
    <time>2025-06-15T10:26:42.000Z</time>
   </trkpt>
   <trkpt lat="52.442128" lon="13.604746">
    <ele>45.2</ele>
    <time>2025-06-15T10:26:44.000Z</time>
   </trkpt>
   <trkpt lat="52.442091" lon="13.604648">
    <ele>45.2</ele>
    <time>2025-06-15T10:26:45.000Z</time>
   </trkpt>
   <trkpt lat="52.442083" lon="13.604576">
    <ele>45.2</ele>
    <time>2025-06-15T10:26:46.000Z</time>
   </trkpt>
   <trkpt lat="52.442074" lon="13.604198">
    <ele>45.2</ele>
    <time>2025-06-15T10:26:51.000Z</time>
   </trkpt>
   <trkpt lat="52.442027" lon="13.603924">
    <ele>45</ele>
    <time>2025-06-15T10:26:54.000Z</time>
   </trkpt>
   <trkpt lat="52.441966" lon="13.603624">
    <ele>45</ele>
    <time>2025-06-15T10:26:57.000Z</time>
   </trkpt>
   <trkpt lat="52.441964" lon="13.6031">
    <ele>45</ele>
    <time>2025-06-15T10:27:03.000Z</time>
   </trkpt>
   <trkpt lat="52.441958" lon="13.603014">
    <ele>45</ele>
    <time>2025-06-15T10:27:04.000Z</time>
   </trkpt>
   <trkpt lat="52.441912" lon="13.602717">
    <ele>44.8</ele>
    <time>2025-06-15T10:27:07.000Z</time>
   </trkpt>
   <trkpt lat="52.441868" lon="13.602457">
    <ele>44.8</ele>
    <time>2025-06-15T10:27:10.000Z</time>
   </trkpt>
   <trkpt lat="52.441852" lon="13.601937">
    <ele>44.8</ele>
    <time>2025-06-15T10:27:15.000Z</time>
   </trkpt>
   <trkpt lat="52.441817" lon="13.601245">
    <ele>44.6</ele>
    <time>2025-06-15T10:27:22.000Z</time>
   </trkpt>
   <trkpt lat="52.44181" lon="13.601063">
    <ele>44.6</ele>
    <time>2025-06-15T10:27:24.000Z</time>
   </trkpt>
   <trkpt lat="52.441772" lon="13.600492">
    <ele>44.4</ele>
    <time>2025-06-15T10:27:30.000Z</time>
   </trkpt>
   <trkpt lat="52.441758" lon="13.600244">
    <ele>44.4</ele>
    <time>2025-06-15T10:27:33.000Z</time>
   </trkpt>
   <trkpt lat="52.441753" lon="13.600078">
    <ele>44.4</ele>
    <time>2025-06-15T10:27:35.000Z</time>
   </trkpt>
   <trkpt lat="52.44174" lon="13.59972">
    <ele>44.4</ele>
    <time>2025-06-15T10:27:39.000Z</time>
   </trkpt>
   <trkpt lat="52.441732" lon="13.599526">
    <ele>44.6</ele>
    <time>2025-06-15T10:27:41.000Z</time>
   </trkpt>
   <trkpt lat="52.441711" lon="13.59913">
    <ele>44.4</ele>
    <time>2025-06-15T10:27:45.000Z</time>
   </trkpt>
   <trkpt lat="52.441697" lon="13.598915">
    <ele>44.4</ele>
    <time>2025-06-15T10:27:47.000Z</time>
   </trkpt>
   <trkpt lat="52.441663" lon="13.598605">
    <ele>44.2</ele>
    <time>2025-06-15T10:27:50.000Z</time>
   </trkpt>
   <trkpt lat="52.441646" lon="13.598324">
    <ele>44</ele>
    <time>2025-06-15T10:27:53.000Z</time>
   </trkpt>
   <trkpt lat="52.441607" lon="13.597637">
    <ele>43.8</ele>
    <time>2025-06-15T10:28:00.000Z</time>
   </trkpt>
   <trkpt lat="52.441558" lon="13.596755">
    <ele>43.6</ele>
    <time>2025-06-15T10:28:09.000Z</time>
   </trkpt>
   <trkpt lat="52.441531" lon="13.5962">
    <ele>43.4</ele>
    <time>2025-06-15T10:28:15.000Z</time>
   </trkpt>
   <trkpt lat="52.441531" lon="13.596107">
    <ele>43.4</ele>
    <time>2025-06-15T10:28:16.000Z</time>
   </trkpt>
   <trkpt lat="52.441501" lon="13.595393">
    <ele>43.4</ele>
    <time>2025-06-15T10:28:24.000Z</time>
   </trkpt>
   <trkpt lat="52.441494" lon="13.595303">
    <ele>43.4</ele>
    <time>2025-06-15T10:28:25.000Z</time>
   </trkpt>
   <trkpt lat="52.441489" lon="13.595127">
    <ele>43.6</ele>
    <time>2025-06-15T10:28:27.000Z</time>
   </trkpt>
   <trkpt lat="52.441494" lon="13.594799">
    <ele>43.6</ele>
    <time>2025-06-15T10:28:31.000Z</time>
   </trkpt>
   <trkpt lat="52.441486" lon="13.594563">
    <ele>43.6</ele>
    <time>2025-06-15T10:28:34.000Z</time>
   </trkpt>
   <trkpt lat="52.441483" lon="13.594413">
    <ele>43.6</ele>
    <time>2025-06-15T10:28:36.000Z</time>
   </trkpt>
   <trkpt lat="52.441444" lon="13.594111">
    <ele>43.4</ele>
    <time>2025-06-15T10:28:40.000Z</time>
   </trkpt>
   <trkpt lat="52.441434" lon="13.594051">
    <ele>43.4</ele>
    <time>2025-06-15T10:28:41.000Z</time>
   </trkpt>
   <trkpt lat="52.441404" lon="13.593791">
    <ele>43.6</ele>
    <time>2025-06-15T10:28:47.000Z</time>
   </trkpt>
   <trkpt lat="52.441351" lon="13.593794">
    <ele>43.4</ele>
    <time>2025-06-15T10:28:55.000Z</time>
   </trkpt>
   <trkpt lat="52.441318" lon="13.5938">
    <ele>43.6</ele>
    <time>2025-06-15T10:28:57.000Z</time>
   </trkpt>
   <trkpt lat="52.441281" lon="13.593811">
    <ele>43.6</ele>
    <time>2025-06-15T10:29:00.000Z</time>
   </trkpt>
   <trkpt lat="52.441272" lon="13.593826">
    <ele>44.8</ele>
    <time>2025-06-15T10:30:14.000Z</time>
   </trkpt>
   <trkpt lat="52.441267" lon="13.593832">
    <ele>44.8</ele>
    <time>2025-06-15T10:30:15.000Z</time>
   </trkpt>
   <trkpt lat="52.441265" lon="13.593836">
    <ele>44.6</ele>
    <time>2025-06-15T10:30:16.000Z</time>
   </trkpt>
   <trkpt lat="52.441282" lon="13.593801">
    <ele>45</ele>
    <time>2025-06-15T10:36:55.000Z</time>
   </trkpt>
   <trkpt lat="52.441284" lon="13.593753">
    <ele>45</ele>
    <time>2025-06-15T10:36:57.000Z</time>
   </trkpt>
   <trkpt lat="52.441285" lon="13.593727">
    <ele>45</ele>
    <time>2025-06-15T10:36:58.000Z</time>
   </trkpt>
   <trkpt lat="52.441304" lon="13.593643">
    <ele>45</ele>
    <time>2025-06-15T10:37:02.000Z</time>
   </trkpt>
   <trkpt lat="52.441309" lon="13.593638">
    <ele>45</ele>
    <time>2025-06-15T10:37:03.000Z</time>
   </trkpt>
   <trkpt lat="52.441355" lon="13.593591">
    <ele>44.4</ele>
    <time>2025-06-15T10:37:48.000Z</time>
   </trkpt>
   <trkpt lat="52.441372" lon="13.593578">
    <ele>44.4</ele>
    <time>2025-06-15T10:37:49.000Z</time>
   </trkpt>
   <trkpt lat="52.44144" lon="13.593542">
    <ele>44.6</ele>
    <time>2025-06-15T10:37:52.000Z</time>
   </trkpt>
   <trkpt lat="52.441467" lon="13.593532">
    <ele>44.6</ele>
    <time>2025-06-15T10:37:53.000Z</time>
   </trkpt>
   <trkpt lat="52.441601" lon="13.593512">
    <ele>44.6</ele>
    <time>2025-06-15T10:37:57.000Z</time>
   </trkpt>
   <trkpt lat="52.441681" lon="13.593503">
    <ele>44.4</ele>
    <time>2025-06-15T10:37:59.000Z</time>
   </trkpt>
   <trkpt lat="52.442023" lon="13.593524">
    <ele>44.4</ele>
    <time>2025-06-15T10:38:07.000Z</time>
   </trkpt>
   <trkpt lat="52.44232" lon="13.593547">
    <ele>44.4</ele>
    <time>2025-06-15T10:38:14.000Z</time>
   </trkpt>
   <trkpt lat="52.442364" lon="13.593541">
    <ele>44.4</ele>
    <time>2025-06-15T10:38:15.000Z</time>
   </trkpt>
   <trkpt lat="52.442715" lon="13.593592">
    <ele>44.6</ele>
    <time>2025-06-15T10:38:23.000Z</time>
   </trkpt>
   <trkpt lat="52.442752" lon="13.593593">
    <ele>44.6</ele>
    <time>2025-06-15T10:38:24.000Z</time>
   </trkpt>
   <trkpt lat="52.442845" lon="13.593596">
    <ele>44.6</ele>
    <time>2025-06-15T10:38:26.000Z</time>
   </trkpt>
   <trkpt lat="52.442893" lon="13.593594">
    <ele>44.8</ele>
    <time>2025-06-15T10:38:27.000Z</time>
   </trkpt>
   <trkpt lat="52.442983" lon="13.593606">
    <ele>44.8</ele>
    <time>2025-06-15T10:38:29.000Z</time>
   </trkpt>
   <trkpt lat="52.443215" lon="13.593654">
    <ele>44.8</ele>
    <time>2025-06-15T10:38:34.000Z</time>
   </trkpt>
   <trkpt lat="52.443309" lon="13.593668">
    <ele>45</ele>
    <time>2025-06-15T10:38:36.000Z</time>
   </trkpt>
   <trkpt lat="52.443618" lon="13.593676">
    <ele>45.6</ele>
    <time>2025-06-15T10:38:43.000Z</time>
   </trkpt>
   <trkpt lat="52.44366" lon="13.593684">
    <ele>45.6</ele>
    <time>2025-06-15T10:38:44.000Z</time>
   </trkpt>
   <trkpt lat="52.443924" lon="13.593712">
    <ele>45.6</ele>
    <time>2025-06-15T10:38:49.000Z</time>
   </trkpt>
   <trkpt lat="52.444281" lon="13.593732">
    <ele>45.4</ele>
    <time>2025-06-15T10:38:56.000Z</time>
   </trkpt>
   <trkpt lat="52.44433" lon="13.593723">
    <ele>45.4</ele>
    <time>2025-06-15T10:38:57.000Z</time>
   </trkpt>
   <trkpt lat="52.444439" lon="13.593691">
    <ele>45.4</ele>
    <time>2025-06-15T10:38:59.000Z</time>
   </trkpt>
   <trkpt lat="52.44462" lon="13.593684">
    <ele>45</ele>
    <time>2025-06-15T10:39:02.000Z</time>
   </trkpt>
   <trkpt lat="52.445117" lon="13.593688">
    <ele>44.8</ele>
    <time>2025-06-15T10:39:09.000Z</time>
   </trkpt>
   <trkpt lat="52.445192" lon="13.593691">
    <ele>44.8</ele>
    <time>2025-06-15T10:39:10.000Z</time>
   </trkpt>
   <trkpt lat="52.445469" lon="13.59371">
    <ele>44.6</ele>
    <time>2025-06-15T10:39:14.000Z</time>
   </trkpt>
   <trkpt lat="52.445732" lon="13.593731">
    <ele>44.2</ele>
    <time>2025-06-15T10:39:18.000Z</time>
   </trkpt>
   <trkpt lat="52.445794" lon="13.593754">
    <ele>44.2</ele>
    <time>2025-06-15T10:39:19.000Z</time>
   </trkpt>
   <trkpt lat="52.445913" lon="13.593831">
    <ele>44.2</ele>
    <time>2025-06-15T10:39:21.000Z</time>
   </trkpt>
   <trkpt lat="52.446038" lon="13.593865">
    <ele>44.2</ele>
    <time>2025-06-15T10:39:23.000Z</time>
   </trkpt>
   <trkpt lat="52.4461" lon="13.593865">
    <ele>44.4</ele>
    <time>2025-06-15T10:39:24.000Z</time>
   </trkpt>
   <trkpt lat="52.446573" lon="13.593932">
    <ele>44.6</ele>
    <time>2025-06-15T10:39:32.000Z</time>
   </trkpt>
   <trkpt lat="52.446881" lon="13.593961">
    <ele>45</ele>
    <time>2025-06-15T10:39:38.000Z</time>
   </trkpt>
   <trkpt lat="52.447258" lon="13.593963">
    <ele>45</ele>
    <time>2025-06-15T10:39:44.000Z</time>
   </trkpt>
   <trkpt lat="52.447753" lon="13.593969">
    <ele>45.4</ele>
    <time>2025-06-15T10:39:52.000Z</time>
   </trkpt>
   <trkpt lat="52.447813" lon="13.593981">
    <ele>45.4</ele>
    <time>2025-06-15T10:39:53.000Z</time>
   </trkpt>
   <trkpt lat="52.447926" lon="13.594004">
    <ele>45.4</ele>
    <time>2025-06-15T10:39:55.000Z</time>
   </trkpt>
   <trkpt lat="52.448035" lon="13.594004">
    <ele>45.6</ele>
    <time>2025-06-15T10:39:57.000Z</time>
   </trkpt>
   <trkpt lat="52.448501" lon="13.593954">
    <ele>45.8</ele>
    <time>2025-06-15T10:40:05.000Z</time>
   </trkpt>
   <trkpt lat="52.448601" lon="13.593943">
    <ele>46</ele>
    <time>2025-06-15T10:40:07.000Z</time>
   </trkpt>
   <trkpt lat="52.448742" lon="13.59393">
    <ele>46.2</ele>
    <time>2025-06-15T10:40:10.000Z</time>
   </trkpt>
   <trkpt lat="52.448786" lon="13.593916">
    <ele>46.4</ele>
    <time>2025-06-15T10:40:11.000Z</time>
   </trkpt>
   <trkpt lat="52.448831" lon="13.593891">
    <ele>46.4</ele>
    <time>2025-06-15T10:40:12.000Z</time>
   </trkpt>
   <trkpt lat="52.448876" lon="13.593871">
    <ele>46.6</ele>
    <time>2025-06-15T10:40:13.000Z</time>
   </trkpt>
   <trkpt lat="52.448923" lon="13.593862">
    <ele>46.8</ele>
    <time>2025-06-15T10:40:14.000Z</time>
   </trkpt>
   <trkpt lat="52.449182" lon="13.593807">
    <ele>47.4</ele>
    <time>2025-06-15T10:40:20.000Z</time>
   </trkpt>
   <trkpt lat="52.449267" lon="13.593787">
    <ele>47.8</ele>
    <time>2025-06-15T10:40:22.000Z</time>
   </trkpt>
   <trkpt lat="52.449494" lon="13.593744">
    <ele>48.6</ele>
    <time>2025-06-15T10:40:28.000Z</time>
   </trkpt>
   <trkpt lat="52.449569" lon="13.593728">
    <ele>48.8</ele>
    <time>2025-06-15T10:40:30.000Z</time>
   </trkpt>
   <trkpt lat="52.449823" lon="13.593677">
    <ele>49.4</ele>
    <time>2025-06-15T10:40:37.000Z</time>
   </trkpt>
   <trkpt lat="52.449995" lon="13.593636">
    <ele>49.8</ele>
    <time>2025-06-15T10:40:42.000Z</time>
   </trkpt>
   <trkpt lat="52.450134" lon="13.593605">
    <ele>50</ele>
    <time>2025-06-15T10:40:46.000Z</time>
   </trkpt>
   <trkpt lat="52.45027" lon="13.593576">
    <ele>50</ele>
    <time>2025-06-15T10:40:50.000Z</time>
   </trkpt>
   <trkpt lat="52.450457" lon="13.593535">
    <ele>50</ele>
    <time>2025-06-15T10:40:55.000Z</time>
   </trkpt>
   <trkpt lat="52.4505" lon="13.593528">
    <ele>49.8</ele>
    <time>2025-06-15T10:40:56.000Z</time>
   </trkpt>
   <trkpt lat="52.45063" lon="13.593508">
    <ele>49.8</ele>
    <time>2025-06-15T10:40:59.000Z</time>
   </trkpt>
   <trkpt lat="52.450809" lon="13.593482">
    <ele>49.2</ele>
    <time>2025-06-15T10:41:03.000Z</time>
   </trkpt>
   <trkpt lat="52.450947" lon="13.593479">
    <ele>48.8</ele>
    <time>2025-06-15T10:41:06.000Z</time>
   </trkpt>
   <trkpt lat="52.450995" lon="13.593478">
    <ele>48.8</ele>
    <time>2025-06-15T10:41:07.000Z</time>
   </trkpt>
   <trkpt lat="52.45115" lon="13.593453">
    <ele>48.4</ele>
    <time>2025-06-15T10:41:10.000Z</time>
   </trkpt>
   <trkpt lat="52.45128" lon="13.593452">
    <ele>47.8</ele>
    <time>2025-06-15T10:41:13.000Z</time>
   </trkpt>
   <trkpt lat="52.451413" lon="13.593449">
    <ele>47.4</ele>
    <time>2025-06-15T10:41:16.000Z</time>
   </trkpt>
   <trkpt lat="52.451566" lon="13.593454">
    <ele>46.8</ele>
    <time>2025-06-15T10:41:19.000Z</time>
   </trkpt>
   <trkpt lat="52.451726" lon="13.593482">
    <ele>46.2</ele>
    <time>2025-06-15T10:41:22.000Z</time>
   </trkpt>
   <trkpt lat="52.451781" lon="13.593501">
    <ele>46</ele>
    <time>2025-06-15T10:41:23.000Z</time>
   </trkpt>
   <trkpt lat="52.451888" lon="13.593549">
    <ele>45.6</ele>
    <time>2025-06-15T10:41:25.000Z</time>
   </trkpt>
   <trkpt lat="52.451998" lon="13.593562">
    <ele>45.4</ele>
    <time>2025-06-15T10:41:27.000Z</time>
   </trkpt>
   <trkpt lat="52.452114" lon="13.593577">
    <ele>45</ele>
    <time>2025-06-15T10:41:29.000Z</time>
   </trkpt>
   <trkpt lat="52.452326" lon="13.593591">
    <ele>44.8</ele>
    <time>2025-06-15T10:41:33.000Z</time>
   </trkpt>
   <trkpt lat="52.452452" lon="13.593597">
    <ele>44.8</ele>
    <time>2025-06-15T10:41:36.000Z</time>
   </trkpt>
   <trkpt lat="52.452536" lon="13.593621">
    <ele>44.8</ele>
    <time>2025-06-15T10:41:40.000Z</time>
   </trkpt>
   <trkpt lat="52.452583" lon="13.593599">
    <ele>45.2</ele>
    <time>2025-06-15T10:42:24.000Z</time>
   </trkpt>
   <trkpt lat="52.452618" lon="13.593557">
    <ele>45.2</ele>
    <time>2025-06-15T10:42:26.000Z</time>
   </trkpt>
   <trkpt lat="52.45273" lon="13.593534">
    <ele>45.2</ele>
    <time>2025-06-15T10:42:30.000Z</time>
   </trkpt>
   <trkpt lat="52.452803" lon="13.593524">
    <ele>45.2</ele>
    <time>2025-06-15T10:42:35.000Z</time>
   </trkpt>
   <trkpt lat="52.452811" lon="13.593506">
    <ele>45.2</ele>
    <time>2025-06-15T10:42:36.000Z</time>
   </trkpt>
   <trkpt lat="52.452828" lon="13.593377">
    <ele>45.4</ele>
    <time>2025-06-15T10:42:40.000Z</time>
   </trkpt>
   <trkpt lat="52.452828" lon="13.593212">
    <ele>45.4</ele>
    <time>2025-06-15T10:42:44.000Z</time>
   </trkpt>
   <trkpt lat="52.452811" lon="13.59318">
    <ele>45.2</ele>
    <time>2025-06-15T10:42:45.000Z</time>
   </trkpt>
   <trkpt lat="52.45268" lon="13.593132">
    <ele>45</ele>
    <time>2025-06-15T10:42:49.000Z</time>
   </trkpt>
   <trkpt lat="52.452423" lon="13.593091">
    <ele>45</ele>
    <time>2025-06-15T10:42:56.000Z</time>
   </trkpt>
   <trkpt lat="52.452387" lon="13.593084">
    <ele>45</ele>
    <time>2025-06-15T10:42:57.000Z</time>
   </trkpt>
   <trkpt lat="52.452035" lon="13.593067">
    <ele>44.8</ele>
    <time>2025-06-15T10:43:06.000Z</time>
   </trkpt>
   <trkpt lat="52.451733" lon="13.59303">
    <ele>45</ele>
    <time>2025-06-15T10:43:14.000Z</time>
   </trkpt>
   <trkpt lat="52.451701" lon="13.592995">
    <ele>45</ele>
    <time>2025-06-15T10:43:15.000Z</time>
   </trkpt>
   <trkpt lat="52.451644" lon="13.5929">
    <ele>45.2</ele>
    <time>2025-06-15T10:43:17.000Z</time>
   </trkpt>
   <trkpt lat="52.45162" lon="13.592845">
    <ele>45.2</ele>
    <time>2025-06-15T10:43:18.000Z</time>
   </trkpt>
   <trkpt lat="52.451501" lon="13.592523">
    <ele>45.4</ele>
    <time>2025-06-15T10:43:23.000Z</time>
   </trkpt>
   <trkpt lat="52.451446" lon="13.592379">
    <ele>45.4</ele>
    <time>2025-06-15T10:43:25.000Z</time>
   </trkpt>
   <trkpt lat="52.451374" lon="13.592127">
    <ele>45.4</ele>
    <time>2025-06-15T10:43:28.000Z</time>
   </trkpt>
   <trkpt lat="52.451345" lon="13.591951">
    <ele>45.4</ele>
    <time>2025-06-15T10:43:30.000Z</time>
   </trkpt>
   <trkpt lat="52.451336" lon="13.591862">
    <ele>45.6</ele>
    <time>2025-06-15T10:43:31.000Z</time>
   </trkpt>
   <trkpt lat="52.451325" lon="13.59168">
    <ele>45.4</ele>
    <time>2025-06-15T10:43:33.000Z</time>
   </trkpt>
   <trkpt lat="52.451331" lon="13.591494">
    <ele>45.4</ele>
    <time>2025-06-15T10:43:35.000Z</time>
   </trkpt>
   <trkpt lat="52.451341" lon="13.591317">
    <ele>45.4</ele>
    <time>2025-06-15T10:43:37.000Z</time>
   </trkpt>
   <trkpt lat="52.451341" lon="13.590947">
    <ele>45.4</ele>
    <time>2025-06-15T10:43:41.000Z</time>
   </trkpt>
   <trkpt lat="52.451345" lon="13.590671">
    <ele>45.4</ele>
    <time>2025-06-15T10:43:44.000Z</time>
   </trkpt>
   <trkpt lat="52.451348" lon="13.59049">
    <ele>45.4</ele>
    <time>2025-06-15T10:43:46.000Z</time>
   </trkpt>
   <trkpt lat="52.451356" lon="13.590224">
    <ele>45.6</ele>
    <time>2025-06-15T10:43:49.000Z</time>
   </trkpt>
   <trkpt lat="52.451382" lon="13.590008">
    <ele>45.6</ele>
    <time>2025-06-15T10:43:52.000Z</time>
   </trkpt>
   <trkpt lat="52.451395" lon="13.589869">
    <ele>45.8</ele>
    <time>2025-06-15T10:43:54.000Z</time>
   </trkpt>
   <trkpt lat="52.451395" lon="13.589779">
    <ele>45.8</ele>
    <time>2025-06-15T10:43:55.000Z</time>
   </trkpt>
   <trkpt lat="52.451402" lon="13.589517">
    <ele>45.8</ele>
    <time>2025-06-15T10:43:58.000Z</time>
   </trkpt>
   <trkpt lat="52.451421" lon="13.589387">
    <ele>45.8</ele>
    <time>2025-06-15T10:44:00.000Z</time>
   </trkpt>
   <trkpt lat="52.451416" lon="13.58921">
    <ele>45.8</ele>
    <time>2025-06-15T10:44:02.000Z</time>
   </trkpt>
   <trkpt lat="52.451399" lon="13.589032">
    <ele>45.8</ele>
    <time>2025-06-15T10:44:04.000Z</time>
   </trkpt>
   <trkpt lat="52.451406" lon="13.588871">
    <ele>46</ele>
    <time>2025-06-15T10:44:06.000Z</time>
   </trkpt>
   <trkpt lat="52.451401" lon="13.588534">
    <ele>46</ele>
    <time>2025-06-15T10:44:10.000Z</time>
   </trkpt>
   <trkpt lat="52.451413" lon="13.588381">
    <ele>46.2</ele>
    <time>2025-06-15T10:44:12.000Z</time>
   </trkpt>
   <trkpt lat="52.451427" lon="13.588228">
    <ele>46.2</ele>
    <time>2025-06-15T10:44:14.000Z</time>
   </trkpt>
   <trkpt lat="52.451441" lon="13.588157">
    <ele>46.4</ele>
    <time>2025-06-15T10:44:15.000Z</time>
   </trkpt>
   <trkpt lat="52.451451" lon="13.588084">
    <ele>46.4</ele>
    <time>2025-06-15T10:44:16.000Z</time>
   </trkpt>
   <trkpt lat="52.451459" lon="13.587825">
    <ele>46.4</ele>
    <time>2025-06-15T10:44:19.000Z</time>
   </trkpt>
   <trkpt lat="52.45146" lon="13.587744">
    <ele>46.4</ele>
    <time>2025-06-15T10:44:20.000Z</time>
   </trkpt>
   <trkpt lat="52.451464" lon="13.587583">
    <ele>46.4</ele>
    <time>2025-06-15T10:44:22.000Z</time>
   </trkpt>
   <trkpt lat="52.451482" lon="13.587247">
    <ele>46.4</ele>
    <time>2025-06-15T10:44:26.000Z</time>
   </trkpt>
   <trkpt lat="52.451552" lon="13.586504">
    <ele>46.2</ele>
    <time>2025-06-15T10:44:35.000Z</time>
   </trkpt>
   <trkpt lat="52.451601" lon="13.586183">
    <ele>46</ele>
    <time>2025-06-15T10:44:39.000Z</time>
   </trkpt>
   <trkpt lat="52.451618" lon="13.586026">
    <ele>46</ele>
    <time>2025-06-15T10:44:41.000Z</time>
   </trkpt>
   <trkpt lat="52.451643" lon="13.585868">
    <ele>46</ele>
    <time>2025-06-15T10:44:43.000Z</time>
   </trkpt>
   <trkpt lat="52.451663" lon="13.585717">
    <ele>46</ele>
    <time>2025-06-15T10:44:45.000Z</time>
   </trkpt>
   <trkpt lat="52.451697" lon="13.585577">
    <ele>46</ele>
    <time>2025-06-15T10:44:47.000Z</time>
   </trkpt>
   <trkpt lat="52.451709" lon="13.585499">
    <ele>46</ele>
    <time>2025-06-15T10:44:48.000Z</time>
   </trkpt>
   <trkpt lat="52.451744" lon="13.585133">
    <ele>46</ele>
    <time>2025-06-15T10:44:52.000Z</time>
   </trkpt>
   <trkpt lat="52.451756" lon="13.584877">
    <ele>46.2</ele>
    <time>2025-06-15T10:44:55.000Z</time>
   </trkpt>
   <trkpt lat="52.451761" lon="13.584614">
    <ele>46.2</ele>
    <time>2025-06-15T10:44:58.000Z</time>
   </trkpt>
   <trkpt lat="52.451757" lon="13.583998">
    <ele>46.4</ele>
    <time>2025-06-15T10:45:05.000Z</time>
   </trkpt>
   <trkpt lat="52.451754" lon="13.583372">
    <ele>46.6</ele>
    <time>2025-06-15T10:45:12.000Z</time>
   </trkpt>
   <trkpt lat="52.451755" lon="13.582752">
    <ele>46.8</ele>
    <time>2025-06-15T10:45:19.000Z</time>
   </trkpt>
   <trkpt lat="52.451767" lon="13.582418">
    <ele>47.4</ele>
    <time>2025-06-15T10:45:23.000Z</time>
   </trkpt>
   <trkpt lat="52.451789" lon="13.582255">
    <ele>47.4</ele>
    <time>2025-06-15T10:45:25.000Z</time>
   </trkpt>
   <trkpt lat="52.451807" lon="13.58218">
    <ele>47.4</ele>
    <time>2025-06-15T10:45:26.000Z</time>
   </trkpt>
   <trkpt lat="52.45196" lon="13.581472">
    <ele>48</ele>
    <time>2025-06-15T10:45:34.000Z</time>
   </trkpt>
   <trkpt lat="52.452061" lon="13.581006">
    <ele>48.2</ele>
    <time>2025-06-15T10:45:39.000Z</time>
   </trkpt>
   <trkpt lat="52.452103" lon="13.580826">
    <ele>48.2</ele>
    <time>2025-06-15T10:45:41.000Z</time>
   </trkpt>
   <trkpt lat="52.452119" lon="13.580738">
    <ele>48</ele>
    <time>2025-06-15T10:45:42.000Z</time>
   </trkpt>
   <trkpt lat="52.452223" lon="13.580128">
    <ele>47.4</ele>
    <time>2025-06-15T10:45:48.000Z</time>
   </trkpt>
   <trkpt lat="52.452321" lon="13.579542">
    <ele>47.2</ele>
    <time>2025-06-15T10:45:54.000Z</time>
   </trkpt>
   <trkpt lat="52.452449" lon="13.578876">
    <ele>46.4</ele>
    <time>2025-06-15T10:46:01.000Z</time>
   </trkpt>
   <trkpt lat="52.452472" lon="13.578785">
    <ele>46.4</ele>
    <time>2025-06-15T10:46:02.000Z</time>
   </trkpt>
   <trkpt lat="52.452614" lon="13.578145">
    <ele>45.8</ele>
    <time>2025-06-15T10:46:09.000Z</time>
   </trkpt>
   <trkpt lat="52.452686" lon="13.577784">
    <ele>45.8</ele>
    <time>2025-06-15T10:46:13.000Z</time>
   </trkpt>
   <trkpt lat="52.452757" lon="13.577361">
    <ele>46</ele>
    <time>2025-06-15T10:46:18.000Z</time>
   </trkpt>
   <trkpt lat="52.452815" lon="13.576922">
    <ele>46.2</ele>
    <time>2025-06-15T10:46:23.000Z</time>
   </trkpt>
   <trkpt lat="52.452813" lon="13.576826">
    <ele>46.2</ele>
    <time>2025-06-15T10:46:24.000Z</time>
   </trkpt>
   <trkpt lat="52.452811" lon="13.576625">
    <ele>45.8</ele>
    <time>2025-06-15T10:46:26.000Z</time>
   </trkpt>
   <trkpt lat="52.452808" lon="13.576523">
    <ele>45.8</ele>
    <time>2025-06-15T10:46:27.000Z</time>
   </trkpt>
   <trkpt lat="52.452812" lon="13.576435">
    <ele>45.8</ele>
    <time>2025-06-15T10:46:28.000Z</time>
   </trkpt>
   <trkpt lat="52.452814" lon="13.576238">
    <ele>45.6</ele>
    <time>2025-06-15T10:46:30.000Z</time>
   </trkpt>
   <trkpt lat="52.452823" lon="13.576146">
    <ele>45.6</ele>
    <time>2025-06-15T10:46:31.000Z</time>
   </trkpt>
   <trkpt lat="52.452847" lon="13.575975">
    <ele>45.4</ele>
    <time>2025-06-15T10:46:33.000Z</time>
   </trkpt>
   <trkpt lat="52.45285" lon="13.575884">
    <ele>45.4</ele>
    <time>2025-06-15T10:46:34.000Z</time>
   </trkpt>
   <trkpt lat="52.452838" lon="13.575516">
    <ele>45</ele>
    <time>2025-06-15T10:46:38.000Z</time>
   </trkpt>
   <trkpt lat="52.452792" lon="13.575194">
    <ele>45</ele>
    <time>2025-06-15T10:46:42.000Z</time>
   </trkpt>
   <trkpt lat="52.452782" lon="13.575123">
    <ele>45</ele>
    <time>2025-06-15T10:46:43.000Z</time>
   </trkpt>
   <trkpt lat="52.45283" lon="13.574683">
    <ele>45</ele>
    <time>2025-06-15T10:46:49.000Z</time>
   </trkpt>
   <trkpt lat="52.452852" lon="13.574537">
    <ele>45</ele>
    <time>2025-06-15T10:46:51.000Z</time>
   </trkpt>
   <trkpt lat="52.452878" lon="13.574495">
    <ele>45</ele>
    <time>2025-06-15T10:46:52.000Z</time>
   </trkpt>
   <trkpt lat="52.45289" lon="13.574434">
    <ele>44.8</ele>
    <time>2025-06-15T10:46:53.000Z</time>
   </trkpt>
   <trkpt lat="52.452882" lon="13.574314">
    <ele>44.8</ele>
    <time>2025-06-15T10:46:55.000Z</time>
   </trkpt>
   <trkpt lat="52.452825" lon="13.574218">
    <ele>44.8</ele>
    <time>2025-06-15T10:46:57.000Z</time>
   </trkpt>
   <trkpt lat="52.452792" lon="13.574188">
    <ele>44.8</ele>
    <time>2025-06-15T10:46:58.000Z</time>
   </trkpt>
   <trkpt lat="52.452763" lon="13.574153">
    <ele>44.8</ele>
    <time>2025-06-15T10:46:59.000Z</time>
   </trkpt>
   <trkpt lat="52.452703" lon="13.574027">
    <ele>44.8</ele>
    <time>2025-06-15T10:47:01.000Z</time>
   </trkpt>
   <trkpt lat="52.452579" lon="13.573869">
    <ele>44.8</ele>
    <time>2025-06-15T10:47:04.000Z</time>
   </trkpt>
   <trkpt lat="52.452338" lon="13.573628">
    <ele>45</ele>
    <time>2025-06-15T10:47:09.000Z</time>
   </trkpt>
   <trkpt lat="52.452253" lon="13.573513">
    <ele>45</ele>
    <time>2025-06-15T10:47:11.000Z</time>
   </trkpt>
   <trkpt lat="52.45208" lon="13.573283">
    <ele>45</ele>
    <time>2025-06-15T10:47:15.000Z</time>
   </trkpt>
   <trkpt lat="52.45187" lon="13.573009">
    <ele>45.2</ele>
    <time>2025-06-15T10:47:20.000Z</time>
   </trkpt>
   <trkpt lat="52.451619" lon="13.572647">
    <ele>45</ele>
    <time>2025-06-15T10:47:27.000Z</time>
   </trkpt>
   <trkpt lat="52.451512" lon="13.572488">
    <ele>45.4</ele>
    <time>2025-06-15T10:47:30.000Z</time>
   </trkpt>
   <trkpt lat="52.451458" lon="13.572368">
    <ele>45.4</ele>
    <time>2025-06-15T10:47:32.000Z</time>
   </trkpt>
   <trkpt lat="52.45143" lon="13.572314">
    <ele>45.4</ele>
    <time>2025-06-15T10:47:33.000Z</time>
   </trkpt>
   <trkpt lat="52.451315" lon="13.572162">
    <ele>45.4</ele>
    <time>2025-06-15T10:47:37.000Z</time>
   </trkpt>
   <trkpt lat="52.451218" lon="13.572011">
    <ele>45.4</ele>
    <time>2025-06-15T10:47:41.000Z</time>
   </trkpt>
   <trkpt lat="52.451212" lon="13.571955">
    <ele>45.4</ele>
    <time>2025-06-15T10:47:42.000Z</time>
   </trkpt>
   <trkpt lat="52.451222" lon="13.571897">
    <ele>45.2</ele>
    <time>2025-06-15T10:47:43.000Z</time>
   </trkpt>
   <trkpt lat="52.45127" lon="13.571758">
    <ele>45</ele>
    <time>2025-06-15T10:47:46.000Z</time>
   </trkpt>
   <trkpt lat="52.451433" lon="13.571552">
    <ele>45</ele>
    <time>2025-06-15T10:47:52.000Z</time>
   </trkpt>
   <trkpt lat="52.451612" lon="13.571295">
    <ele>45.4</ele>
    <time>2025-06-15T10:47:58.000Z</time>
   </trkpt>
   <trkpt lat="52.451645" lon="13.571249">
    <ele>45.4</ele>
    <time>2025-06-15T10:47:59.000Z</time>
   </trkpt>
   <trkpt lat="52.451751" lon="13.571123">
    <ele>45.4</ele>
    <time>2025-06-15T10:48:02.000Z</time>
   </trkpt>
   <trkpt lat="52.451786" lon="13.571068">
    <ele>45.4</ele>
    <time>2025-06-15T10:48:03.000Z</time>
   </trkpt>
   <trkpt lat="52.451825" lon="13.571009">
    <ele>45.4</ele>
    <time>2025-06-15T10:48:04.000Z</time>
   </trkpt>
   <trkpt lat="52.451988" lon="13.570767">
    <ele>45.6</ele>
    <time>2025-06-15T10:48:08.000Z</time>
   </trkpt>
   <trkpt lat="52.452157" lon="13.570517">
    <ele>45.8</ele>
    <time>2025-06-15T10:48:12.000Z</time>
   </trkpt>
   <trkpt lat="52.452199" lon="13.57047">
    <ele>45.8</ele>
    <time>2025-06-15T10:48:13.000Z</time>
   </trkpt>
   <trkpt lat="52.452241" lon="13.570422">
    <ele>45.8</ele>
    <time>2025-06-15T10:48:14.000Z</time>
   </trkpt>
   <trkpt lat="52.452369" lon="13.570249">
    <ele>45.8</ele>
    <time>2025-06-15T10:48:17.000Z</time>
   </trkpt>
   <trkpt lat="52.452455" lon="13.570147">
    <ele>45.8</ele>
    <time>2025-06-15T10:48:19.000Z</time>
   </trkpt>
   <trkpt lat="52.452579" lon="13.569977">
    <ele>45.8</ele>
    <time>2025-06-15T10:48:22.000Z</time>
   </trkpt>
   <trkpt lat="52.452749" lon="13.569768">
    <ele>46</ele>
    <time>2025-06-15T10:48:26.000Z</time>
   </trkpt>
   <trkpt lat="52.452787" lon="13.569706">
    <ele>46</ele>
    <time>2025-06-15T10:48:27.000Z</time>
   </trkpt>
   <trkpt lat="52.452865" lon="13.569618">
    <ele>45.8</ele>
    <time>2025-06-15T10:48:29.000Z</time>
   </trkpt>
   <trkpt lat="52.452916" lon="13.569563">
    <ele>45.8</ele>
    <time>2025-06-15T10:48:30.000Z</time>
   </trkpt>
   <trkpt lat="52.453015" lon="13.56945">
    <ele>46</ele>
    <time>2025-06-15T10:48:32.000Z</time>
   </trkpt>
   <trkpt lat="52.45318" lon="13.569247">
    <ele>46</ele>
    <time>2025-06-15T10:48:35.000Z</time>
   </trkpt>
   <trkpt lat="52.453461" lon="13.568948">
    <ele>45.8</ele>
    <time>2025-06-15T10:48:39.000Z</time>
   </trkpt>
   <trkpt lat="52.453598" lon="13.568797">
    <ele>45.8</ele>
    <time>2025-06-15T10:48:41.000Z</time>
   </trkpt>
   <trkpt lat="52.454052" lon="13.56832">
    <ele>45.4</ele>
    <time>2025-06-15T10:48:47.000Z</time>
   </trkpt>
   <trkpt lat="52.454344" lon="13.567992">
    <ele>45.4</ele>
    <time>2025-06-15T10:48:51.000Z</time>
   </trkpt>
   <trkpt lat="52.454479" lon="13.567831">
    <ele>45.2</ele>
    <time>2025-06-15T10:48:53.000Z</time>
   </trkpt>
   <trkpt lat="52.45467" lon="13.567622">
    <ele>45</ele>
    <time>2025-06-15T10:48:56.000Z</time>
   </trkpt>
   <trkpt lat="52.454786" lon="13.567483">
    <ele>45</ele>
    <time>2025-06-15T10:48:58.000Z</time>
   </trkpt>
   <trkpt lat="52.455149" lon="13.567101">
    <ele>45</ele>
    <time>2025-06-15T10:49:04.000Z</time>
   </trkpt>
   <trkpt lat="52.455545" lon="13.566709">
    <ele>45.2</ele>
    <time>2025-06-15T10:49:11.000Z</time>
   </trkpt>
   <trkpt lat="52.455716" lon="13.56642">
    <ele>45.2</ele>
    <time>2025-06-15T10:49:15.000Z</time>
   </trkpt>
   <trkpt lat="52.455763" lon="13.566362">
    <ele>45.2</ele>
    <time>2025-06-15T10:49:16.000Z</time>
   </trkpt>
   <trkpt lat="52.455808" lon="13.566309">
    <ele>45.2</ele>
    <time>2025-06-15T10:49:17.000Z</time>
   </trkpt>
   <trkpt lat="52.455906" lon="13.566172">
    <ele>45.2</ele>
    <time>2025-06-15T10:49:20.000Z</time>
   </trkpt>
   <trkpt lat="52.455964" lon="13.566082">
    <ele>45.4</ele>
    <time>2025-06-15T10:49:24.000Z</time>
   </trkpt>
   <trkpt lat="52.455975" lon="13.566054">
    <ele>45.2</ele>
    <time>2025-06-15T10:50:02.000Z</time>
   </trkpt>
   <trkpt lat="52.455984" lon="13.566033">
    <ele>45.2</ele>
    <time>2025-06-15T10:50:03.000Z</time>
   </trkpt>
   <trkpt lat="52.456024" lon="13.565958">
    <ele>45.2</ele>
    <time>2025-06-15T10:50:05.000Z</time>
   </trkpt>
   <trkpt lat="52.456046" lon="13.56592">
    <ele>45.2</ele>
    <time>2025-06-15T10:50:06.000Z</time>
   </trkpt>
   <trkpt lat="52.456191" lon="13.565657">
    <ele>45.2</ele>
    <time>2025-06-15T10:50:11.000Z</time>
   </trkpt>
   <trkpt lat="52.456375" lon="13.565195">
    <ele>45.2</ele>
    <time>2025-06-15T10:50:17.000Z</time>
   </trkpt>
   <trkpt lat="52.456486" lon="13.564836">
    <ele>45.2</ele>
    <time>2025-06-15T10:50:21.000Z</time>
   </trkpt>
   <trkpt lat="52.456532" lon="13.564648">
    <ele>45.2</ele>
    <time>2025-06-15T10:50:23.000Z</time>
   </trkpt>
   <trkpt lat="52.456613" lon="13.564276">
    <ele>45.2</ele>
    <time>2025-06-15T10:50:27.000Z</time>
   </trkpt>
   <trkpt lat="52.456684" lon="13.563904">
    <ele>45.2</ele>
    <time>2025-06-15T10:50:31.000Z</time>
   </trkpt>
   <trkpt lat="52.456735" lon="13.563618">
    <ele>45.2</ele>
    <time>2025-06-15T10:50:34.000Z</time>
   </trkpt>
   <trkpt lat="52.456739" lon="13.563508">
    <ele>45.2</ele>
    <time>2025-06-15T10:50:35.000Z</time>
   </trkpt>
   <trkpt lat="52.456732" lon="13.563148">
    <ele>45.4</ele>
    <time>2025-06-15T10:50:39.000Z</time>
   </trkpt>
   <trkpt lat="52.456728" lon="13.563054">
    <ele>45.4</ele>
    <time>2025-06-15T10:50:40.000Z</time>
   </trkpt>
   <trkpt lat="52.456717" lon="13.562958">
    <ele>45.4</ele>
    <time>2025-06-15T10:50:41.000Z</time>
   </trkpt>
   <trkpt lat="52.456657" lon="13.562562">
    <ele>45.4</ele>
    <time>2025-06-15T10:50:45.000Z</time>
   </trkpt>
   <trkpt lat="52.456624" lon="13.562456">
    <ele>45.4</ele>
    <time>2025-06-15T10:50:46.000Z</time>
   </trkpt>
   <trkpt lat="52.456504" lon="13.561883">
    <ele>45.2</ele>
    <time>2025-06-15T10:50:51.000Z</time>
   </trkpt>
   <trkpt lat="52.456437" lon="13.561504">
    <ele>45</ele>
    <time>2025-06-15T10:50:54.000Z</time>
   </trkpt>
   <trkpt lat="52.456401" lon="13.561122">
    <ele>45</ele>
    <time>2025-06-15T10:50:57.000Z</time>
   </trkpt>
   <trkpt lat="52.456304" lon="13.560497">
    <ele>45</ele>
    <time>2025-06-15T10:51:02.000Z</time>
   </trkpt>
   <trkpt lat="52.456239" lon="13.560028">
    <ele>45</ele>
    <time>2025-06-15T10:51:06.000Z</time>
   </trkpt>
   <trkpt lat="52.456112" lon="13.559141">
    <ele>45.2</ele>
    <time>2025-06-15T10:51:14.000Z</time>
   </trkpt>
   <trkpt lat="52.456036" lon="13.558579">
    <ele>45.2</ele>
    <time>2025-06-15T10:51:20.000Z</time>
   </trkpt>
   <trkpt lat="52.456009" lon="13.558373">
    <ele>45.2</ele>
    <time>2025-06-15T10:51:23.000Z</time>
   </trkpt>
   <trkpt lat="52.455976" lon="13.558205">
    <ele>45.2</ele>
    <time>2025-06-15T10:51:25.000Z</time>
   </trkpt>
   <trkpt lat="52.455925" lon="13.558">
    <ele>45.2</ele>
    <time>2025-06-15T10:51:27.000Z</time>
   </trkpt>
   <trkpt lat="52.455905" lon="13.557881">
    <ele>45.2</ele>
    <time>2025-06-15T10:51:28.000Z</time>
   </trkpt>
   <trkpt lat="52.455888" lon="13.557763">
    <ele>45.2</ele>
    <time>2025-06-15T10:51:29.000Z</time>
   </trkpt>
   <trkpt lat="52.45584" lon="13.557219">
    <ele>45.4</ele>
    <time>2025-06-15T10:51:34.000Z</time>
   </trkpt>
   <trkpt lat="52.455808" lon="13.556826">
    <ele>45.6</ele>
    <time>2025-06-15T10:51:37.000Z</time>
   </trkpt>
   <trkpt lat="52.455795" lon="13.556168">
    <ele>45.4</ele>
    <time>2025-06-15T10:51:42.000Z</time>
   </trkpt>
   <trkpt lat="52.455796" lon="13.556044">
    <ele>45.4</ele>
    <time>2025-06-15T10:51:43.000Z</time>
   </trkpt>
   <trkpt lat="52.455804" lon="13.555783">
    <ele>45.6</ele>
    <time>2025-06-15T10:51:45.000Z</time>
   </trkpt>
   <trkpt lat="52.455855" lon="13.554997">
    <ele>45.2</ele>
    <time>2025-06-15T10:51:51.000Z</time>
   </trkpt>
   <trkpt lat="52.455951" lon="13.554021">
    <ele>45.2</ele>
    <time>2025-06-15T10:51:59.000Z</time>
   </trkpt>
   <trkpt lat="52.456048" lon="13.553237">
    <ele>45.4</ele>
    <time>2025-06-15T10:52:06.000Z</time>
   </trkpt>
   <trkpt lat="52.45618" lon="13.552276">
    <ele>45.4</ele>
    <time>2025-06-15T10:52:15.000Z</time>
   </trkpt>
   <trkpt lat="52.45634" lon="13.551429">
    <ele>45.2</ele>
    <time>2025-06-15T10:52:23.000Z</time>
   </trkpt>
   <trkpt lat="52.456366" lon="13.551323">
    <ele>45.2</ele>
    <time>2025-06-15T10:52:24.000Z</time>
   </trkpt>
   <trkpt lat="52.456595" lon="13.550522">
    <ele>45.2</ele>
    <time>2025-06-15T10:52:32.000Z</time>
   </trkpt>
   <trkpt lat="52.456782" lon="13.549986">
    <ele>45.4</ele>
    <time>2025-06-15T10:52:38.000Z</time>
   </trkpt>
   <trkpt lat="52.45681" lon="13.549897">
    <ele>45.4</ele>
    <time>2025-06-15T10:52:39.000Z</time>
   </trkpt>
   <trkpt lat="52.457011" lon="13.549258">
    <ele>45.4</ele>
    <time>2025-06-15T10:52:46.000Z</time>
   </trkpt>
   <trkpt lat="52.457062" lon="13.549071">
    <ele>45.4</ele>
    <time>2025-06-15T10:52:48.000Z</time>
   </trkpt>
   <trkpt lat="52.457163" lon="13.548601">
    <ele>45.2</ele>
    <time>2025-06-15T10:52:53.000Z</time>
   </trkpt>
   <trkpt lat="52.457248" lon="13.547911">
    <ele>45.2</ele>
    <time>2025-06-15T10:53:00.000Z</time>
   </trkpt>
   <trkpt lat="52.45727" lon="13.547154">
    <ele>45</ele>
    <time>2025-06-15T10:53:07.000Z</time>
   </trkpt>
   <trkpt lat="52.45727" lon="13.547036">
    <ele>45</ele>
    <time>2025-06-15T10:53:08.000Z</time>
   </trkpt>
   <trkpt lat="52.457286" lon="13.546168">
    <ele>44.6</ele>
    <time>2025-06-15T10:53:15.000Z</time>
   </trkpt>
   <trkpt lat="52.457362" lon="13.545486">
    <ele>44.4</ele>
    <time>2025-06-15T10:53:20.000Z</time>
   </trkpt>
   <trkpt lat="52.457532" lon="13.544663">
    <ele>44.4</ele>
    <time>2025-06-15T10:53:26.000Z</time>
   </trkpt>
   <trkpt lat="52.457615" lon="13.544265">
    <ele>44.4</ele>
    <time>2025-06-15T10:53:29.000Z</time>
   </trkpt>
   <trkpt lat="52.457655" lon="13.544023">
    <ele>44.6</ele>
    <time>2025-06-15T10:53:31.000Z</time>
   </trkpt>
   <trkpt lat="52.457703" lon="13.543757">
    <ele>44.6</ele>
    <time>2025-06-15T10:53:34.000Z</time>
   </trkpt>
   <trkpt lat="52.45772" lon="13.54369">
    <ele>44.8</ele>
    <time>2025-06-15T10:53:35.000Z</time>
   </trkpt>
   <trkpt lat="52.457747" lon="13.543574">
    <ele>44.8</ele>
    <time>2025-06-15T10:53:38.000Z</time>
   </trkpt>
   <trkpt lat="52.457768" lon="13.543537">
    <ele>44.8</ele>
    <time>2025-06-15T10:53:53.000Z</time>
   </trkpt>
   <trkpt lat="52.457818" lon="13.543415">
    <ele>44.8</ele>
    <time>2025-06-15T10:53:56.000Z</time>
   </trkpt>
   <trkpt lat="52.457835" lon="13.54336">
    <ele>44.8</ele>
    <time>2025-06-15T10:53:57.000Z</time>
   </trkpt>
   <trkpt lat="52.457886" lon="13.54317">
    <ele>44.6</ele>
    <time>2025-06-15T10:54:00.000Z</time>
   </trkpt>
   <trkpt lat="52.457928" lon="13.542947">
    <ele>44.6</ele>
    <time>2025-06-15T10:54:03.000Z</time>
   </trkpt>
   <trkpt lat="52.457952" lon="13.542796">
    <ele>44.6</ele>
    <time>2025-06-15T10:54:05.000Z</time>
   </trkpt>
   <trkpt lat="52.45799" lon="13.542666">
    <ele>44.8</ele>
    <time>2025-06-15T10:54:07.000Z</time>
   </trkpt>
   <trkpt lat="52.458013" lon="13.542601">
    <ele>44.8</ele>
    <time>2025-06-15T10:54:08.000Z</time>
   </trkpt>
   <trkpt lat="52.458036" lon="13.542529">
    <ele>44.8</ele>
    <time>2025-06-15T10:54:09.000Z</time>
   </trkpt>
   <trkpt lat="52.458114" lon="13.542224">
    <ele>44.8</ele>
    <time>2025-06-15T10:54:13.000Z</time>
   </trkpt>
   <trkpt lat="52.458202" lon="13.541916">
    <ele>44.6</ele>
    <time>2025-06-15T10:54:17.000Z</time>
   </trkpt>
   <trkpt lat="52.458225" lon="13.541837">
    <ele>44.6</ele>
    <time>2025-06-15T10:54:18.000Z</time>
   </trkpt>
   <trkpt lat="52.458457" lon="13.541174">
    <ele>44.8</ele>
    <time>2025-06-15T10:54:26.000Z</time>
   </trkpt>
   <trkpt lat="52.458534" lon="13.540926">
    <ele>45</ele>
    <time>2025-06-15T10:54:29.000Z</time>
   </trkpt>
   <trkpt lat="52.458639" lon="13.540632">
    <ele>45</ele>
    <time>2025-06-15T10:54:33.000Z</time>
   </trkpt>
   <trkpt lat="52.458835" lon="13.540094">
    <ele>45</ele>
    <time>2025-06-15T10:54:40.000Z</time>
   </trkpt>
   <trkpt lat="52.459036" lon="13.539561">
    <ele>44.8</ele>
    <time>2025-06-15T10:54:47.000Z</time>
   </trkpt>
   <trkpt lat="52.45907" lon="13.539489">
    <ele>44.8</ele>
    <time>2025-06-15T10:54:48.000Z</time>
   </trkpt>
   <trkpt lat="52.459193" lon="13.539244">
    <ele>44.8</ele>
    <time>2025-06-15T10:54:52.000Z</time>
   </trkpt>
   <trkpt lat="52.459281" lon="13.53904">
    <ele>44.8</ele>
    <time>2025-06-15T10:54:55.000Z</time>
   </trkpt>
   <trkpt lat="52.45931" lon="13.538975">
    <ele>45</ele>
    <time>2025-06-15T10:54:56.000Z</time>
   </trkpt>
   <trkpt lat="52.459333" lon="13.538901">
    <ele>45</ele>
    <time>2025-06-15T10:54:57.000Z</time>
   </trkpt>
   <trkpt lat="52.459442" lon="13.538593">
    <ele>45</ele>
    <time>2025-06-15T10:55:01.000Z</time>
   </trkpt>
   <trkpt lat="52.459503" lon="13.538426">
    <ele>45.2</ele>
    <time>2025-06-15T10:55:03.000Z</time>
   </trkpt>
   <trkpt lat="52.459564" lon="13.538278">
    <ele>45.2</ele>
    <time>2025-06-15T10:55:05.000Z</time>
   </trkpt>
   <trkpt lat="52.459632" lon="13.538108">
    <ele>45.2</ele>
    <time>2025-06-15T10:55:07.000Z</time>
   </trkpt>
   <trkpt lat="52.45975" lon="13.537781">
    <ele>45.2</ele>
    <time>2025-06-15T10:55:11.000Z</time>
   </trkpt>
   <trkpt lat="52.459759" lon="13.537694">
    <ele>45.2</ele>
    <time>2025-06-15T10:55:12.000Z</time>
   </trkpt>
   <trkpt lat="52.459794" lon="13.537524">
    <ele>45</ele>
    <time>2025-06-15T10:55:14.000Z</time>
   </trkpt>
   <trkpt lat="52.459886" lon="13.537251">
    <ele>45</ele>
    <time>2025-06-15T10:55:17.000Z</time>
   </trkpt>
   <trkpt lat="52.460095" lon="13.536714">
    <ele>44.8</ele>
    <time>2025-06-15T10:55:23.000Z</time>
   </trkpt>
   <trkpt lat="52.460338" lon="13.536126">
    <ele>44.8</ele>
    <time>2025-06-15T10:55:30.000Z</time>
   </trkpt>
   <trkpt lat="52.460372" lon="13.536045">
    <ele>44.8</ele>
    <time>2025-06-15T10:55:31.000Z</time>
   </trkpt>
   <trkpt lat="52.460558" lon="13.535612">
    <ele>44.8</ele>
    <time>2025-06-15T10:55:36.000Z</time>
   </trkpt>
   <trkpt lat="52.460896" lon="13.534817">
    <ele>44.8</ele>
    <time>2025-06-15T10:55:45.000Z</time>
   </trkpt>
   <trkpt lat="52.461211" lon="13.534061">
    <ele>44.6</ele>
    <time>2025-06-15T10:55:54.000Z</time>
   </trkpt>
   <trkpt lat="52.461241" lon="13.533986">
    <ele>44.4</ele>
    <time>2025-06-15T10:55:55.000Z</time>
   </trkpt>
   <trkpt lat="52.461394" lon="13.533603">
    <ele>44.4</ele>
    <time>2025-06-15T10:56:00.000Z</time>
   </trkpt>
   <trkpt lat="52.461458" lon="13.533453">
    <ele>44.4</ele>
    <time>2025-06-15T10:56:02.000Z</time>
   </trkpt>
   <trkpt lat="52.461644" lon="13.533018">
    <ele>44.4</ele>
    <time>2025-06-15T10:56:08.000Z</time>
   </trkpt>
   <trkpt lat="52.461676" lon="13.532975">
    <ele>44.6</ele>
    <time>2025-06-15T10:56:09.000Z</time>
   </trkpt>
   <trkpt lat="52.46171" lon="13.53296">
    <ele>44.6</ele>
    <time>2025-06-15T10:56:10.000Z</time>
   </trkpt>
   <trkpt lat="52.461771" lon="13.532991">
    <ele>44.6</ele>
    <time>2025-06-15T10:56:12.000Z</time>
   </trkpt>
   <trkpt lat="52.461883" lon="13.533081">
    <ele>44.8</ele>
    <time>2025-06-15T10:56:15.000Z</time>
   </trkpt>
   <trkpt lat="52.461952" lon="13.533123">
    <ele>44.8</ele>
    <time>2025-06-15T10:56:17.000Z</time>
   </trkpt>
   <trkpt lat="52.462028" lon="13.533166">
    <ele>44.8</ele>
    <time>2025-06-15T10:56:19.000Z</time>
   </trkpt>
   <trkpt lat="52.462138" lon="13.533255">
    <ele>44.8</ele>
    <time>2025-06-15T10:56:22.000Z</time>
   </trkpt>
   <trkpt lat="52.462177" lon="13.533289">
    <ele>44.8</ele>
    <time>2025-06-15T10:56:23.000Z</time>
   </trkpt>
   <trkpt lat="52.462268" lon="13.533373">
    <ele>45</ele>
    <time>2025-06-15T10:56:25.000Z</time>
   </trkpt>
   <trkpt lat="52.462391" lon="13.533464">
    <ele>44.8</ele>
    <time>2025-06-15T10:56:28.000Z</time>
   </trkpt>
   <trkpt lat="52.462432" lon="13.533496">
    <ele>45</ele>
    <time>2025-06-15T10:56:29.000Z</time>
   </trkpt>
   <trkpt lat="52.462763" lon="13.533749">
    <ele>44.6</ele>
    <time>2025-06-15T10:56:37.000Z</time>
   </trkpt>
   <trkpt lat="52.462873" lon="13.533845">
    <ele>44.4</ele>
    <time>2025-06-15T10:56:40.000Z</time>
   </trkpt>
   <trkpt lat="52.463046" lon="13.534011">
    <ele>44.4</ele>
    <time>2025-06-15T10:56:45.000Z</time>
   </trkpt>
   <trkpt lat="52.463233" lon="13.534154">
    <ele>44.4</ele>
    <time>2025-06-15T10:56:50.000Z</time>
   </trkpt>
   <trkpt lat="52.463326" lon="13.534208">
    <ele>44.6</ele>
    <time>2025-06-15T10:56:53.000Z</time>
   </trkpt>
   <trkpt lat="52.463526" lon="13.534353">
    <ele>44.6</ele>
    <time>2025-06-15T10:56:59.000Z</time>
   </trkpt>
   <trkpt lat="52.46368" lon="13.53447">
    <ele>44.8</ele>
    <time>2025-06-15T10:57:03.000Z</time>
   </trkpt>
   <trkpt lat="52.463801" lon="13.534562">
    <ele>44.8</ele>
    <time>2025-06-15T10:57:06.000Z</time>
   </trkpt>
   <trkpt lat="52.463877" lon="13.53462">
    <ele>44.8</ele>
    <time>2025-06-15T10:57:08.000Z</time>
   </trkpt>
   <trkpt lat="52.464034" lon="13.534785">
    <ele>45.2</ele>
    <time>2025-06-15T10:57:13.000Z</time>
   </trkpt>
   <trkpt lat="52.464186" lon="13.534896">
    <ele>45.2</ele>
    <time>2025-06-15T10:57:18.000Z</time>
   </trkpt>
   <trkpt lat="52.464248" lon="13.534799">
    <ele>44.6</ele>
    <time>2025-06-15T10:57:22.000Z</time>
   </trkpt>
   <trkpt lat="52.464258" lon="13.534778">
    <ele>44.6</ele>
    <time>2025-06-15T10:57:23.000Z</time>
   </trkpt>
   <trkpt lat="52.464314" lon="13.534698">
    <ele>44.4</ele>
    <time>2025-06-15T10:57:27.000Z</time>
   </trkpt>
   <trkpt lat="52.464319" lon="13.534694">
    <ele>44.4</ele>
    <time>2025-06-15T10:57:33.000Z</time>
   </trkpt>
   <trkpt lat="52.464323" lon="13.53469">
    <ele>44.4</ele>
    <time>2025-06-15T10:57:34.000Z</time>
   </trkpt>
   <trkpt lat="52.464337" lon="13.534643">
    <ele>44.4</ele>
    <time>2025-06-15T10:59:11.000Z</time>
   </trkpt>
   <trkpt lat="52.464341" lon="13.534632">
    <ele>44.4</ele>
    <time>2025-06-15T10:59:12.000Z</time>
   </trkpt>
   <trkpt lat="52.464343" lon="13.534628">
    <ele>44.4</ele>
    <time>2025-06-15T10:59:13.000Z</time>
   </trkpt>
   <trkpt lat="52.464343" lon="13.534628">
    <ele>44.4</ele>
    <time>2025-06-15T11:00:13.000Z</time>
   </trkpt>
   <trkpt lat="52.464342" lon="13.534625">
    <ele>44.4</ele>
    <time>2025-06-15T11:00:14.000Z</time>
   </trkpt>
   <trkpt lat="52.464347" lon="13.534605">
    <ele>45.2</ele>
    <time>2025-06-15T11:01:08.000Z</time>
   </trkpt>
   <trkpt lat="52.464359" lon="13.534587">
    <ele>45.2</ele>
    <time>2025-06-15T11:01:09.000Z</time>
   </trkpt>
   <trkpt lat="52.464373" lon="13.534564">
    <ele>45.2</ele>
    <time>2025-06-15T11:01:10.000Z</time>
   </trkpt>
   <trkpt lat="52.464441" lon="13.53436">
    <ele>45.2</ele>
    <time>2025-06-15T11:01:15.000Z</time>
   </trkpt>
   <trkpt lat="52.464537" lon="13.534084">
    <ele>45.2</ele>
    <time>2025-06-15T11:01:20.000Z</time>
   </trkpt>
   <trkpt lat="52.464586" lon="13.533905">
    <ele>45.2</ele>
    <time>2025-06-15T11:01:23.000Z</time>
   </trkpt>
   <trkpt lat="52.464615" lon="13.533796">
    <ele>45.2</ele>
    <time>2025-06-15T11:01:25.000Z</time>
   </trkpt>
   <trkpt lat="52.464717" lon="13.533384">
    <ele>45.2</ele>
    <time>2025-06-15T11:01:31.000Z</time>
   </trkpt>
   <trkpt lat="52.464738" lon="13.533314">
    <ele>45.2</ele>
    <time>2025-06-15T11:01:32.000Z</time>
   </trkpt>
   <trkpt lat="52.464775" lon="13.533162">
    <ele>45.2</ele>
    <time>2025-06-15T11:01:34.000Z</time>
   </trkpt>
   <trkpt lat="52.464835" lon="13.532868">
    <ele>45.2</ele>
    <time>2025-06-15T11:01:38.000Z</time>
   </trkpt>
   <trkpt lat="52.464953" lon="13.532474">
    <ele>45.4</ele>
    <time>2025-06-15T11:01:44.000Z</time>
   </trkpt>
   <trkpt lat="52.465035" lon="13.532244">
    <ele>45.4</ele>
    <time>2025-06-15T11:01:49.000Z</time>
   </trkpt>
   <trkpt lat="52.465074" lon="13.532119">
    <ele>45.4</ele>
    <time>2025-06-15T11:01:52.000Z</time>
   </trkpt>
   <trkpt lat="52.465081" lon="13.532068">
    <ele>45.4</ele>
    <time>2025-06-15T11:01:53.000Z</time>
   </trkpt>
   <trkpt lat="52.465107" lon="13.531916">
    <ele>45.4</ele>
    <time>2025-06-15T11:01:56.000Z</time>
   </trkpt>
   <trkpt lat="52.465118" lon="13.53187">
    <ele>45.4</ele>
    <time>2025-06-15T11:01:57.000Z</time>
   </trkpt>
   <trkpt lat="52.465136" lon="13.531821">
    <ele>45.4</ele>
    <time>2025-06-15T11:01:58.000Z</time>
   </trkpt>
   <trkpt lat="52.465151" lon="13.531762">
    <ele>45.2</ele>
    <time>2025-06-15T11:01:59.000Z</time>
   </trkpt>
   <trkpt lat="52.465185" lon="13.531632">
    <ele>45.2</ele>
    <time>2025-06-15T11:02:01.000Z</time>
   </trkpt>
   <trkpt lat="52.46524" lon="13.531438">
    <ele>45.2</ele>
    <time>2025-06-15T11:02:04.000Z</time>
   </trkpt>
   <trkpt lat="52.465344" lon="13.531104">
    <ele>45.4</ele>
    <time>2025-06-15T11:02:09.000Z</time>
   </trkpt>
   <trkpt lat="52.465383" lon="13.530932">
    <ele>45.6</ele>
    <time>2025-06-15T11:02:11.000Z</time>
   </trkpt>
   <trkpt lat="52.465507" lon="13.530536">
    <ele>45.4</ele>
    <time>2025-06-15T11:02:16.000Z</time>
   </trkpt>
   <trkpt lat="52.465524" lon="13.530471">
    <ele>45.6</ele>
    <time>2025-06-15T11:02:17.000Z</time>
   </trkpt>
   <trkpt lat="52.465634" lon="13.530163">
    <ele>45.6</ele>
    <time>2025-06-15T11:02:22.000Z</time>
   </trkpt>
   <trkpt lat="52.46568" lon="13.529887">
    <ele>45.8</ele>
    <time>2025-06-15T11:02:27.000Z</time>
   </trkpt>
   <trkpt lat="52.465707" lon="13.529853">
    <ele>45.8</ele>
    <time>2025-06-15T11:02:28.000Z</time>
   </trkpt>
   <trkpt lat="52.465767" lon="13.529837">
    <ele>46</ele>
    <time>2025-06-15T11:02:30.000Z</time>
   </trkpt>
   <trkpt lat="52.4658" lon="13.529847">
    <ele>46</ele>
    <time>2025-06-15T11:02:31.000Z</time>
   </trkpt>
   <trkpt lat="52.466024" lon="13.529902">
    <ele>46.2</ele>
    <time>2025-06-15T11:02:38.000Z</time>
   </trkpt>
   <trkpt lat="52.466229" lon="13.529949">
    <ele>46</ele>
    <time>2025-06-15T11:02:44.000Z</time>
   </trkpt>
   <trkpt lat="52.466309" lon="13.529968">
    <ele>46</ele>
    <time>2025-06-15T11:02:46.000Z</time>
   </trkpt>
   <trkpt lat="52.466477" lon="13.529996">
    <ele>45.4</ele>
    <time>2025-06-15T11:02:50.000Z</time>
   </trkpt>
   <trkpt lat="52.466686" lon="13.529991">
    <ele>44.8</ele>
    <time>2025-06-15T11:02:55.000Z</time>
   </trkpt>
   <trkpt lat="52.466745" lon="13.529966">
    <ele>45.4</ele>
    <time>2025-06-15T11:02:57.000Z</time>
   </trkpt>
   <trkpt lat="52.466912" lon="13.529798">
    <ele>45.8</ele>
    <time>2025-06-15T11:03:02.000Z</time>
   </trkpt>
   <trkpt lat="52.467093" lon="13.529593">
    <ele>45.8</ele>
    <time>2025-06-15T11:03:07.000Z</time>
   </trkpt>
   <trkpt lat="52.46713" lon="13.529544">
    <ele>45.8</ele>
    <time>2025-06-15T11:03:08.000Z</time>
   </trkpt>
   <trkpt lat="52.467293" lon="13.529354">
    <ele>45.6</ele>
    <time>2025-06-15T11:03:12.000Z</time>
   </trkpt>
   <trkpt lat="52.46742" lon="13.529194">
    <ele>45.6</ele>
    <time>2025-06-15T11:03:15.000Z</time>
   </trkpt>
   <trkpt lat="52.467888" lon="13.528642">
    <ele>45.4</ele>
    <time>2025-06-15T11:03:26.000Z</time>
   </trkpt>
   <trkpt lat="52.467931" lon="13.528587">
    <ele>45.4</ele>
    <time>2025-06-15T11:03:27.000Z</time>
   </trkpt>
   <trkpt lat="52.468101" lon="13.528375">
    <ele>45.4</ele>
    <time>2025-06-15T11:03:31.000Z</time>
   </trkpt>
   <trkpt lat="52.468234" lon="13.528235">
    <ele>45.4</ele>
    <time>2025-06-15T11:03:34.000Z</time>
   </trkpt>
   <trkpt lat="52.468598" lon="13.527809">
    <ele>45.4</ele>
    <time>2025-06-15T11:03:42.000Z</time>
   </trkpt>
   <trkpt lat="52.468953" lon="13.527371">
    <ele>45.4</ele>
    <time>2025-06-15T11:03:50.000Z</time>
   </trkpt>
   <trkpt lat="52.469364" lon="13.526876">
    <ele>45.6</ele>
    <time>2025-06-15T11:03:59.000Z</time>
   </trkpt>
   <trkpt lat="52.469731" lon="13.526444">
    <ele>45.4</ele>
    <time>2025-06-15T11:04:07.000Z</time>
   </trkpt>
   <trkpt lat="52.470103" lon="13.525989">
    <ele>45.4</ele>
    <time>2025-06-15T11:04:16.000Z</time>
   </trkpt>
   <trkpt lat="52.470476" lon="13.525521">
    <ele>45.6</ele>
    <time>2025-06-15T11:04:25.000Z</time>
   </trkpt>
   <trkpt lat="52.470514" lon="13.525472">
    <ele>45.6</ele>
    <time>2025-06-15T11:04:26.000Z</time>
   </trkpt>
   <trkpt lat="52.470721" lon="13.52523">
    <ele>45.8</ele>
    <time>2025-06-15T11:04:31.000Z</time>
   </trkpt>
   <trkpt lat="52.47102" lon="13.524877">
    <ele>45.8</ele>
    <time>2025-06-15T11:04:38.000Z</time>
   </trkpt>
   <trkpt lat="52.471109" lon="13.524777">
    <ele>45.8</ele>
    <time>2025-06-15T11:04:40.000Z</time>
   </trkpt>
   <trkpt lat="52.471511" lon="13.524284">
    <ele>45.8</ele>
    <time>2025-06-15T11:04:49.000Z</time>
   </trkpt>
   <trkpt lat="52.47165" lon="13.524132">
    <ele>45.8</ele>
    <time>2025-06-15T11:04:52.000Z</time>
   </trkpt>
   <trkpt lat="52.472051" lon="13.523645">
    <ele>45.8</ele>
    <time>2025-06-15T11:05:01.000Z</time>
   </trkpt>
   <trkpt lat="52.472411" lon="13.523216">
    <ele>45.8</ele>
    <time>2025-06-15T11:05:09.000Z</time>
   </trkpt>
   <trkpt lat="52.472726" lon="13.522854">
    <ele>45.8</ele>
    <time>2025-06-15T11:05:16.000Z</time>
   </trkpt>
   <trkpt lat="52.473044" lon="13.522466">
    <ele>45.8</ele>
    <time>2025-06-15T11:05:23.000Z</time>
   </trkpt>
   <trkpt lat="52.473309" lon="13.52214">
    <ele>45.8</ele>
    <time>2025-06-15T11:05:29.000Z</time>
   </trkpt>
   <trkpt lat="52.473659" lon="13.521726">
    <ele>46</ele>
    <time>2025-06-15T11:05:37.000Z</time>
   </trkpt>
   <trkpt lat="52.473992" lon="13.521329">
    <ele>45.8</ele>
    <time>2025-06-15T11:05:45.000Z</time>
   </trkpt>
   <trkpt lat="52.474175" lon="13.521128">
    <ele>45.8</ele>
    <time>2025-06-15T11:05:50.000Z</time>
   </trkpt>
   <trkpt lat="52.474332" lon="13.520945">
    <ele>46</ele>
    <time>2025-06-15T11:05:56.000Z</time>
   </trkpt>
   <trkpt lat="52.474339" lon="13.520922">
    <ele>46</ele>
    <time>2025-06-15T11:05:57.000Z</time>
   </trkpt>
   <trkpt lat="52.474323" lon="13.520855">
    <ele>46</ele>
    <time>2025-06-15T11:06:00.000Z</time>
   </trkpt>
   <trkpt lat="52.474283" lon="13.52079">
    <ele>46.2</ele>
    <time>2025-06-15T11:06:03.000Z</time>
   </trkpt>
   <trkpt lat="52.474295" lon="13.520739">
    <ele>46.2</ele>
    <time>2025-06-15T11:06:05.000Z</time>
   </trkpt>
   <trkpt lat="52.474331" lon="13.520614">
    <ele>46.2</ele>
    <time>2025-06-15T11:06:10.000Z</time>
   </trkpt>
   <trkpt lat="52.474337" lon="13.52059">
    <ele>46.2</ele>
    <time>2025-06-15T11:06:11.000Z</time>
   </trkpt>
   <trkpt lat="52.474342" lon="13.520553">
    <ele>46.2</ele>
    <time>2025-06-15T11:06:13.000Z</time>
   </trkpt>
   <trkpt lat="52.47437" lon="13.520477">
    <ele>46</ele>
    <time>2025-06-15T11:06:42.000Z</time>
   </trkpt>
   <trkpt lat="52.474383" lon="13.520438">
    <ele>46</ele>
    <time>2025-06-15T11:06:43.000Z</time>
   </trkpt>
   <trkpt lat="52.474388" lon="13.520404">
    <ele>46</ele>
    <time>2025-06-15T11:06:44.000Z</time>
   </trkpt>
   <trkpt lat="52.47439" lon="13.520127">
    <ele>45.8</ele>
    <time>2025-06-15T11:06:50.000Z</time>
   </trkpt>
   <trkpt lat="52.474391" lon="13.519954">
    <ele>45.8</ele>
    <time>2025-06-15T11:06:53.000Z</time>
   </trkpt>
   <trkpt lat="52.474403" lon="13.51984">
    <ele>45.8</ele>
    <time>2025-06-15T11:06:55.000Z</time>
   </trkpt>
   <trkpt lat="52.47448" lon="13.519538">
    <ele>45.8</ele>
    <time>2025-06-15T11:07:01.000Z</time>
   </trkpt>
   <trkpt lat="52.474535" lon="13.519428">
    <ele>45.8</ele>
    <time>2025-06-15T11:07:03.000Z</time>
   </trkpt>
   <trkpt lat="52.474645" lon="13.519213">
    <ele>46</ele>
    <time>2025-06-15T11:07:07.000Z</time>
   </trkpt>
   <trkpt lat="52.474791" lon="13.5189">
    <ele>46.2</ele>
    <time>2025-06-15T11:07:13.000Z</time>
   </trkpt>
   <trkpt lat="52.474829" lon="13.518751">
    <ele>46.2</ele>
    <time>2025-06-15T11:07:17.000Z</time>
   </trkpt>
   <trkpt lat="52.474856" lon="13.518642">
    <ele>46.2</ele>
    <time>2025-06-15T11:07:19.000Z</time>
   </trkpt>
   <trkpt lat="52.474884" lon="13.518581">
    <ele>46.2</ele>
    <time>2025-06-15T11:07:20.000Z</time>
   </trkpt>
   <trkpt lat="52.474937" lon="13.518439">
    <ele>46.4</ele>
    <time>2025-06-15T11:07:22.000Z</time>
   </trkpt>
   <trkpt lat="52.474987" lon="13.518306">
    <ele>46.4</ele>
    <time>2025-06-15T11:07:24.000Z</time>
   </trkpt>
   <trkpt lat="52.475034" lon="13.518134">
    <ele>46.4</ele>
    <time>2025-06-15T11:07:27.000Z</time>
   </trkpt>
   <trkpt lat="52.475055" lon="13.518071">
    <ele>46.4</ele>
    <time>2025-06-15T11:07:28.000Z</time>
   </trkpt>
   <trkpt lat="52.475072" lon="13.518013">
    <ele>46.4</ele>
    <time>2025-06-15T11:07:29.000Z</time>
   </trkpt>
   <trkpt lat="52.47514" lon="13.51787">
    <ele>46.4</ele>
    <time>2025-06-15T11:07:31.000Z</time>
   </trkpt>
   <trkpt lat="52.475168" lon="13.51772">
    <ele>46.4</ele>
    <time>2025-06-15T11:07:33.000Z</time>
   </trkpt>
   <trkpt lat="52.47524" lon="13.517526">
    <ele>46.4</ele>
    <time>2025-06-15T11:07:36.000Z</time>
   </trkpt>
   <trkpt lat="52.47527" lon="13.517439">
    <ele>46.4</ele>
    <time>2025-06-15T11:07:39.000Z</time>
   </trkpt>
   <trkpt lat="52.475322" lon="13.517302">
    <ele>46.4</ele>
    <time>2025-06-15T11:07:41.000Z</time>
   </trkpt>
   <trkpt lat="52.475343" lon="13.51723">
    <ele>46.4</ele>
    <time>2025-06-15T11:07:42.000Z</time>
   </trkpt>
   <trkpt lat="52.475467" lon="13.516846">
    <ele>46.4</ele>
    <time>2025-06-15T11:07:47.000Z</time>
   </trkpt>
   <trkpt lat="52.475528" lon="13.516669">
    <ele>46.2</ele>
    <time>2025-06-15T11:07:50.000Z</time>
   </trkpt>
   <trkpt lat="52.475591" lon="13.516495">
    <ele>46.2</ele>
    <time>2025-06-15T11:07:52.000Z</time>
   </trkpt>
   <trkpt lat="52.475671" lon="13.516282">
    <ele>46.2</ele>
    <time>2025-06-15T11:07:55.000Z</time>
   </trkpt>
   <trkpt lat="52.475716" lon="13.516144">
    <ele>46.2</ele>
    <time>2025-06-15T11:07:57.000Z</time>
   </trkpt>
   <trkpt lat="52.475766" lon="13.515986">
    <ele>46.2</ele>
    <time>2025-06-15T11:07:59.000Z</time>
   </trkpt>
   <trkpt lat="52.475867" lon="13.515739">
    <ele>46.4</ele>
    <time>2025-06-15T11:08:03.000Z</time>
   </trkpt>
   <trkpt lat="52.475887" lon="13.515662">
    <ele>46.4</ele>
    <time>2025-06-15T11:08:04.000Z</time>
   </trkpt>
   <trkpt lat="52.475976" lon="13.515371">
    <ele>46.4</ele>
    <time>2025-06-15T11:08:08.000Z</time>
   </trkpt>
   <trkpt lat="52.476059" lon="13.515135">
    <ele>46.4</ele>
    <time>2025-06-15T11:08:11.000Z</time>
   </trkpt>
   <trkpt lat="52.476108" lon="13.515008">
    <ele>46.4</ele>
    <time>2025-06-15T11:08:13.000Z</time>
   </trkpt>
   <trkpt lat="52.476188" lon="13.514786">
    <ele>46.4</ele>
    <time>2025-06-15T11:08:16.000Z</time>
   </trkpt>
   <trkpt lat="52.476248" lon="13.51461">
    <ele>46.4</ele>
    <time>2025-06-15T11:08:18.000Z</time>
   </trkpt>
   <trkpt lat="52.476296" lon="13.514479">
    <ele>46.4</ele>
    <time>2025-06-15T11:08:20.000Z</time>
   </trkpt>
   <trkpt lat="52.476337" lon="13.514352">
    <ele>46.4</ele>
    <time>2025-06-15T11:08:22.000Z</time>
   </trkpt>
   <trkpt lat="52.476359" lon="13.514284">
    <ele>46.4</ele>
    <time>2025-06-15T11:08:23.000Z</time>
   </trkpt>
   <trkpt lat="52.476437" lon="13.514053">
    <ele>46.4</ele>
    <time>2025-06-15T11:08:26.000Z</time>
   </trkpt>
   <trkpt lat="52.476454" lon="13.513989">
    <ele>46.4</ele>
    <time>2025-06-15T11:08:27.000Z</time>
   </trkpt>
   <trkpt lat="52.476483" lon="13.513898">
    <ele>46.4</ele>
    <time>2025-06-15T11:08:29.000Z</time>
   </trkpt>
   <trkpt lat="52.476511" lon="13.513806">
    <ele>46.4</ele>
    <time>2025-06-15T11:08:31.000Z</time>
   </trkpt>
   <trkpt lat="52.476575" lon="13.513634">
    <ele>46.4</ele>
    <time>2025-06-15T11:08:33.000Z</time>
   </trkpt>
   <trkpt lat="52.47662" lon="13.513496">
    <ele>46.2</ele>
    <time>2025-06-15T11:08:35.000Z</time>
   </trkpt>
   <trkpt lat="52.476784" lon="13.513109">
    <ele>46.2</ele>
    <time>2025-06-15T11:08:42.000Z</time>
   </trkpt>
   <trkpt lat="52.476811" lon="13.513041">
    <ele>46.2</ele>
    <time>2025-06-15T11:08:43.000Z</time>
   </trkpt>
   <trkpt lat="52.476914" lon="13.512727">
    <ele>46.4</ele>
    <time>2025-06-15T11:08:48.000Z</time>
   </trkpt>
   <trkpt lat="52.477023" lon="13.512401">
    <ele>46.2</ele>
    <time>2025-06-15T11:08:54.000Z</time>
   </trkpt>
   <trkpt lat="52.477037" lon="13.512361">
    <ele>46.2</ele>
    <time>2025-06-15T11:08:55.000Z</time>
   </trkpt>
   <trkpt lat="52.477058" lon="13.512272">
    <ele>46.2</ele>
    <time>2025-06-15T11:08:57.000Z</time>
   </trkpt>
   <trkpt lat="52.477097" lon="13.512005">
    <ele>46.2</ele>
    <time>2025-06-15T11:09:02.000Z</time>
   </trkpt>
   <trkpt lat="52.477018" lon="13.511876">
    <ele>46.2</ele>
    <time>2025-06-15T11:09:06.000Z</time>
   </trkpt>
   <trkpt lat="52.476914" lon="13.51179">
    <ele>46.2</ele>
    <time>2025-06-15T11:09:09.000Z</time>
   </trkpt>
   <trkpt lat="52.476851" lon="13.511729">
    <ele>46.2</ele>
    <time>2025-06-15T11:09:11.000Z</time>
   </trkpt>
   <trkpt lat="52.476737" lon="13.511629">
    <ele>46.2</ele>
    <time>2025-06-15T11:09:14.000Z</time>
   </trkpt>
   <trkpt lat="52.476603" lon="13.511535">
    <ele>46.2</ele>
    <time>2025-06-15T11:09:17.000Z</time>
   </trkpt>
   <trkpt lat="52.476367" lon="13.511369">
    <ele>45.8</ele>
    <time>2025-06-15T11:09:22.000Z</time>
   </trkpt>
   <trkpt lat="52.476272" lon="13.511327">
    <ele>45.8</ele>
    <time>2025-06-15T11:09:24.000Z</time>
   </trkpt>
   <trkpt lat="52.475988" lon="13.511139">
    <ele>45.8</ele>
    <time>2025-06-15T11:09:31.000Z</time>
   </trkpt>
   <trkpt lat="52.475951" lon="13.511124">
    <ele>45.8</ele>
    <time>2025-06-15T11:09:32.000Z</time>
   </trkpt>
   <trkpt lat="52.47583" lon="13.511132">
    <ele>46</ele>
    <time>2025-06-15T11:09:35.000Z</time>
   </trkpt>
   <trkpt lat="52.47575" lon="13.511159">
    <ele>46</ele>
    <time>2025-06-15T11:09:37.000Z</time>
   </trkpt>
   <trkpt lat="52.475615" lon="13.511191">
    <ele>46</ele>
    <time>2025-06-15T11:09:40.000Z</time>
   </trkpt>
   <trkpt lat="52.475576" lon="13.511189">
    <ele>46</ele>
    <time>2025-06-15T11:09:41.000Z</time>
   </trkpt>
   <trkpt lat="52.475509" lon="13.511116">
    <ele>46</ele>
    <time>2025-06-15T11:09:43.000Z</time>
   </trkpt>
   <trkpt lat="52.475453" lon="13.510855">
    <ele>45.6</ele>
    <time>2025-06-15T11:09:47.000Z</time>
   </trkpt>
   <trkpt lat="52.475416" lon="13.510649">
    <ele>45.6</ele>
    <time>2025-06-15T11:09:50.000Z</time>
   </trkpt>
   <trkpt lat="52.475378" lon="13.510416">
    <ele>45.6</ele>
    <time>2025-06-15T11:09:53.000Z</time>
   </trkpt>
   <trkpt lat="52.47534" lon="13.510206">
    <ele>45.6</ele>
    <time>2025-06-15T11:09:56.000Z</time>
   </trkpt>
   <trkpt lat="52.475312" lon="13.510062">
    <ele>45.6</ele>
    <time>2025-06-15T11:09:58.000Z</time>
   </trkpt>
   <trkpt lat="52.475278" lon="13.509918">
    <ele>45.6</ele>
    <time>2025-06-15T11:10:00.000Z</time>
   </trkpt>
   <trkpt lat="52.475268" lon="13.509855">
    <ele>45.6</ele>
    <time>2025-06-15T11:10:01.000Z</time>
   </trkpt>
   <trkpt lat="52.475259" lon="13.509752">
    <ele>45.6</ele>
    <time>2025-06-15T11:10:03.000Z</time>
   </trkpt>
   <trkpt lat="52.475243" lon="13.509649">
    <ele>45.8</ele>
    <time>2025-06-15T11:10:05.000Z</time>
   </trkpt>
   <trkpt lat="52.475192" lon="13.509296">
    <ele>46</ele>
    <time>2025-06-15T11:10:10.000Z</time>
   </trkpt>
   <trkpt lat="52.475151" lon="13.509055">
    <ele>46.4</ele>
    <time>2025-06-15T11:10:14.000Z</time>
   </trkpt>
   <trkpt lat="52.475139" lon="13.508986">
    <ele>46.4</ele>
    <time>2025-06-15T11:10:15.000Z</time>
   </trkpt>
   <trkpt lat="52.475131" lon="13.50892">
    <ele>46.4</ele>
    <time>2025-06-15T11:10:16.000Z</time>
   </trkpt>
   <trkpt lat="52.475096" lon="13.508675">
    <ele>46.6</ele>
    <time>2025-06-15T11:10:19.000Z</time>
   </trkpt>
   <trkpt lat="52.475042" lon="13.508373">
    <ele>46.4</ele>
    <time>2025-06-15T11:10:23.000Z</time>
   </trkpt>
   <trkpt lat="52.475031" lon="13.508292">
    <ele>46.4</ele>
    <time>2025-06-15T11:10:24.000Z</time>
   </trkpt>
   <trkpt lat="52.475011" lon="13.508142">
    <ele>46.4</ele>
    <time>2025-06-15T11:10:26.000Z</time>
   </trkpt>
   <trkpt lat="52.474988" lon="13.508">
    <ele>46.2</ele>
    <time>2025-06-15T11:10:28.000Z</time>
   </trkpt>
   <trkpt lat="52.474967" lon="13.507823">
    <ele>45.8</ele>
    <time>2025-06-15T11:10:32.000Z</time>
   </trkpt>
   <trkpt lat="52.474969" lon="13.507732">
    <ele>45.6</ele>
    <time>2025-06-15T11:10:36.000Z</time>
   </trkpt>
   <trkpt lat="52.474968" lon="13.507682">
    <ele>45.2</ele>
    <time>2025-06-15T11:11:06.000Z</time>
   </trkpt>
   <trkpt lat="52.474963" lon="13.50765">
    <ele>45.2</ele>
    <time>2025-06-15T11:11:07.000Z</time>
   </trkpt>
   <trkpt lat="52.474952" lon="13.507626">
    <ele>45.2</ele>
    <time>2025-06-15T11:11:08.000Z</time>
   </trkpt>
   <trkpt lat="52.474903" lon="13.507606">
    <ele>45.2</ele>
    <time>2025-06-15T11:11:10.000Z</time>
   </trkpt>
   <trkpt lat="52.474836" lon="13.507616">
    <ele>45.2</ele>
    <time>2025-06-15T11:11:12.000Z</time>
   </trkpt>
   <trkpt lat="52.474762" lon="13.507674">
    <ele>45.4</ele>
    <time>2025-06-15T11:11:14.000Z</time>
   </trkpt>
   <trkpt lat="52.474478" lon="13.507978">
    <ele>45.6</ele>
    <time>2025-06-15T11:11:21.000Z</time>
   </trkpt>
   <trkpt lat="52.474292" lon="13.508178">
    <ele>45.6</ele>
    <time>2025-06-15T11:11:25.000Z</time>
   </trkpt>
   <trkpt lat="52.474103" lon="13.508397">
    <ele>45.6</ele>
    <time>2025-06-15T11:11:29.000Z</time>
   </trkpt>
   <trkpt lat="52.474007" lon="13.508497">
    <ele>45.6</ele>
    <time>2025-06-15T11:11:31.000Z</time>
   </trkpt>
   <trkpt lat="52.473903" lon="13.508575">
    <ele>45.6</ele>
    <time>2025-06-15T11:11:33.000Z</time>
   </trkpt>
   <trkpt lat="52.473852" lon="13.508621">
    <ele>45.6</ele>
    <time>2025-06-15T11:11:34.000Z</time>
   </trkpt>
   <trkpt lat="52.473703" lon="13.508768">
    <ele>45.6</ele>
    <time>2025-06-15T11:11:37.000Z</time>
   </trkpt>
   <trkpt lat="52.473599" lon="13.508859">
    <ele>45.6</ele>
    <time>2025-06-15T11:11:39.000Z</time>
   </trkpt>
   <trkpt lat="52.473389" lon="13.509073">
    <ele>45.8</ele>
    <time>2025-06-15T11:11:43.000Z</time>
   </trkpt>
   <trkpt lat="52.47319" lon="13.509289">
    <ele>45.8</ele>
    <time>2025-06-15T11:11:47.000Z</time>
   </trkpt>
   <trkpt lat="52.473143" lon="13.509338">
    <ele>45.6</ele>
    <time>2025-06-15T11:11:48.000Z</time>
   </trkpt>
   <trkpt lat="52.472944" lon="13.509543">
    <ele>45.6</ele>
    <time>2025-06-15T11:11:53.000Z</time>
   </trkpt>
   <trkpt lat="52.472848" lon="13.509586">
    <ele>45.8</ele>
    <time>2025-06-15T11:11:56.000Z</time>
   </trkpt>
   <trkpt lat="52.472823" lon="13.509571">
    <ele>45.6</ele>
    <time>2025-06-15T11:11:57.000Z</time>
   </trkpt>
   <trkpt lat="52.472799" lon="13.509537">
    <ele>45.6</ele>
    <time>2025-06-15T11:11:58.000Z</time>
   </trkpt>
   <trkpt lat="52.47269" lon="13.509292">
    <ele>45.6</ele>
    <time>2025-06-15T11:12:02.000Z</time>
   </trkpt>
   <trkpt lat="52.472462" lon="13.50872">
    <ele>45.4</ele>
    <time>2025-06-15T11:12:09.000Z</time>
   </trkpt>
   <trkpt lat="52.472314" lon="13.508367">
    <ele>45.2</ele>
    <time>2025-06-15T11:12:13.000Z</time>
   </trkpt>
   <trkpt lat="52.472199" lon="13.508085">
    <ele>45.2</ele>
    <time>2025-06-15T11:12:16.000Z</time>
   </trkpt>
   <trkpt lat="52.472066" lon="13.507703">
    <ele>45</ele>
    <time>2025-06-15T11:12:20.000Z</time>
   </trkpt>
   <trkpt lat="52.472009" lon="13.507502">
    <ele>45</ele>
    <time>2025-06-15T11:12:22.000Z</time>
   </trkpt>
   <trkpt lat="52.471873" lon="13.50698">
    <ele>45.2</ele>
    <time>2025-06-15T11:12:27.000Z</time>
   </trkpt>
   <trkpt lat="52.471846" lon="13.50689">
    <ele>45.4</ele>
    <time>2025-06-15T11:12:28.000Z</time>
   </trkpt>
   <trkpt lat="52.47183" lon="13.506801">
    <ele>45.4</ele>
    <time>2025-06-15T11:12:29.000Z</time>
   </trkpt>
   <trkpt lat="52.471822" lon="13.506711">
    <ele>45.4</ele>
    <time>2025-06-15T11:12:30.000Z</time>
   </trkpt>
   <trkpt lat="52.471799" lon="13.506546">
    <ele>45.6</ele>
    <time>2025-06-15T11:12:32.000Z</time>
   </trkpt>
   <trkpt lat="52.471777" lon="13.506468">
    <ele>45.6</ele>
    <time>2025-06-15T11:12:33.000Z</time>
   </trkpt>
   <trkpt lat="52.471573" lon="13.505951">
    <ele>45.6</ele>
    <time>2025-06-15T11:12:39.000Z</time>
   </trkpt>
   <trkpt lat="52.471276" lon="13.505183">
    <ele>45.4</ele>
    <time>2025-06-15T11:12:47.000Z</time>
   </trkpt>
   <trkpt lat="52.470989" lon="13.504498">
    <ele>45.2</ele>
    <time>2025-06-15T11:12:54.000Z</time>
   </trkpt>
   <trkpt lat="52.470727" lon="13.503761">
    <ele>44.6</ele>
    <time>2025-06-15T11:13:01.000Z</time>
   </trkpt>
   <trkpt lat="52.470511" lon="13.503208">
    <ele>44.6</ele>
    <time>2025-06-15T11:13:07.000Z</time>
   </trkpt>
   <trkpt lat="52.470378" lon="13.502894">
    <ele>44.8</ele>
    <time>2025-06-15T11:13:12.000Z</time>
   </trkpt>
   <trkpt lat="52.470353" lon="13.502833">
    <ele>45</ele>
    <time>2025-06-15T11:13:14.000Z</time>
   </trkpt>
   <trkpt lat="52.470351" lon="13.502824">
    <ele>45</ele>
    <time>2025-06-15T11:13:15.000Z</time>
   </trkpt>
   <trkpt lat="52.470351" lon="13.502824">
    <ele>45.2</ele>
    <time>2025-06-15T11:13:16.000Z</time>
   </trkpt>
   <trkpt lat="52.470313" lon="13.502746">
    <ele>45.8</ele>
    <time>2025-06-15T11:13:24.000Z</time>
   </trkpt>
   <trkpt lat="52.470299" lon="13.502716">
    <ele>45.8</ele>
    <time>2025-06-15T11:13:25.000Z</time>
   </trkpt>
   <trkpt lat="52.470209" lon="13.502537">
    <ele>45.8</ele>
    <time>2025-06-15T11:13:29.000Z</time>
   </trkpt>
   <trkpt lat="52.47018" lon="13.502484">
    <ele>45.8</ele>
    <time>2025-06-15T11:13:30.000Z</time>
   </trkpt>
   <trkpt lat="52.470011" lon="13.502143">
    <ele>46.4</ele>
    <time>2025-06-15T11:13:36.000Z</time>
   </trkpt>
   <trkpt lat="52.469981" lon="13.502086">
    <ele>46.6</ele>
    <time>2025-06-15T11:13:37.000Z</time>
   </trkpt>
   <trkpt lat="52.469891" lon="13.501928">
    <ele>47.4</ele>
    <time>2025-06-15T11:13:40.000Z</time>
   </trkpt>
   <trkpt lat="52.469836" lon="13.501825">
    <ele>47.6</ele>
    <time>2025-06-15T11:13:42.000Z</time>
   </trkpt>
   <trkpt lat="52.46969" lon="13.501569">
    <ele>48.8</ele>
    <time>2025-06-15T11:13:47.000Z</time>
   </trkpt>
   <trkpt lat="52.469562" lon="13.50134">
    <ele>49.6</ele>
    <time>2025-06-15T11:13:52.000Z</time>
   </trkpt>
   <trkpt lat="52.469517" lon="13.501266">
    <ele>50.2</ele>
    <time>2025-06-15T11:13:54.000Z</time>
   </trkpt>
   <trkpt lat="52.469406" lon="13.50108">
    <ele>51.4</ele>
    <time>2025-06-15T11:13:59.000Z</time>
   </trkpt>
   <trkpt lat="52.469361" lon="13.500997">
    <ele>51.6</ele>
    <time>2025-06-15T11:14:01.000Z</time>
   </trkpt>
   <trkpt lat="52.469292" lon="13.50087">
    <ele>52</ele>
    <time>2025-06-15T11:14:04.000Z</time>
   </trkpt>
   <trkpt lat="52.469266" lon="13.500828">
    <ele>52.4</ele>
    <time>2025-06-15T11:14:05.000Z</time>
   </trkpt>
   <trkpt lat="52.469241" lon="13.500786">
    <ele>52.8</ele>
    <time>2025-06-15T11:14:06.000Z</time>
   </trkpt>
   <trkpt lat="52.469219" lon="13.500741">
    <ele>53</ele>
    <time>2025-06-15T11:14:07.000Z</time>
   </trkpt>
   <trkpt lat="52.469136" lon="13.500603">
    <ele>53.8</ele>
    <time>2025-06-15T11:14:11.000Z</time>
   </trkpt>
   <trkpt lat="52.469104" lon="13.500542">
    <ele>54.2</ele>
    <time>2025-06-15T11:14:13.000Z</time>
   </trkpt>
   <trkpt lat="52.469011" lon="13.500377">
    <ele>55</ele>
    <time>2025-06-15T11:14:18.000Z</time>
   </trkpt>
   <trkpt lat="52.468971" lon="13.500302">
    <ele>55.2</ele>
    <time>2025-06-15T11:14:20.000Z</time>
   </trkpt>
   <trkpt lat="52.468851" lon="13.50011">
    <ele>56</ele>
    <time>2025-06-15T11:14:25.000Z</time>
   </trkpt>
   <trkpt lat="52.468712" lon="13.499897">
    <ele>57</ele>
    <time>2025-06-15T11:14:31.000Z</time>
   </trkpt>
   <trkpt lat="52.468625" lon="13.49975">
    <ele>57.4</ele>
    <time>2025-06-15T11:14:34.000Z</time>
   </trkpt>
   <trkpt lat="52.468415" lon="13.499367">
    <ele>57.8</ele>
    <time>2025-06-15T11:14:41.000Z</time>
   </trkpt>
   <trkpt lat="52.468283" lon="13.499127">
    <ele>58.2</ele>
    <time>2025-06-15T11:14:45.000Z</time>
   </trkpt>
   <trkpt lat="52.468135" lon="13.498864">
    <ele>58.2</ele>
    <time>2025-06-15T11:14:49.000Z</time>
   </trkpt>
   <trkpt lat="52.467879" lon="13.498416">
    <ele>57.8</ele>
    <time>2025-06-15T11:14:55.000Z</time>
   </trkpt>
   <trkpt lat="52.467784" lon="13.49826">
    <ele>57.4</ele>
    <time>2025-06-15T11:14:57.000Z</time>
   </trkpt>
   <trkpt lat="52.467499" lon="13.497779">
    <ele>56.4</ele>
    <time>2025-06-15T11:15:03.000Z</time>
   </trkpt>
   <trkpt lat="52.467446" lon="13.4977">
    <ele>56.2</ele>
    <time>2025-06-15T11:15:04.000Z</time>
   </trkpt>
   <trkpt lat="52.467187" lon="13.497303">
    <ele>54.8</ele>
    <time>2025-06-15T11:15:09.000Z</time>
   </trkpt>
   <trkpt lat="52.466969" lon="13.496993">
    <ele>53.8</ele>
    <time>2025-06-15T11:15:13.000Z</time>
   </trkpt>
   <trkpt lat="52.466912" lon="13.496917">
    <ele>53.4</ele>
    <time>2025-06-15T11:15:14.000Z</time>
   </trkpt>
   <trkpt lat="52.466682" lon="13.496604">
    <ele>52.4</ele>
    <time>2025-06-15T11:15:18.000Z</time>
   </trkpt>
   <trkpt lat="52.466564" lon="13.496449">
    <ele>52.2</ele>
    <time>2025-06-15T11:15:20.000Z</time>
   </trkpt>
   <trkpt lat="52.466362" lon="13.496173">
    <ele>51.6</ele>
    <time>2025-06-15T11:15:24.000Z</time>
   </trkpt>
   <trkpt lat="52.466331" lon="13.496116">
    <ele>51.4</ele>
    <time>2025-06-15T11:15:25.000Z</time>
   </trkpt>
   <trkpt lat="52.466298" lon="13.495999">
    <ele>51.2</ele>
    <time>2025-06-15T11:15:27.000Z</time>
   </trkpt>
   <trkpt lat="52.466308" lon="13.495914">
    <ele>51</ele>
    <time>2025-06-15T11:15:29.000Z</time>
   </trkpt>
   <trkpt lat="52.466325" lon="13.495895">
    <ele>51</ele>
    <time>2025-06-15T11:15:30.000Z</time>
   </trkpt>
   <trkpt lat="52.466353" lon="13.495856">
    <ele>50.8</ele>
    <time>2025-06-15T11:15:32.000Z</time>
   </trkpt>
   <trkpt lat="52.466377" lon="13.495819">
    <ele>50.8</ele>
    <time>2025-06-15T11:15:34.000Z</time>
   </trkpt>
   <trkpt lat="52.466458" lon="13.495734">
    <ele>50.8</ele>
    <time>2025-06-15T11:15:39.000Z</time>
   </trkpt>
   <trkpt lat="52.466497" lon="13.495696">
    <ele>50.8</ele>
    <time>2025-06-15T11:15:41.000Z</time>
   </trkpt>
   <trkpt lat="52.466573" lon="13.495597">
    <ele>50.8</ele>
    <time>2025-06-15T11:15:46.000Z</time>
   </trkpt>
   <trkpt lat="52.4666" lon="13.49555">
    <ele>50.4</ele>
    <time>2025-06-15T11:16:52.000Z</time>
   </trkpt>
   <trkpt lat="52.466617" lon="13.49553">
    <ele>50.4</ele>
    <time>2025-06-15T11:16:53.000Z</time>
   </trkpt>
   <trkpt lat="52.46674" lon="13.495354">
    <ele>50.4</ele>
    <time>2025-06-15T11:16:58.000Z</time>
   </trkpt>
   <trkpt lat="52.46688" lon="13.49511">
    <ele>50.4</ele>
    <time>2025-06-15T11:17:04.000Z</time>
   </trkpt>
   <trkpt lat="52.466893" lon="13.495044">
    <ele>50.4</ele>
    <time>2025-06-15T11:17:06.000Z</time>
   </trkpt>
   <trkpt lat="52.466929" lon="13.49498">
    <ele>50.2</ele>
    <time>2025-06-15T11:17:08.000Z</time>
   </trkpt>
   <trkpt lat="52.467077" lon="13.494743">
    <ele>50.2</ele>
    <time>2025-06-15T11:17:16.000Z</time>
   </trkpt>
   <trkpt lat="52.467087" lon="13.49473">
    <ele>50</ele>
    <time>2025-06-15T11:17:18.000Z</time>
   </trkpt>
   <trkpt lat="52.467146" lon="13.494618">
    <ele>49.8</ele>
    <time>2025-06-15T11:17:23.000Z</time>
   </trkpt>
   <trkpt lat="52.467154" lon="13.494601">
    <ele>49.8</ele>
    <time>2025-06-15T11:17:24.000Z</time>
   </trkpt>
   <trkpt lat="52.467201" lon="13.494522">
    <ele>49.6</ele>
    <time>2025-06-15T11:17:27.000Z</time>
   </trkpt>
   <trkpt lat="52.467225" lon="13.494495">
    <ele>49.6</ele>
    <time>2025-06-15T11:17:28.000Z</time>
   </trkpt>
   <trkpt lat="52.467331" lon="13.494301">
    <ele>49.4</ele>
    <time>2025-06-15T11:17:33.000Z</time>
   </trkpt>
   <trkpt lat="52.467365" lon="13.494248">
    <ele>49.4</ele>
    <time>2025-06-15T11:17:34.000Z</time>
   </trkpt>
   <trkpt lat="52.467481" lon="13.494071">
    <ele>49.2</ele>
    <time>2025-06-15T11:17:37.000Z</time>
   </trkpt>
   <trkpt lat="52.467749" lon="13.493683">
    <ele>48.6</ele>
    <time>2025-06-15T11:17:43.000Z</time>
   </trkpt>
   <trkpt lat="52.467792" lon="13.493616">
    <ele>48.6</ele>
    <time>2025-06-15T11:17:44.000Z</time>
   </trkpt>
   <trkpt lat="52.468025" lon="13.49324">
    <ele>48.4</ele>
    <time>2025-06-15T11:17:49.000Z</time>
   </trkpt>
   <trkpt lat="52.468072" lon="13.493154">
    <ele>48.4</ele>
    <time>2025-06-15T11:17:50.000Z</time>
   </trkpt>
   <trkpt lat="52.468369" lon="13.49268">
    <ele>48.2</ele>
    <time>2025-06-15T11:17:56.000Z</time>
   </trkpt>
   <trkpt lat="52.468646" lon="13.492256">
    <ele>48.2</ele>
    <time>2025-06-15T11:18:02.000Z</time>
   </trkpt>
   <trkpt lat="52.468832" lon="13.491975">
    <ele>48</ele>
    <time>2025-06-15T11:18:07.000Z</time>
   </trkpt>
   <trkpt lat="52.468902" lon="13.491884">
    <ele>47.8</ele>
    <time>2025-06-15T11:18:09.000Z</time>
   </trkpt>
   <trkpt lat="52.46897" lon="13.49179">
    <ele>47.4</ele>
    <time>2025-06-15T11:18:11.000Z</time>
   </trkpt>
   <trkpt lat="52.469064" lon="13.491668">
    <ele>47.2</ele>
    <time>2025-06-15T11:18:14.000Z</time>
   </trkpt>
   <trkpt lat="52.469097" lon="13.491629">
    <ele>47.2</ele>
    <time>2025-06-15T11:18:15.000Z</time>
   </trkpt>
   <trkpt lat="52.469181" lon="13.491592">
    <ele>47.2</ele>
    <time>2025-06-15T11:18:17.000Z</time>
   </trkpt>
   <trkpt lat="52.469227" lon="13.491602">
    <ele>47.2</ele>
    <time>2025-06-15T11:18:18.000Z</time>
   </trkpt>
   <trkpt lat="52.469275" lon="13.491638">
    <ele>47.2</ele>
    <time>2025-06-15T11:18:19.000Z</time>
   </trkpt>
   <trkpt lat="52.469409" lon="13.491794">
    <ele>47.2</ele>
    <time>2025-06-15T11:18:22.000Z</time>
   </trkpt>
   <trkpt lat="52.469649" lon="13.492119">
    <ele>47.2</ele>
    <time>2025-06-15T11:18:28.000Z</time>
   </trkpt>
   <trkpt lat="52.469694" lon="13.492173">
    <ele>47.2</ele>
    <time>2025-06-15T11:18:29.000Z</time>
   </trkpt>
   <trkpt lat="52.469867" lon="13.492381">
    <ele>47.4</ele>
    <time>2025-06-15T11:18:33.000Z</time>
   </trkpt>
   <trkpt lat="52.469948" lon="13.492485">
    <ele>47.4</ele>
    <time>2025-06-15T11:18:35.000Z</time>
   </trkpt>
   <trkpt lat="52.470139" lon="13.49267">
    <ele>47.2</ele>
    <time>2025-06-15T11:18:39.000Z</time>
   </trkpt>
   <trkpt lat="52.470419" lon="13.493024">
    <ele>47</ele>
    <time>2025-06-15T11:18:45.000Z</time>
   </trkpt>
   <trkpt lat="52.470469" lon="13.49308">
    <ele>47</ele>
    <time>2025-06-15T11:18:46.000Z</time>
   </trkpt>
   <trkpt lat="52.470523" lon="13.493131">
    <ele>47</ele>
    <time>2025-06-15T11:18:47.000Z</time>
   </trkpt>
   <trkpt lat="52.470744" lon="13.493381">
    <ele>47.2</ele>
    <time>2025-06-15T11:18:51.000Z</time>
   </trkpt>
   <trkpt lat="52.471022" lon="13.493757">
    <ele>47.6</ele>
    <time>2025-06-15T11:18:57.000Z</time>
   </trkpt>
   <trkpt lat="52.471199" lon="13.493969">
    <ele>47.4</ele>
    <time>2025-06-15T11:19:01.000Z</time>
   </trkpt>
   <trkpt lat="52.471329" lon="13.494106">
    <ele>47.2</ele>
    <time>2025-06-15T11:19:04.000Z</time>
   </trkpt>
   <trkpt lat="52.471425" lon="13.494192">
    <ele>47.2</ele>
    <time>2025-06-15T11:19:06.000Z</time>
   </trkpt>
   <trkpt lat="52.471559" lon="13.49434">
    <ele>47.2</ele>
    <time>2025-06-15T11:19:09.000Z</time>
   </trkpt>
   <trkpt lat="52.471676" lon="13.494363">
    <ele>47.4</ele>
    <time>2025-06-15T11:19:11.000Z</time>
   </trkpt>
   <trkpt lat="52.471898" lon="13.494351">
    <ele>47.4</ele>
    <time>2025-06-15T11:19:15.000Z</time>
   </trkpt>
   <trkpt lat="52.471951" lon="13.494353">
    <ele>47.4</ele>
    <time>2025-06-15T11:19:16.000Z</time>
   </trkpt>
   <trkpt lat="52.471994" lon="13.49435">
    <ele>47.4</ele>
    <time>2025-06-15T11:19:17.000Z</time>
   </trkpt>
   <trkpt lat="52.472137" lon="13.494329">
    <ele>47.4</ele>
    <time>2025-06-15T11:19:20.000Z</time>
   </trkpt>
   <trkpt lat="52.472349" lon="13.494311">
    <ele>47.6</ele>
    <time>2025-06-15T11:19:24.000Z</time>
   </trkpt>
   <trkpt lat="52.472457" lon="13.494282">
    <ele>47.6</ele>
    <time>2025-06-15T11:19:26.000Z</time>
   </trkpt>
   <trkpt lat="52.472599" lon="13.494268">
    <ele>47.6</ele>
    <time>2025-06-15T11:19:29.000Z</time>
   </trkpt>
   <trkpt lat="52.472724" lon="13.49426">
    <ele>47.6</ele>
    <time>2025-06-15T11:19:31.000Z</time>
   </trkpt>
   <trkpt lat="52.472766" lon="13.49425">
    <ele>47.6</ele>
    <time>2025-06-15T11:19:32.000Z</time>
   </trkpt>
   <trkpt lat="52.472902" lon="13.494219">
    <ele>47.8</ele>
    <time>2025-06-15T11:19:35.000Z</time>
   </trkpt>
   <trkpt lat="52.472966" lon="13.494201">
    <ele>47.8</ele>
    <time>2025-06-15T11:19:37.000Z</time>
   </trkpt>
   <trkpt lat="52.473" lon="13.494193">
    <ele>47.8</ele>
    <time>2025-06-15T11:19:38.000Z</time>
   </trkpt>
   <trkpt lat="52.4732" lon="13.494183">
    <ele>47.8</ele>
    <time>2025-06-15T11:19:42.000Z</time>
   </trkpt>
   <trkpt lat="52.473244" lon="13.494176">
    <ele>47.8</ele>
    <time>2025-06-15T11:19:43.000Z</time>
   </trkpt>
   <trkpt lat="52.473295" lon="13.494164">
    <ele>47.8</ele>
    <time>2025-06-15T11:19:44.000Z</time>
   </trkpt>
   <trkpt lat="52.473527" lon="13.494128">
    <ele>47.8</ele>
    <time>2025-06-15T11:19:48.000Z</time>
   </trkpt>
   <trkpt lat="52.473705" lon="13.494147">
    <ele>48</ele>
    <time>2025-06-15T11:19:50.000Z</time>
   </trkpt>
   <trkpt lat="52.473863" lon="13.494136">
    <ele>48</ele>
    <time>2025-06-15T11:19:52.000Z</time>
   </trkpt>
   <trkpt lat="52.47407" lon="13.494111">
    <ele>47.8</ele>
    <time>2025-06-15T11:19:55.000Z</time>
   </trkpt>
   <trkpt lat="52.474262" lon="13.494069">
    <ele>47.6</ele>
    <time>2025-06-15T11:19:58.000Z</time>
   </trkpt>
   <trkpt lat="52.474318" lon="13.494046">
    <ele>47.6</ele>
    <time>2025-06-15T11:19:59.000Z</time>
   </trkpt>
   <trkpt lat="52.474587" lon="13.494039">
    <ele>47.6</ele>
    <time>2025-06-15T11:20:04.000Z</time>
   </trkpt>
   <trkpt lat="52.474641" lon="13.494047">
    <ele>47.6</ele>
    <time>2025-06-15T11:20:05.000Z</time>
   </trkpt>
   <trkpt lat="52.474698" lon="13.494037">
    <ele>47.6</ele>
    <time>2025-06-15T11:20:06.000Z</time>
   </trkpt>
   <trkpt lat="52.474903" lon="13.49397">
    <ele>47.8</ele>
    <time>2025-06-15T11:20:10.000Z</time>
   </trkpt>
   <trkpt lat="52.475068" lon="13.493963">
    <ele>47.8</ele>
    <time>2025-06-15T11:20:13.000Z</time>
   </trkpt>
   <trkpt lat="52.475157" lon="13.493974">
    <ele>47.8</ele>
    <time>2025-06-15T11:20:15.000Z</time>
   </trkpt>
   <trkpt lat="52.4753" lon="13.493979">
    <ele>48</ele>
    <time>2025-06-15T11:20:18.000Z</time>
   </trkpt>
   <trkpt lat="52.475405" lon="13.49397">
    <ele>48</ele>
    <time>2025-06-15T11:20:20.000Z</time>
   </trkpt>
   <trkpt lat="52.475569" lon="13.493973">
    <ele>48</ele>
    <time>2025-06-15T11:20:23.000Z</time>
   </trkpt>
   <trkpt lat="52.475637" lon="13.493959">
    <ele>48</ele>
    <time>2025-06-15T11:20:24.000Z</time>
   </trkpt>
   <trkpt lat="52.475986" lon="13.493882">
    <ele>48.2</ele>
    <time>2025-06-15T11:20:30.000Z</time>
   </trkpt>
   <trkpt lat="52.476045" lon="13.493868">
    <ele>48.2</ele>
    <time>2025-06-15T11:20:31.000Z</time>
   </trkpt>
   <trkpt lat="52.476201" lon="13.493833">
    <ele>48.2</ele>
    <time>2025-06-15T11:20:34.000Z</time>
   </trkpt>
   <trkpt lat="52.476314" lon="13.493801">
    <ele>48.2</ele>
    <time>2025-06-15T11:20:36.000Z</time>
   </trkpt>
   <trkpt lat="52.476367" lon="13.493795">
    <ele>48.2</ele>
    <time>2025-06-15T11:20:37.000Z</time>
   </trkpt>
   <trkpt lat="52.476416" lon="13.493776">
    <ele>48.2</ele>
    <time>2025-06-15T11:20:38.000Z</time>
   </trkpt>
   <trkpt lat="52.476477" lon="13.493767">
    <ele>48.2</ele>
    <time>2025-06-15T11:20:39.000Z</time>
   </trkpt>
   <trkpt lat="52.476546" lon="13.493737">
    <ele>48</ele>
    <time>2025-06-15T11:20:40.000Z</time>
   </trkpt>
   <trkpt lat="52.476595" lon="13.493711">
    <ele>48</ele>
    <time>2025-06-15T11:20:41.000Z</time>
   </trkpt>
   <trkpt lat="52.476814" lon="13.493618">
    <ele>48</ele>
    <time>2025-06-15T11:20:45.000Z</time>
   </trkpt>
   <trkpt lat="52.477116" lon="13.493535">
    <ele>47.8</ele>
    <time>2025-06-15T11:20:50.000Z</time>
   </trkpt>
   <trkpt lat="52.477177" lon="13.493525">
    <ele>47.8</ele>
    <time>2025-06-15T11:20:51.000Z</time>
   </trkpt>
   <trkpt lat="52.47755" lon="13.4934">
    <ele>47.6</ele>
    <time>2025-06-15T11:20:57.000Z</time>
   </trkpt>
   <trkpt lat="52.477606" lon="13.493383">
    <ele>47.6</ele>
    <time>2025-06-15T11:20:58.000Z</time>
   </trkpt>
   <trkpt lat="52.477717" lon="13.49335">
    <ele>47.4</ele>
    <time>2025-06-15T11:21:00.000Z</time>
   </trkpt>
   <trkpt lat="52.477981" lon="13.493289">
    <ele>47.2</ele>
    <time>2025-06-15T11:21:04.000Z</time>
   </trkpt>
   <trkpt lat="52.478424" lon="13.493153">
    <ele>47.4</ele>
    <time>2025-06-15T11:21:10.000Z</time>
   </trkpt>
   <trkpt lat="52.478776" lon="13.493051">
    <ele>47.4</ele>
    <time>2025-06-15T11:21:16.000Z</time>
   </trkpt>
   <trkpt lat="52.479037" lon="13.492988">
    <ele>47.2</ele>
    <time>2025-06-15T11:21:21.000Z</time>
   </trkpt>
   <trkpt lat="52.4792" lon="13.492961">
    <ele>47.4</ele>
    <time>2025-06-15T11:21:24.000Z</time>
   </trkpt>
   <trkpt lat="52.479435" lon="13.492895">
    <ele>47.4</ele>
    <time>2025-06-15T11:21:28.000Z</time>
   </trkpt>
   <trkpt lat="52.479583" lon="13.492844">
    <ele>47.6</ele>
    <time>2025-06-15T11:21:31.000Z</time>
   </trkpt>
   <trkpt lat="52.479671" lon="13.49282">
    <ele>47.6</ele>
    <time>2025-06-15T11:21:33.000Z</time>
   </trkpt>
   <trkpt lat="52.479973" lon="13.492741">
    <ele>47.6</ele>
    <time>2025-06-15T11:21:38.000Z</time>
   </trkpt>
   <trkpt lat="52.480105" lon="13.492698">
    <ele>47.6</ele>
    <time>2025-06-15T11:21:40.000Z</time>
   </trkpt>
   <trkpt lat="52.480242" lon="13.492619">
    <ele>47.6</ele>
    <time>2025-06-15T11:21:42.000Z</time>
   </trkpt>
   <trkpt lat="52.480366" lon="13.492594">
    <ele>47.6</ele>
    <time>2025-06-15T11:21:44.000Z</time>
   </trkpt>
   <trkpt lat="52.480478" lon="13.49259">
    <ele>47.6</ele>
    <time>2025-06-15T11:21:46.000Z</time>
   </trkpt>
   <trkpt lat="52.480603" lon="13.492552">
    <ele>47.6</ele>
    <time>2025-06-15T11:21:48.000Z</time>
   </trkpt>
   <trkpt lat="52.480734" lon="13.492536">
    <ele>47.6</ele>
    <time>2025-06-15T11:21:50.000Z</time>
   </trkpt>
   <trkpt lat="52.480831" lon="13.492498">
    <ele>47.6</ele>
    <time>2025-06-15T11:21:52.000Z</time>
   </trkpt>
   <trkpt lat="52.480886" lon="13.492477">
    <ele>47.6</ele>
    <time>2025-06-15T11:21:53.000Z</time>
   </trkpt>
   <trkpt lat="52.481004" lon="13.492463">
    <ele>47.6</ele>
    <time>2025-06-15T11:21:55.000Z</time>
   </trkpt>
   <trkpt lat="52.481069" lon="13.49243">
    <ele>47.6</ele>
    <time>2025-06-15T11:21:56.000Z</time>
   </trkpt>
   <trkpt lat="52.481122" lon="13.492418">
    <ele>47.6</ele>
    <time>2025-06-15T11:21:57.000Z</time>
   </trkpt>
   <trkpt lat="52.481382" lon="13.492357">
    <ele>47.4</ele>
    <time>2025-06-15T11:22:01.000Z</time>
   </trkpt>
   <trkpt lat="52.481626" lon="13.492271">
    <ele>47.4</ele>
    <time>2025-06-15T11:22:05.000Z</time>
   </trkpt>
   <trkpt lat="52.481794" lon="13.492198">
    <ele>47.4</ele>
    <time>2025-06-15T11:22:08.000Z</time>
   </trkpt>
   <trkpt lat="52.481884" lon="13.492176">
    <ele>47.6</ele>
    <time>2025-06-15T11:22:10.000Z</time>
   </trkpt>
   <trkpt lat="52.482041" lon="13.492137">
    <ele>47.6</ele>
    <time>2025-06-15T11:22:13.000Z</time>
   </trkpt>
   <trkpt lat="52.482158" lon="13.492118">
    <ele>47.4</ele>
    <time>2025-06-15T11:22:15.000Z</time>
   </trkpt>
   <trkpt lat="52.482285" lon="13.492099">
    <ele>47.6</ele>
    <time>2025-06-15T11:22:17.000Z</time>
   </trkpt>
   <trkpt lat="52.482416" lon="13.492066">
    <ele>47.6</ele>
    <time>2025-06-15T11:22:19.000Z</time>
   </trkpt>
   <trkpt lat="52.482527" lon="13.492013">
    <ele>47.8</ele>
    <time>2025-06-15T11:22:21.000Z</time>
   </trkpt>
   <trkpt lat="52.482586" lon="13.492004">
    <ele>47.8</ele>
    <time>2025-06-15T11:22:22.000Z</time>
   </trkpt>
   <trkpt lat="52.482886" lon="13.491931">
    <ele>47.8</ele>
    <time>2025-06-15T11:22:28.000Z</time>
   </trkpt>
   <trkpt lat="52.483223" lon="13.491837">
    <ele>47.4</ele>
    <time>2025-06-15T11:22:34.000Z</time>
   </trkpt>
   <trkpt lat="52.483659" lon="13.491641">
    <ele>47.2</ele>
    <time>2025-06-15T11:22:42.000Z</time>
   </trkpt>
   <trkpt lat="52.483762" lon="13.491586">
    <ele>47.2</ele>
    <time>2025-06-15T11:22:44.000Z</time>
   </trkpt>
   <trkpt lat="52.483854" lon="13.491508">
    <ele>47.2</ele>
    <time>2025-06-15T11:22:46.000Z</time>
   </trkpt>
   <trkpt lat="52.483894" lon="13.491465">
    <ele>47.2</ele>
    <time>2025-06-15T11:22:47.000Z</time>
   </trkpt>
   <trkpt lat="52.48397" lon="13.491388">
    <ele>47.2</ele>
    <time>2025-06-15T11:22:49.000Z</time>
   </trkpt>
   <trkpt lat="52.484097" lon="13.49122">
    <ele>47.2</ele>
    <time>2025-06-15T11:22:53.000Z</time>
   </trkpt>
   <trkpt lat="52.484206" lon="13.490984">
    <ele>46.8</ele>
    <time>2025-06-15T11:22:58.000Z</time>
   </trkpt>
   <trkpt lat="52.484219" lon="13.490952">
    <ele>46.8</ele>
    <time>2025-06-15T11:22:59.000Z</time>
   </trkpt>
   <trkpt lat="52.484252" lon="13.490911">
    <ele>46.8</ele>
    <time>2025-06-15T11:23:01.000Z</time>
   </trkpt>
   <trkpt lat="52.484271" lon="13.490834">
    <ele>46.8</ele>
    <time>2025-06-15T11:23:03.000Z</time>
   </trkpt>
   <trkpt lat="52.484327" lon="13.490526">
    <ele>47</ele>
    <time>2025-06-15T11:23:09.000Z</time>
   </trkpt>
   <trkpt lat="52.484341" lon="13.490389">
    <ele>47</ele>
    <time>2025-06-15T11:23:11.000Z</time>
   </trkpt>
   <trkpt lat="52.484364" lon="13.49017">
    <ele>47</ele>
    <time>2025-06-15T11:23:14.000Z</time>
   </trkpt>
   <trkpt lat="52.484398" lon="13.489766">
    <ele>47</ele>
    <time>2025-06-15T11:23:19.000Z</time>
   </trkpt>
   <trkpt lat="52.484408" lon="13.48968">
    <ele>47</ele>
    <time>2025-06-15T11:23:20.000Z</time>
   </trkpt>
   <trkpt lat="52.484437" lon="13.489405">
    <ele>47</ele>
    <time>2025-06-15T11:23:24.000Z</time>
   </trkpt>
   <trkpt lat="52.48445" lon="13.489217">
    <ele>47</ele>
    <time>2025-06-15T11:23:27.000Z</time>
   </trkpt>
   <trkpt lat="52.484458" lon="13.489118">
    <ele>47</ele>
    <time>2025-06-15T11:23:28.000Z</time>
   </trkpt>
   <trkpt lat="52.484469" lon="13.488914">
    <ele>47</ele>
    <time>2025-06-15T11:23:30.000Z</time>
   </trkpt>
   <trkpt lat="52.484467" lon="13.488718">
    <ele>47</ele>
    <time>2025-06-15T11:23:32.000Z</time>
   </trkpt>
   <trkpt lat="52.48448" lon="13.488507">
    <ele>47</ele>
    <time>2025-06-15T11:23:34.000Z</time>
   </trkpt>
   <trkpt lat="52.484523" lon="13.488225">
    <ele>47</ele>
    <time>2025-06-15T11:23:37.000Z</time>
   </trkpt>
   <trkpt lat="52.484546" lon="13.487893">
    <ele>47</ele>
    <time>2025-06-15T11:23:40.000Z</time>
   </trkpt>
   <trkpt lat="52.484579" lon="13.487598">
    <ele>47</ele>
    <time>2025-06-15T11:23:43.000Z</time>
   </trkpt>
   <trkpt lat="52.48457" lon="13.487402">
    <ele>47</ele>
    <time>2025-06-15T11:23:45.000Z</time>
   </trkpt>
   <trkpt lat="52.484547" lon="13.48712">
    <ele>47</ele>
    <time>2025-06-15T11:23:48.000Z</time>
   </trkpt>
   <trkpt lat="52.484529" lon="13.486756">
    <ele>47</ele>
    <time>2025-06-15T11:23:52.000Z</time>
   </trkpt>
   <trkpt lat="52.484554" lon="13.486594">
    <ele>47</ele>
    <time>2025-06-15T11:23:54.000Z</time>
   </trkpt>
   <trkpt lat="52.484569" lon="13.486518">
    <ele>46.8</ele>
    <time>2025-06-15T11:23:55.000Z</time>
   </trkpt>
   <trkpt lat="52.48465" lon="13.486203">
    <ele>47</ele>
    <time>2025-06-15T11:23:59.000Z</time>
   </trkpt>
   <trkpt lat="52.484667" lon="13.486037">
    <ele>47</ele>
    <time>2025-06-15T11:24:01.000Z</time>
   </trkpt>
   <trkpt lat="52.484678" lon="13.485791">
    <ele>47.2</ele>
    <time>2025-06-15T11:24:04.000Z</time>
   </trkpt>
   <trkpt lat="52.484692" lon="13.485631">
    <ele>47.2</ele>
    <time>2025-06-15T11:24:06.000Z</time>
   </trkpt>
   <trkpt lat="52.484697" lon="13.485456">
    <ele>47.2</ele>
    <time>2025-06-15T11:24:08.000Z</time>
   </trkpt>
   <trkpt lat="52.484724" lon="13.485107">
    <ele>47.2</ele>
    <time>2025-06-15T11:24:12.000Z</time>
   </trkpt>
   <trkpt lat="52.484738" lon="13.484989">
    <ele>47</ele>
    <time>2025-06-15T11:24:14.000Z</time>
   </trkpt>
   <trkpt lat="52.484766" lon="13.484875">
    <ele>47.2</ele>
    <time>2025-06-15T11:24:16.000Z</time>
   </trkpt>
   <trkpt lat="52.484775" lon="13.484728">
    <ele>47.2</ele>
    <time>2025-06-15T11:24:18.000Z</time>
   </trkpt>
   <trkpt lat="52.484786" lon="13.484568">
    <ele>47.2</ele>
    <time>2025-06-15T11:24:20.000Z</time>
   </trkpt>
   <trkpt lat="52.484782" lon="13.484413">
    <ele>47.2</ele>
    <time>2025-06-15T11:24:22.000Z</time>
   </trkpt>
   <trkpt lat="52.484791" lon="13.484344">
    <ele>47.2</ele>
    <time>2025-06-15T11:24:23.000Z</time>
   </trkpt>
   <trkpt lat="52.484791" lon="13.484234">
    <ele>47.2</ele>
    <time>2025-06-15T11:24:24.000Z</time>
   </trkpt>
   <trkpt lat="52.484829" lon="13.48392">
    <ele>47.2</ele>
    <time>2025-06-15T11:24:27.000Z</time>
   </trkpt>
   <trkpt lat="52.484827" lon="13.483827">
    <ele>47.4</ele>
    <time>2025-06-15T11:24:28.000Z</time>
   </trkpt>
   <trkpt lat="52.484847" lon="13.483647">
    <ele>47.4</ele>
    <time>2025-06-15T11:24:30.000Z</time>
   </trkpt>
   <trkpt lat="52.484871" lon="13.483487">
    <ele>47.4</ele>
    <time>2025-06-15T11:24:32.000Z</time>
   </trkpt>
   <trkpt lat="52.484882" lon="13.483187">
    <ele>47.4</ele>
    <time>2025-06-15T11:24:35.000Z</time>
   </trkpt>
   <trkpt lat="52.484885" lon="13.483064">
    <ele>47.4</ele>
    <time>2025-06-15T11:24:36.000Z</time>
   </trkpt>
   <trkpt lat="52.484916" lon="13.482803">
    <ele>47.4</ele>
    <time>2025-06-15T11:24:38.000Z</time>
   </trkpt>
   <trkpt lat="52.484966" lon="13.482638">
    <ele>47.4</ele>
    <time>2025-06-15T11:24:40.000Z</time>
   </trkpt>
   <trkpt lat="52.484919" lon="13.482367">
    <ele>47.4</ele>
    <time>2025-06-15T11:24:43.000Z</time>
   </trkpt>
   <trkpt lat="52.484906" lon="13.482209">
    <ele>47.4</ele>
    <time>2025-06-15T11:24:44.000Z</time>
   </trkpt>
   <trkpt lat="52.484932" lon="13.4819">
    <ele>47.2</ele>
    <time>2025-06-15T11:24:46.000Z</time>
   </trkpt>
   <trkpt lat="52.484958" lon="13.481664">
    <ele>47.2</ele>
    <time>2025-06-15T11:24:48.000Z</time>
   </trkpt>
   <trkpt lat="52.484967" lon="13.481607">
    <ele>47.2</ele>
    <time>2025-06-15T11:24:49.000Z</time>
   </trkpt>
   <trkpt lat="52.484987" lon="13.481442">
    <ele>47.2</ele>
    <time>2025-06-15T11:24:51.000Z</time>
   </trkpt>
   <trkpt lat="52.484997" lon="13.481356">
    <ele>47.2</ele>
    <time>2025-06-15T11:24:52.000Z</time>
   </trkpt>
   <trkpt lat="52.485005" lon="13.481284">
    <ele>47.2</ele>
    <time>2025-06-15T11:24:53.000Z</time>
   </trkpt>
   <trkpt lat="52.485025" lon="13.481058">
    <ele>47.2</ele>
    <time>2025-06-15T11:24:57.000Z</time>
   </trkpt>
   <trkpt lat="52.485054" lon="13.480897">
    <ele>47.6</ele>
    <time>2025-06-15T11:25:02.000Z</time>
   </trkpt>
   <trkpt lat="52.485096" lon="13.480814">
    <ele>47.6</ele>
    <time>2025-06-15T11:25:06.000Z</time>
   </trkpt>
   <trkpt lat="52.485104" lon="13.480811">
    <ele>47.6</ele>
    <time>2025-06-15T11:25:07.000Z</time>
   </trkpt>
   <trkpt lat="52.485123" lon="13.480825">
    <ele>47.6</ele>
    <time>2025-06-15T11:25:10.000Z</time>
   </trkpt>
   <trkpt lat="52.485142" lon="13.480882">
    <ele>47.6</ele>
    <time>2025-06-15T11:25:12.000Z</time>
   </trkpt>
   <trkpt lat="52.485236" lon="13.481021">
    <ele>47.2</ele>
    <time>2025-06-15T11:25:17.000Z</time>
   </trkpt>
   <trkpt lat="52.485273" lon="13.481093">
    <ele>47</ele>
    <time>2025-06-15T11:25:19.000Z</time>
   </trkpt>
   <trkpt lat="52.485324" lon="13.481223">
    <ele>47</ele>
    <time>2025-06-15T11:25:22.000Z</time>
   </trkpt>
   <trkpt lat="52.485395" lon="13.48143">
    <ele>47</ele>
    <time>2025-06-15T11:25:27.000Z</time>
   </trkpt>
   <trkpt lat="52.485453" lon="13.48165">
    <ele>46.8</ele>
    <time>2025-06-15T11:25:33.000Z</time>
   </trkpt>
   <trkpt lat="52.485467" lon="13.481686">
    <ele>46.8</ele>
    <time>2025-06-15T11:25:34.000Z</time>
   </trkpt>
   <trkpt lat="52.485572" lon="13.481856">
    <ele>46.6</ele>
    <time>2025-06-15T11:25:40.000Z</time>
   </trkpt>
   <trkpt lat="52.485604" lon="13.481933">
    <ele>46.6</ele>
    <time>2025-06-15T11:25:43.000Z</time>
   </trkpt>
   <trkpt lat="52.485644" lon="13.481965">
    <ele>46.6</ele>
    <time>2025-06-15T11:25:45.000Z</time>
   </trkpt>
   <trkpt lat="52.485679" lon="13.482033">
    <ele>46.6</ele>
    <time>2025-06-15T11:25:51.000Z</time>
   </trkpt>
   <trkpt lat="52.485684" lon="13.482038">
    <ele>46.6</ele>
    <time>2025-06-15T11:25:52.000Z</time>
   </trkpt>
   <trkpt lat="52.485731" lon="13.482069">
    <ele>46.6</ele>
    <time>2025-06-15T11:25:56.000Z</time>
   </trkpt>
   <trkpt lat="52.485747" lon="13.482057">
    <ele>46.6</ele>
    <time>2025-06-15T11:25:57.000Z</time>
   </trkpt>
   <trkpt lat="52.485807" lon="13.481881">
    <ele>46.6</ele>
    <time>2025-06-15T11:26:03.000Z</time>
   </trkpt>
   <trkpt lat="52.485875" lon="13.481669">
    <ele>46.6</ele>
    <time>2025-06-15T11:26:09.000Z</time>
   </trkpt>
   <trkpt lat="52.485897" lon="13.481508">
    <ele>46.8</ele>
    <time>2025-06-15T11:26:15.000Z</time>
   </trkpt>
   <trkpt lat="52.485921" lon="13.481339">
    <ele>46.8</ele>
    <time>2025-06-15T11:26:20.000Z</time>
   </trkpt>
   <trkpt lat="52.485953" lon="13.481127">
    <ele>47.2</ele>
    <time>2025-06-15T11:26:26.000Z</time>
   </trkpt>
   <trkpt lat="52.485984" lon="13.480942">
    <ele>47.4</ele>
    <time>2025-06-15T11:26:32.000Z</time>
   </trkpt>
   <trkpt lat="52.486011" lon="13.480818">
    <ele>47.4</ele>
    <time>2025-06-15T11:26:37.000Z</time>
   </trkpt>
   <trkpt lat="52.486011" lon="13.480818">
    <ele>47.2</ele>
    <time>2025-06-15T11:26:38.000Z</time>
   </trkpt>
   <trkpt lat="52.486019" lon="13.480764">
    <ele>47.4</ele>
    <time>2025-06-15T11:26:58.000Z</time>
   </trkpt>
   <trkpt lat="52.486021" lon="13.480758">
    <ele>47.4</ele>
    <time>2025-06-15T11:27:00.000Z</time>
   </trkpt>
   <trkpt lat="52.486054" lon="13.480584">
    <ele>47.4</ele>
    <time>2025-06-15T11:27:05.000Z</time>
   </trkpt>
   <trkpt lat="52.486033" lon="13.480404">
    <ele>47.6</ele>
    <time>2025-06-15T11:27:09.000Z</time>
   </trkpt>
   <trkpt lat="52.486031" lon="13.480363">
    <ele>47.4</ele>
    <time>2025-06-15T11:27:10.000Z</time>
   </trkpt>
   <trkpt lat="52.486076" lon="13.480226">
    <ele>47.2</ele>
    <time>2025-06-15T11:27:15.000Z</time>
   </trkpt>
   <trkpt lat="52.486086" lon="13.480207">
    <ele>47.2</ele>
    <time>2025-06-15T11:27:16.000Z</time>
   </trkpt>
   <trkpt lat="52.486091" lon="13.480202">
    <ele>47.2</ele>
    <time>2025-06-15T11:27:17.000Z</time>
   </trkpt>
   <trkpt lat="52.486062" lon="13.480141">
    <ele>47.2</ele>
    <time>2025-06-15T11:27:54.000Z</time>
   </trkpt>
   <trkpt lat="52.48605" lon="13.480152">
    <ele>47.2</ele>
    <time>2025-06-15T11:27:55.000Z</time>
   </trkpt>
   <trkpt lat="52.485996" lon="13.480198">
    <ele>47.2</ele>
    <time>2025-06-15T11:27:58.000Z</time>
   </trkpt>
   <trkpt lat="52.485943" lon="13.480202">
    <ele>47.2</ele>
    <time>2025-06-15T11:28:00.000Z</time>
   </trkpt>
   <trkpt lat="52.485859" lon="13.480175">
    <ele>47.2</ele>
    <time>2025-06-15T11:28:03.000Z</time>
   </trkpt>
   <trkpt lat="52.485802" lon="13.480165">
    <ele>47.4</ele>
    <time>2025-06-15T11:28:05.000Z</time>
   </trkpt>
   <trkpt lat="52.485739" lon="13.480121">
    <ele>47.4</ele>
    <time>2025-06-15T11:28:07.000Z</time>
   </trkpt>
   <trkpt lat="52.485657" lon="13.480027">
    <ele>47.4</ele>
    <time>2025-06-15T11:28:11.000Z</time>
   </trkpt>
   <trkpt lat="52.485526" lon="13.479811">
    <ele>47.8</ele>
    <time>2025-06-15T11:28:16.000Z</time>
   </trkpt>
   <trkpt lat="52.485429" lon="13.479608">
    <ele>48</ele>
    <time>2025-06-15T11:28:20.000Z</time>
   </trkpt>
   <trkpt lat="52.48525" lon="13.479281">
    <ele>47.8</ele>
    <time>2025-06-15T11:28:27.000Z</time>
   </trkpt>
   <trkpt lat="52.485213" lon="13.479181">
    <ele>48</ele>
    <time>2025-06-15T11:28:29.000Z</time>
   </trkpt>
   <trkpt lat="52.485214" lon="13.479148">
    <ele>48</ele>
    <time>2025-06-15T11:28:30.000Z</time>
   </trkpt>
   <trkpt lat="52.485306" lon="13.479003">
    <ele>48</ele>
    <time>2025-06-15T11:28:35.000Z</time>
   </trkpt>
   <trkpt lat="52.485464" lon="13.478816">
    <ele>48</ele>
    <time>2025-06-15T11:28:41.000Z</time>
   </trkpt>
   <trkpt lat="52.485532" lon="13.478752">
    <ele>48</ele>
    <time>2025-06-15T11:28:43.000Z</time>
   </trkpt>
   <trkpt lat="52.485735" lon="13.478558">
    <ele>47.8</ele>
    <time>2025-06-15T11:28:49.000Z</time>
   </trkpt>
   <trkpt lat="52.485953" lon="13.478366">
    <ele>47.8</ele>
    <time>2025-06-15T11:28:56.000Z</time>
   </trkpt>
   <trkpt lat="52.486068" lon="13.478239">
    <ele>47.8</ele>
    <time>2025-06-15T11:29:00.000Z</time>
   </trkpt>
   <trkpt lat="52.486105" lon="13.478212">
    <ele>47.8</ele>
    <time>2025-06-15T11:29:01.000Z</time>
   </trkpt>
   <trkpt lat="52.486287" lon="13.478056">
    <ele>48</ele>
    <time>2025-06-15T11:29:06.000Z</time>
   </trkpt>
   <trkpt lat="52.486324" lon="13.478024">
    <ele>48</ele>
    <time>2025-06-15T11:29:07.000Z</time>
   </trkpt>
   <trkpt lat="52.486499" lon="13.477848">
    <ele>48.2</ele>
    <time>2025-06-15T11:29:13.000Z</time>
   </trkpt>
   <trkpt lat="52.486546" lon="13.477786">
    <ele>48.2</ele>
    <time>2025-06-15T11:29:15.000Z</time>
   </trkpt>
   <trkpt lat="52.486646" lon="13.477707">
    <ele>48.2</ele>
    <time>2025-06-15T11:29:18.000Z</time>
   </trkpt>
   <trkpt lat="52.486707" lon="13.477649">
    <ele>48.2</ele>
    <time>2025-06-15T11:29:20.000Z</time>
   </trkpt>
   <trkpt lat="52.486733" lon="13.477626">
    <ele>48.2</ele>
    <time>2025-06-15T11:29:21.000Z</time>
   </trkpt>
   <trkpt lat="52.486797" lon="13.477567">
    <ele>48.2</ele>
    <time>2025-06-15T11:29:23.000Z</time>
   </trkpt>
   <trkpt lat="52.486991" lon="13.477377">
    <ele>48.6</ele>
    <time>2025-06-15T11:29:29.000Z</time>
   </trkpt>
   <trkpt lat="52.487061" lon="13.477291">
    <ele>48.6</ele>
    <time>2025-06-15T11:29:31.000Z</time>
   </trkpt>
   <trkpt lat="52.487138" lon="13.477196">
    <ele>48.6</ele>
    <time>2025-06-15T11:29:33.000Z</time>
   </trkpt>
   <trkpt lat="52.487172" lon="13.477163">
    <ele>48.6</ele>
    <time>2025-06-15T11:29:34.000Z</time>
   </trkpt>
   <trkpt lat="52.48724" lon="13.477104">
    <ele>48.6</ele>
    <time>2025-06-15T11:29:36.000Z</time>
   </trkpt>
   <trkpt lat="52.487321" lon="13.477025">
    <ele>48.6</ele>
    <time>2025-06-15T11:29:38.000Z</time>
   </trkpt>
   <trkpt lat="52.487447" lon="13.476913">
    <ele>48.6</ele>
    <time>2025-06-15T11:29:41.000Z</time>
   </trkpt>
   <trkpt lat="52.487525" lon="13.476827">
    <ele>48.6</ele>
    <time>2025-06-15T11:29:43.000Z</time>
   </trkpt>
   <trkpt lat="52.487595" lon="13.47673">
    <ele>48.6</ele>
    <time>2025-06-15T11:29:45.000Z</time>
   </trkpt>
   <trkpt lat="52.487702" lon="13.476638">
    <ele>48.4</ele>
    <time>2025-06-15T11:29:48.000Z</time>
   </trkpt>
   <trkpt lat="52.487763" lon="13.47655">
    <ele>48.4</ele>
    <time>2025-06-15T11:29:50.000Z</time>
   </trkpt>
   <trkpt lat="52.487791" lon="13.476488">
    <ele>48.4</ele>
    <time>2025-06-15T11:29:51.000Z</time>
   </trkpt>
   <trkpt lat="52.487898" lon="13.476158">
    <ele>48.2</ele>
    <time>2025-06-15T11:29:57.000Z</time>
   </trkpt>
   <trkpt lat="52.487915" lon="13.476114">
    <ele>48.2</ele>
    <time>2025-06-15T11:29:58.000Z</time>
   </trkpt>
   <trkpt lat="52.487964" lon="13.475978">
    <ele>48.2</ele>
    <time>2025-06-15T11:30:00.000Z</time>
   </trkpt>
   <trkpt lat="52.488035" lon="13.475763">
    <ele>48</ele>
    <time>2025-06-15T11:30:03.000Z</time>
   </trkpt>
   <trkpt lat="52.488114" lon="13.47548">
    <ele>48</ele>
    <time>2025-06-15T11:30:07.000Z</time>
   </trkpt>
   <trkpt lat="52.488135" lon="13.475415">
    <ele>48</ele>
    <time>2025-06-15T11:30:08.000Z</time>
   </trkpt>
   <trkpt lat="52.488205" lon="13.475213">
    <ele>48</ele>
    <time>2025-06-15T11:30:11.000Z</time>
   </trkpt>
   <trkpt lat="52.488264" lon="13.475106">
    <ele>48</ele>
    <time>2025-06-15T11:30:13.000Z</time>
   </trkpt>
   <trkpt lat="52.488316" lon="13.47493">
    <ele>48</ele>
    <time>2025-06-15T11:30:15.000Z</time>
   </trkpt>
   <trkpt lat="52.488367" lon="13.474753">
    <ele>48</ele>
    <time>2025-06-15T11:30:17.000Z</time>
   </trkpt>
   <trkpt lat="52.488394" lon="13.474682">
    <ele>48</ele>
    <time>2025-06-15T11:30:18.000Z</time>
   </trkpt>
   <trkpt lat="52.488462" lon="13.4745">
    <ele>48</ele>
    <time>2025-06-15T11:30:20.000Z</time>
   </trkpt>
   <trkpt lat="52.488498" lon="13.474405">
    <ele>48</ele>
    <time>2025-06-15T11:30:21.000Z</time>
   </trkpt>
   <trkpt lat="52.488534" lon="13.474316">
    <ele>48</ele>
    <time>2025-06-15T11:30:22.000Z</time>
   </trkpt>
   <trkpt lat="52.488582" lon="13.47414">
    <ele>47.8</ele>
    <time>2025-06-15T11:30:24.000Z</time>
   </trkpt>
   <trkpt lat="52.4886" lon="13.474041">
    <ele>47.8</ele>
    <time>2025-06-15T11:30:25.000Z</time>
   </trkpt>
   <trkpt lat="52.488685" lon="13.473641">
    <ele>48</ele>
    <time>2025-06-15T11:30:29.000Z</time>
   </trkpt>
   <trkpt lat="52.488743" lon="13.473438">
    <ele>48</ele>
    <time>2025-06-15T11:30:31.000Z</time>
   </trkpt>
   <trkpt lat="52.488833" lon="13.473113">
    <ele>48</ele>
    <time>2025-06-15T11:30:34.000Z</time>
   </trkpt>
   <trkpt lat="52.488953" lon="13.472704">
    <ele>48</ele>
    <time>2025-06-15T11:30:38.000Z</time>
   </trkpt>
   <trkpt lat="52.488981" lon="13.472593">
    <ele>48</ele>
    <time>2025-06-15T11:30:39.000Z</time>
   </trkpt>
   <trkpt lat="52.489067" lon="13.472246">
    <ele>48</ele>
    <time>2025-06-15T11:30:42.000Z</time>
   </trkpt>
   <trkpt lat="52.489103" lon="13.47214">
    <ele>48</ele>
    <time>2025-06-15T11:30:43.000Z</time>
   </trkpt>
   <trkpt lat="52.489212" lon="13.471822">
    <ele>48</ele>
    <time>2025-06-15T11:30:46.000Z</time>
   </trkpt>
   <trkpt lat="52.489341" lon="13.471347">
    <ele>48</ele>
    <time>2025-06-15T11:30:50.000Z</time>
   </trkpt>
   <trkpt lat="52.489373" lon="13.471232">
    <ele>48</ele>
    <time>2025-06-15T11:30:51.000Z</time>
   </trkpt>
   <trkpt lat="52.489405" lon="13.471108">
    <ele>48</ele>
    <time>2025-06-15T11:30:52.000Z</time>
   </trkpt>
   <trkpt lat="52.489557" lon="13.470648">
    <ele>48</ele>
    <time>2025-06-15T11:30:56.000Z</time>
   </trkpt>
   <trkpt lat="52.489721" lon="13.47007">
    <ele>48</ele>
    <time>2025-06-15T11:31:01.000Z</time>
   </trkpt>
   <trkpt lat="52.489759" lon="13.469962">
    <ele>48</ele>
    <time>2025-06-15T11:31:02.000Z</time>
   </trkpt>
   <trkpt lat="52.489939" lon="13.469429">
    <ele>48</ele>
    <time>2025-06-15T11:31:07.000Z</time>
   </trkpt>
   <trkpt lat="52.489968" lon="13.469309">
    <ele>48</ele>
    <time>2025-06-15T11:31:08.000Z</time>
   </trkpt>
   <trkpt lat="52.490025" lon="13.469063">
    <ele>48</ele>
    <time>2025-06-15T11:31:10.000Z</time>
   </trkpt>
   <trkpt lat="52.490069" lon="13.468947">
    <ele>48</ele>
    <time>2025-06-15T11:31:11.000Z</time>
   </trkpt>
   <trkpt lat="52.490141" lon="13.46872">
    <ele>48</ele>
    <time>2025-06-15T11:31:13.000Z</time>
   </trkpt>
   <trkpt lat="52.490246" lon="13.468396">
    <ele>47.8</ele>
    <time>2025-06-15T11:31:16.000Z</time>
   </trkpt>
   <trkpt lat="52.49027" lon="13.468286">
    <ele>48</ele>
    <time>2025-06-15T11:31:17.000Z</time>
   </trkpt>
   <trkpt lat="52.490302" lon="13.468181">
    <ele>48</ele>
    <time>2025-06-15T11:31:18.000Z</time>
   </trkpt>
   <trkpt lat="52.490405" lon="13.467878">
    <ele>48.2</ele>
    <time>2025-06-15T11:31:21.000Z</time>
   </trkpt>
   <trkpt lat="52.490546" lon="13.467478">
    <ele>48.2</ele>
    <time>2025-06-15T11:31:25.000Z</time>
   </trkpt>
   <trkpt lat="52.490632" lon="13.467124">
    <ele>48.4</ele>
    <time>2025-06-15T11:31:28.000Z</time>
   </trkpt>
   <trkpt lat="52.490658" lon="13.46701">
    <ele>48.4</ele>
    <time>2025-06-15T11:31:29.000Z</time>
   </trkpt>
   <trkpt lat="52.490847" lon="13.466369">
    <ele>48.4</ele>
    <time>2025-06-15T11:31:35.000Z</time>
   </trkpt>
   <trkpt lat="52.490949" lon="13.466081">
    <ele>48.4</ele>
    <time>2025-06-15T11:31:38.000Z</time>
   </trkpt>
   <trkpt lat="52.491007" lon="13.465891">
    <ele>48.6</ele>
    <time>2025-06-15T11:31:40.000Z</time>
   </trkpt>
   <trkpt lat="52.491165" lon="13.465434">
    <ele>48.4</ele>
    <time>2025-06-15T11:31:45.000Z</time>
   </trkpt>
   <trkpt lat="52.491192" lon="13.465322">
    <ele>48.4</ele>
    <time>2025-06-15T11:31:46.000Z</time>
   </trkpt>
   <trkpt lat="52.491226" lon="13.465222">
    <ele>48.4</ele>
    <time>2025-06-15T11:31:47.000Z</time>
   </trkpt>
   <trkpt lat="52.491353" lon="13.464748">
    <ele>48.4</ele>
    <time>2025-06-15T11:31:51.000Z</time>
   </trkpt>
   <trkpt lat="52.491517" lon="13.464302">
    <ele>48.4</ele>
    <time>2025-06-15T11:31:56.000Z</time>
   </trkpt>
   <trkpt lat="52.491584" lon="13.464127">
    <ele>48.6</ele>
    <time>2025-06-15T11:31:58.000Z</time>
   </trkpt>
   <trkpt lat="52.491607" lon="13.464027">
    <ele>48.6</ele>
    <time>2025-06-15T11:31:59.000Z</time>
   </trkpt>
   <trkpt lat="52.491635" lon="13.463942">
    <ele>48.6</ele>
    <time>2025-06-15T11:32:00.000Z</time>
   </trkpt>
   <trkpt lat="52.491722" lon="13.463699">
    <ele>48.6</ele>
    <time>2025-06-15T11:32:03.000Z</time>
   </trkpt>
   <trkpt lat="52.491777" lon="13.463555">
    <ele>48.6</ele>
    <time>2025-06-15T11:32:05.000Z</time>
   </trkpt>
   <trkpt lat="52.491797" lon="13.463372">
    <ele>48.6</ele>
    <time>2025-06-15T11:32:07.000Z</time>
   </trkpt>
   <trkpt lat="52.491816" lon="13.463285">
    <ele>48.6</ele>
    <time>2025-06-15T11:32:08.000Z</time>
   </trkpt>
   <trkpt lat="52.49182" lon="13.463215">
    <ele>48.6</ele>
    <time>2025-06-15T11:32:09.000Z</time>
   </trkpt>
   <trkpt lat="52.491831" lon="13.463141">
    <ele>48.6</ele>
    <time>2025-06-15T11:32:10.000Z</time>
   </trkpt>
   <trkpt lat="52.491922" lon="13.462879">
    <ele>48.6</ele>
    <time>2025-06-15T11:32:14.000Z</time>
   </trkpt>
   <trkpt lat="52.491994" lon="13.462676">
    <ele>48.6</ele>
    <time>2025-06-15T11:32:17.000Z</time>
   </trkpt>
   <trkpt lat="52.492029" lon="13.462543">
    <ele>48.6</ele>
    <time>2025-06-15T11:32:19.000Z</time>
   </trkpt>
   <trkpt lat="52.492075" lon="13.462372">
    <ele>48.6</ele>
    <time>2025-06-15T11:32:22.000Z</time>
   </trkpt>
   <trkpt lat="52.492129" lon="13.462307">
    <ele>48.6</ele>
    <time>2025-06-15T11:32:24.000Z</time>
   </trkpt>
   <trkpt lat="52.492161" lon="13.462279">
    <ele>48.6</ele>
    <time>2025-06-15T11:32:25.000Z</time>
   </trkpt>
   <trkpt lat="52.492302" lon="13.462119">
    <ele>48.6</ele>
    <time>2025-06-15T11:32:29.000Z</time>
   </trkpt>
   <trkpt lat="52.492388" lon="13.462033">
    <ele>48.6</ele>
    <time>2025-06-15T11:32:31.000Z</time>
   </trkpt>
   <trkpt lat="52.492469" lon="13.461972">
    <ele>48.4</ele>
    <time>2025-06-15T11:32:33.000Z</time>
   </trkpt>
   <trkpt lat="52.49271" lon="13.461811">
    <ele>48.2</ele>
    <time>2025-06-15T11:32:39.000Z</time>
   </trkpt>
   <trkpt lat="52.492908" lon="13.461739">
    <ele>48.6</ele>
    <time>2025-06-15T11:32:44.000Z</time>
   </trkpt>
   <trkpt lat="52.492967" lon="13.461754">
    <ele>48.6</ele>
    <time>2025-06-15T11:32:46.000Z</time>
   </trkpt>
   <trkpt lat="52.49301" lon="13.461725">
    <ele>48.8</ele>
    <time>2025-06-15T11:32:48.000Z</time>
   </trkpt>
   <trkpt lat="52.493023" lon="13.461722">
    <ele>48.8</ele>
    <time>2025-06-15T11:32:49.000Z</time>
   </trkpt>
   <trkpt lat="52.493046" lon="13.461741">
    <ele>48.8</ele>
    <time>2025-06-15T11:32:51.000Z</time>
   </trkpt>
   <trkpt lat="52.493052" lon="13.461756">
    <ele>48.8</ele>
    <time>2025-06-15T11:32:52.000Z</time>
   </trkpt>
   <trkpt lat="52.49307" lon="13.461794">
    <ele>48.8</ele>
    <time>2025-06-15T11:32:54.000Z</time>
   </trkpt>
  </trkseg>
 </trk>
</gpx>
