<?xml version="1.0" encoding="UTF-8"?>
<gpx creator="StravaGPX" version="1.1" xmlns="http://www.topografix.com/GPX/1/1">
 <metadata>
  <time>2019-11-11T12:05:28Z</time>
 </metadata>
 <trk>
  <name>Morning Ride</name>
  <type>1</type>
  <trkseg>
   <trkpt lat="-8.03674" lon="-34.892787">
    <ele>7.4</ele>
    <time>2019-11-11T12:05:28.000Z</time>
   </trkpt>
   <trkpt lat="-8.03668" lon="-34.892761">
    <ele>7.5</ele>
    <time>2019-11-11T12:05:31.000Z</time>
   </trkpt>
   <trkpt lat="-8.036674" lon="-34.892716">
    <ele>7.5</ele>
    <time>2019-11-11T12:05:33.000Z</time>
   </trkpt>
   <trkpt lat="-8.036669" lon="-34.892666">
    <ele>7.6</ele>
    <time>2019-11-11T12:05:34.000Z</time>
   </trkpt>
   <trkpt lat="-8.036673" lon="-34.892607">
    <ele>7.7</ele>
    <time>2019-11-11T12:05:38.000Z</time>
   </trkpt>
   <trkpt lat="-8.036685" lon="-34.892583">
    <ele>7.8</ele>
    <time>2019-11-11T12:05:40.000Z</time>
   </trkpt>
   <trkpt lat="-8.036698" lon="-34.89256">
    <ele>7.8</ele>
    <time>2019-11-11T12:05:41.000Z</time>
   </trkpt>
   <trkpt lat="-8.036678" lon="-34.89258">
    <ele>7.9</ele>
    <time>2019-11-11T12:05:49.000Z</time>
   </trkpt>
   <trkpt lat="-8.036991" lon="-34.892691">
    <ele>8.5</ele>
    <time>2019-11-11T12:06:34.000Z</time>
   </trkpt>
   <trkpt lat="-8.036961" lon="-34.892711">
    <ele>8.6</ele>
    <time>2019-11-11T12:06:36.000Z</time>
   </trkpt>
   <trkpt lat="-8.036923" lon="-34.892723">
    <ele>8.7</ele>
    <time>2019-11-11T12:06:39.000Z</time>
   </trkpt>
   <trkpt lat="-8.036945" lon="-34.892749">
    <ele>8.7</ele>
    <time>2019-11-11T12:06:43.000Z</time>
   </trkpt>
   <trkpt lat="-8.036986" lon="-34.892765">
    <ele>8.9</ele>
    <time>2019-11-11T12:06:45.000Z</time>
   </trkpt>
   <trkpt lat="-8.037038" lon="-34.892774">
    <ele>9</ele>
    <time>2019-11-11T12:06:47.000Z</time>
   </trkpt>
   <trkpt lat="-8.037076" lon="-34.892783">
    <ele>9.1</ele>
    <time>2019-11-11T12:06:48.000Z</time>
   </trkpt>
   <trkpt lat="-8.03711" lon="-34.892791">
    <ele>9.1</ele>
    <time>2019-11-11T12:06:49.000Z</time>
   </trkpt>
   <trkpt lat="-8.037146" lon="-34.892801">
    <ele>9.2</ele>
    <time>2019-11-11T12:06:50.000Z</time>
   </trkpt>
   <trkpt lat="-8.037183" lon="-34.892811">
    <ele>9.3</ele>
    <time>2019-11-11T12:06:51.000Z</time>
   </trkpt>
   <trkpt lat="-8.037216" lon="-34.89282">
    <ele>9.4</ele>
    <time>2019-11-11T12:06:52.000Z</time>
   </trkpt>
   <trkpt lat="-8.037253" lon="-34.892823">
    <ele>9.5</ele>
    <time>2019-11-11T12:06:53.000Z</time>
   </trkpt>
   <trkpt lat="-8.037288" lon="-34.892829">
    <ele>9.6</ele>
    <time>2019-11-11T12:06:54.000Z</time>
   </trkpt>
   <trkpt lat="-8.037319" lon="-34.892831">
    <ele>9.9</ele>
    <time>2019-11-11T12:06:55.000Z</time>
   </trkpt>
   <trkpt lat="-8.037365" lon="-34.892816">
    <ele>9.8</ele>
    <time>2019-11-11T12:06:57.000Z</time>
   </trkpt>
   <trkpt lat="-8.03738" lon="-34.892767">
    <ele>9.7</ele>
    <time>2019-11-11T12:06:59.000Z</time>
   </trkpt>
   <trkpt lat="-8.037386" lon="-34.892738">
    <ele>9.7</ele>
    <time>2019-11-11T12:07:00.000Z</time>
   </trkpt>
   <trkpt lat="-8.037391" lon="-34.892706">
    <ele>9.6</ele>
    <time>2019-11-11T12:07:01.000Z</time>
   </trkpt>
   <trkpt lat="-8.037395" lon="-34.892673">
    <ele>9.5</ele>
    <time>2019-11-11T12:07:02.000Z</time>
   </trkpt>
   <trkpt lat="-8.037397" lon="-34.892641">
    <ele>9.5</ele>
    <time>2019-11-11T12:07:03.000Z</time>
   </trkpt>
   <trkpt lat="-8.037399" lon="-34.892605">
    <ele>9.4</ele>
    <time>2019-11-11T12:07:04.000Z</time>
   </trkpt>
   <trkpt lat="-8.037398" lon="-34.892567">
    <ele>9.4</ele>
    <time>2019-11-11T12:07:05.000Z</time>
   </trkpt>
   <trkpt lat="-8.037397" lon="-34.89253">
    <ele>9.3</ele>
    <time>2019-11-11T12:07:06.000Z</time>
   </trkpt>
   <trkpt lat="-8.037398" lon="-34.892492">
    <ele>9.2</ele>
    <time>2019-11-11T12:07:07.000Z</time>
   </trkpt>
   <trkpt lat="-8.0374" lon="-34.892456">
    <ele>9.1</ele>
    <time>2019-11-11T12:07:08.000Z</time>
   </trkpt>
   <trkpt lat="-8.037399" lon="-34.892422">
    <ele>9.1</ele>
    <time>2019-11-11T12:07:09.000Z</time>
   </trkpt>
   <trkpt lat="-8.037404" lon="-34.892383">
    <ele>9</ele>
    <time>2019-11-11T12:07:10.000Z</time>
   </trkpt>
   <trkpt lat="-8.037407" lon="-34.892343">
    <ele>8.9</ele>
    <time>2019-11-11T12:07:11.000Z</time>
   </trkpt>
   <trkpt lat="-8.037413" lon="-34.892306">
    <ele>8.9</ele>
    <time>2019-11-11T12:07:12.000Z</time>
   </trkpt>
   <trkpt lat="-8.037418" lon="-34.892268">
    <ele>8.8</ele>
    <time>2019-11-11T12:07:13.000Z</time>
   </trkpt>
   <trkpt lat="-8.037423" lon="-34.892229">
    <ele>8.7</ele>
    <time>2019-11-11T12:07:14.000Z</time>
   </trkpt>
   <trkpt lat="-8.037426" lon="-34.892183">
    <ele>8.6</ele>
    <time>2019-11-11T12:07:15.000Z</time>
   </trkpt>
   <trkpt lat="-8.037431" lon="-34.892139">
    <ele>8.6</ele>
    <time>2019-11-11T12:07:16.000Z</time>
   </trkpt>
   <trkpt lat="-8.03744" lon="-34.892099">
    <ele>8.5</ele>
    <time>2019-11-11T12:07:17.000Z</time>
   </trkpt>
   <trkpt lat="-8.037451" lon="-34.892066">
    <ele>8.8</ele>
    <time>2019-11-11T12:07:18.000Z</time>
   </trkpt>
   <trkpt lat="-8.037463" lon="-34.892038">
    <ele>9</ele>
    <time>2019-11-11T12:07:19.000Z</time>
   </trkpt>
   <trkpt lat="-8.037485" lon="-34.89201">
    <ele>9.2</ele>
    <time>2019-11-11T12:07:20.000Z</time>
   </trkpt>
   <trkpt lat="-8.037502" lon="-34.891984">
    <ele>9.4</ele>
    <time>2019-11-11T12:07:21.000Z</time>
   </trkpt>
   <trkpt lat="-8.037519" lon="-34.891955">
    <ele>9.6</ele>
    <time>2019-11-11T12:07:22.000Z</time>
   </trkpt>
   <trkpt lat="-8.03753" lon="-34.891929">
    <ele>9.8</ele>
    <time>2019-11-11T12:07:23.000Z</time>
   </trkpt>
   <trkpt lat="-8.037549" lon="-34.8919">
    <ele>10</ele>
    <time>2019-11-11T12:07:24.000Z</time>
   </trkpt>
   <trkpt lat="-8.03755" lon="-34.891866">
    <ele>10.1</ele>
    <time>2019-11-11T12:07:25.000Z</time>
   </trkpt>
   <trkpt lat="-8.037569" lon="-34.891832">
    <ele>10.2</ele>
    <time>2019-11-11T12:07:26.000Z</time>
   </trkpt>
   <trkpt lat="-8.037588" lon="-34.891801">
    <ele>10.4</ele>
    <time>2019-11-11T12:07:27.000Z</time>
   </trkpt>
   <trkpt lat="-8.037606" lon="-34.891765">
    <ele>10.5</ele>
    <time>2019-11-11T12:07:28.000Z</time>
   </trkpt>
   <trkpt lat="-8.037624" lon="-34.891734">
    <ele>10.6</ele>
    <time>2019-11-11T12:07:29.000Z</time>
   </trkpt>
   <trkpt lat="-8.037643" lon="-34.891701">
    <ele>10.8</ele>
    <time>2019-11-11T12:07:30.000Z</time>
   </trkpt>
   <trkpt lat="-8.03767" lon="-34.891662">
    <ele>11</ele>
    <time>2019-11-11T12:07:31.000Z</time>
   </trkpt>
   <trkpt lat="-8.037702" lon="-34.891625">
    <ele>11.3</ele>
    <time>2019-11-11T12:07:32.000Z</time>
   </trkpt>
   <trkpt lat="-8.037734" lon="-34.891592">
    <ele>11.5</ele>
    <time>2019-11-11T12:07:33.000Z</time>
   </trkpt>
   <trkpt lat="-8.037767" lon="-34.891579">
    <ele>11.7</ele>
    <time>2019-11-11T12:07:34.000Z</time>
   </trkpt>
   <trkpt lat="-8.03781" lon="-34.891583">
    <ele>11.9</ele>
    <time>2019-11-11T12:07:35.000Z</time>
   </trkpt>
   <trkpt lat="-8.037849" lon="-34.891595">
    <ele>12.3</ele>
    <time>2019-11-11T12:07:36.000Z</time>
   </trkpt>
   <trkpt lat="-8.037889" lon="-34.891616">
    <ele>12.4</ele>
    <time>2019-11-11T12:07:37.000Z</time>
   </trkpt>
   <trkpt lat="-8.037926" lon="-34.891639">
    <ele>12.4</ele>
    <time>2019-11-11T12:07:38.000Z</time>
   </trkpt>
   <trkpt lat="-8.037964" lon="-34.891661">
    <ele>12.5</ele>
    <time>2019-11-11T12:07:39.000Z</time>
   </trkpt>
   <trkpt lat="-8.038002" lon="-34.891684">
    <ele>12.6</ele>
    <time>2019-11-11T12:07:40.000Z</time>
   </trkpt>
   <trkpt lat="-8.038039" lon="-34.891702">
    <ele>12.7</ele>
    <time>2019-11-11T12:07:41.000Z</time>
   </trkpt>
   <trkpt lat="-8.03808" lon="-34.89173">
    <ele>12.9</ele>
    <time>2019-11-11T12:07:42.000Z</time>
   </trkpt>
   <trkpt lat="-8.038128" lon="-34.891761">
    <ele>13</ele>
    <time>2019-11-11T12:07:43.000Z</time>
   </trkpt>
   <trkpt lat="-8.038175" lon="-34.891795">
    <ele>13.1</ele>
    <time>2019-11-11T12:07:44.000Z</time>
   </trkpt>
   <trkpt lat="-8.038212" lon="-34.89182">
    <ele>13.1</ele>
    <time>2019-11-11T12:07:45.000Z</time>
   </trkpt>
   <trkpt lat="-8.038248" lon="-34.891846">
    <ele>13</ele>
    <time>2019-11-11T12:07:46.000Z</time>
   </trkpt>
   <trkpt lat="-8.038288" lon="-34.891876">
    <ele>12.9</ele>
    <time>2019-11-11T12:07:47.000Z</time>
   </trkpt>
   <trkpt lat="-8.038319" lon="-34.8919">
    <ele>12.8</ele>
    <time>2019-11-11T12:07:48.000Z</time>
   </trkpt>
   <trkpt lat="-8.038349" lon="-34.891923">
    <ele>12.6</ele>
    <time>2019-11-11T12:07:50.000Z</time>
   </trkpt>
   <trkpt lat="-8.038386" lon="-34.891931">
    <ele>12.6</ele>
    <time>2019-11-11T12:07:53.000Z</time>
   </trkpt>
   <trkpt lat="-8.038425" lon="-34.89194">
    <ele>12.6</ele>
    <time>2019-11-11T12:07:55.000Z</time>
   </trkpt>
   <trkpt lat="-8.038453" lon="-34.891965">
    <ele>12.6</ele>
    <time>2019-11-11T12:07:58.000Z</time>
   </trkpt>
   <trkpt lat="-8.03849" lon="-34.891941">
    <ele>12.6</ele>
    <time>2019-11-11T12:08:34.000Z</time>
   </trkpt>
   <trkpt lat="-8.038531" lon="-34.891959">
    <ele>12.6</ele>
    <time>2019-11-11T12:08:36.000Z</time>
   </trkpt>
   <trkpt lat="-8.038572" lon="-34.891983">
    <ele>12.5</ele>
    <time>2019-11-11T12:08:37.000Z</time>
   </trkpt>
   <trkpt lat="-8.038615" lon="-34.892003">
    <ele>12.5</ele>
    <time>2019-11-11T12:08:38.000Z</time>
   </trkpt>
   <trkpt lat="-8.038655" lon="-34.892026">
    <ele>12.4</ele>
    <time>2019-11-11T12:08:39.000Z</time>
   </trkpt>
   <trkpt lat="-8.038702" lon="-34.89205">
    <ele>12.4</ele>
    <time>2019-11-11T12:08:40.000Z</time>
   </trkpt>
   <trkpt lat="-8.038748" lon="-34.892072">
    <ele>12.6</ele>
    <time>2019-11-11T12:08:41.000Z</time>
   </trkpt>
   <trkpt lat="-8.038794" lon="-34.892097">
    <ele>12.8</ele>
    <time>2019-11-11T12:08:42.000Z</time>
   </trkpt>
   <trkpt lat="-8.038836" lon="-34.892113">
    <ele>13</ele>
    <time>2019-11-11T12:08:43.000Z</time>
   </trkpt>
   <trkpt lat="-8.038881" lon="-34.892131">
    <ele>13.1</ele>
    <time>2019-11-11T12:08:44.000Z</time>
   </trkpt>
   <trkpt lat="-8.038919" lon="-34.892156">
    <ele>13.3</ele>
    <time>2019-11-11T12:08:45.000Z</time>
   </trkpt>
   <trkpt lat="-8.038964" lon="-34.892178">
    <ele>13.1</ele>
    <time>2019-11-11T12:08:46.000Z</time>
   </trkpt>
   <trkpt lat="-8.039008" lon="-34.892193">
    <ele>12.8</ele>
    <time>2019-11-11T12:08:47.000Z</time>
   </trkpt>
   <trkpt lat="-8.039055" lon="-34.892204">
    <ele>12.4</ele>
    <time>2019-11-11T12:08:48.000Z</time>
   </trkpt>
   <trkpt lat="-8.039105" lon="-34.892209">
    <ele>12.1</ele>
    <time>2019-11-11T12:08:49.000Z</time>
   </trkpt>
   <trkpt lat="-8.039153" lon="-34.892226">
    <ele>12</ele>
    <time>2019-11-11T12:08:50.000Z</time>
   </trkpt>
   <trkpt lat="-8.039198" lon="-34.892243">
    <ele>12</ele>
    <time>2019-11-11T12:08:51.000Z</time>
   </trkpt>
   <trkpt lat="-8.039235" lon="-34.892257">
    <ele>11.8</ele>
    <time>2019-11-11T12:08:52.000Z</time>
   </trkpt>
   <trkpt lat="-8.039274" lon="-34.892274">
    <ele>11.5</ele>
    <time>2019-11-11T12:08:53.000Z</time>
   </trkpt>
   <trkpt lat="-8.039315" lon="-34.892293">
    <ele>11.5</ele>
    <time>2019-11-11T12:08:54.000Z</time>
   </trkpt>
   <trkpt lat="-8.039352" lon="-34.892305">
    <ele>11.5</ele>
    <time>2019-11-11T12:08:55.000Z</time>
   </trkpt>
   <trkpt lat="-8.039386" lon="-34.892312">
    <ele>11.5</ele>
    <time>2019-11-11T12:08:56.000Z</time>
   </trkpt>
   <trkpt lat="-8.039424" lon="-34.892316">
    <ele>11.6</ele>
    <time>2019-11-11T12:08:57.000Z</time>
   </trkpt>
   <trkpt lat="-8.039477" lon="-34.892317">
    <ele>11.7</ele>
    <time>2019-11-11T12:08:58.000Z</time>
   </trkpt>
   <trkpt lat="-8.039537" lon="-34.892307">
    <ele>11.9</ele>
    <time>2019-11-11T12:08:59.000Z</time>
   </trkpt>
   <trkpt lat="-8.0396" lon="-34.892291">
    <ele>12.2</ele>
    <time>2019-11-11T12:09:00.000Z</time>
   </trkpt>
   <trkpt lat="-8.039651" lon="-34.892267">
    <ele>12.3</ele>
    <time>2019-11-11T12:09:01.000Z</time>
   </trkpt>
   <trkpt lat="-8.039693" lon="-34.89225">
    <ele>12.3</ele>
    <time>2019-11-11T12:09:02.000Z</time>
   </trkpt>
   <trkpt lat="-8.039741" lon="-34.892261">
    <ele>12.9</ele>
    <time>2019-11-11T12:09:03.000Z</time>
   </trkpt>
   <trkpt lat="-8.039789" lon="-34.892279">
    <ele>13.2</ele>
    <time>2019-11-11T12:09:04.000Z</time>
   </trkpt>
   <trkpt lat="-8.039847" lon="-34.892309">
    <ele>13.6</ele>
    <time>2019-11-11T12:09:05.000Z</time>
   </trkpt>
   <trkpt lat="-8.039898" lon="-34.892337">
    <ele>13.9</ele>
    <time>2019-11-11T12:09:06.000Z</time>
   </trkpt>
   <trkpt lat="-8.039936" lon="-34.892359">
    <ele>14</ele>
    <time>2019-11-11T12:09:07.000Z</time>
   </trkpt>
   <trkpt lat="-8.039971" lon="-34.892386">
    <ele>14.1</ele>
    <time>2019-11-11T12:09:08.000Z</time>
   </trkpt>
   <trkpt lat="-8.039998" lon="-34.892421">
    <ele>14.2</ele>
    <time>2019-11-11T12:09:09.000Z</time>
   </trkpt>
   <trkpt lat="-8.04003" lon="-34.892459">
    <ele>14.4</ele>
    <time>2019-11-11T12:09:10.000Z</time>
   </trkpt>
   <trkpt lat="-8.040069" lon="-34.892495">
    <ele>14.6</ele>
    <time>2019-11-11T12:09:11.000Z</time>
   </trkpt>
   <trkpt lat="-8.04011" lon="-34.892525">
    <ele>14.7</ele>
    <time>2019-11-11T12:09:12.000Z</time>
   </trkpt>
   <trkpt lat="-8.040158" lon="-34.892545">
    <ele>14.9</ele>
    <time>2019-11-11T12:09:13.000Z</time>
   </trkpt>
   <trkpt lat="-8.040205" lon="-34.892572">
    <ele>15</ele>
    <time>2019-11-11T12:09:14.000Z</time>
   </trkpt>
   <trkpt lat="-8.040261" lon="-34.89261">
    <ele>15.1</ele>
    <time>2019-11-11T12:09:15.000Z</time>
   </trkpt>
   <trkpt lat="-8.0403" lon="-34.892646">
    <ele>15.1</ele>
    <time>2019-11-11T12:09:16.000Z</time>
   </trkpt>
   <trkpt lat="-8.040327" lon="-34.892669">
    <ele>15.2</ele>
    <time>2019-11-11T12:09:17.000Z</time>
   </trkpt>
   <trkpt lat="-8.040357" lon="-34.892706">
    <ele>15.2</ele>
    <time>2019-11-11T12:09:18.000Z</time>
   </trkpt>
   <trkpt lat="-8.04039" lon="-34.892739">
    <ele>15.2</ele>
    <time>2019-11-11T12:09:19.000Z</time>
   </trkpt>
   <trkpt lat="-8.040421" lon="-34.892766">
    <ele>15.3</ele>
    <time>2019-11-11T12:09:20.000Z</time>
   </trkpt>
   <trkpt lat="-8.040456" lon="-34.892795">
    <ele>15.3</ele>
    <time>2019-11-11T12:09:21.000Z</time>
   </trkpt>
   <trkpt lat="-8.040488" lon="-34.892836">
    <ele>15.4</ele>
    <time>2019-11-11T12:09:22.000Z</time>
   </trkpt>
   <trkpt lat="-8.040512" lon="-34.892875">
    <ele>15.5</ele>
    <time>2019-11-11T12:09:23.000Z</time>
   </trkpt>
   <trkpt lat="-8.04054" lon="-34.892907">
    <ele>15.6</ele>
    <time>2019-11-11T12:09:24.000Z</time>
   </trkpt>
   <trkpt lat="-8.040577" lon="-34.892942">
    <ele>15.7</ele>
    <time>2019-11-11T12:09:25.000Z</time>
   </trkpt>
   <trkpt lat="-8.040615" lon="-34.892984">
    <ele>15.8</ele>
    <time>2019-11-11T12:09:26.000Z</time>
   </trkpt>
   <trkpt lat="-8.04065" lon="-34.893013">
    <ele>15.9</ele>
    <time>2019-11-11T12:09:27.000Z</time>
   </trkpt>
   <trkpt lat="-8.04068" lon="-34.893052">
    <ele>16</ele>
    <time>2019-11-11T12:09:28.000Z</time>
   </trkpt>
   <trkpt lat="-8.040706" lon="-34.893089">
    <ele>16</ele>
    <time>2019-11-11T12:09:29.000Z</time>
   </trkpt>
   <trkpt lat="-8.040744" lon="-34.893126">
    <ele>16.1</ele>
    <time>2019-11-11T12:09:30.000Z</time>
   </trkpt>
   <trkpt lat="-8.04078" lon="-34.89316">
    <ele>16.2</ele>
    <time>2019-11-11T12:09:31.000Z</time>
   </trkpt>
   <trkpt lat="-8.040844" lon="-34.8932">
    <ele>16.3</ele>
    <time>2019-11-11T12:09:32.000Z</time>
   </trkpt>
   <trkpt lat="-8.040896" lon="-34.893241">
    <ele>16.4</ele>
    <time>2019-11-11T12:09:33.000Z</time>
   </trkpt>
   <trkpt lat="-8.040944" lon="-34.893298">
    <ele>16.6</ele>
    <time>2019-11-11T12:09:34.000Z</time>
   </trkpt>
   <trkpt lat="-8.040986" lon="-34.89334">
    <ele>16.7</ele>
    <time>2019-11-11T12:09:35.000Z</time>
   </trkpt>
   <trkpt lat="-8.041009" lon="-34.893379">
    <ele>16.9</ele>
    <time>2019-11-11T12:09:36.000Z</time>
   </trkpt>
   <trkpt lat="-8.041025" lon="-34.893417">
    <ele>17</ele>
    <time>2019-11-11T12:09:37.000Z</time>
   </trkpt>
   <trkpt lat="-8.041058" lon="-34.893454">
    <ele>17.1</ele>
    <time>2019-11-11T12:09:38.000Z</time>
   </trkpt>
   <trkpt lat="-8.041089" lon="-34.893487">
    <ele>17.2</ele>
    <time>2019-11-11T12:09:39.000Z</time>
   </trkpt>
   <trkpt lat="-8.041145" lon="-34.893476">
    <ele>17.4</ele>
    <time>2019-11-11T12:09:40.000Z</time>
   </trkpt>
   <trkpt lat="-8.041173" lon="-34.893498">
    <ele>17.5</ele>
    <time>2019-11-11T12:09:41.000Z</time>
   </trkpt>
   <trkpt lat="-8.041211" lon="-34.893507">
    <ele>17.6</ele>
    <time>2019-11-11T12:09:42.000Z</time>
   </trkpt>
   <trkpt lat="-8.041234" lon="-34.893529">
    <ele>17.7</ele>
    <time>2019-11-11T12:09:43.000Z</time>
   </trkpt>
   <trkpt lat="-8.041259" lon="-34.893559">
    <ele>17.8</ele>
    <time>2019-11-11T12:09:44.000Z</time>
   </trkpt>
   <trkpt lat="-8.041301" lon="-34.893605">
    <ele>18</ele>
    <time>2019-11-11T12:09:45.000Z</time>
   </trkpt>
   <trkpt lat="-8.041344" lon="-34.893641">
    <ele>18</ele>
    <time>2019-11-11T12:09:46.000Z</time>
   </trkpt>
   <trkpt lat="-8.04138" lon="-34.893662">
    <ele>18.1</ele>
    <time>2019-11-11T12:09:47.000Z</time>
   </trkpt>
   <trkpt lat="-8.041407" lon="-34.89367">
    <ele>18.1</ele>
    <time>2019-11-11T12:09:48.000Z</time>
   </trkpt>
   <trkpt lat="-8.041455" lon="-34.893669">
    <ele>17.8</ele>
    <time>2019-11-11T12:09:50.000Z</time>
   </trkpt>
   <trkpt lat="-8.041485" lon="-34.893666">
    <ele>17.8</ele>
    <time>2019-11-11T12:09:51.000Z</time>
   </trkpt>
   <trkpt lat="-8.041507" lon="-34.893644">
    <ele>17.7</ele>
    <time>2019-11-11T12:09:52.000Z</time>
   </trkpt>
   <trkpt lat="-8.041533" lon="-34.893627">
    <ele>17.6</ele>
    <time>2019-11-11T12:09:53.000Z</time>
   </trkpt>
   <trkpt lat="-8.041575" lon="-34.893605">
    <ele>17.5</ele>
    <time>2019-11-11T12:09:55.000Z</time>
   </trkpt>
   <trkpt lat="-8.041594" lon="-34.893581">
    <ele>17.5</ele>
    <time>2019-11-11T12:09:56.000Z</time>
   </trkpt>
   <trkpt lat="-8.041612" lon="-34.893554">
    <ele>17.4</ele>
    <time>2019-11-11T12:09:57.000Z</time>
   </trkpt>
   <trkpt lat="-8.04163" lon="-34.893529">
    <ele>17.4</ele>
    <time>2019-11-11T12:09:58.000Z</time>
   </trkpt>
   <trkpt lat="-8.041644" lon="-34.8935">
    <ele>17.3</ele>
    <time>2019-11-11T12:09:59.000Z</time>
   </trkpt>
   <trkpt lat="-8.041666" lon="-34.893472">
    <ele>17.3</ele>
    <time>2019-11-11T12:10:00.000Z</time>
   </trkpt>
   <trkpt lat="-8.041693" lon="-34.893447">
    <ele>17.2</ele>
    <time>2019-11-11T12:10:01.000Z</time>
   </trkpt>
   <trkpt lat="-8.041713" lon="-34.893423">
    <ele>17.2</ele>
    <time>2019-11-11T12:10:02.000Z</time>
   </trkpt>
   <trkpt lat="-8.04174" lon="-34.893395">
    <ele>17.2</ele>
    <time>2019-11-11T12:10:03.000Z</time>
   </trkpt>
   <trkpt lat="-8.041714" lon="-34.893339">
    <ele>17.2</ele>
    <time>2019-11-11T12:10:04.000Z</time>
   </trkpt>
   <trkpt lat="-8.041724" lon="-34.893291">
    <ele>17.1</ele>
    <time>2019-11-11T12:10:05.000Z</time>
   </trkpt>
   <trkpt lat="-8.041734" lon="-34.893239">
    <ele>17.1</ele>
    <time>2019-11-11T12:10:06.000Z</time>
   </trkpt>
   <trkpt lat="-8.041763" lon="-34.893204">
    <ele>17.1</ele>
    <time>2019-11-11T12:10:07.000Z</time>
   </trkpt>
   <trkpt lat="-8.041796" lon="-34.893181">
    <ele>17.1</ele>
    <time>2019-11-11T12:10:08.000Z</time>
   </trkpt>
   <trkpt lat="-8.04183" lon="-34.893154">
    <ele>17.1</ele>
    <time>2019-11-11T12:10:09.000Z</time>
   </trkpt>
   <trkpt lat="-8.041859" lon="-34.893123">
    <ele>17.1</ele>
    <time>2019-11-11T12:10:10.000Z</time>
   </trkpt>
   <trkpt lat="-8.04189" lon="-34.893091">
    <ele>17.1</ele>
    <time>2019-11-11T12:10:11.000Z</time>
   </trkpt>
   <trkpt lat="-8.041909" lon="-34.893057">
    <ele>17.1</ele>
    <time>2019-11-11T12:10:12.000Z</time>
   </trkpt>
   <trkpt lat="-8.041932" lon="-34.893025">
    <ele>17.1</ele>
    <time>2019-11-11T12:10:13.000Z</time>
   </trkpt>
   <trkpt lat="-8.041954" lon="-34.892995">
    <ele>17.1</ele>
    <time>2019-11-11T12:10:14.000Z</time>
   </trkpt>
   <trkpt lat="-8.041993" lon="-34.892964">
    <ele>17</ele>
    <time>2019-11-11T12:10:15.000Z</time>
   </trkpt>
   <trkpt lat="-8.042014" lon="-34.892921">
    <ele>17</ele>
    <time>2019-11-11T12:10:16.000Z</time>
   </trkpt>
   <trkpt lat="-8.042035" lon="-34.892883">
    <ele>17</ele>
    <time>2019-11-11T12:10:17.000Z</time>
   </trkpt>
   <trkpt lat="-8.042058" lon="-34.892846">
    <ele>17</ele>
    <time>2019-11-11T12:10:18.000Z</time>
   </trkpt>
   <trkpt lat="-8.042088" lon="-34.892811">
    <ele>17</ele>
    <time>2019-11-11T12:10:19.000Z</time>
   </trkpt>
   <trkpt lat="-8.042122" lon="-34.892791">
    <ele>17</ele>
    <time>2019-11-11T12:10:20.000Z</time>
   </trkpt>
   <trkpt lat="-8.042137" lon="-34.892761">
    <ele>17</ele>
    <time>2019-11-11T12:10:21.000Z</time>
   </trkpt>
   <trkpt lat="-8.04214" lon="-34.892732">
    <ele>17</ele>
    <time>2019-11-11T12:10:22.000Z</time>
   </trkpt>
   <trkpt lat="-8.042139" lon="-34.892697">
    <ele>17</ele>
    <time>2019-11-11T12:10:25.000Z</time>
   </trkpt>
   <trkpt lat="-8.042142" lon="-34.892649">
    <ele>17</ele>
    <time>2019-11-11T12:10:27.000Z</time>
   </trkpt>
   <trkpt lat="-8.042164" lon="-34.892629">
    <ele>17</ele>
    <time>2019-11-11T12:10:33.000Z</time>
   </trkpt>
   <trkpt lat="-8.042206" lon="-34.892631">
    <ele>17</ele>
    <time>2019-11-11T12:10:36.000Z</time>
   </trkpt>
   <trkpt lat="-8.04234" lon="-34.892602">
    <ele>17</ele>
    <time>2019-11-11T12:11:19.000Z</time>
   </trkpt>
   <trkpt lat="-8.042341" lon="-34.892573">
    <ele>17</ele>
    <time>2019-11-11T12:11:21.000Z</time>
   </trkpt>
   <trkpt lat="-8.042333" lon="-34.89254">
    <ele>16.9</ele>
    <time>2019-11-11T12:11:24.000Z</time>
   </trkpt>
   <trkpt lat="-8.042344" lon="-34.892498">
    <ele>16.8</ele>
    <time>2019-11-11T12:11:26.000Z</time>
   </trkpt>
   <trkpt lat="-8.042364" lon="-34.89247">
    <ele>16.7</ele>
    <time>2019-11-11T12:11:27.000Z</time>
   </trkpt>
   <trkpt lat="-8.042375" lon="-34.892436">
    <ele>16.6</ele>
    <time>2019-11-11T12:11:28.000Z</time>
   </trkpt>
   <trkpt lat="-8.042392" lon="-34.892411">
    <ele>16.5</ele>
    <time>2019-11-11T12:11:29.000Z</time>
   </trkpt>
   <trkpt lat="-8.042427" lon="-34.892358">
    <ele>16.3</ele>
    <time>2019-11-11T12:11:31.000Z</time>
   </trkpt>
   <trkpt lat="-8.042448" lon="-34.892328">
    <ele>16.2</ele>
    <time>2019-11-11T12:11:32.000Z</time>
   </trkpt>
   <trkpt lat="-8.042472" lon="-34.892299">
    <ele>16.1</ele>
    <time>2019-11-11T12:11:33.000Z</time>
   </trkpt>
   <trkpt lat="-8.0425" lon="-34.89227">
    <ele>15.9</ele>
    <time>2019-11-11T12:11:34.000Z</time>
   </trkpt>
   <trkpt lat="-8.042516" lon="-34.892241">
    <ele>15.7</ele>
    <time>2019-11-11T12:11:35.000Z</time>
   </trkpt>
   <trkpt lat="-8.042539" lon="-34.892222">
    <ele>15.6</ele>
    <time>2019-11-11T12:11:36.000Z</time>
   </trkpt>
   <trkpt lat="-8.042574" lon="-34.892173">
    <ele>15.4</ele>
    <time>2019-11-11T12:11:38.000Z</time>
   </trkpt>
   <trkpt lat="-8.042597" lon="-34.89214">
    <ele>15.3</ele>
    <time>2019-11-11T12:11:39.000Z</time>
   </trkpt>
   <trkpt lat="-8.042613" lon="-34.892112">
    <ele>15.2</ele>
    <time>2019-11-11T12:11:40.000Z</time>
   </trkpt>
   <trkpt lat="-8.042635" lon="-34.892084">
    <ele>15.1</ele>
    <time>2019-11-11T12:11:41.000Z</time>
   </trkpt>
   <trkpt lat="-8.042648" lon="-34.892058">
    <ele>15.1</ele>
    <time>2019-11-11T12:11:42.000Z</time>
   </trkpt>
   <trkpt lat="-8.042679" lon="-34.892025">
    <ele>15</ele>
    <time>2019-11-11T12:11:43.000Z</time>
   </trkpt>
   <trkpt lat="-8.0427" lon="-34.891985">
    <ele>14.9</ele>
    <time>2019-11-11T12:11:44.000Z</time>
   </trkpt>
   <trkpt lat="-8.04274" lon="-34.891943">
    <ele>14.8</ele>
    <time>2019-11-11T12:11:45.000Z</time>
   </trkpt>
   <trkpt lat="-8.042782" lon="-34.891914">
    <ele>14.8</ele>
    <time>2019-11-11T12:11:46.000Z</time>
   </trkpt>
   <trkpt lat="-8.042814" lon="-34.891876">
    <ele>14.8</ele>
    <time>2019-11-11T12:11:47.000Z</time>
   </trkpt>
   <trkpt lat="-8.042843" lon="-34.891838">
    <ele>14.7</ele>
    <time>2019-11-11T12:11:48.000Z</time>
   </trkpt>
   <trkpt lat="-8.042872" lon="-34.891792">
    <ele>14.7</ele>
    <time>2019-11-11T12:11:49.000Z</time>
   </trkpt>
   <trkpt lat="-8.042909" lon="-34.891754">
    <ele>14.7</ele>
    <time>2019-11-11T12:11:50.000Z</time>
   </trkpt>
   <trkpt lat="-8.04295" lon="-34.891722">
    <ele>14.6</ele>
    <time>2019-11-11T12:11:51.000Z</time>
   </trkpt>
   <trkpt lat="-8.042987" lon="-34.891688">
    <ele>14.6</ele>
    <time>2019-11-11T12:11:52.000Z</time>
   </trkpt>
   <trkpt lat="-8.043026" lon="-34.891642">
    <ele>14.5</ele>
    <time>2019-11-11T12:11:53.000Z</time>
   </trkpt>
   <trkpt lat="-8.043063" lon="-34.891606">
    <ele>14.5</ele>
    <time>2019-11-11T12:11:54.000Z</time>
   </trkpt>
   <trkpt lat="-8.043102" lon="-34.891569">
    <ele>14.4</ele>
    <time>2019-11-11T12:11:55.000Z</time>
   </trkpt>
   <trkpt lat="-8.043174" lon="-34.891531">
    <ele>14.3</ele>
    <time>2019-11-11T12:11:56.000Z</time>
   </trkpt>
   <trkpt lat="-8.043231" lon="-34.891486">
    <ele>14.2</ele>
    <time>2019-11-11T12:11:57.000Z</time>
   </trkpt>
   <trkpt lat="-8.043278" lon="-34.891448">
    <ele>14.1</ele>
    <time>2019-11-11T12:11:58.000Z</time>
   </trkpt>
   <trkpt lat="-8.043304" lon="-34.89141">
    <ele>14</ele>
    <time>2019-11-11T12:11:59.000Z</time>
   </trkpt>
   <trkpt lat="-8.043325" lon="-34.891377">
    <ele>13.9</ele>
    <time>2019-11-11T12:12:00.000Z</time>
   </trkpt>
   <trkpt lat="-8.043355" lon="-34.891332">
    <ele>13.8</ele>
    <time>2019-11-11T12:12:01.000Z</time>
   </trkpt>
   <trkpt lat="-8.043391" lon="-34.891281">
    <ele>13.8</ele>
    <time>2019-11-11T12:12:02.000Z</time>
   </trkpt>
   <trkpt lat="-8.043418" lon="-34.891231">
    <ele>13.7</ele>
    <time>2019-11-11T12:12:03.000Z</time>
   </trkpt>
   <trkpt lat="-8.043467" lon="-34.891209">
    <ele>13.7</ele>
    <time>2019-11-11T12:12:04.000Z</time>
   </trkpt>
   <trkpt lat="-8.043498" lon="-34.89117">
    <ele>13.6</ele>
    <time>2019-11-11T12:12:05.000Z</time>
   </trkpt>
   <trkpt lat="-8.043533" lon="-34.891133">
    <ele>13.6</ele>
    <time>2019-11-11T12:12:06.000Z</time>
   </trkpt>
   <trkpt lat="-8.043566" lon="-34.891095">
    <ele>13.6</ele>
    <time>2019-11-11T12:12:07.000Z</time>
   </trkpt>
   <trkpt lat="-8.043605" lon="-34.891051">
    <ele>13.5</ele>
    <time>2019-11-11T12:12:08.000Z</time>
   </trkpt>
   <trkpt lat="-8.04366" lon="-34.891008">
    <ele>13.5</ele>
    <time>2019-11-11T12:12:09.000Z</time>
   </trkpt>
   <trkpt lat="-8.043706" lon="-34.890964">
    <ele>13.5</ele>
    <time>2019-11-11T12:12:10.000Z</time>
   </trkpt>
   <trkpt lat="-8.043754" lon="-34.890922">
    <ele>13.4</ele>
    <time>2019-11-11T12:12:11.000Z</time>
   </trkpt>
   <trkpt lat="-8.043797" lon="-34.89088">
    <ele>13.4</ele>
    <time>2019-11-11T12:12:12.000Z</time>
   </trkpt>
   <trkpt lat="-8.04383" lon="-34.890839">
    <ele>13.3</ele>
    <time>2019-11-11T12:12:13.000Z</time>
   </trkpt>
   <trkpt lat="-8.043861" lon="-34.890803">
    <ele>13.2</ele>
    <time>2019-11-11T12:12:14.000Z</time>
   </trkpt>
   <trkpt lat="-8.043893" lon="-34.890771">
    <ele>13</ele>
    <time>2019-11-11T12:12:15.000Z</time>
   </trkpt>
   <trkpt lat="-8.043939" lon="-34.890737">
    <ele>12.9</ele>
    <time>2019-11-11T12:12:16.000Z</time>
   </trkpt>
   <trkpt lat="-8.043983" lon="-34.890691">
    <ele>12.7</ele>
    <time>2019-11-11T12:12:17.000Z</time>
   </trkpt>
   <trkpt lat="-8.044029" lon="-34.890647">
    <ele>12.6</ele>
    <time>2019-11-11T12:12:18.000Z</time>
   </trkpt>
   <trkpt lat="-8.044087" lon="-34.890604">
    <ele>12.4</ele>
    <time>2019-11-11T12:12:19.000Z</time>
   </trkpt>
   <trkpt lat="-8.044154" lon="-34.890565">
    <ele>12</ele>
    <time>2019-11-11T12:12:20.000Z</time>
   </trkpt>
   <trkpt lat="-8.044215" lon="-34.890537">
    <ele>11.7</ele>
    <time>2019-11-11T12:12:21.000Z</time>
   </trkpt>
   <trkpt lat="-8.044266" lon="-34.890492">
    <ele>11.4</ele>
    <time>2019-11-11T12:12:22.000Z</time>
   </trkpt>
   <trkpt lat="-8.044315" lon="-34.89045">
    <ele>11</ele>
    <time>2019-11-11T12:12:23.000Z</time>
   </trkpt>
   <trkpt lat="-8.04436" lon="-34.890406">
    <ele>10.6</ele>
    <time>2019-11-11T12:12:24.000Z</time>
   </trkpt>
   <trkpt lat="-8.044401" lon="-34.890364">
    <ele>10.2</ele>
    <time>2019-11-11T12:12:25.000Z</time>
   </trkpt>
   <trkpt lat="-8.044447" lon="-34.890319">
    <ele>9.9</ele>
    <time>2019-11-11T12:12:26.000Z</time>
   </trkpt>
   <trkpt lat="-8.044495" lon="-34.890264">
    <ele>9.4</ele>
    <time>2019-11-11T12:12:27.000Z</time>
   </trkpt>
   <trkpt lat="-8.044541" lon="-34.890222">
    <ele>9</ele>
    <time>2019-11-11T12:12:28.000Z</time>
   </trkpt>
   <trkpt lat="-8.044594" lon="-34.890191">
    <ele>8.6</ele>
    <time>2019-11-11T12:12:29.000Z</time>
   </trkpt>
   <trkpt lat="-8.044654" lon="-34.890156">
    <ele>8.2</ele>
    <time>2019-11-11T12:12:30.000Z</time>
   </trkpt>
   <trkpt lat="-8.044703" lon="-34.890126">
    <ele>7.9</ele>
    <time>2019-11-11T12:12:31.000Z</time>
   </trkpt>
   <trkpt lat="-8.04476" lon="-34.890107">
    <ele>7.6</ele>
    <time>2019-11-11T12:12:32.000Z</time>
   </trkpt>
   <trkpt lat="-8.044818" lon="-34.8901">
    <ele>7.3</ele>
    <time>2019-11-11T12:12:33.000Z</time>
   </trkpt>
   <trkpt lat="-8.044865" lon="-34.890089">
    <ele>7.1</ele>
    <time>2019-11-11T12:12:34.000Z</time>
   </trkpt>
   <trkpt lat="-8.044916" lon="-34.890078">
    <ele>6.8</ele>
    <time>2019-11-11T12:12:35.000Z</time>
   </trkpt>
   <trkpt lat="-8.044966" lon="-34.890071">
    <ele>6.4</ele>
    <time>2019-11-11T12:12:36.000Z</time>
   </trkpt>
   <trkpt lat="-8.045013" lon="-34.890067">
    <ele>6.3</ele>
    <time>2019-11-11T12:12:37.000Z</time>
   </trkpt>
   <trkpt lat="-8.045059" lon="-34.89006">
    <ele>6.3</ele>
    <time>2019-11-11T12:12:38.000Z</time>
   </trkpt>
   <trkpt lat="-8.045111" lon="-34.89005">
    <ele>6.2</ele>
    <time>2019-11-11T12:12:39.000Z</time>
   </trkpt>
   <trkpt lat="-8.045166" lon="-34.890036">
    <ele>6.1</ele>
    <time>2019-11-11T12:12:40.000Z</time>
   </trkpt>
   <trkpt lat="-8.045221" lon="-34.890024">
    <ele>6.1</ele>
    <time>2019-11-11T12:12:41.000Z</time>
   </trkpt>
   <trkpt lat="-8.045279" lon="-34.890016">
    <ele>6.4</ele>
    <time>2019-11-11T12:12:42.000Z</time>
   </trkpt>
   <trkpt lat="-8.045334" lon="-34.890009">
    <ele>6.6</ele>
    <time>2019-11-11T12:12:43.000Z</time>
   </trkpt>
   <trkpt lat="-8.045381" lon="-34.89">
    <ele>6.8</ele>
    <time>2019-11-11T12:12:44.000Z</time>
   </trkpt>
   <trkpt lat="-8.045433" lon="-34.889997">
    <ele>7</ele>
    <time>2019-11-11T12:12:45.000Z</time>
   </trkpt>
   <trkpt lat="-8.045489" lon="-34.88998">
    <ele>7.3</ele>
    <time>2019-11-11T12:12:46.000Z</time>
   </trkpt>
   <trkpt lat="-8.04555" lon="-34.889975">
    <ele>7.6</ele>
    <time>2019-11-11T12:12:47.000Z</time>
   </trkpt>
   <trkpt lat="-8.045614" lon="-34.889977">
    <ele>8</ele>
    <time>2019-11-11T12:12:48.000Z</time>
   </trkpt>
   <trkpt lat="-8.045675" lon="-34.889976">
    <ele>8.3</ele>
    <time>2019-11-11T12:12:49.000Z</time>
   </trkpt>
   <trkpt lat="-8.045731" lon="-34.889969">
    <ele>8.6</ele>
    <time>2019-11-11T12:12:50.000Z</time>
   </trkpt>
   <trkpt lat="-8.045789" lon="-34.889962">
    <ele>9.1</ele>
    <time>2019-11-11T12:12:51.000Z</time>
   </trkpt>
   <trkpt lat="-8.045853" lon="-34.889955">
    <ele>9.4</ele>
    <time>2019-11-11T12:12:52.000Z</time>
   </trkpt>
   <trkpt lat="-8.04591" lon="-34.889961">
    <ele>9.5</ele>
    <time>2019-11-11T12:12:53.000Z</time>
   </trkpt>
   <trkpt lat="-8.045966" lon="-34.889952">
    <ele>9.5</ele>
    <time>2019-11-11T12:12:54.000Z</time>
   </trkpt>
   <trkpt lat="-8.046017" lon="-34.889947">
    <ele>9.5</ele>
    <time>2019-11-11T12:12:55.000Z</time>
   </trkpt>
   <trkpt lat="-8.046073" lon="-34.889939">
    <ele>9.5</ele>
    <time>2019-11-11T12:12:56.000Z</time>
   </trkpt>
   <trkpt lat="-8.046122" lon="-34.889938">
    <ele>9.5</ele>
    <time>2019-11-11T12:12:57.000Z</time>
   </trkpt>
   <trkpt lat="-8.046173" lon="-34.889931">
    <ele>9.6</ele>
    <time>2019-11-11T12:12:58.000Z</time>
   </trkpt>
   <trkpt lat="-8.046228" lon="-34.889936">
    <ele>9.6</ele>
    <time>2019-11-11T12:12:59.000Z</time>
   </trkpt>
   <trkpt lat="-8.046284" lon="-34.889927">
    <ele>9.6</ele>
    <time>2019-11-11T12:13:00.000Z</time>
   </trkpt>
   <trkpt lat="-8.046348" lon="-34.889919">
    <ele>9.7</ele>
    <time>2019-11-11T12:13:01.000Z</time>
   </trkpt>
   <trkpt lat="-8.046409" lon="-34.889914">
    <ele>9.7</ele>
    <time>2019-11-11T12:13:02.000Z</time>
   </trkpt>
   <trkpt lat="-8.046464" lon="-34.889902">
    <ele>9.7</ele>
    <time>2019-11-11T12:13:03.000Z</time>
   </trkpt>
   <trkpt lat="-8.046519" lon="-34.889888">
    <ele>9.8</ele>
    <time>2019-11-11T12:13:04.000Z</time>
   </trkpt>
   <trkpt lat="-8.046578" lon="-34.889883">
    <ele>9.8</ele>
    <time>2019-11-11T12:13:05.000Z</time>
   </trkpt>
   <trkpt lat="-8.046636" lon="-34.88988">
    <ele>9.9</ele>
    <time>2019-11-11T12:13:06.000Z</time>
   </trkpt>
   <trkpt lat="-8.046697" lon="-34.88988">
    <ele>10</ele>
    <time>2019-11-11T12:13:07.000Z</time>
   </trkpt>
   <trkpt lat="-8.046759" lon="-34.889872">
    <ele>10.2</ele>
    <time>2019-11-11T12:13:08.000Z</time>
   </trkpt>
   <trkpt lat="-8.046822" lon="-34.88986">
    <ele>10.3</ele>
    <time>2019-11-11T12:13:09.000Z</time>
   </trkpt>
   <trkpt lat="-8.046879" lon="-34.88984">
    <ele>10.4</ele>
    <time>2019-11-11T12:13:10.000Z</time>
   </trkpt>
   <trkpt lat="-8.046937" lon="-34.889831">
    <ele>10.5</ele>
    <time>2019-11-11T12:13:11.000Z</time>
   </trkpt>
   <trkpt lat="-8.046991" lon="-34.889823">
    <ele>10.6</ele>
    <time>2019-11-11T12:13:12.000Z</time>
   </trkpt>
   <trkpt lat="-8.047045" lon="-34.889816">
    <ele>10.6</ele>
    <time>2019-11-11T12:13:13.000Z</time>
   </trkpt>
   <trkpt lat="-8.047094" lon="-34.889813">
    <ele>10.7</ele>
    <time>2019-11-11T12:13:14.000Z</time>
   </trkpt>
   <trkpt lat="-8.047156" lon="-34.889825">
    <ele>10.8</ele>
    <time>2019-11-11T12:13:15.000Z</time>
   </trkpt>
   <trkpt lat="-8.047208" lon="-34.889826">
    <ele>10.8</ele>
    <time>2019-11-11T12:13:16.000Z</time>
   </trkpt>
   <trkpt lat="-8.047259" lon="-34.889828">
    <ele>10.9</ele>
    <time>2019-11-11T12:13:17.000Z</time>
   </trkpt>
   <trkpt lat="-8.04731" lon="-34.889836">
    <ele>10.9</ele>
    <time>2019-11-11T12:13:18.000Z</time>
   </trkpt>
   <trkpt lat="-8.047363" lon="-34.889835">
    <ele>11</ele>
    <time>2019-11-11T12:13:19.000Z</time>
   </trkpt>
   <trkpt lat="-8.047423" lon="-34.889833">
    <ele>11</ele>
    <time>2019-11-11T12:13:20.000Z</time>
   </trkpt>
   <trkpt lat="-8.047485" lon="-34.889826">
    <ele>11.1</ele>
    <time>2019-11-11T12:13:21.000Z</time>
   </trkpt>
   <trkpt lat="-8.047541" lon="-34.889786">
    <ele>11.1</ele>
    <time>2019-11-11T12:13:22.000Z</time>
   </trkpt>
   <trkpt lat="-8.047594" lon="-34.889796">
    <ele>11.1</ele>
    <time>2019-11-11T12:13:23.000Z</time>
   </trkpt>
   <trkpt lat="-8.047642" lon="-34.889801">
    <ele>11.1</ele>
    <time>2019-11-11T12:13:24.000Z</time>
   </trkpt>
   <trkpt lat="-8.047686" lon="-34.889797">
    <ele>11.2</ele>
    <time>2019-11-11T12:13:25.000Z</time>
   </trkpt>
   <trkpt lat="-8.047737" lon="-34.889797">
    <ele>11.2</ele>
    <time>2019-11-11T12:13:26.000Z</time>
   </trkpt>
   <trkpt lat="-8.047789" lon="-34.889797">
    <ele>11.2</ele>
    <time>2019-11-11T12:13:27.000Z</time>
   </trkpt>
   <trkpt lat="-8.047842" lon="-34.889795">
    <ele>11.3</ele>
    <time>2019-11-11T12:13:28.000Z</time>
   </trkpt>
   <trkpt lat="-8.047903" lon="-34.889794">
    <ele>10.9</ele>
    <time>2019-11-11T12:13:29.000Z</time>
   </trkpt>
   <trkpt lat="-8.047946" lon="-34.889792">
    <ele>10.8</ele>
    <time>2019-11-11T12:13:30.000Z</time>
   </trkpt>
   <trkpt lat="-8.047995" lon="-34.889795">
    <ele>10.7</ele>
    <time>2019-11-11T12:13:31.000Z</time>
   </trkpt>
   <trkpt lat="-8.048041" lon="-34.889794">
    <ele>10.5</ele>
    <time>2019-11-11T12:13:32.000Z</time>
   </trkpt>
   <trkpt lat="-8.048081" lon="-34.889793">
    <ele>10.4</ele>
    <time>2019-11-11T12:13:33.000Z</time>
   </trkpt>
   <trkpt lat="-8.048128" lon="-34.889792">
    <ele>10.3</ele>
    <time>2019-11-11T12:13:34.000Z</time>
   </trkpt>
   <trkpt lat="-8.048176" lon="-34.889782">
    <ele>10.1</ele>
    <time>2019-11-11T12:13:35.000Z</time>
   </trkpt>
   <trkpt lat="-8.048226" lon="-34.889787">
    <ele>10.2</ele>
    <time>2019-11-11T12:13:36.000Z</time>
   </trkpt>
   <trkpt lat="-8.048282" lon="-34.889794">
    <ele>10.4</ele>
    <time>2019-11-11T12:13:37.000Z</time>
   </trkpt>
   <trkpt lat="-8.048335" lon="-34.889802">
    <ele>10.6</ele>
    <time>2019-11-11T12:13:38.000Z</time>
   </trkpt>
   <trkpt lat="-8.048387" lon="-34.889816">
    <ele>10.8</ele>
    <time>2019-11-11T12:13:39.000Z</time>
   </trkpt>
   <trkpt lat="-8.048442" lon="-34.889829">
    <ele>11.2</ele>
    <time>2019-11-11T12:13:40.000Z</time>
   </trkpt>
   <trkpt lat="-8.048497" lon="-34.889839">
    <ele>11.6</ele>
    <time>2019-11-11T12:13:41.000Z</time>
   </trkpt>
   <trkpt lat="-8.048554" lon="-34.889844">
    <ele>11.9</ele>
    <time>2019-11-11T12:13:42.000Z</time>
   </trkpt>
   <trkpt lat="-8.048617" lon="-34.889848">
    <ele>12.2</ele>
    <time>2019-11-11T12:13:43.000Z</time>
   </trkpt>
   <trkpt lat="-8.048673" lon="-34.889854">
    <ele>12.7</ele>
    <time>2019-11-11T12:13:44.000Z</time>
   </trkpt>
   <trkpt lat="-8.04872" lon="-34.889863">
    <ele>13.1</ele>
    <time>2019-11-11T12:13:45.000Z</time>
   </trkpt>
   <trkpt lat="-8.048771" lon="-34.889871">
    <ele>13.4</ele>
    <time>2019-11-11T12:13:46.000Z</time>
   </trkpt>
   <trkpt lat="-8.048819" lon="-34.889884">
    <ele>13.9</ele>
    <time>2019-11-11T12:13:47.000Z</time>
   </trkpt>
   <trkpt lat="-8.048866" lon="-34.889902">
    <ele>14.4</ele>
    <time>2019-11-11T12:13:48.000Z</time>
   </trkpt>
   <trkpt lat="-8.048927" lon="-34.889915">
    <ele>15</ele>
    <time>2019-11-11T12:13:49.000Z</time>
   </trkpt>
   <trkpt lat="-8.04897" lon="-34.889923">
    <ele>14.8</ele>
    <time>2019-11-11T12:13:50.000Z</time>
   </trkpt>
   <trkpt lat="-8.04902" lon="-34.889935">
    <ele>14.7</ele>
    <time>2019-11-11T12:13:51.000Z</time>
   </trkpt>
   <trkpt lat="-8.049059" lon="-34.889952">
    <ele>14.5</ele>
    <time>2019-11-11T12:13:52.000Z</time>
   </trkpt>
   <trkpt lat="-8.049101" lon="-34.889976">
    <ele>14.4</ele>
    <time>2019-11-11T12:13:53.000Z</time>
   </trkpt>
   <trkpt lat="-8.049143" lon="-34.889973">
    <ele>14.3</ele>
    <time>2019-11-11T12:13:54.000Z</time>
   </trkpt>
   <trkpt lat="-8.049188" lon="-34.889982">
    <ele>14.1</ele>
    <time>2019-11-11T12:13:55.000Z</time>
   </trkpt>
   <trkpt lat="-8.049234" lon="-34.88999">
    <ele>13.9</ele>
    <time>2019-11-11T12:13:56.000Z</time>
   </trkpt>
   <trkpt lat="-8.049277" lon="-34.889991">
    <ele>13.8</ele>
    <time>2019-11-11T12:13:57.000Z</time>
   </trkpt>
   <trkpt lat="-8.049322" lon="-34.889994">
    <ele>13.6</ele>
    <time>2019-11-11T12:13:58.000Z</time>
   </trkpt>
   <trkpt lat="-8.04937" lon="-34.889998">
    <ele>13.4</ele>
    <time>2019-11-11T12:13:59.000Z</time>
   </trkpt>
   <trkpt lat="-8.049419" lon="-34.889993">
    <ele>13.1</ele>
    <time>2019-11-11T12:14:00.000Z</time>
   </trkpt>
   <trkpt lat="-8.049458" lon="-34.889985">
    <ele>12.9</ele>
    <time>2019-11-11T12:14:01.000Z</time>
   </trkpt>
   <trkpt lat="-8.0495" lon="-34.889977">
    <ele>12.7</ele>
    <time>2019-11-11T12:14:02.000Z</time>
   </trkpt>
   <trkpt lat="-8.049547" lon="-34.889966">
    <ele>12.5</ele>
    <time>2019-11-11T12:14:03.000Z</time>
   </trkpt>
   <trkpt lat="-8.049592" lon="-34.889962">
    <ele>12.3</ele>
    <time>2019-11-11T12:14:04.000Z</time>
   </trkpt>
   <trkpt lat="-8.049639" lon="-34.889963">
    <ele>12</ele>
    <time>2019-11-11T12:14:05.000Z</time>
   </trkpt>
   <trkpt lat="-8.049682" lon="-34.889967">
    <ele>11.8</ele>
    <time>2019-11-11T12:14:06.000Z</time>
   </trkpt>
   <trkpt lat="-8.049727" lon="-34.889969">
    <ele>11.3</ele>
    <time>2019-11-11T12:14:07.000Z</time>
   </trkpt>
   <trkpt lat="-8.049768" lon="-34.889964">
    <ele>11.2</ele>
    <time>2019-11-11T12:14:08.000Z</time>
   </trkpt>
   <trkpt lat="-8.049814" lon="-34.889971">
    <ele>11.1</ele>
    <time>2019-11-11T12:14:09.000Z</time>
   </trkpt>
   <trkpt lat="-8.049845" lon="-34.889971">
    <ele>11</ele>
    <time>2019-11-11T12:14:10.000Z</time>
   </trkpt>
   <trkpt lat="-8.049871" lon="-34.889985">
    <ele>11</ele>
    <time>2019-11-11T12:14:11.000Z</time>
   </trkpt>
   <trkpt lat="-8.0499" lon="-34.889982">
    <ele>10.9</ele>
    <time>2019-11-11T12:14:12.000Z</time>
   </trkpt>
   <trkpt lat="-8.049928" lon="-34.889983">
    <ele>10.9</ele>
    <time>2019-11-11T12:14:13.000Z</time>
   </trkpt>
   <trkpt lat="-8.049973" lon="-34.88999">
    <ele>10.8</ele>
    <time>2019-11-11T12:14:15.000Z</time>
   </trkpt>
   <trkpt lat="-8.05" lon="-34.889983">
    <ele>10.8</ele>
    <time>2019-11-11T12:14:19.000Z</time>
   </trkpt>
   <trkpt lat="-8.049973" lon="-34.889993">
    <ele>10.7</ele>
    <time>2019-11-11T12:14:23.000Z</time>
   </trkpt>
   <trkpt lat="-8.05" lon="-34.889996">
    <ele>10.7</ele>
    <time>2019-11-11T12:14:27.000Z</time>
   </trkpt>
   <trkpt lat="-8.050032" lon="-34.890005">
    <ele>10.6</ele>
    <time>2019-11-11T12:14:34.000Z</time>
   </trkpt>
   <trkpt lat="-8.050073" lon="-34.890025">
    <ele>10.6</ele>
    <time>2019-11-11T12:14:37.000Z</time>
   </trkpt>
   <trkpt lat="-8.050099" lon="-34.890034">
    <ele>10.6</ele>
    <time>2019-11-11T12:14:38.000Z</time>
   </trkpt>
   <trkpt lat="-8.050124" lon="-34.890047">
    <ele>10.5</ele>
    <time>2019-11-11T12:14:39.000Z</time>
   </trkpt>
   <trkpt lat="-8.050151" lon="-34.890057">
    <ele>10.5</ele>
    <time>2019-11-11T12:14:40.000Z</time>
   </trkpt>
   <trkpt lat="-8.050178" lon="-34.890062">
    <ele>10.5</ele>
    <time>2019-11-11T12:14:41.000Z</time>
   </trkpt>
   <trkpt lat="-8.050205" lon="-34.890073">
    <ele>10.5</ele>
    <time>2019-11-11T12:14:42.000Z</time>
   </trkpt>
   <trkpt lat="-8.050215" lon="-34.890107">
    <ele>10.5</ele>
    <time>2019-11-11T12:14:44.000Z</time>
   </trkpt>
   <trkpt lat="-8.050219" lon="-34.890138">
    <ele>10.5</ele>
    <time>2019-11-11T12:14:45.000Z</time>
   </trkpt>
   <trkpt lat="-8.050221" lon="-34.890188">
    <ele>10.5</ele>
    <time>2019-11-11T12:14:46.000Z</time>
   </trkpt>
   <trkpt lat="-8.050222" lon="-34.890234">
    <ele>10.5</ele>
    <time>2019-11-11T12:14:47.000Z</time>
   </trkpt>
   <trkpt lat="-8.05022" lon="-34.890281">
    <ele>10.5</ele>
    <time>2019-11-11T12:14:48.000Z</time>
   </trkpt>
   <trkpt lat="-8.050219" lon="-34.890333">
    <ele>10.5</ele>
    <time>2019-11-11T12:14:49.000Z</time>
   </trkpt>
   <trkpt lat="-8.050215" lon="-34.890384">
    <ele>10.5</ele>
    <time>2019-11-11T12:14:50.000Z</time>
   </trkpt>
   <trkpt lat="-8.050208" lon="-34.890434">
    <ele>10.5</ele>
    <time>2019-11-11T12:14:51.000Z</time>
   </trkpt>
   <trkpt lat="-8.050204" lon="-34.890478">
    <ele>10.5</ele>
    <time>2019-11-11T12:14:52.000Z</time>
   </trkpt>
   <trkpt lat="-8.050206" lon="-34.890518">
    <ele>10.5</ele>
    <time>2019-11-11T12:14:53.000Z</time>
   </trkpt>
   <trkpt lat="-8.050198" lon="-34.890566">
    <ele>10.5</ele>
    <time>2019-11-11T12:14:54.000Z</time>
   </trkpt>
   <trkpt lat="-8.050185" lon="-34.890616">
    <ele>10.5</ele>
    <time>2019-11-11T12:14:55.000Z</time>
   </trkpt>
   <trkpt lat="-8.050183" lon="-34.89066">
    <ele>10.5</ele>
    <time>2019-11-11T12:14:56.000Z</time>
   </trkpt>
   <trkpt lat="-8.050177" lon="-34.890704">
    <ele>10.5</ele>
    <time>2019-11-11T12:14:57.000Z</time>
   </trkpt>
   <trkpt lat="-8.050162" lon="-34.89076">
    <ele>10.6</ele>
    <time>2019-11-11T12:14:58.000Z</time>
   </trkpt>
   <trkpt lat="-8.050154" lon="-34.890818">
    <ele>10.6</ele>
    <time>2019-11-11T12:14:59.000Z</time>
   </trkpt>
   <trkpt lat="-8.050141" lon="-34.890875">
    <ele>10.6</ele>
    <time>2019-11-11T12:15:00.000Z</time>
   </trkpt>
   <trkpt lat="-8.050133" lon="-34.890923">
    <ele>10.6</ele>
    <time>2019-11-11T12:15:01.000Z</time>
   </trkpt>
   <trkpt lat="-8.050139" lon="-34.890967">
    <ele>10.6</ele>
    <time>2019-11-11T12:15:02.000Z</time>
   </trkpt>
   <trkpt lat="-8.050144" lon="-34.89101">
    <ele>10.6</ele>
    <time>2019-11-11T12:15:03.000Z</time>
   </trkpt>
   <trkpt lat="-8.050146" lon="-34.891059">
    <ele>10.6</ele>
    <time>2019-11-11T12:15:04.000Z</time>
   </trkpt>
   <trkpt lat="-8.050147" lon="-34.891115">
    <ele>10.6</ele>
    <time>2019-11-11T12:15:05.000Z</time>
   </trkpt>
   <trkpt lat="-8.050138" lon="-34.89117">
    <ele>10.6</ele>
    <time>2019-11-11T12:15:06.000Z</time>
   </trkpt>
   <trkpt lat="-8.050132" lon="-34.891217">
    <ele>10.6</ele>
    <time>2019-11-11T12:15:07.000Z</time>
   </trkpt>
   <trkpt lat="-8.050123" lon="-34.891266">
    <ele>10.6</ele>
    <time>2019-11-11T12:15:08.000Z</time>
   </trkpt>
   <trkpt lat="-8.050112" lon="-34.891317">
    <ele>10.6</ele>
    <time>2019-11-11T12:15:09.000Z</time>
   </trkpt>
   <trkpt lat="-8.050095" lon="-34.891364">
    <ele>10.6</ele>
    <time>2019-11-11T12:15:10.000Z</time>
   </trkpt>
   <trkpt lat="-8.050083" lon="-34.891415">
    <ele>10.6</ele>
    <time>2019-11-11T12:15:11.000Z</time>
   </trkpt>
   <trkpt lat="-8.050068" lon="-34.891485">
    <ele>10.6</ele>
    <time>2019-11-11T12:15:12.000Z</time>
   </trkpt>
   <trkpt lat="-8.050064" lon="-34.891538">
    <ele>10.6</ele>
    <time>2019-11-11T12:15:13.000Z</time>
   </trkpt>
   <trkpt lat="-8.050061" lon="-34.891595">
    <ele>10.6</ele>
    <time>2019-11-11T12:15:14.000Z</time>
   </trkpt>
   <trkpt lat="-8.05006" lon="-34.891643">
    <ele>10.6</ele>
    <time>2019-11-11T12:15:15.000Z</time>
   </trkpt>
   <trkpt lat="-8.050054" lon="-34.891691">
    <ele>10.7</ele>
    <time>2019-11-11T12:15:16.000Z</time>
   </trkpt>
   <trkpt lat="-8.050042" lon="-34.891742">
    <ele>10.7</ele>
    <time>2019-11-11T12:15:17.000Z</time>
   </trkpt>
   <trkpt lat="-8.050032" lon="-34.891802">
    <ele>10.9</ele>
    <time>2019-11-11T12:15:18.000Z</time>
   </trkpt>
   <trkpt lat="-8.050023" lon="-34.891871">
    <ele>11.1</ele>
    <time>2019-11-11T12:15:19.000Z</time>
   </trkpt>
   <trkpt lat="-8.050026" lon="-34.891924">
    <ele>11.3</ele>
    <time>2019-11-11T12:15:20.000Z</time>
   </trkpt>
   <trkpt lat="-8.050015" lon="-34.891986">
    <ele>11.7</ele>
    <time>2019-11-11T12:15:21.000Z</time>
   </trkpt>
   <trkpt lat="-8.050004" lon="-34.892042">
    <ele>12</ele>
    <time>2019-11-11T12:15:22.000Z</time>
   </trkpt>
   <trkpt lat="-8.049979" lon="-34.892082">
    <ele>12.2</ele>
    <time>2019-11-11T12:15:23.000Z</time>
   </trkpt>
   <trkpt lat="-8.049945" lon="-34.892121">
    <ele>12.4</ele>
    <time>2019-11-11T12:15:24.000Z</time>
   </trkpt>
   <trkpt lat="-8.049907" lon="-34.892158">
    <ele>12.5</ele>
    <time>2019-11-11T12:15:25.000Z</time>
   </trkpt>
   <trkpt lat="-8.049864" lon="-34.892192">
    <ele>12.6</ele>
    <time>2019-11-11T12:15:26.000Z</time>
   </trkpt>
   <trkpt lat="-8.049828" lon="-34.892234">
    <ele>12.6</ele>
    <time>2019-11-11T12:15:27.000Z</time>
   </trkpt>
   <trkpt lat="-8.049797" lon="-34.892281">
    <ele>12.7</ele>
    <time>2019-11-11T12:15:28.000Z</time>
   </trkpt>
   <trkpt lat="-8.049756" lon="-34.89234">
    <ele>12.7</ele>
    <time>2019-11-11T12:15:29.000Z</time>
   </trkpt>
   <trkpt lat="-8.049712" lon="-34.892395">
    <ele>12.7</ele>
    <time>2019-11-11T12:15:30.000Z</time>
   </trkpt>
   <trkpt lat="-8.04967" lon="-34.892442">
    <ele>12.7</ele>
    <time>2019-11-11T12:15:31.000Z</time>
   </trkpt>
   <trkpt lat="-8.049634" lon="-34.892479">
    <ele>12.7</ele>
    <time>2019-11-11T12:15:32.000Z</time>
   </trkpt>
   <trkpt lat="-8.0496" lon="-34.892528">
    <ele>12.7</ele>
    <time>2019-11-11T12:15:33.000Z</time>
   </trkpt>
   <trkpt lat="-8.049564" lon="-34.892581">
    <ele>12.7</ele>
    <time>2019-11-11T12:15:34.000Z</time>
   </trkpt>
   <trkpt lat="-8.049509" lon="-34.892612">
    <ele>12.7</ele>
    <time>2019-11-11T12:15:35.000Z</time>
   </trkpt>
   <trkpt lat="-8.049465" lon="-34.892662">
    <ele>12.7</ele>
    <time>2019-11-11T12:15:36.000Z</time>
   </trkpt>
   <trkpt lat="-8.049418" lon="-34.892707">
    <ele>12.7</ele>
    <time>2019-11-11T12:15:37.000Z</time>
   </trkpt>
   <trkpt lat="-8.049377" lon="-34.892749">
    <ele>12.7</ele>
    <time>2019-11-11T12:15:38.000Z</time>
   </trkpt>
   <trkpt lat="-8.04935" lon="-34.892789">
    <ele>12.7</ele>
    <time>2019-11-11T12:15:39.000Z</time>
   </trkpt>
   <trkpt lat="-8.04934" lon="-34.892822">
    <ele>11.8</ele>
    <time>2019-11-11T12:15:40.000Z</time>
   </trkpt>
   <trkpt lat="-8.049343" lon="-34.892854">
    <ele>11.3</ele>
    <time>2019-11-11T12:15:41.000Z</time>
   </trkpt>
   <trkpt lat="-8.04939" lon="-34.892892">
    <ele>10.9</ele>
    <time>2019-11-11T12:15:43.000Z</time>
   </trkpt>
   <trkpt lat="-8.049438" lon="-34.892912">
    <ele>11</ele>
    <time>2019-11-11T12:15:44.000Z</time>
   </trkpt>
   <trkpt lat="-8.049484" lon="-34.892943">
    <ele>11.1</ele>
    <time>2019-11-11T12:15:45.000Z</time>
   </trkpt>
   <trkpt lat="-8.049539" lon="-34.892967">
    <ele>11.3</ele>
    <time>2019-11-11T12:15:46.000Z</time>
   </trkpt>
   <trkpt lat="-8.049597" lon="-34.892989">
    <ele>11.6</ele>
    <time>2019-11-11T12:15:47.000Z</time>
   </trkpt>
   <trkpt lat="-8.049644" lon="-34.893007">
    <ele>11.8</ele>
    <time>2019-11-11T12:15:48.000Z</time>
   </trkpt>
   <trkpt lat="-8.049689" lon="-34.893023">
    <ele>12</ele>
    <time>2019-11-11T12:15:49.000Z</time>
   </trkpt>
   <trkpt lat="-8.049731" lon="-34.893044">
    <ele>12.2</ele>
    <time>2019-11-11T12:15:50.000Z</time>
   </trkpt>
   <trkpt lat="-8.04977" lon="-34.893073">
    <ele>12.4</ele>
    <time>2019-11-11T12:15:51.000Z</time>
   </trkpt>
   <trkpt lat="-8.049817" lon="-34.893069">
    <ele>12.6</ele>
    <time>2019-11-11T12:15:52.000Z</time>
   </trkpt>
   <trkpt lat="-8.049871" lon="-34.893098">
    <ele>12</ele>
    <time>2019-11-11T12:15:53.000Z</time>
   </trkpt>
   <trkpt lat="-8.04992" lon="-34.893113">
    <ele>11.5</ele>
    <time>2019-11-11T12:15:54.000Z</time>
   </trkpt>
   <trkpt lat="-8.049966" lon="-34.89313">
    <ele>11</ele>
    <time>2019-11-11T12:15:55.000Z</time>
   </trkpt>
   <trkpt lat="-8.050006" lon="-34.893144">
    <ele>10.6</ele>
    <time>2019-11-11T12:15:56.000Z</time>
   </trkpt>
   <trkpt lat="-8.050048" lon="-34.893161">
    <ele>10.1</ele>
    <time>2019-11-11T12:15:57.000Z</time>
   </trkpt>
   <trkpt lat="-8.050089" lon="-34.893176">
    <ele>9.7</ele>
    <time>2019-11-11T12:15:58.000Z</time>
   </trkpt>
   <trkpt lat="-8.050138" lon="-34.893195">
    <ele>9.2</ele>
    <time>2019-11-11T12:15:59.000Z</time>
   </trkpt>
   <trkpt lat="-8.050183" lon="-34.89321">
    <ele>9.1</ele>
    <time>2019-11-11T12:16:00.000Z</time>
   </trkpt>
   <trkpt lat="-8.050239" lon="-34.89322">
    <ele>8.9</ele>
    <time>2019-11-11T12:16:01.000Z</time>
   </trkpt>
   <trkpt lat="-8.050298" lon="-34.893236">
    <ele>8.7</ele>
    <time>2019-11-11T12:16:02.000Z</time>
   </trkpt>
   <trkpt lat="-8.050349" lon="-34.893254">
    <ele>8.5</ele>
    <time>2019-11-11T12:16:03.000Z</time>
   </trkpt>
   <trkpt lat="-8.0504" lon="-34.893274">
    <ele>8.3</ele>
    <time>2019-11-11T12:16:04.000Z</time>
   </trkpt>
   <trkpt lat="-8.050453" lon="-34.893291">
    <ele>8</ele>
    <time>2019-11-11T12:16:05.000Z</time>
   </trkpt>
   <trkpt lat="-8.050506" lon="-34.893317">
    <ele>7.8</ele>
    <time>2019-11-11T12:16:06.000Z</time>
   </trkpt>
   <trkpt lat="-8.050561" lon="-34.893344">
    <ele>7.7</ele>
    <time>2019-11-11T12:16:07.000Z</time>
   </trkpt>
   <trkpt lat="-8.050622" lon="-34.893367">
    <ele>7.6</ele>
    <time>2019-11-11T12:16:08.000Z</time>
   </trkpt>
   <trkpt lat="-8.050681" lon="-34.89339">
    <ele>7.5</ele>
    <time>2019-11-11T12:16:09.000Z</time>
   </trkpt>
   <trkpt lat="-8.050733" lon="-34.893407">
    <ele>7.5</ele>
    <time>2019-11-11T12:16:10.000Z</time>
   </trkpt>
   <trkpt lat="-8.050783" lon="-34.893433">
    <ele>7.5</ele>
    <time>2019-11-11T12:16:11.000Z</time>
   </trkpt>
   <trkpt lat="-8.050827" lon="-34.893461">
    <ele>7.5</ele>
    <time>2019-11-11T12:16:12.000Z</time>
   </trkpt>
   <trkpt lat="-8.05087" lon="-34.893478">
    <ele>7.5</ele>
    <time>2019-11-11T12:16:13.000Z</time>
   </trkpt>
   <trkpt lat="-8.050905" lon="-34.893495">
    <ele>7.5</ele>
    <time>2019-11-11T12:16:14.000Z</time>
   </trkpt>
   <trkpt lat="-8.050942" lon="-34.893521">
    <ele>7.5</ele>
    <time>2019-11-11T12:16:15.000Z</time>
   </trkpt>
   <trkpt lat="-8.050986" lon="-34.893546">
    <ele>7.5</ele>
    <time>2019-11-11T12:16:16.000Z</time>
   </trkpt>
   <trkpt lat="-8.051032" lon="-34.893561">
    <ele>7.5</ele>
    <time>2019-11-11T12:16:17.000Z</time>
   </trkpt>
   <trkpt lat="-8.051078" lon="-34.893583">
    <ele>7.6</ele>
    <time>2019-11-11T12:16:18.000Z</time>
   </trkpt>
   <trkpt lat="-8.051128" lon="-34.893612">
    <ele>7.6</ele>
    <time>2019-11-11T12:16:19.000Z</time>
   </trkpt>
   <trkpt lat="-8.05117" lon="-34.893632">
    <ele>7.6</ele>
    <time>2019-11-11T12:16:20.000Z</time>
   </trkpt>
   <trkpt lat="-8.051218" lon="-34.893662">
    <ele>7.6</ele>
    <time>2019-11-11T12:16:21.000Z</time>
   </trkpt>
   <trkpt lat="-8.051267" lon="-34.89369">
    <ele>7.6</ele>
    <time>2019-11-11T12:16:22.000Z</time>
   </trkpt>
   <trkpt lat="-8.05131" lon="-34.893721">
    <ele>7.6</ele>
    <time>2019-11-11T12:16:23.000Z</time>
   </trkpt>
   <trkpt lat="-8.051357" lon="-34.89375">
    <ele>7.7</ele>
    <time>2019-11-11T12:16:24.000Z</time>
   </trkpt>
   <trkpt lat="-8.051401" lon="-34.893777">
    <ele>7.7</ele>
    <time>2019-11-11T12:16:25.000Z</time>
   </trkpt>
   <trkpt lat="-8.05145" lon="-34.893795">
    <ele>7.7</ele>
    <time>2019-11-11T12:16:26.000Z</time>
   </trkpt>
   <trkpt lat="-8.051499" lon="-34.893808">
    <ele>7.7</ele>
    <time>2019-11-11T12:16:27.000Z</time>
   </trkpt>
   <trkpt lat="-8.05154" lon="-34.893829">
    <ele>7.7</ele>
    <time>2019-11-11T12:16:28.000Z</time>
   </trkpt>
   <trkpt lat="-8.051582" lon="-34.893842">
    <ele>8.3</ele>
    <time>2019-11-11T12:16:29.000Z</time>
   </trkpt>
   <trkpt lat="-8.05162" lon="-34.893856">
    <ele>8.9</ele>
    <time>2019-11-11T12:16:30.000Z</time>
   </trkpt>
   <trkpt lat="-8.051652" lon="-34.893868">
    <ele>9.4</ele>
    <time>2019-11-11T12:16:31.000Z</time>
   </trkpt>
   <trkpt lat="-8.051682" lon="-34.893875">
    <ele>9.8</ele>
    <time>2019-11-11T12:16:32.000Z</time>
   </trkpt>
   <trkpt lat="-8.05171" lon="-34.893882">
    <ele>10.2</ele>
    <time>2019-11-11T12:16:33.000Z</time>
   </trkpt>
   <trkpt lat="-8.051742" lon="-34.89388">
    <ele>10.7</ele>
    <time>2019-11-11T12:16:34.000Z</time>
   </trkpt>
   <trkpt lat="-8.051786" lon="-34.893877">
    <ele>11.3</ele>
    <time>2019-11-11T12:16:36.000Z</time>
   </trkpt>
   <trkpt lat="-8.051817" lon="-34.89384">
    <ele>12</ele>
    <time>2019-11-11T12:16:39.000Z</time>
   </trkpt>
   <trkpt lat="-8.051831" lon="-34.893809">
    <ele>12.5</ele>
    <time>2019-11-11T12:16:40.000Z</time>
   </trkpt>
   <trkpt lat="-8.051847" lon="-34.893775">
    <ele>12.7</ele>
    <time>2019-11-11T12:16:41.000Z</time>
   </trkpt>
   <trkpt lat="-8.051863" lon="-34.893738">
    <ele>12.7</ele>
    <time>2019-11-11T12:16:42.000Z</time>
   </trkpt>
   <trkpt lat="-8.051882" lon="-34.8937">
    <ele>12.7</ele>
    <time>2019-11-11T12:16:43.000Z</time>
   </trkpt>
   <trkpt lat="-8.051896" lon="-34.893642">
    <ele>12.7</ele>
    <time>2019-11-11T12:16:44.000Z</time>
   </trkpt>
   <trkpt lat="-8.051909" lon="-34.893603">
    <ele>12.6</ele>
    <time>2019-11-11T12:16:45.000Z</time>
   </trkpt>
   <trkpt lat="-8.051934" lon="-34.893562">
    <ele>12.6</ele>
    <time>2019-11-11T12:16:46.000Z</time>
   </trkpt>
   <trkpt lat="-8.051958" lon="-34.893519">
    <ele>12.6</ele>
    <time>2019-11-11T12:16:47.000Z</time>
   </trkpt>
   <trkpt lat="-8.051968" lon="-34.893467">
    <ele>12.6</ele>
    <time>2019-11-11T12:16:48.000Z</time>
   </trkpt>
   <trkpt lat="-8.05198" lon="-34.893415">
    <ele>12.6</ele>
    <time>2019-11-11T12:16:49.000Z</time>
   </trkpt>
   <trkpt lat="-8.052003" lon="-34.893368">
    <ele>12.4</ele>
    <time>2019-11-11T12:16:50.000Z</time>
   </trkpt>
   <trkpt lat="-8.052021" lon="-34.893325">
    <ele>12.1</ele>
    <time>2019-11-11T12:16:51.000Z</time>
   </trkpt>
   <trkpt lat="-8.052037" lon="-34.893286">
    <ele>11.8</ele>
    <time>2019-11-11T12:16:52.000Z</time>
   </trkpt>
   <trkpt lat="-8.052049" lon="-34.89325">
    <ele>11.6</ele>
    <time>2019-11-11T12:16:53.000Z</time>
   </trkpt>
   <trkpt lat="-8.052055" lon="-34.89321">
    <ele>11.3</ele>
    <time>2019-11-11T12:16:54.000Z</time>
   </trkpt>
   <trkpt lat="-8.052064" lon="-34.893171">
    <ele>11</ele>
    <time>2019-11-11T12:16:55.000Z</time>
   </trkpt>
   <trkpt lat="-8.052079" lon="-34.893123">
    <ele>10.8</ele>
    <time>2019-11-11T12:16:56.000Z</time>
   </trkpt>
   <trkpt lat="-8.052092" lon="-34.893088">
    <ele>10.6</ele>
    <time>2019-11-11T12:16:57.000Z</time>
   </trkpt>
   <trkpt lat="-8.052103" lon="-34.89305">
    <ele>10.4</ele>
    <time>2019-11-11T12:16:58.000Z</time>
   </trkpt>
   <trkpt lat="-8.052121" lon="-34.893011">
    <ele>10.2</ele>
    <time>2019-11-11T12:16:59.000Z</time>
   </trkpt>
   <trkpt lat="-8.052149" lon="-34.892955">
    <ele>10.1</ele>
    <time>2019-11-11T12:17:00.000Z</time>
   </trkpt>
   <trkpt lat="-8.052168" lon="-34.892903">
    <ele>9.9</ele>
    <time>2019-11-11T12:17:01.000Z</time>
   </trkpt>
   <trkpt lat="-8.052184" lon="-34.892852">
    <ele>9.7</ele>
    <time>2019-11-11T12:17:02.000Z</time>
   </trkpt>
   <trkpt lat="-8.052198" lon="-34.892805">
    <ele>9.5</ele>
    <time>2019-11-11T12:17:03.000Z</time>
   </trkpt>
   <trkpt lat="-8.052216" lon="-34.892765">
    <ele>9.4</ele>
    <time>2019-11-11T12:17:04.000Z</time>
   </trkpt>
   <trkpt lat="-8.05224" lon="-34.892735">
    <ele>9.1</ele>
    <time>2019-11-11T12:17:05.000Z</time>
   </trkpt>
   <trkpt lat="-8.052265" lon="-34.892707">
    <ele>8.6</ele>
    <time>2019-11-11T12:17:06.000Z</time>
   </trkpt>
   <trkpt lat="-8.052296" lon="-34.892673">
    <ele>8.8</ele>
    <time>2019-11-11T12:17:07.000Z</time>
   </trkpt>
   <trkpt lat="-8.052324" lon="-34.892632">
    <ele>9</ele>
    <time>2019-11-11T12:17:08.000Z</time>
   </trkpt>
   <trkpt lat="-8.052351" lon="-34.892597">
    <ele>9.2</ele>
    <time>2019-11-11T12:17:09.000Z</time>
   </trkpt>
   <trkpt lat="-8.052377" lon="-34.89255">
    <ele>9.5</ele>
    <time>2019-11-11T12:17:10.000Z</time>
   </trkpt>
   <trkpt lat="-8.052399" lon="-34.892511">
    <ele>9.7</ele>
    <time>2019-11-11T12:17:11.000Z</time>
   </trkpt>
   <trkpt lat="-8.052425" lon="-34.892478">
    <ele>10</ele>
    <time>2019-11-11T12:17:12.000Z</time>
   </trkpt>
   <trkpt lat="-8.052446" lon="-34.89246">
    <ele>10.1</ele>
    <time>2019-11-11T12:17:13.000Z</time>
   </trkpt>
   <trkpt lat="-8.052474" lon="-34.892426">
    <ele>10.4</ele>
    <time>2019-11-11T12:17:14.000Z</time>
   </trkpt>
   <trkpt lat="-8.052515" lon="-34.892397">
    <ele>10.7</ele>
    <time>2019-11-11T12:17:15.000Z</time>
   </trkpt>
   <trkpt lat="-8.052556" lon="-34.892375">
    <ele>11</ele>
    <time>2019-11-11T12:17:16.000Z</time>
   </trkpt>
   <trkpt lat="-8.052595" lon="-34.89235">
    <ele>11.5</ele>
    <time>2019-11-11T12:17:17.000Z</time>
   </trkpt>
   <trkpt lat="-8.052629" lon="-34.892322">
    <ele>11.4</ele>
    <time>2019-11-11T12:17:18.000Z</time>
   </trkpt>
   <trkpt lat="-8.052673" lon="-34.892319">
    <ele>11.3</ele>
    <time>2019-11-11T12:17:19.000Z</time>
   </trkpt>
   <trkpt lat="-8.052708" lon="-34.8923">
    <ele>11.1</ele>
    <time>2019-11-11T12:17:20.000Z</time>
   </trkpt>
   <trkpt lat="-8.052747" lon="-34.89228">
    <ele>11</ele>
    <time>2019-11-11T12:17:21.000Z</time>
   </trkpt>
   <trkpt lat="-8.052783" lon="-34.892249">
    <ele>10.8</ele>
    <time>2019-11-11T12:17:22.000Z</time>
   </trkpt>
   <trkpt lat="-8.052823" lon="-34.892221">
    <ele>10.6</ele>
    <time>2019-11-11T12:17:23.000Z</time>
   </trkpt>
   <trkpt lat="-8.052844" lon="-34.892179">
    <ele>10.4</ele>
    <time>2019-11-11T12:17:24.000Z</time>
   </trkpt>
   <trkpt lat="-8.052879" lon="-34.892166">
    <ele>10.1</ele>
    <time>2019-11-11T12:17:25.000Z</time>
   </trkpt>
   <trkpt lat="-8.05292" lon="-34.892153">
    <ele>9.9</ele>
    <time>2019-11-11T12:17:26.000Z</time>
   </trkpt>
   <trkpt lat="-8.052961" lon="-34.892136">
    <ele>9.6</ele>
    <time>2019-11-11T12:17:27.000Z</time>
   </trkpt>
   <trkpt lat="-8.052998" lon="-34.892119">
    <ele>9.4</ele>
    <time>2019-11-11T12:17:28.000Z</time>
   </trkpt>
   <trkpt lat="-8.053034" lon="-34.8921">
    <ele>9.1</ele>
    <time>2019-11-11T12:17:29.000Z</time>
   </trkpt>
   <trkpt lat="-8.053064" lon="-34.89208">
    <ele>8.9</ele>
    <time>2019-11-11T12:17:30.000Z</time>
   </trkpt>
   <trkpt lat="-8.0531" lon="-34.892063">
    <ele>9</ele>
    <time>2019-11-11T12:17:31.000Z</time>
   </trkpt>
   <trkpt lat="-8.053134" lon="-34.892049">
    <ele>9</ele>
    <time>2019-11-11T12:17:32.000Z</time>
   </trkpt>
   <trkpt lat="-8.053174" lon="-34.892018">
    <ele>9</ele>
    <time>2019-11-11T12:17:33.000Z</time>
   </trkpt>
   <trkpt lat="-8.053214" lon="-34.891993">
    <ele>9</ele>
    <time>2019-11-11T12:17:34.000Z</time>
   </trkpt>
   <trkpt lat="-8.053259" lon="-34.891963">
    <ele>9.1</ele>
    <time>2019-11-11T12:17:35.000Z</time>
   </trkpt>
   <trkpt lat="-8.05331" lon="-34.891943">
    <ele>9.1</ele>
    <time>2019-11-11T12:17:36.000Z</time>
   </trkpt>
   <trkpt lat="-8.053357" lon="-34.891924">
    <ele>9.1</ele>
    <time>2019-11-11T12:17:37.000Z</time>
   </trkpt>
   <trkpt lat="-8.053399" lon="-34.891909">
    <ele>9.1</ele>
    <time>2019-11-11T12:17:38.000Z</time>
   </trkpt>
   <trkpt lat="-8.053432" lon="-34.891898">
    <ele>9.2</ele>
    <time>2019-11-11T12:17:39.000Z</time>
   </trkpt>
   <trkpt lat="-8.053466" lon="-34.891879">
    <ele>9.3</ele>
    <time>2019-11-11T12:17:40.000Z</time>
   </trkpt>
   <trkpt lat="-8.053507" lon="-34.891866">
    <ele>9.5</ele>
    <time>2019-11-11T12:17:41.000Z</time>
   </trkpt>
   <trkpt lat="-8.053554" lon="-34.891857">
    <ele>9.8</ele>
    <time>2019-11-11T12:17:42.000Z</time>
   </trkpt>
   <trkpt lat="-8.05359" lon="-34.891831">
    <ele>10.1</ele>
    <time>2019-11-11T12:17:43.000Z</time>
   </trkpt>
   <trkpt lat="-8.053611" lon="-34.891802">
    <ele>10.3</ele>
    <time>2019-11-11T12:17:44.000Z</time>
   </trkpt>
   <trkpt lat="-8.053646" lon="-34.891776">
    <ele>10.5</ele>
    <time>2019-11-11T12:17:45.000Z</time>
   </trkpt>
   <trkpt lat="-8.053683" lon="-34.891754">
    <ele>10.7</ele>
    <time>2019-11-11T12:17:46.000Z</time>
   </trkpt>
   <trkpt lat="-8.053719" lon="-34.891716">
    <ele>10.9</ele>
    <time>2019-11-11T12:17:47.000Z</time>
   </trkpt>
   <trkpt lat="-8.053767" lon="-34.89169">
    <ele>11.1</ele>
    <time>2019-11-11T12:17:48.000Z</time>
   </trkpt>
   <trkpt lat="-8.053822" lon="-34.891667">
    <ele>11.3</ele>
    <time>2019-11-11T12:17:49.000Z</time>
   </trkpt>
   <trkpt lat="-8.053864" lon="-34.891643">
    <ele>11.4</ele>
    <time>2019-11-11T12:17:50.000Z</time>
   </trkpt>
   <trkpt lat="-8.053929" lon="-34.891621">
    <ele>11.5</ele>
    <time>2019-11-11T12:17:51.000Z</time>
   </trkpt>
   <trkpt lat="-8.053981" lon="-34.891595">
    <ele>11.5</ele>
    <time>2019-11-11T12:17:52.000Z</time>
   </trkpt>
   <trkpt lat="-8.054044" lon="-34.891568">
    <ele>11.6</ele>
    <time>2019-11-11T12:17:53.000Z</time>
   </trkpt>
   <trkpt lat="-8.054098" lon="-34.891534">
    <ele>11.7</ele>
    <time>2019-11-11T12:17:54.000Z</time>
   </trkpt>
   <trkpt lat="-8.054152" lon="-34.891501">
    <ele>11.7</ele>
    <time>2019-11-11T12:17:55.000Z</time>
   </trkpt>
   <trkpt lat="-8.054208" lon="-34.891471">
    <ele>11.8</ele>
    <time>2019-11-11T12:17:56.000Z</time>
   </trkpt>
   <trkpt lat="-8.054255" lon="-34.891447">
    <ele>11.9</ele>
    <time>2019-11-11T12:17:57.000Z</time>
   </trkpt>
   <trkpt lat="-8.054312" lon="-34.891411">
    <ele>12</ele>
    <time>2019-11-11T12:17:58.000Z</time>
   </trkpt>
   <trkpt lat="-8.054355" lon="-34.891389">
    <ele>12</ele>
    <time>2019-11-11T12:17:59.000Z</time>
   </trkpt>
   <trkpt lat="-8.054396" lon="-34.891368">
    <ele>12.1</ele>
    <time>2019-11-11T12:18:00.000Z</time>
   </trkpt>
   <trkpt lat="-8.054436" lon="-34.891339">
    <ele>12.2</ele>
    <time>2019-11-11T12:18:01.000Z</time>
   </trkpt>
   <trkpt lat="-8.054471" lon="-34.891335">
    <ele>12.2</ele>
    <time>2019-11-11T12:18:02.000Z</time>
   </trkpt>
   <trkpt lat="-8.054507" lon="-34.891353">
    <ele>12.2</ele>
    <time>2019-11-11T12:18:03.000Z</time>
   </trkpt>
   <trkpt lat="-8.054538" lon="-34.891365">
    <ele>12.2</ele>
    <time>2019-11-11T12:18:04.000Z</time>
   </trkpt>
   <trkpt lat="-8.054564" lon="-34.891381">
    <ele>12.3</ele>
    <time>2019-11-11T12:18:05.000Z</time>
   </trkpt>
   <trkpt lat="-8.054614" lon="-34.891392">
    <ele>12.3</ele>
    <time>2019-11-11T12:18:07.000Z</time>
   </trkpt>
   <trkpt lat="-8.054643" lon="-34.891408">
    <ele>12.4</ele>
    <time>2019-11-11T12:18:09.000Z</time>
   </trkpt>
   <trkpt lat="-8.05469" lon="-34.891428">
    <ele>12.5</ele>
    <time>2019-11-11T12:18:12.000Z</time>
   </trkpt>
   <trkpt lat="-8.054735" lon="-34.891443">
    <ele>12.5</ele>
    <time>2019-11-11T12:18:14.000Z</time>
   </trkpt>
   <trkpt lat="-8.054778" lon="-34.89147">
    <ele>12.6</ele>
    <time>2019-11-11T12:18:16.000Z</time>
   </trkpt>
   <trkpt lat="-8.054804" lon="-34.891488">
    <ele>12.6</ele>
    <time>2019-11-11T12:18:17.000Z</time>
   </trkpt>
   <trkpt lat="-8.054833" lon="-34.89151">
    <ele>12.7</ele>
    <time>2019-11-11T12:18:18.000Z</time>
   </trkpt>
   <trkpt lat="-8.054877" lon="-34.891524">
    <ele>12.7</ele>
    <time>2019-11-11T12:18:19.000Z</time>
   </trkpt>
   <trkpt lat="-8.054928" lon="-34.891543">
    <ele>12.8</ele>
    <time>2019-11-11T12:18:20.000Z</time>
   </trkpt>
   <trkpt lat="-8.054973" lon="-34.891554">
    <ele>12.8</ele>
    <time>2019-11-11T12:18:21.000Z</time>
   </trkpt>
   <trkpt lat="-8.054998" lon="-34.89158">
    <ele>12.9</ele>
    <time>2019-11-11T12:18:22.000Z</time>
   </trkpt>
   <trkpt lat="-8.055037" lon="-34.891621">
    <ele>12.9</ele>
    <time>2019-11-11T12:18:24.000Z</time>
   </trkpt>
   <trkpt lat="-8.055071" lon="-34.891648">
    <ele>13</ele>
    <time>2019-11-11T12:18:26.000Z</time>
   </trkpt>
   <trkpt lat="-8.055098" lon="-34.891663">
    <ele>13</ele>
    <time>2019-11-11T12:18:28.000Z</time>
   </trkpt>
   <trkpt lat="-8.055129" lon="-34.891691">
    <ele>13</ele>
    <time>2019-11-11T12:18:31.000Z</time>
   </trkpt>
   <trkpt lat="-8.055151" lon="-34.89171">
    <ele>13</ele>
    <time>2019-11-11T12:18:33.000Z</time>
   </trkpt>
   <trkpt lat="-8.055178" lon="-34.891743">
    <ele>13.1</ele>
    <time>2019-11-11T12:18:35.000Z</time>
   </trkpt>
   <trkpt lat="-8.05521" lon="-34.89178">
    <ele>13.1</ele>
    <time>2019-11-11T12:18:37.000Z</time>
   </trkpt>
   <trkpt lat="-8.055246" lon="-34.891813">
    <ele>13.2</ele>
    <time>2019-11-11T12:18:39.000Z</time>
   </trkpt>
   <trkpt lat="-8.055269" lon="-34.891843">
    <ele>13.2</ele>
    <time>2019-11-11T12:18:42.000Z</time>
   </trkpt>
   <trkpt lat="-8.055289" lon="-34.891865">
    <ele>13.2</ele>
    <time>2019-11-11T12:18:45.000Z</time>
   </trkpt>
   <trkpt lat="-8.055323" lon="-34.891889">
    <ele>13.3</ele>
    <time>2019-11-11T12:18:47.000Z</time>
   </trkpt>
   <trkpt lat="-8.055356" lon="-34.891914">
    <ele>13.3</ele>
    <time>2019-11-11T12:18:49.000Z</time>
   </trkpt>
   <trkpt lat="-8.055406" lon="-34.891943">
    <ele>13.4</ele>
    <time>2019-11-11T12:18:51.000Z</time>
   </trkpt>
   <trkpt lat="-8.055446" lon="-34.891954">
    <ele>13.4</ele>
    <time>2019-11-11T12:18:53.000Z</time>
   </trkpt>
   <trkpt lat="-8.055484" lon="-34.891967">
    <ele>13.5</ele>
    <time>2019-11-11T12:18:55.000Z</time>
   </trkpt>
   <trkpt lat="-8.055522" lon="-34.891995">
    <ele>13.6</ele>
    <time>2019-11-11T12:18:57.000Z</time>
   </trkpt>
   <trkpt lat="-8.05555" lon="-34.892006">
    <ele>13.6</ele>
    <time>2019-11-11T12:18:59.000Z</time>
   </trkpt>
   <trkpt lat="-8.055586" lon="-34.892008">
    <ele>13.7</ele>
    <time>2019-11-11T12:19:02.000Z</time>
   </trkpt>
   <trkpt lat="-8.055621" lon="-34.892017">
    <ele>13.7</ele>
    <time>2019-11-11T12:19:06.000Z</time>
   </trkpt>
   <trkpt lat="-8.055638" lon="-34.892043">
    <ele>13.8</ele>
    <time>2019-11-11T12:19:11.000Z</time>
   </trkpt>
   <trkpt lat="-8.055667" lon="-34.892038">
    <ele>13.8</ele>
    <time>2019-11-11T12:19:23.000Z</time>
   </trkpt>
   <trkpt lat="-8.055733" lon="-34.892075">
    <ele>13.8</ele>
    <time>2019-11-11T12:19:30.000Z</time>
   </trkpt>
   <trkpt lat="-8.055768" lon="-34.892102">
    <ele>13.9</ele>
    <time>2019-11-11T12:19:32.000Z</time>
   </trkpt>
   <trkpt lat="-8.055798" lon="-34.892118">
    <ele>13.4</ele>
    <time>2019-11-11T12:19:33.000Z</time>
   </trkpt>
   <trkpt lat="-8.055826" lon="-34.892128">
    <ele>13.2</ele>
    <time>2019-11-11T12:19:34.000Z</time>
   </trkpt>
   <trkpt lat="-8.055858" lon="-34.892146">
    <ele>13</ele>
    <time>2019-11-11T12:19:35.000Z</time>
   </trkpt>
   <trkpt lat="-8.055889" lon="-34.892173">
    <ele>12.7</ele>
    <time>2019-11-11T12:19:36.000Z</time>
   </trkpt>
   <trkpt lat="-8.055926" lon="-34.892193">
    <ele>12.5</ele>
    <time>2019-11-11T12:19:37.000Z</time>
   </trkpt>
   <trkpt lat="-8.055961" lon="-34.892225">
    <ele>12.2</ele>
    <time>2019-11-11T12:19:38.000Z</time>
   </trkpt>
   <trkpt lat="-8.055996" lon="-34.892244">
    <ele>12</ele>
    <time>2019-11-11T12:19:39.000Z</time>
   </trkpt>
   <trkpt lat="-8.056031" lon="-34.89226">
    <ele>11.9</ele>
    <time>2019-11-11T12:19:40.000Z</time>
   </trkpt>
   <trkpt lat="-8.056057" lon="-34.892281">
    <ele>11.7</ele>
    <time>2019-11-11T12:19:41.000Z</time>
   </trkpt>
   <trkpt lat="-8.056083" lon="-34.892298">
    <ele>11.5</ele>
    <time>2019-11-11T12:19:42.000Z</time>
   </trkpt>
   <trkpt lat="-8.056101" lon="-34.892323">
    <ele>11.4</ele>
    <time>2019-11-11T12:19:43.000Z</time>
   </trkpt>
   <trkpt lat="-8.056134" lon="-34.892362">
    <ele>11.2</ele>
    <time>2019-11-11T12:19:45.000Z</time>
   </trkpt>
   <trkpt lat="-8.056158" lon="-34.892385">
    <ele>11</ele>
    <time>2019-11-11T12:19:47.000Z</time>
   </trkpt>
   <trkpt lat="-8.05617" lon="-34.892416">
    <ele>10.9</ele>
    <time>2019-11-11T12:19:53.000Z</time>
   </trkpt>
   <trkpt lat="-8.056196" lon="-34.89243">
    <ele>10.7</ele>
    <time>2019-11-11T12:19:56.000Z</time>
   </trkpt>
   <trkpt lat="-8.056228" lon="-34.892441">
    <ele>10.6</ele>
    <time>2019-11-11T12:19:58.000Z</time>
   </trkpt>
   <trkpt lat="-8.056267" lon="-34.892439">
    <ele>10.4</ele>
    <time>2019-11-11T12:20:00.000Z</time>
   </trkpt>
   <trkpt lat="-8.056304" lon="-34.892422">
    <ele>10.2</ele>
    <time>2019-11-11T12:20:02.000Z</time>
   </trkpt>
   <trkpt lat="-8.056336" lon="-34.892433">
    <ele>10.1</ele>
    <time>2019-11-11T12:20:05.000Z</time>
   </trkpt>
   <trkpt lat="-8.056346" lon="-34.892463">
    <ele>10</ele>
    <time>2019-11-11T12:20:07.000Z</time>
   </trkpt>
   <trkpt lat="-8.056372" lon="-34.892493">
    <ele>9.8</ele>
    <time>2019-11-11T12:20:09.000Z</time>
   </trkpt>
   <trkpt lat="-8.056399" lon="-34.892521">
    <ele>9.7</ele>
    <time>2019-11-11T12:20:11.000Z</time>
   </trkpt>
   <trkpt lat="-8.056423" lon="-34.892544">
    <ele>9.6</ele>
    <time>2019-11-11T12:20:13.000Z</time>
   </trkpt>
   <trkpt lat="-8.056452" lon="-34.892556">
    <ele>9.5</ele>
    <time>2019-11-11T12:20:16.000Z</time>
   </trkpt>
   <trkpt lat="-8.056469" lon="-34.892579">
    <ele>9.4</ele>
    <time>2019-11-11T12:20:17.000Z</time>
   </trkpt>
   <trkpt lat="-8.056516" lon="-34.89261">
    <ele>9.2</ele>
    <time>2019-11-11T12:20:19.000Z</time>
   </trkpt>
   <trkpt lat="-8.056538" lon="-34.892617">
    <ele>9.2</ele>
    <time>2019-11-11T12:20:29.000Z</time>
   </trkpt>
   <trkpt lat="-8.05656" lon="-34.892625">
    <ele>9.1</ele>
    <time>2019-11-11T12:20:48.000Z</time>
   </trkpt>
   <trkpt lat="-8.056582" lon="-34.892632">
    <ele>9.1</ele>
    <time>2019-11-11T12:20:49.000Z</time>
   </trkpt>
   <trkpt lat="-8.056638" lon="-34.892648">
    <ele>9.1</ele>
    <time>2019-11-11T12:20:50.000Z</time>
   </trkpt>
   <trkpt lat="-8.056699" lon="-34.89266">
    <ele>8.6</ele>
    <time>2019-11-11T12:20:51.000Z</time>
   </trkpt>
   <trkpt lat="-8.056754" lon="-34.89268">
    <ele>8.5</ele>
    <time>2019-11-11T12:20:52.000Z</time>
   </trkpt>
   <trkpt lat="-8.056816" lon="-34.892694">
    <ele>8.4</ele>
    <time>2019-11-11T12:20:53.000Z</time>
   </trkpt>
   <trkpt lat="-8.056881" lon="-34.892703">
    <ele>8.3</ele>
    <time>2019-11-11T12:20:54.000Z</time>
   </trkpt>
   <trkpt lat="-8.05694" lon="-34.892713">
    <ele>8.1</ele>
    <time>2019-11-11T12:20:55.000Z</time>
   </trkpt>
   <trkpt lat="-8.056994" lon="-34.892725">
    <ele>8</ele>
    <time>2019-11-11T12:20:56.000Z</time>
   </trkpt>
   <trkpt lat="-8.057056" lon="-34.892742">
    <ele>7.9</ele>
    <time>2019-11-11T12:20:57.000Z</time>
   </trkpt>
   <trkpt lat="-8.057114" lon="-34.892757">
    <ele>7.8</ele>
    <time>2019-11-11T12:20:58.000Z</time>
   </trkpt>
   <trkpt lat="-8.05718" lon="-34.892767">
    <ele>7.8</ele>
    <time>2019-11-11T12:20:59.000Z</time>
   </trkpt>
   <trkpt lat="-8.057236" lon="-34.892765">
    <ele>7.7</ele>
    <time>2019-11-11T12:21:00.000Z</time>
   </trkpt>
   <trkpt lat="-8.057289" lon="-34.892769">
    <ele>7.7</ele>
    <time>2019-11-11T12:21:01.000Z</time>
   </trkpt>
   <trkpt lat="-8.05734" lon="-34.892774">
    <ele>7.7</ele>
    <time>2019-11-11T12:21:02.000Z</time>
   </trkpt>
   <trkpt lat="-8.05739" lon="-34.892775">
    <ele>7.7</ele>
    <time>2019-11-11T12:21:03.000Z</time>
   </trkpt>
   <trkpt lat="-8.057438" lon="-34.892784">
    <ele>7.7</ele>
    <time>2019-11-11T12:21:04.000Z</time>
   </trkpt>
   <trkpt lat="-8.05749" lon="-34.892791">
    <ele>7.7</ele>
    <time>2019-11-11T12:21:05.000Z</time>
   </trkpt>
   <trkpt lat="-8.057543" lon="-34.8928">
    <ele>7.7</ele>
    <time>2019-11-11T12:21:06.000Z</time>
   </trkpt>
   <trkpt lat="-8.057598" lon="-34.89282">
    <ele>7.7</ele>
    <time>2019-11-11T12:21:07.000Z</time>
   </trkpt>
   <trkpt lat="-8.057659" lon="-34.892832">
    <ele>7.7</ele>
    <time>2019-11-11T12:21:08.000Z</time>
   </trkpt>
   <trkpt lat="-8.057716" lon="-34.892845">
    <ele>7.7</ele>
    <time>2019-11-11T12:21:09.000Z</time>
   </trkpt>
   <trkpt lat="-8.057768" lon="-34.892849">
    <ele>7.7</ele>
    <time>2019-11-11T12:21:10.000Z</time>
   </trkpt>
   <trkpt lat="-8.057822" lon="-34.892856">
    <ele>7.7</ele>
    <time>2019-11-11T12:21:11.000Z</time>
   </trkpt>
   <trkpt lat="-8.057876" lon="-34.892864">
    <ele>7.7</ele>
    <time>2019-11-11T12:21:12.000Z</time>
   </trkpt>
   <trkpt lat="-8.057928" lon="-34.892875">
    <ele>7.7</ele>
    <time>2019-11-11T12:21:13.000Z</time>
   </trkpt>
   <trkpt lat="-8.057981" lon="-34.892885">
    <ele>7.7</ele>
    <time>2019-11-11T12:21:14.000Z</time>
   </trkpt>
   <trkpt lat="-8.058034" lon="-34.892894">
    <ele>7.7</ele>
    <time>2019-11-11T12:21:15.000Z</time>
   </trkpt>
   <trkpt lat="-8.058081" lon="-34.892888">
    <ele>7.7</ele>
    <time>2019-11-11T12:21:16.000Z</time>
   </trkpt>
   <trkpt lat="-8.058122" lon="-34.892875">
    <ele>7.7</ele>
    <time>2019-11-11T12:21:17.000Z</time>
   </trkpt>
   <trkpt lat="-8.058163" lon="-34.892872">
    <ele>7.8</ele>
    <time>2019-11-11T12:21:18.000Z</time>
   </trkpt>
   <trkpt lat="-8.058216" lon="-34.892886">
    <ele>7.9</ele>
    <time>2019-11-11T12:21:19.000Z</time>
   </trkpt>
   <trkpt lat="-8.058269" lon="-34.892895">
    <ele>8.1</ele>
    <time>2019-11-11T12:21:20.000Z</time>
   </trkpt>
   <trkpt lat="-8.058328" lon="-34.892901">
    <ele>8.3</ele>
    <time>2019-11-11T12:21:21.000Z</time>
   </trkpt>
   <trkpt lat="-8.058386" lon="-34.892903">
    <ele>8.4</ele>
    <time>2019-11-11T12:21:22.000Z</time>
   </trkpt>
   <trkpt lat="-8.05844" lon="-34.892913">
    <ele>8.5</ele>
    <time>2019-11-11T12:21:23.000Z</time>
   </trkpt>
   <trkpt lat="-8.058486" lon="-34.892927">
    <ele>8.6</ele>
    <time>2019-11-11T12:21:24.000Z</time>
   </trkpt>
   <trkpt lat="-8.058532" lon="-34.892947">
    <ele>8.6</ele>
    <time>2019-11-11T12:21:25.000Z</time>
   </trkpt>
   <trkpt lat="-8.058575" lon="-34.892963">
    <ele>8.7</ele>
    <time>2019-11-11T12:21:26.000Z</time>
   </trkpt>
   <trkpt lat="-8.058615" lon="-34.892968">
    <ele>8.7</ele>
    <time>2019-11-11T12:21:27.000Z</time>
   </trkpt>
   <trkpt lat="-8.058662" lon="-34.892956">
    <ele>8.8</ele>
    <time>2019-11-11T12:21:28.000Z</time>
   </trkpt>
   <trkpt lat="-8.058704" lon="-34.892976">
    <ele>8.8</ele>
    <time>2019-11-11T12:21:29.000Z</time>
   </trkpt>
   <trkpt lat="-8.058767" lon="-34.892971">
    <ele>8.8</ele>
    <time>2019-11-11T12:21:30.000Z</time>
   </trkpt>
   <trkpt lat="-8.05882" lon="-34.892972">
    <ele>8.9</ele>
    <time>2019-11-11T12:21:31.000Z</time>
   </trkpt>
   <trkpt lat="-8.05885" lon="-34.892972">
    <ele>8.9</ele>
    <time>2019-11-11T12:21:32.000Z</time>
   </trkpt>
   <trkpt lat="-8.058884" lon="-34.892975">
    <ele>8.9</ele>
    <time>2019-11-11T12:21:33.000Z</time>
   </trkpt>
   <trkpt lat="-8.058914" lon="-34.892982">
    <ele>8.9</ele>
    <time>2019-11-11T12:21:34.000Z</time>
   </trkpt>
   <trkpt lat="-8.058945" lon="-34.89299">
    <ele>8.9</ele>
    <time>2019-11-11T12:21:35.000Z</time>
   </trkpt>
   <trkpt lat="-8.05899" lon="-34.893006">
    <ele>9</ele>
    <time>2019-11-11T12:21:37.000Z</time>
   </trkpt>
   <trkpt lat="-8.059018" lon="-34.89303">
    <ele>9</ele>
    <time>2019-11-11T12:21:38.000Z</time>
   </trkpt>
   <trkpt lat="-8.059044" lon="-34.893068">
    <ele>9.2</ele>
    <time>2019-11-11T12:21:40.000Z</time>
   </trkpt>
   <trkpt lat="-8.059066" lon="-34.893111">
    <ele>9.3</ele>
    <time>2019-11-11T12:21:41.000Z</time>
   </trkpt>
   <trkpt lat="-8.059084" lon="-34.893164">
    <ele>9.5</ele>
    <time>2019-11-11T12:21:42.000Z</time>
   </trkpt>
   <trkpt lat="-8.059104" lon="-34.893221">
    <ele>9.6</ele>
    <time>2019-11-11T12:21:43.000Z</time>
   </trkpt>
   <trkpt lat="-8.059137" lon="-34.89328">
    <ele>9.7</ele>
    <time>2019-11-11T12:21:44.000Z</time>
   </trkpt>
   <trkpt lat="-8.059163" lon="-34.893328">
    <ele>9.8</ele>
    <time>2019-11-11T12:21:45.000Z</time>
   </trkpt>
   <trkpt lat="-8.059178" lon="-34.893387">
    <ele>9.9</ele>
    <time>2019-11-11T12:21:46.000Z</time>
   </trkpt>
   <trkpt lat="-8.059207" lon="-34.893442">
    <ele>10</ele>
    <time>2019-11-11T12:21:47.000Z</time>
   </trkpt>
   <trkpt lat="-8.059225" lon="-34.893505">
    <ele>10</ele>
    <time>2019-11-11T12:21:48.000Z</time>
   </trkpt>
   <trkpt lat="-8.05924" lon="-34.893556">
    <ele>10</ele>
    <time>2019-11-11T12:21:49.000Z</time>
   </trkpt>
   <trkpt lat="-8.059261" lon="-34.893605">
    <ele>10</ele>
    <time>2019-11-11T12:21:50.000Z</time>
   </trkpt>
   <trkpt lat="-8.059278" lon="-34.893655">
    <ele>10</ele>
    <time>2019-11-11T12:21:51.000Z</time>
   </trkpt>
   <trkpt lat="-8.059298" lon="-34.893712">
    <ele>9.9</ele>
    <time>2019-11-11T12:21:52.000Z</time>
   </trkpt>
   <trkpt lat="-8.059324" lon="-34.893766">
    <ele>9.9</ele>
    <time>2019-11-11T12:21:53.000Z</time>
   </trkpt>
   <trkpt lat="-8.059339" lon="-34.893821">
    <ele>9.8</ele>
    <time>2019-11-11T12:21:54.000Z</time>
   </trkpt>
   <trkpt lat="-8.059371" lon="-34.89387">
    <ele>9.7</ele>
    <time>2019-11-11T12:21:55.000Z</time>
   </trkpt>
   <trkpt lat="-8.059416" lon="-34.893927">
    <ele>9.6</ele>
    <time>2019-11-11T12:21:56.000Z</time>
   </trkpt>
   <trkpt lat="-8.059471" lon="-34.893986">
    <ele>9.3</ele>
    <time>2019-11-11T12:21:57.000Z</time>
   </trkpt>
   <trkpt lat="-8.0595" lon="-34.894043">
    <ele>9.2</ele>
    <time>2019-11-11T12:21:58.000Z</time>
   </trkpt>
   <trkpt lat="-8.059535" lon="-34.894091">
    <ele>9.3</ele>
    <time>2019-11-11T12:21:59.000Z</time>
   </trkpt>
   <trkpt lat="-8.059574" lon="-34.894131">
    <ele>9.3</ele>
    <time>2019-11-11T12:22:00.000Z</time>
   </trkpt>
   <trkpt lat="-8.059608" lon="-34.894172">
    <ele>9.4</ele>
    <time>2019-11-11T12:22:01.000Z</time>
   </trkpt>
   <trkpt lat="-8.059643" lon="-34.894202">
    <ele>9.4</ele>
    <time>2019-11-11T12:22:02.000Z</time>
   </trkpt>
   <trkpt lat="-8.059689" lon="-34.894232">
    <ele>9.5</ele>
    <time>2019-11-11T12:22:03.000Z</time>
   </trkpt>
   <trkpt lat="-8.059727" lon="-34.894259">
    <ele>9.5</ele>
    <time>2019-11-11T12:22:04.000Z</time>
   </trkpt>
   <trkpt lat="-8.059764" lon="-34.894291">
    <ele>9.6</ele>
    <time>2019-11-11T12:22:05.000Z</time>
   </trkpt>
   <trkpt lat="-8.059799" lon="-34.89433">
    <ele>9.7</ele>
    <time>2019-11-11T12:22:06.000Z</time>
   </trkpt>
   <trkpt lat="-8.059848" lon="-34.89435">
    <ele>9.7</ele>
    <time>2019-11-11T12:22:07.000Z</time>
   </trkpt>
   <trkpt lat="-8.05989" lon="-34.894379">
    <ele>9.8</ele>
    <time>2019-11-11T12:22:08.000Z</time>
   </trkpt>
   <trkpt lat="-8.059935" lon="-34.89441">
    <ele>9.7</ele>
    <time>2019-11-11T12:22:09.000Z</time>
   </trkpt>
   <trkpt lat="-8.059978" lon="-34.894449">
    <ele>9.4</ele>
    <time>2019-11-11T12:22:10.000Z</time>
   </trkpt>
   <trkpt lat="-8.06002" lon="-34.894485">
    <ele>9.2</ele>
    <time>2019-11-11T12:22:11.000Z</time>
   </trkpt>
   <trkpt lat="-8.060051" lon="-34.894526">
    <ele>9</ele>
    <time>2019-11-11T12:22:12.000Z</time>
   </trkpt>
   <trkpt lat="-8.060084" lon="-34.894558">
    <ele>8.7</ele>
    <time>2019-11-11T12:22:13.000Z</time>
   </trkpt>
   <trkpt lat="-8.060129" lon="-34.894591">
    <ele>8.5</ele>
    <time>2019-11-11T12:22:14.000Z</time>
   </trkpt>
   <trkpt lat="-8.060165" lon="-34.894624">
    <ele>8.3</ele>
    <time>2019-11-11T12:22:15.000Z</time>
   </trkpt>
   <trkpt lat="-8.060203" lon="-34.894653">
    <ele>8.1</ele>
    <time>2019-11-11T12:22:16.000Z</time>
   </trkpt>
   <trkpt lat="-8.060244" lon="-34.89469">
    <ele>7.8</ele>
    <time>2019-11-11T12:22:17.000Z</time>
   </trkpt>
   <trkpt lat="-8.060287" lon="-34.894721">
    <ele>7.6</ele>
    <time>2019-11-11T12:22:18.000Z</time>
   </trkpt>
   <trkpt lat="-8.06033" lon="-34.894748">
    <ele>7.4</ele>
    <time>2019-11-11T12:22:19.000Z</time>
   </trkpt>
   <trkpt lat="-8.060374" lon="-34.894787">
    <ele>7.1</ele>
    <time>2019-11-11T12:22:20.000Z</time>
   </trkpt>
   <trkpt lat="-8.060414" lon="-34.894808">
    <ele>7</ele>
    <time>2019-11-11T12:22:21.000Z</time>
   </trkpt>
   <trkpt lat="-8.060456" lon="-34.894803">
    <ele>6.7</ele>
    <time>2019-11-11T12:22:22.000Z</time>
   </trkpt>
   <trkpt lat="-8.060513" lon="-34.894819">
    <ele>6.5</ele>
    <time>2019-11-11T12:22:23.000Z</time>
   </trkpt>
   <trkpt lat="-8.060575" lon="-34.894831">
    <ele>6.1</ele>
    <time>2019-11-11T12:22:24.000Z</time>
   </trkpt>
   <trkpt lat="-8.06063" lon="-34.894826">
    <ele>6.2</ele>
    <time>2019-11-11T12:22:25.000Z</time>
   </trkpt>
   <trkpt lat="-8.060676" lon="-34.894827">
    <ele>6.3</ele>
    <time>2019-11-11T12:22:26.000Z</time>
   </trkpt>
   <trkpt lat="-8.060735" lon="-34.894849">
    <ele>6.6</ele>
    <time>2019-11-11T12:22:27.000Z</time>
   </trkpt>
   <trkpt lat="-8.060795" lon="-34.894861">
    <ele>6.8</ele>
    <time>2019-11-11T12:22:28.000Z</time>
   </trkpt>
   <trkpt lat="-8.060866" lon="-34.894879">
    <ele>7.1</ele>
    <time>2019-11-11T12:22:29.000Z</time>
   </trkpt>
   <trkpt lat="-8.060927" lon="-34.894889">
    <ele>7.4</ele>
    <time>2019-11-11T12:22:30.000Z</time>
   </trkpt>
   <trkpt lat="-8.060986" lon="-34.894894">
    <ele>7.7</ele>
    <time>2019-11-11T12:22:31.000Z</time>
   </trkpt>
   <trkpt lat="-8.06104" lon="-34.894901">
    <ele>7.9</ele>
    <time>2019-11-11T12:22:32.000Z</time>
   </trkpt>
   <trkpt lat="-8.061095" lon="-34.89492">
    <ele>8</ele>
    <time>2019-11-11T12:22:33.000Z</time>
   </trkpt>
   <trkpt lat="-8.061147" lon="-34.894926">
    <ele>8</ele>
    <time>2019-11-11T12:22:34.000Z</time>
   </trkpt>
   <trkpt lat="-8.0612" lon="-34.89493">
    <ele>8</ele>
    <time>2019-11-11T12:22:35.000Z</time>
   </trkpt>
   <trkpt lat="-8.061251" lon="-34.894941">
    <ele>7.9</ele>
    <time>2019-11-11T12:22:36.000Z</time>
   </trkpt>
   <trkpt lat="-8.061295" lon="-34.894951">
    <ele>7.7</ele>
    <time>2019-11-11T12:22:37.000Z</time>
   </trkpt>
   <trkpt lat="-8.061337" lon="-34.89496">
    <ele>7.5</ele>
    <time>2019-11-11T12:22:38.000Z</time>
   </trkpt>
   <trkpt lat="-8.061394" lon="-34.894996">
    <ele>7.2</ele>
    <time>2019-11-11T12:22:39.000Z</time>
   </trkpt>
   <trkpt lat="-8.061445" lon="-34.895015">
    <ele>6.8</ele>
    <time>2019-11-11T12:22:40.000Z</time>
   </trkpt>
   <trkpt lat="-8.061504" lon="-34.895039">
    <ele>6.4</ele>
    <time>2019-11-11T12:22:41.000Z</time>
   </trkpt>
   <trkpt lat="-8.061572" lon="-34.895058">
    <ele>6.4</ele>
    <time>2019-11-11T12:22:42.000Z</time>
   </trkpt>
   <trkpt lat="-8.061638" lon="-34.895068">
    <ele>6.8</ele>
    <time>2019-11-11T12:22:43.000Z</time>
   </trkpt>
   <trkpt lat="-8.061703" lon="-34.895079">
    <ele>7</ele>
    <time>2019-11-11T12:22:44.000Z</time>
   </trkpt>
   <trkpt lat="-8.061759" lon="-34.89509">
    <ele>7.1</ele>
    <time>2019-11-11T12:22:45.000Z</time>
   </trkpt>
   <trkpt lat="-8.061802" lon="-34.895101">
    <ele>7.1</ele>
    <time>2019-11-11T12:22:46.000Z</time>
   </trkpt>
   <trkpt lat="-8.06184" lon="-34.895114">
    <ele>7.1</ele>
    <time>2019-11-11T12:22:47.000Z</time>
   </trkpt>
   <trkpt lat="-8.061872" lon="-34.895117">
    <ele>7.1</ele>
    <time>2019-11-11T12:22:48.000Z</time>
   </trkpt>
   <trkpt lat="-8.061907" lon="-34.895121">
    <ele>7.1</ele>
    <time>2019-11-11T12:22:49.000Z</time>
   </trkpt>
   <trkpt lat="-8.061937" lon="-34.895129">
    <ele>7.1</ele>
    <time>2019-11-11T12:22:50.000Z</time>
   </trkpt>
   <trkpt lat="-8.061999" lon="-34.895144">
    <ele>7.1</ele>
    <time>2019-11-11T12:22:52.000Z</time>
   </trkpt>
   <trkpt lat="-8.062043" lon="-34.895158">
    <ele>7.1</ele>
    <time>2019-11-11T12:22:53.000Z</time>
   </trkpt>
   <trkpt lat="-8.062087" lon="-34.895163">
    <ele>7.1</ele>
    <time>2019-11-11T12:22:54.000Z</time>
   </trkpt>
   <trkpt lat="-8.062125" lon="-34.895168">
    <ele>7.1</ele>
    <time>2019-11-11T12:22:55.000Z</time>
   </trkpt>
   <trkpt lat="-8.062161" lon="-34.895179">
    <ele>7.1</ele>
    <time>2019-11-11T12:22:56.000Z</time>
   </trkpt>
   <trkpt lat="-8.062214" lon="-34.895192">
    <ele>7.1</ele>
    <time>2019-11-11T12:22:58.000Z</time>
   </trkpt>
   <trkpt lat="-8.062247" lon="-34.895194">
    <ele>7.1</ele>
    <time>2019-11-11T12:22:59.000Z</time>
   </trkpt>
   <trkpt lat="-8.06228" lon="-34.895202">
    <ele>7</ele>
    <time>2019-11-11T12:23:00.000Z</time>
   </trkpt>
   <trkpt lat="-8.062325" lon="-34.895203">
    <ele>7</ele>
    <time>2019-11-11T12:23:01.000Z</time>
   </trkpt>
   <trkpt lat="-8.062363" lon="-34.895206">
    <ele>6.9</ele>
    <time>2019-11-11T12:23:02.000Z</time>
   </trkpt>
   <trkpt lat="-8.062403" lon="-34.895207">
    <ele>6.8</ele>
    <time>2019-11-11T12:23:03.000Z</time>
   </trkpt>
   <trkpt lat="-8.062433" lon="-34.895202">
    <ele>6.7</ele>
    <time>2019-11-11T12:23:04.000Z</time>
   </trkpt>
   <trkpt lat="-8.062473" lon="-34.895206">
    <ele>6.7</ele>
    <time>2019-11-11T12:23:05.000Z</time>
   </trkpt>
   <trkpt lat="-8.062513" lon="-34.895211">
    <ele>6.6</ele>
    <time>2019-11-11T12:23:06.000Z</time>
   </trkpt>
   <trkpt lat="-8.062547" lon="-34.895219">
    <ele>6.5</ele>
    <time>2019-11-11T12:23:08.000Z</time>
   </trkpt>
   <trkpt lat="-8.062582" lon="-34.895228">
    <ele>6.5</ele>
    <time>2019-11-11T12:23:09.000Z</time>
   </trkpt>
   <trkpt lat="-8.062615" lon="-34.895232">
    <ele>6.5</ele>
    <time>2019-11-11T12:23:10.000Z</time>
   </trkpt>
   <trkpt lat="-8.062647" lon="-34.895239">
    <ele>6.4</ele>
    <time>2019-11-11T12:23:11.000Z</time>
   </trkpt>
   <trkpt lat="-8.062676" lon="-34.895252">
    <ele>6.4</ele>
    <time>2019-11-11T12:23:12.000Z</time>
   </trkpt>
   <trkpt lat="-8.062702" lon="-34.895265">
    <ele>6.4</ele>
    <time>2019-11-11T12:23:13.000Z</time>
   </trkpt>
   <trkpt lat="-8.062724" lon="-34.895287">
    <ele>6.4</ele>
    <time>2019-11-11T12:23:14.000Z</time>
   </trkpt>
   <trkpt lat="-8.062753" lon="-34.89531">
    <ele>6.4</ele>
    <time>2019-11-11T12:23:15.000Z</time>
   </trkpt>
   <trkpt lat="-8.062795" lon="-34.895341">
    <ele>6.5</ele>
    <time>2019-11-11T12:23:16.000Z</time>
   </trkpt>
   <trkpt lat="-8.062814" lon="-34.895366">
    <ele>6.5</ele>
    <time>2019-11-11T12:23:17.000Z</time>
   </trkpt>
   <trkpt lat="-8.062822" lon="-34.895411">
    <ele>6.6</ele>
    <time>2019-11-11T12:23:18.000Z</time>
   </trkpt>
   <trkpt lat="-8.062816" lon="-34.895456">
    <ele>6.7</ele>
    <time>2019-11-11T12:23:19.000Z</time>
   </trkpt>
   <trkpt lat="-8.062814" lon="-34.895509">
    <ele>6.7</ele>
    <time>2019-11-11T12:23:20.000Z</time>
   </trkpt>
   <trkpt lat="-8.06281" lon="-34.895555">
    <ele>6.8</ele>
    <time>2019-11-11T12:23:21.000Z</time>
   </trkpt>
   <trkpt lat="-8.062801" lon="-34.895599">
    <ele>6.9</ele>
    <time>2019-11-11T12:23:22.000Z</time>
   </trkpt>
   <trkpt lat="-8.062798" lon="-34.895644">
    <ele>7.3</ele>
    <time>2019-11-11T12:23:23.000Z</time>
   </trkpt>
   <trkpt lat="-8.062782" lon="-34.895693">
    <ele>7.7</ele>
    <time>2019-11-11T12:23:24.000Z</time>
   </trkpt>
   <trkpt lat="-8.062765" lon="-34.895745">
    <ele>8.1</ele>
    <time>2019-11-11T12:23:25.000Z</time>
   </trkpt>
   <trkpt lat="-8.062754" lon="-34.895798">
    <ele>8.4</ele>
    <time>2019-11-11T12:23:26.000Z</time>
   </trkpt>
   <trkpt lat="-8.062767" lon="-34.895845">
    <ele>8.5</ele>
    <time>2019-11-11T12:23:27.000Z</time>
   </trkpt>
   <trkpt lat="-8.062763" lon="-34.895899">
    <ele>8.5</ele>
    <time>2019-11-11T12:23:28.000Z</time>
   </trkpt>
   <trkpt lat="-8.06275" lon="-34.895945">
    <ele>8.5</ele>
    <time>2019-11-11T12:23:29.000Z</time>
   </trkpt>
   <trkpt lat="-8.062738" lon="-34.895983">
    <ele>8.4</ele>
    <time>2019-11-11T12:23:30.000Z</time>
   </trkpt>
   <trkpt lat="-8.062727" lon="-34.896022">
    <ele>8.2</ele>
    <time>2019-11-11T12:23:31.000Z</time>
   </trkpt>
   <trkpt lat="-8.062707" lon="-34.89607">
    <ele>8</ele>
    <time>2019-11-11T12:23:32.000Z</time>
   </trkpt>
   <trkpt lat="-8.062692" lon="-34.896117">
    <ele>7.7</ele>
    <time>2019-11-11T12:23:33.000Z</time>
   </trkpt>
   <trkpt lat="-8.062682" lon="-34.896161">
    <ele>7.5</ele>
    <time>2019-11-11T12:23:34.000Z</time>
   </trkpt>
   <trkpt lat="-8.062665" lon="-34.896204">
    <ele>7.4</ele>
    <time>2019-11-11T12:23:35.000Z</time>
   </trkpt>
   <trkpt lat="-8.062651" lon="-34.896245">
    <ele>7.4</ele>
    <time>2019-11-11T12:23:36.000Z</time>
   </trkpt>
   <trkpt lat="-8.062637" lon="-34.896281">
    <ele>7.3</ele>
    <time>2019-11-11T12:23:37.000Z</time>
   </trkpt>
   <trkpt lat="-8.062614" lon="-34.896322">
    <ele>7.3</ele>
    <time>2019-11-11T12:23:38.000Z</time>
   </trkpt>
   <trkpt lat="-8.062616" lon="-34.896353">
    <ele>7.2</ele>
    <time>2019-11-11T12:23:39.000Z</time>
   </trkpt>
   <trkpt lat="-8.062635" lon="-34.896396">
    <ele>7</ele>
    <time>2019-11-11T12:23:41.000Z</time>
   </trkpt>
   <trkpt lat="-8.062684" lon="-34.896376">
    <ele>6.7</ele>
    <time>2019-11-11T12:23:44.000Z</time>
   </trkpt>
   <trkpt lat="-8.062743" lon="-34.89638">
    <ele>6.4</ele>
    <time>2019-11-11T12:23:46.000Z</time>
   </trkpt>
   <trkpt lat="-8.062789" lon="-34.896372">
    <ele>6.5</ele>
    <time>2019-11-11T12:23:47.000Z</time>
   </trkpt>
   <trkpt lat="-8.062844" lon="-34.896381">
    <ele>6.5</ele>
    <time>2019-11-11T12:23:48.000Z</time>
   </trkpt>
   <trkpt lat="-8.062896" lon="-34.896381">
    <ele>6.6</ele>
    <time>2019-11-11T12:23:49.000Z</time>
   </trkpt>
   <trkpt lat="-8.062943" lon="-34.896367">
    <ele>6.6</ele>
    <time>2019-11-11T12:23:50.000Z</time>
   </trkpt>
   <trkpt lat="-8.063004" lon="-34.896361">
    <ele>6.7</ele>
    <time>2019-11-11T12:23:51.000Z</time>
   </trkpt>
   <trkpt lat="-8.063061" lon="-34.896357">
    <ele>6.7</ele>
    <time>2019-11-11T12:23:52.000Z</time>
   </trkpt>
   <trkpt lat="-8.063108" lon="-34.896351">
    <ele>6.8</ele>
    <time>2019-11-11T12:23:53.000Z</time>
   </trkpt>
   <trkpt lat="-8.063165" lon="-34.896335">
    <ele>6.8</ele>
    <time>2019-11-11T12:23:54.000Z</time>
   </trkpt>
   <trkpt lat="-8.06322" lon="-34.896311">
    <ele>6.9</ele>
    <time>2019-11-11T12:23:55.000Z</time>
   </trkpt>
   <trkpt lat="-8.063265" lon="-34.896284">
    <ele>6.9</ele>
    <time>2019-11-11T12:23:56.000Z</time>
   </trkpt>
   <trkpt lat="-8.063304" lon="-34.89625">
    <ele>7</ele>
    <time>2019-11-11T12:23:57.000Z</time>
   </trkpt>
   <trkpt lat="-8.06334" lon="-34.896245">
    <ele>7</ele>
    <time>2019-11-11T12:23:58.000Z</time>
   </trkpt>
   <trkpt lat="-8.063372" lon="-34.896235">
    <ele>7.1</ele>
    <time>2019-11-11T12:23:59.000Z</time>
   </trkpt>
   <trkpt lat="-8.063428" lon="-34.89622">
    <ele>7.1</ele>
    <time>2019-11-11T12:24:01.000Z</time>
   </trkpt>
   <trkpt lat="-8.063453" lon="-34.896209">
    <ele>7.1</ele>
    <time>2019-11-11T12:24:02.000Z</time>
   </trkpt>
   <trkpt lat="-8.063481" lon="-34.896205">
    <ele>7.2</ele>
    <time>2019-11-11T12:24:03.000Z</time>
   </trkpt>
   <trkpt lat="-8.063509" lon="-34.896199">
    <ele>7.2</ele>
    <time>2019-11-11T12:24:04.000Z</time>
   </trkpt>
   <trkpt lat="-8.063542" lon="-34.896201">
    <ele>7.2</ele>
    <time>2019-11-11T12:24:06.000Z</time>
   </trkpt>
   <trkpt lat="-8.063574" lon="-34.896193">
    <ele>7.2</ele>
    <time>2019-11-11T12:24:09.000Z</time>
   </trkpt>
   <trkpt lat="-8.063604" lon="-34.896205">
    <ele>7.3</ele>
    <time>2019-11-11T12:24:12.000Z</time>
   </trkpt>
   <trkpt lat="-8.063621" lon="-34.896166">
    <ele>7.3</ele>
    <time>2019-11-11T12:24:31.000Z</time>
   </trkpt>
   <trkpt lat="-8.063642" lon="-34.896148">
    <ele>7.2</ele>
    <time>2019-11-11T12:24:32.000Z</time>
   </trkpt>
   <trkpt lat="-8.063689" lon="-34.89612">
    <ele>7.1</ele>
    <time>2019-11-11T12:24:34.000Z</time>
   </trkpt>
   <trkpt lat="-8.063725" lon="-34.896119">
    <ele>7.1</ele>
    <time>2019-11-11T12:24:35.000Z</time>
   </trkpt>
   <trkpt lat="-8.063771" lon="-34.896126">
    <ele>7</ele>
    <time>2019-11-11T12:24:36.000Z</time>
   </trkpt>
   <trkpt lat="-8.063813" lon="-34.896128">
    <ele>7</ele>
    <time>2019-11-11T12:24:37.000Z</time>
   </trkpt>
   <trkpt lat="-8.063863" lon="-34.896135">
    <ele>6.9</ele>
    <time>2019-11-11T12:24:38.000Z</time>
   </trkpt>
   <trkpt lat="-8.063908" lon="-34.89614">
    <ele>6.8</ele>
    <time>2019-11-11T12:24:39.000Z</time>
   </trkpt>
   <trkpt lat="-8.063953" lon="-34.896138">
    <ele>6.8</ele>
    <time>2019-11-11T12:24:40.000Z</time>
   </trkpt>
   <trkpt lat="-8.063998" lon="-34.89613">
    <ele>6.7</ele>
    <time>2019-11-11T12:24:41.000Z</time>
   </trkpt>
   <trkpt lat="-8.064033" lon="-34.896127">
    <ele>6.6</ele>
    <time>2019-11-11T12:24:42.000Z</time>
   </trkpt>
   <trkpt lat="-8.064078" lon="-34.896112">
    <ele>6.5</ele>
    <time>2019-11-11T12:24:43.000Z</time>
   </trkpt>
   <trkpt lat="-8.064116" lon="-34.896085">
    <ele>6.3</ele>
    <time>2019-11-11T12:24:44.000Z</time>
   </trkpt>
   <trkpt lat="-8.06416" lon="-34.896057">
    <ele>6.2</ele>
    <time>2019-11-11T12:24:45.000Z</time>
   </trkpt>
   <trkpt lat="-8.064194" lon="-34.896036">
    <ele>6</ele>
    <time>2019-11-11T12:24:46.000Z</time>
   </trkpt>
   <trkpt lat="-8.064233" lon="-34.896032">
    <ele>5.8</ele>
    <time>2019-11-11T12:24:47.000Z</time>
   </trkpt>
   <trkpt lat="-8.064279" lon="-34.896028">
    <ele>5.6</ele>
    <time>2019-11-11T12:24:48.000Z</time>
   </trkpt>
   <trkpt lat="-8.064317" lon="-34.895999">
    <ele>5.4</ele>
    <time>2019-11-11T12:24:49.000Z</time>
   </trkpt>
   <trkpt lat="-8.064362" lon="-34.89599">
    <ele>5.1</ele>
    <time>2019-11-11T12:24:50.000Z</time>
   </trkpt>
   <trkpt lat="-8.064404" lon="-34.895992">
    <ele>4.7</ele>
    <time>2019-11-11T12:24:51.000Z</time>
   </trkpt>
   <trkpt lat="-8.064441" lon="-34.895977">
    <ele>4.5</ele>
    <time>2019-11-11T12:24:52.000Z</time>
   </trkpt>
   <trkpt lat="-8.064479" lon="-34.895977">
    <ele>4.3</ele>
    <time>2019-11-11T12:24:53.000Z</time>
   </trkpt>
   <trkpt lat="-8.064513" lon="-34.895947">
    <ele>4.1</ele>
    <time>2019-11-11T12:24:54.000Z</time>
   </trkpt>
   <trkpt lat="-8.064552" lon="-34.895926">
    <ele>3.8</ele>
    <time>2019-11-11T12:24:55.000Z</time>
   </trkpt>
   <trkpt lat="-8.064589" lon="-34.895906">
    <ele>3.6</ele>
    <time>2019-11-11T12:24:56.000Z</time>
   </trkpt>
   <trkpt lat="-8.064625" lon="-34.895893">
    <ele>3.5</ele>
    <time>2019-11-11T12:24:57.000Z</time>
   </trkpt>
   <trkpt lat="-8.064661" lon="-34.895881">
    <ele>3.3</ele>
    <time>2019-11-11T12:24:58.000Z</time>
   </trkpt>
   <trkpt lat="-8.064707" lon="-34.895872">
    <ele>3</ele>
    <time>2019-11-11T12:24:59.000Z</time>
   </trkpt>
   <trkpt lat="-8.064754" lon="-34.895884">
    <ele>2.8</ele>
    <time>2019-11-11T12:25:00.000Z</time>
   </trkpt>
   <trkpt lat="-8.06478" lon="-34.895872">
    <ele>2.7</ele>
    <time>2019-11-11T12:25:01.000Z</time>
   </trkpt>
   <trkpt lat="-8.064804" lon="-34.895852">
    <ele>2.6</ele>
    <time>2019-11-11T12:25:02.000Z</time>
   </trkpt>
   <trkpt lat="-8.064832" lon="-34.895834">
    <ele>2.5</ele>
    <time>2019-11-11T12:25:03.000Z</time>
   </trkpt>
   <trkpt lat="-8.064862" lon="-34.895819">
    <ele>2.3</ele>
    <time>2019-11-11T12:25:04.000Z</time>
   </trkpt>
   <trkpt lat="-8.064888" lon="-34.895807">
    <ele>2.2</ele>
    <time>2019-11-11T12:25:05.000Z</time>
   </trkpt>
   <trkpt lat="-8.064917" lon="-34.895811">
    <ele>2.1</ele>
    <time>2019-11-11T12:25:06.000Z</time>
   </trkpt>
   <trkpt lat="-8.064961" lon="-34.895834">
    <ele>1.9</ele>
    <time>2019-11-11T12:25:07.000Z</time>
   </trkpt>
   <trkpt lat="-8.064991" lon="-34.89581">
    <ele>1.8</ele>
    <time>2019-11-11T12:25:08.000Z</time>
   </trkpt>
   <trkpt lat="-8.065027" lon="-34.895789">
    <ele>1.7</ele>
    <time>2019-11-11T12:25:09.000Z</time>
   </trkpt>
   <trkpt lat="-8.065067" lon="-34.895788">
    <ele>1.5</ele>
    <time>2019-11-11T12:25:10.000Z</time>
   </trkpt>
   <trkpt lat="-8.065102" lon="-34.895801">
    <ele>1.4</ele>
    <time>2019-11-11T12:25:12.000Z</time>
   </trkpt>
   <trkpt lat="-8.065124" lon="-34.895838">
    <ele>1.3</ele>
    <time>2019-11-11T12:25:15.000Z</time>
   </trkpt>
   <trkpt lat="-8.065122" lon="-34.895883">
    <ele>1.4</ele>
    <time>2019-11-11T12:25:17.000Z</time>
   </trkpt>
   <trkpt lat="-8.06514" lon="-34.895923">
    <ele>1.5</ele>
    <time>2019-11-11T12:25:19.000Z</time>
   </trkpt>
   <trkpt lat="-8.065138" lon="-34.895956">
    <ele>1.6</ele>
    <time>2019-11-11T12:25:22.000Z</time>
   </trkpt>
   <trkpt lat="-8.065125" lon="-34.895982">
    <ele>1.6</ele>
    <time>2019-11-11T12:25:24.000Z</time>
   </trkpt>
   <trkpt lat="-8.065147" lon="-34.895947">
    <ele>1.7</ele>
    <time>2019-11-11T12:25:29.000Z</time>
   </trkpt>
   <trkpt lat="-8.065123" lon="-34.895926">
    <ele>1.8</ele>
    <time>2019-11-11T12:25:32.000Z</time>
   </trkpt>
   <trkpt lat="-8.065115" lon="-34.895953">
    <ele>1.8</ele>
    <time>2019-11-11T12:25:35.000Z</time>
   </trkpt>
   <trkpt lat="-8.06511" lon="-34.895985">
    <ele>1.9</ele>
    <time>2019-11-11T12:25:36.000Z</time>
   </trkpt>
   <trkpt lat="-8.065107" lon="-34.896038">
    <ele>2.1</ele>
    <time>2019-11-11T12:25:38.000Z</time>
   </trkpt>
   <trkpt lat="-8.065111" lon="-34.896095">
    <ele>2.3</ele>
    <time>2019-11-11T12:25:40.000Z</time>
   </trkpt>
  </trkseg>
 </trk>
</gpx>
