<?xml version="1.0" encoding="UTF-8"?>
<gpx creator="StravaGPX" version="1.1" xmlns="http://www.topografix.com/GPX/1/1">
 <metadata>
  <time>2021-09-15T22:52:31Z</time>
 </metadata>
 <trk>
  <name>Bike Escola - Iniciante</name>
  <type>1</type>
  <trkseg>
   <trkpt lat="-8.036713" lon="-34.892701">
    <ele>9.4</ele>
    <time>2021-09-15T22:52:31.000Z</time>
   </trkpt>
   <trkpt lat="-8.036633" lon="-34.89268">
    <ele>9.5</ele>
    <time>2021-09-15T22:52:35.000Z</time>
   </trkpt>
   <trkpt lat="-8.036614" lon="-34.892664">
    <ele>9.5</ele>
    <time>2021-09-15T22:52:37.000Z</time>
   </trkpt>
   <trkpt lat="-8.036568" lon="-34.892658">
    <ele>9.5</ele>
    <time>2021-09-15T22:52:39.000Z</time>
   </trkpt>
   <trkpt lat="-8.036546" lon="-34.892693">
    <ele>9.5</ele>
    <time>2021-09-15T22:52:41.000Z</time>
   </trkpt>
   <trkpt lat="-8.036524" lon="-34.89273">
    <ele>9.5</ele>
    <time>2021-09-15T22:52:44.000Z</time>
   </trkpt>
   <trkpt lat="-8.036503" lon="-34.892766">
    <ele>9.6</ele>
    <time>2021-09-15T22:52:45.000Z</time>
   </trkpt>
   <trkpt lat="-8.03649" lon="-34.892801">
    <ele>9.6</ele>
    <time>2021-09-15T22:52:46.000Z</time>
   </trkpt>
   <trkpt lat="-8.036477" lon="-34.892834">
    <ele>9.6</ele>
    <time>2021-09-15T22:52:47.000Z</time>
   </trkpt>
   <trkpt lat="-8.036452" lon="-34.892889">
    <ele>9.6</ele>
    <time>2021-09-15T22:52:48.000Z</time>
   </trkpt>
   <trkpt lat="-8.036436" lon="-34.892944">
    <ele>9.6</ele>
    <time>2021-09-15T22:52:49.000Z</time>
   </trkpt>
   <trkpt lat="-8.036413" lon="-34.892999">
    <ele>9.7</ele>
    <time>2021-09-15T22:52:50.000Z</time>
   </trkpt>
   <trkpt lat="-8.036393" lon="-34.893037">
    <ele>9.7</ele>
    <time>2021-09-15T22:52:51.000Z</time>
   </trkpt>
   <trkpt lat="-8.036376" lon="-34.893072">
    <ele>9.7</ele>
    <time>2021-09-15T22:52:52.000Z</time>
   </trkpt>
   <trkpt lat="-8.036367" lon="-34.893107">
    <ele>9.8</ele>
    <time>2021-09-15T22:52:53.000Z</time>
   </trkpt>
   <trkpt lat="-8.036354" lon="-34.893138">
    <ele>9.8</ele>
    <time>2021-09-15T22:52:54.000Z</time>
   </trkpt>
   <trkpt lat="-8.036348" lon="-34.893173">
    <ele>9.8</ele>
    <time>2021-09-15T22:52:56.000Z</time>
   </trkpt>
   <trkpt lat="-8.036343" lon="-34.893206">
    <ele>9.8</ele>
    <time>2021-09-15T22:52:57.000Z</time>
   </trkpt>
   <trkpt lat="-8.036316" lon="-34.893263">
    <ele>9.8</ele>
    <time>2021-09-15T22:52:59.000Z</time>
   </trkpt>
   <trkpt lat="-8.036297" lon="-34.893281">
    <ele>9.8</ele>
    <time>2021-09-15T22:53:00.000Z</time>
   </trkpt>
   <trkpt lat="-8.036281" lon="-34.893319">
    <ele>9.8</ele>
    <time>2021-09-15T22:53:02.000Z</time>
   </trkpt>
   <trkpt lat="-8.036272" lon="-34.893385">
    <ele>9.8</ele>
    <time>2021-09-15T22:53:04.000Z</time>
   </trkpt>
   <trkpt lat="-8.036274" lon="-34.893415">
    <ele>9.9</ele>
    <time>2021-09-15T22:53:05.000Z</time>
   </trkpt>
   <trkpt lat="-8.036276" lon="-34.893439">
    <ele>9.9</ele>
    <time>2021-09-15T22:53:06.000Z</time>
   </trkpt>
   <trkpt lat="-8.036264" lon="-34.893473">
    <ele>9.9</ele>
    <time>2021-09-15T22:53:08.000Z</time>
   </trkpt>
   <trkpt lat="-8.036234" lon="-34.893472">
    <ele>9.9</ele>
    <time>2021-09-15T22:53:10.000Z</time>
   </trkpt>
   <trkpt lat="-8.036192" lon="-34.893522">
    <ele>10</ele>
    <time>2021-09-15T22:53:13.000Z</time>
   </trkpt>
   <trkpt lat="-8.036142" lon="-34.893569">
    <ele>10</ele>
    <time>2021-09-15T22:53:15.000Z</time>
   </trkpt>
   <trkpt lat="-8.036117" lon="-34.893599">
    <ele>10.1</ele>
    <time>2021-09-15T22:53:16.000Z</time>
   </trkpt>
   <trkpt lat="-8.036086" lon="-34.89363">
    <ele>10.1</ele>
    <time>2021-09-15T22:53:17.000Z</time>
   </trkpt>
   <trkpt lat="-8.036067" lon="-34.893665">
    <ele>10.1</ele>
    <time>2021-09-15T22:53:18.000Z</time>
   </trkpt>
   <trkpt lat="-8.035995" lon="-34.893728">
    <ele>10.3</ele>
    <time>2021-09-15T22:53:19.000Z</time>
   </trkpt>
   <trkpt lat="-8.035958" lon="-34.893766">
    <ele>10.4</ele>
    <time>2021-09-15T22:53:20.000Z</time>
   </trkpt>
   <trkpt lat="-8.035927" lon="-34.893798">
    <ele>10.6</ele>
    <time>2021-09-15T22:53:22.000Z</time>
   </trkpt>
   <trkpt lat="-8.035898" lon="-34.893829">
    <ele>10.7</ele>
    <time>2021-09-15T22:53:23.000Z</time>
   </trkpt>
   <trkpt lat="-8.035827" lon="-34.893878">
    <ele>10.9</ele>
    <time>2021-09-15T22:53:25.000Z</time>
   </trkpt>
   <trkpt lat="-8.035744" lon="-34.893931">
    <ele>11.2</ele>
    <time>2021-09-15T22:53:27.000Z</time>
   </trkpt>
   <trkpt lat="-8.035665" lon="-34.893989">
    <ele>11.4</ele>
    <time>2021-09-15T22:53:28.000Z</time>
   </trkpt>
   <trkpt lat="-8.035639" lon="-34.894016">
    <ele>11.5</ele>
    <time>2021-09-15T22:53:30.000Z</time>
   </trkpt>
   <trkpt lat="-8.035576" lon="-34.894068">
    <ele>11.7</ele>
    <time>2021-09-15T22:53:31.000Z</time>
   </trkpt>
   <trkpt lat="-8.035533" lon="-34.894096">
    <ele>11.8</ele>
    <time>2021-09-15T22:53:33.000Z</time>
   </trkpt>
   <trkpt lat="-8.035456" lon="-34.894133">
    <ele>11.8</ele>
    <time>2021-09-15T22:53:34.000Z</time>
   </trkpt>
   <trkpt lat="-8.03543" lon="-34.894157">
    <ele>11.7</ele>
    <time>2021-09-15T22:53:35.000Z</time>
   </trkpt>
   <trkpt lat="-8.035401" lon="-34.894171">
    <ele>11.7</ele>
    <time>2021-09-15T22:53:36.000Z</time>
   </trkpt>
   <trkpt lat="-8.035349" lon="-34.894202">
    <ele>11.6</ele>
    <time>2021-09-15T22:53:38.000Z</time>
   </trkpt>
   <trkpt lat="-8.035326" lon="-34.894218">
    <ele>11.6</ele>
    <time>2021-09-15T22:53:39.000Z</time>
   </trkpt>
   <trkpt lat="-8.035275" lon="-34.894239">
    <ele>11.5</ele>
    <time>2021-09-15T22:53:41.000Z</time>
   </trkpt>
   <trkpt lat="-8.035245" lon="-34.894251">
    <ele>11.4</ele>
    <time>2021-09-15T22:53:43.000Z</time>
   </trkpt>
   <trkpt lat="-8.035221" lon="-34.89426">
    <ele>11.4</ele>
    <time>2021-09-15T22:53:44.000Z</time>
   </trkpt>
   <trkpt lat="-8.035165" lon="-34.894284">
    <ele>11.3</ele>
    <time>2021-09-15T22:53:45.000Z</time>
   </trkpt>
   <trkpt lat="-8.03513" lon="-34.894299">
    <ele>11.2</ele>
    <time>2021-09-15T22:53:46.000Z</time>
   </trkpt>
   <trkpt lat="-8.035093" lon="-34.894317">
    <ele>11.1</ele>
    <time>2021-09-15T22:53:48.000Z</time>
   </trkpt>
   <trkpt lat="-8.035009" lon="-34.89436">
    <ele>10.9</ele>
    <time>2021-09-15T22:53:49.000Z</time>
   </trkpt>
   <trkpt lat="-8.034971" lon="-34.894395">
    <ele>10.8</ele>
    <time>2021-09-15T22:53:50.000Z</time>
   </trkpt>
   <trkpt lat="-8.034928" lon="-34.894422">
    <ele>10.7</ele>
    <time>2021-09-15T22:53:51.000Z</time>
   </trkpt>
   <trkpt lat="-8.034887" lon="-34.894452">
    <ele>10.6</ele>
    <time>2021-09-15T22:53:53.000Z</time>
   </trkpt>
   <trkpt lat="-8.034835" lon="-34.894531">
    <ele>10.5</ele>
    <time>2021-09-15T22:53:54.000Z</time>
   </trkpt>
   <trkpt lat="-8.034799" lon="-34.894581">
    <ele>10.4</ele>
    <time>2021-09-15T22:53:55.000Z</time>
   </trkpt>
   <trkpt lat="-8.034756" lon="-34.894634">
    <ele>10.3</ele>
    <time>2021-09-15T22:53:56.000Z</time>
   </trkpt>
   <trkpt lat="-8.034697" lon="-34.894686">
    <ele>10.4</ele>
    <time>2021-09-15T22:53:57.000Z</time>
   </trkpt>
   <trkpt lat="-8.034662" lon="-34.89472">
    <ele>10.4</ele>
    <time>2021-09-15T22:53:59.000Z</time>
   </trkpt>
   <trkpt lat="-8.034601" lon="-34.894793">
    <ele>10.4</ele>
    <time>2021-09-15T22:54:00.000Z</time>
   </trkpt>
   <trkpt lat="-8.034568" lon="-34.894833">
    <ele>10.4</ele>
    <time>2021-09-15T22:54:02.000Z</time>
   </trkpt>
   <trkpt lat="-8.0345" lon="-34.894898">
    <ele>10.4</ele>
    <time>2021-09-15T22:54:04.000Z</time>
   </trkpt>
   <trkpt lat="-8.034432" lon="-34.894962">
    <ele>10.5</ele>
    <time>2021-09-15T22:54:05.000Z</time>
   </trkpt>
   <trkpt lat="-8.034401" lon="-34.89498">
    <ele>10.5</ele>
    <time>2021-09-15T22:54:06.000Z</time>
   </trkpt>
   <trkpt lat="-8.034375" lon="-34.894996">
    <ele>10.5</ele>
    <time>2021-09-15T22:54:08.000Z</time>
   </trkpt>
   <trkpt lat="-8.034326" lon="-34.895033">
    <ele>10.5</ele>
    <time>2021-09-15T22:54:10.000Z</time>
   </trkpt>
   <trkpt lat="-8.03427" lon="-34.895087">
    <ele>10.5</ele>
    <time>2021-09-15T22:54:11.000Z</time>
   </trkpt>
   <trkpt lat="-8.034253" lon="-34.895115">
    <ele>10.5</ele>
    <time>2021-09-15T22:54:12.000Z</time>
   </trkpt>
   <trkpt lat="-8.034224" lon="-34.89515">
    <ele>10.5</ele>
    <time>2021-09-15T22:54:13.000Z</time>
   </trkpt>
   <trkpt lat="-8.034192" lon="-34.895175">
    <ele>10.5</ele>
    <time>2021-09-15T22:54:15.000Z</time>
   </trkpt>
   <trkpt lat="-8.034142" lon="-34.895209">
    <ele>10.6</ele>
    <time>2021-09-15T22:54:16.000Z</time>
   </trkpt>
   <trkpt lat="-8.034112" lon="-34.895227">
    <ele>10.6</ele>
    <time>2021-09-15T22:54:17.000Z</time>
   </trkpt>
   <trkpt lat="-8.034087" lon="-34.89523">
    <ele>10.5</ele>
    <time>2021-09-15T22:54:18.000Z</time>
   </trkpt>
   <trkpt lat="-8.034043" lon="-34.895231">
    <ele>10.5</ele>
    <time>2021-09-15T22:54:20.000Z</time>
   </trkpt>
   <trkpt lat="-8.034" lon="-34.895218">
    <ele>10.4</ele>
    <time>2021-09-15T22:54:22.000Z</time>
   </trkpt>
   <trkpt lat="-8.033946" lon="-34.895193">
    <ele>10.4</ele>
    <time>2021-09-15T22:54:24.000Z</time>
   </trkpt>
   <trkpt lat="-8.033912" lon="-34.895181">
    <ele>10.4</ele>
    <time>2021-09-15T22:54:25.000Z</time>
   </trkpt>
   <trkpt lat="-8.033885" lon="-34.895168">
    <ele>10.3</ele>
    <time>2021-09-15T22:54:26.000Z</time>
   </trkpt>
   <trkpt lat="-8.033854" lon="-34.895151">
    <ele>10.3</ele>
    <time>2021-09-15T22:54:27.000Z</time>
   </trkpt>
   <trkpt lat="-8.033824" lon="-34.895136">
    <ele>10.3</ele>
    <time>2021-09-15T22:54:29.000Z</time>
   </trkpt>
   <trkpt lat="-8.033779" lon="-34.895098">
    <ele>10.3</ele>
    <time>2021-09-15T22:54:31.000Z</time>
   </trkpt>
   <trkpt lat="-8.033734" lon="-34.895087">
    <ele>10.3</ele>
    <time>2021-09-15T22:54:32.000Z</time>
   </trkpt>
   <trkpt lat="-8.033673" lon="-34.8951">
    <ele>10.3</ele>
    <time>2021-09-15T22:54:34.000Z</time>
   </trkpt>
   <trkpt lat="-8.033599" lon="-34.895113">
    <ele>10.3</ele>
    <time>2021-09-15T22:54:36.000Z</time>
   </trkpt>
   <trkpt lat="-8.033556" lon="-34.895128">
    <ele>10.3</ele>
    <time>2021-09-15T22:54:37.000Z</time>
   </trkpt>
   <trkpt lat="-8.033517" lon="-34.895144">
    <ele>10.2</ele>
    <time>2021-09-15T22:54:38.000Z</time>
   </trkpt>
   <trkpt lat="-8.033483" lon="-34.895159">
    <ele>10.2</ele>
    <time>2021-09-15T22:54:40.000Z</time>
   </trkpt>
   <trkpt lat="-8.033432" lon="-34.895181">
    <ele>10.2</ele>
    <time>2021-09-15T22:54:41.000Z</time>
   </trkpt>
   <trkpt lat="-8.033379" lon="-34.895217">
    <ele>10.2</ele>
    <time>2021-09-15T22:54:43.000Z</time>
   </trkpt>
   <trkpt lat="-8.033309" lon="-34.89528">
    <ele>10.2</ele>
    <time>2021-09-15T22:54:44.000Z</time>
   </trkpt>
   <trkpt lat="-8.033271" lon="-34.895314">
    <ele>10.3</ele>
    <time>2021-09-15T22:54:45.000Z</time>
   </trkpt>
   <trkpt lat="-8.033233" lon="-34.895341">
    <ele>10.3</ele>
    <time>2021-09-15T22:54:47.000Z</time>
   </trkpt>
   <trkpt lat="-8.033175" lon="-34.895381">
    <ele>10.3</ele>
    <time>2021-09-15T22:54:48.000Z</time>
   </trkpt>
   <trkpt lat="-8.033144" lon="-34.895401">
    <ele>10.4</ele>
    <time>2021-09-15T22:54:49.000Z</time>
   </trkpt>
   <trkpt lat="-8.033119" lon="-34.895418">
    <ele>10.4</ele>
    <time>2021-09-15T22:54:50.000Z</time>
   </trkpt>
   <trkpt lat="-8.033097" lon="-34.895431">
    <ele>10.4</ele>
    <time>2021-09-15T22:54:51.000Z</time>
   </trkpt>
   <trkpt lat="-8.033075" lon="-34.895472">
    <ele>10.4</ele>
    <time>2021-09-15T22:54:53.000Z</time>
   </trkpt>
   <trkpt lat="-8.033046" lon="-34.895499">
    <ele>10.5</ele>
    <time>2021-09-15T22:54:55.000Z</time>
   </trkpt>
   <trkpt lat="-8.032983" lon="-34.895569">
    <ele>10.5</ele>
    <time>2021-09-15T22:54:58.000Z</time>
   </trkpt>
   <trkpt lat="-8.032958" lon="-34.895588">
    <ele>10.5</ele>
    <time>2021-09-15T22:55:00.000Z</time>
   </trkpt>
   <trkpt lat="-8.032927" lon="-34.895607">
    <ele>10.5</ele>
    <time>2021-09-15T22:55:01.000Z</time>
   </trkpt>
   <trkpt lat="-8.03289" lon="-34.895642">
    <ele>10.6</ele>
    <time>2021-09-15T22:55:05.000Z</time>
   </trkpt>
   <trkpt lat="-8.032828" lon="-34.895668">
    <ele>10.6</ele>
    <time>2021-09-15T22:55:07.000Z</time>
   </trkpt>
   <trkpt lat="-8.032741" lon="-34.895672">
    <ele>10.8</ele>
    <time>2021-09-15T22:55:09.000Z</time>
   </trkpt>
   <trkpt lat="-8.032684" lon="-34.895678">
    <ele>10.7</ele>
    <time>2021-09-15T22:55:10.000Z</time>
   </trkpt>
   <trkpt lat="-8.032633" lon="-34.895681">
    <ele>10.7</ele>
    <time>2021-09-15T22:55:11.000Z</time>
   </trkpt>
   <trkpt lat="-8.032592" lon="-34.895669">
    <ele>10.7</ele>
    <time>2021-09-15T22:55:12.000Z</time>
   </trkpt>
   <trkpt lat="-8.032556" lon="-34.895655">
    <ele>10.7</ele>
    <time>2021-09-15T22:55:13.000Z</time>
   </trkpt>
   <trkpt lat="-8.032523" lon="-34.89564">
    <ele>10.6</ele>
    <time>2021-09-15T22:55:15.000Z</time>
   </trkpt>
   <trkpt lat="-8.032467" lon="-34.895611">
    <ele>10.6</ele>
    <time>2021-09-15T22:55:16.000Z</time>
   </trkpt>
   <trkpt lat="-8.032405" lon="-34.895555">
    <ele>10.6</ele>
    <time>2021-09-15T22:55:19.000Z</time>
   </trkpt>
   <trkpt lat="-8.032324" lon="-34.895517">
    <ele>10.6</ele>
    <time>2021-09-15T22:55:20.000Z</time>
   </trkpt>
   <trkpt lat="-8.032279" lon="-34.895516">
    <ele>10.6</ele>
    <time>2021-09-15T22:55:21.000Z</time>
   </trkpt>
   <trkpt lat="-8.032236" lon="-34.895511">
    <ele>10.5</ele>
    <time>2021-09-15T22:55:22.000Z</time>
   </trkpt>
   <trkpt lat="-8.032171" lon="-34.895513">
    <ele>10.5</ele>
    <time>2021-09-15T22:55:23.000Z</time>
   </trkpt>
   <trkpt lat="-8.032113" lon="-34.895493">
    <ele>10.5</ele>
    <time>2021-09-15T22:55:24.000Z</time>
   </trkpt>
   <trkpt lat="-8.032052" lon="-34.895478">
    <ele>10.5</ele>
    <time>2021-09-15T22:55:25.000Z</time>
   </trkpt>
   <trkpt lat="-8.031997" lon="-34.895467">
    <ele>10.5</ele>
    <time>2021-09-15T22:55:26.000Z</time>
   </trkpt>
   <trkpt lat="-8.031952" lon="-34.895448">
    <ele>10.5</ele>
    <time>2021-09-15T22:55:28.000Z</time>
   </trkpt>
   <trkpt lat="-8.031862" lon="-34.895415">
    <ele>10.4</ele>
    <time>2021-09-15T22:55:30.000Z</time>
   </trkpt>
   <trkpt lat="-8.031751" lon="-34.895373">
    <ele>10.4</ele>
    <time>2021-09-15T22:55:31.000Z</time>
   </trkpt>
   <trkpt lat="-8.031698" lon="-34.895352">
    <ele>10.4</ele>
    <time>2021-09-15T22:55:32.000Z</time>
   </trkpt>
   <trkpt lat="-8.031647" lon="-34.895328">
    <ele>10.4</ele>
    <time>2021-09-15T22:55:33.000Z</time>
   </trkpt>
   <trkpt lat="-8.0316" lon="-34.895296">
    <ele>10.4</ele>
    <time>2021-09-15T22:55:35.000Z</time>
   </trkpt>
   <trkpt lat="-8.031515" lon="-34.895257">
    <ele>10.4</ele>
    <time>2021-09-15T22:55:36.000Z</time>
   </trkpt>
   <trkpt lat="-8.031474" lon="-34.895248">
    <ele>10.4</ele>
    <time>2021-09-15T22:55:38.000Z</time>
   </trkpt>
   <trkpt lat="-8.031409" lon="-34.895289">
    <ele>10.5</ele>
    <time>2021-09-15T22:55:40.000Z</time>
   </trkpt>
   <trkpt lat="-8.031387" lon="-34.895376">
    <ele>10.6</ele>
    <time>2021-09-15T22:55:41.000Z</time>
   </trkpt>
   <trkpt lat="-8.031364" lon="-34.895421">
    <ele>10.6</ele>
    <time>2021-09-15T22:55:42.000Z</time>
   </trkpt>
   <trkpt lat="-8.031343" lon="-34.895469">
    <ele>10.6</ele>
    <time>2021-09-15T22:55:43.000Z</time>
   </trkpt>
   <trkpt lat="-8.031314" lon="-34.895515">
    <ele>10.6</ele>
    <time>2021-09-15T22:55:44.000Z</time>
   </trkpt>
   <trkpt lat="-8.031282" lon="-34.895559">
    <ele>10.6</ele>
    <time>2021-09-15T22:55:45.000Z</time>
   </trkpt>
   <trkpt lat="-8.031273" lon="-34.895585">
    <ele>10.6</ele>
    <time>2021-09-15T22:55:47.000Z</time>
   </trkpt>
   <trkpt lat="-8.031257" lon="-34.895634">
    <ele>10.6</ele>
    <time>2021-09-15T22:55:48.000Z</time>
   </trkpt>
   <trkpt lat="-8.031256" lon="-34.895711">
    <ele>10.6</ele>
    <time>2021-09-15T22:55:51.000Z</time>
   </trkpt>
   <trkpt lat="-8.03127" lon="-34.895803">
    <ele>10.6</ele>
    <time>2021-09-15T22:55:52.000Z</time>
   </trkpt>
   <trkpt lat="-8.031283" lon="-34.895869">
    <ele>10.6</ele>
    <time>2021-09-15T22:55:54.000Z</time>
   </trkpt>
   <trkpt lat="-8.031294" lon="-34.895927">
    <ele>10.5</ele>
    <time>2021-09-15T22:55:55.000Z</time>
   </trkpt>
   <trkpt lat="-8.031301" lon="-34.895984">
    <ele>10.5</ele>
    <time>2021-09-15T22:55:56.000Z</time>
   </trkpt>
   <trkpt lat="-8.031299" lon="-34.896091">
    <ele>10.5</ele>
    <time>2021-09-15T22:55:58.000Z</time>
   </trkpt>
   <trkpt lat="-8.031293" lon="-34.8962">
    <ele>10.5</ele>
    <time>2021-09-15T22:55:59.000Z</time>
   </trkpt>
   <trkpt lat="-8.031294" lon="-34.896254">
    <ele>10.5</ele>
    <time>2021-09-15T22:56:00.000Z</time>
   </trkpt>
   <trkpt lat="-8.031293" lon="-34.896307">
    <ele>10.5</ele>
    <time>2021-09-15T22:56:01.000Z</time>
   </trkpt>
   <trkpt lat="-8.031295" lon="-34.896356">
    <ele>10.5</ele>
    <time>2021-09-15T22:56:02.000Z</time>
   </trkpt>
   <trkpt lat="-8.031295" lon="-34.896403">
    <ele>10.5</ele>
    <time>2021-09-15T22:56:03.000Z</time>
   </trkpt>
   <trkpt lat="-8.031296" lon="-34.896447">
    <ele>10.5</ele>
    <time>2021-09-15T22:56:04.000Z</time>
   </trkpt>
   <trkpt lat="-8.031297" lon="-34.896483">
    <ele>10.4</ele>
    <time>2021-09-15T22:56:06.000Z</time>
   </trkpt>
   <trkpt lat="-8.031304" lon="-34.896539">
    <ele>10.4</ele>
    <time>2021-09-15T22:56:07.000Z</time>
   </trkpt>
   <trkpt lat="-8.031311" lon="-34.896607">
    <ele>10.4</ele>
    <time>2021-09-15T22:56:09.000Z</time>
   </trkpt>
   <trkpt lat="-8.031314" lon="-34.896642">
    <ele>10.4</ele>
    <time>2021-09-15T22:56:10.000Z</time>
   </trkpt>
   <trkpt lat="-8.031319" lon="-34.896681">
    <ele>10.4</ele>
    <time>2021-09-15T22:56:11.000Z</time>
   </trkpt>
   <trkpt lat="-8.03132" lon="-34.896719">
    <ele>10.4</ele>
    <time>2021-09-15T22:56:12.000Z</time>
   </trkpt>
   <trkpt lat="-8.031313" lon="-34.896756">
    <ele>10.4</ele>
    <time>2021-09-15T22:56:13.000Z</time>
   </trkpt>
   <trkpt lat="-8.031301" lon="-34.896814">
    <ele>10.4</ele>
    <time>2021-09-15T22:56:14.000Z</time>
   </trkpt>
   <trkpt lat="-8.031296" lon="-34.896853">
    <ele>10.3</ele>
    <time>2021-09-15T22:56:15.000Z</time>
   </trkpt>
   <trkpt lat="-8.03129" lon="-34.896899">
    <ele>10.3</ele>
    <time>2021-09-15T22:56:16.000Z</time>
   </trkpt>
   <trkpt lat="-8.031272" lon="-34.896948">
    <ele>10.3</ele>
    <time>2021-09-15T22:56:17.000Z</time>
   </trkpt>
   <trkpt lat="-8.031262" lon="-34.896997">
    <ele>10.3</ele>
    <time>2021-09-15T22:56:19.000Z</time>
   </trkpt>
   <trkpt lat="-8.031251" lon="-34.897108">
    <ele>10.2</ele>
    <time>2021-09-15T22:56:20.000Z</time>
   </trkpt>
   <trkpt lat="-8.031242" lon="-34.897155">
    <ele>10.2</ele>
    <time>2021-09-15T22:56:22.000Z</time>
   </trkpt>
   <trkpt lat="-8.031217" lon="-34.897271">
    <ele>10.2</ele>
    <time>2021-09-15T22:56:23.000Z</time>
   </trkpt>
   <trkpt lat="-8.031208" lon="-34.897322">
    <ele>10.2</ele>
    <time>2021-09-15T22:56:24.000Z</time>
   </trkpt>
   <trkpt lat="-8.031203" lon="-34.897371">
    <ele>10.2</ele>
    <time>2021-09-15T22:56:26.000Z</time>
   </trkpt>
   <trkpt lat="-8.031198" lon="-34.897423">
    <ele>10.2</ele>
    <time>2021-09-15T22:56:27.000Z</time>
   </trkpt>
   <trkpt lat="-8.031186" lon="-34.897497">
    <ele>10.2</ele>
    <time>2021-09-15T22:56:28.000Z</time>
   </trkpt>
   <trkpt lat="-8.031186" lon="-34.897531">
    <ele>10.2</ele>
    <time>2021-09-15T22:56:29.000Z</time>
   </trkpt>
   <trkpt lat="-8.031191" lon="-34.897567">
    <ele>10.2</ele>
    <time>2021-09-15T22:56:30.000Z</time>
   </trkpt>
   <trkpt lat="-8.031197" lon="-34.897607">
    <ele>10.2</ele>
    <time>2021-09-15T22:56:31.000Z</time>
   </trkpt>
   <trkpt lat="-8.031213" lon="-34.897658">
    <ele>10.2</ele>
    <time>2021-09-15T22:56:33.000Z</time>
   </trkpt>
   <trkpt lat="-8.031232" lon="-34.897723">
    <ele>10.3</ele>
    <time>2021-09-15T22:56:35.000Z</time>
   </trkpt>
   <trkpt lat="-8.031249" lon="-34.897777">
    <ele>10.3</ele>
    <time>2021-09-15T22:56:36.000Z</time>
   </trkpt>
   <trkpt lat="-8.031249" lon="-34.897825">
    <ele>10.3</ele>
    <time>2021-09-15T22:56:39.000Z</time>
   </trkpt>
   <trkpt lat="-8.031261" lon="-34.897872">
    <ele>10.3</ele>
    <time>2021-09-15T22:56:41.000Z</time>
   </trkpt>
   <trkpt lat="-8.031277" lon="-34.897909">
    <ele>10.3</ele>
    <time>2021-09-15T22:56:43.000Z</time>
   </trkpt>
   <trkpt lat="-8.031306" lon="-34.897951">
    <ele>10.3</ele>
    <time>2021-09-15T22:56:46.000Z</time>
   </trkpt>
   <trkpt lat="-8.031335" lon="-34.89799">
    <ele>10.3</ele>
    <time>2021-09-15T22:56:48.000Z</time>
   </trkpt>
   <trkpt lat="-8.031381" lon="-34.898039">
    <ele>10.3</ele>
    <time>2021-09-15T22:56:50.000Z</time>
   </trkpt>
   <trkpt lat="-8.031426" lon="-34.898063">
    <ele>10.2</ele>
    <time>2021-09-15T22:56:51.000Z</time>
   </trkpt>
   <trkpt lat="-8.031496" lon="-34.898069">
    <ele>10.2</ele>
    <time>2021-09-15T22:56:54.000Z</time>
   </trkpt>
   <trkpt lat="-8.031564" lon="-34.898107">
    <ele>10.3</ele>
    <time>2021-09-15T22:56:56.000Z</time>
   </trkpt>
   <trkpt lat="-8.031647" lon="-34.898174">
    <ele>10.3</ele>
    <time>2021-09-15T22:56:57.000Z</time>
   </trkpt>
   <trkpt lat="-8.031688" lon="-34.898207">
    <ele>10.4</ele>
    <time>2021-09-15T22:56:59.000Z</time>
   </trkpt>
   <trkpt lat="-8.031774" lon="-34.898278">
    <ele>10.4</ele>
    <time>2021-09-15T22:57:00.000Z</time>
   </trkpt>
   <trkpt lat="-8.031815" lon="-34.898313">
    <ele>10.5</ele>
    <time>2021-09-15T22:57:01.000Z</time>
   </trkpt>
   <trkpt lat="-8.031853" lon="-34.898333">
    <ele>10.5</ele>
    <time>2021-09-15T22:57:02.000Z</time>
   </trkpt>
   <trkpt lat="-8.03188" lon="-34.898347">
    <ele>10.5</ele>
    <time>2021-09-15T22:57:03.000Z</time>
   </trkpt>
   <trkpt lat="-8.031943" lon="-34.898393">
    <ele>10.5</ele>
    <time>2021-09-15T22:57:05.000Z</time>
   </trkpt>
   <trkpt lat="-8.031976" lon="-34.89841">
    <ele>10.8</ele>
    <time>2021-09-15T22:57:06.000Z</time>
   </trkpt>
   <trkpt lat="-8.032007" lon="-34.898422">
    <ele>10.8</ele>
    <time>2021-09-15T22:57:07.000Z</time>
   </trkpt>
   <trkpt lat="-8.032032" lon="-34.898433">
    <ele>10.8</ele>
    <time>2021-09-15T22:57:08.000Z</time>
   </trkpt>
   <trkpt lat="-8.03206" lon="-34.898456">
    <ele>10.8</ele>
    <time>2021-09-15T22:57:09.000Z</time>
   </trkpt>
   <trkpt lat="-8.032082" lon="-34.898473">
    <ele>10.8</ele>
    <time>2021-09-15T22:57:10.000Z</time>
   </trkpt>
   <trkpt lat="-8.032101" lon="-34.898485">
    <ele>10.8</ele>
    <time>2021-09-15T22:57:11.000Z</time>
   </trkpt>
   <trkpt lat="-8.032148" lon="-34.898516">
    <ele>10.8</ele>
    <time>2021-09-15T22:57:13.000Z</time>
   </trkpt>
   <trkpt lat="-8.032185" lon="-34.898531">
    <ele>10.8</ele>
    <time>2021-09-15T22:57:14.000Z</time>
   </trkpt>
   <trkpt lat="-8.032216" lon="-34.898553">
    <ele>10.8</ele>
    <time>2021-09-15T22:57:15.000Z</time>
   </trkpt>
   <trkpt lat="-8.032245" lon="-34.89857">
    <ele>10.9</ele>
    <time>2021-09-15T22:57:16.000Z</time>
   </trkpt>
   <trkpt lat="-8.032273" lon="-34.898589">
    <ele>10.9</ele>
    <time>2021-09-15T22:57:17.000Z</time>
   </trkpt>
   <trkpt lat="-8.032317" lon="-34.898622">
    <ele>10.9</ele>
    <time>2021-09-15T22:57:19.000Z</time>
   </trkpt>
   <trkpt lat="-8.032339" lon="-34.898636">
    <ele>10.9</ele>
    <time>2021-09-15T22:57:20.000Z</time>
   </trkpt>
   <trkpt lat="-8.03243" lon="-34.898668">
    <ele>10.9</ele>
    <time>2021-09-15T22:57:22.000Z</time>
   </trkpt>
   <trkpt lat="-8.032459" lon="-34.898688">
    <ele>10.9</ele>
    <time>2021-09-15T22:57:23.000Z</time>
   </trkpt>
   <trkpt lat="-8.03252" lon="-34.898729">
    <ele>11</ele>
    <time>2021-09-15T22:57:25.000Z</time>
   </trkpt>
   <trkpt lat="-8.032545" lon="-34.89875">
    <ele>11</ele>
    <time>2021-09-15T22:57:26.000Z</time>
   </trkpt>
   <trkpt lat="-8.032598" lon="-34.898772">
    <ele>11</ele>
    <time>2021-09-15T22:57:28.000Z</time>
   </trkpt>
   <trkpt lat="-8.032689" lon="-34.898812">
    <ele>11</ele>
    <time>2021-09-15T22:57:30.000Z</time>
   </trkpt>
   <trkpt lat="-8.032748" lon="-34.898869">
    <ele>11</ele>
    <time>2021-09-15T22:57:31.000Z</time>
   </trkpt>
   <trkpt lat="-8.032776" lon="-34.898905">
    <ele>11</ele>
    <time>2021-09-15T22:57:32.000Z</time>
   </trkpt>
   <trkpt lat="-8.032815" lon="-34.898946">
    <ele>11</ele>
    <time>2021-09-15T22:57:34.000Z</time>
   </trkpt>
   <trkpt lat="-8.032845" lon="-34.898987">
    <ele>11.1</ele>
    <time>2021-09-15T22:57:35.000Z</time>
   </trkpt>
   <trkpt lat="-8.032901" lon="-34.89905">
    <ele>11.1</ele>
    <time>2021-09-15T22:57:36.000Z</time>
   </trkpt>
   <trkpt lat="-8.032935" lon="-34.899067">
    <ele>11.1</ele>
    <time>2021-09-15T22:57:37.000Z</time>
   </trkpt>
   <trkpt lat="-8.032973" lon="-34.899086">
    <ele>11.1</ele>
    <time>2021-09-15T22:57:39.000Z</time>
   </trkpt>
   <trkpt lat="-8.033061" lon="-34.899167">
    <ele>11.1</ele>
    <time>2021-09-15T22:57:40.000Z</time>
   </trkpt>
   <trkpt lat="-8.033105" lon="-34.899198">
    <ele>11.2</ele>
    <time>2021-09-15T22:57:42.000Z</time>
   </trkpt>
   <trkpt lat="-8.033135" lon="-34.899227">
    <ele>11.2</ele>
    <time>2021-09-15T22:57:43.000Z</time>
   </trkpt>
   <trkpt lat="-8.033165" lon="-34.899252">
    <ele>11.2</ele>
    <time>2021-09-15T22:57:44.000Z</time>
   </trkpt>
   <trkpt lat="-8.03321" lon="-34.899272">
    <ele>11.2</ele>
    <time>2021-09-15T22:57:45.000Z</time>
   </trkpt>
   <trkpt lat="-8.033253" lon="-34.899297">
    <ele>11.2</ele>
    <time>2021-09-15T22:57:46.000Z</time>
   </trkpt>
   <trkpt lat="-8.033387" lon="-34.899341">
    <ele>11.3</ele>
    <time>2021-09-15T22:57:47.000Z</time>
   </trkpt>
   <trkpt lat="-8.033445" lon="-34.899365">
    <ele>11.3</ele>
    <time>2021-09-15T22:57:48.000Z</time>
   </trkpt>
   <trkpt lat="-8.033489" lon="-34.899391">
    <ele>11.3</ele>
    <time>2021-09-15T22:57:49.000Z</time>
   </trkpt>
   <trkpt lat="-8.033531" lon="-34.899418">
    <ele>11.3</ele>
    <time>2021-09-15T22:57:51.000Z</time>
   </trkpt>
   <trkpt lat="-8.033566" lon="-34.899446">
    <ele>11.3</ele>
    <time>2021-09-15T22:57:52.000Z</time>
   </trkpt>
   <trkpt lat="-8.033646" lon="-34.899507">
    <ele>11.3</ele>
    <time>2021-09-15T22:57:53.000Z</time>
   </trkpt>
   <trkpt lat="-8.033672" lon="-34.899528">
    <ele>11.3</ele>
    <time>2021-09-15T22:57:54.000Z</time>
   </trkpt>
   <trkpt lat="-8.033699" lon="-34.899541">
    <ele>11.3</ele>
    <time>2021-09-15T22:57:55.000Z</time>
   </trkpt>
   <trkpt lat="-8.033727" lon="-34.899544">
    <ele>11.3</ele>
    <time>2021-09-15T22:57:56.000Z</time>
   </trkpt>
   <trkpt lat="-8.033762" lon="-34.89955">
    <ele>11.3</ele>
    <time>2021-09-15T22:57:57.000Z</time>
   </trkpt>
   <trkpt lat="-8.0338" lon="-34.899568">
    <ele>11.3</ele>
    <time>2021-09-15T22:57:59.000Z</time>
   </trkpt>
   <trkpt lat="-8.033857" lon="-34.899601">
    <ele>11.4</ele>
    <time>2021-09-15T22:58:00.000Z</time>
   </trkpt>
   <trkpt lat="-8.033924" lon="-34.89966">
    <ele>11.4</ele>
    <time>2021-09-15T22:58:02.000Z</time>
   </trkpt>
   <trkpt lat="-8.033985" lon="-34.899708">
    <ele>11.4</ele>
    <time>2021-09-15T22:58:03.000Z</time>
   </trkpt>
   <trkpt lat="-8.03403" lon="-34.89972">
    <ele>11.4</ele>
    <time>2021-09-15T22:58:04.000Z</time>
   </trkpt>
   <trkpt lat="-8.034157" lon="-34.899759">
    <ele>11.5</ele>
    <time>2021-09-15T22:58:07.000Z</time>
   </trkpt>
   <trkpt lat="-8.034174" lon="-34.899765">
    <ele>11.5</ele>
    <time>2021-09-15T22:58:08.000Z</time>
   </trkpt>
   <trkpt lat="-8.034212" lon="-34.899778">
    <ele>11.5</ele>
    <time>2021-09-15T22:58:09.000Z</time>
   </trkpt>
   <trkpt lat="-8.034261" lon="-34.8998">
    <ele>11.5</ele>
    <time>2021-09-15T22:58:10.000Z</time>
   </trkpt>
   <trkpt lat="-8.034302" lon="-34.899831">
    <ele>11.5</ele>
    <time>2021-09-15T22:58:12.000Z</time>
   </trkpt>
   <trkpt lat="-8.03441" lon="-34.899884">
    <ele>11.6</ele>
    <time>2021-09-15T22:58:13.000Z</time>
   </trkpt>
   <trkpt lat="-8.034447" lon="-34.899911">
    <ele>11.7</ele>
    <time>2021-09-15T22:58:14.000Z</time>
   </trkpt>
   <trkpt lat="-8.034487" lon="-34.899937">
    <ele>11.7</ele>
    <time>2021-09-15T22:58:15.000Z</time>
   </trkpt>
   <trkpt lat="-8.034557" lon="-34.899984">
    <ele>11.8</ele>
    <time>2021-09-15T22:58:17.000Z</time>
   </trkpt>
   <trkpt lat="-8.034595" lon="-34.90001">
    <ele>11.8</ele>
    <time>2021-09-15T22:58:19.000Z</time>
   </trkpt>
   <trkpt lat="-8.034624" lon="-34.900029">
    <ele>11.8</ele>
    <time>2021-09-15T22:58:20.000Z</time>
   </trkpt>
   <trkpt lat="-8.034643" lon="-34.900046">
    <ele>11.9</ele>
    <time>2021-09-15T22:58:21.000Z</time>
   </trkpt>
   <trkpt lat="-8.034696" lon="-34.900082">
    <ele>11.9</ele>
    <time>2021-09-15T22:58:23.000Z</time>
   </trkpt>
   <trkpt lat="-8.034735" lon="-34.900099">
    <ele>11.9</ele>
    <time>2021-09-15T22:58:25.000Z</time>
   </trkpt>
   <trkpt lat="-8.034782" lon="-34.900149">
    <ele>12</ele>
    <time>2021-09-15T22:58:26.000Z</time>
   </trkpt>
   <trkpt lat="-8.034873" lon="-34.900225">
    <ele>12.1</ele>
    <time>2021-09-15T22:58:27.000Z</time>
   </trkpt>
   <trkpt lat="-8.034897" lon="-34.90025">
    <ele>12.1</ele>
    <time>2021-09-15T22:58:28.000Z</time>
   </trkpt>
   <trkpt lat="-8.034929" lon="-34.90028">
    <ele>12.1</ele>
    <time>2021-09-15T22:58:29.000Z</time>
   </trkpt>
   <trkpt lat="-8.034972" lon="-34.900299">
    <ele>12.2</ele>
    <time>2021-09-15T22:58:30.000Z</time>
   </trkpt>
   <trkpt lat="-8.035008" lon="-34.900337">
    <ele>12.2</ele>
    <time>2021-09-15T22:58:31.000Z</time>
   </trkpt>
   <trkpt lat="-8.035025" lon="-34.900373">
    <ele>12.2</ele>
    <time>2021-09-15T22:58:32.000Z</time>
   </trkpt>
   <trkpt lat="-8.035027" lon="-34.900406">
    <ele>12.2</ele>
    <time>2021-09-15T22:58:33.000Z</time>
   </trkpt>
   <trkpt lat="-8.035029" lon="-34.900478">
    <ele>12.1</ele>
    <time>2021-09-15T22:58:35.000Z</time>
   </trkpt>
   <trkpt lat="-8.035026" lon="-34.900512">
    <ele>12.1</ele>
    <time>2021-09-15T22:58:36.000Z</time>
   </trkpt>
   <trkpt lat="-8.035026" lon="-34.90055">
    <ele>12.1</ele>
    <time>2021-09-15T22:58:37.000Z</time>
   </trkpt>
   <trkpt lat="-8.03503" lon="-34.900585">
    <ele>12.1</ele>
    <time>2021-09-15T22:58:38.000Z</time>
   </trkpt>
   <trkpt lat="-8.035026" lon="-34.900621">
    <ele>12.1</ele>
    <time>2021-09-15T22:58:39.000Z</time>
   </trkpt>
   <trkpt lat="-8.035028" lon="-34.900662">
    <ele>12.1</ele>
    <time>2021-09-15T22:58:40.000Z</time>
   </trkpt>
   <trkpt lat="-8.035022" lon="-34.900694">
    <ele>12.1</ele>
    <time>2021-09-15T22:58:41.000Z</time>
   </trkpt>
   <trkpt lat="-8.034998" lon="-34.900771">
    <ele>12</ele>
    <time>2021-09-15T22:58:43.000Z</time>
   </trkpt>
   <trkpt lat="-8.034988" lon="-34.900815">
    <ele>12</ele>
    <time>2021-09-15T22:58:44.000Z</time>
   </trkpt>
   <trkpt lat="-8.034977" lon="-34.900854">
    <ele>12</ele>
    <time>2021-09-15T22:58:45.000Z</time>
   </trkpt>
   <trkpt lat="-8.034968" lon="-34.900899">
    <ele>12</ele>
    <time>2021-09-15T22:58:46.000Z</time>
   </trkpt>
   <trkpt lat="-8.03496" lon="-34.900933">
    <ele>12</ele>
    <time>2021-09-15T22:58:47.000Z</time>
   </trkpt>
   <trkpt lat="-8.034957" lon="-34.900975">
    <ele>12</ele>
    <time>2021-09-15T22:58:48.000Z</time>
   </trkpt>
   <trkpt lat="-8.034954" lon="-34.901012">
    <ele>12</ele>
    <time>2021-09-15T22:58:50.000Z</time>
   </trkpt>
   <trkpt lat="-8.034942" lon="-34.901081">
    <ele>12</ele>
    <time>2021-09-15T22:58:52.000Z</time>
   </trkpt>
   <trkpt lat="-8.034929" lon="-34.901156">
    <ele>12</ele>
    <time>2021-09-15T22:58:53.000Z</time>
   </trkpt>
   <trkpt lat="-8.034923" lon="-34.901189">
    <ele>12</ele>
    <time>2021-09-15T22:58:55.000Z</time>
   </trkpt>
   <trkpt lat="-8.03491" lon="-34.901233">
    <ele>12</ele>
    <time>2021-09-15T22:58:56.000Z</time>
   </trkpt>
   <trkpt lat="-8.034892" lon="-34.901334">
    <ele>12</ele>
    <time>2021-09-15T22:58:58.000Z</time>
   </trkpt>
   <trkpt lat="-8.034884" lon="-34.901378">
    <ele>12</ele>
    <time>2021-09-15T22:58:59.000Z</time>
   </trkpt>
   <trkpt lat="-8.034872" lon="-34.901465">
    <ele>12</ele>
    <time>2021-09-15T22:59:01.000Z</time>
   </trkpt>
   <trkpt lat="-8.034867" lon="-34.901504">
    <ele>11.9</ele>
    <time>2021-09-15T22:59:02.000Z</time>
   </trkpt>
   <trkpt lat="-8.034862" lon="-34.90158">
    <ele>11.9</ele>
    <time>2021-09-15T22:59:03.000Z</time>
   </trkpt>
   <trkpt lat="-8.034858" lon="-34.901611">
    <ele>11.9</ele>
    <time>2021-09-15T22:59:04.000Z</time>
   </trkpt>
   <trkpt lat="-8.034852" lon="-34.901642">
    <ele>11.9</ele>
    <time>2021-09-15T22:59:06.000Z</time>
   </trkpt>
   <trkpt lat="-8.034845" lon="-34.901676">
    <ele>11.9</ele>
    <time>2021-09-15T22:59:07.000Z</time>
   </trkpt>
   <trkpt lat="-8.034833" lon="-34.90171">
    <ele>11.9</ele>
    <time>2021-09-15T22:59:08.000Z</time>
   </trkpt>
   <trkpt lat="-8.034818" lon="-34.901803">
    <ele>11.9</ele>
    <time>2021-09-15T22:59:09.000Z</time>
   </trkpt>
   <trkpt lat="-8.034813" lon="-34.901844">
    <ele>11.9</ele>
    <time>2021-09-15T22:59:10.000Z</time>
   </trkpt>
   <trkpt lat="-8.034808" lon="-34.901887">
    <ele>11.9</ele>
    <time>2021-09-15T22:59:12.000Z</time>
   </trkpt>
   <trkpt lat="-8.034807" lon="-34.901931">
    <ele>11.9</ele>
    <time>2021-09-15T22:59:13.000Z</time>
   </trkpt>
   <trkpt lat="-8.03479" lon="-34.902013">
    <ele>11.9</ele>
    <time>2021-09-15T22:59:14.000Z</time>
   </trkpt>
   <trkpt lat="-8.034783" lon="-34.902046">
    <ele>11.9</ele>
    <time>2021-09-15T22:59:15.000Z</time>
   </trkpt>
   <trkpt lat="-8.034777" lon="-34.902084">
    <ele>11.9</ele>
    <time>2021-09-15T22:59:16.000Z</time>
   </trkpt>
   <trkpt lat="-8.034779" lon="-34.902117">
    <ele>11.9</ele>
    <time>2021-09-15T22:59:17.000Z</time>
   </trkpt>
   <trkpt lat="-8.03478" lon="-34.902148">
    <ele>11.9</ele>
    <time>2021-09-15T22:59:18.000Z</time>
   </trkpt>
   <trkpt lat="-8.034774" lon="-34.902178">
    <ele>11.9</ele>
    <time>2021-09-15T22:59:19.000Z</time>
   </trkpt>
   <trkpt lat="-8.034775" lon="-34.902225">
    <ele>11.9</ele>
    <time>2021-09-15T22:59:21.000Z</time>
   </trkpt>
   <trkpt lat="-8.034755" lon="-34.902247">
    <ele>11.9</ele>
    <time>2021-09-15T22:59:22.000Z</time>
   </trkpt>
   <trkpt lat="-8.034732" lon="-34.902319">
    <ele>12</ele>
    <time>2021-09-15T22:59:23.000Z</time>
   </trkpt>
   <trkpt lat="-8.034718" lon="-34.902346">
    <ele>12</ele>
    <time>2021-09-15T22:59:24.000Z</time>
   </trkpt>
   <trkpt lat="-8.034727" lon="-34.902416">
    <ele>12</ele>
    <time>2021-09-15T22:59:26.000Z</time>
   </trkpt>
   <trkpt lat="-8.034734" lon="-34.902452">
    <ele>12</ele>
    <time>2021-09-15T22:59:27.000Z</time>
   </trkpt>
   <trkpt lat="-8.03474" lon="-34.902483">
    <ele>12</ele>
    <time>2021-09-15T22:59:29.000Z</time>
   </trkpt>
   <trkpt lat="-8.034772" lon="-34.902542">
    <ele>12.1</ele>
    <time>2021-09-15T22:59:30.000Z</time>
   </trkpt>
   <trkpt lat="-8.034782" lon="-34.902567">
    <ele>12.1</ele>
    <time>2021-09-15T22:59:31.000Z</time>
   </trkpt>
   <trkpt lat="-8.03479" lon="-34.902599">
    <ele>12.1</ele>
    <time>2021-09-15T22:59:32.000Z</time>
   </trkpt>
   <trkpt lat="-8.034802" lon="-34.902631">
    <ele>12.1</ele>
    <time>2021-09-15T22:59:33.000Z</time>
   </trkpt>
   <trkpt lat="-8.034839" lon="-34.902694">
    <ele>12.1</ele>
    <time>2021-09-15T22:59:35.000Z</time>
   </trkpt>
   <trkpt lat="-8.034858" lon="-34.902726">
    <ele>12.2</ele>
    <time>2021-09-15T22:59:36.000Z</time>
   </trkpt>
   <trkpt lat="-8.034879" lon="-34.902768">
    <ele>12.2</ele>
    <time>2021-09-15T22:59:38.000Z</time>
   </trkpt>
   <trkpt lat="-8.034904" lon="-34.902835">
    <ele>12.2</ele>
    <time>2021-09-15T22:59:40.000Z</time>
   </trkpt>
   <trkpt lat="-8.034917" lon="-34.902866">
    <ele>12.3</ele>
    <time>2021-09-15T22:59:41.000Z</time>
   </trkpt>
   <trkpt lat="-8.034947" lon="-34.902914">
    <ele>12.3</ele>
    <time>2021-09-15T22:59:43.000Z</time>
   </trkpt>
   <trkpt lat="-8.034973" lon="-34.90299">
    <ele>12.4</ele>
    <time>2021-09-15T22:59:46.000Z</time>
   </trkpt>
   <trkpt lat="-8.03499" lon="-34.903016">
    <ele>12.4</ele>
    <time>2021-09-15T22:59:47.000Z</time>
   </trkpt>
   <trkpt lat="-8.035004" lon="-34.903045">
    <ele>12.4</ele>
    <time>2021-09-15T22:59:48.000Z</time>
   </trkpt>
   <trkpt lat="-8.035017" lon="-34.903069">
    <ele>12.4</ele>
    <time>2021-09-15T22:59:49.000Z</time>
   </trkpt>
   <trkpt lat="-8.035051" lon="-34.903123">
    <ele>12.4</ele>
    <time>2021-09-15T22:59:51.000Z</time>
   </trkpt>
   <trkpt lat="-8.035114" lon="-34.903178">
    <ele>12.5</ele>
    <time>2021-09-15T22:59:52.000Z</time>
   </trkpt>
   <trkpt lat="-8.035121" lon="-34.903203">
    <ele>12.5</ele>
    <time>2021-09-15T22:59:54.000Z</time>
   </trkpt>
   <trkpt lat="-8.035141" lon="-34.903258">
    <ele>12.5</ele>
    <time>2021-09-15T22:59:56.000Z</time>
   </trkpt>
   <trkpt lat="-8.035158" lon="-34.903314">
    <ele>12.5</ele>
    <time>2021-09-15T22:59:58.000Z</time>
   </trkpt>
   <trkpt lat="-8.03517" lon="-34.903406">
    <ele>12.6</ele>
    <time>2021-09-15T22:59:59.000Z</time>
   </trkpt>
   <trkpt lat="-8.035181" lon="-34.903447">
    <ele>12.6</ele>
    <time>2021-09-15T23:00:00.000Z</time>
   </trkpt>
   <trkpt lat="-8.035189" lon="-34.903492">
    <ele>12.6</ele>
    <time>2021-09-15T23:00:01.000Z</time>
   </trkpt>
   <trkpt lat="-8.035194" lon="-34.903535">
    <ele>12.6</ele>
    <time>2021-09-15T23:00:03.000Z</time>
   </trkpt>
   <trkpt lat="-8.035207" lon="-34.903613">
    <ele>12.6</ele>
    <time>2021-09-15T23:00:04.000Z</time>
   </trkpt>
   <trkpt lat="-8.035209" lon="-34.903648">
    <ele>12.6</ele>
    <time>2021-09-15T23:00:05.000Z</time>
   </trkpt>
   <trkpt lat="-8.035215" lon="-34.903679">
    <ele>12.6</ele>
    <time>2021-09-15T23:00:06.000Z</time>
   </trkpt>
   <trkpt lat="-8.035221" lon="-34.903712">
    <ele>12.6</ele>
    <time>2021-09-15T23:00:07.000Z</time>
   </trkpt>
   <trkpt lat="-8.035228" lon="-34.903753">
    <ele>12.6</ele>
    <time>2021-09-15T23:00:08.000Z</time>
   </trkpt>
   <trkpt lat="-8.035233" lon="-34.903791">
    <ele>12.6</ele>
    <time>2021-09-15T23:00:09.000Z</time>
   </trkpt>
   <trkpt lat="-8.035244" lon="-34.903826">
    <ele>12.6</ele>
    <time>2021-09-15T23:00:10.000Z</time>
   </trkpt>
   <trkpt lat="-8.035257" lon="-34.90385">
    <ele>12.6</ele>
    <time>2021-09-15T23:00:11.000Z</time>
   </trkpt>
   <trkpt lat="-8.035264" lon="-34.903877">
    <ele>12.6</ele>
    <time>2021-09-15T23:00:12.000Z</time>
   </trkpt>
   <trkpt lat="-8.035265" lon="-34.903908">
    <ele>12.6</ele>
    <time>2021-09-15T23:00:13.000Z</time>
   </trkpt>
   <trkpt lat="-8.035281" lon="-34.903945">
    <ele>12.6</ele>
    <time>2021-09-15T23:00:14.000Z</time>
   </trkpt>
   <trkpt lat="-8.035279" lon="-34.903967">
    <ele>12.7</ele>
    <time>2021-09-15T23:00:15.000Z</time>
   </trkpt>
   <trkpt lat="-8.035351" lon="-34.904004">
    <ele>12.7</ele>
    <time>2021-09-15T23:00:17.000Z</time>
   </trkpt>
   <trkpt lat="-8.035413" lon="-34.904019">
    <ele>15.3</ele>
    <time>2021-09-15T23:00:18.000Z</time>
   </trkpt>
   <trkpt lat="-8.035446" lon="-34.90402">
    <ele>17.8</ele>
    <time>2021-09-15T23:00:19.000Z</time>
   </trkpt>
   <trkpt lat="-8.03547" lon="-34.904042">
    <ele>16.8</ele>
    <time>2021-09-15T23:00:21.000Z</time>
   </trkpt>
   <trkpt lat="-8.035475" lon="-34.90405">
    <ele>16.7</ele>
    <time>2021-09-15T23:00:22.000Z</time>
   </trkpt>
   <trkpt lat="-8.035426" lon="-34.904076">
    <ele>14.3</ele>
    <time>2021-09-15T23:00:24.000Z</time>
   </trkpt>
   <trkpt lat="-8.035354" lon="-34.90412">
    <ele>11.7</ele>
    <time>2021-09-15T23:00:27.000Z</time>
   </trkpt>
   <trkpt lat="-8.03527" lon="-34.904181">
    <ele>8.4</ele>
    <time>2021-09-15T23:00:29.000Z</time>
   </trkpt>
   <trkpt lat="-8.035238" lon="-34.904212">
    <ele>6.8</ele>
    <time>2021-09-15T23:00:30.000Z</time>
   </trkpt>
   <trkpt lat="-8.035185" lon="-34.90427">
    <ele>5.2</ele>
    <time>2021-09-15T23:00:32.000Z</time>
   </trkpt>
   <trkpt lat="-8.035162" lon="-34.9043">
    <ele>3.8</ele>
    <time>2021-09-15T23:00:33.000Z</time>
   </trkpt>
   <trkpt lat="-8.035133" lon="-34.904354">
    <ele>2.6</ele>
    <time>2021-09-15T23:00:34.000Z</time>
   </trkpt>
   <trkpt lat="-8.035121" lon="-34.904383">
    <ele>2.7</ele>
    <time>2021-09-15T23:00:35.000Z</time>
   </trkpt>
   <trkpt lat="-8.035107" lon="-34.904448">
    <ele>2.8</ele>
    <time>2021-09-15T23:00:37.000Z</time>
   </trkpt>
   <trkpt lat="-8.035103" lon="-34.904487">
    <ele>2.9</ele>
    <time>2021-09-15T23:00:38.000Z</time>
   </trkpt>
   <trkpt lat="-8.035106" lon="-34.904516">
    <ele>3.3</ele>
    <time>2021-09-15T23:00:39.000Z</time>
   </trkpt>
   <trkpt lat="-8.035104" lon="-34.904544">
    <ele>3.2</ele>
    <time>2021-09-15T23:00:41.000Z</time>
   </trkpt>
   <trkpt lat="-8.035083" lon="-34.904564">
    <ele>2.5</ele>
    <time>2021-09-15T23:00:42.000Z</time>
   </trkpt>
   <trkpt lat="-8.035029" lon="-34.904614">
    <ele>2</ele>
    <time>2021-09-15T23:00:43.000Z</time>
   </trkpt>
   <trkpt lat="-8.035002" lon="-34.904651">
    <ele>2.1</ele>
    <time>2021-09-15T23:00:44.000Z</time>
   </trkpt>
   <trkpt lat="-8.034985" lon="-34.904681">
    <ele>2.7</ele>
    <time>2021-09-15T23:00:46.000Z</time>
   </trkpt>
   <trkpt lat="-8.034952" lon="-34.904729">
    <ele>3.1</ele>
    <time>2021-09-15T23:00:47.000Z</time>
   </trkpt>
   <trkpt lat="-8.034933" lon="-34.904751">
    <ele>3</ele>
    <time>2021-09-15T23:00:48.000Z</time>
   </trkpt>
   <trkpt lat="-8.034909" lon="-34.904767">
    <ele>3.4</ele>
    <time>2021-09-15T23:00:49.000Z</time>
   </trkpt>
   <trkpt lat="-8.034867" lon="-34.904822">
    <ele>3.7</ele>
    <time>2021-09-15T23:00:50.000Z</time>
   </trkpt>
   <trkpt lat="-8.034835" lon="-34.904845">
    <ele>3.7</ele>
    <time>2021-09-15T23:00:51.000Z</time>
   </trkpt>
   <trkpt lat="-8.034799" lon="-34.904878">
    <ele>4</ele>
    <time>2021-09-15T23:00:52.000Z</time>
   </trkpt>
   <trkpt lat="-8.034763" lon="-34.904905">
    <ele>4.5</ele>
    <time>2021-09-15T23:00:53.000Z</time>
   </trkpt>
   <trkpt lat="-8.03473" lon="-34.904931">
    <ele>4.7</ele>
    <time>2021-09-15T23:00:54.000Z</time>
   </trkpt>
   <trkpt lat="-8.0347" lon="-34.904946">
    <ele>5.4</ele>
    <time>2021-09-15T23:00:55.000Z</time>
   </trkpt>
   <trkpt lat="-8.034664" lon="-34.904973">
    <ele>5.7</ele>
    <time>2021-09-15T23:00:56.000Z</time>
   </trkpt>
   <trkpt lat="-8.034641" lon="-34.904989">
    <ele>6.1</ele>
    <time>2021-09-15T23:00:57.000Z</time>
   </trkpt>
   <trkpt lat="-8.03463" lon="-34.905006">
    <ele>6</ele>
    <time>2021-09-15T23:00:58.000Z</time>
   </trkpt>
   <trkpt lat="-8.034548" lon="-34.905052">
    <ele>7.3</ele>
    <time>2021-09-15T23:01:01.000Z</time>
   </trkpt>
   <trkpt lat="-8.034513" lon="-34.905074">
    <ele>8.2</ele>
    <time>2021-09-15T23:01:03.000Z</time>
   </trkpt>
   <trkpt lat="-8.034489" lon="-34.905089">
    <ele>8.3</ele>
    <time>2021-09-15T23:01:04.000Z</time>
   </trkpt>
   <trkpt lat="-8.03444" lon="-34.905118">
    <ele>8.7</ele>
    <time>2021-09-15T23:01:05.000Z</time>
   </trkpt>
   <trkpt lat="-8.034418" lon="-34.90513">
    <ele>8.6</ele>
    <time>2021-09-15T23:01:06.000Z</time>
   </trkpt>
   <trkpt lat="-8.034379" lon="-34.905171">
    <ele>9</ele>
    <time>2021-09-15T23:01:08.000Z</time>
   </trkpt>
   <trkpt lat="-8.034356" lon="-34.905202">
    <ele>8.8</ele>
    <time>2021-09-15T23:01:09.000Z</time>
   </trkpt>
   <trkpt lat="-8.034336" lon="-34.905243">
    <ele>8.4</ele>
    <time>2021-09-15T23:01:11.000Z</time>
   </trkpt>
   <trkpt lat="-8.034323" lon="-34.90531">
    <ele>7.6</ele>
    <time>2021-09-15T23:01:12.000Z</time>
   </trkpt>
   <trkpt lat="-8.034334" lon="-34.905356">
    <ele>7.7</ele>
    <time>2021-09-15T23:01:14.000Z</time>
   </trkpt>
   <trkpt lat="-8.034329" lon="-34.905426">
    <ele>6.7</ele>
    <time>2021-09-15T23:01:15.000Z</time>
   </trkpt>
   <trkpt lat="-8.034338" lon="-34.905477">
    <ele>6.1</ele>
    <time>2021-09-15T23:01:16.000Z</time>
   </trkpt>
   <trkpt lat="-8.034368" lon="-34.905554">
    <ele>5.4</ele>
    <time>2021-09-15T23:01:18.000Z</time>
   </trkpt>
   <trkpt lat="-8.034375" lon="-34.905595">
    <ele>5.9</ele>
    <time>2021-09-15T23:01:19.000Z</time>
   </trkpt>
   <trkpt lat="-8.034363" lon="-34.905613">
    <ele>5.2</ele>
    <time>2021-09-15T23:01:20.000Z</time>
   </trkpt>
   <trkpt lat="-8.034391" lon="-34.905612">
    <ele>5.7</ele>
    <time>2021-09-15T23:01:21.000Z</time>
   </trkpt>
   <trkpt lat="-8.034429" lon="-34.905602">
    <ele>6.2</ele>
    <time>2021-09-15T23:01:24.000Z</time>
   </trkpt>
   <trkpt lat="-8.034464" lon="-34.905612">
    <ele>6.7</ele>
    <time>2021-09-15T23:01:26.000Z</time>
   </trkpt>
   <trkpt lat="-8.034488" lon="-34.90564">
    <ele>6.7</ele>
    <time>2021-09-15T23:01:27.000Z</time>
   </trkpt>
   <trkpt lat="-8.034521" lon="-34.905659">
    <ele>7.1</ele>
    <time>2021-09-15T23:01:30.000Z</time>
   </trkpt>
   <trkpt lat="-8.034554" lon="-34.905682">
    <ele>7.5</ele>
    <time>2021-09-15T23:01:31.000Z</time>
   </trkpt>
   <trkpt lat="-8.034588" lon="-34.905755">
    <ele>9.2</ele>
    <time>2021-09-15T23:01:33.000Z</time>
   </trkpt>
   <trkpt lat="-8.034599" lon="-34.905787">
    <ele>9.1</ele>
    <time>2021-09-15T23:01:34.000Z</time>
   </trkpt>
   <trkpt lat="-8.034618" lon="-34.905831">
    <ele>9.9</ele>
    <time>2021-09-15T23:01:35.000Z</time>
   </trkpt>
   <trkpt lat="-8.034637" lon="-34.905859">
    <ele>11.1</ele>
    <time>2021-09-15T23:01:37.000Z</time>
   </trkpt>
   <trkpt lat="-8.034662" lon="-34.905883">
    <ele>11.9</ele>
    <time>2021-09-15T23:01:38.000Z</time>
   </trkpt>
   <trkpt lat="-8.034714" lon="-34.905944">
    <ele>12</ele>
    <time>2021-09-15T23:01:39.000Z</time>
   </trkpt>
   <trkpt lat="-8.034744" lon="-34.905958">
    <ele>12</ele>
    <time>2021-09-15T23:01:40.000Z</time>
   </trkpt>
   <trkpt lat="-8.034788" lon="-34.905978">
    <ele>12</ele>
    <time>2021-09-15T23:01:41.000Z</time>
   </trkpt>
   <trkpt lat="-8.034819" lon="-34.905992">
    <ele>12</ele>
    <time>2021-09-15T23:01:43.000Z</time>
   </trkpt>
   <trkpt lat="-8.034913" lon="-34.906039">
    <ele>12.1</ele>
    <time>2021-09-15T23:01:45.000Z</time>
   </trkpt>
   <trkpt lat="-8.034959" lon="-34.90607">
    <ele>12.1</ele>
    <time>2021-09-15T23:01:46.000Z</time>
   </trkpt>
   <trkpt lat="-8.035001" lon="-34.906113">
    <ele>12.1</ele>
    <time>2021-09-15T23:01:47.000Z</time>
   </trkpt>
   <trkpt lat="-8.035036" lon="-34.90614">
    <ele>12.2</ele>
    <time>2021-09-15T23:01:49.000Z</time>
   </trkpt>
   <trkpt lat="-8.035081" lon="-34.906198">
    <ele>12.2</ele>
    <time>2021-09-15T23:01:52.000Z</time>
   </trkpt>
   <trkpt lat="-8.035147" lon="-34.906248">
    <ele>12.2</ele>
    <time>2021-09-15T23:01:54.000Z</time>
   </trkpt>
   <trkpt lat="-8.03517" lon="-34.906275">
    <ele>12.3</ele>
    <time>2021-09-15T23:01:55.000Z</time>
   </trkpt>
   <trkpt lat="-8.035217" lon="-34.906326">
    <ele>12.3</ele>
    <time>2021-09-15T23:01:56.000Z</time>
   </trkpt>
   <trkpt lat="-8.035235" lon="-34.906347">
    <ele>12.4</ele>
    <time>2021-09-15T23:01:57.000Z</time>
   </trkpt>
   <trkpt lat="-8.035274" lon="-34.906385">
    <ele>12.4</ele>
    <time>2021-09-15T23:01:59.000Z</time>
   </trkpt>
   <trkpt lat="-8.03529" lon="-34.906407">
    <ele>12.4</ele>
    <time>2021-09-15T23:02:00.000Z</time>
   </trkpt>
   <trkpt lat="-8.035302" lon="-34.906427">
    <ele>12.5</ele>
    <time>2021-09-15T23:02:02.000Z</time>
   </trkpt>
   <trkpt lat="-8.035377" lon="-34.906506">
    <ele>12.5</ele>
    <time>2021-09-15T23:02:04.000Z</time>
   </trkpt>
   <trkpt lat="-8.035427" lon="-34.906558">
    <ele>12.5</ele>
    <time>2021-09-15T23:02:05.000Z</time>
   </trkpt>
   <trkpt lat="-8.035506" lon="-34.90657">
    <ele>12.5</ele>
    <time>2021-09-15T23:02:07.000Z</time>
   </trkpt>
   <trkpt lat="-8.035555" lon="-34.906573">
    <ele>12.5</ele>
    <time>2021-09-15T23:02:08.000Z</time>
   </trkpt>
   <trkpt lat="-8.0356" lon="-34.906575">
    <ele>12.5</ele>
    <time>2021-09-15T23:02:09.000Z</time>
   </trkpt>
   <trkpt lat="-8.035659" lon="-34.906573">
    <ele>12.5</ele>
    <time>2021-09-15T23:02:10.000Z</time>
   </trkpt>
   <trkpt lat="-8.035714" lon="-34.906585">
    <ele>12.5</ele>
    <time>2021-09-15T23:02:11.000Z</time>
   </trkpt>
   <trkpt lat="-8.035781" lon="-34.90658">
    <ele>12.5</ele>
    <time>2021-09-15T23:02:13.000Z</time>
   </trkpt>
   <trkpt lat="-8.035873" lon="-34.906572">
    <ele>12.5</ele>
    <time>2021-09-15T23:02:14.000Z</time>
   </trkpt>
   <trkpt lat="-8.035922" lon="-34.906569">
    <ele>12.5</ele>
    <time>2021-09-15T23:02:15.000Z</time>
   </trkpt>
   <trkpt lat="-8.035971" lon="-34.906558">
    <ele>12.5</ele>
    <time>2021-09-15T23:02:16.000Z</time>
   </trkpt>
   <trkpt lat="-8.036015" lon="-34.906543">
    <ele>12.6</ele>
    <time>2021-09-15T23:02:17.000Z</time>
   </trkpt>
   <trkpt lat="-8.036062" lon="-34.906527">
    <ele>12.6</ele>
    <time>2021-09-15T23:02:18.000Z</time>
   </trkpt>
   <trkpt lat="-8.036105" lon="-34.90652">
    <ele>12.6</ele>
    <time>2021-09-15T23:02:19.000Z</time>
   </trkpt>
   <trkpt lat="-8.036142" lon="-34.906519">
    <ele>12.6</ele>
    <time>2021-09-15T23:02:20.000Z</time>
   </trkpt>
   <trkpt lat="-8.03618" lon="-34.906514">
    <ele>12.6</ele>
    <time>2021-09-15T23:02:22.000Z</time>
   </trkpt>
   <trkpt lat="-8.036255" lon="-34.906506">
    <ele>12.6</ele>
    <time>2021-09-15T23:02:23.000Z</time>
   </trkpt>
   <trkpt lat="-8.036293" lon="-34.906497">
    <ele>12.7</ele>
    <time>2021-09-15T23:02:24.000Z</time>
   </trkpt>
   <trkpt lat="-8.036328" lon="-34.906492">
    <ele>12.7</ele>
    <time>2021-09-15T23:02:25.000Z</time>
   </trkpt>
   <trkpt lat="-8.036365" lon="-34.906493">
    <ele>12.7</ele>
    <time>2021-09-15T23:02:26.000Z</time>
   </trkpt>
   <trkpt lat="-8.036401" lon="-34.906489">
    <ele>12.7</ele>
    <time>2021-09-15T23:02:27.000Z</time>
   </trkpt>
   <trkpt lat="-8.036433" lon="-34.906478">
    <ele>12.7</ele>
    <time>2021-09-15T23:02:28.000Z</time>
   </trkpt>
   <trkpt lat="-8.03646" lon="-34.906464">
    <ele>12.8</ele>
    <time>2021-09-15T23:02:29.000Z</time>
   </trkpt>
   <trkpt lat="-8.036499" lon="-34.906447">
    <ele>12.8</ele>
    <time>2021-09-15T23:02:31.000Z</time>
   </trkpt>
   <trkpt lat="-8.036537" lon="-34.906431">
    <ele>12.8</ele>
    <time>2021-09-15T23:02:32.000Z</time>
   </trkpt>
   <trkpt lat="-8.036623" lon="-34.906384">
    <ele>12.8</ele>
    <time>2021-09-15T23:02:34.000Z</time>
   </trkpt>
   <trkpt lat="-8.036683" lon="-34.90633">
    <ele>12.9</ele>
    <time>2021-09-15T23:02:35.000Z</time>
   </trkpt>
   <trkpt lat="-8.036711" lon="-34.906306">
    <ele>12.9</ele>
    <time>2021-09-15T23:02:36.000Z</time>
   </trkpt>
   <trkpt lat="-8.036739" lon="-34.906278">
    <ele>12.9</ele>
    <time>2021-09-15T23:02:37.000Z</time>
   </trkpt>
   <trkpt lat="-8.03677" lon="-34.906261">
    <ele>12.9</ele>
    <time>2021-09-15T23:02:38.000Z</time>
   </trkpt>
   <trkpt lat="-8.036842" lon="-34.906216">
    <ele>12.9</ele>
    <time>2021-09-15T23:02:40.000Z</time>
   </trkpt>
   <trkpt lat="-8.036879" lon="-34.906187">
    <ele>12.9</ele>
    <time>2021-09-15T23:02:41.000Z</time>
   </trkpt>
   <trkpt lat="-8.036903" lon="-34.906166">
    <ele>12.9</ele>
    <time>2021-09-15T23:02:42.000Z</time>
   </trkpt>
   <trkpt lat="-8.036948" lon="-34.906148">
    <ele>12.9</ele>
    <time>2021-09-15T23:02:43.000Z</time>
   </trkpt>
   <trkpt lat="-8.036991" lon="-34.906129">
    <ele>13</ele>
    <time>2021-09-15T23:02:44.000Z</time>
   </trkpt>
   <trkpt lat="-8.037029" lon="-34.906111">
    <ele>13</ele>
    <time>2021-09-15T23:02:45.000Z</time>
   </trkpt>
   <trkpt lat="-8.037064" lon="-34.90609">
    <ele>13</ele>
    <time>2021-09-15T23:02:46.000Z</time>
   </trkpt>
   <trkpt lat="-8.037099" lon="-34.906072">
    <ele>13</ele>
    <time>2021-09-15T23:02:48.000Z</time>
   </trkpt>
   <trkpt lat="-8.037176" lon="-34.906037">
    <ele>13</ele>
    <time>2021-09-15T23:02:49.000Z</time>
   </trkpt>
   <trkpt lat="-8.037205" lon="-34.906012">
    <ele>13</ele>
    <time>2021-09-15T23:02:50.000Z</time>
   </trkpt>
   <trkpt lat="-8.037234" lon="-34.905992">
    <ele>13</ele>
    <time>2021-09-15T23:02:52.000Z</time>
   </trkpt>
   <trkpt lat="-8.037265" lon="-34.905974">
    <ele>13.1</ele>
    <time>2021-09-15T23:02:53.000Z</time>
   </trkpt>
   <trkpt lat="-8.037296" lon="-34.905952">
    <ele>13.1</ele>
    <time>2021-09-15T23:02:54.000Z</time>
   </trkpt>
   <trkpt lat="-8.037362" lon="-34.90591">
    <ele>13.1</ele>
    <time>2021-09-15T23:02:55.000Z</time>
   </trkpt>
   <trkpt lat="-8.037389" lon="-34.905889">
    <ele>13.1</ele>
    <time>2021-09-15T23:02:57.000Z</time>
   </trkpt>
   <trkpt lat="-8.037454" lon="-34.905841">
    <ele>13.2</ele>
    <time>2021-09-15T23:02:58.000Z</time>
   </trkpt>
   <trkpt lat="-8.03749" lon="-34.905817">
    <ele>13.2</ele>
    <time>2021-09-15T23:02:59.000Z</time>
   </trkpt>
   <trkpt lat="-8.037527" lon="-34.905798">
    <ele>13.2</ele>
    <time>2021-09-15T23:03:00.000Z</time>
   </trkpt>
   <trkpt lat="-8.037566" lon="-34.905775">
    <ele>13.2</ele>
    <time>2021-09-15T23:03:01.000Z</time>
   </trkpt>
   <trkpt lat="-8.037604" lon="-34.90575">
    <ele>13.2</ele>
    <time>2021-09-15T23:03:03.000Z</time>
   </trkpt>
   <trkpt lat="-8.037643" lon="-34.905724">
    <ele>13.2</ele>
    <time>2021-09-15T23:03:04.000Z</time>
   </trkpt>
   <trkpt lat="-8.03768" lon="-34.905698">
    <ele>13.2</ele>
    <time>2021-09-15T23:03:05.000Z</time>
   </trkpt>
   <trkpt lat="-8.037715" lon="-34.90567">
    <ele>13.2</ele>
    <time>2021-09-15T23:03:06.000Z</time>
   </trkpt>
   <trkpt lat="-8.03778" lon="-34.905631">
    <ele>13.2</ele>
    <time>2021-09-15T23:03:08.000Z</time>
   </trkpt>
   <trkpt lat="-8.037841" lon="-34.905588">
    <ele>13.2</ele>
    <time>2021-09-15T23:03:10.000Z</time>
   </trkpt>
   <trkpt lat="-8.037871" lon="-34.90556">
    <ele>13.2</ele>
    <time>2021-09-15T23:03:11.000Z</time>
   </trkpt>
   <trkpt lat="-8.037933" lon="-34.905511">
    <ele>13.2</ele>
    <time>2021-09-15T23:03:12.000Z</time>
   </trkpt>
   <trkpt lat="-8.037959" lon="-34.905485">
    <ele>13.2</ele>
    <time>2021-09-15T23:03:13.000Z</time>
   </trkpt>
   <trkpt lat="-8.037973" lon="-34.905465">
    <ele>13.2</ele>
    <time>2021-09-15T23:03:14.000Z</time>
   </trkpt>
   <trkpt lat="-8.037996" lon="-34.905414">
    <ele>13.2</ele>
    <time>2021-09-15T23:03:17.000Z</time>
   </trkpt>
   <trkpt lat="-8.03802" lon="-34.905376">
    <ele>13.2</ele>
    <time>2021-09-15T23:03:20.000Z</time>
   </trkpt>
   <trkpt lat="-8.038042" lon="-34.905345">
    <ele>13.2</ele>
    <time>2021-09-15T23:03:23.000Z</time>
   </trkpt>
   <trkpt lat="-8.038036" lon="-34.905327">
    <ele>13.2</ele>
    <time>2021-09-15T23:03:25.000Z</time>
   </trkpt>
   <trkpt lat="-8.038097" lon="-34.905396">
    <ele>13.2</ele>
    <time>2021-09-15T23:19:48.000Z</time>
   </trkpt>
   <trkpt lat="-8.038124" lon="-34.905427">
    <ele>13.2</ele>
    <time>2021-09-15T23:19:50.000Z</time>
   </trkpt>
   <trkpt lat="-8.038171" lon="-34.905448">
    <ele>13.2</ele>
    <time>2021-09-15T23:19:52.000Z</time>
   </trkpt>
   <trkpt lat="-8.038178" lon="-34.905448">
    <ele>13.2</ele>
    <time>2021-09-15T23:19:56.000Z</time>
   </trkpt>
   <trkpt lat="-8.038221" lon="-34.905403">
    <ele>13.1</ele>
    <time>2021-09-15T23:20:00.000Z</time>
   </trkpt>
   <trkpt lat="-8.038263" lon="-34.905362">
    <ele>13.1</ele>
    <time>2021-09-15T23:20:02.000Z</time>
   </trkpt>
   <trkpt lat="-8.038328" lon="-34.90531">
    <ele>13.1</ele>
    <time>2021-09-15T23:20:05.000Z</time>
   </trkpt>
   <trkpt lat="-8.038396" lon="-34.905232">
    <ele>13.1</ele>
    <time>2021-09-15T23:20:07.000Z</time>
   </trkpt>
   <trkpt lat="-8.03842" lon="-34.905199">
    <ele>13.1</ele>
    <time>2021-09-15T23:20:09.000Z</time>
   </trkpt>
   <trkpt lat="-8.038461" lon="-34.905141">
    <ele>13</ele>
    <time>2021-09-15T23:20:11.000Z</time>
   </trkpt>
   <trkpt lat="-8.038484" lon="-34.905121">
    <ele>13</ele>
    <time>2021-09-15T23:20:12.000Z</time>
   </trkpt>
   <trkpt lat="-8.038533" lon="-34.90508">
    <ele>13</ele>
    <time>2021-09-15T23:20:14.000Z</time>
   </trkpt>
   <trkpt lat="-8.038549" lon="-34.905063">
    <ele>13</ele>
    <time>2021-09-15T23:20:15.000Z</time>
   </trkpt>
   <trkpt lat="-8.038584" lon="-34.90503">
    <ele>13</ele>
    <time>2021-09-15T23:20:16.000Z</time>
   </trkpt>
   <trkpt lat="-8.038631" lon="-34.905005">
    <ele>13</ele>
    <time>2021-09-15T23:20:19.000Z</time>
   </trkpt>
   <trkpt lat="-8.038691" lon="-34.904973">
    <ele>13</ele>
    <time>2021-09-15T23:20:21.000Z</time>
   </trkpt>
   <trkpt lat="-8.03872" lon="-34.904954">
    <ele>13</ele>
    <time>2021-09-15T23:20:22.000Z</time>
   </trkpt>
   <trkpt lat="-8.038741" lon="-34.904938">
    <ele>13</ele>
    <time>2021-09-15T23:20:23.000Z</time>
   </trkpt>
   <trkpt lat="-8.038778" lon="-34.904892">
    <ele>13</ele>
    <time>2021-09-15T23:20:25.000Z</time>
   </trkpt>
   <trkpt lat="-8.038797" lon="-34.904857">
    <ele>13</ele>
    <time>2021-09-15T23:20:26.000Z</time>
   </trkpt>
   <trkpt lat="-8.038816" lon="-34.904835">
    <ele>13</ele>
    <time>2021-09-15T23:20:27.000Z</time>
   </trkpt>
   <trkpt lat="-8.038837" lon="-34.904814">
    <ele>13</ele>
    <time>2021-09-15T23:20:28.000Z</time>
   </trkpt>
   <trkpt lat="-8.038886" lon="-34.904769">
    <ele>12.9</ele>
    <time>2021-09-15T23:20:30.000Z</time>
   </trkpt>
   <trkpt lat="-8.038912" lon="-34.904748">
    <ele>12.9</ele>
    <time>2021-09-15T23:20:31.000Z</time>
   </trkpt>
   <trkpt lat="-8.038965" lon="-34.904723">
    <ele>12.9</ele>
    <time>2021-09-15T23:20:33.000Z</time>
   </trkpt>
   <trkpt lat="-8.038992" lon="-34.9047">
    <ele>12.9</ele>
    <time>2021-09-15T23:20:34.000Z</time>
   </trkpt>
   <trkpt lat="-8.039021" lon="-34.904684">
    <ele>12.9</ele>
    <time>2021-09-15T23:20:35.000Z</time>
   </trkpt>
   <trkpt lat="-8.039046" lon="-34.90467">
    <ele>12.9</ele>
    <time>2021-09-15T23:20:36.000Z</time>
   </trkpt>
   <trkpt lat="-8.039099" lon="-34.904633">
    <ele>12.9</ele>
    <time>2021-09-15T23:20:37.000Z</time>
   </trkpt>
   <trkpt lat="-8.03913" lon="-34.904612">
    <ele>12.8</ele>
    <time>2021-09-15T23:20:39.000Z</time>
   </trkpt>
   <trkpt lat="-8.039181" lon="-34.904583">
    <ele>12.8</ele>
    <time>2021-09-15T23:20:40.000Z</time>
   </trkpt>
   <trkpt lat="-8.039219" lon="-34.90456">
    <ele>12.8</ele>
    <time>2021-09-15T23:20:43.000Z</time>
   </trkpt>
   <trkpt lat="-8.039259" lon="-34.904535">
    <ele>12.8</ele>
    <time>2021-09-15T23:20:45.000Z</time>
   </trkpt>
   <trkpt lat="-8.039337" lon="-34.904485">
    <ele>12.7</ele>
    <time>2021-09-15T23:20:48.000Z</time>
   </trkpt>
   <trkpt lat="-8.039368" lon="-34.904467">
    <ele>12.7</ele>
    <time>2021-09-15T23:20:49.000Z</time>
   </trkpt>
   <trkpt lat="-8.03939" lon="-34.904445">
    <ele>12.7</ele>
    <time>2021-09-15T23:20:50.000Z</time>
   </trkpt>
   <trkpt lat="-8.039414" lon="-34.904428">
    <ele>12.7</ele>
    <time>2021-09-15T23:20:51.000Z</time>
   </trkpt>
   <trkpt lat="-8.039437" lon="-34.904406">
    <ele>12.7</ele>
    <time>2021-09-15T23:20:52.000Z</time>
   </trkpt>
   <trkpt lat="-8.039455" lon="-34.904388">
    <ele>12.7</ele>
    <time>2021-09-15T23:20:53.000Z</time>
   </trkpt>
   <trkpt lat="-8.039514" lon="-34.90431">
    <ele>12.7</ele>
    <time>2021-09-15T23:20:55.000Z</time>
   </trkpt>
   <trkpt lat="-8.039533" lon="-34.904281">
    <ele>12.7</ele>
    <time>2021-09-15T23:20:56.000Z</time>
   </trkpt>
   <trkpt lat="-8.039562" lon="-34.904251">
    <ele>12.6</ele>
    <time>2021-09-15T23:20:58.000Z</time>
   </trkpt>
   <trkpt lat="-8.039583" lon="-34.904225">
    <ele>12.6</ele>
    <time>2021-09-15T23:20:59.000Z</time>
   </trkpt>
   <trkpt lat="-8.039605" lon="-34.904202">
    <ele>12.6</ele>
    <time>2021-09-15T23:21:00.000Z</time>
   </trkpt>
   <trkpt lat="-8.03963" lon="-34.904189">
    <ele>12.6</ele>
    <time>2021-09-15T23:21:01.000Z</time>
   </trkpt>
   <trkpt lat="-8.039665" lon="-34.904174">
    <ele>12.6</ele>
    <time>2021-09-15T23:21:02.000Z</time>
   </trkpt>
   <trkpt lat="-8.039694" lon="-34.904158">
    <ele>12.6</ele>
    <time>2021-09-15T23:21:03.000Z</time>
   </trkpt>
   <trkpt lat="-8.039728" lon="-34.90414">
    <ele>12.6</ele>
    <time>2021-09-15T23:21:04.000Z</time>
   </trkpt>
   <trkpt lat="-8.039772" lon="-34.904109">
    <ele>12.6</ele>
    <time>2021-09-15T23:21:06.000Z</time>
   </trkpt>
   <trkpt lat="-8.039845" lon="-34.904084">
    <ele>12.5</ele>
    <time>2021-09-15T23:21:08.000Z</time>
   </trkpt>
   <trkpt lat="-8.039878" lon="-34.904065">
    <ele>12.5</ele>
    <time>2021-09-15T23:21:09.000Z</time>
   </trkpt>
   <trkpt lat="-8.039915" lon="-34.904038">
    <ele>12.5</ele>
    <time>2021-09-15T23:21:10.000Z</time>
   </trkpt>
   <trkpt lat="-8.039961" lon="-34.904001">
    <ele>12.5</ele>
    <time>2021-09-15T23:21:12.000Z</time>
   </trkpt>
   <trkpt lat="-8.039983" lon="-34.90398">
    <ele>12.5</ele>
    <time>2021-09-15T23:21:13.000Z</time>
   </trkpt>
   <trkpt lat="-8.040003" lon="-34.903967">
    <ele>12.5</ele>
    <time>2021-09-15T23:21:14.000Z</time>
   </trkpt>
   <trkpt lat="-8.040054" lon="-34.903911">
    <ele>12.5</ele>
    <time>2021-09-15T23:21:16.000Z</time>
   </trkpt>
   <trkpt lat="-8.040077" lon="-34.903894">
    <ele>12.5</ele>
    <time>2021-09-15T23:21:17.000Z</time>
   </trkpt>
   <trkpt lat="-8.040106" lon="-34.903873">
    <ele>12.4</ele>
    <time>2021-09-15T23:21:18.000Z</time>
   </trkpt>
   <trkpt lat="-8.040164" lon="-34.903837">
    <ele>12.4</ele>
    <time>2021-09-15T23:21:19.000Z</time>
   </trkpt>
   <trkpt lat="-8.040202" lon="-34.903807">
    <ele>12.4</ele>
    <time>2021-09-15T23:21:21.000Z</time>
   </trkpt>
   <trkpt lat="-8.040236" lon="-34.903781">
    <ele>12.4</ele>
    <time>2021-09-15T23:21:22.000Z</time>
   </trkpt>
   <trkpt lat="-8.04027" lon="-34.903758">
    <ele>12.4</ele>
    <time>2021-09-15T23:21:23.000Z</time>
   </trkpt>
   <trkpt lat="-8.040328" lon="-34.903728">
    <ele>12.4</ele>
    <time>2021-09-15T23:21:24.000Z</time>
   </trkpt>
   <trkpt lat="-8.040357" lon="-34.903715">
    <ele>12.4</ele>
    <time>2021-09-15T23:21:26.000Z</time>
   </trkpt>
   <trkpt lat="-8.040423" lon="-34.903671">
    <ele>12.4</ele>
    <time>2021-09-15T23:21:28.000Z</time>
   </trkpt>
   <trkpt lat="-8.040486" lon="-34.903625">
    <ele>12.3</ele>
    <time>2021-09-15T23:21:30.000Z</time>
   </trkpt>
   <trkpt lat="-8.040527" lon="-34.903606">
    <ele>12.3</ele>
    <time>2021-09-15T23:21:31.000Z</time>
   </trkpt>
   <trkpt lat="-8.040565" lon="-34.903584">
    <ele>12.3</ele>
    <time>2021-09-15T23:21:32.000Z</time>
   </trkpt>
   <trkpt lat="-8.040647" lon="-34.903553">
    <ele>12.3</ele>
    <time>2021-09-15T23:21:34.000Z</time>
   </trkpt>
   <trkpt lat="-8.040732" lon="-34.903531">
    <ele>12.3</ele>
    <time>2021-09-15T23:21:36.000Z</time>
   </trkpt>
   <trkpt lat="-8.040825" lon="-34.9035">
    <ele>12.3</ele>
    <time>2021-09-15T23:21:38.000Z</time>
   </trkpt>
   <trkpt lat="-8.040878" lon="-34.903482">
    <ele>12.3</ele>
    <time>2021-09-15T23:21:39.000Z</time>
   </trkpt>
   <trkpt lat="-8.040919" lon="-34.903471">
    <ele>12.3</ele>
    <time>2021-09-15T23:21:40.000Z</time>
   </trkpt>
   <trkpt lat="-8.040982" lon="-34.903435">
    <ele>12.3</ele>
    <time>2021-09-15T23:21:42.000Z</time>
   </trkpt>
   <trkpt lat="-8.041043" lon="-34.903378">
    <ele>12.2</ele>
    <time>2021-09-15T23:21:44.000Z</time>
   </trkpt>
   <trkpt lat="-8.041083" lon="-34.903357">
    <ele>12.2</ele>
    <time>2021-09-15T23:21:45.000Z</time>
   </trkpt>
   <trkpt lat="-8.041116" lon="-34.903339">
    <ele>12.2</ele>
    <time>2021-09-15T23:21:46.000Z</time>
   </trkpt>
   <trkpt lat="-8.041172" lon="-34.90331">
    <ele>12.2</ele>
    <time>2021-09-15T23:21:48.000Z</time>
   </trkpt>
   <trkpt lat="-8.041238" lon="-34.903287">
    <ele>12.2</ele>
    <time>2021-09-15T23:21:50.000Z</time>
   </trkpt>
   <trkpt lat="-8.041278" lon="-34.903274">
    <ele>12.2</ele>
    <time>2021-09-15T23:21:51.000Z</time>
   </trkpt>
   <trkpt lat="-8.041323" lon="-34.903257">
    <ele>12.2</ele>
    <time>2021-09-15T23:21:52.000Z</time>
   </trkpt>
   <trkpt lat="-8.041369" lon="-34.903244">
    <ele>12.2</ele>
    <time>2021-09-15T23:21:53.000Z</time>
   </trkpt>
   <trkpt lat="-8.041415" lon="-34.903227">
    <ele>12.2</ele>
    <time>2021-09-15T23:21:54.000Z</time>
   </trkpt>
   <trkpt lat="-8.041488" lon="-34.903188">
    <ele>12.2</ele>
    <time>2021-09-15T23:21:55.000Z</time>
   </trkpt>
   <trkpt lat="-8.04153" lon="-34.903168">
    <ele>12.2</ele>
    <time>2021-09-15T23:21:57.000Z</time>
   </trkpt>
   <trkpt lat="-8.04157" lon="-34.903148">
    <ele>12.2</ele>
    <time>2021-09-15T23:21:58.000Z</time>
   </trkpt>
   <trkpt lat="-8.041639" lon="-34.903096">
    <ele>12.2</ele>
    <time>2021-09-15T23:22:00.000Z</time>
   </trkpt>
   <trkpt lat="-8.041701" lon="-34.903039">
    <ele>12.2</ele>
    <time>2021-09-15T23:22:01.000Z</time>
   </trkpt>
   <trkpt lat="-8.041719" lon="-34.903001">
    <ele>12.2</ele>
    <time>2021-09-15T23:22:02.000Z</time>
   </trkpt>
   <trkpt lat="-8.041748" lon="-34.90297">
    <ele>12.2</ele>
    <time>2021-09-15T23:22:03.000Z</time>
   </trkpt>
   <trkpt lat="-8.041781" lon="-34.90294">
    <ele>12.2</ele>
    <time>2021-09-15T23:22:04.000Z</time>
   </trkpt>
   <trkpt lat="-8.041816" lon="-34.90291">
    <ele>12.2</ele>
    <time>2021-09-15T23:22:06.000Z</time>
   </trkpt>
   <trkpt lat="-8.041862" lon="-34.902857">
    <ele>12.2</ele>
    <time>2021-09-15T23:22:07.000Z</time>
   </trkpt>
   <trkpt lat="-8.041881" lon="-34.902832">
    <ele>12.2</ele>
    <time>2021-09-15T23:22:09.000Z</time>
   </trkpt>
   <trkpt lat="-8.041908" lon="-34.902797">
    <ele>12.2</ele>
    <time>2021-09-15T23:22:10.000Z</time>
   </trkpt>
   <trkpt lat="-8.041949" lon="-34.902757">
    <ele>12.2</ele>
    <time>2021-09-15T23:22:12.000Z</time>
   </trkpt>
   <trkpt lat="-8.042" lon="-34.902726">
    <ele>12.2</ele>
    <time>2021-09-15T23:22:14.000Z</time>
   </trkpt>
   <trkpt lat="-8.042025" lon="-34.902713">
    <ele>12.2</ele>
    <time>2021-09-15T23:22:15.000Z</time>
   </trkpt>
   <trkpt lat="-8.042061" lon="-34.902688">
    <ele>12.2</ele>
    <time>2021-09-15T23:22:16.000Z</time>
   </trkpt>
   <trkpt lat="-8.042106" lon="-34.902662">
    <ele>12.2</ele>
    <time>2021-09-15T23:22:17.000Z</time>
   </trkpt>
   <trkpt lat="-8.042134" lon="-34.902647">
    <ele>12.2</ele>
    <time>2021-09-15T23:22:18.000Z</time>
   </trkpt>
   <trkpt lat="-8.04216" lon="-34.902646">
    <ele>12.1</ele>
    <time>2021-09-15T23:22:20.000Z</time>
   </trkpt>
   <trkpt lat="-8.042229" lon="-34.902642">
    <ele>12.1</ele>
    <time>2021-09-15T23:22:22.000Z</time>
   </trkpt>
   <trkpt lat="-8.042297" lon="-34.902638">
    <ele>12.1</ele>
    <time>2021-09-15T23:22:24.000Z</time>
   </trkpt>
   <trkpt lat="-8.042378" lon="-34.902622">
    <ele>12.1</ele>
    <time>2021-09-15T23:22:26.000Z</time>
   </trkpt>
   <trkpt lat="-8.042421" lon="-34.902615">
    <ele>12.1</ele>
    <time>2021-09-15T23:22:27.000Z</time>
   </trkpt>
   <trkpt lat="-8.042485" lon="-34.902598">
    <ele>12.1</ele>
    <time>2021-09-15T23:22:28.000Z</time>
   </trkpt>
   <trkpt lat="-8.042522" lon="-34.902584">
    <ele>12.1</ele>
    <time>2021-09-15T23:22:29.000Z</time>
   </trkpt>
   <trkpt lat="-8.042605" lon="-34.902584">
    <ele>12</ele>
    <time>2021-09-15T23:22:31.000Z</time>
   </trkpt>
   <trkpt lat="-8.042646" lon="-34.902569">
    <ele>12</ele>
    <time>2021-09-15T23:22:32.000Z</time>
   </trkpt>
   <trkpt lat="-8.042731" lon="-34.90254">
    <ele>12</ele>
    <time>2021-09-15T23:22:34.000Z</time>
   </trkpt>
   <trkpt lat="-8.042768" lon="-34.902521">
    <ele>11.9</ele>
    <time>2021-09-15T23:22:35.000Z</time>
   </trkpt>
   <trkpt lat="-8.042835" lon="-34.902481">
    <ele>11.9</ele>
    <time>2021-09-15T23:22:37.000Z</time>
   </trkpt>
   <trkpt lat="-8.042866" lon="-34.902457">
    <ele>11.9</ele>
    <time>2021-09-15T23:22:38.000Z</time>
   </trkpt>
   <trkpt lat="-8.042901" lon="-34.902442">
    <ele>11.9</ele>
    <time>2021-09-15T23:22:39.000Z</time>
   </trkpt>
   <trkpt lat="-8.042962" lon="-34.902423">
    <ele>11.9</ele>
    <time>2021-09-15T23:22:40.000Z</time>
   </trkpt>
   <trkpt lat="-8.043005" lon="-34.902412">
    <ele>11.9</ele>
    <time>2021-09-15T23:22:41.000Z</time>
   </trkpt>
   <trkpt lat="-8.043047" lon="-34.902397">
    <ele>11.9</ele>
    <time>2021-09-15T23:22:42.000Z</time>
   </trkpt>
   <trkpt lat="-8.043089" lon="-34.902387">
    <ele>11.9</ele>
    <time>2021-09-15T23:22:43.000Z</time>
   </trkpt>
   <trkpt lat="-8.04313" lon="-34.902374">
    <ele>11.9</ele>
    <time>2021-09-15T23:22:44.000Z</time>
   </trkpt>
   <trkpt lat="-8.043171" lon="-34.902366">
    <ele>11.9</ele>
    <time>2021-09-15T23:22:45.000Z</time>
   </trkpt>
   <trkpt lat="-8.043233" lon="-34.902356">
    <ele>11.8</ele>
    <time>2021-09-15T23:22:46.000Z</time>
   </trkpt>
   <trkpt lat="-8.043277" lon="-34.902347">
    <ele>11.8</ele>
    <time>2021-09-15T23:22:47.000Z</time>
   </trkpt>
   <trkpt lat="-8.043321" lon="-34.902342">
    <ele>11.8</ele>
    <time>2021-09-15T23:22:48.000Z</time>
   </trkpt>
   <trkpt lat="-8.043361" lon="-34.902333">
    <ele>11.8</ele>
    <time>2021-09-15T23:22:49.000Z</time>
   </trkpt>
   <trkpt lat="-8.043453" lon="-34.902314">
    <ele>11.8</ele>
    <time>2021-09-15T23:22:51.000Z</time>
   </trkpt>
   <trkpt lat="-8.043536" lon="-34.9023">
    <ele>11.7</ele>
    <time>2021-09-15T23:22:52.000Z</time>
   </trkpt>
   <trkpt lat="-8.043582" lon="-34.902288">
    <ele>11.7</ele>
    <time>2021-09-15T23:22:54.000Z</time>
   </trkpt>
   <trkpt lat="-8.04366" lon="-34.90226">
    <ele>11.7</ele>
    <time>2021-09-15T23:22:56.000Z</time>
   </trkpt>
   <trkpt lat="-8.043697" lon="-34.902257">
    <ele>11.7</ele>
    <time>2021-09-15T23:22:57.000Z</time>
   </trkpt>
   <trkpt lat="-8.043729" lon="-34.902253">
    <ele>11.7</ele>
    <time>2021-09-15T23:22:58.000Z</time>
   </trkpt>
   <trkpt lat="-8.043757" lon="-34.902255">
    <ele>11.7</ele>
    <time>2021-09-15T23:22:59.000Z</time>
   </trkpt>
   <trkpt lat="-8.04379" lon="-34.902266">
    <ele>11.6</ele>
    <time>2021-09-15T23:23:00.000Z</time>
   </trkpt>
   <trkpt lat="-8.043811" lon="-34.902285">
    <ele>11.6</ele>
    <time>2021-09-15T23:23:01.000Z</time>
   </trkpt>
   <trkpt lat="-8.043829" lon="-34.902302">
    <ele>11.6</ele>
    <time>2021-09-15T23:23:02.000Z</time>
   </trkpt>
   <trkpt lat="-8.043855" lon="-34.902345">
    <ele>11.2</ele>
    <time>2021-09-15T23:23:04.000Z</time>
   </trkpt>
   <trkpt lat="-8.043891" lon="-34.902416">
    <ele>11.1</ele>
    <time>2021-09-15T23:23:06.000Z</time>
   </trkpt>
   <trkpt lat="-8.043934" lon="-34.902496">
    <ele>11</ele>
    <time>2021-09-15T23:23:08.000Z</time>
   </trkpt>
   <trkpt lat="-8.04398" lon="-34.902565">
    <ele>10.9</ele>
    <time>2021-09-15T23:23:09.000Z</time>
   </trkpt>
   <trkpt lat="-8.044006" lon="-34.902607">
    <ele>10.9</ele>
    <time>2021-09-15T23:23:10.000Z</time>
   </trkpt>
   <trkpt lat="-8.04404" lon="-34.902644">
    <ele>10.8</ele>
    <time>2021-09-15T23:23:11.000Z</time>
   </trkpt>
   <trkpt lat="-8.044067" lon="-34.902679">
    <ele>10.8</ele>
    <time>2021-09-15T23:23:13.000Z</time>
   </trkpt>
   <trkpt lat="-8.044089" lon="-34.902717">
    <ele>10.8</ele>
    <time>2021-09-15T23:23:14.000Z</time>
   </trkpt>
   <trkpt lat="-8.044112" lon="-34.90275">
    <ele>10.8</ele>
    <time>2021-09-15T23:23:15.000Z</time>
   </trkpt>
   <trkpt lat="-8.044138" lon="-34.902794">
    <ele>10.7</ele>
    <time>2021-09-15T23:23:16.000Z</time>
   </trkpt>
   <trkpt lat="-8.044164" lon="-34.902835">
    <ele>10.7</ele>
    <time>2021-09-15T23:23:17.000Z</time>
   </trkpt>
   <trkpt lat="-8.044221" lon="-34.902913">
    <ele>10.6</ele>
    <time>2021-09-15T23:23:19.000Z</time>
   </trkpt>
   <trkpt lat="-8.044246" lon="-34.90297">
    <ele>10.6</ele>
    <time>2021-09-15T23:23:21.000Z</time>
   </trkpt>
   <trkpt lat="-8.044261" lon="-34.902999">
    <ele>10.6</ele>
    <time>2021-09-15T23:23:22.000Z</time>
   </trkpt>
   <trkpt lat="-8.044306" lon="-34.903042">
    <ele>10.5</ele>
    <time>2021-09-15T23:23:23.000Z</time>
   </trkpt>
   <trkpt lat="-8.044368" lon="-34.903085">
    <ele>10.5</ele>
    <time>2021-09-15T23:23:25.000Z</time>
   </trkpt>
   <trkpt lat="-8.0444" lon="-34.903102">
    <ele>10.5</ele>
    <time>2021-09-15T23:23:26.000Z</time>
   </trkpt>
   <trkpt lat="-8.044437" lon="-34.903118">
    <ele>10.5</ele>
    <time>2021-09-15T23:23:28.000Z</time>
   </trkpt>
   <trkpt lat="-8.044506" lon="-34.903148">
    <ele>10.4</ele>
    <time>2021-09-15T23:23:30.000Z</time>
   </trkpt>
   <trkpt lat="-8.044538" lon="-34.903156">
    <ele>10.4</ele>
    <time>2021-09-15T23:23:31.000Z</time>
   </trkpt>
   <trkpt lat="-8.04461" lon="-34.903148">
    <ele>10.4</ele>
    <time>2021-09-15T23:23:32.000Z</time>
   </trkpt>
   <trkpt lat="-8.044643" lon="-34.903144">
    <ele>10.4</ele>
    <time>2021-09-15T23:23:33.000Z</time>
   </trkpt>
   <trkpt lat="-8.044674" lon="-34.903136">
    <ele>10.4</ele>
    <time>2021-09-15T23:23:35.000Z</time>
   </trkpt>
   <trkpt lat="-8.044751" lon="-34.903118">
    <ele>10.4</ele>
    <time>2021-09-15T23:23:37.000Z</time>
   </trkpt>
   <trkpt lat="-8.04483" lon="-34.903098">
    <ele>10.4</ele>
    <time>2021-09-15T23:23:39.000Z</time>
   </trkpt>
   <trkpt lat="-8.044868" lon="-34.903087">
    <ele>10.4</ele>
    <time>2021-09-15T23:23:40.000Z</time>
   </trkpt>
   <trkpt lat="-8.044905" lon="-34.903078">
    <ele>10.5</ele>
    <time>2021-09-15T23:23:41.000Z</time>
   </trkpt>
   <trkpt lat="-8.04499" lon="-34.903049">
    <ele>10.6</ele>
    <time>2021-09-15T23:23:43.000Z</time>
   </trkpt>
   <trkpt lat="-8.045082" lon="-34.903042">
    <ele>10.7</ele>
    <time>2021-09-15T23:23:45.000Z</time>
   </trkpt>
   <trkpt lat="-8.045123" lon="-34.903038">
    <ele>10.8</ele>
    <time>2021-09-15T23:23:46.000Z</time>
   </trkpt>
   <trkpt lat="-8.045205" lon="-34.903058">
    <ele>11.1</ele>
    <time>2021-09-15T23:23:48.000Z</time>
   </trkpt>
   <trkpt lat="-8.045254" lon="-34.903113">
    <ele>11.3</ele>
    <time>2021-09-15T23:23:50.000Z</time>
   </trkpt>
   <trkpt lat="-8.045297" lon="-34.903197">
    <ele>11.4</ele>
    <time>2021-09-15T23:23:51.000Z</time>
   </trkpt>
   <trkpt lat="-8.045323" lon="-34.903232">
    <ele>11.8</ele>
    <time>2021-09-15T23:23:53.000Z</time>
   </trkpt>
   <trkpt lat="-8.045339" lon="-34.903267">
    <ele>11.9</ele>
    <time>2021-09-15T23:23:54.000Z</time>
   </trkpt>
   <trkpt lat="-8.045363" lon="-34.903342">
    <ele>12.2</ele>
    <time>2021-09-15T23:23:55.000Z</time>
   </trkpt>
   <trkpt lat="-8.045371" lon="-34.903377">
    <ele>12.4</ele>
    <time>2021-09-15T23:23:56.000Z</time>
   </trkpt>
   <trkpt lat="-8.045377" lon="-34.903408">
    <ele>12.5</ele>
    <time>2021-09-15T23:23:58.000Z</time>
   </trkpt>
   <trkpt lat="-8.045386" lon="-34.903437">
    <ele>12.6</ele>
    <time>2021-09-15T23:23:59.000Z</time>
   </trkpt>
   <trkpt lat="-8.045403" lon="-34.903515">
    <ele>12.8</ele>
    <time>2021-09-15T23:24:01.000Z</time>
   </trkpt>
   <trkpt lat="-8.045412" lon="-34.903555">
    <ele>12.8</ele>
    <time>2021-09-15T23:24:02.000Z</time>
   </trkpt>
   <trkpt lat="-8.045422" lon="-34.903596">
    <ele>12.9</ele>
    <time>2021-09-15T23:24:03.000Z</time>
   </trkpt>
   <trkpt lat="-8.045448" lon="-34.903666">
    <ele>13</ele>
    <time>2021-09-15T23:24:04.000Z</time>
   </trkpt>
   <trkpt lat="-8.045458" lon="-34.903703">
    <ele>13</ele>
    <time>2021-09-15T23:24:06.000Z</time>
   </trkpt>
   <trkpt lat="-8.045483" lon="-34.903776">
    <ele>13</ele>
    <time>2021-09-15T23:24:07.000Z</time>
   </trkpt>
   <trkpt lat="-8.045495" lon="-34.903811">
    <ele>12.9</ele>
    <time>2021-09-15T23:24:09.000Z</time>
   </trkpt>
   <trkpt lat="-8.045502" lon="-34.903843">
    <ele>12.9</ele>
    <time>2021-09-15T23:24:10.000Z</time>
   </trkpt>
   <trkpt lat="-8.045518" lon="-34.903903">
    <ele>12.8</ele>
    <time>2021-09-15T23:24:12.000Z</time>
   </trkpt>
   <trkpt lat="-8.045536" lon="-34.903969">
    <ele>12.6</ele>
    <time>2021-09-15T23:24:13.000Z</time>
   </trkpt>
   <trkpt lat="-8.045544" lon="-34.904">
    <ele>12.4</ele>
    <time>2021-09-15T23:24:14.000Z</time>
   </trkpt>
   <trkpt lat="-8.045551" lon="-34.904028">
    <ele>12.3</ele>
    <time>2021-09-15T23:24:15.000Z</time>
   </trkpt>
   <trkpt lat="-8.045559" lon="-34.904062">
    <ele>12.2</ele>
    <time>2021-09-15T23:24:17.000Z</time>
   </trkpt>
   <trkpt lat="-8.045569" lon="-34.904113">
    <ele>12.1</ele>
    <time>2021-09-15T23:24:19.000Z</time>
   </trkpt>
   <trkpt lat="-8.045576" lon="-34.904154">
    <ele>11.8</ele>
    <time>2021-09-15T23:24:21.000Z</time>
   </trkpt>
   <trkpt lat="-8.045579" lon="-34.904187">
    <ele>11.7</ele>
    <time>2021-09-15T23:24:22.000Z</time>
   </trkpt>
   <trkpt lat="-8.045581" lon="-34.904219">
    <ele>11.5</ele>
    <time>2021-09-15T23:24:25.000Z</time>
   </trkpt>
   <trkpt lat="-8.04559" lon="-34.904289">
    <ele>11.1</ele>
    <time>2021-09-15T23:24:28.000Z</time>
   </trkpt>
   <trkpt lat="-8.045608" lon="-34.904341">
    <ele>10.8</ele>
    <time>2021-09-15T23:24:30.000Z</time>
   </trkpt>
   <trkpt lat="-8.045616" lon="-34.9044">
    <ele>10.7</ele>
    <time>2021-09-15T23:24:32.000Z</time>
   </trkpt>
   <trkpt lat="-8.045614" lon="-34.904438">
    <ele>10.7</ele>
    <time>2021-09-15T23:24:33.000Z</time>
   </trkpt>
   <trkpt lat="-8.045614" lon="-34.904472">
    <ele>10.7</ele>
    <time>2021-09-15T23:24:34.000Z</time>
   </trkpt>
   <trkpt lat="-8.045619" lon="-34.904542">
    <ele>10.6</ele>
    <time>2021-09-15T23:24:35.000Z</time>
   </trkpt>
   <trkpt lat="-8.04562" lon="-34.90458">
    <ele>10.6</ele>
    <time>2021-09-15T23:24:36.000Z</time>
   </trkpt>
   <trkpt lat="-8.045626" lon="-34.904605">
    <ele>10.6</ele>
    <time>2021-09-15T23:24:38.000Z</time>
   </trkpt>
   <trkpt lat="-8.04564" lon="-34.90467">
    <ele>10.6</ele>
    <time>2021-09-15T23:24:40.000Z</time>
   </trkpt>
   <trkpt lat="-8.045663" lon="-34.904746">
    <ele>10.6</ele>
    <time>2021-09-15T23:24:42.000Z</time>
   </trkpt>
   <trkpt lat="-8.045668" lon="-34.904787">
    <ele>10.6</ele>
    <time>2021-09-15T23:24:43.000Z</time>
   </trkpt>
   <trkpt lat="-8.045665" lon="-34.904878">
    <ele>10.6</ele>
    <time>2021-09-15T23:24:45.000Z</time>
   </trkpt>
   <trkpt lat="-8.045654" lon="-34.904965">
    <ele>10.6</ele>
    <time>2021-09-15T23:24:47.000Z</time>
   </trkpt>
   <trkpt lat="-8.045649" lon="-34.905047">
    <ele>10.6</ele>
    <time>2021-09-15T23:24:49.000Z</time>
   </trkpt>
   <trkpt lat="-8.045646" lon="-34.90508">
    <ele>10.7</ele>
    <time>2021-09-15T23:24:50.000Z</time>
   </trkpt>
   <trkpt lat="-8.045648" lon="-34.905116">
    <ele>10.7</ele>
    <time>2021-09-15T23:24:51.000Z</time>
   </trkpt>
   <trkpt lat="-8.045645" lon="-34.905153">
    <ele>10.7</ele>
    <time>2021-09-15T23:24:52.000Z</time>
   </trkpt>
   <trkpt lat="-8.045649" lon="-34.90523">
    <ele>10.7</ele>
    <time>2021-09-15T23:24:54.000Z</time>
   </trkpt>
   <trkpt lat="-8.045653" lon="-34.905273">
    <ele>10.7</ele>
    <time>2021-09-15T23:24:55.000Z</time>
   </trkpt>
   <trkpt lat="-8.045651" lon="-34.905359">
    <ele>10.7</ele>
    <time>2021-09-15T23:24:57.000Z</time>
   </trkpt>
   <trkpt lat="-8.045642" lon="-34.905397">
    <ele>10.7</ele>
    <time>2021-09-15T23:24:58.000Z</time>
   </trkpt>
   <trkpt lat="-8.045628" lon="-34.905442">
    <ele>10.7</ele>
    <time>2021-09-15T23:24:59.000Z</time>
   </trkpt>
   <trkpt lat="-8.045612" lon="-34.90552">
    <ele>10.7</ele>
    <time>2021-09-15T23:25:00.000Z</time>
   </trkpt>
   <trkpt lat="-8.045615" lon="-34.90556">
    <ele>10.7</ele>
    <time>2021-09-15T23:25:02.000Z</time>
   </trkpt>
   <trkpt lat="-8.045614" lon="-34.905599">
    <ele>10.7</ele>
    <time>2021-09-15T23:25:03.000Z</time>
   </trkpt>
   <trkpt lat="-8.045612" lon="-34.905636">
    <ele>10.8</ele>
    <time>2021-09-15T23:25:04.000Z</time>
   </trkpt>
   <trkpt lat="-8.045615" lon="-34.905713">
    <ele>10.8</ele>
    <time>2021-09-15T23:25:05.000Z</time>
   </trkpt>
   <trkpt lat="-8.04562" lon="-34.905753">
    <ele>10.8</ele>
    <time>2021-09-15T23:25:07.000Z</time>
   </trkpt>
   <trkpt lat="-8.045637" lon="-34.905836">
    <ele>10.8</ele>
    <time>2021-09-15T23:25:09.000Z</time>
   </trkpt>
   <trkpt lat="-8.045644" lon="-34.905887">
    <ele>10.8</ele>
    <time>2021-09-15T23:25:10.000Z</time>
   </trkpt>
   <trkpt lat="-8.045657" lon="-34.905983">
    <ele>10.8</ele>
    <time>2021-09-15T23:25:12.000Z</time>
   </trkpt>
   <trkpt lat="-8.045668" lon="-34.9061">
    <ele>11</ele>
    <time>2021-09-15T23:25:13.000Z</time>
   </trkpt>
   <trkpt lat="-8.045678" lon="-34.906154">
    <ele>11</ele>
    <time>2021-09-15T23:25:14.000Z</time>
   </trkpt>
   <trkpt lat="-8.045684" lon="-34.906203">
    <ele>11</ele>
    <time>2021-09-15T23:25:15.000Z</time>
   </trkpt>
   <trkpt lat="-8.045691" lon="-34.906245">
    <ele>11</ele>
    <time>2021-09-15T23:25:17.000Z</time>
   </trkpt>
   <trkpt lat="-8.045707" lon="-34.906314">
    <ele>11</ele>
    <time>2021-09-15T23:25:19.000Z</time>
   </trkpt>
   <trkpt lat="-8.045742" lon="-34.906392">
    <ele>11</ele>
    <time>2021-09-15T23:25:20.000Z</time>
   </trkpt>
   <trkpt lat="-8.045752" lon="-34.906428">
    <ele>11</ele>
    <time>2021-09-15T23:25:21.000Z</time>
   </trkpt>
   <trkpt lat="-8.045762" lon="-34.90646">
    <ele>11</ele>
    <time>2021-09-15T23:25:23.000Z</time>
   </trkpt>
   <trkpt lat="-8.045772" lon="-34.906487">
    <ele>11</ele>
    <time>2021-09-15T23:25:24.000Z</time>
   </trkpt>
   <trkpt lat="-8.045774" lon="-34.906517">
    <ele>11</ele>
    <time>2021-09-15T23:25:25.000Z</time>
   </trkpt>
   <trkpt lat="-8.045788" lon="-34.906594">
    <ele>11</ele>
    <time>2021-09-15T23:25:27.000Z</time>
   </trkpt>
   <trkpt lat="-8.045793" lon="-34.906659">
    <ele>11</ele>
    <time>2021-09-15T23:25:29.000Z</time>
   </trkpt>
   <trkpt lat="-8.045795" lon="-34.906679">
    <ele>11</ele>
    <time>2021-09-15T23:25:30.000Z</time>
   </trkpt>
   <trkpt lat="-8.045806" lon="-34.906706">
    <ele>11.1</ele>
    <time>2021-09-15T23:25:32.000Z</time>
   </trkpt>
   <trkpt lat="-8.045836" lon="-34.906753">
    <ele>11.1</ele>
    <time>2021-09-15T23:25:36.000Z</time>
   </trkpt>
   <trkpt lat="-8.04585" lon="-34.906782">
    <ele>11.1</ele>
    <time>2021-09-15T23:25:39.000Z</time>
   </trkpt>
   <trkpt lat="-8.04588" lon="-34.906819">
    <ele>11.1</ele>
    <time>2021-09-15T23:25:41.000Z</time>
   </trkpt>
   <trkpt lat="-8.045927" lon="-34.906922">
    <ele>11.1</ele>
    <time>2021-09-15T23:26:23.000Z</time>
   </trkpt>
   <trkpt lat="-8.045938" lon="-34.906978">
    <ele>11.1</ele>
    <time>2021-09-15T23:26:25.000Z</time>
   </trkpt>
   <trkpt lat="-8.045949" lon="-34.907053">
    <ele>11.1</ele>
    <time>2021-09-15T23:26:27.000Z</time>
   </trkpt>
   <trkpt lat="-8.045958" lon="-34.907089">
    <ele>11.1</ele>
    <time>2021-09-15T23:26:28.000Z</time>
   </trkpt>
   <trkpt lat="-8.045975" lon="-34.907118">
    <ele>11.1</ele>
    <time>2021-09-15T23:26:29.000Z</time>
   </trkpt>
   <trkpt lat="-8.04599" lon="-34.907184">
    <ele>11.1</ele>
    <time>2021-09-15T23:26:30.000Z</time>
   </trkpt>
   <trkpt lat="-8.045997" lon="-34.907216">
    <ele>11.1</ele>
    <time>2021-09-15T23:26:31.000Z</time>
   </trkpt>
   <trkpt lat="-8.046005" lon="-34.907258">
    <ele>11</ele>
    <time>2021-09-15T23:26:32.000Z</time>
   </trkpt>
   <trkpt lat="-8.046009" lon="-34.907299">
    <ele>11</ele>
    <time>2021-09-15T23:26:33.000Z</time>
   </trkpt>
   <trkpt lat="-8.046016" lon="-34.90734">
    <ele>11</ele>
    <time>2021-09-15T23:26:35.000Z</time>
   </trkpt>
   <trkpt lat="-8.046018" lon="-34.907381">
    <ele>11</ele>
    <time>2021-09-15T23:26:36.000Z</time>
   </trkpt>
   <trkpt lat="-8.046025" lon="-34.907415">
    <ele>11</ele>
    <time>2021-09-15T23:26:37.000Z</time>
   </trkpt>
   <trkpt lat="-8.046029" lon="-34.90745">
    <ele>11</ele>
    <time>2021-09-15T23:26:38.000Z</time>
   </trkpt>
   <trkpt lat="-8.046033" lon="-34.907492">
    <ele>11</ele>
    <time>2021-09-15T23:26:39.000Z</time>
   </trkpt>
   <trkpt lat="-8.04604" lon="-34.907532">
    <ele>11</ele>
    <time>2021-09-15T23:26:40.000Z</time>
   </trkpt>
   <trkpt lat="-8.046047" lon="-34.907574">
    <ele>11.1</ele>
    <time>2021-09-15T23:26:41.000Z</time>
   </trkpt>
   <trkpt lat="-8.04605" lon="-34.907613">
    <ele>11.1</ele>
    <time>2021-09-15T23:26:42.000Z</time>
   </trkpt>
   <trkpt lat="-8.046047" lon="-34.907703">
    <ele>11.2</ele>
    <time>2021-09-15T23:26:44.000Z</time>
   </trkpt>
   <trkpt lat="-8.04606" lon="-34.907792">
    <ele>11.3</ele>
    <time>2021-09-15T23:26:45.000Z</time>
   </trkpt>
   <trkpt lat="-8.046068" lon="-34.907854">
    <ele>11.4</ele>
    <time>2021-09-15T23:26:46.000Z</time>
   </trkpt>
   <trkpt lat="-8.046069" lon="-34.907887">
    <ele>11.5</ele>
    <time>2021-09-15T23:26:47.000Z</time>
   </trkpt>
   <trkpt lat="-8.046072" lon="-34.907916">
    <ele>11.5</ele>
    <time>2021-09-15T23:26:48.000Z</time>
   </trkpt>
   <trkpt lat="-8.046075" lon="-34.90795">
    <ele>11.5</ele>
    <time>2021-09-15T23:26:49.000Z</time>
   </trkpt>
   <trkpt lat="-8.046076" lon="-34.907986">
    <ele>11.6</ele>
    <time>2021-09-15T23:26:51.000Z</time>
   </trkpt>
   <trkpt lat="-8.046074" lon="-34.908015">
    <ele>11.6</ele>
    <time>2021-09-15T23:26:52.000Z</time>
   </trkpt>
   <trkpt lat="-8.046079" lon="-34.908093">
    <ele>11.8</ele>
    <time>2021-09-15T23:26:54.000Z</time>
   </trkpt>
   <trkpt lat="-8.046095" lon="-34.908171">
    <ele>11.9</ele>
    <time>2021-09-15T23:26:55.000Z</time>
   </trkpt>
   <trkpt lat="-8.046104" lon="-34.908208">
    <ele>12</ele>
    <time>2021-09-15T23:26:56.000Z</time>
   </trkpt>
   <trkpt lat="-8.046112" lon="-34.908244">
    <ele>12.1</ele>
    <time>2021-09-15T23:26:58.000Z</time>
   </trkpt>
   <trkpt lat="-8.046131" lon="-34.908318">
    <ele>12.2</ele>
    <time>2021-09-15T23:27:00.000Z</time>
   </trkpt>
   <trkpt lat="-8.046134" lon="-34.908358">
    <ele>12.3</ele>
    <time>2021-09-15T23:27:01.000Z</time>
   </trkpt>
   <trkpt lat="-8.046139" lon="-34.908393">
    <ele>12.4</ele>
    <time>2021-09-15T23:27:02.000Z</time>
   </trkpt>
   <trkpt lat="-8.046149" lon="-34.908465">
    <ele>12.6</ele>
    <time>2021-09-15T23:27:04.000Z</time>
   </trkpt>
   <trkpt lat="-8.046153" lon="-34.908499">
    <ele>12.7</ele>
    <time>2021-09-15T23:27:05.000Z</time>
   </trkpt>
   <trkpt lat="-8.046158" lon="-34.908536">
    <ele>12.8</ele>
    <time>2021-09-15T23:27:06.000Z</time>
   </trkpt>
   <trkpt lat="-8.046167" lon="-34.908592">
    <ele>12.9</ele>
    <time>2021-09-15T23:27:07.000Z</time>
   </trkpt>
   <trkpt lat="-8.046167" lon="-34.908623">
    <ele>13</ele>
    <time>2021-09-15T23:27:08.000Z</time>
   </trkpt>
   <trkpt lat="-8.046166" lon="-34.908659">
    <ele>13.2</ele>
    <time>2021-09-15T23:27:09.000Z</time>
   </trkpt>
   <trkpt lat="-8.046167" lon="-34.908693">
    <ele>13.3</ele>
    <time>2021-09-15T23:27:10.000Z</time>
   </trkpt>
   <trkpt lat="-8.046164" lon="-34.908765">
    <ele>13.5</ele>
    <time>2021-09-15T23:27:11.000Z</time>
   </trkpt>
   <trkpt lat="-8.046167" lon="-34.908813">
    <ele>13.6</ele>
    <time>2021-09-15T23:27:13.000Z</time>
   </trkpt>
   <trkpt lat="-8.046165" lon="-34.908883">
    <ele>13.8</ele>
    <time>2021-09-15T23:27:15.000Z</time>
   </trkpt>
   <trkpt lat="-8.046157" lon="-34.908962">
    <ele>14</ele>
    <time>2021-09-15T23:27:17.000Z</time>
   </trkpt>
   <trkpt lat="-8.046143" lon="-34.909006">
    <ele>14.2</ele>
    <time>2021-09-15T23:27:18.000Z</time>
   </trkpt>
   <trkpt lat="-8.046132" lon="-34.909112">
    <ele>14.4</ele>
    <time>2021-09-15T23:27:20.000Z</time>
   </trkpt>
   <trkpt lat="-8.046132" lon="-34.909153">
    <ele>14.5</ele>
    <time>2021-09-15T23:27:21.000Z</time>
   </trkpt>
   <trkpt lat="-8.046135" lon="-34.909195">
    <ele>14.5</ele>
    <time>2021-09-15T23:27:22.000Z</time>
   </trkpt>
   <trkpt lat="-8.046149" lon="-34.909272">
    <ele>14.6</ele>
    <time>2021-09-15T23:27:24.000Z</time>
   </trkpt>
   <trkpt lat="-8.046147" lon="-34.909314">
    <ele>14.6</ele>
    <time>2021-09-15T23:27:26.000Z</time>
   </trkpt>
   <trkpt lat="-8.046135" lon="-34.909343">
    <ele>14.6</ele>
    <time>2021-09-15T23:27:29.000Z</time>
   </trkpt>
   <trkpt lat="-8.046171" lon="-34.90936">
    <ele>14.6</ele>
    <time>2021-09-15T23:27:32.000Z</time>
   </trkpt>
   <trkpt lat="-8.046194" lon="-34.909396">
    <ele>14.6</ele>
    <time>2021-09-15T23:27:34.000Z</time>
   </trkpt>
   <trkpt lat="-8.046463" lon="-34.909498">
    <ele>14.2</ele>
    <time>2021-09-15T23:28:34.000Z</time>
   </trkpt>
   <trkpt lat="-8.046517" lon="-34.909486">
    <ele>14.1</ele>
    <time>2021-09-15T23:28:36.000Z</time>
   </trkpt>
   <trkpt lat="-8.046549" lon="-34.909475">
    <ele>14</ele>
    <time>2021-09-15T23:28:37.000Z</time>
   </trkpt>
   <trkpt lat="-8.046589" lon="-34.909452">
    <ele>13.9</ele>
    <time>2021-09-15T23:28:38.000Z</time>
   </trkpt>
   <trkpt lat="-8.046626" lon="-34.909436">
    <ele>13.8</ele>
    <time>2021-09-15T23:28:39.000Z</time>
   </trkpt>
   <trkpt lat="-8.046662" lon="-34.909421">
    <ele>13.7</ele>
    <time>2021-09-15T23:28:40.000Z</time>
   </trkpt>
   <trkpt lat="-8.046728" lon="-34.909389">
    <ele>13.6</ele>
    <time>2021-09-15T23:28:42.000Z</time>
   </trkpt>
   <trkpt lat="-8.046807" lon="-34.909357">
    <ele>13.4</ele>
    <time>2021-09-15T23:28:44.000Z</time>
   </trkpt>
   <trkpt lat="-8.046845" lon="-34.909345">
    <ele>13.3</ele>
    <time>2021-09-15T23:28:45.000Z</time>
   </trkpt>
   <trkpt lat="-8.046881" lon="-34.909334">
    <ele>13.3</ele>
    <time>2021-09-15T23:28:46.000Z</time>
   </trkpt>
   <trkpt lat="-8.046919" lon="-34.909313">
    <ele>13.2</ele>
    <time>2021-09-15T23:28:47.000Z</time>
   </trkpt>
   <trkpt lat="-8.04696" lon="-34.909293">
    <ele>13.1</ele>
    <time>2021-09-15T23:28:48.000Z</time>
   </trkpt>
   <trkpt lat="-8.047003" lon="-34.909268">
    <ele>12.9</ele>
    <time>2021-09-15T23:28:49.000Z</time>
   </trkpt>
   <trkpt lat="-8.047035" lon="-34.90925">
    <ele>12.8</ele>
    <time>2021-09-15T23:28:50.000Z</time>
   </trkpt>
   <trkpt lat="-8.047066" lon="-34.909234">
    <ele>12.7</ele>
    <time>2021-09-15T23:28:51.000Z</time>
   </trkpt>
   <trkpt lat="-8.0471" lon="-34.909226">
    <ele>12.6</ele>
    <time>2021-09-15T23:28:52.000Z</time>
   </trkpt>
   <trkpt lat="-8.047171" lon="-34.909219">
    <ele>12.4</ele>
    <time>2021-09-15T23:28:54.000Z</time>
   </trkpt>
   <trkpt lat="-8.047201" lon="-34.909206">
    <ele>12.3</ele>
    <time>2021-09-15T23:28:55.000Z</time>
   </trkpt>
   <trkpt lat="-8.047227" lon="-34.9092">
    <ele>12.2</ele>
    <time>2021-09-15T23:28:56.000Z</time>
   </trkpt>
   <trkpt lat="-8.047275" lon="-34.909186">
    <ele>12.1</ele>
    <time>2021-09-15T23:28:58.000Z</time>
   </trkpt>
   <trkpt lat="-8.04732" lon="-34.909181">
    <ele>12</ele>
    <time>2021-09-15T23:29:00.000Z</time>
   </trkpt>
   <trkpt lat="-8.047364" lon="-34.909167">
    <ele>11.8</ele>
    <time>2021-09-15T23:29:01.000Z</time>
   </trkpt>
   <trkpt lat="-8.047409" lon="-34.909145">
    <ele>11.7</ele>
    <time>2021-09-15T23:29:04.000Z</time>
   </trkpt>
   <trkpt lat="-8.047426" lon="-34.909139">
    <ele>11.7</ele>
    <time>2021-09-15T23:29:05.000Z</time>
   </trkpt>
   <trkpt lat="-8.047469" lon="-34.909135">
    <ele>11.6</ele>
    <time>2021-09-15T23:29:06.000Z</time>
   </trkpt>
   <trkpt lat="-8.047479" lon="-34.909125">
    <ele>11.5</ele>
    <time>2021-09-15T23:29:09.000Z</time>
   </trkpt>
   <trkpt lat="-8.047593" lon="-34.909092">
    <ele>11.3</ele>
    <time>2021-09-15T23:29:38.000Z</time>
   </trkpt>
   <trkpt lat="-8.047641" lon="-34.909062">
    <ele>11.2</ele>
    <time>2021-09-15T23:29:40.000Z</time>
   </trkpt>
   <trkpt lat="-8.04771" lon="-34.909003">
    <ele>11.1</ele>
    <time>2021-09-15T23:29:42.000Z</time>
   </trkpt>
   <trkpt lat="-8.047735" lon="-34.908985">
    <ele>11.1</ele>
    <time>2021-09-15T23:29:43.000Z</time>
   </trkpt>
   <trkpt lat="-8.047763" lon="-34.908969">
    <ele>11.1</ele>
    <time>2021-09-15T23:29:45.000Z</time>
   </trkpt>
   <trkpt lat="-8.04779" lon="-34.908952">
    <ele>11</ele>
    <time>2021-09-15T23:29:46.000Z</time>
   </trkpt>
   <trkpt lat="-8.047823" lon="-34.90894">
    <ele>11</ele>
    <time>2021-09-15T23:29:47.000Z</time>
   </trkpt>
   <trkpt lat="-8.047848" lon="-34.908926">
    <ele>11</ele>
    <time>2021-09-15T23:29:48.000Z</time>
   </trkpt>
   <trkpt lat="-8.047877" lon="-34.908914">
    <ele>10.9</ele>
    <time>2021-09-15T23:29:49.000Z</time>
   </trkpt>
   <trkpt lat="-8.047936" lon="-34.908891">
    <ele>10.9</ele>
    <time>2021-09-15T23:29:51.000Z</time>
   </trkpt>
   <trkpt lat="-8.047972" lon="-34.908884">
    <ele>10.9</ele>
    <time>2021-09-15T23:29:52.000Z</time>
   </trkpt>
   <trkpt lat="-8.048004" lon="-34.908872">
    <ele>10.9</ele>
    <time>2021-09-15T23:29:53.000Z</time>
   </trkpt>
   <trkpt lat="-8.048035" lon="-34.908861">
    <ele>10.8</ele>
    <time>2021-09-15T23:29:54.000Z</time>
   </trkpt>
   <trkpt lat="-8.048066" lon="-34.908848">
    <ele>10.8</ele>
    <time>2021-09-15T23:29:55.000Z</time>
   </trkpt>
   <trkpt lat="-8.04813" lon="-34.908829">
    <ele>10.8</ele>
    <time>2021-09-15T23:29:57.000Z</time>
   </trkpt>
   <trkpt lat="-8.048164" lon="-34.908822">
    <ele>10.8</ele>
    <time>2021-09-15T23:29:58.000Z</time>
   </trkpt>
   <trkpt lat="-8.048203" lon="-34.908819">
    <ele>10.8</ele>
    <time>2021-09-15T23:29:59.000Z</time>
   </trkpt>
   <trkpt lat="-8.048282" lon="-34.908831">
    <ele>10.8</ele>
    <time>2021-09-15T23:30:00.000Z</time>
   </trkpt>
   <trkpt lat="-8.048319" lon="-34.90883">
    <ele>10.8</ele>
    <time>2021-09-15T23:30:01.000Z</time>
   </trkpt>
   <trkpt lat="-8.048352" lon="-34.908831">
    <ele>10.8</ele>
    <time>2021-09-15T23:30:03.000Z</time>
   </trkpt>
   <trkpt lat="-8.048427" lon="-34.908825">
    <ele>10.7</ele>
    <time>2021-09-15T23:30:05.000Z</time>
   </trkpt>
   <trkpt lat="-8.048474" lon="-34.908825">
    <ele>10.7</ele>
    <time>2021-09-15T23:30:06.000Z</time>
   </trkpt>
   <trkpt lat="-8.048509" lon="-34.908825">
    <ele>10.7</ele>
    <time>2021-09-15T23:30:07.000Z</time>
   </trkpt>
   <trkpt lat="-8.048543" lon="-34.90882">
    <ele>10.7</ele>
    <time>2021-09-15T23:30:08.000Z</time>
   </trkpt>
   <trkpt lat="-8.048576" lon="-34.908815">
    <ele>10.7</ele>
    <time>2021-09-15T23:30:09.000Z</time>
   </trkpt>
   <trkpt lat="-8.048649" lon="-34.908781">
    <ele>10.7</ele>
    <time>2021-09-15T23:30:10.000Z</time>
   </trkpt>
   <trkpt lat="-8.048711" lon="-34.908761">
    <ele>10.7</ele>
    <time>2021-09-15T23:30:11.000Z</time>
   </trkpt>
   <trkpt lat="-8.048761" lon="-34.908738">
    <ele>10.7</ele>
    <time>2021-09-15T23:30:12.000Z</time>
   </trkpt>
   <trkpt lat="-8.048811" lon="-34.908719">
    <ele>10.7</ele>
    <time>2021-09-15T23:30:13.000Z</time>
   </trkpt>
   <trkpt lat="-8.048853" lon="-34.908706">
    <ele>10.6</ele>
    <time>2021-09-15T23:30:14.000Z</time>
   </trkpt>
   <trkpt lat="-8.048883" lon="-34.908696">
    <ele>10.6</ele>
    <time>2021-09-15T23:30:16.000Z</time>
   </trkpt>
   <trkpt lat="-8.048969" lon="-34.908673">
    <ele>10.6</ele>
    <time>2021-09-15T23:30:17.000Z</time>
   </trkpt>
   <trkpt lat="-8.049011" lon="-34.908662">
    <ele>10.6</ele>
    <time>2021-09-15T23:30:19.000Z</time>
   </trkpt>
   <trkpt lat="-8.049059" lon="-34.908648">
    <ele>10.6</ele>
    <time>2021-09-15T23:30:20.000Z</time>
   </trkpt>
   <trkpt lat="-8.049117" lon="-34.908619">
    <ele>10.6</ele>
    <time>2021-09-15T23:30:21.000Z</time>
   </trkpt>
   <trkpt lat="-8.049178" lon="-34.908588">
    <ele>10.6</ele>
    <time>2021-09-15T23:30:22.000Z</time>
   </trkpt>
   <trkpt lat="-8.049235" lon="-34.908566">
    <ele>10.6</ele>
    <time>2021-09-15T23:30:23.000Z</time>
   </trkpt>
   <trkpt lat="-8.049299" lon="-34.908549">
    <ele>10.6</ele>
    <time>2021-09-15T23:30:24.000Z</time>
   </trkpt>
   <trkpt lat="-8.049342" lon="-34.908531">
    <ele>10.6</ele>
    <time>2021-09-15T23:30:25.000Z</time>
   </trkpt>
   <trkpt lat="-8.049392" lon="-34.908508">
    <ele>10.6</ele>
    <time>2021-09-15T23:30:26.000Z</time>
   </trkpt>
   <trkpt lat="-8.049474" lon="-34.908466">
    <ele>10.6</ele>
    <time>2021-09-15T23:30:28.000Z</time>
   </trkpt>
   <trkpt lat="-8.049519" lon="-34.908448">
    <ele>10.6</ele>
    <time>2021-09-15T23:30:29.000Z</time>
   </trkpt>
   <trkpt lat="-8.049613" lon="-34.908422">
    <ele>10.6</ele>
    <time>2021-09-15T23:30:30.000Z</time>
   </trkpt>
   <trkpt lat="-8.049655" lon="-34.90841">
    <ele>10.6</ele>
    <time>2021-09-15T23:30:31.000Z</time>
   </trkpt>
   <trkpt lat="-8.049689" lon="-34.908396">
    <ele>10.6</ele>
    <time>2021-09-15T23:30:32.000Z</time>
   </trkpt>
   <trkpt lat="-8.049728" lon="-34.908379">
    <ele>10.6</ele>
    <time>2021-09-15T23:30:33.000Z</time>
   </trkpt>
   <trkpt lat="-8.049764" lon="-34.908364">
    <ele>10.6</ele>
    <time>2021-09-15T23:30:34.000Z</time>
   </trkpt>
   <trkpt lat="-8.049809" lon="-34.908344">
    <ele>10.6</ele>
    <time>2021-09-15T23:30:36.000Z</time>
   </trkpt>
   <trkpt lat="-8.049902" lon="-34.908314">
    <ele>10.6</ele>
    <time>2021-09-15T23:30:37.000Z</time>
   </trkpt>
   <trkpt lat="-8.049944" lon="-34.908293">
    <ele>10.6</ele>
    <time>2021-09-15T23:30:39.000Z</time>
   </trkpt>
   <trkpt lat="-8.049979" lon="-34.908271">
    <ele>10.6</ele>
    <time>2021-09-15T23:30:40.000Z</time>
   </trkpt>
   <trkpt lat="-8.050064" lon="-34.908231">
    <ele>10.6</ele>
    <time>2021-09-15T23:30:41.000Z</time>
   </trkpt>
   <trkpt lat="-8.050107" lon="-34.90821">
    <ele>10.6</ele>
    <time>2021-09-15T23:30:43.000Z</time>
   </trkpt>
   <trkpt lat="-8.050149" lon="-34.90819">
    <ele>10.6</ele>
    <time>2021-09-15T23:30:44.000Z</time>
   </trkpt>
   <trkpt lat="-8.05018" lon="-34.908177">
    <ele>10.6</ele>
    <time>2021-09-15T23:30:45.000Z</time>
   </trkpt>
   <trkpt lat="-8.050267" lon="-34.90816">
    <ele>10.6</ele>
    <time>2021-09-15T23:30:47.000Z</time>
   </trkpt>
   <trkpt lat="-8.050325" lon="-34.908162">
    <ele>10.5</ele>
    <time>2021-09-15T23:30:48.000Z</time>
   </trkpt>
   <trkpt lat="-8.050372" lon="-34.90816">
    <ele>10.5</ele>
    <time>2021-09-15T23:30:49.000Z</time>
   </trkpt>
   <trkpt lat="-8.050472" lon="-34.908157">
    <ele>10.5</ele>
    <time>2021-09-15T23:30:51.000Z</time>
   </trkpt>
   <trkpt lat="-8.050563" lon="-34.908163">
    <ele>10.5</ele>
    <time>2021-09-15T23:30:53.000Z</time>
   </trkpt>
   <trkpt lat="-8.05061" lon="-34.908167">
    <ele>10.6</ele>
    <time>2021-09-15T23:30:54.000Z</time>
   </trkpt>
   <trkpt lat="-8.050675" lon="-34.908188">
    <ele>10.6</ele>
    <time>2021-09-15T23:30:55.000Z</time>
   </trkpt>
   <trkpt lat="-8.050709" lon="-34.908187">
    <ele>10.6</ele>
    <time>2021-09-15T23:30:56.000Z</time>
   </trkpt>
   <trkpt lat="-8.050747" lon="-34.908191">
    <ele>10.6</ele>
    <time>2021-09-15T23:30:58.000Z</time>
   </trkpt>
   <trkpt lat="-8.050791" lon="-34.908186">
    <ele>10.6</ele>
    <time>2021-09-15T23:30:59.000Z</time>
   </trkpt>
   <trkpt lat="-8.050889" lon="-34.90818">
    <ele>10.6</ele>
    <time>2021-09-15T23:31:01.000Z</time>
   </trkpt>
   <trkpt lat="-8.050942" lon="-34.908177">
    <ele>10.6</ele>
    <time>2021-09-15T23:31:02.000Z</time>
   </trkpt>
   <trkpt lat="-8.051033" lon="-34.908192">
    <ele>10.6</ele>
    <time>2021-09-15T23:31:04.000Z</time>
   </trkpt>
   <trkpt lat="-8.051071" lon="-34.908205">
    <ele>10.6</ele>
    <time>2021-09-15T23:31:05.000Z</time>
   </trkpt>
   <trkpt lat="-8.051181" lon="-34.90822">
    <ele>10.7</ele>
    <time>2021-09-15T23:31:07.000Z</time>
   </trkpt>
   <trkpt lat="-8.051225" lon="-34.908224">
    <ele>10.7</ele>
    <time>2021-09-15T23:31:08.000Z</time>
   </trkpt>
   <trkpt lat="-8.051309" lon="-34.908236">
    <ele>10.7</ele>
    <time>2021-09-15T23:31:10.000Z</time>
   </trkpt>
   <trkpt lat="-8.051394" lon="-34.908229">
    <ele>10.7</ele>
    <time>2021-09-15T23:31:12.000Z</time>
   </trkpt>
   <trkpt lat="-8.051442" lon="-34.908231">
    <ele>10.7</ele>
    <time>2021-09-15T23:31:13.000Z</time>
   </trkpt>
   <trkpt lat="-8.051521" lon="-34.908248">
    <ele>10.7</ele>
    <time>2021-09-15T23:31:15.000Z</time>
   </trkpt>
   <trkpt lat="-8.051558" lon="-34.908253">
    <ele>10.7</ele>
    <time>2021-09-15T23:31:16.000Z</time>
   </trkpt>
   <trkpt lat="-8.051598" lon="-34.90826">
    <ele>10.7</ele>
    <time>2021-09-15T23:31:17.000Z</time>
   </trkpt>
   <trkpt lat="-8.051638" lon="-34.90827">
    <ele>10.7</ele>
    <time>2021-09-15T23:31:18.000Z</time>
   </trkpt>
   <trkpt lat="-8.051724" lon="-34.908287">
    <ele>10.7</ele>
    <time>2021-09-15T23:31:19.000Z</time>
   </trkpt>
   <trkpt lat="-8.051765" lon="-34.908295">
    <ele>10.7</ele>
    <time>2021-09-15T23:31:20.000Z</time>
   </trkpt>
   <trkpt lat="-8.051806" lon="-34.908301">
    <ele>10.7</ele>
    <time>2021-09-15T23:31:22.000Z</time>
   </trkpt>
   <trkpt lat="-8.05185" lon="-34.908309">
    <ele>10.7</ele>
    <time>2021-09-15T23:31:23.000Z</time>
   </trkpt>
   <trkpt lat="-8.051892" lon="-34.90831">
    <ele>10.7</ele>
    <time>2021-09-15T23:31:24.000Z</time>
   </trkpt>
   <trkpt lat="-8.051947" lon="-34.908317">
    <ele>10.7</ele>
    <time>2021-09-15T23:31:25.000Z</time>
   </trkpt>
   <trkpt lat="-8.051987" lon="-34.908326">
    <ele>10.8</ele>
    <time>2021-09-15T23:31:26.000Z</time>
   </trkpt>
   <trkpt lat="-8.052028" lon="-34.908336">
    <ele>10.8</ele>
    <time>2021-09-15T23:31:27.000Z</time>
   </trkpt>
   <trkpt lat="-8.052072" lon="-34.908339">
    <ele>10.8</ele>
    <time>2021-09-15T23:31:28.000Z</time>
   </trkpt>
   <trkpt lat="-8.05216" lon="-34.908343">
    <ele>10.8</ele>
    <time>2021-09-15T23:31:30.000Z</time>
   </trkpt>
   <trkpt lat="-8.052209" lon="-34.908348">
    <ele>10.8</ele>
    <time>2021-09-15T23:31:31.000Z</time>
   </trkpt>
   <trkpt lat="-8.052252" lon="-34.908361">
    <ele>10.8</ele>
    <time>2021-09-15T23:31:32.000Z</time>
   </trkpt>
   <trkpt lat="-8.052295" lon="-34.908373">
    <ele>10.8</ele>
    <time>2021-09-15T23:31:33.000Z</time>
   </trkpt>
   <trkpt lat="-8.05239" lon="-34.908383">
    <ele>10.8</ele>
    <time>2021-09-15T23:31:35.000Z</time>
   </trkpt>
   <trkpt lat="-8.052432" lon="-34.908393">
    <ele>10.7</ele>
    <time>2021-09-15T23:31:36.000Z</time>
   </trkpt>
   <trkpt lat="-8.05253" lon="-34.908414">
    <ele>10.7</ele>
    <time>2021-09-15T23:31:38.000Z</time>
   </trkpt>
   <trkpt lat="-8.052617" lon="-34.908429">
    <ele>10.7</ele>
    <time>2021-09-15T23:31:40.000Z</time>
   </trkpt>
   <trkpt lat="-8.05266" lon="-34.908431">
    <ele>10.7</ele>
    <time>2021-09-15T23:31:41.000Z</time>
   </trkpt>
   <trkpt lat="-8.052741" lon="-34.908448">
    <ele>10.7</ele>
    <time>2021-09-15T23:31:43.000Z</time>
   </trkpt>
   <trkpt lat="-8.052833" lon="-34.908471">
    <ele>10.7</ele>
    <time>2021-09-15T23:31:45.000Z</time>
   </trkpt>
   <trkpt lat="-8.052922" lon="-34.908501">
    <ele>10.7</ele>
    <time>2021-09-15T23:31:47.000Z</time>
   </trkpt>
   <trkpt lat="-8.052964" lon="-34.908503">
    <ele>10.7</ele>
    <time>2021-09-15T23:31:48.000Z</time>
   </trkpt>
   <trkpt lat="-8.053038" lon="-34.90852">
    <ele>10.8</ele>
    <time>2021-09-15T23:31:49.000Z</time>
   </trkpt>
   <trkpt lat="-8.05308" lon="-34.908538">
    <ele>10.8</ele>
    <time>2021-09-15T23:31:51.000Z</time>
   </trkpt>
   <trkpt lat="-8.053151" lon="-34.908558">
    <ele>10.8</ele>
    <time>2021-09-15T23:31:53.000Z</time>
   </trkpt>
   <trkpt lat="-8.053205" lon="-34.908573">
    <ele>10.8</ele>
    <time>2021-09-15T23:31:55.000Z</time>
   </trkpt>
   <trkpt lat="-8.053235" lon="-34.908579">
    <ele>10.8</ele>
    <time>2021-09-15T23:31:56.000Z</time>
   </trkpt>
   <trkpt lat="-8.053262" lon="-34.908583">
    <ele>10.8</ele>
    <time>2021-09-15T23:31:57.000Z</time>
   </trkpt>
   <trkpt lat="-8.053304" lon="-34.908589">
    <ele>10.8</ele>
    <time>2021-09-15T23:31:59.000Z</time>
   </trkpt>
   <trkpt lat="-8.053331" lon="-34.908583">
    <ele>10.7</ele>
    <time>2021-09-15T23:32:01.000Z</time>
   </trkpt>
   <trkpt lat="-8.053373" lon="-34.908579">
    <ele>10.7</ele>
    <time>2021-09-15T23:32:04.000Z</time>
   </trkpt>
   <trkpt lat="-8.053565" lon="-34.908637">
    <ele>10.5</ele>
    <time>2021-09-15T23:33:16.000Z</time>
   </trkpt>
   <trkpt lat="-8.05359" lon="-34.908649">
    <ele>10.5</ele>
    <time>2021-09-15T23:33:17.000Z</time>
   </trkpt>
   <trkpt lat="-8.053611" lon="-34.908658">
    <ele>10.5</ele>
    <time>2021-09-15T23:33:18.000Z</time>
   </trkpt>
   <trkpt lat="-8.053674" lon="-34.908682">
    <ele>10.5</ele>
    <time>2021-09-15T23:33:19.000Z</time>
   </trkpt>
   <trkpt lat="-8.053707" lon="-34.908696">
    <ele>10.5</ele>
    <time>2021-09-15T23:33:21.000Z</time>
   </trkpt>
   <trkpt lat="-8.053736" lon="-34.9087">
    <ele>10.5</ele>
    <time>2021-09-15T23:33:22.000Z</time>
   </trkpt>
   <trkpt lat="-8.053765" lon="-34.908701">
    <ele>10.5</ele>
    <time>2021-09-15T23:33:23.000Z</time>
   </trkpt>
   <trkpt lat="-8.053812" lon="-34.908704">
    <ele>10.5</ele>
    <time>2021-09-15T23:33:25.000Z</time>
   </trkpt>
   <trkpt lat="-8.053853" lon="-34.908717">
    <ele>10.5</ele>
    <time>2021-09-15T23:33:26.000Z</time>
   </trkpt>
   <trkpt lat="-8.053908" lon="-34.908738">
    <ele>10.6</ele>
    <time>2021-09-15T23:33:29.000Z</time>
   </trkpt>
   <trkpt lat="-8.053972" lon="-34.90874">
    <ele>10.6</ele>
    <time>2021-09-15T23:33:31.000Z</time>
   </trkpt>
   <trkpt lat="-8.054007" lon="-34.908744">
    <ele>10.6</ele>
    <time>2021-09-15T23:33:32.000Z</time>
   </trkpt>
   <trkpt lat="-8.054046" lon="-34.90874">
    <ele>10.6</ele>
    <time>2021-09-15T23:33:33.000Z</time>
   </trkpt>
   <trkpt lat="-8.054081" lon="-34.908731">
    <ele>10.6</ele>
    <time>2021-09-15T23:33:34.000Z</time>
   </trkpt>
   <trkpt lat="-8.054172" lon="-34.908738">
    <ele>10.7</ele>
    <time>2021-09-15T23:33:36.000Z</time>
   </trkpt>
   <trkpt lat="-8.054267" lon="-34.908745">
    <ele>10.7</ele>
    <time>2021-09-15T23:33:38.000Z</time>
   </trkpt>
   <trkpt lat="-8.054311" lon="-34.908754">
    <ele>10.7</ele>
    <time>2021-09-15T23:33:39.000Z</time>
   </trkpt>
   <trkpt lat="-8.054351" lon="-34.90876">
    <ele>10.7</ele>
    <time>2021-09-15T23:33:40.000Z</time>
   </trkpt>
   <trkpt lat="-8.054399" lon="-34.908766">
    <ele>10.7</ele>
    <time>2021-09-15T23:33:41.000Z</time>
   </trkpt>
   <trkpt lat="-8.054494" lon="-34.908774">
    <ele>10.7</ele>
    <time>2021-09-15T23:33:42.000Z</time>
   </trkpt>
   <trkpt lat="-8.054532" lon="-34.908776">
    <ele>10.7</ele>
    <time>2021-09-15T23:33:43.000Z</time>
   </trkpt>
   <trkpt lat="-8.054568" lon="-34.908779">
    <ele>10.7</ele>
    <time>2021-09-15T23:33:44.000Z</time>
   </trkpt>
   <trkpt lat="-8.05461" lon="-34.908782">
    <ele>10.7</ele>
    <time>2021-09-15T23:33:46.000Z</time>
   </trkpt>
   <trkpt lat="-8.054698" lon="-34.908797">
    <ele>10.7</ele>
    <time>2021-09-15T23:33:48.000Z</time>
   </trkpt>
   <trkpt lat="-8.054787" lon="-34.908812">
    <ele>10.7</ele>
    <time>2021-09-15T23:33:50.000Z</time>
   </trkpt>
   <trkpt lat="-8.054831" lon="-34.908815">
    <ele>10.7</ele>
    <time>2021-09-15T23:33:51.000Z</time>
   </trkpt>
   <trkpt lat="-8.05487" lon="-34.90882">
    <ele>10.7</ele>
    <time>2021-09-15T23:33:52.000Z</time>
   </trkpt>
   <trkpt lat="-8.054945" lon="-34.908829">
    <ele>10.7</ele>
    <time>2021-09-15T23:33:54.000Z</time>
   </trkpt>
   <trkpt lat="-8.054989" lon="-34.908837">
    <ele>10.7</ele>
    <time>2021-09-15T23:33:55.000Z</time>
   </trkpt>
   <trkpt lat="-8.055023" lon="-34.908834">
    <ele>10.7</ele>
    <time>2021-09-15T23:33:56.000Z</time>
   </trkpt>
   <trkpt lat="-8.055088" lon="-34.908832">
    <ele>10.7</ele>
    <time>2021-09-15T23:33:57.000Z</time>
   </trkpt>
   <trkpt lat="-8.055121" lon="-34.908832">
    <ele>10.7</ele>
    <time>2021-09-15T23:33:58.000Z</time>
   </trkpt>
   <trkpt lat="-8.055199" lon="-34.908853">
    <ele>10.7</ele>
    <time>2021-09-15T23:34:00.000Z</time>
   </trkpt>
   <trkpt lat="-8.055239" lon="-34.908865">
    <ele>10.7</ele>
    <time>2021-09-15T23:34:01.000Z</time>
   </trkpt>
   <trkpt lat="-8.055278" lon="-34.908875">
    <ele>10.7</ele>
    <time>2021-09-15T23:34:03.000Z</time>
   </trkpt>
   <trkpt lat="-8.055351" lon="-34.908898">
    <ele>10.7</ele>
    <time>2021-09-15T23:34:05.000Z</time>
   </trkpt>
   <trkpt lat="-8.055395" lon="-34.908912">
    <ele>10.7</ele>
    <time>2021-09-15T23:34:06.000Z</time>
   </trkpt>
   <trkpt lat="-8.055447" lon="-34.908924">
    <ele>10.6</ele>
    <time>2021-09-15T23:34:07.000Z</time>
   </trkpt>
   <trkpt lat="-8.055492" lon="-34.90893">
    <ele>10.6</ele>
    <time>2021-09-15T23:34:08.000Z</time>
   </trkpt>
   <trkpt lat="-8.055537" lon="-34.908939">
    <ele>10.6</ele>
    <time>2021-09-15T23:34:09.000Z</time>
   </trkpt>
   <trkpt lat="-8.05563" lon="-34.908951">
    <ele>10.6</ele>
    <time>2021-09-15T23:34:11.000Z</time>
   </trkpt>
   <trkpt lat="-8.055729" lon="-34.908969">
    <ele>10.6</ele>
    <time>2021-09-15T23:34:13.000Z</time>
   </trkpt>
   <trkpt lat="-8.055775" lon="-34.90898">
    <ele>10.5</ele>
    <time>2021-09-15T23:34:14.000Z</time>
   </trkpt>
   <trkpt lat="-8.055828" lon="-34.908997">
    <ele>10.4</ele>
    <time>2021-09-15T23:34:15.000Z</time>
   </trkpt>
   <trkpt lat="-8.055884" lon="-34.909012">
    <ele>10.3</ele>
    <time>2021-09-15T23:34:16.000Z</time>
   </trkpt>
   <trkpt lat="-8.055991" lon="-34.909028">
    <ele>9.8</ele>
    <time>2021-09-15T23:34:18.000Z</time>
   </trkpt>
   <trkpt lat="-8.056041" lon="-34.909036">
    <ele>9.5</ele>
    <time>2021-09-15T23:34:19.000Z</time>
   </trkpt>
   <trkpt lat="-8.056148" lon="-34.909046">
    <ele>8.7</ele>
    <time>2021-09-15T23:34:20.000Z</time>
   </trkpt>
   <trkpt lat="-8.056213" lon="-34.909059">
    <ele>8</ele>
    <time>2021-09-15T23:34:21.000Z</time>
   </trkpt>
   <trkpt lat="-8.05628" lon="-34.909069">
    <ele>7.3</ele>
    <time>2021-09-15T23:34:23.000Z</time>
   </trkpt>
   <trkpt lat="-8.056346" lon="-34.909071">
    <ele>6.6</ele>
    <time>2021-09-15T23:34:24.000Z</time>
   </trkpt>
   <trkpt lat="-8.056411" lon="-34.909073">
    <ele>5.8</ele>
    <time>2021-09-15T23:34:25.000Z</time>
   </trkpt>
   <trkpt lat="-8.057047" lon="-34.909115">
    <ele>0.7</ele>
    <time>2021-09-15T23:34:34.000Z</time>
   </trkpt>
   <trkpt lat="-8.057294" lon="-34.909253">
    <ele>0.6</ele>
    <time>2021-09-15T23:34:37.000Z</time>
   </trkpt>
   <trkpt lat="-8.057479" lon="-34.909347">
    <ele>1.5</ele>
    <time>2021-09-15T23:34:38.000Z</time>
   </trkpt>
   <trkpt lat="-8.057585" lon="-34.909402">
    <ele>2.3</ele>
    <time>2021-09-15T23:34:39.000Z</time>
   </trkpt>
   <trkpt lat="-8.057657" lon="-34.909428">
    <ele>2.9</ele>
    <time>2021-09-15T23:34:40.000Z</time>
   </trkpt>
   <trkpt lat="-8.057711" lon="-34.909444">
    <ele>3.3</ele>
    <time>2021-09-15T23:34:42.000Z</time>
   </trkpt>
   <trkpt lat="-8.057761" lon="-34.909456">
    <ele>3.8</ele>
    <time>2021-09-15T23:34:43.000Z</time>
   </trkpt>
   <trkpt lat="-8.057835" lon="-34.909467">
    <ele>4.4</ele>
    <time>2021-09-15T23:34:44.000Z</time>
   </trkpt>
   <trkpt lat="-8.057896" lon="-34.90947">
    <ele>5</ele>
    <time>2021-09-15T23:34:45.000Z</time>
   </trkpt>
   <trkpt lat="-8.058022" lon="-34.909487">
    <ele>6.1</ele>
    <time>2021-09-15T23:34:47.000Z</time>
   </trkpt>
   <trkpt lat="-8.058086" lon="-34.909499">
    <ele>6.6</ele>
    <time>2021-09-15T23:34:48.000Z</time>
   </trkpt>
   <trkpt lat="-8.058202" lon="-34.909519">
    <ele>7.4</ele>
    <time>2021-09-15T23:34:49.000Z</time>
   </trkpt>
   <trkpt lat="-8.058242" lon="-34.909523">
    <ele>7.6</ele>
    <time>2021-09-15T23:34:51.000Z</time>
   </trkpt>
   <trkpt lat="-8.058294" lon="-34.90953">
    <ele>7.8</ele>
    <time>2021-09-15T23:34:52.000Z</time>
   </trkpt>
   <trkpt lat="-8.058386" lon="-34.909545">
    <ele>8</ele>
    <time>2021-09-15T23:34:54.000Z</time>
   </trkpt>
   <trkpt lat="-8.058492" lon="-34.909568">
    <ele>8.1</ele>
    <time>2021-09-15T23:34:56.000Z</time>
   </trkpt>
   <trkpt lat="-8.058548" lon="-34.909581">
    <ele>8.2</ele>
    <time>2021-09-15T23:34:57.000Z</time>
   </trkpt>
   <trkpt lat="-8.058661" lon="-34.909604">
    <ele>8.2</ele>
    <time>2021-09-15T23:34:58.000Z</time>
   </trkpt>
   <trkpt lat="-8.058704" lon="-34.909611">
    <ele>8.2</ele>
    <time>2021-09-15T23:35:00.000Z</time>
   </trkpt>
   <trkpt lat="-8.058753" lon="-34.909618">
    <ele>8.2</ele>
    <time>2021-09-15T23:35:01.000Z</time>
   </trkpt>
   <trkpt lat="-8.058841" lon="-34.909627">
    <ele>8.3</ele>
    <time>2021-09-15T23:35:03.000Z</time>
   </trkpt>
   <trkpt lat="-8.058883" lon="-34.909631">
    <ele>8.3</ele>
    <time>2021-09-15T23:35:04.000Z</time>
   </trkpt>
   <trkpt lat="-8.058926" lon="-34.909635">
    <ele>8.3</ele>
    <time>2021-09-15T23:35:05.000Z</time>
   </trkpt>
   <trkpt lat="-8.058968" lon="-34.90964">
    <ele>8.2</ele>
    <time>2021-09-15T23:35:06.000Z</time>
   </trkpt>
   <trkpt lat="-8.059007" lon="-34.909645">
    <ele>8.2</ele>
    <time>2021-09-15T23:35:07.000Z</time>
   </trkpt>
   <trkpt lat="-8.059056" lon="-34.909649">
    <ele>8.2</ele>
    <time>2021-09-15T23:35:08.000Z</time>
   </trkpt>
   <trkpt lat="-8.059136" lon="-34.90966">
    <ele>8.2</ele>
    <time>2021-09-15T23:35:10.000Z</time>
   </trkpt>
   <trkpt lat="-8.059177" lon="-34.90967">
    <ele>8.2</ele>
    <time>2021-09-15T23:35:11.000Z</time>
   </trkpt>
   <trkpt lat="-8.059262" lon="-34.909687">
    <ele>8.3</ele>
    <time>2021-09-15T23:35:13.000Z</time>
   </trkpt>
   <trkpt lat="-8.059307" lon="-34.909691">
    <ele>8.3</ele>
    <time>2021-09-15T23:35:14.000Z</time>
   </trkpt>
   <trkpt lat="-8.059394" lon="-34.909689">
    <ele>8.3</ele>
    <time>2021-09-15T23:35:16.000Z</time>
   </trkpt>
   <trkpt lat="-8.059442" lon="-34.909695">
    <ele>8.3</ele>
    <time>2021-09-15T23:35:17.000Z</time>
   </trkpt>
   <trkpt lat="-8.059491" lon="-34.909709">
    <ele>8.3</ele>
    <time>2021-09-15T23:35:18.000Z</time>
   </trkpt>
   <trkpt lat="-8.059605" lon="-34.909725">
    <ele>8.4</ele>
    <time>2021-09-15T23:35:20.000Z</time>
   </trkpt>
   <trkpt lat="-8.059718" lon="-34.909743">
    <ele>8.4</ele>
    <time>2021-09-15T23:35:22.000Z</time>
   </trkpt>
   <trkpt lat="-8.059767" lon="-34.909751">
    <ele>8.3</ele>
    <time>2021-09-15T23:35:23.000Z</time>
   </trkpt>
   <trkpt lat="-8.059803" lon="-34.909762">
    <ele>8.3</ele>
    <time>2021-09-15T23:35:24.000Z</time>
   </trkpt>
   <trkpt lat="-8.059879" lon="-34.90978">
    <ele>8.3</ele>
    <time>2021-09-15T23:35:26.000Z</time>
   </trkpt>
   <trkpt lat="-8.059948" lon="-34.909795">
    <ele>8.2</ele>
    <time>2021-09-15T23:35:28.000Z</time>
   </trkpt>
   <trkpt lat="-8.059988" lon="-34.909802">
    <ele>8.2</ele>
    <time>2021-09-15T23:35:29.000Z</time>
   </trkpt>
   <trkpt lat="-8.060074" lon="-34.909819">
    <ele>8.2</ele>
    <time>2021-09-15T23:35:30.000Z</time>
   </trkpt>
   <trkpt lat="-8.060117" lon="-34.909815">
    <ele>8.1</ele>
    <time>2021-09-15T23:35:32.000Z</time>
   </trkpt>
   <trkpt lat="-8.060168" lon="-34.909819">
    <ele>8.1</ele>
    <time>2021-09-15T23:35:33.000Z</time>
   </trkpt>
   <trkpt lat="-8.06025" lon="-34.909817">
    <ele>8.1</ele>
    <time>2021-09-15T23:35:35.000Z</time>
   </trkpt>
   <trkpt lat="-8.06034" lon="-34.909813">
    <ele>8</ele>
    <time>2021-09-15T23:35:37.000Z</time>
   </trkpt>
   <trkpt lat="-8.060377" lon="-34.909812">
    <ele>8</ele>
    <time>2021-09-15T23:35:38.000Z</time>
   </trkpt>
   <trkpt lat="-8.060429" lon="-34.909818">
    <ele>8</ele>
    <time>2021-09-15T23:35:39.000Z</time>
   </trkpt>
   <trkpt lat="-8.060463" lon="-34.90982">
    <ele>8</ele>
    <time>2021-09-15T23:35:40.000Z</time>
   </trkpt>
   <trkpt lat="-8.06049" lon="-34.909824">
    <ele>8</ele>
    <time>2021-09-15T23:35:41.000Z</time>
   </trkpt>
   <trkpt lat="-8.060574" lon="-34.90984">
    <ele>7.9</ele>
    <time>2021-09-15T23:35:43.000Z</time>
   </trkpt>
   <trkpt lat="-8.060612" lon="-34.909839">
    <ele>7.9</ele>
    <time>2021-09-15T23:35:44.000Z</time>
   </trkpt>
   <trkpt lat="-8.06067" lon="-34.90983">
    <ele>7.8</ele>
    <time>2021-09-15T23:35:45.000Z</time>
   </trkpt>
   <trkpt lat="-8.060736" lon="-34.909829">
    <ele>7.8</ele>
    <time>2021-09-15T23:35:46.000Z</time>
   </trkpt>
   <trkpt lat="-8.060824" lon="-34.909833">
    <ele>7.8</ele>
    <time>2021-09-15T23:35:47.000Z</time>
   </trkpt>
   <trkpt lat="-8.060875" lon="-34.909831">
    <ele>7.9</ele>
    <time>2021-09-15T23:35:49.000Z</time>
   </trkpt>
   <trkpt lat="-8.060952" lon="-34.909812">
    <ele>8</ele>
    <time>2021-09-15T23:35:51.000Z</time>
   </trkpt>
   <trkpt lat="-8.061004" lon="-34.909806">
    <ele>8</ele>
    <time>2021-09-15T23:35:52.000Z</time>
   </trkpt>
   <trkpt lat="-8.061087" lon="-34.909788">
    <ele>8.1</ele>
    <time>2021-09-15T23:35:54.000Z</time>
   </trkpt>
   <trkpt lat="-8.061117" lon="-34.909787">
    <ele>8.1</ele>
    <time>2021-09-15T23:35:55.000Z</time>
   </trkpt>
   <trkpt lat="-8.061194" lon="-34.909783">
    <ele>8.1</ele>
    <time>2021-09-15T23:35:56.000Z</time>
   </trkpt>
   <trkpt lat="-8.061234" lon="-34.909779">
    <ele>8.2</ele>
    <time>2021-09-15T23:35:57.000Z</time>
   </trkpt>
   <trkpt lat="-8.061268" lon="-34.909776">
    <ele>8.2</ele>
    <time>2021-09-15T23:35:58.000Z</time>
   </trkpt>
   <trkpt lat="-8.061306" lon="-34.909766">
    <ele>8.2</ele>
    <time>2021-09-15T23:35:59.000Z</time>
   </trkpt>
   <trkpt lat="-8.061352" lon="-34.909759">
    <ele>8.3</ele>
    <time>2021-09-15T23:36:00.000Z</time>
   </trkpt>
   <trkpt lat="-8.061382" lon="-34.909759">
    <ele>8.3</ele>
    <time>2021-09-15T23:36:01.000Z</time>
   </trkpt>
   <trkpt lat="-8.061415" lon="-34.909759">
    <ele>8.3</ele>
    <time>2021-09-15T23:36:02.000Z</time>
   </trkpt>
   <trkpt lat="-8.061452" lon="-34.909757">
    <ele>8.4</ele>
    <time>2021-09-15T23:36:03.000Z</time>
   </trkpt>
   <trkpt lat="-8.061493" lon="-34.909753">
    <ele>8.4</ele>
    <time>2021-09-15T23:36:05.000Z</time>
   </trkpt>
   <trkpt lat="-8.061537" lon="-34.909753">
    <ele>8.5</ele>
    <time>2021-09-15T23:36:06.000Z</time>
   </trkpt>
   <trkpt lat="-8.061569" lon="-34.909751">
    <ele>8.5</ele>
    <time>2021-09-15T23:36:07.000Z</time>
   </trkpt>
   <trkpt lat="-8.061595" lon="-34.909748">
    <ele>8.6</ele>
    <time>2021-09-15T23:36:08.000Z</time>
   </trkpt>
   <trkpt lat="-8.061654" lon="-34.909742">
    <ele>8.7</ele>
    <time>2021-09-15T23:36:10.000Z</time>
   </trkpt>
   <trkpt lat="-8.061684" lon="-34.909741">
    <ele>8.7</ele>
    <time>2021-09-15T23:36:11.000Z</time>
   </trkpt>
   <trkpt lat="-8.061708" lon="-34.909733">
    <ele>8.8</ele>
    <time>2021-09-15T23:36:12.000Z</time>
   </trkpt>
   <trkpt lat="-8.061788" lon="-34.909684">
    <ele>9</ele>
    <time>2021-09-15T23:36:15.000Z</time>
   </trkpt>
   <trkpt lat="-8.061832" lon="-34.909675">
    <ele>9.1</ele>
    <time>2021-09-15T23:36:16.000Z</time>
   </trkpt>
   <trkpt lat="-8.061859" lon="-34.909671">
    <ele>9.1</ele>
    <time>2021-09-15T23:36:19.000Z</time>
   </trkpt>
   <trkpt lat="-8.061891" lon="-34.909667">
    <ele>9.2</ele>
    <time>2021-09-15T23:36:21.000Z</time>
   </trkpt>
   <trkpt lat="-8.061927" lon="-34.909657">
    <ele>9.2</ele>
    <time>2021-09-15T23:36:25.000Z</time>
   </trkpt>
   <trkpt lat="-8.062064" lon="-34.909602">
    <ele>9.3</ele>
    <time>2021-09-15T23:37:04.000Z</time>
   </trkpt>
   <trkpt lat="-8.062109" lon="-34.90959">
    <ele>9.3</ele>
    <time>2021-09-15T23:37:05.000Z</time>
   </trkpt>
   <trkpt lat="-8.062181" lon="-34.909563">
    <ele>9.3</ele>
    <time>2021-09-15T23:37:07.000Z</time>
   </trkpt>
   <trkpt lat="-8.062223" lon="-34.909557">
    <ele>9.2</ele>
    <time>2021-09-15T23:37:08.000Z</time>
   </trkpt>
   <trkpt lat="-8.062282" lon="-34.90955">
    <ele>9.2</ele>
    <time>2021-09-15T23:37:09.000Z</time>
   </trkpt>
   <trkpt lat="-8.062326" lon="-34.909537">
    <ele>9.1</ele>
    <time>2021-09-15T23:37:10.000Z</time>
   </trkpt>
   <trkpt lat="-8.062345" lon="-34.909531">
    <ele>9.1</ele>
    <time>2021-09-15T23:37:11.000Z</time>
   </trkpt>
   <trkpt lat="-8.062442" lon="-34.909516">
    <ele>9</ele>
    <time>2021-09-15T23:37:14.000Z</time>
   </trkpt>
   <trkpt lat="-8.062527" lon="-34.909508">
    <ele>8.9</ele>
    <time>2021-09-15T23:37:16.000Z</time>
   </trkpt>
   <trkpt lat="-8.062612" lon="-34.909494">
    <ele>8.8</ele>
    <time>2021-09-15T23:37:17.000Z</time>
   </trkpt>
   <trkpt lat="-8.062663" lon="-34.909481">
    <ele>8.8</ele>
    <time>2021-09-15T23:37:19.000Z</time>
   </trkpt>
   <trkpt lat="-8.062709" lon="-34.909472">
    <ele>8.7</ele>
    <time>2021-09-15T23:37:20.000Z</time>
   </trkpt>
   <trkpt lat="-8.062752" lon="-34.909464">
    <ele>8.7</ele>
    <time>2021-09-15T23:37:21.000Z</time>
   </trkpt>
   <trkpt lat="-8.062801" lon="-34.909458">
    <ele>8.7</ele>
    <time>2021-09-15T23:37:22.000Z</time>
   </trkpt>
   <trkpt lat="-8.062878" lon="-34.909448">
    <ele>8.6</ele>
    <time>2021-09-15T23:37:23.000Z</time>
   </trkpt>
   <trkpt lat="-8.062917" lon="-34.909444">
    <ele>8.6</ele>
    <time>2021-09-15T23:37:25.000Z</time>
   </trkpt>
   <trkpt lat="-8.062949" lon="-34.909435">
    <ele>8.6</ele>
    <time>2021-09-15T23:37:26.000Z</time>
   </trkpt>
   <trkpt lat="-8.062982" lon="-34.909421">
    <ele>8.6</ele>
    <time>2021-09-15T23:37:27.000Z</time>
   </trkpt>
   <trkpt lat="-8.063014" lon="-34.909407">
    <ele>8.5</ele>
    <time>2021-09-15T23:37:28.000Z</time>
   </trkpt>
   <trkpt lat="-8.063057" lon="-34.909384">
    <ele>8.5</ele>
    <time>2021-09-15T23:37:30.000Z</time>
   </trkpt>
   <trkpt lat="-8.06309" lon="-34.909374">
    <ele>8.5</ele>
    <time>2021-09-15T23:37:32.000Z</time>
   </trkpt>
   <trkpt lat="-8.06315" lon="-34.909359">
    <ele>8.4</ele>
    <time>2021-09-15T23:37:35.000Z</time>
   </trkpt>
   <trkpt lat="-8.0632" lon="-34.909347">
    <ele>8.4</ele>
    <time>2021-09-15T23:37:37.000Z</time>
   </trkpt>
   <trkpt lat="-8.063242" lon="-34.909332">
    <ele>8.4</ele>
    <time>2021-09-15T23:37:38.000Z</time>
   </trkpt>
   <trkpt lat="-8.063289" lon="-34.90932">
    <ele>8.4</ele>
    <time>2021-09-15T23:37:41.000Z</time>
   </trkpt>
   <trkpt lat="-8.063312" lon="-34.909314">
    <ele>8.4</ele>
    <time>2021-09-15T23:37:42.000Z</time>
   </trkpt>
   <trkpt lat="-8.063366" lon="-34.909297">
    <ele>8.4</ele>
    <time>2021-09-15T23:37:44.000Z</time>
   </trkpt>
   <trkpt lat="-8.063413" lon="-34.909293">
    <ele>8.4</ele>
    <time>2021-09-15T23:37:46.000Z</time>
   </trkpt>
   <trkpt lat="-8.063477" lon="-34.909288">
    <ele>8.4</ele>
    <time>2021-09-15T23:37:48.000Z</time>
   </trkpt>
   <trkpt lat="-8.063507" lon="-34.909289">
    <ele>8.4</ele>
    <time>2021-09-15T23:37:49.000Z</time>
   </trkpt>
   <trkpt lat="-8.063545" lon="-34.909289">
    <ele>8.4</ele>
    <time>2021-09-15T23:37:50.000Z</time>
   </trkpt>
   <trkpt lat="-8.063579" lon="-34.909286">
    <ele>8.4</ele>
    <time>2021-09-15T23:37:51.000Z</time>
   </trkpt>
   <trkpt lat="-8.063643" lon="-34.909279">
    <ele>8.3</ele>
    <time>2021-09-15T23:37:52.000Z</time>
   </trkpt>
   <trkpt lat="-8.063687" lon="-34.909264">
    <ele>8.3</ele>
    <time>2021-09-15T23:37:53.000Z</time>
   </trkpt>
   <trkpt lat="-8.063725" lon="-34.909257">
    <ele>8.3</ele>
    <time>2021-09-15T23:37:55.000Z</time>
   </trkpt>
   <trkpt lat="-8.063763" lon="-34.909249">
    <ele>8.3</ele>
    <time>2021-09-15T23:37:56.000Z</time>
   </trkpt>
   <trkpt lat="-8.063808" lon="-34.909246">
    <ele>8.2</ele>
    <time>2021-09-15T23:37:57.000Z</time>
   </trkpt>
   <trkpt lat="-8.063838" lon="-34.909235">
    <ele>8.2</ele>
    <time>2021-09-15T23:37:58.000Z</time>
   </trkpt>
   <trkpt lat="-8.063911" lon="-34.909226">
    <ele>8.2</ele>
    <time>2021-09-15T23:38:00.000Z</time>
   </trkpt>
   <trkpt lat="-8.064016" lon="-34.909188">
    <ele>8.2</ele>
    <time>2021-09-15T23:38:02.000Z</time>
   </trkpt>
   <trkpt lat="-8.06412" lon="-34.909158">
    <ele>8.2</ele>
    <time>2021-09-15T23:38:04.000Z</time>
   </trkpt>
   <trkpt lat="-8.064178" lon="-34.909152">
    <ele>8.2</ele>
    <time>2021-09-15T23:38:05.000Z</time>
   </trkpt>
   <trkpt lat="-8.064229" lon="-34.909145">
    <ele>8.2</ele>
    <time>2021-09-15T23:38:06.000Z</time>
   </trkpt>
   <trkpt lat="-8.064282" lon="-34.909135">
    <ele>8.2</ele>
    <time>2021-09-15T23:38:07.000Z</time>
   </trkpt>
   <trkpt lat="-8.064387" lon="-34.909122">
    <ele>8.2</ele>
    <time>2021-09-15T23:38:09.000Z</time>
   </trkpt>
   <trkpt lat="-8.064418" lon="-34.909119">
    <ele>8.2</ele>
    <time>2021-09-15T23:38:10.000Z</time>
   </trkpt>
   <trkpt lat="-8.064449" lon="-34.909113">
    <ele>8.2</ele>
    <time>2021-09-15T23:38:11.000Z</time>
   </trkpt>
   <trkpt lat="-8.064518" lon="-34.909096">
    <ele>8.2</ele>
    <time>2021-09-15T23:38:12.000Z</time>
   </trkpt>
   <trkpt lat="-8.064557" lon="-34.909082">
    <ele>8.3</ele>
    <time>2021-09-15T23:38:14.000Z</time>
   </trkpt>
   <trkpt lat="-8.064589" lon="-34.909077">
    <ele>8.3</ele>
    <time>2021-09-15T23:38:15.000Z</time>
   </trkpt>
   <trkpt lat="-8.064633" lon="-34.909068">
    <ele>8.3</ele>
    <time>2021-09-15T23:38:16.000Z</time>
   </trkpt>
   <trkpt lat="-8.064708" lon="-34.90906">
    <ele>8.3</ele>
    <time>2021-09-15T23:38:17.000Z</time>
   </trkpt>
   <trkpt lat="-8.064741" lon="-34.909049">
    <ele>8.4</ele>
    <time>2021-09-15T23:38:18.000Z</time>
   </trkpt>
   <trkpt lat="-8.064768" lon="-34.909045">
    <ele>8.4</ele>
    <time>2021-09-15T23:38:20.000Z</time>
   </trkpt>
   <trkpt lat="-8.064846" lon="-34.909041">
    <ele>8.4</ele>
    <time>2021-09-15T23:38:23.000Z</time>
   </trkpt>
   <trkpt lat="-8.0649" lon="-34.909035">
    <ele>8.5</ele>
    <time>2021-09-15T23:38:25.000Z</time>
   </trkpt>
   <trkpt lat="-8.064935" lon="-34.909032">
    <ele>8.5</ele>
    <time>2021-09-15T23:38:26.000Z</time>
   </trkpt>
   <trkpt lat="-8.065031" lon="-34.909009">
    <ele>8.5</ele>
    <time>2021-09-15T23:38:27.000Z</time>
   </trkpt>
   <trkpt lat="-8.065065" lon="-34.909001">
    <ele>8.5</ele>
    <time>2021-09-15T23:38:29.000Z</time>
   </trkpt>
   <trkpt lat="-8.065113" lon="-34.909003">
    <ele>8.5</ele>
    <time>2021-09-15T23:38:30.000Z</time>
   </trkpt>
   <trkpt lat="-8.065188" lon="-34.908986">
    <ele>8.5</ele>
    <time>2021-09-15T23:38:32.000Z</time>
   </trkpt>
   <trkpt lat="-8.065287" lon="-34.908972">
    <ele>8.5</ele>
    <time>2021-09-15T23:38:33.000Z</time>
   </trkpt>
   <trkpt lat="-8.065341" lon="-34.908975">
    <ele>8.5</ele>
    <time>2021-09-15T23:38:34.000Z</time>
   </trkpt>
   <trkpt lat="-8.065378" lon="-34.908975">
    <ele>8.5</ele>
    <time>2021-09-15T23:38:35.000Z</time>
   </trkpt>
   <trkpt lat="-8.065421" lon="-34.908983">
    <ele>8.5</ele>
    <time>2021-09-15T23:38:37.000Z</time>
   </trkpt>
   <trkpt lat="-8.065465" lon="-34.90899">
    <ele>8.5</ele>
    <time>2021-09-15T23:38:38.000Z</time>
   </trkpt>
   <trkpt lat="-8.065509" lon="-34.908999">
    <ele>8.5</ele>
    <time>2021-09-15T23:38:39.000Z</time>
   </trkpt>
   <trkpt lat="-8.065553" lon="-34.909002">
    <ele>8.5</ele>
    <time>2021-09-15T23:38:40.000Z</time>
   </trkpt>
   <trkpt lat="-8.065594" lon="-34.909005">
    <ele>8.4</ele>
    <time>2021-09-15T23:38:41.000Z</time>
   </trkpt>
   <trkpt lat="-8.065649" lon="-34.909003">
    <ele>8.4</ele>
    <time>2021-09-15T23:38:43.000Z</time>
   </trkpt>
   <trkpt lat="-8.065686" lon="-34.909">
    <ele>8.4</ele>
    <time>2021-09-15T23:38:44.000Z</time>
   </trkpt>
   <trkpt lat="-8.065728" lon="-34.908996">
    <ele>8.4</ele>
    <time>2021-09-15T23:38:45.000Z</time>
   </trkpt>
   <trkpt lat="-8.065767" lon="-34.90899">
    <ele>8.4</ele>
    <time>2021-09-15T23:38:46.000Z</time>
   </trkpt>
   <trkpt lat="-8.065804" lon="-34.90899">
    <ele>8.4</ele>
    <time>2021-09-15T23:38:47.000Z</time>
   </trkpt>
   <trkpt lat="-8.065858" lon="-34.908987">
    <ele>8.4</ele>
    <time>2021-09-15T23:38:48.000Z</time>
   </trkpt>
   <trkpt lat="-8.065953" lon="-34.908988">
    <ele>8.4</ele>
    <time>2021-09-15T23:38:49.000Z</time>
   </trkpt>
   <trkpt lat="-8.066" lon="-34.908988">
    <ele>8.4</ele>
    <time>2021-09-15T23:38:50.000Z</time>
   </trkpt>
   <trkpt lat="-8.066052" lon="-34.908987">
    <ele>8.4</ele>
    <time>2021-09-15T23:38:52.000Z</time>
   </trkpt>
   <trkpt lat="-8.066098" lon="-34.908989">
    <ele>8.4</ele>
    <time>2021-09-15T23:38:53.000Z</time>
   </trkpt>
   <trkpt lat="-8.066172" lon="-34.908991">
    <ele>8.3</ele>
    <time>2021-09-15T23:38:55.000Z</time>
   </trkpt>
   <trkpt lat="-8.066234" lon="-34.908994">
    <ele>8.3</ele>
    <time>2021-09-15T23:38:56.000Z</time>
   </trkpt>
   <trkpt lat="-8.066345" lon="-34.908999">
    <ele>8.3</ele>
    <time>2021-09-15T23:38:58.000Z</time>
   </trkpt>
   <trkpt lat="-8.066395" lon="-34.909006">
    <ele>8.3</ele>
    <time>2021-09-15T23:38:59.000Z</time>
   </trkpt>
   <trkpt lat="-8.066501" lon="-34.909004">
    <ele>8.3</ele>
    <time>2021-09-15T23:39:01.000Z</time>
   </trkpt>
   <trkpt lat="-8.06654" lon="-34.909008">
    <ele>8.3</ele>
    <time>2021-09-15T23:39:02.000Z</time>
   </trkpt>
   <trkpt lat="-8.066603" lon="-34.909037">
    <ele>8.3</ele>
    <time>2021-09-15T23:39:04.000Z</time>
   </trkpt>
   <trkpt lat="-8.066683" lon="-34.909065">
    <ele>8.4</ele>
    <time>2021-09-15T23:39:06.000Z</time>
   </trkpt>
   <trkpt lat="-8.066718" lon="-34.90908">
    <ele>8.4</ele>
    <time>2021-09-15T23:39:07.000Z</time>
   </trkpt>
   <trkpt lat="-8.066754" lon="-34.909097">
    <ele>8.4</ele>
    <time>2021-09-15T23:39:08.000Z</time>
   </trkpt>
   <trkpt lat="-8.066832" lon="-34.909139">
    <ele>8.4</ele>
    <time>2021-09-15T23:39:10.000Z</time>
   </trkpt>
   <trkpt lat="-8.066869" lon="-34.909155">
    <ele>8.4</ele>
    <time>2021-09-15T23:39:11.000Z</time>
   </trkpt>
   <trkpt lat="-8.066946" lon="-34.9092">
    <ele>8.4</ele>
    <time>2021-09-15T23:39:13.000Z</time>
   </trkpt>
   <trkpt lat="-8.067021" lon="-34.909244">
    <ele>8.4</ele>
    <time>2021-09-15T23:39:14.000Z</time>
   </trkpt>
   <trkpt lat="-8.067045" lon="-34.909262">
    <ele>8.4</ele>
    <time>2021-09-15T23:39:15.000Z</time>
   </trkpt>
   <trkpt lat="-8.067077" lon="-34.909283">
    <ele>8.4</ele>
    <time>2021-09-15T23:39:17.000Z</time>
   </trkpt>
   <trkpt lat="-8.067108" lon="-34.909301">
    <ele>8.4</ele>
    <time>2021-09-15T23:39:18.000Z</time>
   </trkpt>
   <trkpt lat="-8.067183" lon="-34.909344">
    <ele>8.4</ele>
    <time>2021-09-15T23:39:20.000Z</time>
   </trkpt>
   <trkpt lat="-8.067227" lon="-34.909365">
    <ele>8.4</ele>
    <time>2021-09-15T23:39:21.000Z</time>
   </trkpt>
   <trkpt lat="-8.067276" lon="-34.909382">
    <ele>8.4</ele>
    <time>2021-09-15T23:39:22.000Z</time>
   </trkpt>
   <trkpt lat="-8.067362" lon="-34.909421">
    <ele>8.4</ele>
    <time>2021-09-15T23:39:24.000Z</time>
   </trkpt>
   <trkpt lat="-8.067403" lon="-34.909437">
    <ele>8.5</ele>
    <time>2021-09-15T23:39:25.000Z</time>
   </trkpt>
   <trkpt lat="-8.06748" lon="-34.909467">
    <ele>8.5</ele>
    <time>2021-09-15T23:39:27.000Z</time>
   </trkpt>
   <trkpt lat="-8.067516" lon="-34.909478">
    <ele>8.5</ele>
    <time>2021-09-15T23:39:28.000Z</time>
   </trkpt>
   <trkpt lat="-8.067546" lon="-34.909488">
    <ele>8.5</ele>
    <time>2021-09-15T23:39:29.000Z</time>
   </trkpt>
   <trkpt lat="-8.067619" lon="-34.90951">
    <ele>8.5</ele>
    <time>2021-09-15T23:39:31.000Z</time>
   </trkpt>
   <trkpt lat="-8.067662" lon="-34.909524">
    <ele>8.5</ele>
    <time>2021-09-15T23:39:32.000Z</time>
   </trkpt>
   <trkpt lat="-8.067747" lon="-34.909559">
    <ele>8.4</ele>
    <time>2021-09-15T23:39:33.000Z</time>
   </trkpt>
   <trkpt lat="-8.06779" lon="-34.909577">
    <ele>8.4</ele>
    <time>2021-09-15T23:39:35.000Z</time>
   </trkpt>
   <trkpt lat="-8.067882" lon="-34.909612">
    <ele>8.4</ele>
    <time>2021-09-15T23:39:37.000Z</time>
   </trkpt>
   <trkpt lat="-8.06793" lon="-34.909633">
    <ele>8.4</ele>
    <time>2021-09-15T23:39:38.000Z</time>
   </trkpt>
   <trkpt lat="-8.068014" lon="-34.909664">
    <ele>8.4</ele>
    <time>2021-09-15T23:39:40.000Z</time>
   </trkpt>
   <trkpt lat="-8.068087" lon="-34.909694">
    <ele>8.4</ele>
    <time>2021-09-15T23:39:42.000Z</time>
   </trkpt>
   <trkpt lat="-8.068164" lon="-34.90973">
    <ele>8.4</ele>
    <time>2021-09-15T23:39:43.000Z</time>
   </trkpt>
   <trkpt lat="-8.068202" lon="-34.909747">
    <ele>8.3</ele>
    <time>2021-09-15T23:39:44.000Z</time>
   </trkpt>
   <trkpt lat="-8.068239" lon="-34.909756">
    <ele>8.3</ele>
    <time>2021-09-15T23:39:45.000Z</time>
   </trkpt>
   <trkpt lat="-8.068274" lon="-34.909762">
    <ele>8.3</ele>
    <time>2021-09-15T23:39:47.000Z</time>
   </trkpt>
   <trkpt lat="-8.068342" lon="-34.909773">
    <ele>8.3</ele>
    <time>2021-09-15T23:39:48.000Z</time>
   </trkpt>
   <trkpt lat="-8.068387" lon="-34.909776">
    <ele>8.2</ele>
    <time>2021-09-15T23:39:49.000Z</time>
   </trkpt>
   <trkpt lat="-8.068429" lon="-34.909786">
    <ele>8.2</ele>
    <time>2021-09-15T23:39:51.000Z</time>
   </trkpt>
   <trkpt lat="-8.068468" lon="-34.90979">
    <ele>8.2</ele>
    <time>2021-09-15T23:39:52.000Z</time>
   </trkpt>
   <trkpt lat="-8.068558" lon="-34.909798">
    <ele>8.1</ele>
    <time>2021-09-15T23:39:53.000Z</time>
   </trkpt>
   <trkpt lat="-8.068605" lon="-34.909797">
    <ele>8.1</ele>
    <time>2021-09-15T23:39:55.000Z</time>
   </trkpt>
   <trkpt lat="-8.068645" lon="-34.909795">
    <ele>8.1</ele>
    <time>2021-09-15T23:39:56.000Z</time>
   </trkpt>
   <trkpt lat="-8.068693" lon="-34.909803">
    <ele>8.1</ele>
    <time>2021-09-15T23:39:58.000Z</time>
   </trkpt>
   <trkpt lat="-8.068763" lon="-34.909821">
    <ele>8.1</ele>
    <time>2021-09-15T23:40:00.000Z</time>
   </trkpt>
   <trkpt lat="-8.068841" lon="-34.909831">
    <ele>8.1</ele>
    <time>2021-09-15T23:40:01.000Z</time>
   </trkpt>
   <trkpt lat="-8.068874" lon="-34.909829">
    <ele>8.1</ele>
    <time>2021-09-15T23:40:02.000Z</time>
   </trkpt>
   <trkpt lat="-8.068902" lon="-34.909826">
    <ele>8.1</ele>
    <time>2021-09-15T23:40:04.000Z</time>
   </trkpt>
   <trkpt lat="-8.068941" lon="-34.909818">
    <ele>8.2</ele>
    <time>2021-09-15T23:40:05.000Z</time>
   </trkpt>
   <trkpt lat="-8.068989" lon="-34.909807">
    <ele>8.2</ele>
    <time>2021-09-15T23:40:06.000Z</time>
   </trkpt>
   <trkpt lat="-8.069044" lon="-34.909804">
    <ele>8.2</ele>
    <time>2021-09-15T23:40:07.000Z</time>
   </trkpt>
   <trkpt lat="-8.069151" lon="-34.909789">
    <ele>8.2</ele>
    <time>2021-09-15T23:40:08.000Z</time>
   </trkpt>
   <trkpt lat="-8.069192" lon="-34.909785">
    <ele>8.2</ele>
    <time>2021-09-15T23:40:09.000Z</time>
   </trkpt>
   <trkpt lat="-8.069227" lon="-34.909776">
    <ele>8.2</ele>
    <time>2021-09-15T23:40:10.000Z</time>
   </trkpt>
   <trkpt lat="-8.069268" lon="-34.909769">
    <ele>8.2</ele>
    <time>2021-09-15T23:40:11.000Z</time>
   </trkpt>
   <trkpt lat="-8.069313" lon="-34.909768">
    <ele>8.2</ele>
    <time>2021-09-15T23:40:12.000Z</time>
   </trkpt>
   <trkpt lat="-8.069356" lon="-34.90976">
    <ele>8.2</ele>
    <time>2021-09-15T23:40:14.000Z</time>
   </trkpt>
   <trkpt lat="-8.069454" lon="-34.909745">
    <ele>8.2</ele>
    <time>2021-09-15T23:40:16.000Z</time>
   </trkpt>
   <trkpt lat="-8.069553" lon="-34.909722">
    <ele>8.2</ele>
    <time>2021-09-15T23:40:18.000Z</time>
   </trkpt>
   <trkpt lat="-8.06967" lon="-34.909713">
    <ele>8.2</ele>
    <time>2021-09-15T23:40:20.000Z</time>
   </trkpt>
   <trkpt lat="-8.069783" lon="-34.909707">
    <ele>8.2</ele>
    <time>2021-09-15T23:40:21.000Z</time>
   </trkpt>
   <trkpt lat="-8.069841" lon="-34.909704">
    <ele>8.2</ele>
    <time>2021-09-15T23:40:23.000Z</time>
   </trkpt>
   <trkpt lat="-8.069951" lon="-34.909696">
    <ele>8.2</ele>
    <time>2021-09-15T23:40:25.000Z</time>
   </trkpt>
   <trkpt lat="-8.070053" lon="-34.909685">
    <ele>8.1</ele>
    <time>2021-09-15T23:40:26.000Z</time>
   </trkpt>
   <trkpt lat="-8.070102" lon="-34.909686">
    <ele>8.1</ele>
    <time>2021-09-15T23:40:28.000Z</time>
   </trkpt>
   <trkpt lat="-8.070144" lon="-34.909671">
    <ele>8.1</ele>
    <time>2021-09-15T23:40:29.000Z</time>
   </trkpt>
   <trkpt lat="-8.070186" lon="-34.909657">
    <ele>8.1</ele>
    <time>2021-09-15T23:40:30.000Z</time>
   </trkpt>
   <trkpt lat="-8.070277" lon="-34.909637">
    <ele>8.1</ele>
    <time>2021-09-15T23:40:31.000Z</time>
   </trkpt>
   <trkpt lat="-8.070325" lon="-34.909637">
    <ele>8</ele>
    <time>2021-09-15T23:40:32.000Z</time>
   </trkpt>
   <trkpt lat="-8.07037" lon="-34.909621">
    <ele>8</ele>
    <time>2021-09-15T23:40:34.000Z</time>
   </trkpt>
   <trkpt lat="-8.070422" lon="-34.909612">
    <ele>8</ele>
    <time>2021-09-15T23:40:35.000Z</time>
   </trkpt>
   <trkpt lat="-8.070472" lon="-34.909603">
    <ele>8</ele>
    <time>2021-09-15T23:40:36.000Z</time>
   </trkpt>
   <trkpt lat="-8.070526" lon="-34.909604">
    <ele>8</ele>
    <time>2021-09-15T23:40:37.000Z</time>
   </trkpt>
   <trkpt lat="-8.070617" lon="-34.909588">
    <ele>7.9</ele>
    <time>2021-09-15T23:40:38.000Z</time>
   </trkpt>
   <trkpt lat="-8.070659" lon="-34.909581">
    <ele>7.9</ele>
    <time>2021-09-15T23:40:39.000Z</time>
   </trkpt>
   <trkpt lat="-8.070699" lon="-34.909572">
    <ele>7.9</ele>
    <time>2021-09-15T23:40:40.000Z</time>
   </trkpt>
   <trkpt lat="-8.070737" lon="-34.909565">
    <ele>7.9</ele>
    <time>2021-09-15T23:40:42.000Z</time>
   </trkpt>
   <trkpt lat="-8.070778" lon="-34.909552">
    <ele>7.9</ele>
    <time>2021-09-15T23:40:43.000Z</time>
   </trkpt>
   <trkpt lat="-8.070822" lon="-34.909544">
    <ele>8</ele>
    <time>2021-09-15T23:40:44.000Z</time>
   </trkpt>
   <trkpt lat="-8.070931" lon="-34.909528">
    <ele>8</ele>
    <time>2021-09-15T23:40:45.000Z</time>
   </trkpt>
   <trkpt lat="-8.070979" lon="-34.909526">
    <ele>8</ele>
    <time>2021-09-15T23:40:46.000Z</time>
   </trkpt>
   <trkpt lat="-8.071017" lon="-34.909526">
    <ele>8</ele>
    <time>2021-09-15T23:40:47.000Z</time>
   </trkpt>
   <trkpt lat="-8.071061" lon="-34.909527">
    <ele>8</ele>
    <time>2021-09-15T23:40:48.000Z</time>
   </trkpt>
   <trkpt lat="-8.071109" lon="-34.90951">
    <ele>8</ele>
    <time>2021-09-15T23:40:49.000Z</time>
   </trkpt>
   <trkpt lat="-8.071158" lon="-34.909492">
    <ele>8</ele>
    <time>2021-09-15T23:40:50.000Z</time>
   </trkpt>
   <trkpt lat="-8.071203" lon="-34.909475">
    <ele>8</ele>
    <time>2021-09-15T23:40:52.000Z</time>
   </trkpt>
   <trkpt lat="-8.07124" lon="-34.909458">
    <ele>8</ele>
    <time>2021-09-15T23:40:53.000Z</time>
   </trkpt>
   <trkpt lat="-8.071276" lon="-34.909442">
    <ele>8</ele>
    <time>2021-09-15T23:40:54.000Z</time>
   </trkpt>
   <trkpt lat="-8.071306" lon="-34.909431">
    <ele>8</ele>
    <time>2021-09-15T23:40:55.000Z</time>
   </trkpt>
   <trkpt lat="-8.071321" lon="-34.909421">
    <ele>8</ele>
    <time>2021-09-15T23:40:57.000Z</time>
   </trkpt>
   <trkpt lat="-8.071353" lon="-34.909435">
    <ele>8</ele>
    <time>2021-09-15T23:41:00.000Z</time>
   </trkpt>
   <trkpt lat="-8.071382" lon="-34.909426">
    <ele>8</ele>
    <time>2021-09-15T23:41:03.000Z</time>
   </trkpt>
   <trkpt lat="-8.071498" lon="-34.909381">
    <ele>8</ele>
    <time>2021-09-15T23:41:41.000Z</time>
   </trkpt>
   <trkpt lat="-8.07156" lon="-34.909379">
    <ele>7.9</ele>
    <time>2021-09-15T23:41:43.000Z</time>
   </trkpt>
   <trkpt lat="-8.071617" lon="-34.909377">
    <ele>7.9</ele>
    <time>2021-09-15T23:41:45.000Z</time>
   </trkpt>
   <trkpt lat="-8.071706" lon="-34.909366">
    <ele>7.9</ele>
    <time>2021-09-15T23:41:47.000Z</time>
   </trkpt>
   <trkpt lat="-8.071741" lon="-34.909358">
    <ele>7.9</ele>
    <time>2021-09-15T23:41:48.000Z</time>
   </trkpt>
   <trkpt lat="-8.071783" lon="-34.90935">
    <ele>7.9</ele>
    <time>2021-09-15T23:41:50.000Z</time>
   </trkpt>
   <trkpt lat="-8.071819" lon="-34.909343">
    <ele>7.9</ele>
    <time>2021-09-15T23:41:51.000Z</time>
   </trkpt>
   <trkpt lat="-8.071885" lon="-34.909334">
    <ele>8</ele>
    <time>2021-09-15T23:41:53.000Z</time>
   </trkpt>
   <trkpt lat="-8.071975" lon="-34.909325">
    <ele>8</ele>
    <time>2021-09-15T23:41:54.000Z</time>
   </trkpt>
   <trkpt lat="-8.072019" lon="-34.909324">
    <ele>8</ele>
    <time>2021-09-15T23:41:55.000Z</time>
   </trkpt>
   <trkpt lat="-8.072062" lon="-34.909323">
    <ele>8</ele>
    <time>2021-09-15T23:41:57.000Z</time>
   </trkpt>
   <trkpt lat="-8.072135" lon="-34.909316">
    <ele>8</ele>
    <time>2021-09-15T23:41:59.000Z</time>
   </trkpt>
   <trkpt lat="-8.072175" lon="-34.909312">
    <ele>8.1</ele>
    <time>2021-09-15T23:42:00.000Z</time>
   </trkpt>
   <trkpt lat="-8.072213" lon="-34.9093">
    <ele>8.1</ele>
    <time>2021-09-15T23:42:01.000Z</time>
   </trkpt>
   <trkpt lat="-8.072297" lon="-34.909276">
    <ele>8.1</ele>
    <time>2021-09-15T23:42:03.000Z</time>
   </trkpt>
   <trkpt lat="-8.072382" lon="-34.909245">
    <ele>8.2</ele>
    <time>2021-09-15T23:42:04.000Z</time>
   </trkpt>
   <trkpt lat="-8.072427" lon="-34.909235">
    <ele>8.2</ele>
    <time>2021-09-15T23:42:06.000Z</time>
   </trkpt>
   <trkpt lat="-8.072468" lon="-34.909221">
    <ele>8.2</ele>
    <time>2021-09-15T23:42:07.000Z</time>
   </trkpt>
   <trkpt lat="-8.072505" lon="-34.909213">
    <ele>8.2</ele>
    <time>2021-09-15T23:42:08.000Z</time>
   </trkpt>
   <trkpt lat="-8.072577" lon="-34.909196">
    <ele>8.2</ele>
    <time>2021-09-15T23:42:10.000Z</time>
   </trkpt>
   <trkpt lat="-8.072613" lon="-34.909194">
    <ele>8.2</ele>
    <time>2021-09-15T23:42:11.000Z</time>
   </trkpt>
   <trkpt lat="-8.072695" lon="-34.909174">
    <ele>8.2</ele>
    <time>2021-09-15T23:42:12.000Z</time>
   </trkpt>
   <trkpt lat="-8.072745" lon="-34.909166">
    <ele>8.2</ele>
    <time>2021-09-15T23:42:13.000Z</time>
   </trkpt>
   <trkpt lat="-8.072788" lon="-34.909163">
    <ele>8.2</ele>
    <time>2021-09-15T23:42:14.000Z</time>
   </trkpt>
   <trkpt lat="-8.072832" lon="-34.909156">
    <ele>8.2</ele>
    <time>2021-09-15T23:42:16.000Z</time>
   </trkpt>
   <trkpt lat="-8.072909" lon="-34.909143">
    <ele>8.2</ele>
    <time>2021-09-15T23:42:17.000Z</time>
   </trkpt>
   <trkpt lat="-8.072942" lon="-34.909134">
    <ele>8.1</ele>
    <time>2021-09-15T23:42:18.000Z</time>
   </trkpt>
   <trkpt lat="-8.07298" lon="-34.909129">
    <ele>8.1</ele>
    <time>2021-09-15T23:42:19.000Z</time>
   </trkpt>
   <trkpt lat="-8.073015" lon="-34.909127">
    <ele>8.1</ele>
    <time>2021-09-15T23:42:20.000Z</time>
   </trkpt>
   <trkpt lat="-8.073058" lon="-34.90912">
    <ele>8.1</ele>
    <time>2021-09-15T23:42:22.000Z</time>
   </trkpt>
   <trkpt lat="-8.073147" lon="-34.909111">
    <ele>8.1</ele>
    <time>2021-09-15T23:42:24.000Z</time>
   </trkpt>
   <trkpt lat="-8.073223" lon="-34.909102">
    <ele>8.1</ele>
    <time>2021-09-15T23:42:25.000Z</time>
   </trkpt>
   <trkpt lat="-8.073259" lon="-34.909094">
    <ele>8.1</ele>
    <time>2021-09-15T23:42:27.000Z</time>
   </trkpt>
   <trkpt lat="-8.073301" lon="-34.909088">
    <ele>8.1</ele>
    <time>2021-09-15T23:42:28.000Z</time>
   </trkpt>
   <trkpt lat="-8.073345" lon="-34.909079">
    <ele>8.1</ele>
    <time>2021-09-15T23:42:29.000Z</time>
   </trkpt>
   <trkpt lat="-8.073425" lon="-34.909066">
    <ele>8.1</ele>
    <time>2021-09-15T23:42:31.000Z</time>
   </trkpt>
   <trkpt lat="-8.073517" lon="-34.909043">
    <ele>8.1</ele>
    <time>2021-09-15T23:42:32.000Z</time>
   </trkpt>
   <trkpt lat="-8.073563" lon="-34.909036">
    <ele>8.1</ele>
    <time>2021-09-15T23:42:34.000Z</time>
   </trkpt>
   <trkpt lat="-8.073655" lon="-34.909025">
    <ele>8</ele>
    <time>2021-09-15T23:42:36.000Z</time>
   </trkpt>
   <trkpt lat="-8.073702" lon="-34.909019">
    <ele>8</ele>
    <time>2021-09-15T23:42:37.000Z</time>
   </trkpt>
   <trkpt lat="-8.073789" lon="-34.909">
    <ele>8</ele>
    <time>2021-09-15T23:42:39.000Z</time>
   </trkpt>
   <trkpt lat="-8.073857" lon="-34.908992">
    <ele>7.9</ele>
    <time>2021-09-15T23:42:40.000Z</time>
   </trkpt>
   <trkpt lat="-8.073927" lon="-34.90899">
    <ele>7.9</ele>
    <time>2021-09-15T23:42:42.000Z</time>
   </trkpt>
   <trkpt lat="-8.073942" lon="-34.908989">
    <ele>7.9</ele>
    <time>2021-09-15T23:42:43.000Z</time>
   </trkpt>
   <trkpt lat="-8.074028" lon="-34.908975">
    <ele>7.9</ele>
    <time>2021-09-15T23:42:45.000Z</time>
   </trkpt>
   <trkpt lat="-8.07411" lon="-34.908959">
    <ele>8</ele>
    <time>2021-09-15T23:42:46.000Z</time>
   </trkpt>
   <trkpt lat="-8.074147" lon="-34.908958">
    <ele>8</ele>
    <time>2021-09-15T23:42:48.000Z</time>
   </trkpt>
   <trkpt lat="-8.074184" lon="-34.908957">
    <ele>8</ele>
    <time>2021-09-15T23:42:49.000Z</time>
   </trkpt>
   <trkpt lat="-8.07425" lon="-34.908946">
    <ele>8</ele>
    <time>2021-09-15T23:42:51.000Z</time>
   </trkpt>
   <trkpt lat="-8.074274" lon="-34.908938">
    <ele>8</ele>
    <time>2021-09-15T23:42:52.000Z</time>
   </trkpt>
   <trkpt lat="-8.074327" lon="-34.908926">
    <ele>8</ele>
    <time>2021-09-15T23:42:53.000Z</time>
   </trkpt>
   <trkpt lat="-8.074402" lon="-34.908928">
    <ele>8</ele>
    <time>2021-09-15T23:42:56.000Z</time>
   </trkpt>
   <trkpt lat="-8.07444" lon="-34.90891">
    <ele>8</ele>
    <time>2021-09-15T23:42:57.000Z</time>
   </trkpt>
   <trkpt lat="-8.074509" lon="-34.90889">
    <ele>8.1</ele>
    <time>2021-09-15T23:42:59.000Z</time>
   </trkpt>
   <trkpt lat="-8.074593" lon="-34.908895">
    <ele>8.1</ele>
    <time>2021-09-15T23:43:01.000Z</time>
   </trkpt>
   <trkpt lat="-8.07468" lon="-34.908914">
    <ele>8</ele>
    <time>2021-09-15T23:43:03.000Z</time>
   </trkpt>
   <trkpt lat="-8.074756" lon="-34.90893">
    <ele>8</ele>
    <time>2021-09-15T23:43:05.000Z</time>
   </trkpt>
   <trkpt lat="-8.074848" lon="-34.90895">
    <ele>8</ele>
    <time>2021-09-15T23:43:07.000Z</time>
   </trkpt>
   <trkpt lat="-8.074898" lon="-34.908955">
    <ele>8</ele>
    <time>2021-09-15T23:43:08.000Z</time>
   </trkpt>
   <trkpt lat="-8.074999" lon="-34.908963">
    <ele>8</ele>
    <time>2021-09-15T23:43:10.000Z</time>
   </trkpt>
   <trkpt lat="-8.075042" lon="-34.908968">
    <ele>8</ele>
    <time>2021-09-15T23:43:11.000Z</time>
   </trkpt>
   <trkpt lat="-8.07514" lon="-34.908975">
    <ele>8.1</ele>
    <time>2021-09-15T23:43:13.000Z</time>
   </trkpt>
   <trkpt lat="-8.075186" lon="-34.908973">
    <ele>8.1</ele>
    <time>2021-09-15T23:43:14.000Z</time>
   </trkpt>
   <trkpt lat="-8.07523" lon="-34.908975">
    <ele>8.1</ele>
    <time>2021-09-15T23:43:15.000Z</time>
   </trkpt>
   <trkpt lat="-8.075261" lon="-34.908976">
    <ele>8.1</ele>
    <time>2021-09-15T23:43:16.000Z</time>
   </trkpt>
   <trkpt lat="-8.07529" lon="-34.908985">
    <ele>8.1</ele>
    <time>2021-09-15T23:43:17.000Z</time>
   </trkpt>
   <trkpt lat="-8.075354" lon="-34.908997">
    <ele>8.1</ele>
    <time>2021-09-15T23:43:19.000Z</time>
   </trkpt>
   <trkpt lat="-8.075423" lon="-34.909012">
    <ele>8.1</ele>
    <time>2021-09-15T23:43:21.000Z</time>
   </trkpt>
   <trkpt lat="-8.07545" lon="-34.909021">
    <ele>8.1</ele>
    <time>2021-09-15T23:43:22.000Z</time>
   </trkpt>
   <trkpt lat="-8.075493" lon="-34.909035">
    <ele>8.1</ele>
    <time>2021-09-15T23:43:24.000Z</time>
   </trkpt>
   <trkpt lat="-8.075531" lon="-34.909038">
    <ele>8.1</ele>
    <time>2021-09-15T23:43:26.000Z</time>
   </trkpt>
   <trkpt lat="-8.075566" lon="-34.909041">
    <ele>8.1</ele>
    <time>2021-09-15T23:43:30.000Z</time>
   </trkpt>
   <trkpt lat="-8.075609" lon="-34.909021">
    <ele>8.1</ele>
    <time>2021-09-15T23:43:35.000Z</time>
   </trkpt>
   <trkpt lat="-8.07573" lon="-34.909019">
    <ele>8.2</ele>
    <time>2021-09-15T23:43:41.000Z</time>
   </trkpt>
   <trkpt lat="-8.075761" lon="-34.909018">
    <ele>8.2</ele>
    <time>2021-09-15T23:43:43.000Z</time>
   </trkpt>
   <trkpt lat="-8.075829" lon="-34.909026">
    <ele>8.2</ele>
    <time>2021-09-15T23:43:45.000Z</time>
   </trkpt>
   <trkpt lat="-8.075897" lon="-34.909035">
    <ele>8.2</ele>
    <time>2021-09-15T23:43:46.000Z</time>
   </trkpt>
   <trkpt lat="-8.075926" lon="-34.909039">
    <ele>8.2</ele>
    <time>2021-09-15T23:43:47.000Z</time>
   </trkpt>
   <trkpt lat="-8.07595" lon="-34.909045">
    <ele>8.2</ele>
    <time>2021-09-15T23:43:48.000Z</time>
   </trkpt>
   <trkpt lat="-8.076017" lon="-34.909064">
    <ele>8.1</ele>
    <time>2021-09-15T23:43:50.000Z</time>
   </trkpt>
   <trkpt lat="-8.076054" lon="-34.90907">
    <ele>8.1</ele>
    <time>2021-09-15T23:43:51.000Z</time>
   </trkpt>
   <trkpt lat="-8.076089" lon="-34.909075">
    <ele>8.1</ele>
    <time>2021-09-15T23:43:52.000Z</time>
   </trkpt>
   <trkpt lat="-8.076128" lon="-34.909075">
    <ele>8.1</ele>
    <time>2021-09-15T23:43:53.000Z</time>
   </trkpt>
   <trkpt lat="-8.076161" lon="-34.909075">
    <ele>8.1</ele>
    <time>2021-09-15T23:43:55.000Z</time>
   </trkpt>
   <trkpt lat="-8.076247" lon="-34.909074">
    <ele>8.1</ele>
    <time>2021-09-15T23:43:56.000Z</time>
   </trkpt>
   <trkpt lat="-8.076296" lon="-34.909082">
    <ele>8.1</ele>
    <time>2021-09-15T23:43:57.000Z</time>
   </trkpt>
   <trkpt lat="-8.076349" lon="-34.909083">
    <ele>8.1</ele>
    <time>2021-09-15T23:43:58.000Z</time>
   </trkpt>
   <trkpt lat="-8.076391" lon="-34.909087">
    <ele>8.1</ele>
    <time>2021-09-15T23:43:59.000Z</time>
   </trkpt>
   <trkpt lat="-8.076425" lon="-34.90909">
    <ele>8.1</ele>
    <time>2021-09-15T23:44:00.000Z</time>
   </trkpt>
   <trkpt lat="-8.076467" lon="-34.909102">
    <ele>8.2</ele>
    <time>2021-09-15T23:44:01.000Z</time>
   </trkpt>
   <trkpt lat="-8.07651" lon="-34.909118">
    <ele>8.2</ele>
    <time>2021-09-15T23:44:02.000Z</time>
   </trkpt>
   <trkpt lat="-8.076551" lon="-34.909125">
    <ele>8.2</ele>
    <time>2021-09-15T23:44:04.000Z</time>
   </trkpt>
   <trkpt lat="-8.076626" lon="-34.909126">
    <ele>8.2</ele>
    <time>2021-09-15T23:44:05.000Z</time>
   </trkpt>
   <trkpt lat="-8.076663" lon="-34.90913">
    <ele>8.2</ele>
    <time>2021-09-15T23:44:06.000Z</time>
   </trkpt>
   <trkpt lat="-8.0767" lon="-34.909143">
    <ele>8.2</ele>
    <time>2021-09-15T23:44:07.000Z</time>
   </trkpt>
   <trkpt lat="-8.076726" lon="-34.909151">
    <ele>8.2</ele>
    <time>2021-09-15T23:44:09.000Z</time>
   </trkpt>
   <trkpt lat="-8.07676" lon="-34.909158">
    <ele>8.2</ele>
    <time>2021-09-15T23:44:11.000Z</time>
   </trkpt>
   <trkpt lat="-8.076789" lon="-34.909172">
    <ele>8.2</ele>
    <time>2021-09-15T23:44:13.000Z</time>
   </trkpt>
   <trkpt lat="-8.076861" lon="-34.909193">
    <ele>8.2</ele>
    <time>2021-09-15T23:44:14.000Z</time>
   </trkpt>
   <trkpt lat="-8.076908" lon="-34.909204">
    <ele>8.2</ele>
    <time>2021-09-15T23:44:15.000Z</time>
   </trkpt>
   <trkpt lat="-8.076942" lon="-34.909205">
    <ele>8.2</ele>
    <time>2021-09-15T23:44:16.000Z</time>
   </trkpt>
   <trkpt lat="-8.076984" lon="-34.909202">
    <ele>8.2</ele>
    <time>2021-09-15T23:44:17.000Z</time>
   </trkpt>
   <trkpt lat="-8.077008" lon="-34.909197">
    <ele>8.1</ele>
    <time>2021-09-15T23:44:18.000Z</time>
   </trkpt>
   <trkpt lat="-8.077091" lon="-34.909218">
    <ele>8.1</ele>
    <time>2021-09-15T23:44:22.000Z</time>
   </trkpt>
   <trkpt lat="-8.077143" lon="-34.909229">
    <ele>8.1</ele>
    <time>2021-09-15T23:44:24.000Z</time>
   </trkpt>
   <trkpt lat="-8.077214" lon="-34.909238">
    <ele>8.1</ele>
    <time>2021-09-15T23:44:25.000Z</time>
   </trkpt>
   <trkpt lat="-8.077255" lon="-34.909242">
    <ele>8.1</ele>
    <time>2021-09-15T23:44:27.000Z</time>
   </trkpt>
   <trkpt lat="-8.077337" lon="-34.909262">
    <ele>8.1</ele>
    <time>2021-09-15T23:44:29.000Z</time>
   </trkpt>
   <trkpt lat="-8.077363" lon="-34.909266">
    <ele>8.1</ele>
    <time>2021-09-15T23:44:30.000Z</time>
   </trkpt>
   <trkpt lat="-8.077433" lon="-34.909271">
    <ele>8.1</ele>
    <time>2021-09-15T23:44:31.000Z</time>
   </trkpt>
   <trkpt lat="-8.077457" lon="-34.90927">
    <ele>8.1</ele>
    <time>2021-09-15T23:44:33.000Z</time>
   </trkpt>
   <trkpt lat="-8.077513" lon="-34.90929">
    <ele>8.1</ele>
    <time>2021-09-15T23:44:35.000Z</time>
   </trkpt>
   <trkpt lat="-8.077557" lon="-34.909306">
    <ele>8.1</ele>
    <time>2021-09-15T23:44:36.000Z</time>
   </trkpt>
   <trkpt lat="-8.077602" lon="-34.909316">
    <ele>8.1</ele>
    <time>2021-09-15T23:44:37.000Z</time>
   </trkpt>
   <trkpt lat="-8.077697" lon="-34.909337">
    <ele>8.1</ele>
    <time>2021-09-15T23:44:38.000Z</time>
   </trkpt>
   <trkpt lat="-8.077743" lon="-34.909351">
    <ele>8.1</ele>
    <time>2021-09-15T23:44:39.000Z</time>
   </trkpt>
   <trkpt lat="-8.077786" lon="-34.909369">
    <ele>8.1</ele>
    <time>2021-09-15T23:44:40.000Z</time>
   </trkpt>
   <trkpt lat="-8.077833" lon="-34.909369">
    <ele>8.1</ele>
    <time>2021-09-15T23:44:42.000Z</time>
   </trkpt>
   <trkpt lat="-8.077875" lon="-34.909375">
    <ele>8.1</ele>
    <time>2021-09-15T23:44:43.000Z</time>
   </trkpt>
   <trkpt lat="-8.07792" lon="-34.909391">
    <ele>8</ele>
    <time>2021-09-15T23:44:44.000Z</time>
   </trkpt>
   <trkpt lat="-8.077963" lon="-34.909406">
    <ele>8</ele>
    <time>2021-09-15T23:44:45.000Z</time>
   </trkpt>
   <trkpt lat="-8.078045" lon="-34.909441">
    <ele>8</ele>
    <time>2021-09-15T23:44:47.000Z</time>
   </trkpt>
   <trkpt lat="-8.078085" lon="-34.909452">
    <ele>8</ele>
    <time>2021-09-15T23:44:48.000Z</time>
   </trkpt>
   <trkpt lat="-8.078139" lon="-34.909452">
    <ele>8</ele>
    <time>2021-09-15T23:44:49.000Z</time>
   </trkpt>
   <trkpt lat="-8.078206" lon="-34.909451">
    <ele>8</ele>
    <time>2021-09-15T23:44:50.000Z</time>
   </trkpt>
   <trkpt lat="-8.078259" lon="-34.909457">
    <ele>8</ele>
    <time>2021-09-15T23:44:51.000Z</time>
   </trkpt>
   <trkpt lat="-8.078356" lon="-34.909458">
    <ele>8</ele>
    <time>2021-09-15T23:44:53.000Z</time>
   </trkpt>
   <trkpt lat="-8.078461" lon="-34.909443">
    <ele>8</ele>
    <time>2021-09-15T23:44:54.000Z</time>
   </trkpt>
   <trkpt lat="-8.078506" lon="-34.909441">
    <ele>8</ele>
    <time>2021-09-15T23:44:55.000Z</time>
   </trkpt>
   <trkpt lat="-8.078545" lon="-34.909442">
    <ele>8</ele>
    <time>2021-09-15T23:44:56.000Z</time>
   </trkpt>
   <trkpt lat="-8.078594" lon="-34.909449">
    <ele>8</ele>
    <time>2021-09-15T23:44:58.000Z</time>
   </trkpt>
   <trkpt lat="-8.078645" lon="-34.909447">
    <ele>8</ele>
    <time>2021-09-15T23:44:59.000Z</time>
   </trkpt>
   <trkpt lat="-8.078736" lon="-34.909445">
    <ele>8.1</ele>
    <time>2021-09-15T23:45:00.000Z</time>
   </trkpt>
   <trkpt lat="-8.078772" lon="-34.909442">
    <ele>8.1</ele>
    <time>2021-09-15T23:45:02.000Z</time>
   </trkpt>
   <trkpt lat="-8.078854" lon="-34.909447">
    <ele>8.1</ele>
    <time>2021-09-15T23:45:04.000Z</time>
   </trkpt>
   <trkpt lat="-8.078953" lon="-34.90946">
    <ele>8.2</ele>
    <time>2021-09-15T23:45:05.000Z</time>
   </trkpt>
   <trkpt lat="-8.078988" lon="-34.909462">
    <ele>8.2</ele>
    <time>2021-09-15T23:45:07.000Z</time>
   </trkpt>
   <trkpt lat="-8.079061" lon="-34.909467">
    <ele>8.2</ele>
    <time>2021-09-15T23:45:08.000Z</time>
   </trkpt>
   <trkpt lat="-8.079104" lon="-34.909467">
    <ele>8.2</ele>
    <time>2021-09-15T23:45:10.000Z</time>
   </trkpt>
   <trkpt lat="-8.079202" lon="-34.909461">
    <ele>8.2</ele>
    <time>2021-09-15T23:45:11.000Z</time>
   </trkpt>
   <trkpt lat="-8.079242" lon="-34.909452">
    <ele>8.2</ele>
    <time>2021-09-15T23:45:13.000Z</time>
   </trkpt>
   <trkpt lat="-8.079337" lon="-34.909452">
    <ele>8.3</ele>
    <time>2021-09-15T23:45:15.000Z</time>
   </trkpt>
   <trkpt lat="-8.079368" lon="-34.909453">
    <ele>8.3</ele>
    <time>2021-09-15T23:45:16.000Z</time>
   </trkpt>
   <trkpt lat="-8.079409" lon="-34.909453">
    <ele>8.3</ele>
    <time>2021-09-15T23:45:17.000Z</time>
   </trkpt>
   <trkpt lat="-8.079499" lon="-34.90945">
    <ele>8.3</ele>
    <time>2021-09-15T23:45:19.000Z</time>
   </trkpt>
   <trkpt lat="-8.079553" lon="-34.909452">
    <ele>8.4</ele>
    <time>2021-09-15T23:45:20.000Z</time>
   </trkpt>
   <trkpt lat="-8.079624" lon="-34.909446">
    <ele>8.4</ele>
    <time>2021-09-15T23:45:21.000Z</time>
   </trkpt>
   <trkpt lat="-8.079653" lon="-34.909444">
    <ele>8.4</ele>
    <time>2021-09-15T23:45:23.000Z</time>
   </trkpt>
   <trkpt lat="-8.079731" lon="-34.909449">
    <ele>8.5</ele>
    <time>2021-09-15T23:45:25.000Z</time>
   </trkpt>
   <trkpt lat="-8.079815" lon="-34.90945">
    <ele>8.5</ele>
    <time>2021-09-15T23:45:27.000Z</time>
   </trkpt>
   <trkpt lat="-8.079855" lon="-34.909456">
    <ele>8.6</ele>
    <time>2021-09-15T23:45:28.000Z</time>
   </trkpt>
   <trkpt lat="-8.079925" lon="-34.909468">
    <ele>8.6</ele>
    <time>2021-09-15T23:45:30.000Z</time>
   </trkpt>
   <trkpt lat="-8.079948" lon="-34.90947">
    <ele>8.6</ele>
    <time>2021-09-15T23:45:31.000Z</time>
   </trkpt>
   <trkpt lat="-8.080025" lon="-34.90947">
    <ele>8.6</ele>
    <time>2021-09-15T23:45:34.000Z</time>
   </trkpt>
   <trkpt lat="-8.080052" lon="-34.909482">
    <ele>8.6</ele>
    <time>2021-09-15T23:45:36.000Z</time>
   </trkpt>
   <trkpt lat="-8.080104" lon="-34.90949">
    <ele>8.6</ele>
    <time>2021-09-15T23:45:38.000Z</time>
   </trkpt>
   <trkpt lat="-8.080133" lon="-34.909493">
    <ele>8.7</ele>
    <time>2021-09-15T23:45:41.000Z</time>
   </trkpt>
   <trkpt lat="-8.080193" lon="-34.909492">
    <ele>8.7</ele>
    <time>2021-09-15T23:45:44.000Z</time>
   </trkpt>
   <trkpt lat="-8.080218" lon="-34.909483">
    <ele>8.7</ele>
    <time>2021-09-15T23:45:47.000Z</time>
   </trkpt>
   <trkpt lat="-8.080236" lon="-34.909463">
    <ele>8.7</ele>
    <time>2021-09-15T23:45:51.000Z</time>
   </trkpt>
   <trkpt lat="-8.080254" lon="-34.909463">
    <ele>8.7</ele>
    <time>2021-09-15T23:45:55.000Z</time>
   </trkpt>
   <trkpt lat="-8.080381" lon="-34.909438">
    <ele>8.7</ele>
    <time>2021-09-15T23:46:12.000Z</time>
   </trkpt>
   <trkpt lat="-8.080425" lon="-34.90943">
    <ele>8.6</ele>
    <time>2021-09-15T23:46:14.000Z</time>
   </trkpt>
   <trkpt lat="-8.080522" lon="-34.909399">
    <ele>8.6</ele>
    <time>2021-09-15T23:46:17.000Z</time>
   </trkpt>
   <trkpt lat="-8.080555" lon="-34.909386">
    <ele>8.6</ele>
    <time>2021-09-15T23:46:18.000Z</time>
   </trkpt>
   <trkpt lat="-8.080586" lon="-34.909378">
    <ele>8.5</ele>
    <time>2021-09-15T23:46:19.000Z</time>
   </trkpt>
   <trkpt lat="-8.080647" lon="-34.909363">
    <ele>8.5</ele>
    <time>2021-09-15T23:46:20.000Z</time>
   </trkpt>
   <trkpt lat="-8.08068" lon="-34.909349">
    <ele>8.5</ele>
    <time>2021-09-15T23:46:22.000Z</time>
   </trkpt>
   <trkpt lat="-8.080712" lon="-34.909335">
    <ele>8.5</ele>
    <time>2021-09-15T23:46:23.000Z</time>
   </trkpt>
   <trkpt lat="-8.080747" lon="-34.909327">
    <ele>8.4</ele>
    <time>2021-09-15T23:46:24.000Z</time>
   </trkpt>
   <trkpt lat="-8.080787" lon="-34.909312">
    <ele>8.4</ele>
    <time>2021-09-15T23:46:25.000Z</time>
   </trkpt>
   <trkpt lat="-8.080873" lon="-34.909289">
    <ele>8.3</ele>
    <time>2021-09-15T23:46:27.000Z</time>
   </trkpt>
   <trkpt lat="-8.080942" lon="-34.909268">
    <ele>8.3</ele>
    <time>2021-09-15T23:46:29.000Z</time>
   </trkpt>
   <trkpt lat="-8.080975" lon="-34.909259">
    <ele>8.2</ele>
    <time>2021-09-15T23:46:30.000Z</time>
   </trkpt>
   <trkpt lat="-8.081043" lon="-34.909239">
    <ele>8.2</ele>
    <time>2021-09-15T23:46:32.000Z</time>
   </trkpt>
   <trkpt lat="-8.081118" lon="-34.909202">
    <ele>8.1</ele>
    <time>2021-09-15T23:46:33.000Z</time>
   </trkpt>
   <trkpt lat="-8.081157" lon="-34.909187">
    <ele>8.1</ele>
    <time>2021-09-15T23:46:34.000Z</time>
   </trkpt>
   <trkpt lat="-8.081191" lon="-34.909172">
    <ele>8.1</ele>
    <time>2021-09-15T23:46:36.000Z</time>
   </trkpt>
   <trkpt lat="-8.081271" lon="-34.909149">
    <ele>8.1</ele>
    <time>2021-09-15T23:46:37.000Z</time>
   </trkpt>
   <trkpt lat="-8.081313" lon="-34.909136">
    <ele>8.1</ele>
    <time>2021-09-15T23:46:38.000Z</time>
   </trkpt>
   <trkpt lat="-8.08136" lon="-34.909123">
    <ele>8.1</ele>
    <time>2021-09-15T23:46:40.000Z</time>
   </trkpt>
   <trkpt lat="-8.081406" lon="-34.909112">
    <ele>8.1</ele>
    <time>2021-09-15T23:46:41.000Z</time>
   </trkpt>
   <trkpt lat="-8.081446" lon="-34.909097">
    <ele>8.1</ele>
    <time>2021-09-15T23:46:42.000Z</time>
   </trkpt>
   <trkpt lat="-8.081525" lon="-34.909073">
    <ele>8</ele>
    <time>2021-09-15T23:46:44.000Z</time>
   </trkpt>
   <trkpt lat="-8.081569" lon="-34.909061">
    <ele>8</ele>
    <time>2021-09-15T23:46:45.000Z</time>
   </trkpt>
   <trkpt lat="-8.081654" lon="-34.909032">
    <ele>8</ele>
    <time>2021-09-15T23:46:47.000Z</time>
   </trkpt>
   <trkpt lat="-8.081739" lon="-34.909008">
    <ele>8</ele>
    <time>2021-09-15T23:46:49.000Z</time>
   </trkpt>
   <trkpt lat="-8.081812" lon="-34.90898">
    <ele>8</ele>
    <time>2021-09-15T23:46:50.000Z</time>
   </trkpt>
   <trkpt lat="-8.081856" lon="-34.908966">
    <ele>8</ele>
    <time>2021-09-15T23:46:52.000Z</time>
   </trkpt>
   <trkpt lat="-8.08195" lon="-34.908942">
    <ele>8</ele>
    <time>2021-09-15T23:46:53.000Z</time>
   </trkpt>
   <trkpt lat="-8.08199" lon="-34.908928">
    <ele>8</ele>
    <time>2021-09-15T23:46:55.000Z</time>
   </trkpt>
   <trkpt lat="-8.082036" lon="-34.90892">
    <ele>8</ele>
    <time>2021-09-15T23:46:56.000Z</time>
   </trkpt>
   <trkpt lat="-8.082076" lon="-34.908901">
    <ele>8</ele>
    <time>2021-09-15T23:46:57.000Z</time>
   </trkpt>
   <trkpt lat="-8.082166" lon="-34.908872">
    <ele>8</ele>
    <time>2021-09-15T23:46:58.000Z</time>
   </trkpt>
   <trkpt lat="-8.082213" lon="-34.908861">
    <ele>8</ele>
    <time>2021-09-15T23:46:59.000Z</time>
   </trkpt>
   <trkpt lat="-8.082252" lon="-34.90885">
    <ele>8</ele>
    <time>2021-09-15T23:47:01.000Z</time>
   </trkpt>
   <trkpt lat="-8.082337" lon="-34.908811">
    <ele>7.9</ele>
    <time>2021-09-15T23:47:02.000Z</time>
   </trkpt>
   <trkpt lat="-8.082372" lon="-34.908779">
    <ele>7.9</ele>
    <time>2021-09-15T23:47:04.000Z</time>
   </trkpt>
   <trkpt lat="-8.082399" lon="-34.908715">
    <ele>7.9</ele>
    <time>2021-09-15T23:47:06.000Z</time>
   </trkpt>
   <trkpt lat="-8.082403" lon="-34.908675">
    <ele>7.9</ele>
    <time>2021-09-15T23:47:07.000Z</time>
   </trkpt>
   <trkpt lat="-8.082421" lon="-34.908641">
    <ele>7.8</ele>
    <time>2021-09-15T23:47:08.000Z</time>
   </trkpt>
   <trkpt lat="-8.082439" lon="-34.908562">
    <ele>7.8</ele>
    <time>2021-09-15T23:47:10.000Z</time>
   </trkpt>
   <trkpt lat="-8.082453" lon="-34.90848">
    <ele>7.8</ele>
    <time>2021-09-15T23:47:12.000Z</time>
   </trkpt>
   <trkpt lat="-8.082456" lon="-34.908439">
    <ele>7.8</ele>
    <time>2021-09-15T23:47:13.000Z</time>
   </trkpt>
   <trkpt lat="-8.082464" lon="-34.908363">
    <ele>7.8</ele>
    <time>2021-09-15T23:47:14.000Z</time>
   </trkpt>
   <trkpt lat="-8.082463" lon="-34.908329">
    <ele>7.8</ele>
    <time>2021-09-15T23:47:15.000Z</time>
   </trkpt>
   <trkpt lat="-8.082461" lon="-34.908293">
    <ele>7.8</ele>
    <time>2021-09-15T23:47:17.000Z</time>
   </trkpt>
   <trkpt lat="-8.082462" lon="-34.908257">
    <ele>7.8</ele>
    <time>2021-09-15T23:47:18.000Z</time>
   </trkpt>
   <trkpt lat="-8.082465" lon="-34.908164">
    <ele>7.8</ele>
    <time>2021-09-15T23:47:20.000Z</time>
   </trkpt>
   <trkpt lat="-8.082459" lon="-34.908124">
    <ele>7.8</ele>
    <time>2021-09-15T23:47:21.000Z</time>
   </trkpt>
   <trkpt lat="-8.082465" lon="-34.90804">
    <ele>7.8</ele>
    <time>2021-09-15T23:47:23.000Z</time>
   </trkpt>
   <trkpt lat="-8.082474" lon="-34.907994">
    <ele>7.8</ele>
    <time>2021-09-15T23:47:24.000Z</time>
   </trkpt>
   <trkpt lat="-8.082487" lon="-34.907955">
    <ele>7.8</ele>
    <time>2021-09-15T23:47:25.000Z</time>
   </trkpt>
   <trkpt lat="-8.082504" lon="-34.907887">
    <ele>7.8</ele>
    <time>2021-09-15T23:47:26.000Z</time>
   </trkpt>
   <trkpt lat="-8.082513" lon="-34.907858">
    <ele>7.8</ele>
    <time>2021-09-15T23:47:27.000Z</time>
   </trkpt>
   <trkpt lat="-8.08252" lon="-34.907821">
    <ele>7.8</ele>
    <time>2021-09-15T23:47:29.000Z</time>
   </trkpt>
   <trkpt lat="-8.082523" lon="-34.907788">
    <ele>7.7</ele>
    <time>2021-09-15T23:47:30.000Z</time>
   </trkpt>
   <trkpt lat="-8.08254" lon="-34.907711">
    <ele>7.7</ele>
    <time>2021-09-15T23:47:31.000Z</time>
   </trkpt>
   <trkpt lat="-8.082548" lon="-34.907671">
    <ele>7.7</ele>
    <time>2021-09-15T23:47:33.000Z</time>
   </trkpt>
   <trkpt lat="-8.082558" lon="-34.90763">
    <ele>7.7</ele>
    <time>2021-09-15T23:47:34.000Z</time>
   </trkpt>
   <trkpt lat="-8.082568" lon="-34.907552">
    <ele>7.7</ele>
    <time>2021-09-15T23:47:36.000Z</time>
   </trkpt>
   <trkpt lat="-8.082569" lon="-34.907518">
    <ele>7.7</ele>
    <time>2021-09-15T23:47:37.000Z</time>
   </trkpt>
   <trkpt lat="-8.082576" lon="-34.907449">
    <ele>7.8</ele>
    <time>2021-09-15T23:47:39.000Z</time>
   </trkpt>
   <trkpt lat="-8.082592" lon="-34.907382">
    <ele>7.8</ele>
    <time>2021-09-15T23:47:41.000Z</time>
   </trkpt>
   <trkpt lat="-8.0826" lon="-34.907307">
    <ele>7.8</ele>
    <time>2021-09-15T23:47:43.000Z</time>
   </trkpt>
   <trkpt lat="-8.082601" lon="-34.907234">
    <ele>7.8</ele>
    <time>2021-09-15T23:47:45.000Z</time>
   </trkpt>
   <trkpt lat="-8.08261" lon="-34.907156">
    <ele>7.9</ele>
    <time>2021-09-15T23:47:47.000Z</time>
   </trkpt>
   <trkpt lat="-8.08262" lon="-34.90704">
    <ele>7.9</ele>
    <time>2021-09-15T23:47:49.000Z</time>
   </trkpt>
   <trkpt lat="-8.082644" lon="-34.906948">
    <ele>8</ele>
    <time>2021-09-15T23:47:50.000Z</time>
   </trkpt>
   <trkpt lat="-8.082653" lon="-34.906901">
    <ele>8</ele>
    <time>2021-09-15T23:47:52.000Z</time>
   </trkpt>
   <trkpt lat="-8.082665" lon="-34.906815">
    <ele>8</ele>
    <time>2021-09-15T23:47:53.000Z</time>
   </trkpt>
   <trkpt lat="-8.082676" lon="-34.906776">
    <ele>8.1</ele>
    <time>2021-09-15T23:47:54.000Z</time>
   </trkpt>
   <trkpt lat="-8.082689" lon="-34.906744">
    <ele>8.1</ele>
    <time>2021-09-15T23:47:56.000Z</time>
   </trkpt>
   <trkpt lat="-8.082755" lon="-34.906705">
    <ele>8.2</ele>
    <time>2021-09-15T23:47:58.000Z</time>
   </trkpt>
   <trkpt lat="-8.08279" lon="-34.906702">
    <ele>8.2</ele>
    <time>2021-09-15T23:47:59.000Z</time>
   </trkpt>
   <trkpt lat="-8.082861" lon="-34.906717">
    <ele>8.3</ele>
    <time>2021-09-15T23:48:01.000Z</time>
   </trkpt>
   <trkpt lat="-8.082925" lon="-34.906743">
    <ele>8.4</ele>
    <time>2021-09-15T23:48:03.000Z</time>
   </trkpt>
   <trkpt lat="-8.083004" lon="-34.906766">
    <ele>8.6</ele>
    <time>2021-09-15T23:48:05.000Z</time>
   </trkpt>
   <trkpt lat="-8.08308" lon="-34.906785">
    <ele>8.7</ele>
    <time>2021-09-15T23:48:07.000Z</time>
   </trkpt>
   <trkpt lat="-8.08311" lon="-34.906789">
    <ele>8.8</ele>
    <time>2021-09-15T23:48:08.000Z</time>
   </trkpt>
   <trkpt lat="-8.083182" lon="-34.906806">
    <ele>9</ele>
    <time>2021-09-15T23:48:10.000Z</time>
   </trkpt>
   <trkpt lat="-8.083227" lon="-34.906814">
    <ele>9.1</ele>
    <time>2021-09-15T23:48:11.000Z</time>
   </trkpt>
   <trkpt lat="-8.083274" lon="-34.906826">
    <ele>9.2</ele>
    <time>2021-09-15T23:48:12.000Z</time>
   </trkpt>
   <trkpt lat="-8.083358" lon="-34.90685">
    <ele>9.5</ele>
    <time>2021-09-15T23:48:14.000Z</time>
   </trkpt>
   <trkpt lat="-8.083399" lon="-34.906857">
    <ele>9.6</ele>
    <time>2021-09-15T23:48:15.000Z</time>
   </trkpt>
   <trkpt lat="-8.083492" lon="-34.906879">
    <ele>9.8</ele>
    <time>2021-09-15T23:48:17.000Z</time>
   </trkpt>
   <trkpt lat="-8.083566" lon="-34.906887">
    <ele>10</ele>
    <time>2021-09-15T23:48:18.000Z</time>
   </trkpt>
   <trkpt lat="-8.083599" lon="-34.906892">
    <ele>10</ele>
    <time>2021-09-15T23:48:20.000Z</time>
   </trkpt>
   <trkpt lat="-8.083674" lon="-34.906905">
    <ele>10.1</ele>
    <time>2021-09-15T23:48:22.000Z</time>
   </trkpt>
   <trkpt lat="-8.083743" lon="-34.906916">
    <ele>10.2</ele>
    <time>2021-09-15T23:48:24.000Z</time>
   </trkpt>
   <trkpt lat="-8.083808" lon="-34.906928">
    <ele>10.2</ele>
    <time>2021-09-15T23:48:26.000Z</time>
   </trkpt>
   <trkpt lat="-8.083877" lon="-34.906953">
    <ele>10.3</ele>
    <time>2021-09-15T23:48:27.000Z</time>
   </trkpt>
   <trkpt lat="-8.083926" lon="-34.906965">
    <ele>10.3</ele>
    <time>2021-09-15T23:48:28.000Z</time>
   </trkpt>
   <trkpt lat="-8.08398" lon="-34.906972">
    <ele>10.3</ele>
    <time>2021-09-15T23:48:29.000Z</time>
   </trkpt>
   <trkpt lat="-8.084027" lon="-34.906975">
    <ele>10.3</ele>
    <time>2021-09-15T23:48:31.000Z</time>
   </trkpt>
   <trkpt lat="-8.084101" lon="-34.906989">
    <ele>10.2</ele>
    <time>2021-09-15T23:48:33.000Z</time>
   </trkpt>
   <trkpt lat="-8.084136" lon="-34.907">
    <ele>10.2</ele>
    <time>2021-09-15T23:48:34.000Z</time>
   </trkpt>
   <trkpt lat="-8.084203" lon="-34.907018">
    <ele>10.1</ele>
    <time>2021-09-15T23:48:35.000Z</time>
   </trkpt>
   <trkpt lat="-8.084282" lon="-34.907046">
    <ele>10</ele>
    <time>2021-09-15T23:48:37.000Z</time>
   </trkpt>
   <trkpt lat="-8.084325" lon="-34.907063">
    <ele>9.9</ele>
    <time>2021-09-15T23:48:38.000Z</time>
   </trkpt>
   <trkpt lat="-8.084367" lon="-34.90708">
    <ele>9.8</ele>
    <time>2021-09-15T23:48:40.000Z</time>
   </trkpt>
   <trkpt lat="-8.084464" lon="-34.907109">
    <ele>9.5</ele>
    <time>2021-09-15T23:48:42.000Z</time>
   </trkpt>
   <trkpt lat="-8.084555" lon="-34.907134">
    <ele>9.2</ele>
    <time>2021-09-15T23:48:44.000Z</time>
   </trkpt>
   <trkpt lat="-8.084604" lon="-34.907152">
    <ele>9.1</ele>
    <time>2021-09-15T23:48:45.000Z</time>
   </trkpt>
   <trkpt lat="-8.084656" lon="-34.907165">
    <ele>8.9</ele>
    <time>2021-09-15T23:48:46.000Z</time>
   </trkpt>
   <trkpt lat="-8.084766" lon="-34.907193">
    <ele>8.7</ele>
    <time>2021-09-15T23:48:47.000Z</time>
   </trkpt>
   <trkpt lat="-8.084817" lon="-34.907217">
    <ele>8.6</ele>
    <time>2021-09-15T23:48:49.000Z</time>
   </trkpt>
   <trkpt lat="-8.08492" lon="-34.90723">
    <ele>8.5</ele>
    <time>2021-09-15T23:48:50.000Z</time>
   </trkpt>
   <trkpt lat="-8.084969" lon="-34.907243">
    <ele>8.4</ele>
    <time>2021-09-15T23:48:51.000Z</time>
   </trkpt>
   <trkpt lat="-8.085016" lon="-34.90726">
    <ele>8.3</ele>
    <time>2021-09-15T23:48:53.000Z</time>
   </trkpt>
   <trkpt lat="-8.085124" lon="-34.907286">
    <ele>8.2</ele>
    <time>2021-09-15T23:48:55.000Z</time>
   </trkpt>
   <trkpt lat="-8.085175" lon="-34.907303">
    <ele>8.1</ele>
    <time>2021-09-15T23:48:56.000Z</time>
   </trkpt>
   <trkpt lat="-8.085277" lon="-34.907327">
    <ele>8.1</ele>
    <time>2021-09-15T23:48:58.000Z</time>
   </trkpt>
   <trkpt lat="-8.085328" lon="-34.907346">
    <ele>8</ele>
    <time>2021-09-15T23:48:59.000Z</time>
   </trkpt>
   <trkpt lat="-8.085371" lon="-34.907359">
    <ele>8</ele>
    <time>2021-09-15T23:49:00.000Z</time>
   </trkpt>
   <trkpt lat="-8.08542" lon="-34.907374">
    <ele>8</ele>
    <time>2021-09-15T23:49:01.000Z</time>
   </trkpt>
   <trkpt lat="-8.085529" lon="-34.907398">
    <ele>8</ele>
    <time>2021-09-15T23:49:03.000Z</time>
   </trkpt>
   <trkpt lat="-8.085623" lon="-34.907424">
    <ele>8</ele>
    <time>2021-09-15T23:49:04.000Z</time>
   </trkpt>
   <trkpt lat="-8.085673" lon="-34.907418">
    <ele>8</ele>
    <time>2021-09-15T23:49:06.000Z</time>
   </trkpt>
   <trkpt lat="-8.085748" lon="-34.907431">
    <ele>8</ele>
    <time>2021-09-15T23:49:08.000Z</time>
   </trkpt>
   <trkpt lat="-8.0858" lon="-34.907435">
    <ele>8</ele>
    <time>2021-09-15T23:49:09.000Z</time>
   </trkpt>
   <trkpt lat="-8.085838" lon="-34.90744">
    <ele>8</ele>
    <time>2021-09-15T23:49:12.000Z</time>
   </trkpt>
   <trkpt lat="-8.085893" lon="-34.907451">
    <ele>8</ele>
    <time>2021-09-15T23:49:14.000Z</time>
   </trkpt>
   <trkpt lat="-8.085957" lon="-34.90747">
    <ele>8</ele>
    <time>2021-09-15T23:49:18.000Z</time>
   </trkpt>
   <trkpt lat="-8.086011" lon="-34.907487">
    <ele>7.9</ele>
    <time>2021-09-15T23:49:20.000Z</time>
   </trkpt>
   <trkpt lat="-8.086069" lon="-34.907508">
    <ele>7.9</ele>
    <time>2021-09-15T23:49:22.000Z</time>
   </trkpt>
   <trkpt lat="-8.086096" lon="-34.907521">
    <ele>7.9</ele>
    <time>2021-09-15T23:49:23.000Z</time>
   </trkpt>
   <trkpt lat="-8.086156" lon="-34.907531">
    <ele>7.9</ele>
    <time>2021-09-15T23:49:24.000Z</time>
   </trkpt>
   <trkpt lat="-8.086226" lon="-34.907553">
    <ele>7.9</ele>
    <time>2021-09-15T23:49:26.000Z</time>
   </trkpt>
   <trkpt lat="-8.086264" lon="-34.907558">
    <ele>7.9</ele>
    <time>2021-09-15T23:49:27.000Z</time>
   </trkpt>
   <trkpt lat="-8.086302" lon="-34.907573">
    <ele>7.9</ele>
    <time>2021-09-15T23:49:29.000Z</time>
   </trkpt>
   <trkpt lat="-8.086345" lon="-34.907578">
    <ele>7.9</ele>
    <time>2021-09-15T23:49:30.000Z</time>
   </trkpt>
   <trkpt lat="-8.086385" lon="-34.907587">
    <ele>7.9</ele>
    <time>2021-09-15T23:49:31.000Z</time>
   </trkpt>
   <trkpt lat="-8.086445" lon="-34.907606">
    <ele>7.9</ele>
    <time>2021-09-15T23:49:33.000Z</time>
   </trkpt>
   <trkpt lat="-8.086507" lon="-34.90764">
    <ele>7.9</ele>
    <time>2021-09-15T23:49:35.000Z</time>
   </trkpt>
   <trkpt lat="-8.086534" lon="-34.907643">
    <ele>7.9</ele>
    <time>2021-09-15T23:49:36.000Z</time>
   </trkpt>
   <trkpt lat="-8.086593" lon="-34.907638">
    <ele>7.9</ele>
    <time>2021-09-15T23:49:38.000Z</time>
   </trkpt>
   <trkpt lat="-8.086631" lon="-34.907648">
    <ele>7.9</ele>
    <time>2021-09-15T23:49:39.000Z</time>
   </trkpt>
   <trkpt lat="-8.086692" lon="-34.907655">
    <ele>7.9</ele>
    <time>2021-09-15T23:49:43.000Z</time>
   </trkpt>
   <trkpt lat="-8.086745" lon="-34.907668">
    <ele>7.8</ele>
    <time>2021-09-15T23:49:45.000Z</time>
   </trkpt>
   <trkpt lat="-8.086813" lon="-34.907685">
    <ele>7.8</ele>
    <time>2021-09-15T23:49:47.000Z</time>
   </trkpt>
   <trkpt lat="-8.086877" lon="-34.907689">
    <ele>7.8</ele>
    <time>2021-09-15T23:49:49.000Z</time>
   </trkpt>
   <trkpt lat="-8.086916" lon="-34.907701">
    <ele>7.8</ele>
    <time>2021-09-15T23:49:50.000Z</time>
   </trkpt>
   <trkpt lat="-8.086955" lon="-34.907712">
    <ele>7.7</ele>
    <time>2021-09-15T23:49:51.000Z</time>
   </trkpt>
   <trkpt lat="-8.087036" lon="-34.907716">
    <ele>7.7</ele>
    <time>2021-09-15T23:49:53.000Z</time>
   </trkpt>
   <trkpt lat="-8.087084" lon="-34.907713">
    <ele>7.7</ele>
    <time>2021-09-15T23:49:54.000Z</time>
   </trkpt>
   <trkpt lat="-8.087129" lon="-34.907726">
    <ele>7.7</ele>
    <time>2021-09-15T23:49:55.000Z</time>
   </trkpt>
   <trkpt lat="-8.087175" lon="-34.907743">
    <ele>7.7</ele>
    <time>2021-09-15T23:49:56.000Z</time>
   </trkpt>
   <trkpt lat="-8.087214" lon="-34.907749">
    <ele>7.7</ele>
    <time>2021-09-15T23:49:57.000Z</time>
   </trkpt>
   <trkpt lat="-8.087287" lon="-34.90776">
    <ele>7.7</ele>
    <time>2021-09-15T23:49:59.000Z</time>
   </trkpt>
   <trkpt lat="-8.087369" lon="-34.907785">
    <ele>7.8</ele>
    <time>2021-09-15T23:50:01.000Z</time>
   </trkpt>
   <trkpt lat="-8.087444" lon="-34.907805">
    <ele>7.8</ele>
    <time>2021-09-15T23:50:03.000Z</time>
   </trkpt>
   <trkpt lat="-8.087518" lon="-34.907825">
    <ele>7.8</ele>
    <time>2021-09-15T23:50:05.000Z</time>
   </trkpt>
   <trkpt lat="-8.087583" lon="-34.907845">
    <ele>7.8</ele>
    <time>2021-09-15T23:50:07.000Z</time>
   </trkpt>
   <trkpt lat="-8.087627" lon="-34.907863">
    <ele>7.9</ele>
    <time>2021-09-15T23:50:09.000Z</time>
   </trkpt>
   <trkpt lat="-8.087674" lon="-34.907876">
    <ele>7.9</ele>
    <time>2021-09-15T23:50:10.000Z</time>
   </trkpt>
   <trkpt lat="-8.087699" lon="-34.90788">
    <ele>7.9</ele>
    <time>2021-09-15T23:50:11.000Z</time>
   </trkpt>
   <trkpt lat="-8.087762" lon="-34.9079">
    <ele>7.9</ele>
    <time>2021-09-15T23:50:14.000Z</time>
   </trkpt>
   <trkpt lat="-8.087813" lon="-34.907915">
    <ele>7.9</ele>
    <time>2021-09-15T23:50:18.000Z</time>
   </trkpt>
   <trkpt lat="-8.087847" lon="-34.907929">
    <ele>7.9</ele>
    <time>2021-09-15T23:50:20.000Z</time>
   </trkpt>
   <trkpt lat="-8.08791" lon="-34.907946">
    <ele>7.8</ele>
    <time>2021-09-15T23:50:23.000Z</time>
   </trkpt>
   <trkpt lat="-8.087986" lon="-34.907965">
    <ele>7.8</ele>
    <time>2021-09-15T23:50:26.000Z</time>
   </trkpt>
   <trkpt lat="-8.088034" lon="-34.907979">
    <ele>7.8</ele>
    <time>2021-09-15T23:50:28.000Z</time>
   </trkpt>
   <trkpt lat="-8.088052" lon="-34.90798">
    <ele>7.7</ele>
    <time>2021-09-15T23:50:29.000Z</time>
   </trkpt>
   <trkpt lat="-8.088108" lon="-34.907999">
    <ele>7.7</ele>
    <time>2021-09-15T23:50:31.000Z</time>
   </trkpt>
   <trkpt lat="-8.088137" lon="-34.908">
    <ele>7.7</ele>
    <time>2021-09-15T23:50:32.000Z</time>
   </trkpt>
   <trkpt lat="-8.088211" lon="-34.908009">
    <ele>7.6</ele>
    <time>2021-09-15T23:50:33.000Z</time>
   </trkpt>
   <trkpt lat="-8.088248" lon="-34.908021">
    <ele>7.6</ele>
    <time>2021-09-15T23:50:35.000Z</time>
   </trkpt>
   <trkpt lat="-8.088289" lon="-34.908037">
    <ele>7.6</ele>
    <time>2021-09-15T23:50:36.000Z</time>
   </trkpt>
   <trkpt lat="-8.088327" lon="-34.90805">
    <ele>7.6</ele>
    <time>2021-09-15T23:50:37.000Z</time>
   </trkpt>
   <trkpt lat="-8.088394" lon="-34.908059">
    <ele>7.6</ele>
    <time>2021-09-15T23:50:38.000Z</time>
   </trkpt>
   <trkpt lat="-8.088429" lon="-34.908061">
    <ele>7.6</ele>
    <time>2021-09-15T23:50:39.000Z</time>
   </trkpt>
   <trkpt lat="-8.088498" lon="-34.908071">
    <ele>7.5</ele>
    <time>2021-09-15T23:50:41.000Z</time>
   </trkpt>
   <trkpt lat="-8.088533" lon="-34.908076">
    <ele>7.5</ele>
    <time>2021-09-15T23:50:42.000Z</time>
   </trkpt>
   <trkpt lat="-8.08858" lon="-34.908081">
    <ele>7.5</ele>
    <time>2021-09-15T23:50:43.000Z</time>
   </trkpt>
   <trkpt lat="-8.088625" lon="-34.908081">
    <ele>7.5</ele>
    <time>2021-09-15T23:50:45.000Z</time>
   </trkpt>
   <trkpt lat="-8.088684" lon="-34.908078">
    <ele>7.5</ele>
    <time>2021-09-15T23:50:46.000Z</time>
   </trkpt>
   <trkpt lat="-8.088716" lon="-34.908079">
    <ele>7.5</ele>
    <time>2021-09-15T23:50:48.000Z</time>
   </trkpt>
   <trkpt lat="-8.088744" lon="-34.908079">
    <ele>7.5</ele>
    <time>2021-09-15T23:50:49.000Z</time>
   </trkpt>
   <trkpt lat="-8.088824" lon="-34.908092">
    <ele>7.6</ele>
    <time>2021-09-15T23:50:50.000Z</time>
   </trkpt>
   <trkpt lat="-8.088858" lon="-34.908102">
    <ele>7.6</ele>
    <time>2021-09-15T23:50:51.000Z</time>
   </trkpt>
   <trkpt lat="-8.088904" lon="-34.908118">
    <ele>7.6</ele>
    <time>2021-09-15T23:50:53.000Z</time>
   </trkpt>
   <trkpt lat="-8.088954" lon="-34.908133">
    <ele>7.6</ele>
    <time>2021-09-15T23:50:54.000Z</time>
   </trkpt>
   <trkpt lat="-8.088993" lon="-34.908144">
    <ele>7.6</ele>
    <time>2021-09-15T23:50:55.000Z</time>
   </trkpt>
   <trkpt lat="-8.089079" lon="-34.908157">
    <ele>7.6</ele>
    <time>2021-09-15T23:50:56.000Z</time>
   </trkpt>
   <trkpt lat="-8.089118" lon="-34.908166">
    <ele>7.7</ele>
    <time>2021-09-15T23:50:57.000Z</time>
   </trkpt>
   <trkpt lat="-8.089164" lon="-34.908179">
    <ele>7.7</ele>
    <time>2021-09-15T23:50:58.000Z</time>
   </trkpt>
   <trkpt lat="-8.089205" lon="-34.908188">
    <ele>7.7</ele>
    <time>2021-09-15T23:50:59.000Z</time>
   </trkpt>
   <trkpt lat="-8.08924" lon="-34.908195">
    <ele>7.7</ele>
    <time>2021-09-15T23:51:00.000Z</time>
   </trkpt>
   <trkpt lat="-8.08928" lon="-34.908205">
    <ele>7.7</ele>
    <time>2021-09-15T23:51:01.000Z</time>
   </trkpt>
   <trkpt lat="-8.089329" lon="-34.908216">
    <ele>7.7</ele>
    <time>2021-09-15T23:51:02.000Z</time>
   </trkpt>
   <trkpt lat="-8.089376" lon="-34.908223">
    <ele>7.7</ele>
    <time>2021-09-15T23:51:04.000Z</time>
   </trkpt>
   <trkpt lat="-8.089476" lon="-34.908239">
    <ele>7.8</ele>
    <time>2021-09-15T23:51:06.000Z</time>
   </trkpt>
   <trkpt lat="-8.089567" lon="-34.908264">
    <ele>7.8</ele>
    <time>2021-09-15T23:51:08.000Z</time>
   </trkpt>
   <trkpt lat="-8.089617" lon="-34.908278">
    <ele>7.8</ele>
    <time>2021-09-15T23:51:09.000Z</time>
   </trkpt>
   <trkpt lat="-8.089695" lon="-34.908303">
    <ele>7.8</ele>
    <time>2021-09-15T23:51:11.000Z</time>
   </trkpt>
   <trkpt lat="-8.089758" lon="-34.908317">
    <ele>7.8</ele>
    <time>2021-09-15T23:51:13.000Z</time>
   </trkpt>
   <trkpt lat="-8.08979" lon="-34.908323">
    <ele>7.8</ele>
    <time>2021-09-15T23:51:14.000Z</time>
   </trkpt>
   <trkpt lat="-8.089826" lon="-34.908328">
    <ele>7.8</ele>
    <time>2021-09-15T23:51:15.000Z</time>
   </trkpt>
   <trkpt lat="-8.089866" lon="-34.908332">
    <ele>7.8</ele>
    <time>2021-09-15T23:51:16.000Z</time>
   </trkpt>
   <trkpt lat="-8.089904" lon="-34.908342">
    <ele>7.8</ele>
    <time>2021-09-15T23:51:17.000Z</time>
   </trkpt>
   <trkpt lat="-8.08994" lon="-34.908355">
    <ele>7.8</ele>
    <time>2021-09-15T23:51:18.000Z</time>
   </trkpt>
   <trkpt lat="-8.089978" lon="-34.908366">
    <ele>7.8</ele>
    <time>2021-09-15T23:51:19.000Z</time>
   </trkpt>
   <trkpt lat="-8.090052" lon="-34.908395">
    <ele>7.8</ele>
    <time>2021-09-15T23:51:20.000Z</time>
   </trkpt>
   <trkpt lat="-8.090086" lon="-34.908403">
    <ele>7.7</ele>
    <time>2021-09-15T23:51:22.000Z</time>
   </trkpt>
   <trkpt lat="-8.090155" lon="-34.908422">
    <ele>7.7</ele>
    <time>2021-09-15T23:51:24.000Z</time>
   </trkpt>
   <trkpt lat="-8.090222" lon="-34.908431">
    <ele>7.7</ele>
    <time>2021-09-15T23:51:26.000Z</time>
   </trkpt>
   <trkpt lat="-8.090292" lon="-34.908431">
    <ele>7.7</ele>
    <time>2021-09-15T23:51:28.000Z</time>
   </trkpt>
   <trkpt lat="-8.090324" lon="-34.908433">
    <ele>7.7</ele>
    <time>2021-09-15T23:51:29.000Z</time>
   </trkpt>
   <trkpt lat="-8.090392" lon="-34.908451">
    <ele>7.7</ele>
    <time>2021-09-15T23:51:30.000Z</time>
   </trkpt>
   <trkpt lat="-8.090434" lon="-34.908457">
    <ele>7.7</ele>
    <time>2021-09-15T23:51:32.000Z</time>
   </trkpt>
   <trkpt lat="-8.090516" lon="-34.90848">
    <ele>7.7</ele>
    <time>2021-09-15T23:51:34.000Z</time>
   </trkpt>
   <trkpt lat="-8.090583" lon="-34.908506">
    <ele>7.7</ele>
    <time>2021-09-15T23:51:36.000Z</time>
   </trkpt>
   <trkpt lat="-8.090617" lon="-34.908522">
    <ele>7.7</ele>
    <time>2021-09-15T23:51:37.000Z</time>
   </trkpt>
   <trkpt lat="-8.090687" lon="-34.908538">
    <ele>7.7</ele>
    <time>2021-09-15T23:51:38.000Z</time>
   </trkpt>
   <trkpt lat="-8.090725" lon="-34.908545">
    <ele>7.7</ele>
    <time>2021-09-15T23:51:40.000Z</time>
   </trkpt>
   <trkpt lat="-8.090761" lon="-34.908541">
    <ele>7.7</ele>
    <time>2021-09-15T23:51:41.000Z</time>
   </trkpt>
   <trkpt lat="-8.090794" lon="-34.908543">
    <ele>7.8</ele>
    <time>2021-09-15T23:51:42.000Z</time>
   </trkpt>
   <trkpt lat="-8.090858" lon="-34.90856">
    <ele>7.8</ele>
    <time>2021-09-15T23:51:44.000Z</time>
   </trkpt>
   <trkpt lat="-8.090895" lon="-34.908579">
    <ele>7.8</ele>
    <time>2021-09-15T23:51:45.000Z</time>
   </trkpt>
   <trkpt lat="-8.090951" lon="-34.908599">
    <ele>7.8</ele>
    <time>2021-09-15T23:51:47.000Z</time>
   </trkpt>
   <trkpt lat="-8.090975" lon="-34.908604">
    <ele>7.8</ele>
    <time>2021-09-15T23:51:48.000Z</time>
   </trkpt>
   <trkpt lat="-8.091028" lon="-34.908624">
    <ele>7.8</ele>
    <time>2021-09-15T23:51:50.000Z</time>
   </trkpt>
   <trkpt lat="-8.091054" lon="-34.908635">
    <ele>7.8</ele>
    <time>2021-09-15T23:51:54.000Z</time>
   </trkpt>
   <trkpt lat="-8.091092" lon="-34.90864">
    <ele>7.8</ele>
    <time>2021-09-15T23:51:57.000Z</time>
   </trkpt>
   <trkpt lat="-8.091133" lon="-34.90865">
    <ele>7.8</ele>
    <time>2021-09-15T23:52:00.000Z</time>
   </trkpt>
   <trkpt lat="-8.091164" lon="-34.908656">
    <ele>7.8</ele>
    <time>2021-09-15T23:52:02.000Z</time>
   </trkpt>
   <trkpt lat="-8.091236" lon="-34.908666">
    <ele>7.8</ele>
    <time>2021-09-15T23:52:05.000Z</time>
   </trkpt>
   <trkpt lat="-8.091288" lon="-34.908673">
    <ele>7.8</ele>
    <time>2021-09-15T23:52:07.000Z</time>
   </trkpt>
   <trkpt lat="-8.091353" lon="-34.908689">
    <ele>7.7</ele>
    <time>2021-09-15T23:52:09.000Z</time>
   </trkpt>
   <trkpt lat="-8.091422" lon="-34.908716">
    <ele>7.7</ele>
    <time>2021-09-15T23:52:11.000Z</time>
   </trkpt>
   <trkpt lat="-8.091456" lon="-34.908726">
    <ele>7.7</ele>
    <time>2021-09-15T23:52:12.000Z</time>
   </trkpt>
   <trkpt lat="-8.091491" lon="-34.908733">
    <ele>7.7</ele>
    <time>2021-09-15T23:52:13.000Z</time>
   </trkpt>
   <trkpt lat="-8.091529" lon="-34.908737">
    <ele>7.7</ele>
    <time>2021-09-15T23:52:14.000Z</time>
   </trkpt>
   <trkpt lat="-8.091604" lon="-34.908745">
    <ele>7.6</ele>
    <time>2021-09-15T23:52:16.000Z</time>
   </trkpt>
   <trkpt lat="-8.091648" lon="-34.908757">
    <ele>7.6</ele>
    <time>2021-09-15T23:52:17.000Z</time>
   </trkpt>
   <trkpt lat="-8.091734" lon="-34.908773">
    <ele>7.6</ele>
    <time>2021-09-15T23:52:18.000Z</time>
   </trkpt>
   <trkpt lat="-8.091775" lon="-34.90878">
    <ele>7.6</ele>
    <time>2021-09-15T23:52:20.000Z</time>
   </trkpt>
   <trkpt lat="-8.091813" lon="-34.908791">
    <ele>7.6</ele>
    <time>2021-09-15T23:52:21.000Z</time>
   </trkpt>
   <trkpt lat="-8.091854" lon="-34.908802">
    <ele>7.6</ele>
    <time>2021-09-15T23:52:22.000Z</time>
   </trkpt>
   <trkpt lat="-8.091888" lon="-34.908814">
    <ele>7.6</ele>
    <time>2021-09-15T23:52:23.000Z</time>
   </trkpt>
   <trkpt lat="-8.09197" lon="-34.908826">
    <ele>7.5</ele>
    <time>2021-09-15T23:52:25.000Z</time>
   </trkpt>
   <trkpt lat="-8.092074" lon="-34.908846">
    <ele>7.5</ele>
    <time>2021-09-15T23:52:26.000Z</time>
   </trkpt>
   <trkpt lat="-8.092118" lon="-34.908861">
    <ele>7.5</ele>
    <time>2021-09-15T23:52:28.000Z</time>
   </trkpt>
   <trkpt lat="-8.092191" lon="-34.908883">
    <ele>7.5</ele>
    <time>2021-09-15T23:52:30.000Z</time>
   </trkpt>
   <trkpt lat="-8.092272" lon="-34.9089">
    <ele>7.4</ele>
    <time>2021-09-15T23:52:31.000Z</time>
   </trkpt>
   <trkpt lat="-8.092311" lon="-34.908908">
    <ele>7.4</ele>
    <time>2021-09-15T23:52:33.000Z</time>
   </trkpt>
   <trkpt lat="-8.09238" lon="-34.908926">
    <ele>7.4</ele>
    <time>2021-09-15T23:52:35.000Z</time>
   </trkpt>
   <trkpt lat="-8.092414" lon="-34.90893">
    <ele>7.4</ele>
    <time>2021-09-15T23:52:36.000Z</time>
   </trkpt>
   <trkpt lat="-8.092481" lon="-34.908945">
    <ele>7.4</ele>
    <time>2021-09-15T23:52:38.000Z</time>
   </trkpt>
   <trkpt lat="-8.092561" lon="-34.908964">
    <ele>7.4</ele>
    <time>2021-09-15T23:52:40.000Z</time>
   </trkpt>
   <trkpt lat="-8.092601" lon="-34.908969">
    <ele>7.4</ele>
    <time>2021-09-15T23:52:41.000Z</time>
   </trkpt>
   <trkpt lat="-8.092636" lon="-34.908972">
    <ele>7.4</ele>
    <time>2021-09-15T23:52:42.000Z</time>
   </trkpt>
   <trkpt lat="-8.09267" lon="-34.908986">
    <ele>7.4</ele>
    <time>2021-09-15T23:52:43.000Z</time>
   </trkpt>
   <trkpt lat="-8.092735" lon="-34.909001">
    <ele>7.5</ele>
    <time>2021-09-15T23:52:44.000Z</time>
   </trkpt>
   <trkpt lat="-8.09277" lon="-34.909012">
    <ele>7.5</ele>
    <time>2021-09-15T23:52:45.000Z</time>
   </trkpt>
   <trkpt lat="-8.092817" lon="-34.909025">
    <ele>7.5</ele>
    <time>2021-09-15T23:52:46.000Z</time>
   </trkpt>
   <trkpt lat="-8.092867" lon="-34.909036">
    <ele>7.5</ele>
    <time>2021-09-15T23:52:48.000Z</time>
   </trkpt>
   <trkpt lat="-8.092964" lon="-34.909035">
    <ele>7.5</ele>
    <time>2021-09-15T23:52:49.000Z</time>
   </trkpt>
   <trkpt lat="-8.093012" lon="-34.909033">
    <ele>7.6</ele>
    <time>2021-09-15T23:52:50.000Z</time>
   </trkpt>
   <trkpt lat="-8.093055" lon="-34.909034">
    <ele>7.6</ele>
    <time>2021-09-15T23:52:52.000Z</time>
   </trkpt>
   <trkpt lat="-8.093092" lon="-34.909041">
    <ele>7.6</ele>
    <time>2021-09-15T23:52:53.000Z</time>
   </trkpt>
   <trkpt lat="-8.093187" lon="-34.90905">
    <ele>7.6</ele>
    <time>2021-09-15T23:52:55.000Z</time>
   </trkpt>
   <trkpt lat="-8.093275" lon="-34.909067">
    <ele>7.6</ele>
    <time>2021-09-15T23:52:56.000Z</time>
   </trkpt>
   <trkpt lat="-8.093309" lon="-34.909074">
    <ele>7.6</ele>
    <time>2021-09-15T23:52:58.000Z</time>
   </trkpt>
   <trkpt lat="-8.093378" lon="-34.909107">
    <ele>7.5</ele>
    <time>2021-09-15T23:52:59.000Z</time>
   </trkpt>
   <trkpt lat="-8.093421" lon="-34.909123">
    <ele>7.5</ele>
    <time>2021-09-15T23:53:00.000Z</time>
   </trkpt>
   <trkpt lat="-8.093459" lon="-34.909139">
    <ele>7.5</ele>
    <time>2021-09-15T23:53:02.000Z</time>
   </trkpt>
   <trkpt lat="-8.093501" lon="-34.909161">
    <ele>7.5</ele>
    <time>2021-09-15T23:53:03.000Z</time>
   </trkpt>
   <trkpt lat="-8.093586" lon="-34.909193">
    <ele>7.5</ele>
    <time>2021-09-15T23:53:05.000Z</time>
   </trkpt>
   <trkpt lat="-8.093626" lon="-34.909206">
    <ele>7.5</ele>
    <time>2021-09-15T23:53:06.000Z</time>
   </trkpt>
   <trkpt lat="-8.093662" lon="-34.909213">
    <ele>7.5</ele>
    <time>2021-09-15T23:53:07.000Z</time>
   </trkpt>
   <trkpt lat="-8.093746" lon="-34.909225">
    <ele>7.5</ele>
    <time>2021-09-15T23:53:08.000Z</time>
   </trkpt>
   <trkpt lat="-8.093786" lon="-34.909237">
    <ele>7.4</ele>
    <time>2021-09-15T23:53:09.000Z</time>
   </trkpt>
   <trkpt lat="-8.093818" lon="-34.909243">
    <ele>7.4</ele>
    <time>2021-09-15T23:53:10.000Z</time>
   </trkpt>
   <trkpt lat="-8.09386" lon="-34.909258">
    <ele>7.4</ele>
    <time>2021-09-15T23:53:12.000Z</time>
   </trkpt>
   <trkpt lat="-8.093936" lon="-34.909275">
    <ele>7.4</ele>
    <time>2021-09-15T23:53:14.000Z</time>
   </trkpt>
   <trkpt lat="-8.093977" lon="-34.90928">
    <ele>7.4</ele>
    <time>2021-09-15T23:53:15.000Z</time>
   </trkpt>
   <trkpt lat="-8.094013" lon="-34.909287">
    <ele>7.4</ele>
    <time>2021-09-15T23:53:16.000Z</time>
   </trkpt>
   <trkpt lat="-8.094055" lon="-34.909294">
    <ele>7.4</ele>
    <time>2021-09-15T23:53:17.000Z</time>
   </trkpt>
   <trkpt lat="-8.094143" lon="-34.909318">
    <ele>7.5</ele>
    <time>2021-09-15T23:53:18.000Z</time>
   </trkpt>
   <trkpt lat="-8.094184" lon="-34.909326">
    <ele>7.5</ele>
    <time>2021-09-15T23:53:20.000Z</time>
   </trkpt>
   <trkpt lat="-8.094237" lon="-34.909361">
    <ele>7.5</ele>
    <time>2021-09-15T23:53:22.000Z</time>
   </trkpt>
   <trkpt lat="-8.094273" lon="-34.90937">
    <ele>7.5</ele>
    <time>2021-09-15T23:53:23.000Z</time>
   </trkpt>
   <trkpt lat="-8.094341" lon="-34.9094">
    <ele>7.5</ele>
    <time>2021-09-15T23:53:25.000Z</time>
   </trkpt>
   <trkpt lat="-8.094386" lon="-34.909413">
    <ele>7.5</ele>
    <time>2021-09-15T23:53:26.000Z</time>
   </trkpt>
   <trkpt lat="-8.094425" lon="-34.909425">
    <ele>7.5</ele>
    <time>2021-09-15T23:53:27.000Z</time>
   </trkpt>
   <trkpt lat="-8.094512" lon="-34.909441">
    <ele>7.5</ele>
    <time>2021-09-15T23:53:29.000Z</time>
   </trkpt>
   <trkpt lat="-8.09456" lon="-34.909438">
    <ele>7.5</ele>
    <time>2021-09-15T23:53:30.000Z</time>
   </trkpt>
   <trkpt lat="-8.094648" lon="-34.909443">
    <ele>7.5</ele>
    <time>2021-09-15T23:53:31.000Z</time>
   </trkpt>
   <trkpt lat="-8.094676" lon="-34.909456">
    <ele>7.5</ele>
    <time>2021-09-15T23:53:32.000Z</time>
   </trkpt>
   <trkpt lat="-8.094707" lon="-34.909464">
    <ele>7.5</ele>
    <time>2021-09-15T23:53:34.000Z</time>
   </trkpt>
   <trkpt lat="-8.094784" lon="-34.909466">
    <ele>7.5</ele>
    <time>2021-09-15T23:53:36.000Z</time>
   </trkpt>
   <trkpt lat="-8.094821" lon="-34.909472">
    <ele>7.5</ele>
    <time>2021-09-15T23:53:37.000Z</time>
   </trkpt>
   <trkpt lat="-8.094856" lon="-34.90948">
    <ele>7.5</ele>
    <time>2021-09-15T23:53:38.000Z</time>
   </trkpt>
   <trkpt lat="-8.094939" lon="-34.909497">
    <ele>7.5</ele>
    <time>2021-09-15T23:53:40.000Z</time>
   </trkpt>
   <trkpt lat="-8.094998" lon="-34.90952">
    <ele>7.5</ele>
    <time>2021-09-15T23:53:42.000Z</time>
   </trkpt>
   <trkpt lat="-8.095071" lon="-34.909537">
    <ele>7.5</ele>
    <time>2021-09-15T23:53:43.000Z</time>
   </trkpt>
   <trkpt lat="-8.095116" lon="-34.90954">
    <ele>7.4</ele>
    <time>2021-09-15T23:53:44.000Z</time>
   </trkpt>
   <trkpt lat="-8.095152" lon="-34.909545">
    <ele>7.4</ele>
    <time>2021-09-15T23:53:46.000Z</time>
   </trkpt>
   <trkpt lat="-8.09522" lon="-34.909577">
    <ele>7.4</ele>
    <time>2021-09-15T23:53:48.000Z</time>
   </trkpt>
   <trkpt lat="-8.095294" lon="-34.909588">
    <ele>7.4</ele>
    <time>2021-09-15T23:53:50.000Z</time>
   </trkpt>
   <trkpt lat="-8.095357" lon="-34.909601">
    <ele>7.4</ele>
    <time>2021-09-15T23:53:51.000Z</time>
   </trkpt>
   <trkpt lat="-8.095392" lon="-34.909608">
    <ele>7.4</ele>
    <time>2021-09-15T23:53:52.000Z</time>
   </trkpt>
   <trkpt lat="-8.095418" lon="-34.909614">
    <ele>7.4</ele>
    <time>2021-09-15T23:53:54.000Z</time>
   </trkpt>
   <trkpt lat="-8.095495" lon="-34.909618">
    <ele>7.3</ele>
    <time>2021-09-15T23:53:56.000Z</time>
   </trkpt>
   <trkpt lat="-8.095549" lon="-34.909629">
    <ele>7.3</ele>
    <time>2021-09-15T23:53:57.000Z</time>
   </trkpt>
   <trkpt lat="-8.095639" lon="-34.909641">
    <ele>7.3</ele>
    <time>2021-09-15T23:54:01.000Z</time>
   </trkpt>
   <trkpt lat="-8.095711" lon="-34.909657">
    <ele>7.3</ele>
    <time>2021-09-15T23:54:03.000Z</time>
   </trkpt>
   <trkpt lat="-8.095744" lon="-34.909661">
    <ele>7.4</ele>
    <time>2021-09-15T23:54:04.000Z</time>
   </trkpt>
   <trkpt lat="-8.095776" lon="-34.909667">
    <ele>7.4</ele>
    <time>2021-09-15T23:54:05.000Z</time>
   </trkpt>
   <trkpt lat="-8.095862" lon="-34.909687">
    <ele>7.4</ele>
    <time>2021-09-15T23:54:07.000Z</time>
   </trkpt>
   <trkpt lat="-8.095923" lon="-34.909714">
    <ele>7.5</ele>
    <time>2021-09-15T23:54:08.000Z</time>
   </trkpt>
   <trkpt lat="-8.095968" lon="-34.909716">
    <ele>7.5</ele>
    <time>2021-09-15T23:54:09.000Z</time>
   </trkpt>
   <trkpt lat="-8.09601" lon="-34.909717">
    <ele>7.5</ele>
    <time>2021-09-15T23:54:10.000Z</time>
   </trkpt>
   <trkpt lat="-8.096053" lon="-34.909723">
    <ele>7.6</ele>
    <time>2021-09-15T23:54:12.000Z</time>
   </trkpt>
   <trkpt lat="-8.096084" lon="-34.909733">
    <ele>7.6</ele>
    <time>2021-09-15T23:54:13.000Z</time>
   </trkpt>
   <trkpt lat="-8.096151" lon="-34.909748">
    <ele>7.6</ele>
    <time>2021-09-15T23:54:14.000Z</time>
   </trkpt>
   <trkpt lat="-8.096185" lon="-34.909753">
    <ele>7.6</ele>
    <time>2021-09-15T23:54:16.000Z</time>
   </trkpt>
   <trkpt lat="-8.096241" lon="-34.909766">
    <ele>7.6</ele>
    <time>2021-09-15T23:54:18.000Z</time>
   </trkpt>
   <trkpt lat="-8.096278" lon="-34.909779">
    <ele>7.6</ele>
    <time>2021-09-15T23:54:19.000Z</time>
   </trkpt>
   <trkpt lat="-8.09631" lon="-34.909799">
    <ele>7.6</ele>
    <time>2021-09-15T23:54:20.000Z</time>
   </trkpt>
   <trkpt lat="-8.096343" lon="-34.909815">
    <ele>7.6</ele>
    <time>2021-09-15T23:54:21.000Z</time>
   </trkpt>
   <trkpt lat="-8.0964" lon="-34.909841">
    <ele>7.5</ele>
    <time>2021-09-15T23:54:22.000Z</time>
   </trkpt>
   <trkpt lat="-8.096424" lon="-34.909848">
    <ele>7.5</ele>
    <time>2021-09-15T23:54:24.000Z</time>
   </trkpt>
   <trkpt lat="-8.096516" lon="-34.909866">
    <ele>7.5</ele>
    <time>2021-09-15T23:54:26.000Z</time>
   </trkpt>
   <trkpt lat="-8.09655" lon="-34.90987">
    <ele>7.5</ele>
    <time>2021-09-15T23:54:27.000Z</time>
   </trkpt>
   <trkpt lat="-8.09658" lon="-34.909876">
    <ele>7.4</ele>
    <time>2021-09-15T23:54:29.000Z</time>
   </trkpt>
   <trkpt lat="-8.096614" lon="-34.909882">
    <ele>7.4</ele>
    <time>2021-09-15T23:54:30.000Z</time>
   </trkpt>
   <trkpt lat="-8.096685" lon="-34.909911">
    <ele>7.4</ele>
    <time>2021-09-15T23:54:31.000Z</time>
   </trkpt>
   <trkpt lat="-8.096718" lon="-34.909915">
    <ele>7.4</ele>
    <time>2021-09-15T23:54:33.000Z</time>
   </trkpt>
   <trkpt lat="-8.096789" lon="-34.909938">
    <ele>7.4</ele>
    <time>2021-09-15T23:54:35.000Z</time>
   </trkpt>
   <trkpt lat="-8.096857" lon="-34.909963">
    <ele>7.3</ele>
    <time>2021-09-15T23:54:36.000Z</time>
   </trkpt>
   <trkpt lat="-8.096894" lon="-34.909968">
    <ele>7.3</ele>
    <time>2021-09-15T23:54:38.000Z</time>
   </trkpt>
   <trkpt lat="-8.09697" lon="-34.909984">
    <ele>7.3</ele>
    <time>2021-09-15T23:54:40.000Z</time>
   </trkpt>
   <trkpt lat="-8.097044" lon="-34.910001">
    <ele>7.2</ele>
    <time>2021-09-15T23:54:41.000Z</time>
   </trkpt>
   <trkpt lat="-8.097082" lon="-34.910005">
    <ele>7.2</ele>
    <time>2021-09-15T23:54:42.000Z</time>
   </trkpt>
   <trkpt lat="-8.097121" lon="-34.910011">
    <ele>7.2</ele>
    <time>2021-09-15T23:54:44.000Z</time>
   </trkpt>
   <trkpt lat="-8.097179" lon="-34.910018">
    <ele>7.2</ele>
    <time>2021-09-15T23:54:45.000Z</time>
   </trkpt>
   <trkpt lat="-8.097228" lon="-34.910029">
    <ele>7.2</ele>
    <time>2021-09-15T23:54:46.000Z</time>
   </trkpt>
   <trkpt lat="-8.097273" lon="-34.910038">
    <ele>7.2</ele>
    <time>2021-09-15T23:54:47.000Z</time>
   </trkpt>
   <trkpt lat="-8.097325" lon="-34.910032">
    <ele>7.2</ele>
    <time>2021-09-15T23:54:48.000Z</time>
   </trkpt>
   <trkpt lat="-8.097408" lon="-34.910026">
    <ele>7.1</ele>
    <time>2021-09-15T23:54:49.000Z</time>
   </trkpt>
   <trkpt lat="-8.097442" lon="-34.91003">
    <ele>7.1</ele>
    <time>2021-09-15T23:54:50.000Z</time>
   </trkpt>
   <trkpt lat="-8.097475" lon="-34.910035">
    <ele>7.1</ele>
    <time>2021-09-15T23:54:51.000Z</time>
   </trkpt>
   <trkpt lat="-8.097556" lon="-34.910045">
    <ele>7.2</ele>
    <time>2021-09-15T23:54:53.000Z</time>
   </trkpt>
   <trkpt lat="-8.097595" lon="-34.910052">
    <ele>7.2</ele>
    <time>2021-09-15T23:54:54.000Z</time>
   </trkpt>
   <trkpt lat="-8.097638" lon="-34.91006">
    <ele>7.2</ele>
    <time>2021-09-15T23:54:56.000Z</time>
   </trkpt>
   <trkpt lat="-8.097745" lon="-34.910076">
    <ele>7.3</ele>
    <time>2021-09-15T23:54:58.000Z</time>
   </trkpt>
   <trkpt lat="-8.097787" lon="-34.91009">
    <ele>7.3</ele>
    <time>2021-09-15T23:54:59.000Z</time>
   </trkpt>
   <trkpt lat="-8.097856" lon="-34.910115">
    <ele>7.4</ele>
    <time>2021-09-15T23:55:01.000Z</time>
   </trkpt>
   <trkpt lat="-8.097889" lon="-34.910128">
    <ele>7.4</ele>
    <time>2021-09-15T23:55:02.000Z</time>
   </trkpt>
   <trkpt lat="-8.097973" lon="-34.910149">
    <ele>7.4</ele>
    <time>2021-09-15T23:55:04.000Z</time>
   </trkpt>
   <trkpt lat="-8.098024" lon="-34.910159">
    <ele>7.5</ele>
    <time>2021-09-15T23:55:05.000Z</time>
   </trkpt>
   <trkpt lat="-8.098112" lon="-34.910171">
    <ele>7.5</ele>
    <time>2021-09-15T23:55:07.000Z</time>
   </trkpt>
   <trkpt lat="-8.098149" lon="-34.910176">
    <ele>7.5</ele>
    <time>2021-09-15T23:55:08.000Z</time>
   </trkpt>
   <trkpt lat="-8.09819" lon="-34.910182">
    <ele>7.5</ele>
    <time>2021-09-15T23:55:09.000Z</time>
   </trkpt>
   <trkpt lat="-8.098276" lon="-34.910188">
    <ele>7.6</ele>
    <time>2021-09-15T23:55:11.000Z</time>
   </trkpt>
   <trkpt lat="-8.098363" lon="-34.910193">
    <ele>7.6</ele>
    <time>2021-09-15T23:55:12.000Z</time>
   </trkpt>
   <trkpt lat="-8.098399" lon="-34.910193">
    <ele>7.6</ele>
    <time>2021-09-15T23:55:14.000Z</time>
   </trkpt>
   <trkpt lat="-8.098477" lon="-34.910208">
    <ele>7.6</ele>
    <time>2021-09-15T23:55:16.000Z</time>
   </trkpt>
   <trkpt lat="-8.098568" lon="-34.91021">
    <ele>7.6</ele>
    <time>2021-09-15T23:55:17.000Z</time>
   </trkpt>
   <trkpt lat="-8.098606" lon="-34.910212">
    <ele>7.6</ele>
    <time>2021-09-15T23:55:19.000Z</time>
   </trkpt>
   <trkpt lat="-8.098646" lon="-34.910215">
    <ele>7.6</ele>
    <time>2021-09-15T23:55:20.000Z</time>
   </trkpt>
   <trkpt lat="-8.098725" lon="-34.910224">
    <ele>7.6</ele>
    <time>2021-09-15T23:55:22.000Z</time>
   </trkpt>
   <trkpt lat="-8.098761" lon="-34.910225">
    <ele>7.7</ele>
    <time>2021-09-15T23:55:23.000Z</time>
   </trkpt>
   <trkpt lat="-8.098831" lon="-34.910237">
    <ele>7.7</ele>
    <time>2021-09-15T23:55:25.000Z</time>
   </trkpt>
   <trkpt lat="-8.09887" lon="-34.910249">
    <ele>7.7</ele>
    <time>2021-09-15T23:55:26.000Z</time>
   </trkpt>
   <trkpt lat="-8.098912" lon="-34.910254">
    <ele>7.7</ele>
    <time>2021-09-15T23:55:27.000Z</time>
   </trkpt>
   <trkpt lat="-8.098999" lon="-34.910272">
    <ele>7.8</ele>
    <time>2021-09-15T23:55:29.000Z</time>
   </trkpt>
   <trkpt lat="-8.099049" lon="-34.910265">
    <ele>7.8</ele>
    <time>2021-09-15T23:55:30.000Z</time>
   </trkpt>
   <trkpt lat="-8.099086" lon="-34.910264">
    <ele>7.8</ele>
    <time>2021-09-15T23:55:31.000Z</time>
   </trkpt>
   <trkpt lat="-8.099121" lon="-34.910268">
    <ele>7.8</ele>
    <time>2021-09-15T23:55:32.000Z</time>
   </trkpt>
   <trkpt lat="-8.099153" lon="-34.910276">
    <ele>7.8</ele>
    <time>2021-09-15T23:55:33.000Z</time>
   </trkpt>
   <trkpt lat="-8.099189" lon="-34.91029">
    <ele>7.9</ele>
    <time>2021-09-15T23:55:34.000Z</time>
   </trkpt>
   <trkpt lat="-8.099274" lon="-34.910316">
    <ele>7.9</ele>
    <time>2021-09-15T23:55:35.000Z</time>
   </trkpt>
   <trkpt lat="-8.099315" lon="-34.91031">
    <ele>7.9</ele>
    <time>2021-09-15T23:55:36.000Z</time>
   </trkpt>
   <trkpt lat="-8.099347" lon="-34.910322">
    <ele>8</ele>
    <time>2021-09-15T23:55:38.000Z</time>
   </trkpt>
   <trkpt lat="-8.099412" lon="-34.910335">
    <ele>8.1</ele>
    <time>2021-09-15T23:55:39.000Z</time>
   </trkpt>
   <trkpt lat="-8.099484" lon="-34.910334">
    <ele>8.2</ele>
    <time>2021-09-15T23:55:42.000Z</time>
   </trkpt>
   <trkpt lat="-8.099527" lon="-34.910327">
    <ele>8.2</ele>
    <time>2021-09-15T23:55:43.000Z</time>
   </trkpt>
   <trkpt lat="-8.099571" lon="-34.910334">
    <ele>8.3</ele>
    <time>2021-09-15T23:55:44.000Z</time>
   </trkpt>
   <trkpt lat="-8.099667" lon="-34.910349">
    <ele>8.4</ele>
    <time>2021-09-15T23:55:46.000Z</time>
   </trkpt>
   <trkpt lat="-8.099697" lon="-34.910346">
    <ele>8.5</ele>
    <time>2021-09-15T23:55:47.000Z</time>
   </trkpt>
   <trkpt lat="-8.099774" lon="-34.910344">
    <ele>8.6</ele>
    <time>2021-09-15T23:55:49.000Z</time>
   </trkpt>
   <trkpt lat="-8.09982" lon="-34.910338">
    <ele>8.7</ele>
    <time>2021-09-15T23:55:50.000Z</time>
   </trkpt>
   <trkpt lat="-8.099862" lon="-34.910328">
    <ele>8.8</ele>
    <time>2021-09-15T23:55:51.000Z</time>
   </trkpt>
   <trkpt lat="-8.09994" lon="-34.910329">
    <ele>8.9</ele>
    <time>2021-09-15T23:55:52.000Z</time>
   </trkpt>
   <trkpt lat="-8.099975" lon="-34.910334">
    <ele>9</ele>
    <time>2021-09-15T23:55:53.000Z</time>
   </trkpt>
   <trkpt lat="-8.100012" lon="-34.910335">
    <ele>9</ele>
    <time>2021-09-15T23:55:55.000Z</time>
   </trkpt>
   <trkpt lat="-8.100052" lon="-34.910333">
    <ele>9.1</ele>
    <time>2021-09-15T23:55:56.000Z</time>
   </trkpt>
   <trkpt lat="-8.100126" lon="-34.910329">
    <ele>9.2</ele>
    <time>2021-09-15T23:55:57.000Z</time>
   </trkpt>
   <trkpt lat="-8.100159" lon="-34.910332">
    <ele>9.3</ele>
    <time>2021-09-15T23:55:58.000Z</time>
   </trkpt>
   <trkpt lat="-8.100231" lon="-34.910332">
    <ele>9.3</ele>
    <time>2021-09-15T23:56:00.000Z</time>
   </trkpt>
   <trkpt lat="-8.100265" lon="-34.910328">
    <ele>9.4</ele>
    <time>2021-09-15T23:56:01.000Z</time>
   </trkpt>
   <trkpt lat="-8.100305" lon="-34.910323">
    <ele>9.4</ele>
    <time>2021-09-15T23:56:02.000Z</time>
   </trkpt>
   <trkpt lat="-8.100337" lon="-34.910324">
    <ele>9.4</ele>
    <time>2021-09-15T23:56:04.000Z</time>
   </trkpt>
   <trkpt lat="-8.100369" lon="-34.910331">
    <ele>9.4</ele>
    <time>2021-09-15T23:56:05.000Z</time>
   </trkpt>
   <trkpt lat="-8.100399" lon="-34.910333">
    <ele>9.4</ele>
    <time>2021-09-15T23:56:06.000Z</time>
   </trkpt>
   <trkpt lat="-8.100436" lon="-34.910332">
    <ele>9.4</ele>
    <time>2021-09-15T23:56:07.000Z</time>
   </trkpt>
   <trkpt lat="-8.100503" lon="-34.910339">
    <ele>9.5</ele>
    <time>2021-09-15T23:56:08.000Z</time>
   </trkpt>
   <trkpt lat="-8.100531" lon="-34.910342">
    <ele>9.5</ele>
    <time>2021-09-15T23:56:10.000Z</time>
   </trkpt>
   <trkpt lat="-8.100598" lon="-34.910349">
    <ele>9.5</ele>
    <time>2021-09-15T23:56:12.000Z</time>
   </trkpt>
   <trkpt lat="-8.100631" lon="-34.910367">
    <ele>9.5</ele>
    <time>2021-09-15T23:56:13.000Z</time>
   </trkpt>
   <trkpt lat="-8.100744" lon="-34.910392">
    <ele>9.5</ele>
    <time>2021-09-15T23:56:14.000Z</time>
   </trkpt>
   <trkpt lat="-8.100795" lon="-34.910408">
    <ele>9.4</ele>
    <time>2021-09-15T23:56:16.000Z</time>
   </trkpt>
   <trkpt lat="-8.100908" lon="-34.910429">
    <ele>9.3</ele>
    <time>2021-09-15T23:56:17.000Z</time>
   </trkpt>
   <trkpt lat="-8.100963" lon="-34.910448">
    <ele>9.2</ele>
    <time>2021-09-15T23:56:19.000Z</time>
   </trkpt>
   <trkpt lat="-8.101012" lon="-34.910459">
    <ele>9.1</ele>
    <time>2021-09-15T23:56:20.000Z</time>
   </trkpt>
   <trkpt lat="-8.101055" lon="-34.910475">
    <ele>9.1</ele>
    <time>2021-09-15T23:56:21.000Z</time>
   </trkpt>
   <trkpt lat="-8.101104" lon="-34.910486">
    <ele>9</ele>
    <time>2021-09-15T23:56:22.000Z</time>
   </trkpt>
   <trkpt lat="-8.101198" lon="-34.910504">
    <ele>9</ele>
    <time>2021-09-15T23:56:24.000Z</time>
   </trkpt>
   <trkpt lat="-8.101246" lon="-34.910512">
    <ele>9</ele>
    <time>2021-09-15T23:56:25.000Z</time>
   </trkpt>
   <trkpt lat="-8.10133" lon="-34.91054">
    <ele>8.9</ele>
    <time>2021-09-15T23:56:26.000Z</time>
   </trkpt>
   <trkpt lat="-8.101371" lon="-34.910549">
    <ele>8.9</ele>
    <time>2021-09-15T23:56:27.000Z</time>
   </trkpt>
   <trkpt lat="-8.101414" lon="-34.910556">
    <ele>8.8</ele>
    <time>2021-09-15T23:56:29.000Z</time>
   </trkpt>
   <trkpt lat="-8.101454" lon="-34.910565">
    <ele>8.8</ele>
    <time>2021-09-15T23:56:30.000Z</time>
   </trkpt>
   <trkpt lat="-8.101544" lon="-34.910576">
    <ele>8.6</ele>
    <time>2021-09-15T23:56:32.000Z</time>
   </trkpt>
   <trkpt lat="-8.101632" lon="-34.910595">
    <ele>8.5</ele>
    <time>2021-09-15T23:56:34.000Z</time>
   </trkpt>
   <trkpt lat="-8.101686" lon="-34.910611">
    <ele>8.5</ele>
    <time>2021-09-15T23:56:35.000Z</time>
   </trkpt>
   <trkpt lat="-8.101722" lon="-34.910612">
    <ele>8.5</ele>
    <time>2021-09-15T23:56:36.000Z</time>
   </trkpt>
   <trkpt lat="-8.101782" lon="-34.910613">
    <ele>8.5</ele>
    <time>2021-09-15T23:56:37.000Z</time>
   </trkpt>
   <trkpt lat="-8.101815" lon="-34.910618">
    <ele>8.4</ele>
    <time>2021-09-15T23:56:39.000Z</time>
   </trkpt>
   <trkpt lat="-8.101902" lon="-34.91063">
    <ele>8.4</ele>
    <time>2021-09-15T23:56:41.000Z</time>
   </trkpt>
   <trkpt lat="-8.101986" lon="-34.910655">
    <ele>8.4</ele>
    <time>2021-09-15T23:56:42.000Z</time>
   </trkpt>
   <trkpt lat="-8.102039" lon="-34.910667">
    <ele>8.3</ele>
    <time>2021-09-15T23:56:43.000Z</time>
   </trkpt>
   <trkpt lat="-8.102098" lon="-34.910668">
    <ele>8.3</ele>
    <time>2021-09-15T23:56:44.000Z</time>
   </trkpt>
   <trkpt lat="-8.102138" lon="-34.910688">
    <ele>8.3</ele>
    <time>2021-09-15T23:56:46.000Z</time>
   </trkpt>
   <trkpt lat="-8.102198" lon="-34.910717">
    <ele>8.3</ele>
    <time>2021-09-15T23:56:47.000Z</time>
   </trkpt>
   <trkpt lat="-8.102242" lon="-34.910732">
    <ele>8.3</ele>
    <time>2021-09-15T23:56:48.000Z</time>
   </trkpt>
   <trkpt lat="-8.10232" lon="-34.910732">
    <ele>8.3</ele>
    <time>2021-09-15T23:56:50.000Z</time>
   </trkpt>
   <trkpt lat="-8.102356" lon="-34.910742">
    <ele>8.3</ele>
    <time>2021-09-15T23:56:51.000Z</time>
   </trkpt>
   <trkpt lat="-8.102387" lon="-34.910742">
    <ele>8.3</ele>
    <time>2021-09-15T23:56:52.000Z</time>
   </trkpt>
   <trkpt lat="-8.102474" lon="-34.910756">
    <ele>8.3</ele>
    <time>2021-09-15T23:56:54.000Z</time>
   </trkpt>
   <trkpt lat="-8.102548" lon="-34.910766">
    <ele>8.3</ele>
    <time>2021-09-15T23:56:56.000Z</time>
   </trkpt>
   <trkpt lat="-8.102622" lon="-34.910775">
    <ele>8.3</ele>
    <time>2021-09-15T23:56:58.000Z</time>
   </trkpt>
   <trkpt lat="-8.102699" lon="-34.910779">
    <ele>8.3</ele>
    <time>2021-09-15T23:56:59.000Z</time>
   </trkpt>
   <trkpt lat="-8.10274" lon="-34.910778">
    <ele>8.3</ele>
    <time>2021-09-15T23:57:01.000Z</time>
   </trkpt>
   <trkpt lat="-8.10281" lon="-34.910796">
    <ele>8.3</ele>
    <time>2021-09-15T23:57:02.000Z</time>
   </trkpt>
   <trkpt lat="-8.102853" lon="-34.910803">
    <ele>8.3</ele>
    <time>2021-09-15T23:57:04.000Z</time>
   </trkpt>
   <trkpt lat="-8.102938" lon="-34.910806">
    <ele>8.3</ele>
    <time>2021-09-15T23:57:05.000Z</time>
   </trkpt>
   <trkpt lat="-8.102982" lon="-34.910816">
    <ele>8.3</ele>
    <time>2021-09-15T23:57:07.000Z</time>
   </trkpt>
   <trkpt lat="-8.103072" lon="-34.910838">
    <ele>8.3</ele>
    <time>2021-09-15T23:57:09.000Z</time>
   </trkpt>
   <trkpt lat="-8.103107" lon="-34.910843">
    <ele>8.3</ele>
    <time>2021-09-15T23:57:10.000Z</time>
   </trkpt>
   <trkpt lat="-8.103188" lon="-34.91085">
    <ele>8.3</ele>
    <time>2021-09-15T23:57:11.000Z</time>
   </trkpt>
   <trkpt lat="-8.103231" lon="-34.910858">
    <ele>8.3</ele>
    <time>2021-09-15T23:57:13.000Z</time>
   </trkpt>
   <trkpt lat="-8.103325" lon="-34.910892">
    <ele>8.3</ele>
    <time>2021-09-15T23:57:14.000Z</time>
   </trkpt>
   <trkpt lat="-8.103372" lon="-34.910902">
    <ele>8.3</ele>
    <time>2021-09-15T23:57:16.000Z</time>
   </trkpt>
   <trkpt lat="-8.103462" lon="-34.910944">
    <ele>8.3</ele>
    <time>2021-09-15T23:57:18.000Z</time>
   </trkpt>
   <trkpt lat="-8.103549" lon="-34.910969">
    <ele>8.3</ele>
    <time>2021-09-15T23:57:19.000Z</time>
   </trkpt>
   <trkpt lat="-8.103594" lon="-34.910975">
    <ele>8.3</ele>
    <time>2021-09-15T23:57:20.000Z</time>
   </trkpt>
   <trkpt lat="-8.103633" lon="-34.910979">
    <ele>8.2</ele>
    <time>2021-09-15T23:57:21.000Z</time>
   </trkpt>
   <trkpt lat="-8.10367" lon="-34.910984">
    <ele>8.2</ele>
    <time>2021-09-15T23:57:23.000Z</time>
   </trkpt>
   <trkpt lat="-8.103711" lon="-34.910986">
    <ele>8.2</ele>
    <time>2021-09-15T23:57:24.000Z</time>
   </trkpt>
   <trkpt lat="-8.103756" lon="-34.910984">
    <ele>8.2</ele>
    <time>2021-09-15T23:57:25.000Z</time>
   </trkpt>
   <trkpt lat="-8.1038" lon="-34.910978">
    <ele>8.2</ele>
    <time>2021-09-15T23:57:26.000Z</time>
   </trkpt>
   <trkpt lat="-8.103884" lon="-34.910996">
    <ele>8.2</ele>
    <time>2021-09-15T23:57:28.000Z</time>
   </trkpt>
   <trkpt lat="-8.103923" lon="-34.911003">
    <ele>8.2</ele>
    <time>2021-09-15T23:57:29.000Z</time>
   </trkpt>
   <trkpt lat="-8.10401" lon="-34.911005">
    <ele>8.1</ele>
    <time>2021-09-15T23:57:31.000Z</time>
   </trkpt>
   <trkpt lat="-8.104033" lon="-34.910999">
    <ele>8.1</ele>
    <time>2021-09-15T23:57:32.000Z</time>
   </trkpt>
   <trkpt lat="-8.104127" lon="-34.911008">
    <ele>8.1</ele>
    <time>2021-09-15T23:57:35.000Z</time>
   </trkpt>
   <trkpt lat="-8.104154" lon="-34.911015">
    <ele>8.1</ele>
    <time>2021-09-15T23:57:36.000Z</time>
   </trkpt>
   <trkpt lat="-8.104183" lon="-34.911021">
    <ele>8.1</ele>
    <time>2021-09-15T23:57:37.000Z</time>
   </trkpt>
   <trkpt lat="-8.104213" lon="-34.911027">
    <ele>8.1</ele>
    <time>2021-09-15T23:57:38.000Z</time>
   </trkpt>
   <trkpt lat="-8.104241" lon="-34.911031">
    <ele>8.1</ele>
    <time>2021-09-15T23:57:39.000Z</time>
   </trkpt>
   <trkpt lat="-8.104272" lon="-34.911044">
    <ele>8.1</ele>
    <time>2021-09-15T23:57:40.000Z</time>
   </trkpt>
   <trkpt lat="-8.104314" lon="-34.911049">
    <ele>8.1</ele>
    <time>2021-09-15T23:57:41.000Z</time>
   </trkpt>
   <trkpt lat="-8.104351" lon="-34.911061">
    <ele>8.1</ele>
    <time>2021-09-15T23:57:42.000Z</time>
   </trkpt>
   <trkpt lat="-8.104434" lon="-34.911084">
    <ele>8.1</ele>
    <time>2021-09-15T23:57:43.000Z</time>
   </trkpt>
   <trkpt lat="-8.104482" lon="-34.911096">
    <ele>8.1</ele>
    <time>2021-09-15T23:57:45.000Z</time>
   </trkpt>
   <trkpt lat="-8.104519" lon="-34.911106">
    <ele>8.1</ele>
    <time>2021-09-15T23:57:46.000Z</time>
   </trkpt>
   <trkpt lat="-8.104555" lon="-34.911117">
    <ele>8.1</ele>
    <time>2021-09-15T23:57:47.000Z</time>
   </trkpt>
   <trkpt lat="-8.104603" lon="-34.911124">
    <ele>8.1</ele>
    <time>2021-09-15T23:57:48.000Z</time>
   </trkpt>
   <trkpt lat="-8.104698" lon="-34.911141">
    <ele>8.1</ele>
    <time>2021-09-15T23:57:50.000Z</time>
   </trkpt>
   <trkpt lat="-8.104747" lon="-34.91115">
    <ele>8.1</ele>
    <time>2021-09-15T23:57:51.000Z</time>
   </trkpt>
   <trkpt lat="-8.10479" lon="-34.91116">
    <ele>8.1</ele>
    <time>2021-09-15T23:57:52.000Z</time>
   </trkpt>
   <trkpt lat="-8.104828" lon="-34.911172">
    <ele>8.1</ele>
    <time>2021-09-15T23:57:53.000Z</time>
   </trkpt>
   <trkpt lat="-8.104905" lon="-34.911198">
    <ele>8</ele>
    <time>2021-09-15T23:57:54.000Z</time>
   </trkpt>
   <trkpt lat="-8.104946" lon="-34.911204">
    <ele>8</ele>
    <time>2021-09-15T23:57:56.000Z</time>
   </trkpt>
   <trkpt lat="-8.104983" lon="-34.911216">
    <ele>8</ele>
    <time>2021-09-15T23:57:57.000Z</time>
   </trkpt>
   <trkpt lat="-8.105019" lon="-34.911221">
    <ele>8</ele>
    <time>2021-09-15T23:57:58.000Z</time>
   </trkpt>
   <trkpt lat="-8.105106" lon="-34.911228">
    <ele>7.9</ele>
    <time>2021-09-15T23:57:59.000Z</time>
   </trkpt>
   <trkpt lat="-8.105143" lon="-34.911231">
    <ele>7.9</ele>
    <time>2021-09-15T23:58:01.000Z</time>
   </trkpt>
   <trkpt lat="-8.105186" lon="-34.91124">
    <ele>7.9</ele>
    <time>2021-09-15T23:58:02.000Z</time>
   </trkpt>
   <trkpt lat="-8.105223" lon="-34.911248">
    <ele>7.9</ele>
    <time>2021-09-15T23:58:03.000Z</time>
   </trkpt>
   <trkpt lat="-8.105267" lon="-34.911256">
    <ele>7.9</ele>
    <time>2021-09-15T23:58:04.000Z</time>
   </trkpt>
   <trkpt lat="-8.105344" lon="-34.911277">
    <ele>7.9</ele>
    <time>2021-09-15T23:58:05.000Z</time>
   </trkpt>
   <trkpt lat="-8.105389" lon="-34.91129">
    <ele>7.9</ele>
    <time>2021-09-15T23:58:06.000Z</time>
   </trkpt>
   <trkpt lat="-8.105427" lon="-34.911301">
    <ele>7.9</ele>
    <time>2021-09-15T23:58:07.000Z</time>
   </trkpt>
   <trkpt lat="-8.105468" lon="-34.911315">
    <ele>7.8</ele>
    <time>2021-09-15T23:58:08.000Z</time>
   </trkpt>
   <trkpt lat="-8.105498" lon="-34.911329">
    <ele>7.8</ele>
    <time>2021-09-15T23:58:10.000Z</time>
   </trkpt>
   <trkpt lat="-8.105559" lon="-34.911362">
    <ele>7.8</ele>
    <time>2021-09-15T23:58:12.000Z</time>
   </trkpt>
   <trkpt lat="-8.10559" lon="-34.911375">
    <ele>7.8</ele>
    <time>2021-09-15T23:58:13.000Z</time>
   </trkpt>
   <trkpt lat="-8.105682" lon="-34.911393">
    <ele>7.8</ele>
    <time>2021-09-15T23:58:15.000Z</time>
   </trkpt>
   <trkpt lat="-8.105723" lon="-34.911398">
    <ele>7.8</ele>
    <time>2021-09-15T23:58:16.000Z</time>
   </trkpt>
   <trkpt lat="-8.105803" lon="-34.911412">
    <ele>7.9</ele>
    <time>2021-09-15T23:58:17.000Z</time>
   </trkpt>
   <trkpt lat="-8.105846" lon="-34.911412">
    <ele>7.9</ele>
    <time>2021-09-15T23:58:19.000Z</time>
   </trkpt>
   <trkpt lat="-8.105894" lon="-34.911421">
    <ele>7.9</ele>
    <time>2021-09-15T23:58:20.000Z</time>
   </trkpt>
   <trkpt lat="-8.105993" lon="-34.911439">
    <ele>7.9</ele>
    <time>2021-09-15T23:58:21.000Z</time>
   </trkpt>
   <trkpt lat="-8.106035" lon="-34.911446">
    <ele>7.9</ele>
    <time>2021-09-15T23:58:22.000Z</time>
   </trkpt>
   <trkpt lat="-8.106068" lon="-34.911451">
    <ele>7.9</ele>
    <time>2021-09-15T23:58:23.000Z</time>
   </trkpt>
   <trkpt lat="-8.106098" lon="-34.911451">
    <ele>7.9</ele>
    <time>2021-09-15T23:58:24.000Z</time>
   </trkpt>
   <trkpt lat="-8.106164" lon="-34.911454">
    <ele>7.9</ele>
    <time>2021-09-15T23:58:26.000Z</time>
   </trkpt>
   <trkpt lat="-8.106194" lon="-34.911455">
    <ele>7.9</ele>
    <time>2021-09-15T23:58:27.000Z</time>
   </trkpt>
   <trkpt lat="-8.106269" lon="-34.911474">
    <ele>7.9</ele>
    <time>2021-09-15T23:58:29.000Z</time>
   </trkpt>
   <trkpt lat="-8.1063" lon="-34.911483">
    <ele>7.9</ele>
    <time>2021-09-15T23:58:30.000Z</time>
   </trkpt>
   <trkpt lat="-8.106342" lon="-34.91149">
    <ele>7.9</ele>
    <time>2021-09-15T23:58:32.000Z</time>
   </trkpt>
   <trkpt lat="-8.106385" lon="-34.911494">
    <ele>7.8</ele>
    <time>2021-09-15T23:58:33.000Z</time>
   </trkpt>
   <trkpt lat="-8.106452" lon="-34.911529">
    <ele>7.8</ele>
    <time>2021-09-15T23:58:35.000Z</time>
   </trkpt>
   <trkpt lat="-8.106542" lon="-34.911562">
    <ele>7.8</ele>
    <time>2021-09-15T23:58:36.000Z</time>
   </trkpt>
   <trkpt lat="-8.106592" lon="-34.911572">
    <ele>7.8</ele>
    <time>2021-09-15T23:58:38.000Z</time>
   </trkpt>
   <trkpt lat="-8.106668" lon="-34.911588">
    <ele>7.8</ele>
    <time>2021-09-15T23:58:40.000Z</time>
   </trkpt>
   <trkpt lat="-8.106753" lon="-34.911591">
    <ele>7.8</ele>
    <time>2021-09-15T23:58:41.000Z</time>
   </trkpt>
   <trkpt lat="-8.106792" lon="-34.911593">
    <ele>7.8</ele>
    <time>2021-09-15T23:58:42.000Z</time>
   </trkpt>
   <trkpt lat="-8.106823" lon="-34.911595">
    <ele>7.8</ele>
    <time>2021-09-15T23:58:43.000Z</time>
   </trkpt>
   <trkpt lat="-8.106859" lon="-34.911595">
    <ele>7.8</ele>
    <time>2021-09-15T23:58:45.000Z</time>
   </trkpt>
   <trkpt lat="-8.106897" lon="-34.911596">
    <ele>7.8</ele>
    <time>2021-09-15T23:58:46.000Z</time>
   </trkpt>
   <trkpt lat="-8.106932" lon="-34.911597">
    <ele>7.8</ele>
    <time>2021-09-15T23:58:47.000Z</time>
   </trkpt>
   <trkpt lat="-8.106994" lon="-34.911626">
    <ele>7.9</ele>
    <time>2021-09-15T23:58:49.000Z</time>
   </trkpt>
   <trkpt lat="-8.107029" lon="-34.911643">
    <ele>7.9</ele>
    <time>2021-09-15T23:58:50.000Z</time>
   </trkpt>
   <trkpt lat="-8.10711" lon="-34.911675">
    <ele>7.9</ele>
    <time>2021-09-15T23:58:52.000Z</time>
   </trkpt>
   <trkpt lat="-8.107172" lon="-34.911697">
    <ele>8</ele>
    <time>2021-09-15T23:58:54.000Z</time>
   </trkpt>
   <trkpt lat="-8.107206" lon="-34.911705">
    <ele>8</ele>
    <time>2021-09-15T23:58:55.000Z</time>
   </trkpt>
   <trkpt lat="-8.107245" lon="-34.911708">
    <ele>8</ele>
    <time>2021-09-15T23:58:56.000Z</time>
   </trkpt>
   <trkpt lat="-8.107304" lon="-34.911718">
    <ele>8</ele>
    <time>2021-09-15T23:58:58.000Z</time>
   </trkpt>
   <trkpt lat="-8.10737" lon="-34.911718">
    <ele>8</ele>
    <time>2021-09-15T23:58:59.000Z</time>
   </trkpt>
   <trkpt lat="-8.107398" lon="-34.911719">
    <ele>8</ele>
    <time>2021-09-15T23:59:01.000Z</time>
   </trkpt>
   <trkpt lat="-8.107421" lon="-34.911722">
    <ele>8</ele>
    <time>2021-09-15T23:59:02.000Z</time>
   </trkpt>
   <trkpt lat="-8.107471" lon="-34.911729">
    <ele>8</ele>
    <time>2021-09-15T23:59:05.000Z</time>
   </trkpt>
   <trkpt lat="-8.107522" lon="-34.911743">
    <ele>8</ele>
    <time>2021-09-15T23:59:07.000Z</time>
   </trkpt>
   <trkpt lat="-8.107561" lon="-34.911751">
    <ele>8</ele>
    <time>2021-09-15T23:59:08.000Z</time>
   </trkpt>
   <trkpt lat="-8.107613" lon="-34.911766">
    <ele>8</ele>
    <time>2021-09-15T23:59:09.000Z</time>
   </trkpt>
   <trkpt lat="-8.107649" lon="-34.911774">
    <ele>8</ele>
    <time>2021-09-15T23:59:10.000Z</time>
   </trkpt>
   <trkpt lat="-8.107685" lon="-34.91178">
    <ele>8</ele>
    <time>2021-09-15T23:59:12.000Z</time>
   </trkpt>
   <trkpt lat="-8.107752" lon="-34.911788">
    <ele>8</ele>
    <time>2021-09-15T23:59:14.000Z</time>
   </trkpt>
   <trkpt lat="-8.107816" lon="-34.911808">
    <ele>7.9</ele>
    <time>2021-09-15T23:59:16.000Z</time>
   </trkpt>
   <trkpt lat="-8.107861" lon="-34.911813">
    <ele>7.9</ele>
    <time>2021-09-15T23:59:17.000Z</time>
   </trkpt>
   <trkpt lat="-8.107945" lon="-34.911817">
    <ele>7.9</ele>
    <time>2021-09-15T23:59:19.000Z</time>
   </trkpt>
   <trkpt lat="-8.108007" lon="-34.911821">
    <ele>7.9</ele>
    <time>2021-09-15T23:59:20.000Z</time>
   </trkpt>
   <trkpt lat="-8.108112" lon="-34.911843">
    <ele>7.9</ele>
    <time>2021-09-15T23:59:23.000Z</time>
   </trkpt>
   <trkpt lat="-8.108142" lon="-34.911848">
    <ele>7.9</ele>
    <time>2021-09-15T23:59:24.000Z</time>
   </trkpt>
   <trkpt lat="-8.108169" lon="-34.911856">
    <ele>7.9</ele>
    <time>2021-09-15T23:59:26.000Z</time>
   </trkpt>
   <trkpt lat="-8.108208" lon="-34.911862">
    <ele>7.9</ele>
    <time>2021-09-15T23:59:27.000Z</time>
   </trkpt>
   <trkpt lat="-8.108248" lon="-34.911871">
    <ele>7.9</ele>
    <time>2021-09-15T23:59:28.000Z</time>
   </trkpt>
   <trkpt lat="-8.108321" lon="-34.911896">
    <ele>7.9</ele>
    <time>2021-09-15T23:59:30.000Z</time>
   </trkpt>
   <trkpt lat="-8.108393" lon="-34.911911">
    <ele>8</ele>
    <time>2021-09-15T23:59:32.000Z</time>
   </trkpt>
   <trkpt lat="-8.108428" lon="-34.911919">
    <ele>8</ele>
    <time>2021-09-15T23:59:33.000Z</time>
   </trkpt>
   <trkpt lat="-8.108463" lon="-34.911922">
    <ele>8</ele>
    <time>2021-09-15T23:59:34.000Z</time>
   </trkpt>
   <trkpt lat="-8.108544" lon="-34.911949">
    <ele>8</ele>
    <time>2021-09-15T23:59:35.000Z</time>
   </trkpt>
   <trkpt lat="-8.108588" lon="-34.911972">
    <ele>8.1</ele>
    <time>2021-09-15T23:59:37.000Z</time>
   </trkpt>
   <trkpt lat="-8.108631" lon="-34.911989">
    <ele>8.1</ele>
    <time>2021-09-15T23:59:38.000Z</time>
   </trkpt>
   <trkpt lat="-8.10868" lon="-34.91199">
    <ele>8.1</ele>
    <time>2021-09-15T23:59:39.000Z</time>
   </trkpt>
   <trkpt lat="-8.108764" lon="-34.912004">
    <ele>8.2</ele>
    <time>2021-09-15T23:59:41.000Z</time>
   </trkpt>
   <trkpt lat="-8.108813" lon="-34.912008">
    <ele>8.2</ele>
    <time>2021-09-15T23:59:42.000Z</time>
   </trkpt>
   <trkpt lat="-8.108903" lon="-34.912012">
    <ele>8.2</ele>
    <time>2021-09-15T23:59:44.000Z</time>
   </trkpt>
   <trkpt lat="-8.108957" lon="-34.912019">
    <ele>8.2</ele>
    <time>2021-09-15T23:59:45.000Z</time>
   </trkpt>
   <trkpt lat="-8.109004" lon="-34.912024">
    <ele>8.2</ele>
    <time>2021-09-15T23:59:46.000Z</time>
   </trkpt>
   <trkpt lat="-8.10908" lon="-34.912041">
    <ele>8.2</ele>
    <time>2021-09-15T23:59:47.000Z</time>
   </trkpt>
   <trkpt lat="-8.109114" lon="-34.912051">
    <ele>8.1</ele>
    <time>2021-09-15T23:59:49.000Z</time>
   </trkpt>
   <trkpt lat="-8.109147" lon="-34.912063">
    <ele>8.1</ele>
    <time>2021-09-15T23:59:50.000Z</time>
   </trkpt>
   <trkpt lat="-8.109183" lon="-34.91207">
    <ele>8.1</ele>
    <time>2021-09-15T23:59:51.000Z</time>
   </trkpt>
   <trkpt lat="-8.109244" lon="-34.912084">
    <ele>8.1</ele>
    <time>2021-09-15T23:59:53.000Z</time>
   </trkpt>
   <trkpt lat="-8.109277" lon="-34.912089">
    <ele>8.1</ele>
    <time>2021-09-15T23:59:54.000Z</time>
   </trkpt>
   <trkpt lat="-8.109349" lon="-34.912102">
    <ele>8.1</ele>
    <time>2021-09-15T23:59:56.000Z</time>
   </trkpt>
   <trkpt lat="-8.109391" lon="-34.912114">
    <ele>8.1</ele>
    <time>2021-09-15T23:59:57.000Z</time>
   </trkpt>
   <trkpt lat="-8.109419" lon="-34.912124">
    <ele>8.1</ele>
    <time>2021-09-15T23:59:58.000Z</time>
   </trkpt>
   <trkpt lat="-8.109482" lon="-34.912124">
    <ele>8</ele>
    <time>2021-09-15T23:59:59.000Z</time>
   </trkpt>
   <trkpt lat="-8.109511" lon="-34.912129">
    <ele>8</ele>
    <time>2021-09-16T00:00:01.000Z</time>
   </trkpt>
   <trkpt lat="-8.109531" lon="-34.912145">
    <ele>8</ele>
    <time>2021-09-16T00:00:02.000Z</time>
   </trkpt>
   <trkpt lat="-8.109592" lon="-34.912175">
    <ele>8</ele>
    <time>2021-09-16T00:00:04.000Z</time>
   </trkpt>
   <trkpt lat="-8.109638" lon="-34.912187">
    <ele>8</ele>
    <time>2021-09-16T00:00:05.000Z</time>
   </trkpt>
   <trkpt lat="-8.109712" lon="-34.912194">
    <ele>8</ele>
    <time>2021-09-16T00:00:08.000Z</time>
   </trkpt>
   <trkpt lat="-8.109733" lon="-34.912198">
    <ele>8</ele>
    <time>2021-09-16T00:00:10.000Z</time>
   </trkpt>
   <trkpt lat="-8.109782" lon="-34.912221">
    <ele>8</ele>
    <time>2021-09-16T00:00:12.000Z</time>
   </trkpt>
   <trkpt lat="-8.109818" lon="-34.912232">
    <ele>8</ele>
    <time>2021-09-16T00:00:13.000Z</time>
   </trkpt>
   <trkpt lat="-8.109836" lon="-34.912221">
    <ele>8</ele>
    <time>2021-09-16T00:00:16.000Z</time>
   </trkpt>
   <trkpt lat="-8.109863" lon="-34.912203">
    <ele>8</ele>
    <time>2021-09-16T00:00:20.000Z</time>
   </trkpt>
   <trkpt lat="-8.109901" lon="-34.912194">
    <ele>8</ele>
    <time>2021-09-16T00:00:22.000Z</time>
   </trkpt>
   <trkpt lat="-8.110018" lon="-34.91221">
    <ele>8</ele>
    <time>2021-09-16T00:00:40.000Z</time>
   </trkpt>
   <trkpt lat="-8.110049" lon="-34.912215">
    <ele>8</ele>
    <time>2021-09-16T00:00:41.000Z</time>
   </trkpt>
   <trkpt lat="-8.11008" lon="-34.91222">
    <ele>8</ele>
    <time>2021-09-16T00:00:42.000Z</time>
   </trkpt>
   <trkpt lat="-8.110115" lon="-34.912234">
    <ele>8</ele>
    <time>2021-09-16T00:00:43.000Z</time>
   </trkpt>
   <trkpt lat="-8.110148" lon="-34.912251">
    <ele>7.9</ele>
    <time>2021-09-16T00:00:44.000Z</time>
   </trkpt>
   <trkpt lat="-8.110187" lon="-34.912264">
    <ele>7.9</ele>
    <time>2021-09-16T00:00:45.000Z</time>
   </trkpt>
   <trkpt lat="-8.110224" lon="-34.912277">
    <ele>7.9</ele>
    <time>2021-09-16T00:00:46.000Z</time>
   </trkpt>
   <trkpt lat="-8.110265" lon="-34.912289">
    <ele>7.8</ele>
    <time>2021-09-16T00:00:47.000Z</time>
   </trkpt>
   <trkpt lat="-8.110355" lon="-34.912313">
    <ele>7.8</ele>
    <time>2021-09-16T00:00:49.000Z</time>
   </trkpt>
   <trkpt lat="-8.110397" lon="-34.912326">
    <ele>7.8</ele>
    <time>2021-09-16T00:00:50.000Z</time>
   </trkpt>
   <trkpt lat="-8.110475" lon="-34.912341">
    <ele>7.7</ele>
    <time>2021-09-16T00:00:52.000Z</time>
   </trkpt>
   <trkpt lat="-8.110508" lon="-34.912343">
    <ele>7.7</ele>
    <time>2021-09-16T00:00:53.000Z</time>
   </trkpt>
   <trkpt lat="-8.110548" lon="-34.912346">
    <ele>7.7</ele>
    <time>2021-09-16T00:00:54.000Z</time>
   </trkpt>
   <trkpt lat="-8.110589" lon="-34.912351">
    <ele>7.8</ele>
    <time>2021-09-16T00:00:55.000Z</time>
   </trkpt>
   <trkpt lat="-8.110692" lon="-34.912378">
    <ele>7.8</ele>
    <time>2021-09-16T00:00:57.000Z</time>
   </trkpt>
   <trkpt lat="-8.11077" lon="-34.912411">
    <ele>7.8</ele>
    <time>2021-09-16T00:00:59.000Z</time>
   </trkpt>
   <trkpt lat="-8.110842" lon="-34.912434">
    <ele>7.9</ele>
    <time>2021-09-16T00:01:01.000Z</time>
   </trkpt>
   <trkpt lat="-8.110886" lon="-34.912443">
    <ele>7.9</ele>
    <time>2021-09-16T00:01:02.000Z</time>
   </trkpt>
   <trkpt lat="-8.110966" lon="-34.912461">
    <ele>7.9</ele>
    <time>2021-09-16T00:01:04.000Z</time>
   </trkpt>
   <trkpt lat="-8.111044" lon="-34.912459">
    <ele>8</ele>
    <time>2021-09-16T00:01:06.000Z</time>
   </trkpt>
   <trkpt lat="-8.111078" lon="-34.912465">
    <ele>8</ele>
    <time>2021-09-16T00:01:07.000Z</time>
   </trkpt>
   <trkpt lat="-8.111118" lon="-34.912473">
    <ele>8</ele>
    <time>2021-09-16T00:01:08.000Z</time>
   </trkpt>
   <trkpt lat="-8.111155" lon="-34.912473">
    <ele>8</ele>
    <time>2021-09-16T00:01:09.000Z</time>
   </trkpt>
   <trkpt lat="-8.111191" lon="-34.912474">
    <ele>8</ele>
    <time>2021-09-16T00:01:10.000Z</time>
   </trkpt>
   <trkpt lat="-8.111224" lon="-34.912485">
    <ele>8</ele>
    <time>2021-09-16T00:01:11.000Z</time>
   </trkpt>
   <trkpt lat="-8.111266" lon="-34.912485">
    <ele>8</ele>
    <time>2021-09-16T00:01:12.000Z</time>
   </trkpt>
   <trkpt lat="-8.11134" lon="-34.9125">
    <ele>8</ele>
    <time>2021-09-16T00:01:13.000Z</time>
   </trkpt>
   <trkpt lat="-8.111381" lon="-34.912503">
    <ele>8</ele>
    <time>2021-09-16T00:01:15.000Z</time>
   </trkpt>
   <trkpt lat="-8.111419" lon="-34.912513">
    <ele>8</ele>
    <time>2021-09-16T00:01:16.000Z</time>
   </trkpt>
   <trkpt lat="-8.111456" lon="-34.912526">
    <ele>8</ele>
    <time>2021-09-16T00:01:17.000Z</time>
   </trkpt>
   <trkpt lat="-8.11154" lon="-34.912544">
    <ele>8</ele>
    <time>2021-09-16T00:01:18.000Z</time>
   </trkpt>
   <trkpt lat="-8.111584" lon="-34.912554">
    <ele>8</ele>
    <time>2021-09-16T00:01:20.000Z</time>
   </trkpt>
   <trkpt lat="-8.111679" lon="-34.912572">
    <ele>8</ele>
    <time>2021-09-16T00:01:22.000Z</time>
   </trkpt>
   <trkpt lat="-8.111752" lon="-34.912593">
    <ele>8</ele>
    <time>2021-09-16T00:01:24.000Z</time>
   </trkpt>
   <trkpt lat="-8.111789" lon="-34.912597">
    <ele>8</ele>
    <time>2021-09-16T00:01:25.000Z</time>
   </trkpt>
   <trkpt lat="-8.111823" lon="-34.912605">
    <ele>8</ele>
    <time>2021-09-16T00:01:26.000Z</time>
   </trkpt>
   <trkpt lat="-8.11186" lon="-34.912612">
    <ele>8</ele>
    <time>2021-09-16T00:01:27.000Z</time>
   </trkpt>
   <trkpt lat="-8.111895" lon="-34.912622">
    <ele>8</ele>
    <time>2021-09-16T00:01:28.000Z</time>
   </trkpt>
   <trkpt lat="-8.111972" lon="-34.912641">
    <ele>8</ele>
    <time>2021-09-16T00:01:30.000Z</time>
   </trkpt>
   <trkpt lat="-8.112061" lon="-34.912676">
    <ele>8</ele>
    <time>2021-09-16T00:01:32.000Z</time>
   </trkpt>
   <trkpt lat="-8.112147" lon="-34.912692">
    <ele>8</ele>
    <time>2021-09-16T00:01:34.000Z</time>
   </trkpt>
   <trkpt lat="-8.112231" lon="-34.912712">
    <ele>8</ele>
    <time>2021-09-16T00:01:36.000Z</time>
   </trkpt>
   <trkpt lat="-8.112306" lon="-34.912716">
    <ele>8</ele>
    <time>2021-09-16T00:01:38.000Z</time>
   </trkpt>
   <trkpt lat="-8.112384" lon="-34.912725">
    <ele>8</ele>
    <time>2021-09-16T00:01:39.000Z</time>
   </trkpt>
   <trkpt lat="-8.112427" lon="-34.912726">
    <ele>8</ele>
    <time>2021-09-16T00:01:40.000Z</time>
   </trkpt>
   <trkpt lat="-8.112467" lon="-34.912732">
    <ele>8</ele>
    <time>2021-09-16T00:01:42.000Z</time>
   </trkpt>
   <trkpt lat="-8.112511" lon="-34.912729">
    <ele>8</ele>
    <time>2021-09-16T00:01:43.000Z</time>
   </trkpt>
   <trkpt lat="-8.112592" lon="-34.912742">
    <ele>8</ele>
    <time>2021-09-16T00:01:45.000Z</time>
   </trkpt>
   <trkpt lat="-8.112641" lon="-34.912758">
    <ele>8</ele>
    <time>2021-09-16T00:01:46.000Z</time>
   </trkpt>
   <trkpt lat="-8.112736" lon="-34.912765">
    <ele>8.1</ele>
    <time>2021-09-16T00:01:48.000Z</time>
   </trkpt>
   <trkpt lat="-8.112781" lon="-34.912772">
    <ele>8.1</ele>
    <time>2021-09-16T00:01:49.000Z</time>
   </trkpt>
   <trkpt lat="-8.112876" lon="-34.91279">
    <ele>8.1</ele>
    <time>2021-09-16T00:01:51.000Z</time>
   </trkpt>
   <trkpt lat="-8.112978" lon="-34.912818">
    <ele>8.1</ele>
    <time>2021-09-16T00:01:53.000Z</time>
   </trkpt>
   <trkpt lat="-8.113071" lon="-34.912846">
    <ele>8.1</ele>
    <time>2021-09-16T00:01:55.000Z</time>
   </trkpt>
   <trkpt lat="-8.113118" lon="-34.912855">
    <ele>8.1</ele>
    <time>2021-09-16T00:01:56.000Z</time>
   </trkpt>
   <trkpt lat="-8.11317" lon="-34.91286">
    <ele>8.1</ele>
    <time>2021-09-16T00:01:57.000Z</time>
   </trkpt>
   <trkpt lat="-8.113217" lon="-34.912863">
    <ele>8.2</ele>
    <time>2021-09-16T00:01:58.000Z</time>
   </trkpt>
   <trkpt lat="-8.113289" lon="-34.91287">
    <ele>8.2</ele>
    <time>2021-09-16T00:01:59.000Z</time>
   </trkpt>
   <trkpt lat="-8.113326" lon="-34.912869">
    <ele>8.2</ele>
    <time>2021-09-16T00:02:01.000Z</time>
   </trkpt>
   <trkpt lat="-8.113405" lon="-34.912886">
    <ele>8.2</ele>
    <time>2021-09-16T00:02:02.000Z</time>
   </trkpt>
   <trkpt lat="-8.113446" lon="-34.912894">
    <ele>8.2</ele>
    <time>2021-09-16T00:02:04.000Z</time>
   </trkpt>
   <trkpt lat="-8.113528" lon="-34.912919">
    <ele>8.3</ele>
    <time>2021-09-16T00:02:06.000Z</time>
   </trkpt>
   <trkpt lat="-8.113595" lon="-34.912938">
    <ele>8.3</ele>
    <time>2021-09-16T00:02:08.000Z</time>
   </trkpt>
   <trkpt lat="-8.113637" lon="-34.912944">
    <ele>8.3</ele>
    <time>2021-09-16T00:02:09.000Z</time>
   </trkpt>
   <trkpt lat="-8.113673" lon="-34.91295">
    <ele>8.3</ele>
    <time>2021-09-16T00:02:10.000Z</time>
   </trkpt>
   <trkpt lat="-8.11376" lon="-34.912968">
    <ele>8.3</ele>
    <time>2021-09-16T00:02:11.000Z</time>
   </trkpt>
   <trkpt lat="-8.113799" lon="-34.912981">
    <ele>8.3</ele>
    <time>2021-09-16T00:02:13.000Z</time>
   </trkpt>
   <trkpt lat="-8.113832" lon="-34.912983">
    <ele>8.3</ele>
    <time>2021-09-16T00:02:14.000Z</time>
   </trkpt>
   <trkpt lat="-8.113864" lon="-34.912989">
    <ele>8.3</ele>
    <time>2021-09-16T00:02:15.000Z</time>
   </trkpt>
   <trkpt lat="-8.113902" lon="-34.912992">
    <ele>8.3</ele>
    <time>2021-09-16T00:02:16.000Z</time>
   </trkpt>
   <trkpt lat="-8.113949" lon="-34.913004">
    <ele>8.3</ele>
    <time>2021-09-16T00:02:17.000Z</time>
   </trkpt>
   <trkpt lat="-8.114031" lon="-34.913024">
    <ele>8.3</ele>
    <time>2021-09-16T00:02:19.000Z</time>
   </trkpt>
   <trkpt lat="-8.11407" lon="-34.91303">
    <ele>8.3</ele>
    <time>2021-09-16T00:02:20.000Z</time>
   </trkpt>
   <trkpt lat="-8.114148" lon="-34.913042">
    <ele>8.4</ele>
    <time>2021-09-16T00:02:22.000Z</time>
   </trkpt>
   <trkpt lat="-8.114217" lon="-34.913056">
    <ele>8.4</ele>
    <time>2021-09-16T00:02:23.000Z</time>
   </trkpt>
   <trkpt lat="-8.114273" lon="-34.913072">
    <ele>8.4</ele>
    <time>2021-09-16T00:02:25.000Z</time>
   </trkpt>
   <trkpt lat="-8.114297" lon="-34.913076">
    <ele>8.4</ele>
    <time>2021-09-16T00:02:26.000Z</time>
   </trkpt>
   <trkpt lat="-8.114381" lon="-34.913117">
    <ele>8.4</ele>
    <time>2021-09-16T00:02:30.000Z</time>
   </trkpt>
   <trkpt lat="-8.114422" lon="-34.913127">
    <ele>8.3</ele>
    <time>2021-09-16T00:02:31.000Z</time>
   </trkpt>
   <trkpt lat="-8.114495" lon="-34.913137">
    <ele>8.3</ele>
    <time>2021-09-16T00:02:33.000Z</time>
   </trkpt>
   <trkpt lat="-8.114587" lon="-34.913138">
    <ele>8.3</ele>
    <time>2021-09-16T00:02:34.000Z</time>
   </trkpt>
   <trkpt lat="-8.114626" lon="-34.913143">
    <ele>8.3</ele>
    <time>2021-09-16T00:02:36.000Z</time>
   </trkpt>
   <trkpt lat="-8.1147" lon="-34.913156">
    <ele>8.4</ele>
    <time>2021-09-16T00:02:38.000Z</time>
   </trkpt>
   <trkpt lat="-8.114739" lon="-34.913163">
    <ele>8.4</ele>
    <time>2021-09-16T00:02:39.000Z</time>
   </trkpt>
   <trkpt lat="-8.114807" lon="-34.913171">
    <ele>8.4</ele>
    <time>2021-09-16T00:02:40.000Z</time>
   </trkpt>
   <trkpt lat="-8.114868" lon="-34.913185">
    <ele>8.4</ele>
    <time>2021-09-16T00:02:42.000Z</time>
   </trkpt>
   <trkpt lat="-8.114896" lon="-34.913193">
    <ele>8.4</ele>
    <time>2021-09-16T00:02:43.000Z</time>
   </trkpt>
   <trkpt lat="-8.114935" lon="-34.913197">
    <ele>8.4</ele>
    <time>2021-09-16T00:02:44.000Z</time>
   </trkpt>
   <trkpt lat="-8.114968" lon="-34.913211">
    <ele>8.4</ele>
    <time>2021-09-16T00:02:46.000Z</time>
   </trkpt>
   <trkpt lat="-8.115019" lon="-34.913223">
    <ele>8.4</ele>
    <time>2021-09-16T00:02:48.000Z</time>
   </trkpt>
   <trkpt lat="-8.115059" lon="-34.913222">
    <ele>8.4</ele>
    <time>2021-09-16T00:02:50.000Z</time>
   </trkpt>
   <trkpt lat="-8.115125" lon="-34.913222">
    <ele>8.4</ele>
    <time>2021-09-16T00:02:52.000Z</time>
   </trkpt>
   <trkpt lat="-8.115154" lon="-34.913224">
    <ele>8.4</ele>
    <time>2021-09-16T00:02:55.000Z</time>
   </trkpt>
   <trkpt lat="-8.115219" lon="-34.913227">
    <ele>8.4</ele>
    <time>2021-09-16T00:02:56.000Z</time>
   </trkpt>
   <trkpt lat="-8.115241" lon="-34.913236">
    <ele>8.4</ele>
    <time>2021-09-16T00:02:58.000Z</time>
   </trkpt>
   <trkpt lat="-8.115281" lon="-34.913255">
    <ele>8.4</ele>
    <time>2021-09-16T00:03:00.000Z</time>
   </trkpt>
   <trkpt lat="-8.115321" lon="-34.913277">
    <ele>8.4</ele>
    <time>2021-09-16T00:03:02.000Z</time>
   </trkpt>
   <trkpt lat="-8.11538" lon="-34.91329">
    <ele>8.4</ele>
    <time>2021-09-16T00:03:03.000Z</time>
   </trkpt>
   <trkpt lat="-8.115411" lon="-34.913307">
    <ele>8.4</ele>
    <time>2021-09-16T00:03:05.000Z</time>
   </trkpt>
   <trkpt lat="-8.115468" lon="-34.91332">
    <ele>8.4</ele>
    <time>2021-09-16T00:03:07.000Z</time>
   </trkpt>
   <trkpt lat="-8.115539" lon="-34.913333">
    <ele>8.3</ele>
    <time>2021-09-16T00:03:09.000Z</time>
   </trkpt>
   <trkpt lat="-8.115577" lon="-34.913334">
    <ele>8.3</ele>
    <time>2021-09-16T00:03:10.000Z</time>
   </trkpt>
   <trkpt lat="-8.115639" lon="-34.913341">
    <ele>8.3</ele>
    <time>2021-09-16T00:03:12.000Z</time>
   </trkpt>
   <trkpt lat="-8.115672" lon="-34.913345">
    <ele>8.3</ele>
    <time>2021-09-16T00:03:13.000Z</time>
   </trkpt>
   <trkpt lat="-8.115736" lon="-34.913351">
    <ele>8.3</ele>
    <time>2021-09-16T00:03:15.000Z</time>
   </trkpt>
   <trkpt lat="-8.11578" lon="-34.913369">
    <ele>8.3</ele>
    <time>2021-09-16T00:03:16.000Z</time>
   </trkpt>
   <trkpt lat="-8.115817" lon="-34.913378">
    <ele>8.3</ele>
    <time>2021-09-16T00:03:17.000Z</time>
   </trkpt>
   <trkpt lat="-8.11589" lon="-34.913389">
    <ele>8.2</ele>
    <time>2021-09-16T00:03:19.000Z</time>
   </trkpt>
   <trkpt lat="-8.115931" lon="-34.913397">
    <ele>8.2</ele>
    <time>2021-09-16T00:03:20.000Z</time>
   </trkpt>
   <trkpt lat="-8.116022" lon="-34.913413">
    <ele>8.2</ele>
    <time>2021-09-16T00:03:21.000Z</time>
   </trkpt>
   <trkpt lat="-8.11606" lon="-34.913422">
    <ele>8.2</ele>
    <time>2021-09-16T00:03:22.000Z</time>
   </trkpt>
   <trkpt lat="-8.1161" lon="-34.913427">
    <ele>8.2</ele>
    <time>2021-09-16T00:03:24.000Z</time>
   </trkpt>
   <trkpt lat="-8.116144" lon="-34.913439">
    <ele>8.2</ele>
    <time>2021-09-16T00:03:25.000Z</time>
   </trkpt>
   <trkpt lat="-8.116228" lon="-34.913456">
    <ele>8.1</ele>
    <time>2021-09-16T00:03:27.000Z</time>
   </trkpt>
   <trkpt lat="-8.116268" lon="-34.913468">
    <ele>8.1</ele>
    <time>2021-09-16T00:03:28.000Z</time>
   </trkpt>
   <trkpt lat="-8.116312" lon="-34.91349">
    <ele>8.1</ele>
    <time>2021-09-16T00:03:29.000Z</time>
   </trkpt>
   <trkpt lat="-8.116385" lon="-34.913522">
    <ele>8.1</ele>
    <time>2021-09-16T00:03:31.000Z</time>
   </trkpt>
   <trkpt lat="-8.116426" lon="-34.91353">
    <ele>8.1</ele>
    <time>2021-09-16T00:03:32.000Z</time>
   </trkpt>
   <trkpt lat="-8.116505" lon="-34.913536">
    <ele>8.1</ele>
    <time>2021-09-16T00:03:34.000Z</time>
   </trkpt>
   <trkpt lat="-8.116544" lon="-34.913536">
    <ele>8</ele>
    <time>2021-09-16T00:03:35.000Z</time>
   </trkpt>
   <trkpt lat="-8.11658" lon="-34.913536">
    <ele>8</ele>
    <time>2021-09-16T00:03:36.000Z</time>
   </trkpt>
   <trkpt lat="-8.116649" lon="-34.913545">
    <ele>8</ele>
    <time>2021-09-16T00:03:38.000Z</time>
   </trkpt>
   <trkpt lat="-8.116736" lon="-34.91357">
    <ele>8</ele>
    <time>2021-09-16T00:03:40.000Z</time>
   </trkpt>
   <trkpt lat="-8.116809" lon="-34.91359">
    <ele>8</ele>
    <time>2021-09-16T00:03:42.000Z</time>
   </trkpt>
   <trkpt lat="-8.116848" lon="-34.913597">
    <ele>8</ele>
    <time>2021-09-16T00:03:43.000Z</time>
   </trkpt>
   <trkpt lat="-8.116894" lon="-34.913604">
    <ele>8</ele>
    <time>2021-09-16T00:03:44.000Z</time>
   </trkpt>
   <trkpt lat="-8.116961" lon="-34.913619">
    <ele>8</ele>
    <time>2021-09-16T00:03:46.000Z</time>
   </trkpt>
   <trkpt lat="-8.117014" lon="-34.913624">
    <ele>8</ele>
    <time>2021-09-16T00:03:48.000Z</time>
   </trkpt>
   <trkpt lat="-8.117101" lon="-34.913627">
    <ele>8</ele>
    <time>2021-09-16T00:03:50.000Z</time>
   </trkpt>
   <trkpt lat="-8.117181" lon="-34.913645">
    <ele>8</ele>
    <time>2021-09-16T00:03:51.000Z</time>
   </trkpt>
   <trkpt lat="-8.117222" lon="-34.913651">
    <ele>8</ele>
    <time>2021-09-16T00:03:52.000Z</time>
   </trkpt>
   <trkpt lat="-8.117263" lon="-34.913656">
    <ele>8</ele>
    <time>2021-09-16T00:03:54.000Z</time>
   </trkpt>
   <trkpt lat="-8.117345" lon="-34.913664">
    <ele>8</ele>
    <time>2021-09-16T00:03:56.000Z</time>
   </trkpt>
   <trkpt lat="-8.117426" lon="-34.913679">
    <ele>8</ele>
    <time>2021-09-16T00:03:58.000Z</time>
   </trkpt>
   <trkpt lat="-8.117496" lon="-34.913692">
    <ele>8</ele>
    <time>2021-09-16T00:04:00.000Z</time>
   </trkpt>
   <trkpt lat="-8.11753" lon="-34.913698">
    <ele>8</ele>
    <time>2021-09-16T00:04:01.000Z</time>
   </trkpt>
   <trkpt lat="-8.117568" lon="-34.913709">
    <ele>8</ele>
    <time>2021-09-16T00:04:02.000Z</time>
   </trkpt>
   <trkpt lat="-8.117611" lon="-34.913724">
    <ele>8</ele>
    <time>2021-09-16T00:04:03.000Z</time>
   </trkpt>
   <trkpt lat="-8.117698" lon="-34.913741">
    <ele>8</ele>
    <time>2021-09-16T00:04:05.000Z</time>
   </trkpt>
   <trkpt lat="-8.117787" lon="-34.91375">
    <ele>8</ele>
    <time>2021-09-16T00:04:06.000Z</time>
   </trkpt>
   <trkpt lat="-8.117833" lon="-34.913761">
    <ele>8.1</ele>
    <time>2021-09-16T00:04:07.000Z</time>
   </trkpt>
   <trkpt lat="-8.117879" lon="-34.913772">
    <ele>8.1</ele>
    <time>2021-09-16T00:04:09.000Z</time>
   </trkpt>
   <trkpt lat="-8.117962" lon="-34.913786">
    <ele>8.1</ele>
    <time>2021-09-16T00:04:10.000Z</time>
   </trkpt>
   <trkpt lat="-8.117998" lon="-34.913797">
    <ele>8.1</ele>
    <time>2021-09-16T00:04:11.000Z</time>
   </trkpt>
   <trkpt lat="-8.118041" lon="-34.913805">
    <ele>8.1</ele>
    <time>2021-09-16T00:04:13.000Z</time>
   </trkpt>
   <trkpt lat="-8.118077" lon="-34.913807">
    <ele>8.1</ele>
    <time>2021-09-16T00:04:14.000Z</time>
   </trkpt>
   <trkpt lat="-8.118158" lon="-34.913825">
    <ele>8.1</ele>
    <time>2021-09-16T00:04:16.000Z</time>
   </trkpt>
   <trkpt lat="-8.11823" lon="-34.913842">
    <ele>8.1</ele>
    <time>2021-09-16T00:04:18.000Z</time>
   </trkpt>
   <trkpt lat="-8.118298" lon="-34.91385">
    <ele>8.1</ele>
    <time>2021-09-16T00:04:20.000Z</time>
   </trkpt>
   <trkpt lat="-8.118384" lon="-34.913866">
    <ele>8.1</ele>
    <time>2021-09-16T00:04:22.000Z</time>
   </trkpt>
   <trkpt lat="-8.11846" lon="-34.913881">
    <ele>8.1</ele>
    <time>2021-09-16T00:04:23.000Z</time>
   </trkpt>
   <trkpt lat="-8.118504" lon="-34.91389">
    <ele>8.1</ele>
    <time>2021-09-16T00:04:25.000Z</time>
   </trkpt>
   <trkpt lat="-8.118576" lon="-34.913902">
    <ele>8.1</ele>
    <time>2021-09-16T00:04:26.000Z</time>
   </trkpt>
   <trkpt lat="-8.118621" lon="-34.913906">
    <ele>8.1</ele>
    <time>2021-09-16T00:04:28.000Z</time>
   </trkpt>
   <trkpt lat="-8.118693" lon="-34.913913">
    <ele>8.1</ele>
    <time>2021-09-16T00:04:29.000Z</time>
   </trkpt>
   <trkpt lat="-8.118736" lon="-34.913911">
    <ele>8.1</ele>
    <time>2021-09-16T00:04:31.000Z</time>
   </trkpt>
   <trkpt lat="-8.118768" lon="-34.913914">
    <ele>8.1</ele>
    <time>2021-09-16T00:04:32.000Z</time>
   </trkpt>
   <trkpt lat="-8.118847" lon="-34.91392">
    <ele>8.1</ele>
    <time>2021-09-16T00:04:34.000Z</time>
   </trkpt>
   <trkpt lat="-8.118882" lon="-34.913926">
    <ele>8.1</ele>
    <time>2021-09-16T00:04:35.000Z</time>
   </trkpt>
   <trkpt lat="-8.118971" lon="-34.913934">
    <ele>8.1</ele>
    <time>2021-09-16T00:04:37.000Z</time>
   </trkpt>
   <trkpt lat="-8.119064" lon="-34.91395">
    <ele>8.1</ele>
    <time>2021-09-16T00:04:38.000Z</time>
   </trkpt>
   <trkpt lat="-8.119104" lon="-34.913958">
    <ele>8.1</ele>
    <time>2021-09-16T00:04:39.000Z</time>
   </trkpt>
   <trkpt lat="-8.119148" lon="-34.913976">
    <ele>8.1</ele>
    <time>2021-09-16T00:04:40.000Z</time>
   </trkpt>
   <trkpt lat="-8.119193" lon="-34.913988">
    <ele>8.1</ele>
    <time>2021-09-16T00:04:42.000Z</time>
   </trkpt>
   <trkpt lat="-8.11928" lon="-34.913996">
    <ele>8.1</ele>
    <time>2021-09-16T00:04:43.000Z</time>
   </trkpt>
   <trkpt lat="-8.119327" lon="-34.914">
    <ele>8.1</ele>
    <time>2021-09-16T00:04:44.000Z</time>
   </trkpt>
   <trkpt lat="-8.119369" lon="-34.914011">
    <ele>8.1</ele>
    <time>2021-09-16T00:04:46.000Z</time>
   </trkpt>
   <trkpt lat="-8.119456" lon="-34.914011">
    <ele>8.1</ele>
    <time>2021-09-16T00:04:47.000Z</time>
   </trkpt>
   <trkpt lat="-8.119488" lon="-34.914015">
    <ele>8.1</ele>
    <time>2021-09-16T00:04:48.000Z</time>
   </trkpt>
   <trkpt lat="-8.119535" lon="-34.914019">
    <ele>8</ele>
    <time>2021-09-16T00:04:50.000Z</time>
   </trkpt>
   <trkpt lat="-8.11958" lon="-34.914024">
    <ele>8</ele>
    <time>2021-09-16T00:04:51.000Z</time>
   </trkpt>
   <trkpt lat="-8.119653" lon="-34.914045">
    <ele>8</ele>
    <time>2021-09-16T00:04:53.000Z</time>
   </trkpt>
   <trkpt lat="-8.119739" lon="-34.914072">
    <ele>8</ele>
    <time>2021-09-16T00:04:55.000Z</time>
   </trkpt>
   <trkpt lat="-8.11978" lon="-34.914094">
    <ele>8</ele>
    <time>2021-09-16T00:04:56.000Z</time>
   </trkpt>
   <trkpt lat="-8.119861" lon="-34.914134">
    <ele>8</ele>
    <time>2021-09-16T00:04:58.000Z</time>
   </trkpt>
   <trkpt lat="-8.11993" lon="-34.914167">
    <ele>8</ele>
    <time>2021-09-16T00:05:00.000Z</time>
   </trkpt>
   <trkpt lat="-8.119972" lon="-34.914177">
    <ele>8</ele>
    <time>2021-09-16T00:05:01.000Z</time>
   </trkpt>
   <trkpt lat="-8.120065" lon="-34.914185">
    <ele>8</ele>
    <time>2021-09-16T00:05:03.000Z</time>
   </trkpt>
   <trkpt lat="-8.120098" lon="-34.91419">
    <ele>8</ele>
    <time>2021-09-16T00:05:04.000Z</time>
   </trkpt>
   <trkpt lat="-8.120167" lon="-34.914202">
    <ele>8</ele>
    <time>2021-09-16T00:05:06.000Z</time>
   </trkpt>
   <trkpt lat="-8.120236" lon="-34.914206">
    <ele>8</ele>
    <time>2021-09-16T00:05:07.000Z</time>
   </trkpt>
   <trkpt lat="-8.12028" lon="-34.914213">
    <ele>8</ele>
    <time>2021-09-16T00:05:09.000Z</time>
   </trkpt>
   <trkpt lat="-8.120319" lon="-34.914219">
    <ele>8</ele>
    <time>2021-09-16T00:05:10.000Z</time>
   </trkpt>
   <trkpt lat="-8.120398" lon="-34.914234">
    <ele>8</ele>
    <time>2021-09-16T00:05:11.000Z</time>
   </trkpt>
   <trkpt lat="-8.120433" lon="-34.914242">
    <ele>8</ele>
    <time>2021-09-16T00:05:13.000Z</time>
   </trkpt>
   <trkpt lat="-8.120515" lon="-34.914257">
    <ele>8</ele>
    <time>2021-09-16T00:05:15.000Z</time>
   </trkpt>
   <trkpt lat="-8.120546" lon="-34.914262">
    <ele>7.9</ele>
    <time>2021-09-16T00:05:16.000Z</time>
   </trkpt>
   <trkpt lat="-8.120602" lon="-34.914276">
    <ele>7.9</ele>
    <time>2021-09-16T00:05:18.000Z</time>
   </trkpt>
   <trkpt lat="-8.120658" lon="-34.914285">
    <ele>7.9</ele>
    <time>2021-09-16T00:05:20.000Z</time>
   </trkpt>
   <trkpt lat="-8.12073" lon="-34.91429">
    <ele>7.9</ele>
    <time>2021-09-16T00:05:22.000Z</time>
   </trkpt>
   <trkpt lat="-8.120806" lon="-34.914305">
    <ele>7.9</ele>
    <time>2021-09-16T00:05:23.000Z</time>
   </trkpt>
   <trkpt lat="-8.120847" lon="-34.914315">
    <ele>7.8</ele>
    <time>2021-09-16T00:05:25.000Z</time>
   </trkpt>
   <trkpt lat="-8.120928" lon="-34.914327">
    <ele>7.8</ele>
    <time>2021-09-16T00:05:27.000Z</time>
   </trkpt>
   <trkpt lat="-8.121012" lon="-34.914347">
    <ele>7.8</ele>
    <time>2021-09-16T00:05:28.000Z</time>
   </trkpt>
   <trkpt lat="-8.121054" lon="-34.914359">
    <ele>7.8</ele>
    <time>2021-09-16T00:05:29.000Z</time>
   </trkpt>
   <trkpt lat="-8.121092" lon="-34.914368">
    <ele>7.8</ele>
    <time>2021-09-16T00:05:30.000Z</time>
   </trkpt>
   <trkpt lat="-8.121133" lon="-34.91438">
    <ele>7.7</ele>
    <time>2021-09-16T00:05:32.000Z</time>
   </trkpt>
   <trkpt lat="-8.121174" lon="-34.914392">
    <ele>7.7</ele>
    <time>2021-09-16T00:05:33.000Z</time>
   </trkpt>
   <trkpt lat="-8.121214" lon="-34.914408">
    <ele>7.7</ele>
    <time>2021-09-16T00:05:34.000Z</time>
   </trkpt>
   <trkpt lat="-8.121254" lon="-34.914415">
    <ele>7.7</ele>
    <time>2021-09-16T00:05:35.000Z</time>
   </trkpt>
   <trkpt lat="-8.121336" lon="-34.914429">
    <ele>7.7</ele>
    <time>2021-09-16T00:05:37.000Z</time>
   </trkpt>
   <trkpt lat="-8.12142" lon="-34.914446">
    <ele>7.7</ele>
    <time>2021-09-16T00:05:39.000Z</time>
   </trkpt>
   <trkpt lat="-8.121459" lon="-34.914458">
    <ele>7.7</ele>
    <time>2021-09-16T00:05:40.000Z</time>
   </trkpt>
   <trkpt lat="-8.121499" lon="-34.914463">
    <ele>7.7</ele>
    <time>2021-09-16T00:05:41.000Z</time>
   </trkpt>
   <trkpt lat="-8.121535" lon="-34.914468">
    <ele>7.6</ele>
    <time>2021-09-16T00:05:42.000Z</time>
   </trkpt>
   <trkpt lat="-8.12163" lon="-34.914479">
    <ele>7.6</ele>
    <time>2021-09-16T00:05:43.000Z</time>
   </trkpt>
   <trkpt lat="-8.12168" lon="-34.914483">
    <ele>7.6</ele>
    <time>2021-09-16T00:05:44.000Z</time>
   </trkpt>
   <trkpt lat="-8.121732" lon="-34.914495">
    <ele>7.6</ele>
    <time>2021-09-16T00:05:46.000Z</time>
   </trkpt>
   <trkpt lat="-8.121777" lon="-34.914501">
    <ele>7.6</ele>
    <time>2021-09-16T00:05:47.000Z</time>
   </trkpt>
   <trkpt lat="-8.121856" lon="-34.914514">
    <ele>7.6</ele>
    <time>2021-09-16T00:05:48.000Z</time>
   </trkpt>
   <trkpt lat="-8.121901" lon="-34.914524">
    <ele>7.6</ele>
    <time>2021-09-16T00:05:50.000Z</time>
   </trkpt>
   <trkpt lat="-8.121954" lon="-34.914536">
    <ele>7.6</ele>
    <time>2021-09-16T00:05:51.000Z</time>
   </trkpt>
   <trkpt lat="-8.122041" lon="-34.91455">
    <ele>7.6</ele>
    <time>2021-09-16T00:05:52.000Z</time>
   </trkpt>
   <trkpt lat="-8.122082" lon="-34.914557">
    <ele>7.6</ele>
    <time>2021-09-16T00:05:53.000Z</time>
   </trkpt>
   <trkpt lat="-8.122118" lon="-34.914566">
    <ele>7.6</ele>
    <time>2021-09-16T00:05:54.000Z</time>
   </trkpt>
   <trkpt lat="-8.12216" lon="-34.914568">
    <ele>7.6</ele>
    <time>2021-09-16T00:05:55.000Z</time>
   </trkpt>
   <trkpt lat="-8.122197" lon="-34.914577">
    <ele>7.6</ele>
    <time>2021-09-16T00:05:56.000Z</time>
   </trkpt>
   <trkpt lat="-8.122233" lon="-34.914589">
    <ele>7.7</ele>
    <time>2021-09-16T00:05:58.000Z</time>
   </trkpt>
   <trkpt lat="-8.122266" lon="-34.914601">
    <ele>7.7</ele>
    <time>2021-09-16T00:05:59.000Z</time>
   </trkpt>
   <trkpt lat="-8.122342" lon="-34.914612">
    <ele>7.7</ele>
    <time>2021-09-16T00:06:00.000Z</time>
   </trkpt>
   <trkpt lat="-8.122381" lon="-34.914613">
    <ele>7.7</ele>
    <time>2021-09-16T00:06:01.000Z</time>
   </trkpt>
   <trkpt lat="-8.122431" lon="-34.914622">
    <ele>7.7</ele>
    <time>2021-09-16T00:06:03.000Z</time>
   </trkpt>
   <trkpt lat="-8.122524" lon="-34.914633">
    <ele>7.8</ele>
    <time>2021-09-16T00:06:04.000Z</time>
   </trkpt>
   <trkpt lat="-8.122561" lon="-34.914637">
    <ele>7.8</ele>
    <time>2021-09-16T00:06:05.000Z</time>
   </trkpt>
   <trkpt lat="-8.122599" lon="-34.914642">
    <ele>7.8</ele>
    <time>2021-09-16T00:06:06.000Z</time>
   </trkpt>
   <trkpt lat="-8.122636" lon="-34.914649">
    <ele>7.8</ele>
    <time>2021-09-16T00:06:08.000Z</time>
   </trkpt>
   <trkpt lat="-8.122704" lon="-34.91466">
    <ele>7.8</ele>
    <time>2021-09-16T00:06:10.000Z</time>
   </trkpt>
   <trkpt lat="-8.122773" lon="-34.914672">
    <ele>7.8</ele>
    <time>2021-09-16T00:06:11.000Z</time>
   </trkpt>
   <trkpt lat="-8.12281" lon="-34.914683">
    <ele>7.9</ele>
    <time>2021-09-16T00:06:12.000Z</time>
   </trkpt>
   <trkpt lat="-8.122845" lon="-34.9147">
    <ele>7.9</ele>
    <time>2021-09-16T00:06:14.000Z</time>
   </trkpt>
   <trkpt lat="-8.122884" lon="-34.914708">
    <ele>7.9</ele>
    <time>2021-09-16T00:06:15.000Z</time>
   </trkpt>
   <trkpt lat="-8.122949" lon="-34.914725">
    <ele>7.9</ele>
    <time>2021-09-16T00:06:16.000Z</time>
   </trkpt>
   <trkpt lat="-8.122981" lon="-34.914732">
    <ele>7.9</ele>
    <time>2021-09-16T00:06:18.000Z</time>
   </trkpt>
   <trkpt lat="-8.123056" lon="-34.914749">
    <ele>8</ele>
    <time>2021-09-16T00:06:20.000Z</time>
   </trkpt>
   <trkpt lat="-8.123162" lon="-34.914758">
    <ele>8</ele>
    <time>2021-09-16T00:06:22.000Z</time>
   </trkpt>
   <trkpt lat="-8.123243" lon="-34.914769">
    <ele>8.1</ele>
    <time>2021-09-16T00:06:23.000Z</time>
   </trkpt>
   <trkpt lat="-8.123282" lon="-34.91477">
    <ele>8.1</ele>
    <time>2021-09-16T00:06:25.000Z</time>
   </trkpt>
   <trkpt lat="-8.123359" lon="-34.914778">
    <ele>8.2</ele>
    <time>2021-09-16T00:06:27.000Z</time>
   </trkpt>
   <trkpt lat="-8.123435" lon="-34.914788">
    <ele>8.3</ele>
    <time>2021-09-16T00:06:29.000Z</time>
   </trkpt>
   <trkpt lat="-8.123473" lon="-34.914796">
    <ele>8.3</ele>
    <time>2021-09-16T00:06:30.000Z</time>
   </trkpt>
   <trkpt lat="-8.123551" lon="-34.91482">
    <ele>8.5</ele>
    <time>2021-09-16T00:06:31.000Z</time>
   </trkpt>
   <trkpt lat="-8.1236" lon="-34.914835">
    <ele>8.5</ele>
    <time>2021-09-16T00:06:32.000Z</time>
   </trkpt>
   <trkpt lat="-8.123636" lon="-34.91484">
    <ele>8.6</ele>
    <time>2021-09-16T00:06:33.000Z</time>
   </trkpt>
   <trkpt lat="-8.123671" lon="-34.914852">
    <ele>8.7</ele>
    <time>2021-09-16T00:06:34.000Z</time>
   </trkpt>
   <trkpt lat="-8.123712" lon="-34.914867">
    <ele>8.7</ele>
    <time>2021-09-16T00:06:35.000Z</time>
   </trkpt>
   <trkpt lat="-8.123756" lon="-34.914873">
    <ele>8.8</ele>
    <time>2021-09-16T00:06:37.000Z</time>
   </trkpt>
   <trkpt lat="-8.123795" lon="-34.91487">
    <ele>8.9</ele>
    <time>2021-09-16T00:06:38.000Z</time>
   </trkpt>
   <trkpt lat="-8.123833" lon="-34.914881">
    <ele>9</ele>
    <time>2021-09-16T00:06:39.000Z</time>
   </trkpt>
   <trkpt lat="-8.12387" lon="-34.91489">
    <ele>9</ele>
    <time>2021-09-16T00:06:40.000Z</time>
   </trkpt>
   <trkpt lat="-8.123904" lon="-34.914898">
    <ele>9.1</ele>
    <time>2021-09-16T00:06:41.000Z</time>
   </trkpt>
   <trkpt lat="-8.123943" lon="-34.914898">
    <ele>9.2</ele>
    <time>2021-09-16T00:06:42.000Z</time>
   </trkpt>
   <trkpt lat="-8.124031" lon="-34.914916">
    <ele>9.4</ele>
    <time>2021-09-16T00:06:44.000Z</time>
   </trkpt>
   <trkpt lat="-8.124072" lon="-34.914925">
    <ele>9.4</ele>
    <time>2021-09-16T00:06:45.000Z</time>
   </trkpt>
   <trkpt lat="-8.124139" lon="-34.914936">
    <ele>9.5</ele>
    <time>2021-09-16T00:06:47.000Z</time>
   </trkpt>
   <trkpt lat="-8.124193" lon="-34.914951">
    <ele>9.6</ele>
    <time>2021-09-16T00:06:48.000Z</time>
   </trkpt>
   <trkpt lat="-8.124259" lon="-34.914968">
    <ele>9.7</ele>
    <time>2021-09-16T00:06:51.000Z</time>
   </trkpt>
   <trkpt lat="-8.124337" lon="-34.914979">
    <ele>9.8</ele>
    <time>2021-09-16T00:06:53.000Z</time>
   </trkpt>
   <trkpt lat="-8.12441" lon="-34.914994">
    <ele>9.9</ele>
    <time>2021-09-16T00:06:55.000Z</time>
   </trkpt>
   <trkpt lat="-8.124454" lon="-34.914998">
    <ele>10</ele>
    <time>2021-09-16T00:06:56.000Z</time>
   </trkpt>
   <trkpt lat="-8.12455" lon="-34.915014">
    <ele>10.1</ele>
    <time>2021-09-16T00:06:58.000Z</time>
   </trkpt>
   <trkpt lat="-8.124592" lon="-34.915017">
    <ele>10.2</ele>
    <time>2021-09-16T00:06:59.000Z</time>
   </trkpt>
   <trkpt lat="-8.124632" lon="-34.915018">
    <ele>10.3</ele>
    <time>2021-09-16T00:07:00.000Z</time>
   </trkpt>
   <trkpt lat="-8.124705" lon="-34.915026">
    <ele>10.4</ele>
    <time>2021-09-16T00:07:02.000Z</time>
   </trkpt>
   <trkpt lat="-8.124773" lon="-34.915037">
    <ele>10.5</ele>
    <time>2021-09-16T00:07:04.000Z</time>
   </trkpt>
   <trkpt lat="-8.124809" lon="-34.915042">
    <ele>10.6</ele>
    <time>2021-09-16T00:07:05.000Z</time>
   </trkpt>
   <trkpt lat="-8.12488" lon="-34.915054">
    <ele>10.7</ele>
    <time>2021-09-16T00:07:06.000Z</time>
   </trkpt>
   <trkpt lat="-8.124925" lon="-34.915059">
    <ele>10.8</ele>
    <time>2021-09-16T00:07:08.000Z</time>
   </trkpt>
   <trkpt lat="-8.125006" lon="-34.915082">
    <ele>11</ele>
    <time>2021-09-16T00:07:09.000Z</time>
   </trkpt>
   <trkpt lat="-8.125046" lon="-34.915092">
    <ele>11.1</ele>
    <time>2021-09-16T00:07:11.000Z</time>
   </trkpt>
   <trkpt lat="-8.125137" lon="-34.915117">
    <ele>11.2</ele>
    <time>2021-09-16T00:07:13.000Z</time>
   </trkpt>
   <trkpt lat="-8.125225" lon="-34.915133">
    <ele>11.4</ele>
    <time>2021-09-16T00:07:14.000Z</time>
   </trkpt>
   <trkpt lat="-8.125269" lon="-34.915136">
    <ele>11.4</ele>
    <time>2021-09-16T00:07:16.000Z</time>
   </trkpt>
   <trkpt lat="-8.125321" lon="-34.915156">
    <ele>11.5</ele>
    <time>2021-09-16T00:07:17.000Z</time>
   </trkpt>
   <trkpt lat="-8.125413" lon="-34.915185">
    <ele>11.7</ele>
    <time>2021-09-16T00:07:19.000Z</time>
   </trkpt>
   <trkpt lat="-8.1255" lon="-34.915203">
    <ele>11.8</ele>
    <time>2021-09-16T00:07:20.000Z</time>
   </trkpt>
   <trkpt lat="-8.125542" lon="-34.915213">
    <ele>11.8</ele>
    <time>2021-09-16T00:07:22.000Z</time>
   </trkpt>
   <trkpt lat="-8.125628" lon="-34.915228">
    <ele>11.9</ele>
    <time>2021-09-16T00:07:24.000Z</time>
   </trkpt>
   <trkpt lat="-8.125721" lon="-34.915243">
    <ele>11.9</ele>
    <time>2021-09-16T00:07:26.000Z</time>
   </trkpt>
   <trkpt lat="-8.125816" lon="-34.915266">
    <ele>12</ele>
    <time>2021-09-16T00:07:28.000Z</time>
   </trkpt>
   <trkpt lat="-8.125913" lon="-34.91529">
    <ele>12.1</ele>
    <time>2021-09-16T00:07:29.000Z</time>
   </trkpt>
   <trkpt lat="-8.125956" lon="-34.915295">
    <ele>12.2</ele>
    <time>2021-09-16T00:07:31.000Z</time>
   </trkpt>
   <trkpt lat="-8.125992" lon="-34.915305">
    <ele>12.2</ele>
    <time>2021-09-16T00:07:32.000Z</time>
   </trkpt>
   <trkpt lat="-8.126032" lon="-34.915311">
    <ele>12.2</ele>
    <time>2021-09-16T00:07:33.000Z</time>
   </trkpt>
   <trkpt lat="-8.12611" lon="-34.915314">
    <ele>12.3</ele>
    <time>2021-09-16T00:07:35.000Z</time>
   </trkpt>
   <trkpt lat="-8.126208" lon="-34.915331">
    <ele>12.3</ele>
    <time>2021-09-16T00:07:37.000Z</time>
   </trkpt>
   <trkpt lat="-8.126304" lon="-34.915342">
    <ele>12.3</ele>
    <time>2021-09-16T00:07:39.000Z</time>
   </trkpt>
   <trkpt lat="-8.126349" lon="-34.915344">
    <ele>12.3</ele>
    <time>2021-09-16T00:07:40.000Z</time>
   </trkpt>
   <trkpt lat="-8.126426" lon="-34.915356">
    <ele>12.4</ele>
    <time>2021-09-16T00:07:41.000Z</time>
   </trkpt>
   <trkpt lat="-8.126454" lon="-34.915367">
    <ele>12.4</ele>
    <time>2021-09-16T00:07:43.000Z</time>
   </trkpt>
   <trkpt lat="-8.126523" lon="-34.915378">
    <ele>12.4</ele>
    <time>2021-09-16T00:07:45.000Z</time>
   </trkpt>
   <trkpt lat="-8.126598" lon="-34.915386">
    <ele>12.4</ele>
    <time>2021-09-16T00:07:47.000Z</time>
   </trkpt>
   <trkpt lat="-8.126659" lon="-34.915397">
    <ele>12.5</ele>
    <time>2021-09-16T00:07:49.000Z</time>
   </trkpt>
   <trkpt lat="-8.126694" lon="-34.915402">
    <ele>12.5</ele>
    <time>2021-09-16T00:07:50.000Z</time>
   </trkpt>
   <trkpt lat="-8.126726" lon="-34.915401">
    <ele>12.5</ele>
    <time>2021-09-16T00:07:51.000Z</time>
   </trkpt>
   <trkpt lat="-8.126792" lon="-34.915413">
    <ele>12.6</ele>
    <time>2021-09-16T00:07:53.000Z</time>
   </trkpt>
   <trkpt lat="-8.12683" lon="-34.915422">
    <ele>12.6</ele>
    <time>2021-09-16T00:07:54.000Z</time>
   </trkpt>
   <trkpt lat="-8.126897" lon="-34.915447">
    <ele>12.7</ele>
    <time>2021-09-16T00:07:55.000Z</time>
   </trkpt>
   <trkpt lat="-8.126938" lon="-34.915454">
    <ele>12.8</ele>
    <time>2021-09-16T00:07:57.000Z</time>
   </trkpt>
   <trkpt lat="-8.126973" lon="-34.91546">
    <ele>12.8</ele>
    <time>2021-09-16T00:07:58.000Z</time>
   </trkpt>
   <trkpt lat="-8.127006" lon="-34.915467">
    <ele>12.9</ele>
    <time>2021-09-16T00:07:59.000Z</time>
   </trkpt>
   <trkpt lat="-8.127034" lon="-34.91547">
    <ele>12.9</ele>
    <time>2021-09-16T00:08:00.000Z</time>
   </trkpt>
   <trkpt lat="-8.127094" lon="-34.915484">
    <ele>13</ele>
    <time>2021-09-16T00:08:01.000Z</time>
   </trkpt>
   <trkpt lat="-8.127129" lon="-34.915488">
    <ele>13</ele>
    <time>2021-09-16T00:08:02.000Z</time>
   </trkpt>
   <trkpt lat="-8.127165" lon="-34.915492">
    <ele>13</ele>
    <time>2021-09-16T00:08:04.000Z</time>
   </trkpt>
   <trkpt lat="-8.127211" lon="-34.915499">
    <ele>13.1</ele>
    <time>2021-09-16T00:08:05.000Z</time>
   </trkpt>
   <trkpt lat="-8.127304" lon="-34.915518">
    <ele>13.1</ele>
    <time>2021-09-16T00:08:07.000Z</time>
   </trkpt>
   <trkpt lat="-8.127408" lon="-34.915542">
    <ele>13.2</ele>
    <time>2021-09-16T00:08:08.000Z</time>
   </trkpt>
   <trkpt lat="-8.12745" lon="-34.915554">
    <ele>13.2</ele>
    <time>2021-09-16T00:08:09.000Z</time>
   </trkpt>
   <trkpt lat="-8.127487" lon="-34.91556">
    <ele>13.3</ele>
    <time>2021-09-16T00:08:11.000Z</time>
   </trkpt>
   <trkpt lat="-8.127515" lon="-34.915571">
    <ele>13.3</ele>
    <time>2021-09-16T00:08:12.000Z</time>
   </trkpt>
   <trkpt lat="-8.127544" lon="-34.915578">
    <ele>13.3</ele>
    <time>2021-09-16T00:08:13.000Z</time>
   </trkpt>
   <trkpt lat="-8.127572" lon="-34.915602">
    <ele>13.3</ele>
    <time>2021-09-16T00:08:14.000Z</time>
   </trkpt>
   <trkpt lat="-8.127592" lon="-34.915616">
    <ele>13.3</ele>
    <time>2021-09-16T00:08:15.000Z</time>
   </trkpt>
   <trkpt lat="-8.127662" lon="-34.915675">
    <ele>13.4</ele>
    <time>2021-09-16T00:08:18.000Z</time>
   </trkpt>
   <trkpt lat="-8.127693" lon="-34.915708">
    <ele>13.3</ele>
    <time>2021-09-16T00:08:20.000Z</time>
   </trkpt>
   <trkpt lat="-8.127729" lon="-34.915769">
    <ele>13.5</ele>
    <time>2021-09-16T00:08:22.000Z</time>
   </trkpt>
   <trkpt lat="-8.127743" lon="-34.915808">
    <ele>13.8</ele>
    <time>2021-09-16T00:08:25.000Z</time>
   </trkpt>
   <trkpt lat="-8.127769" lon="-34.915839">
    <ele>13.9</ele>
    <time>2021-09-16T00:08:28.000Z</time>
   </trkpt>
   <trkpt lat="-8.127843" lon="-34.915847">
    <ele>13.8</ele>
    <time>2021-09-16T00:08:32.000Z</time>
   </trkpt>
   <trkpt lat="-8.127891" lon="-34.915869">
    <ele>13.4</ele>
    <time>2021-09-16T00:08:34.000Z</time>
   </trkpt>
   <trkpt lat="-8.127913" lon="-34.915875">
    <ele>13.5</ele>
    <time>2021-09-16T00:08:37.000Z</time>
   </trkpt>
   <trkpt lat="-8.127938" lon="-34.915904">
    <ele>13.4</ele>
    <time>2021-09-16T00:08:40.000Z</time>
   </trkpt>
   <trkpt lat="-8.127915" lon="-34.916001">
    <ele>13.7</ele>
    <time>2021-09-16T00:14:43.000Z</time>
   </trkpt>
   <trkpt lat="-8.127883" lon="-34.916026">
    <ele>14.1</ele>
    <time>2021-09-16T00:14:48.000Z</time>
   </trkpt>
   <trkpt lat="-8.127962" lon="-34.91581">
    <ele>13.7</ele>
    <time>2021-09-16T00:24:45.000Z</time>
   </trkpt>
   <trkpt lat="-8.127991" lon="-34.915786">
    <ele>13.5</ele>
    <time>2021-09-16T00:24:48.000Z</time>
   </trkpt>
   <trkpt lat="-8.128012" lon="-34.915757">
    <ele>13.6</ele>
    <time>2021-09-16T00:24:51.000Z</time>
   </trkpt>
   <trkpt lat="-8.128013" lon="-34.915713">
    <ele>13.7</ele>
    <time>2021-09-16T00:24:55.000Z</time>
   </trkpt>
   <trkpt lat="-8.128018" lon="-34.915677">
    <ele>13.6</ele>
    <time>2021-09-16T00:24:58.000Z</time>
   </trkpt>
   <trkpt lat="-8.128026" lon="-34.915676">
    <ele>13.7</ele>
    <time>2021-09-16T00:25:01.000Z</time>
   </trkpt>
   <trkpt lat="-8.12802" lon="-34.915658">
    <ele>13.7</ele>
    <time>2021-09-16T00:25:05.000Z</time>
   </trkpt>
   <trkpt lat="-8.128014" lon="-34.915586">
    <ele>13.8</ele>
    <time>2021-09-16T00:25:54.000Z</time>
   </trkpt>
   <trkpt lat="-8.128013" lon="-34.91555">
    <ele>13.6</ele>
    <time>2021-09-16T00:25:58.000Z</time>
   </trkpt>
   <trkpt lat="-8.128001" lon="-34.915524">
    <ele>13.5</ele>
    <time>2021-09-16T00:26:01.000Z</time>
   </trkpt>
   <trkpt lat="-8.12796" lon="-34.915503">
    <ele>13.8</ele>
    <time>2021-09-16T00:26:05.000Z</time>
   </trkpt>
   <trkpt lat="-8.127904" lon="-34.915462">
    <ele>13.8</ele>
    <time>2021-09-16T00:26:08.000Z</time>
   </trkpt>
   <trkpt lat="-8.127883" lon="-34.915442">
    <ele>13.8</ele>
    <time>2021-09-16T00:26:09.000Z</time>
   </trkpt>
   <trkpt lat="-8.127822" lon="-34.915418">
    <ele>13.7</ele>
    <time>2021-09-16T00:26:10.000Z</time>
   </trkpt>
   <trkpt lat="-8.12779" lon="-34.91541">
    <ele>13.7</ele>
    <time>2021-09-16T00:26:12.000Z</time>
   </trkpt>
   <trkpt lat="-8.127758" lon="-34.915395">
    <ele>13.7</ele>
    <time>2021-09-16T00:26:13.000Z</time>
   </trkpt>
   <trkpt lat="-8.127689" lon="-34.915358">
    <ele>13.6</ele>
    <time>2021-09-16T00:26:15.000Z</time>
   </trkpt>
   <trkpt lat="-8.127656" lon="-34.915346">
    <ele>13.6</ele>
    <time>2021-09-16T00:26:16.000Z</time>
   </trkpt>
   <trkpt lat="-8.127585" lon="-34.915332">
    <ele>13.5</ele>
    <time>2021-09-16T00:26:17.000Z</time>
   </trkpt>
   <trkpt lat="-8.127549" lon="-34.915321">
    <ele>13.5</ele>
    <time>2021-09-16T00:26:18.000Z</time>
   </trkpt>
   <trkpt lat="-8.127516" lon="-34.915314">
    <ele>13.4</ele>
    <time>2021-09-16T00:26:20.000Z</time>
   </trkpt>
   <trkpt lat="-8.127477" lon="-34.915298">
    <ele>13.4</ele>
    <time>2021-09-16T00:26:21.000Z</time>
   </trkpt>
   <trkpt lat="-8.127436" lon="-34.915292">
    <ele>13.4</ele>
    <time>2021-09-16T00:26:22.000Z</time>
   </trkpt>
   <trkpt lat="-8.127353" lon="-34.915283">
    <ele>13.3</ele>
    <time>2021-09-16T00:26:23.000Z</time>
   </trkpt>
   <trkpt lat="-8.127316" lon="-34.915275">
    <ele>13.3</ele>
    <time>2021-09-16T00:26:25.000Z</time>
   </trkpt>
   <trkpt lat="-8.127279" lon="-34.915271">
    <ele>13.3</ele>
    <time>2021-09-16T00:26:26.000Z</time>
   </trkpt>
   <trkpt lat="-8.127208" lon="-34.915268">
    <ele>13.2</ele>
    <time>2021-09-16T00:26:28.000Z</time>
   </trkpt>
   <trkpt lat="-8.12717" lon="-34.915268">
    <ele>13.2</ele>
    <time>2021-09-16T00:26:29.000Z</time>
   </trkpt>
   <trkpt lat="-8.127128" lon="-34.915261">
    <ele>13.1</ele>
    <time>2021-09-16T00:26:30.000Z</time>
   </trkpt>
   <trkpt lat="-8.127058" lon="-34.915242">
    <ele>13.1</ele>
    <time>2021-09-16T00:26:31.000Z</time>
   </trkpt>
   <trkpt lat="-8.127026" lon="-34.915244">
    <ele>13.1</ele>
    <time>2021-09-16T00:26:33.000Z</time>
   </trkpt>
   <trkpt lat="-8.12699" lon="-34.91523">
    <ele>13.1</ele>
    <time>2021-09-16T00:26:34.000Z</time>
   </trkpt>
   <trkpt lat="-8.126912" lon="-34.91521">
    <ele>13</ele>
    <time>2021-09-16T00:26:36.000Z</time>
   </trkpt>
   <trkpt lat="-8.126847" lon="-34.915203">
    <ele>13</ele>
    <time>2021-09-16T00:26:38.000Z</time>
   </trkpt>
   <trkpt lat="-8.126772" lon="-34.915186">
    <ele>13</ele>
    <time>2021-09-16T00:26:39.000Z</time>
   </trkpt>
   <trkpt lat="-8.12673" lon="-34.915179">
    <ele>13</ele>
    <time>2021-09-16T00:26:41.000Z</time>
   </trkpt>
   <trkpt lat="-8.12668" lon="-34.915169">
    <ele>12.9</ele>
    <time>2021-09-16T00:26:42.000Z</time>
   </trkpt>
   <trkpt lat="-8.126603" lon="-34.915146">
    <ele>12.9</ele>
    <time>2021-09-16T00:26:43.000Z</time>
   </trkpt>
   <trkpt lat="-8.126574" lon="-34.915134">
    <ele>12.9</ele>
    <time>2021-09-16T00:26:45.000Z</time>
   </trkpt>
   <trkpt lat="-8.126545" lon="-34.915128">
    <ele>12.9</ele>
    <time>2021-09-16T00:26:46.000Z</time>
   </trkpt>
   <trkpt lat="-8.126474" lon="-34.915104">
    <ele>12.8</ele>
    <time>2021-09-16T00:26:47.000Z</time>
   </trkpt>
   <trkpt lat="-8.126444" lon="-34.915097">
    <ele>12.8</ele>
    <time>2021-09-16T00:26:48.000Z</time>
   </trkpt>
   <trkpt lat="-8.126388" lon="-34.915081">
    <ele>12.7</ele>
    <time>2021-09-16T00:26:50.000Z</time>
   </trkpt>
   <trkpt lat="-8.126358" lon="-34.915073">
    <ele>12.7</ele>
    <time>2021-09-16T00:26:51.000Z</time>
   </trkpt>
   <trkpt lat="-8.126285" lon="-34.915063">
    <ele>12.6</ele>
    <time>2021-09-16T00:26:53.000Z</time>
   </trkpt>
   <trkpt lat="-8.12625" lon="-34.915053">
    <ele>12.6</ele>
    <time>2021-09-16T00:26:54.000Z</time>
   </trkpt>
   <trkpt lat="-8.126204" lon="-34.915054">
    <ele>12.6</ele>
    <time>2021-09-16T00:26:56.000Z</time>
   </trkpt>
   <trkpt lat="-8.12616" lon="-34.915049">
    <ele>12.5</ele>
    <time>2021-09-16T00:26:57.000Z</time>
   </trkpt>
   <trkpt lat="-8.126086" lon="-34.91504">
    <ele>12.5</ele>
    <time>2021-09-16T00:26:59.000Z</time>
   </trkpt>
   <trkpt lat="-8.126047" lon="-34.915039">
    <ele>12.5</ele>
    <time>2021-09-16T00:27:00.000Z</time>
   </trkpt>
   <trkpt lat="-8.126006" lon="-34.915038">
    <ele>12.4</ele>
    <time>2021-09-16T00:27:01.000Z</time>
   </trkpt>
   <trkpt lat="-8.125968" lon="-34.915033">
    <ele>12.4</ele>
    <time>2021-09-16T00:27:02.000Z</time>
   </trkpt>
   <trkpt lat="-8.125902" lon="-34.915021">
    <ele>12.3</ele>
    <time>2021-09-16T00:27:03.000Z</time>
   </trkpt>
   <trkpt lat="-8.125871" lon="-34.915021">
    <ele>12.3</ele>
    <time>2021-09-16T00:27:04.000Z</time>
   </trkpt>
   <trkpt lat="-8.125839" lon="-34.915015">
    <ele>12.3</ele>
    <time>2021-09-16T00:27:06.000Z</time>
   </trkpt>
   <trkpt lat="-8.125775" lon="-34.915007">
    <ele>12.2</ele>
    <time>2021-09-16T00:27:08.000Z</time>
   </trkpt>
   <trkpt lat="-8.125719" lon="-34.915005">
    <ele>12.2</ele>
    <time>2021-09-16T00:27:10.000Z</time>
   </trkpt>
   <trkpt lat="-8.125622" lon="-34.914996">
    <ele>12.1</ele>
    <time>2021-09-16T00:27:13.000Z</time>
   </trkpt>
   <trkpt lat="-8.125558" lon="-34.914978">
    <ele>12.1</ele>
    <time>2021-09-16T00:27:14.000Z</time>
   </trkpt>
   <trkpt lat="-8.125529" lon="-34.914975">
    <ele>12</ele>
    <time>2021-09-16T00:27:15.000Z</time>
   </trkpt>
   <trkpt lat="-8.125503" lon="-34.914973">
    <ele>12</ele>
    <time>2021-09-16T00:27:17.000Z</time>
   </trkpt>
   <trkpt lat="-8.125429" lon="-34.914958">
    <ele>12</ele>
    <time>2021-09-16T00:27:20.000Z</time>
   </trkpt>
   <trkpt lat="-8.12538" lon="-34.914929">
    <ele>11.9</ele>
    <time>2021-09-16T00:27:21.000Z</time>
   </trkpt>
   <trkpt lat="-8.125286" lon="-34.914918">
    <ele>11.8</ele>
    <time>2021-09-16T00:27:24.000Z</time>
   </trkpt>
   <trkpt lat="-8.125255" lon="-34.914912">
    <ele>11.8</ele>
    <time>2021-09-16T00:27:26.000Z</time>
   </trkpt>
   <trkpt lat="-8.125221" lon="-34.914908">
    <ele>11.8</ele>
    <time>2021-09-16T00:27:27.000Z</time>
   </trkpt>
   <trkpt lat="-8.125149" lon="-34.914899">
    <ele>11.6</ele>
    <time>2021-09-16T00:27:29.000Z</time>
   </trkpt>
   <trkpt lat="-8.125073" lon="-34.914888">
    <ele>11.5</ele>
    <time>2021-09-16T00:27:30.000Z</time>
   </trkpt>
   <trkpt lat="-8.125033" lon="-34.914878">
    <ele>11.5</ele>
    <time>2021-09-16T00:27:32.000Z</time>
   </trkpt>
   <trkpt lat="-8.124947" lon="-34.914854">
    <ele>11.3</ele>
    <time>2021-09-16T00:27:33.000Z</time>
   </trkpt>
   <trkpt lat="-8.124901" lon="-34.914843">
    <ele>11.2</ele>
    <time>2021-09-16T00:27:34.000Z</time>
   </trkpt>
   <trkpt lat="-8.124851" lon="-34.914833">
    <ele>11.1</ele>
    <time>2021-09-16T00:27:36.000Z</time>
   </trkpt>
   <trkpt lat="-8.124803" lon="-34.914825">
    <ele>11</ele>
    <time>2021-09-16T00:27:37.000Z</time>
   </trkpt>
   <trkpt lat="-8.124711" lon="-34.914814">
    <ele>10.9</ele>
    <time>2021-09-16T00:27:38.000Z</time>
   </trkpt>
   <trkpt lat="-8.124669" lon="-34.914809">
    <ele>10.8</ele>
    <time>2021-09-16T00:27:40.000Z</time>
   </trkpt>
   <trkpt lat="-8.124619" lon="-34.914798">
    <ele>10.7</ele>
    <time>2021-09-16T00:27:41.000Z</time>
   </trkpt>
   <trkpt lat="-8.124569" lon="-34.914788">
    <ele>10.6</ele>
    <time>2021-09-16T00:27:42.000Z</time>
   </trkpt>
   <trkpt lat="-8.124474" lon="-34.914765">
    <ele>10.4</ele>
    <time>2021-09-16T00:27:43.000Z</time>
   </trkpt>
   <trkpt lat="-8.124429" lon="-34.914761">
    <ele>10.3</ele>
    <time>2021-09-16T00:27:45.000Z</time>
   </trkpt>
   <trkpt lat="-8.124335" lon="-34.914745">
    <ele>10.2</ele>
    <time>2021-09-16T00:27:47.000Z</time>
   </trkpt>
   <trkpt lat="-8.124229" lon="-34.91474">
    <ele>9.9</ele>
    <time>2021-09-16T00:27:49.000Z</time>
   </trkpt>
   <trkpt lat="-8.124129" lon="-34.914716">
    <ele>9.7</ele>
    <time>2021-09-16T00:27:51.000Z</time>
   </trkpt>
   <trkpt lat="-8.124026" lon="-34.914702">
    <ele>9.4</ele>
    <time>2021-09-16T00:27:52.000Z</time>
   </trkpt>
   <trkpt lat="-8.123971" lon="-34.914699">
    <ele>9.3</ele>
    <time>2021-09-16T00:27:54.000Z</time>
   </trkpt>
   <trkpt lat="-8.123869" lon="-34.914674">
    <ele>9.2</ele>
    <time>2021-09-16T00:27:56.000Z</time>
   </trkpt>
   <trkpt lat="-8.123821" lon="-34.914665">
    <ele>9.1</ele>
    <time>2021-09-16T00:27:57.000Z</time>
   </trkpt>
   <trkpt lat="-8.123726" lon="-34.914636">
    <ele>9</ele>
    <time>2021-09-16T00:27:59.000Z</time>
   </trkpt>
   <trkpt lat="-8.123636" lon="-34.914616">
    <ele>8.8</ele>
    <time>2021-09-16T00:28:01.000Z</time>
   </trkpt>
   <trkpt lat="-8.123553" lon="-34.914584">
    <ele>8.7</ele>
    <time>2021-09-16T00:28:02.000Z</time>
   </trkpt>
   <trkpt lat="-8.123515" lon="-34.914569">
    <ele>8.6</ele>
    <time>2021-09-16T00:28:03.000Z</time>
   </trkpt>
   <trkpt lat="-8.123475" lon="-34.914559">
    <ele>8.6</ele>
    <time>2021-09-16T00:28:04.000Z</time>
   </trkpt>
   <trkpt lat="-8.123423" lon="-34.914552">
    <ele>8.5</ele>
    <time>2021-09-16T00:28:05.000Z</time>
   </trkpt>
   <trkpt lat="-8.123379" lon="-34.914543">
    <ele>8.5</ele>
    <time>2021-09-16T00:28:06.000Z</time>
   </trkpt>
   <trkpt lat="-8.123329" lon="-34.91454">
    <ele>8.4</ele>
    <time>2021-09-16T00:28:07.000Z</time>
   </trkpt>
   <trkpt lat="-8.123285" lon="-34.914535">
    <ele>8.4</ele>
    <time>2021-09-16T00:28:09.000Z</time>
   </trkpt>
   <trkpt lat="-8.123188" lon="-34.91455">
    <ele>8.4</ele>
    <time>2021-09-16T00:28:11.000Z</time>
   </trkpt>
   <trkpt lat="-8.123087" lon="-34.914526">
    <ele>8.3</ele>
    <time>2021-09-16T00:28:12.000Z</time>
   </trkpt>
   <trkpt lat="-8.123044" lon="-34.914513">
    <ele>8.3</ele>
    <time>2021-09-16T00:28:14.000Z</time>
   </trkpt>
   <trkpt lat="-8.122961" lon="-34.914493">
    <ele>8.2</ele>
    <time>2021-09-16T00:28:15.000Z</time>
   </trkpt>
   <trkpt lat="-8.122915" lon="-34.914487">
    <ele>8.2</ele>
    <time>2021-09-16T00:28:17.000Z</time>
   </trkpt>
   <trkpt lat="-8.122847" lon="-34.914474">
    <ele>8.1</ele>
    <time>2021-09-16T00:28:18.000Z</time>
   </trkpt>
   <trkpt lat="-8.122752" lon="-34.914465">
    <ele>8.1</ele>
    <time>2021-09-16T00:28:19.000Z</time>
   </trkpt>
   <trkpt lat="-8.122711" lon="-34.914453">
    <ele>8</ele>
    <time>2021-09-16T00:28:21.000Z</time>
   </trkpt>
   <trkpt lat="-8.122624" lon="-34.914439">
    <ele>8</ele>
    <time>2021-09-16T00:28:23.000Z</time>
   </trkpt>
   <trkpt lat="-8.12252" lon="-34.914412">
    <ele>7.9</ele>
    <time>2021-09-16T00:28:24.000Z</time>
   </trkpt>
   <trkpt lat="-8.122471" lon="-34.91441">
    <ele>7.9</ele>
    <time>2021-09-16T00:28:26.000Z</time>
   </trkpt>
   <trkpt lat="-8.122424" lon="-34.914407">
    <ele>7.8</ele>
    <time>2021-09-16T00:28:27.000Z</time>
   </trkpt>
   <trkpt lat="-8.122338" lon="-34.914402">
    <ele>7.8</ele>
    <time>2021-09-16T00:28:28.000Z</time>
   </trkpt>
   <trkpt lat="-8.122278" lon="-34.914394">
    <ele>7.8</ele>
    <time>2021-09-16T00:28:29.000Z</time>
   </trkpt>
   <trkpt lat="-8.122226" lon="-34.914387">
    <ele>7.8</ele>
    <time>2021-09-16T00:28:30.000Z</time>
   </trkpt>
   <trkpt lat="-8.122178" lon="-34.914375">
    <ele>7.7</ele>
    <time>2021-09-16T00:28:32.000Z</time>
   </trkpt>
   <trkpt lat="-8.122132" lon="-34.914363">
    <ele>7.7</ele>
    <time>2021-09-16T00:28:33.000Z</time>
   </trkpt>
   <trkpt lat="-8.122036" lon="-34.914341">
    <ele>7.7</ele>
    <time>2021-09-16T00:28:35.000Z</time>
   </trkpt>
   <trkpt lat="-8.121968" lon="-34.91432">
    <ele>7.7</ele>
    <time>2021-09-16T00:28:36.000Z</time>
   </trkpt>
   <trkpt lat="-8.121884" lon="-34.914294">
    <ele>7.7</ele>
    <time>2021-09-16T00:28:37.000Z</time>
   </trkpt>
   <trkpt lat="-8.121846" lon="-34.914283">
    <ele>7.7</ele>
    <time>2021-09-16T00:28:39.000Z</time>
   </trkpt>
   <trkpt lat="-8.121807" lon="-34.914276">
    <ele>7.8</ele>
    <time>2021-09-16T00:28:40.000Z</time>
   </trkpt>
   <trkpt lat="-8.121706" lon="-34.914259">
    <ele>7.8</ele>
    <time>2021-09-16T00:28:42.000Z</time>
   </trkpt>
   <trkpt lat="-8.12161" lon="-34.914241">
    <ele>7.7</ele>
    <time>2021-09-16T00:28:44.000Z</time>
   </trkpt>
   <trkpt lat="-8.1215" lon="-34.914217">
    <ele>7.7</ele>
    <time>2021-09-16T00:28:46.000Z</time>
   </trkpt>
   <trkpt lat="-8.121408" lon="-34.914195">
    <ele>7.7</ele>
    <time>2021-09-16T00:28:47.000Z</time>
   </trkpt>
   <trkpt lat="-8.121367" lon="-34.914191">
    <ele>7.7</ele>
    <time>2021-09-16T00:28:49.000Z</time>
   </trkpt>
   <trkpt lat="-8.121296" lon="-34.914174">
    <ele>7.7</ele>
    <time>2021-09-16T00:28:51.000Z</time>
   </trkpt>
   <trkpt lat="-8.121208" lon="-34.914157">
    <ele>7.8</ele>
    <time>2021-09-16T00:28:53.000Z</time>
   </trkpt>
   <trkpt lat="-8.121162" lon="-34.914152">
    <ele>7.8</ele>
    <time>2021-09-16T00:28:54.000Z</time>
   </trkpt>
   <trkpt lat="-8.121122" lon="-34.914146">
    <ele>7.8</ele>
    <time>2021-09-16T00:28:55.000Z</time>
   </trkpt>
   <trkpt lat="-8.121044" lon="-34.914134">
    <ele>7.8</ele>
    <time>2021-09-16T00:28:56.000Z</time>
   </trkpt>
   <trkpt lat="-8.121004" lon="-34.914131">
    <ele>7.8</ele>
    <time>2021-09-16T00:28:57.000Z</time>
   </trkpt>
   <trkpt lat="-8.120967" lon="-34.914122">
    <ele>7.8</ele>
    <time>2021-09-16T00:28:59.000Z</time>
   </trkpt>
   <trkpt lat="-8.12089" lon="-34.914111">
    <ele>7.8</ele>
    <time>2021-09-16T00:29:00.000Z</time>
   </trkpt>
   <trkpt lat="-8.120853" lon="-34.914101">
    <ele>7.9</ele>
    <time>2021-09-16T00:29:01.000Z</time>
   </trkpt>
   <trkpt lat="-8.120813" lon="-34.914088">
    <ele>7.9</ele>
    <time>2021-09-16T00:29:03.000Z</time>
   </trkpt>
   <trkpt lat="-8.120729" lon="-34.914069">
    <ele>7.9</ele>
    <time>2021-09-16T00:29:05.000Z</time>
   </trkpt>
   <trkpt lat="-8.120644" lon="-34.914055">
    <ele>7.9</ele>
    <time>2021-09-16T00:29:07.000Z</time>
   </trkpt>
   <trkpt lat="-8.120562" lon="-34.91403">
    <ele>7.9</ele>
    <time>2021-09-16T00:29:09.000Z</time>
   </trkpt>
   <trkpt lat="-8.120524" lon="-34.914021">
    <ele>7.9</ele>
    <time>2021-09-16T00:29:10.000Z</time>
   </trkpt>
   <trkpt lat="-8.120485" lon="-34.914014">
    <ele>7.9</ele>
    <time>2021-09-16T00:29:11.000Z</time>
   </trkpt>
   <trkpt lat="-8.120451" lon="-34.914011">
    <ele>7.9</ele>
    <time>2021-09-16T00:29:12.000Z</time>
   </trkpt>
   <trkpt lat="-8.120381" lon="-34.913996">
    <ele>7.9</ele>
    <time>2021-09-16T00:29:14.000Z</time>
   </trkpt>
   <trkpt lat="-8.120343" lon="-34.913979">
    <ele>7.9</ele>
    <time>2021-09-16T00:29:15.000Z</time>
   </trkpt>
   <trkpt lat="-8.120299" lon="-34.913961">
    <ele>7.9</ele>
    <time>2021-09-16T00:29:16.000Z</time>
   </trkpt>
   <trkpt lat="-8.120251" lon="-34.913953">
    <ele>7.9</ele>
    <time>2021-09-16T00:29:17.000Z</time>
   </trkpt>
   <trkpt lat="-8.120205" lon="-34.913952">
    <ele>7.9</ele>
    <time>2021-09-16T00:29:18.000Z</time>
   </trkpt>
   <trkpt lat="-8.120116" lon="-34.913924">
    <ele>7.9</ele>
    <time>2021-09-16T00:29:19.000Z</time>
   </trkpt>
   <trkpt lat="-8.120074" lon="-34.913919">
    <ele>7.9</ele>
    <time>2021-09-16T00:29:21.000Z</time>
   </trkpt>
   <trkpt lat="-8.119961" lon="-34.913912">
    <ele>8</ele>
    <time>2021-09-16T00:29:23.000Z</time>
   </trkpt>
   <trkpt lat="-8.119864" lon="-34.913902">
    <ele>8</ele>
    <time>2021-09-16T00:29:25.000Z</time>
   </trkpt>
   <trkpt lat="-8.119825" lon="-34.913892">
    <ele>8</ele>
    <time>2021-09-16T00:29:26.000Z</time>
   </trkpt>
   <trkpt lat="-8.119737" lon="-34.913867">
    <ele>8</ele>
    <time>2021-09-16T00:29:28.000Z</time>
   </trkpt>
   <trkpt lat="-8.119657" lon="-34.913842">
    <ele>8</ele>
    <time>2021-09-16T00:29:29.000Z</time>
   </trkpt>
   <trkpt lat="-8.119622" lon="-34.91383">
    <ele>8</ele>
    <time>2021-09-16T00:29:31.000Z</time>
   </trkpt>
   <trkpt lat="-8.119531" lon="-34.913806">
    <ele>8.1</ele>
    <time>2021-09-16T00:29:33.000Z</time>
   </trkpt>
   <trkpt lat="-8.119484" lon="-34.913797">
    <ele>8.1</ele>
    <time>2021-09-16T00:29:34.000Z</time>
   </trkpt>
   <trkpt lat="-8.119401" lon="-34.913774">
    <ele>8.1</ele>
    <time>2021-09-16T00:29:35.000Z</time>
   </trkpt>
   <trkpt lat="-8.119356" lon="-34.913775">
    <ele>8.1</ele>
    <time>2021-09-16T00:29:37.000Z</time>
   </trkpt>
   <trkpt lat="-8.119314" lon="-34.913764">
    <ele>8.1</ele>
    <time>2021-09-16T00:29:38.000Z</time>
   </trkpt>
   <trkpt lat="-8.119271" lon="-34.913768">
    <ele>8.1</ele>
    <time>2021-09-16T00:29:39.000Z</time>
   </trkpt>
   <trkpt lat="-8.119181" lon="-34.913754">
    <ele>8.1</ele>
    <time>2021-09-16T00:29:41.000Z</time>
   </trkpt>
   <trkpt lat="-8.119085" lon="-34.913742">
    <ele>8.1</ele>
    <time>2021-09-16T00:29:42.000Z</time>
   </trkpt>
   <trkpt lat="-8.119044" lon="-34.913735">
    <ele>8.1</ele>
    <time>2021-09-16T00:29:44.000Z</time>
   </trkpt>
   <trkpt lat="-8.119001" lon="-34.913726">
    <ele>8.1</ele>
    <time>2021-09-16T00:29:45.000Z</time>
   </trkpt>
   <trkpt lat="-8.118916" lon="-34.913713">
    <ele>8.1</ele>
    <time>2021-09-16T00:29:46.000Z</time>
   </trkpt>
   <trkpt lat="-8.118871" lon="-34.913698">
    <ele>8.1</ele>
    <time>2021-09-16T00:29:48.000Z</time>
   </trkpt>
   <trkpt lat="-8.118785" lon="-34.913683">
    <ele>8.1</ele>
    <time>2021-09-16T00:29:50.000Z</time>
   </trkpt>
   <trkpt lat="-8.118736" lon="-34.91367">
    <ele>8.1</ele>
    <time>2021-09-16T00:29:51.000Z</time>
   </trkpt>
   <trkpt lat="-8.118662" lon="-34.913655">
    <ele>8.1</ele>
    <time>2021-09-16T00:29:53.000Z</time>
   </trkpt>
   <trkpt lat="-8.118628" lon="-34.913653">
    <ele>8.1</ele>
    <time>2021-09-16T00:29:54.000Z</time>
   </trkpt>
   <trkpt lat="-8.118589" lon="-34.913649">
    <ele>8.1</ele>
    <time>2021-09-16T00:29:55.000Z</time>
   </trkpt>
   <trkpt lat="-8.118543" lon="-34.913637">
    <ele>8.1</ele>
    <time>2021-09-16T00:29:56.000Z</time>
   </trkpt>
   <trkpt lat="-8.118463" lon="-34.913613">
    <ele>8.1</ele>
    <time>2021-09-16T00:29:57.000Z</time>
   </trkpt>
   <trkpt lat="-8.118428" lon="-34.913612">
    <ele>8.1</ele>
    <time>2021-09-16T00:29:58.000Z</time>
   </trkpt>
   <trkpt lat="-8.118388" lon="-34.913608">
    <ele>8.1</ele>
    <time>2021-09-16T00:29:59.000Z</time>
   </trkpt>
   <trkpt lat="-8.118347" lon="-34.913605">
    <ele>8.1</ele>
    <time>2021-09-16T00:30:00.000Z</time>
   </trkpt>
   <trkpt lat="-8.118305" lon="-34.913597">
    <ele>8.1</ele>
    <time>2021-09-16T00:30:01.000Z</time>
   </trkpt>
   <trkpt lat="-8.118264" lon="-34.913589">
    <ele>8.1</ele>
    <time>2021-09-16T00:30:03.000Z</time>
   </trkpt>
   <trkpt lat="-8.118183" lon="-34.913579">
    <ele>8.1</ele>
    <time>2021-09-16T00:30:04.000Z</time>
   </trkpt>
   <trkpt lat="-8.118137" lon="-34.913572">
    <ele>8.1</ele>
    <time>2021-09-16T00:30:05.000Z</time>
   </trkpt>
   <trkpt lat="-8.118093" lon="-34.913573">
    <ele>8.1</ele>
    <time>2021-09-16T00:30:06.000Z</time>
   </trkpt>
   <trkpt lat="-8.118054" lon="-34.913573">
    <ele>8.1</ele>
    <time>2021-09-16T00:30:08.000Z</time>
   </trkpt>
   <trkpt lat="-8.118015" lon="-34.913565">
    <ele>8.1</ele>
    <time>2021-09-16T00:30:09.000Z</time>
   </trkpt>
   <trkpt lat="-8.11793" lon="-34.913549">
    <ele>8.1</ele>
    <time>2021-09-16T00:30:11.000Z</time>
   </trkpt>
   <trkpt lat="-8.117843" lon="-34.913533">
    <ele>8.1</ele>
    <time>2021-09-16T00:30:12.000Z</time>
   </trkpt>
   <trkpt lat="-8.117805" lon="-34.913521">
    <ele>8.1</ele>
    <time>2021-09-16T00:30:14.000Z</time>
   </trkpt>
   <trkpt lat="-8.117717" lon="-34.91349">
    <ele>8.1</ele>
    <time>2021-09-16T00:30:15.000Z</time>
   </trkpt>
   <trkpt lat="-8.117673" lon="-34.913476">
    <ele>8.1</ele>
    <time>2021-09-16T00:30:16.000Z</time>
   </trkpt>
   <trkpt lat="-8.117626" lon="-34.913478">
    <ele>8.1</ele>
    <time>2021-09-16T00:30:18.000Z</time>
   </trkpt>
   <trkpt lat="-8.117536" lon="-34.913477">
    <ele>8</ele>
    <time>2021-09-16T00:30:20.000Z</time>
   </trkpt>
   <trkpt lat="-8.117457" lon="-34.913455">
    <ele>8</ele>
    <time>2021-09-16T00:30:22.000Z</time>
   </trkpt>
   <trkpt lat="-8.117418" lon="-34.913423">
    <ele>8</ele>
    <time>2021-09-16T00:30:23.000Z</time>
   </trkpt>
   <trkpt lat="-8.117329" lon="-34.913409">
    <ele>8</ele>
    <time>2021-09-16T00:30:24.000Z</time>
   </trkpt>
   <trkpt lat="-8.11729" lon="-34.913401">
    <ele>8</ele>
    <time>2021-09-16T00:30:26.000Z</time>
   </trkpt>
   <trkpt lat="-8.117241" lon="-34.913395">
    <ele>8</ele>
    <time>2021-09-16T00:30:27.000Z</time>
   </trkpt>
   <trkpt lat="-8.117195" lon="-34.913391">
    <ele>8</ele>
    <time>2021-09-16T00:30:28.000Z</time>
   </trkpt>
   <trkpt lat="-8.117146" lon="-34.913382">
    <ele>8</ele>
    <time>2021-09-16T00:30:29.000Z</time>
   </trkpt>
   <trkpt lat="-8.117052" lon="-34.913359">
    <ele>8</ele>
    <time>2021-09-16T00:30:31.000Z</time>
   </trkpt>
   <trkpt lat="-8.11695" lon="-34.913333">
    <ele>8</ele>
    <time>2021-09-16T00:30:32.000Z</time>
   </trkpt>
   <trkpt lat="-8.116909" lon="-34.913322">
    <ele>8</ele>
    <time>2021-09-16T00:30:33.000Z</time>
   </trkpt>
   <trkpt lat="-8.116863" lon="-34.913317">
    <ele>8.1</ele>
    <time>2021-09-16T00:30:35.000Z</time>
   </trkpt>
   <trkpt lat="-8.116775" lon="-34.913297">
    <ele>8.1</ele>
    <time>2021-09-16T00:30:36.000Z</time>
   </trkpt>
   <trkpt lat="-8.116727" lon="-34.913293">
    <ele>8.1</ele>
    <time>2021-09-16T00:30:37.000Z</time>
   </trkpt>
   <trkpt lat="-8.116678" lon="-34.913292">
    <ele>8.1</ele>
    <time>2021-09-16T00:30:39.000Z</time>
   </trkpt>
   <trkpt lat="-8.11659" lon="-34.913278">
    <ele>8.1</ele>
    <time>2021-09-16T00:30:40.000Z</time>
   </trkpt>
   <trkpt lat="-8.116533" lon="-34.91328">
    <ele>8.1</ele>
    <time>2021-09-16T00:30:42.000Z</time>
   </trkpt>
   <trkpt lat="-8.116487" lon="-34.913275">
    <ele>8.1</ele>
    <time>2021-09-16T00:30:43.000Z</time>
   </trkpt>
   <trkpt lat="-8.116444" lon="-34.913263">
    <ele>8.1</ele>
    <time>2021-09-16T00:30:44.000Z</time>
   </trkpt>
   <trkpt lat="-8.116395" lon="-34.913259">
    <ele>8.1</ele>
    <time>2021-09-16T00:30:45.000Z</time>
   </trkpt>
   <trkpt lat="-8.116341" lon="-34.913247">
    <ele>8.1</ele>
    <time>2021-09-16T00:30:46.000Z</time>
   </trkpt>
   <trkpt lat="-8.116238" lon="-34.913218">
    <ele>8.1</ele>
    <time>2021-09-16T00:30:48.000Z</time>
   </trkpt>
   <trkpt lat="-8.116141" lon="-34.913204">
    <ele>8.1</ele>
    <time>2021-09-16T00:30:50.000Z</time>
   </trkpt>
   <trkpt lat="-8.116061" lon="-34.913188">
    <ele>8.1</ele>
    <time>2021-09-16T00:30:51.000Z</time>
   </trkpt>
   <trkpt lat="-8.116021" lon="-34.913177">
    <ele>8.1</ele>
    <time>2021-09-16T00:30:52.000Z</time>
   </trkpt>
   <trkpt lat="-8.115979" lon="-34.913169">
    <ele>8.1</ele>
    <time>2021-09-16T00:30:54.000Z</time>
   </trkpt>
   <trkpt lat="-8.115906" lon="-34.913151">
    <ele>8.1</ele>
    <time>2021-09-16T00:30:55.000Z</time>
   </trkpt>
   <trkpt lat="-8.115866" lon="-34.913143">
    <ele>8.2</ele>
    <time>2021-09-16T00:30:56.000Z</time>
   </trkpt>
   <trkpt lat="-8.115827" lon="-34.913128">
    <ele>8.2</ele>
    <time>2021-09-16T00:30:57.000Z</time>
   </trkpt>
   <trkpt lat="-8.115791" lon="-34.913128">
    <ele>8.2</ele>
    <time>2021-09-16T00:30:59.000Z</time>
   </trkpt>
   <trkpt lat="-8.115749" lon="-34.913107">
    <ele>8.2</ele>
    <time>2021-09-16T00:31:00.000Z</time>
   </trkpt>
   <trkpt lat="-8.11567" lon="-34.91309">
    <ele>8.2</ele>
    <time>2021-09-16T00:31:02.000Z</time>
   </trkpt>
   <trkpt lat="-8.115626" lon="-34.913079">
    <ele>8.2</ele>
    <time>2021-09-16T00:31:03.000Z</time>
   </trkpt>
   <trkpt lat="-8.115535" lon="-34.913075">
    <ele>8.2</ele>
    <time>2021-09-16T00:31:05.000Z</time>
   </trkpt>
   <trkpt lat="-8.115445" lon="-34.913069">
    <ele>8.2</ele>
    <time>2021-09-16T00:31:07.000Z</time>
   </trkpt>
   <trkpt lat="-8.115403" lon="-34.913056">
    <ele>8.2</ele>
    <time>2021-09-16T00:31:08.000Z</time>
   </trkpt>
   <trkpt lat="-8.115323" lon="-34.913038">
    <ele>8.2</ele>
    <time>2021-09-16T00:31:09.000Z</time>
   </trkpt>
   <trkpt lat="-8.115282" lon="-34.913032">
    <ele>8.2</ele>
    <time>2021-09-16T00:31:10.000Z</time>
   </trkpt>
   <trkpt lat="-8.115234" lon="-34.913028">
    <ele>8.2</ele>
    <time>2021-09-16T00:31:12.000Z</time>
   </trkpt>
   <trkpt lat="-8.115148" lon="-34.913007">
    <ele>8.2</ele>
    <time>2021-09-16T00:31:13.000Z</time>
   </trkpt>
   <trkpt lat="-8.115103" lon="-34.913002">
    <ele>8.2</ele>
    <time>2021-09-16T00:31:15.000Z</time>
   </trkpt>
   <trkpt lat="-8.115023" lon="-34.912982">
    <ele>8.2</ele>
    <time>2021-09-16T00:31:17.000Z</time>
   </trkpt>
   <trkpt lat="-8.114979" lon="-34.912974">
    <ele>8.2</ele>
    <time>2021-09-16T00:31:18.000Z</time>
   </trkpt>
   <trkpt lat="-8.114883" lon="-34.912962">
    <ele>8.2</ele>
    <time>2021-09-16T00:31:20.000Z</time>
   </trkpt>
   <trkpt lat="-8.114798" lon="-34.912954">
    <ele>8.2</ele>
    <time>2021-09-16T00:31:22.000Z</time>
   </trkpt>
   <trkpt lat="-8.114758" lon="-34.912944">
    <ele>8.2</ele>
    <time>2021-09-16T00:31:23.000Z</time>
   </trkpt>
   <trkpt lat="-8.114718" lon="-34.912937">
    <ele>8.2</ele>
    <time>2021-09-16T00:31:24.000Z</time>
   </trkpt>
   <trkpt lat="-8.114641" lon="-34.912918">
    <ele>8.2</ele>
    <time>2021-09-16T00:31:26.000Z</time>
   </trkpt>
   <trkpt lat="-8.114553" lon="-34.9129">
    <ele>8.2</ele>
    <time>2021-09-16T00:31:27.000Z</time>
   </trkpt>
   <trkpt lat="-8.114514" lon="-34.912889">
    <ele>8.2</ele>
    <time>2021-09-16T00:31:28.000Z</time>
   </trkpt>
   <trkpt lat="-8.114478" lon="-34.912885">
    <ele>8.2</ele>
    <time>2021-09-16T00:31:30.000Z</time>
   </trkpt>
   <trkpt lat="-8.114434" lon="-34.912876">
    <ele>8.2</ele>
    <time>2021-09-16T00:31:31.000Z</time>
   </trkpt>
   <trkpt lat="-8.114351" lon="-34.912857">
    <ele>8.2</ele>
    <time>2021-09-16T00:31:32.000Z</time>
   </trkpt>
   <trkpt lat="-8.114313" lon="-34.912847">
    <ele>8.2</ele>
    <time>2021-09-16T00:31:33.000Z</time>
   </trkpt>
   <trkpt lat="-8.114266" lon="-34.912837">
    <ele>8.2</ele>
    <time>2021-09-16T00:31:35.000Z</time>
   </trkpt>
   <trkpt lat="-8.114182" lon="-34.912813">
    <ele>8.3</ele>
    <time>2021-09-16T00:31:36.000Z</time>
   </trkpt>
   <trkpt lat="-8.114141" lon="-34.912809">
    <ele>8.3</ele>
    <time>2021-09-16T00:31:37.000Z</time>
   </trkpt>
   <trkpt lat="-8.1141" lon="-34.912799">
    <ele>8.2</ele>
    <time>2021-09-16T00:31:39.000Z</time>
   </trkpt>
   <trkpt lat="-8.114011" lon="-34.912776">
    <ele>8.2</ele>
    <time>2021-09-16T00:31:40.000Z</time>
   </trkpt>
   <trkpt lat="-8.113969" lon="-34.912767">
    <ele>8.2</ele>
    <time>2021-09-16T00:31:42.000Z</time>
   </trkpt>
   <trkpt lat="-8.113925" lon="-34.912757">
    <ele>8.2</ele>
    <time>2021-09-16T00:31:43.000Z</time>
   </trkpt>
   <trkpt lat="-8.113838" lon="-34.912732">
    <ele>8.2</ele>
    <time>2021-09-16T00:31:45.000Z</time>
   </trkpt>
   <trkpt lat="-8.113752" lon="-34.912714">
    <ele>8.2</ele>
    <time>2021-09-16T00:31:47.000Z</time>
   </trkpt>
   <trkpt lat="-8.113702" lon="-34.912699">
    <ele>8.2</ele>
    <time>2021-09-16T00:31:48.000Z</time>
   </trkpt>
   <trkpt lat="-8.113618" lon="-34.912685">
    <ele>8.2</ele>
    <time>2021-09-16T00:31:49.000Z</time>
   </trkpt>
   <trkpt lat="-8.113573" lon="-34.912683">
    <ele>8.2</ele>
    <time>2021-09-16T00:31:50.000Z</time>
   </trkpt>
   <trkpt lat="-8.113535" lon="-34.912679">
    <ele>8.2</ele>
    <time>2021-09-16T00:31:51.000Z</time>
   </trkpt>
   <trkpt lat="-8.113497" lon="-34.912673">
    <ele>8.2</ele>
    <time>2021-09-16T00:31:53.000Z</time>
   </trkpt>
   <trkpt lat="-8.113413" lon="-34.912639">
    <ele>8.2</ele>
    <time>2021-09-16T00:31:54.000Z</time>
   </trkpt>
   <trkpt lat="-8.11336" lon="-34.912635">
    <ele>8.2</ele>
    <time>2021-09-16T00:31:55.000Z</time>
   </trkpt>
   <trkpt lat="-8.113313" lon="-34.912627">
    <ele>8.2</ele>
    <time>2021-09-16T00:31:57.000Z</time>
   </trkpt>
   <trkpt lat="-8.113219" lon="-34.912608">
    <ele>8.2</ele>
    <time>2021-09-16T00:31:58.000Z</time>
   </trkpt>
   <trkpt lat="-8.113177" lon="-34.912596">
    <ele>8.2</ele>
    <time>2021-09-16T00:32:00.000Z</time>
   </trkpt>
   <trkpt lat="-8.113093" lon="-34.912577">
    <ele>8.2</ele>
    <time>2021-09-16T00:32:02.000Z</time>
   </trkpt>
   <trkpt lat="-8.113023" lon="-34.912552">
    <ele>8.2</ele>
    <time>2021-09-16T00:32:03.000Z</time>
   </trkpt>
   <trkpt lat="-8.11299" lon="-34.912543">
    <ele>8.2</ele>
    <time>2021-09-16T00:32:04.000Z</time>
   </trkpt>
   <trkpt lat="-8.112923" lon="-34.912527">
    <ele>8.2</ele>
    <time>2021-09-16T00:32:06.000Z</time>
   </trkpt>
   <trkpt lat="-8.112887" lon="-34.91252">
    <ele>8.1</ele>
    <time>2021-09-16T00:32:07.000Z</time>
   </trkpt>
   <trkpt lat="-8.112856" lon="-34.912512">
    <ele>8.1</ele>
    <time>2021-09-16T00:32:08.000Z</time>
   </trkpt>
   <trkpt lat="-8.112787" lon="-34.912492">
    <ele>8.1</ele>
    <time>2021-09-16T00:32:10.000Z</time>
   </trkpt>
   <trkpt lat="-8.112746" lon="-34.912481">
    <ele>8.1</ele>
    <time>2021-09-16T00:32:11.000Z</time>
   </trkpt>
   <trkpt lat="-8.11272" lon="-34.912476">
    <ele>8.1</ele>
    <time>2021-09-16T00:32:12.000Z</time>
   </trkpt>
   <trkpt lat="-8.112665" lon="-34.912457">
    <ele>8</ele>
    <time>2021-09-16T00:32:14.000Z</time>
   </trkpt>
   <trkpt lat="-8.112616" lon="-34.912446">
    <ele>8</ele>
    <time>2021-09-16T00:32:16.000Z</time>
   </trkpt>
   <trkpt lat="-8.112595" lon="-34.912438">
    <ele>8</ele>
    <time>2021-09-16T00:32:17.000Z</time>
   </trkpt>
   <trkpt lat="-8.112557" lon="-34.912435">
    <ele>8</ele>
    <time>2021-09-16T00:32:20.000Z</time>
   </trkpt>
   <trkpt lat="-8.112517" lon="-34.912433">
    <ele>7.9</ele>
    <time>2021-09-16T00:32:22.000Z</time>
   </trkpt>
   <trkpt lat="-8.112456" lon="-34.912436">
    <ele>7.9</ele>
    <time>2021-09-16T00:32:24.000Z</time>
   </trkpt>
   <trkpt lat="-8.112417" lon="-34.912441">
    <ele>7.9</ele>
    <time>2021-09-16T00:32:25.000Z</time>
   </trkpt>
   <trkpt lat="-8.112383" lon="-34.912434">
    <ele>7.9</ele>
    <time>2021-09-16T00:32:26.000Z</time>
   </trkpt>
   <trkpt lat="-8.112305" lon="-34.912421">
    <ele>7.9</ele>
    <time>2021-09-16T00:32:27.000Z</time>
   </trkpt>
   <trkpt lat="-8.11226" lon="-34.912414">
    <ele>7.9</ele>
    <time>2021-09-16T00:32:28.000Z</time>
   </trkpt>
   <trkpt lat="-8.112223" lon="-34.912406">
    <ele>7.8</ele>
    <time>2021-09-16T00:32:29.000Z</time>
   </trkpt>
   <trkpt lat="-8.112186" lon="-34.912393">
    <ele>7.8</ele>
    <time>2021-09-16T00:32:30.000Z</time>
   </trkpt>
   <trkpt lat="-8.112144" lon="-34.912393">
    <ele>7.8</ele>
    <time>2021-09-16T00:32:31.000Z</time>
   </trkpt>
   <trkpt lat="-8.112101" lon="-34.912393">
    <ele>7.8</ele>
    <time>2021-09-16T00:32:32.000Z</time>
   </trkpt>
   <trkpt lat="-8.112053" lon="-34.912392">
    <ele>7.8</ele>
    <time>2021-09-16T00:32:34.000Z</time>
   </trkpt>
   <trkpt lat="-8.11197" lon="-34.91237">
    <ele>7.8</ele>
    <time>2021-09-16T00:32:35.000Z</time>
   </trkpt>
   <trkpt lat="-8.11193" lon="-34.912361">
    <ele>7.8</ele>
    <time>2021-09-16T00:32:36.000Z</time>
   </trkpt>
   <trkpt lat="-8.111882" lon="-34.912356">
    <ele>7.8</ele>
    <time>2021-09-16T00:32:38.000Z</time>
   </trkpt>
   <trkpt lat="-8.111798" lon="-34.912349">
    <ele>7.8</ele>
    <time>2021-09-16T00:32:39.000Z</time>
   </trkpt>
   <trkpt lat="-8.11176" lon="-34.912343">
    <ele>7.8</ele>
    <time>2021-09-16T00:32:40.000Z</time>
   </trkpt>
   <trkpt lat="-8.111719" lon="-34.912337">
    <ele>7.8</ele>
    <time>2021-09-16T00:32:41.000Z</time>
   </trkpt>
   <trkpt lat="-8.111678" lon="-34.912331">
    <ele>7.8</ele>
    <time>2021-09-16T00:32:42.000Z</time>
   </trkpt>
   <trkpt lat="-8.111632" lon="-34.912321">
    <ele>7.7</ele>
    <time>2021-09-16T00:32:44.000Z</time>
   </trkpt>
   <trkpt lat="-8.11159" lon="-34.912308">
    <ele>7.7</ele>
    <time>2021-09-16T00:32:45.000Z</time>
   </trkpt>
   <trkpt lat="-8.111511" lon="-34.912293">
    <ele>7.7</ele>
    <time>2021-09-16T00:32:46.000Z</time>
   </trkpt>
   <trkpt lat="-8.111471" lon="-34.912286">
    <ele>7.7</ele>
    <time>2021-09-16T00:32:48.000Z</time>
   </trkpt>
   <trkpt lat="-8.111385" lon="-34.912275">
    <ele>7.6</ele>
    <time>2021-09-16T00:32:49.000Z</time>
   </trkpt>
   <trkpt lat="-8.111348" lon="-34.912268">
    <ele>7.6</ele>
    <time>2021-09-16T00:32:50.000Z</time>
   </trkpt>
   <trkpt lat="-8.111307" lon="-34.912263">
    <ele>7.6</ele>
    <time>2021-09-16T00:32:52.000Z</time>
   </trkpt>
   <trkpt lat="-8.111232" lon="-34.91224">
    <ele>7.6</ele>
    <time>2021-09-16T00:32:53.000Z</time>
   </trkpt>
   <trkpt lat="-8.111199" lon="-34.912234">
    <ele>7.6</ele>
    <time>2021-09-16T00:32:55.000Z</time>
   </trkpt>
   <trkpt lat="-8.111114" lon="-34.912208">
    <ele>7.6</ele>
    <time>2021-09-16T00:32:56.000Z</time>
   </trkpt>
   <trkpt lat="-8.111075" lon="-34.912199">
    <ele>7.6</ele>
    <time>2021-09-16T00:32:58.000Z</time>
   </trkpt>
   <trkpt lat="-8.110997" lon="-34.912178">
    <ele>7.7</ele>
    <time>2021-09-16T00:33:00.000Z</time>
   </trkpt>
   <trkpt lat="-8.110914" lon="-34.912162">
    <ele>7.7</ele>
    <time>2021-09-16T00:33:02.000Z</time>
   </trkpt>
   <trkpt lat="-8.11087" lon="-34.912154">
    <ele>7.7</ele>
    <time>2021-09-16T00:33:03.000Z</time>
   </trkpt>
   <trkpt lat="-8.110829" lon="-34.912146">
    <ele>7.8</ele>
    <time>2021-09-16T00:33:04.000Z</time>
   </trkpt>
   <trkpt lat="-8.110745" lon="-34.912136">
    <ele>7.8</ele>
    <time>2021-09-16T00:33:05.000Z</time>
   </trkpt>
   <trkpt lat="-8.110707" lon="-34.912126">
    <ele>7.9</ele>
    <time>2021-09-16T00:33:06.000Z</time>
   </trkpt>
   <trkpt lat="-8.110673" lon="-34.912123">
    <ele>7.9</ele>
    <time>2021-09-16T00:33:08.000Z</time>
   </trkpt>
   <trkpt lat="-8.11064" lon="-34.912114">
    <ele>7.9</ele>
    <time>2021-09-16T00:33:09.000Z</time>
   </trkpt>
   <trkpt lat="-8.110584" lon="-34.912104">
    <ele>7.9</ele>
    <time>2021-09-16T00:33:11.000Z</time>
   </trkpt>
   <trkpt lat="-8.110511" lon="-34.912071">
    <ele>7.9</ele>
    <time>2021-09-16T00:33:13.000Z</time>
   </trkpt>
   <trkpt lat="-8.110439" lon="-34.91204">
    <ele>7.9</ele>
    <time>2021-09-16T00:33:15.000Z</time>
   </trkpt>
   <trkpt lat="-8.110399" lon="-34.912035">
    <ele>7.9</ele>
    <time>2021-09-16T00:33:16.000Z</time>
   </trkpt>
   <trkpt lat="-8.110317" lon="-34.912019">
    <ele>7.9</ele>
    <time>2021-09-16T00:33:18.000Z</time>
   </trkpt>
   <trkpt lat="-8.110232" lon="-34.912015">
    <ele>8</ele>
    <time>2021-09-16T00:33:20.000Z</time>
   </trkpt>
   <trkpt lat="-8.110149" lon="-34.912001">
    <ele>8</ele>
    <time>2021-09-16T00:33:21.000Z</time>
   </trkpt>
   <trkpt lat="-8.110114" lon="-34.911994">
    <ele>8</ele>
    <time>2021-09-16T00:33:23.000Z</time>
   </trkpt>
   <trkpt lat="-8.110035" lon="-34.911975">
    <ele>8</ele>
    <time>2021-09-16T00:33:24.000Z</time>
   </trkpt>
   <trkpt lat="-8.109996" lon="-34.911968">
    <ele>8</ele>
    <time>2021-09-16T00:33:26.000Z</time>
   </trkpt>
   <trkpt lat="-8.109954" lon="-34.911962">
    <ele>8</ele>
    <time>2021-09-16T00:33:27.000Z</time>
   </trkpt>
   <trkpt lat="-8.109906" lon="-34.911963">
    <ele>8</ele>
    <time>2021-09-16T00:33:28.000Z</time>
   </trkpt>
   <trkpt lat="-8.109821" lon="-34.911941">
    <ele>8</ele>
    <time>2021-09-16T00:33:29.000Z</time>
   </trkpt>
   <trkpt lat="-8.109777" lon="-34.911939">
    <ele>8</ele>
    <time>2021-09-16T00:33:30.000Z</time>
   </trkpt>
   <trkpt lat="-8.109735" lon="-34.911931">
    <ele>8</ele>
    <time>2021-09-16T00:33:31.000Z</time>
   </trkpt>
   <trkpt lat="-8.10969" lon="-34.911922">
    <ele>8</ele>
    <time>2021-09-16T00:33:32.000Z</time>
   </trkpt>
   <trkpt lat="-8.109646" lon="-34.911912">
    <ele>8</ele>
    <time>2021-09-16T00:33:34.000Z</time>
   </trkpt>
   <trkpt lat="-8.109563" lon="-34.9119">
    <ele>8</ele>
    <time>2021-09-16T00:33:36.000Z</time>
   </trkpt>
   <trkpt lat="-8.109484" lon="-34.911884">
    <ele>8</ele>
    <time>2021-09-16T00:33:37.000Z</time>
   </trkpt>
   <trkpt lat="-8.109453" lon="-34.911878">
    <ele>8</ele>
    <time>2021-09-16T00:33:38.000Z</time>
   </trkpt>
   <trkpt lat="-8.109417" lon="-34.911874">
    <ele>8</ele>
    <time>2021-09-16T00:33:39.000Z</time>
   </trkpt>
   <trkpt lat="-8.109385" lon="-34.911873">
    <ele>8.1</ele>
    <time>2021-09-16T00:33:40.000Z</time>
   </trkpt>
   <trkpt lat="-8.109355" lon="-34.911867">
    <ele>8.1</ele>
    <time>2021-09-16T00:33:41.000Z</time>
   </trkpt>
   <trkpt lat="-8.109321" lon="-34.911865">
    <ele>8.1</ele>
    <time>2021-09-16T00:33:43.000Z</time>
   </trkpt>
   <trkpt lat="-8.109259" lon="-34.911847">
    <ele>8.1</ele>
    <time>2021-09-16T00:33:45.000Z</time>
   </trkpt>
   <trkpt lat="-8.109214" lon="-34.91184">
    <ele>8.1</ele>
    <time>2021-09-16T00:33:47.000Z</time>
   </trkpt>
   <trkpt lat="-8.109159" lon="-34.911831">
    <ele>8.2</ele>
    <time>2021-09-16T00:33:49.000Z</time>
   </trkpt>
   <trkpt lat="-8.109132" lon="-34.911826">
    <ele>8.2</ele>
    <time>2021-09-16T00:33:52.000Z</time>
   </trkpt>
   <trkpt lat="-8.10908" lon="-34.911812">
    <ele>8.2</ele>
    <time>2021-09-16T00:33:54.000Z</time>
   </trkpt>
   <trkpt lat="-8.109008" lon="-34.9118">
    <ele>8.2</ele>
    <time>2021-09-16T00:33:56.000Z</time>
   </trkpt>
   <trkpt lat="-8.108947" lon="-34.911779">
    <ele>8.2</ele>
    <time>2021-09-16T00:33:57.000Z</time>
   </trkpt>
   <trkpt lat="-8.108914" lon="-34.911764">
    <ele>8.2</ele>
    <time>2021-09-16T00:33:59.000Z</time>
   </trkpt>
   <trkpt lat="-8.108845" lon="-34.911742">
    <ele>8.2</ele>
    <time>2021-09-16T00:34:01.000Z</time>
   </trkpt>
   <trkpt lat="-8.108769" lon="-34.911718">
    <ele>8.2</ele>
    <time>2021-09-16T00:34:02.000Z</time>
   </trkpt>
   <trkpt lat="-8.108726" lon="-34.911715">
    <ele>8.2</ele>
    <time>2021-09-16T00:34:04.000Z</time>
   </trkpt>
   <trkpt lat="-8.10868" lon="-34.911708">
    <ele>8.2</ele>
    <time>2021-09-16T00:34:05.000Z</time>
   </trkpt>
   <trkpt lat="-8.108644" lon="-34.911696">
    <ele>8.2</ele>
    <time>2021-09-16T00:34:06.000Z</time>
   </trkpt>
   <trkpt lat="-8.108578" lon="-34.911671">
    <ele>8.2</ele>
    <time>2021-09-16T00:34:07.000Z</time>
   </trkpt>
   <trkpt lat="-8.108544" lon="-34.911662">
    <ele>8.2</ele>
    <time>2021-09-16T00:34:08.000Z</time>
   </trkpt>
   <trkpt lat="-8.108472" lon="-34.911652">
    <ele>8.2</ele>
    <time>2021-09-16T00:34:10.000Z</time>
   </trkpt>
   <trkpt lat="-8.108434" lon="-34.911649">
    <ele>8.2</ele>
    <time>2021-09-16T00:34:11.000Z</time>
   </trkpt>
   <trkpt lat="-8.108392" lon="-34.911637">
    <ele>8.2</ele>
    <time>2021-09-16T00:34:13.000Z</time>
   </trkpt>
   <trkpt lat="-8.108302" lon="-34.911619">
    <ele>8.2</ele>
    <time>2021-09-16T00:34:15.000Z</time>
   </trkpt>
   <trkpt lat="-8.108219" lon="-34.911613">
    <ele>8.2</ele>
    <time>2021-09-16T00:34:16.000Z</time>
   </trkpt>
   <trkpt lat="-8.108186" lon="-34.9116">
    <ele>8.2</ele>
    <time>2021-09-16T00:34:17.000Z</time>
   </trkpt>
   <trkpt lat="-8.108144" lon="-34.911595">
    <ele>8.2</ele>
    <time>2021-09-16T00:34:18.000Z</time>
   </trkpt>
   <trkpt lat="-8.108099" lon="-34.911587">
    <ele>8.1</ele>
    <time>2021-09-16T00:34:20.000Z</time>
   </trkpt>
   <trkpt lat="-8.108025" lon="-34.911566">
    <ele>8.1</ele>
    <time>2021-09-16T00:34:21.000Z</time>
   </trkpt>
   <trkpt lat="-8.107982" lon="-34.911562">
    <ele>8.1</ele>
    <time>2021-09-16T00:34:22.000Z</time>
   </trkpt>
   <trkpt lat="-8.10794" lon="-34.911557">
    <ele>8.1</ele>
    <time>2021-09-16T00:34:24.000Z</time>
   </trkpt>
   <trkpt lat="-8.107861" lon="-34.911538">
    <ele>8.1</ele>
    <time>2021-09-16T00:34:25.000Z</time>
   </trkpt>
   <trkpt lat="-8.107822" lon="-34.911532">
    <ele>8.1</ele>
    <time>2021-09-16T00:34:27.000Z</time>
   </trkpt>
   <trkpt lat="-8.107781" lon="-34.911521">
    <ele>8.1</ele>
    <time>2021-09-16T00:34:28.000Z</time>
   </trkpt>
   <trkpt lat="-8.107702" lon="-34.911497">
    <ele>8</ele>
    <time>2021-09-16T00:34:29.000Z</time>
   </trkpt>
   <trkpt lat="-8.107664" lon="-34.911497">
    <ele>8</ele>
    <time>2021-09-16T00:34:30.000Z</time>
   </trkpt>
   <trkpt lat="-8.107623" lon="-34.911499">
    <ele>8</ele>
    <time>2021-09-16T00:34:31.000Z</time>
   </trkpt>
   <trkpt lat="-8.107587" lon="-34.911494">
    <ele>8</ele>
    <time>2021-09-16T00:34:32.000Z</time>
   </trkpt>
   <trkpt lat="-8.107554" lon="-34.911485">
    <ele>8</ele>
    <time>2021-09-16T00:34:33.000Z</time>
   </trkpt>
   <trkpt lat="-8.107518" lon="-34.911473">
    <ele>8</ele>
    <time>2021-09-16T00:34:35.000Z</time>
   </trkpt>
   <trkpt lat="-8.107475" lon="-34.911466">
    <ele>8</ele>
    <time>2021-09-16T00:34:36.000Z</time>
   </trkpt>
   <trkpt lat="-8.107433" lon="-34.911454">
    <ele>7.9</ele>
    <time>2021-09-16T00:34:37.000Z</time>
   </trkpt>
   <trkpt lat="-8.10739" lon="-34.911445">
    <ele>7.9</ele>
    <time>2021-09-16T00:34:38.000Z</time>
   </trkpt>
   <trkpt lat="-8.107347" lon="-34.911441">
    <ele>7.8</ele>
    <time>2021-09-16T00:34:39.000Z</time>
   </trkpt>
   <trkpt lat="-8.107259" lon="-34.91144">
    <ele>7.8</ele>
    <time>2021-09-16T00:34:40.000Z</time>
   </trkpt>
   <trkpt lat="-8.107219" lon="-34.911427">
    <ele>7.7</ele>
    <time>2021-09-16T00:34:41.000Z</time>
   </trkpt>
   <trkpt lat="-8.107178" lon="-34.911414">
    <ele>7.7</ele>
    <time>2021-09-16T00:34:43.000Z</time>
   </trkpt>
   <trkpt lat="-8.107071" lon="-34.911401">
    <ele>7.7</ele>
    <time>2021-09-16T00:34:44.000Z</time>
   </trkpt>
   <trkpt lat="-8.107018" lon="-34.911395">
    <ele>7.6</ele>
    <time>2021-09-16T00:34:45.000Z</time>
   </trkpt>
   <trkpt lat="-8.10697" lon="-34.911388">
    <ele>7.6</ele>
    <time>2021-09-16T00:34:47.000Z</time>
   </trkpt>
   <trkpt lat="-8.106875" lon="-34.911366">
    <ele>7.6</ele>
    <time>2021-09-16T00:34:48.000Z</time>
   </trkpt>
   <trkpt lat="-8.106831" lon="-34.911362">
    <ele>7.6</ele>
    <time>2021-09-16T00:34:49.000Z</time>
   </trkpt>
   <trkpt lat="-8.106791" lon="-34.911352">
    <ele>7.6</ele>
    <time>2021-09-16T00:34:51.000Z</time>
   </trkpt>
   <trkpt lat="-8.106755" lon="-34.911339">
    <ele>7.6</ele>
    <time>2021-09-16T00:34:52.000Z</time>
   </trkpt>
   <trkpt lat="-8.106667" lon="-34.911325">
    <ele>7.6</ele>
    <time>2021-09-16T00:34:53.000Z</time>
   </trkpt>
   <trkpt lat="-8.10663" lon="-34.911304">
    <ele>7.6</ele>
    <time>2021-09-16T00:34:54.000Z</time>
   </trkpt>
   <trkpt lat="-8.106585" lon="-34.91129">
    <ele>7.6</ele>
    <time>2021-09-16T00:34:55.000Z</time>
   </trkpt>
   <trkpt lat="-8.106545" lon="-34.911278">
    <ele>7.6</ele>
    <time>2021-09-16T00:34:56.000Z</time>
   </trkpt>
   <trkpt lat="-8.106498" lon="-34.911283">
    <ele>7.6</ele>
    <time>2021-09-16T00:34:57.000Z</time>
   </trkpt>
   <trkpt lat="-8.106454" lon="-34.911275">
    <ele>7.6</ele>
    <time>2021-09-16T00:34:58.000Z</time>
   </trkpt>
   <trkpt lat="-8.106415" lon="-34.911265">
    <ele>7.7</ele>
    <time>2021-09-16T00:35:00.000Z</time>
   </trkpt>
   <trkpt lat="-8.106371" lon="-34.911261">
    <ele>7.7</ele>
    <time>2021-09-16T00:35:01.000Z</time>
   </trkpt>
   <trkpt lat="-8.106274" lon="-34.911253">
    <ele>7.7</ele>
    <time>2021-09-16T00:35:03.000Z</time>
   </trkpt>
   <trkpt lat="-8.106181" lon="-34.911257">
    <ele>7.8</ele>
    <time>2021-09-16T00:35:05.000Z</time>
   </trkpt>
   <trkpt lat="-8.106098" lon="-34.911235">
    <ele>7.8</ele>
    <time>2021-09-16T00:35:06.000Z</time>
   </trkpt>
   <trkpt lat="-8.106056" lon="-34.911222">
    <ele>7.8</ele>
    <time>2021-09-16T00:35:07.000Z</time>
   </trkpt>
   <trkpt lat="-8.106012" lon="-34.911216">
    <ele>7.8</ele>
    <time>2021-09-16T00:35:09.000Z</time>
   </trkpt>
   <trkpt lat="-8.105924" lon="-34.911189">
    <ele>7.8</ele>
    <time>2021-09-16T00:35:10.000Z</time>
   </trkpt>
   <trkpt lat="-8.105878" lon="-34.911179">
    <ele>7.8</ele>
    <time>2021-09-16T00:35:11.000Z</time>
   </trkpt>
   <trkpt lat="-8.105838" lon="-34.91117">
    <ele>7.8</ele>
    <time>2021-09-16T00:35:12.000Z</time>
   </trkpt>
   <trkpt lat="-8.105792" lon="-34.911172">
    <ele>7.8</ele>
    <time>2021-09-16T00:35:13.000Z</time>
   </trkpt>
   <trkpt lat="-8.105745" lon="-34.911165">
    <ele>7.9</ele>
    <time>2021-09-16T00:35:15.000Z</time>
   </trkpt>
   <trkpt lat="-8.105706" lon="-34.91116">
    <ele>7.9</ele>
    <time>2021-09-16T00:35:16.000Z</time>
   </trkpt>
   <trkpt lat="-8.105666" lon="-34.911152">
    <ele>7.9</ele>
    <time>2021-09-16T00:35:17.000Z</time>
   </trkpt>
   <trkpt lat="-8.105626" lon="-34.911137">
    <ele>7.9</ele>
    <time>2021-09-16T00:35:18.000Z</time>
   </trkpt>
   <trkpt lat="-8.105549" lon="-34.911126">
    <ele>7.9</ele>
    <time>2021-09-16T00:35:19.000Z</time>
   </trkpt>
   <trkpt lat="-8.105516" lon="-34.911119">
    <ele>7.9</ele>
    <time>2021-09-16T00:35:20.000Z</time>
   </trkpt>
   <trkpt lat="-8.105478" lon="-34.911125">
    <ele>7.9</ele>
    <time>2021-09-16T00:35:21.000Z</time>
   </trkpt>
   <trkpt lat="-8.105441" lon="-34.91112">
    <ele>7.9</ele>
    <time>2021-09-16T00:35:22.000Z</time>
   </trkpt>
   <trkpt lat="-8.105409" lon="-34.911112">
    <ele>7.9</ele>
    <time>2021-09-16T00:35:23.000Z</time>
   </trkpt>
   <trkpt lat="-8.105378" lon="-34.9111">
    <ele>7.9</ele>
    <time>2021-09-16T00:35:24.000Z</time>
   </trkpt>
   <trkpt lat="-8.105346" lon="-34.911095">
    <ele>7.9</ele>
    <time>2021-09-16T00:35:25.000Z</time>
   </trkpt>
   <trkpt lat="-8.10528" lon="-34.911065">
    <ele>7.9</ele>
    <time>2021-09-16T00:35:27.000Z</time>
   </trkpt>
   <trkpt lat="-8.105242" lon="-34.911049">
    <ele>7.9</ele>
    <time>2021-09-16T00:35:28.000Z</time>
   </trkpt>
   <trkpt lat="-8.10521" lon="-34.911045">
    <ele>7.9</ele>
    <time>2021-09-16T00:35:29.000Z</time>
   </trkpt>
   <trkpt lat="-8.105183" lon="-34.911039">
    <ele>7.9</ele>
    <time>2021-09-16T00:35:31.000Z</time>
   </trkpt>
   <trkpt lat="-8.105152" lon="-34.911032">
    <ele>7.9</ele>
    <time>2021-09-16T00:35:32.000Z</time>
   </trkpt>
   <trkpt lat="-8.105087" lon="-34.911026">
    <ele>7.9</ele>
    <time>2021-09-16T00:35:33.000Z</time>
   </trkpt>
   <trkpt lat="-8.105054" lon="-34.911024">
    <ele>7.9</ele>
    <time>2021-09-16T00:35:35.000Z</time>
   </trkpt>
   <trkpt lat="-8.104981" lon="-34.91102">
    <ele>7.9</ele>
    <time>2021-09-16T00:35:36.000Z</time>
   </trkpt>
   <trkpt lat="-8.104939" lon="-34.911003">
    <ele>7.9</ele>
    <time>2021-09-16T00:35:37.000Z</time>
   </trkpt>
   <trkpt lat="-8.104904" lon="-34.910983">
    <ele>7.9</ele>
    <time>2021-09-16T00:35:38.000Z</time>
   </trkpt>
   <trkpt lat="-8.104864" lon="-34.910971">
    <ele>7.9</ele>
    <time>2021-09-16T00:35:39.000Z</time>
   </trkpt>
   <trkpt lat="-8.104827" lon="-34.910967">
    <ele>7.9</ele>
    <time>2021-09-16T00:35:41.000Z</time>
   </trkpt>
   <trkpt lat="-8.104749" lon="-34.910956">
    <ele>7.9</ele>
    <time>2021-09-16T00:35:42.000Z</time>
   </trkpt>
   <trkpt lat="-8.104706" lon="-34.910947">
    <ele>7.9</ele>
    <time>2021-09-16T00:35:43.000Z</time>
   </trkpt>
   <trkpt lat="-8.104664" lon="-34.910935">
    <ele>7.9</ele>
    <time>2021-09-16T00:35:44.000Z</time>
   </trkpt>
   <trkpt lat="-8.104624" lon="-34.910926">
    <ele>7.9</ele>
    <time>2021-09-16T00:35:45.000Z</time>
   </trkpt>
   <trkpt lat="-8.104588" lon="-34.910915">
    <ele>7.9</ele>
    <time>2021-09-16T00:35:47.000Z</time>
   </trkpt>
   <trkpt lat="-8.104496" lon="-34.910895">
    <ele>7.9</ele>
    <time>2021-09-16T00:35:48.000Z</time>
   </trkpt>
   <trkpt lat="-8.104443" lon="-34.910871">
    <ele>7.9</ele>
    <time>2021-09-16T00:35:50.000Z</time>
   </trkpt>
   <trkpt lat="-8.104337" lon="-34.910842">
    <ele>7.9</ele>
    <time>2021-09-16T00:35:51.000Z</time>
   </trkpt>
   <trkpt lat="-8.104284" lon="-34.910828">
    <ele>7.9</ele>
    <time>2021-09-16T00:35:52.000Z</time>
   </trkpt>
   <trkpt lat="-8.104244" lon="-34.910819">
    <ele>7.9</ele>
    <time>2021-09-16T00:35:53.000Z</time>
   </trkpt>
   <trkpt lat="-8.104204" lon="-34.910811">
    <ele>7.9</ele>
    <time>2021-09-16T00:35:54.000Z</time>
   </trkpt>
   <trkpt lat="-8.104161" lon="-34.910804">
    <ele>8</ele>
    <time>2021-09-16T00:35:55.000Z</time>
   </trkpt>
   <trkpt lat="-8.104121" lon="-34.910799">
    <ele>8</ele>
    <time>2021-09-16T00:35:56.000Z</time>
   </trkpt>
   <trkpt lat="-8.104083" lon="-34.91079">
    <ele>8</ele>
    <time>2021-09-16T00:35:58.000Z</time>
   </trkpt>
   <trkpt lat="-8.104041" lon="-34.910788">
    <ele>8</ele>
    <time>2021-09-16T00:35:59.000Z</time>
   </trkpt>
   <trkpt lat="-8.103956" lon="-34.910785">
    <ele>8</ele>
    <time>2021-09-16T00:36:01.000Z</time>
   </trkpt>
   <trkpt lat="-8.103868" lon="-34.910782">
    <ele>8</ele>
    <time>2021-09-16T00:36:03.000Z</time>
   </trkpt>
   <trkpt lat="-8.103806" lon="-34.910789">
    <ele>8.1</ele>
    <time>2021-09-16T00:36:04.000Z</time>
   </trkpt>
   <trkpt lat="-8.103753" lon="-34.91079">
    <ele>8.1</ele>
    <time>2021-09-16T00:36:05.000Z</time>
   </trkpt>
   <trkpt lat="-8.103665" lon="-34.91077">
    <ele>8.1</ele>
    <time>2021-09-16T00:36:07.000Z</time>
   </trkpt>
   <trkpt lat="-8.103589" lon="-34.910749">
    <ele>8.1</ele>
    <time>2021-09-16T00:36:08.000Z</time>
   </trkpt>
   <trkpt lat="-8.103546" lon="-34.910743">
    <ele>8.1</ele>
    <time>2021-09-16T00:36:10.000Z</time>
   </trkpt>
   <trkpt lat="-8.103461" lon="-34.910715">
    <ele>8.2</ele>
    <time>2021-09-16T00:36:11.000Z</time>
   </trkpt>
   <trkpt lat="-8.103415" lon="-34.910715">
    <ele>8.2</ele>
    <time>2021-09-16T00:36:13.000Z</time>
   </trkpt>
   <trkpt lat="-8.103367" lon="-34.91071">
    <ele>8.2</ele>
    <time>2021-09-16T00:36:14.000Z</time>
   </trkpt>
   <trkpt lat="-8.103284" lon="-34.910682">
    <ele>8.2</ele>
    <time>2021-09-16T00:36:15.000Z</time>
   </trkpt>
   <trkpt lat="-8.103241" lon="-34.910665">
    <ele>8.2</ele>
    <time>2021-09-16T00:36:17.000Z</time>
   </trkpt>
   <trkpt lat="-8.103157" lon="-34.910643">
    <ele>8.2</ele>
    <time>2021-09-16T00:36:18.000Z</time>
   </trkpt>
   <trkpt lat="-8.103114" lon="-34.910643">
    <ele>8.2</ele>
    <time>2021-09-16T00:36:20.000Z</time>
   </trkpt>
   <trkpt lat="-8.103036" lon="-34.910618">
    <ele>8.2</ele>
    <time>2021-09-16T00:36:21.000Z</time>
   </trkpt>
   <trkpt lat="-8.103" lon="-34.9106">
    <ele>8.2</ele>
    <time>2021-09-16T00:36:22.000Z</time>
   </trkpt>
   <trkpt lat="-8.102962" lon="-34.910582">
    <ele>8.2</ele>
    <time>2021-09-16T00:36:23.000Z</time>
   </trkpt>
   <trkpt lat="-8.102924" lon="-34.910575">
    <ele>8.2</ele>
    <time>2021-09-16T00:36:25.000Z</time>
   </trkpt>
   <trkpt lat="-8.102837" lon="-34.91056">
    <ele>8.2</ele>
    <time>2021-09-16T00:36:26.000Z</time>
   </trkpt>
   <trkpt lat="-8.102792" lon="-34.910552">
    <ele>8.2</ele>
    <time>2021-09-16T00:36:28.000Z</time>
   </trkpt>
   <trkpt lat="-8.102707" lon="-34.910534">
    <ele>8.3</ele>
    <time>2021-09-16T00:36:29.000Z</time>
   </trkpt>
   <trkpt lat="-8.102665" lon="-34.910527">
    <ele>8.3</ele>
    <time>2021-09-16T00:36:31.000Z</time>
   </trkpt>
   <trkpt lat="-8.10258" lon="-34.910507">
    <ele>8.3</ele>
    <time>2021-09-16T00:36:32.000Z</time>
   </trkpt>
   <trkpt lat="-8.102536" lon="-34.910496">
    <ele>8.3</ele>
    <time>2021-09-16T00:36:33.000Z</time>
   </trkpt>
   <trkpt lat="-8.102492" lon="-34.91049">
    <ele>8.3</ele>
    <time>2021-09-16T00:36:34.000Z</time>
   </trkpt>
   <trkpt lat="-8.102446" lon="-34.910483">
    <ele>8.3</ele>
    <time>2021-09-16T00:36:35.000Z</time>
   </trkpt>
   <trkpt lat="-8.102402" lon="-34.910479">
    <ele>8.3</ele>
    <time>2021-09-16T00:36:37.000Z</time>
   </trkpt>
   <trkpt lat="-8.102302" lon="-34.910459">
    <ele>8.3</ele>
    <time>2021-09-16T00:36:39.000Z</time>
   </trkpt>
   <trkpt lat="-8.102209" lon="-34.910445">
    <ele>8.3</ele>
    <time>2021-09-16T00:36:41.000Z</time>
   </trkpt>
   <trkpt lat="-8.102166" lon="-34.910441">
    <ele>8.3</ele>
    <time>2021-09-16T00:36:42.000Z</time>
   </trkpt>
   <trkpt lat="-8.102069" lon="-34.910425">
    <ele>8.3</ele>
    <time>2021-09-16T00:36:44.000Z</time>
   </trkpt>
   <trkpt lat="-8.101972" lon="-34.910417">
    <ele>8.3</ele>
    <time>2021-09-16T00:36:46.000Z</time>
   </trkpt>
   <trkpt lat="-8.10193" lon="-34.910405">
    <ele>8.3</ele>
    <time>2021-09-16T00:36:47.000Z</time>
   </trkpt>
   <trkpt lat="-8.101833" lon="-34.910377">
    <ele>8.3</ele>
    <time>2021-09-16T00:36:48.000Z</time>
   </trkpt>
   <trkpt lat="-8.101788" lon="-34.910379">
    <ele>8.3</ele>
    <time>2021-09-16T00:36:50.000Z</time>
   </trkpt>
   <trkpt lat="-8.1017" lon="-34.910364">
    <ele>8.4</ele>
    <time>2021-09-16T00:36:51.000Z</time>
   </trkpt>
   <trkpt lat="-8.101657" lon="-34.910357">
    <ele>8.4</ele>
    <time>2021-09-16T00:36:52.000Z</time>
   </trkpt>
   <trkpt lat="-8.101613" lon="-34.910347">
    <ele>8.4</ele>
    <time>2021-09-16T00:36:53.000Z</time>
   </trkpt>
   <trkpt lat="-8.101572" lon="-34.910339">
    <ele>8.4</ele>
    <time>2021-09-16T00:36:54.000Z</time>
   </trkpt>
   <trkpt lat="-8.101522" lon="-34.910337">
    <ele>8.5</ele>
    <time>2021-09-16T00:36:55.000Z</time>
   </trkpt>
   <trkpt lat="-8.101478" lon="-34.910334">
    <ele>8.5</ele>
    <time>2021-09-16T00:36:56.000Z</time>
   </trkpt>
   <trkpt lat="-8.101435" lon="-34.910326">
    <ele>8.5</ele>
    <time>2021-09-16T00:36:57.000Z</time>
   </trkpt>
   <trkpt lat="-8.101395" lon="-34.910313">
    <ele>8.6</ele>
    <time>2021-09-16T00:36:58.000Z</time>
   </trkpt>
   <trkpt lat="-8.101357" lon="-34.910308">
    <ele>8.6</ele>
    <time>2021-09-16T00:36:59.000Z</time>
   </trkpt>
   <trkpt lat="-8.101316" lon="-34.910297">
    <ele>8.7</ele>
    <time>2021-09-16T00:37:00.000Z</time>
   </trkpt>
   <trkpt lat="-8.101272" lon="-34.910304">
    <ele>8.7</ele>
    <time>2021-09-16T00:37:01.000Z</time>
   </trkpt>
   <trkpt lat="-8.101231" lon="-34.910297">
    <ele>8.8</ele>
    <time>2021-09-16T00:37:02.000Z</time>
   </trkpt>
   <trkpt lat="-8.101189" lon="-34.910284">
    <ele>8.8</ele>
    <time>2021-09-16T00:37:03.000Z</time>
   </trkpt>
   <trkpt lat="-8.101149" lon="-34.910282">
    <ele>8.8</ele>
    <time>2021-09-16T00:37:05.000Z</time>
   </trkpt>
   <trkpt lat="-8.101068" lon="-34.910271">
    <ele>8.9</ele>
    <time>2021-09-16T00:37:07.000Z</time>
   </trkpt>
   <trkpt lat="-8.101026" lon="-34.91026">
    <ele>9</ele>
    <time>2021-09-16T00:37:08.000Z</time>
   </trkpt>
   <trkpt lat="-8.100986" lon="-34.910247">
    <ele>9.1</ele>
    <time>2021-09-16T00:37:09.000Z</time>
   </trkpt>
   <trkpt lat="-8.100896" lon="-34.910222">
    <ele>9.2</ele>
    <time>2021-09-16T00:37:10.000Z</time>
   </trkpt>
   <trkpt lat="-8.10085" lon="-34.910209">
    <ele>9.3</ele>
    <time>2021-09-16T00:37:11.000Z</time>
   </trkpt>
   <trkpt lat="-8.100808" lon="-34.910198">
    <ele>9.3</ele>
    <time>2021-09-16T00:37:13.000Z</time>
   </trkpt>
   <trkpt lat="-8.100729" lon="-34.910187">
    <ele>9.4</ele>
    <time>2021-09-16T00:37:14.000Z</time>
   </trkpt>
   <trkpt lat="-8.100692" lon="-34.91018">
    <ele>9.4</ele>
    <time>2021-09-16T00:37:16.000Z</time>
   </trkpt>
   <trkpt lat="-8.100609" lon="-34.91017">
    <ele>9.4</ele>
    <time>2021-09-16T00:37:18.000Z</time>
   </trkpt>
   <trkpt lat="-8.100567" lon="-34.910165">
    <ele>9.4</ele>
    <time>2021-09-16T00:37:19.000Z</time>
   </trkpt>
   <trkpt lat="-8.100473" lon="-34.910146">
    <ele>9.4</ele>
    <time>2021-09-16T00:37:21.000Z</time>
   </trkpt>
   <trkpt lat="-8.100431" lon="-34.910141">
    <ele>9.4</ele>
    <time>2021-09-16T00:37:22.000Z</time>
   </trkpt>
   <trkpt lat="-8.10034" lon="-34.91012">
    <ele>9.4</ele>
    <time>2021-09-16T00:37:24.000Z</time>
   </trkpt>
   <trkpt lat="-8.100251" lon="-34.910106">
    <ele>9.3</ele>
    <time>2021-09-16T00:37:26.000Z</time>
   </trkpt>
   <trkpt lat="-8.100204" lon="-34.910092">
    <ele>9.3</ele>
    <time>2021-09-16T00:37:27.000Z</time>
   </trkpt>
   <trkpt lat="-8.100111" lon="-34.910083">
    <ele>9.3</ele>
    <time>2021-09-16T00:37:28.000Z</time>
   </trkpt>
   <trkpt lat="-8.100064" lon="-34.910076">
    <ele>9.2</ele>
    <time>2021-09-16T00:37:29.000Z</time>
   </trkpt>
   <trkpt lat="-8.100019" lon="-34.91007">
    <ele>9.1</ele>
    <time>2021-09-16T00:37:31.000Z</time>
   </trkpt>
   <trkpt lat="-8.09997" lon="-34.910077">
    <ele>9.1</ele>
    <time>2021-09-16T00:37:32.000Z</time>
   </trkpt>
   <trkpt lat="-8.099883" lon="-34.910079">
    <ele>9</ele>
    <time>2021-09-16T00:37:33.000Z</time>
   </trkpt>
   <trkpt lat="-8.099836" lon="-34.910087">
    <ele>8.9</ele>
    <time>2021-09-16T00:37:34.000Z</time>
   </trkpt>
   <trkpt lat="-8.099793" lon="-34.910087">
    <ele>8.9</ele>
    <time>2021-09-16T00:37:36.000Z</time>
   </trkpt>
   <trkpt lat="-8.099702" lon="-34.910076">
    <ele>8.8</ele>
    <time>2021-09-16T00:37:38.000Z</time>
   </trkpt>
   <trkpt lat="-8.099649" lon="-34.910079">
    <ele>8.7</ele>
    <time>2021-09-16T00:37:39.000Z</time>
   </trkpt>
   <trkpt lat="-8.099598" lon="-34.910072">
    <ele>8.6</ele>
    <time>2021-09-16T00:37:40.000Z</time>
   </trkpt>
   <trkpt lat="-8.09955" lon="-34.910067">
    <ele>8.6</ele>
    <time>2021-09-16T00:37:41.000Z</time>
   </trkpt>
   <trkpt lat="-8.099499" lon="-34.910064">
    <ele>8.5</ele>
    <time>2021-09-16T00:37:42.000Z</time>
   </trkpt>
   <trkpt lat="-8.099448" lon="-34.910065">
    <ele>8.4</ele>
    <time>2021-09-16T00:37:43.000Z</time>
   </trkpt>
   <trkpt lat="-8.099397" lon="-34.910062">
    <ele>8.4</ele>
    <time>2021-09-16T00:37:44.000Z</time>
   </trkpt>
   <trkpt lat="-8.099295" lon="-34.910053">
    <ele>8.3</ele>
    <time>2021-09-16T00:37:45.000Z</time>
   </trkpt>
   <trkpt lat="-8.099239" lon="-34.910055">
    <ele>8.2</ele>
    <time>2021-09-16T00:37:46.000Z</time>
   </trkpt>
   <trkpt lat="-8.09918" lon="-34.910055">
    <ele>8.2</ele>
    <time>2021-09-16T00:37:47.000Z</time>
   </trkpt>
   <trkpt lat="-8.09914" lon="-34.91005">
    <ele>8.2</ele>
    <time>2021-09-16T00:37:49.000Z</time>
   </trkpt>
   <trkpt lat="-8.099095" lon="-34.910046">
    <ele>8.2</ele>
    <time>2021-09-16T00:37:50.000Z</time>
   </trkpt>
   <trkpt lat="-8.099003" lon="-34.91004">
    <ele>8.2</ele>
    <time>2021-09-16T00:37:52.000Z</time>
   </trkpt>
   <trkpt lat="-8.09895" lon="-34.910034">
    <ele>8.2</ele>
    <time>2021-09-16T00:37:53.000Z</time>
   </trkpt>
   <trkpt lat="-8.098841" lon="-34.910016">
    <ele>8.2</ele>
    <time>2021-09-16T00:37:55.000Z</time>
   </trkpt>
   <trkpt lat="-8.098741" lon="-34.909996">
    <ele>8.1</ele>
    <time>2021-09-16T00:37:56.000Z</time>
   </trkpt>
   <trkpt lat="-8.098696" lon="-34.909983">
    <ele>8.1</ele>
    <time>2021-09-16T00:37:57.000Z</time>
   </trkpt>
   <trkpt lat="-8.098649" lon="-34.909979">
    <ele>8.1</ele>
    <time>2021-09-16T00:37:59.000Z</time>
   </trkpt>
   <trkpt lat="-8.098561" lon="-34.909976">
    <ele>8</ele>
    <time>2021-09-16T00:38:01.000Z</time>
   </trkpt>
   <trkpt lat="-8.098514" lon="-34.909968">
    <ele>8</ele>
    <time>2021-09-16T00:38:02.000Z</time>
   </trkpt>
   <trkpt lat="-8.098466" lon="-34.909962">
    <ele>8</ele>
    <time>2021-09-16T00:38:03.000Z</time>
   </trkpt>
   <trkpt lat="-8.098415" lon="-34.909977">
    <ele>8</ele>
    <time>2021-09-16T00:38:04.000Z</time>
   </trkpt>
   <trkpt lat="-8.098366" lon="-34.909975">
    <ele>8</ele>
    <time>2021-09-16T00:38:05.000Z</time>
   </trkpt>
   <trkpt lat="-8.09827" lon="-34.909972">
    <ele>7.9</ele>
    <time>2021-09-16T00:38:06.000Z</time>
   </trkpt>
   <trkpt lat="-8.098218" lon="-34.909965">
    <ele>7.9</ele>
    <time>2021-09-16T00:38:08.000Z</time>
   </trkpt>
   <trkpt lat="-8.098129" lon="-34.909956">
    <ele>7.9</ele>
    <time>2021-09-16T00:38:09.000Z</time>
   </trkpt>
   <trkpt lat="-8.098087" lon="-34.909934">
    <ele>7.9</ele>
    <time>2021-09-16T00:38:11.000Z</time>
   </trkpt>
   <trkpt lat="-8.097997" lon="-34.909917">
    <ele>7.8</ele>
    <time>2021-09-16T00:38:13.000Z</time>
   </trkpt>
   <trkpt lat="-8.097901" lon="-34.909907">
    <ele>7.8</ele>
    <time>2021-09-16T00:38:15.000Z</time>
   </trkpt>
   <trkpt lat="-8.097851" lon="-34.909898">
    <ele>7.8</ele>
    <time>2021-09-16T00:38:16.000Z</time>
   </trkpt>
   <trkpt lat="-8.097804" lon="-34.909892">
    <ele>7.8</ele>
    <time>2021-09-16T00:38:17.000Z</time>
   </trkpt>
   <trkpt lat="-8.09772" lon="-34.909882">
    <ele>7.8</ele>
    <time>2021-09-16T00:38:18.000Z</time>
   </trkpt>
   <trkpt lat="-8.097685" lon="-34.909869">
    <ele>7.8</ele>
    <time>2021-09-16T00:38:20.000Z</time>
   </trkpt>
   <trkpt lat="-8.097648" lon="-34.909858">
    <ele>7.8</ele>
    <time>2021-09-16T00:38:21.000Z</time>
   </trkpt>
   <trkpt lat="-8.09761" lon="-34.909844">
    <ele>7.8</ele>
    <time>2021-09-16T00:38:22.000Z</time>
   </trkpt>
   <trkpt lat="-8.097541" lon="-34.909823">
    <ele>7.8</ele>
    <time>2021-09-16T00:38:24.000Z</time>
   </trkpt>
   <trkpt lat="-8.097466" lon="-34.909791">
    <ele>7.7</ele>
    <time>2021-09-16T00:38:26.000Z</time>
   </trkpt>
   <trkpt lat="-8.09738" lon="-34.909768">
    <ele>7.7</ele>
    <time>2021-09-16T00:38:27.000Z</time>
   </trkpt>
   <trkpt lat="-8.097337" lon="-34.909762">
    <ele>7.7</ele>
    <time>2021-09-16T00:38:28.000Z</time>
   </trkpt>
   <trkpt lat="-8.097294" lon="-34.909753">
    <ele>7.7</ele>
    <time>2021-09-16T00:38:30.000Z</time>
   </trkpt>
   <trkpt lat="-8.097205" lon="-34.909732">
    <ele>7.7</ele>
    <time>2021-09-16T00:38:31.000Z</time>
   </trkpt>
   <trkpt lat="-8.097164" lon="-34.909718">
    <ele>7.7</ele>
    <time>2021-09-16T00:38:32.000Z</time>
   </trkpt>
   <trkpt lat="-8.097117" lon="-34.909708">
    <ele>7.7</ele>
    <time>2021-09-16T00:38:33.000Z</time>
   </trkpt>
   <trkpt lat="-8.097069" lon="-34.909699">
    <ele>7.7</ele>
    <time>2021-09-16T00:38:35.000Z</time>
   </trkpt>
   <trkpt lat="-8.096977" lon="-34.909679">
    <ele>7.7</ele>
    <time>2021-09-16T00:38:36.000Z</time>
   </trkpt>
   <trkpt lat="-8.096925" lon="-34.909675">
    <ele>7.6</ele>
    <time>2021-09-16T00:38:37.000Z</time>
   </trkpt>
   <trkpt lat="-8.096882" lon="-34.909661">
    <ele>7.6</ele>
    <time>2021-09-16T00:38:38.000Z</time>
   </trkpt>
   <trkpt lat="-8.096835" lon="-34.909652">
    <ele>7.6</ele>
    <time>2021-09-16T00:38:39.000Z</time>
   </trkpt>
   <trkpt lat="-8.096788" lon="-34.909644">
    <ele>7.6</ele>
    <time>2021-09-16T00:38:41.000Z</time>
   </trkpt>
   <trkpt lat="-8.096701" lon="-34.909624">
    <ele>7.6</ele>
    <time>2021-09-16T00:38:43.000Z</time>
   </trkpt>
   <trkpt lat="-8.096659" lon="-34.909614">
    <ele>7.6</ele>
    <time>2021-09-16T00:38:44.000Z</time>
   </trkpt>
   <trkpt lat="-8.096623" lon="-34.909605">
    <ele>7.7</ele>
    <time>2021-09-16T00:38:45.000Z</time>
   </trkpt>
   <trkpt lat="-8.096545" lon="-34.909586">
    <ele>7.7</ele>
    <time>2021-09-16T00:38:46.000Z</time>
   </trkpt>
   <trkpt lat="-8.096502" lon="-34.909581">
    <ele>7.7</ele>
    <time>2021-09-16T00:38:47.000Z</time>
   </trkpt>
   <trkpt lat="-8.096455" lon="-34.90958">
    <ele>7.7</ele>
    <time>2021-09-16T00:38:49.000Z</time>
   </trkpt>
   <trkpt lat="-8.096355" lon="-34.909563">
    <ele>7.7</ele>
    <time>2021-09-16T00:38:51.000Z</time>
   </trkpt>
   <trkpt lat="-8.096273" lon="-34.909543">
    <ele>7.7</ele>
    <time>2021-09-16T00:38:53.000Z</time>
   </trkpt>
   <trkpt lat="-8.096183" lon="-34.909522">
    <ele>7.7</ele>
    <time>2021-09-16T00:38:55.000Z</time>
   </trkpt>
   <trkpt lat="-8.096096" lon="-34.909506">
    <ele>7.7</ele>
    <time>2021-09-16T00:38:57.000Z</time>
   </trkpt>
   <trkpt lat="-8.096016" lon="-34.909478">
    <ele>7.7</ele>
    <time>2021-09-16T00:38:58.000Z</time>
   </trkpt>
   <trkpt lat="-8.09598" lon="-34.909448">
    <ele>7.7</ele>
    <time>2021-09-16T00:38:59.000Z</time>
   </trkpt>
   <trkpt lat="-8.095943" lon="-34.909431">
    <ele>7.7</ele>
    <time>2021-09-16T00:39:00.000Z</time>
   </trkpt>
   <trkpt lat="-8.095902" lon="-34.90942">
    <ele>7.7</ele>
    <time>2021-09-16T00:39:02.000Z</time>
   </trkpt>
   <trkpt lat="-8.09586" lon="-34.909415">
    <ele>7.7</ele>
    <time>2021-09-16T00:39:03.000Z</time>
   </trkpt>
   <trkpt lat="-8.095773" lon="-34.909388">
    <ele>7.7</ele>
    <time>2021-09-16T00:39:04.000Z</time>
   </trkpt>
   <trkpt lat="-8.095725" lon="-34.909386">
    <ele>7.7</ele>
    <time>2021-09-16T00:39:05.000Z</time>
   </trkpt>
   <trkpt lat="-8.095673" lon="-34.909392">
    <ele>7.7</ele>
    <time>2021-09-16T00:39:07.000Z</time>
   </trkpt>
   <trkpt lat="-8.095576" lon="-34.909377">
    <ele>7.7</ele>
    <time>2021-09-16T00:39:08.000Z</time>
   </trkpt>
   <trkpt lat="-8.095528" lon="-34.909365">
    <ele>7.7</ele>
    <time>2021-09-16T00:39:10.000Z</time>
   </trkpt>
   <trkpt lat="-8.095481" lon="-34.909357">
    <ele>7.7</ele>
    <time>2021-09-16T00:39:11.000Z</time>
   </trkpt>
   <trkpt lat="-8.095435" lon="-34.909346">
    <ele>7.7</ele>
    <time>2021-09-16T00:39:12.000Z</time>
   </trkpt>
   <trkpt lat="-8.095403" lon="-34.90932">
    <ele>7.7</ele>
    <time>2021-09-16T00:39:13.000Z</time>
   </trkpt>
   <trkpt lat="-8.09536" lon="-34.909306">
    <ele>7.7</ele>
    <time>2021-09-16T00:39:14.000Z</time>
   </trkpt>
   <trkpt lat="-8.095254" lon="-34.90929">
    <ele>7.7</ele>
    <time>2021-09-16T00:39:16.000Z</time>
   </trkpt>
   <trkpt lat="-8.095209" lon="-34.909284">
    <ele>7.6</ele>
    <time>2021-09-16T00:39:17.000Z</time>
   </trkpt>
   <trkpt lat="-8.095107" lon="-34.909277">
    <ele>7.6</ele>
    <time>2021-09-16T00:39:19.000Z</time>
   </trkpt>
   <trkpt lat="-8.095061" lon="-34.909271">
    <ele>7.6</ele>
    <time>2021-09-16T00:39:20.000Z</time>
   </trkpt>
   <trkpt lat="-8.094955" lon="-34.909248">
    <ele>7.6</ele>
    <time>2021-09-16T00:39:22.000Z</time>
   </trkpt>
   <trkpt lat="-8.094909" lon="-34.909244">
    <ele>7.6</ele>
    <time>2021-09-16T00:39:23.000Z</time>
   </trkpt>
   <trkpt lat="-8.094858" lon="-34.909237">
    <ele>7.6</ele>
    <time>2021-09-16T00:39:24.000Z</time>
   </trkpt>
   <trkpt lat="-8.094768" lon="-34.909229">
    <ele>7.6</ele>
    <time>2021-09-16T00:39:26.000Z</time>
   </trkpt>
   <trkpt lat="-8.094684" lon="-34.909215">
    <ele>7.6</ele>
    <time>2021-09-16T00:39:28.000Z</time>
   </trkpt>
   <trkpt lat="-8.094638" lon="-34.909205">
    <ele>7.6</ele>
    <time>2021-09-16T00:39:29.000Z</time>
   </trkpt>
   <trkpt lat="-8.09455" lon="-34.909192">
    <ele>7.6</ele>
    <time>2021-09-16T00:39:31.000Z</time>
   </trkpt>
   <trkpt lat="-8.094509" lon="-34.909176">
    <ele>7.6</ele>
    <time>2021-09-16T00:39:32.000Z</time>
   </trkpt>
   <trkpt lat="-8.094464" lon="-34.909169">
    <ele>7.6</ele>
    <time>2021-09-16T00:39:33.000Z</time>
   </trkpt>
   <trkpt lat="-8.094412" lon="-34.909165">
    <ele>7.6</ele>
    <time>2021-09-16T00:39:34.000Z</time>
   </trkpt>
   <trkpt lat="-8.09432" lon="-34.909148">
    <ele>7.6</ele>
    <time>2021-09-16T00:39:35.000Z</time>
   </trkpt>
   <trkpt lat="-8.094274" lon="-34.909139">
    <ele>7.6</ele>
    <time>2021-09-16T00:39:37.000Z</time>
   </trkpt>
   <trkpt lat="-8.094185" lon="-34.909115">
    <ele>7.5</ele>
    <time>2021-09-16T00:39:38.000Z</time>
   </trkpt>
   <trkpt lat="-8.09414" lon="-34.909103">
    <ele>7.5</ele>
    <time>2021-09-16T00:39:40.000Z</time>
   </trkpt>
   <trkpt lat="-8.094048" lon="-34.909095">
    <ele>7.5</ele>
    <time>2021-09-16T00:39:42.000Z</time>
   </trkpt>
   <trkpt lat="-8.09401" lon="-34.909087">
    <ele>7.5</ele>
    <time>2021-09-16T00:39:43.000Z</time>
   </trkpt>
   <trkpt lat="-8.093925" lon="-34.909066">
    <ele>7.5</ele>
    <time>2021-09-16T00:39:45.000Z</time>
   </trkpt>
   <trkpt lat="-8.093834" lon="-34.909047">
    <ele>7.5</ele>
    <time>2021-09-16T00:39:47.000Z</time>
   </trkpt>
   <trkpt lat="-8.093789" lon="-34.909036">
    <ele>7.5</ele>
    <time>2021-09-16T00:39:48.000Z</time>
   </trkpt>
   <trkpt lat="-8.093741" lon="-34.909024">
    <ele>7.5</ele>
    <time>2021-09-16T00:39:49.000Z</time>
   </trkpt>
   <trkpt lat="-8.093692" lon="-34.909008">
    <ele>7.5</ele>
    <time>2021-09-16T00:39:50.000Z</time>
   </trkpt>
   <trkpt lat="-8.09365" lon="-34.908998">
    <ele>7.5</ele>
    <time>2021-09-16T00:39:51.000Z</time>
   </trkpt>
   <trkpt lat="-8.093568" lon="-34.908981">
    <ele>7.5</ele>
    <time>2021-09-16T00:39:52.000Z</time>
   </trkpt>
   <trkpt lat="-8.093525" lon="-34.908963">
    <ele>7.5</ele>
    <time>2021-09-16T00:39:53.000Z</time>
   </trkpt>
   <trkpt lat="-8.093476" lon="-34.908952">
    <ele>7.5</ele>
    <time>2021-09-16T00:39:55.000Z</time>
   </trkpt>
   <trkpt lat="-8.093428" lon="-34.908941">
    <ele>7.5</ele>
    <time>2021-09-16T00:39:56.000Z</time>
   </trkpt>
   <trkpt lat="-8.093353" lon="-34.908894">
    <ele>7.5</ele>
    <time>2021-09-16T00:39:58.000Z</time>
   </trkpt>
   <trkpt lat="-8.093258" lon="-34.908857">
    <ele>7.5</ele>
    <time>2021-09-16T00:40:00.000Z</time>
   </trkpt>
   <trkpt lat="-8.093207" lon="-34.908842">
    <ele>7.5</ele>
    <time>2021-09-16T00:40:01.000Z</time>
   </trkpt>
   <trkpt lat="-8.093153" lon="-34.908828">
    <ele>7.5</ele>
    <time>2021-09-16T00:40:02.000Z</time>
   </trkpt>
   <trkpt lat="-8.09307" lon="-34.908788">
    <ele>7.5</ele>
    <time>2021-09-16T00:40:03.000Z</time>
   </trkpt>
   <trkpt lat="-8.093025" lon="-34.90878">
    <ele>7.5</ele>
    <time>2021-09-16T00:40:05.000Z</time>
   </trkpt>
   <trkpt lat="-8.092942" lon="-34.908762">
    <ele>7.5</ele>
    <time>2021-09-16T00:40:07.000Z</time>
   </trkpt>
   <trkpt lat="-8.092853" lon="-34.908758">
    <ele>7.6</ele>
    <time>2021-09-16T00:40:09.000Z</time>
   </trkpt>
   <trkpt lat="-8.092768" lon="-34.908718">
    <ele>7.6</ele>
    <time>2021-09-16T00:40:11.000Z</time>
   </trkpt>
   <trkpt lat="-8.092664" lon="-34.908712">
    <ele>7.6</ele>
    <time>2021-09-16T00:40:13.000Z</time>
   </trkpt>
   <trkpt lat="-8.092564" lon="-34.908697">
    <ele>7.6</ele>
    <time>2021-09-16T00:40:15.000Z</time>
   </trkpt>
   <trkpt lat="-8.092472" lon="-34.908673">
    <ele>7.6</ele>
    <time>2021-09-16T00:40:16.000Z</time>
   </trkpt>
   <trkpt lat="-8.092418" lon="-34.908666">
    <ele>7.6</ele>
    <time>2021-09-16T00:40:17.000Z</time>
   </trkpt>
   <trkpt lat="-8.092371" lon="-34.908654">
    <ele>7.6</ele>
    <time>2021-09-16T00:40:18.000Z</time>
   </trkpt>
   <trkpt lat="-8.092324" lon="-34.908642">
    <ele>7.6</ele>
    <time>2021-09-16T00:40:19.000Z</time>
   </trkpt>
   <trkpt lat="-8.092272" lon="-34.908628">
    <ele>7.6</ele>
    <time>2021-09-16T00:40:21.000Z</time>
   </trkpt>
   <trkpt lat="-8.092173" lon="-34.908613">
    <ele>7.6</ele>
    <time>2021-09-16T00:40:22.000Z</time>
   </trkpt>
   <trkpt lat="-8.092127" lon="-34.908605">
    <ele>7.6</ele>
    <time>2021-09-16T00:40:23.000Z</time>
   </trkpt>
   <trkpt lat="-8.092087" lon="-34.908599">
    <ele>7.6</ele>
    <time>2021-09-16T00:40:25.000Z</time>
   </trkpt>
   <trkpt lat="-8.092001" lon="-34.908575">
    <ele>7.6</ele>
    <time>2021-09-16T00:40:26.000Z</time>
   </trkpt>
   <trkpt lat="-8.091967" lon="-34.90856">
    <ele>7.6</ele>
    <time>2021-09-16T00:40:28.000Z</time>
   </trkpt>
   <trkpt lat="-8.0919" lon="-34.908523">
    <ele>7.6</ele>
    <time>2021-09-16T00:40:30.000Z</time>
   </trkpt>
   <trkpt lat="-8.091861" lon="-34.908505">
    <ele>7.7</ele>
    <time>2021-09-16T00:40:31.000Z</time>
   </trkpt>
   <trkpt lat="-8.091772" lon="-34.908498">
    <ele>7.7</ele>
    <time>2021-09-16T00:40:33.000Z</time>
   </trkpt>
   <trkpt lat="-8.091739" lon="-34.908484">
    <ele>7.7</ele>
    <time>2021-09-16T00:40:34.000Z</time>
   </trkpt>
   <trkpt lat="-8.091656" lon="-34.908469">
    <ele>7.7</ele>
    <time>2021-09-16T00:40:35.000Z</time>
   </trkpt>
   <trkpt lat="-8.091618" lon="-34.908456">
    <ele>7.7</ele>
    <time>2021-09-16T00:40:37.000Z</time>
   </trkpt>
   <trkpt lat="-8.091576" lon="-34.908444">
    <ele>7.7</ele>
    <time>2021-09-16T00:40:38.000Z</time>
   </trkpt>
   <trkpt lat="-8.091532" lon="-34.90843">
    <ele>7.7</ele>
    <time>2021-09-16T00:40:39.000Z</time>
   </trkpt>
   <trkpt lat="-8.091453" lon="-34.908403">
    <ele>7.8</ele>
    <time>2021-09-16T00:40:41.000Z</time>
   </trkpt>
   <trkpt lat="-8.091364" lon="-34.908385">
    <ele>7.7</ele>
    <time>2021-09-16T00:40:43.000Z</time>
   </trkpt>
   <trkpt lat="-8.091321" lon="-34.908377">
    <ele>7.7</ele>
    <time>2021-09-16T00:40:44.000Z</time>
   </trkpt>
   <trkpt lat="-8.091248" lon="-34.908354">
    <ele>7.7</ele>
    <time>2021-09-16T00:40:45.000Z</time>
   </trkpt>
   <trkpt lat="-8.091206" lon="-34.908345">
    <ele>7.7</ele>
    <time>2021-09-16T00:40:47.000Z</time>
   </trkpt>
   <trkpt lat="-8.091112" lon="-34.908319">
    <ele>7.7</ele>
    <time>2021-09-16T00:40:48.000Z</time>
   </trkpt>
   <trkpt lat="-8.091052" lon="-34.908313">
    <ele>7.7</ele>
    <time>2021-09-16T00:40:49.000Z</time>
   </trkpt>
   <trkpt lat="-8.091" lon="-34.908318">
    <ele>7.7</ele>
    <time>2021-09-16T00:40:51.000Z</time>
   </trkpt>
   <trkpt lat="-8.090956" lon="-34.908311">
    <ele>7.7</ele>
    <time>2021-09-16T00:40:52.000Z</time>
   </trkpt>
   <trkpt lat="-8.090875" lon="-34.908292">
    <ele>7.7</ele>
    <time>2021-09-16T00:40:53.000Z</time>
   </trkpt>
   <trkpt lat="-8.090829" lon="-34.908286">
    <ele>7.7</ele>
    <time>2021-09-16T00:40:55.000Z</time>
   </trkpt>
   <trkpt lat="-8.090724" lon="-34.908259">
    <ele>7.7</ele>
    <time>2021-09-16T00:40:56.000Z</time>
   </trkpt>
   <trkpt lat="-8.090676" lon="-34.908259">
    <ele>7.7</ele>
    <time>2021-09-16T00:40:58.000Z</time>
   </trkpt>
   <trkpt lat="-8.09059" lon="-34.908256">
    <ele>7.7</ele>
    <time>2021-09-16T00:40:59.000Z</time>
   </trkpt>
   <trkpt lat="-8.090543" lon="-34.908252">
    <ele>7.7</ele>
    <time>2021-09-16T00:41:01.000Z</time>
   </trkpt>
   <trkpt lat="-8.090491" lon="-34.908253">
    <ele>7.6</ele>
    <time>2021-09-16T00:41:02.000Z</time>
   </trkpt>
   <trkpt lat="-8.090405" lon="-34.908229">
    <ele>7.6</ele>
    <time>2021-09-16T00:41:04.000Z</time>
   </trkpt>
   <trkpt lat="-8.090315" lon="-34.908199">
    <ele>7.6</ele>
    <time>2021-09-16T00:41:06.000Z</time>
   </trkpt>
   <trkpt lat="-8.090223" lon="-34.908182">
    <ele>7.5</ele>
    <time>2021-09-16T00:41:07.000Z</time>
   </trkpt>
   <trkpt lat="-8.090175" lon="-34.908166">
    <ele>7.5</ele>
    <time>2021-09-16T00:41:08.000Z</time>
   </trkpt>
   <trkpt lat="-8.090134" lon="-34.908148">
    <ele>7.5</ele>
    <time>2021-09-16T00:41:09.000Z</time>
   </trkpt>
   <trkpt lat="-8.090091" lon="-34.908132">
    <ele>7.5</ele>
    <time>2021-09-16T00:41:11.000Z</time>
   </trkpt>
   <trkpt lat="-8.090009" lon="-34.908108">
    <ele>7.5</ele>
    <time>2021-09-16T00:41:13.000Z</time>
   </trkpt>
   <trkpt lat="-8.089903" lon="-34.9081">
    <ele>7.5</ele>
    <time>2021-09-16T00:41:14.000Z</time>
   </trkpt>
   <trkpt lat="-8.089847" lon="-34.908113">
    <ele>7.5</ele>
    <time>2021-09-16T00:41:15.000Z</time>
   </trkpt>
   <trkpt lat="-8.089798" lon="-34.908104">
    <ele>7.5</ele>
    <time>2021-09-16T00:41:17.000Z</time>
   </trkpt>
   <trkpt lat="-8.089749" lon="-34.908111">
    <ele>7.5</ele>
    <time>2021-09-16T00:41:18.000Z</time>
   </trkpt>
   <trkpt lat="-8.089694" lon="-34.908117">
    <ele>7.5</ele>
    <time>2021-09-16T00:41:19.000Z</time>
   </trkpt>
   <trkpt lat="-8.089597" lon="-34.90811">
    <ele>7.5</ele>
    <time>2021-09-16T00:41:21.000Z</time>
   </trkpt>
   <trkpt lat="-8.089552" lon="-34.908104">
    <ele>7.6</ele>
    <time>2021-09-16T00:41:22.000Z</time>
   </trkpt>
   <trkpt lat="-8.089468" lon="-34.908094">
    <ele>7.6</ele>
    <time>2021-09-16T00:41:24.000Z</time>
   </trkpt>
   <trkpt lat="-8.08942" lon="-34.908089">
    <ele>7.6</ele>
    <time>2021-09-16T00:41:25.000Z</time>
   </trkpt>
   <trkpt lat="-8.089334" lon="-34.908077">
    <ele>7.6</ele>
    <time>2021-09-16T00:41:27.000Z</time>
   </trkpt>
   <trkpt lat="-8.089253" lon="-34.908063">
    <ele>7.6</ele>
    <time>2021-09-16T00:41:29.000Z</time>
   </trkpt>
   <trkpt lat="-8.089167" lon="-34.908051">
    <ele>7.6</ele>
    <time>2021-09-16T00:41:31.000Z</time>
   </trkpt>
   <trkpt lat="-8.089123" lon="-34.908044">
    <ele>7.6</ele>
    <time>2021-09-16T00:41:32.000Z</time>
   </trkpt>
   <trkpt lat="-8.089084" lon="-34.908026">
    <ele>7.5</ele>
    <time>2021-09-16T00:41:33.000Z</time>
   </trkpt>
   <trkpt lat="-8.088986" lon="-34.908014">
    <ele>7.5</ele>
    <time>2021-09-16T00:41:34.000Z</time>
   </trkpt>
   <trkpt lat="-8.088942" lon="-34.908003">
    <ele>7.6</ele>
    <time>2021-09-16T00:41:36.000Z</time>
   </trkpt>
   <trkpt lat="-8.088858" lon="-34.907979">
    <ele>7.6</ele>
    <time>2021-09-16T00:41:37.000Z</time>
   </trkpt>
   <trkpt lat="-8.088811" lon="-34.907968">
    <ele>7.6</ele>
    <time>2021-09-16T00:41:38.000Z</time>
   </trkpt>
   <trkpt lat="-8.088768" lon="-34.907966">
    <ele>7.6</ele>
    <time>2021-09-16T00:41:39.000Z</time>
   </trkpt>
   <trkpt lat="-8.088719" lon="-34.907956">
    <ele>7.7</ele>
    <time>2021-09-16T00:41:41.000Z</time>
   </trkpt>
   <trkpt lat="-8.088672" lon="-34.90795">
    <ele>7.7</ele>
    <time>2021-09-16T00:41:42.000Z</time>
   </trkpt>
   <trkpt lat="-8.088628" lon="-34.907963">
    <ele>7.7</ele>
    <time>2021-09-16T00:41:43.000Z</time>
   </trkpt>
   <trkpt lat="-8.088529" lon="-34.90797">
    <ele>7.7</ele>
    <time>2021-09-16T00:41:44.000Z</time>
   </trkpt>
   <trkpt lat="-8.088479" lon="-34.907963">
    <ele>7.7</ele>
    <time>2021-09-16T00:41:46.000Z</time>
   </trkpt>
   <trkpt lat="-8.088384" lon="-34.907942">
    <ele>7.7</ele>
    <time>2021-09-16T00:41:48.000Z</time>
   </trkpt>
   <trkpt lat="-8.088335" lon="-34.907928">
    <ele>7.7</ele>
    <time>2021-09-16T00:41:49.000Z</time>
   </trkpt>
   <trkpt lat="-8.088292" lon="-34.907916">
    <ele>7.7</ele>
    <time>2021-09-16T00:41:50.000Z</time>
   </trkpt>
   <trkpt lat="-8.088248" lon="-34.907904">
    <ele>7.7</ele>
    <time>2021-09-16T00:41:51.000Z</time>
   </trkpt>
   <trkpt lat="-8.088155" lon="-34.907888">
    <ele>7.7</ele>
    <time>2021-09-16T00:41:53.000Z</time>
   </trkpt>
   <trkpt lat="-8.088075" lon="-34.907857">
    <ele>7.8</ele>
    <time>2021-09-16T00:41:55.000Z</time>
   </trkpt>
   <trkpt lat="-8.087985" lon="-34.907835">
    <ele>7.8</ele>
    <time>2021-09-16T00:41:57.000Z</time>
   </trkpt>
   <trkpt lat="-8.087937" lon="-34.907822">
    <ele>7.8</ele>
    <time>2021-09-16T00:41:58.000Z</time>
   </trkpt>
   <trkpt lat="-8.087891" lon="-34.907812">
    <ele>7.8</ele>
    <time>2021-09-16T00:41:59.000Z</time>
   </trkpt>
   <trkpt lat="-8.087807" lon="-34.907788">
    <ele>7.8</ele>
    <time>2021-09-16T00:42:00.000Z</time>
   </trkpt>
   <trkpt lat="-8.087758" lon="-34.907773">
    <ele>7.8</ele>
    <time>2021-09-16T00:42:01.000Z</time>
   </trkpt>
   <trkpt lat="-8.087706" lon="-34.907758">
    <ele>7.8</ele>
    <time>2021-09-16T00:42:03.000Z</time>
   </trkpt>
   <trkpt lat="-8.087616" lon="-34.907728">
    <ele>7.7</ele>
    <time>2021-09-16T00:42:04.000Z</time>
   </trkpt>
   <trkpt lat="-8.087569" lon="-34.907711">
    <ele>7.7</ele>
    <time>2021-09-16T00:42:06.000Z</time>
   </trkpt>
   <trkpt lat="-8.087472" lon="-34.90768">
    <ele>7.7</ele>
    <time>2021-09-16T00:42:08.000Z</time>
   </trkpt>
   <trkpt lat="-8.087422" lon="-34.907664">
    <ele>7.7</ele>
    <time>2021-09-16T00:42:09.000Z</time>
   </trkpt>
   <trkpt lat="-8.087335" lon="-34.907644">
    <ele>7.7</ele>
    <time>2021-09-16T00:42:11.000Z</time>
   </trkpt>
   <trkpt lat="-8.087243" lon="-34.907623">
    <ele>7.7</ele>
    <time>2021-09-16T00:42:12.000Z</time>
   </trkpt>
   <trkpt lat="-8.087194" lon="-34.907612">
    <ele>7.7</ele>
    <time>2021-09-16T00:42:14.000Z</time>
   </trkpt>
   <trkpt lat="-8.08715" lon="-34.907601">
    <ele>7.7</ele>
    <time>2021-09-16T00:42:15.000Z</time>
   </trkpt>
   <trkpt lat="-8.087103" lon="-34.907593">
    <ele>7.7</ele>
    <time>2021-09-16T00:42:16.000Z</time>
   </trkpt>
   <trkpt lat="-8.087057" lon="-34.907586">
    <ele>7.6</ele>
    <time>2021-09-16T00:42:17.000Z</time>
   </trkpt>
   <trkpt lat="-8.08698" lon="-34.907571">
    <ele>7.6</ele>
    <time>2021-09-16T00:42:18.000Z</time>
   </trkpt>
   <trkpt lat="-8.086935" lon="-34.907555">
    <ele>7.7</ele>
    <time>2021-09-16T00:42:19.000Z</time>
   </trkpt>
   <trkpt lat="-8.086889" lon="-34.907544">
    <ele>7.7</ele>
    <time>2021-09-16T00:42:20.000Z</time>
   </trkpt>
   <trkpt lat="-8.086841" lon="-34.907537">
    <ele>7.7</ele>
    <time>2021-09-16T00:42:21.000Z</time>
   </trkpt>
   <trkpt lat="-8.086796" lon="-34.907518">
    <ele>7.7</ele>
    <time>2021-09-16T00:42:23.000Z</time>
   </trkpt>
   <trkpt lat="-8.086696" lon="-34.907494">
    <ele>7.7</ele>
    <time>2021-09-16T00:42:24.000Z</time>
   </trkpt>
   <trkpt lat="-8.08664" lon="-34.907477">
    <ele>7.7</ele>
    <time>2021-09-16T00:42:26.000Z</time>
   </trkpt>
   <trkpt lat="-8.086597" lon="-34.907462">
    <ele>7.7</ele>
    <time>2021-09-16T00:42:27.000Z</time>
   </trkpt>
   <trkpt lat="-8.086507" lon="-34.907437">
    <ele>7.7</ele>
    <time>2021-09-16T00:42:29.000Z</time>
   </trkpt>
   <trkpt lat="-8.086421" lon="-34.907422">
    <ele>7.7</ele>
    <time>2021-09-16T00:42:31.000Z</time>
   </trkpt>
   <trkpt lat="-8.086328" lon="-34.907413">
    <ele>7.7</ele>
    <time>2021-09-16T00:42:33.000Z</time>
   </trkpt>
   <trkpt lat="-8.086232" lon="-34.90739">
    <ele>7.8</ele>
    <time>2021-09-16T00:42:34.000Z</time>
   </trkpt>
   <trkpt lat="-8.086186" lon="-34.907378">
    <ele>7.8</ele>
    <time>2021-09-16T00:42:36.000Z</time>
   </trkpt>
   <trkpt lat="-8.086101" lon="-34.907356">
    <ele>7.8</ele>
    <time>2021-09-16T00:42:37.000Z</time>
   </trkpt>
   <trkpt lat="-8.086064" lon="-34.907343">
    <ele>7.8</ele>
    <time>2021-09-16T00:42:38.000Z</time>
   </trkpt>
   <trkpt lat="-8.086022" lon="-34.907328">
    <ele>7.8</ele>
    <time>2021-09-16T00:42:40.000Z</time>
   </trkpt>
   <trkpt lat="-8.085978" lon="-34.907315">
    <ele>7.8</ele>
    <time>2021-09-16T00:42:41.000Z</time>
   </trkpt>
   <trkpt lat="-8.085891" lon="-34.907285">
    <ele>7.8</ele>
    <time>2021-09-16T00:42:43.000Z</time>
   </trkpt>
   <trkpt lat="-8.085847" lon="-34.907279">
    <ele>7.8</ele>
    <time>2021-09-16T00:42:44.000Z</time>
   </trkpt>
   <trkpt lat="-8.085799" lon="-34.907272">
    <ele>7.9</ele>
    <time>2021-09-16T00:42:45.000Z</time>
   </trkpt>
   <trkpt lat="-8.085712" lon="-34.907255">
    <ele>7.9</ele>
    <time>2021-09-16T00:42:47.000Z</time>
   </trkpt>
   <trkpt lat="-8.085624" lon="-34.907246">
    <ele>7.9</ele>
    <time>2021-09-16T00:42:49.000Z</time>
   </trkpt>
   <trkpt lat="-8.085526" lon="-34.907229">
    <ele>8</ele>
    <time>2021-09-16T00:42:51.000Z</time>
   </trkpt>
   <trkpt lat="-8.085479" lon="-34.907221">
    <ele>8</ele>
    <time>2021-09-16T00:42:52.000Z</time>
   </trkpt>
   <trkpt lat="-8.085379" lon="-34.907199">
    <ele>8</ele>
    <time>2021-09-16T00:42:53.000Z</time>
   </trkpt>
   <trkpt lat="-8.085324" lon="-34.907186">
    <ele>8</ele>
    <time>2021-09-16T00:42:54.000Z</time>
   </trkpt>
   <trkpt lat="-8.085285" lon="-34.907172">
    <ele>8</ele>
    <time>2021-09-16T00:42:55.000Z</time>
   </trkpt>
   <trkpt lat="-8.085241" lon="-34.907161">
    <ele>8</ele>
    <time>2021-09-16T00:42:57.000Z</time>
   </trkpt>
   <trkpt lat="-8.085151" lon="-34.907129">
    <ele>8.1</ele>
    <time>2021-09-16T00:42:59.000Z</time>
   </trkpt>
   <trkpt lat="-8.085053" lon="-34.907102">
    <ele>8.1</ele>
    <time>2021-09-16T00:43:00.000Z</time>
   </trkpt>
   <trkpt lat="-8.085008" lon="-34.907091">
    <ele>8.1</ele>
    <time>2021-09-16T00:43:01.000Z</time>
   </trkpt>
   <trkpt lat="-8.084953" lon="-34.907076">
    <ele>8.2</ele>
    <time>2021-09-16T00:43:02.000Z</time>
   </trkpt>
   <trkpt lat="-8.084914" lon="-34.90707">
    <ele>8.2</ele>
    <time>2021-09-16T00:43:03.000Z</time>
   </trkpt>
   <trkpt lat="-8.084868" lon="-34.90706">
    <ele>8.2</ele>
    <time>2021-09-16T00:43:05.000Z</time>
   </trkpt>
   <trkpt lat="-8.084771" lon="-34.907062">
    <ele>8.3</ele>
    <time>2021-09-16T00:43:06.000Z</time>
   </trkpt>
   <trkpt lat="-8.084725" lon="-34.907068">
    <ele>8.3</ele>
    <time>2021-09-16T00:43:07.000Z</time>
   </trkpt>
   <trkpt lat="-8.084677" lon="-34.907065">
    <ele>8.3</ele>
    <time>2021-09-16T00:43:08.000Z</time>
   </trkpt>
   <trkpt lat="-8.08463" lon="-34.907053">
    <ele>8.3</ele>
    <time>2021-09-16T00:43:09.000Z</time>
   </trkpt>
   <trkpt lat="-8.084588" lon="-34.907044">
    <ele>8.4</ele>
    <time>2021-09-16T00:43:10.000Z</time>
   </trkpt>
   <trkpt lat="-8.084545" lon="-34.907039">
    <ele>8.4</ele>
    <time>2021-09-16T00:43:12.000Z</time>
   </trkpt>
   <trkpt lat="-8.084501" lon="-34.90703">
    <ele>8.5</ele>
    <time>2021-09-16T00:43:13.000Z</time>
   </trkpt>
   <trkpt lat="-8.08441" lon="-34.907019">
    <ele>8.7</ele>
    <time>2021-09-16T00:43:14.000Z</time>
   </trkpt>
   <trkpt lat="-8.084366" lon="-34.907009">
    <ele>8.7</ele>
    <time>2021-09-16T00:43:15.000Z</time>
   </trkpt>
   <trkpt lat="-8.084322" lon="-34.907003">
    <ele>8.8</ele>
    <time>2021-09-16T00:43:16.000Z</time>
   </trkpt>
   <trkpt lat="-8.08428" lon="-34.906994">
    <ele>8.9</ele>
    <time>2021-09-16T00:43:17.000Z</time>
   </trkpt>
   <trkpt lat="-8.084238" lon="-34.90699">
    <ele>9</ele>
    <time>2021-09-16T00:43:18.000Z</time>
   </trkpt>
   <trkpt lat="-8.084199" lon="-34.906982">
    <ele>9.1</ele>
    <time>2021-09-16T00:43:19.000Z</time>
   </trkpt>
   <trkpt lat="-8.08416" lon="-34.906977">
    <ele>9.3</ele>
    <time>2021-09-16T00:43:21.000Z</time>
   </trkpt>
   <trkpt lat="-8.084119" lon="-34.906964">
    <ele>9.4</ele>
    <time>2021-09-16T00:43:22.000Z</time>
   </trkpt>
   <trkpt lat="-8.084073" lon="-34.906947">
    <ele>9.6</ele>
    <time>2021-09-16T00:43:23.000Z</time>
   </trkpt>
   <trkpt lat="-8.084028" lon="-34.906937">
    <ele>9.7</ele>
    <time>2021-09-16T00:43:24.000Z</time>
   </trkpt>
   <trkpt lat="-8.083953" lon="-34.906913">
    <ele>9.9</ele>
    <time>2021-09-16T00:43:25.000Z</time>
   </trkpt>
   <trkpt lat="-8.083906" lon="-34.906906">
    <ele>10</ele>
    <time>2021-09-16T00:43:27.000Z</time>
   </trkpt>
   <trkpt lat="-8.083863" lon="-34.906895">
    <ele>10.1</ele>
    <time>2021-09-16T00:43:28.000Z</time>
   </trkpt>
   <trkpt lat="-8.083777" lon="-34.906884">
    <ele>10.2</ele>
    <time>2021-09-16T00:43:30.000Z</time>
   </trkpt>
   <trkpt lat="-8.0837" lon="-34.906868">
    <ele>10.2</ele>
    <time>2021-09-16T00:43:32.000Z</time>
   </trkpt>
   <trkpt lat="-8.083661" lon="-34.906859">
    <ele>10.3</ele>
    <time>2021-09-16T00:43:33.000Z</time>
   </trkpt>
   <trkpt lat="-8.083581" lon="-34.906823">
    <ele>10.3</ele>
    <time>2021-09-16T00:43:34.000Z</time>
   </trkpt>
   <trkpt lat="-8.083542" lon="-34.906812">
    <ele>10.3</ele>
    <time>2021-09-16T00:43:35.000Z</time>
   </trkpt>
   <trkpt lat="-8.083503" lon="-34.906802">
    <ele>10.3</ele>
    <time>2021-09-16T00:43:36.000Z</time>
   </trkpt>
   <trkpt lat="-8.083466" lon="-34.906786">
    <ele>10.3</ele>
    <time>2021-09-16T00:43:38.000Z</time>
   </trkpt>
   <trkpt lat="-8.083388" lon="-34.906763">
    <ele>10.2</ele>
    <time>2021-09-16T00:43:40.000Z</time>
   </trkpt>
   <trkpt lat="-8.083307" lon="-34.906745">
    <ele>10</ele>
    <time>2021-09-16T00:43:42.000Z</time>
   </trkpt>
   <trkpt lat="-8.08322" lon="-34.906709">
    <ele>9.9</ele>
    <time>2021-09-16T00:43:43.000Z</time>
   </trkpt>
   <trkpt lat="-8.083176" lon="-34.906673">
    <ele>9.8</ele>
    <time>2021-09-16T00:43:44.000Z</time>
   </trkpt>
   <trkpt lat="-8.083138" lon="-34.906631">
    <ele>9.7</ele>
    <time>2021-09-16T00:43:46.000Z</time>
   </trkpt>
   <trkpt lat="-8.083097" lon="-34.90657">
    <ele>9.5</ele>
    <time>2021-09-16T00:43:47.000Z</time>
   </trkpt>
   <trkpt lat="-8.083022" lon="-34.906466">
    <ele>9.1</ele>
    <time>2021-09-16T00:43:48.000Z</time>
   </trkpt>
   <trkpt lat="-8.082982" lon="-34.906417">
    <ele>8.8</ele>
    <time>2021-09-16T00:43:50.000Z</time>
   </trkpt>
   <trkpt lat="-8.082945" lon="-34.906366">
    <ele>8.6</ele>
    <time>2021-09-16T00:43:51.000Z</time>
   </trkpt>
   <trkpt lat="-8.082887" lon="-34.90627">
    <ele>8.3</ele>
    <time>2021-09-16T00:43:53.000Z</time>
   </trkpt>
   <trkpt lat="-8.082829" lon="-34.90619">
    <ele>8.1</ele>
    <time>2021-09-16T00:43:55.000Z</time>
   </trkpt>
   <trkpt lat="-8.082764" lon="-34.906113">
    <ele>8</ele>
    <time>2021-09-16T00:43:56.000Z</time>
   </trkpt>
   <trkpt lat="-8.082732" lon="-34.90607">
    <ele>7.9</ele>
    <time>2021-09-16T00:43:58.000Z</time>
   </trkpt>
   <trkpt lat="-8.082665" lon="-34.906011">
    <ele>7.8</ele>
    <time>2021-09-16T00:44:00.000Z</time>
   </trkpt>
   <trkpt lat="-8.082583" lon="-34.905958">
    <ele>7.8</ele>
    <time>2021-09-16T00:44:02.000Z</time>
   </trkpt>
   <trkpt lat="-8.08253" lon="-34.905935">
    <ele>7.8</ele>
    <time>2021-09-16T00:44:03.000Z</time>
   </trkpt>
   <trkpt lat="-8.082435" lon="-34.905889">
    <ele>7.9</ele>
    <time>2021-09-16T00:44:04.000Z</time>
   </trkpt>
   <trkpt lat="-8.082391" lon="-34.905867">
    <ele>7.9</ele>
    <time>2021-09-16T00:44:05.000Z</time>
   </trkpt>
   <trkpt lat="-8.082341" lon="-34.905847">
    <ele>7.9</ele>
    <time>2021-09-16T00:44:06.000Z</time>
   </trkpt>
   <trkpt lat="-8.082297" lon="-34.905826">
    <ele>8</ele>
    <time>2021-09-16T00:44:07.000Z</time>
   </trkpt>
   <trkpt lat="-8.082251" lon="-34.905805">
    <ele>8</ele>
    <time>2021-09-16T00:44:08.000Z</time>
   </trkpt>
   <trkpt lat="-8.082205" lon="-34.905786">
    <ele>8</ele>
    <time>2021-09-16T00:44:10.000Z</time>
   </trkpt>
   <trkpt lat="-8.082127" lon="-34.905735">
    <ele>8.1</ele>
    <time>2021-09-16T00:44:11.000Z</time>
   </trkpt>
   <trkpt lat="-8.082086" lon="-34.905723">
    <ele>8.1</ele>
    <time>2021-09-16T00:44:13.000Z</time>
   </trkpt>
   <trkpt lat="-8.082008" lon="-34.905673">
    <ele>8.1</ele>
    <time>2021-09-16T00:44:14.000Z</time>
   </trkpt>
   <trkpt lat="-8.081966" lon="-34.905658">
    <ele>8.1</ele>
    <time>2021-09-16T00:44:15.000Z</time>
   </trkpt>
   <trkpt lat="-8.081927" lon="-34.905637">
    <ele>8.1</ele>
    <time>2021-09-16T00:44:16.000Z</time>
   </trkpt>
   <trkpt lat="-8.081887" lon="-34.905617">
    <ele>8.1</ele>
    <time>2021-09-16T00:44:17.000Z</time>
   </trkpt>
   <trkpt lat="-8.081844" lon="-34.905597">
    <ele>8.1</ele>
    <time>2021-09-16T00:44:18.000Z</time>
   </trkpt>
   <trkpt lat="-8.0818" lon="-34.905578">
    <ele>8.1</ele>
    <time>2021-09-16T00:44:19.000Z</time>
   </trkpt>
   <trkpt lat="-8.081761" lon="-34.905555">
    <ele>8.1</ele>
    <time>2021-09-16T00:44:20.000Z</time>
   </trkpt>
   <trkpt lat="-8.081717" lon="-34.905529">
    <ele>8.1</ele>
    <time>2021-09-16T00:44:21.000Z</time>
   </trkpt>
   <trkpt lat="-8.081676" lon="-34.905505">
    <ele>8.1</ele>
    <time>2021-09-16T00:44:22.000Z</time>
   </trkpt>
   <trkpt lat="-8.081636" lon="-34.905473">
    <ele>8.1</ele>
    <time>2021-09-16T00:44:23.000Z</time>
   </trkpt>
   <trkpt lat="-8.081594" lon="-34.905445">
    <ele>8.1</ele>
    <time>2021-09-16T00:44:25.000Z</time>
   </trkpt>
   <trkpt lat="-8.081516" lon="-34.905382">
    <ele>8.2</ele>
    <time>2021-09-16T00:44:27.000Z</time>
   </trkpt>
   <trkpt lat="-8.081479" lon="-34.90535">
    <ele>8.2</ele>
    <time>2021-09-16T00:44:28.000Z</time>
   </trkpt>
   <trkpt lat="-8.08144" lon="-34.90532">
    <ele>8.2</ele>
    <time>2021-09-16T00:44:29.000Z</time>
   </trkpt>
   <trkpt lat="-8.081363" lon="-34.905266">
    <ele>8.2</ele>
    <time>2021-09-16T00:44:31.000Z</time>
   </trkpt>
   <trkpt lat="-8.081291" lon="-34.905208">
    <ele>8.2</ele>
    <time>2021-09-16T00:44:33.000Z</time>
   </trkpt>
   <trkpt lat="-8.081252" lon="-34.905183">
    <ele>8.2</ele>
    <time>2021-09-16T00:44:34.000Z</time>
   </trkpt>
   <trkpt lat="-8.081168" lon="-34.905123">
    <ele>8.2</ele>
    <time>2021-09-16T00:44:36.000Z</time>
   </trkpt>
   <trkpt lat="-8.081082" lon="-34.905053">
    <ele>8.2</ele>
    <time>2021-09-16T00:44:37.000Z</time>
   </trkpt>
   <trkpt lat="-8.081037" lon="-34.905019">
    <ele>8.2</ele>
    <time>2021-09-16T00:44:39.000Z</time>
   </trkpt>
   <trkpt lat="-8.080953" lon="-34.904956">
    <ele>8.2</ele>
    <time>2021-09-16T00:44:41.000Z</time>
   </trkpt>
   <trkpt lat="-8.080876" lon="-34.904894">
    <ele>8.1</ele>
    <time>2021-09-16T00:44:42.000Z</time>
   </trkpt>
   <trkpt lat="-8.080844" lon="-34.904863">
    <ele>8.1</ele>
    <time>2021-09-16T00:44:44.000Z</time>
   </trkpt>
   <trkpt lat="-8.080766" lon="-34.904797">
    <ele>8.1</ele>
    <time>2021-09-16T00:44:45.000Z</time>
   </trkpt>
   <trkpt lat="-8.080737" lon="-34.904767">
    <ele>8.1</ele>
    <time>2021-09-16T00:44:47.000Z</time>
   </trkpt>
   <trkpt lat="-8.080682" lon="-34.904706">
    <ele>8.1</ele>
    <time>2021-09-16T00:44:48.000Z</time>
   </trkpt>
   <trkpt lat="-8.080651" lon="-34.904675">
    <ele>8.2</ele>
    <time>2021-09-16T00:44:50.000Z</time>
   </trkpt>
   <trkpt lat="-8.080611" lon="-34.904646">
    <ele>8.2</ele>
    <time>2021-09-16T00:44:51.000Z</time>
   </trkpt>
   <trkpt lat="-8.080541" lon="-34.904578">
    <ele>8.2</ele>
    <time>2021-09-16T00:44:53.000Z</time>
   </trkpt>
   <trkpt lat="-8.080504" lon="-34.904547">
    <ele>8.2</ele>
    <time>2021-09-16T00:44:54.000Z</time>
   </trkpt>
   <trkpt lat="-8.080445" lon="-34.904485">
    <ele>8.2</ele>
    <time>2021-09-16T00:44:55.000Z</time>
   </trkpt>
   <trkpt lat="-8.080418" lon="-34.90446">
    <ele>8.2</ele>
    <time>2021-09-16T00:44:56.000Z</time>
   </trkpt>
   <trkpt lat="-8.080393" lon="-34.904436">
    <ele>8.2</ele>
    <time>2021-09-16T00:44:57.000Z</time>
   </trkpt>
   <trkpt lat="-8.080368" lon="-34.904407">
    <ele>8.2</ele>
    <time>2021-09-16T00:44:59.000Z</time>
   </trkpt>
   <trkpt lat="-8.080314" lon="-34.904338">
    <ele>8.2</ele>
    <time>2021-09-16T00:45:01.000Z</time>
   </trkpt>
   <trkpt lat="-8.080273" lon="-34.904257">
    <ele>8.2</ele>
    <time>2021-09-16T00:45:02.000Z</time>
   </trkpt>
   <trkpt lat="-8.080256" lon="-34.904221">
    <ele>8.2</ele>
    <time>2021-09-16T00:45:04.000Z</time>
   </trkpt>
   <trkpt lat="-8.08021" lon="-34.904144">
    <ele>8.1</ele>
    <time>2021-09-16T00:45:05.000Z</time>
   </trkpt>
   <trkpt lat="-8.080192" lon="-34.904107">
    <ele>8.1</ele>
    <time>2021-09-16T00:45:06.000Z</time>
   </trkpt>
   <trkpt lat="-8.080169" lon="-34.904081">
    <ele>8.1</ele>
    <time>2021-09-16T00:45:08.000Z</time>
   </trkpt>
   <trkpt lat="-8.080144" lon="-34.904065">
    <ele>8</ele>
    <time>2021-09-16T00:45:09.000Z</time>
   </trkpt>
   <trkpt lat="-8.080093" lon="-34.904068">
    <ele>8</ele>
    <time>2021-09-16T00:45:11.000Z</time>
   </trkpt>
   <trkpt lat="-8.080039" lon="-34.904096">
    <ele>8</ele>
    <time>2021-09-16T00:45:13.000Z</time>
   </trkpt>
   <trkpt lat="-8.079975" lon="-34.904132">
    <ele>8</ele>
    <time>2021-09-16T00:45:15.000Z</time>
   </trkpt>
   <trkpt lat="-8.079943" lon="-34.904148">
    <ele>8</ele>
    <time>2021-09-16T00:45:16.000Z</time>
   </trkpt>
   <trkpt lat="-8.07987" lon="-34.904175">
    <ele>8</ele>
    <time>2021-09-16T00:45:18.000Z</time>
   </trkpt>
   <trkpt lat="-8.079803" lon="-34.904211">
    <ele>8</ele>
    <time>2021-09-16T00:45:20.000Z</time>
   </trkpt>
   <trkpt lat="-8.079746" lon="-34.904244">
    <ele>8</ele>
    <time>2021-09-16T00:45:21.000Z</time>
   </trkpt>
   <trkpt lat="-8.079696" lon="-34.904292">
    <ele>8</ele>
    <time>2021-09-16T00:45:23.000Z</time>
   </trkpt>
   <trkpt lat="-8.07967" lon="-34.90432">
    <ele>8</ele>
    <time>2021-09-16T00:45:24.000Z</time>
   </trkpt>
   <trkpt lat="-8.079649" lon="-34.904335">
    <ele>8</ele>
    <time>2021-09-16T00:45:25.000Z</time>
   </trkpt>
   <trkpt lat="-8.079577" lon="-34.904399">
    <ele>8</ele>
    <time>2021-09-16T00:45:29.000Z</time>
   </trkpt>
   <trkpt lat="-8.079521" lon="-34.904457">
    <ele>7.8</ele>
    <time>2021-09-16T00:45:30.000Z</time>
   </trkpt>
   <trkpt lat="-8.079487" lon="-34.904483">
    <ele>7.8</ele>
    <time>2021-09-16T00:45:31.000Z</time>
   </trkpt>
   <trkpt lat="-8.079456" lon="-34.904509">
    <ele>7.7</ele>
    <time>2021-09-16T00:45:33.000Z</time>
   </trkpt>
   <trkpt lat="-8.079427" lon="-34.90453">
    <ele>7.7</ele>
    <time>2021-09-16T00:45:34.000Z</time>
   </trkpt>
   <trkpt lat="-8.079362" lon="-34.904591">
    <ele>7.6</ele>
    <time>2021-09-16T00:45:36.000Z</time>
   </trkpt>
   <trkpt lat="-8.079299" lon="-34.904637">
    <ele>7.5</ele>
    <time>2021-09-16T00:45:38.000Z</time>
   </trkpt>
   <trkpt lat="-8.079234" lon="-34.904683">
    <ele>7.5</ele>
    <time>2021-09-16T00:45:39.000Z</time>
   </trkpt>
   <trkpt lat="-8.0792" lon="-34.904713">
    <ele>7.4</ele>
    <time>2021-09-16T00:45:41.000Z</time>
   </trkpt>
   <trkpt lat="-8.079121" lon="-34.90476">
    <ele>7.4</ele>
    <time>2021-09-16T00:45:42.000Z</time>
   </trkpt>
   <trkpt lat="-8.07908" lon="-34.904783">
    <ele>7.4</ele>
    <time>2021-09-16T00:45:44.000Z</time>
   </trkpt>
   <trkpt lat="-8.079016" lon="-34.904825">
    <ele>7.3</ele>
    <time>2021-09-16T00:45:45.000Z</time>
   </trkpt>
   <trkpt lat="-8.078982" lon="-34.904844">
    <ele>7.3</ele>
    <time>2021-09-16T00:45:47.000Z</time>
   </trkpt>
   <trkpt lat="-8.078916" lon="-34.904883">
    <ele>7.3</ele>
    <time>2021-09-16T00:45:48.000Z</time>
   </trkpt>
   <trkpt lat="-8.078862" lon="-34.904916">
    <ele>7.3</ele>
    <time>2021-09-16T00:45:50.000Z</time>
   </trkpt>
   <trkpt lat="-8.078833" lon="-34.90493">
    <ele>7.3</ele>
    <time>2021-09-16T00:45:51.000Z</time>
   </trkpt>
   <trkpt lat="-8.0788" lon="-34.904945">
    <ele>7.3</ele>
    <time>2021-09-16T00:45:52.000Z</time>
   </trkpt>
   <trkpt lat="-8.078768" lon="-34.904971">
    <ele>7.3</ele>
    <time>2021-09-16T00:45:53.000Z</time>
   </trkpt>
   <trkpt lat="-8.078734" lon="-34.905004">
    <ele>7.3</ele>
    <time>2021-09-16T00:45:54.000Z</time>
   </trkpt>
   <trkpt lat="-8.07868" lon="-34.905037">
    <ele>7.4</ele>
    <time>2021-09-16T00:45:56.000Z</time>
   </trkpt>
   <trkpt lat="-8.078636" lon="-34.905082">
    <ele>7.4</ele>
    <time>2021-09-16T00:45:57.000Z</time>
   </trkpt>
   <trkpt lat="-8.078562" lon="-34.905151">
    <ele>7.4</ele>
    <time>2021-09-16T00:45:59.000Z</time>
   </trkpt>
   <trkpt lat="-8.0785" lon="-34.905227">
    <ele>7.5</ele>
    <time>2021-09-16T00:46:01.000Z</time>
   </trkpt>
   <trkpt lat="-8.078444" lon="-34.905286">
    <ele>7.5</ele>
    <time>2021-09-16T00:46:02.000Z</time>
   </trkpt>
   <trkpt lat="-8.078405" lon="-34.905308">
    <ele>7.5</ele>
    <time>2021-09-16T00:46:04.000Z</time>
   </trkpt>
   <trkpt lat="-8.078373" lon="-34.905338">
    <ele>7.6</ele>
    <time>2021-09-16T00:46:05.000Z</time>
   </trkpt>
   <trkpt lat="-8.078334" lon="-34.90537">
    <ele>7.6</ele>
    <time>2021-09-16T00:46:06.000Z</time>
   </trkpt>
   <trkpt lat="-8.078286" lon="-34.905399">
    <ele>7.6</ele>
    <time>2021-09-16T00:46:07.000Z</time>
   </trkpt>
   <trkpt lat="-8.078212" lon="-34.905478">
    <ele>7.6</ele>
    <time>2021-09-16T00:46:08.000Z</time>
   </trkpt>
   <trkpt lat="-8.078172" lon="-34.905505">
    <ele>7.7</ele>
    <time>2021-09-16T00:46:10.000Z</time>
   </trkpt>
   <trkpt lat="-8.078102" lon="-34.905557">
    <ele>7.7</ele>
    <time>2021-09-16T00:46:11.000Z</time>
   </trkpt>
   <trkpt lat="-8.078065" lon="-34.905586">
    <ele>7.7</ele>
    <time>2021-09-16T00:46:13.000Z</time>
   </trkpt>
   <trkpt lat="-8.07803" lon="-34.905615">
    <ele>7.7</ele>
    <time>2021-09-16T00:46:14.000Z</time>
   </trkpt>
   <trkpt lat="-8.077951" lon="-34.905677">
    <ele>7.7</ele>
    <time>2021-09-16T00:46:15.000Z</time>
   </trkpt>
   <trkpt lat="-8.077916" lon="-34.905708">
    <ele>7.7</ele>
    <time>2021-09-16T00:46:17.000Z</time>
   </trkpt>
   <trkpt lat="-8.07788" lon="-34.905738">
    <ele>7.7</ele>
    <time>2021-09-16T00:46:18.000Z</time>
   </trkpt>
   <trkpt lat="-8.077815" lon="-34.905787">
    <ele>7.7</ele>
    <time>2021-09-16T00:46:20.000Z</time>
   </trkpt>
   <trkpt lat="-8.077753" lon="-34.905864">
    <ele>7.7</ele>
    <time>2021-09-16T00:46:22.000Z</time>
   </trkpt>
   <trkpt lat="-8.07768" lon="-34.905917">
    <ele>7.7</ele>
    <time>2021-09-16T00:46:23.000Z</time>
   </trkpt>
   <trkpt lat="-8.077646" lon="-34.905948">
    <ele>7.7</ele>
    <time>2021-09-16T00:46:24.000Z</time>
   </trkpt>
   <trkpt lat="-8.077613" lon="-34.905978">
    <ele>7.7</ele>
    <time>2021-09-16T00:46:26.000Z</time>
   </trkpt>
   <trkpt lat="-8.077572" lon="-34.90601">
    <ele>7.7</ele>
    <time>2021-09-16T00:46:27.000Z</time>
   </trkpt>
   <trkpt lat="-8.077535" lon="-34.906043">
    <ele>7.7</ele>
    <time>2021-09-16T00:46:28.000Z</time>
   </trkpt>
   <trkpt lat="-8.077456" lon="-34.906103">
    <ele>7.7</ele>
    <time>2021-09-16T00:46:30.000Z</time>
   </trkpt>
   <trkpt lat="-8.077378" lon="-34.906159">
    <ele>7.7</ele>
    <time>2021-09-16T00:46:32.000Z</time>
   </trkpt>
   <trkpt lat="-8.077307" lon="-34.906202">
    <ele>7.7</ele>
    <time>2021-09-16T00:46:33.000Z</time>
   </trkpt>
   <trkpt lat="-8.077272" lon="-34.906215">
    <ele>7.7</ele>
    <time>2021-09-16T00:46:34.000Z</time>
   </trkpt>
   <trkpt lat="-8.077235" lon="-34.906231">
    <ele>7.8</ele>
    <time>2021-09-16T00:46:36.000Z</time>
   </trkpt>
   <trkpt lat="-8.077174" lon="-34.906281">
    <ele>7.8</ele>
    <time>2021-09-16T00:46:38.000Z</time>
   </trkpt>
   <trkpt lat="-8.077148" lon="-34.906313">
    <ele>7.8</ele>
    <time>2021-09-16T00:46:39.000Z</time>
   </trkpt>
   <trkpt lat="-8.077092" lon="-34.906394">
    <ele>7.8</ele>
    <time>2021-09-16T00:46:40.000Z</time>
   </trkpt>
   <trkpt lat="-8.077059" lon="-34.906426">
    <ele>7.8</ele>
    <time>2021-09-16T00:46:41.000Z</time>
   </trkpt>
   <trkpt lat="-8.077024" lon="-34.906451">
    <ele>7.8</ele>
    <time>2021-09-16T00:46:42.000Z</time>
   </trkpt>
   <trkpt lat="-8.076983" lon="-34.906485">
    <ele>7.8</ele>
    <time>2021-09-16T00:46:44.000Z</time>
   </trkpt>
   <trkpt lat="-8.076887" lon="-34.906555">
    <ele>7.8</ele>
    <time>2021-09-16T00:46:45.000Z</time>
   </trkpt>
   <trkpt lat="-8.076845" lon="-34.906588">
    <ele>7.8</ele>
    <time>2021-09-16T00:46:47.000Z</time>
   </trkpt>
   <trkpt lat="-8.076774" lon="-34.906667">
    <ele>7.8</ele>
    <time>2021-09-16T00:46:49.000Z</time>
   </trkpt>
   <trkpt lat="-8.076732" lon="-34.906699">
    <ele>7.9</ele>
    <time>2021-09-16T00:46:50.000Z</time>
   </trkpt>
   <trkpt lat="-8.076688" lon="-34.906728">
    <ele>7.9</ele>
    <time>2021-09-16T00:46:51.000Z</time>
   </trkpt>
   <trkpt lat="-8.076644" lon="-34.906763">
    <ele>7.9</ele>
    <time>2021-09-16T00:46:52.000Z</time>
   </trkpt>
   <trkpt lat="-8.076571" lon="-34.906825">
    <ele>7.9</ele>
    <time>2021-09-16T00:46:54.000Z</time>
   </trkpt>
   <trkpt lat="-8.076535" lon="-34.906852">
    <ele>7.9</ele>
    <time>2021-09-16T00:46:55.000Z</time>
   </trkpt>
   <trkpt lat="-8.076504" lon="-34.906881">
    <ele>7.9</ele>
    <time>2021-09-16T00:46:56.000Z</time>
   </trkpt>
   <trkpt lat="-8.07643" lon="-34.906933">
    <ele>7.9</ele>
    <time>2021-09-16T00:46:57.000Z</time>
   </trkpt>
   <trkpt lat="-8.076396" lon="-34.906966">
    <ele>8</ele>
    <time>2021-09-16T00:46:59.000Z</time>
   </trkpt>
   <trkpt lat="-8.076324" lon="-34.907013">
    <ele>8</ele>
    <time>2021-09-16T00:47:01.000Z</time>
   </trkpt>
   <trkpt lat="-8.076289" lon="-34.907036">
    <ele>8</ele>
    <time>2021-09-16T00:47:02.000Z</time>
   </trkpt>
   <trkpt lat="-8.076235" lon="-34.907084">
    <ele>8</ele>
    <time>2021-09-16T00:47:03.000Z</time>
   </trkpt>
   <trkpt lat="-8.076213" lon="-34.9071">
    <ele>8</ele>
    <time>2021-09-16T00:47:05.000Z</time>
   </trkpt>
   <trkpt lat="-8.076164" lon="-34.907135">
    <ele>8</ele>
    <time>2021-09-16T00:47:07.000Z</time>
   </trkpt>
   <trkpt lat="-8.076134" lon="-34.907145">
    <ele>8</ele>
    <time>2021-09-16T00:47:08.000Z</time>
   </trkpt>
   <trkpt lat="-8.076071" lon="-34.907175">
    <ele>8</ele>
    <time>2021-09-16T00:47:09.000Z</time>
   </trkpt>
   <trkpt lat="-8.076005" lon="-34.907229">
    <ele>7.9</ele>
    <time>2021-09-16T00:47:11.000Z</time>
   </trkpt>
   <trkpt lat="-8.075976" lon="-34.907262">
    <ele>7.9</ele>
    <time>2021-09-16T00:47:12.000Z</time>
   </trkpt>
   <trkpt lat="-8.07594" lon="-34.907292">
    <ele>7.9</ele>
    <time>2021-09-16T00:47:13.000Z</time>
   </trkpt>
   <trkpt lat="-8.075901" lon="-34.907315">
    <ele>7.9</ele>
    <time>2021-09-16T00:47:14.000Z</time>
   </trkpt>
   <trkpt lat="-8.075871" lon="-34.907331">
    <ele>7.9</ele>
    <time>2021-09-16T00:47:15.000Z</time>
   </trkpt>
   <trkpt lat="-8.075838" lon="-34.907337">
    <ele>7.9</ele>
    <time>2021-09-16T00:47:17.000Z</time>
   </trkpt>
   <trkpt lat="-8.075755" lon="-34.907344">
    <ele>7.9</ele>
    <time>2021-09-16T00:47:19.000Z</time>
   </trkpt>
   <trkpt lat="-8.075663" lon="-34.907342">
    <ele>7.9</ele>
    <time>2021-09-16T00:47:21.000Z</time>
   </trkpt>
   <trkpt lat="-8.075589" lon="-34.907365">
    <ele>7.8</ele>
    <time>2021-09-16T00:47:22.000Z</time>
   </trkpt>
   <trkpt lat="-8.075549" lon="-34.90737">
    <ele>7.8</ele>
    <time>2021-09-16T00:47:23.000Z</time>
   </trkpt>
   <trkpt lat="-8.075507" lon="-34.907374">
    <ele>7.8</ele>
    <time>2021-09-16T00:47:24.000Z</time>
   </trkpt>
   <trkpt lat="-8.075457" lon="-34.907374">
    <ele>7.8</ele>
    <time>2021-09-16T00:47:26.000Z</time>
   </trkpt>
   <trkpt lat="-8.075375" lon="-34.907375">
    <ele>7.8</ele>
    <time>2021-09-16T00:47:28.000Z</time>
   </trkpt>
   <trkpt lat="-8.0753" lon="-34.907382">
    <ele>7.8</ele>
    <time>2021-09-16T00:47:29.000Z</time>
   </trkpt>
   <trkpt lat="-8.07526" lon="-34.90739">
    <ele>7.8</ele>
    <time>2021-09-16T00:47:30.000Z</time>
   </trkpt>
   <trkpt lat="-8.075219" lon="-34.907386">
    <ele>7.8</ele>
    <time>2021-09-16T00:47:31.000Z</time>
   </trkpt>
   <trkpt lat="-8.07517" lon="-34.907399">
    <ele>7.9</ele>
    <time>2021-09-16T00:47:32.000Z</time>
   </trkpt>
   <trkpt lat="-8.075123" lon="-34.907407">
    <ele>7.9</ele>
    <time>2021-09-16T00:47:34.000Z</time>
   </trkpt>
   <trkpt lat="-8.075081" lon="-34.907415">
    <ele>7.9</ele>
    <time>2021-09-16T00:47:35.000Z</time>
   </trkpt>
   <trkpt lat="-8.074993" lon="-34.907434">
    <ele>7.9</ele>
    <time>2021-09-16T00:47:37.000Z</time>
   </trkpt>
   <trkpt lat="-8.074908" lon="-34.907453">
    <ele>7.9</ele>
    <time>2021-09-16T00:47:38.000Z</time>
   </trkpt>
   <trkpt lat="-8.074862" lon="-34.907466">
    <ele>7.9</ele>
    <time>2021-09-16T00:47:39.000Z</time>
   </trkpt>
   <trkpt lat="-8.074813" lon="-34.907479">
    <ele>7.9</ele>
    <time>2021-09-16T00:47:41.000Z</time>
   </trkpt>
   <trkpt lat="-8.074776" lon="-34.907486">
    <ele>7.9</ele>
    <time>2021-09-16T00:47:42.000Z</time>
   </trkpt>
   <trkpt lat="-8.074736" lon="-34.907492">
    <ele>7.9</ele>
    <time>2021-09-16T00:47:43.000Z</time>
   </trkpt>
   <trkpt lat="-8.074658" lon="-34.9075">
    <ele>7.9</ele>
    <time>2021-09-16T00:47:44.000Z</time>
   </trkpt>
   <trkpt lat="-8.074612" lon="-34.907501">
    <ele>8</ele>
    <time>2021-09-16T00:47:46.000Z</time>
   </trkpt>
   <trkpt lat="-8.07457" lon="-34.907509">
    <ele>8</ele>
    <time>2021-09-16T00:47:47.000Z</time>
   </trkpt>
   <trkpt lat="-8.074531" lon="-34.907521">
    <ele>8</ele>
    <time>2021-09-16T00:47:48.000Z</time>
   </trkpt>
   <trkpt lat="-8.074451" lon="-34.907533">
    <ele>8</ele>
    <time>2021-09-16T00:47:49.000Z</time>
   </trkpt>
   <trkpt lat="-8.074405" lon="-34.907542">
    <ele>8</ele>
    <time>2021-09-16T00:47:50.000Z</time>
   </trkpt>
   <trkpt lat="-8.074364" lon="-34.907548">
    <ele>8</ele>
    <time>2021-09-16T00:47:52.000Z</time>
   </trkpt>
   <trkpt lat="-8.074317" lon="-34.907559">
    <ele>8</ele>
    <time>2021-09-16T00:47:53.000Z</time>
   </trkpt>
   <trkpt lat="-8.074228" lon="-34.907583">
    <ele>7.9</ele>
    <time>2021-09-16T00:47:54.000Z</time>
   </trkpt>
   <trkpt lat="-8.074177" lon="-34.907589">
    <ele>7.9</ele>
    <time>2021-09-16T00:47:56.000Z</time>
   </trkpt>
   <trkpt lat="-8.074085" lon="-34.907598">
    <ele>7.9</ele>
    <time>2021-09-16T00:47:57.000Z</time>
   </trkpt>
   <trkpt lat="-8.074046" lon="-34.90761">
    <ele>7.9</ele>
    <time>2021-09-16T00:47:58.000Z</time>
   </trkpt>
   <trkpt lat="-8.074001" lon="-34.907622">
    <ele>7.9</ele>
    <time>2021-09-16T00:47:59.000Z</time>
   </trkpt>
   <trkpt lat="-8.073959" lon="-34.90763">
    <ele>7.9</ele>
    <time>2021-09-16T00:48:01.000Z</time>
   </trkpt>
   <trkpt lat="-8.073875" lon="-34.907631">
    <ele>7.9</ele>
    <time>2021-09-16T00:48:03.000Z</time>
   </trkpt>
   <trkpt lat="-8.07383" lon="-34.907632">
    <ele>7.9</ele>
    <time>2021-09-16T00:48:04.000Z</time>
   </trkpt>
   <trkpt lat="-8.07374" lon="-34.907647">
    <ele>7.8</ele>
    <time>2021-09-16T00:48:06.000Z</time>
   </trkpt>
   <trkpt lat="-8.073646" lon="-34.907651">
    <ele>7.8</ele>
    <time>2021-09-16T00:48:07.000Z</time>
   </trkpt>
   <trkpt lat="-8.073603" lon="-34.90766">
    <ele>7.8</ele>
    <time>2021-09-16T00:48:09.000Z</time>
   </trkpt>
   <trkpt lat="-8.073556" lon="-34.907671">
    <ele>7.8</ele>
    <time>2021-09-16T00:48:10.000Z</time>
   </trkpt>
   <trkpt lat="-8.073512" lon="-34.907674">
    <ele>7.8</ele>
    <time>2021-09-16T00:48:11.000Z</time>
   </trkpt>
   <trkpt lat="-8.073428" lon="-34.907678">
    <ele>7.8</ele>
    <time>2021-09-16T00:48:13.000Z</time>
   </trkpt>
   <trkpt lat="-8.073382" lon="-34.907687">
    <ele>7.8</ele>
    <time>2021-09-16T00:48:14.000Z</time>
   </trkpt>
   <trkpt lat="-8.073335" lon="-34.907705">
    <ele>7.7</ele>
    <time>2021-09-16T00:48:15.000Z</time>
   </trkpt>
   <trkpt lat="-8.073242" lon="-34.907717">
    <ele>7.7</ele>
    <time>2021-09-16T00:48:17.000Z</time>
   </trkpt>
   <trkpt lat="-8.073165" lon="-34.907725">
    <ele>7.7</ele>
    <time>2021-09-16T00:48:18.000Z</time>
   </trkpt>
   <trkpt lat="-8.073116" lon="-34.907736">
    <ele>7.6</ele>
    <time>2021-09-16T00:48:20.000Z</time>
   </trkpt>
   <trkpt lat="-8.073016" lon="-34.90775">
    <ele>7.6</ele>
    <time>2021-09-16T00:48:22.000Z</time>
   </trkpt>
   <trkpt lat="-8.072931" lon="-34.907756">
    <ele>7.6</ele>
    <time>2021-09-16T00:48:24.000Z</time>
   </trkpt>
   <trkpt lat="-8.072841" lon="-34.907773">
    <ele>7.6</ele>
    <time>2021-09-16T00:48:26.000Z</time>
   </trkpt>
   <trkpt lat="-8.072754" lon="-34.907789">
    <ele>7.6</ele>
    <time>2021-09-16T00:48:28.000Z</time>
   </trkpt>
   <trkpt lat="-8.072658" lon="-34.907801">
    <ele>7.6</ele>
    <time>2021-09-16T00:48:30.000Z</time>
   </trkpt>
   <trkpt lat="-8.072564" lon="-34.907818">
    <ele>7.6</ele>
    <time>2021-09-16T00:48:32.000Z</time>
   </trkpt>
   <trkpt lat="-8.072478" lon="-34.907819">
    <ele>7.6</ele>
    <time>2021-09-16T00:48:33.000Z</time>
   </trkpt>
   <trkpt lat="-8.072433" lon="-34.907819">
    <ele>7.6</ele>
    <time>2021-09-16T00:48:35.000Z</time>
   </trkpt>
   <trkpt lat="-8.072388" lon="-34.907828">
    <ele>7.6</ele>
    <time>2021-09-16T00:48:36.000Z</time>
   </trkpt>
   <trkpt lat="-8.072349" lon="-34.907838">
    <ele>7.6</ele>
    <time>2021-09-16T00:48:37.000Z</time>
   </trkpt>
   <trkpt lat="-8.072253" lon="-34.90787">
    <ele>7.6</ele>
    <time>2021-09-16T00:48:38.000Z</time>
   </trkpt>
   <trkpt lat="-8.072211" lon="-34.907883">
    <ele>7.7</ele>
    <time>2021-09-16T00:48:39.000Z</time>
   </trkpt>
   <trkpt lat="-8.072169" lon="-34.907895">
    <ele>7.7</ele>
    <time>2021-09-16T00:48:41.000Z</time>
   </trkpt>
   <trkpt lat="-8.07212" lon="-34.907902">
    <ele>7.7</ele>
    <time>2021-09-16T00:48:42.000Z</time>
   </trkpt>
   <trkpt lat="-8.072028" lon="-34.907918">
    <ele>7.7</ele>
    <time>2021-09-16T00:48:44.000Z</time>
   </trkpt>
   <trkpt lat="-8.071988" lon="-34.907923">
    <ele>7.7</ele>
    <time>2021-09-16T00:48:45.000Z</time>
   </trkpt>
   <trkpt lat="-8.071892" lon="-34.907946">
    <ele>7.7</ele>
    <time>2021-09-16T00:48:46.000Z</time>
   </trkpt>
   <trkpt lat="-8.071844" lon="-34.907955">
    <ele>7.7</ele>
    <time>2021-09-16T00:48:47.000Z</time>
   </trkpt>
   <trkpt lat="-8.071802" lon="-34.907966">
    <ele>7.7</ele>
    <time>2021-09-16T00:48:48.000Z</time>
   </trkpt>
   <trkpt lat="-8.071753" lon="-34.907973">
    <ele>7.7</ele>
    <time>2021-09-16T00:48:50.000Z</time>
   </trkpt>
   <trkpt lat="-8.071708" lon="-34.907983">
    <ele>7.7</ele>
    <time>2021-09-16T00:48:51.000Z</time>
   </trkpt>
   <trkpt lat="-8.071611" lon="-34.908004">
    <ele>7.7</ele>
    <time>2021-09-16T00:48:53.000Z</time>
   </trkpt>
   <trkpt lat="-8.071532" lon="-34.908019">
    <ele>7.7</ele>
    <time>2021-09-16T00:48:55.000Z</time>
   </trkpt>
   <trkpt lat="-8.071438" lon="-34.908026">
    <ele>7.7</ele>
    <time>2021-09-16T00:48:56.000Z</time>
   </trkpt>
   <trkpt lat="-8.071392" lon="-34.908033">
    <ele>7.7</ele>
    <time>2021-09-16T00:48:57.000Z</time>
   </trkpt>
   <trkpt lat="-8.071348" lon="-34.908044">
    <ele>7.7</ele>
    <time>2021-09-16T00:48:58.000Z</time>
   </trkpt>
   <trkpt lat="-8.071304" lon="-34.908051">
    <ele>7.7</ele>
    <time>2021-09-16T00:48:59.000Z</time>
   </trkpt>
   <trkpt lat="-8.071264" lon="-34.90806">
    <ele>7.7</ele>
    <time>2021-09-16T00:49:01.000Z</time>
   </trkpt>
   <trkpt lat="-8.071224" lon="-34.908071">
    <ele>7.7</ele>
    <time>2021-09-16T00:49:02.000Z</time>
   </trkpt>
   <trkpt lat="-8.071178" lon="-34.908069">
    <ele>7.7</ele>
    <time>2021-09-16T00:49:03.000Z</time>
   </trkpt>
   <trkpt lat="-8.071095" lon="-34.908078">
    <ele>7.7</ele>
    <time>2021-09-16T00:49:04.000Z</time>
   </trkpt>
   <trkpt lat="-8.071056" lon="-34.908079">
    <ele>7.7</ele>
    <time>2021-09-16T00:49:06.000Z</time>
   </trkpt>
   <trkpt lat="-8.071022" lon="-34.908088">
    <ele>7.7</ele>
    <time>2021-09-16T00:49:07.000Z</time>
   </trkpt>
   <trkpt lat="-8.070941" lon="-34.908095">
    <ele>7.7</ele>
    <time>2021-09-16T00:49:09.000Z</time>
   </trkpt>
   <trkpt lat="-8.070853" lon="-34.908112">
    <ele>7.7</ele>
    <time>2021-09-16T00:49:11.000Z</time>
   </trkpt>
   <trkpt lat="-8.070767" lon="-34.908128">
    <ele>7.7</ele>
    <time>2021-09-16T00:49:13.000Z</time>
   </trkpt>
   <trkpt lat="-8.070685" lon="-34.908146">
    <ele>7.7</ele>
    <time>2021-09-16T00:49:14.000Z</time>
   </trkpt>
   <trkpt lat="-8.070639" lon="-34.908155">
    <ele>7.7</ele>
    <time>2021-09-16T00:49:15.000Z</time>
   </trkpt>
   <trkpt lat="-8.070586" lon="-34.90817">
    <ele>7.7</ele>
    <time>2021-09-16T00:49:16.000Z</time>
   </trkpt>
   <trkpt lat="-8.070542" lon="-34.908177">
    <ele>7.7</ele>
    <time>2021-09-16T00:49:17.000Z</time>
   </trkpt>
   <trkpt lat="-8.070487" lon="-34.908186">
    <ele>7.7</ele>
    <time>2021-09-16T00:49:18.000Z</time>
   </trkpt>
   <trkpt lat="-8.070442" lon="-34.9082">
    <ele>7.7</ele>
    <time>2021-09-16T00:49:19.000Z</time>
   </trkpt>
   <trkpt lat="-8.070396" lon="-34.908208">
    <ele>7.7</ele>
    <time>2021-09-16T00:49:20.000Z</time>
   </trkpt>
   <trkpt lat="-8.070353" lon="-34.908217">
    <ele>7.7</ele>
    <time>2021-09-16T00:49:21.000Z</time>
   </trkpt>
   <trkpt lat="-8.070307" lon="-34.908226">
    <ele>7.7</ele>
    <time>2021-09-16T00:49:22.000Z</time>
   </trkpt>
   <trkpt lat="-8.070268" lon="-34.908231">
    <ele>7.7</ele>
    <time>2021-09-16T00:49:23.000Z</time>
   </trkpt>
   <trkpt lat="-8.070232" lon="-34.90823">
    <ele>7.7</ele>
    <time>2021-09-16T00:49:25.000Z</time>
   </trkpt>
   <trkpt lat="-8.070152" lon="-34.908264">
    <ele>7.7</ele>
    <time>2021-09-16T00:49:26.000Z</time>
   </trkpt>
   <trkpt lat="-8.070111" lon="-34.908275">
    <ele>7.7</ele>
    <time>2021-09-16T00:49:28.000Z</time>
   </trkpt>
   <trkpt lat="-8.070024" lon="-34.908292">
    <ele>7.7</ele>
    <time>2021-09-16T00:49:29.000Z</time>
   </trkpt>
   <trkpt lat="-8.069978" lon="-34.908299">
    <ele>7.7</ele>
    <time>2021-09-16T00:49:31.000Z</time>
   </trkpt>
   <trkpt lat="-8.069929" lon="-34.908303">
    <ele>7.7</ele>
    <time>2021-09-16T00:49:32.000Z</time>
   </trkpt>
   <trkpt lat="-8.06983" lon="-34.9083">
    <ele>7.7</ele>
    <time>2021-09-16T00:49:34.000Z</time>
   </trkpt>
   <trkpt lat="-8.069731" lon="-34.908306">
    <ele>7.7</ele>
    <time>2021-09-16T00:49:35.000Z</time>
   </trkpt>
   <trkpt lat="-8.069681" lon="-34.908313">
    <ele>7.7</ele>
    <time>2021-09-16T00:49:36.000Z</time>
   </trkpt>
   <trkpt lat="-8.069633" lon="-34.90832">
    <ele>7.7</ele>
    <time>2021-09-16T00:49:37.000Z</time>
   </trkpt>
   <trkpt lat="-8.069585" lon="-34.908336">
    <ele>7.7</ele>
    <time>2021-09-16T00:49:38.000Z</time>
   </trkpt>
   <trkpt lat="-8.069531" lon="-34.908345">
    <ele>7.7</ele>
    <time>2021-09-16T00:49:39.000Z</time>
   </trkpt>
   <trkpt lat="-8.069486" lon="-34.908353">
    <ele>7.7</ele>
    <time>2021-09-16T00:49:40.000Z</time>
   </trkpt>
   <trkpt lat="-8.069436" lon="-34.908366">
    <ele>7.7</ele>
    <time>2021-09-16T00:49:41.000Z</time>
   </trkpt>
   <trkpt lat="-8.069389" lon="-34.90838">
    <ele>7.7</ele>
    <time>2021-09-16T00:49:43.000Z</time>
   </trkpt>
   <trkpt lat="-8.069344" lon="-34.908389">
    <ele>7.7</ele>
    <time>2021-09-16T00:49:44.000Z</time>
   </trkpt>
   <trkpt lat="-8.069295" lon="-34.908408">
    <ele>7.7</ele>
    <time>2021-09-16T00:49:45.000Z</time>
   </trkpt>
   <trkpt lat="-8.0692" lon="-34.908429">
    <ele>7.8</ele>
    <time>2021-09-16T00:49:47.000Z</time>
   </trkpt>
   <trkpt lat="-8.069156" lon="-34.908434">
    <ele>7.8</ele>
    <time>2021-09-16T00:49:48.000Z</time>
   </trkpt>
   <trkpt lat="-8.069108" lon="-34.90844">
    <ele>7.8</ele>
    <time>2021-09-16T00:49:49.000Z</time>
   </trkpt>
   <trkpt lat="-8.06901" lon="-34.908443">
    <ele>7.8</ele>
    <time>2021-09-16T00:49:51.000Z</time>
   </trkpt>
   <trkpt lat="-8.068925" lon="-34.908441">
    <ele>7.8</ele>
    <time>2021-09-16T00:49:52.000Z</time>
   </trkpt>
   <trkpt lat="-8.068873" lon="-34.908448">
    <ele>7.8</ele>
    <time>2021-09-16T00:49:53.000Z</time>
   </trkpt>
   <trkpt lat="-8.068822" lon="-34.908451">
    <ele>7.8</ele>
    <time>2021-09-16T00:49:55.000Z</time>
   </trkpt>
   <trkpt lat="-8.068777" lon="-34.908447">
    <ele>7.8</ele>
    <time>2021-09-16T00:49:56.000Z</time>
   </trkpt>
   <trkpt lat="-8.068731" lon="-34.908443">
    <ele>7.8</ele>
    <time>2021-09-16T00:49:57.000Z</time>
   </trkpt>
   <trkpt lat="-8.068683" lon="-34.908434">
    <ele>7.8</ele>
    <time>2021-09-16T00:49:58.000Z</time>
   </trkpt>
   <trkpt lat="-8.068584" lon="-34.908428">
    <ele>7.8</ele>
    <time>2021-09-16T00:50:00.000Z</time>
   </trkpt>
   <trkpt lat="-8.068489" lon="-34.908428">
    <ele>7.8</ele>
    <time>2021-09-16T00:50:01.000Z</time>
   </trkpt>
   <trkpt lat="-8.068445" lon="-34.90843">
    <ele>7.8</ele>
    <time>2021-09-16T00:50:03.000Z</time>
   </trkpt>
   <trkpt lat="-8.0684" lon="-34.908435">
    <ele>7.8</ele>
    <time>2021-09-16T00:50:04.000Z</time>
   </trkpt>
   <trkpt lat="-8.068326" lon="-34.908425">
    <ele>7.9</ele>
    <time>2021-09-16T00:50:06.000Z</time>
   </trkpt>
   <trkpt lat="-8.068238" lon="-34.908408">
    <ele>7.9</ele>
    <time>2021-09-16T00:50:07.000Z</time>
   </trkpt>
   <trkpt lat="-8.068193" lon="-34.908396">
    <ele>7.9</ele>
    <time>2021-09-16T00:50:09.000Z</time>
   </trkpt>
   <trkpt lat="-8.068152" lon="-34.908391">
    <ele>7.9</ele>
    <time>2021-09-16T00:50:10.000Z</time>
   </trkpt>
   <trkpt lat="-8.068061" lon="-34.908373">
    <ele>7.9</ele>
    <time>2021-09-16T00:50:12.000Z</time>
   </trkpt>
   <trkpt lat="-8.067955" lon="-34.90837">
    <ele>7.9</ele>
    <time>2021-09-16T00:50:13.000Z</time>
   </trkpt>
   <trkpt lat="-8.067908" lon="-34.90836">
    <ele>7.9</ele>
    <time>2021-09-16T00:50:15.000Z</time>
   </trkpt>
   <trkpt lat="-8.06783" lon="-34.908351">
    <ele>7.9</ele>
    <time>2021-09-16T00:50:16.000Z</time>
   </trkpt>
   <trkpt lat="-8.067786" lon="-34.908333">
    <ele>8</ele>
    <time>2021-09-16T00:50:18.000Z</time>
   </trkpt>
   <trkpt lat="-8.06774" lon="-34.908323">
    <ele>8</ele>
    <time>2021-09-16T00:50:19.000Z</time>
   </trkpt>
   <trkpt lat="-8.067698" lon="-34.908311">
    <ele>8</ele>
    <time>2021-09-16T00:50:20.000Z</time>
   </trkpt>
   <trkpt lat="-8.067652" lon="-34.908297">
    <ele>8</ele>
    <time>2021-09-16T00:50:21.000Z</time>
   </trkpt>
   <trkpt lat="-8.067612" lon="-34.908315">
    <ele>8</ele>
    <time>2021-09-16T00:50:22.000Z</time>
   </trkpt>
   <trkpt lat="-8.067523" lon="-34.908318">
    <ele>8</ele>
    <time>2021-09-16T00:50:24.000Z</time>
   </trkpt>
   <trkpt lat="-8.067432" lon="-34.908286">
    <ele>8.1</ele>
    <time>2021-09-16T00:50:26.000Z</time>
   </trkpt>
   <trkpt lat="-8.067389" lon="-34.908276">
    <ele>8.1</ele>
    <time>2021-09-16T00:50:27.000Z</time>
   </trkpt>
   <trkpt lat="-8.0673" lon="-34.908252">
    <ele>8.1</ele>
    <time>2021-09-16T00:50:29.000Z</time>
   </trkpt>
   <trkpt lat="-8.067213" lon="-34.908258">
    <ele>8.1</ele>
    <time>2021-09-16T00:50:30.000Z</time>
   </trkpt>
   <trkpt lat="-8.067173" lon="-34.908246">
    <ele>8.1</ele>
    <time>2021-09-16T00:50:32.000Z</time>
   </trkpt>
   <trkpt lat="-8.067087" lon="-34.908241">
    <ele>8.1</ele>
    <time>2021-09-16T00:50:33.000Z</time>
   </trkpt>
   <trkpt lat="-8.067042" lon="-34.90824">
    <ele>8.2</ele>
    <time>2021-09-16T00:50:35.000Z</time>
   </trkpt>
   <trkpt lat="-8.06695" lon="-34.908269">
    <ele>8.2</ele>
    <time>2021-09-16T00:50:36.000Z</time>
   </trkpt>
   <trkpt lat="-8.066908" lon="-34.908267">
    <ele>8.2</ele>
    <time>2021-09-16T00:50:38.000Z</time>
   </trkpt>
   <trkpt lat="-8.066868" lon="-34.90827">
    <ele>8.2</ele>
    <time>2021-09-16T00:50:39.000Z</time>
   </trkpt>
   <trkpt lat="-8.066786" lon="-34.908269">
    <ele>8.3</ele>
    <time>2021-09-16T00:50:40.000Z</time>
   </trkpt>
   <trkpt lat="-8.066743" lon="-34.908273">
    <ele>8.3</ele>
    <time>2021-09-16T00:50:42.000Z</time>
   </trkpt>
   <trkpt lat="-8.066665" lon="-34.908247">
    <ele>8.3</ele>
    <time>2021-09-16T00:50:43.000Z</time>
   </trkpt>
   <trkpt lat="-8.066631" lon="-34.908236">
    <ele>8.3</ele>
    <time>2021-09-16T00:50:44.000Z</time>
   </trkpt>
   <trkpt lat="-8.06659" lon="-34.90822">
    <ele>8.4</ele>
    <time>2021-09-16T00:50:45.000Z</time>
   </trkpt>
   <trkpt lat="-8.066548" lon="-34.908205">
    <ele>8.3</ele>
    <time>2021-09-16T00:50:46.000Z</time>
   </trkpt>
   <trkpt lat="-8.066504" lon="-34.90819">
    <ele>8.3</ele>
    <time>2021-09-16T00:50:47.000Z</time>
   </trkpt>
   <trkpt lat="-8.066461" lon="-34.908171">
    <ele>8.3</ele>
    <time>2021-09-16T00:50:48.000Z</time>
   </trkpt>
   <trkpt lat="-8.066417" lon="-34.908164">
    <ele>8.3</ele>
    <time>2021-09-16T00:50:49.000Z</time>
   </trkpt>
   <trkpt lat="-8.066374" lon="-34.908155">
    <ele>8.3</ele>
    <time>2021-09-16T00:50:51.000Z</time>
   </trkpt>
   <trkpt lat="-8.066278" lon="-34.908137">
    <ele>8.4</ele>
    <time>2021-09-16T00:50:53.000Z</time>
   </trkpt>
   <trkpt lat="-8.066187" lon="-34.908121">
    <ele>8.4</ele>
    <time>2021-09-16T00:50:54.000Z</time>
   </trkpt>
   <trkpt lat="-8.066138" lon="-34.908113">
    <ele>8.4</ele>
    <time>2021-09-16T00:50:56.000Z</time>
   </trkpt>
   <trkpt lat="-8.06609" lon="-34.908109">
    <ele>8.4</ele>
    <time>2021-09-16T00:50:57.000Z</time>
   </trkpt>
   <trkpt lat="-8.065996" lon="-34.908106">
    <ele>8.5</ele>
    <time>2021-09-16T00:50:59.000Z</time>
   </trkpt>
   <trkpt lat="-8.065905" lon="-34.908098">
    <ele>8.6</ele>
    <time>2021-09-16T00:51:01.000Z</time>
   </trkpt>
   <trkpt lat="-8.065815" lon="-34.908088">
    <ele>8.7</ele>
    <time>2021-09-16T00:51:02.000Z</time>
   </trkpt>
   <trkpt lat="-8.065774" lon="-34.908078">
    <ele>8.8</ele>
    <time>2021-09-16T00:51:04.000Z</time>
   </trkpt>
   <trkpt lat="-8.065701" lon="-34.908078">
    <ele>8.9</ele>
    <time>2021-09-16T00:51:05.000Z</time>
   </trkpt>
   <trkpt lat="-8.065677" lon="-34.908083">
    <ele>8.9</ele>
    <time>2021-09-16T00:51:07.000Z</time>
   </trkpt>
   <trkpt lat="-8.065645" lon="-34.908067">
    <ele>9</ele>
    <time>2021-09-16T00:51:08.000Z</time>
   </trkpt>
   <trkpt lat="-8.065625" lon="-34.90806">
    <ele>9</ele>
    <time>2021-09-16T00:51:10.000Z</time>
   </trkpt>
   <trkpt lat="-8.065598" lon="-34.908059">
    <ele>9.1</ele>
    <time>2021-09-16T00:51:14.000Z</time>
   </trkpt>
   <trkpt lat="-8.065461" lon="-34.908047">
    <ele>9.3</ele>
    <time>2021-09-16T00:51:39.000Z</time>
   </trkpt>
   <trkpt lat="-8.06541" lon="-34.908044">
    <ele>9.4</ele>
    <time>2021-09-16T00:51:41.000Z</time>
   </trkpt>
   <trkpt lat="-8.065355" lon="-34.908036">
    <ele>9.4</ele>
    <time>2021-09-16T00:51:43.000Z</time>
   </trkpt>
   <trkpt lat="-8.065278" lon="-34.908025">
    <ele>9.5</ele>
    <time>2021-09-16T00:51:45.000Z</time>
   </trkpt>
   <trkpt lat="-8.065238" lon="-34.908017">
    <ele>9.5</ele>
    <time>2021-09-16T00:51:46.000Z</time>
   </trkpt>
   <trkpt lat="-8.065155" lon="-34.908013">
    <ele>9.4</ele>
    <time>2021-09-16T00:51:48.000Z</time>
   </trkpt>
   <trkpt lat="-8.065118" lon="-34.908005">
    <ele>9.4</ele>
    <time>2021-09-16T00:51:49.000Z</time>
   </trkpt>
   <trkpt lat="-8.065077" lon="-34.907997">
    <ele>9.3</ele>
    <time>2021-09-16T00:51:50.000Z</time>
   </trkpt>
   <trkpt lat="-8.06503" lon="-34.907995">
    <ele>9.2</ele>
    <time>2021-09-16T00:51:51.000Z</time>
   </trkpt>
   <trkpt lat="-8.064951" lon="-34.907979">
    <ele>9.1</ele>
    <time>2021-09-16T00:51:53.000Z</time>
   </trkpt>
   <trkpt lat="-8.064906" lon="-34.907974">
    <ele>9</ele>
    <time>2021-09-16T00:51:54.000Z</time>
   </trkpt>
   <trkpt lat="-8.064796" lon="-34.907952">
    <ele>8.9</ele>
    <time>2021-09-16T00:51:55.000Z</time>
   </trkpt>
   <trkpt lat="-8.064738" lon="-34.907946">
    <ele>8.9</ele>
    <time>2021-09-16T00:51:57.000Z</time>
   </trkpt>
   <trkpt lat="-8.064681" lon="-34.907939">
    <ele>8.9</ele>
    <time>2021-09-16T00:51:58.000Z</time>
   </trkpt>
   <trkpt lat="-8.064628" lon="-34.907931">
    <ele>8.9</ele>
    <time>2021-09-16T00:51:59.000Z</time>
   </trkpt>
   <trkpt lat="-8.064542" lon="-34.907924">
    <ele>8.9</ele>
    <time>2021-09-16T00:52:00.000Z</time>
   </trkpt>
   <trkpt lat="-8.064496" lon="-34.907919">
    <ele>8.9</ele>
    <time>2021-09-16T00:52:02.000Z</time>
   </trkpt>
   <trkpt lat="-8.064399" lon="-34.907916">
    <ele>9</ele>
    <time>2021-09-16T00:52:04.000Z</time>
   </trkpt>
   <trkpt lat="-8.064352" lon="-34.907911">
    <ele>9.1</ele>
    <time>2021-09-16T00:52:05.000Z</time>
   </trkpt>
   <trkpt lat="-8.064267" lon="-34.907894">
    <ele>9.1</ele>
    <time>2021-09-16T00:52:06.000Z</time>
   </trkpt>
   <trkpt lat="-8.064221" lon="-34.90789">
    <ele>9.1</ele>
    <time>2021-09-16T00:52:08.000Z</time>
   </trkpt>
   <trkpt lat="-8.064175" lon="-34.907886">
    <ele>9.1</ele>
    <time>2021-09-16T00:52:09.000Z</time>
   </trkpt>
   <trkpt lat="-8.064133" lon="-34.907882">
    <ele>9.1</ele>
    <time>2021-09-16T00:52:10.000Z</time>
   </trkpt>
   <trkpt lat="-8.064092" lon="-34.907879">
    <ele>9.1</ele>
    <time>2021-09-16T00:52:11.000Z</time>
   </trkpt>
   <trkpt lat="-8.064047" lon="-34.907872">
    <ele>9.1</ele>
    <time>2021-09-16T00:52:12.000Z</time>
   </trkpt>
   <trkpt lat="-8.063959" lon="-34.907855">
    <ele>9.2</ele>
    <time>2021-09-16T00:52:14.000Z</time>
   </trkpt>
   <trkpt lat="-8.063888" lon="-34.907831">
    <ele>9.2</ele>
    <time>2021-09-16T00:52:15.000Z</time>
   </trkpt>
   <trkpt lat="-8.063837" lon="-34.907823">
    <ele>9.2</ele>
    <time>2021-09-16T00:52:16.000Z</time>
   </trkpt>
   <trkpt lat="-8.063792" lon="-34.907813">
    <ele>9.2</ele>
    <time>2021-09-16T00:52:17.000Z</time>
   </trkpt>
   <trkpt lat="-8.063751" lon="-34.907803">
    <ele>9.2</ele>
    <time>2021-09-16T00:52:18.000Z</time>
   </trkpt>
   <trkpt lat="-8.063707" lon="-34.907791">
    <ele>9.2</ele>
    <time>2021-09-16T00:52:19.000Z</time>
   </trkpt>
   <trkpt lat="-8.063662" lon="-34.907778">
    <ele>9.2</ele>
    <time>2021-09-16T00:52:21.000Z</time>
   </trkpt>
   <trkpt lat="-8.063617" lon="-34.907777">
    <ele>9.2</ele>
    <time>2021-09-16T00:52:22.000Z</time>
   </trkpt>
   <trkpt lat="-8.063571" lon="-34.907768">
    <ele>9.2</ele>
    <time>2021-09-16T00:52:23.000Z</time>
   </trkpt>
   <trkpt lat="-8.06353" lon="-34.907762">
    <ele>9.2</ele>
    <time>2021-09-16T00:52:24.000Z</time>
   </trkpt>
   <trkpt lat="-8.063439" lon="-34.907755">
    <ele>9.2</ele>
    <time>2021-09-16T00:52:26.000Z</time>
   </trkpt>
   <trkpt lat="-8.063398" lon="-34.907748">
    <ele>9.2</ele>
    <time>2021-09-16T00:52:27.000Z</time>
   </trkpt>
   <trkpt lat="-8.063315" lon="-34.907738">
    <ele>9.2</ele>
    <time>2021-09-16T00:52:29.000Z</time>
   </trkpt>
   <trkpt lat="-8.06323" lon="-34.90772">
    <ele>9.3</ele>
    <time>2021-09-16T00:52:30.000Z</time>
   </trkpt>
   <trkpt lat="-8.063189" lon="-34.907711">
    <ele>9.3</ele>
    <time>2021-09-16T00:52:31.000Z</time>
   </trkpt>
   <trkpt lat="-8.06315" lon="-34.907707">
    <ele>9.2</ele>
    <time>2021-09-16T00:52:32.000Z</time>
   </trkpt>
   <trkpt lat="-8.063107" lon="-34.907704">
    <ele>9.2</ele>
    <time>2021-09-16T00:52:33.000Z</time>
   </trkpt>
   <trkpt lat="-8.063054" lon="-34.907694">
    <ele>9.2</ele>
    <time>2021-09-16T00:52:35.000Z</time>
   </trkpt>
   <trkpt lat="-8.063005" lon="-34.907689">
    <ele>9.2</ele>
    <time>2021-09-16T00:52:36.000Z</time>
   </trkpt>
   <trkpt lat="-8.062961" lon="-34.907684">
    <ele>9.2</ele>
    <time>2021-09-16T00:52:37.000Z</time>
   </trkpt>
   <trkpt lat="-8.062864" lon="-34.9077">
    <ele>9.2</ele>
    <time>2021-09-16T00:52:38.000Z</time>
   </trkpt>
   <trkpt lat="-8.062819" lon="-34.9077">
    <ele>9.2</ele>
    <time>2021-09-16T00:52:39.000Z</time>
   </trkpt>
   <trkpt lat="-8.062779" lon="-34.907695">
    <ele>9.2</ele>
    <time>2021-09-16T00:52:41.000Z</time>
   </trkpt>
   <trkpt lat="-8.062744" lon="-34.907696">
    <ele>9.2</ele>
    <time>2021-09-16T00:52:42.000Z</time>
   </trkpt>
   <trkpt lat="-8.062657" lon="-34.907697">
    <ele>9.2</ele>
    <time>2021-09-16T00:52:44.000Z</time>
   </trkpt>
   <trkpt lat="-8.062578" lon="-34.907695">
    <ele>9.3</ele>
    <time>2021-09-16T00:52:46.000Z</time>
   </trkpt>
   <trkpt lat="-8.06254" lon="-34.907696">
    <ele>9.3</ele>
    <time>2021-09-16T00:52:47.000Z</time>
   </trkpt>
   <trkpt lat="-8.062461" lon="-34.907693">
    <ele>9.3</ele>
    <time>2021-09-16T00:52:48.000Z</time>
   </trkpt>
   <trkpt lat="-8.06243" lon="-34.907677">
    <ele>9.3</ele>
    <time>2021-09-16T00:52:49.000Z</time>
   </trkpt>
   <trkpt lat="-8.062395" lon="-34.907666">
    <ele>9.4</ele>
    <time>2021-09-16T00:52:51.000Z</time>
   </trkpt>
   <trkpt lat="-8.062331" lon="-34.907646">
    <ele>9.4</ele>
    <time>2021-09-16T00:52:53.000Z</time>
   </trkpt>
   <trkpt lat="-8.062297" lon="-34.907637">
    <ele>9.4</ele>
    <time>2021-09-16T00:52:54.000Z</time>
   </trkpt>
   <trkpt lat="-8.062257" lon="-34.907638">
    <ele>9.4</ele>
    <time>2021-09-16T00:52:55.000Z</time>
   </trkpt>
   <trkpt lat="-8.062188" lon="-34.90763">
    <ele>9.4</ele>
    <time>2021-09-16T00:52:56.000Z</time>
   </trkpt>
   <trkpt lat="-8.062147" lon="-34.907617">
    <ele>9.5</ele>
    <time>2021-09-16T00:52:58.000Z</time>
   </trkpt>
   <trkpt lat="-8.06209" lon="-34.907591">
    <ele>9.5</ele>
    <time>2021-09-16T00:53:00.000Z</time>
   </trkpt>
   <trkpt lat="-8.062048" lon="-34.907583">
    <ele>9.5</ele>
    <time>2021-09-16T00:53:01.000Z</time>
   </trkpt>
   <trkpt lat="-8.061999" lon="-34.90757">
    <ele>9.5</ele>
    <time>2021-09-16T00:53:04.000Z</time>
   </trkpt>
   <trkpt lat="-8.061959" lon="-34.907562">
    <ele>9.5</ele>
    <time>2021-09-16T00:53:06.000Z</time>
   </trkpt>
   <trkpt lat="-8.06191" lon="-34.907565">
    <ele>9.5</ele>
    <time>2021-09-16T00:53:07.000Z</time>
   </trkpt>
   <trkpt lat="-8.061881" lon="-34.907565">
    <ele>9.6</ele>
    <time>2021-09-16T00:53:09.000Z</time>
   </trkpt>
   <trkpt lat="-8.061875" lon="-34.907569">
    <ele>9.6</ele>
    <time>2021-09-16T00:53:16.000Z</time>
   </trkpt>
   <trkpt lat="-8.061746" lon="-34.907576">
    <ele>9.6</ele>
    <time>2021-09-16T00:53:42.000Z</time>
   </trkpt>
   <trkpt lat="-8.061715" lon="-34.907574">
    <ele>9.6</ele>
    <time>2021-09-16T00:53:43.000Z</time>
   </trkpt>
   <trkpt lat="-8.061654" lon="-34.907573">
    <ele>9.6</ele>
    <time>2021-09-16T00:53:45.000Z</time>
   </trkpt>
   <trkpt lat="-8.061624" lon="-34.907571">
    <ele>9.6</ele>
    <time>2021-09-16T00:53:46.000Z</time>
   </trkpt>
   <trkpt lat="-8.061587" lon="-34.907568">
    <ele>9.6</ele>
    <time>2021-09-16T00:53:47.000Z</time>
   </trkpt>
   <trkpt lat="-8.06156" lon="-34.907562">
    <ele>9.6</ele>
    <time>2021-09-16T00:53:48.000Z</time>
   </trkpt>
   <trkpt lat="-8.061526" lon="-34.907573">
    <ele>9.6</ele>
    <time>2021-09-16T00:53:50.000Z</time>
   </trkpt>
   <trkpt lat="-8.061498" lon="-34.907578">
    <ele>9.6</ele>
    <time>2021-09-16T00:53:51.000Z</time>
   </trkpt>
   <trkpt lat="-8.061466" lon="-34.90757">
    <ele>9.6</ele>
    <time>2021-09-16T00:53:52.000Z</time>
   </trkpt>
   <trkpt lat="-8.061427" lon="-34.907552">
    <ele>9.6</ele>
    <time>2021-09-16T00:53:53.000Z</time>
   </trkpt>
   <trkpt lat="-8.061349" lon="-34.907534">
    <ele>9.6</ele>
    <time>2021-09-16T00:53:54.000Z</time>
   </trkpt>
   <trkpt lat="-8.061304" lon="-34.907538">
    <ele>9.7</ele>
    <time>2021-09-16T00:53:56.000Z</time>
   </trkpt>
   <trkpt lat="-8.061267" lon="-34.907538">
    <ele>9.7</ele>
    <time>2021-09-16T00:53:57.000Z</time>
   </trkpt>
   <trkpt lat="-8.061232" lon="-34.907533">
    <ele>9.7</ele>
    <time>2021-09-16T00:53:58.000Z</time>
   </trkpt>
   <trkpt lat="-8.061166" lon="-34.907522">
    <ele>9.7</ele>
    <time>2021-09-16T00:54:00.000Z</time>
   </trkpt>
   <trkpt lat="-8.061126" lon="-34.907513">
    <ele>9.7</ele>
    <time>2021-09-16T00:54:01.000Z</time>
   </trkpt>
   <trkpt lat="-8.061044" lon="-34.907481">
    <ele>9.7</ele>
    <time>2021-09-16T00:54:02.000Z</time>
   </trkpt>
   <trkpt lat="-8.060992" lon="-34.907455">
    <ele>9.7</ele>
    <time>2021-09-16T00:54:03.000Z</time>
   </trkpt>
   <trkpt lat="-8.06094" lon="-34.907447">
    <ele>9.7</ele>
    <time>2021-09-16T00:54:04.000Z</time>
   </trkpt>
   <trkpt lat="-8.060902" lon="-34.907443">
    <ele>9.7</ele>
    <time>2021-09-16T00:54:06.000Z</time>
   </trkpt>
   <trkpt lat="-8.060814" lon="-34.907418">
    <ele>9.7</ele>
    <time>2021-09-16T00:54:08.000Z</time>
   </trkpt>
   <trkpt lat="-8.060718" lon="-34.90741">
    <ele>9.7</ele>
    <time>2021-09-16T00:54:10.000Z</time>
   </trkpt>
   <trkpt lat="-8.060607" lon="-34.907402">
    <ele>9.7</ele>
    <time>2021-09-16T00:54:12.000Z</time>
   </trkpt>
   <trkpt lat="-8.060551" lon="-34.907403">
    <ele>9.7</ele>
    <time>2021-09-16T00:54:13.000Z</time>
   </trkpt>
   <trkpt lat="-8.060504" lon="-34.9074">
    <ele>9.6</ele>
    <time>2021-09-16T00:54:14.000Z</time>
   </trkpt>
   <trkpt lat="-8.060404" lon="-34.907395">
    <ele>9.6</ele>
    <time>2021-09-16T00:54:15.000Z</time>
   </trkpt>
   <trkpt lat="-8.060351" lon="-34.907395">
    <ele>9.6</ele>
    <time>2021-09-16T00:54:17.000Z</time>
   </trkpt>
   <trkpt lat="-8.060302" lon="-34.907395">
    <ele>9.6</ele>
    <time>2021-09-16T00:54:18.000Z</time>
   </trkpt>
   <trkpt lat="-8.060199" lon="-34.90738">
    <ele>9.6</ele>
    <time>2021-09-16T00:54:20.000Z</time>
   </trkpt>
   <trkpt lat="-8.060108" lon="-34.907373">
    <ele>9.6</ele>
    <time>2021-09-16T00:54:22.000Z</time>
   </trkpt>
   <trkpt lat="-8.060058" lon="-34.907363">
    <ele>9.6</ele>
    <time>2021-09-16T00:54:23.000Z</time>
   </trkpt>
   <trkpt lat="-8.06001" lon="-34.907357">
    <ele>9.6</ele>
    <time>2021-09-16T00:54:24.000Z</time>
   </trkpt>
   <trkpt lat="-8.059965" lon="-34.907348">
    <ele>9.6</ele>
    <time>2021-09-16T00:54:25.000Z</time>
   </trkpt>
   <trkpt lat="-8.059919" lon="-34.907345">
    <ele>9.6</ele>
    <time>2021-09-16T00:54:26.000Z</time>
   </trkpt>
   <trkpt lat="-8.059819" lon="-34.907334">
    <ele>9.6</ele>
    <time>2021-09-16T00:54:28.000Z</time>
   </trkpt>
   <trkpt lat="-8.059767" lon="-34.90733">
    <ele>9.6</ele>
    <time>2021-09-16T00:54:29.000Z</time>
   </trkpt>
   <trkpt lat="-8.05972" lon="-34.907325">
    <ele>9.6</ele>
    <time>2021-09-16T00:54:30.000Z</time>
   </trkpt>
   <trkpt lat="-8.05967" lon="-34.907314">
    <ele>9.6</ele>
    <time>2021-09-16T00:54:31.000Z</time>
   </trkpt>
   <trkpt lat="-8.059588" lon="-34.907284">
    <ele>9.5</ele>
    <time>2021-09-16T00:54:32.000Z</time>
   </trkpt>
   <trkpt lat="-8.059536" lon="-34.907279">
    <ele>9.5</ele>
    <time>2021-09-16T00:54:33.000Z</time>
   </trkpt>
   <trkpt lat="-8.059488" lon="-34.90727">
    <ele>9.5</ele>
    <time>2021-09-16T00:54:34.000Z</time>
   </trkpt>
   <trkpt lat="-8.059443" lon="-34.907265">
    <ele>9.5</ele>
    <time>2021-09-16T00:54:35.000Z</time>
   </trkpt>
   <trkpt lat="-8.059398" lon="-34.907259">
    <ele>9.5</ele>
    <time>2021-09-16T00:54:36.000Z</time>
   </trkpt>
   <trkpt lat="-8.059352" lon="-34.907254">
    <ele>9.5</ele>
    <time>2021-09-16T00:54:37.000Z</time>
   </trkpt>
   <trkpt lat="-8.059313" lon="-34.907251">
    <ele>9.5</ele>
    <time>2021-09-16T00:54:38.000Z</time>
   </trkpt>
   <trkpt lat="-8.059272" lon="-34.90725">
    <ele>9.5</ele>
    <time>2021-09-16T00:54:39.000Z</time>
   </trkpt>
   <trkpt lat="-8.05923" lon="-34.907252">
    <ele>9.5</ele>
    <time>2021-09-16T00:54:40.000Z</time>
   </trkpt>
   <trkpt lat="-8.059186" lon="-34.907249">
    <ele>9.5</ele>
    <time>2021-09-16T00:54:42.000Z</time>
   </trkpt>
   <trkpt lat="-8.059146" lon="-34.907242">
    <ele>9.5</ele>
    <time>2021-09-16T00:54:43.000Z</time>
   </trkpt>
   <trkpt lat="-8.0591" lon="-34.907239">
    <ele>9.5</ele>
    <time>2021-09-16T00:54:44.000Z</time>
   </trkpt>
   <trkpt lat="-8.059016" lon="-34.907251">
    <ele>9.5</ele>
    <time>2021-09-16T00:54:45.000Z</time>
   </trkpt>
   <trkpt lat="-8.05897" lon="-34.907249">
    <ele>9.4</ele>
    <time>2021-09-16T00:54:46.000Z</time>
   </trkpt>
   <trkpt lat="-8.058928" lon="-34.907244">
    <ele>9.4</ele>
    <time>2021-09-16T00:54:48.000Z</time>
   </trkpt>
   <trkpt lat="-8.058852" lon="-34.907237">
    <ele>9.4</ele>
    <time>2021-09-16T00:54:49.000Z</time>
   </trkpt>
   <trkpt lat="-8.058768" lon="-34.907223">
    <ele>9.4</ele>
    <time>2021-09-16T00:54:51.000Z</time>
   </trkpt>
   <trkpt lat="-8.058727" lon="-34.907215">
    <ele>9.4</ele>
    <time>2021-09-16T00:54:52.000Z</time>
   </trkpt>
   <trkpt lat="-8.058689" lon="-34.907201">
    <ele>9.4</ele>
    <time>2021-09-16T00:54:54.000Z</time>
   </trkpt>
   <trkpt lat="-8.058639" lon="-34.907193">
    <ele>9.4</ele>
    <time>2021-09-16T00:54:55.000Z</time>
   </trkpt>
   <trkpt lat="-8.058564" lon="-34.907174">
    <ele>9.3</ele>
    <time>2021-09-16T00:54:56.000Z</time>
   </trkpt>
   <trkpt lat="-8.058517" lon="-34.907128">
    <ele>9.3</ele>
    <time>2021-09-16T00:54:57.000Z</time>
   </trkpt>
   <trkpt lat="-8.058474" lon="-34.907101">
    <ele>9.3</ele>
    <time>2021-09-16T00:54:58.000Z</time>
   </trkpt>
   <trkpt lat="-8.05843" lon="-34.907102">
    <ele>9.3</ele>
    <time>2021-09-16T00:55:00.000Z</time>
   </trkpt>
   <trkpt lat="-8.05835" lon="-34.907097">
    <ele>9.3</ele>
    <time>2021-09-16T00:55:01.000Z</time>
   </trkpt>
   <trkpt lat="-8.058321" lon="-34.907093">
    <ele>9.3</ele>
    <time>2021-09-16T00:55:02.000Z</time>
   </trkpt>
   <trkpt lat="-8.05829" lon="-34.9071">
    <ele>9.3</ele>
    <time>2021-09-16T00:55:03.000Z</time>
   </trkpt>
   <trkpt lat="-8.058272" lon="-34.907099">
    <ele>9.3</ele>
    <time>2021-09-16T00:55:04.000Z</time>
   </trkpt>
   <trkpt lat="-8.058244" lon="-34.907101">
    <ele>9.3</ele>
    <time>2021-09-16T00:55:06.000Z</time>
   </trkpt>
   <trkpt lat="-8.058215" lon="-34.90712">
    <ele>9.2</ele>
    <time>2021-09-16T00:55:10.000Z</time>
   </trkpt>
   <trkpt lat="-8.058052" lon="-34.907125">
    <ele>9.2</ele>
    <time>2021-09-16T00:55:45.000Z</time>
   </trkpt>
   <trkpt lat="-8.057955" lon="-34.907119">
    <ele>9.1</ele>
    <time>2021-09-16T00:55:48.000Z</time>
   </trkpt>
   <trkpt lat="-8.057878" lon="-34.907117">
    <ele>9.1</ele>
    <time>2021-09-16T00:55:50.000Z</time>
   </trkpt>
   <trkpt lat="-8.057845" lon="-34.907119">
    <ele>9</ele>
    <time>2021-09-16T00:55:51.000Z</time>
   </trkpt>
   <trkpt lat="-8.057807" lon="-34.907113">
    <ele>9</ele>
    <time>2021-09-16T00:55:52.000Z</time>
   </trkpt>
   <trkpt lat="-8.057738" lon="-34.907102">
    <ele>9</ele>
    <time>2021-09-16T00:55:53.000Z</time>
   </trkpt>
   <trkpt lat="-8.057701" lon="-34.907098">
    <ele>9</ele>
    <time>2021-09-16T00:55:54.000Z</time>
   </trkpt>
   <trkpt lat="-8.057665" lon="-34.907094">
    <ele>9</ele>
    <time>2021-09-16T00:55:56.000Z</time>
   </trkpt>
   <trkpt lat="-8.057588" lon="-34.907102">
    <ele>9</ele>
    <time>2021-09-16T00:55:58.000Z</time>
   </trkpt>
   <trkpt lat="-8.05754" lon="-34.907098">
    <ele>9.1</ele>
    <time>2021-09-16T00:55:59.000Z</time>
   </trkpt>
   <trkpt lat="-8.057445" lon="-34.907101">
    <ele>9.1</ele>
    <time>2021-09-16T00:56:01.000Z</time>
   </trkpt>
   <trkpt lat="-8.057361" lon="-34.9071">
    <ele>9.1</ele>
    <time>2021-09-16T00:56:03.000Z</time>
   </trkpt>
   <trkpt lat="-8.057309" lon="-34.907086">
    <ele>9.2</ele>
    <time>2021-09-16T00:56:04.000Z</time>
   </trkpt>
   <trkpt lat="-8.057255" lon="-34.907074">
    <ele>9.2</ele>
    <time>2021-09-16T00:56:05.000Z</time>
   </trkpt>
   <trkpt lat="-8.05721" lon="-34.90706">
    <ele>9.2</ele>
    <time>2021-09-16T00:56:06.000Z</time>
   </trkpt>
   <trkpt lat="-8.057117" lon="-34.907049">
    <ele>9.2</ele>
    <time>2021-09-16T00:56:07.000Z</time>
   </trkpt>
   <trkpt lat="-8.057073" lon="-34.907049">
    <ele>9.3</ele>
    <time>2021-09-16T00:56:09.000Z</time>
   </trkpt>
   <trkpt lat="-8.057026" lon="-34.907057">
    <ele>9.3</ele>
    <time>2021-09-16T00:56:10.000Z</time>
   </trkpt>
   <trkpt lat="-8.056983" lon="-34.907054">
    <ele>9.3</ele>
    <time>2021-09-16T00:56:11.000Z</time>
   </trkpt>
   <trkpt lat="-8.056904" lon="-34.907059">
    <ele>9.3</ele>
    <time>2021-09-16T00:56:13.000Z</time>
   </trkpt>
   <trkpt lat="-8.056857" lon="-34.90706">
    <ele>9.3</ele>
    <time>2021-09-16T00:56:14.000Z</time>
   </trkpt>
   <trkpt lat="-8.056816" lon="-34.907055">
    <ele>9.3</ele>
    <time>2021-09-16T00:56:15.000Z</time>
   </trkpt>
   <trkpt lat="-8.056775" lon="-34.907053">
    <ele>9.3</ele>
    <time>2021-09-16T00:56:16.000Z</time>
   </trkpt>
   <trkpt lat="-8.056683" lon="-34.907051">
    <ele>9.3</ele>
    <time>2021-09-16T00:56:18.000Z</time>
   </trkpt>
   <trkpt lat="-8.056643" lon="-34.907043">
    <ele>9.3</ele>
    <time>2021-09-16T00:56:19.000Z</time>
   </trkpt>
   <trkpt lat="-8.05656" lon="-34.907034">
    <ele>9.3</ele>
    <time>2021-09-16T00:56:21.000Z</time>
   </trkpt>
   <trkpt lat="-8.056465" lon="-34.907021">
    <ele>9.3</ele>
    <time>2021-09-16T00:56:22.000Z</time>
   </trkpt>
   <trkpt lat="-8.056422" lon="-34.907008">
    <ele>9.3</ele>
    <time>2021-09-16T00:56:24.000Z</time>
   </trkpt>
   <trkpt lat="-8.05635" lon="-34.906997">
    <ele>9.3</ele>
    <time>2021-09-16T00:56:26.000Z</time>
   </trkpt>
   <trkpt lat="-8.056281" lon="-34.906989">
    <ele>9.3</ele>
    <time>2021-09-16T00:56:27.000Z</time>
   </trkpt>
   <trkpt lat="-8.056241" lon="-34.906992">
    <ele>9.3</ele>
    <time>2021-09-16T00:56:29.000Z</time>
   </trkpt>
   <trkpt lat="-8.056202" lon="-34.906992">
    <ele>9.3</ele>
    <time>2021-09-16T00:56:30.000Z</time>
   </trkpt>
   <trkpt lat="-8.056163" lon="-34.906991">
    <ele>9.3</ele>
    <time>2021-09-16T00:56:31.000Z</time>
   </trkpt>
   <trkpt lat="-8.056086" lon="-34.906988">
    <ele>9.3</ele>
    <time>2021-09-16T00:56:33.000Z</time>
   </trkpt>
   <trkpt lat="-8.056047" lon="-34.906987">
    <ele>9.3</ele>
    <time>2021-09-16T00:56:34.000Z</time>
   </trkpt>
   <trkpt lat="-8.055961" lon="-34.907006">
    <ele>9.3</ele>
    <time>2021-09-16T00:56:36.000Z</time>
   </trkpt>
   <trkpt lat="-8.05586" lon="-34.906993">
    <ele>9.3</ele>
    <time>2021-09-16T00:56:38.000Z</time>
   </trkpt>
   <trkpt lat="-8.055814" lon="-34.906985">
    <ele>9.3</ele>
    <time>2021-09-16T00:56:39.000Z</time>
   </trkpt>
   <trkpt lat="-8.055726" lon="-34.906944">
    <ele>9.4</ele>
    <time>2021-09-16T00:56:41.000Z</time>
   </trkpt>
   <trkpt lat="-8.055635" lon="-34.906923">
    <ele>9.4</ele>
    <time>2021-09-16T00:56:42.000Z</time>
   </trkpt>
   <trkpt lat="-8.055579" lon="-34.906926">
    <ele>9.4</ele>
    <time>2021-09-16T00:56:44.000Z</time>
   </trkpt>
   <trkpt lat="-8.055531" lon="-34.906924">
    <ele>9.4</ele>
    <time>2021-09-16T00:56:45.000Z</time>
   </trkpt>
   <trkpt lat="-8.055481" lon="-34.906916">
    <ele>9.5</ele>
    <time>2021-09-16T00:56:46.000Z</time>
   </trkpt>
   <trkpt lat="-8.055378" lon="-34.906895">
    <ele>9.5</ele>
    <time>2021-09-16T00:56:47.000Z</time>
   </trkpt>
   <trkpt lat="-8.055333" lon="-34.906894">
    <ele>9.5</ele>
    <time>2021-09-16T00:56:48.000Z</time>
   </trkpt>
   <trkpt lat="-8.055299" lon="-34.906892">
    <ele>9.5</ele>
    <time>2021-09-16T00:56:49.000Z</time>
   </trkpt>
   <trkpt lat="-8.055252" lon="-34.906901">
    <ele>9.5</ele>
    <time>2021-09-16T00:56:50.000Z</time>
   </trkpt>
   <trkpt lat="-8.055207" lon="-34.906907">
    <ele>9.5</ele>
    <time>2021-09-16T00:56:52.000Z</time>
   </trkpt>
   <trkpt lat="-8.055157" lon="-34.906902">
    <ele>9.6</ele>
    <time>2021-09-16T00:56:53.000Z</time>
   </trkpt>
   <trkpt lat="-8.055115" lon="-34.906894">
    <ele>9.6</ele>
    <time>2021-09-16T00:56:54.000Z</time>
   </trkpt>
   <trkpt lat="-8.055024" lon="-34.906894">
    <ele>9.6</ele>
    <time>2021-09-16T00:56:56.000Z</time>
   </trkpt>
   <trkpt lat="-8.054941" lon="-34.906885">
    <ele>9.6</ele>
    <time>2021-09-16T00:56:57.000Z</time>
   </trkpt>
   <trkpt lat="-8.0549" lon="-34.906873">
    <ele>9.6</ele>
    <time>2021-09-16T00:56:59.000Z</time>
   </trkpt>
   <trkpt lat="-8.054837" lon="-34.906859">
    <ele>9.6</ele>
    <time>2021-09-16T00:57:00.000Z</time>
   </trkpt>
   <trkpt lat="-8.054799" lon="-34.906859">
    <ele>9.7</ele>
    <time>2021-09-16T00:57:02.000Z</time>
   </trkpt>
   <trkpt lat="-8.054757" lon="-34.906856">
    <ele>9.7</ele>
    <time>2021-09-16T00:57:03.000Z</time>
   </trkpt>
   <trkpt lat="-8.054659" lon="-34.90686">
    <ele>9.7</ele>
    <time>2021-09-16T00:57:04.000Z</time>
   </trkpt>
   <trkpt lat="-8.054614" lon="-34.906859">
    <ele>9.7</ele>
    <time>2021-09-16T00:57:06.000Z</time>
   </trkpt>
   <trkpt lat="-8.054575" lon="-34.906862">
    <ele>9.7</ele>
    <time>2021-09-16T00:57:07.000Z</time>
   </trkpt>
   <trkpt lat="-8.054535" lon="-34.906866">
    <ele>9.7</ele>
    <time>2021-09-16T00:57:08.000Z</time>
   </trkpt>
   <trkpt lat="-8.054489" lon="-34.906864">
    <ele>9.7</ele>
    <time>2021-09-16T00:57:09.000Z</time>
   </trkpt>
   <trkpt lat="-8.054381" lon="-34.906851">
    <ele>9.7</ele>
    <time>2021-09-16T00:57:11.000Z</time>
   </trkpt>
   <trkpt lat="-8.05427" lon="-34.906844">
    <ele>9.7</ele>
    <time>2021-09-16T00:57:12.000Z</time>
   </trkpt>
   <trkpt lat="-8.054217" lon="-34.906843">
    <ele>9.7</ele>
    <time>2021-09-16T00:57:14.000Z</time>
   </trkpt>
   <trkpt lat="-8.05411" lon="-34.906838">
    <ele>9.8</ele>
    <time>2021-09-16T00:57:15.000Z</time>
   </trkpt>
   <trkpt lat="-8.054067" lon="-34.906839">
    <ele>9.8</ele>
    <time>2021-09-16T00:57:17.000Z</time>
   </trkpt>
   <trkpt lat="-8.054033" lon="-34.906844">
    <ele>9.8</ele>
    <time>2021-09-16T00:57:18.000Z</time>
   </trkpt>
   <trkpt lat="-8.053949" lon="-34.90684">
    <ele>9.8</ele>
    <time>2021-09-16T00:57:19.000Z</time>
   </trkpt>
   <trkpt lat="-8.053922" lon="-34.906833">
    <ele>9.8</ele>
    <time>2021-09-16T00:57:21.000Z</time>
   </trkpt>
   <trkpt lat="-8.053872" lon="-34.906832">
    <ele>9.8</ele>
    <time>2021-09-16T00:57:22.000Z</time>
   </trkpt>
   <trkpt lat="-8.053846" lon="-34.90683">
    <ele>9.8</ele>
    <time>2021-09-16T00:57:24.000Z</time>
   </trkpt>
   <trkpt lat="-8.05378" lon="-34.906832">
    <ele>9.8</ele>
    <time>2021-09-16T00:57:26.000Z</time>
   </trkpt>
   <trkpt lat="-8.053748" lon="-34.906827">
    <ele>9.8</ele>
    <time>2021-09-16T00:57:27.000Z</time>
   </trkpt>
   <trkpt lat="-8.053685" lon="-34.90683">
    <ele>9.9</ele>
    <time>2021-09-16T00:57:28.000Z</time>
   </trkpt>
   <trkpt lat="-8.053658" lon="-34.906832">
    <ele>9.9</ele>
    <time>2021-09-16T00:57:30.000Z</time>
   </trkpt>
   <trkpt lat="-8.053602" lon="-34.90684">
    <ele>9.9</ele>
    <time>2021-09-16T00:57:32.000Z</time>
   </trkpt>
   <trkpt lat="-8.053535" lon="-34.906843">
    <ele>10</ele>
    <time>2021-09-16T00:57:34.000Z</time>
   </trkpt>
   <trkpt lat="-8.053482" lon="-34.906834">
    <ele>10</ele>
    <time>2021-09-16T00:57:35.000Z</time>
   </trkpt>
   <trkpt lat="-8.053455" lon="-34.906823">
    <ele>10</ele>
    <time>2021-09-16T00:57:37.000Z</time>
   </trkpt>
   <trkpt lat="-8.053416" lon="-34.906811">
    <ele>10.1</ele>
    <time>2021-09-16T00:57:39.000Z</time>
   </trkpt>
   <trkpt lat="-8.053341" lon="-34.906808">
    <ele>10</ele>
    <time>2021-09-16T00:57:43.000Z</time>
   </trkpt>
   <trkpt lat="-8.05331" lon="-34.906805">
    <ele>10</ele>
    <time>2021-09-16T00:57:46.000Z</time>
   </trkpt>
   <trkpt lat="-8.053173" lon="-34.906791">
    <ele>10</ele>
    <time>2021-09-16T00:58:15.000Z</time>
   </trkpt>
   <trkpt lat="-8.053148" lon="-34.906787">
    <ele>10</ele>
    <time>2021-09-16T00:58:16.000Z</time>
   </trkpt>
   <trkpt lat="-8.053095" lon="-34.90678">
    <ele>9.9</ele>
    <time>2021-09-16T00:58:18.000Z</time>
   </trkpt>
   <trkpt lat="-8.053062" lon="-34.906776">
    <ele>9.9</ele>
    <time>2021-09-16T00:58:19.000Z</time>
   </trkpt>
   <trkpt lat="-8.052999" lon="-34.906761">
    <ele>9.9</ele>
    <time>2021-09-16T00:58:21.000Z</time>
   </trkpt>
   <trkpt lat="-8.052937" lon="-34.90676">
    <ele>9.9</ele>
    <time>2021-09-16T00:58:22.000Z</time>
   </trkpt>
   <trkpt lat="-8.052905" lon="-34.906765">
    <ele>9.9</ele>
    <time>2021-09-16T00:58:23.000Z</time>
   </trkpt>
   <trkpt lat="-8.05287" lon="-34.906768">
    <ele>9.9</ele>
    <time>2021-09-16T00:58:25.000Z</time>
   </trkpt>
   <trkpt lat="-8.052771" lon="-34.906762">
    <ele>10</ele>
    <time>2021-09-16T00:58:27.000Z</time>
   </trkpt>
   <trkpt lat="-8.052716" lon="-34.906756">
    <ele>10</ele>
    <time>2021-09-16T00:58:28.000Z</time>
   </trkpt>
   <trkpt lat="-8.052669" lon="-34.906741">
    <ele>10</ele>
    <time>2021-09-16T00:58:29.000Z</time>
   </trkpt>
   <trkpt lat="-8.052625" lon="-34.906745">
    <ele>10</ele>
    <time>2021-09-16T00:58:30.000Z</time>
   </trkpt>
   <trkpt lat="-8.052551" lon="-34.906735">
    <ele>10.1</ele>
    <time>2021-09-16T00:58:32.000Z</time>
   </trkpt>
   <trkpt lat="-8.052473" lon="-34.906722">
    <ele>10.1</ele>
    <time>2021-09-16T00:58:33.000Z</time>
   </trkpt>
   <trkpt lat="-8.052432" lon="-34.906723">
    <ele>10.1</ele>
    <time>2021-09-16T00:58:34.000Z</time>
   </trkpt>
   <trkpt lat="-8.052393" lon="-34.906719">
    <ele>10.1</ele>
    <time>2021-09-16T00:58:36.000Z</time>
   </trkpt>
   <trkpt lat="-8.052316" lon="-34.906704">
    <ele>10.1</ele>
    <time>2021-09-16T00:58:37.000Z</time>
   </trkpt>
   <trkpt lat="-8.052281" lon="-34.906696">
    <ele>10.1</ele>
    <time>2021-09-16T00:58:39.000Z</time>
   </trkpt>
   <trkpt lat="-8.05222" lon="-34.906696">
    <ele>10.1</ele>
    <time>2021-09-16T00:58:41.000Z</time>
   </trkpt>
   <trkpt lat="-8.052202" lon="-34.906704">
    <ele>10.1</ele>
    <time>2021-09-16T00:58:42.000Z</time>
   </trkpt>
   <trkpt lat="-8.052111" lon="-34.90669">
    <ele>10.2</ele>
    <time>2021-09-16T00:58:44.000Z</time>
   </trkpt>
   <trkpt lat="-8.052074" lon="-34.906683">
    <ele>10.2</ele>
    <time>2021-09-16T00:58:46.000Z</time>
   </trkpt>
   <trkpt lat="-8.05202" lon="-34.906669">
    <ele>10.2</ele>
    <time>2021-09-16T00:58:47.000Z</time>
   </trkpt>
   <trkpt lat="-8.051979" lon="-34.90666">
    <ele>10.2</ele>
    <time>2021-09-16T00:58:48.000Z</time>
   </trkpt>
   <trkpt lat="-8.051877" lon="-34.906646">
    <ele>10.2</ele>
    <time>2021-09-16T00:58:50.000Z</time>
   </trkpt>
   <trkpt lat="-8.051772" lon="-34.906627">
    <ele>10.2</ele>
    <time>2021-09-16T00:58:52.000Z</time>
   </trkpt>
   <trkpt lat="-8.05164" lon="-34.90661">
    <ele>10.3</ele>
    <time>2021-09-16T00:58:53.000Z</time>
   </trkpt>
   <trkpt lat="-8.051589" lon="-34.906608">
    <ele>10.3</ele>
    <time>2021-09-16T00:58:55.000Z</time>
   </trkpt>
   <trkpt lat="-8.051492" lon="-34.906587">
    <ele>10.3</ele>
    <time>2021-09-16T00:58:56.000Z</time>
   </trkpt>
   <trkpt lat="-8.051424" lon="-34.906581">
    <ele>10.2</ele>
    <time>2021-09-16T00:58:58.000Z</time>
   </trkpt>
   <trkpt lat="-8.051371" lon="-34.906577">
    <ele>10.2</ele>
    <time>2021-09-16T00:58:59.000Z</time>
   </trkpt>
   <trkpt lat="-8.051306" lon="-34.906564">
    <ele>10.2</ele>
    <time>2021-09-16T00:59:00.000Z</time>
   </trkpt>
   <trkpt lat="-8.051193" lon="-34.90655">
    <ele>10.1</ele>
    <time>2021-09-16T00:59:02.000Z</time>
   </trkpt>
   <trkpt lat="-8.051106" lon="-34.906549">
    <ele>10.1</ele>
    <time>2021-09-16T00:59:04.000Z</time>
   </trkpt>
   <trkpt lat="-8.051025" lon="-34.90654">
    <ele>10.1</ele>
    <time>2021-09-16T00:59:05.000Z</time>
   </trkpt>
   <trkpt lat="-8.050981" lon="-34.906536">
    <ele>10.1</ele>
    <time>2021-09-16T00:59:07.000Z</time>
   </trkpt>
   <trkpt lat="-8.050881" lon="-34.906528">
    <ele>10</ele>
    <time>2021-09-16T00:59:08.000Z</time>
   </trkpt>
   <trkpt lat="-8.050831" lon="-34.906523">
    <ele>10</ele>
    <time>2021-09-16T00:59:09.000Z</time>
   </trkpt>
   <trkpt lat="-8.050785" lon="-34.906517">
    <ele>10</ele>
    <time>2021-09-16T00:59:10.000Z</time>
   </trkpt>
   <trkpt lat="-8.050747" lon="-34.90651">
    <ele>9.9</ele>
    <time>2021-09-16T00:59:12.000Z</time>
   </trkpt>
   <trkpt lat="-8.050678" lon="-34.906485">
    <ele>9.9</ele>
    <time>2021-09-16T00:59:13.000Z</time>
   </trkpt>
   <trkpt lat="-8.050649" lon="-34.906483">
    <ele>9.9</ele>
    <time>2021-09-16T00:59:15.000Z</time>
   </trkpt>
   <trkpt lat="-8.050616" lon="-34.906476">
    <ele>9.9</ele>
    <time>2021-09-16T00:59:16.000Z</time>
   </trkpt>
   <trkpt lat="-8.050525" lon="-34.906495">
    <ele>9.9</ele>
    <time>2021-09-16T00:59:17.000Z</time>
   </trkpt>
   <trkpt lat="-8.050481" lon="-34.906496">
    <ele>9.9</ele>
    <time>2021-09-16T00:59:19.000Z</time>
   </trkpt>
   <trkpt lat="-8.050397" lon="-34.906492">
    <ele>9.9</ele>
    <time>2021-09-16T00:59:21.000Z</time>
   </trkpt>
   <trkpt lat="-8.050329" lon="-34.906501">
    <ele>9.9</ele>
    <time>2021-09-16T00:59:22.000Z</time>
   </trkpt>
   <trkpt lat="-8.050292" lon="-34.906497">
    <ele>9.9</ele>
    <time>2021-09-16T00:59:23.000Z</time>
   </trkpt>
   <trkpt lat="-8.050248" lon="-34.9065">
    <ele>9.9</ele>
    <time>2021-09-16T00:59:24.000Z</time>
   </trkpt>
   <trkpt lat="-8.050209" lon="-34.9065">
    <ele>9.9</ele>
    <time>2021-09-16T00:59:25.000Z</time>
   </trkpt>
   <trkpt lat="-8.050152" lon="-34.906509">
    <ele>9.9</ele>
    <time>2021-09-16T00:59:27.000Z</time>
   </trkpt>
   <trkpt lat="-8.050025" lon="-34.906496">
    <ele>10</ele>
    <time>2021-09-16T00:59:28.000Z</time>
   </trkpt>
   <trkpt lat="-8.04998" lon="-34.906492">
    <ele>10</ele>
    <time>2021-09-16T00:59:30.000Z</time>
   </trkpt>
   <trkpt lat="-8.049936" lon="-34.906486">
    <ele>10</ele>
    <time>2021-09-16T00:59:31.000Z</time>
   </trkpt>
   <trkpt lat="-8.049849" lon="-34.906476">
    <ele>10</ele>
    <time>2021-09-16T00:59:32.000Z</time>
   </trkpt>
   <trkpt lat="-8.049808" lon="-34.906473">
    <ele>10</ele>
    <time>2021-09-16T00:59:33.000Z</time>
   </trkpt>
   <trkpt lat="-8.049757" lon="-34.90647">
    <ele>10.1</ele>
    <time>2021-09-16T00:59:34.000Z</time>
   </trkpt>
   <trkpt lat="-8.049718" lon="-34.906461">
    <ele>10.1</ele>
    <time>2021-09-16T00:59:36.000Z</time>
   </trkpt>
   <trkpt lat="-8.049681" lon="-34.906452">
    <ele>10.1</ele>
    <time>2021-09-16T00:59:37.000Z</time>
   </trkpt>
   <trkpt lat="-8.04964" lon="-34.906455">
    <ele>10.1</ele>
    <time>2021-09-16T00:59:38.000Z</time>
   </trkpt>
   <trkpt lat="-8.049588" lon="-34.906472">
    <ele>10.1</ele>
    <time>2021-09-16T00:59:39.000Z</time>
   </trkpt>
   <trkpt lat="-8.049558" lon="-34.906471">
    <ele>10.1</ele>
    <time>2021-09-16T00:59:40.000Z</time>
   </trkpt>
   <trkpt lat="-8.049529" lon="-34.906474">
    <ele>10.1</ele>
    <time>2021-09-16T00:59:41.000Z</time>
   </trkpt>
   <trkpt lat="-8.049507" lon="-34.906475">
    <ele>10.1</ele>
    <time>2021-09-16T00:59:42.000Z</time>
   </trkpt>
   <trkpt lat="-8.04947" lon="-34.906476">
    <ele>10.1</ele>
    <time>2021-09-16T00:59:44.000Z</time>
   </trkpt>
   <trkpt lat="-8.049418" lon="-34.906484">
    <ele>10.1</ele>
    <time>2021-09-16T00:59:46.000Z</time>
   </trkpt>
   <trkpt lat="-8.049398" lon="-34.906491">
    <ele>10.1</ele>
    <time>2021-09-16T00:59:47.000Z</time>
   </trkpt>
   <trkpt lat="-8.04938" lon="-34.906496">
    <ele>10.1</ele>
    <time>2021-09-16T00:59:50.000Z</time>
   </trkpt>
   <trkpt lat="-8.049364" lon="-34.906503">
    <ele>10.1</ele>
    <time>2021-09-16T00:59:56.000Z</time>
   </trkpt>
   <trkpt lat="-8.049305" lon="-34.906529">
    <ele>10.1</ele>
    <time>2021-09-16T00:59:59.000Z</time>
   </trkpt>
   <trkpt lat="-8.049197" lon="-34.906485">
    <ele>10.1</ele>
    <time>2021-09-16T01:00:16.000Z</time>
   </trkpt>
   <trkpt lat="-8.049095" lon="-34.906469">
    <ele>10.1</ele>
    <time>2021-09-16T01:00:18.000Z</time>
   </trkpt>
   <trkpt lat="-8.049059" lon="-34.906465">
    <ele>10.1</ele>
    <time>2021-09-16T01:00:20.000Z</time>
   </trkpt>
   <trkpt lat="-8.049018" lon="-34.906461">
    <ele>10.1</ele>
    <time>2021-09-16T01:00:21.000Z</time>
   </trkpt>
   <trkpt lat="-8.048979" lon="-34.906456">
    <ele>10.1</ele>
    <time>2021-09-16T01:00:22.000Z</time>
   </trkpt>
   <trkpt lat="-8.048932" lon="-34.906448">
    <ele>10.1</ele>
    <time>2021-09-16T01:00:23.000Z</time>
   </trkpt>
   <trkpt lat="-8.04887" lon="-34.906433">
    <ele>10.1</ele>
    <time>2021-09-16T01:00:24.000Z</time>
   </trkpt>
   <trkpt lat="-8.048816" lon="-34.906421">
    <ele>10.1</ele>
    <time>2021-09-16T01:00:25.000Z</time>
   </trkpt>
   <trkpt lat="-8.048759" lon="-34.906406">
    <ele>10.1</ele>
    <time>2021-09-16T01:00:26.000Z</time>
   </trkpt>
   <trkpt lat="-8.048715" lon="-34.906401">
    <ele>10.1</ele>
    <time>2021-09-16T01:00:27.000Z</time>
   </trkpt>
   <trkpt lat="-8.048636" lon="-34.90641">
    <ele>10.1</ele>
    <time>2021-09-16T01:00:29.000Z</time>
   </trkpt>
   <trkpt lat="-8.0486" lon="-34.906414">
    <ele>10.1</ele>
    <time>2021-09-16T01:00:30.000Z</time>
   </trkpt>
   <trkpt lat="-8.048516" lon="-34.906411">
    <ele>10.1</ele>
    <time>2021-09-16T01:00:31.000Z</time>
   </trkpt>
   <trkpt lat="-8.048472" lon="-34.9064">
    <ele>10.1</ele>
    <time>2021-09-16T01:00:33.000Z</time>
   </trkpt>
   <trkpt lat="-8.048428" lon="-34.906393">
    <ele>10.1</ele>
    <time>2021-09-16T01:00:34.000Z</time>
   </trkpt>
   <trkpt lat="-8.048344" lon="-34.906374">
    <ele>10.1</ele>
    <time>2021-09-16T01:00:35.000Z</time>
   </trkpt>
   <trkpt lat="-8.048298" lon="-34.906371">
    <ele>10.1</ele>
    <time>2021-09-16T01:00:37.000Z</time>
   </trkpt>
   <trkpt lat="-8.048214" lon="-34.906353">
    <ele>10.1</ele>
    <time>2021-09-16T01:00:38.000Z</time>
   </trkpt>
   <trkpt lat="-8.048177" lon="-34.90635">
    <ele>10.1</ele>
    <time>2021-09-16T01:00:40.000Z</time>
   </trkpt>
   <trkpt lat="-8.048097" lon="-34.906351">
    <ele>10.1</ele>
    <time>2021-09-16T01:00:42.000Z</time>
   </trkpt>
   <trkpt lat="-8.048059" lon="-34.90635">
    <ele>10.1</ele>
    <time>2021-09-16T01:00:43.000Z</time>
   </trkpt>
   <trkpt lat="-8.047968" lon="-34.906355">
    <ele>10.1</ele>
    <time>2021-09-16T01:00:45.000Z</time>
   </trkpt>
   <trkpt lat="-8.047924" lon="-34.906362">
    <ele>10.1</ele>
    <time>2021-09-16T01:00:46.000Z</time>
   </trkpt>
   <trkpt lat="-8.047878" lon="-34.906375">
    <ele>10.1</ele>
    <time>2021-09-16T01:00:47.000Z</time>
   </trkpt>
   <trkpt lat="-8.047796" lon="-34.906399">
    <ele>10.1</ele>
    <time>2021-09-16T01:00:48.000Z</time>
   </trkpt>
   <trkpt lat="-8.047758" lon="-34.906413">
    <ele>10.1</ele>
    <time>2021-09-16T01:00:49.000Z</time>
   </trkpt>
   <trkpt lat="-8.047721" lon="-34.906428">
    <ele>10.1</ele>
    <time>2021-09-16T01:00:50.000Z</time>
   </trkpt>
   <trkpt lat="-8.047688" lon="-34.906439">
    <ele>10.1</ele>
    <time>2021-09-16T01:00:51.000Z</time>
   </trkpt>
   <trkpt lat="-8.047654" lon="-34.906451">
    <ele>10.1</ele>
    <time>2021-09-16T01:00:52.000Z</time>
   </trkpt>
   <trkpt lat="-8.047631" lon="-34.906458">
    <ele>10.1</ele>
    <time>2021-09-16T01:00:53.000Z</time>
   </trkpt>
   <trkpt lat="-8.047581" lon="-34.906481">
    <ele>10.1</ele>
    <time>2021-09-16T01:00:56.000Z</time>
   </trkpt>
   <trkpt lat="-8.047558" lon="-34.906489">
    <ele>10.1</ele>
    <time>2021-09-16T01:00:57.000Z</time>
   </trkpt>
   <trkpt lat="-8.047516" lon="-34.906489">
    <ele>10.1</ele>
    <time>2021-09-16T01:00:58.000Z</time>
   </trkpt>
   <trkpt lat="-8.047462" lon="-34.906497">
    <ele>10.2</ele>
    <time>2021-09-16T01:01:01.000Z</time>
   </trkpt>
   <trkpt lat="-8.047408" lon="-34.90651">
    <ele>10.2</ele>
    <time>2021-09-16T01:01:04.000Z</time>
   </trkpt>
   <trkpt lat="-8.047407" lon="-34.906527">
    <ele>10.2</ele>
    <time>2021-09-16T01:01:08.000Z</time>
   </trkpt>
   <trkpt lat="-8.0474" lon="-34.906562">
    <ele>10.2</ele>
    <time>2021-09-16T01:01:13.000Z</time>
   </trkpt>
   <trkpt lat="-8.047257" lon="-34.906655">
    <ele>10.3</ele>
    <time>2021-09-16T01:01:45.000Z</time>
   </trkpt>
   <trkpt lat="-8.047202" lon="-34.906676">
    <ele>10.3</ele>
    <time>2021-09-16T01:01:48.000Z</time>
   </trkpt>
   <trkpt lat="-8.047164" lon="-34.906678">
    <ele>10.3</ele>
    <time>2021-09-16T01:01:49.000Z</time>
   </trkpt>
   <trkpt lat="-8.04712" lon="-34.906676">
    <ele>10.3</ele>
    <time>2021-09-16T01:01:52.000Z</time>
   </trkpt>
   <trkpt lat="-8.047076" lon="-34.906677">
    <ele>10.3</ele>
    <time>2021-09-16T01:01:54.000Z</time>
   </trkpt>
   <trkpt lat="-8.04702" lon="-34.906683">
    <ele>10.3</ele>
    <time>2021-09-16T01:01:56.000Z</time>
   </trkpt>
   <trkpt lat="-8.046986" lon="-34.906691">
    <ele>10.3</ele>
    <time>2021-09-16T01:01:57.000Z</time>
   </trkpt>
   <trkpt lat="-8.046948" lon="-34.906701">
    <ele>10.3</ele>
    <time>2021-09-16T01:01:58.000Z</time>
   </trkpt>
   <trkpt lat="-8.046916" lon="-34.906714">
    <ele>10.3</ele>
    <time>2021-09-16T01:01:59.000Z</time>
   </trkpt>
   <trkpt lat="-8.046891" lon="-34.906719">
    <ele>10.3</ele>
    <time>2021-09-16T01:02:00.000Z</time>
   </trkpt>
   <trkpt lat="-8.046835" lon="-34.906738">
    <ele>10.4</ele>
    <time>2021-09-16T01:02:02.000Z</time>
   </trkpt>
   <trkpt lat="-8.046763" lon="-34.906766">
    <ele>10.4</ele>
    <time>2021-09-16T01:02:03.000Z</time>
   </trkpt>
   <trkpt lat="-8.046729" lon="-34.906782">
    <ele>10.5</ele>
    <time>2021-09-16T01:02:05.000Z</time>
   </trkpt>
   <trkpt lat="-8.046695" lon="-34.906792">
    <ele>10.5</ele>
    <time>2021-09-16T01:02:06.000Z</time>
   </trkpt>
   <trkpt lat="-8.046668" lon="-34.906798">
    <ele>10.5</ele>
    <time>2021-09-16T01:02:07.000Z</time>
   </trkpt>
   <trkpt lat="-8.046609" lon="-34.90682">
    <ele>10.5</ele>
    <time>2021-09-16T01:02:08.000Z</time>
   </trkpt>
   <trkpt lat="-8.04657" lon="-34.90685">
    <ele>10.6</ele>
    <time>2021-09-16T01:02:10.000Z</time>
   </trkpt>
   <trkpt lat="-8.046548" lon="-34.906865">
    <ele>10.6</ele>
    <time>2021-09-16T01:02:11.000Z</time>
   </trkpt>
   <trkpt lat="-8.046489" lon="-34.906889">
    <ele>10.7</ele>
    <time>2021-09-16T01:02:14.000Z</time>
   </trkpt>
   <trkpt lat="-8.04646" lon="-34.906896">
    <ele>10.7</ele>
    <time>2021-09-16T01:02:15.000Z</time>
   </trkpt>
   <trkpt lat="-8.046428" lon="-34.906905">
    <ele>10.7</ele>
    <time>2021-09-16T01:02:16.000Z</time>
   </trkpt>
   <trkpt lat="-8.046363" lon="-34.906927">
    <ele>10.8</ele>
    <time>2021-09-16T01:02:18.000Z</time>
   </trkpt>
   <trkpt lat="-8.046292" lon="-34.90694">
    <ele>10.8</ele>
    <time>2021-09-16T01:02:20.000Z</time>
   </trkpt>
   <trkpt lat="-8.046228" lon="-34.906962">
    <ele>10.9</ele>
    <time>2021-09-16T01:02:22.000Z</time>
   </trkpt>
   <trkpt lat="-8.046174" lon="-34.90699">
    <ele>11</ele>
    <time>2021-09-16T01:02:24.000Z</time>
   </trkpt>
   <trkpt lat="-8.046147" lon="-34.907016">
    <ele>11</ele>
    <time>2021-09-16T01:02:25.000Z</time>
   </trkpt>
   <trkpt lat="-8.046133" lon="-34.907032">
    <ele>11</ele>
    <time>2021-09-16T01:02:27.000Z</time>
   </trkpt>
   <trkpt lat="-8.046109" lon="-34.907034">
    <ele>11</ele>
    <time>2021-09-16T01:02:32.000Z</time>
   </trkpt>
   <trkpt lat="-8.045988" lon="-34.907093">
    <ele>11.1</ele>
    <time>2021-09-16T01:02:50.000Z</time>
   </trkpt>
   <trkpt lat="-8.045947" lon="-34.907096">
    <ele>11.2</ele>
    <time>2021-09-16T01:02:53.000Z</time>
   </trkpt>
   <trkpt lat="-8.045899" lon="-34.90711">
    <ele>11.2</ele>
    <time>2021-09-16T01:02:55.000Z</time>
   </trkpt>
   <trkpt lat="-8.045838" lon="-34.907133">
    <ele>11.2</ele>
    <time>2021-09-16T01:02:56.000Z</time>
   </trkpt>
   <trkpt lat="-8.045809" lon="-34.907144">
    <ele>11.2</ele>
    <time>2021-09-16T01:02:57.000Z</time>
   </trkpt>
   <trkpt lat="-8.045781" lon="-34.907152">
    <ele>11.2</ele>
    <time>2021-09-16T01:02:58.000Z</time>
   </trkpt>
   <trkpt lat="-8.045751" lon="-34.907164">
    <ele>11.3</ele>
    <time>2021-09-16T01:02:59.000Z</time>
   </trkpt>
   <trkpt lat="-8.045704" lon="-34.90718">
    <ele>11.3</ele>
    <time>2021-09-16T01:03:00.000Z</time>
   </trkpt>
   <trkpt lat="-8.045662" lon="-34.907196">
    <ele>11.4</ele>
    <time>2021-09-16T01:03:02.000Z</time>
   </trkpt>
   <trkpt lat="-8.04563" lon="-34.907209">
    <ele>11.5</ele>
    <time>2021-09-16T01:03:03.000Z</time>
   </trkpt>
   <trkpt lat="-8.045553" lon="-34.907241">
    <ele>11.6</ele>
    <time>2021-09-16T01:03:05.000Z</time>
   </trkpt>
   <trkpt lat="-8.045517" lon="-34.907252">
    <ele>11.7</ele>
    <time>2021-09-16T01:03:06.000Z</time>
   </trkpt>
   <trkpt lat="-8.045426" lon="-34.907294">
    <ele>11.9</ele>
    <time>2021-09-16T01:03:08.000Z</time>
   </trkpt>
   <trkpt lat="-8.045388" lon="-34.90731">
    <ele>12</ele>
    <time>2021-09-16T01:03:09.000Z</time>
   </trkpt>
   <trkpt lat="-8.045321" lon="-34.907335">
    <ele>12.1</ele>
    <time>2021-09-16T01:03:10.000Z</time>
   </trkpt>
   <trkpt lat="-8.045274" lon="-34.907321">
    <ele>12.2</ele>
    <time>2021-09-16T01:03:11.000Z</time>
   </trkpt>
   <trkpt lat="-8.045233" lon="-34.907327">
    <ele>12.3</ele>
    <time>2021-09-16T01:03:13.000Z</time>
   </trkpt>
   <trkpt lat="-8.0452" lon="-34.907338">
    <ele>12.4</ele>
    <time>2021-09-16T01:03:14.000Z</time>
   </trkpt>
   <trkpt lat="-8.045138" lon="-34.907354">
    <ele>12.5</ele>
    <time>2021-09-16T01:03:16.000Z</time>
   </trkpt>
   <trkpt lat="-8.045066" lon="-34.907375">
    <ele>12.8</ele>
    <time>2021-09-16T01:03:18.000Z</time>
   </trkpt>
   <trkpt lat="-8.044993" lon="-34.907401">
    <ele>13</ele>
    <time>2021-09-16T01:03:19.000Z</time>
   </trkpt>
   <trkpt lat="-8.044964" lon="-34.907411">
    <ele>13.1</ele>
    <time>2021-09-16T01:03:21.000Z</time>
   </trkpt>
   <trkpt lat="-8.04493" lon="-34.907426">
    <ele>13.3</ele>
    <time>2021-09-16T01:03:22.000Z</time>
   </trkpt>
   <trkpt lat="-8.044844" lon="-34.907472">
    <ele>13.6</ele>
    <time>2021-09-16T01:03:23.000Z</time>
   </trkpt>
   <trkpt lat="-8.044813" lon="-34.907482">
    <ele>13.7</ele>
    <time>2021-09-16T01:03:25.000Z</time>
   </trkpt>
   <trkpt lat="-8.044747" lon="-34.907501">
    <ele>13.9</ele>
    <time>2021-09-16T01:03:26.000Z</time>
   </trkpt>
   <trkpt lat="-8.044709" lon="-34.907518">
    <ele>14.1</ele>
    <time>2021-09-16T01:03:27.000Z</time>
   </trkpt>
   <trkpt lat="-8.044669" lon="-34.907527">
    <ele>14.2</ele>
    <time>2021-09-16T01:03:28.000Z</time>
   </trkpt>
   <trkpt lat="-8.044622" lon="-34.907536">
    <ele>14.4</ele>
    <time>2021-09-16T01:03:30.000Z</time>
   </trkpt>
   <trkpt lat="-8.044572" lon="-34.907552">
    <ele>14.5</ele>
    <time>2021-09-16T01:03:31.000Z</time>
   </trkpt>
   <trkpt lat="-8.044488" lon="-34.907578">
    <ele>14.8</ele>
    <time>2021-09-16T01:03:33.000Z</time>
   </trkpt>
   <trkpt lat="-8.04444" lon="-34.907586">
    <ele>14.9</ele>
    <time>2021-09-16T01:03:34.000Z</time>
   </trkpt>
   <trkpt lat="-8.044397" lon="-34.907594">
    <ele>15</ele>
    <time>2021-09-16T01:03:35.000Z</time>
   </trkpt>
   <trkpt lat="-8.044356" lon="-34.907604">
    <ele>15.1</ele>
    <time>2021-09-16T01:03:36.000Z</time>
   </trkpt>
   <trkpt lat="-8.044315" lon="-34.90762">
    <ele>15.2</ele>
    <time>2021-09-16T01:03:37.000Z</time>
   </trkpt>
   <trkpt lat="-8.044281" lon="-34.907638">
    <ele>15.3</ele>
    <time>2021-09-16T01:03:38.000Z</time>
   </trkpt>
   <trkpt lat="-8.044221" lon="-34.907655">
    <ele>15.4</ele>
    <time>2021-09-16T01:03:39.000Z</time>
   </trkpt>
   <trkpt lat="-8.044191" lon="-34.907662">
    <ele>15.5</ele>
    <time>2021-09-16T01:03:40.000Z</time>
   </trkpt>
   <trkpt lat="-8.044153" lon="-34.907669">
    <ele>15.5</ele>
    <time>2021-09-16T01:03:41.000Z</time>
   </trkpt>
   <trkpt lat="-8.044117" lon="-34.90768">
    <ele>15.6</ele>
    <time>2021-09-16T01:03:42.000Z</time>
   </trkpt>
   <trkpt lat="-8.044085" lon="-34.907693">
    <ele>15.6</ele>
    <time>2021-09-16T01:03:44.000Z</time>
   </trkpt>
   <trkpt lat="-8.044007" lon="-34.90771">
    <ele>15.7</ele>
    <time>2021-09-16T01:03:46.000Z</time>
   </trkpt>
   <trkpt lat="-8.043973" lon="-34.907717">
    <ele>15.7</ele>
    <time>2021-09-16T01:03:47.000Z</time>
   </trkpt>
   <trkpt lat="-8.043953" lon="-34.907721">
    <ele>15.7</ele>
    <time>2021-09-16T01:03:48.000Z</time>
   </trkpt>
   <trkpt lat="-8.043925" lon="-34.907725">
    <ele>15.7</ele>
    <time>2021-09-16T01:03:49.000Z</time>
   </trkpt>
   <trkpt lat="-8.043878" lon="-34.907738">
    <ele>15.7</ele>
    <time>2021-09-16T01:03:52.000Z</time>
   </trkpt>
   <trkpt lat="-8.04382" lon="-34.907752">
    <ele>15.7</ele>
    <time>2021-09-16T01:03:54.000Z</time>
   </trkpt>
   <trkpt lat="-8.043759" lon="-34.907779">
    <ele>15.7</ele>
    <time>2021-09-16T01:03:56.000Z</time>
   </trkpt>
   <trkpt lat="-8.043694" lon="-34.907807">
    <ele>15.7</ele>
    <time>2021-09-16T01:03:57.000Z</time>
   </trkpt>
   <trkpt lat="-8.043656" lon="-34.90782">
    <ele>15.6</ele>
    <time>2021-09-16T01:03:58.000Z</time>
   </trkpt>
   <trkpt lat="-8.04361" lon="-34.907836">
    <ele>15.6</ele>
    <time>2021-09-16T01:03:59.000Z</time>
   </trkpt>
   <trkpt lat="-8.043574" lon="-34.907853">
    <ele>15.6</ele>
    <time>2021-09-16T01:04:01.000Z</time>
   </trkpt>
   <trkpt lat="-8.043501" lon="-34.907887">
    <ele>15.5</ele>
    <time>2021-09-16T01:04:02.000Z</time>
   </trkpt>
   <trkpt lat="-8.043457" lon="-34.907907">
    <ele>15.5</ele>
    <time>2021-09-16T01:04:04.000Z</time>
   </trkpt>
   <trkpt lat="-8.043371" lon="-34.907952">
    <ele>15.4</ele>
    <time>2021-09-16T01:04:06.000Z</time>
   </trkpt>
   <trkpt lat="-8.043289" lon="-34.907987">
    <ele>15.3</ele>
    <time>2021-09-16T01:04:08.000Z</time>
   </trkpt>
   <trkpt lat="-8.043251" lon="-34.908005">
    <ele>15.2</ele>
    <time>2021-09-16T01:04:09.000Z</time>
   </trkpt>
   <trkpt lat="-8.043221" lon="-34.908025">
    <ele>15.2</ele>
    <time>2021-09-16T01:04:10.000Z</time>
   </trkpt>
   <trkpt lat="-8.043146" lon="-34.908059">
    <ele>15.1</ele>
    <time>2021-09-16T01:04:12.000Z</time>
   </trkpt>
   <trkpt lat="-8.04309" lon="-34.908086">
    <ele>15.1</ele>
    <time>2021-09-16T01:04:13.000Z</time>
   </trkpt>
   <trkpt lat="-8.043039" lon="-34.908107">
    <ele>15</ele>
    <time>2021-09-16T01:04:14.000Z</time>
   </trkpt>
   <trkpt lat="-8.042999" lon="-34.908122">
    <ele>15</ele>
    <time>2021-09-16T01:04:15.000Z</time>
   </trkpt>
   <trkpt lat="-8.042906" lon="-34.908164">
    <ele>14.9</ele>
    <time>2021-09-16T01:04:16.000Z</time>
   </trkpt>
   <trkpt lat="-8.042858" lon="-34.908182">
    <ele>14.8</ele>
    <time>2021-09-16T01:04:18.000Z</time>
   </trkpt>
   <trkpt lat="-8.04275" lon="-34.908223">
    <ele>14.6</ele>
    <time>2021-09-16T01:04:20.000Z</time>
   </trkpt>
   <trkpt lat="-8.042645" lon="-34.908254">
    <ele>14.5</ele>
    <time>2021-09-16T01:04:22.000Z</time>
   </trkpt>
   <trkpt lat="-8.042541" lon="-34.908285">
    <ele>14.4</ele>
    <time>2021-09-16T01:04:24.000Z</time>
   </trkpt>
   <trkpt lat="-8.042473" lon="-34.908293">
    <ele>14.3</ele>
    <time>2021-09-16T01:04:25.000Z</time>
   </trkpt>
   <trkpt lat="-8.042415" lon="-34.908295">
    <ele>14.2</ele>
    <time>2021-09-16T01:04:26.000Z</time>
   </trkpt>
   <trkpt lat="-8.042353" lon="-34.908291">
    <ele>14.1</ele>
    <time>2021-09-16T01:04:27.000Z</time>
   </trkpt>
   <trkpt lat="-8.042262" lon="-34.908303">
    <ele>14.1</ele>
    <time>2021-09-16T01:04:28.000Z</time>
   </trkpt>
   <trkpt lat="-8.042219" lon="-34.908311">
    <ele>14</ele>
    <time>2021-09-16T01:04:30.000Z</time>
   </trkpt>
   <trkpt lat="-8.042171" lon="-34.908321">
    <ele>14</ele>
    <time>2021-09-16T01:04:31.000Z</time>
   </trkpt>
   <trkpt lat="-8.042088" lon="-34.90833">
    <ele>14</ele>
    <time>2021-09-16T01:04:32.000Z</time>
   </trkpt>
   <trkpt lat="-8.042047" lon="-34.908336">
    <ele>13.9</ele>
    <time>2021-09-16T01:04:34.000Z</time>
   </trkpt>
   <trkpt lat="-8.042003" lon="-34.908345">
    <ele>13.9</ele>
    <time>2021-09-16T01:04:35.000Z</time>
   </trkpt>
   <trkpt lat="-8.041901" lon="-34.908361">
    <ele>13.9</ele>
    <time>2021-09-16T01:04:37.000Z</time>
   </trkpt>
   <trkpt lat="-8.041825" lon="-34.908372">
    <ele>13.9</ele>
    <time>2021-09-16T01:04:38.000Z</time>
   </trkpt>
   <trkpt lat="-8.041789" lon="-34.908378">
    <ele>13.9</ele>
    <time>2021-09-16T01:04:40.000Z</time>
   </trkpt>
   <trkpt lat="-8.041754" lon="-34.908384">
    <ele>13.9</ele>
    <time>2021-09-16T01:04:41.000Z</time>
   </trkpt>
   <trkpt lat="-8.041674" lon="-34.908398">
    <ele>13.9</ele>
    <time>2021-09-16T01:04:42.000Z</time>
   </trkpt>
   <trkpt lat="-8.04164" lon="-34.908403">
    <ele>13.9</ele>
    <time>2021-09-16T01:04:43.000Z</time>
   </trkpt>
   <trkpt lat="-8.041615" lon="-34.908408">
    <ele>13.9</ele>
    <time>2021-09-16T01:04:45.000Z</time>
   </trkpt>
   <trkpt lat="-8.041494" lon="-34.908453">
    <ele>13.9</ele>
    <time>2021-09-16T01:04:48.000Z</time>
   </trkpt>
   <trkpt lat="-8.04142" lon="-34.908496">
    <ele>14</ele>
    <time>2021-09-16T01:04:49.000Z</time>
   </trkpt>
   <trkpt lat="-8.04138" lon="-34.90852">
    <ele>14</ele>
    <time>2021-09-16T01:04:51.000Z</time>
   </trkpt>
   <trkpt lat="-8.041344" lon="-34.908537">
    <ele>14</ele>
    <time>2021-09-16T01:04:52.000Z</time>
   </trkpt>
   <trkpt lat="-8.041262" lon="-34.908577">
    <ele>14.1</ele>
    <time>2021-09-16T01:04:53.000Z</time>
   </trkpt>
   <trkpt lat="-8.041216" lon="-34.908603">
    <ele>14.1</ele>
    <time>2021-09-16T01:04:54.000Z</time>
   </trkpt>
   <trkpt lat="-8.04117" lon="-34.908628">
    <ele>14.2</ele>
    <time>2021-09-16T01:04:55.000Z</time>
   </trkpt>
   <trkpt lat="-8.041134" lon="-34.908643">
    <ele>14.2</ele>
    <time>2021-09-16T01:04:57.000Z</time>
   </trkpt>
   <trkpt lat="-8.041097" lon="-34.908656">
    <ele>14.2</ele>
    <time>2021-09-16T01:04:58.000Z</time>
   </trkpt>
   <trkpt lat="-8.041009" lon="-34.908686">
    <ele>14.3</ele>
    <time>2021-09-16T01:05:00.000Z</time>
   </trkpt>
   <trkpt lat="-8.040903" lon="-34.908725">
    <ele>14.4</ele>
    <time>2021-09-16T01:05:01.000Z</time>
   </trkpt>
   <trkpt lat="-8.040851" lon="-34.908739">
    <ele>14.4</ele>
    <time>2021-09-16T01:05:02.000Z</time>
   </trkpt>
   <trkpt lat="-8.040803" lon="-34.908751">
    <ele>14.4</ele>
    <time>2021-09-16T01:05:04.000Z</time>
   </trkpt>
   <trkpt lat="-8.040698" lon="-34.908781">
    <ele>14.4</ele>
    <time>2021-09-16T01:05:06.000Z</time>
   </trkpt>
   <trkpt lat="-8.040614" lon="-34.908808">
    <ele>14.4</ele>
    <time>2021-09-16T01:05:08.000Z</time>
   </trkpt>
   <trkpt lat="-8.04057" lon="-34.908823">
    <ele>14.4</ele>
    <time>2021-09-16T01:05:09.000Z</time>
   </trkpt>
   <trkpt lat="-8.040466" lon="-34.908864">
    <ele>14.4</ele>
    <time>2021-09-16T01:05:10.000Z</time>
   </trkpt>
   <trkpt lat="-8.040412" lon="-34.908889">
    <ele>14.3</ele>
    <time>2021-09-16T01:05:11.000Z</time>
   </trkpt>
   <trkpt lat="-8.040354" lon="-34.908917">
    <ele>14.3</ele>
    <time>2021-09-16T01:05:13.000Z</time>
   </trkpt>
   <trkpt lat="-8.040246" lon="-34.908973">
    <ele>14.2</ele>
    <time>2021-09-16T01:05:14.000Z</time>
   </trkpt>
   <trkpt lat="-8.040192" lon="-34.908995">
    <ele>14.2</ele>
    <time>2021-09-16T01:05:16.000Z</time>
   </trkpt>
   <trkpt lat="-8.040083" lon="-34.909046">
    <ele>14.1</ele>
    <time>2021-09-16T01:05:18.000Z</time>
   </trkpt>
   <trkpt lat="-8.039971" lon="-34.909078">
    <ele>14</ele>
    <time>2021-09-16T01:05:19.000Z</time>
   </trkpt>
   <trkpt lat="-8.03992" lon="-34.909089">
    <ele>14</ele>
    <time>2021-09-16T01:05:20.000Z</time>
   </trkpt>
   <trkpt lat="-8.039874" lon="-34.909095">
    <ele>13.9</ele>
    <time>2021-09-16T01:05:22.000Z</time>
   </trkpt>
   <trkpt lat="-8.039831" lon="-34.909102">
    <ele>13.9</ele>
    <time>2021-09-16T01:05:23.000Z</time>
   </trkpt>
   <trkpt lat="-8.039727" lon="-34.909117">
    <ele>13.8</ele>
    <time>2021-09-16T01:05:24.000Z</time>
   </trkpt>
   <trkpt lat="-8.039658" lon="-34.909125">
    <ele>13.7</ele>
    <time>2021-09-16T01:05:26.000Z</time>
   </trkpt>
   <trkpt lat="-8.039588" lon="-34.909138">
    <ele>13.6</ele>
    <time>2021-09-16T01:05:27.000Z</time>
   </trkpt>
   <trkpt lat="-8.039515" lon="-34.909156">
    <ele>13.5</ele>
    <time>2021-09-16T01:05:28.000Z</time>
   </trkpt>
   <trkpt lat="-8.039437" lon="-34.909183">
    <ele>13.5</ele>
    <time>2021-09-16T01:05:29.000Z</time>
   </trkpt>
   <trkpt lat="-8.039365" lon="-34.909216">
    <ele>13.5</ele>
    <time>2021-09-16T01:05:30.000Z</time>
   </trkpt>
   <trkpt lat="-8.039194" lon="-34.909272">
    <ele>13.8</ele>
    <time>2021-09-16T01:05:31.000Z</time>
   </trkpt>
   <trkpt lat="-8.039124" lon="-34.909301">
    <ele>14</ele>
    <time>2021-09-16T01:05:32.000Z</time>
   </trkpt>
   <trkpt lat="-8.03906" lon="-34.909334">
    <ele>14.2</ele>
    <time>2021-09-16T01:05:33.000Z</time>
   </trkpt>
   <trkpt lat="-8.038997" lon="-34.909373">
    <ele>14.5</ele>
    <time>2021-09-16T01:05:34.000Z</time>
   </trkpt>
   <trkpt lat="-8.038928" lon="-34.909427">
    <ele>15</ele>
    <time>2021-09-16T01:05:35.000Z</time>
   </trkpt>
   <trkpt lat="-8.038864" lon="-34.909486">
    <ele>15.5</ele>
    <time>2021-09-16T01:05:36.000Z</time>
   </trkpt>
   <trkpt lat="-8.038803" lon="-34.909548">
    <ele>16</ele>
    <time>2021-09-16T01:05:38.000Z</time>
   </trkpt>
   <trkpt lat="-8.038676" lon="-34.909644">
    <ele>16.9</ele>
    <time>2021-09-16T01:05:39.000Z</time>
   </trkpt>
   <trkpt lat="-8.038612" lon="-34.909685">
    <ele>17.2</ele>
    <time>2021-09-16T01:05:41.000Z</time>
   </trkpt>
   <trkpt lat="-8.038557" lon="-34.909715">
    <ele>17.5</ele>
    <time>2021-09-16T01:05:42.000Z</time>
   </trkpt>
   <trkpt lat="-8.038443" lon="-34.909777">
    <ele>17.9</ele>
    <time>2021-09-16T01:05:44.000Z</time>
   </trkpt>
   <trkpt lat="-8.038329" lon="-34.909851">
    <ele>18.3</ele>
    <time>2021-09-16T01:05:45.000Z</time>
   </trkpt>
   <trkpt lat="-8.038265" lon="-34.909889">
    <ele>18.4</ele>
    <time>2021-09-16T01:05:46.000Z</time>
   </trkpt>
   <trkpt lat="-8.038204" lon="-34.909927">
    <ele>18.4</ele>
    <time>2021-09-16T01:05:47.000Z</time>
   </trkpt>
   <trkpt lat="-8.038142" lon="-34.909968">
    <ele>18.5</ele>
    <time>2021-09-16T01:05:48.000Z</time>
   </trkpt>
   <trkpt lat="-8.038064" lon="-34.910006">
    <ele>18.5</ele>
    <time>2021-09-16T01:05:49.000Z</time>
   </trkpt>
   <trkpt lat="-8.037992" lon="-34.910046">
    <ele>18.4</ele>
    <time>2021-09-16T01:05:50.000Z</time>
   </trkpt>
   <trkpt lat="-8.037925" lon="-34.910086">
    <ele>18.4</ele>
    <time>2021-09-16T01:05:51.000Z</time>
   </trkpt>
   <trkpt lat="-8.037859" lon="-34.910131">
    <ele>18.3</ele>
    <time>2021-09-16T01:05:53.000Z</time>
   </trkpt>
   <trkpt lat="-8.037728" lon="-34.91022">
    <ele>17.9</ele>
    <time>2021-09-16T01:05:54.000Z</time>
   </trkpt>
   <trkpt lat="-8.03766" lon="-34.910256">
    <ele>17.6</ele>
    <time>2021-09-16T01:05:55.000Z</time>
   </trkpt>
   <trkpt lat="-8.037594" lon="-34.910298">
    <ele>17.2</ele>
    <time>2021-09-16T01:05:57.000Z</time>
   </trkpt>
   <trkpt lat="-8.037466" lon="-34.91037">
    <ele>16.4</ele>
    <time>2021-09-16T01:05:58.000Z</time>
   </trkpt>
   <trkpt lat="-8.037396" lon="-34.910402">
    <ele>16</ele>
    <time>2021-09-16T01:06:00.000Z</time>
   </trkpt>
   <trkpt lat="-8.037332" lon="-34.910419">
    <ele>15.6</ele>
    <time>2021-09-16T01:06:01.000Z</time>
   </trkpt>
   <trkpt lat="-8.037203" lon="-34.910426">
    <ele>14.8</ele>
    <time>2021-09-16T01:06:02.000Z</time>
   </trkpt>
   <trkpt lat="-8.037129" lon="-34.910417">
    <ele>14.3</ele>
    <time>2021-09-16T01:06:03.000Z</time>
   </trkpt>
   <trkpt lat="-8.03705" lon="-34.910402">
    <ele>13.8</ele>
    <time>2021-09-16T01:06:04.000Z</time>
   </trkpt>
   <trkpt lat="-8.036985" lon="-34.910386">
    <ele>13.4</ele>
    <time>2021-09-16T01:06:05.000Z</time>
   </trkpt>
   <trkpt lat="-8.036909" lon="-34.910356">
    <ele>12.9</ele>
    <time>2021-09-16T01:06:07.000Z</time>
   </trkpt>
   <trkpt lat="-8.036766" lon="-34.910266">
    <ele>12</ele>
    <time>2021-09-16T01:06:08.000Z</time>
   </trkpt>
   <trkpt lat="-8.036696" lon="-34.910213">
    <ele>11.7</ele>
    <time>2021-09-16T01:06:09.000Z</time>
   </trkpt>
   <trkpt lat="-8.036625" lon="-34.910151">
    <ele>11.4</ele>
    <time>2021-09-16T01:06:10.000Z</time>
   </trkpt>
   <trkpt lat="-8.036567" lon="-34.910096">
    <ele>11.1</ele>
    <time>2021-09-16T01:06:11.000Z</time>
   </trkpt>
   <trkpt lat="-8.036506" lon="-34.910035">
    <ele>10.7</ele>
    <time>2021-09-16T01:06:13.000Z</time>
   </trkpt>
   <trkpt lat="-8.036444" lon="-34.909983">
    <ele>10.4</ele>
    <time>2021-09-16T01:06:14.000Z</time>
   </trkpt>
   <trkpt lat="-8.036377" lon="-34.909931">
    <ele>10.3</ele>
    <time>2021-09-16T01:06:15.000Z</time>
   </trkpt>
   <trkpt lat="-8.036302" lon="-34.909864">
    <ele>10.2</ele>
    <time>2021-09-16T01:06:16.000Z</time>
   </trkpt>
   <trkpt lat="-8.03623" lon="-34.909802">
    <ele>10.3</ele>
    <time>2021-09-16T01:06:17.000Z</time>
   </trkpt>
   <trkpt lat="-8.036162" lon="-34.909738">
    <ele>10.3</ele>
    <time>2021-09-16T01:06:18.000Z</time>
   </trkpt>
   <trkpt lat="-8.036096" lon="-34.909679">
    <ele>10.3</ele>
    <time>2021-09-16T01:06:19.000Z</time>
   </trkpt>
   <trkpt lat="-8.036036" lon="-34.909624">
    <ele>10.3</ele>
    <time>2021-09-16T01:06:20.000Z</time>
   </trkpt>
   <trkpt lat="-8.035977" lon="-34.909573">
    <ele>10.4</ele>
    <time>2021-09-16T01:06:21.000Z</time>
   </trkpt>
   <trkpt lat="-8.035872" lon="-34.909476">
    <ele>10.4</ele>
    <time>2021-09-16T01:06:23.000Z</time>
   </trkpt>
   <trkpt lat="-8.035779" lon="-34.909383">
    <ele>10.3</ele>
    <time>2021-09-16T01:06:24.000Z</time>
   </trkpt>
   <trkpt lat="-8.035727" lon="-34.909318">
    <ele>10.2</ele>
    <time>2021-09-16T01:06:26.000Z</time>
   </trkpt>
   <trkpt lat="-8.035644" lon="-34.909213">
    <ele>10.2</ele>
    <time>2021-09-16T01:06:27.000Z</time>
   </trkpt>
   <trkpt lat="-8.035602" lon="-34.909158">
    <ele>10.2</ele>
    <time>2021-09-16T01:06:28.000Z</time>
   </trkpt>
   <trkpt lat="-8.035557" lon="-34.909108">
    <ele>10.2</ele>
    <time>2021-09-16T01:06:30.000Z</time>
   </trkpt>
   <trkpt lat="-8.03551" lon="-34.909062">
    <ele>10.3</ele>
    <time>2021-09-16T01:06:31.000Z</time>
   </trkpt>
   <trkpt lat="-8.035421" lon="-34.908977">
    <ele>10.4</ele>
    <time>2021-09-16T01:06:33.000Z</time>
   </trkpt>
   <trkpt lat="-8.035376" lon="-34.908933">
    <ele>10.5</ele>
    <time>2021-09-16T01:06:34.000Z</time>
   </trkpt>
   <trkpt lat="-8.035297" lon="-34.908847">
    <ele>10.5</ele>
    <time>2021-09-16T01:06:36.000Z</time>
   </trkpt>
   <trkpt lat="-8.035242" lon="-34.908753">
    <ele>10.5</ele>
    <time>2021-09-16T01:06:38.000Z</time>
   </trkpt>
   <trkpt lat="-8.035215" lon="-34.908699">
    <ele>10.5</ele>
    <time>2021-09-16T01:06:39.000Z</time>
   </trkpt>
   <trkpt lat="-8.035179" lon="-34.908646">
    <ele>10.5</ele>
    <time>2021-09-16T01:06:40.000Z</time>
   </trkpt>
   <trkpt lat="-8.03512" lon="-34.908539">
    <ele>10.8</ele>
    <time>2021-09-16T01:06:42.000Z</time>
   </trkpt>
   <trkpt lat="-8.0351" lon="-34.908483">
    <ele>11</ele>
    <time>2021-09-16T01:06:43.000Z</time>
   </trkpt>
   <trkpt lat="-8.035066" lon="-34.908417">
    <ele>11.3</ele>
    <time>2021-09-16T01:06:44.000Z</time>
   </trkpt>
   <trkpt lat="-8.03505" lon="-34.908388">
    <ele>11.4</ele>
    <time>2021-09-16T01:06:46.000Z</time>
   </trkpt>
   <trkpt lat="-8.035017" lon="-34.908329">
    <ele>11.6</ele>
    <time>2021-09-16T01:06:47.000Z</time>
   </trkpt>
   <trkpt lat="-8.035001" lon="-34.908292">
    <ele>11.7</ele>
    <time>2021-09-16T01:06:49.000Z</time>
   </trkpt>
   <trkpt lat="-8.034973" lon="-34.90823">
    <ele>11.8</ele>
    <time>2021-09-16T01:06:50.000Z</time>
   </trkpt>
   <trkpt lat="-8.034944" lon="-34.908192">
    <ele>11.9</ele>
    <time>2021-09-16T01:06:52.000Z</time>
   </trkpt>
   <trkpt lat="-8.034931" lon="-34.908174">
    <ele>12</ele>
    <time>2021-09-16T01:06:53.000Z</time>
   </trkpt>
   <trkpt lat="-8.034873" lon="-34.908126">
    <ele>12.1</ele>
    <time>2021-09-16T01:06:56.000Z</time>
   </trkpt>
   <trkpt lat="-8.034852" lon="-34.908106">
    <ele>12.1</ele>
    <time>2021-09-16T01:06:58.000Z</time>
   </trkpt>
   <trkpt lat="-8.034842" lon="-34.908091">
    <ele>12.1</ele>
    <time>2021-09-16T01:06:59.000Z</time>
   </trkpt>
   <trkpt lat="-8.034948" lon="-34.908015">
    <ele>12.1</ele>
    <time>2021-09-16T01:08:03.000Z</time>
   </trkpt>
   <trkpt lat="-8.034962" lon="-34.908">
    <ele>12.1</ele>
    <time>2021-09-16T01:08:05.000Z</time>
   </trkpt>
   <trkpt lat="-8.034988" lon="-34.907962">
    <ele>12.1</ele>
    <time>2021-09-16T01:08:07.000Z</time>
   </trkpt>
   <trkpt lat="-8.035005" lon="-34.907917">
    <ele>12.1</ele>
    <time>2021-09-16T01:08:09.000Z</time>
   </trkpt>
   <trkpt lat="-8.035033" lon="-34.907884">
    <ele>12.1</ele>
    <time>2021-09-16T01:08:12.000Z</time>
   </trkpt>
   <trkpt lat="-8.03505" lon="-34.907835">
    <ele>12.2</ele>
    <time>2021-09-16T01:08:14.000Z</time>
   </trkpt>
   <trkpt lat="-8.035069" lon="-34.907764">
    <ele>12.2</ele>
    <time>2021-09-16T01:08:16.000Z</time>
   </trkpt>
   <trkpt lat="-8.0351" lon="-34.907695">
    <ele>12.2</ele>
    <time>2021-09-16T01:08:18.000Z</time>
   </trkpt>
   <trkpt lat="-8.035123" lon="-34.90766">
    <ele>12.2</ele>
    <time>2021-09-16T01:08:19.000Z</time>
   </trkpt>
   <trkpt lat="-8.035142" lon="-34.907623">
    <ele>12.2</ele>
    <time>2021-09-16T01:08:20.000Z</time>
   </trkpt>
   <trkpt lat="-8.035155" lon="-34.907585">
    <ele>12.2</ele>
    <time>2021-09-16T01:08:21.000Z</time>
   </trkpt>
   <trkpt lat="-8.035183" lon="-34.907523">
    <ele>12.2</ele>
    <time>2021-09-16T01:08:23.000Z</time>
   </trkpt>
   <trkpt lat="-8.035213" lon="-34.90747">
    <ele>12.2</ele>
    <time>2021-09-16T01:08:24.000Z</time>
   </trkpt>
   <trkpt lat="-8.035228" lon="-34.907453">
    <ele>12.2</ele>
    <time>2021-09-16T01:08:25.000Z</time>
   </trkpt>
   <trkpt lat="-8.035252" lon="-34.907402">
    <ele>12.3</ele>
    <time>2021-09-16T01:08:27.000Z</time>
   </trkpt>
   <trkpt lat="-8.035267" lon="-34.907376">
    <ele>12.3</ele>
    <time>2021-09-16T01:08:29.000Z</time>
   </trkpt>
   <trkpt lat="-8.035287" lon="-34.907348">
    <ele>12.3</ele>
    <time>2021-09-16T01:08:30.000Z</time>
   </trkpt>
   <trkpt lat="-8.035309" lon="-34.907331">
    <ele>12.3</ele>
    <time>2021-09-16T01:08:31.000Z</time>
   </trkpt>
   <trkpt lat="-8.035363" lon="-34.907296">
    <ele>12.3</ele>
    <time>2021-09-16T01:08:33.000Z</time>
   </trkpt>
   <trkpt lat="-8.035395" lon="-34.90727">
    <ele>12.3</ele>
    <time>2021-09-16T01:08:34.000Z</time>
   </trkpt>
   <trkpt lat="-8.035439" lon="-34.907226">
    <ele>12.3</ele>
    <time>2021-09-16T01:08:35.000Z</time>
   </trkpt>
   <trkpt lat="-8.035456" lon="-34.907201">
    <ele>12.4</ele>
    <time>2021-09-16T01:08:37.000Z</time>
   </trkpt>
   <trkpt lat="-8.035464" lon="-34.907177">
    <ele>12.4</ele>
    <time>2021-09-16T01:08:38.000Z</time>
   </trkpt>
   <trkpt lat="-8.035506" lon="-34.907094">
    <ele>12.4</ele>
    <time>2021-09-16T01:08:40.000Z</time>
   </trkpt>
   <trkpt lat="-8.03552" lon="-34.907062">
    <ele>12.4</ele>
    <time>2021-09-16T01:08:41.000Z</time>
   </trkpt>
   <trkpt lat="-8.035529" lon="-34.907025">
    <ele>12.4</ele>
    <time>2021-09-16T01:08:43.000Z</time>
   </trkpt>
   <trkpt lat="-8.035547" lon="-34.906959">
    <ele>12.4</ele>
    <time>2021-09-16T01:08:45.000Z</time>
   </trkpt>
   <trkpt lat="-8.035563" lon="-34.906936">
    <ele>12.4</ele>
    <time>2021-09-16T01:08:46.000Z</time>
   </trkpt>
   <trkpt lat="-8.035608" lon="-34.906889">
    <ele>12.5</ele>
    <time>2021-09-16T01:08:47.000Z</time>
   </trkpt>
   <trkpt lat="-8.035627" lon="-34.906869">
    <ele>12.5</ele>
    <time>2021-09-16T01:08:49.000Z</time>
   </trkpt>
   <trkpt lat="-8.035644" lon="-34.90685">
    <ele>12.5</ele>
    <time>2021-09-16T01:08:50.000Z</time>
   </trkpt>
   <trkpt lat="-8.035723" lon="-34.906811">
    <ele>12.5</ele>
    <time>2021-09-16T01:08:52.000Z</time>
   </trkpt>
   <trkpt lat="-8.035812" lon="-34.906764">
    <ele>12.5</ele>
    <time>2021-09-16T01:08:53.000Z</time>
   </trkpt>
   <trkpt lat="-8.035841" lon="-34.906743">
    <ele>12.5</ele>
    <time>2021-09-16T01:08:54.000Z</time>
   </trkpt>
   <trkpt lat="-8.035871" lon="-34.906727">
    <ele>12.5</ele>
    <time>2021-09-16T01:08:56.000Z</time>
   </trkpt>
   <trkpt lat="-8.035932" lon="-34.906698">
    <ele>12.5</ele>
    <time>2021-09-16T01:08:57.000Z</time>
   </trkpt>
   <trkpt lat="-8.035971" lon="-34.906674">
    <ele>12.5</ele>
    <time>2021-09-16T01:08:59.000Z</time>
   </trkpt>
   <trkpt lat="-8.035999" lon="-34.906658">
    <ele>12.5</ele>
    <time>2021-09-16T01:09:00.000Z</time>
   </trkpt>
   <trkpt lat="-8.036029" lon="-34.906647">
    <ele>12.5</ele>
    <time>2021-09-16T01:09:01.000Z</time>
   </trkpt>
   <trkpt lat="-8.036059" lon="-34.906636">
    <ele>12.6</ele>
    <time>2021-09-16T01:09:02.000Z</time>
   </trkpt>
   <trkpt lat="-8.036124" lon="-34.906605">
    <ele>12.6</ele>
    <time>2021-09-16T01:09:03.000Z</time>
   </trkpt>
   <trkpt lat="-8.036165" lon="-34.90658">
    <ele>12.6</ele>
    <time>2021-09-16T01:09:04.000Z</time>
   </trkpt>
   <trkpt lat="-8.036203" lon="-34.906555">
    <ele>12.6</ele>
    <time>2021-09-16T01:09:06.000Z</time>
   </trkpt>
   <trkpt lat="-8.036285" lon="-34.906508">
    <ele>12.6</ele>
    <time>2021-09-16T01:09:08.000Z</time>
   </trkpt>
   <trkpt lat="-8.036323" lon="-34.906492">
    <ele>12.7</ele>
    <time>2021-09-16T01:09:09.000Z</time>
   </trkpt>
   <trkpt lat="-8.036366" lon="-34.906469">
    <ele>12.7</ele>
    <time>2021-09-16T01:09:10.000Z</time>
   </trkpt>
   <trkpt lat="-8.036407" lon="-34.906447">
    <ele>12.7</ele>
    <time>2021-09-16T01:09:11.000Z</time>
   </trkpt>
   <trkpt lat="-8.036451" lon="-34.906415">
    <ele>12.8</ele>
    <time>2021-09-16T01:09:12.000Z</time>
   </trkpt>
   <trkpt lat="-8.036528" lon="-34.906375">
    <ele>12.8</ele>
    <time>2021-09-16T01:09:14.000Z</time>
   </trkpt>
   <trkpt lat="-8.036565" lon="-34.906362">
    <ele>12.8</ele>
    <time>2021-09-16T01:09:15.000Z</time>
   </trkpt>
   <trkpt lat="-8.036636" lon="-34.906338">
    <ele>12.9</ele>
    <time>2021-09-16T01:09:16.000Z</time>
   </trkpt>
   <trkpt lat="-8.036685" lon="-34.90632">
    <ele>12.9</ele>
    <time>2021-09-16T01:09:17.000Z</time>
   </trkpt>
   <trkpt lat="-8.036729" lon="-34.906301">
    <ele>12.9</ele>
    <time>2021-09-16T01:09:18.000Z</time>
   </trkpt>
   <trkpt lat="-8.036773" lon="-34.906282">
    <ele>12.9</ele>
    <time>2021-09-16T01:09:19.000Z</time>
   </trkpt>
   <trkpt lat="-8.036814" lon="-34.906255">
    <ele>12.9</ele>
    <time>2021-09-16T01:09:20.000Z</time>
   </trkpt>
   <trkpt lat="-8.036852" lon="-34.906233">
    <ele>12.9</ele>
    <time>2021-09-16T01:09:22.000Z</time>
   </trkpt>
   <trkpt lat="-8.036889" lon="-34.906208">
    <ele>12.9</ele>
    <time>2021-09-16T01:09:23.000Z</time>
   </trkpt>
   <trkpt lat="-8.036923" lon="-34.906183">
    <ele>12.9</ele>
    <time>2021-09-16T01:09:24.000Z</time>
   </trkpt>
   <trkpt lat="-8.036961" lon="-34.906163">
    <ele>12.9</ele>
    <time>2021-09-16T01:09:25.000Z</time>
   </trkpt>
   <trkpt lat="-8.037054" lon="-34.906115">
    <ele>13</ele>
    <time>2021-09-16T01:09:27.000Z</time>
   </trkpt>
   <trkpt lat="-8.037143" lon="-34.906057">
    <ele>13</ele>
    <time>2021-09-16T01:09:29.000Z</time>
   </trkpt>
   <trkpt lat="-8.037185" lon="-34.906029">
    <ele>13</ele>
    <time>2021-09-16T01:09:30.000Z</time>
   </trkpt>
   <trkpt lat="-8.037259" lon="-34.905971">
    <ele>13.1</ele>
    <time>2021-09-16T01:09:32.000Z</time>
   </trkpt>
   <trkpt lat="-8.037293" lon="-34.90594">
    <ele>13.1</ele>
    <time>2021-09-16T01:09:33.000Z</time>
   </trkpt>
   <trkpt lat="-8.037372" lon="-34.905895">
    <ele>13.1</ele>
    <time>2021-09-16T01:09:35.000Z</time>
   </trkpt>
   <trkpt lat="-8.037444" lon="-34.905858">
    <ele>13.2</ele>
    <time>2021-09-16T01:09:36.000Z</time>
   </trkpt>
   <trkpt lat="-8.037472" lon="-34.905827">
    <ele>13.2</ele>
    <time>2021-09-16T01:09:38.000Z</time>
   </trkpt>
   <trkpt lat="-8.037501" lon="-34.9058">
    <ele>13.2</ele>
    <time>2021-09-16T01:09:39.000Z</time>
   </trkpt>
   <trkpt lat="-8.037534" lon="-34.905773">
    <ele>13.2</ele>
    <time>2021-09-16T01:09:40.000Z</time>
   </trkpt>
   <trkpt lat="-8.037566" lon="-34.905748">
    <ele>13.2</ele>
    <time>2021-09-16T01:09:41.000Z</time>
   </trkpt>
   <trkpt lat="-8.03765" lon="-34.905696">
    <ele>13.2</ele>
    <time>2021-09-16T01:09:43.000Z</time>
   </trkpt>
   <trkpt lat="-8.037722" lon="-34.905658">
    <ele>13.2</ele>
    <time>2021-09-16T01:09:45.000Z</time>
   </trkpt>
   <trkpt lat="-8.037761" lon="-34.905635">
    <ele>13.2</ele>
    <time>2021-09-16T01:09:46.000Z</time>
   </trkpt>
   <trkpt lat="-8.037793" lon="-34.905607">
    <ele>13.2</ele>
    <time>2021-09-16T01:09:47.000Z</time>
   </trkpt>
   <trkpt lat="-8.037859" lon="-34.905558">
    <ele>13.2</ele>
    <time>2021-09-16T01:09:48.000Z</time>
   </trkpt>
   <trkpt lat="-8.037893" lon="-34.905543">
    <ele>13.2</ele>
    <time>2021-09-16T01:09:50.000Z</time>
   </trkpt>
   <trkpt lat="-8.037919" lon="-34.905524">
    <ele>13.2</ele>
    <time>2021-09-16T01:09:51.000Z</time>
   </trkpt>
   <trkpt lat="-8.037945" lon="-34.905509">
    <ele>13.2</ele>
    <time>2021-09-16T01:09:52.000Z</time>
   </trkpt>
   <trkpt lat="-8.03797" lon="-34.905489">
    <ele>13.2</ele>
    <time>2021-09-16T01:09:53.000Z</time>
   </trkpt>
   <trkpt lat="-8.038001" lon="-34.905468">
    <ele>13.2</ele>
    <time>2021-09-16T01:09:54.000Z</time>
   </trkpt>
   <trkpt lat="-8.03803" lon="-34.90545">
    <ele>13.2</ele>
    <time>2021-09-16T01:09:55.000Z</time>
   </trkpt>
   <trkpt lat="-8.038051" lon="-34.905428">
    <ele>13.2</ele>
    <time>2021-09-16T01:09:56.000Z</time>
   </trkpt>
   <trkpt lat="-8.0381" lon="-34.905383">
    <ele>13.2</ele>
    <time>2021-09-16T01:09:57.000Z</time>
   </trkpt>
   <trkpt lat="-8.038138" lon="-34.905343">
    <ele>13.2</ele>
    <time>2021-09-16T01:09:59.000Z</time>
   </trkpt>
   <trkpt lat="-8.038156" lon="-34.905321">
    <ele>13.1</ele>
    <time>2021-09-16T01:10:00.000Z</time>
   </trkpt>
   <trkpt lat="-8.038179" lon="-34.905311">
    <ele>13.1</ele>
    <time>2021-09-16T01:10:03.000Z</time>
   </trkpt>
   <trkpt lat="-8.038184" lon="-34.905319">
    <ele>13.1</ele>
    <time>2021-09-16T01:10:10.000Z</time>
   </trkpt>
   <trkpt lat="-8.038289" lon="-34.905264">
    <ele>13.1</ele>
    <time>2021-09-16T01:11:43.000Z</time>
   </trkpt>
   <trkpt lat="-8.038345" lon="-34.905221">
    <ele>13.1</ele>
    <time>2021-09-16T01:11:45.000Z</time>
   </trkpt>
   <trkpt lat="-8.038373" lon="-34.905202">
    <ele>13.1</ele>
    <time>2021-09-16T01:11:46.000Z</time>
   </trkpt>
   <trkpt lat="-8.038394" lon="-34.905193">
    <ele>13.1</ele>
    <time>2021-09-16T01:11:47.000Z</time>
   </trkpt>
   <trkpt lat="-8.03845" lon="-34.905167">
    <ele>13</ele>
    <time>2021-09-16T01:11:49.000Z</time>
   </trkpt>
   <trkpt lat="-8.038543" lon="-34.905112">
    <ele>13</ele>
    <time>2021-09-16T01:11:51.000Z</time>
   </trkpt>
   <trkpt lat="-8.038559" lon="-34.905083">
    <ele>13</ele>
    <time>2021-09-16T01:11:52.000Z</time>
   </trkpt>
   <trkpt lat="-8.038577" lon="-34.90505">
    <ele>13</ele>
    <time>2021-09-16T01:11:53.000Z</time>
   </trkpt>
   <trkpt lat="-8.038593" lon="-34.90502">
    <ele>13</ele>
    <time>2021-09-16T01:11:55.000Z</time>
   </trkpt>
   <trkpt lat="-8.038577" lon="-34.904938">
    <ele>12.9</ele>
    <time>2021-09-16T01:11:57.000Z</time>
   </trkpt>
   <trkpt lat="-8.038541" lon="-34.904848">
    <ele>12.8</ele>
    <time>2021-09-16T01:11:58.000Z</time>
   </trkpt>
   <trkpt lat="-8.038521" lon="-34.904807">
    <ele>12.8</ele>
    <time>2021-09-16T01:11:59.000Z</time>
   </trkpt>
   <trkpt lat="-8.038508" lon="-34.904772">
    <ele>12.8</ele>
    <time>2021-09-16T01:12:00.000Z</time>
   </trkpt>
   <trkpt lat="-8.038501" lon="-34.904734">
    <ele>12.8</ele>
    <time>2021-09-16T01:12:02.000Z</time>
   </trkpt>
   <trkpt lat="-8.038495" lon="-34.904692">
    <ele>12.8</ele>
    <time>2021-09-16T01:12:03.000Z</time>
   </trkpt>
   <trkpt lat="-8.038467" lon="-34.904604">
    <ele>12.8</ele>
    <time>2021-09-16T01:12:05.000Z</time>
   </trkpt>
   <trkpt lat="-8.038434" lon="-34.904517">
    <ele>12.8</ele>
    <time>2021-09-16T01:12:06.000Z</time>
   </trkpt>
   <trkpt lat="-8.038413" lon="-34.904474">
    <ele>12.8</ele>
    <time>2021-09-16T01:12:07.000Z</time>
   </trkpt>
   <trkpt lat="-8.038389" lon="-34.904438">
    <ele>12.8</ele>
    <time>2021-09-16T01:12:09.000Z</time>
   </trkpt>
   <trkpt lat="-8.03836" lon="-34.904401">
    <ele>12.8</ele>
    <time>2021-09-16T01:12:10.000Z</time>
   </trkpt>
   <trkpt lat="-8.038318" lon="-34.904345">
    <ele>12.8</ele>
    <time>2021-09-16T01:12:11.000Z</time>
   </trkpt>
   <trkpt lat="-8.038288" lon="-34.904306">
    <ele>12.8</ele>
    <time>2021-09-16T01:12:13.000Z</time>
   </trkpt>
   <trkpt lat="-8.038266" lon="-34.904265">
    <ele>12.8</ele>
    <time>2021-09-16T01:12:14.000Z</time>
   </trkpt>
   <trkpt lat="-8.038253" lon="-34.904226">
    <ele>12.8</ele>
    <time>2021-09-16T01:12:15.000Z</time>
   </trkpt>
   <trkpt lat="-8.038237" lon="-34.904198">
    <ele>12.8</ele>
    <time>2021-09-16T01:12:16.000Z</time>
   </trkpt>
   <trkpt lat="-8.038212" lon="-34.904125">
    <ele>12.8</ele>
    <time>2021-09-16T01:12:17.000Z</time>
   </trkpt>
   <trkpt lat="-8.038203" lon="-34.904085">
    <ele>12.8</ele>
    <time>2021-09-16T01:12:19.000Z</time>
   </trkpt>
   <trkpt lat="-8.038202" lon="-34.90405">
    <ele>12.8</ele>
    <time>2021-09-16T01:12:20.000Z</time>
   </trkpt>
   <trkpt lat="-8.038201" lon="-34.904018">
    <ele>12.7</ele>
    <time>2021-09-16T01:12:21.000Z</time>
   </trkpt>
   <trkpt lat="-8.038177" lon="-34.903941">
    <ele>12.7</ele>
    <time>2021-09-16T01:12:23.000Z</time>
   </trkpt>
   <trkpt lat="-8.038175" lon="-34.9039">
    <ele>12.7</ele>
    <time>2021-09-16T01:12:24.000Z</time>
   </trkpt>
   <trkpt lat="-8.038171" lon="-34.90381">
    <ele>12.7</ele>
    <time>2021-09-16T01:12:26.000Z</time>
   </trkpt>
   <trkpt lat="-8.038145" lon="-34.903721">
    <ele>12.7</ele>
    <time>2021-09-16T01:12:27.000Z</time>
   </trkpt>
   <trkpt lat="-8.03814" lon="-34.903677">
    <ele>12.7</ele>
    <time>2021-09-16T01:12:29.000Z</time>
   </trkpt>
   <trkpt lat="-8.038092" lon="-34.903588">
    <ele>12.8</ele>
    <time>2021-09-16T01:12:31.000Z</time>
   </trkpt>
   <trkpt lat="-8.038055" lon="-34.903496">
    <ele>12.8</ele>
    <time>2021-09-16T01:12:33.000Z</time>
   </trkpt>
   <trkpt lat="-8.038034" lon="-34.903457">
    <ele>12.8</ele>
    <time>2021-09-16T01:12:34.000Z</time>
   </trkpt>
   <trkpt lat="-8.038024" lon="-34.903418">
    <ele>12.9</ele>
    <time>2021-09-16T01:12:35.000Z</time>
   </trkpt>
   <trkpt lat="-8.037992" lon="-34.903345">
    <ele>12.9</ele>
    <time>2021-09-16T01:12:37.000Z</time>
   </trkpt>
   <trkpt lat="-8.037945" lon="-34.903248">
    <ele>12.9</ele>
    <time>2021-09-16T01:12:39.000Z</time>
   </trkpt>
   <trkpt lat="-8.037924" lon="-34.903208">
    <ele>12.9</ele>
    <time>2021-09-16T01:12:40.000Z</time>
   </trkpt>
   <trkpt lat="-8.037903" lon="-34.903139">
    <ele>12.9</ele>
    <time>2021-09-16T01:12:42.000Z</time>
   </trkpt>
   <trkpt lat="-8.03789" lon="-34.903108">
    <ele>12.9</ele>
    <time>2021-09-16T01:12:43.000Z</time>
   </trkpt>
   <trkpt lat="-8.037872" lon="-34.903075">
    <ele>12.9</ele>
    <time>2021-09-16T01:12:44.000Z</time>
   </trkpt>
   <trkpt lat="-8.037856" lon="-34.903043">
    <ele>13</ele>
    <time>2021-09-16T01:12:45.000Z</time>
   </trkpt>
   <trkpt lat="-8.037808" lon="-34.902979">
    <ele>13</ele>
    <time>2021-09-16T01:12:47.000Z</time>
   </trkpt>
   <trkpt lat="-8.037764" lon="-34.902914">
    <ele>13</ele>
    <time>2021-09-16T01:12:49.000Z</time>
   </trkpt>
   <trkpt lat="-8.037734" lon="-34.902881">
    <ele>13</ele>
    <time>2021-09-16T01:12:50.000Z</time>
   </trkpt>
   <trkpt lat="-8.03766" lon="-34.902813">
    <ele>13</ele>
    <time>2021-09-16T01:12:52.000Z</time>
   </trkpt>
   <trkpt lat="-8.037584" lon="-34.902743">
    <ele>13</ele>
    <time>2021-09-16T01:12:53.000Z</time>
   </trkpt>
   <trkpt lat="-8.037556" lon="-34.902706">
    <ele>13</ele>
    <time>2021-09-16T01:12:55.000Z</time>
   </trkpt>
   <trkpt lat="-8.037516" lon="-34.902631">
    <ele>13</ele>
    <time>2021-09-16T01:12:57.000Z</time>
   </trkpt>
   <trkpt lat="-8.037466" lon="-34.902537">
    <ele>13</ele>
    <time>2021-09-16T01:12:59.000Z</time>
   </trkpt>
   <trkpt lat="-8.037417" lon="-34.902489">
    <ele>13.1</ele>
    <time>2021-09-16T01:13:00.000Z</time>
   </trkpt>
   <trkpt lat="-8.037376" lon="-34.902451">
    <ele>13.1</ele>
    <time>2021-09-16T01:13:01.000Z</time>
   </trkpt>
   <trkpt lat="-8.037344" lon="-34.902412">
    <ele>13.1</ele>
    <time>2021-09-16T01:13:02.000Z</time>
   </trkpt>
   <trkpt lat="-8.037319" lon="-34.902365">
    <ele>13.1</ele>
    <time>2021-09-16T01:13:03.000Z</time>
   </trkpt>
   <trkpt lat="-8.037292" lon="-34.902316">
    <ele>13.2</ele>
    <time>2021-09-16T01:13:04.000Z</time>
   </trkpt>
   <trkpt lat="-8.037256" lon="-34.902269">
    <ele>13.2</ele>
    <time>2021-09-16T01:13:05.000Z</time>
   </trkpt>
   <trkpt lat="-8.037225" lon="-34.902202">
    <ele>13.2</ele>
    <time>2021-09-16T01:13:07.000Z</time>
   </trkpt>
   <trkpt lat="-8.037188" lon="-34.902144">
    <ele>13.2</ele>
    <time>2021-09-16T01:13:09.000Z</time>
   </trkpt>
   <trkpt lat="-8.037161" lon="-34.90211">
    <ele>13.2</ele>
    <time>2021-09-16T01:13:10.000Z</time>
   </trkpt>
   <trkpt lat="-8.037116" lon="-34.902049">
    <ele>13.2</ele>
    <time>2021-09-16T01:13:12.000Z</time>
   </trkpt>
   <trkpt lat="-8.037093" lon="-34.902014">
    <ele>13.1</ele>
    <time>2021-09-16T01:13:13.000Z</time>
   </trkpt>
   <trkpt lat="-8.037084" lon="-34.90192">
    <ele>13.1</ele>
    <time>2021-09-16T01:13:15.000Z</time>
   </trkpt>
   <trkpt lat="-8.037068" lon="-34.901842">
    <ele>13</ele>
    <time>2021-09-16T01:13:17.000Z</time>
   </trkpt>
   <trkpt lat="-8.037054" lon="-34.901803">
    <ele>13</ele>
    <time>2021-09-16T01:13:19.000Z</time>
   </trkpt>
   <trkpt lat="-8.03705" lon="-34.901758">
    <ele>13</ele>
    <time>2021-09-16T01:13:21.000Z</time>
   </trkpt>
   <trkpt lat="-8.037029" lon="-34.90171">
    <ele>13</ele>
    <time>2021-09-16T01:13:22.000Z</time>
   </trkpt>
   <trkpt lat="-8.037014" lon="-34.901693">
    <ele>13</ele>
    <time>2021-09-16T01:13:24.000Z</time>
   </trkpt>
   <trkpt lat="-8.036985" lon="-34.901675">
    <ele>12.9</ele>
    <time>2021-09-16T01:13:28.000Z</time>
   </trkpt>
   <trkpt lat="-8.036928" lon="-34.901545">
    <ele>12.9</ele>
    <time>2021-09-16T01:13:45.000Z</time>
   </trkpt>
   <trkpt lat="-8.036909" lon="-34.901528">
    <ele>12.9</ele>
    <time>2021-09-16T01:13:47.000Z</time>
   </trkpt>
   <trkpt lat="-8.0369" lon="-34.901455">
    <ele>12.8</ele>
    <time>2021-09-16T01:13:51.000Z</time>
   </trkpt>
   <trkpt lat="-8.036891" lon="-34.90143">
    <ele>12.8</ele>
    <time>2021-09-16T01:13:53.000Z</time>
   </trkpt>
   <trkpt lat="-8.036876" lon="-34.901382">
    <ele>12.7</ele>
    <time>2021-09-16T01:13:55.000Z</time>
   </trkpt>
   <trkpt lat="-8.036838" lon="-34.901313">
    <ele>12.7</ele>
    <time>2021-09-16T01:13:57.000Z</time>
   </trkpt>
   <trkpt lat="-8.036773" lon="-34.901215">
    <ele>12.6</ele>
    <time>2021-09-16T01:13:59.000Z</time>
   </trkpt>
   <trkpt lat="-8.036741" lon="-34.90113">
    <ele>12.5</ele>
    <time>2021-09-16T01:14:01.000Z</time>
   </trkpt>
   <trkpt lat="-8.036718" lon="-34.901082">
    <ele>12.5</ele>
    <time>2021-09-16T01:14:02.000Z</time>
   </trkpt>
   <trkpt lat="-8.036677" lon="-34.900973">
    <ele>12.4</ele>
    <time>2021-09-16T01:14:04.000Z</time>
   </trkpt>
   <trkpt lat="-8.036651" lon="-34.900922">
    <ele>12.4</ele>
    <time>2021-09-16T01:14:05.000Z</time>
   </trkpt>
   <trkpt lat="-8.036658" lon="-34.900838">
    <ele>12.3</ele>
    <time>2021-09-16T01:14:06.000Z</time>
   </trkpt>
   <trkpt lat="-8.036661" lon="-34.900766">
    <ele>12.3</ele>
    <time>2021-09-16T01:14:07.000Z</time>
   </trkpt>
   <trkpt lat="-8.036637" lon="-34.900662">
    <ele>12.3</ele>
    <time>2021-09-16T01:14:09.000Z</time>
   </trkpt>
   <trkpt lat="-8.036592" lon="-34.900586">
    <ele>12.2</ele>
    <time>2021-09-16T01:14:11.000Z</time>
   </trkpt>
   <trkpt lat="-8.036515" lon="-34.900569">
    <ele>12.2</ele>
    <time>2021-09-16T01:14:13.000Z</time>
   </trkpt>
   <trkpt lat="-8.036488" lon="-34.90059">
    <ele>12</ele>
    <time>2021-09-16T01:14:14.000Z</time>
   </trkpt>
   <trkpt lat="-8.03641" lon="-34.900564">
    <ele>11.6</ele>
    <time>2021-09-16T01:14:15.000Z</time>
   </trkpt>
   <trkpt lat="-8.036371" lon="-34.900581">
    <ele>11.6</ele>
    <time>2021-09-16T01:14:16.000Z</time>
   </trkpt>
   <trkpt lat="-8.036341" lon="-34.900591">
    <ele>11.4</ele>
    <time>2021-09-16T01:14:17.000Z</time>
   </trkpt>
   <trkpt lat="-8.036264" lon="-34.900588">
    <ele>11</ele>
    <time>2021-09-16T01:14:19.000Z</time>
   </trkpt>
   <trkpt lat="-8.036242" lon="-34.900592">
    <ele>11</ele>
    <time>2021-09-16T01:14:20.000Z</time>
   </trkpt>
   <trkpt lat="-8.036218" lon="-34.900618">
    <ele>11.1</ele>
    <time>2021-09-16T01:14:21.000Z</time>
   </trkpt>
   <trkpt lat="-8.03607" lon="-34.900703">
    <ele>11.6</ele>
    <time>2021-09-16T01:14:26.000Z</time>
   </trkpt>
   <trkpt lat="-8.03606" lon="-34.900711">
    <ele>11.6</ele>
    <time>2021-09-16T01:14:27.000Z</time>
   </trkpt>
   <trkpt lat="-8.03599" lon="-34.900724">
    <ele>11.3</ele>
    <time>2021-09-16T01:14:29.000Z</time>
   </trkpt>
   <trkpt lat="-8.035936" lon="-34.90073">
    <ele>10.3</ele>
    <time>2021-09-16T01:14:30.000Z</time>
   </trkpt>
   <trkpt lat="-8.035914" lon="-34.900727">
    <ele>10.3</ele>
    <time>2021-09-16T01:14:31.000Z</time>
   </trkpt>
   <trkpt lat="-8.035853" lon="-34.900682">
    <ele>9.3</ele>
    <time>2021-09-16T01:14:33.000Z</time>
   </trkpt>
   <trkpt lat="-8.035806" lon="-34.900648">
    <ele>9.1</ele>
    <time>2021-09-16T01:14:35.000Z</time>
   </trkpt>
   <trkpt lat="-8.035724" lon="-34.9006">
    <ele>8.1</ele>
    <time>2021-09-16T01:14:37.000Z</time>
   </trkpt>
   <trkpt lat="-8.035651" lon="-34.900526">
    <ele>8.1</ele>
    <time>2021-09-16T01:14:38.000Z</time>
   </trkpt>
   <trkpt lat="-8.035602" lon="-34.900459">
    <ele>9.1</ele>
    <time>2021-09-16T01:14:40.000Z</time>
   </trkpt>
   <trkpt lat="-8.035575" lon="-34.900418">
    <ele>9.5</ele>
    <time>2021-09-16T01:14:41.000Z</time>
   </trkpt>
   <trkpt lat="-8.035557" lon="-34.900392">
    <ele>9.8</ele>
    <time>2021-09-16T01:14:42.000Z</time>
   </trkpt>
   <trkpt lat="-8.035532" lon="-34.90037">
    <ele>10.5</ele>
    <time>2021-09-16T01:14:44.000Z</time>
   </trkpt>
   <trkpt lat="-8.035427" lon="-34.90036">
    <ele>11.8</ele>
    <time>2021-09-16T01:14:47.000Z</time>
   </trkpt>
   <trkpt lat="-8.035352" lon="-34.90034">
    <ele>12.8</ele>
    <time>2021-09-16T01:14:49.000Z</time>
   </trkpt>
   <trkpt lat="-8.035261" lon="-34.90033">
    <ele>14.3</ele>
    <time>2021-09-16T01:14:51.000Z</time>
   </trkpt>
   <trkpt lat="-8.035083" lon="-34.900244">
    <ele>17.3</ele>
    <time>2021-09-16T01:14:52.000Z</time>
   </trkpt>
   <trkpt lat="-8.034972" lon="-34.900109">
    <ele>18.8</ele>
    <time>2021-09-16T01:14:55.000Z</time>
   </trkpt>
   <trkpt lat="-8.034958" lon="-34.900066">
    <ele>18.8</ele>
    <time>2021-09-16T01:14:57.000Z</time>
   </trkpt>
   <trkpt lat="-8.034939" lon="-34.900021">
    <ele>18.7</ele>
    <time>2021-09-16T01:14:58.000Z</time>
   </trkpt>
   <trkpt lat="-8.034919" lon="-34.899945">
    <ele>18</ele>
    <time>2021-09-16T01:14:59.000Z</time>
   </trkpt>
   <trkpt lat="-8.034907" lon="-34.899913">
    <ele>17.8</ele>
    <time>2021-09-16T01:15:01.000Z</time>
   </trkpt>
   <trkpt lat="-8.034893" lon="-34.899882">
    <ele>17.8</ele>
    <time>2021-09-16T01:15:02.000Z</time>
   </trkpt>
   <trkpt lat="-8.034859" lon="-34.899801">
    <ele>16.7</ele>
    <time>2021-09-16T01:15:03.000Z</time>
   </trkpt>
   <trkpt lat="-8.03485" lon="-34.899777">
    <ele>16.3</ele>
    <time>2021-09-16T01:15:04.000Z</time>
   </trkpt>
   <trkpt lat="-8.034827" lon="-34.899717">
    <ele>15.6</ele>
    <time>2021-09-16T01:15:06.000Z</time>
   </trkpt>
   <trkpt lat="-8.034817" lon="-34.899688">
    <ele>15.6</ele>
    <time>2021-09-16T01:15:08.000Z</time>
   </trkpt>
   <trkpt lat="-8.03481" lon="-34.899657">
    <ele>15.9</ele>
    <time>2021-09-16T01:15:09.000Z</time>
   </trkpt>
   <trkpt lat="-8.034788" lon="-34.899623">
    <ele>15.9</ele>
    <time>2021-09-16T01:15:10.000Z</time>
   </trkpt>
   <trkpt lat="-8.034772" lon="-34.899569">
    <ele>16.5</ele>
    <time>2021-09-16T01:15:11.000Z</time>
   </trkpt>
   <trkpt lat="-8.034766" lon="-34.899508">
    <ele>16.5</ele>
    <time>2021-09-16T01:15:13.000Z</time>
   </trkpt>
   <trkpt lat="-8.034764" lon="-34.899478">
    <ele>16.4</ele>
    <time>2021-09-16T01:15:15.000Z</time>
   </trkpt>
   <trkpt lat="-8.034755" lon="-34.899399">
    <ele>16.1</ele>
    <time>2021-09-16T01:15:17.000Z</time>
   </trkpt>
   <trkpt lat="-8.034751" lon="-34.899378">
    <ele>16.4</ele>
    <time>2021-09-16T01:15:18.000Z</time>
   </trkpt>
   <trkpt lat="-8.034713" lon="-34.899338">
    <ele>16.2</ele>
    <time>2021-09-16T01:15:20.000Z</time>
   </trkpt>
   <trkpt lat="-8.034637" lon="-34.89931">
    <ele>16.4</ele>
    <time>2021-09-16T01:15:23.000Z</time>
   </trkpt>
   <trkpt lat="-8.034614" lon="-34.89928">
    <ele>16.5</ele>
    <time>2021-09-16T01:15:25.000Z</time>
   </trkpt>
   <trkpt lat="-8.034566" lon="-34.899197">
    <ele>16.5</ele>
    <time>2021-09-16T01:15:27.000Z</time>
   </trkpt>
   <trkpt lat="-8.034603" lon="-34.89918">
    <ele>15.8</ele>
    <time>2021-09-16T01:15:29.000Z</time>
   </trkpt>
   <trkpt lat="-8.034683" lon="-34.899137">
    <ele>14.6</ele>
    <time>2021-09-16T01:15:31.000Z</time>
   </trkpt>
   <trkpt lat="-8.034728" lon="-34.899123">
    <ele>14.2</ele>
    <time>2021-09-16T01:15:32.000Z</time>
   </trkpt>
   <trkpt lat="-8.034766" lon="-34.899103">
    <ele>13.8</ele>
    <time>2021-09-16T01:15:33.000Z</time>
   </trkpt>
   <trkpt lat="-8.034731" lon="-34.899078">
    <ele>13.6</ele>
    <time>2021-09-16T01:15:34.000Z</time>
   </trkpt>
   <trkpt lat="-8.034771" lon="-34.899047">
    <ele>12.7</ele>
    <time>2021-09-16T01:15:35.000Z</time>
   </trkpt>
   <trkpt lat="-8.034813" lon="-34.899024">
    <ele>12.4</ele>
    <time>2021-09-16T01:15:36.000Z</time>
   </trkpt>
   <trkpt lat="-8.034841" lon="-34.899017">
    <ele>12.2</ele>
    <time>2021-09-16T01:15:38.000Z</time>
   </trkpt>
   <trkpt lat="-8.034443" lon="-34.899307">
    <ele>18.2</ele>
    <time>2021-09-16T01:15:43.000Z</time>
   </trkpt>
   <trkpt lat="-8.034434" lon="-34.899276">
    <ele>18.2</ele>
    <time>2021-09-16T01:15:44.000Z</time>
   </trkpt>
   <trkpt lat="-8.034379" lon="-34.899198">
    <ele>18</ele>
    <time>2021-09-16T01:15:45.000Z</time>
   </trkpt>
   <trkpt lat="-8.03435" lon="-34.899162">
    <ele>17.6</ele>
    <time>2021-09-16T01:15:47.000Z</time>
   </trkpt>
   <trkpt lat="-8.034342" lon="-34.899132">
    <ele>16.9</ele>
    <time>2021-09-16T01:15:48.000Z</time>
   </trkpt>
   <trkpt lat="-8.034352" lon="-34.899102">
    <ele>17</ele>
    <time>2021-09-16T01:15:49.000Z</time>
   </trkpt>
   <trkpt lat="-8.03437" lon="-34.899083">
    <ele>16.2</ele>
    <time>2021-09-16T01:15:50.000Z</time>
   </trkpt>
   <trkpt lat="-8.034424" lon="-34.899013">
    <ele>14.1</ele>
    <time>2021-09-16T01:15:52.000Z</time>
   </trkpt>
   <trkpt lat="-8.034384" lon="-34.898969">
    <ele>13.4</ele>
    <time>2021-09-16T01:15:53.000Z</time>
   </trkpt>
   <trkpt lat="-8.034399" lon="-34.898952">
    <ele>13.4</ele>
    <time>2021-09-16T01:15:54.000Z</time>
   </trkpt>
   <trkpt lat="-8.034437" lon="-34.898904">
    <ele>12.2</ele>
    <time>2021-09-16T01:15:58.000Z</time>
   </trkpt>
   <trkpt lat="-8.034441" lon="-34.898911">
    <ele>12.3</ele>
    <time>2021-09-16T01:15:59.000Z</time>
   </trkpt>
   <trkpt lat="-8.034402" lon="-34.898961">
    <ele>13.5</ele>
    <time>2021-09-16T01:16:03.000Z</time>
   </trkpt>
   <trkpt lat="-8.034336" lon="-34.898954">
    <ele>13.8</ele>
    <time>2021-09-16T01:16:05.000Z</time>
   </trkpt>
   <trkpt lat="-8.034307" lon="-34.898951">
    <ele>14.1</ele>
    <time>2021-09-16T01:16:06.000Z</time>
   </trkpt>
   <trkpt lat="-8.034264" lon="-34.898946">
    <ele>14.4</ele>
    <time>2021-09-16T01:16:07.000Z</time>
   </trkpt>
   <trkpt lat="-8.034188" lon="-34.898938">
    <ele>14.9</ele>
    <time>2021-09-16T01:16:09.000Z</time>
   </trkpt>
   <trkpt lat="-8.034182" lon="-34.898905">
    <ele>13.9</ele>
    <time>2021-09-16T01:16:11.000Z</time>
   </trkpt>
   <trkpt lat="-8.034165" lon="-34.898874">
    <ele>13</ele>
    <time>2021-09-16T01:16:14.000Z</time>
   </trkpt>
   <trkpt lat="-8.034034" lon="-34.898782">
    <ele>12.4</ele>
    <time>2021-09-16T01:16:30.000Z</time>
   </trkpt>
   <trkpt lat="-8.034078" lon="-34.898722">
    <ele>11.4</ele>
    <time>2021-09-16T01:16:33.000Z</time>
   </trkpt>
   <trkpt lat="-8.034088" lon="-34.898684">
    <ele>10.8</ele>
    <time>2021-09-16T01:16:34.000Z</time>
   </trkpt>
   <trkpt lat="-8.034092" lon="-34.898649">
    <ele>10.5</ele>
    <time>2021-09-16T01:16:35.000Z</time>
   </trkpt>
   <trkpt lat="-8.034094" lon="-34.898614">
    <ele>10.6</ele>
    <time>2021-09-16T01:16:36.000Z</time>
   </trkpt>
   <trkpt lat="-8.03409" lon="-34.898587">
    <ele>10.6</ele>
    <time>2021-09-16T01:16:38.000Z</time>
   </trkpt>
   <trkpt lat="-8.034068" lon="-34.89855">
    <ele>11.1</ele>
    <time>2021-09-16T01:16:40.000Z</time>
   </trkpt>
   <trkpt lat="-8.034064" lon="-34.898504">
    <ele>11.1</ele>
    <time>2021-09-16T01:16:41.000Z</time>
   </trkpt>
   <trkpt lat="-8.034061" lon="-34.898451">
    <ele>11.5</ele>
    <time>2021-09-16T01:16:44.000Z</time>
   </trkpt>
   <trkpt lat="-8.034059" lon="-34.898408">
    <ele>11.8</ele>
    <time>2021-09-16T01:16:46.000Z</time>
   </trkpt>
   <trkpt lat="-8.034078" lon="-34.898376">
    <ele>11.4</ele>
    <time>2021-09-16T01:16:48.000Z</time>
   </trkpt>
   <trkpt lat="-8.034174" lon="-34.898227">
    <ele>11.4</ele>
    <time>2021-09-16T01:16:51.000Z</time>
   </trkpt>
   <trkpt lat="-8.034185" lon="-34.898202">
    <ele>11.4</ele>
    <time>2021-09-16T01:16:53.000Z</time>
   </trkpt>
   <trkpt lat="-8.034083" lon="-34.897991">
    <ele>12.8</ele>
    <time>2021-09-16T01:19:31.000Z</time>
   </trkpt>
   <trkpt lat="-8.034115" lon="-34.897987">
    <ele>12.8</ele>
    <time>2021-09-16T01:19:37.000Z</time>
   </trkpt>
   <trkpt lat="-8.033995" lon="-34.897922">
    <ele>13.9</ele>
    <time>2021-09-16T01:19:51.000Z</time>
   </trkpt>
   <trkpt lat="-8.033964" lon="-34.897907">
    <ele>14.4</ele>
    <time>2021-09-16T01:19:54.000Z</time>
   </trkpt>
   <trkpt lat="-8.033909" lon="-34.897895">
    <ele>14.9</ele>
    <time>2021-09-16T01:19:56.000Z</time>
   </trkpt>
   <trkpt lat="-8.033903" lon="-34.897883">
    <ele>15.5</ele>
    <time>2021-09-16T01:19:59.000Z</time>
   </trkpt>
   <trkpt lat="-8.03429" lon="-34.898152">
    <ele>10.6</ele>
    <time>2021-09-16T01:24:16.000Z</time>
   </trkpt>
   <trkpt lat="-8.034286" lon="-34.89816">
    <ele>10.9</ele>
    <time>2021-09-16T01:24:24.000Z</time>
   </trkpt>
   <trkpt lat="-8.03425" lon="-34.89814">
    <ele>11.1</ele>
    <time>2021-09-16T01:24:27.000Z</time>
   </trkpt>
   <trkpt lat="-8.034216" lon="-34.898254">
    <ele>11</ele>
    <time>2021-09-16T01:25:41.000Z</time>
   </trkpt>
   <trkpt lat="-8.034292" lon="-34.89827">
    <ele>11</ele>
    <time>2021-09-16T01:25:43.000Z</time>
   </trkpt>
   <trkpt lat="-8.034314" lon="-34.898272">
    <ele>11</ele>
    <time>2021-09-16T01:25:44.000Z</time>
   </trkpt>
   <trkpt lat="-8.034419" lon="-34.898301">
    <ele>11.1</ele>
    <time>2021-09-16T01:25:47.000Z</time>
   </trkpt>
   <trkpt lat="-8.034457" lon="-34.898305">
    <ele>11.1</ele>
    <time>2021-09-16T01:25:48.000Z</time>
   </trkpt>
   <trkpt lat="-8.0345" lon="-34.898288">
    <ele>11.2</ele>
    <time>2021-09-16T01:25:50.000Z</time>
   </trkpt>
   <trkpt lat="-8.034558" lon="-34.89828">
    <ele>11.2</ele>
    <time>2021-09-16T01:25:52.000Z</time>
   </trkpt>
   <trkpt lat="-8.034593" lon="-34.898275">
    <ele>11.2</ele>
    <time>2021-09-16T01:25:54.000Z</time>
   </trkpt>
   <trkpt lat="-8.034615" lon="-34.898304">
    <ele>11.3</ele>
    <time>2021-09-16T01:25:55.000Z</time>
   </trkpt>
   <trkpt lat="-8.03466" lon="-34.898327">
    <ele>11.3</ele>
    <time>2021-09-16T01:25:57.000Z</time>
   </trkpt>
   <trkpt lat="-8.034738" lon="-34.898354">
    <ele>11.4</ele>
    <time>2021-09-16T01:26:00.000Z</time>
   </trkpt>
   <trkpt lat="-8.034781" lon="-34.898369">
    <ele>11.4</ele>
    <time>2021-09-16T01:26:01.000Z</time>
   </trkpt>
   <trkpt lat="-8.034847" lon="-34.898387">
    <ele>11.4</ele>
    <time>2021-09-16T01:26:02.000Z</time>
   </trkpt>
   <trkpt lat="-8.034908" lon="-34.898392">
    <ele>11.5</ele>
    <time>2021-09-16T01:26:04.000Z</time>
   </trkpt>
   <trkpt lat="-8.034955" lon="-34.8984">
    <ele>11.5</ele>
    <time>2021-09-16T01:26:05.000Z</time>
   </trkpt>
   <trkpt lat="-8.034987" lon="-34.898408">
    <ele>11.6</ele>
    <time>2021-09-16T01:26:07.000Z</time>
   </trkpt>
   <trkpt lat="-8.035036" lon="-34.898432">
    <ele>11.6</ele>
    <time>2021-09-16T01:26:09.000Z</time>
   </trkpt>
   <trkpt lat="-8.035073" lon="-34.898456">
    <ele>11.6</ele>
    <time>2021-09-16T01:26:11.000Z</time>
   </trkpt>
   <trkpt lat="-8.035105" lon="-34.898469">
    <ele>11.7</ele>
    <time>2021-09-16T01:26:13.000Z</time>
   </trkpt>
   <trkpt lat="-8.035149" lon="-34.898453">
    <ele>11.7</ele>
    <time>2021-09-16T01:26:16.000Z</time>
   </trkpt>
   <trkpt lat="-8.035185" lon="-34.898391">
    <ele>11.8</ele>
    <time>2021-09-16T01:26:18.000Z</time>
   </trkpt>
   <trkpt lat="-8.035213" lon="-34.898331">
    <ele>11.9</ele>
    <time>2021-09-16T01:26:22.000Z</time>
   </trkpt>
   <trkpt lat="-8.03523" lon="-34.898305">
    <ele>11.9</ele>
    <time>2021-09-16T01:26:23.000Z</time>
   </trkpt>
   <trkpt lat="-8.035262" lon="-34.898231">
    <ele>11.9</ele>
    <time>2021-09-16T01:26:24.000Z</time>
   </trkpt>
   <trkpt lat="-8.035269" lon="-34.898207">
    <ele>11.9</ele>
    <time>2021-09-16T01:26:26.000Z</time>
   </trkpt>
   <trkpt lat="-8.035283" lon="-34.898129">
    <ele>11.8</ele>
    <time>2021-09-16T01:26:28.000Z</time>
   </trkpt>
   <trkpt lat="-8.035291" lon="-34.898088">
    <ele>11.8</ele>
    <time>2021-09-16T01:26:29.000Z</time>
   </trkpt>
   <trkpt lat="-8.035309" lon="-34.897988">
    <ele>11.8</ele>
    <time>2021-09-16T01:26:31.000Z</time>
   </trkpt>
   <trkpt lat="-8.035326" lon="-34.897907">
    <ele>11.7</ele>
    <time>2021-09-16T01:26:33.000Z</time>
   </trkpt>
   <trkpt lat="-8.035341" lon="-34.89787">
    <ele>11.7</ele>
    <time>2021-09-16T01:26:34.000Z</time>
   </trkpt>
   <trkpt lat="-8.03539" lon="-34.8978">
    <ele>11.7</ele>
    <time>2021-09-16T01:26:36.000Z</time>
   </trkpt>
   <trkpt lat="-8.035409" lon="-34.897777">
    <ele>11.7</ele>
    <time>2021-09-16T01:26:37.000Z</time>
   </trkpt>
   <trkpt lat="-8.035442" lon="-34.897723">
    <ele>11.7</ele>
    <time>2021-09-16T01:26:38.000Z</time>
   </trkpt>
   <trkpt lat="-8.035452" lon="-34.897702">
    <ele>11.7</ele>
    <time>2021-09-16T01:26:40.000Z</time>
   </trkpt>
   <trkpt lat="-8.035482" lon="-34.897653">
    <ele>11.7</ele>
    <time>2021-09-16T01:26:42.000Z</time>
   </trkpt>
   <trkpt lat="-8.035492" lon="-34.897626">
    <ele>11.7</ele>
    <time>2021-09-16T01:26:43.000Z</time>
   </trkpt>
   <trkpt lat="-8.035511" lon="-34.897573">
    <ele>11.7</ele>
    <time>2021-09-16T01:26:45.000Z</time>
   </trkpt>
   <trkpt lat="-8.03555" lon="-34.897479">
    <ele>11.7</ele>
    <time>2021-09-16T01:26:48.000Z</time>
   </trkpt>
   <trkpt lat="-8.035575" lon="-34.897416">
    <ele>11.7</ele>
    <time>2021-09-16T01:26:50.000Z</time>
   </trkpt>
   <trkpt lat="-8.035585" lon="-34.897377">
    <ele>11.7</ele>
    <time>2021-09-16T01:26:51.000Z</time>
   </trkpt>
   <trkpt lat="-8.035603" lon="-34.897303">
    <ele>11.7</ele>
    <time>2021-09-16T01:26:52.000Z</time>
   </trkpt>
   <trkpt lat="-8.03562" lon="-34.897259">
    <ele>11.7</ele>
    <time>2021-09-16T01:26:54.000Z</time>
   </trkpt>
   <trkpt lat="-8.035627" lon="-34.897222">
    <ele>11.7</ele>
    <time>2021-09-16T01:26:55.000Z</time>
   </trkpt>
   <trkpt lat="-8.035629" lon="-34.897181">
    <ele>11.6</ele>
    <time>2021-09-16T01:26:56.000Z</time>
   </trkpt>
   <trkpt lat="-8.035633" lon="-34.897154">
    <ele>11.6</ele>
    <time>2021-09-16T01:26:57.000Z</time>
   </trkpt>
   <trkpt lat="-8.035648" lon="-34.897107">
    <ele>11.6</ele>
    <time>2021-09-16T01:26:59.000Z</time>
   </trkpt>
   <trkpt lat="-8.035674" lon="-34.897025">
    <ele>11.6</ele>
    <time>2021-09-16T01:27:00.000Z</time>
   </trkpt>
   <trkpt lat="-8.035678" lon="-34.896987">
    <ele>11.6</ele>
    <time>2021-09-16T01:27:02.000Z</time>
   </trkpt>
   <trkpt lat="-8.035684" lon="-34.896954">
    <ele>11.6</ele>
    <time>2021-09-16T01:27:03.000Z</time>
   </trkpt>
   <trkpt lat="-8.035683" lon="-34.896877">
    <ele>11.6</ele>
    <time>2021-09-16T01:27:04.000Z</time>
   </trkpt>
   <trkpt lat="-8.035701" lon="-34.896823">
    <ele>11.6</ele>
    <time>2021-09-16T01:27:05.000Z</time>
   </trkpt>
   <trkpt lat="-8.035706" lon="-34.89679">
    <ele>11.6</ele>
    <time>2021-09-16T01:27:07.000Z</time>
   </trkpt>
   <trkpt lat="-8.035708" lon="-34.896712">
    <ele>11.6</ele>
    <time>2021-09-16T01:27:09.000Z</time>
   </trkpt>
   <trkpt lat="-8.035715" lon="-34.896672">
    <ele>11.6</ele>
    <time>2021-09-16T01:27:10.000Z</time>
   </trkpt>
   <trkpt lat="-8.035756" lon="-34.896587">
    <ele>11.5</ele>
    <time>2021-09-16T01:27:12.000Z</time>
   </trkpt>
   <trkpt lat="-8.0358" lon="-34.896512">
    <ele>11.6</ele>
    <time>2021-09-16T01:27:14.000Z</time>
   </trkpt>
   <trkpt lat="-8.035818" lon="-34.896482">
    <ele>11.6</ele>
    <time>2021-09-16T01:27:15.000Z</time>
   </trkpt>
   <trkpt lat="-8.035858" lon="-34.89642">
    <ele>11.6</ele>
    <time>2021-09-16T01:27:17.000Z</time>
   </trkpt>
   <trkpt lat="-8.035893" lon="-34.89637">
    <ele>11.6</ele>
    <time>2021-09-16T01:27:18.000Z</time>
   </trkpt>
   <trkpt lat="-8.035919" lon="-34.896285">
    <ele>11.6</ele>
    <time>2021-09-16T01:27:19.000Z</time>
   </trkpt>
   <trkpt lat="-8.035932" lon="-34.896239">
    <ele>11.6</ele>
    <time>2021-09-16T01:27:20.000Z</time>
   </trkpt>
   <trkpt lat="-8.03595" lon="-34.896185">
    <ele>11.6</ele>
    <time>2021-09-16T01:27:22.000Z</time>
   </trkpt>
   <trkpt lat="-8.035969" lon="-34.896149">
    <ele>11.6</ele>
    <time>2021-09-16T01:27:23.000Z</time>
   </trkpt>
   <trkpt lat="-8.035996" lon="-34.896109">
    <ele>11.6</ele>
    <time>2021-09-16T01:27:24.000Z</time>
   </trkpt>
   <trkpt lat="-8.036027" lon="-34.896023">
    <ele>11.5</ele>
    <time>2021-09-16T01:27:26.000Z</time>
   </trkpt>
   <trkpt lat="-8.036048" lon="-34.895945">
    <ele>11.5</ele>
    <time>2021-09-16T01:27:27.000Z</time>
   </trkpt>
   <trkpt lat="-8.036063" lon="-34.895901">
    <ele>11.5</ele>
    <time>2021-09-16T01:27:28.000Z</time>
   </trkpt>
   <trkpt lat="-8.0361" lon="-34.89586">
    <ele>11.5</ele>
    <time>2021-09-16T01:27:30.000Z</time>
   </trkpt>
   <trkpt lat="-8.036135" lon="-34.895797">
    <ele>11.5</ele>
    <time>2021-09-16T01:27:31.000Z</time>
   </trkpt>
   <trkpt lat="-8.036152" lon="-34.89576">
    <ele>11.4</ele>
    <time>2021-09-16T01:27:33.000Z</time>
   </trkpt>
   <trkpt lat="-8.036187" lon="-34.89568">
    <ele>11.4</ele>
    <time>2021-09-16T01:27:35.000Z</time>
   </trkpt>
   <trkpt lat="-8.036206" lon="-34.895636">
    <ele>11.4</ele>
    <time>2021-09-16T01:27:36.000Z</time>
   </trkpt>
   <trkpt lat="-8.036244" lon="-34.895553">
    <ele>11.4</ele>
    <time>2021-09-16T01:27:37.000Z</time>
   </trkpt>
   <trkpt lat="-8.036264" lon="-34.895519">
    <ele>11.4</ele>
    <time>2021-09-16T01:27:39.000Z</time>
   </trkpt>
   <trkpt lat="-8.036285" lon="-34.895487">
    <ele>11.4</ele>
    <time>2021-09-16T01:27:40.000Z</time>
   </trkpt>
   <trkpt lat="-8.036295" lon="-34.895446">
    <ele>11.4</ele>
    <time>2021-09-16T01:27:41.000Z</time>
   </trkpt>
   <trkpt lat="-8.03633" lon="-34.895374">
    <ele>11.4</ele>
    <time>2021-09-16T01:27:42.000Z</time>
   </trkpt>
   <trkpt lat="-8.036351" lon="-34.89534">
    <ele>11.4</ele>
    <time>2021-09-16T01:27:43.000Z</time>
   </trkpt>
   <trkpt lat="-8.036373" lon="-34.895306">
    <ele>11.4</ele>
    <time>2021-09-16T01:27:44.000Z</time>
   </trkpt>
   <trkpt lat="-8.036389" lon="-34.895281">
    <ele>11.3</ele>
    <time>2021-09-16T01:27:46.000Z</time>
   </trkpt>
   <trkpt lat="-8.036403" lon="-34.895241">
    <ele>11.3</ele>
    <time>2021-09-16T01:27:47.000Z</time>
   </trkpt>
   <trkpt lat="-8.036417" lon="-34.895192">
    <ele>11.3</ele>
    <time>2021-09-16T01:27:48.000Z</time>
   </trkpt>
   <trkpt lat="-8.036423" lon="-34.895151">
    <ele>11.3</ele>
    <time>2021-09-16T01:27:49.000Z</time>
   </trkpt>
   <trkpt lat="-8.036444" lon="-34.895078">
    <ele>11.3</ele>
    <time>2021-09-16T01:27:51.000Z</time>
   </trkpt>
   <trkpt lat="-8.036457" lon="-34.895041">
    <ele>11.3</ele>
    <time>2021-09-16T01:27:52.000Z</time>
   </trkpt>
   <trkpt lat="-8.036498" lon="-34.894968">
    <ele>11.3</ele>
    <time>2021-09-16T01:27:54.000Z</time>
   </trkpt>
   <trkpt lat="-8.036544" lon="-34.894893">
    <ele>11.3</ele>
    <time>2021-09-16T01:27:56.000Z</time>
   </trkpt>
   <trkpt lat="-8.036579" lon="-34.894834">
    <ele>11.2</ele>
    <time>2021-09-16T01:27:58.000Z</time>
   </trkpt>
   <trkpt lat="-8.036592" lon="-34.894808">
    <ele>11.1</ele>
    <time>2021-09-16T01:27:59.000Z</time>
   </trkpt>
   <trkpt lat="-8.036633" lon="-34.894739">
    <ele>10.9</ele>
    <time>2021-09-16T01:28:01.000Z</time>
   </trkpt>
   <trkpt lat="-8.036648" lon="-34.894711">
    <ele>10.8</ele>
    <time>2021-09-16T01:28:02.000Z</time>
   </trkpt>
   <trkpt lat="-8.036664" lon="-34.894674">
    <ele>10.7</ele>
    <time>2021-09-16T01:28:03.000Z</time>
   </trkpt>
   <trkpt lat="-8.0367" lon="-34.894604">
    <ele>10.6</ele>
    <time>2021-09-16T01:28:05.000Z</time>
   </trkpt>
   <trkpt lat="-8.036787" lon="-34.894531">
    <ele>10.5</ele>
    <time>2021-09-16T01:28:07.000Z</time>
   </trkpt>
   <trkpt lat="-8.036825" lon="-34.894507">
    <ele>10.5</ele>
    <time>2021-09-16T01:28:08.000Z</time>
   </trkpt>
   <trkpt lat="-8.036854" lon="-34.894482">
    <ele>10.4</ele>
    <time>2021-09-16T01:28:09.000Z</time>
   </trkpt>
   <trkpt lat="-8.036882" lon="-34.894411">
    <ele>10.4</ele>
    <time>2021-09-16T01:28:10.000Z</time>
   </trkpt>
   <trkpt lat="-8.036896" lon="-34.894369">
    <ele>10.2</ele>
    <time>2021-09-16T01:28:11.000Z</time>
   </trkpt>
   <trkpt lat="-8.036901" lon="-34.89433">
    <ele>10.3</ele>
    <time>2021-09-16T01:28:13.000Z</time>
   </trkpt>
   <trkpt lat="-8.036907" lon="-34.894289">
    <ele>10.3</ele>
    <time>2021-09-16T01:28:14.000Z</time>
   </trkpt>
   <trkpt lat="-8.036903" lon="-34.894183">
    <ele>10.5</ele>
    <time>2021-09-16T01:28:15.000Z</time>
   </trkpt>
   <trkpt lat="-8.036899" lon="-34.894133">
    <ele>10.5</ele>
    <time>2021-09-16T01:28:17.000Z</time>
   </trkpt>
   <trkpt lat="-8.036906" lon="-34.894085">
    <ele>10.5</ele>
    <time>2021-09-16T01:28:18.000Z</time>
   </trkpt>
   <trkpt lat="-8.036916" lon="-34.894041">
    <ele>10.5</ele>
    <time>2021-09-16T01:28:19.000Z</time>
   </trkpt>
   <trkpt lat="-8.036939" lon="-34.893966">
    <ele>10.4</ele>
    <time>2021-09-16T01:28:21.000Z</time>
   </trkpt>
   <trkpt lat="-8.036949" lon="-34.893926">
    <ele>10.4</ele>
    <time>2021-09-16T01:28:22.000Z</time>
   </trkpt>
   <trkpt lat="-8.036954" lon="-34.893887">
    <ele>10.4</ele>
    <time>2021-09-16T01:28:23.000Z</time>
   </trkpt>
   <trkpt lat="-8.036964" lon="-34.89386">
    <ele>10.4</ele>
    <time>2021-09-16T01:28:24.000Z</time>
   </trkpt>
   <trkpt lat="-8.036972" lon="-34.893826">
    <ele>10.4</ele>
    <time>2021-09-16T01:28:25.000Z</time>
   </trkpt>
   <trkpt lat="-8.036972" lon="-34.893752">
    <ele>10.3</ele>
    <time>2021-09-16T01:28:27.000Z</time>
   </trkpt>
   <trkpt lat="-8.036965" lon="-34.893663">
    <ele>10.3</ele>
    <time>2021-09-16T01:28:29.000Z</time>
   </trkpt>
   <trkpt lat="-8.036968" lon="-34.893622">
    <ele>10.2</ele>
    <time>2021-09-16T01:28:30.000Z</time>
   </trkpt>
   <trkpt lat="-8.036962" lon="-34.893587">
    <ele>10.2</ele>
    <time>2021-09-16T01:28:31.000Z</time>
   </trkpt>
   <trkpt lat="-8.03696" lon="-34.893544">
    <ele>10.1</ele>
    <time>2021-09-16T01:28:32.000Z</time>
   </trkpt>
   <trkpt lat="-8.03696" lon="-34.893498">
    <ele>10</ele>
    <time>2021-09-16T01:28:33.000Z</time>
   </trkpt>
   <trkpt lat="-8.036953" lon="-34.893455">
    <ele>10</ele>
    <time>2021-09-16T01:28:34.000Z</time>
   </trkpt>
   <trkpt lat="-8.036945" lon="-34.89341">
    <ele>10.1</ele>
    <time>2021-09-16T01:28:35.000Z</time>
   </trkpt>
   <trkpt lat="-8.036948" lon="-34.893317">
    <ele>10.2</ele>
    <time>2021-09-16T01:28:36.000Z</time>
   </trkpt>
   <trkpt lat="-8.036949" lon="-34.893282">
    <ele>10.2</ele>
    <time>2021-09-16T01:28:37.000Z</time>
   </trkpt>
   <trkpt lat="-8.036954" lon="-34.893206">
    <ele>10.2</ele>
    <time>2021-09-16T01:28:39.000Z</time>
   </trkpt>
   <trkpt lat="-8.036958" lon="-34.893165">
    <ele>10.3</ele>
    <time>2021-09-16T01:28:40.000Z</time>
   </trkpt>
   <trkpt lat="-8.036976" lon="-34.893125">
    <ele>10.8</ele>
    <time>2021-09-16T01:28:41.000Z</time>
   </trkpt>
   <trkpt lat="-8.036978" lon="-34.893089">
    <ele>11.1</ele>
    <time>2021-09-16T01:28:43.000Z</time>
   </trkpt>
   <trkpt lat="-8.036987" lon="-34.893058">
    <ele>11.1</ele>
    <time>2021-09-16T01:28:44.000Z</time>
   </trkpt>
   <trkpt lat="-8.037" lon="-34.892998">
    <ele>11.5</ele>
    <time>2021-09-16T01:28:46.000Z</time>
   </trkpt>
   <trkpt lat="-8.036997" lon="-34.892964">
    <ele>11.6</ele>
    <time>2021-09-16T01:28:47.000Z</time>
   </trkpt>
   <trkpt lat="-8.036988" lon="-34.892939">
    <ele>11.6</ele>
    <time>2021-09-16T01:28:48.000Z</time>
   </trkpt>
   <trkpt lat="-8.036971" lon="-34.892949">
    <ele>11.6</ele>
    <time>2021-09-16T01:28:50.000Z</time>
   </trkpt>
   <trkpt lat="-8.036912" lon="-34.892955">
    <ele>11.3</ele>
    <time>2021-09-16T01:28:53.000Z</time>
   </trkpt>
   <trkpt lat="-8.036838" lon="-34.892969">
    <ele>10.8</ele>
    <time>2021-09-16T01:28:56.000Z</time>
   </trkpt>
   <trkpt lat="-8.036797" lon="-34.892955">
    <ele>10.8</ele>
    <time>2021-09-16T01:28:58.000Z</time>
   </trkpt>
   <trkpt lat="-8.036749" lon="-34.892931">
    <ele>10.3</ele>
    <time>2021-09-16T01:28:59.000Z</time>
   </trkpt>
   <trkpt lat="-8.036708" lon="-34.892922">
    <ele>10.2</ele>
    <time>2021-09-16T01:29:02.000Z</time>
   </trkpt>
   <trkpt lat="-8.036688" lon="-34.892922">
    <ele>10.2</ele>
    <time>2021-09-16T01:29:04.000Z</time>
   </trkpt>
  </trkseg>
 </trk>
</gpx>
