<?xml version="1.0" encoding="UTF-8"?>
<gpx creator="StravaGPX" version="1.1" xmlns="http://www.topografix.com/GPX/1/1">
 <metadata>
  <time>2020-09-16T23:04:24Z</time>
 </metadata>
 <trk>
  <name>Bike Escola iniciante</name>
  <type>1</type>
  <trkseg>
   <trkpt lat="-8.036744" lon="-34.892795">
    <ele>9.1</ele>
    <time>2020-09-16T23:04:24.000Z</time>
   </trkpt>
   <trkpt lat="-8.036702" lon="-34.892796">
    <ele>9.1</ele>
    <time>2020-09-16T23:04:26.000Z</time>
   </trkpt>
   <trkpt lat="-8.036673" lon="-34.892791">
    <ele>9.1</ele>
    <time>2020-09-16T23:04:27.000Z</time>
   </trkpt>
   <trkpt lat="-8.036642" lon="-34.892766">
    <ele>9.1</ele>
    <time>2020-09-16T23:04:29.000Z</time>
   </trkpt>
   <trkpt lat="-8.03662" lon="-34.892736">
    <ele>9.1</ele>
    <time>2020-09-16T23:04:32.000Z</time>
   </trkpt>
   <trkpt lat="-8.036592" lon="-34.892692">
    <ele>9.1</ele>
    <time>2020-09-16T23:04:34.000Z</time>
   </trkpt>
   <trkpt lat="-8.036564" lon="-34.892669">
    <ele>9.1</ele>
    <time>2020-09-16T23:04:35.000Z</time>
   </trkpt>
   <trkpt lat="-8.036522" lon="-34.892638">
    <ele>9.1</ele>
    <time>2020-09-16T23:04:37.000Z</time>
   </trkpt>
   <trkpt lat="-8.036487" lon="-34.892623">
    <ele>9.1</ele>
    <time>2020-09-16T23:04:38.000Z</time>
   </trkpt>
   <trkpt lat="-8.036455" lon="-34.892614">
    <ele>9.1</ele>
    <time>2020-09-16T23:04:39.000Z</time>
   </trkpt>
   <trkpt lat="-8.036413" lon="-34.892606">
    <ele>9.2</ele>
    <time>2020-09-16T23:04:40.000Z</time>
   </trkpt>
   <trkpt lat="-8.036381" lon="-34.8926">
    <ele>9.2</ele>
    <time>2020-09-16T23:04:41.000Z</time>
   </trkpt>
   <trkpt lat="-8.036326" lon="-34.892623">
    <ele>9.5</ele>
    <time>2020-09-16T23:04:43.000Z</time>
   </trkpt>
   <trkpt lat="-8.036283" lon="-34.892653">
    <ele>9.5</ele>
    <time>2020-09-16T23:04:44.000Z</time>
   </trkpt>
   <trkpt lat="-8.036224" lon="-34.892688">
    <ele>8.8</ele>
    <time>2020-09-16T23:04:45.000Z</time>
   </trkpt>
   <trkpt lat="-8.036163" lon="-34.892718">
    <ele>8.7</ele>
    <time>2020-09-16T23:04:46.000Z</time>
   </trkpt>
   <trkpt lat="-8.036103" lon="-34.892749">
    <ele>8.7</ele>
    <time>2020-09-16T23:04:47.000Z</time>
   </trkpt>
   <trkpt lat="-8.036059" lon="-34.892787">
    <ele>8.6</ele>
    <time>2020-09-16T23:04:48.000Z</time>
   </trkpt>
   <trkpt lat="-8.03599" lon="-34.892839">
    <ele>8.6</ele>
    <time>2020-09-16T23:04:49.000Z</time>
   </trkpt>
   <trkpt lat="-8.035932" lon="-34.892876">
    <ele>8.6</ele>
    <time>2020-09-16T23:04:50.000Z</time>
   </trkpt>
   <trkpt lat="-8.035885" lon="-34.892908">
    <ele>8.6</ele>
    <time>2020-09-16T23:04:51.000Z</time>
   </trkpt>
   <trkpt lat="-8.035854" lon="-34.892936">
    <ele>8.6</ele>
    <time>2020-09-16T23:04:52.000Z</time>
   </trkpt>
   <trkpt lat="-8.035828" lon="-34.892963">
    <ele>8.7</ele>
    <time>2020-09-16T23:04:53.000Z</time>
   </trkpt>
   <trkpt lat="-8.03581" lon="-34.892994">
    <ele>8.7</ele>
    <time>2020-09-16T23:04:54.000Z</time>
   </trkpt>
   <trkpt lat="-8.035789" lon="-34.893027">
    <ele>8.7</ele>
    <time>2020-09-16T23:04:55.000Z</time>
   </trkpt>
   <trkpt lat="-8.035765" lon="-34.893066">
    <ele>8.7</ele>
    <time>2020-09-16T23:04:56.000Z</time>
   </trkpt>
   <trkpt lat="-8.035731" lon="-34.89311">
    <ele>8.8</ele>
    <time>2020-09-16T23:04:57.000Z</time>
   </trkpt>
   <trkpt lat="-8.035706" lon="-34.893153">
    <ele>8.8</ele>
    <time>2020-09-16T23:04:58.000Z</time>
   </trkpt>
   <trkpt lat="-8.035668" lon="-34.89319">
    <ele>8.8</ele>
    <time>2020-09-16T23:04:59.000Z</time>
   </trkpt>
   <trkpt lat="-8.035632" lon="-34.893215">
    <ele>8.9</ele>
    <time>2020-09-16T23:05:00.000Z</time>
   </trkpt>
   <trkpt lat="-8.035589" lon="-34.893245">
    <ele>8.9</ele>
    <time>2020-09-16T23:05:01.000Z</time>
   </trkpt>
   <trkpt lat="-8.035548" lon="-34.893276">
    <ele>8.9</ele>
    <time>2020-09-16T23:05:02.000Z</time>
   </trkpt>
   <trkpt lat="-8.035496" lon="-34.89331">
    <ele>9</ele>
    <time>2020-09-16T23:05:03.000Z</time>
   </trkpt>
   <trkpt lat="-8.035446" lon="-34.893346">
    <ele>9</ele>
    <time>2020-09-16T23:05:04.000Z</time>
   </trkpt>
   <trkpt lat="-8.035392" lon="-34.893394">
    <ele>9</ele>
    <time>2020-09-16T23:05:05.000Z</time>
   </trkpt>
   <trkpt lat="-8.035347" lon="-34.893429">
    <ele>9</ele>
    <time>2020-09-16T23:05:06.000Z</time>
   </trkpt>
   <trkpt lat="-8.0353" lon="-34.893471">
    <ele>9</ele>
    <time>2020-09-16T23:05:07.000Z</time>
   </trkpt>
   <trkpt lat="-8.035253" lon="-34.89351">
    <ele>9</ele>
    <time>2020-09-16T23:05:08.000Z</time>
   </trkpt>
   <trkpt lat="-8.035207" lon="-34.893539">
    <ele>9</ele>
    <time>2020-09-16T23:05:09.000Z</time>
   </trkpt>
   <trkpt lat="-8.035161" lon="-34.893566">
    <ele>9</ele>
    <time>2020-09-16T23:05:10.000Z</time>
   </trkpt>
   <trkpt lat="-8.035114" lon="-34.893597">
    <ele>9.1</ele>
    <time>2020-09-16T23:05:11.000Z</time>
   </trkpt>
   <trkpt lat="-8.035057" lon="-34.893629">
    <ele>9.1</ele>
    <time>2020-09-16T23:05:12.000Z</time>
   </trkpt>
   <trkpt lat="-8.035011" lon="-34.893679">
    <ele>9.2</ele>
    <time>2020-09-16T23:05:13.000Z</time>
   </trkpt>
   <trkpt lat="-8.034966" lon="-34.893733">
    <ele>9.2</ele>
    <time>2020-09-16T23:05:14.000Z</time>
   </trkpt>
   <trkpt lat="-8.034918" lon="-34.893783">
    <ele>9.3</ele>
    <time>2020-09-16T23:05:15.000Z</time>
   </trkpt>
   <trkpt lat="-8.034857" lon="-34.893838">
    <ele>9.3</ele>
    <time>2020-09-16T23:05:16.000Z</time>
   </trkpt>
   <trkpt lat="-8.034805" lon="-34.893885">
    <ele>9.3</ele>
    <time>2020-09-16T23:05:17.000Z</time>
   </trkpt>
   <trkpt lat="-8.034766" lon="-34.893924">
    <ele>9.3</ele>
    <time>2020-09-16T23:05:18.000Z</time>
   </trkpt>
   <trkpt lat="-8.034724" lon="-34.893968">
    <ele>9.3</ele>
    <time>2020-09-16T23:05:19.000Z</time>
   </trkpt>
   <trkpt lat="-8.034696" lon="-34.894006">
    <ele>9.3</ele>
    <time>2020-09-16T23:05:20.000Z</time>
   </trkpt>
   <trkpt lat="-8.034662" lon="-34.894047">
    <ele>9.4</ele>
    <time>2020-09-16T23:05:21.000Z</time>
   </trkpt>
   <trkpt lat="-8.034623" lon="-34.894086">
    <ele>9.4</ele>
    <time>2020-09-16T23:05:22.000Z</time>
   </trkpt>
   <trkpt lat="-8.034586" lon="-34.894137">
    <ele>9.5</ele>
    <time>2020-09-16T23:05:23.000Z</time>
   </trkpt>
   <trkpt lat="-8.034537" lon="-34.894182">
    <ele>9.5</ele>
    <time>2020-09-16T23:05:24.000Z</time>
   </trkpt>
   <trkpt lat="-8.034493" lon="-34.894224">
    <ele>9.6</ele>
    <time>2020-09-16T23:05:25.000Z</time>
   </trkpt>
   <trkpt lat="-8.034447" lon="-34.894259">
    <ele>9.6</ele>
    <time>2020-09-16T23:05:26.000Z</time>
   </trkpt>
   <trkpt lat="-8.034407" lon="-34.894289">
    <ele>9.6</ele>
    <time>2020-09-16T23:05:27.000Z</time>
   </trkpt>
   <trkpt lat="-8.034366" lon="-34.894315">
    <ele>9.6</ele>
    <time>2020-09-16T23:05:28.000Z</time>
   </trkpt>
   <trkpt lat="-8.034326" lon="-34.894344">
    <ele>9.6</ele>
    <time>2020-09-16T23:05:29.000Z</time>
   </trkpt>
   <trkpt lat="-8.034288" lon="-34.894375">
    <ele>9.6</ele>
    <time>2020-09-16T23:05:30.000Z</time>
   </trkpt>
   <trkpt lat="-8.034253" lon="-34.894406">
    <ele>9.6</ele>
    <time>2020-09-16T23:05:31.000Z</time>
   </trkpt>
   <trkpt lat="-8.034211" lon="-34.894441">
    <ele>9.6</ele>
    <time>2020-09-16T23:05:32.000Z</time>
   </trkpt>
   <trkpt lat="-8.034171" lon="-34.894477">
    <ele>9.6</ele>
    <time>2020-09-16T23:05:33.000Z</time>
   </trkpt>
   <trkpt lat="-8.034132" lon="-34.89452">
    <ele>9.5</ele>
    <time>2020-09-16T23:05:34.000Z</time>
   </trkpt>
   <trkpt lat="-8.034087" lon="-34.894567">
    <ele>9.5</ele>
    <time>2020-09-16T23:05:35.000Z</time>
   </trkpt>
   <trkpt lat="-8.034049" lon="-34.894613">
    <ele>9.5</ele>
    <time>2020-09-16T23:05:36.000Z</time>
   </trkpt>
   <trkpt lat="-8.034016" lon="-34.89465">
    <ele>9.5</ele>
    <time>2020-09-16T23:05:37.000Z</time>
   </trkpt>
   <trkpt lat="-8.03398" lon="-34.894689">
    <ele>9.5</ele>
    <time>2020-09-16T23:05:38.000Z</time>
   </trkpt>
   <trkpt lat="-8.033943" lon="-34.89473">
    <ele>9.5</ele>
    <time>2020-09-16T23:05:39.000Z</time>
   </trkpt>
   <trkpt lat="-8.033911" lon="-34.894768">
    <ele>9.5</ele>
    <time>2020-09-16T23:05:40.000Z</time>
   </trkpt>
   <trkpt lat="-8.033878" lon="-34.894797">
    <ele>9.5</ele>
    <time>2020-09-16T23:05:41.000Z</time>
   </trkpt>
   <trkpt lat="-8.033852" lon="-34.89482">
    <ele>9.5</ele>
    <time>2020-09-16T23:05:42.000Z</time>
   </trkpt>
   <trkpt lat="-8.03383" lon="-34.894844">
    <ele>9.5</ele>
    <time>2020-09-16T23:05:43.000Z</time>
   </trkpt>
   <trkpt lat="-8.033806" lon="-34.89487">
    <ele>9.5</ele>
    <time>2020-09-16T23:05:44.000Z</time>
   </trkpt>
   <trkpt lat="-8.033784" lon="-34.894899">
    <ele>9.5</ele>
    <time>2020-09-16T23:05:45.000Z</time>
   </trkpt>
   <trkpt lat="-8.033755" lon="-34.894932">
    <ele>9.5</ele>
    <time>2020-09-16T23:05:46.000Z</time>
   </trkpt>
   <trkpt lat="-8.033736" lon="-34.894955">
    <ele>9.5</ele>
    <time>2020-09-16T23:05:47.000Z</time>
   </trkpt>
   <trkpt lat="-8.033704" lon="-34.894984">
    <ele>9.5</ele>
    <time>2020-09-16T23:05:48.000Z</time>
   </trkpt>
   <trkpt lat="-8.033664" lon="-34.895018">
    <ele>9.5</ele>
    <time>2020-09-16T23:05:49.000Z</time>
   </trkpt>
   <trkpt lat="-8.033624" lon="-34.895051">
    <ele>9.4</ele>
    <time>2020-09-16T23:05:50.000Z</time>
   </trkpt>
   <trkpt lat="-8.033558" lon="-34.895103">
    <ele>9.4</ele>
    <time>2020-09-16T23:05:51.000Z</time>
   </trkpt>
   <trkpt lat="-8.033506" lon="-34.895148">
    <ele>9.4</ele>
    <time>2020-09-16T23:05:52.000Z</time>
   </trkpt>
   <trkpt lat="-8.033453" lon="-34.895194">
    <ele>9.4</ele>
    <time>2020-09-16T23:05:53.000Z</time>
   </trkpt>
   <trkpt lat="-8.033418" lon="-34.895248">
    <ele>9.4</ele>
    <time>2020-09-16T23:05:54.000Z</time>
   </trkpt>
   <trkpt lat="-8.033387" lon="-34.895295">
    <ele>9.4</ele>
    <time>2020-09-16T23:05:55.000Z</time>
   </trkpt>
   <trkpt lat="-8.033373" lon="-34.895337">
    <ele>9.4</ele>
    <time>2020-09-16T23:05:56.000Z</time>
   </trkpt>
   <trkpt lat="-8.033366" lon="-34.895384">
    <ele>9.4</ele>
    <time>2020-09-16T23:05:57.000Z</time>
   </trkpt>
   <trkpt lat="-8.033354" lon="-34.895435">
    <ele>9.4</ele>
    <time>2020-09-16T23:05:58.000Z</time>
   </trkpt>
   <trkpt lat="-8.033335" lon="-34.895482">
    <ele>9.5</ele>
    <time>2020-09-16T23:05:59.000Z</time>
   </trkpt>
   <trkpt lat="-8.03331" lon="-34.895522">
    <ele>9.5</ele>
    <time>2020-09-16T23:06:00.000Z</time>
   </trkpt>
   <trkpt lat="-8.033275" lon="-34.895551">
    <ele>9.5</ele>
    <time>2020-09-16T23:06:01.000Z</time>
   </trkpt>
   <trkpt lat="-8.033236" lon="-34.89558">
    <ele>9.6</ele>
    <time>2020-09-16T23:06:02.000Z</time>
   </trkpt>
   <trkpt lat="-8.0332" lon="-34.895611">
    <ele>9.6</ele>
    <time>2020-09-16T23:06:03.000Z</time>
   </trkpt>
   <trkpt lat="-8.033169" lon="-34.895649">
    <ele>9.7</ele>
    <time>2020-09-16T23:06:04.000Z</time>
   </trkpt>
   <trkpt lat="-8.03314" lon="-34.895689">
    <ele>9.7</ele>
    <time>2020-09-16T23:06:05.000Z</time>
   </trkpt>
   <trkpt lat="-8.033115" lon="-34.895723">
    <ele>9.7</ele>
    <time>2020-09-16T23:06:06.000Z</time>
   </trkpt>
   <trkpt lat="-8.033083" lon="-34.895767">
    <ele>9.8</ele>
    <time>2020-09-16T23:06:07.000Z</time>
   </trkpt>
   <trkpt lat="-8.03305" lon="-34.895813">
    <ele>9.8</ele>
    <time>2020-09-16T23:06:08.000Z</time>
   </trkpt>
   <trkpt lat="-8.033011" lon="-34.895858">
    <ele>9.9</ele>
    <time>2020-09-16T23:06:09.000Z</time>
   </trkpt>
   <trkpt lat="-8.032961" lon="-34.895905">
    <ele>9.9</ele>
    <time>2020-09-16T23:06:10.000Z</time>
   </trkpt>
   <trkpt lat="-8.032923" lon="-34.895939">
    <ele>10</ele>
    <time>2020-09-16T23:06:11.000Z</time>
   </trkpt>
   <trkpt lat="-8.032872" lon="-34.895964">
    <ele>10</ele>
    <time>2020-09-16T23:06:12.000Z</time>
   </trkpt>
   <trkpt lat="-8.032832" lon="-34.895978">
    <ele>10</ele>
    <time>2020-09-16T23:06:13.000Z</time>
   </trkpt>
   <trkpt lat="-8.032792" lon="-34.89598">
    <ele>10.1</ele>
    <time>2020-09-16T23:06:14.000Z</time>
   </trkpt>
   <trkpt lat="-8.032754" lon="-34.895978">
    <ele>10.1</ele>
    <time>2020-09-16T23:06:15.000Z</time>
   </trkpt>
   <trkpt lat="-8.032708" lon="-34.895967">
    <ele>10.2</ele>
    <time>2020-09-16T23:06:16.000Z</time>
   </trkpt>
   <trkpt lat="-8.03267" lon="-34.895956">
    <ele>10.1</ele>
    <time>2020-09-16T23:06:17.000Z</time>
   </trkpt>
   <trkpt lat="-8.03263" lon="-34.895947">
    <ele>10.1</ele>
    <time>2020-09-16T23:06:18.000Z</time>
   </trkpt>
   <trkpt lat="-8.032591" lon="-34.895935">
    <ele>10.1</ele>
    <time>2020-09-16T23:06:19.000Z</time>
   </trkpt>
   <trkpt lat="-8.032547" lon="-34.895918">
    <ele>10.1</ele>
    <time>2020-09-16T23:06:20.000Z</time>
   </trkpt>
   <trkpt lat="-8.032506" lon="-34.895893">
    <ele>10</ele>
    <time>2020-09-16T23:06:21.000Z</time>
   </trkpt>
   <trkpt lat="-8.032462" lon="-34.89588">
    <ele>10</ele>
    <time>2020-09-16T23:06:22.000Z</time>
   </trkpt>
   <trkpt lat="-8.032388" lon="-34.895868">
    <ele>10</ele>
    <time>2020-09-16T23:06:23.000Z</time>
   </trkpt>
   <trkpt lat="-8.03229" lon="-34.895828">
    <ele>9.9</ele>
    <time>2020-09-16T23:06:24.000Z</time>
   </trkpt>
   <trkpt lat="-8.032206" lon="-34.895786">
    <ele>9.9</ele>
    <time>2020-09-16T23:06:25.000Z</time>
   </trkpt>
   <trkpt lat="-8.032139" lon="-34.895749">
    <ele>9.8</ele>
    <time>2020-09-16T23:06:26.000Z</time>
   </trkpt>
   <trkpt lat="-8.032078" lon="-34.895726">
    <ele>9.8</ele>
    <time>2020-09-16T23:06:27.000Z</time>
   </trkpt>
   <trkpt lat="-8.032018" lon="-34.895707">
    <ele>9.8</ele>
    <time>2020-09-16T23:06:28.000Z</time>
   </trkpt>
   <trkpt lat="-8.031963" lon="-34.895688">
    <ele>9.8</ele>
    <time>2020-09-16T23:06:29.000Z</time>
   </trkpt>
   <trkpt lat="-8.031904" lon="-34.895662">
    <ele>9.7</ele>
    <time>2020-09-16T23:06:30.000Z</time>
   </trkpt>
   <trkpt lat="-8.031856" lon="-34.895632">
    <ele>9.7</ele>
    <time>2020-09-16T23:06:31.000Z</time>
   </trkpt>
   <trkpt lat="-8.031816" lon="-34.8956">
    <ele>9.7</ele>
    <time>2020-09-16T23:06:32.000Z</time>
   </trkpt>
   <trkpt lat="-8.031757" lon="-34.895572">
    <ele>9.7</ele>
    <time>2020-09-16T23:06:33.000Z</time>
   </trkpt>
   <trkpt lat="-8.031699" lon="-34.89555">
    <ele>9.7</ele>
    <time>2020-09-16T23:06:34.000Z</time>
   </trkpt>
   <trkpt lat="-8.031638" lon="-34.895519">
    <ele>9.7</ele>
    <time>2020-09-16T23:06:35.000Z</time>
   </trkpt>
   <trkpt lat="-8.031573" lon="-34.895476">
    <ele>9.8</ele>
    <time>2020-09-16T23:06:36.000Z</time>
   </trkpt>
   <trkpt lat="-8.031521" lon="-34.895436">
    <ele>9.8</ele>
    <time>2020-09-16T23:06:37.000Z</time>
   </trkpt>
   <trkpt lat="-8.031467" lon="-34.895396">
    <ele>9.8</ele>
    <time>2020-09-16T23:06:38.000Z</time>
   </trkpt>
   <trkpt lat="-8.03144" lon="-34.895362">
    <ele>9.8</ele>
    <time>2020-09-16T23:06:39.000Z</time>
   </trkpt>
   <trkpt lat="-8.031403" lon="-34.895331">
    <ele>9.8</ele>
    <time>2020-09-16T23:06:40.000Z</time>
   </trkpt>
   <trkpt lat="-8.031379" lon="-34.895307">
    <ele>9.8</ele>
    <time>2020-09-16T23:06:41.000Z</time>
   </trkpt>
   <trkpt lat="-8.031335" lon="-34.895296">
    <ele>10.2</ele>
    <time>2020-09-16T23:06:43.000Z</time>
   </trkpt>
   <trkpt lat="-8.031326" lon="-34.895346">
    <ele>10.2</ele>
    <time>2020-09-16T23:06:45.000Z</time>
   </trkpt>
   <trkpt lat="-8.031321" lon="-34.895385">
    <ele>10.1</ele>
    <time>2020-09-16T23:06:46.000Z</time>
   </trkpt>
   <trkpt lat="-8.031307" lon="-34.895413">
    <ele>10.1</ele>
    <time>2020-09-16T23:06:47.000Z</time>
   </trkpt>
   <trkpt lat="-8.03129" lon="-34.895439">
    <ele>10.1</ele>
    <time>2020-09-16T23:06:48.000Z</time>
   </trkpt>
   <trkpt lat="-8.031286" lon="-34.895469">
    <ele>10.1</ele>
    <time>2020-09-16T23:06:49.000Z</time>
   </trkpt>
   <trkpt lat="-8.031292" lon="-34.895539">
    <ele>10.1</ele>
    <time>2020-09-16T23:06:51.000Z</time>
   </trkpt>
   <trkpt lat="-8.031299" lon="-34.895588">
    <ele>10.2</ele>
    <time>2020-09-16T23:06:52.000Z</time>
   </trkpt>
   <trkpt lat="-8.031303" lon="-34.895635">
    <ele>10.2</ele>
    <time>2020-09-16T23:06:53.000Z</time>
   </trkpt>
   <trkpt lat="-8.031305" lon="-34.89567">
    <ele>10.3</ele>
    <time>2020-09-16T23:06:54.000Z</time>
   </trkpt>
   <trkpt lat="-8.031301" lon="-34.895717">
    <ele>10.2</ele>
    <time>2020-09-16T23:06:55.000Z</time>
   </trkpt>
   <trkpt lat="-8.031301" lon="-34.895778">
    <ele>10.2</ele>
    <time>2020-09-16T23:06:56.000Z</time>
   </trkpt>
   <trkpt lat="-8.031306" lon="-34.895835">
    <ele>10.2</ele>
    <time>2020-09-16T23:06:57.000Z</time>
   </trkpt>
   <trkpt lat="-8.031305" lon="-34.895892">
    <ele>10.2</ele>
    <time>2020-09-16T23:06:58.000Z</time>
   </trkpt>
   <trkpt lat="-8.031304" lon="-34.895947">
    <ele>10.2</ele>
    <time>2020-09-16T23:06:59.000Z</time>
   </trkpt>
   <trkpt lat="-8.031302" lon="-34.89599">
    <ele>10.2</ele>
    <time>2020-09-16T23:07:00.000Z</time>
   </trkpt>
   <trkpt lat="-8.031304" lon="-34.89605">
    <ele>10.1</ele>
    <time>2020-09-16T23:07:01.000Z</time>
   </trkpt>
   <trkpt lat="-8.031303" lon="-34.896099">
    <ele>10.1</ele>
    <time>2020-09-16T23:07:02.000Z</time>
   </trkpt>
   <trkpt lat="-8.031297" lon="-34.896149">
    <ele>10.1</ele>
    <time>2020-09-16T23:07:03.000Z</time>
   </trkpt>
   <trkpt lat="-8.031299" lon="-34.896195">
    <ele>10.1</ele>
    <time>2020-09-16T23:07:04.000Z</time>
   </trkpt>
   <trkpt lat="-8.031296" lon="-34.896246">
    <ele>10.1</ele>
    <time>2020-09-16T23:07:05.000Z</time>
   </trkpt>
   <trkpt lat="-8.031291" lon="-34.896302">
    <ele>10</ele>
    <time>2020-09-16T23:07:06.000Z</time>
   </trkpt>
   <trkpt lat="-8.031295" lon="-34.896361">
    <ele>10</ele>
    <time>2020-09-16T23:07:07.000Z</time>
   </trkpt>
   <trkpt lat="-8.031301" lon="-34.896414">
    <ele>10</ele>
    <time>2020-09-16T23:07:08.000Z</time>
   </trkpt>
   <trkpt lat="-8.031303" lon="-34.896476">
    <ele>10</ele>
    <time>2020-09-16T23:07:09.000Z</time>
   </trkpt>
   <trkpt lat="-8.031305" lon="-34.896533">
    <ele>9.9</ele>
    <time>2020-09-16T23:07:10.000Z</time>
   </trkpt>
   <trkpt lat="-8.031309" lon="-34.896591">
    <ele>9.9</ele>
    <time>2020-09-16T23:07:11.000Z</time>
   </trkpt>
   <trkpt lat="-8.031326" lon="-34.896706">
    <ele>9.9</ele>
    <time>2020-09-16T23:07:13.000Z</time>
   </trkpt>
   <trkpt lat="-8.031335" lon="-34.896759">
    <ele>9.9</ele>
    <time>2020-09-16T23:07:14.000Z</time>
   </trkpt>
   <trkpt lat="-8.031337" lon="-34.89681">
    <ele>9.8</ele>
    <time>2020-09-16T23:07:15.000Z</time>
   </trkpt>
   <trkpt lat="-8.031342" lon="-34.896893">
    <ele>9.8</ele>
    <time>2020-09-16T23:07:16.000Z</time>
   </trkpt>
   <trkpt lat="-8.031348" lon="-34.896963">
    <ele>9.8</ele>
    <time>2020-09-16T23:07:17.000Z</time>
   </trkpt>
   <trkpt lat="-8.031353" lon="-34.897033">
    <ele>9.8</ele>
    <time>2020-09-16T23:07:18.000Z</time>
   </trkpt>
   <trkpt lat="-8.031354" lon="-34.897105">
    <ele>9.8</ele>
    <time>2020-09-16T23:07:19.000Z</time>
   </trkpt>
   <trkpt lat="-8.031359" lon="-34.89717">
    <ele>9.8</ele>
    <time>2020-09-16T23:07:20.000Z</time>
   </trkpt>
   <trkpt lat="-8.031363" lon="-34.897228">
    <ele>9.8</ele>
    <time>2020-09-16T23:07:21.000Z</time>
   </trkpt>
   <trkpt lat="-8.031367" lon="-34.897291">
    <ele>9.8</ele>
    <time>2020-09-16T23:07:22.000Z</time>
   </trkpt>
   <trkpt lat="-8.031369" lon="-34.897365">
    <ele>9.8</ele>
    <time>2020-09-16T23:07:23.000Z</time>
   </trkpt>
   <trkpt lat="-8.031361" lon="-34.897454">
    <ele>9.8</ele>
    <time>2020-09-16T23:07:24.000Z</time>
   </trkpt>
   <trkpt lat="-8.031357" lon="-34.897513">
    <ele>9.8</ele>
    <time>2020-09-16T23:07:25.000Z</time>
   </trkpt>
   <trkpt lat="-8.031357" lon="-34.897573">
    <ele>9.9</ele>
    <time>2020-09-16T23:07:26.000Z</time>
   </trkpt>
   <trkpt lat="-8.031357" lon="-34.897623">
    <ele>9.9</ele>
    <time>2020-09-16T23:07:27.000Z</time>
   </trkpt>
   <trkpt lat="-8.031358" lon="-34.89768">
    <ele>9.9</ele>
    <time>2020-09-16T23:07:28.000Z</time>
   </trkpt>
   <trkpt lat="-8.031365" lon="-34.897731">
    <ele>9.8</ele>
    <time>2020-09-16T23:07:29.000Z</time>
   </trkpt>
   <trkpt lat="-8.031365" lon="-34.897775">
    <ele>9.8</ele>
    <time>2020-09-16T23:07:30.000Z</time>
   </trkpt>
   <trkpt lat="-8.031367" lon="-34.897806">
    <ele>9.8</ele>
    <time>2020-09-16T23:07:31.000Z</time>
   </trkpt>
   <trkpt lat="-8.031383" lon="-34.897842">
    <ele>9.8</ele>
    <time>2020-09-16T23:07:32.000Z</time>
   </trkpt>
   <trkpt lat="-8.031411" lon="-34.897882">
    <ele>9.6</ele>
    <time>2020-09-16T23:07:33.000Z</time>
   </trkpt>
   <trkpt lat="-8.031437" lon="-34.897916">
    <ele>9.6</ele>
    <time>2020-09-16T23:07:34.000Z</time>
   </trkpt>
   <trkpt lat="-8.031456" lon="-34.897939">
    <ele>9.5</ele>
    <time>2020-09-16T23:07:35.000Z</time>
   </trkpt>
   <trkpt lat="-8.03149" lon="-34.897958">
    <ele>9.5</ele>
    <time>2020-09-16T23:07:36.000Z</time>
   </trkpt>
   <trkpt lat="-8.031529" lon="-34.897982">
    <ele>9.5</ele>
    <time>2020-09-16T23:07:37.000Z</time>
   </trkpt>
   <trkpt lat="-8.031561" lon="-34.898015">
    <ele>9.4</ele>
    <time>2020-09-16T23:07:38.000Z</time>
   </trkpt>
   <trkpt lat="-8.031614" lon="-34.898049">
    <ele>9.4</ele>
    <time>2020-09-16T23:07:39.000Z</time>
   </trkpt>
   <trkpt lat="-8.031675" lon="-34.898073">
    <ele>9.4</ele>
    <time>2020-09-16T23:07:40.000Z</time>
   </trkpt>
   <trkpt lat="-8.031718" lon="-34.898086">
    <ele>9.4</ele>
    <time>2020-09-16T23:07:41.000Z</time>
   </trkpt>
   <trkpt lat="-8.031759" lon="-34.898105">
    <ele>9.4</ele>
    <time>2020-09-16T23:07:42.000Z</time>
   </trkpt>
   <trkpt lat="-8.031811" lon="-34.898129">
    <ele>9.4</ele>
    <time>2020-09-16T23:07:43.000Z</time>
   </trkpt>
   <trkpt lat="-8.031859" lon="-34.898151">
    <ele>9.4</ele>
    <time>2020-09-16T23:07:44.000Z</time>
   </trkpt>
   <trkpt lat="-8.031899" lon="-34.898174">
    <ele>9.4</ele>
    <time>2020-09-16T23:07:45.000Z</time>
   </trkpt>
   <trkpt lat="-8.031945" lon="-34.898206">
    <ele>9.5</ele>
    <time>2020-09-16T23:07:46.000Z</time>
   </trkpt>
   <trkpt lat="-8.031992" lon="-34.898243">
    <ele>9.5</ele>
    <time>2020-09-16T23:07:47.000Z</time>
   </trkpt>
   <trkpt lat="-8.032038" lon="-34.898278">
    <ele>9.5</ele>
    <time>2020-09-16T23:07:48.000Z</time>
   </trkpt>
   <trkpt lat="-8.032091" lon="-34.898313">
    <ele>9.6</ele>
    <time>2020-09-16T23:07:49.000Z</time>
   </trkpt>
   <trkpt lat="-8.032141" lon="-34.89835">
    <ele>9.6</ele>
    <time>2020-09-16T23:07:50.000Z</time>
   </trkpt>
   <trkpt lat="-8.032193" lon="-34.898385">
    <ele>9.6</ele>
    <time>2020-09-16T23:07:51.000Z</time>
   </trkpt>
   <trkpt lat="-8.032243" lon="-34.898417">
    <ele>9.7</ele>
    <time>2020-09-16T23:07:52.000Z</time>
   </trkpt>
   <trkpt lat="-8.032293" lon="-34.898447">
    <ele>9.7</ele>
    <time>2020-09-16T23:07:53.000Z</time>
   </trkpt>
   <trkpt lat="-8.032338" lon="-34.898478">
    <ele>9.7</ele>
    <time>2020-09-16T23:07:54.000Z</time>
   </trkpt>
   <trkpt lat="-8.032381" lon="-34.898509">
    <ele>9.8</ele>
    <time>2020-09-16T23:07:55.000Z</time>
   </trkpt>
   <trkpt lat="-8.03243" lon="-34.898539">
    <ele>9.8</ele>
    <time>2020-09-16T23:07:56.000Z</time>
   </trkpt>
   <trkpt lat="-8.032471" lon="-34.898562">
    <ele>9.9</ele>
    <time>2020-09-16T23:07:57.000Z</time>
   </trkpt>
   <trkpt lat="-8.032511" lon="-34.898581">
    <ele>9.9</ele>
    <time>2020-09-16T23:07:58.000Z</time>
   </trkpt>
   <trkpt lat="-8.032558" lon="-34.8986">
    <ele>9.9</ele>
    <time>2020-09-16T23:07:59.000Z</time>
   </trkpt>
   <trkpt lat="-8.032599" lon="-34.898615">
    <ele>9.9</ele>
    <time>2020-09-16T23:08:00.000Z</time>
   </trkpt>
   <trkpt lat="-8.03264" lon="-34.89863">
    <ele>9.9</ele>
    <time>2020-09-16T23:08:01.000Z</time>
   </trkpt>
   <trkpt lat="-8.032681" lon="-34.898649">
    <ele>9.9</ele>
    <time>2020-09-16T23:08:02.000Z</time>
   </trkpt>
   <trkpt lat="-8.032732" lon="-34.898679">
    <ele>9.9</ele>
    <time>2020-09-16T23:08:03.000Z</time>
   </trkpt>
   <trkpt lat="-8.032783" lon="-34.898703">
    <ele>9.9</ele>
    <time>2020-09-16T23:08:04.000Z</time>
   </trkpt>
   <trkpt lat="-8.032829" lon="-34.898726">
    <ele>9.9</ele>
    <time>2020-09-16T23:08:05.000Z</time>
   </trkpt>
   <trkpt lat="-8.032876" lon="-34.898752">
    <ele>10</ele>
    <time>2020-09-16T23:08:06.000Z</time>
   </trkpt>
   <trkpt lat="-8.032928" lon="-34.898786">
    <ele>10</ele>
    <time>2020-09-16T23:08:07.000Z</time>
   </trkpt>
   <trkpt lat="-8.032979" lon="-34.898817">
    <ele>10</ele>
    <time>2020-09-16T23:08:08.000Z</time>
   </trkpt>
   <trkpt lat="-8.033024" lon="-34.898847">
    <ele>10.1</ele>
    <time>2020-09-16T23:08:09.000Z</time>
   </trkpt>
   <trkpt lat="-8.033073" lon="-34.898875">
    <ele>10.1</ele>
    <time>2020-09-16T23:08:10.000Z</time>
   </trkpt>
   <trkpt lat="-8.033115" lon="-34.898902">
    <ele>10.1</ele>
    <time>2020-09-16T23:08:11.000Z</time>
   </trkpt>
   <trkpt lat="-8.033159" lon="-34.898928">
    <ele>10.1</ele>
    <time>2020-09-16T23:08:12.000Z</time>
   </trkpt>
   <trkpt lat="-8.033206" lon="-34.89896">
    <ele>10.1</ele>
    <time>2020-09-16T23:08:13.000Z</time>
   </trkpt>
   <trkpt lat="-8.033246" lon="-34.89899">
    <ele>10.1</ele>
    <time>2020-09-16T23:08:14.000Z</time>
   </trkpt>
   <trkpt lat="-8.033285" lon="-34.899024">
    <ele>10.2</ele>
    <time>2020-09-16T23:08:15.000Z</time>
   </trkpt>
   <trkpt lat="-8.033322" lon="-34.899047">
    <ele>10.2</ele>
    <time>2020-09-16T23:08:16.000Z</time>
   </trkpt>
   <trkpt lat="-8.03336" lon="-34.899068">
    <ele>10.2</ele>
    <time>2020-09-16T23:08:17.000Z</time>
   </trkpt>
   <trkpt lat="-8.033388" lon="-34.899083">
    <ele>10.2</ele>
    <time>2020-09-16T23:08:18.000Z</time>
   </trkpt>
   <trkpt lat="-8.033416" lon="-34.8991">
    <ele>10.2</ele>
    <time>2020-09-16T23:08:19.000Z</time>
   </trkpt>
   <trkpt lat="-8.033454" lon="-34.899124">
    <ele>10.2</ele>
    <time>2020-09-16T23:08:21.000Z</time>
   </trkpt>
   <trkpt lat="-8.033479" lon="-34.899137">
    <ele>10.2</ele>
    <time>2020-09-16T23:08:22.000Z</time>
   </trkpt>
   <trkpt lat="-8.033537" lon="-34.899164">
    <ele>10.2</ele>
    <time>2020-09-16T23:08:24.000Z</time>
   </trkpt>
   <trkpt lat="-8.033566" lon="-34.899172">
    <ele>10.2</ele>
    <time>2020-09-16T23:08:25.000Z</time>
   </trkpt>
   <trkpt lat="-8.033602" lon="-34.899179">
    <ele>10.2</ele>
    <time>2020-09-16T23:08:26.000Z</time>
   </trkpt>
   <trkpt lat="-8.033636" lon="-34.899188">
    <ele>10.3</ele>
    <time>2020-09-16T23:08:27.000Z</time>
   </trkpt>
   <trkpt lat="-8.033682" lon="-34.899191">
    <ele>10.3</ele>
    <time>2020-09-16T23:08:28.000Z</time>
   </trkpt>
   <trkpt lat="-8.03372" lon="-34.899194">
    <ele>10.3</ele>
    <time>2020-09-16T23:08:29.000Z</time>
   </trkpt>
   <trkpt lat="-8.033759" lon="-34.899202">
    <ele>10.2</ele>
    <time>2020-09-16T23:08:30.000Z</time>
   </trkpt>
   <trkpt lat="-8.03379" lon="-34.899214">
    <ele>10.2</ele>
    <time>2020-09-16T23:08:31.000Z</time>
   </trkpt>
   <trkpt lat="-8.033832" lon="-34.899238">
    <ele>10.2</ele>
    <time>2020-09-16T23:08:32.000Z</time>
   </trkpt>
   <trkpt lat="-8.033872" lon="-34.89926">
    <ele>10.2</ele>
    <time>2020-09-16T23:08:33.000Z</time>
   </trkpt>
   <trkpt lat="-8.033918" lon="-34.899283">
    <ele>10.2</ele>
    <time>2020-09-16T23:08:34.000Z</time>
   </trkpt>
   <trkpt lat="-8.033964" lon="-34.899298">
    <ele>10.3</ele>
    <time>2020-09-16T23:08:35.000Z</time>
   </trkpt>
   <trkpt lat="-8.033991" lon="-34.899307">
    <ele>10.3</ele>
    <time>2020-09-16T23:08:36.000Z</time>
   </trkpt>
   <trkpt lat="-8.034031" lon="-34.899329">
    <ele>10.3</ele>
    <time>2020-09-16T23:08:37.000Z</time>
   </trkpt>
   <trkpt lat="-8.03407" lon="-34.899353">
    <ele>10.3</ele>
    <time>2020-09-16T23:08:38.000Z</time>
   </trkpt>
   <trkpt lat="-8.034097" lon="-34.899377">
    <ele>10.3</ele>
    <time>2020-09-16T23:08:39.000Z</time>
   </trkpt>
   <trkpt lat="-8.034128" lon="-34.899404">
    <ele>10.3</ele>
    <time>2020-09-16T23:08:40.000Z</time>
   </trkpt>
   <trkpt lat="-8.034174" lon="-34.899455">
    <ele>10.3</ele>
    <time>2020-09-16T23:08:41.000Z</time>
   </trkpt>
   <trkpt lat="-8.034228" lon="-34.899518">
    <ele>10.2</ele>
    <time>2020-09-16T23:08:42.000Z</time>
   </trkpt>
   <trkpt lat="-8.034259" lon="-34.89955">
    <ele>10.2</ele>
    <time>2020-09-16T23:08:43.000Z</time>
   </trkpt>
   <trkpt lat="-8.034289" lon="-34.899576">
    <ele>10.2</ele>
    <time>2020-09-16T23:08:44.000Z</time>
   </trkpt>
   <trkpt lat="-8.034324" lon="-34.899598">
    <ele>10.3</ele>
    <time>2020-09-16T23:08:45.000Z</time>
   </trkpt>
   <trkpt lat="-8.034368" lon="-34.899619">
    <ele>10.3</ele>
    <time>2020-09-16T23:08:46.000Z</time>
   </trkpt>
   <trkpt lat="-8.034411" lon="-34.899638">
    <ele>10.4</ele>
    <time>2020-09-16T23:08:47.000Z</time>
   </trkpt>
   <trkpt lat="-8.034458" lon="-34.899658">
    <ele>10.5</ele>
    <time>2020-09-16T23:08:48.000Z</time>
   </trkpt>
   <trkpt lat="-8.034518" lon="-34.89968">
    <ele>10.6</ele>
    <time>2020-09-16T23:08:49.000Z</time>
   </trkpt>
   <trkpt lat="-8.034566" lon="-34.899711">
    <ele>10.7</ele>
    <time>2020-09-16T23:08:50.000Z</time>
   </trkpt>
   <trkpt lat="-8.034606" lon="-34.899737">
    <ele>10.8</ele>
    <time>2020-09-16T23:08:51.000Z</time>
   </trkpt>
   <trkpt lat="-8.034638" lon="-34.899774">
    <ele>10.9</ele>
    <time>2020-09-16T23:08:52.000Z</time>
   </trkpt>
   <trkpt lat="-8.034666" lon="-34.89982">
    <ele>11</ele>
    <time>2020-09-16T23:08:53.000Z</time>
   </trkpt>
   <trkpt lat="-8.034709" lon="-34.899896">
    <ele>11.2</ele>
    <time>2020-09-16T23:08:54.000Z</time>
   </trkpt>
   <trkpt lat="-8.034738" lon="-34.89996">
    <ele>11.3</ele>
    <time>2020-09-16T23:08:55.000Z</time>
   </trkpt>
   <trkpt lat="-8.034755" lon="-34.900026">
    <ele>11.4</ele>
    <time>2020-09-16T23:08:56.000Z</time>
   </trkpt>
   <trkpt lat="-8.034766" lon="-34.900076">
    <ele>11.5</ele>
    <time>2020-09-16T23:08:57.000Z</time>
   </trkpt>
   <trkpt lat="-8.034763" lon="-34.90013">
    <ele>11.6</ele>
    <time>2020-09-16T23:08:58.000Z</time>
   </trkpt>
   <trkpt lat="-8.034768" lon="-34.900166">
    <ele>11.7</ele>
    <time>2020-09-16T23:08:59.000Z</time>
   </trkpt>
   <trkpt lat="-8.034796" lon="-34.900218">
    <ele>11.8</ele>
    <time>2020-09-16T23:09:00.000Z</time>
   </trkpt>
   <trkpt lat="-8.034813" lon="-34.900259">
    <ele>11.9</ele>
    <time>2020-09-16T23:09:01.000Z</time>
   </trkpt>
   <trkpt lat="-8.034836" lon="-34.900308">
    <ele>12</ele>
    <time>2020-09-16T23:09:02.000Z</time>
   </trkpt>
   <trkpt lat="-8.03486" lon="-34.900355">
    <ele>12.2</ele>
    <time>2020-09-16T23:09:03.000Z</time>
   </trkpt>
   <trkpt lat="-8.034884" lon="-34.90041">
    <ele>12.1</ele>
    <time>2020-09-16T23:09:04.000Z</time>
   </trkpt>
   <trkpt lat="-8.034891" lon="-34.900455">
    <ele>12.1</ele>
    <time>2020-09-16T23:09:05.000Z</time>
   </trkpt>
   <trkpt lat="-8.034897" lon="-34.900514">
    <ele>12</ele>
    <time>2020-09-16T23:09:06.000Z</time>
   </trkpt>
   <trkpt lat="-8.034895" lon="-34.900563">
    <ele>12</ele>
    <time>2020-09-16T23:09:07.000Z</time>
   </trkpt>
   <trkpt lat="-8.034889" lon="-34.900612">
    <ele>11.9</ele>
    <time>2020-09-16T23:09:08.000Z</time>
   </trkpt>
   <trkpt lat="-8.034882" lon="-34.900647">
    <ele>11.9</ele>
    <time>2020-09-16T23:09:09.000Z</time>
   </trkpt>
   <trkpt lat="-8.034867" lon="-34.900697">
    <ele>11.9</ele>
    <time>2020-09-16T23:09:10.000Z</time>
   </trkpt>
   <trkpt lat="-8.034853" lon="-34.90074">
    <ele>11.8</ele>
    <time>2020-09-16T23:09:11.000Z</time>
   </trkpt>
   <trkpt lat="-8.034865" lon="-34.900783">
    <ele>11.8</ele>
    <time>2020-09-16T23:09:12.000Z</time>
   </trkpt>
   <trkpt lat="-8.034866" lon="-34.900821">
    <ele>11.8</ele>
    <time>2020-09-16T23:09:13.000Z</time>
   </trkpt>
   <trkpt lat="-8.034853" lon="-34.900875">
    <ele>11.7</ele>
    <time>2020-09-16T23:09:14.000Z</time>
   </trkpt>
   <trkpt lat="-8.034823" lon="-34.900929">
    <ele>11.7</ele>
    <time>2020-09-16T23:09:15.000Z</time>
   </trkpt>
   <trkpt lat="-8.034782" lon="-34.900979">
    <ele>11.7</ele>
    <time>2020-09-16T23:09:16.000Z</time>
   </trkpt>
   <trkpt lat="-8.034751" lon="-34.90103">
    <ele>11.7</ele>
    <time>2020-09-16T23:09:17.000Z</time>
   </trkpt>
   <trkpt lat="-8.034733" lon="-34.901064">
    <ele>11.7</ele>
    <time>2020-09-16T23:09:18.000Z</time>
   </trkpt>
   <trkpt lat="-8.034725" lon="-34.901094">
    <ele>11.6</ele>
    <time>2020-09-16T23:09:19.000Z</time>
   </trkpt>
   <trkpt lat="-8.034715" lon="-34.901126">
    <ele>11.6</ele>
    <time>2020-09-16T23:09:20.000Z</time>
   </trkpt>
   <trkpt lat="-8.034697" lon="-34.901164">
    <ele>11.6</ele>
    <time>2020-09-16T23:09:21.000Z</time>
   </trkpt>
   <trkpt lat="-8.034706" lon="-34.901211">
    <ele>11.6</ele>
    <time>2020-09-16T23:09:23.000Z</time>
   </trkpt>
   <trkpt lat="-8.034699" lon="-34.901252">
    <ele>11.6</ele>
    <time>2020-09-16T23:09:24.000Z</time>
   </trkpt>
   <trkpt lat="-8.034678" lon="-34.901285">
    <ele>11.6</ele>
    <time>2020-09-16T23:09:25.000Z</time>
   </trkpt>
   <trkpt lat="-8.034662" lon="-34.901331">
    <ele>11.7</ele>
    <time>2020-09-16T23:09:27.000Z</time>
   </trkpt>
   <trkpt lat="-8.034637" lon="-34.901386">
    <ele>11.7</ele>
    <time>2020-09-16T23:09:29.000Z</time>
   </trkpt>
   <trkpt lat="-8.034614" lon="-34.901441">
    <ele>11.7</ele>
    <time>2020-09-16T23:09:30.000Z</time>
   </trkpt>
   <trkpt lat="-8.034561" lon="-34.901522">
    <ele>11.8</ele>
    <time>2020-09-16T23:09:31.000Z</time>
   </trkpt>
   <trkpt lat="-8.034519" lon="-34.901589">
    <ele>11.8</ele>
    <time>2020-09-16T23:09:32.000Z</time>
   </trkpt>
   <trkpt lat="-8.034515" lon="-34.901671">
    <ele>11.9</ele>
    <time>2020-09-16T23:09:33.000Z</time>
   </trkpt>
   <trkpt lat="-8.034557" lon="-34.901779">
    <ele>12</ele>
    <time>2020-09-16T23:09:34.000Z</time>
   </trkpt>
   <trkpt lat="-8.03462" lon="-34.901884">
    <ele>12</ele>
    <time>2020-09-16T23:09:35.000Z</time>
   </trkpt>
   <trkpt lat="-8.034655" lon="-34.902004">
    <ele>12.1</ele>
    <time>2020-09-16T23:09:36.000Z</time>
   </trkpt>
   <trkpt lat="-8.034688" lon="-34.902086">
    <ele>12.2</ele>
    <time>2020-09-16T23:09:37.000Z</time>
   </trkpt>
   <trkpt lat="-8.034708" lon="-34.902146">
    <ele>12.2</ele>
    <time>2020-09-16T23:09:38.000Z</time>
   </trkpt>
   <trkpt lat="-8.034723" lon="-34.902189">
    <ele>12.3</ele>
    <time>2020-09-16T23:09:39.000Z</time>
   </trkpt>
   <trkpt lat="-8.034738" lon="-34.902238">
    <ele>12.3</ele>
    <time>2020-09-16T23:09:40.000Z</time>
   </trkpt>
   <trkpt lat="-8.034752" lon="-34.902277">
    <ele>12.3</ele>
    <time>2020-09-16T23:09:41.000Z</time>
   </trkpt>
   <trkpt lat="-8.034772" lon="-34.902325">
    <ele>12.4</ele>
    <time>2020-09-16T23:09:42.000Z</time>
   </trkpt>
   <trkpt lat="-8.034791" lon="-34.902376">
    <ele>12.4</ele>
    <time>2020-09-16T23:09:43.000Z</time>
   </trkpt>
   <trkpt lat="-8.034798" lon="-34.902408">
    <ele>12.4</ele>
    <time>2020-09-16T23:09:44.000Z</time>
   </trkpt>
   <trkpt lat="-8.0348" lon="-34.902436">
    <ele>12.4</ele>
    <time>2020-09-16T23:09:45.000Z</time>
   </trkpt>
   <trkpt lat="-8.034803" lon="-34.902473">
    <ele>12.5</ele>
    <time>2020-09-16T23:09:46.000Z</time>
   </trkpt>
   <trkpt lat="-8.034806" lon="-34.90252">
    <ele>12.5</ele>
    <time>2020-09-16T23:09:47.000Z</time>
   </trkpt>
   <trkpt lat="-8.034814" lon="-34.902561">
    <ele>12.5</ele>
    <time>2020-09-16T23:09:48.000Z</time>
   </trkpt>
   <trkpt lat="-8.034828" lon="-34.902605">
    <ele>12.6</ele>
    <time>2020-09-16T23:09:49.000Z</time>
   </trkpt>
   <trkpt lat="-8.034842" lon="-34.902645">
    <ele>12.6</ele>
    <time>2020-09-16T23:09:50.000Z</time>
   </trkpt>
   <trkpt lat="-8.034855" lon="-34.902677">
    <ele>12.6</ele>
    <time>2020-09-16T23:09:51.000Z</time>
   </trkpt>
   <trkpt lat="-8.034861" lon="-34.902705">
    <ele>12.6</ele>
    <time>2020-09-16T23:09:52.000Z</time>
   </trkpt>
   <trkpt lat="-8.034872" lon="-34.902738">
    <ele>12.6</ele>
    <time>2020-09-16T23:09:53.000Z</time>
   </trkpt>
   <trkpt lat="-8.034886" lon="-34.902777">
    <ele>12.7</ele>
    <time>2020-09-16T23:09:54.000Z</time>
   </trkpt>
   <trkpt lat="-8.0349" lon="-34.902813">
    <ele>12.7</ele>
    <time>2020-09-16T23:09:55.000Z</time>
   </trkpt>
   <trkpt lat="-8.034916" lon="-34.902847">
    <ele>12.7</ele>
    <time>2020-09-16T23:09:56.000Z</time>
   </trkpt>
   <trkpt lat="-8.034938" lon="-34.902882">
    <ele>12.7</ele>
    <time>2020-09-16T23:09:57.000Z</time>
   </trkpt>
   <trkpt lat="-8.03496" lon="-34.90292">
    <ele>12.7</ele>
    <time>2020-09-16T23:09:58.000Z</time>
   </trkpt>
   <trkpt lat="-8.034978" lon="-34.902963">
    <ele>12.7</ele>
    <time>2020-09-16T23:09:59.000Z</time>
   </trkpt>
   <trkpt lat="-8.035002" lon="-34.903011">
    <ele>12.8</ele>
    <time>2020-09-16T23:10:00.000Z</time>
   </trkpt>
   <trkpt lat="-8.035028" lon="-34.903055">
    <ele>12.8</ele>
    <time>2020-09-16T23:10:01.000Z</time>
   </trkpt>
   <trkpt lat="-8.035047" lon="-34.903094">
    <ele>12.8</ele>
    <time>2020-09-16T23:10:02.000Z</time>
   </trkpt>
   <trkpt lat="-8.035069" lon="-34.903129">
    <ele>12.8</ele>
    <time>2020-09-16T23:10:03.000Z</time>
   </trkpt>
   <trkpt lat="-8.035091" lon="-34.903156">
    <ele>12.8</ele>
    <time>2020-09-16T23:10:04.000Z</time>
   </trkpt>
   <trkpt lat="-8.035115" lon="-34.903182">
    <ele>12.9</ele>
    <time>2020-09-16T23:10:05.000Z</time>
   </trkpt>
   <trkpt lat="-8.035139" lon="-34.9032">
    <ele>12.9</ele>
    <time>2020-09-16T23:10:06.000Z</time>
   </trkpt>
   <trkpt lat="-8.035174" lon="-34.903236">
    <ele>12.9</ele>
    <time>2020-09-16T23:10:08.000Z</time>
   </trkpt>
   <trkpt lat="-8.035249" lon="-34.90328">
    <ele>12.9</ele>
    <time>2020-09-16T23:10:10.000Z</time>
   </trkpt>
   <trkpt lat="-8.03529" lon="-34.903318">
    <ele>12.9</ele>
    <time>2020-09-16T23:10:11.000Z</time>
   </trkpt>
   <trkpt lat="-8.035315" lon="-34.90335">
    <ele>12.9</ele>
    <time>2020-09-16T23:10:12.000Z</time>
   </trkpt>
   <trkpt lat="-8.035349" lon="-34.903391">
    <ele>12.9</ele>
    <time>2020-09-16T23:10:13.000Z</time>
   </trkpt>
   <trkpt lat="-8.035381" lon="-34.903415">
    <ele>12.8</ele>
    <time>2020-09-16T23:10:14.000Z</time>
   </trkpt>
   <trkpt lat="-8.035409" lon="-34.903445">
    <ele>12.8</ele>
    <time>2020-09-16T23:10:15.000Z</time>
   </trkpt>
   <trkpt lat="-8.035438" lon="-34.903472">
    <ele>12.8</ele>
    <time>2020-09-16T23:10:16.000Z</time>
   </trkpt>
   <trkpt lat="-8.035461" lon="-34.903495">
    <ele>12.8</ele>
    <time>2020-09-16T23:10:17.000Z</time>
   </trkpt>
   <trkpt lat="-8.035492" lon="-34.903518">
    <ele>12.8</ele>
    <time>2020-09-16T23:10:18.000Z</time>
   </trkpt>
   <trkpt lat="-8.035526" lon="-34.903556">
    <ele>12.8</ele>
    <time>2020-09-16T23:10:19.000Z</time>
   </trkpt>
   <trkpt lat="-8.035545" lon="-34.903589">
    <ele>12.8</ele>
    <time>2020-09-16T23:10:20.000Z</time>
   </trkpt>
   <trkpt lat="-8.035562" lon="-34.903613">
    <ele>12.8</ele>
    <time>2020-09-16T23:10:21.000Z</time>
   </trkpt>
   <trkpt lat="-8.035581" lon="-34.903646">
    <ele>12.8</ele>
    <time>2020-09-16T23:10:22.000Z</time>
   </trkpt>
   <trkpt lat="-8.035604" lon="-34.903695">
    <ele>12.8</ele>
    <time>2020-09-16T23:10:23.000Z</time>
   </trkpt>
   <trkpt lat="-8.035627" lon="-34.903746">
    <ele>12.8</ele>
    <time>2020-09-16T23:10:24.000Z</time>
   </trkpt>
   <trkpt lat="-8.035655" lon="-34.903804">
    <ele>12.8</ele>
    <time>2020-09-16T23:10:25.000Z</time>
   </trkpt>
   <trkpt lat="-8.035693" lon="-34.903852">
    <ele>12.8</ele>
    <time>2020-09-16T23:10:26.000Z</time>
   </trkpt>
   <trkpt lat="-8.035726" lon="-34.903892">
    <ele>12.7</ele>
    <time>2020-09-16T23:10:27.000Z</time>
   </trkpt>
   <trkpt lat="-8.035757" lon="-34.903926">
    <ele>12.7</ele>
    <time>2020-09-16T23:10:28.000Z</time>
   </trkpt>
   <trkpt lat="-8.035776" lon="-34.903962">
    <ele>12.7</ele>
    <time>2020-09-16T23:10:29.000Z</time>
   </trkpt>
   <trkpt lat="-8.035788" lon="-34.904014">
    <ele>12.7</ele>
    <time>2020-09-16T23:10:30.000Z</time>
   </trkpt>
   <trkpt lat="-8.035791" lon="-34.904059">
    <ele>12.7</ele>
    <time>2020-09-16T23:10:31.000Z</time>
   </trkpt>
   <trkpt lat="-8.03578" lon="-34.904115">
    <ele>12.8</ele>
    <time>2020-09-16T23:10:32.000Z</time>
   </trkpt>
   <trkpt lat="-8.035765" lon="-34.90417">
    <ele>12.8</ele>
    <time>2020-09-16T23:10:33.000Z</time>
   </trkpt>
   <trkpt lat="-8.035749" lon="-34.904268">
    <ele>12.8</ele>
    <time>2020-09-16T23:10:34.000Z</time>
   </trkpt>
   <trkpt lat="-8.035731" lon="-34.904307">
    <ele>12.8</ele>
    <time>2020-09-16T23:10:35.000Z</time>
   </trkpt>
   <trkpt lat="-8.035722" lon="-34.904345">
    <ele>12.7</ele>
    <time>2020-09-16T23:10:36.000Z</time>
   </trkpt>
   <trkpt lat="-8.035713" lon="-34.904397">
    <ele>12.7</ele>
    <time>2020-09-16T23:10:37.000Z</time>
   </trkpt>
   <trkpt lat="-8.035702" lon="-34.90444">
    <ele>12.7</ele>
    <time>2020-09-16T23:10:38.000Z</time>
   </trkpt>
   <trkpt lat="-8.035675" lon="-34.904492">
    <ele>12.6</ele>
    <time>2020-09-16T23:10:39.000Z</time>
   </trkpt>
   <trkpt lat="-8.035653" lon="-34.904533">
    <ele>12.6</ele>
    <time>2020-09-16T23:10:40.000Z</time>
   </trkpt>
   <trkpt lat="-8.035626" lon="-34.904567">
    <ele>12.6</ele>
    <time>2020-09-16T23:10:41.000Z</time>
   </trkpt>
   <trkpt lat="-8.035579" lon="-34.904604">
    <ele>12.5</ele>
    <time>2020-09-16T23:10:42.000Z</time>
   </trkpt>
   <trkpt lat="-8.035524" lon="-34.904656">
    <ele>12.5</ele>
    <time>2020-09-16T23:10:43.000Z</time>
   </trkpt>
   <trkpt lat="-8.035481" lon="-34.904686">
    <ele>12.5</ele>
    <time>2020-09-16T23:10:44.000Z</time>
   </trkpt>
   <trkpt lat="-8.035429" lon="-34.904724">
    <ele>12.5</ele>
    <time>2020-09-16T23:10:45.000Z</time>
   </trkpt>
   <trkpt lat="-8.035362" lon="-34.904773">
    <ele>12.4</ele>
    <time>2020-09-16T23:10:46.000Z</time>
   </trkpt>
   <trkpt lat="-8.035293" lon="-34.90481">
    <ele>12.3</ele>
    <time>2020-09-16T23:10:47.000Z</time>
   </trkpt>
   <trkpt lat="-8.035227" lon="-34.904835">
    <ele>12.2</ele>
    <time>2020-09-16T23:10:48.000Z</time>
   </trkpt>
   <trkpt lat="-8.035176" lon="-34.904857">
    <ele>12.2</ele>
    <time>2020-09-16T23:10:49.000Z</time>
   </trkpt>
   <trkpt lat="-8.03514" lon="-34.904862">
    <ele>12.2</ele>
    <time>2020-09-16T23:10:50.000Z</time>
   </trkpt>
   <trkpt lat="-8.035093" lon="-34.904854">
    <ele>12.2</ele>
    <time>2020-09-16T23:10:52.000Z</time>
   </trkpt>
   <trkpt lat="-8.035059" lon="-34.904847">
    <ele>12.2</ele>
    <time>2020-09-16T23:10:53.000Z</time>
   </trkpt>
   <trkpt lat="-8.035026" lon="-34.904845">
    <ele>12.1</ele>
    <time>2020-09-16T23:10:55.000Z</time>
   </trkpt>
   <trkpt lat="-8.034991" lon="-34.904847">
    <ele>12.1</ele>
    <time>2020-09-16T23:10:57.000Z</time>
   </trkpt>
   <trkpt lat="-8.034955" lon="-34.904848">
    <ele>12.1</ele>
    <time>2020-09-16T23:11:00.000Z</time>
   </trkpt>
   <trkpt lat="-8.035236" lon="-34.905011">
    <ele>12.1</ele>
    <time>2020-09-16T23:11:15.000Z</time>
   </trkpt>
   <trkpt lat="-8.035226" lon="-34.905078">
    <ele>12.1</ele>
    <time>2020-09-16T23:11:21.000Z</time>
   </trkpt>
   <trkpt lat="-8.035197" lon="-34.905095">
    <ele>12.1</ele>
    <time>2020-09-16T23:11:22.000Z</time>
   </trkpt>
   <trkpt lat="-8.035167" lon="-34.905126">
    <ele>12.1</ele>
    <time>2020-09-16T23:11:23.000Z</time>
   </trkpt>
   <trkpt lat="-8.03515" lon="-34.905159">
    <ele>12</ele>
    <time>2020-09-16T23:11:24.000Z</time>
   </trkpt>
   <trkpt lat="-8.035132" lon="-34.905187">
    <ele>12</ele>
    <time>2020-09-16T23:11:25.000Z</time>
   </trkpt>
   <trkpt lat="-8.035111" lon="-34.905213">
    <ele>12</ele>
    <time>2020-09-16T23:11:26.000Z</time>
   </trkpt>
   <trkpt lat="-8.035084" lon="-34.905225">
    <ele>12</ele>
    <time>2020-09-16T23:11:27.000Z</time>
   </trkpt>
   <trkpt lat="-8.035021" lon="-34.905222">
    <ele>12</ele>
    <time>2020-09-16T23:11:28.000Z</time>
   </trkpt>
   <trkpt lat="-8.034976" lon="-34.905213">
    <ele>12</ele>
    <time>2020-09-16T23:11:29.000Z</time>
   </trkpt>
   <trkpt lat="-8.034958" lon="-34.90526">
    <ele>12</ele>
    <time>2020-09-16T23:11:30.000Z</time>
   </trkpt>
   <trkpt lat="-8.034941" lon="-34.905297">
    <ele>12</ele>
    <time>2020-09-16T23:11:32.000Z</time>
   </trkpt>
   <trkpt lat="-8.034961" lon="-34.905317">
    <ele>12</ele>
    <time>2020-09-16T23:11:34.000Z</time>
   </trkpt>
   <trkpt lat="-8.034995" lon="-34.905351">
    <ele>12</ele>
    <time>2020-09-16T23:11:35.000Z</time>
   </trkpt>
   <trkpt lat="-8.035077" lon="-34.905452">
    <ele>11.9</ele>
    <time>2020-09-16T23:11:37.000Z</time>
   </trkpt>
   <trkpt lat="-8.035132" lon="-34.905501">
    <ele>11.9</ele>
    <time>2020-09-16T23:11:38.000Z</time>
   </trkpt>
   <trkpt lat="-8.035188" lon="-34.905554">
    <ele>11.9</ele>
    <time>2020-09-16T23:11:39.000Z</time>
   </trkpt>
   <trkpt lat="-8.035224" lon="-34.905597">
    <ele>11.9</ele>
    <time>2020-09-16T23:11:40.000Z</time>
   </trkpt>
   <trkpt lat="-8.035259" lon="-34.905649">
    <ele>11.9</ele>
    <time>2020-09-16T23:11:41.000Z</time>
   </trkpt>
   <trkpt lat="-8.035282" lon="-34.905685">
    <ele>11.9</ele>
    <time>2020-09-16T23:11:42.000Z</time>
   </trkpt>
   <trkpt lat="-8.035304" lon="-34.905702">
    <ele>11.9</ele>
    <time>2020-09-16T23:11:43.000Z</time>
   </trkpt>
   <trkpt lat="-8.035313" lon="-34.905724">
    <ele>11.9</ele>
    <time>2020-09-16T23:11:45.000Z</time>
   </trkpt>
   <trkpt lat="-8.035332" lon="-34.905756">
    <ele>12</ele>
    <time>2020-09-16T23:11:47.000Z</time>
   </trkpt>
   <trkpt lat="-8.035319" lon="-34.905792">
    <ele>12</ele>
    <time>2020-09-16T23:11:49.000Z</time>
   </trkpt>
   <trkpt lat="-8.035368" lon="-34.905819">
    <ele>12</ele>
    <time>2020-09-16T23:11:50.000Z</time>
   </trkpt>
   <trkpt lat="-8.035415" lon="-34.905842">
    <ele>12</ele>
    <time>2020-09-16T23:11:51.000Z</time>
   </trkpt>
   <trkpt lat="-8.035451" lon="-34.905887">
    <ele>12.1</ele>
    <time>2020-09-16T23:11:52.000Z</time>
   </trkpt>
   <trkpt lat="-8.035489" lon="-34.905941">
    <ele>12.1</ele>
    <time>2020-09-16T23:11:53.000Z</time>
   </trkpt>
   <trkpt lat="-8.035523" lon="-34.905939">
    <ele>12.1</ele>
    <time>2020-09-16T23:11:55.000Z</time>
   </trkpt>
   <trkpt lat="-8.035557" lon="-34.905932">
    <ele>12</ele>
    <time>2020-09-16T23:11:56.000Z</time>
   </trkpt>
   <trkpt lat="-8.0356" lon="-34.905918">
    <ele>11.8</ele>
    <time>2020-09-16T23:11:57.000Z</time>
   </trkpt>
   <trkpt lat="-8.035642" lon="-34.905907">
    <ele>12.3</ele>
    <time>2020-09-16T23:11:58.000Z</time>
   </trkpt>
   <trkpt lat="-8.035681" lon="-34.905902">
    <ele>12.8</ele>
    <time>2020-09-16T23:11:59.000Z</time>
   </trkpt>
   <trkpt lat="-8.035723" lon="-34.905929">
    <ele>13.9</ele>
    <time>2020-09-16T23:12:01.000Z</time>
   </trkpt>
   <trkpt lat="-8.035779" lon="-34.905928">
    <ele>14.1</ele>
    <time>2020-09-16T23:12:02.000Z</time>
   </trkpt>
   <trkpt lat="-8.035833" lon="-34.90594">
    <ele>14.4</ele>
    <time>2020-09-16T23:12:03.000Z</time>
   </trkpt>
   <trkpt lat="-8.035888" lon="-34.905953">
    <ele>14.7</ele>
    <time>2020-09-16T23:12:04.000Z</time>
   </trkpt>
   <trkpt lat="-8.035935" lon="-34.905962">
    <ele>15</ele>
    <time>2020-09-16T23:12:05.000Z</time>
   </trkpt>
   <trkpt lat="-8.035979" lon="-34.905986">
    <ele>16</ele>
    <time>2020-09-16T23:12:06.000Z</time>
   </trkpt>
   <trkpt lat="-8.03603" lon="-34.906006">
    <ele>16.4</ele>
    <time>2020-09-16T23:12:07.000Z</time>
   </trkpt>
   <trkpt lat="-8.036067" lon="-34.906006">
    <ele>16.6</ele>
    <time>2020-09-16T23:12:08.000Z</time>
   </trkpt>
   <trkpt lat="-8.036127" lon="-34.906003">
    <ele>16.7</ele>
    <time>2020-09-16T23:12:09.000Z</time>
   </trkpt>
   <trkpt lat="-8.036196" lon="-34.906007">
    <ele>16.8</ele>
    <time>2020-09-16T23:12:10.000Z</time>
   </trkpt>
   <trkpt lat="-8.036244" lon="-34.906011">
    <ele>17.4</ele>
    <time>2020-09-16T23:12:11.000Z</time>
   </trkpt>
   <trkpt lat="-8.03632" lon="-34.906033">
    <ele>17.4</ele>
    <time>2020-09-16T23:12:12.000Z</time>
   </trkpt>
   <trkpt lat="-8.036396" lon="-34.906064">
    <ele>17.6</ele>
    <time>2020-09-16T23:12:13.000Z</time>
   </trkpt>
   <trkpt lat="-8.03647" lon="-34.906098">
    <ele>17.1</ele>
    <time>2020-09-16T23:12:14.000Z</time>
   </trkpt>
   <trkpt lat="-8.036544" lon="-34.906135">
    <ele>16</ele>
    <time>2020-09-16T23:12:15.000Z</time>
   </trkpt>
   <trkpt lat="-8.036589" lon="-34.906148">
    <ele>16.2</ele>
    <time>2020-09-16T23:12:16.000Z</time>
   </trkpt>
   <trkpt lat="-8.03664" lon="-34.906147">
    <ele>15.7</ele>
    <time>2020-09-16T23:12:17.000Z</time>
   </trkpt>
   <trkpt lat="-8.036695" lon="-34.906131">
    <ele>14.5</ele>
    <time>2020-09-16T23:12:18.000Z</time>
   </trkpt>
   <trkpt lat="-8.036743" lon="-34.90611">
    <ele>14</ele>
    <time>2020-09-16T23:12:19.000Z</time>
   </trkpt>
   <trkpt lat="-8.036794" lon="-34.906087">
    <ele>13</ele>
    <time>2020-09-16T23:12:20.000Z</time>
   </trkpt>
   <trkpt lat="-8.036838" lon="-34.906058">
    <ele>13</ele>
    <time>2020-09-16T23:12:21.000Z</time>
   </trkpt>
   <trkpt lat="-8.036862" lon="-34.906021">
    <ele>13</ele>
    <time>2020-09-16T23:12:22.000Z</time>
   </trkpt>
   <trkpt lat="-8.036891" lon="-34.905994">
    <ele>13</ele>
    <time>2020-09-16T23:12:23.000Z</time>
   </trkpt>
   <trkpt lat="-8.036935" lon="-34.905964">
    <ele>13</ele>
    <time>2020-09-16T23:12:24.000Z</time>
   </trkpt>
   <trkpt lat="-8.03697" lon="-34.905954">
    <ele>13</ele>
    <time>2020-09-16T23:12:25.000Z</time>
   </trkpt>
   <trkpt lat="-8.037004" lon="-34.905942">
    <ele>13.1</ele>
    <time>2020-09-16T23:12:26.000Z</time>
   </trkpt>
   <trkpt lat="-8.037045" lon="-34.905921">
    <ele>13.1</ele>
    <time>2020-09-16T23:12:27.000Z</time>
   </trkpt>
   <trkpt lat="-8.037094" lon="-34.905902">
    <ele>13.1</ele>
    <time>2020-09-16T23:12:28.000Z</time>
   </trkpt>
   <trkpt lat="-8.037146" lon="-34.905873">
    <ele>13.1</ele>
    <time>2020-09-16T23:12:29.000Z</time>
   </trkpt>
   <trkpt lat="-8.037193" lon="-34.905854">
    <ele>13.1</ele>
    <time>2020-09-16T23:12:30.000Z</time>
   </trkpt>
   <trkpt lat="-8.037235" lon="-34.905832">
    <ele>13.1</ele>
    <time>2020-09-16T23:12:31.000Z</time>
   </trkpt>
   <trkpt lat="-8.037282" lon="-34.905813">
    <ele>13.2</ele>
    <time>2020-09-16T23:12:32.000Z</time>
   </trkpt>
   <trkpt lat="-8.037325" lon="-34.905792">
    <ele>13.2</ele>
    <time>2020-09-16T23:12:33.000Z</time>
   </trkpt>
   <trkpt lat="-8.037372" lon="-34.905769">
    <ele>13.2</ele>
    <time>2020-09-16T23:12:34.000Z</time>
   </trkpt>
   <trkpt lat="-8.037418" lon="-34.905747">
    <ele>13.2</ele>
    <time>2020-09-16T23:12:35.000Z</time>
   </trkpt>
   <trkpt lat="-8.037466" lon="-34.90572">
    <ele>13.2</ele>
    <time>2020-09-16T23:12:36.000Z</time>
   </trkpt>
   <trkpt lat="-8.037507" lon="-34.905695">
    <ele>13.2</ele>
    <time>2020-09-16T23:12:37.000Z</time>
   </trkpt>
   <trkpt lat="-8.037557" lon="-34.905671">
    <ele>13.1</ele>
    <time>2020-09-16T23:12:38.000Z</time>
   </trkpt>
   <trkpt lat="-8.037607" lon="-34.905643">
    <ele>13.1</ele>
    <time>2020-09-16T23:12:39.000Z</time>
   </trkpt>
   <trkpt lat="-8.03765" lon="-34.905621">
    <ele>13.1</ele>
    <time>2020-09-16T23:12:40.000Z</time>
   </trkpt>
   <trkpt lat="-8.037692" lon="-34.905598">
    <ele>13.1</ele>
    <time>2020-09-16T23:12:41.000Z</time>
   </trkpt>
   <trkpt lat="-8.037736" lon="-34.905571">
    <ele>13.1</ele>
    <time>2020-09-16T23:12:42.000Z</time>
   </trkpt>
   <trkpt lat="-8.037775" lon="-34.905547">
    <ele>13.1</ele>
    <time>2020-09-16T23:12:43.000Z</time>
   </trkpt>
   <trkpt lat="-8.037811" lon="-34.905519">
    <ele>13.1</ele>
    <time>2020-09-16T23:12:44.000Z</time>
   </trkpt>
   <trkpt lat="-8.03784" lon="-34.905494">
    <ele>13.1</ele>
    <time>2020-09-16T23:12:45.000Z</time>
   </trkpt>
   <trkpt lat="-8.037866" lon="-34.905475">
    <ele>13.1</ele>
    <time>2020-09-16T23:12:46.000Z</time>
   </trkpt>
   <trkpt lat="-8.037899" lon="-34.905458">
    <ele>13.1</ele>
    <time>2020-09-16T23:12:47.000Z</time>
   </trkpt>
   <trkpt lat="-8.037912" lon="-34.905414">
    <ele>13.1</ele>
    <time>2020-09-16T23:12:49.000Z</time>
   </trkpt>
   <trkpt lat="-8.037931" lon="-34.905412">
    <ele>13.2</ele>
    <time>2020-09-16T23:12:52.000Z</time>
   </trkpt>
   <trkpt lat="-8.037935" lon="-34.905391">
    <ele>13.2</ele>
    <time>2020-09-16T23:12:56.000Z</time>
   </trkpt>
   <trkpt lat="-8.037921" lon="-34.905403">
    <ele>13.2</ele>
    <time>2020-09-16T23:12:59.000Z</time>
   </trkpt>
   <trkpt lat="-8.03796" lon="-34.905391">
    <ele>13.2</ele>
    <time>2020-09-16T23:13:01.000Z</time>
   </trkpt>
   <trkpt lat="-8.037946" lon="-34.905229">
    <ele>13.2</ele>
    <time>2020-09-16T23:15:34.000Z</time>
   </trkpt>
   <trkpt lat="-8.037945" lon="-34.905184">
    <ele>13.1</ele>
    <time>2020-09-16T23:15:36.000Z</time>
   </trkpt>
   <trkpt lat="-8.038127" lon="-34.905304">
    <ele>13.1</ele>
    <time>2020-09-16T23:23:56.000Z</time>
   </trkpt>
   <trkpt lat="-8.038153" lon="-34.905294">
    <ele>13.1</ele>
    <time>2020-09-16T23:23:58.000Z</time>
   </trkpt>
   <trkpt lat="-8.038181" lon="-34.90526">
    <ele>13.1</ele>
    <time>2020-09-16T23:24:00.000Z</time>
   </trkpt>
   <trkpt lat="-8.038196" lon="-34.905239">
    <ele>13.1</ele>
    <time>2020-09-16T23:24:03.000Z</time>
   </trkpt>
   <trkpt lat="-8.038235" lon="-34.905218">
    <ele>13.1</ele>
    <time>2020-09-16T23:24:06.000Z</time>
   </trkpt>
   <trkpt lat="-8.038258" lon="-34.9052">
    <ele>13.1</ele>
    <time>2020-09-16T23:24:08.000Z</time>
   </trkpt>
   <trkpt lat="-8.038293" lon="-34.905178">
    <ele>13</ele>
    <time>2020-09-16T23:24:11.000Z</time>
   </trkpt>
   <trkpt lat="-8.03833" lon="-34.905162">
    <ele>13</ele>
    <time>2020-09-16T23:24:13.000Z</time>
   </trkpt>
   <trkpt lat="-8.038368" lon="-34.905145">
    <ele>13</ele>
    <time>2020-09-16T23:24:15.000Z</time>
   </trkpt>
   <trkpt lat="-8.038409" lon="-34.905118">
    <ele>13</ele>
    <time>2020-09-16T23:24:17.000Z</time>
   </trkpt>
   <trkpt lat="-8.038434" lon="-34.905104">
    <ele>12.9</ele>
    <time>2020-09-16T23:24:18.000Z</time>
   </trkpt>
   <trkpt lat="-8.038453" lon="-34.905082">
    <ele>12.9</ele>
    <time>2020-09-16T23:24:19.000Z</time>
   </trkpt>
   <trkpt lat="-8.038485" lon="-34.905042">
    <ele>12.9</ele>
    <time>2020-09-16T23:24:21.000Z</time>
   </trkpt>
   <trkpt lat="-8.038503" lon="-34.905021">
    <ele>12.9</ele>
    <time>2020-09-16T23:24:22.000Z</time>
   </trkpt>
   <trkpt lat="-8.038523" lon="-34.904998">
    <ele>12.9</ele>
    <time>2020-09-16T23:24:23.000Z</time>
   </trkpt>
   <trkpt lat="-8.038553" lon="-34.904982">
    <ele>12.9</ele>
    <time>2020-09-16T23:24:24.000Z</time>
   </trkpt>
   <trkpt lat="-8.038585" lon="-34.904967">
    <ele>12.9</ele>
    <time>2020-09-16T23:24:25.000Z</time>
   </trkpt>
   <trkpt lat="-8.038613" lon="-34.904947">
    <ele>12.9</ele>
    <time>2020-09-16T23:24:26.000Z</time>
   </trkpt>
   <trkpt lat="-8.038639" lon="-34.904919">
    <ele>12.9</ele>
    <time>2020-09-16T23:24:27.000Z</time>
   </trkpt>
   <trkpt lat="-8.038671" lon="-34.904903">
    <ele>12.9</ele>
    <time>2020-09-16T23:24:28.000Z</time>
   </trkpt>
   <trkpt lat="-8.038698" lon="-34.904891">
    <ele>12.9</ele>
    <time>2020-09-16T23:24:29.000Z</time>
   </trkpt>
   <trkpt lat="-8.038726" lon="-34.904877">
    <ele>12.9</ele>
    <time>2020-09-16T23:24:30.000Z</time>
   </trkpt>
   <trkpt lat="-8.038755" lon="-34.904858">
    <ele>12.9</ele>
    <time>2020-09-16T23:24:31.000Z</time>
   </trkpt>
   <trkpt lat="-8.038786" lon="-34.904832">
    <ele>12.9</ele>
    <time>2020-09-16T23:24:32.000Z</time>
   </trkpt>
   <trkpt lat="-8.03882" lon="-34.904802">
    <ele>12.9</ele>
    <time>2020-09-16T23:24:33.000Z</time>
   </trkpt>
   <trkpt lat="-8.038853" lon="-34.904773">
    <ele>12.9</ele>
    <time>2020-09-16T23:24:34.000Z</time>
   </trkpt>
   <trkpt lat="-8.038891" lon="-34.904748">
    <ele>12.9</ele>
    <time>2020-09-16T23:24:35.000Z</time>
   </trkpt>
   <trkpt lat="-8.038923" lon="-34.904718">
    <ele>12.9</ele>
    <time>2020-09-16T23:24:36.000Z</time>
   </trkpt>
   <trkpt lat="-8.038959" lon="-34.904692">
    <ele>12.9</ele>
    <time>2020-09-16T23:24:37.000Z</time>
   </trkpt>
   <trkpt lat="-8.039" lon="-34.904665">
    <ele>12.9</ele>
    <time>2020-09-16T23:24:38.000Z</time>
   </trkpt>
   <trkpt lat="-8.039034" lon="-34.904642">
    <ele>12.9</ele>
    <time>2020-09-16T23:24:39.000Z</time>
   </trkpt>
   <trkpt lat="-8.039071" lon="-34.904613">
    <ele>12.9</ele>
    <time>2020-09-16T23:24:40.000Z</time>
   </trkpt>
   <trkpt lat="-8.039103" lon="-34.904583">
    <ele>12.9</ele>
    <time>2020-09-16T23:24:41.000Z</time>
   </trkpt>
   <trkpt lat="-8.039136" lon="-34.904556">
    <ele>12.9</ele>
    <time>2020-09-16T23:24:42.000Z</time>
   </trkpt>
   <trkpt lat="-8.039169" lon="-34.904527">
    <ele>12.9</ele>
    <time>2020-09-16T23:24:43.000Z</time>
   </trkpt>
   <trkpt lat="-8.0392" lon="-34.904499">
    <ele>12.9</ele>
    <time>2020-09-16T23:24:44.000Z</time>
   </trkpt>
   <trkpt lat="-8.03923" lon="-34.90448">
    <ele>12.9</ele>
    <time>2020-09-16T23:24:45.000Z</time>
   </trkpt>
   <trkpt lat="-8.039259" lon="-34.904466">
    <ele>12.9</ele>
    <time>2020-09-16T23:24:46.000Z</time>
   </trkpt>
   <trkpt lat="-8.039292" lon="-34.904456">
    <ele>12.9</ele>
    <time>2020-09-16T23:24:47.000Z</time>
   </trkpt>
   <trkpt lat="-8.039328" lon="-34.904439">
    <ele>12.9</ele>
    <time>2020-09-16T23:24:48.000Z</time>
   </trkpt>
   <trkpt lat="-8.039361" lon="-34.904418">
    <ele>12.9</ele>
    <time>2020-09-16T23:24:49.000Z</time>
   </trkpt>
   <trkpt lat="-8.039399" lon="-34.904394">
    <ele>12.9</ele>
    <time>2020-09-16T23:24:50.000Z</time>
   </trkpt>
   <trkpt lat="-8.039443" lon="-34.904371">
    <ele>12.9</ele>
    <time>2020-09-16T23:24:51.000Z</time>
   </trkpt>
   <trkpt lat="-8.039477" lon="-34.904348">
    <ele>12.9</ele>
    <time>2020-09-16T23:24:52.000Z</time>
   </trkpt>
   <trkpt lat="-8.039517" lon="-34.904331">
    <ele>12.9</ele>
    <time>2020-09-16T23:24:53.000Z</time>
   </trkpt>
   <trkpt lat="-8.039542" lon="-34.904314">
    <ele>12.9</ele>
    <time>2020-09-16T23:24:54.000Z</time>
   </trkpt>
   <trkpt lat="-8.039566" lon="-34.9043">
    <ele>12.9</ele>
    <time>2020-09-16T23:24:55.000Z</time>
   </trkpt>
   <trkpt lat="-8.039601" lon="-34.904277">
    <ele>12.9</ele>
    <time>2020-09-16T23:24:57.000Z</time>
   </trkpt>
   <trkpt lat="-8.039637" lon="-34.904247">
    <ele>12.9</ele>
    <time>2020-09-16T23:24:59.000Z</time>
   </trkpt>
   <trkpt lat="-8.03967" lon="-34.904215">
    <ele>12.8</ele>
    <time>2020-09-16T23:25:01.000Z</time>
   </trkpt>
   <trkpt lat="-8.039692" lon="-34.904196">
    <ele>12.8</ele>
    <time>2020-09-16T23:25:02.000Z</time>
   </trkpt>
   <trkpt lat="-8.039719" lon="-34.904162">
    <ele>12.8</ele>
    <time>2020-09-16T23:25:04.000Z</time>
   </trkpt>
   <trkpt lat="-8.039742" lon="-34.904146">
    <ele>12.8</ele>
    <time>2020-09-16T23:25:07.000Z</time>
   </trkpt>
   <trkpt lat="-8.039762" lon="-34.904124">
    <ele>12.8</ele>
    <time>2020-09-16T23:25:11.000Z</time>
   </trkpt>
   <trkpt lat="-8.039733" lon="-34.904142">
    <ele>12.8</ele>
    <time>2020-09-16T23:25:14.000Z</time>
   </trkpt>
   <trkpt lat="-8.039704" lon="-34.90413">
    <ele>12.8</ele>
    <time>2020-09-16T23:25:17.000Z</time>
   </trkpt>
   <trkpt lat="-8.039841" lon="-34.904201">
    <ele>12.8</ele>
    <time>2020-09-16T23:25:37.000Z</time>
   </trkpt>
   <trkpt lat="-8.039894" lon="-34.904192">
    <ele>12.8</ele>
    <time>2020-09-16T23:25:39.000Z</time>
   </trkpt>
   <trkpt lat="-8.039928" lon="-34.904169">
    <ele>12.8</ele>
    <time>2020-09-16T23:25:41.000Z</time>
   </trkpt>
   <trkpt lat="-8.039974" lon="-34.904127">
    <ele>12.8</ele>
    <time>2020-09-16T23:25:43.000Z</time>
   </trkpt>
   <trkpt lat="-8.040004" lon="-34.9041">
    <ele>12.7</ele>
    <time>2020-09-16T23:25:44.000Z</time>
   </trkpt>
   <trkpt lat="-8.040041" lon="-34.904068">
    <ele>12.7</ele>
    <time>2020-09-16T23:25:45.000Z</time>
   </trkpt>
   <trkpt lat="-8.040079" lon="-34.904035">
    <ele>12.7</ele>
    <time>2020-09-16T23:25:46.000Z</time>
   </trkpt>
   <trkpt lat="-8.040113" lon="-34.904004">
    <ele>12.7</ele>
    <time>2020-09-16T23:25:47.000Z</time>
   </trkpt>
   <trkpt lat="-8.040133" lon="-34.903968">
    <ele>12.6</ele>
    <time>2020-09-16T23:25:48.000Z</time>
   </trkpt>
   <trkpt lat="-8.040159" lon="-34.90393">
    <ele>12.6</ele>
    <time>2020-09-16T23:25:49.000Z</time>
   </trkpt>
   <trkpt lat="-8.040188" lon="-34.90389">
    <ele>12.6</ele>
    <time>2020-09-16T23:25:50.000Z</time>
   </trkpt>
   <trkpt lat="-8.040227" lon="-34.903856">
    <ele>12.5</ele>
    <time>2020-09-16T23:25:51.000Z</time>
   </trkpt>
   <trkpt lat="-8.040267" lon="-34.90382">
    <ele>12.5</ele>
    <time>2020-09-16T23:25:52.000Z</time>
   </trkpt>
   <trkpt lat="-8.040307" lon="-34.90378">
    <ele>12.5</ele>
    <time>2020-09-16T23:25:53.000Z</time>
   </trkpt>
   <trkpt lat="-8.040345" lon="-34.903739">
    <ele>12.4</ele>
    <time>2020-09-16T23:25:54.000Z</time>
   </trkpt>
   <trkpt lat="-8.040381" lon="-34.9037">
    <ele>12.4</ele>
    <time>2020-09-16T23:25:55.000Z</time>
   </trkpt>
   <trkpt lat="-8.040421" lon="-34.903665">
    <ele>12.4</ele>
    <time>2020-09-16T23:25:56.000Z</time>
   </trkpt>
   <trkpt lat="-8.040467" lon="-34.903631">
    <ele>12.3</ele>
    <time>2020-09-16T23:25:57.000Z</time>
   </trkpt>
   <trkpt lat="-8.040523" lon="-34.903609">
    <ele>12.3</ele>
    <time>2020-09-16T23:25:58.000Z</time>
   </trkpt>
   <trkpt lat="-8.04058" lon="-34.903589">
    <ele>12.2</ele>
    <time>2020-09-16T23:25:59.000Z</time>
   </trkpt>
   <trkpt lat="-8.040622" lon="-34.903568">
    <ele>12.2</ele>
    <time>2020-09-16T23:26:00.000Z</time>
   </trkpt>
   <trkpt lat="-8.040661" lon="-34.903551">
    <ele>12.2</ele>
    <time>2020-09-16T23:26:01.000Z</time>
   </trkpt>
   <trkpt lat="-8.040699" lon="-34.903536">
    <ele>12.2</ele>
    <time>2020-09-16T23:26:02.000Z</time>
   </trkpt>
   <trkpt lat="-8.040737" lon="-34.903519">
    <ele>12.2</ele>
    <time>2020-09-16T23:26:03.000Z</time>
   </trkpt>
   <trkpt lat="-8.040779" lon="-34.903501">
    <ele>12.2</ele>
    <time>2020-09-16T23:26:04.000Z</time>
   </trkpt>
   <trkpt lat="-8.040824" lon="-34.903485">
    <ele>12.2</ele>
    <time>2020-09-16T23:26:05.000Z</time>
   </trkpt>
   <trkpt lat="-8.040864" lon="-34.903466">
    <ele>12.2</ele>
    <time>2020-09-16T23:26:06.000Z</time>
   </trkpt>
   <trkpt lat="-8.040911" lon="-34.903449">
    <ele>12.2</ele>
    <time>2020-09-16T23:26:07.000Z</time>
   </trkpt>
   <trkpt lat="-8.040956" lon="-34.903434">
    <ele>12.2</ele>
    <time>2020-09-16T23:26:08.000Z</time>
   </trkpt>
   <trkpt lat="-8.041005" lon="-34.903417">
    <ele>12.2</ele>
    <time>2020-09-16T23:26:09.000Z</time>
   </trkpt>
   <trkpt lat="-8.041053" lon="-34.9034">
    <ele>12.2</ele>
    <time>2020-09-16T23:26:10.000Z</time>
   </trkpt>
   <trkpt lat="-8.041104" lon="-34.90338">
    <ele>12.2</ele>
    <time>2020-09-16T23:26:11.000Z</time>
   </trkpt>
   <trkpt lat="-8.041159" lon="-34.903348">
    <ele>12.2</ele>
    <time>2020-09-16T23:26:12.000Z</time>
   </trkpt>
   <trkpt lat="-8.041205" lon="-34.903328">
    <ele>12.2</ele>
    <time>2020-09-16T23:26:13.000Z</time>
   </trkpt>
   <trkpt lat="-8.041248" lon="-34.903304">
    <ele>12.2</ele>
    <time>2020-09-16T23:26:14.000Z</time>
   </trkpt>
   <trkpt lat="-8.041292" lon="-34.903275">
    <ele>12.2</ele>
    <time>2020-09-16T23:26:15.000Z</time>
   </trkpt>
   <trkpt lat="-8.041339" lon="-34.90325">
    <ele>12.2</ele>
    <time>2020-09-16T23:26:16.000Z</time>
   </trkpt>
   <trkpt lat="-8.041369" lon="-34.903228">
    <ele>12.2</ele>
    <time>2020-09-16T23:26:17.000Z</time>
   </trkpt>
   <trkpt lat="-8.041416" lon="-34.903211">
    <ele>12.2</ele>
    <time>2020-09-16T23:26:18.000Z</time>
   </trkpt>
   <trkpt lat="-8.04146" lon="-34.90319">
    <ele>12.2</ele>
    <time>2020-09-16T23:26:19.000Z</time>
   </trkpt>
   <trkpt lat="-8.041502" lon="-34.903176">
    <ele>12.2</ele>
    <time>2020-09-16T23:26:20.000Z</time>
   </trkpt>
   <trkpt lat="-8.04154" lon="-34.903161">
    <ele>12.2</ele>
    <time>2020-09-16T23:26:21.000Z</time>
   </trkpt>
   <trkpt lat="-8.041589" lon="-34.90315">
    <ele>12.2</ele>
    <time>2020-09-16T23:26:22.000Z</time>
   </trkpt>
   <trkpt lat="-8.041638" lon="-34.90314">
    <ele>12.2</ele>
    <time>2020-09-16T23:26:23.000Z</time>
   </trkpt>
   <trkpt lat="-8.041688" lon="-34.903125">
    <ele>12.2</ele>
    <time>2020-09-16T23:26:24.000Z</time>
   </trkpt>
   <trkpt lat="-8.041733" lon="-34.903109">
    <ele>12.2</ele>
    <time>2020-09-16T23:26:25.000Z</time>
   </trkpt>
   <trkpt lat="-8.041772" lon="-34.90309">
    <ele>12.3</ele>
    <time>2020-09-16T23:26:26.000Z</time>
   </trkpt>
   <trkpt lat="-8.041804" lon="-34.903063">
    <ele>12.3</ele>
    <time>2020-09-16T23:26:27.000Z</time>
   </trkpt>
   <trkpt lat="-8.041838" lon="-34.903038">
    <ele>12.2</ele>
    <time>2020-09-16T23:26:28.000Z</time>
   </trkpt>
   <trkpt lat="-8.041859" lon="-34.903011">
    <ele>12.2</ele>
    <time>2020-09-16T23:26:29.000Z</time>
   </trkpt>
   <trkpt lat="-8.041884" lon="-34.902986">
    <ele>12.2</ele>
    <time>2020-09-16T23:26:30.000Z</time>
   </trkpt>
   <trkpt lat="-8.041909" lon="-34.902952">
    <ele>12.2</ele>
    <time>2020-09-16T23:26:31.000Z</time>
   </trkpt>
   <trkpt lat="-8.041932" lon="-34.902915">
    <ele>12.2</ele>
    <time>2020-09-16T23:26:32.000Z</time>
   </trkpt>
   <trkpt lat="-8.041956" lon="-34.902881">
    <ele>12.2</ele>
    <time>2020-09-16T23:26:33.000Z</time>
   </trkpt>
   <trkpt lat="-8.04199" lon="-34.902855">
    <ele>12.2</ele>
    <time>2020-09-16T23:26:34.000Z</time>
   </trkpt>
   <trkpt lat="-8.042023" lon="-34.902829">
    <ele>12.2</ele>
    <time>2020-09-16T23:26:35.000Z</time>
   </trkpt>
   <trkpt lat="-8.042055" lon="-34.902801">
    <ele>12.2</ele>
    <time>2020-09-16T23:26:36.000Z</time>
   </trkpt>
   <trkpt lat="-8.042086" lon="-34.902776">
    <ele>12.2</ele>
    <time>2020-09-16T23:26:37.000Z</time>
   </trkpt>
   <trkpt lat="-8.04212" lon="-34.902748">
    <ele>12.2</ele>
    <time>2020-09-16T23:26:38.000Z</time>
   </trkpt>
   <trkpt lat="-8.042152" lon="-34.902719">
    <ele>12.2</ele>
    <time>2020-09-16T23:26:39.000Z</time>
   </trkpt>
   <trkpt lat="-8.042185" lon="-34.902694">
    <ele>12.2</ele>
    <time>2020-09-16T23:26:40.000Z</time>
   </trkpt>
   <trkpt lat="-8.042226" lon="-34.902668">
    <ele>12.2</ele>
    <time>2020-09-16T23:26:41.000Z</time>
   </trkpt>
   <trkpt lat="-8.042272" lon="-34.90264">
    <ele>12.2</ele>
    <time>2020-09-16T23:26:42.000Z</time>
   </trkpt>
   <trkpt lat="-8.042318" lon="-34.902615">
    <ele>12.2</ele>
    <time>2020-09-16T23:26:43.000Z</time>
   </trkpt>
   <trkpt lat="-8.042359" lon="-34.902595">
    <ele>12.2</ele>
    <time>2020-09-16T23:26:44.000Z</time>
   </trkpt>
   <trkpt lat="-8.042398" lon="-34.902577">
    <ele>12.2</ele>
    <time>2020-09-16T23:26:45.000Z</time>
   </trkpt>
   <trkpt lat="-8.042438" lon="-34.902559">
    <ele>12.2</ele>
    <time>2020-09-16T23:26:46.000Z</time>
   </trkpt>
   <trkpt lat="-8.042485" lon="-34.90254">
    <ele>12.2</ele>
    <time>2020-09-16T23:26:47.000Z</time>
   </trkpt>
   <trkpt lat="-8.042529" lon="-34.902523">
    <ele>12.2</ele>
    <time>2020-09-16T23:26:48.000Z</time>
   </trkpt>
   <trkpt lat="-8.042568" lon="-34.902501">
    <ele>12.2</ele>
    <time>2020-09-16T23:26:49.000Z</time>
   </trkpt>
   <trkpt lat="-8.042616" lon="-34.902487">
    <ele>12.2</ele>
    <time>2020-09-16T23:26:50.000Z</time>
   </trkpt>
   <trkpt lat="-8.042665" lon="-34.902472">
    <ele>12.2</ele>
    <time>2020-09-16T23:26:51.000Z</time>
   </trkpt>
   <trkpt lat="-8.042712" lon="-34.902458">
    <ele>12.2</ele>
    <time>2020-09-16T23:26:52.000Z</time>
   </trkpt>
   <trkpt lat="-8.042753" lon="-34.902441">
    <ele>12.2</ele>
    <time>2020-09-16T23:26:53.000Z</time>
   </trkpt>
   <trkpt lat="-8.042792" lon="-34.902422">
    <ele>12.2</ele>
    <time>2020-09-16T23:26:54.000Z</time>
   </trkpt>
   <trkpt lat="-8.042829" lon="-34.90241">
    <ele>12.1</ele>
    <time>2020-09-16T23:26:55.000Z</time>
   </trkpt>
   <trkpt lat="-8.042866" lon="-34.902398">
    <ele>12.1</ele>
    <time>2020-09-16T23:26:56.000Z</time>
   </trkpt>
   <trkpt lat="-8.042908" lon="-34.902381">
    <ele>12.1</ele>
    <time>2020-09-16T23:26:57.000Z</time>
   </trkpt>
   <trkpt lat="-8.042952" lon="-34.902366">
    <ele>12.1</ele>
    <time>2020-09-16T23:26:58.000Z</time>
   </trkpt>
   <trkpt lat="-8.042993" lon="-34.902335">
    <ele>12</ele>
    <time>2020-09-16T23:26:59.000Z</time>
   </trkpt>
   <trkpt lat="-8.043039" lon="-34.902315">
    <ele>12</ele>
    <time>2020-09-16T23:27:00.000Z</time>
   </trkpt>
   <trkpt lat="-8.043083" lon="-34.902299">
    <ele>12</ele>
    <time>2020-09-16T23:27:01.000Z</time>
   </trkpt>
   <trkpt lat="-8.043124" lon="-34.902291">
    <ele>12</ele>
    <time>2020-09-16T23:27:02.000Z</time>
   </trkpt>
   <trkpt lat="-8.043168" lon="-34.902287">
    <ele>12</ele>
    <time>2020-09-16T23:27:03.000Z</time>
   </trkpt>
   <trkpt lat="-8.043197" lon="-34.902268">
    <ele>12</ele>
    <time>2020-09-16T23:27:04.000Z</time>
   </trkpt>
   <trkpt lat="-8.043221" lon="-34.902251">
    <ele>12</ele>
    <time>2020-09-16T23:27:05.000Z</time>
   </trkpt>
   <trkpt lat="-8.043251" lon="-34.902235">
    <ele>12</ele>
    <time>2020-09-16T23:27:06.000Z</time>
   </trkpt>
   <trkpt lat="-8.043284" lon="-34.902221">
    <ele>12</ele>
    <time>2020-09-16T23:27:07.000Z</time>
   </trkpt>
   <trkpt lat="-8.043319" lon="-34.902204">
    <ele>12</ele>
    <time>2020-09-16T23:27:08.000Z</time>
   </trkpt>
   <trkpt lat="-8.043345" lon="-34.902197">
    <ele>11.9</ele>
    <time>2020-09-16T23:27:09.000Z</time>
   </trkpt>
   <trkpt lat="-8.043385" lon="-34.902181">
    <ele>11.9</ele>
    <time>2020-09-16T23:27:11.000Z</time>
   </trkpt>
   <trkpt lat="-8.043411" lon="-34.902169">
    <ele>11.9</ele>
    <time>2020-09-16T23:27:12.000Z</time>
   </trkpt>
   <trkpt lat="-8.043456" lon="-34.902157">
    <ele>11.9</ele>
    <time>2020-09-16T23:27:14.000Z</time>
   </trkpt>
   <trkpt lat="-8.043484" lon="-34.902163">
    <ele>11.9</ele>
    <time>2020-09-16T23:27:16.000Z</time>
   </trkpt>
   <trkpt lat="-8.043529" lon="-34.902178">
    <ele>11.9</ele>
    <time>2020-09-16T23:27:18.000Z</time>
   </trkpt>
   <trkpt lat="-8.043566" lon="-34.902187">
    <ele>11.9</ele>
    <time>2020-09-16T23:27:20.000Z</time>
   </trkpt>
   <trkpt lat="-8.043594" lon="-34.902201">
    <ele>11.9</ele>
    <time>2020-09-16T23:27:23.000Z</time>
   </trkpt>
   <trkpt lat="-8.043643" lon="-34.902244">
    <ele>11.9</ele>
    <time>2020-09-16T23:27:25.000Z</time>
   </trkpt>
   <trkpt lat="-8.043678" lon="-34.902258">
    <ele>12</ele>
    <time>2020-09-16T23:27:27.000Z</time>
   </trkpt>
   <trkpt lat="-8.04374" lon="-34.902297">
    <ele>12</ele>
    <time>2020-09-16T23:27:43.000Z</time>
   </trkpt>
   <trkpt lat="-8.043775" lon="-34.902266">
    <ele>12</ele>
    <time>2020-09-16T23:27:45.000Z</time>
   </trkpt>
   <trkpt lat="-8.043805" lon="-34.902252">
    <ele>12</ele>
    <time>2020-09-16T23:27:46.000Z</time>
   </trkpt>
   <trkpt lat="-8.04385" lon="-34.90224">
    <ele>12</ele>
    <time>2020-09-16T23:27:48.000Z</time>
   </trkpt>
   <trkpt lat="-8.043886" lon="-34.902262">
    <ele>12</ele>
    <time>2020-09-16T23:27:51.000Z</time>
   </trkpt>
   <trkpt lat="-8.043931" lon="-34.902296">
    <ele>11.5</ele>
    <time>2020-09-16T23:27:53.000Z</time>
   </trkpt>
   <trkpt lat="-8.043952" lon="-34.902319">
    <ele>11.5</ele>
    <time>2020-09-16T23:27:54.000Z</time>
   </trkpt>
   <trkpt lat="-8.043976" lon="-34.902341">
    <ele>11.5</ele>
    <time>2020-09-16T23:27:55.000Z</time>
   </trkpt>
   <trkpt lat="-8.043996" lon="-34.902368">
    <ele>11.4</ele>
    <time>2020-09-16T23:27:56.000Z</time>
   </trkpt>
   <trkpt lat="-8.044009" lon="-34.902397">
    <ele>11.4</ele>
    <time>2020-09-16T23:27:57.000Z</time>
   </trkpt>
   <trkpt lat="-8.044025" lon="-34.902426">
    <ele>11.4</ele>
    <time>2020-09-16T23:27:58.000Z</time>
   </trkpt>
   <trkpt lat="-8.044044" lon="-34.902451">
    <ele>11.3</ele>
    <time>2020-09-16T23:27:59.000Z</time>
   </trkpt>
   <trkpt lat="-8.044065" lon="-34.902482">
    <ele>11.3</ele>
    <time>2020-09-16T23:28:00.000Z</time>
   </trkpt>
   <trkpt lat="-8.044085" lon="-34.902515">
    <ele>11.2</ele>
    <time>2020-09-16T23:28:01.000Z</time>
   </trkpt>
   <trkpt lat="-8.044114" lon="-34.902549">
    <ele>11.2</ele>
    <time>2020-09-16T23:28:02.000Z</time>
   </trkpt>
   <trkpt lat="-8.04414" lon="-34.902587">
    <ele>11.1</ele>
    <time>2020-09-16T23:28:03.000Z</time>
   </trkpt>
   <trkpt lat="-8.044167" lon="-34.902628">
    <ele>11.1</ele>
    <time>2020-09-16T23:28:04.000Z</time>
   </trkpt>
   <trkpt lat="-8.044195" lon="-34.902676">
    <ele>11</ele>
    <time>2020-09-16T23:28:05.000Z</time>
   </trkpt>
   <trkpt lat="-8.044219" lon="-34.902725">
    <ele>10.9</ele>
    <time>2020-09-16T23:28:06.000Z</time>
   </trkpt>
   <trkpt lat="-8.044245" lon="-34.902782">
    <ele>10.8</ele>
    <time>2020-09-16T23:28:07.000Z</time>
   </trkpt>
   <trkpt lat="-8.044264" lon="-34.902825">
    <ele>10.8</ele>
    <time>2020-09-16T23:28:08.000Z</time>
   </trkpt>
   <trkpt lat="-8.04428" lon="-34.902868">
    <ele>10.7</ele>
    <time>2020-09-16T23:28:09.000Z</time>
   </trkpt>
   <trkpt lat="-8.044319" lon="-34.902909">
    <ele>10.6</ele>
    <time>2020-09-16T23:28:10.000Z</time>
   </trkpt>
   <trkpt lat="-8.04435" lon="-34.902951">
    <ele>10.5</ele>
    <time>2020-09-16T23:28:11.000Z</time>
   </trkpt>
   <trkpt lat="-8.044386" lon="-34.902985">
    <ele>10.5</ele>
    <time>2020-09-16T23:28:12.000Z</time>
   </trkpt>
   <trkpt lat="-8.044414" lon="-34.90301">
    <ele>10.4</ele>
    <time>2020-09-16T23:28:13.000Z</time>
   </trkpt>
   <trkpt lat="-8.044453" lon="-34.903025">
    <ele>10.4</ele>
    <time>2020-09-16T23:28:14.000Z</time>
   </trkpt>
   <trkpt lat="-8.044504" lon="-34.903029">
    <ele>10.2</ele>
    <time>2020-09-16T23:28:15.000Z</time>
   </trkpt>
   <trkpt lat="-8.044559" lon="-34.903018">
    <ele>10.2</ele>
    <time>2020-09-16T23:28:16.000Z</time>
   </trkpt>
   <trkpt lat="-8.044612" lon="-34.903011">
    <ele>10.2</ele>
    <time>2020-09-16T23:28:17.000Z</time>
   </trkpt>
   <trkpt lat="-8.044655" lon="-34.902989">
    <ele>10.1</ele>
    <time>2020-09-16T23:28:18.000Z</time>
   </trkpt>
   <trkpt lat="-8.044702" lon="-34.902972">
    <ele>10.1</ele>
    <time>2020-09-16T23:28:19.000Z</time>
   </trkpt>
   <trkpt lat="-8.044754" lon="-34.902957">
    <ele>10.1</ele>
    <time>2020-09-16T23:28:20.000Z</time>
   </trkpt>
   <trkpt lat="-8.044806" lon="-34.902946">
    <ele>10.2</ele>
    <time>2020-09-16T23:28:21.000Z</time>
   </trkpt>
   <trkpt lat="-8.04486" lon="-34.90294">
    <ele>10.2</ele>
    <time>2020-09-16T23:28:22.000Z</time>
   </trkpt>
   <trkpt lat="-8.044899" lon="-34.902925">
    <ele>10.2</ele>
    <time>2020-09-16T23:28:23.000Z</time>
   </trkpt>
   <trkpt lat="-8.044939" lon="-34.902913">
    <ele>10.3</ele>
    <time>2020-09-16T23:28:24.000Z</time>
   </trkpt>
   <trkpt lat="-8.044986" lon="-34.902895">
    <ele>10.4</ele>
    <time>2020-09-16T23:28:25.000Z</time>
   </trkpt>
   <trkpt lat="-8.045026" lon="-34.902874">
    <ele>10.4</ele>
    <time>2020-09-16T23:28:26.000Z</time>
   </trkpt>
   <trkpt lat="-8.045064" lon="-34.90286">
    <ele>10.5</ele>
    <time>2020-09-16T23:28:27.000Z</time>
   </trkpt>
   <trkpt lat="-8.045095" lon="-34.902857">
    <ele>10.6</ele>
    <time>2020-09-16T23:28:28.000Z</time>
   </trkpt>
   <trkpt lat="-8.045146" lon="-34.90287">
    <ele>10.7</ele>
    <time>2020-09-16T23:28:30.000Z</time>
   </trkpt>
   <trkpt lat="-8.045169" lon="-34.902897">
    <ele>10.7</ele>
    <time>2020-09-16T23:28:31.000Z</time>
   </trkpt>
   <trkpt lat="-8.045189" lon="-34.902929">
    <ele>10.7</ele>
    <time>2020-09-16T23:28:32.000Z</time>
   </trkpt>
   <trkpt lat="-8.045212" lon="-34.902967">
    <ele>10.8</ele>
    <time>2020-09-16T23:28:33.000Z</time>
   </trkpt>
   <trkpt lat="-8.045237" lon="-34.903016">
    <ele>10.9</ele>
    <time>2020-09-16T23:28:34.000Z</time>
   </trkpt>
   <trkpt lat="-8.045257" lon="-34.903065">
    <ele>11</ele>
    <time>2020-09-16T23:28:35.000Z</time>
   </trkpt>
   <trkpt lat="-8.045274" lon="-34.903115">
    <ele>11.1</ele>
    <time>2020-09-16T23:28:36.000Z</time>
   </trkpt>
   <trkpt lat="-8.045295" lon="-34.903165">
    <ele>11.2</ele>
    <time>2020-09-16T23:28:37.000Z</time>
   </trkpt>
   <trkpt lat="-8.045318" lon="-34.903221">
    <ele>11.5</ele>
    <time>2020-09-16T23:28:38.000Z</time>
   </trkpt>
   <trkpt lat="-8.045339" lon="-34.903276">
    <ele>11.7</ele>
    <time>2020-09-16T23:28:39.000Z</time>
   </trkpt>
   <trkpt lat="-8.045356" lon="-34.903328">
    <ele>12</ele>
    <time>2020-09-16T23:28:40.000Z</time>
   </trkpt>
   <trkpt lat="-8.045371" lon="-34.903376">
    <ele>12.2</ele>
    <time>2020-09-16T23:28:41.000Z</time>
   </trkpt>
   <trkpt lat="-8.045381" lon="-34.903424">
    <ele>12.4</ele>
    <time>2020-09-16T23:28:42.000Z</time>
   </trkpt>
   <trkpt lat="-8.045392" lon="-34.903467">
    <ele>12.5</ele>
    <time>2020-09-16T23:28:43.000Z</time>
   </trkpt>
   <trkpt lat="-8.045405" lon="-34.903513">
    <ele>12.6</ele>
    <time>2020-09-16T23:28:44.000Z</time>
   </trkpt>
   <trkpt lat="-8.045416" lon="-34.903556">
    <ele>12.7</ele>
    <time>2020-09-16T23:28:45.000Z</time>
   </trkpt>
   <trkpt lat="-8.045427" lon="-34.9036">
    <ele>12.8</ele>
    <time>2020-09-16T23:28:46.000Z</time>
   </trkpt>
   <trkpt lat="-8.045436" lon="-34.903643">
    <ele>12.8</ele>
    <time>2020-09-16T23:28:47.000Z</time>
   </trkpt>
   <trkpt lat="-8.045448" lon="-34.903687">
    <ele>12.9</ele>
    <time>2020-09-16T23:28:48.000Z</time>
   </trkpt>
   <trkpt lat="-8.045462" lon="-34.903736">
    <ele>12.9</ele>
    <time>2020-09-16T23:28:49.000Z</time>
   </trkpt>
   <trkpt lat="-8.045471" lon="-34.903791">
    <ele>12.9</ele>
    <time>2020-09-16T23:28:50.000Z</time>
   </trkpt>
   <trkpt lat="-8.045478" lon="-34.903845">
    <ele>12.8</ele>
    <time>2020-09-16T23:28:51.000Z</time>
   </trkpt>
   <trkpt lat="-8.045485" lon="-34.903895">
    <ele>12.7</ele>
    <time>2020-09-16T23:28:52.000Z</time>
   </trkpt>
   <trkpt lat="-8.045491" lon="-34.903939">
    <ele>12.6</ele>
    <time>2020-09-16T23:28:53.000Z</time>
   </trkpt>
   <trkpt lat="-8.0455" lon="-34.903973">
    <ele>12.5</ele>
    <time>2020-09-16T23:28:54.000Z</time>
   </trkpt>
   <trkpt lat="-8.045511" lon="-34.904007">
    <ele>12.4</ele>
    <time>2020-09-16T23:28:55.000Z</time>
   </trkpt>
   <trkpt lat="-8.045521" lon="-34.904035">
    <ele>12.3</ele>
    <time>2020-09-16T23:28:56.000Z</time>
   </trkpt>
   <trkpt lat="-8.045531" lon="-34.904066">
    <ele>12.1</ele>
    <time>2020-09-16T23:28:57.000Z</time>
   </trkpt>
   <trkpt lat="-8.045543" lon="-34.904097">
    <ele>12</ele>
    <time>2020-09-16T23:28:58.000Z</time>
   </trkpt>
   <trkpt lat="-8.04556" lon="-34.904121">
    <ele>11.9</ele>
    <time>2020-09-16T23:28:59.000Z</time>
   </trkpt>
   <trkpt lat="-8.045575" lon="-34.904146">
    <ele>11.8</ele>
    <time>2020-09-16T23:29:00.000Z</time>
   </trkpt>
   <trkpt lat="-8.045593" lon="-34.904183">
    <ele>11.7</ele>
    <time>2020-09-16T23:29:02.000Z</time>
   </trkpt>
   <trkpt lat="-8.045603" lon="-34.904218">
    <ele>11.5</ele>
    <time>2020-09-16T23:29:04.000Z</time>
   </trkpt>
   <trkpt lat="-8.045617" lon="-34.904243">
    <ele>11.4</ele>
    <time>2020-09-16T23:29:06.000Z</time>
   </trkpt>
   <trkpt lat="-8.045633" lon="-34.904274">
    <ele>11.3</ele>
    <time>2020-09-16T23:29:10.000Z</time>
   </trkpt>
   <trkpt lat="-8.045619" lon="-34.904297">
    <ele>11.2</ele>
    <time>2020-09-16T23:29:12.000Z</time>
   </trkpt>
   <trkpt lat="-8.04561" lon="-34.904284">
    <ele>11.1</ele>
    <time>2020-09-16T23:29:17.000Z</time>
   </trkpt>
   <trkpt lat="-8.045614" lon="-34.904434">
    <ele>10.6</ele>
    <time>2020-09-16T23:29:29.000Z</time>
   </trkpt>
   <trkpt lat="-8.045623" lon="-34.904469">
    <ele>10.6</ele>
    <time>2020-09-16T23:29:30.000Z</time>
   </trkpt>
   <trkpt lat="-8.045632" lon="-34.904516">
    <ele>10.6</ele>
    <time>2020-09-16T23:29:31.000Z</time>
   </trkpt>
   <trkpt lat="-8.045646" lon="-34.904551">
    <ele>10.6</ele>
    <time>2020-09-16T23:29:32.000Z</time>
   </trkpt>
   <trkpt lat="-8.045664" lon="-34.904582">
    <ele>10.6</ele>
    <time>2020-09-16T23:29:33.000Z</time>
   </trkpt>
   <trkpt lat="-8.045673" lon="-34.904617">
    <ele>10.6</ele>
    <time>2020-09-16T23:29:34.000Z</time>
   </trkpt>
   <trkpt lat="-8.045685" lon="-34.904656">
    <ele>10.6</ele>
    <time>2020-09-16T23:29:35.000Z</time>
   </trkpt>
   <trkpt lat="-8.045693" lon="-34.904692">
    <ele>10.6</ele>
    <time>2020-09-16T23:29:36.000Z</time>
   </trkpt>
   <trkpt lat="-8.045699" lon="-34.904732">
    <ele>10.6</ele>
    <time>2020-09-16T23:29:37.000Z</time>
   </trkpt>
   <trkpt lat="-8.045709" lon="-34.904772">
    <ele>10.7</ele>
    <time>2020-09-16T23:29:38.000Z</time>
   </trkpt>
   <trkpt lat="-8.04572" lon="-34.904815">
    <ele>10.7</ele>
    <time>2020-09-16T23:29:39.000Z</time>
   </trkpt>
   <trkpt lat="-8.045732" lon="-34.904858">
    <ele>10.7</ele>
    <time>2020-09-16T23:29:40.000Z</time>
   </trkpt>
   <trkpt lat="-8.045739" lon="-34.904898">
    <ele>10.7</ele>
    <time>2020-09-16T23:29:41.000Z</time>
   </trkpt>
   <trkpt lat="-8.04575" lon="-34.904937">
    <ele>10.7</ele>
    <time>2020-09-16T23:29:42.000Z</time>
   </trkpt>
   <trkpt lat="-8.045758" lon="-34.904973">
    <ele>10.7</ele>
    <time>2020-09-16T23:29:43.000Z</time>
   </trkpt>
   <trkpt lat="-8.045766" lon="-34.905015">
    <ele>10.7</ele>
    <time>2020-09-16T23:29:44.000Z</time>
   </trkpt>
   <trkpt lat="-8.04578" lon="-34.905057">
    <ele>10.8</ele>
    <time>2020-09-16T23:29:45.000Z</time>
   </trkpt>
   <trkpt lat="-8.045796" lon="-34.905102">
    <ele>10.8</ele>
    <time>2020-09-16T23:29:46.000Z</time>
   </trkpt>
   <trkpt lat="-8.045814" lon="-34.905148">
    <ele>10.8</ele>
    <time>2020-09-16T23:29:47.000Z</time>
   </trkpt>
   <trkpt lat="-8.045831" lon="-34.905193">
    <ele>10.8</ele>
    <time>2020-09-16T23:29:48.000Z</time>
   </trkpt>
   <trkpt lat="-8.045851" lon="-34.905233">
    <ele>10.8</ele>
    <time>2020-09-16T23:29:49.000Z</time>
   </trkpt>
   <trkpt lat="-8.045866" lon="-34.905279">
    <ele>10.8</ele>
    <time>2020-09-16T23:29:50.000Z</time>
   </trkpt>
   <trkpt lat="-8.045872" lon="-34.905323">
    <ele>10.8</ele>
    <time>2020-09-16T23:29:51.000Z</time>
   </trkpt>
   <trkpt lat="-8.045876" lon="-34.905367">
    <ele>10.8</ele>
    <time>2020-09-16T23:29:52.000Z</time>
   </trkpt>
   <trkpt lat="-8.045885" lon="-34.905413">
    <ele>10.8</ele>
    <time>2020-09-16T23:29:53.000Z</time>
   </trkpt>
   <trkpt lat="-8.045889" lon="-34.905457">
    <ele>10.8</ele>
    <time>2020-09-16T23:29:54.000Z</time>
   </trkpt>
   <trkpt lat="-8.045889" lon="-34.905494">
    <ele>10.8</ele>
    <time>2020-09-16T23:29:55.000Z</time>
   </trkpt>
   <trkpt lat="-8.045891" lon="-34.90554">
    <ele>10.8</ele>
    <time>2020-09-16T23:29:56.000Z</time>
   </trkpt>
   <trkpt lat="-8.045889" lon="-34.905588">
    <ele>10.8</ele>
    <time>2020-09-16T23:29:57.000Z</time>
   </trkpt>
   <trkpt lat="-8.045892" lon="-34.905637">
    <ele>10.8</ele>
    <time>2020-09-16T23:29:58.000Z</time>
   </trkpt>
   <trkpt lat="-8.045895" lon="-34.905681">
    <ele>10.8</ele>
    <time>2020-09-16T23:29:59.000Z</time>
   </trkpt>
   <trkpt lat="-8.045896" lon="-34.905729">
    <ele>10.8</ele>
    <time>2020-09-16T23:30:00.000Z</time>
   </trkpt>
   <trkpt lat="-8.04589" lon="-34.905779">
    <ele>10.8</ele>
    <time>2020-09-16T23:30:01.000Z</time>
   </trkpt>
   <trkpt lat="-8.045881" lon="-34.905832">
    <ele>10.8</ele>
    <time>2020-09-16T23:30:02.000Z</time>
   </trkpt>
   <trkpt lat="-8.04588" lon="-34.905875">
    <ele>10.8</ele>
    <time>2020-09-16T23:30:03.000Z</time>
   </trkpt>
   <trkpt lat="-8.045879" lon="-34.905917">
    <ele>10.8</ele>
    <time>2020-09-16T23:30:04.000Z</time>
   </trkpt>
   <trkpt lat="-8.045887" lon="-34.905951">
    <ele>10.9</ele>
    <time>2020-09-16T23:30:05.000Z</time>
   </trkpt>
   <trkpt lat="-8.045891" lon="-34.905987">
    <ele>10.9</ele>
    <time>2020-09-16T23:30:06.000Z</time>
   </trkpt>
   <trkpt lat="-8.0459" lon="-34.906029">
    <ele>10.9</ele>
    <time>2020-09-16T23:30:07.000Z</time>
   </trkpt>
   <trkpt lat="-8.045914" lon="-34.906074">
    <ele>10.9</ele>
    <time>2020-09-16T23:30:08.000Z</time>
   </trkpt>
   <trkpt lat="-8.045927" lon="-34.906114">
    <ele>10.9</ele>
    <time>2020-09-16T23:30:09.000Z</time>
   </trkpt>
   <trkpt lat="-8.045942" lon="-34.906148">
    <ele>10.9</ele>
    <time>2020-09-16T23:30:10.000Z</time>
   </trkpt>
   <trkpt lat="-8.045954" lon="-34.906191">
    <ele>10.9</ele>
    <time>2020-09-16T23:30:11.000Z</time>
   </trkpt>
   <trkpt lat="-8.045956" lon="-34.90624">
    <ele>10.9</ele>
    <time>2020-09-16T23:30:12.000Z</time>
   </trkpt>
   <trkpt lat="-8.045958" lon="-34.906273">
    <ele>10.9</ele>
    <time>2020-09-16T23:30:13.000Z</time>
   </trkpt>
   <trkpt lat="-8.045956" lon="-34.906313">
    <ele>10.9</ele>
    <time>2020-09-16T23:30:15.000Z</time>
   </trkpt>
   <trkpt lat="-8.045959" lon="-34.906343">
    <ele>11</ele>
    <time>2020-09-16T23:30:16.000Z</time>
   </trkpt>
   <trkpt lat="-8.045966" lon="-34.906408">
    <ele>11</ele>
    <time>2020-09-16T23:30:18.000Z</time>
   </trkpt>
   <trkpt lat="-8.045973" lon="-34.906455">
    <ele>11</ele>
    <time>2020-09-16T23:30:19.000Z</time>
   </trkpt>
   <trkpt lat="-8.04599" lon="-34.906513">
    <ele>11</ele>
    <time>2020-09-16T23:30:20.000Z</time>
   </trkpt>
   <trkpt lat="-8.046004" lon="-34.906568">
    <ele>11</ele>
    <time>2020-09-16T23:30:21.000Z</time>
   </trkpt>
   <trkpt lat="-8.046016" lon="-34.906621">
    <ele>11</ele>
    <time>2020-09-16T23:30:22.000Z</time>
   </trkpt>
   <trkpt lat="-8.046025" lon="-34.906663">
    <ele>11</ele>
    <time>2020-09-16T23:30:23.000Z</time>
   </trkpt>
   <trkpt lat="-8.046042" lon="-34.906706">
    <ele>11</ele>
    <time>2020-09-16T23:30:24.000Z</time>
   </trkpt>
   <trkpt lat="-8.046055" lon="-34.906754">
    <ele>11</ele>
    <time>2020-09-16T23:30:25.000Z</time>
   </trkpt>
   <trkpt lat="-8.046066" lon="-34.906802">
    <ele>11</ele>
    <time>2020-09-16T23:30:26.000Z</time>
   </trkpt>
   <trkpt lat="-8.046075" lon="-34.906848">
    <ele>11.1</ele>
    <time>2020-09-16T23:30:27.000Z</time>
   </trkpt>
   <trkpt lat="-8.04608" lon="-34.906895">
    <ele>11.1</ele>
    <time>2020-09-16T23:30:28.000Z</time>
   </trkpt>
   <trkpt lat="-8.046085" lon="-34.906939">
    <ele>11.1</ele>
    <time>2020-09-16T23:30:29.000Z</time>
   </trkpt>
   <trkpt lat="-8.04609" lon="-34.906987">
    <ele>11.2</ele>
    <time>2020-09-16T23:30:30.000Z</time>
   </trkpt>
   <trkpt lat="-8.046092" lon="-34.907029">
    <ele>11.2</ele>
    <time>2020-09-16T23:30:31.000Z</time>
   </trkpt>
   <trkpt lat="-8.046093" lon="-34.907074">
    <ele>11.2</ele>
    <time>2020-09-16T23:30:32.000Z</time>
   </trkpt>
   <trkpt lat="-8.0461" lon="-34.907114">
    <ele>11.2</ele>
    <time>2020-09-16T23:30:33.000Z</time>
   </trkpt>
   <trkpt lat="-8.04611" lon="-34.907162">
    <ele>11.1</ele>
    <time>2020-09-16T23:30:34.000Z</time>
   </trkpt>
   <trkpt lat="-8.046108" lon="-34.907218">
    <ele>11.1</ele>
    <time>2020-09-16T23:30:35.000Z</time>
   </trkpt>
   <trkpt lat="-8.046105" lon="-34.907272">
    <ele>11.1</ele>
    <time>2020-09-16T23:30:36.000Z</time>
   </trkpt>
   <trkpt lat="-8.046114" lon="-34.907318">
    <ele>11</ele>
    <time>2020-09-16T23:30:37.000Z</time>
   </trkpt>
   <trkpt lat="-8.046122" lon="-34.907356">
    <ele>11</ele>
    <time>2020-09-16T23:30:38.000Z</time>
   </trkpt>
   <trkpt lat="-8.046131" lon="-34.907389">
    <ele>11</ele>
    <time>2020-09-16T23:30:39.000Z</time>
   </trkpt>
   <trkpt lat="-8.046136" lon="-34.907427">
    <ele>11</ele>
    <time>2020-09-16T23:30:40.000Z</time>
   </trkpt>
   <trkpt lat="-8.046141" lon="-34.907471">
    <ele>11</ele>
    <time>2020-09-16T23:30:41.000Z</time>
   </trkpt>
   <trkpt lat="-8.046131" lon="-34.907517">
    <ele>11.1</ele>
    <time>2020-09-16T23:30:42.000Z</time>
   </trkpt>
   <trkpt lat="-8.046128" lon="-34.907561">
    <ele>11.1</ele>
    <time>2020-09-16T23:30:43.000Z</time>
   </trkpt>
   <trkpt lat="-8.046121" lon="-34.907611">
    <ele>11.1</ele>
    <time>2020-09-16T23:30:44.000Z</time>
   </trkpt>
   <trkpt lat="-8.046123" lon="-34.907656">
    <ele>11.1</ele>
    <time>2020-09-16T23:30:45.000Z</time>
   </trkpt>
   <trkpt lat="-8.046116" lon="-34.9077">
    <ele>11.2</ele>
    <time>2020-09-16T23:30:46.000Z</time>
   </trkpt>
   <trkpt lat="-8.046121" lon="-34.907743">
    <ele>11.2</ele>
    <time>2020-09-16T23:30:47.000Z</time>
   </trkpt>
   <trkpt lat="-8.046125" lon="-34.907787">
    <ele>11.3</ele>
    <time>2020-09-16T23:30:48.000Z</time>
   </trkpt>
   <trkpt lat="-8.046126" lon="-34.907831">
    <ele>11.3</ele>
    <time>2020-09-16T23:30:49.000Z</time>
   </trkpt>
   <trkpt lat="-8.046127" lon="-34.907875">
    <ele>11.4</ele>
    <time>2020-09-16T23:30:50.000Z</time>
   </trkpt>
   <trkpt lat="-8.046127" lon="-34.907917">
    <ele>11.4</ele>
    <time>2020-09-16T23:30:51.000Z</time>
   </trkpt>
   <trkpt lat="-8.046132" lon="-34.907961">
    <ele>11.5</ele>
    <time>2020-09-16T23:30:52.000Z</time>
   </trkpt>
   <trkpt lat="-8.046143" lon="-34.908003">
    <ele>11.5</ele>
    <time>2020-09-16T23:30:53.000Z</time>
   </trkpt>
   <trkpt lat="-8.046154" lon="-34.90804">
    <ele>11.6</ele>
    <time>2020-09-16T23:30:54.000Z</time>
   </trkpt>
   <trkpt lat="-8.046169" lon="-34.908075">
    <ele>11.7</ele>
    <time>2020-09-16T23:30:55.000Z</time>
   </trkpt>
   <trkpt lat="-8.046178" lon="-34.908111">
    <ele>11.7</ele>
    <time>2020-09-16T23:30:56.000Z</time>
   </trkpt>
   <trkpt lat="-8.046187" lon="-34.908152">
    <ele>11.8</ele>
    <time>2020-09-16T23:30:57.000Z</time>
   </trkpt>
   <trkpt lat="-8.046199" lon="-34.908189">
    <ele>11.9</ele>
    <time>2020-09-16T23:30:58.000Z</time>
   </trkpt>
   <trkpt lat="-8.046204" lon="-34.90823">
    <ele>12</ele>
    <time>2020-09-16T23:30:59.000Z</time>
   </trkpt>
   <trkpt lat="-8.046208" lon="-34.908265">
    <ele>12.1</ele>
    <time>2020-09-16T23:31:00.000Z</time>
   </trkpt>
   <trkpt lat="-8.046217" lon="-34.908308">
    <ele>12.3</ele>
    <time>2020-09-16T23:31:01.000Z</time>
   </trkpt>
   <trkpt lat="-8.046235" lon="-34.908344">
    <ele>12.4</ele>
    <time>2020-09-16T23:31:02.000Z</time>
   </trkpt>
   <trkpt lat="-8.046251" lon="-34.908377">
    <ele>12.5</ele>
    <time>2020-09-16T23:31:03.000Z</time>
   </trkpt>
   <trkpt lat="-8.046262" lon="-34.908415">
    <ele>12.6</ele>
    <time>2020-09-16T23:31:04.000Z</time>
   </trkpt>
   <trkpt lat="-8.046266" lon="-34.908455">
    <ele>12.7</ele>
    <time>2020-09-16T23:31:05.000Z</time>
   </trkpt>
   <trkpt lat="-8.04627" lon="-34.908495">
    <ele>12.8</ele>
    <time>2020-09-16T23:31:06.000Z</time>
   </trkpt>
   <trkpt lat="-8.046279" lon="-34.908534">
    <ele>13</ele>
    <time>2020-09-16T23:31:07.000Z</time>
   </trkpt>
   <trkpt lat="-8.04629" lon="-34.908573">
    <ele>13.1</ele>
    <time>2020-09-16T23:31:08.000Z</time>
   </trkpt>
   <trkpt lat="-8.046302" lon="-34.908614">
    <ele>13.2</ele>
    <time>2020-09-16T23:31:09.000Z</time>
   </trkpt>
   <trkpt lat="-8.046314" lon="-34.90865">
    <ele>13.3</ele>
    <time>2020-09-16T23:31:10.000Z</time>
   </trkpt>
   <trkpt lat="-8.046323" lon="-34.908682">
    <ele>13.4</ele>
    <time>2020-09-16T23:31:11.000Z</time>
   </trkpt>
   <trkpt lat="-8.046322" lon="-34.908718">
    <ele>13.5</ele>
    <time>2020-09-16T23:31:12.000Z</time>
   </trkpt>
   <trkpt lat="-8.04632" lon="-34.908759">
    <ele>13.6</ele>
    <time>2020-09-16T23:31:13.000Z</time>
   </trkpt>
   <trkpt lat="-8.046321" lon="-34.908794">
    <ele>13.7</ele>
    <time>2020-09-16T23:31:14.000Z</time>
   </trkpt>
   <trkpt lat="-8.046323" lon="-34.908831">
    <ele>13.8</ele>
    <time>2020-09-16T23:31:15.000Z</time>
   </trkpt>
   <trkpt lat="-8.046322" lon="-34.90887">
    <ele>13.9</ele>
    <time>2020-09-16T23:31:16.000Z</time>
   </trkpt>
   <trkpt lat="-8.046323" lon="-34.908902">
    <ele>14</ele>
    <time>2020-09-16T23:31:17.000Z</time>
   </trkpt>
   <trkpt lat="-8.046322" lon="-34.908939">
    <ele>14</ele>
    <time>2020-09-16T23:31:18.000Z</time>
   </trkpt>
   <trkpt lat="-8.046329" lon="-34.908969">
    <ele>14.1</ele>
    <time>2020-09-16T23:31:19.000Z</time>
   </trkpt>
   <trkpt lat="-8.046335" lon="-34.908996">
    <ele>14.1</ele>
    <time>2020-09-16T23:31:20.000Z</time>
   </trkpt>
   <trkpt lat="-8.046325" lon="-34.909039">
    <ele>14.2</ele>
    <time>2020-09-16T23:31:21.000Z</time>
   </trkpt>
   <trkpt lat="-8.046313" lon="-34.909071">
    <ele>14.3</ele>
    <time>2020-09-16T23:31:22.000Z</time>
   </trkpt>
   <trkpt lat="-8.04632" lon="-34.90912">
    <ele>14.3</ele>
    <time>2020-09-16T23:31:24.000Z</time>
   </trkpt>
   <trkpt lat="-8.046324" lon="-34.909151">
    <ele>14.4</ele>
    <time>2020-09-16T23:31:25.000Z</time>
   </trkpt>
   <trkpt lat="-8.046326" lon="-34.90918">
    <ele>14.4</ele>
    <time>2020-09-16T23:31:26.000Z</time>
   </trkpt>
   <trkpt lat="-8.04633" lon="-34.909213">
    <ele>14.4</ele>
    <time>2020-09-16T23:31:27.000Z</time>
   </trkpt>
   <trkpt lat="-8.046339" lon="-34.909249">
    <ele>14.5</ele>
    <time>2020-09-16T23:31:29.000Z</time>
   </trkpt>
   <trkpt lat="-8.046355" lon="-34.909271">
    <ele>14.5</ele>
    <time>2020-09-16T23:31:32.000Z</time>
   </trkpt>
   <trkpt lat="-8.046335" lon="-34.909286">
    <ele>14.5</ele>
    <time>2020-09-16T23:31:35.000Z</time>
   </trkpt>
   <trkpt lat="-8.046331" lon="-34.909299">
    <ele>14.6</ele>
    <time>2020-09-16T23:31:40.000Z</time>
   </trkpt>
   <trkpt lat="-8.046443" lon="-34.909398">
    <ele>14.2</ele>
    <time>2020-09-16T23:32:31.000Z</time>
   </trkpt>
   <trkpt lat="-8.04647" lon="-34.90939">
    <ele>14.1</ele>
    <time>2020-09-16T23:32:32.000Z</time>
   </trkpt>
   <trkpt lat="-8.04653" lon="-34.909377">
    <ele>13.9</ele>
    <time>2020-09-16T23:32:34.000Z</time>
   </trkpt>
   <trkpt lat="-8.046569" lon="-34.90937">
    <ele>13.8</ele>
    <time>2020-09-16T23:32:35.000Z</time>
   </trkpt>
   <trkpt lat="-8.046621" lon="-34.909352">
    <ele>13.6</ele>
    <time>2020-09-16T23:32:36.000Z</time>
   </trkpt>
   <trkpt lat="-8.046669" lon="-34.909337">
    <ele>13.5</ele>
    <time>2020-09-16T23:32:37.000Z</time>
   </trkpt>
   <trkpt lat="-8.046715" lon="-34.909326">
    <ele>13.3</ele>
    <time>2020-09-16T23:32:38.000Z</time>
   </trkpt>
   <trkpt lat="-8.046756" lon="-34.909309">
    <ele>13.3</ele>
    <time>2020-09-16T23:32:39.000Z</time>
   </trkpt>
   <trkpt lat="-8.04679" lon="-34.909294">
    <ele>13.2</ele>
    <time>2020-09-16T23:32:40.000Z</time>
   </trkpt>
   <trkpt lat="-8.046821" lon="-34.909273">
    <ele>13.2</ele>
    <time>2020-09-16T23:32:41.000Z</time>
   </trkpt>
   <trkpt lat="-8.046849" lon="-34.909252">
    <ele>13.2</ele>
    <time>2020-09-16T23:32:42.000Z</time>
   </trkpt>
   <trkpt lat="-8.046879" lon="-34.909227">
    <ele>13.2</ele>
    <time>2020-09-16T23:32:43.000Z</time>
   </trkpt>
   <trkpt lat="-8.046906" lon="-34.909204">
    <ele>13.1</ele>
    <time>2020-09-16T23:32:44.000Z</time>
   </trkpt>
   <trkpt lat="-8.046941" lon="-34.909185">
    <ele>13</ele>
    <time>2020-09-16T23:32:46.000Z</time>
   </trkpt>
   <trkpt lat="-8.046988" lon="-34.909159">
    <ele>12.9</ele>
    <time>2020-09-16T23:32:48.000Z</time>
   </trkpt>
   <trkpt lat="-8.047027" lon="-34.90914">
    <ele>12.8</ele>
    <time>2020-09-16T23:32:50.000Z</time>
   </trkpt>
   <trkpt lat="-8.047072" lon="-34.909122">
    <ele>12.7</ele>
    <time>2020-09-16T23:32:52.000Z</time>
   </trkpt>
   <trkpt lat="-8.047112" lon="-34.909106">
    <ele>12.6</ele>
    <time>2020-09-16T23:32:54.000Z</time>
   </trkpt>
   <trkpt lat="-8.047148" lon="-34.909094">
    <ele>12.5</ele>
    <time>2020-09-16T23:32:57.000Z</time>
   </trkpt>
   <trkpt lat="-8.047187" lon="-34.909117">
    <ele>12.4</ele>
    <time>2020-09-16T23:32:59.000Z</time>
   </trkpt>
   <trkpt lat="-8.047212" lon="-34.90913">
    <ele>12.3</ele>
    <time>2020-09-16T23:33:00.000Z</time>
   </trkpt>
   <trkpt lat="-8.047249" lon="-34.90915">
    <ele>12.2</ele>
    <time>2020-09-16T23:33:02.000Z</time>
   </trkpt>
   <trkpt lat="-8.047271" lon="-34.909167">
    <ele>12.1</ele>
    <time>2020-09-16T23:33:05.000Z</time>
   </trkpt>
   <trkpt lat="-8.047275" lon="-34.909192">
    <ele>12.1</ele>
    <time>2020-09-16T23:33:09.000Z</time>
   </trkpt>
   <trkpt lat="-8.047353" lon="-34.909151">
    <ele>11.9</ele>
    <time>2020-09-16T23:33:17.000Z</time>
   </trkpt>
   <trkpt lat="-8.047382" lon="-34.909139">
    <ele>11.8</ele>
    <time>2020-09-16T23:33:18.000Z</time>
   </trkpt>
   <trkpt lat="-8.047412" lon="-34.909129">
    <ele>11.7</ele>
    <time>2020-09-16T23:33:19.000Z</time>
   </trkpt>
   <trkpt lat="-8.047461" lon="-34.909107">
    <ele>11.6</ele>
    <time>2020-09-16T23:33:21.000Z</time>
   </trkpt>
   <trkpt lat="-8.047491" lon="-34.909098">
    <ele>11.5</ele>
    <time>2020-09-16T23:33:22.000Z</time>
   </trkpt>
   <trkpt lat="-8.047519" lon="-34.909085">
    <ele>11.5</ele>
    <time>2020-09-16T23:33:23.000Z</time>
   </trkpt>
   <trkpt lat="-8.047547" lon="-34.909057">
    <ele>11.4</ele>
    <time>2020-09-16T23:33:24.000Z</time>
   </trkpt>
   <trkpt lat="-8.047579" lon="-34.909043">
    <ele>11.3</ele>
    <time>2020-09-16T23:33:25.000Z</time>
   </trkpt>
   <trkpt lat="-8.047612" lon="-34.909031">
    <ele>11.2</ele>
    <time>2020-09-16T23:33:26.000Z</time>
   </trkpt>
   <trkpt lat="-8.047651" lon="-34.909018">
    <ele>11.1</ele>
    <time>2020-09-16T23:33:27.000Z</time>
   </trkpt>
   <trkpt lat="-8.047685" lon="-34.90901">
    <ele>11</ele>
    <time>2020-09-16T23:33:28.000Z</time>
   </trkpt>
   <trkpt lat="-8.047723" lon="-34.909005">
    <ele>10.9</ele>
    <time>2020-09-16T23:33:29.000Z</time>
   </trkpt>
   <trkpt lat="-8.047757" lon="-34.908995">
    <ele>10.9</ele>
    <time>2020-09-16T23:33:30.000Z</time>
   </trkpt>
   <trkpt lat="-8.047797" lon="-34.908987">
    <ele>10.8</ele>
    <time>2020-09-16T23:33:31.000Z</time>
   </trkpt>
   <trkpt lat="-8.047858" lon="-34.908961">
    <ele>10.7</ele>
    <time>2020-09-16T23:33:32.000Z</time>
   </trkpt>
   <trkpt lat="-8.047913" lon="-34.908946">
    <ele>10.6</ele>
    <time>2020-09-16T23:33:33.000Z</time>
   </trkpt>
   <trkpt lat="-8.047965" lon="-34.908931">
    <ele>10.6</ele>
    <time>2020-09-16T23:33:34.000Z</time>
   </trkpt>
   <trkpt lat="-8.048015" lon="-34.90891">
    <ele>10.5</ele>
    <time>2020-09-16T23:33:35.000Z</time>
   </trkpt>
   <trkpt lat="-8.048067" lon="-34.908884">
    <ele>10.5</ele>
    <time>2020-09-16T23:33:36.000Z</time>
   </trkpt>
   <trkpt lat="-8.048113" lon="-34.908861">
    <ele>10.5</ele>
    <time>2020-09-16T23:33:37.000Z</time>
   </trkpt>
   <trkpt lat="-8.048156" lon="-34.908843">
    <ele>10.5</ele>
    <time>2020-09-16T23:33:38.000Z</time>
   </trkpt>
   <trkpt lat="-8.0482" lon="-34.908831">
    <ele>10.4</ele>
    <time>2020-09-16T23:33:39.000Z</time>
   </trkpt>
   <trkpt lat="-8.048239" lon="-34.908818">
    <ele>10.4</ele>
    <time>2020-09-16T23:33:40.000Z</time>
   </trkpt>
   <trkpt lat="-8.048279" lon="-34.908807">
    <ele>10.4</ele>
    <time>2020-09-16T23:33:41.000Z</time>
   </trkpt>
   <trkpt lat="-8.048321" lon="-34.908792">
    <ele>10.4</ele>
    <time>2020-09-16T23:33:42.000Z</time>
   </trkpt>
   <trkpt lat="-8.048369" lon="-34.90878">
    <ele>10.4</ele>
    <time>2020-09-16T23:33:43.000Z</time>
   </trkpt>
   <trkpt lat="-8.048411" lon="-34.908771">
    <ele>10.4</ele>
    <time>2020-09-16T23:33:44.000Z</time>
   </trkpt>
   <trkpt lat="-8.048453" lon="-34.908762">
    <ele>10.4</ele>
    <time>2020-09-16T23:33:45.000Z</time>
   </trkpt>
   <trkpt lat="-8.048498" lon="-34.908753">
    <ele>10.4</ele>
    <time>2020-09-16T23:33:46.000Z</time>
   </trkpt>
   <trkpt lat="-8.048539" lon="-34.90874">
    <ele>10.4</ele>
    <time>2020-09-16T23:33:47.000Z</time>
   </trkpt>
   <trkpt lat="-8.048574" lon="-34.908726">
    <ele>10.4</ele>
    <time>2020-09-16T23:33:48.000Z</time>
   </trkpt>
   <trkpt lat="-8.048601" lon="-34.908715">
    <ele>10.4</ele>
    <time>2020-09-16T23:33:49.000Z</time>
   </trkpt>
   <trkpt lat="-8.048629" lon="-34.9087">
    <ele>10.4</ele>
    <time>2020-09-16T23:33:50.000Z</time>
   </trkpt>
   <trkpt lat="-8.048663" lon="-34.908677">
    <ele>10.4</ele>
    <time>2020-09-16T23:33:51.000Z</time>
   </trkpt>
   <trkpt lat="-8.048705" lon="-34.908653">
    <ele>10.4</ele>
    <time>2020-09-16T23:33:52.000Z</time>
   </trkpt>
   <trkpt lat="-8.048749" lon="-34.908633">
    <ele>10.4</ele>
    <time>2020-09-16T23:33:53.000Z</time>
   </trkpt>
   <trkpt lat="-8.048795" lon="-34.908614">
    <ele>10.4</ele>
    <time>2020-09-16T23:33:54.000Z</time>
   </trkpt>
   <trkpt lat="-8.048823" lon="-34.908601">
    <ele>10.4</ele>
    <time>2020-09-16T23:33:55.000Z</time>
   </trkpt>
   <trkpt lat="-8.048857" lon="-34.908587">
    <ele>10.5</ele>
    <time>2020-09-16T23:33:56.000Z</time>
   </trkpt>
   <trkpt lat="-8.048893" lon="-34.908574">
    <ele>10.5</ele>
    <time>2020-09-16T23:33:57.000Z</time>
   </trkpt>
   <trkpt lat="-8.048938" lon="-34.908558">
    <ele>10.5</ele>
    <time>2020-09-16T23:33:58.000Z</time>
   </trkpt>
   <trkpt lat="-8.048977" lon="-34.908545">
    <ele>10.5</ele>
    <time>2020-09-16T23:33:59.000Z</time>
   </trkpt>
   <trkpt lat="-8.049012" lon="-34.908534">
    <ele>10.5</ele>
    <time>2020-09-16T23:34:00.000Z</time>
   </trkpt>
   <trkpt lat="-8.049063" lon="-34.908519">
    <ele>10.5</ele>
    <time>2020-09-16T23:34:01.000Z</time>
   </trkpt>
   <trkpt lat="-8.04911" lon="-34.908506">
    <ele>10.5</ele>
    <time>2020-09-16T23:34:02.000Z</time>
   </trkpt>
   <trkpt lat="-8.049167" lon="-34.908495">
    <ele>10.5</ele>
    <time>2020-09-16T23:34:03.000Z</time>
   </trkpt>
   <trkpt lat="-8.049223" lon="-34.908472">
    <ele>10.5</ele>
    <time>2020-09-16T23:34:04.000Z</time>
   </trkpt>
   <trkpt lat="-8.049275" lon="-34.908453">
    <ele>10.5</ele>
    <time>2020-09-16T23:34:05.000Z</time>
   </trkpt>
   <trkpt lat="-8.049321" lon="-34.908436">
    <ele>10.5</ele>
    <time>2020-09-16T23:34:06.000Z</time>
   </trkpt>
   <trkpt lat="-8.049373" lon="-34.908421">
    <ele>10.5</ele>
    <time>2020-09-16T23:34:07.000Z</time>
   </trkpt>
   <trkpt lat="-8.049415" lon="-34.908405">
    <ele>10.6</ele>
    <time>2020-09-16T23:34:08.000Z</time>
   </trkpt>
   <trkpt lat="-8.049463" lon="-34.90839">
    <ele>10.6</ele>
    <time>2020-09-16T23:34:09.000Z</time>
   </trkpt>
   <trkpt lat="-8.049509" lon="-34.908374">
    <ele>10.6</ele>
    <time>2020-09-16T23:34:10.000Z</time>
   </trkpt>
   <trkpt lat="-8.049554" lon="-34.908357">
    <ele>10.6</ele>
    <time>2020-09-16T23:34:11.000Z</time>
   </trkpt>
   <trkpt lat="-8.049601" lon="-34.908342">
    <ele>10.6</ele>
    <time>2020-09-16T23:34:12.000Z</time>
   </trkpt>
   <trkpt lat="-8.049646" lon="-34.908334">
    <ele>10.6</ele>
    <time>2020-09-16T23:34:13.000Z</time>
   </trkpt>
   <trkpt lat="-8.049709" lon="-34.908329">
    <ele>10.7</ele>
    <time>2020-09-16T23:34:14.000Z</time>
   </trkpt>
   <trkpt lat="-8.04976" lon="-34.90832">
    <ele>10.7</ele>
    <time>2020-09-16T23:34:15.000Z</time>
   </trkpt>
   <trkpt lat="-8.049816" lon="-34.908316">
    <ele>10.7</ele>
    <time>2020-09-16T23:34:16.000Z</time>
   </trkpt>
   <trkpt lat="-8.049881" lon="-34.90831">
    <ele>10.7</ele>
    <time>2020-09-16T23:34:17.000Z</time>
   </trkpt>
   <trkpt lat="-8.049949" lon="-34.908307">
    <ele>10.7</ele>
    <time>2020-09-16T23:34:18.000Z</time>
   </trkpt>
   <trkpt lat="-8.050014" lon="-34.908299">
    <ele>10.8</ele>
    <time>2020-09-16T23:34:19.000Z</time>
   </trkpt>
   <trkpt lat="-8.050072" lon="-34.90828">
    <ele>10.7</ele>
    <time>2020-09-16T23:34:20.000Z</time>
   </trkpt>
   <trkpt lat="-8.050126" lon="-34.908267">
    <ele>10.6</ele>
    <time>2020-09-16T23:34:21.000Z</time>
   </trkpt>
   <trkpt lat="-8.050162" lon="-34.908255">
    <ele>10.6</ele>
    <time>2020-09-16T23:34:22.000Z</time>
   </trkpt>
   <trkpt lat="-8.050202" lon="-34.908246">
    <ele>10.5</ele>
    <time>2020-09-16T23:34:23.000Z</time>
   </trkpt>
   <trkpt lat="-8.050249" lon="-34.908238">
    <ele>10.5</ele>
    <time>2020-09-16T23:34:24.000Z</time>
   </trkpt>
   <trkpt lat="-8.050293" lon="-34.908233">
    <ele>10.4</ele>
    <time>2020-09-16T23:34:25.000Z</time>
   </trkpt>
   <trkpt lat="-8.050336" lon="-34.90821">
    <ele>10.3</ele>
    <time>2020-09-16T23:34:26.000Z</time>
   </trkpt>
   <trkpt lat="-8.050386" lon="-34.908205">
    <ele>10.3</ele>
    <time>2020-09-16T23:34:27.000Z</time>
   </trkpt>
   <trkpt lat="-8.050438" lon="-34.908201">
    <ele>10.2</ele>
    <time>2020-09-16T23:34:28.000Z</time>
   </trkpt>
   <trkpt lat="-8.050495" lon="-34.908191">
    <ele>10.1</ele>
    <time>2020-09-16T23:34:29.000Z</time>
   </trkpt>
   <trkpt lat="-8.050547" lon="-34.908208">
    <ele>10.1</ele>
    <time>2020-09-16T23:34:30.000Z</time>
   </trkpt>
   <trkpt lat="-8.050605" lon="-34.908214">
    <ele>10</ele>
    <time>2020-09-16T23:34:31.000Z</time>
   </trkpt>
   <trkpt lat="-8.050683" lon="-34.908191">
    <ele>9.9</ele>
    <time>2020-09-16T23:34:32.000Z</time>
   </trkpt>
   <trkpt lat="-8.050739" lon="-34.908199">
    <ele>9.9</ele>
    <time>2020-09-16T23:34:33.000Z</time>
   </trkpt>
   <trkpt lat="-8.050796" lon="-34.908208">
    <ele>9.9</ele>
    <time>2020-09-16T23:34:34.000Z</time>
   </trkpt>
   <trkpt lat="-8.050853" lon="-34.908219">
    <ele>9.9</ele>
    <time>2020-09-16T23:34:35.000Z</time>
   </trkpt>
   <trkpt lat="-8.050905" lon="-34.908236">
    <ele>9.9</ele>
    <time>2020-09-16T23:34:36.000Z</time>
   </trkpt>
   <trkpt lat="-8.050955" lon="-34.908245">
    <ele>9.9</ele>
    <time>2020-09-16T23:34:37.000Z</time>
   </trkpt>
   <trkpt lat="-8.051003" lon="-34.908253">
    <ele>10</ele>
    <time>2020-09-16T23:34:38.000Z</time>
   </trkpt>
   <trkpt lat="-8.051054" lon="-34.908268">
    <ele>10</ele>
    <time>2020-09-16T23:34:39.000Z</time>
   </trkpt>
   <trkpt lat="-8.0511" lon="-34.908286">
    <ele>10.1</ele>
    <time>2020-09-16T23:34:40.000Z</time>
   </trkpt>
   <trkpt lat="-8.05114" lon="-34.908295">
    <ele>10.1</ele>
    <time>2020-09-16T23:34:41.000Z</time>
   </trkpt>
   <trkpt lat="-8.05118" lon="-34.908301">
    <ele>10.1</ele>
    <time>2020-09-16T23:34:42.000Z</time>
   </trkpt>
   <trkpt lat="-8.051233" lon="-34.908286">
    <ele>10.2</ele>
    <time>2020-09-16T23:34:43.000Z</time>
   </trkpt>
   <trkpt lat="-8.05128" lon="-34.908269">
    <ele>10.2</ele>
    <time>2020-09-16T23:34:44.000Z</time>
   </trkpt>
   <trkpt lat="-8.051328" lon="-34.908261">
    <ele>10.3</ele>
    <time>2020-09-16T23:34:45.000Z</time>
   </trkpt>
   <trkpt lat="-8.051372" lon="-34.908263">
    <ele>10.3</ele>
    <time>2020-09-16T23:34:46.000Z</time>
   </trkpt>
   <trkpt lat="-8.05141" lon="-34.908264">
    <ele>10.3</ele>
    <time>2020-09-16T23:34:47.000Z</time>
   </trkpt>
   <trkpt lat="-8.051455" lon="-34.908262">
    <ele>10.3</ele>
    <time>2020-09-16T23:34:48.000Z</time>
   </trkpt>
   <trkpt lat="-8.051501" lon="-34.908259">
    <ele>10.3</ele>
    <time>2020-09-16T23:34:49.000Z</time>
   </trkpt>
   <trkpt lat="-8.051546" lon="-34.908261">
    <ele>10.4</ele>
    <time>2020-09-16T23:34:50.000Z</time>
   </trkpt>
   <trkpt lat="-8.051593" lon="-34.908257">
    <ele>10.4</ele>
    <time>2020-09-16T23:34:51.000Z</time>
   </trkpt>
   <trkpt lat="-8.05164" lon="-34.908251">
    <ele>10.4</ele>
    <time>2020-09-16T23:34:52.000Z</time>
   </trkpt>
   <trkpt lat="-8.051687" lon="-34.908249">
    <ele>10.4</ele>
    <time>2020-09-16T23:34:53.000Z</time>
   </trkpt>
   <trkpt lat="-8.05173" lon="-34.908244">
    <ele>10.4</ele>
    <time>2020-09-16T23:34:54.000Z</time>
   </trkpt>
   <trkpt lat="-8.051773" lon="-34.908245">
    <ele>10.4</ele>
    <time>2020-09-16T23:34:55.000Z</time>
   </trkpt>
   <trkpt lat="-8.051808" lon="-34.908245">
    <ele>10.4</ele>
    <time>2020-09-16T23:34:56.000Z</time>
   </trkpt>
   <trkpt lat="-8.051845" lon="-34.908252">
    <ele>10.4</ele>
    <time>2020-09-16T23:34:57.000Z</time>
   </trkpt>
   <trkpt lat="-8.05188" lon="-34.908258">
    <ele>10.4</ele>
    <time>2020-09-16T23:34:58.000Z</time>
   </trkpt>
   <trkpt lat="-8.051919" lon="-34.908267">
    <ele>10.5</ele>
    <time>2020-09-16T23:34:59.000Z</time>
   </trkpt>
   <trkpt lat="-8.051955" lon="-34.908273">
    <ele>10.5</ele>
    <time>2020-09-16T23:35:00.000Z</time>
   </trkpt>
   <trkpt lat="-8.051996" lon="-34.908272">
    <ele>10.5</ele>
    <time>2020-09-16T23:35:01.000Z</time>
   </trkpt>
   <trkpt lat="-8.052044" lon="-34.908279">
    <ele>10.5</ele>
    <time>2020-09-16T23:35:02.000Z</time>
   </trkpt>
   <trkpt lat="-8.052088" lon="-34.908274">
    <ele>10.5</ele>
    <time>2020-09-16T23:35:03.000Z</time>
   </trkpt>
   <trkpt lat="-8.052132" lon="-34.908272">
    <ele>10.6</ele>
    <time>2020-09-16T23:35:04.000Z</time>
   </trkpt>
   <trkpt lat="-8.052175" lon="-34.908274">
    <ele>10.6</ele>
    <time>2020-09-16T23:35:05.000Z</time>
   </trkpt>
   <trkpt lat="-8.052221" lon="-34.908282">
    <ele>10.6</ele>
    <time>2020-09-16T23:35:06.000Z</time>
   </trkpt>
   <trkpt lat="-8.052263" lon="-34.908292">
    <ele>10.6</ele>
    <time>2020-09-16T23:35:07.000Z</time>
   </trkpt>
   <trkpt lat="-8.052303" lon="-34.908304">
    <ele>10.6</ele>
    <time>2020-09-16T23:35:08.000Z</time>
   </trkpt>
   <trkpt lat="-8.052346" lon="-34.908315">
    <ele>10.6</ele>
    <time>2020-09-16T23:35:09.000Z</time>
   </trkpt>
   <trkpt lat="-8.052399" lon="-34.908328">
    <ele>10.6</ele>
    <time>2020-09-16T23:35:10.000Z</time>
   </trkpt>
   <trkpt lat="-8.052453" lon="-34.908342">
    <ele>10.6</ele>
    <time>2020-09-16T23:35:11.000Z</time>
   </trkpt>
   <trkpt lat="-8.0525" lon="-34.908366">
    <ele>10.6</ele>
    <time>2020-09-16T23:35:12.000Z</time>
   </trkpt>
   <trkpt lat="-8.052541" lon="-34.908371">
    <ele>10.6</ele>
    <time>2020-09-16T23:35:13.000Z</time>
   </trkpt>
   <trkpt lat="-8.052574" lon="-34.908381">
    <ele>10.7</ele>
    <time>2020-09-16T23:35:14.000Z</time>
   </trkpt>
   <trkpt lat="-8.052606" lon="-34.908387">
    <ele>10.7</ele>
    <time>2020-09-16T23:35:15.000Z</time>
   </trkpt>
   <trkpt lat="-8.052644" lon="-34.908392">
    <ele>10.7</ele>
    <time>2020-09-16T23:35:16.000Z</time>
   </trkpt>
   <trkpt lat="-8.052679" lon="-34.908393">
    <ele>10.7</ele>
    <time>2020-09-16T23:35:17.000Z</time>
   </trkpt>
   <trkpt lat="-8.052722" lon="-34.908386">
    <ele>10.7</ele>
    <time>2020-09-16T23:35:18.000Z</time>
   </trkpt>
   <trkpt lat="-8.052769" lon="-34.908376">
    <ele>10.7</ele>
    <time>2020-09-16T23:35:19.000Z</time>
   </trkpt>
   <trkpt lat="-8.052816" lon="-34.908371">
    <ele>10.8</ele>
    <time>2020-09-16T23:35:20.000Z</time>
   </trkpt>
   <trkpt lat="-8.052896" lon="-34.908393">
    <ele>10.8</ele>
    <time>2020-09-16T23:35:21.000Z</time>
   </trkpt>
   <trkpt lat="-8.052968" lon="-34.908404">
    <ele>10.8</ele>
    <time>2020-09-16T23:35:22.000Z</time>
   </trkpt>
   <trkpt lat="-8.053024" lon="-34.908424">
    <ele>10.8</ele>
    <time>2020-09-16T23:35:23.000Z</time>
   </trkpt>
   <trkpt lat="-8.053078" lon="-34.908437">
    <ele>10.8</ele>
    <time>2020-09-16T23:35:24.000Z</time>
   </trkpt>
   <trkpt lat="-8.053129" lon="-34.908446">
    <ele>10.8</ele>
    <time>2020-09-16T23:35:25.000Z</time>
   </trkpt>
   <trkpt lat="-8.053177" lon="-34.908455">
    <ele>10.8</ele>
    <time>2020-09-16T23:35:26.000Z</time>
   </trkpt>
   <trkpt lat="-8.053229" lon="-34.908462">
    <ele>10.8</ele>
    <time>2020-09-16T23:35:27.000Z</time>
   </trkpt>
   <trkpt lat="-8.053274" lon="-34.908472">
    <ele>10.8</ele>
    <time>2020-09-16T23:35:28.000Z</time>
   </trkpt>
   <trkpt lat="-8.053319" lon="-34.908484">
    <ele>10.8</ele>
    <time>2020-09-16T23:35:29.000Z</time>
   </trkpt>
   <trkpt lat="-8.053361" lon="-34.908497">
    <ele>10.8</ele>
    <time>2020-09-16T23:35:30.000Z</time>
   </trkpt>
   <trkpt lat="-8.053408" lon="-34.908504">
    <ele>10.8</ele>
    <time>2020-09-16T23:35:31.000Z</time>
   </trkpt>
   <trkpt lat="-8.053464" lon="-34.90851">
    <ele>10.7</ele>
    <time>2020-09-16T23:35:32.000Z</time>
   </trkpt>
   <trkpt lat="-8.053503" lon="-34.908515">
    <ele>10.7</ele>
    <time>2020-09-16T23:35:33.000Z</time>
   </trkpt>
   <trkpt lat="-8.053546" lon="-34.908526">
    <ele>10.6</ele>
    <time>2020-09-16T23:35:34.000Z</time>
   </trkpt>
   <trkpt lat="-8.053588" lon="-34.908538">
    <ele>10.6</ele>
    <time>2020-09-16T23:35:35.000Z</time>
   </trkpt>
   <trkpt lat="-8.053625" lon="-34.908549">
    <ele>10.6</ele>
    <time>2020-09-16T23:35:36.000Z</time>
   </trkpt>
   <trkpt lat="-8.053662" lon="-34.908563">
    <ele>10.6</ele>
    <time>2020-09-16T23:35:37.000Z</time>
   </trkpt>
   <trkpt lat="-8.053705" lon="-34.908574">
    <ele>10.6</ele>
    <time>2020-09-16T23:35:38.000Z</time>
   </trkpt>
   <trkpt lat="-8.053734" lon="-34.908592">
    <ele>10.6</ele>
    <time>2020-09-16T23:35:39.000Z</time>
   </trkpt>
   <trkpt lat="-8.053772" lon="-34.908604">
    <ele>10.6</ele>
    <time>2020-09-16T23:35:40.000Z</time>
   </trkpt>
   <trkpt lat="-8.053823" lon="-34.908627">
    <ele>10.5</ele>
    <time>2020-09-16T23:35:41.000Z</time>
   </trkpt>
   <trkpt lat="-8.053881" lon="-34.908641">
    <ele>10.5</ele>
    <time>2020-09-16T23:35:42.000Z</time>
   </trkpt>
   <trkpt lat="-8.053932" lon="-34.908649">
    <ele>10.5</ele>
    <time>2020-09-16T23:35:43.000Z</time>
   </trkpt>
   <trkpt lat="-8.05399" lon="-34.908663">
    <ele>10.5</ele>
    <time>2020-09-16T23:35:44.000Z</time>
   </trkpt>
   <trkpt lat="-8.054043" lon="-34.908674">
    <ele>10.5</ele>
    <time>2020-09-16T23:35:45.000Z</time>
   </trkpt>
   <trkpt lat="-8.054091" lon="-34.908686">
    <ele>10.5</ele>
    <time>2020-09-16T23:35:46.000Z</time>
   </trkpt>
   <trkpt lat="-8.054145" lon="-34.908682">
    <ele>10.5</ele>
    <time>2020-09-16T23:35:47.000Z</time>
   </trkpt>
   <trkpt lat="-8.054185" lon="-34.908679">
    <ele>10.5</ele>
    <time>2020-09-16T23:35:48.000Z</time>
   </trkpt>
   <trkpt lat="-8.05422" lon="-34.908682">
    <ele>10.5</ele>
    <time>2020-09-16T23:35:49.000Z</time>
   </trkpt>
   <trkpt lat="-8.05426" lon="-34.90868">
    <ele>10.5</ele>
    <time>2020-09-16T23:35:50.000Z</time>
   </trkpt>
   <trkpt lat="-8.054302" lon="-34.908675">
    <ele>10.5</ele>
    <time>2020-09-16T23:35:51.000Z</time>
   </trkpt>
   <trkpt lat="-8.054348" lon="-34.908673">
    <ele>10.5</ele>
    <time>2020-09-16T23:35:52.000Z</time>
   </trkpt>
   <trkpt lat="-8.05439" lon="-34.908674">
    <ele>10.5</ele>
    <time>2020-09-16T23:35:53.000Z</time>
   </trkpt>
   <trkpt lat="-8.054431" lon="-34.908675">
    <ele>10.5</ele>
    <time>2020-09-16T23:35:54.000Z</time>
   </trkpt>
   <trkpt lat="-8.054471" lon="-34.90867">
    <ele>10.5</ele>
    <time>2020-09-16T23:35:55.000Z</time>
   </trkpt>
   <trkpt lat="-8.054518" lon="-34.908674">
    <ele>10.5</ele>
    <time>2020-09-16T23:35:56.000Z</time>
   </trkpt>
   <trkpt lat="-8.054564" lon="-34.908683">
    <ele>10.6</ele>
    <time>2020-09-16T23:35:57.000Z</time>
   </trkpt>
   <trkpt lat="-8.054615" lon="-34.908686">
    <ele>10.6</ele>
    <time>2020-09-16T23:35:58.000Z</time>
   </trkpt>
   <trkpt lat="-8.054667" lon="-34.908682">
    <ele>10.6</ele>
    <time>2020-09-16T23:35:59.000Z</time>
   </trkpt>
   <trkpt lat="-8.054724" lon="-34.908676">
    <ele>10.6</ele>
    <time>2020-09-16T23:36:00.000Z</time>
   </trkpt>
   <trkpt lat="-8.054779" lon="-34.908672">
    <ele>10.6</ele>
    <time>2020-09-16T23:36:01.000Z</time>
   </trkpt>
   <trkpt lat="-8.054835" lon="-34.908673">
    <ele>10.7</ele>
    <time>2020-09-16T23:36:02.000Z</time>
   </trkpt>
   <trkpt lat="-8.054878" lon="-34.908674">
    <ele>10.7</ele>
    <time>2020-09-16T23:36:03.000Z</time>
   </trkpt>
   <trkpt lat="-8.054926" lon="-34.908681">
    <ele>10.7</ele>
    <time>2020-09-16T23:36:04.000Z</time>
   </trkpt>
   <trkpt lat="-8.054968" lon="-34.908696">
    <ele>10.7</ele>
    <time>2020-09-16T23:36:05.000Z</time>
   </trkpt>
   <trkpt lat="-8.055016" lon="-34.908712">
    <ele>10.7</ele>
    <time>2020-09-16T23:36:06.000Z</time>
   </trkpt>
   <trkpt lat="-8.055063" lon="-34.908717">
    <ele>10.7</ele>
    <time>2020-09-16T23:36:07.000Z</time>
   </trkpt>
   <trkpt lat="-8.055105" lon="-34.908727">
    <ele>10.7</ele>
    <time>2020-09-16T23:36:08.000Z</time>
   </trkpt>
   <trkpt lat="-8.055143" lon="-34.908736">
    <ele>10.6</ele>
    <time>2020-09-16T23:36:09.000Z</time>
   </trkpt>
   <trkpt lat="-8.05519" lon="-34.908741">
    <ele>10.6</ele>
    <time>2020-09-16T23:36:10.000Z</time>
   </trkpt>
   <trkpt lat="-8.055248" lon="-34.908745">
    <ele>10.6</ele>
    <time>2020-09-16T23:36:11.000Z</time>
   </trkpt>
   <trkpt lat="-8.055306" lon="-34.908751">
    <ele>10.6</ele>
    <time>2020-09-16T23:36:12.000Z</time>
   </trkpt>
   <trkpt lat="-8.05536" lon="-34.908762">
    <ele>10.6</ele>
    <time>2020-09-16T23:36:13.000Z</time>
   </trkpt>
   <trkpt lat="-8.055408" lon="-34.908777">
    <ele>10.6</ele>
    <time>2020-09-16T23:36:14.000Z</time>
   </trkpt>
   <trkpt lat="-8.055458" lon="-34.90879">
    <ele>10.6</ele>
    <time>2020-09-16T23:36:15.000Z</time>
   </trkpt>
   <trkpt lat="-8.055515" lon="-34.9088">
    <ele>10.6</ele>
    <time>2020-09-16T23:36:16.000Z</time>
   </trkpt>
   <trkpt lat="-8.055566" lon="-34.908801">
    <ele>10.6</ele>
    <time>2020-09-16T23:36:17.000Z</time>
   </trkpt>
   <trkpt lat="-8.055614" lon="-34.908803">
    <ele>10.6</ele>
    <time>2020-09-16T23:36:18.000Z</time>
   </trkpt>
   <trkpt lat="-8.055672" lon="-34.908802">
    <ele>10.6</ele>
    <time>2020-09-16T23:36:19.000Z</time>
   </trkpt>
   <trkpt lat="-8.055726" lon="-34.908811">
    <ele>10.6</ele>
    <time>2020-09-16T23:36:20.000Z</time>
   </trkpt>
   <trkpt lat="-8.055781" lon="-34.908814">
    <ele>10.6</ele>
    <time>2020-09-16T23:36:21.000Z</time>
   </trkpt>
   <trkpt lat="-8.055835" lon="-34.908817">
    <ele>10.5</ele>
    <time>2020-09-16T23:36:22.000Z</time>
   </trkpt>
   <trkpt lat="-8.055886" lon="-34.908829">
    <ele>10.4</ele>
    <time>2020-09-16T23:36:23.000Z</time>
   </trkpt>
   <trkpt lat="-8.055939" lon="-34.908845">
    <ele>10.3</ele>
    <time>2020-09-16T23:36:24.000Z</time>
   </trkpt>
   <trkpt lat="-8.055996" lon="-34.908871">
    <ele>10.1</ele>
    <time>2020-09-16T23:36:25.000Z</time>
   </trkpt>
   <trkpt lat="-8.056045" lon="-34.908885">
    <ele>9.9</ele>
    <time>2020-09-16T23:36:26.000Z</time>
   </trkpt>
   <trkpt lat="-8.056104" lon="-34.908911">
    <ele>9.6</ele>
    <time>2020-09-16T23:36:27.000Z</time>
   </trkpt>
   <trkpt lat="-8.056167" lon="-34.908929">
    <ele>9.2</ele>
    <time>2020-09-16T23:36:28.000Z</time>
   </trkpt>
   <trkpt lat="-8.056236" lon="-34.908949">
    <ele>8.7</ele>
    <time>2020-09-16T23:36:29.000Z</time>
   </trkpt>
   <trkpt lat="-8.056315" lon="-34.908975">
    <ele>8</ele>
    <time>2020-09-16T23:36:30.000Z</time>
   </trkpt>
   <trkpt lat="-8.056403" lon="-34.909004">
    <ele>7.2</ele>
    <time>2020-09-16T23:36:31.000Z</time>
   </trkpt>
   <trkpt lat="-8.05649" lon="-34.909028">
    <ele>6.5</ele>
    <time>2020-09-16T23:36:32.000Z</time>
   </trkpt>
   <trkpt lat="-8.056579" lon="-34.90905">
    <ele>5.8</ele>
    <time>2020-09-16T23:36:33.000Z</time>
   </trkpt>
   <trkpt lat="-8.056668" lon="-34.909075">
    <ele>5.2</ele>
    <time>2020-09-16T23:36:34.000Z</time>
   </trkpt>
   <trkpt lat="-8.056755" lon="-34.909099">
    <ele>4.6</ele>
    <time>2020-09-16T23:36:35.000Z</time>
   </trkpt>
   <trkpt lat="-8.057306" lon="-34.909216">
    <ele>3.1</ele>
    <time>2020-09-16T23:36:42.000Z</time>
   </trkpt>
   <trkpt lat="-8.057505" lon="-34.909235">
    <ele>3.3</ele>
    <time>2020-09-16T23:36:45.000Z</time>
   </trkpt>
   <trkpt lat="-8.057566" lon="-34.909242">
    <ele>3.5</ele>
    <time>2020-09-16T23:36:46.000Z</time>
   </trkpt>
   <trkpt lat="-8.057716" lon="-34.909249">
    <ele>4</ele>
    <time>2020-09-16T23:36:48.000Z</time>
   </trkpt>
   <trkpt lat="-8.057782" lon="-34.909252">
    <ele>4.4</ele>
    <time>2020-09-16T23:36:49.000Z</time>
   </trkpt>
   <trkpt lat="-8.057833" lon="-34.909263">
    <ele>4.7</ele>
    <time>2020-09-16T23:36:50.000Z</time>
   </trkpt>
   <trkpt lat="-8.057882" lon="-34.909282">
    <ele>5</ele>
    <time>2020-09-16T23:36:51.000Z</time>
   </trkpt>
   <trkpt lat="-8.057938" lon="-34.909309">
    <ele>5.4</ele>
    <time>2020-09-16T23:36:52.000Z</time>
   </trkpt>
   <trkpt lat="-8.058003" lon="-34.909331">
    <ele>5.8</ele>
    <time>2020-09-16T23:36:53.000Z</time>
   </trkpt>
   <trkpt lat="-8.058053" lon="-34.909339">
    <ele>6</ele>
    <time>2020-09-16T23:36:54.000Z</time>
   </trkpt>
   <trkpt lat="-8.05812" lon="-34.909349">
    <ele>6.4</ele>
    <time>2020-09-16T23:36:55.000Z</time>
   </trkpt>
   <trkpt lat="-8.058178" lon="-34.909364">
    <ele>6.6</ele>
    <time>2020-09-16T23:36:56.000Z</time>
   </trkpt>
   <trkpt lat="-8.058229" lon="-34.909381">
    <ele>6.8</ele>
    <time>2020-09-16T23:36:57.000Z</time>
   </trkpt>
   <trkpt lat="-8.05828" lon="-34.909399">
    <ele>7</ele>
    <time>2020-09-16T23:36:58.000Z</time>
   </trkpt>
   <trkpt lat="-8.058326" lon="-34.909408">
    <ele>7.1</ele>
    <time>2020-09-16T23:36:59.000Z</time>
   </trkpt>
   <trkpt lat="-8.058372" lon="-34.909414">
    <ele>7.2</ele>
    <time>2020-09-16T23:37:00.000Z</time>
   </trkpt>
   <trkpt lat="-8.05843" lon="-34.909423">
    <ele>7.3</ele>
    <time>2020-09-16T23:37:01.000Z</time>
   </trkpt>
   <trkpt lat="-8.058484" lon="-34.909426">
    <ele>7.3</ele>
    <time>2020-09-16T23:37:02.000Z</time>
   </trkpt>
   <trkpt lat="-8.058533" lon="-34.909437">
    <ele>7.4</ele>
    <time>2020-09-16T23:37:03.000Z</time>
   </trkpt>
   <trkpt lat="-8.058578" lon="-34.909442">
    <ele>7.5</ele>
    <time>2020-09-16T23:37:04.000Z</time>
   </trkpt>
   <trkpt lat="-8.058625" lon="-34.909449">
    <ele>7.5</ele>
    <time>2020-09-16T23:37:05.000Z</time>
   </trkpt>
   <trkpt lat="-8.058668" lon="-34.909456">
    <ele>7.6</ele>
    <time>2020-09-16T23:37:06.000Z</time>
   </trkpt>
   <trkpt lat="-8.058715" lon="-34.909458">
    <ele>7.6</ele>
    <time>2020-09-16T23:37:07.000Z</time>
   </trkpt>
   <trkpt lat="-8.058763" lon="-34.909464">
    <ele>7.7</ele>
    <time>2020-09-16T23:37:08.000Z</time>
   </trkpt>
   <trkpt lat="-8.05881" lon="-34.909465">
    <ele>7.7</ele>
    <time>2020-09-16T23:37:09.000Z</time>
   </trkpt>
   <trkpt lat="-8.058851" lon="-34.90947">
    <ele>7.7</ele>
    <time>2020-09-16T23:37:10.000Z</time>
   </trkpt>
   <trkpt lat="-8.058899" lon="-34.909477">
    <ele>7.8</ele>
    <time>2020-09-16T23:37:11.000Z</time>
   </trkpt>
   <trkpt lat="-8.058954" lon="-34.909482">
    <ele>7.8</ele>
    <time>2020-09-16T23:37:12.000Z</time>
   </trkpt>
   <trkpt lat="-8.059009" lon="-34.909494">
    <ele>7.9</ele>
    <time>2020-09-16T23:37:13.000Z</time>
   </trkpt>
   <trkpt lat="-8.059063" lon="-34.909501">
    <ele>7.9</ele>
    <time>2020-09-16T23:37:14.000Z</time>
   </trkpt>
   <trkpt lat="-8.059124" lon="-34.909508">
    <ele>8</ele>
    <time>2020-09-16T23:37:15.000Z</time>
   </trkpt>
   <trkpt lat="-8.059171" lon="-34.909526">
    <ele>8</ele>
    <time>2020-09-16T23:37:16.000Z</time>
   </trkpt>
   <trkpt lat="-8.059216" lon="-34.909538">
    <ele>8</ele>
    <time>2020-09-16T23:37:17.000Z</time>
   </trkpt>
   <trkpt lat="-8.059273" lon="-34.909552">
    <ele>8.1</ele>
    <time>2020-09-16T23:37:18.000Z</time>
   </trkpt>
   <trkpt lat="-8.059321" lon="-34.909566">
    <ele>8.1</ele>
    <time>2020-09-16T23:37:19.000Z</time>
   </trkpt>
   <trkpt lat="-8.059367" lon="-34.909578">
    <ele>8.1</ele>
    <time>2020-09-16T23:37:20.000Z</time>
   </trkpt>
   <trkpt lat="-8.059409" lon="-34.909591">
    <ele>8.1</ele>
    <time>2020-09-16T23:37:21.000Z</time>
   </trkpt>
   <trkpt lat="-8.059439" lon="-34.909596">
    <ele>8.1</ele>
    <time>2020-09-16T23:37:22.000Z</time>
   </trkpt>
   <trkpt lat="-8.059482" lon="-34.909605">
    <ele>8.2</ele>
    <time>2020-09-16T23:37:23.000Z</time>
   </trkpt>
   <trkpt lat="-8.05953" lon="-34.909613">
    <ele>8.2</ele>
    <time>2020-09-16T23:37:24.000Z</time>
   </trkpt>
   <trkpt lat="-8.05958" lon="-34.90962">
    <ele>8.2</ele>
    <time>2020-09-16T23:37:25.000Z</time>
   </trkpt>
   <trkpt lat="-8.05962" lon="-34.909629">
    <ele>8.2</ele>
    <time>2020-09-16T23:37:26.000Z</time>
   </trkpt>
   <trkpt lat="-8.059664" lon="-34.909628">
    <ele>8.2</ele>
    <time>2020-09-16T23:37:27.000Z</time>
   </trkpt>
   <trkpt lat="-8.059705" lon="-34.909637">
    <ele>8.1</ele>
    <time>2020-09-16T23:37:28.000Z</time>
   </trkpt>
   <trkpt lat="-8.059748" lon="-34.909645">
    <ele>8.1</ele>
    <time>2020-09-16T23:37:29.000Z</time>
   </trkpt>
   <trkpt lat="-8.059793" lon="-34.909655">
    <ele>8.1</ele>
    <time>2020-09-16T23:37:30.000Z</time>
   </trkpt>
   <trkpt lat="-8.05984" lon="-34.909673">
    <ele>8.1</ele>
    <time>2020-09-16T23:37:31.000Z</time>
   </trkpt>
   <trkpt lat="-8.059887" lon="-34.909682">
    <ele>8.1</ele>
    <time>2020-09-16T23:37:32.000Z</time>
   </trkpt>
   <trkpt lat="-8.059924" lon="-34.90969">
    <ele>8.1</ele>
    <time>2020-09-16T23:37:33.000Z</time>
   </trkpt>
   <trkpt lat="-8.059969" lon="-34.909695">
    <ele>8.1</ele>
    <time>2020-09-16T23:37:34.000Z</time>
   </trkpt>
   <trkpt lat="-8.060009" lon="-34.909709">
    <ele>8.1</ele>
    <time>2020-09-16T23:37:35.000Z</time>
   </trkpt>
   <trkpt lat="-8.060054" lon="-34.909721">
    <ele>8.1</ele>
    <time>2020-09-16T23:37:36.000Z</time>
   </trkpt>
   <trkpt lat="-8.060091" lon="-34.909732">
    <ele>8.1</ele>
    <time>2020-09-16T23:37:37.000Z</time>
   </trkpt>
   <trkpt lat="-8.06013" lon="-34.909748">
    <ele>8.1</ele>
    <time>2020-09-16T23:37:38.000Z</time>
   </trkpt>
   <trkpt lat="-8.060165" lon="-34.909764">
    <ele>8.1</ele>
    <time>2020-09-16T23:37:39.000Z</time>
   </trkpt>
   <trkpt lat="-8.060206" lon="-34.909789">
    <ele>8.1</ele>
    <time>2020-09-16T23:37:40.000Z</time>
   </trkpt>
   <trkpt lat="-8.060245" lon="-34.909806">
    <ele>8.1</ele>
    <time>2020-09-16T23:37:41.000Z</time>
   </trkpt>
   <trkpt lat="-8.060298" lon="-34.909816">
    <ele>8.1</ele>
    <time>2020-09-16T23:37:42.000Z</time>
   </trkpt>
   <trkpt lat="-8.060348" lon="-34.909819">
    <ele>8.1</ele>
    <time>2020-09-16T23:37:43.000Z</time>
   </trkpt>
   <trkpt lat="-8.060396" lon="-34.909816">
    <ele>8.1</ele>
    <time>2020-09-16T23:37:44.000Z</time>
   </trkpt>
   <trkpt lat="-8.060437" lon="-34.909819">
    <ele>8.1</ele>
    <time>2020-09-16T23:37:45.000Z</time>
   </trkpt>
   <trkpt lat="-8.060475" lon="-34.909821">
    <ele>8.1</ele>
    <time>2020-09-16T23:37:46.000Z</time>
   </trkpt>
   <trkpt lat="-8.060514" lon="-34.909817">
    <ele>8.1</ele>
    <time>2020-09-16T23:37:47.000Z</time>
   </trkpt>
   <trkpt lat="-8.060557" lon="-34.90981">
    <ele>8.1</ele>
    <time>2020-09-16T23:37:48.000Z</time>
   </trkpt>
   <trkpt lat="-8.060606" lon="-34.909808">
    <ele>8.1</ele>
    <time>2020-09-16T23:37:49.000Z</time>
   </trkpt>
   <trkpt lat="-8.060656" lon="-34.909798">
    <ele>8.1</ele>
    <time>2020-09-16T23:37:50.000Z</time>
   </trkpt>
   <trkpt lat="-8.060711" lon="-34.909789">
    <ele>8.1</ele>
    <time>2020-09-16T23:37:51.000Z</time>
   </trkpt>
   <trkpt lat="-8.06076" lon="-34.909782">
    <ele>8.1</ele>
    <time>2020-09-16T23:37:52.000Z</time>
   </trkpt>
   <trkpt lat="-8.060815" lon="-34.909764">
    <ele>8.1</ele>
    <time>2020-09-16T23:37:53.000Z</time>
   </trkpt>
   <trkpt lat="-8.060862" lon="-34.909751">
    <ele>8.1</ele>
    <time>2020-09-16T23:37:54.000Z</time>
   </trkpt>
   <trkpt lat="-8.060916" lon="-34.909738">
    <ele>8.2</ele>
    <time>2020-09-16T23:37:55.000Z</time>
   </trkpt>
   <trkpt lat="-8.060949" lon="-34.909728">
    <ele>8.2</ele>
    <time>2020-09-16T23:37:56.000Z</time>
   </trkpt>
   <trkpt lat="-8.060988" lon="-34.909708">
    <ele>8.2</ele>
    <time>2020-09-16T23:37:57.000Z</time>
   </trkpt>
   <trkpt lat="-8.061033" lon="-34.909699">
    <ele>8.2</ele>
    <time>2020-09-16T23:37:58.000Z</time>
   </trkpt>
   <trkpt lat="-8.061062" lon="-34.909695">
    <ele>8.2</ele>
    <time>2020-09-16T23:37:59.000Z</time>
   </trkpt>
   <trkpt lat="-8.061102" lon="-34.909696">
    <ele>8.3</ele>
    <time>2020-09-16T23:38:00.000Z</time>
   </trkpt>
   <trkpt lat="-8.06114" lon="-34.909699">
    <ele>8.3</ele>
    <time>2020-09-16T23:38:01.000Z</time>
   </trkpt>
   <trkpt lat="-8.061174" lon="-34.909703">
    <ele>8.3</ele>
    <time>2020-09-16T23:38:02.000Z</time>
   </trkpt>
   <trkpt lat="-8.061212" lon="-34.909709">
    <ele>8.3</ele>
    <time>2020-09-16T23:38:03.000Z</time>
   </trkpt>
   <trkpt lat="-8.061244" lon="-34.909707">
    <ele>8.4</ele>
    <time>2020-09-16T23:38:04.000Z</time>
   </trkpt>
   <trkpt lat="-8.061295" lon="-34.909702">
    <ele>8.4</ele>
    <time>2020-09-16T23:38:05.000Z</time>
   </trkpt>
   <trkpt lat="-8.061347" lon="-34.909693">
    <ele>8.5</ele>
    <time>2020-09-16T23:38:06.000Z</time>
   </trkpt>
   <trkpt lat="-8.061394" lon="-34.909687">
    <ele>8.6</ele>
    <time>2020-09-16T23:38:07.000Z</time>
   </trkpt>
   <trkpt lat="-8.061442" lon="-34.90968">
    <ele>8.6</ele>
    <time>2020-09-16T23:38:08.000Z</time>
   </trkpt>
   <trkpt lat="-8.061483" lon="-34.909674">
    <ele>8.7</ele>
    <time>2020-09-16T23:38:09.000Z</time>
   </trkpt>
   <trkpt lat="-8.061527" lon="-34.909669">
    <ele>8.8</ele>
    <time>2020-09-16T23:38:10.000Z</time>
   </trkpt>
   <trkpt lat="-8.061565" lon="-34.909665">
    <ele>8.8</ele>
    <time>2020-09-16T23:38:11.000Z</time>
   </trkpt>
   <trkpt lat="-8.061602" lon="-34.909656">
    <ele>8.9</ele>
    <time>2020-09-16T23:38:12.000Z</time>
   </trkpt>
   <trkpt lat="-8.061636" lon="-34.909651">
    <ele>9</ele>
    <time>2020-09-16T23:38:13.000Z</time>
   </trkpt>
   <trkpt lat="-8.061674" lon="-34.90964">
    <ele>9</ele>
    <time>2020-09-16T23:38:14.000Z</time>
   </trkpt>
   <trkpt lat="-8.061714" lon="-34.909625">
    <ele>9.1</ele>
    <time>2020-09-16T23:38:15.000Z</time>
   </trkpt>
   <trkpt lat="-8.061754" lon="-34.909614">
    <ele>9.2</ele>
    <time>2020-09-16T23:38:16.000Z</time>
   </trkpt>
   <trkpt lat="-8.061791" lon="-34.909603">
    <ele>9.2</ele>
    <time>2020-09-16T23:38:17.000Z</time>
   </trkpt>
   <trkpt lat="-8.06184" lon="-34.909595">
    <ele>9.3</ele>
    <time>2020-09-16T23:38:18.000Z</time>
   </trkpt>
   <trkpt lat="-8.061887" lon="-34.909587">
    <ele>9.4</ele>
    <time>2020-09-16T23:38:19.000Z</time>
   </trkpt>
   <trkpt lat="-8.061931" lon="-34.909576">
    <ele>9.5</ele>
    <time>2020-09-16T23:38:20.000Z</time>
   </trkpt>
   <trkpt lat="-8.061974" lon="-34.909563">
    <ele>9.6</ele>
    <time>2020-09-16T23:38:21.000Z</time>
   </trkpt>
   <trkpt lat="-8.062019" lon="-34.909543">
    <ele>9.5</ele>
    <time>2020-09-16T23:38:22.000Z</time>
   </trkpt>
   <trkpt lat="-8.062053" lon="-34.90952">
    <ele>9.5</ele>
    <time>2020-09-16T23:38:23.000Z</time>
   </trkpt>
   <trkpt lat="-8.062097" lon="-34.9095">
    <ele>9.4</ele>
    <time>2020-09-16T23:38:24.000Z</time>
   </trkpt>
   <trkpt lat="-8.062145" lon="-34.909489">
    <ele>9.4</ele>
    <time>2020-09-16T23:38:25.000Z</time>
   </trkpt>
   <trkpt lat="-8.062186" lon="-34.909479">
    <ele>9.4</ele>
    <time>2020-09-16T23:38:26.000Z</time>
   </trkpt>
   <trkpt lat="-8.062224" lon="-34.909465">
    <ele>9.4</ele>
    <time>2020-09-16T23:38:27.000Z</time>
   </trkpt>
   <trkpt lat="-8.06227" lon="-34.909454">
    <ele>9.3</ele>
    <time>2020-09-16T23:38:28.000Z</time>
   </trkpt>
   <trkpt lat="-8.062313" lon="-34.909441">
    <ele>9.3</ele>
    <time>2020-09-16T23:38:29.000Z</time>
   </trkpt>
   <trkpt lat="-8.06235" lon="-34.909435">
    <ele>9.2</ele>
    <time>2020-09-16T23:38:30.000Z</time>
   </trkpt>
   <trkpt lat="-8.062391" lon="-34.909429">
    <ele>9.2</ele>
    <time>2020-09-16T23:38:31.000Z</time>
   </trkpt>
   <trkpt lat="-8.062441" lon="-34.909423">
    <ele>9.1</ele>
    <time>2020-09-16T23:38:32.000Z</time>
   </trkpt>
   <trkpt lat="-8.062486" lon="-34.909413">
    <ele>9</ele>
    <time>2020-09-16T23:38:33.000Z</time>
   </trkpt>
   <trkpt lat="-8.06254" lon="-34.909406">
    <ele>8.9</ele>
    <time>2020-09-16T23:38:34.000Z</time>
   </trkpt>
   <trkpt lat="-8.062596" lon="-34.909403">
    <ele>8.8</ele>
    <time>2020-09-16T23:38:35.000Z</time>
   </trkpt>
   <trkpt lat="-8.06265" lon="-34.909403">
    <ele>8.8</ele>
    <time>2020-09-16T23:38:36.000Z</time>
   </trkpt>
   <trkpt lat="-8.062706" lon="-34.909399">
    <ele>8.8</ele>
    <time>2020-09-16T23:38:37.000Z</time>
   </trkpt>
   <trkpt lat="-8.062765" lon="-34.909396">
    <ele>8.7</ele>
    <time>2020-09-16T23:38:38.000Z</time>
   </trkpt>
   <trkpt lat="-8.062825" lon="-34.909392">
    <ele>8.7</ele>
    <time>2020-09-16T23:38:39.000Z</time>
   </trkpt>
   <trkpt lat="-8.062878" lon="-34.909386">
    <ele>8.6</ele>
    <time>2020-09-16T23:38:40.000Z</time>
   </trkpt>
   <trkpt lat="-8.062929" lon="-34.909374">
    <ele>8.6</ele>
    <time>2020-09-16T23:38:41.000Z</time>
   </trkpt>
   <trkpt lat="-8.062987" lon="-34.909356">
    <ele>8.6</ele>
    <time>2020-09-16T23:38:42.000Z</time>
   </trkpt>
   <trkpt lat="-8.063038" lon="-34.909345">
    <ele>8.5</ele>
    <time>2020-09-16T23:38:43.000Z</time>
   </trkpt>
   <trkpt lat="-8.063095" lon="-34.909336">
    <ele>8.5</ele>
    <time>2020-09-16T23:38:44.000Z</time>
   </trkpt>
   <trkpt lat="-8.063157" lon="-34.909322">
    <ele>8.5</ele>
    <time>2020-09-16T23:38:45.000Z</time>
   </trkpt>
   <trkpt lat="-8.063218" lon="-34.909307">
    <ele>8.5</ele>
    <time>2020-09-16T23:38:46.000Z</time>
   </trkpt>
   <trkpt lat="-8.063274" lon="-34.909294">
    <ele>8.5</ele>
    <time>2020-09-16T23:38:47.000Z</time>
   </trkpt>
   <trkpt lat="-8.06333" lon="-34.90928">
    <ele>8.5</ele>
    <time>2020-09-16T23:38:48.000Z</time>
   </trkpt>
   <trkpt lat="-8.063379" lon="-34.909265">
    <ele>8.5</ele>
    <time>2020-09-16T23:38:49.000Z</time>
   </trkpt>
   <trkpt lat="-8.063424" lon="-34.909251">
    <ele>8.4</ele>
    <time>2020-09-16T23:38:50.000Z</time>
   </trkpt>
   <trkpt lat="-8.06346" lon="-34.909243">
    <ele>8.4</ele>
    <time>2020-09-16T23:38:51.000Z</time>
   </trkpt>
   <trkpt lat="-8.063503" lon="-34.909229">
    <ele>8.4</ele>
    <time>2020-09-16T23:38:52.000Z</time>
   </trkpt>
   <trkpt lat="-8.063541" lon="-34.909223">
    <ele>8.4</ele>
    <time>2020-09-16T23:38:53.000Z</time>
   </trkpt>
   <trkpt lat="-8.063576" lon="-34.909215">
    <ele>8.4</ele>
    <time>2020-09-16T23:38:54.000Z</time>
   </trkpt>
   <trkpt lat="-8.063612" lon="-34.909213">
    <ele>8.4</ele>
    <time>2020-09-16T23:38:55.000Z</time>
   </trkpt>
   <trkpt lat="-8.063647" lon="-34.909204">
    <ele>8.4</ele>
    <time>2020-09-16T23:38:56.000Z</time>
   </trkpt>
   <trkpt lat="-8.063678" lon="-34.909198">
    <ele>8.4</ele>
    <time>2020-09-16T23:38:57.000Z</time>
   </trkpt>
   <trkpt lat="-8.063716" lon="-34.909193">
    <ele>8.4</ele>
    <time>2020-09-16T23:38:58.000Z</time>
   </trkpt>
   <trkpt lat="-8.063756" lon="-34.909188">
    <ele>8.4</ele>
    <time>2020-09-16T23:38:59.000Z</time>
   </trkpt>
   <trkpt lat="-8.0638" lon="-34.909163">
    <ele>8.4</ele>
    <time>2020-09-16T23:39:00.000Z</time>
   </trkpt>
   <trkpt lat="-8.063842" lon="-34.909143">
    <ele>8.4</ele>
    <time>2020-09-16T23:39:01.000Z</time>
   </trkpt>
   <trkpt lat="-8.063888" lon="-34.909127">
    <ele>8.3</ele>
    <time>2020-09-16T23:39:02.000Z</time>
   </trkpt>
   <trkpt lat="-8.063929" lon="-34.909119">
    <ele>8.3</ele>
    <time>2020-09-16T23:39:03.000Z</time>
   </trkpt>
   <trkpt lat="-8.06398" lon="-34.909119">
    <ele>8.3</ele>
    <time>2020-09-16T23:39:04.000Z</time>
   </trkpt>
   <trkpt lat="-8.064032" lon="-34.909111">
    <ele>8.3</ele>
    <time>2020-09-16T23:39:05.000Z</time>
   </trkpt>
   <trkpt lat="-8.064098" lon="-34.909093">
    <ele>8.3</ele>
    <time>2020-09-16T23:39:06.000Z</time>
   </trkpt>
   <trkpt lat="-8.064145" lon="-34.909086">
    <ele>8.3</ele>
    <time>2020-09-16T23:39:07.000Z</time>
   </trkpt>
   <trkpt lat="-8.064195" lon="-34.909077">
    <ele>8.3</ele>
    <time>2020-09-16T23:39:08.000Z</time>
   </trkpt>
   <trkpt lat="-8.064243" lon="-34.909068">
    <ele>8.3</ele>
    <time>2020-09-16T23:39:09.000Z</time>
   </trkpt>
   <trkpt lat="-8.06429" lon="-34.909053">
    <ele>8.4</ele>
    <time>2020-09-16T23:39:10.000Z</time>
   </trkpt>
   <trkpt lat="-8.064339" lon="-34.909041">
    <ele>8.4</ele>
    <time>2020-09-16T23:39:11.000Z</time>
   </trkpt>
   <trkpt lat="-8.064386" lon="-34.90903">
    <ele>8.4</ele>
    <time>2020-09-16T23:39:12.000Z</time>
   </trkpt>
   <trkpt lat="-8.064422" lon="-34.909023">
    <ele>8.4</ele>
    <time>2020-09-16T23:39:13.000Z</time>
   </trkpt>
   <trkpt lat="-8.064463" lon="-34.909004">
    <ele>8.5</ele>
    <time>2020-09-16T23:39:14.000Z</time>
   </trkpt>
   <trkpt lat="-8.064498" lon="-34.908991">
    <ele>8.5</ele>
    <time>2020-09-16T23:39:15.000Z</time>
   </trkpt>
   <trkpt lat="-8.064539" lon="-34.908982">
    <ele>8.5</ele>
    <time>2020-09-16T23:39:16.000Z</time>
   </trkpt>
   <trkpt lat="-8.064574" lon="-34.908973">
    <ele>8.5</ele>
    <time>2020-09-16T23:39:17.000Z</time>
   </trkpt>
   <trkpt lat="-8.064616" lon="-34.908962">
    <ele>8.6</ele>
    <time>2020-09-16T23:39:18.000Z</time>
   </trkpt>
   <trkpt lat="-8.064661" lon="-34.908943">
    <ele>8.6</ele>
    <time>2020-09-16T23:39:19.000Z</time>
   </trkpt>
   <trkpt lat="-8.064712" lon="-34.908922">
    <ele>8.6</ele>
    <time>2020-09-16T23:39:20.000Z</time>
   </trkpt>
   <trkpt lat="-8.064783" lon="-34.908913">
    <ele>8.7</ele>
    <time>2020-09-16T23:39:22.000Z</time>
   </trkpt>
   <trkpt lat="-8.064827" lon="-34.908907">
    <ele>8.7</ele>
    <time>2020-09-16T23:39:23.000Z</time>
   </trkpt>
   <trkpt lat="-8.064872" lon="-34.908902">
    <ele>8.8</ele>
    <time>2020-09-16T23:39:24.000Z</time>
   </trkpt>
   <trkpt lat="-8.064919" lon="-34.908892">
    <ele>8.8</ele>
    <time>2020-09-16T23:39:25.000Z</time>
   </trkpt>
   <trkpt lat="-8.064966" lon="-34.908877">
    <ele>8.8</ele>
    <time>2020-09-16T23:39:26.000Z</time>
   </trkpt>
   <trkpt lat="-8.065007" lon="-34.908877">
    <ele>8.9</ele>
    <time>2020-09-16T23:39:27.000Z</time>
   </trkpt>
   <trkpt lat="-8.065047" lon="-34.908871">
    <ele>8.9</ele>
    <time>2020-09-16T23:39:28.000Z</time>
   </trkpt>
   <trkpt lat="-8.065091" lon="-34.908859">
    <ele>8.9</ele>
    <time>2020-09-16T23:39:29.000Z</time>
   </trkpt>
   <trkpt lat="-8.065143" lon="-34.908851">
    <ele>8.9</ele>
    <time>2020-09-16T23:39:30.000Z</time>
   </trkpt>
   <trkpt lat="-8.065192" lon="-34.908851">
    <ele>8.9</ele>
    <time>2020-09-16T23:39:31.000Z</time>
   </trkpt>
   <trkpt lat="-8.065245" lon="-34.908852">
    <ele>8.9</ele>
    <time>2020-09-16T23:39:32.000Z</time>
   </trkpt>
   <trkpt lat="-8.065304" lon="-34.908853">
    <ele>8.8</ele>
    <time>2020-09-16T23:39:33.000Z</time>
   </trkpt>
   <trkpt lat="-8.065357" lon="-34.908848">
    <ele>8.7</ele>
    <time>2020-09-16T23:39:34.000Z</time>
   </trkpt>
   <trkpt lat="-8.06541" lon="-34.908845">
    <ele>8.6</ele>
    <time>2020-09-16T23:39:35.000Z</time>
   </trkpt>
   <trkpt lat="-8.065468" lon="-34.908844">
    <ele>8.5</ele>
    <time>2020-09-16T23:39:36.000Z</time>
   </trkpt>
   <trkpt lat="-8.065518" lon="-34.90885">
    <ele>8.4</ele>
    <time>2020-09-16T23:39:37.000Z</time>
   </trkpt>
   <trkpt lat="-8.065569" lon="-34.908854">
    <ele>8.3</ele>
    <time>2020-09-16T23:39:38.000Z</time>
   </trkpt>
   <trkpt lat="-8.065624" lon="-34.908856">
    <ele>8.2</ele>
    <time>2020-09-16T23:39:39.000Z</time>
   </trkpt>
   <trkpt lat="-8.065671" lon="-34.90886">
    <ele>8.1</ele>
    <time>2020-09-16T23:39:40.000Z</time>
   </trkpt>
   <trkpt lat="-8.065719" lon="-34.908862">
    <ele>8</ele>
    <time>2020-09-16T23:39:41.000Z</time>
   </trkpt>
   <trkpt lat="-8.06576" lon="-34.908871">
    <ele>8</ele>
    <time>2020-09-16T23:39:42.000Z</time>
   </trkpt>
   <trkpt lat="-8.065802" lon="-34.908879">
    <ele>8</ele>
    <time>2020-09-16T23:39:43.000Z</time>
   </trkpt>
   <trkpt lat="-8.065848" lon="-34.908893">
    <ele>8</ele>
    <time>2020-09-16T23:39:44.000Z</time>
   </trkpt>
   <trkpt lat="-8.0659" lon="-34.908913">
    <ele>8</ele>
    <time>2020-09-16T23:39:45.000Z</time>
   </trkpt>
   <trkpt lat="-8.065962" lon="-34.908933">
    <ele>8</ele>
    <time>2020-09-16T23:39:46.000Z</time>
   </trkpt>
   <trkpt lat="-8.066011" lon="-34.908936">
    <ele>8</ele>
    <time>2020-09-16T23:39:47.000Z</time>
   </trkpt>
   <trkpt lat="-8.066054" lon="-34.908947">
    <ele>8</ele>
    <time>2020-09-16T23:39:48.000Z</time>
   </trkpt>
   <trkpt lat="-8.066106" lon="-34.908958">
    <ele>8</ele>
    <time>2020-09-16T23:39:49.000Z</time>
   </trkpt>
   <trkpt lat="-8.066157" lon="-34.908966">
    <ele>8</ele>
    <time>2020-09-16T23:39:50.000Z</time>
   </trkpt>
   <trkpt lat="-8.066211" lon="-34.908965">
    <ele>8</ele>
    <time>2020-09-16T23:39:51.000Z</time>
   </trkpt>
   <trkpt lat="-8.066261" lon="-34.90897">
    <ele>8</ele>
    <time>2020-09-16T23:39:52.000Z</time>
   </trkpt>
   <trkpt lat="-8.066318" lon="-34.908982">
    <ele>8.1</ele>
    <time>2020-09-16T23:39:53.000Z</time>
   </trkpt>
   <trkpt lat="-8.066359" lon="-34.908994">
    <ele>8.1</ele>
    <time>2020-09-16T23:39:54.000Z</time>
   </trkpt>
   <trkpt lat="-8.066403" lon="-34.909006">
    <ele>8.1</ele>
    <time>2020-09-16T23:39:55.000Z</time>
   </trkpt>
   <trkpt lat="-8.066451" lon="-34.909016">
    <ele>8.1</ele>
    <time>2020-09-16T23:39:56.000Z</time>
   </trkpt>
   <trkpt lat="-8.066494" lon="-34.909023">
    <ele>8.1</ele>
    <time>2020-09-16T23:39:57.000Z</time>
   </trkpt>
   <trkpt lat="-8.066546" lon="-34.909028">
    <ele>8.1</ele>
    <time>2020-09-16T23:39:58.000Z</time>
   </trkpt>
   <trkpt lat="-8.066599" lon="-34.90903">
    <ele>8.1</ele>
    <time>2020-09-16T23:39:59.000Z</time>
   </trkpt>
   <trkpt lat="-8.066646" lon="-34.909034">
    <ele>8</ele>
    <time>2020-09-16T23:40:00.000Z</time>
   </trkpt>
   <trkpt lat="-8.066688" lon="-34.909043">
    <ele>8</ele>
    <time>2020-09-16T23:40:01.000Z</time>
   </trkpt>
   <trkpt lat="-8.066724" lon="-34.909055">
    <ele>8</ele>
    <time>2020-09-16T23:40:02.000Z</time>
   </trkpt>
   <trkpt lat="-8.06676" lon="-34.909069">
    <ele>8</ele>
    <time>2020-09-16T23:40:03.000Z</time>
   </trkpt>
   <trkpt lat="-8.066798" lon="-34.90909">
    <ele>8</ele>
    <time>2020-09-16T23:40:04.000Z</time>
   </trkpt>
   <trkpt lat="-8.06684" lon="-34.909115">
    <ele>7.9</ele>
    <time>2020-09-16T23:40:05.000Z</time>
   </trkpt>
   <trkpt lat="-8.066887" lon="-34.909146">
    <ele>8</ele>
    <time>2020-09-16T23:40:06.000Z</time>
   </trkpt>
   <trkpt lat="-8.06694" lon="-34.909169">
    <ele>8</ele>
    <time>2020-09-16T23:40:07.000Z</time>
   </trkpt>
   <trkpt lat="-8.066986" lon="-34.909195">
    <ele>8</ele>
    <time>2020-09-16T23:40:08.000Z</time>
   </trkpt>
   <trkpt lat="-8.067027" lon="-34.909215">
    <ele>8</ele>
    <time>2020-09-16T23:40:09.000Z</time>
   </trkpt>
   <trkpt lat="-8.067074" lon="-34.909233">
    <ele>8</ele>
    <time>2020-09-16T23:40:10.000Z</time>
   </trkpt>
   <trkpt lat="-8.06713" lon="-34.909265">
    <ele>8</ele>
    <time>2020-09-16T23:40:11.000Z</time>
   </trkpt>
   <trkpt lat="-8.067183" lon="-34.909296">
    <ele>8</ele>
    <time>2020-09-16T23:40:12.000Z</time>
   </trkpt>
   <trkpt lat="-8.067225" lon="-34.909324">
    <ele>8.1</ele>
    <time>2020-09-16T23:40:13.000Z</time>
   </trkpt>
   <trkpt lat="-8.067262" lon="-34.909338">
    <ele>8.1</ele>
    <time>2020-09-16T23:40:14.000Z</time>
   </trkpt>
   <trkpt lat="-8.067302" lon="-34.909359">
    <ele>8.1</ele>
    <time>2020-09-16T23:40:15.000Z</time>
   </trkpt>
   <trkpt lat="-8.067341" lon="-34.909372">
    <ele>8.1</ele>
    <time>2020-09-16T23:40:16.000Z</time>
   </trkpt>
   <trkpt lat="-8.06738" lon="-34.909384">
    <ele>8.2</ele>
    <time>2020-09-16T23:40:17.000Z</time>
   </trkpt>
   <trkpt lat="-8.067419" lon="-34.909395">
    <ele>8.2</ele>
    <time>2020-09-16T23:40:18.000Z</time>
   </trkpt>
   <trkpt lat="-8.067451" lon="-34.909406">
    <ele>8.2</ele>
    <time>2020-09-16T23:40:19.000Z</time>
   </trkpt>
   <trkpt lat="-8.067489" lon="-34.909413">
    <ele>8.2</ele>
    <time>2020-09-16T23:40:20.000Z</time>
   </trkpt>
   <trkpt lat="-8.067542" lon="-34.909418">
    <ele>8.3</ele>
    <time>2020-09-16T23:40:21.000Z</time>
   </trkpt>
   <trkpt lat="-8.067585" lon="-34.909427">
    <ele>8.3</ele>
    <time>2020-09-16T23:40:22.000Z</time>
   </trkpt>
   <trkpt lat="-8.067636" lon="-34.90944">
    <ele>8.3</ele>
    <time>2020-09-16T23:40:23.000Z</time>
   </trkpt>
   <trkpt lat="-8.067691" lon="-34.909457">
    <ele>8.3</ele>
    <time>2020-09-16T23:40:24.000Z</time>
   </trkpt>
   <trkpt lat="-8.067738" lon="-34.909465">
    <ele>8.3</ele>
    <time>2020-09-16T23:40:25.000Z</time>
   </trkpt>
   <trkpt lat="-8.067777" lon="-34.90947">
    <ele>8.3</ele>
    <time>2020-09-16T23:40:26.000Z</time>
   </trkpt>
   <trkpt lat="-8.067809" lon="-34.909478">
    <ele>8.4</ele>
    <time>2020-09-16T23:40:27.000Z</time>
   </trkpt>
   <trkpt lat="-8.067867" lon="-34.909499">
    <ele>8.4</ele>
    <time>2020-09-16T23:40:29.000Z</time>
   </trkpt>
   <trkpt lat="-8.067895" lon="-34.909511">
    <ele>8.4</ele>
    <time>2020-09-16T23:40:30.000Z</time>
   </trkpt>
   <trkpt lat="-8.067922" lon="-34.909527">
    <ele>8.4</ele>
    <time>2020-09-16T23:40:31.000Z</time>
   </trkpt>
   <trkpt lat="-8.067957" lon="-34.909536">
    <ele>8.4</ele>
    <time>2020-09-16T23:40:32.000Z</time>
   </trkpt>
   <trkpt lat="-8.067987" lon="-34.909548">
    <ele>8.4</ele>
    <time>2020-09-16T23:40:33.000Z</time>
   </trkpt>
   <trkpt lat="-8.068018" lon="-34.909565">
    <ele>8.4</ele>
    <time>2020-09-16T23:40:34.000Z</time>
   </trkpt>
   <trkpt lat="-8.06806" lon="-34.909585">
    <ele>8.4</ele>
    <time>2020-09-16T23:40:35.000Z</time>
   </trkpt>
   <trkpt lat="-8.068106" lon="-34.909607">
    <ele>8.4</ele>
    <time>2020-09-16T23:40:36.000Z</time>
   </trkpt>
   <trkpt lat="-8.068144" lon="-34.909619">
    <ele>8.5</ele>
    <time>2020-09-16T23:40:37.000Z</time>
   </trkpt>
   <trkpt lat="-8.068184" lon="-34.909625">
    <ele>8.5</ele>
    <time>2020-09-16T23:40:38.000Z</time>
   </trkpt>
   <trkpt lat="-8.068224" lon="-34.909632">
    <ele>8.5</ele>
    <time>2020-09-16T23:40:39.000Z</time>
   </trkpt>
   <trkpt lat="-8.068262" lon="-34.909639">
    <ele>8.5</ele>
    <time>2020-09-16T23:40:40.000Z</time>
   </trkpt>
   <trkpt lat="-8.068309" lon="-34.909647">
    <ele>8.5</ele>
    <time>2020-09-16T23:40:41.000Z</time>
   </trkpt>
   <trkpt lat="-8.068363" lon="-34.909663">
    <ele>8.4</ele>
    <time>2020-09-16T23:40:42.000Z</time>
   </trkpt>
   <trkpt lat="-8.068403" lon="-34.909679">
    <ele>8.3</ele>
    <time>2020-09-16T23:40:43.000Z</time>
   </trkpt>
   <trkpt lat="-8.068443" lon="-34.909687">
    <ele>8.3</ele>
    <time>2020-09-16T23:40:44.000Z</time>
   </trkpt>
   <trkpt lat="-8.068486" lon="-34.909696">
    <ele>8.2</ele>
    <time>2020-09-16T23:40:45.000Z</time>
   </trkpt>
   <trkpt lat="-8.068525" lon="-34.909705">
    <ele>8.2</ele>
    <time>2020-09-16T23:40:46.000Z</time>
   </trkpt>
   <trkpt lat="-8.06859" lon="-34.909726">
    <ele>8.1</ele>
    <time>2020-09-16T23:40:48.000Z</time>
   </trkpt>
   <trkpt lat="-8.068627" lon="-34.909729">
    <ele>8.1</ele>
    <time>2020-09-16T23:40:49.000Z</time>
   </trkpt>
   <trkpt lat="-8.068665" lon="-34.909732">
    <ele>8.1</ele>
    <time>2020-09-16T23:40:50.000Z</time>
   </trkpt>
   <trkpt lat="-8.068704" lon="-34.909736">
    <ele>8</ele>
    <time>2020-09-16T23:40:51.000Z</time>
   </trkpt>
   <trkpt lat="-8.068753" lon="-34.90973">
    <ele>8</ele>
    <time>2020-09-16T23:40:52.000Z</time>
   </trkpt>
   <trkpt lat="-8.068792" lon="-34.909719">
    <ele>8</ele>
    <time>2020-09-16T23:40:53.000Z</time>
   </trkpt>
   <trkpt lat="-8.068827" lon="-34.90971">
    <ele>8</ele>
    <time>2020-09-16T23:40:54.000Z</time>
   </trkpt>
   <trkpt lat="-8.068874" lon="-34.909706">
    <ele>8</ele>
    <time>2020-09-16T23:40:55.000Z</time>
   </trkpt>
   <trkpt lat="-8.068914" lon="-34.909707">
    <ele>8</ele>
    <time>2020-09-16T23:40:56.000Z</time>
   </trkpt>
   <trkpt lat="-8.068956" lon="-34.909707">
    <ele>8</ele>
    <time>2020-09-16T23:40:57.000Z</time>
   </trkpt>
   <trkpt lat="-8.069031" lon="-34.9097">
    <ele>8</ele>
    <time>2020-09-16T23:40:58.000Z</time>
   </trkpt>
   <trkpt lat="-8.069069" lon="-34.909701">
    <ele>8</ele>
    <time>2020-09-16T23:40:59.000Z</time>
   </trkpt>
   <trkpt lat="-8.069115" lon="-34.909702">
    <ele>8</ele>
    <time>2020-09-16T23:41:00.000Z</time>
   </trkpt>
   <trkpt lat="-8.06916" lon="-34.909689">
    <ele>8</ele>
    <time>2020-09-16T23:41:01.000Z</time>
   </trkpt>
   <trkpt lat="-8.069217" lon="-34.909688">
    <ele>8</ele>
    <time>2020-09-16T23:41:02.000Z</time>
   </trkpt>
   <trkpt lat="-8.06927" lon="-34.909688">
    <ele>8</ele>
    <time>2020-09-16T23:41:03.000Z</time>
   </trkpt>
   <trkpt lat="-8.069322" lon="-34.909685">
    <ele>8</ele>
    <time>2020-09-16T23:41:04.000Z</time>
   </trkpt>
   <trkpt lat="-8.069363" lon="-34.909689">
    <ele>8</ele>
    <time>2020-09-16T23:41:05.000Z</time>
   </trkpt>
   <trkpt lat="-8.06942" lon="-34.909681">
    <ele>8</ele>
    <time>2020-09-16T23:41:06.000Z</time>
   </trkpt>
   <trkpt lat="-8.069478" lon="-34.909682">
    <ele>7.9</ele>
    <time>2020-09-16T23:41:07.000Z</time>
   </trkpt>
   <trkpt lat="-8.069537" lon="-34.909697">
    <ele>7.9</ele>
    <time>2020-09-16T23:41:08.000Z</time>
   </trkpt>
   <trkpt lat="-8.069594" lon="-34.909694">
    <ele>7.9</ele>
    <time>2020-09-16T23:41:09.000Z</time>
   </trkpt>
   <trkpt lat="-8.069653" lon="-34.909693">
    <ele>7.9</ele>
    <time>2020-09-16T23:41:10.000Z</time>
   </trkpt>
   <trkpt lat="-8.0697" lon="-34.909688">
    <ele>7.8</ele>
    <time>2020-09-16T23:41:11.000Z</time>
   </trkpt>
   <trkpt lat="-8.069748" lon="-34.909685">
    <ele>7.8</ele>
    <time>2020-09-16T23:41:12.000Z</time>
   </trkpt>
   <trkpt lat="-8.069784" lon="-34.909678">
    <ele>7.8</ele>
    <time>2020-09-16T23:41:13.000Z</time>
   </trkpt>
   <trkpt lat="-8.069836" lon="-34.909665">
    <ele>7.8</ele>
    <time>2020-09-16T23:41:14.000Z</time>
   </trkpt>
   <trkpt lat="-8.069882" lon="-34.909655">
    <ele>7.8</ele>
    <time>2020-09-16T23:41:15.000Z</time>
   </trkpt>
   <trkpt lat="-8.069929" lon="-34.909641">
    <ele>7.8</ele>
    <time>2020-09-16T23:41:16.000Z</time>
   </trkpt>
   <trkpt lat="-8.069976" lon="-34.909625">
    <ele>7.7</ele>
    <time>2020-09-16T23:41:17.000Z</time>
   </trkpt>
   <trkpt lat="-8.070013" lon="-34.909613">
    <ele>7.7</ele>
    <time>2020-09-16T23:41:18.000Z</time>
   </trkpt>
   <trkpt lat="-8.070057" lon="-34.909598">
    <ele>7.7</ele>
    <time>2020-09-16T23:41:19.000Z</time>
   </trkpt>
   <trkpt lat="-8.070109" lon="-34.909584">
    <ele>7.7</ele>
    <time>2020-09-16T23:41:20.000Z</time>
   </trkpt>
   <trkpt lat="-8.070165" lon="-34.909573">
    <ele>7.7</ele>
    <time>2020-09-16T23:41:21.000Z</time>
   </trkpt>
   <trkpt lat="-8.070211" lon="-34.909562">
    <ele>7.7</ele>
    <time>2020-09-16T23:41:22.000Z</time>
   </trkpt>
   <trkpt lat="-8.070259" lon="-34.909557">
    <ele>7.7</ele>
    <time>2020-09-16T23:41:23.000Z</time>
   </trkpt>
   <trkpt lat="-8.070306" lon="-34.909549">
    <ele>7.7</ele>
    <time>2020-09-16T23:41:24.000Z</time>
   </trkpt>
   <trkpt lat="-8.070366" lon="-34.909538">
    <ele>7.7</ele>
    <time>2020-09-16T23:41:25.000Z</time>
   </trkpt>
   <trkpt lat="-8.07043" lon="-34.909522">
    <ele>7.7</ele>
    <time>2020-09-16T23:41:26.000Z</time>
   </trkpt>
   <trkpt lat="-8.07049" lon="-34.909512">
    <ele>7.7</ele>
    <time>2020-09-16T23:41:27.000Z</time>
   </trkpt>
   <trkpt lat="-8.070542" lon="-34.909504">
    <ele>7.8</ele>
    <time>2020-09-16T23:41:28.000Z</time>
   </trkpt>
   <trkpt lat="-8.070586" lon="-34.909496">
    <ele>7.8</ele>
    <time>2020-09-16T23:41:29.000Z</time>
   </trkpt>
   <trkpt lat="-8.070633" lon="-34.909486">
    <ele>7.8</ele>
    <time>2020-09-16T23:41:30.000Z</time>
   </trkpt>
   <trkpt lat="-8.070678" lon="-34.909476">
    <ele>7.8</ele>
    <time>2020-09-16T23:41:31.000Z</time>
   </trkpt>
   <trkpt lat="-8.070716" lon="-34.909467">
    <ele>7.8</ele>
    <time>2020-09-16T23:41:32.000Z</time>
   </trkpt>
   <trkpt lat="-8.070746" lon="-34.909463">
    <ele>7.8</ele>
    <time>2020-09-16T23:41:33.000Z</time>
   </trkpt>
   <trkpt lat="-8.070778" lon="-34.909457">
    <ele>7.8</ele>
    <time>2020-09-16T23:41:34.000Z</time>
   </trkpt>
   <trkpt lat="-8.070824" lon="-34.909451">
    <ele>7.8</ele>
    <time>2020-09-16T23:41:35.000Z</time>
   </trkpt>
   <trkpt lat="-8.070868" lon="-34.909449">
    <ele>7.9</ele>
    <time>2020-09-16T23:41:36.000Z</time>
   </trkpt>
   <trkpt lat="-8.070905" lon="-34.909446">
    <ele>7.9</ele>
    <time>2020-09-16T23:41:37.000Z</time>
   </trkpt>
   <trkpt lat="-8.070938" lon="-34.909433">
    <ele>7.9</ele>
    <time>2020-09-16T23:41:38.000Z</time>
   </trkpt>
   <trkpt lat="-8.07099" lon="-34.909428">
    <ele>7.9</ele>
    <time>2020-09-16T23:41:40.000Z</time>
   </trkpt>
   <trkpt lat="-8.071037" lon="-34.909425">
    <ele>7.9</ele>
    <time>2020-09-16T23:41:42.000Z</time>
   </trkpt>
   <trkpt lat="-8.071065" lon="-34.909412">
    <ele>7.9</ele>
    <time>2020-09-16T23:41:43.000Z</time>
   </trkpt>
   <trkpt lat="-8.071096" lon="-34.9094">
    <ele>7.9</ele>
    <time>2020-09-16T23:41:44.000Z</time>
   </trkpt>
   <trkpt lat="-8.071138" lon="-34.909387">
    <ele>7.9</ele>
    <time>2020-09-16T23:41:46.000Z</time>
   </trkpt>
   <trkpt lat="-8.071167" lon="-34.909374">
    <ele>7.9</ele>
    <time>2020-09-16T23:41:48.000Z</time>
   </trkpt>
   <trkpt lat="-8.071196" lon="-34.909369">
    <ele>7.9</ele>
    <time>2020-09-16T23:41:51.000Z</time>
   </trkpt>
   <trkpt lat="-8.071222" lon="-34.909372">
    <ele>7.9</ele>
    <time>2020-09-16T23:41:54.000Z</time>
   </trkpt>
   <trkpt lat="-8.071251" lon="-34.909372">
    <ele>7.9</ele>
    <time>2020-09-16T23:41:58.000Z</time>
   </trkpt>
   <trkpt lat="-8.071354" lon="-34.909344">
    <ele>7.9</ele>
    <time>2020-09-16T23:42:05.000Z</time>
   </trkpt>
   <trkpt lat="-8.071386" lon="-34.90933">
    <ele>7.9</ele>
    <time>2020-09-16T23:42:06.000Z</time>
   </trkpt>
   <trkpt lat="-8.071417" lon="-34.909325">
    <ele>7.9</ele>
    <time>2020-09-16T23:42:07.000Z</time>
   </trkpt>
   <trkpt lat="-8.071454" lon="-34.909317">
    <ele>7.9</ele>
    <time>2020-09-16T23:42:08.000Z</time>
   </trkpt>
   <trkpt lat="-8.071498" lon="-34.909323">
    <ele>7.8</ele>
    <time>2020-09-16T23:42:09.000Z</time>
   </trkpt>
   <trkpt lat="-8.071535" lon="-34.909323">
    <ele>7.8</ele>
    <time>2020-09-16T23:42:10.000Z</time>
   </trkpt>
   <trkpt lat="-8.071578" lon="-34.90932">
    <ele>7.8</ele>
    <time>2020-09-16T23:42:11.000Z</time>
   </trkpt>
   <trkpt lat="-8.071624" lon="-34.909318">
    <ele>7.8</ele>
    <time>2020-09-16T23:42:12.000Z</time>
   </trkpt>
   <trkpt lat="-8.071668" lon="-34.909313">
    <ele>7.7</ele>
    <time>2020-09-16T23:42:13.000Z</time>
   </trkpt>
   <trkpt lat="-8.071717" lon="-34.909314">
    <ele>7.7</ele>
    <time>2020-09-16T23:42:14.000Z</time>
   </trkpt>
   <trkpt lat="-8.071767" lon="-34.909316">
    <ele>7.7</ele>
    <time>2020-09-16T23:42:15.000Z</time>
   </trkpt>
   <trkpt lat="-8.071813" lon="-34.909318">
    <ele>7.7</ele>
    <time>2020-09-16T23:42:16.000Z</time>
   </trkpt>
   <trkpt lat="-8.07185" lon="-34.909315">
    <ele>7.7</ele>
    <time>2020-09-16T23:42:17.000Z</time>
   </trkpt>
   <trkpt lat="-8.071888" lon="-34.909318">
    <ele>7.7</ele>
    <time>2020-09-16T23:42:18.000Z</time>
   </trkpt>
   <trkpt lat="-8.071922" lon="-34.909319">
    <ele>7.8</ele>
    <time>2020-09-16T23:42:19.000Z</time>
   </trkpt>
   <trkpt lat="-8.071961" lon="-34.909309">
    <ele>7.8</ele>
    <time>2020-09-16T23:42:20.000Z</time>
   </trkpt>
   <trkpt lat="-8.072003" lon="-34.909304">
    <ele>7.8</ele>
    <time>2020-09-16T23:42:21.000Z</time>
   </trkpt>
   <trkpt lat="-8.072049" lon="-34.909299">
    <ele>7.8</ele>
    <time>2020-09-16T23:42:22.000Z</time>
   </trkpt>
   <trkpt lat="-8.072095" lon="-34.909289">
    <ele>7.8</ele>
    <time>2020-09-16T23:42:23.000Z</time>
   </trkpt>
   <trkpt lat="-8.072136" lon="-34.90928">
    <ele>7.8</ele>
    <time>2020-09-16T23:42:24.000Z</time>
   </trkpt>
   <trkpt lat="-8.072183" lon="-34.909276">
    <ele>7.9</ele>
    <time>2020-09-16T23:42:25.000Z</time>
   </trkpt>
   <trkpt lat="-8.072222" lon="-34.909271">
    <ele>7.9</ele>
    <time>2020-09-16T23:42:26.000Z</time>
   </trkpt>
   <trkpt lat="-8.072262" lon="-34.909258">
    <ele>7.9</ele>
    <time>2020-09-16T23:42:27.000Z</time>
   </trkpt>
   <trkpt lat="-8.072305" lon="-34.909254">
    <ele>8</ele>
    <time>2020-09-16T23:42:28.000Z</time>
   </trkpt>
   <trkpt lat="-8.07235" lon="-34.909249">
    <ele>8</ele>
    <time>2020-09-16T23:42:29.000Z</time>
   </trkpt>
   <trkpt lat="-8.072392" lon="-34.90924">
    <ele>8.1</ele>
    <time>2020-09-16T23:42:30.000Z</time>
   </trkpt>
   <trkpt lat="-8.07244" lon="-34.909229">
    <ele>8.2</ele>
    <time>2020-09-16T23:42:31.000Z</time>
   </trkpt>
   <trkpt lat="-8.072492" lon="-34.909222">
    <ele>8.2</ele>
    <time>2020-09-16T23:42:32.000Z</time>
   </trkpt>
   <trkpt lat="-8.072538" lon="-34.909205">
    <ele>8.3</ele>
    <time>2020-09-16T23:42:33.000Z</time>
   </trkpt>
   <trkpt lat="-8.072585" lon="-34.909195">
    <ele>8.5</ele>
    <time>2020-09-16T23:42:34.000Z</time>
   </trkpt>
   <trkpt lat="-8.072624" lon="-34.909191">
    <ele>8.4</ele>
    <time>2020-09-16T23:42:35.000Z</time>
   </trkpt>
   <trkpt lat="-8.072666" lon="-34.909182">
    <ele>8.3</ele>
    <time>2020-09-16T23:42:36.000Z</time>
   </trkpt>
   <trkpt lat="-8.072716" lon="-34.909153">
    <ele>8.1</ele>
    <time>2020-09-16T23:42:37.000Z</time>
   </trkpt>
   <trkpt lat="-8.072766" lon="-34.909138">
    <ele>8</ele>
    <time>2020-09-16T23:42:38.000Z</time>
   </trkpt>
   <trkpt lat="-8.072818" lon="-34.909131">
    <ele>7.9</ele>
    <time>2020-09-16T23:42:39.000Z</time>
   </trkpt>
   <trkpt lat="-8.072871" lon="-34.909124">
    <ele>7.9</ele>
    <time>2020-09-16T23:42:40.000Z</time>
   </trkpt>
   <trkpt lat="-8.072922" lon="-34.909115">
    <ele>7.8</ele>
    <time>2020-09-16T23:42:41.000Z</time>
   </trkpt>
   <trkpt lat="-8.07297" lon="-34.909104">
    <ele>7.8</ele>
    <time>2020-09-16T23:42:42.000Z</time>
   </trkpt>
   <trkpt lat="-8.073022" lon="-34.909097">
    <ele>7.8</ele>
    <time>2020-09-16T23:42:43.000Z</time>
   </trkpt>
   <trkpt lat="-8.073072" lon="-34.909089">
    <ele>7.8</ele>
    <time>2020-09-16T23:42:44.000Z</time>
   </trkpt>
   <trkpt lat="-8.073119" lon="-34.909081">
    <ele>7.8</ele>
    <time>2020-09-16T23:42:45.000Z</time>
   </trkpt>
   <trkpt lat="-8.073166" lon="-34.909073">
    <ele>7.8</ele>
    <time>2020-09-16T23:42:46.000Z</time>
   </trkpt>
   <trkpt lat="-8.073207" lon="-34.909062">
    <ele>7.8</ele>
    <time>2020-09-16T23:42:47.000Z</time>
   </trkpt>
   <trkpt lat="-8.073249" lon="-34.909053">
    <ele>7.8</ele>
    <time>2020-09-16T23:42:48.000Z</time>
   </trkpt>
   <trkpt lat="-8.073289" lon="-34.909047">
    <ele>7.8</ele>
    <time>2020-09-16T23:42:49.000Z</time>
   </trkpt>
   <trkpt lat="-8.073325" lon="-34.909036">
    <ele>7.8</ele>
    <time>2020-09-16T23:42:50.000Z</time>
   </trkpt>
   <trkpt lat="-8.073372" lon="-34.90902">
    <ele>7.9</ele>
    <time>2020-09-16T23:42:51.000Z</time>
   </trkpt>
   <trkpt lat="-8.073418" lon="-34.909005">
    <ele>7.9</ele>
    <time>2020-09-16T23:42:52.000Z</time>
   </trkpt>
   <trkpt lat="-8.073466" lon="-34.908997">
    <ele>7.9</ele>
    <time>2020-09-16T23:42:53.000Z</time>
   </trkpt>
   <trkpt lat="-8.073511" lon="-34.908992">
    <ele>7.9</ele>
    <time>2020-09-16T23:42:54.000Z</time>
   </trkpt>
   <trkpt lat="-8.073554" lon="-34.908986">
    <ele>7.9</ele>
    <time>2020-09-16T23:42:55.000Z</time>
   </trkpt>
   <trkpt lat="-8.073597" lon="-34.908978">
    <ele>7.9</ele>
    <time>2020-09-16T23:42:56.000Z</time>
   </trkpt>
   <trkpt lat="-8.073641" lon="-34.908972">
    <ele>7.8</ele>
    <time>2020-09-16T23:42:57.000Z</time>
   </trkpt>
   <trkpt lat="-8.073683" lon="-34.908965">
    <ele>7.8</ele>
    <time>2020-09-16T23:42:58.000Z</time>
   </trkpt>
   <trkpt lat="-8.073713" lon="-34.908971">
    <ele>7.8</ele>
    <time>2020-09-16T23:42:59.000Z</time>
   </trkpt>
   <trkpt lat="-8.073752" lon="-34.908968">
    <ele>7.8</ele>
    <time>2020-09-16T23:43:00.000Z</time>
   </trkpt>
   <trkpt lat="-8.073805" lon="-34.908963">
    <ele>7.8</ele>
    <time>2020-09-16T23:43:01.000Z</time>
   </trkpt>
   <trkpt lat="-8.073862" lon="-34.908953">
    <ele>7.7</ele>
    <time>2020-09-16T23:43:02.000Z</time>
   </trkpt>
   <trkpt lat="-8.073915" lon="-34.908947">
    <ele>7.7</ele>
    <time>2020-09-16T23:43:03.000Z</time>
   </trkpt>
   <trkpt lat="-8.073964" lon="-34.908937">
    <ele>7.8</ele>
    <time>2020-09-16T23:43:04.000Z</time>
   </trkpt>
   <trkpt lat="-8.074016" lon="-34.908931">
    <ele>7.8</ele>
    <time>2020-09-16T23:43:05.000Z</time>
   </trkpt>
   <trkpt lat="-8.074061" lon="-34.90892">
    <ele>7.8</ele>
    <time>2020-09-16T23:43:06.000Z</time>
   </trkpt>
   <trkpt lat="-8.074102" lon="-34.908917">
    <ele>7.9</ele>
    <time>2020-09-16T23:43:07.000Z</time>
   </trkpt>
   <trkpt lat="-8.074148" lon="-34.908921">
    <ele>7.9</ele>
    <time>2020-09-16T23:43:08.000Z</time>
   </trkpt>
   <trkpt lat="-8.074188" lon="-34.908924">
    <ele>7.9</ele>
    <time>2020-09-16T23:43:09.000Z</time>
   </trkpt>
   <trkpt lat="-8.074228" lon="-34.908924">
    <ele>7.9</ele>
    <time>2020-09-16T23:43:10.000Z</time>
   </trkpt>
   <trkpt lat="-8.074265" lon="-34.90892">
    <ele>7.9</ele>
    <time>2020-09-16T23:43:11.000Z</time>
   </trkpt>
   <trkpt lat="-8.074304" lon="-34.908915">
    <ele>7.9</ele>
    <time>2020-09-16T23:43:12.000Z</time>
   </trkpt>
   <trkpt lat="-8.074345" lon="-34.908911">
    <ele>7.9</ele>
    <time>2020-09-16T23:43:13.000Z</time>
   </trkpt>
   <trkpt lat="-8.074387" lon="-34.9089">
    <ele>7.9</ele>
    <time>2020-09-16T23:43:14.000Z</time>
   </trkpt>
   <trkpt lat="-8.074429" lon="-34.908893">
    <ele>8</ele>
    <time>2020-09-16T23:43:15.000Z</time>
   </trkpt>
   <trkpt lat="-8.074472" lon="-34.908888">
    <ele>8</ele>
    <time>2020-09-16T23:43:16.000Z</time>
   </trkpt>
   <trkpt lat="-8.074516" lon="-34.908887">
    <ele>8</ele>
    <time>2020-09-16T23:43:17.000Z</time>
   </trkpt>
   <trkpt lat="-8.074565" lon="-34.908892">
    <ele>8.1</ele>
    <time>2020-09-16T23:43:18.000Z</time>
   </trkpt>
   <trkpt lat="-8.074618" lon="-34.908898">
    <ele>8</ele>
    <time>2020-09-16T23:43:19.000Z</time>
   </trkpt>
   <trkpt lat="-8.074667" lon="-34.908898">
    <ele>8</ele>
    <time>2020-09-16T23:43:20.000Z</time>
   </trkpt>
   <trkpt lat="-8.074709" lon="-34.908909">
    <ele>8</ele>
    <time>2020-09-16T23:43:21.000Z</time>
   </trkpt>
   <trkpt lat="-8.074748" lon="-34.908921">
    <ele>8</ele>
    <time>2020-09-16T23:43:22.000Z</time>
   </trkpt>
   <trkpt lat="-8.074785" lon="-34.908931">
    <ele>8</ele>
    <time>2020-09-16T23:43:23.000Z</time>
   </trkpt>
   <trkpt lat="-8.074826" lon="-34.908948">
    <ele>8</ele>
    <time>2020-09-16T23:43:24.000Z</time>
   </trkpt>
   <trkpt lat="-8.07487" lon="-34.908961">
    <ele>8</ele>
    <time>2020-09-16T23:43:25.000Z</time>
   </trkpt>
   <trkpt lat="-8.074909" lon="-34.908972">
    <ele>8</ele>
    <time>2020-09-16T23:43:26.000Z</time>
   </trkpt>
   <trkpt lat="-8.074954" lon="-34.908983">
    <ele>8</ele>
    <time>2020-09-16T23:43:27.000Z</time>
   </trkpt>
   <trkpt lat="-8.074991" lon="-34.908989">
    <ele>8</ele>
    <time>2020-09-16T23:43:28.000Z</time>
   </trkpt>
   <trkpt lat="-8.07502" lon="-34.90899">
    <ele>8</ele>
    <time>2020-09-16T23:43:29.000Z</time>
   </trkpt>
   <trkpt lat="-8.075053" lon="-34.908995">
    <ele>8</ele>
    <time>2020-09-16T23:43:30.000Z</time>
   </trkpt>
   <trkpt lat="-8.075084" lon="-34.908999">
    <ele>8</ele>
    <time>2020-09-16T23:43:31.000Z</time>
   </trkpt>
   <trkpt lat="-8.075121" lon="-34.909001">
    <ele>8</ele>
    <time>2020-09-16T23:43:32.000Z</time>
   </trkpt>
   <trkpt lat="-8.075152" lon="-34.909002">
    <ele>8</ele>
    <time>2020-09-16T23:43:33.000Z</time>
   </trkpt>
   <trkpt lat="-8.075184" lon="-34.908996">
    <ele>8</ele>
    <time>2020-09-16T23:43:34.000Z</time>
   </trkpt>
   <trkpt lat="-8.075211" lon="-34.908991">
    <ele>8.1</ele>
    <time>2020-09-16T23:43:35.000Z</time>
   </trkpt>
   <trkpt lat="-8.075263" lon="-34.908973">
    <ele>8.1</ele>
    <time>2020-09-16T23:43:37.000Z</time>
   </trkpt>
   <trkpt lat="-8.075309" lon="-34.908967">
    <ele>8.1</ele>
    <time>2020-09-16T23:43:39.000Z</time>
   </trkpt>
   <trkpt lat="-8.075339" lon="-34.908966">
    <ele>8.1</ele>
    <time>2020-09-16T23:43:40.000Z</time>
   </trkpt>
   <trkpt lat="-8.075373" lon="-34.908971">
    <ele>8.2</ele>
    <time>2020-09-16T23:43:42.000Z</time>
   </trkpt>
   <trkpt lat="-8.075415" lon="-34.908984">
    <ele>8.2</ele>
    <time>2020-09-16T23:43:44.000Z</time>
   </trkpt>
   <trkpt lat="-8.07545" lon="-34.908963">
    <ele>8.2</ele>
    <time>2020-09-16T23:43:46.000Z</time>
   </trkpt>
   <trkpt lat="-8.075498" lon="-34.908952">
    <ele>8.2</ele>
    <time>2020-09-16T23:43:48.000Z</time>
   </trkpt>
   <trkpt lat="-8.075546" lon="-34.908938">
    <ele>8.2</ele>
    <time>2020-09-16T23:43:50.000Z</time>
   </trkpt>
   <trkpt lat="-8.075576" lon="-34.908938">
    <ele>8.2</ele>
    <time>2020-09-16T23:43:51.000Z</time>
   </trkpt>
   <trkpt lat="-8.075611" lon="-34.908933">
    <ele>8.2</ele>
    <time>2020-09-16T23:43:52.000Z</time>
   </trkpt>
   <trkpt lat="-8.075645" lon="-34.908933">
    <ele>8.2</ele>
    <time>2020-09-16T23:43:53.000Z</time>
   </trkpt>
   <trkpt lat="-8.07568" lon="-34.90894">
    <ele>8.2</ele>
    <time>2020-09-16T23:43:54.000Z</time>
   </trkpt>
   <trkpt lat="-8.075714" lon="-34.908937">
    <ele>8.3</ele>
    <time>2020-09-16T23:43:55.000Z</time>
   </trkpt>
   <trkpt lat="-8.075744" lon="-34.90893">
    <ele>8.3</ele>
    <time>2020-09-16T23:43:56.000Z</time>
   </trkpt>
   <trkpt lat="-8.075779" lon="-34.908922">
    <ele>8.3</ele>
    <time>2020-09-16T23:43:57.000Z</time>
   </trkpt>
   <trkpt lat="-8.075812" lon="-34.90891">
    <ele>8.3</ele>
    <time>2020-09-16T23:43:58.000Z</time>
   </trkpt>
   <trkpt lat="-8.075853" lon="-34.908913">
    <ele>8.3</ele>
    <time>2020-09-16T23:43:59.000Z</time>
   </trkpt>
   <trkpt lat="-8.07589" lon="-34.90892">
    <ele>8.2</ele>
    <time>2020-09-16T23:44:00.000Z</time>
   </trkpt>
   <trkpt lat="-8.075927" lon="-34.908933">
    <ele>8.2</ele>
    <time>2020-09-16T23:44:01.000Z</time>
   </trkpt>
   <trkpt lat="-8.075969" lon="-34.90895">
    <ele>8.2</ele>
    <time>2020-09-16T23:44:02.000Z</time>
   </trkpt>
   <trkpt lat="-8.076006" lon="-34.908965">
    <ele>8.2</ele>
    <time>2020-09-16T23:44:03.000Z</time>
   </trkpt>
   <trkpt lat="-8.076045" lon="-34.908976">
    <ele>8.2</ele>
    <time>2020-09-16T23:44:04.000Z</time>
   </trkpt>
   <trkpt lat="-8.076088" lon="-34.908994">
    <ele>8.2</ele>
    <time>2020-09-16T23:44:05.000Z</time>
   </trkpt>
   <trkpt lat="-8.076137" lon="-34.909011">
    <ele>8.2</ele>
    <time>2020-09-16T23:44:06.000Z</time>
   </trkpt>
   <trkpt lat="-8.076185" lon="-34.909024">
    <ele>8.2</ele>
    <time>2020-09-16T23:44:07.000Z</time>
   </trkpt>
   <trkpt lat="-8.076234" lon="-34.909036">
    <ele>8.2</ele>
    <time>2020-09-16T23:44:08.000Z</time>
   </trkpt>
   <trkpt lat="-8.076282" lon="-34.90905">
    <ele>8.2</ele>
    <time>2020-09-16T23:44:09.000Z</time>
   </trkpt>
   <trkpt lat="-8.076322" lon="-34.909059">
    <ele>8.2</ele>
    <time>2020-09-16T23:44:10.000Z</time>
   </trkpt>
   <trkpt lat="-8.07637" lon="-34.90908">
    <ele>8.2</ele>
    <time>2020-09-16T23:44:11.000Z</time>
   </trkpt>
   <trkpt lat="-8.076417" lon="-34.909092">
    <ele>8.2</ele>
    <time>2020-09-16T23:44:12.000Z</time>
   </trkpt>
   <trkpt lat="-8.076464" lon="-34.909107">
    <ele>8.3</ele>
    <time>2020-09-16T23:44:13.000Z</time>
   </trkpt>
   <trkpt lat="-8.076508" lon="-34.909125">
    <ele>8.3</ele>
    <time>2020-09-16T23:44:14.000Z</time>
   </trkpt>
   <trkpt lat="-8.076549" lon="-34.909136">
    <ele>8.3</ele>
    <time>2020-09-16T23:44:15.000Z</time>
   </trkpt>
   <trkpt lat="-8.076587" lon="-34.909141">
    <ele>8.3</ele>
    <time>2020-09-16T23:44:16.000Z</time>
   </trkpt>
   <trkpt lat="-8.076625" lon="-34.90915">
    <ele>8.3</ele>
    <time>2020-09-16T23:44:17.000Z</time>
   </trkpt>
   <trkpt lat="-8.076666" lon="-34.909159">
    <ele>8.3</ele>
    <time>2020-09-16T23:44:18.000Z</time>
   </trkpt>
   <trkpt lat="-8.076713" lon="-34.909168">
    <ele>8.4</ele>
    <time>2020-09-16T23:44:19.000Z</time>
   </trkpt>
   <trkpt lat="-8.076751" lon="-34.909175">
    <ele>8.4</ele>
    <time>2020-09-16T23:44:20.000Z</time>
   </trkpt>
   <trkpt lat="-8.076796" lon="-34.90917">
    <ele>8.4</ele>
    <time>2020-09-16T23:44:21.000Z</time>
   </trkpt>
   <trkpt lat="-8.076848" lon="-34.909158">
    <ele>8.4</ele>
    <time>2020-09-16T23:44:22.000Z</time>
   </trkpt>
   <trkpt lat="-8.0769" lon="-34.909143">
    <ele>8.3</ele>
    <time>2020-09-16T23:44:23.000Z</time>
   </trkpt>
   <trkpt lat="-8.076941" lon="-34.909142">
    <ele>8.3</ele>
    <time>2020-09-16T23:44:24.000Z</time>
   </trkpt>
   <trkpt lat="-8.076986" lon="-34.909153">
    <ele>8.3</ele>
    <time>2020-09-16T23:44:25.000Z</time>
   </trkpt>
   <trkpt lat="-8.077038" lon="-34.90916">
    <ele>8.3</ele>
    <time>2020-09-16T23:44:26.000Z</time>
   </trkpt>
   <trkpt lat="-8.077078" lon="-34.909171">
    <ele>8.2</ele>
    <time>2020-09-16T23:44:27.000Z</time>
   </trkpt>
   <trkpt lat="-8.077113" lon="-34.909176">
    <ele>8.2</ele>
    <time>2020-09-16T23:44:28.000Z</time>
   </trkpt>
   <trkpt lat="-8.07715" lon="-34.909184">
    <ele>8.2</ele>
    <time>2020-09-16T23:44:29.000Z</time>
   </trkpt>
   <trkpt lat="-8.077197" lon="-34.909191">
    <ele>8.1</ele>
    <time>2020-09-16T23:44:30.000Z</time>
   </trkpt>
   <trkpt lat="-8.077243" lon="-34.909201">
    <ele>8.1</ele>
    <time>2020-09-16T23:44:31.000Z</time>
   </trkpt>
   <trkpt lat="-8.077294" lon="-34.909211">
    <ele>8</ele>
    <time>2020-09-16T23:44:32.000Z</time>
   </trkpt>
   <trkpt lat="-8.077344" lon="-34.909218">
    <ele>8</ele>
    <time>2020-09-16T23:44:33.000Z</time>
   </trkpt>
   <trkpt lat="-8.077395" lon="-34.909232">
    <ele>8</ele>
    <time>2020-09-16T23:44:34.000Z</time>
   </trkpt>
   <trkpt lat="-8.077445" lon="-34.909238">
    <ele>8</ele>
    <time>2020-09-16T23:44:35.000Z</time>
   </trkpt>
   <trkpt lat="-8.077491" lon="-34.90925">
    <ele>8</ele>
    <time>2020-09-16T23:44:36.000Z</time>
   </trkpt>
   <trkpt lat="-8.077534" lon="-34.909266">
    <ele>8</ele>
    <time>2020-09-16T23:44:37.000Z</time>
   </trkpt>
   <trkpt lat="-8.077583" lon="-34.90928">
    <ele>7.9</ele>
    <time>2020-09-16T23:44:38.000Z</time>
   </trkpt>
   <trkpt lat="-8.077627" lon="-34.909296">
    <ele>7.9</ele>
    <time>2020-09-16T23:44:39.000Z</time>
   </trkpt>
   <trkpt lat="-8.077671" lon="-34.909308">
    <ele>7.9</ele>
    <time>2020-09-16T23:44:40.000Z</time>
   </trkpt>
   <trkpt lat="-8.077719" lon="-34.90932">
    <ele>7.9</ele>
    <time>2020-09-16T23:44:41.000Z</time>
   </trkpt>
   <trkpt lat="-8.077773" lon="-34.909326">
    <ele>7.9</ele>
    <time>2020-09-16T23:44:42.000Z</time>
   </trkpt>
   <trkpt lat="-8.077828" lon="-34.909331">
    <ele>7.9</ele>
    <time>2020-09-16T23:44:43.000Z</time>
   </trkpt>
   <trkpt lat="-8.077876" lon="-34.909341">
    <ele>7.8</ele>
    <time>2020-09-16T23:44:44.000Z</time>
   </trkpt>
   <trkpt lat="-8.077926" lon="-34.909354">
    <ele>7.8</ele>
    <time>2020-09-16T23:44:45.000Z</time>
   </trkpt>
   <trkpt lat="-8.077974" lon="-34.909369">
    <ele>7.8</ele>
    <time>2020-09-16T23:44:46.000Z</time>
   </trkpt>
   <trkpt lat="-8.078026" lon="-34.909386">
    <ele>7.8</ele>
    <time>2020-09-16T23:44:47.000Z</time>
   </trkpt>
   <trkpt lat="-8.078076" lon="-34.909401">
    <ele>7.8</ele>
    <time>2020-09-16T23:44:48.000Z</time>
   </trkpt>
   <trkpt lat="-8.078126" lon="-34.909401">
    <ele>7.8</ele>
    <time>2020-09-16T23:44:49.000Z</time>
   </trkpt>
   <trkpt lat="-8.078171" lon="-34.909397">
    <ele>7.8</ele>
    <time>2020-09-16T23:44:50.000Z</time>
   </trkpt>
   <trkpt lat="-8.078217" lon="-34.909393">
    <ele>7.8</ele>
    <time>2020-09-16T23:44:51.000Z</time>
   </trkpt>
   <trkpt lat="-8.078261" lon="-34.909389">
    <ele>7.8</ele>
    <time>2020-09-16T23:44:52.000Z</time>
   </trkpt>
   <trkpt lat="-8.078302" lon="-34.90939">
    <ele>7.8</ele>
    <time>2020-09-16T23:44:53.000Z</time>
   </trkpt>
   <trkpt lat="-8.078348" lon="-34.909384">
    <ele>7.8</ele>
    <time>2020-09-16T23:44:54.000Z</time>
   </trkpt>
   <trkpt lat="-8.078398" lon="-34.909385">
    <ele>7.8</ele>
    <time>2020-09-16T23:44:55.000Z</time>
   </trkpt>
   <trkpt lat="-8.078456" lon="-34.90938">
    <ele>7.8</ele>
    <time>2020-09-16T23:44:56.000Z</time>
   </trkpt>
   <trkpt lat="-8.078517" lon="-34.909392">
    <ele>7.9</ele>
    <time>2020-09-16T23:44:57.000Z</time>
   </trkpt>
   <trkpt lat="-8.07857" lon="-34.909397">
    <ele>7.9</ele>
    <time>2020-09-16T23:44:58.000Z</time>
   </trkpt>
   <trkpt lat="-8.078623" lon="-34.909402">
    <ele>7.9</ele>
    <time>2020-09-16T23:44:59.000Z</time>
   </trkpt>
   <trkpt lat="-8.078677" lon="-34.909404">
    <ele>7.9</ele>
    <time>2020-09-16T23:45:00.000Z</time>
   </trkpt>
   <trkpt lat="-8.078725" lon="-34.909409">
    <ele>7.9</ele>
    <time>2020-09-16T23:45:01.000Z</time>
   </trkpt>
   <trkpt lat="-8.078776" lon="-34.90941">
    <ele>7.9</ele>
    <time>2020-09-16T23:45:02.000Z</time>
   </trkpt>
   <trkpt lat="-8.07883" lon="-34.909405">
    <ele>8</ele>
    <time>2020-09-16T23:45:03.000Z</time>
   </trkpt>
   <trkpt lat="-8.078879" lon="-34.909398">
    <ele>8</ele>
    <time>2020-09-16T23:45:04.000Z</time>
   </trkpt>
   <trkpt lat="-8.07893" lon="-34.909396">
    <ele>8</ele>
    <time>2020-09-16T23:45:05.000Z</time>
   </trkpt>
   <trkpt lat="-8.078972" lon="-34.909395">
    <ele>8.1</ele>
    <time>2020-09-16T23:45:06.000Z</time>
   </trkpt>
   <trkpt lat="-8.079003" lon="-34.909398">
    <ele>8.1</ele>
    <time>2020-09-16T23:45:07.000Z</time>
   </trkpt>
   <trkpt lat="-8.079041" lon="-34.909403">
    <ele>8.1</ele>
    <time>2020-09-16T23:45:08.000Z</time>
   </trkpt>
   <trkpt lat="-8.079082" lon="-34.909402">
    <ele>8.1</ele>
    <time>2020-09-16T23:45:09.000Z</time>
   </trkpt>
   <trkpt lat="-8.079115" lon="-34.909398">
    <ele>8.2</ele>
    <time>2020-09-16T23:45:10.000Z</time>
   </trkpt>
   <trkpt lat="-8.079168" lon="-34.909395">
    <ele>8.2</ele>
    <time>2020-09-16T23:45:12.000Z</time>
   </trkpt>
   <trkpt lat="-8.079201" lon="-34.909402">
    <ele>8.2</ele>
    <time>2020-09-16T23:45:13.000Z</time>
   </trkpt>
   <trkpt lat="-8.079235" lon="-34.909409">
    <ele>8.2</ele>
    <time>2020-09-16T23:45:14.000Z</time>
   </trkpt>
   <trkpt lat="-8.079264" lon="-34.909414">
    <ele>8.3</ele>
    <time>2020-09-16T23:45:15.000Z</time>
   </trkpt>
   <trkpt lat="-8.079313" lon="-34.90943">
    <ele>8.3</ele>
    <time>2020-09-16T23:45:17.000Z</time>
   </trkpt>
   <trkpt lat="-8.079369" lon="-34.909452">
    <ele>8.4</ele>
    <time>2020-09-16T23:45:19.000Z</time>
   </trkpt>
   <trkpt lat="-8.0794" lon="-34.909466">
    <ele>8.4</ele>
    <time>2020-09-16T23:45:20.000Z</time>
   </trkpt>
   <trkpt lat="-8.079428" lon="-34.909474">
    <ele>8.4</ele>
    <time>2020-09-16T23:45:21.000Z</time>
   </trkpt>
   <trkpt lat="-8.079481" lon="-34.909484">
    <ele>8.5</ele>
    <time>2020-09-16T23:45:23.000Z</time>
   </trkpt>
   <trkpt lat="-8.079517" lon="-34.909487">
    <ele>8.5</ele>
    <time>2020-09-16T23:45:24.000Z</time>
   </trkpt>
   <trkpt lat="-8.079556" lon="-34.90949">
    <ele>8.5</ele>
    <time>2020-09-16T23:45:25.000Z</time>
   </trkpt>
   <trkpt lat="-8.079594" lon="-34.909496">
    <ele>8.6</ele>
    <time>2020-09-16T23:45:26.000Z</time>
   </trkpt>
   <trkpt lat="-8.079634" lon="-34.909504">
    <ele>8.6</ele>
    <time>2020-09-16T23:45:27.000Z</time>
   </trkpt>
   <trkpt lat="-8.079675" lon="-34.909509">
    <ele>8.7</ele>
    <time>2020-09-16T23:45:28.000Z</time>
   </trkpt>
   <trkpt lat="-8.079723" lon="-34.90951">
    <ele>8.7</ele>
    <time>2020-09-16T23:45:29.000Z</time>
   </trkpt>
   <trkpt lat="-8.079777" lon="-34.909497">
    <ele>8.8</ele>
    <time>2020-09-16T23:45:30.000Z</time>
   </trkpt>
   <trkpt lat="-8.079826" lon="-34.909484">
    <ele>8.8</ele>
    <time>2020-09-16T23:45:31.000Z</time>
   </trkpt>
   <trkpt lat="-8.079877" lon="-34.909465">
    <ele>8.9</ele>
    <time>2020-09-16T23:45:32.000Z</time>
   </trkpt>
   <trkpt lat="-8.079931" lon="-34.90945">
    <ele>8.9</ele>
    <time>2020-09-16T23:45:33.000Z</time>
   </trkpt>
   <trkpt lat="-8.079986" lon="-34.909439">
    <ele>8.9</ele>
    <time>2020-09-16T23:45:34.000Z</time>
   </trkpt>
   <trkpt lat="-8.080037" lon="-34.909427">
    <ele>9</ele>
    <time>2020-09-16T23:45:35.000Z</time>
   </trkpt>
   <trkpt lat="-8.080086" lon="-34.909425">
    <ele>9</ele>
    <time>2020-09-16T23:45:36.000Z</time>
   </trkpt>
   <trkpt lat="-8.080133" lon="-34.909426">
    <ele>9</ele>
    <time>2020-09-16T23:45:37.000Z</time>
   </trkpt>
   <trkpt lat="-8.080186" lon="-34.909423">
    <ele>9</ele>
    <time>2020-09-16T23:45:38.000Z</time>
   </trkpt>
   <trkpt lat="-8.080233" lon="-34.909419">
    <ele>9</ele>
    <time>2020-09-16T23:45:39.000Z</time>
   </trkpt>
   <trkpt lat="-8.080272" lon="-34.909406">
    <ele>9</ele>
    <time>2020-09-16T23:45:40.000Z</time>
   </trkpt>
   <trkpt lat="-8.080314" lon="-34.909388">
    <ele>9</ele>
    <time>2020-09-16T23:45:41.000Z</time>
   </trkpt>
   <trkpt lat="-8.080356" lon="-34.90938">
    <ele>8.9</ele>
    <time>2020-09-16T23:45:42.000Z</time>
   </trkpt>
   <trkpt lat="-8.080398" lon="-34.909377">
    <ele>8.8</ele>
    <time>2020-09-16T23:45:43.000Z</time>
   </trkpt>
   <trkpt lat="-8.080445" lon="-34.909371">
    <ele>8.7</ele>
    <time>2020-09-16T23:45:44.000Z</time>
   </trkpt>
   <trkpt lat="-8.080499" lon="-34.909365">
    <ele>8.6</ele>
    <time>2020-09-16T23:45:45.000Z</time>
   </trkpt>
   <trkpt lat="-8.080557" lon="-34.909357">
    <ele>8.5</ele>
    <time>2020-09-16T23:45:46.000Z</time>
   </trkpt>
   <trkpt lat="-8.080615" lon="-34.909347">
    <ele>8.4</ele>
    <time>2020-09-16T23:45:47.000Z</time>
   </trkpt>
   <trkpt lat="-8.080666" lon="-34.909337">
    <ele>8.3</ele>
    <time>2020-09-16T23:45:48.000Z</time>
   </trkpt>
   <trkpt lat="-8.080713" lon="-34.909328">
    <ele>8.2</ele>
    <time>2020-09-16T23:45:49.000Z</time>
   </trkpt>
   <trkpt lat="-8.080764" lon="-34.909314">
    <ele>8.2</ele>
    <time>2020-09-16T23:45:50.000Z</time>
   </trkpt>
   <trkpt lat="-8.080809" lon="-34.909295">
    <ele>8.2</ele>
    <time>2020-09-16T23:45:51.000Z</time>
   </trkpt>
   <trkpt lat="-8.080849" lon="-34.909278">
    <ele>8.1</ele>
    <time>2020-09-16T23:45:52.000Z</time>
   </trkpt>
   <trkpt lat="-8.080898" lon="-34.909268">
    <ele>8.1</ele>
    <time>2020-09-16T23:45:53.000Z</time>
   </trkpt>
   <trkpt lat="-8.080945" lon="-34.909255">
    <ele>8.1</ele>
    <time>2020-09-16T23:45:54.000Z</time>
   </trkpt>
   <trkpt lat="-8.080996" lon="-34.909239">
    <ele>8.1</ele>
    <time>2020-09-16T23:45:55.000Z</time>
   </trkpt>
   <trkpt lat="-8.081041" lon="-34.909222">
    <ele>8</ele>
    <time>2020-09-16T23:45:56.000Z</time>
   </trkpt>
   <trkpt lat="-8.08109" lon="-34.909208">
    <ele>8</ele>
    <time>2020-09-16T23:45:57.000Z</time>
   </trkpt>
   <trkpt lat="-8.081135" lon="-34.909186">
    <ele>8</ele>
    <time>2020-09-16T23:45:58.000Z</time>
   </trkpt>
   <trkpt lat="-8.08118" lon="-34.90917">
    <ele>8</ele>
    <time>2020-09-16T23:45:59.000Z</time>
   </trkpt>
   <trkpt lat="-8.081221" lon="-34.909154">
    <ele>7.9</ele>
    <time>2020-09-16T23:46:00.000Z</time>
   </trkpt>
   <trkpt lat="-8.081259" lon="-34.909139">
    <ele>7.9</ele>
    <time>2020-09-16T23:46:01.000Z</time>
   </trkpt>
   <trkpt lat="-8.081291" lon="-34.90912">
    <ele>7.9</ele>
    <time>2020-09-16T23:46:02.000Z</time>
   </trkpt>
   <trkpt lat="-8.08132" lon="-34.909104">
    <ele>7.9</ele>
    <time>2020-09-16T23:46:03.000Z</time>
   </trkpt>
   <trkpt lat="-8.08136" lon="-34.909096">
    <ele>7.9</ele>
    <time>2020-09-16T23:46:04.000Z</time>
   </trkpt>
   <trkpt lat="-8.081395" lon="-34.909087">
    <ele>7.9</ele>
    <time>2020-09-16T23:46:05.000Z</time>
   </trkpt>
   <trkpt lat="-8.081431" lon="-34.909078">
    <ele>7.9</ele>
    <time>2020-09-16T23:46:06.000Z</time>
   </trkpt>
   <trkpt lat="-8.081469" lon="-34.90907">
    <ele>7.9</ele>
    <time>2020-09-16T23:46:07.000Z</time>
   </trkpt>
   <trkpt lat="-8.081511" lon="-34.909061">
    <ele>7.9</ele>
    <time>2020-09-16T23:46:08.000Z</time>
   </trkpt>
   <trkpt lat="-8.081552" lon="-34.909052">
    <ele>7.8</ele>
    <time>2020-09-16T23:46:09.000Z</time>
   </trkpt>
   <trkpt lat="-8.081594" lon="-34.909042">
    <ele>7.8</ele>
    <time>2020-09-16T23:46:10.000Z</time>
   </trkpt>
   <trkpt lat="-8.081635" lon="-34.909037">
    <ele>7.8</ele>
    <time>2020-09-16T23:46:11.000Z</time>
   </trkpt>
   <trkpt lat="-8.081676" lon="-34.90903">
    <ele>7.8</ele>
    <time>2020-09-16T23:46:12.000Z</time>
   </trkpt>
   <trkpt lat="-8.081717" lon="-34.909024">
    <ele>7.8</ele>
    <time>2020-09-16T23:46:13.000Z</time>
   </trkpt>
   <trkpt lat="-8.081766" lon="-34.90901">
    <ele>7.8</ele>
    <time>2020-09-16T23:46:14.000Z</time>
   </trkpt>
   <trkpt lat="-8.08182" lon="-34.908991">
    <ele>7.8</ele>
    <time>2020-09-16T23:46:15.000Z</time>
   </trkpt>
   <trkpt lat="-8.081875" lon="-34.908976">
    <ele>7.8</ele>
    <time>2020-09-16T23:46:16.000Z</time>
   </trkpt>
   <trkpt lat="-8.08193" lon="-34.908963">
    <ele>7.8</ele>
    <time>2020-09-16T23:46:17.000Z</time>
   </trkpt>
   <trkpt lat="-8.081984" lon="-34.908947">
    <ele>7.7</ele>
    <time>2020-09-16T23:46:18.000Z</time>
   </trkpt>
   <trkpt lat="-8.082036" lon="-34.908932">
    <ele>7.7</ele>
    <time>2020-09-16T23:46:19.000Z</time>
   </trkpt>
   <trkpt lat="-8.082077" lon="-34.908921">
    <ele>7.7</ele>
    <time>2020-09-16T23:46:20.000Z</time>
   </trkpt>
   <trkpt lat="-8.082109" lon="-34.908921">
    <ele>7.7</ele>
    <time>2020-09-16T23:46:21.000Z</time>
   </trkpt>
   <trkpt lat="-8.082145" lon="-34.908917">
    <ele>7.6</ele>
    <time>2020-09-16T23:46:22.000Z</time>
   </trkpt>
   <trkpt lat="-8.082186" lon="-34.908899">
    <ele>7.6</ele>
    <time>2020-09-16T23:46:23.000Z</time>
   </trkpt>
   <trkpt lat="-8.082225" lon="-34.908878">
    <ele>7.6</ele>
    <time>2020-09-16T23:46:24.000Z</time>
   </trkpt>
   <trkpt lat="-8.082259" lon="-34.908852">
    <ele>7.6</ele>
    <time>2020-09-16T23:46:25.000Z</time>
   </trkpt>
   <trkpt lat="-8.082286" lon="-34.908835">
    <ele>7.6</ele>
    <time>2020-09-16T23:46:26.000Z</time>
   </trkpt>
   <trkpt lat="-8.082305" lon="-34.90881">
    <ele>7.5</ele>
    <time>2020-09-16T23:46:27.000Z</time>
   </trkpt>
   <trkpt lat="-8.082312" lon="-34.908777">
    <ele>7.5</ele>
    <time>2020-09-16T23:46:28.000Z</time>
   </trkpt>
   <trkpt lat="-8.082316" lon="-34.908743">
    <ele>7.5</ele>
    <time>2020-09-16T23:46:29.000Z</time>
   </trkpt>
   <trkpt lat="-8.082324" lon="-34.908705">
    <ele>7.4</ele>
    <time>2020-09-16T23:46:30.000Z</time>
   </trkpt>
   <trkpt lat="-8.082341" lon="-34.908659">
    <ele>7.4</ele>
    <time>2020-09-16T23:46:31.000Z</time>
   </trkpt>
   <trkpt lat="-8.082365" lon="-34.908604">
    <ele>7.3</ele>
    <time>2020-09-16T23:46:32.000Z</time>
   </trkpt>
   <trkpt lat="-8.082374" lon="-34.908545">
    <ele>7.3</ele>
    <time>2020-09-16T23:46:33.000Z</time>
   </trkpt>
   <trkpt lat="-8.082383" lon="-34.908494">
    <ele>7.2</ele>
    <time>2020-09-16T23:46:34.000Z</time>
   </trkpt>
   <trkpt lat="-8.082383" lon="-34.908439">
    <ele>7.2</ele>
    <time>2020-09-16T23:46:35.000Z</time>
   </trkpt>
   <trkpt lat="-8.082384" lon="-34.908383">
    <ele>7.2</ele>
    <time>2020-09-16T23:46:36.000Z</time>
   </trkpt>
   <trkpt lat="-8.082387" lon="-34.908333">
    <ele>7.1</ele>
    <time>2020-09-16T23:46:37.000Z</time>
   </trkpt>
   <trkpt lat="-8.082388" lon="-34.908289">
    <ele>7.1</ele>
    <time>2020-09-16T23:46:38.000Z</time>
   </trkpt>
   <trkpt lat="-8.082388" lon="-34.908248">
    <ele>7.1</ele>
    <time>2020-09-16T23:46:39.000Z</time>
   </trkpt>
   <trkpt lat="-8.082397" lon="-34.908213">
    <ele>7.1</ele>
    <time>2020-09-16T23:46:40.000Z</time>
   </trkpt>
   <trkpt lat="-8.082405" lon="-34.908183">
    <ele>7.1</ele>
    <time>2020-09-16T23:46:41.000Z</time>
   </trkpt>
   <trkpt lat="-8.082414" lon="-34.908145">
    <ele>7.2</ele>
    <time>2020-09-16T23:46:42.000Z</time>
   </trkpt>
   <trkpt lat="-8.08242" lon="-34.90811">
    <ele>7.2</ele>
    <time>2020-09-16T23:46:43.000Z</time>
   </trkpt>
   <trkpt lat="-8.082422" lon="-34.908075">
    <ele>7.2</ele>
    <time>2020-09-16T23:46:44.000Z</time>
   </trkpt>
   <trkpt lat="-8.082429" lon="-34.908041">
    <ele>7.2</ele>
    <time>2020-09-16T23:46:45.000Z</time>
   </trkpt>
   <trkpt lat="-8.082438" lon="-34.908002">
    <ele>7.2</ele>
    <time>2020-09-16T23:46:46.000Z</time>
   </trkpt>
   <trkpt lat="-8.082443" lon="-34.907975">
    <ele>7.3</ele>
    <time>2020-09-16T23:46:47.000Z</time>
   </trkpt>
   <trkpt lat="-8.082448" lon="-34.907941">
    <ele>7.3</ele>
    <time>2020-09-16T23:46:48.000Z</time>
   </trkpt>
   <trkpt lat="-8.082452" lon="-34.907901">
    <ele>7.3</ele>
    <time>2020-09-16T23:46:49.000Z</time>
   </trkpt>
   <trkpt lat="-8.082459" lon="-34.907857">
    <ele>7.3</ele>
    <time>2020-09-16T23:46:50.000Z</time>
   </trkpt>
   <trkpt lat="-8.082467" lon="-34.907814">
    <ele>7.3</ele>
    <time>2020-09-16T23:46:51.000Z</time>
   </trkpt>
   <trkpt lat="-8.082469" lon="-34.907771">
    <ele>7.3</ele>
    <time>2020-09-16T23:46:52.000Z</time>
   </trkpt>
   <trkpt lat="-8.082476" lon="-34.907729">
    <ele>7.4</ele>
    <time>2020-09-16T23:46:53.000Z</time>
   </trkpt>
   <trkpt lat="-8.082486" lon="-34.90769">
    <ele>7.4</ele>
    <time>2020-09-16T23:46:54.000Z</time>
   </trkpt>
   <trkpt lat="-8.082498" lon="-34.907649">
    <ele>7.4</ele>
    <time>2020-09-16T23:46:55.000Z</time>
   </trkpt>
   <trkpt lat="-8.082508" lon="-34.907611">
    <ele>7.4</ele>
    <time>2020-09-16T23:46:56.000Z</time>
   </trkpt>
   <trkpt lat="-8.082515" lon="-34.907573">
    <ele>7.5</ele>
    <time>2020-09-16T23:46:57.000Z</time>
   </trkpt>
   <trkpt lat="-8.082523" lon="-34.907535">
    <ele>7.5</ele>
    <time>2020-09-16T23:46:58.000Z</time>
   </trkpt>
   <trkpt lat="-8.082532" lon="-34.907493">
    <ele>7.5</ele>
    <time>2020-09-16T23:46:59.000Z</time>
   </trkpt>
   <trkpt lat="-8.082544" lon="-34.907448">
    <ele>7.5</ele>
    <time>2020-09-16T23:47:00.000Z</time>
   </trkpt>
   <trkpt lat="-8.08255" lon="-34.907406">
    <ele>7.6</ele>
    <time>2020-09-16T23:47:01.000Z</time>
   </trkpt>
   <trkpt lat="-8.082564" lon="-34.907373">
    <ele>7.6</ele>
    <time>2020-09-16T23:47:02.000Z</time>
   </trkpt>
   <trkpt lat="-8.08257" lon="-34.90734">
    <ele>7.6</ele>
    <time>2020-09-16T23:47:03.000Z</time>
   </trkpt>
   <trkpt lat="-8.082574" lon="-34.907307">
    <ele>7.7</ele>
    <time>2020-09-16T23:47:04.000Z</time>
   </trkpt>
   <trkpt lat="-8.082584" lon="-34.90727">
    <ele>7.7</ele>
    <time>2020-09-16T23:47:05.000Z</time>
   </trkpt>
   <trkpt lat="-8.082583" lon="-34.907231">
    <ele>7.7</ele>
    <time>2020-09-16T23:47:06.000Z</time>
   </trkpt>
   <trkpt lat="-8.082584" lon="-34.9072">
    <ele>7.7</ele>
    <time>2020-09-16T23:47:07.000Z</time>
   </trkpt>
   <trkpt lat="-8.082589" lon="-34.907168">
    <ele>7.7</ele>
    <time>2020-09-16T23:47:08.000Z</time>
   </trkpt>
   <trkpt lat="-8.0826" lon="-34.907128">
    <ele>7.8</ele>
    <time>2020-09-16T23:47:09.000Z</time>
   </trkpt>
   <trkpt lat="-8.082607" lon="-34.907093">
    <ele>7.8</ele>
    <time>2020-09-16T23:47:10.000Z</time>
   </trkpt>
   <trkpt lat="-8.082615" lon="-34.907053">
    <ele>7.8</ele>
    <time>2020-09-16T23:47:11.000Z</time>
   </trkpt>
   <trkpt lat="-8.082616" lon="-34.907006">
    <ele>7.9</ele>
    <time>2020-09-16T23:47:12.000Z</time>
   </trkpt>
   <trkpt lat="-8.082621" lon="-34.906964">
    <ele>7.9</ele>
    <time>2020-09-16T23:47:13.000Z</time>
   </trkpt>
   <trkpt lat="-8.08263" lon="-34.906933">
    <ele>8</ele>
    <time>2020-09-16T23:47:14.000Z</time>
   </trkpt>
   <trkpt lat="-8.08264" lon="-34.906904">
    <ele>8</ele>
    <time>2020-09-16T23:47:15.000Z</time>
   </trkpt>
   <trkpt lat="-8.082645" lon="-34.906876">
    <ele>8</ele>
    <time>2020-09-16T23:47:16.000Z</time>
   </trkpt>
   <trkpt lat="-8.082649" lon="-34.906841">
    <ele>8.1</ele>
    <time>2020-09-16T23:47:18.000Z</time>
   </trkpt>
   <trkpt lat="-8.082647" lon="-34.906809">
    <ele>8.1</ele>
    <time>2020-09-16T23:47:20.000Z</time>
   </trkpt>
   <trkpt lat="-8.08265" lon="-34.906781">
    <ele>8.1</ele>
    <time>2020-09-16T23:47:23.000Z</time>
   </trkpt>
   <trkpt lat="-8.08267" lon="-34.906751">
    <ele>8.1</ele>
    <time>2020-09-16T23:47:28.000Z</time>
   </trkpt>
   <trkpt lat="-8.082694" lon="-34.906727">
    <ele>8.2</ele>
    <time>2020-09-16T23:47:30.000Z</time>
   </trkpt>
   <trkpt lat="-8.082725" lon="-34.906693">
    <ele>8.2</ele>
    <time>2020-09-16T23:47:32.000Z</time>
   </trkpt>
   <trkpt lat="-8.082758" lon="-34.90667">
    <ele>8.2</ele>
    <time>2020-09-16T23:47:34.000Z</time>
   </trkpt>
   <trkpt lat="-8.082802" lon="-34.906662">
    <ele>8.3</ele>
    <time>2020-09-16T23:47:36.000Z</time>
   </trkpt>
   <trkpt lat="-8.082848" lon="-34.906662">
    <ele>8.3</ele>
    <time>2020-09-16T23:47:38.000Z</time>
   </trkpt>
   <trkpt lat="-8.082898" lon="-34.906667">
    <ele>8.4</ele>
    <time>2020-09-16T23:47:40.000Z</time>
   </trkpt>
   <trkpt lat="-8.082938" lon="-34.906685">
    <ele>8.4</ele>
    <time>2020-09-16T23:47:41.000Z</time>
   </trkpt>
   <trkpt lat="-8.082981" lon="-34.906701">
    <ele>8.5</ele>
    <time>2020-09-16T23:47:42.000Z</time>
   </trkpt>
   <trkpt lat="-8.083029" lon="-34.906717">
    <ele>8.6</ele>
    <time>2020-09-16T23:47:43.000Z</time>
   </trkpt>
   <trkpt lat="-8.083071" lon="-34.906729">
    <ele>8.7</ele>
    <time>2020-09-16T23:47:44.000Z</time>
   </trkpt>
   <trkpt lat="-8.083113" lon="-34.906744">
    <ele>8.7</ele>
    <time>2020-09-16T23:47:45.000Z</time>
   </trkpt>
   <trkpt lat="-8.083155" lon="-34.906748">
    <ele>8.8</ele>
    <time>2020-09-16T23:47:46.000Z</time>
   </trkpt>
   <trkpt lat="-8.083202" lon="-34.906748">
    <ele>8.8</ele>
    <time>2020-09-16T23:47:47.000Z</time>
   </trkpt>
   <trkpt lat="-8.083251" lon="-34.906752">
    <ele>8.9</ele>
    <time>2020-09-16T23:47:48.000Z</time>
   </trkpt>
   <trkpt lat="-8.083301" lon="-34.906755">
    <ele>9</ele>
    <time>2020-09-16T23:47:49.000Z</time>
   </trkpt>
   <trkpt lat="-8.083343" lon="-34.906765">
    <ele>9.2</ele>
    <time>2020-09-16T23:47:50.000Z</time>
   </trkpt>
   <trkpt lat="-8.083381" lon="-34.906779">
    <ele>9.3</ele>
    <time>2020-09-16T23:47:51.000Z</time>
   </trkpt>
   <trkpt lat="-8.083414" lon="-34.906789">
    <ele>9.4</ele>
    <time>2020-09-16T23:47:52.000Z</time>
   </trkpt>
   <trkpt lat="-8.083454" lon="-34.906806">
    <ele>9.6</ele>
    <time>2020-09-16T23:47:53.000Z</time>
   </trkpt>
   <trkpt lat="-8.083496" lon="-34.906824">
    <ele>9.7</ele>
    <time>2020-09-16T23:47:54.000Z</time>
   </trkpt>
   <trkpt lat="-8.083536" lon="-34.90684">
    <ele>9.9</ele>
    <time>2020-09-16T23:47:55.000Z</time>
   </trkpt>
   <trkpt lat="-8.083577" lon="-34.906854">
    <ele>10</ele>
    <time>2020-09-16T23:47:56.000Z</time>
   </trkpt>
   <trkpt lat="-8.083621" lon="-34.906864">
    <ele>10</ele>
    <time>2020-09-16T23:47:57.000Z</time>
   </trkpt>
   <trkpt lat="-8.083668" lon="-34.906881">
    <ele>10.1</ele>
    <time>2020-09-16T23:47:58.000Z</time>
   </trkpt>
   <trkpt lat="-8.083711" lon="-34.906893">
    <ele>10.1</ele>
    <time>2020-09-16T23:47:59.000Z</time>
   </trkpt>
   <trkpt lat="-8.083754" lon="-34.906905">
    <ele>10.1</ele>
    <time>2020-09-16T23:48:00.000Z</time>
   </trkpt>
   <trkpt lat="-8.083796" lon="-34.90692">
    <ele>10.1</ele>
    <time>2020-09-16T23:48:01.000Z</time>
   </trkpt>
   <trkpt lat="-8.083834" lon="-34.906935">
    <ele>10.2</ele>
    <time>2020-09-16T23:48:02.000Z</time>
   </trkpt>
   <trkpt lat="-8.083869" lon="-34.906948">
    <ele>10.2</ele>
    <time>2020-09-16T23:48:03.000Z</time>
   </trkpt>
   <trkpt lat="-8.083906" lon="-34.906961">
    <ele>10.2</ele>
    <time>2020-09-16T23:48:04.000Z</time>
   </trkpt>
   <trkpt lat="-8.083943" lon="-34.906972">
    <ele>10.2</ele>
    <time>2020-09-16T23:48:05.000Z</time>
   </trkpt>
   <trkpt lat="-8.083979" lon="-34.906982">
    <ele>10.2</ele>
    <time>2020-09-16T23:48:06.000Z</time>
   </trkpt>
   <trkpt lat="-8.084018" lon="-34.906992">
    <ele>10.2</ele>
    <time>2020-09-16T23:48:07.000Z</time>
   </trkpt>
   <trkpt lat="-8.084056" lon="-34.906996">
    <ele>10.2</ele>
    <time>2020-09-16T23:48:08.000Z</time>
   </trkpt>
   <trkpt lat="-8.084096" lon="-34.907006">
    <ele>10.2</ele>
    <time>2020-09-16T23:48:09.000Z</time>
   </trkpt>
   <trkpt lat="-8.084134" lon="-34.907017">
    <ele>10.2</ele>
    <time>2020-09-16T23:48:10.000Z</time>
   </trkpt>
   <trkpt lat="-8.084165" lon="-34.907029">
    <ele>10.2</ele>
    <time>2020-09-16T23:48:11.000Z</time>
   </trkpt>
   <trkpt lat="-8.0842" lon="-34.90704">
    <ele>10.2</ele>
    <time>2020-09-16T23:48:12.000Z</time>
   </trkpt>
   <trkpt lat="-8.084237" lon="-34.907051">
    <ele>10.2</ele>
    <time>2020-09-16T23:48:13.000Z</time>
   </trkpt>
   <trkpt lat="-8.08428" lon="-34.907061">
    <ele>10.1</ele>
    <time>2020-09-16T23:48:14.000Z</time>
   </trkpt>
   <trkpt lat="-8.084327" lon="-34.907069">
    <ele>10.1</ele>
    <time>2020-09-16T23:48:15.000Z</time>
   </trkpt>
   <trkpt lat="-8.084373" lon="-34.907078">
    <ele>10</ele>
    <time>2020-09-16T23:48:16.000Z</time>
   </trkpt>
   <trkpt lat="-8.084424" lon="-34.907071">
    <ele>9.9</ele>
    <time>2020-09-16T23:48:17.000Z</time>
   </trkpt>
   <trkpt lat="-8.084474" lon="-34.907076">
    <ele>9.8</ele>
    <time>2020-09-16T23:48:18.000Z</time>
   </trkpt>
   <trkpt lat="-8.084527" lon="-34.90708">
    <ele>9.6</ele>
    <time>2020-09-16T23:48:19.000Z</time>
   </trkpt>
   <trkpt lat="-8.084575" lon="-34.907093">
    <ele>9.5</ele>
    <time>2020-09-16T23:48:20.000Z</time>
   </trkpt>
   <trkpt lat="-8.084623" lon="-34.907101">
    <ele>9.4</ele>
    <time>2020-09-16T23:48:21.000Z</time>
   </trkpt>
   <trkpt lat="-8.084671" lon="-34.907111">
    <ele>9.2</ele>
    <time>2020-09-16T23:48:22.000Z</time>
   </trkpt>
   <trkpt lat="-8.084715" lon="-34.90712">
    <ele>9.1</ele>
    <time>2020-09-16T23:48:23.000Z</time>
   </trkpt>
   <trkpt lat="-8.084761" lon="-34.907129">
    <ele>8.9</ele>
    <time>2020-09-16T23:48:24.000Z</time>
   </trkpt>
   <trkpt lat="-8.084809" lon="-34.907137">
    <ele>8.7</ele>
    <time>2020-09-16T23:48:25.000Z</time>
   </trkpt>
   <trkpt lat="-8.084856" lon="-34.907141">
    <ele>8.6</ele>
    <time>2020-09-16T23:48:26.000Z</time>
   </trkpt>
   <trkpt lat="-8.084907" lon="-34.907149">
    <ele>8.5</ele>
    <time>2020-09-16T23:48:27.000Z</time>
   </trkpt>
   <trkpt lat="-8.084961" lon="-34.907156">
    <ele>8.4</ele>
    <time>2020-09-16T23:48:28.000Z</time>
   </trkpt>
   <trkpt lat="-8.085013" lon="-34.907165">
    <ele>8.4</ele>
    <time>2020-09-16T23:48:29.000Z</time>
   </trkpt>
   <trkpt lat="-8.085065" lon="-34.907175">
    <ele>8.3</ele>
    <time>2020-09-16T23:48:30.000Z</time>
   </trkpt>
   <trkpt lat="-8.085117" lon="-34.907182">
    <ele>8.2</ele>
    <time>2020-09-16T23:48:31.000Z</time>
   </trkpt>
   <trkpt lat="-8.085162" lon="-34.907192">
    <ele>8.1</ele>
    <time>2020-09-16T23:48:32.000Z</time>
   </trkpt>
   <trkpt lat="-8.085209" lon="-34.907197">
    <ele>8.1</ele>
    <time>2020-09-16T23:48:33.000Z</time>
   </trkpt>
   <trkpt lat="-8.085259" lon="-34.907205">
    <ele>8</ele>
    <time>2020-09-16T23:48:34.000Z</time>
   </trkpt>
   <trkpt lat="-8.085312" lon="-34.907213">
    <ele>7.9</ele>
    <time>2020-09-16T23:48:35.000Z</time>
   </trkpt>
   <trkpt lat="-8.085359" lon="-34.907221">
    <ele>7.8</ele>
    <time>2020-09-16T23:48:36.000Z</time>
   </trkpt>
   <trkpt lat="-8.085398" lon="-34.907235">
    <ele>7.8</ele>
    <time>2020-09-16T23:48:37.000Z</time>
   </trkpt>
   <trkpt lat="-8.085438" lon="-34.907253">
    <ele>7.7</ele>
    <time>2020-09-16T23:48:38.000Z</time>
   </trkpt>
   <trkpt lat="-8.085481" lon="-34.907266">
    <ele>7.7</ele>
    <time>2020-09-16T23:48:39.000Z</time>
   </trkpt>
   <trkpt lat="-8.085525" lon="-34.907275">
    <ele>7.6</ele>
    <time>2020-09-16T23:48:40.000Z</time>
   </trkpt>
   <trkpt lat="-8.08557" lon="-34.907286">
    <ele>7.6</ele>
    <time>2020-09-16T23:48:41.000Z</time>
   </trkpt>
   <trkpt lat="-8.085611" lon="-34.907306">
    <ele>7.6</ele>
    <time>2020-09-16T23:48:42.000Z</time>
   </trkpt>
   <trkpt lat="-8.085651" lon="-34.907331">
    <ele>7.5</ele>
    <time>2020-09-16T23:48:43.000Z</time>
   </trkpt>
   <trkpt lat="-8.085695" lon="-34.907353">
    <ele>7.5</ele>
    <time>2020-09-16T23:48:44.000Z</time>
   </trkpt>
   <trkpt lat="-8.085737" lon="-34.90737">
    <ele>7.5</ele>
    <time>2020-09-16T23:48:45.000Z</time>
   </trkpt>
   <trkpt lat="-8.085778" lon="-34.90738">
    <ele>7.5</ele>
    <time>2020-09-16T23:48:46.000Z</time>
   </trkpt>
   <trkpt lat="-8.085822" lon="-34.907395">
    <ele>7.5</ele>
    <time>2020-09-16T23:48:47.000Z</time>
   </trkpt>
   <trkpt lat="-8.085864" lon="-34.907411">
    <ele>7.5</ele>
    <time>2020-09-16T23:48:48.000Z</time>
   </trkpt>
   <trkpt lat="-8.08591" lon="-34.907426">
    <ele>7.5</ele>
    <time>2020-09-16T23:48:49.000Z</time>
   </trkpt>
   <trkpt lat="-8.085959" lon="-34.907438">
    <ele>7.5</ele>
    <time>2020-09-16T23:48:50.000Z</time>
   </trkpt>
   <trkpt lat="-8.086005" lon="-34.90745">
    <ele>7.6</ele>
    <time>2020-09-16T23:48:51.000Z</time>
   </trkpt>
   <trkpt lat="-8.086046" lon="-34.907462">
    <ele>7.6</ele>
    <time>2020-09-16T23:48:52.000Z</time>
   </trkpt>
   <trkpt lat="-8.086089" lon="-34.907471">
    <ele>7.6</ele>
    <time>2020-09-16T23:48:53.000Z</time>
   </trkpt>
   <trkpt lat="-8.086131" lon="-34.90748">
    <ele>7.6</ele>
    <time>2020-09-16T23:48:54.000Z</time>
   </trkpt>
   <trkpt lat="-8.086176" lon="-34.907492">
    <ele>7.6</ele>
    <time>2020-09-16T23:48:55.000Z</time>
   </trkpt>
   <trkpt lat="-8.086228" lon="-34.907504">
    <ele>7.7</ele>
    <time>2020-09-16T23:48:56.000Z</time>
   </trkpt>
   <trkpt lat="-8.086274" lon="-34.907517">
    <ele>7.7</ele>
    <time>2020-09-16T23:48:57.000Z</time>
   </trkpt>
   <trkpt lat="-8.08632" lon="-34.907527">
    <ele>7.7</ele>
    <time>2020-09-16T23:48:58.000Z</time>
   </trkpt>
   <trkpt lat="-8.08637" lon="-34.907533">
    <ele>7.7</ele>
    <time>2020-09-16T23:48:59.000Z</time>
   </trkpt>
   <trkpt lat="-8.086417" lon="-34.907543">
    <ele>7.7</ele>
    <time>2020-09-16T23:49:00.000Z</time>
   </trkpt>
   <trkpt lat="-8.086463" lon="-34.907551">
    <ele>7.7</ele>
    <time>2020-09-16T23:49:01.000Z</time>
   </trkpt>
   <trkpt lat="-8.086515" lon="-34.907559">
    <ele>7.8</ele>
    <time>2020-09-16T23:49:02.000Z</time>
   </trkpt>
   <trkpt lat="-8.086561" lon="-34.907567">
    <ele>7.8</ele>
    <time>2020-09-16T23:49:03.000Z</time>
   </trkpt>
   <trkpt lat="-8.086612" lon="-34.907576">
    <ele>7.8</ele>
    <time>2020-09-16T23:49:04.000Z</time>
   </trkpt>
   <trkpt lat="-8.086658" lon="-34.90759">
    <ele>7.8</ele>
    <time>2020-09-16T23:49:05.000Z</time>
   </trkpt>
   <trkpt lat="-8.086693" lon="-34.907603">
    <ele>7.8</ele>
    <time>2020-09-16T23:49:06.000Z</time>
   </trkpt>
   <trkpt lat="-8.086735" lon="-34.907612">
    <ele>7.8</ele>
    <time>2020-09-16T23:49:07.000Z</time>
   </trkpt>
   <trkpt lat="-8.086777" lon="-34.90762">
    <ele>7.8</ele>
    <time>2020-09-16T23:49:08.000Z</time>
   </trkpt>
   <trkpt lat="-8.086811" lon="-34.907626">
    <ele>7.7</ele>
    <time>2020-09-16T23:49:09.000Z</time>
   </trkpt>
   <trkpt lat="-8.08686" lon="-34.907629">
    <ele>7.7</ele>
    <time>2020-09-16T23:49:10.000Z</time>
   </trkpt>
   <trkpt lat="-8.08691" lon="-34.907626">
    <ele>7.7</ele>
    <time>2020-09-16T23:49:11.000Z</time>
   </trkpt>
   <trkpt lat="-8.086955" lon="-34.907629">
    <ele>7.7</ele>
    <time>2020-09-16T23:49:12.000Z</time>
   </trkpt>
   <trkpt lat="-8.086999" lon="-34.907639">
    <ele>7.7</ele>
    <time>2020-09-16T23:49:13.000Z</time>
   </trkpt>
   <trkpt lat="-8.087042" lon="-34.90765">
    <ele>7.7</ele>
    <time>2020-09-16T23:49:14.000Z</time>
   </trkpt>
   <trkpt lat="-8.087085" lon="-34.907665">
    <ele>7.7</ele>
    <time>2020-09-16T23:49:15.000Z</time>
   </trkpt>
   <trkpt lat="-8.087127" lon="-34.907682">
    <ele>7.7</ele>
    <time>2020-09-16T23:49:16.000Z</time>
   </trkpt>
   <trkpt lat="-8.087171" lon="-34.90769">
    <ele>7.7</ele>
    <time>2020-09-16T23:49:17.000Z</time>
   </trkpt>
   <trkpt lat="-8.087211" lon="-34.907695">
    <ele>7.7</ele>
    <time>2020-09-16T23:49:18.000Z</time>
   </trkpt>
   <trkpt lat="-8.087242" lon="-34.907701">
    <ele>7.7</ele>
    <time>2020-09-16T23:49:19.000Z</time>
   </trkpt>
   <trkpt lat="-8.087283" lon="-34.907711">
    <ele>7.7</ele>
    <time>2020-09-16T23:49:20.000Z</time>
   </trkpt>
   <trkpt lat="-8.087315" lon="-34.907717">
    <ele>7.7</ele>
    <time>2020-09-16T23:49:21.000Z</time>
   </trkpt>
   <trkpt lat="-8.087348" lon="-34.907727">
    <ele>7.7</ele>
    <time>2020-09-16T23:49:22.000Z</time>
   </trkpt>
   <trkpt lat="-8.087378" lon="-34.907727">
    <ele>7.7</ele>
    <time>2020-09-16T23:49:23.000Z</time>
   </trkpt>
   <trkpt lat="-8.087438" lon="-34.907737">
    <ele>7.7</ele>
    <time>2020-09-16T23:49:25.000Z</time>
   </trkpt>
   <trkpt lat="-8.087466" lon="-34.907727">
    <ele>7.7</ele>
    <time>2020-09-16T23:49:26.000Z</time>
   </trkpt>
   <trkpt lat="-8.087497" lon="-34.907731">
    <ele>7.7</ele>
    <time>2020-09-16T23:49:27.000Z</time>
   </trkpt>
   <trkpt lat="-8.087529" lon="-34.907744">
    <ele>7.7</ele>
    <time>2020-09-16T23:49:28.000Z</time>
   </trkpt>
   <trkpt lat="-8.08756" lon="-34.907746">
    <ele>7.7</ele>
    <time>2020-09-16T23:49:29.000Z</time>
   </trkpt>
   <trkpt lat="-8.087587" lon="-34.907754">
    <ele>7.7</ele>
    <time>2020-09-16T23:49:30.000Z</time>
   </trkpt>
   <trkpt lat="-8.087625" lon="-34.907769">
    <ele>7.8</ele>
    <time>2020-09-16T23:49:32.000Z</time>
   </trkpt>
   <trkpt lat="-8.087671" lon="-34.90778">
    <ele>7.8</ele>
    <time>2020-09-16T23:49:34.000Z</time>
   </trkpt>
   <trkpt lat="-8.08772" lon="-34.907785">
    <ele>7.8</ele>
    <time>2020-09-16T23:49:36.000Z</time>
   </trkpt>
   <trkpt lat="-8.087758" lon="-34.907791">
    <ele>7.8</ele>
    <time>2020-09-16T23:49:38.000Z</time>
   </trkpt>
   <trkpt lat="-8.087789" lon="-34.907803">
    <ele>7.8</ele>
    <time>2020-09-16T23:49:40.000Z</time>
   </trkpt>
   <trkpt lat="-8.08783" lon="-34.907815">
    <ele>7.8</ele>
    <time>2020-09-16T23:49:42.000Z</time>
   </trkpt>
   <trkpt lat="-8.08788" lon="-34.907832">
    <ele>7.8</ele>
    <time>2020-09-16T23:49:44.000Z</time>
   </trkpt>
   <trkpt lat="-8.087918" lon="-34.90785">
    <ele>7.8</ele>
    <time>2020-09-16T23:49:45.000Z</time>
   </trkpt>
   <trkpt lat="-8.08795" lon="-34.907862">
    <ele>7.8</ele>
    <time>2020-09-16T23:49:46.000Z</time>
   </trkpt>
   <trkpt lat="-8.087986" lon="-34.907871">
    <ele>7.8</ele>
    <time>2020-09-16T23:49:47.000Z</time>
   </trkpt>
   <trkpt lat="-8.088021" lon="-34.907885">
    <ele>7.8</ele>
    <time>2020-09-16T23:49:48.000Z</time>
   </trkpt>
   <trkpt lat="-8.088059" lon="-34.907898">
    <ele>7.8</ele>
    <time>2020-09-16T23:49:49.000Z</time>
   </trkpt>
   <trkpt lat="-8.088098" lon="-34.907908">
    <ele>7.8</ele>
    <time>2020-09-16T23:49:50.000Z</time>
   </trkpt>
   <trkpt lat="-8.088137" lon="-34.907918">
    <ele>7.7</ele>
    <time>2020-09-16T23:49:51.000Z</time>
   </trkpt>
   <trkpt lat="-8.088177" lon="-34.907925">
    <ele>7.7</ele>
    <time>2020-09-16T23:49:52.000Z</time>
   </trkpt>
   <trkpt lat="-8.088217" lon="-34.907929">
    <ele>7.7</ele>
    <time>2020-09-16T23:49:53.000Z</time>
   </trkpt>
   <trkpt lat="-8.088257" lon="-34.907933">
    <ele>7.7</ele>
    <time>2020-09-16T23:49:54.000Z</time>
   </trkpt>
   <trkpt lat="-8.088294" lon="-34.907939">
    <ele>7.7</ele>
    <time>2020-09-16T23:49:55.000Z</time>
   </trkpt>
   <trkpt lat="-8.088334" lon="-34.907946">
    <ele>7.6</ele>
    <time>2020-09-16T23:49:56.000Z</time>
   </trkpt>
   <trkpt lat="-8.088379" lon="-34.907957">
    <ele>7.6</ele>
    <time>2020-09-16T23:49:57.000Z</time>
   </trkpt>
   <trkpt lat="-8.088421" lon="-34.907966">
    <ele>7.6</ele>
    <time>2020-09-16T23:49:58.000Z</time>
   </trkpt>
   <trkpt lat="-8.088463" lon="-34.907977">
    <ele>7.6</ele>
    <time>2020-09-16T23:49:59.000Z</time>
   </trkpt>
   <trkpt lat="-8.088504" lon="-34.907986">
    <ele>7.6</ele>
    <time>2020-09-16T23:50:00.000Z</time>
   </trkpt>
   <trkpt lat="-8.088552" lon="-34.907998">
    <ele>7.6</ele>
    <time>2020-09-16T23:50:01.000Z</time>
   </trkpt>
   <trkpt lat="-8.088594" lon="-34.908006">
    <ele>7.6</ele>
    <time>2020-09-16T23:50:02.000Z</time>
   </trkpt>
   <trkpt lat="-8.088633" lon="-34.908013">
    <ele>7.6</ele>
    <time>2020-09-16T23:50:03.000Z</time>
   </trkpt>
   <trkpt lat="-8.088675" lon="-34.908023">
    <ele>7.6</ele>
    <time>2020-09-16T23:50:04.000Z</time>
   </trkpt>
   <trkpt lat="-8.088717" lon="-34.908038">
    <ele>7.6</ele>
    <time>2020-09-16T23:50:05.000Z</time>
   </trkpt>
   <trkpt lat="-8.088757" lon="-34.908052">
    <ele>7.6</ele>
    <time>2020-09-16T23:50:06.000Z</time>
   </trkpt>
   <trkpt lat="-8.088798" lon="-34.908059">
    <ele>7.6</ele>
    <time>2020-09-16T23:50:07.000Z</time>
   </trkpt>
   <trkpt lat="-8.088834" lon="-34.908063">
    <ele>7.6</ele>
    <time>2020-09-16T23:50:08.000Z</time>
   </trkpt>
   <trkpt lat="-8.088878" lon="-34.908075">
    <ele>7.6</ele>
    <time>2020-09-16T23:50:09.000Z</time>
   </trkpt>
   <trkpt lat="-8.088921" lon="-34.908086">
    <ele>7.5</ele>
    <time>2020-09-16T23:50:10.000Z</time>
   </trkpt>
   <trkpt lat="-8.088964" lon="-34.908099">
    <ele>7.5</ele>
    <time>2020-09-16T23:50:11.000Z</time>
   </trkpt>
   <trkpt lat="-8.089011" lon="-34.908103">
    <ele>7.5</ele>
    <time>2020-09-16T23:50:12.000Z</time>
   </trkpt>
   <trkpt lat="-8.089051" lon="-34.908113">
    <ele>7.5</ele>
    <time>2020-09-16T23:50:13.000Z</time>
   </trkpt>
   <trkpt lat="-8.089091" lon="-34.908123">
    <ele>7.5</ele>
    <time>2020-09-16T23:50:14.000Z</time>
   </trkpt>
   <trkpt lat="-8.089129" lon="-34.90813">
    <ele>7.5</ele>
    <time>2020-09-16T23:50:15.000Z</time>
   </trkpt>
   <trkpt lat="-8.08917" lon="-34.908139">
    <ele>7.5</ele>
    <time>2020-09-16T23:50:16.000Z</time>
   </trkpt>
   <trkpt lat="-8.089222" lon="-34.908163">
    <ele>7.5</ele>
    <time>2020-09-16T23:50:17.000Z</time>
   </trkpt>
   <trkpt lat="-8.089273" lon="-34.908182">
    <ele>7.5</ele>
    <time>2020-09-16T23:50:18.000Z</time>
   </trkpt>
   <trkpt lat="-8.089322" lon="-34.908198">
    <ele>7.5</ele>
    <time>2020-09-16T23:50:19.000Z</time>
   </trkpt>
   <trkpt lat="-8.089355" lon="-34.908204">
    <ele>7.5</ele>
    <time>2020-09-16T23:50:20.000Z</time>
   </trkpt>
   <trkpt lat="-8.089391" lon="-34.9082">
    <ele>7.5</ele>
    <time>2020-09-16T23:50:21.000Z</time>
   </trkpt>
   <trkpt lat="-8.089425" lon="-34.9082">
    <ele>7.5</ele>
    <time>2020-09-16T23:50:22.000Z</time>
   </trkpt>
   <trkpt lat="-8.089453" lon="-34.908206">
    <ele>7.5</ele>
    <time>2020-09-16T23:50:23.000Z</time>
   </trkpt>
   <trkpt lat="-8.089491" lon="-34.908218">
    <ele>7.5</ele>
    <time>2020-09-16T23:50:24.000Z</time>
   </trkpt>
   <trkpt lat="-8.089533" lon="-34.908227">
    <ele>7.6</ele>
    <time>2020-09-16T23:50:25.000Z</time>
   </trkpt>
   <trkpt lat="-8.089576" lon="-34.908235">
    <ele>7.6</ele>
    <time>2020-09-16T23:50:26.000Z</time>
   </trkpt>
   <trkpt lat="-8.089616" lon="-34.908242">
    <ele>7.6</ele>
    <time>2020-09-16T23:50:27.000Z</time>
   </trkpt>
   <trkpt lat="-8.089655" lon="-34.908249">
    <ele>7.6</ele>
    <time>2020-09-16T23:50:28.000Z</time>
   </trkpt>
   <trkpt lat="-8.089696" lon="-34.908251">
    <ele>7.6</ele>
    <time>2020-09-16T23:50:29.000Z</time>
   </trkpt>
   <trkpt lat="-8.089735" lon="-34.908254">
    <ele>7.6</ele>
    <time>2020-09-16T23:50:30.000Z</time>
   </trkpt>
   <trkpt lat="-8.089766" lon="-34.908259">
    <ele>7.6</ele>
    <time>2020-09-16T23:50:31.000Z</time>
   </trkpt>
   <trkpt lat="-8.089808" lon="-34.908268">
    <ele>7.6</ele>
    <time>2020-09-16T23:50:32.000Z</time>
   </trkpt>
   <trkpt lat="-8.08984" lon="-34.908272">
    <ele>7.5</ele>
    <time>2020-09-16T23:50:33.000Z</time>
   </trkpt>
   <trkpt lat="-8.089877" lon="-34.908282">
    <ele>7.5</ele>
    <time>2020-09-16T23:50:34.000Z</time>
   </trkpt>
   <trkpt lat="-8.089913" lon="-34.908291">
    <ele>7.5</ele>
    <time>2020-09-16T23:50:35.000Z</time>
   </trkpt>
   <trkpt lat="-8.089945" lon="-34.908301">
    <ele>7.5</ele>
    <time>2020-09-16T23:50:36.000Z</time>
   </trkpt>
   <trkpt lat="-8.08998" lon="-34.90831">
    <ele>7.4</ele>
    <time>2020-09-16T23:50:37.000Z</time>
   </trkpt>
   <trkpt lat="-8.090017" lon="-34.908325">
    <ele>7.4</ele>
    <time>2020-09-16T23:50:38.000Z</time>
   </trkpt>
   <trkpt lat="-8.090057" lon="-34.908345">
    <ele>7.4</ele>
    <time>2020-09-16T23:50:39.000Z</time>
   </trkpt>
   <trkpt lat="-8.090097" lon="-34.908372">
    <ele>7.4</ele>
    <time>2020-09-16T23:50:40.000Z</time>
   </trkpt>
   <trkpt lat="-8.090142" lon="-34.908402">
    <ele>7.4</ele>
    <time>2020-09-16T23:50:41.000Z</time>
   </trkpt>
   <trkpt lat="-8.090182" lon="-34.908412">
    <ele>7.4</ele>
    <time>2020-09-16T23:50:42.000Z</time>
   </trkpt>
   <trkpt lat="-8.090224" lon="-34.908423">
    <ele>7.4</ele>
    <time>2020-09-16T23:50:43.000Z</time>
   </trkpt>
   <trkpt lat="-8.090259" lon="-34.908429">
    <ele>7.4</ele>
    <time>2020-09-16T23:50:44.000Z</time>
   </trkpt>
   <trkpt lat="-8.090291" lon="-34.908434">
    <ele>7.4</ele>
    <time>2020-09-16T23:50:45.000Z</time>
   </trkpt>
   <trkpt lat="-8.090319" lon="-34.908445">
    <ele>7.4</ele>
    <time>2020-09-16T23:50:46.000Z</time>
   </trkpt>
   <trkpt lat="-8.090351" lon="-34.908451">
    <ele>7.4</ele>
    <time>2020-09-16T23:50:47.000Z</time>
   </trkpt>
   <trkpt lat="-8.090385" lon="-34.908459">
    <ele>7.4</ele>
    <time>2020-09-16T23:50:48.000Z</time>
   </trkpt>
   <trkpt lat="-8.090429" lon="-34.908472">
    <ele>7.4</ele>
    <time>2020-09-16T23:50:49.000Z</time>
   </trkpt>
   <trkpt lat="-8.090474" lon="-34.908478">
    <ele>7.4</ele>
    <time>2020-09-16T23:50:50.000Z</time>
   </trkpt>
   <trkpt lat="-8.090512" lon="-34.908478">
    <ele>7.4</ele>
    <time>2020-09-16T23:50:51.000Z</time>
   </trkpt>
   <trkpt lat="-8.090559" lon="-34.908483">
    <ele>7.4</ele>
    <time>2020-09-16T23:50:52.000Z</time>
   </trkpt>
   <trkpt lat="-8.090601" lon="-34.908485">
    <ele>7.5</ele>
    <time>2020-09-16T23:50:53.000Z</time>
   </trkpt>
   <trkpt lat="-8.090651" lon="-34.908494">
    <ele>7.5</ele>
    <time>2020-09-16T23:50:54.000Z</time>
   </trkpt>
   <trkpt lat="-8.090694" lon="-34.908497">
    <ele>7.5</ele>
    <time>2020-09-16T23:50:55.000Z</time>
   </trkpt>
   <trkpt lat="-8.09074" lon="-34.908495">
    <ele>7.6</ele>
    <time>2020-09-16T23:50:56.000Z</time>
   </trkpt>
   <trkpt lat="-8.090788" lon="-34.908513">
    <ele>7.6</ele>
    <time>2020-09-16T23:50:57.000Z</time>
   </trkpt>
   <trkpt lat="-8.090837" lon="-34.90853">
    <ele>7.7</ele>
    <time>2020-09-16T23:50:58.000Z</time>
   </trkpt>
   <trkpt lat="-8.090887" lon="-34.908544">
    <ele>7.7</ele>
    <time>2020-09-16T23:50:59.000Z</time>
   </trkpt>
   <trkpt lat="-8.090931" lon="-34.908554">
    <ele>7.7</ele>
    <time>2020-09-16T23:51:00.000Z</time>
   </trkpt>
   <trkpt lat="-8.090968" lon="-34.908561">
    <ele>7.8</ele>
    <time>2020-09-16T23:51:01.000Z</time>
   </trkpt>
   <trkpt lat="-8.091007" lon="-34.908568">
    <ele>7.8</ele>
    <time>2020-09-16T23:51:02.000Z</time>
   </trkpt>
   <trkpt lat="-8.091044" lon="-34.908577">
    <ele>7.8</ele>
    <time>2020-09-16T23:51:03.000Z</time>
   </trkpt>
   <trkpt lat="-8.091083" lon="-34.90859">
    <ele>7.8</ele>
    <time>2020-09-16T23:51:04.000Z</time>
   </trkpt>
   <trkpt lat="-8.091117" lon="-34.908607">
    <ele>7.8</ele>
    <time>2020-09-16T23:51:05.000Z</time>
   </trkpt>
   <trkpt lat="-8.091147" lon="-34.90862">
    <ele>7.8</ele>
    <time>2020-09-16T23:51:06.000Z</time>
   </trkpt>
   <trkpt lat="-8.091173" lon="-34.908633">
    <ele>7.8</ele>
    <time>2020-09-16T23:51:07.000Z</time>
   </trkpt>
   <trkpt lat="-8.091198" lon="-34.908648">
    <ele>7.8</ele>
    <time>2020-09-16T23:51:08.000Z</time>
   </trkpt>
   <trkpt lat="-8.091233" lon="-34.908665">
    <ele>7.9</ele>
    <time>2020-09-16T23:51:09.000Z</time>
   </trkpt>
   <trkpt lat="-8.091261" lon="-34.908694">
    <ele>8</ele>
    <time>2020-09-16T23:51:10.000Z</time>
   </trkpt>
   <trkpt lat="-8.091284" lon="-34.908725">
    <ele>8.1</ele>
    <time>2020-09-16T23:51:11.000Z</time>
   </trkpt>
   <trkpt lat="-8.091293" lon="-34.908759">
    <ele>8.2</ele>
    <time>2020-09-16T23:51:12.000Z</time>
   </trkpt>
   <trkpt lat="-8.091294" lon="-34.908804">
    <ele>8.3</ele>
    <time>2020-09-16T23:51:13.000Z</time>
   </trkpt>
   <trkpt lat="-8.091305" lon="-34.90885">
    <ele>8.4</ele>
    <time>2020-09-16T23:51:14.000Z</time>
   </trkpt>
   <trkpt lat="-8.091297" lon="-34.908897">
    <ele>8.3</ele>
    <time>2020-09-16T23:51:15.000Z</time>
   </trkpt>
   <trkpt lat="-8.091287" lon="-34.908942">
    <ele>8.2</ele>
    <time>2020-09-16T23:51:16.000Z</time>
   </trkpt>
   <trkpt lat="-8.091284" lon="-34.908979">
    <ele>8.2</ele>
    <time>2020-09-16T23:51:17.000Z</time>
   </trkpt>
   <trkpt lat="-8.09128" lon="-34.909019">
    <ele>8.2</ele>
    <time>2020-09-16T23:51:18.000Z</time>
   </trkpt>
   <trkpt lat="-8.091293" lon="-34.909081">
    <ele>8.1</ele>
    <time>2020-09-16T23:51:19.000Z</time>
   </trkpt>
   <trkpt lat="-8.0913" lon="-34.909139">
    <ele>8.1</ele>
    <time>2020-09-16T23:51:20.000Z</time>
   </trkpt>
   <trkpt lat="-8.091291" lon="-34.909192">
    <ele>8.1</ele>
    <time>2020-09-16T23:51:21.000Z</time>
   </trkpt>
   <trkpt lat="-8.091281" lon="-34.909251">
    <ele>8.1</ele>
    <time>2020-09-16T23:51:22.000Z</time>
   </trkpt>
   <trkpt lat="-8.091273" lon="-34.909303">
    <ele>8.1</ele>
    <time>2020-09-16T23:51:23.000Z</time>
   </trkpt>
   <trkpt lat="-8.091271" lon="-34.909356">
    <ele>8.1</ele>
    <time>2020-09-16T23:51:24.000Z</time>
   </trkpt>
   <trkpt lat="-8.091266" lon="-34.909403">
    <ele>8.1</ele>
    <time>2020-09-16T23:51:25.000Z</time>
   </trkpt>
   <trkpt lat="-8.09126" lon="-34.909456">
    <ele>8.1</ele>
    <time>2020-09-16T23:51:26.000Z</time>
   </trkpt>
   <trkpt lat="-8.091255" lon="-34.90951">
    <ele>8.1</ele>
    <time>2020-09-16T23:51:27.000Z</time>
   </trkpt>
   <trkpt lat="-8.091244" lon="-34.909559">
    <ele>8.1</ele>
    <time>2020-09-16T23:51:28.000Z</time>
   </trkpt>
   <trkpt lat="-8.091237" lon="-34.909604">
    <ele>8</ele>
    <time>2020-09-16T23:51:29.000Z</time>
   </trkpt>
   <trkpt lat="-8.091231" lon="-34.909649">
    <ele>8</ele>
    <time>2020-09-16T23:51:30.000Z</time>
   </trkpt>
   <trkpt lat="-8.091209" lon="-34.909704">
    <ele>8</ele>
    <time>2020-09-16T23:51:31.000Z</time>
   </trkpt>
   <trkpt lat="-8.091187" lon="-34.909755">
    <ele>7.9</ele>
    <time>2020-09-16T23:51:32.000Z</time>
   </trkpt>
   <trkpt lat="-8.091182" lon="-34.909796">
    <ele>7.9</ele>
    <time>2020-09-16T23:51:33.000Z</time>
   </trkpt>
   <trkpt lat="-8.091177" lon="-34.909841">
    <ele>7.9</ele>
    <time>2020-09-16T23:51:34.000Z</time>
   </trkpt>
   <trkpt lat="-8.091167" lon="-34.909896">
    <ele>7.9</ele>
    <time>2020-09-16T23:51:35.000Z</time>
   </trkpt>
   <trkpt lat="-8.091159" lon="-34.909942">
    <ele>7.9</ele>
    <time>2020-09-16T23:51:36.000Z</time>
   </trkpt>
   <trkpt lat="-8.091151" lon="-34.90999">
    <ele>7.9</ele>
    <time>2020-09-16T23:51:37.000Z</time>
   </trkpt>
   <trkpt lat="-8.091129" lon="-34.910047">
    <ele>7.9</ele>
    <time>2020-09-16T23:51:38.000Z</time>
   </trkpt>
   <trkpt lat="-8.091122" lon="-34.91009">
    <ele>7.9</ele>
    <time>2020-09-16T23:51:39.000Z</time>
   </trkpt>
   <trkpt lat="-8.09111" lon="-34.910132">
    <ele>7.9</ele>
    <time>2020-09-16T23:51:40.000Z</time>
   </trkpt>
   <trkpt lat="-8.091097" lon="-34.910176">
    <ele>7.9</ele>
    <time>2020-09-16T23:51:41.000Z</time>
   </trkpt>
   <trkpt lat="-8.091085" lon="-34.910222">
    <ele>8</ele>
    <time>2020-09-16T23:51:42.000Z</time>
   </trkpt>
   <trkpt lat="-8.09107" lon="-34.910262">
    <ele>8</ele>
    <time>2020-09-16T23:51:43.000Z</time>
   </trkpt>
   <trkpt lat="-8.091062" lon="-34.910298">
    <ele>8</ele>
    <time>2020-09-16T23:51:44.000Z</time>
   </trkpt>
   <trkpt lat="-8.091055" lon="-34.910332">
    <ele>8</ele>
    <time>2020-09-16T23:51:45.000Z</time>
   </trkpt>
   <trkpt lat="-8.091051" lon="-34.910375">
    <ele>8</ele>
    <time>2020-09-16T23:51:46.000Z</time>
   </trkpt>
   <trkpt lat="-8.091046" lon="-34.910407">
    <ele>8</ele>
    <time>2020-09-16T23:51:47.000Z</time>
   </trkpt>
   <trkpt lat="-8.091037" lon="-34.910446">
    <ele>8.1</ele>
    <time>2020-09-16T23:51:49.000Z</time>
   </trkpt>
   <trkpt lat="-8.091034" lon="-34.910496">
    <ele>8.1</ele>
    <time>2020-09-16T23:51:51.000Z</time>
   </trkpt>
   <trkpt lat="-8.091033" lon="-34.910524">
    <ele>8.1</ele>
    <time>2020-09-16T23:51:53.000Z</time>
   </trkpt>
   <trkpt lat="-8.091013" lon="-34.910549">
    <ele>8.1</ele>
    <time>2020-09-16T23:51:57.000Z</time>
   </trkpt>
   <trkpt lat="-8.090983" lon="-34.910557">
    <ele>8.1</ele>
    <time>2020-09-16T23:52:02.000Z</time>
   </trkpt>
   <trkpt lat="-8.090971" lon="-34.91055">
    <ele>8.1</ele>
    <time>2020-09-16T23:52:04.000Z</time>
   </trkpt>
   <trkpt lat="-8.09101" lon="-34.910641">
    <ele>8.2</ele>
    <time>2020-09-16T23:52:40.000Z</time>
   </trkpt>
   <trkpt lat="-8.091032" lon="-34.910665">
    <ele>8.1</ele>
    <time>2020-09-16T23:52:41.000Z</time>
   </trkpt>
   <trkpt lat="-8.091063" lon="-34.910686">
    <ele>8.1</ele>
    <time>2020-09-16T23:52:42.000Z</time>
   </trkpt>
   <trkpt lat="-8.091092" lon="-34.91071">
    <ele>8.1</ele>
    <time>2020-09-16T23:52:43.000Z</time>
   </trkpt>
   <trkpt lat="-8.091127" lon="-34.910728">
    <ele>8.1</ele>
    <time>2020-09-16T23:52:44.000Z</time>
   </trkpt>
   <trkpt lat="-8.09116" lon="-34.910735">
    <ele>8.1</ele>
    <time>2020-09-16T23:52:45.000Z</time>
   </trkpt>
   <trkpt lat="-8.091197" lon="-34.910748">
    <ele>8.1</ele>
    <time>2020-09-16T23:52:46.000Z</time>
   </trkpt>
   <trkpt lat="-8.091236" lon="-34.910763">
    <ele>8.1</ele>
    <time>2020-09-16T23:52:47.000Z</time>
   </trkpt>
   <trkpt lat="-8.09128" lon="-34.910773">
    <ele>8.1</ele>
    <time>2020-09-16T23:52:48.000Z</time>
   </trkpt>
   <trkpt lat="-8.091323" lon="-34.910782">
    <ele>8</ele>
    <time>2020-09-16T23:52:49.000Z</time>
   </trkpt>
   <trkpt lat="-8.09136" lon="-34.910795">
    <ele>8</ele>
    <time>2020-09-16T23:52:50.000Z</time>
   </trkpt>
   <trkpt lat="-8.091391" lon="-34.910812">
    <ele>8</ele>
    <time>2020-09-16T23:52:51.000Z</time>
   </trkpt>
   <trkpt lat="-8.091433" lon="-34.910825">
    <ele>8</ele>
    <time>2020-09-16T23:52:52.000Z</time>
   </trkpt>
   <trkpt lat="-8.09148" lon="-34.910836">
    <ele>8</ele>
    <time>2020-09-16T23:52:53.000Z</time>
   </trkpt>
   <trkpt lat="-8.091533" lon="-34.910847">
    <ele>8</ele>
    <time>2020-09-16T23:52:54.000Z</time>
   </trkpt>
   <trkpt lat="-8.091589" lon="-34.910855">
    <ele>8</ele>
    <time>2020-09-16T23:52:55.000Z</time>
   </trkpt>
   <trkpt lat="-8.091652" lon="-34.910855">
    <ele>8</ele>
    <time>2020-09-16T23:52:56.000Z</time>
   </trkpt>
   <trkpt lat="-8.091709" lon="-34.910862">
    <ele>8</ele>
    <time>2020-09-16T23:52:57.000Z</time>
   </trkpt>
   <trkpt lat="-8.091766" lon="-34.910871">
    <ele>8</ele>
    <time>2020-09-16T23:52:58.000Z</time>
   </trkpt>
   <trkpt lat="-8.091814" lon="-34.910878">
    <ele>8</ele>
    <time>2020-09-16T23:52:59.000Z</time>
   </trkpt>
   <trkpt lat="-8.09186" lon="-34.910885">
    <ele>7.9</ele>
    <time>2020-09-16T23:53:00.000Z</time>
   </trkpt>
   <trkpt lat="-8.091912" lon="-34.910901">
    <ele>7.9</ele>
    <time>2020-09-16T23:53:01.000Z</time>
   </trkpt>
   <trkpt lat="-8.091963" lon="-34.910914">
    <ele>7.9</ele>
    <time>2020-09-16T23:53:02.000Z</time>
   </trkpt>
   <trkpt lat="-8.092008" lon="-34.910922">
    <ele>7.9</ele>
    <time>2020-09-16T23:53:03.000Z</time>
   </trkpt>
   <trkpt lat="-8.092052" lon="-34.910936">
    <ele>7.9</ele>
    <time>2020-09-16T23:53:04.000Z</time>
   </trkpt>
   <trkpt lat="-8.092095" lon="-34.910946">
    <ele>7.9</ele>
    <time>2020-09-16T23:53:05.000Z</time>
   </trkpt>
   <trkpt lat="-8.092136" lon="-34.910956">
    <ele>7.9</ele>
    <time>2020-09-16T23:53:06.000Z</time>
   </trkpt>
   <trkpt lat="-8.092175" lon="-34.910966">
    <ele>7.9</ele>
    <time>2020-09-16T23:53:07.000Z</time>
   </trkpt>
   <trkpt lat="-8.092216" lon="-34.910972">
    <ele>7.9</ele>
    <time>2020-09-16T23:53:08.000Z</time>
   </trkpt>
   <trkpt lat="-8.092256" lon="-34.910983">
    <ele>7.9</ele>
    <time>2020-09-16T23:53:09.000Z</time>
   </trkpt>
   <trkpt lat="-8.092303" lon="-34.910993">
    <ele>7.9</ele>
    <time>2020-09-16T23:53:10.000Z</time>
   </trkpt>
   <trkpt lat="-8.092346" lon="-34.911004">
    <ele>7.9</ele>
    <time>2020-09-16T23:53:11.000Z</time>
   </trkpt>
   <trkpt lat="-8.092384" lon="-34.911015">
    <ele>7.9</ele>
    <time>2020-09-16T23:53:12.000Z</time>
   </trkpt>
   <trkpt lat="-8.092426" lon="-34.911024">
    <ele>7.9</ele>
    <time>2020-09-16T23:53:13.000Z</time>
   </trkpt>
   <trkpt lat="-8.092474" lon="-34.911031">
    <ele>7.9</ele>
    <time>2020-09-16T23:53:14.000Z</time>
   </trkpt>
   <trkpt lat="-8.092524" lon="-34.911044">
    <ele>7.9</ele>
    <time>2020-09-16T23:53:15.000Z</time>
   </trkpt>
   <trkpt lat="-8.092573" lon="-34.911057">
    <ele>7.9</ele>
    <time>2020-09-16T23:53:16.000Z</time>
   </trkpt>
   <trkpt lat="-8.092618" lon="-34.911064">
    <ele>7.9</ele>
    <time>2020-09-16T23:53:17.000Z</time>
   </trkpt>
   <trkpt lat="-8.092666" lon="-34.911075">
    <ele>7.9</ele>
    <time>2020-09-16T23:53:18.000Z</time>
   </trkpt>
   <trkpt lat="-8.092711" lon="-34.911075">
    <ele>7.9</ele>
    <time>2020-09-16T23:53:19.000Z</time>
   </trkpt>
   <trkpt lat="-8.092755" lon="-34.911082">
    <ele>7.9</ele>
    <time>2020-09-16T23:53:20.000Z</time>
   </trkpt>
   <trkpt lat="-8.092798" lon="-34.911092">
    <ele>7.9</ele>
    <time>2020-09-16T23:53:21.000Z</time>
   </trkpt>
   <trkpt lat="-8.092845" lon="-34.911105">
    <ele>7.9</ele>
    <time>2020-09-16T23:53:22.000Z</time>
   </trkpt>
   <trkpt lat="-8.092894" lon="-34.911117">
    <ele>7.9</ele>
    <time>2020-09-16T23:53:23.000Z</time>
   </trkpt>
   <trkpt lat="-8.092939" lon="-34.911125">
    <ele>7.8</ele>
    <time>2020-09-16T23:53:24.000Z</time>
   </trkpt>
   <trkpt lat="-8.092983" lon="-34.911132">
    <ele>7.8</ele>
    <time>2020-09-16T23:53:25.000Z</time>
   </trkpt>
   <trkpt lat="-8.093032" lon="-34.91114">
    <ele>7.8</ele>
    <time>2020-09-16T23:53:26.000Z</time>
   </trkpt>
   <trkpt lat="-8.09308" lon="-34.911154">
    <ele>7.8</ele>
    <time>2020-09-16T23:53:27.000Z</time>
   </trkpt>
   <trkpt lat="-8.093126" lon="-34.911163">
    <ele>7.8</ele>
    <time>2020-09-16T23:53:28.000Z</time>
   </trkpt>
   <trkpt lat="-8.093173" lon="-34.911169">
    <ele>7.8</ele>
    <time>2020-09-16T23:53:29.000Z</time>
   </trkpt>
   <trkpt lat="-8.093223" lon="-34.911178">
    <ele>7.8</ele>
    <time>2020-09-16T23:53:30.000Z</time>
   </trkpt>
   <trkpt lat="-8.093264" lon="-34.911183">
    <ele>7.8</ele>
    <time>2020-09-16T23:53:31.000Z</time>
   </trkpt>
   <trkpt lat="-8.093308" lon="-34.911192">
    <ele>7.8</ele>
    <time>2020-09-16T23:53:32.000Z</time>
   </trkpt>
   <trkpt lat="-8.093359" lon="-34.911204">
    <ele>7.8</ele>
    <time>2020-09-16T23:53:33.000Z</time>
   </trkpt>
   <trkpt lat="-8.0934" lon="-34.911215">
    <ele>7.8</ele>
    <time>2020-09-16T23:53:34.000Z</time>
   </trkpt>
   <trkpt lat="-8.093439" lon="-34.911224">
    <ele>7.8</ele>
    <time>2020-09-16T23:53:35.000Z</time>
   </trkpt>
   <trkpt lat="-8.093478" lon="-34.911231">
    <ele>7.8</ele>
    <time>2020-09-16T23:53:36.000Z</time>
   </trkpt>
   <trkpt lat="-8.093511" lon="-34.911236">
    <ele>7.8</ele>
    <time>2020-09-16T23:53:37.000Z</time>
   </trkpt>
   <trkpt lat="-8.093552" lon="-34.911246">
    <ele>7.8</ele>
    <time>2020-09-16T23:53:38.000Z</time>
   </trkpt>
   <trkpt lat="-8.093595" lon="-34.91126">
    <ele>7.8</ele>
    <time>2020-09-16T23:53:39.000Z</time>
   </trkpt>
   <trkpt lat="-8.09364" lon="-34.911273">
    <ele>7.8</ele>
    <time>2020-09-16T23:53:40.000Z</time>
   </trkpt>
   <trkpt lat="-8.093684" lon="-34.911285">
    <ele>7.8</ele>
    <time>2020-09-16T23:53:41.000Z</time>
   </trkpt>
   <trkpt lat="-8.09373" lon="-34.911295">
    <ele>7.8</ele>
    <time>2020-09-16T23:53:42.000Z</time>
   </trkpt>
   <trkpt lat="-8.093773" lon="-34.911306">
    <ele>7.8</ele>
    <time>2020-09-16T23:53:43.000Z</time>
   </trkpt>
   <trkpt lat="-8.093822" lon="-34.911318">
    <ele>7.8</ele>
    <time>2020-09-16T23:53:44.000Z</time>
   </trkpt>
   <trkpt lat="-8.093872" lon="-34.911329">
    <ele>7.8</ele>
    <time>2020-09-16T23:53:45.000Z</time>
   </trkpt>
   <trkpt lat="-8.093914" lon="-34.911336">
    <ele>7.9</ele>
    <time>2020-09-16T23:53:46.000Z</time>
   </trkpt>
   <trkpt lat="-8.093958" lon="-34.911342">
    <ele>7.9</ele>
    <time>2020-09-16T23:53:47.000Z</time>
   </trkpt>
   <trkpt lat="-8.094002" lon="-34.911351">
    <ele>7.9</ele>
    <time>2020-09-16T23:53:48.000Z</time>
   </trkpt>
   <trkpt lat="-8.094048" lon="-34.911358">
    <ele>7.9</ele>
    <time>2020-09-16T23:53:49.000Z</time>
   </trkpt>
   <trkpt lat="-8.094093" lon="-34.911364">
    <ele>7.9</ele>
    <time>2020-09-16T23:53:50.000Z</time>
   </trkpt>
   <trkpt lat="-8.094136" lon="-34.911366">
    <ele>7.9</ele>
    <time>2020-09-16T23:53:51.000Z</time>
   </trkpt>
   <trkpt lat="-8.094178" lon="-34.911376">
    <ele>7.9</ele>
    <time>2020-09-16T23:53:52.000Z</time>
   </trkpt>
   <trkpt lat="-8.094224" lon="-34.911383">
    <ele>7.9</ele>
    <time>2020-09-16T23:53:53.000Z</time>
   </trkpt>
   <trkpt lat="-8.094267" lon="-34.911388">
    <ele>7.9</ele>
    <time>2020-09-16T23:53:54.000Z</time>
   </trkpt>
   <trkpt lat="-8.094319" lon="-34.911394">
    <ele>7.9</ele>
    <time>2020-09-16T23:53:55.000Z</time>
   </trkpt>
   <trkpt lat="-8.094374" lon="-34.911409">
    <ele>7.9</ele>
    <time>2020-09-16T23:53:56.000Z</time>
   </trkpt>
   <trkpt lat="-8.094421" lon="-34.911415">
    <ele>7.9</ele>
    <time>2020-09-16T23:53:57.000Z</time>
   </trkpt>
   <trkpt lat="-8.094457" lon="-34.911425">
    <ele>7.9</ele>
    <time>2020-09-16T23:53:58.000Z</time>
   </trkpt>
   <trkpt lat="-8.094492" lon="-34.911432">
    <ele>7.9</ele>
    <time>2020-09-16T23:53:59.000Z</time>
   </trkpt>
   <trkpt lat="-8.094532" lon="-34.911434">
    <ele>7.9</ele>
    <time>2020-09-16T23:54:00.000Z</time>
   </trkpt>
   <trkpt lat="-8.094576" lon="-34.91144">
    <ele>7.9</ele>
    <time>2020-09-16T23:54:01.000Z</time>
   </trkpt>
   <trkpt lat="-8.094619" lon="-34.91145">
    <ele>7.9</ele>
    <time>2020-09-16T23:54:02.000Z</time>
   </trkpt>
   <trkpt lat="-8.094646" lon="-34.911462">
    <ele>7.8</ele>
    <time>2020-09-16T23:54:03.000Z</time>
   </trkpt>
   <trkpt lat="-8.094679" lon="-34.911486">
    <ele>7.8</ele>
    <time>2020-09-16T23:54:04.000Z</time>
   </trkpt>
   <trkpt lat="-8.09471" lon="-34.911522">
    <ele>7.8</ele>
    <time>2020-09-16T23:54:06.000Z</time>
   </trkpt>
   <trkpt lat="-8.094735" lon="-34.911566">
    <ele>7.8</ele>
    <time>2020-09-16T23:54:08.000Z</time>
   </trkpt>
   <trkpt lat="-8.094744" lon="-34.911592">
    <ele>7.8</ele>
    <time>2020-09-16T23:54:09.000Z</time>
   </trkpt>
   <trkpt lat="-8.094749" lon="-34.911624">
    <ele>7.8</ele>
    <time>2020-09-16T23:54:10.000Z</time>
   </trkpt>
   <trkpt lat="-8.09475" lon="-34.911652">
    <ele>7.8</ele>
    <time>2020-09-16T23:54:11.000Z</time>
   </trkpt>
   <trkpt lat="-8.094755" lon="-34.91169">
    <ele>7.8</ele>
    <time>2020-09-16T23:54:12.000Z</time>
   </trkpt>
   <trkpt lat="-8.094759" lon="-34.911728">
    <ele>7.8</ele>
    <time>2020-09-16T23:54:13.000Z</time>
   </trkpt>
   <trkpt lat="-8.094753" lon="-34.911766">
    <ele>7.7</ele>
    <time>2020-09-16T23:54:14.000Z</time>
   </trkpt>
   <trkpt lat="-8.094755" lon="-34.911807">
    <ele>7.7</ele>
    <time>2020-09-16T23:54:15.000Z</time>
   </trkpt>
   <trkpt lat="-8.09474" lon="-34.911848">
    <ele>7.7</ele>
    <time>2020-09-16T23:54:16.000Z</time>
   </trkpt>
   <trkpt lat="-8.094726" lon="-34.911891">
    <ele>7.7</ele>
    <time>2020-09-16T23:54:17.000Z</time>
   </trkpt>
   <trkpt lat="-8.09471" lon="-34.911931">
    <ele>7.7</ele>
    <time>2020-09-16T23:54:18.000Z</time>
   </trkpt>
   <trkpt lat="-8.094698" lon="-34.911965">
    <ele>7.7</ele>
    <time>2020-09-16T23:54:19.000Z</time>
   </trkpt>
   <trkpt lat="-8.094686" lon="-34.912">
    <ele>7.7</ele>
    <time>2020-09-16T23:54:20.000Z</time>
   </trkpt>
   <trkpt lat="-8.094675" lon="-34.912041">
    <ele>7.7</ele>
    <time>2020-09-16T23:54:21.000Z</time>
   </trkpt>
   <trkpt lat="-8.094668" lon="-34.91208">
    <ele>7.7</ele>
    <time>2020-09-16T23:54:22.000Z</time>
   </trkpt>
   <trkpt lat="-8.09466" lon="-34.912119">
    <ele>7.7</ele>
    <time>2020-09-16T23:54:23.000Z</time>
   </trkpt>
   <trkpt lat="-8.094651" lon="-34.912158">
    <ele>7.7</ele>
    <time>2020-09-16T23:54:24.000Z</time>
   </trkpt>
   <trkpt lat="-8.094639" lon="-34.912194">
    <ele>7.7</ele>
    <time>2020-09-16T23:54:25.000Z</time>
   </trkpt>
   <trkpt lat="-8.094628" lon="-34.912238">
    <ele>7.7</ele>
    <time>2020-09-16T23:54:26.000Z</time>
   </trkpt>
   <trkpt lat="-8.094621" lon="-34.912278">
    <ele>7.7</ele>
    <time>2020-09-16T23:54:27.000Z</time>
   </trkpt>
   <trkpt lat="-8.094616" lon="-34.912321">
    <ele>7.7</ele>
    <time>2020-09-16T23:54:28.000Z</time>
   </trkpt>
   <trkpt lat="-8.094609" lon="-34.912364">
    <ele>7.7</ele>
    <time>2020-09-16T23:54:29.000Z</time>
   </trkpt>
   <trkpt lat="-8.094601" lon="-34.912405">
    <ele>7.7</ele>
    <time>2020-09-16T23:54:30.000Z</time>
   </trkpt>
   <trkpt lat="-8.094591" lon="-34.912443">
    <ele>7.7</ele>
    <time>2020-09-16T23:54:31.000Z</time>
   </trkpt>
   <trkpt lat="-8.09458" lon="-34.91248">
    <ele>7.7</ele>
    <time>2020-09-16T23:54:32.000Z</time>
   </trkpt>
   <trkpt lat="-8.094574" lon="-34.912522">
    <ele>7.6</ele>
    <time>2020-09-16T23:54:33.000Z</time>
   </trkpt>
   <trkpt lat="-8.09457" lon="-34.91256">
    <ele>7.6</ele>
    <time>2020-09-16T23:54:34.000Z</time>
   </trkpt>
   <trkpt lat="-8.094555" lon="-34.912602">
    <ele>7.6</ele>
    <time>2020-09-16T23:54:35.000Z</time>
   </trkpt>
   <trkpt lat="-8.094545" lon="-34.912642">
    <ele>7.6</ele>
    <time>2020-09-16T23:54:36.000Z</time>
   </trkpt>
   <trkpt lat="-8.094541" lon="-34.912675">
    <ele>7.5</ele>
    <time>2020-09-16T23:54:37.000Z</time>
   </trkpt>
   <trkpt lat="-8.09454" lon="-34.912704">
    <ele>7.5</ele>
    <time>2020-09-16T23:54:38.000Z</time>
   </trkpt>
   <trkpt lat="-8.094539" lon="-34.912736">
    <ele>7.5</ele>
    <time>2020-09-16T23:54:39.000Z</time>
   </trkpt>
   <trkpt lat="-8.094538" lon="-34.912775">
    <ele>7.6</ele>
    <time>2020-09-16T23:54:40.000Z</time>
   </trkpt>
   <trkpt lat="-8.094533" lon="-34.91282">
    <ele>7.6</ele>
    <time>2020-09-16T23:54:41.000Z</time>
   </trkpt>
   <trkpt lat="-8.094529" lon="-34.91286">
    <ele>7.6</ele>
    <time>2020-09-16T23:54:42.000Z</time>
   </trkpt>
   <trkpt lat="-8.094533" lon="-34.912899">
    <ele>7.6</ele>
    <time>2020-09-16T23:54:43.000Z</time>
   </trkpt>
   <trkpt lat="-8.094533" lon="-34.912932">
    <ele>7.6</ele>
    <time>2020-09-16T23:54:44.000Z</time>
   </trkpt>
   <trkpt lat="-8.094531" lon="-34.912967">
    <ele>7.6</ele>
    <time>2020-09-16T23:54:45.000Z</time>
   </trkpt>
   <trkpt lat="-8.094526" lon="-34.913004">
    <ele>7.6</ele>
    <time>2020-09-16T23:54:46.000Z</time>
   </trkpt>
   <trkpt lat="-8.094515" lon="-34.913046">
    <ele>7.6</ele>
    <time>2020-09-16T23:54:47.000Z</time>
   </trkpt>
   <trkpt lat="-8.094499" lon="-34.913071">
    <ele>7.6</ele>
    <time>2020-09-16T23:54:48.000Z</time>
   </trkpt>
   <trkpt lat="-8.094488" lon="-34.913098">
    <ele>7.6</ele>
    <time>2020-09-16T23:54:49.000Z</time>
   </trkpt>
   <trkpt lat="-8.094478" lon="-34.913128">
    <ele>7.6</ele>
    <time>2020-09-16T23:54:50.000Z</time>
   </trkpt>
   <trkpt lat="-8.094465" lon="-34.913157">
    <ele>7.6</ele>
    <time>2020-09-16T23:54:51.000Z</time>
   </trkpt>
   <trkpt lat="-8.094447" lon="-34.913186">
    <ele>7.6</ele>
    <time>2020-09-16T23:54:52.000Z</time>
   </trkpt>
   <trkpt lat="-8.094435" lon="-34.913215">
    <ele>7.6</ele>
    <time>2020-09-16T23:54:53.000Z</time>
   </trkpt>
   <trkpt lat="-8.094424" lon="-34.913248">
    <ele>7.6</ele>
    <time>2020-09-16T23:54:54.000Z</time>
   </trkpt>
   <trkpt lat="-8.094408" lon="-34.913275">
    <ele>7.6</ele>
    <time>2020-09-16T23:54:55.000Z</time>
   </trkpt>
   <trkpt lat="-8.094384" lon="-34.913297">
    <ele>7.5</ele>
    <time>2020-09-16T23:54:56.000Z</time>
   </trkpt>
   <trkpt lat="-8.094359" lon="-34.913313">
    <ele>7.5</ele>
    <time>2020-09-16T23:54:57.000Z</time>
   </trkpt>
   <trkpt lat="-8.094331" lon="-34.913316">
    <ele>7.5</ele>
    <time>2020-09-16T23:54:58.000Z</time>
   </trkpt>
   <trkpt lat="-8.094298" lon="-34.913318">
    <ele>7.5</ele>
    <time>2020-09-16T23:54:59.000Z</time>
   </trkpt>
   <trkpt lat="-8.094265" lon="-34.91331">
    <ele>7.5</ele>
    <time>2020-09-16T23:55:00.000Z</time>
   </trkpt>
   <trkpt lat="-8.094231" lon="-34.913302">
    <ele>7.5</ele>
    <time>2020-09-16T23:55:01.000Z</time>
   </trkpt>
   <trkpt lat="-8.094195" lon="-34.913297">
    <ele>7.5</ele>
    <time>2020-09-16T23:55:02.000Z</time>
   </trkpt>
   <trkpt lat="-8.094162" lon="-34.913299">
    <ele>7.4</ele>
    <time>2020-09-16T23:55:03.000Z</time>
   </trkpt>
   <trkpt lat="-8.094124" lon="-34.913298">
    <ele>7.4</ele>
    <time>2020-09-16T23:55:04.000Z</time>
   </trkpt>
   <trkpt lat="-8.094084" lon="-34.913295">
    <ele>7.4</ele>
    <time>2020-09-16T23:55:05.000Z</time>
   </trkpt>
   <trkpt lat="-8.09404" lon="-34.913292">
    <ele>7.4</ele>
    <time>2020-09-16T23:55:06.000Z</time>
   </trkpt>
   <trkpt lat="-8.093992" lon="-34.913287">
    <ele>7.4</ele>
    <time>2020-09-16T23:55:07.000Z</time>
   </trkpt>
   <trkpt lat="-8.093947" lon="-34.913284">
    <ele>7</ele>
    <time>2020-09-16T23:55:08.000Z</time>
   </trkpt>
   <trkpt lat="-8.093899" lon="-34.913281">
    <ele>7</ele>
    <time>2020-09-16T23:55:09.000Z</time>
   </trkpt>
   <trkpt lat="-8.093853" lon="-34.913273">
    <ele>7</ele>
    <time>2020-09-16T23:55:10.000Z</time>
   </trkpt>
   <trkpt lat="-8.093801" lon="-34.913264">
    <ele>7</ele>
    <time>2020-09-16T23:55:11.000Z</time>
   </trkpt>
   <trkpt lat="-8.093744" lon="-34.913256">
    <ele>7</ele>
    <time>2020-09-16T23:55:12.000Z</time>
   </trkpt>
   <trkpt lat="-8.093692" lon="-34.91325">
    <ele>7</ele>
    <time>2020-09-16T23:55:13.000Z</time>
   </trkpt>
   <trkpt lat="-8.093646" lon="-34.913245">
    <ele>7.1</ele>
    <time>2020-09-16T23:55:14.000Z</time>
   </trkpt>
   <trkpt lat="-8.093598" lon="-34.91324">
    <ele>7.1</ele>
    <time>2020-09-16T23:55:15.000Z</time>
   </trkpt>
   <trkpt lat="-8.093555" lon="-34.913241">
    <ele>7.1</ele>
    <time>2020-09-16T23:55:16.000Z</time>
   </trkpt>
   <trkpt lat="-8.093513" lon="-34.91324">
    <ele>7.1</ele>
    <time>2020-09-16T23:55:17.000Z</time>
   </trkpt>
   <trkpt lat="-8.093473" lon="-34.913239">
    <ele>7.1</ele>
    <time>2020-09-16T23:55:18.000Z</time>
   </trkpt>
   <trkpt lat="-8.093431" lon="-34.913232">
    <ele>7.2</ele>
    <time>2020-09-16T23:55:19.000Z</time>
   </trkpt>
   <trkpt lat="-8.093384" lon="-34.913221">
    <ele>7.1</ele>
    <time>2020-09-16T23:55:20.000Z</time>
   </trkpt>
   <trkpt lat="-8.093331" lon="-34.913209">
    <ele>7.1</ele>
    <time>2020-09-16T23:55:21.000Z</time>
   </trkpt>
   <trkpt lat="-8.093284" lon="-34.9132">
    <ele>7.1</ele>
    <time>2020-09-16T23:55:22.000Z</time>
   </trkpt>
   <trkpt lat="-8.093242" lon="-34.913191">
    <ele>7</ele>
    <time>2020-09-16T23:55:23.000Z</time>
   </trkpt>
   <trkpt lat="-8.093203" lon="-34.913188">
    <ele>7</ele>
    <time>2020-09-16T23:55:24.000Z</time>
   </trkpt>
   <trkpt lat="-8.09316" lon="-34.913188">
    <ele>7</ele>
    <time>2020-09-16T23:55:25.000Z</time>
   </trkpt>
   <trkpt lat="-8.093109" lon="-34.913194">
    <ele>7</ele>
    <time>2020-09-16T23:55:26.000Z</time>
   </trkpt>
   <trkpt lat="-8.09306" lon="-34.9132">
    <ele>7</ele>
    <time>2020-09-16T23:55:27.000Z</time>
   </trkpt>
   <trkpt lat="-8.093008" lon="-34.91321">
    <ele>7</ele>
    <time>2020-09-16T23:55:28.000Z</time>
   </trkpt>
   <trkpt lat="-8.092944" lon="-34.913213">
    <ele>7.1</ele>
    <time>2020-09-16T23:55:29.000Z</time>
   </trkpt>
   <trkpt lat="-8.092886" lon="-34.913219">
    <ele>7.1</ele>
    <time>2020-09-16T23:55:30.000Z</time>
   </trkpt>
   <trkpt lat="-8.092824" lon="-34.913233">
    <ele>7.1</ele>
    <time>2020-09-16T23:55:31.000Z</time>
   </trkpt>
   <trkpt lat="-8.092767" lon="-34.913247">
    <ele>7.1</ele>
    <time>2020-09-16T23:55:32.000Z</time>
   </trkpt>
   <trkpt lat="-8.092722" lon="-34.913254">
    <ele>7.1</ele>
    <time>2020-09-16T23:55:33.000Z</time>
   </trkpt>
   <trkpt lat="-8.092678" lon="-34.913256">
    <ele>7.1</ele>
    <time>2020-09-16T23:55:34.000Z</time>
   </trkpt>
   <trkpt lat="-8.092631" lon="-34.913264">
    <ele>7.1</ele>
    <time>2020-09-16T23:55:35.000Z</time>
   </trkpt>
   <trkpt lat="-8.092586" lon="-34.913279">
    <ele>7.1</ele>
    <time>2020-09-16T23:55:36.000Z</time>
   </trkpt>
   <trkpt lat="-8.092537" lon="-34.913304">
    <ele>7</ele>
    <time>2020-09-16T23:55:37.000Z</time>
   </trkpt>
   <trkpt lat="-8.092498" lon="-34.913332">
    <ele>7</ele>
    <time>2020-09-16T23:55:38.000Z</time>
   </trkpt>
   <trkpt lat="-8.092465" lon="-34.91336">
    <ele>7</ele>
    <time>2020-09-16T23:55:39.000Z</time>
   </trkpt>
   <trkpt lat="-8.092445" lon="-34.913385">
    <ele>7</ele>
    <time>2020-09-16T23:55:40.000Z</time>
   </trkpt>
   <trkpt lat="-8.09243" lon="-34.91342">
    <ele>7</ele>
    <time>2020-09-16T23:55:41.000Z</time>
   </trkpt>
   <trkpt lat="-8.092419" lon="-34.913456">
    <ele>7</ele>
    <time>2020-09-16T23:55:42.000Z</time>
   </trkpt>
   <trkpt lat="-8.092411" lon="-34.913498">
    <ele>7</ele>
    <time>2020-09-16T23:55:43.000Z</time>
   </trkpt>
   <trkpt lat="-8.092406" lon="-34.913541">
    <ele>7</ele>
    <time>2020-09-16T23:55:44.000Z</time>
   </trkpt>
   <trkpt lat="-8.092403" lon="-34.913592">
    <ele>7</ele>
    <time>2020-09-16T23:55:45.000Z</time>
   </trkpt>
   <trkpt lat="-8.092405" lon="-34.913638">
    <ele>7</ele>
    <time>2020-09-16T23:55:46.000Z</time>
   </trkpt>
   <trkpt lat="-8.092408" lon="-34.913669">
    <ele>7</ele>
    <time>2020-09-16T23:55:47.000Z</time>
   </trkpt>
   <trkpt lat="-8.092417" lon="-34.913707">
    <ele>6.9</ele>
    <time>2020-09-16T23:55:48.000Z</time>
   </trkpt>
   <trkpt lat="-8.092425" lon="-34.913748">
    <ele>6.9</ele>
    <time>2020-09-16T23:55:49.000Z</time>
   </trkpt>
   <trkpt lat="-8.092435" lon="-34.91379">
    <ele>6.9</ele>
    <time>2020-09-16T23:55:50.000Z</time>
   </trkpt>
   <trkpt lat="-8.092441" lon="-34.913831">
    <ele>6.9</ele>
    <time>2020-09-16T23:55:51.000Z</time>
   </trkpt>
   <trkpt lat="-8.092448" lon="-34.913871">
    <ele>6.9</ele>
    <time>2020-09-16T23:55:52.000Z</time>
   </trkpt>
   <trkpt lat="-8.092457" lon="-34.913911">
    <ele>6.9</ele>
    <time>2020-09-16T23:55:53.000Z</time>
   </trkpt>
   <trkpt lat="-8.092456" lon="-34.913952">
    <ele>6.9</ele>
    <time>2020-09-16T23:55:54.000Z</time>
   </trkpt>
   <trkpt lat="-8.092457" lon="-34.914">
    <ele>6.9</ele>
    <time>2020-09-16T23:55:55.000Z</time>
   </trkpt>
   <trkpt lat="-8.092462" lon="-34.914058">
    <ele>6.9</ele>
    <time>2020-09-16T23:55:56.000Z</time>
   </trkpt>
   <trkpt lat="-8.092465" lon="-34.914107">
    <ele>6.9</ele>
    <time>2020-09-16T23:55:57.000Z</time>
   </trkpt>
   <trkpt lat="-8.092464" lon="-34.91415">
    <ele>6.9</ele>
    <time>2020-09-16T23:55:58.000Z</time>
   </trkpt>
   <trkpt lat="-8.092462" lon="-34.914189">
    <ele>6.9</ele>
    <time>2020-09-16T23:55:59.000Z</time>
   </trkpt>
   <trkpt lat="-8.092459" lon="-34.914234">
    <ele>6.9</ele>
    <time>2020-09-16T23:56:00.000Z</time>
   </trkpt>
   <trkpt lat="-8.092472" lon="-34.914282">
    <ele>6.9</ele>
    <time>2020-09-16T23:56:01.000Z</time>
   </trkpt>
   <trkpt lat="-8.092487" lon="-34.914327">
    <ele>6.9</ele>
    <time>2020-09-16T23:56:02.000Z</time>
   </trkpt>
   <trkpt lat="-8.092502" lon="-34.914375">
    <ele>6.9</ele>
    <time>2020-09-16T23:56:03.000Z</time>
   </trkpt>
   <trkpt lat="-8.092511" lon="-34.914423">
    <ele>6.9</ele>
    <time>2020-09-16T23:56:04.000Z</time>
   </trkpt>
   <trkpt lat="-8.092521" lon="-34.914466">
    <ele>6.9</ele>
    <time>2020-09-16T23:56:05.000Z</time>
   </trkpt>
   <trkpt lat="-8.092531" lon="-34.914505">
    <ele>6.9</ele>
    <time>2020-09-16T23:56:06.000Z</time>
   </trkpt>
   <trkpt lat="-8.092539" lon="-34.91455">
    <ele>6.9</ele>
    <time>2020-09-16T23:56:07.000Z</time>
   </trkpt>
   <trkpt lat="-8.092544" lon="-34.914598">
    <ele>6.9</ele>
    <time>2020-09-16T23:56:08.000Z</time>
   </trkpt>
   <trkpt lat="-8.092547" lon="-34.914642">
    <ele>6.9</ele>
    <time>2020-09-16T23:56:09.000Z</time>
   </trkpt>
   <trkpt lat="-8.092548" lon="-34.914684">
    <ele>7</ele>
    <time>2020-09-16T23:56:10.000Z</time>
   </trkpt>
   <trkpt lat="-8.092548" lon="-34.914729">
    <ele>7</ele>
    <time>2020-09-16T23:56:11.000Z</time>
   </trkpt>
   <trkpt lat="-8.092547" lon="-34.914772">
    <ele>7</ele>
    <time>2020-09-16T23:56:12.000Z</time>
   </trkpt>
   <trkpt lat="-8.092548" lon="-34.914825">
    <ele>7</ele>
    <time>2020-09-16T23:56:13.000Z</time>
   </trkpt>
   <trkpt lat="-8.092554" lon="-34.914884">
    <ele>7</ele>
    <time>2020-09-16T23:56:14.000Z</time>
   </trkpt>
   <trkpt lat="-8.092562" lon="-34.914941">
    <ele>7</ele>
    <time>2020-09-16T23:56:15.000Z</time>
   </trkpt>
   <trkpt lat="-8.092564" lon="-34.914992">
    <ele>7.1</ele>
    <time>2020-09-16T23:56:16.000Z</time>
   </trkpt>
   <trkpt lat="-8.092566" lon="-34.915046">
    <ele>7.1</ele>
    <time>2020-09-16T23:56:17.000Z</time>
   </trkpt>
   <trkpt lat="-8.09257" lon="-34.915096">
    <ele>7.1</ele>
    <time>2020-09-16T23:56:18.000Z</time>
   </trkpt>
   <trkpt lat="-8.092575" lon="-34.915134">
    <ele>7.1</ele>
    <time>2020-09-16T23:56:19.000Z</time>
   </trkpt>
   <trkpt lat="-8.092584" lon="-34.915174">
    <ele>7.1</ele>
    <time>2020-09-16T23:56:20.000Z</time>
   </trkpt>
   <trkpt lat="-8.0926" lon="-34.915213">
    <ele>7.1</ele>
    <time>2020-09-16T23:56:21.000Z</time>
   </trkpt>
   <trkpt lat="-8.092613" lon="-34.915265">
    <ele>7.1</ele>
    <time>2020-09-16T23:56:22.000Z</time>
   </trkpt>
   <trkpt lat="-8.092629" lon="-34.915316">
    <ele>7.1</ele>
    <time>2020-09-16T23:56:23.000Z</time>
   </trkpt>
   <trkpt lat="-8.092641" lon="-34.915373">
    <ele>7.1</ele>
    <time>2020-09-16T23:56:24.000Z</time>
   </trkpt>
   <trkpt lat="-8.092651" lon="-34.915424">
    <ele>7.1</ele>
    <time>2020-09-16T23:56:25.000Z</time>
   </trkpt>
   <trkpt lat="-8.092664" lon="-34.915473">
    <ele>7.1</ele>
    <time>2020-09-16T23:56:26.000Z</time>
   </trkpt>
   <trkpt lat="-8.092672" lon="-34.915522">
    <ele>7.1</ele>
    <time>2020-09-16T23:56:27.000Z</time>
   </trkpt>
   <trkpt lat="-8.092677" lon="-34.915568">
    <ele>7.2</ele>
    <time>2020-09-16T23:56:28.000Z</time>
   </trkpt>
   <trkpt lat="-8.092689" lon="-34.915619">
    <ele>7.2</ele>
    <time>2020-09-16T23:56:29.000Z</time>
   </trkpt>
   <trkpt lat="-8.092693" lon="-34.915671">
    <ele>7.2</ele>
    <time>2020-09-16T23:56:30.000Z</time>
   </trkpt>
   <trkpt lat="-8.092693" lon="-34.915724">
    <ele>7.2</ele>
    <time>2020-09-16T23:56:31.000Z</time>
   </trkpt>
   <trkpt lat="-8.092701" lon="-34.915781">
    <ele>7.2</ele>
    <time>2020-09-16T23:56:32.000Z</time>
   </trkpt>
   <trkpt lat="-8.092708" lon="-34.915833">
    <ele>7.2</ele>
    <time>2020-09-16T23:56:33.000Z</time>
   </trkpt>
   <trkpt lat="-8.092721" lon="-34.915881">
    <ele>7.2</ele>
    <time>2020-09-16T23:56:34.000Z</time>
   </trkpt>
   <trkpt lat="-8.092727" lon="-34.915928">
    <ele>7.1</ele>
    <time>2020-09-16T23:56:35.000Z</time>
   </trkpt>
   <trkpt lat="-8.092732" lon="-34.91598">
    <ele>7.1</ele>
    <time>2020-09-16T23:56:36.000Z</time>
   </trkpt>
   <trkpt lat="-8.092738" lon="-34.916022">
    <ele>7.1</ele>
    <time>2020-09-16T23:56:37.000Z</time>
   </trkpt>
   <trkpt lat="-8.09275" lon="-34.916057">
    <ele>7.1</ele>
    <time>2020-09-16T23:56:38.000Z</time>
   </trkpt>
   <trkpt lat="-8.092768" lon="-34.916083">
    <ele>7.1</ele>
    <time>2020-09-16T23:56:39.000Z</time>
   </trkpt>
   <trkpt lat="-8.092799" lon="-34.916112">
    <ele>7.1</ele>
    <time>2020-09-16T23:56:40.000Z</time>
   </trkpt>
   <trkpt lat="-8.092828" lon="-34.916139">
    <ele>7.1</ele>
    <time>2020-09-16T23:56:41.000Z</time>
   </trkpt>
   <trkpt lat="-8.092846" lon="-34.916169">
    <ele>7.1</ele>
    <time>2020-09-16T23:56:42.000Z</time>
   </trkpt>
   <trkpt lat="-8.092876" lon="-34.916194">
    <ele>7.1</ele>
    <time>2020-09-16T23:56:43.000Z</time>
   </trkpt>
   <trkpt lat="-8.092908" lon="-34.916223">
    <ele>7.1</ele>
    <time>2020-09-16T23:56:44.000Z</time>
   </trkpt>
   <trkpt lat="-8.092935" lon="-34.916242">
    <ele>7.1</ele>
    <time>2020-09-16T23:56:45.000Z</time>
   </trkpt>
   <trkpt lat="-8.092971" lon="-34.916258">
    <ele>7.1</ele>
    <time>2020-09-16T23:56:46.000Z</time>
   </trkpt>
   <trkpt lat="-8.093008" lon="-34.916269">
    <ele>7.1</ele>
    <time>2020-09-16T23:56:47.000Z</time>
   </trkpt>
   <trkpt lat="-8.09305" lon="-34.916281">
    <ele>7.1</ele>
    <time>2020-09-16T23:56:48.000Z</time>
   </trkpt>
   <trkpt lat="-8.093089" lon="-34.916288">
    <ele>7.1</ele>
    <time>2020-09-16T23:56:49.000Z</time>
   </trkpt>
   <trkpt lat="-8.093128" lon="-34.916297">
    <ele>7.1</ele>
    <time>2020-09-16T23:56:50.000Z</time>
   </trkpt>
   <trkpt lat="-8.093167" lon="-34.916307">
    <ele>7.1</ele>
    <time>2020-09-16T23:56:51.000Z</time>
   </trkpt>
   <trkpt lat="-8.093203" lon="-34.916317">
    <ele>7.1</ele>
    <time>2020-09-16T23:56:52.000Z</time>
   </trkpt>
   <trkpt lat="-8.093243" lon="-34.916329">
    <ele>7.1</ele>
    <time>2020-09-16T23:56:53.000Z</time>
   </trkpt>
   <trkpt lat="-8.093278" lon="-34.916341">
    <ele>7.1</ele>
    <time>2020-09-16T23:56:54.000Z</time>
   </trkpt>
   <trkpt lat="-8.093312" lon="-34.916353">
    <ele>7.1</ele>
    <time>2020-09-16T23:56:55.000Z</time>
   </trkpt>
   <trkpt lat="-8.093347" lon="-34.916364">
    <ele>7.1</ele>
    <time>2020-09-16T23:56:56.000Z</time>
   </trkpt>
   <trkpt lat="-8.093384" lon="-34.916377">
    <ele>7.1</ele>
    <time>2020-09-16T23:56:57.000Z</time>
   </trkpt>
   <trkpt lat="-8.093423" lon="-34.916393">
    <ele>7.1</ele>
    <time>2020-09-16T23:56:58.000Z</time>
   </trkpt>
   <trkpt lat="-8.093459" lon="-34.916406">
    <ele>7.1</ele>
    <time>2020-09-16T23:56:59.000Z</time>
   </trkpt>
   <trkpt lat="-8.093494" lon="-34.916418">
    <ele>7.1</ele>
    <time>2020-09-16T23:57:00.000Z</time>
   </trkpt>
   <trkpt lat="-8.093532" lon="-34.916431">
    <ele>7.1</ele>
    <time>2020-09-16T23:57:01.000Z</time>
   </trkpt>
   <trkpt lat="-8.093563" lon="-34.916442">
    <ele>7.1</ele>
    <time>2020-09-16T23:57:02.000Z</time>
   </trkpt>
   <trkpt lat="-8.093601" lon="-34.916447">
    <ele>7.1</ele>
    <time>2020-09-16T23:57:03.000Z</time>
   </trkpt>
   <trkpt lat="-8.093644" lon="-34.916451">
    <ele>7.1</ele>
    <time>2020-09-16T23:57:04.000Z</time>
   </trkpt>
   <trkpt lat="-8.093693" lon="-34.916456">
    <ele>7.1</ele>
    <time>2020-09-16T23:57:05.000Z</time>
   </trkpt>
   <trkpt lat="-8.093739" lon="-34.916455">
    <ele>7.1</ele>
    <time>2020-09-16T23:57:06.000Z</time>
   </trkpt>
   <trkpt lat="-8.093784" lon="-34.91645">
    <ele>7.1</ele>
    <time>2020-09-16T23:57:07.000Z</time>
   </trkpt>
   <trkpt lat="-8.093827" lon="-34.916447">
    <ele>7.1</ele>
    <time>2020-09-16T23:57:08.000Z</time>
   </trkpt>
   <trkpt lat="-8.093877" lon="-34.916446">
    <ele>7.1</ele>
    <time>2020-09-16T23:57:09.000Z</time>
   </trkpt>
   <trkpt lat="-8.093924" lon="-34.916445">
    <ele>7.1</ele>
    <time>2020-09-16T23:57:10.000Z</time>
   </trkpt>
   <trkpt lat="-8.093976" lon="-34.916454">
    <ele>7.1</ele>
    <time>2020-09-16T23:57:11.000Z</time>
   </trkpt>
   <trkpt lat="-8.094022" lon="-34.916461">
    <ele>7.1</ele>
    <time>2020-09-16T23:57:12.000Z</time>
   </trkpt>
   <trkpt lat="-8.09407" lon="-34.916469">
    <ele>7.1</ele>
    <time>2020-09-16T23:57:13.000Z</time>
   </trkpt>
   <trkpt lat="-8.094118" lon="-34.91648">
    <ele>7.1</ele>
    <time>2020-09-16T23:57:14.000Z</time>
   </trkpt>
   <trkpt lat="-8.094159" lon="-34.916494">
    <ele>7.1</ele>
    <time>2020-09-16T23:57:15.000Z</time>
   </trkpt>
   <trkpt lat="-8.094202" lon="-34.916509">
    <ele>7.1</ele>
    <time>2020-09-16T23:57:16.000Z</time>
   </trkpt>
   <trkpt lat="-8.094246" lon="-34.916528">
    <ele>7.1</ele>
    <time>2020-09-16T23:57:17.000Z</time>
   </trkpt>
   <trkpt lat="-8.094292" lon="-34.916548">
    <ele>7</ele>
    <time>2020-09-16T23:57:18.000Z</time>
   </trkpt>
   <trkpt lat="-8.094336" lon="-34.916571">
    <ele>7</ele>
    <time>2020-09-16T23:57:19.000Z</time>
   </trkpt>
   <trkpt lat="-8.094386" lon="-34.916583">
    <ele>7</ele>
    <time>2020-09-16T23:57:20.000Z</time>
   </trkpt>
   <trkpt lat="-8.094435" lon="-34.916599">
    <ele>7</ele>
    <time>2020-09-16T23:57:21.000Z</time>
   </trkpt>
   <trkpt lat="-8.094478" lon="-34.916609">
    <ele>6.9</ele>
    <time>2020-09-16T23:57:22.000Z</time>
   </trkpt>
   <trkpt lat="-8.094521" lon="-34.91662">
    <ele>6.9</ele>
    <time>2020-09-16T23:57:23.000Z</time>
   </trkpt>
   <trkpt lat="-8.094574" lon="-34.916639">
    <ele>6.9</ele>
    <time>2020-09-16T23:57:24.000Z</time>
   </trkpt>
   <trkpt lat="-8.094623" lon="-34.91666">
    <ele>6.8</ele>
    <time>2020-09-16T23:57:25.000Z</time>
   </trkpt>
   <trkpt lat="-8.094668" lon="-34.91668">
    <ele>6.8</ele>
    <time>2020-09-16T23:57:26.000Z</time>
   </trkpt>
   <trkpt lat="-8.094716" lon="-34.916693">
    <ele>6.8</ele>
    <time>2020-09-16T23:57:27.000Z</time>
   </trkpt>
   <trkpt lat="-8.094761" lon="-34.916711">
    <ele>6.8</ele>
    <time>2020-09-16T23:57:28.000Z</time>
   </trkpt>
   <trkpt lat="-8.094803" lon="-34.916741">
    <ele>6.8</ele>
    <time>2020-09-16T23:57:29.000Z</time>
   </trkpt>
   <trkpt lat="-8.094838" lon="-34.916766">
    <ele>6.8</ele>
    <time>2020-09-16T23:57:30.000Z</time>
   </trkpt>
   <trkpt lat="-8.094875" lon="-34.916787">
    <ele>6.8</ele>
    <time>2020-09-16T23:57:31.000Z</time>
   </trkpt>
   <trkpt lat="-8.094914" lon="-34.916811">
    <ele>6.7</ele>
    <time>2020-09-16T23:57:32.000Z</time>
   </trkpt>
   <trkpt lat="-8.094966" lon="-34.916834">
    <ele>6.7</ele>
    <time>2020-09-16T23:57:33.000Z</time>
   </trkpt>
   <trkpt lat="-8.095004" lon="-34.916853">
    <ele>6.7</ele>
    <time>2020-09-16T23:57:34.000Z</time>
   </trkpt>
   <trkpt lat="-8.095043" lon="-34.916876">
    <ele>6.7</ele>
    <time>2020-09-16T23:57:35.000Z</time>
   </trkpt>
   <trkpt lat="-8.095081" lon="-34.916899">
    <ele>6.7</ele>
    <time>2020-09-16T23:57:36.000Z</time>
   </trkpt>
   <trkpt lat="-8.09512" lon="-34.916911">
    <ele>6.7</ele>
    <time>2020-09-16T23:57:37.000Z</time>
   </trkpt>
   <trkpt lat="-8.095154" lon="-34.916919">
    <ele>6.7</ele>
    <time>2020-09-16T23:57:38.000Z</time>
   </trkpt>
   <trkpt lat="-8.095192" lon="-34.916917">
    <ele>6.8</ele>
    <time>2020-09-16T23:57:39.000Z</time>
   </trkpt>
   <trkpt lat="-8.095224" lon="-34.916916">
    <ele>6.8</ele>
    <time>2020-09-16T23:57:40.000Z</time>
   </trkpt>
   <trkpt lat="-8.095256" lon="-34.916912">
    <ele>6.8</ele>
    <time>2020-09-16T23:57:41.000Z</time>
   </trkpt>
   <trkpt lat="-8.095286" lon="-34.916907">
    <ele>6.8</ele>
    <time>2020-09-16T23:57:42.000Z</time>
   </trkpt>
   <trkpt lat="-8.095313" lon="-34.916909">
    <ele>6.8</ele>
    <time>2020-09-16T23:57:43.000Z</time>
   </trkpt>
   <trkpt lat="-8.095342" lon="-34.916902">
    <ele>6.8</ele>
    <time>2020-09-16T23:57:44.000Z</time>
   </trkpt>
   <trkpt lat="-8.095376" lon="-34.916888">
    <ele>6.8</ele>
    <time>2020-09-16T23:57:45.000Z</time>
   </trkpt>
   <trkpt lat="-8.095403" lon="-34.916861">
    <ele>6.8</ele>
    <time>2020-09-16T23:57:46.000Z</time>
   </trkpt>
   <trkpt lat="-8.095421" lon="-34.916822">
    <ele>6.8</ele>
    <time>2020-09-16T23:57:47.000Z</time>
   </trkpt>
   <trkpt lat="-8.09544" lon="-34.916786">
    <ele>6.8</ele>
    <time>2020-09-16T23:57:48.000Z</time>
   </trkpt>
   <trkpt lat="-8.09546" lon="-34.916752">
    <ele>6.8</ele>
    <time>2020-09-16T23:57:49.000Z</time>
   </trkpt>
   <trkpt lat="-8.09548" lon="-34.916719">
    <ele>6.8</ele>
    <time>2020-09-16T23:57:50.000Z</time>
   </trkpt>
   <trkpt lat="-8.095496" lon="-34.91668">
    <ele>6.9</ele>
    <time>2020-09-16T23:57:51.000Z</time>
   </trkpt>
   <trkpt lat="-8.09551" lon="-34.916638">
    <ele>6.9</ele>
    <time>2020-09-16T23:57:52.000Z</time>
   </trkpt>
   <trkpt lat="-8.095529" lon="-34.916588">
    <ele>6.9</ele>
    <time>2020-09-16T23:57:53.000Z</time>
   </trkpt>
   <trkpt lat="-8.095554" lon="-34.916531">
    <ele>6.9</ele>
    <time>2020-09-16T23:57:54.000Z</time>
   </trkpt>
   <trkpt lat="-8.095572" lon="-34.916485">
    <ele>6.9</ele>
    <time>2020-09-16T23:57:55.000Z</time>
   </trkpt>
   <trkpt lat="-8.095589" lon="-34.916439">
    <ele>6.9</ele>
    <time>2020-09-16T23:57:56.000Z</time>
   </trkpt>
   <trkpt lat="-8.095607" lon="-34.916392">
    <ele>6.9</ele>
    <time>2020-09-16T23:57:57.000Z</time>
   </trkpt>
   <trkpt lat="-8.095633" lon="-34.916356">
    <ele>6.9</ele>
    <time>2020-09-16T23:57:58.000Z</time>
   </trkpt>
   <trkpt lat="-8.095653" lon="-34.916316">
    <ele>6.9</ele>
    <time>2020-09-16T23:57:59.000Z</time>
   </trkpt>
   <trkpt lat="-8.095672" lon="-34.916285">
    <ele>6.9</ele>
    <time>2020-09-16T23:58:00.000Z</time>
   </trkpt>
   <trkpt lat="-8.095687" lon="-34.916252">
    <ele>6.9</ele>
    <time>2020-09-16T23:58:01.000Z</time>
   </trkpt>
   <trkpt lat="-8.095705" lon="-34.916216">
    <ele>6.9</ele>
    <time>2020-09-16T23:58:02.000Z</time>
   </trkpt>
   <trkpt lat="-8.095726" lon="-34.916184">
    <ele>6.9</ele>
    <time>2020-09-16T23:58:03.000Z</time>
   </trkpt>
   <trkpt lat="-8.095758" lon="-34.916148">
    <ele>6.9</ele>
    <time>2020-09-16T23:58:04.000Z</time>
   </trkpt>
   <trkpt lat="-8.095785" lon="-34.916117">
    <ele>6.9</ele>
    <time>2020-09-16T23:58:05.000Z</time>
   </trkpt>
   <trkpt lat="-8.095817" lon="-34.916084">
    <ele>6.9</ele>
    <time>2020-09-16T23:58:06.000Z</time>
   </trkpt>
   <trkpt lat="-8.095851" lon="-34.916047">
    <ele>6.9</ele>
    <time>2020-09-16T23:58:07.000Z</time>
   </trkpt>
   <trkpt lat="-8.09588" lon="-34.916005">
    <ele>6.9</ele>
    <time>2020-09-16T23:58:08.000Z</time>
   </trkpt>
   <trkpt lat="-8.095906" lon="-34.915961">
    <ele>6.9</ele>
    <time>2020-09-16T23:58:09.000Z</time>
   </trkpt>
   <trkpt lat="-8.095942" lon="-34.915911">
    <ele>6.9</ele>
    <time>2020-09-16T23:58:10.000Z</time>
   </trkpt>
   <trkpt lat="-8.095981" lon="-34.915866">
    <ele>6.9</ele>
    <time>2020-09-16T23:58:11.000Z</time>
   </trkpt>
   <trkpt lat="-8.096039" lon="-34.915821">
    <ele>6.9</ele>
    <time>2020-09-16T23:58:12.000Z</time>
   </trkpt>
   <trkpt lat="-8.096074" lon="-34.915786">
    <ele>6.9</ele>
    <time>2020-09-16T23:58:13.000Z</time>
   </trkpt>
   <trkpt lat="-8.096104" lon="-34.91576">
    <ele>6.9</ele>
    <time>2020-09-16T23:58:14.000Z</time>
   </trkpt>
   <trkpt lat="-8.096134" lon="-34.915744">
    <ele>6.9</ele>
    <time>2020-09-16T23:58:15.000Z</time>
   </trkpt>
   <trkpt lat="-8.096171" lon="-34.915737">
    <ele>6.9</ele>
    <time>2020-09-16T23:58:16.000Z</time>
   </trkpt>
   <trkpt lat="-8.096212" lon="-34.915732">
    <ele>6.9</ele>
    <time>2020-09-16T23:58:17.000Z</time>
   </trkpt>
   <trkpt lat="-8.096255" lon="-34.91573">
    <ele>6.9</ele>
    <time>2020-09-16T23:58:18.000Z</time>
   </trkpt>
   <trkpt lat="-8.096297" lon="-34.915732">
    <ele>6.9</ele>
    <time>2020-09-16T23:58:19.000Z</time>
   </trkpt>
   <trkpt lat="-8.096349" lon="-34.915728">
    <ele>6.9</ele>
    <time>2020-09-16T23:58:20.000Z</time>
   </trkpt>
   <trkpt lat="-8.096395" lon="-34.915723">
    <ele>6.9</ele>
    <time>2020-09-16T23:58:21.000Z</time>
   </trkpt>
   <trkpt lat="-8.096429" lon="-34.915711">
    <ele>6.9</ele>
    <time>2020-09-16T23:58:22.000Z</time>
   </trkpt>
   <trkpt lat="-8.096464" lon="-34.915687">
    <ele>6.9</ele>
    <time>2020-09-16T23:58:24.000Z</time>
   </trkpt>
   <trkpt lat="-8.096486" lon="-34.915642">
    <ele>6.9</ele>
    <time>2020-09-16T23:58:26.000Z</time>
   </trkpt>
   <trkpt lat="-8.096492" lon="-34.915614">
    <ele>6.9</ele>
    <time>2020-09-16T23:58:27.000Z</time>
   </trkpt>
   <trkpt lat="-8.096504" lon="-34.915565">
    <ele>6.9</ele>
    <time>2020-09-16T23:58:29.000Z</time>
   </trkpt>
   <trkpt lat="-8.096504" lon="-34.915526">
    <ele>6.9</ele>
    <time>2020-09-16T23:58:31.000Z</time>
   </trkpt>
   <trkpt lat="-8.096497" lon="-34.91547">
    <ele>6.9</ele>
    <time>2020-09-16T23:58:33.000Z</time>
   </trkpt>
   <trkpt lat="-8.096498" lon="-34.91544">
    <ele>6.9</ele>
    <time>2020-09-16T23:58:34.000Z</time>
   </trkpt>
   <trkpt lat="-8.096499" lon="-34.91541">
    <ele>6.9</ele>
    <time>2020-09-16T23:58:35.000Z</time>
   </trkpt>
   <trkpt lat="-8.096502" lon="-34.915374">
    <ele>6.9</ele>
    <time>2020-09-16T23:58:36.000Z</time>
   </trkpt>
   <trkpt lat="-8.096508" lon="-34.915335">
    <ele>6.9</ele>
    <time>2020-09-16T23:58:37.000Z</time>
   </trkpt>
   <trkpt lat="-8.096515" lon="-34.915298">
    <ele>6.9</ele>
    <time>2020-09-16T23:58:38.000Z</time>
   </trkpt>
   <trkpt lat="-8.096526" lon="-34.915267">
    <ele>6.9</ele>
    <time>2020-09-16T23:58:39.000Z</time>
   </trkpt>
   <trkpt lat="-8.096542" lon="-34.915222">
    <ele>6.9</ele>
    <time>2020-09-16T23:58:41.000Z</time>
   </trkpt>
   <trkpt lat="-8.096562" lon="-34.915169">
    <ele>6.9</ele>
    <time>2020-09-16T23:58:43.000Z</time>
   </trkpt>
   <trkpt lat="-8.096586" lon="-34.915122">
    <ele>6.9</ele>
    <time>2020-09-16T23:58:45.000Z</time>
   </trkpt>
   <trkpt lat="-8.096599" lon="-34.915091">
    <ele>7</ele>
    <time>2020-09-16T23:58:46.000Z</time>
   </trkpt>
   <trkpt lat="-8.096623" lon="-34.91504">
    <ele>7</ele>
    <time>2020-09-16T23:58:48.000Z</time>
   </trkpt>
   <trkpt lat="-8.096633" lon="-34.914987">
    <ele>7</ele>
    <time>2020-09-16T23:58:50.000Z</time>
   </trkpt>
   <trkpt lat="-8.096648" lon="-34.914935">
    <ele>7.1</ele>
    <time>2020-09-16T23:58:52.000Z</time>
   </trkpt>
   <trkpt lat="-8.096656" lon="-34.914905">
    <ele>7.1</ele>
    <time>2020-09-16T23:58:53.000Z</time>
   </trkpt>
   <trkpt lat="-8.096673" lon="-34.914866">
    <ele>7.1</ele>
    <time>2020-09-16T23:58:55.000Z</time>
   </trkpt>
   <trkpt lat="-8.096648" lon="-34.914863">
    <ele>7.1</ele>
    <time>2020-09-16T23:58:59.000Z</time>
   </trkpt>
   <trkpt lat="-8.096641" lon="-34.914812">
    <ele>7.1</ele>
    <time>2020-09-16T23:59:01.000Z</time>
   </trkpt>
   <trkpt lat="-8.096633" lon="-34.914778">
    <ele>7.1</ele>
    <time>2020-09-16T23:59:02.000Z</time>
   </trkpt>
   <trkpt lat="-8.096622" lon="-34.914743">
    <ele>7</ele>
    <time>2020-09-16T23:59:03.000Z</time>
   </trkpt>
   <trkpt lat="-8.096608" lon="-34.9147">
    <ele>7</ele>
    <time>2020-09-16T23:59:04.000Z</time>
   </trkpt>
   <trkpt lat="-8.096596" lon="-34.91466">
    <ele>7</ele>
    <time>2020-09-16T23:59:05.000Z</time>
   </trkpt>
   <trkpt lat="-8.096585" lon="-34.914614">
    <ele>7</ele>
    <time>2020-09-16T23:59:06.000Z</time>
   </trkpt>
   <trkpt lat="-8.096586" lon="-34.914578">
    <ele>7</ele>
    <time>2020-09-16T23:59:07.000Z</time>
   </trkpt>
   <trkpt lat="-8.096583" lon="-34.914539">
    <ele>7</ele>
    <time>2020-09-16T23:59:08.000Z</time>
   </trkpt>
   <trkpt lat="-8.096581" lon="-34.914498">
    <ele>7</ele>
    <time>2020-09-16T23:59:09.000Z</time>
   </trkpt>
   <trkpt lat="-8.09658" lon="-34.914456">
    <ele>7</ele>
    <time>2020-09-16T23:59:10.000Z</time>
   </trkpt>
   <trkpt lat="-8.09658" lon="-34.914414">
    <ele>7</ele>
    <time>2020-09-16T23:59:11.000Z</time>
   </trkpt>
   <trkpt lat="-8.09658" lon="-34.914344">
    <ele>7</ele>
    <time>2020-09-16T23:59:12.000Z</time>
   </trkpt>
   <trkpt lat="-8.09657" lon="-34.914288">
    <ele>7</ele>
    <time>2020-09-16T23:59:13.000Z</time>
   </trkpt>
   <trkpt lat="-8.096557" lon="-34.914242">
    <ele>7</ele>
    <time>2020-09-16T23:59:14.000Z</time>
   </trkpt>
   <trkpt lat="-8.096542" lon="-34.914204">
    <ele>7</ele>
    <time>2020-09-16T23:59:15.000Z</time>
   </trkpt>
   <trkpt lat="-8.096529" lon="-34.914168">
    <ele>7</ele>
    <time>2020-09-16T23:59:16.000Z</time>
   </trkpt>
   <trkpt lat="-8.096511" lon="-34.914139">
    <ele>7</ele>
    <time>2020-09-16T23:59:17.000Z</time>
   </trkpt>
   <trkpt lat="-8.096492" lon="-34.91411">
    <ele>7</ele>
    <time>2020-09-16T23:59:18.000Z</time>
   </trkpt>
   <trkpt lat="-8.096476" lon="-34.914077">
    <ele>7.1</ele>
    <time>2020-09-16T23:59:19.000Z</time>
   </trkpt>
   <trkpt lat="-8.096457" lon="-34.914044">
    <ele>7.1</ele>
    <time>2020-09-16T23:59:20.000Z</time>
   </trkpt>
   <trkpt lat="-8.09644" lon="-34.914007">
    <ele>7.1</ele>
    <time>2020-09-16T23:59:21.000Z</time>
   </trkpt>
   <trkpt lat="-8.096421" lon="-34.913983">
    <ele>7.1</ele>
    <time>2020-09-16T23:59:22.000Z</time>
   </trkpt>
   <trkpt lat="-8.096381" lon="-34.913954">
    <ele>7.1</ele>
    <time>2020-09-16T23:59:24.000Z</time>
   </trkpt>
   <trkpt lat="-8.096331" lon="-34.913965">
    <ele>7.1</ele>
    <time>2020-09-16T23:59:25.000Z</time>
   </trkpt>
   <trkpt lat="-8.096303" lon="-34.913967">
    <ele>7.1</ele>
    <time>2020-09-16T23:59:27.000Z</time>
   </trkpt>
   <trkpt lat="-8.096283" lon="-34.913984">
    <ele>7.1</ele>
    <time>2020-09-16T23:59:34.000Z</time>
   </trkpt>
   <trkpt lat="-8.09618" lon="-34.913953">
    <ele>7.1</ele>
    <time>2020-09-16T23:59:57.000Z</time>
   </trkpt>
   <trkpt lat="-8.096194" lon="-34.913878">
    <ele>7.1</ele>
    <time>2020-09-17T00:01:30.000Z</time>
   </trkpt>
   <trkpt lat="-8.096201" lon="-34.913849">
    <ele>7.1</ele>
    <time>2020-09-17T00:01:35.000Z</time>
   </trkpt>
   <trkpt lat="-8.096215" lon="-34.913864">
    <ele>7.1</ele>
    <time>2020-09-17T00:01:41.000Z</time>
   </trkpt>
   <trkpt lat="-8.096192" lon="-34.913877">
    <ele>7.1</ele>
    <time>2020-09-17T00:01:45.000Z</time>
   </trkpt>
   <trkpt lat="-8.09602" lon="-34.913927">
    <ele>7.1</ele>
    <time>2020-09-17T00:04:15.000Z</time>
   </trkpt>
   <trkpt lat="-8.096006" lon="-34.913956">
    <ele>7.1</ele>
    <time>2020-09-17T00:04:19.000Z</time>
   </trkpt>
   <trkpt lat="-8.095995" lon="-34.913971">
    <ele>7.1</ele>
    <time>2020-09-17T00:04:28.000Z</time>
   </trkpt>
   <trkpt lat="-8.095977" lon="-34.913969">
    <ele>7.1</ele>
    <time>2020-09-17T00:04:32.000Z</time>
   </trkpt>
   <trkpt lat="-8.096001" lon="-34.913963">
    <ele>7.1</ele>
    <time>2020-09-17T00:04:38.000Z</time>
   </trkpt>
   <trkpt lat="-8.09601" lon="-34.913932">
    <ele>7.1</ele>
    <time>2020-09-17T00:08:45.000Z</time>
   </trkpt>
   <trkpt lat="-8.095967" lon="-34.913889">
    <ele>7.1</ele>
    <time>2020-09-17T00:08:51.000Z</time>
   </trkpt>
   <trkpt lat="-8.095965" lon="-34.913677">
    <ele>7.1</ele>
    <time>2020-09-17T00:09:06.000Z</time>
   </trkpt>
   <trkpt lat="-8.09596" lon="-34.913605">
    <ele>7.1</ele>
    <time>2020-09-17T00:09:08.000Z</time>
   </trkpt>
   <trkpt lat="-8.09597" lon="-34.913493">
    <ele>7.1</ele>
    <time>2020-09-17T00:09:13.000Z</time>
   </trkpt>
   <trkpt lat="-8.095961" lon="-34.913475">
    <ele>7.1</ele>
    <time>2020-09-17T00:09:16.000Z</time>
   </trkpt>
   <trkpt lat="-8.095955" lon="-34.913435">
    <ele>7.1</ele>
    <time>2020-09-17T00:09:19.000Z</time>
   </trkpt>
   <trkpt lat="-8.095958" lon="-34.913379">
    <ele>7.1</ele>
    <time>2020-09-17T00:09:23.000Z</time>
   </trkpt>
   <trkpt lat="-8.095972" lon="-34.913398">
    <ele>7.1</ele>
    <time>2020-09-17T00:09:25.000Z</time>
   </trkpt>
   <trkpt lat="-8.096008" lon="-34.91346">
    <ele>7.1</ele>
    <time>2020-09-17T00:09:27.000Z</time>
   </trkpt>
   <trkpt lat="-8.096029" lon="-34.913494">
    <ele>7.1</ele>
    <time>2020-09-17T00:09:28.000Z</time>
   </trkpt>
   <trkpt lat="-8.096052" lon="-34.913529">
    <ele>7.1</ele>
    <time>2020-09-17T00:09:29.000Z</time>
   </trkpt>
   <trkpt lat="-8.096087" lon="-34.913574">
    <ele>7.1</ele>
    <time>2020-09-17T00:09:30.000Z</time>
   </trkpt>
   <trkpt lat="-8.096113" lon="-34.913609">
    <ele>7.1</ele>
    <time>2020-09-17T00:09:31.000Z</time>
   </trkpt>
   <trkpt lat="-8.096133" lon="-34.913642">
    <ele>7.1</ele>
    <time>2020-09-17T00:09:32.000Z</time>
   </trkpt>
   <trkpt lat="-8.09615" lon="-34.913678">
    <ele>7.1</ele>
    <time>2020-09-17T00:09:34.000Z</time>
   </trkpt>
   <trkpt lat="-8.096165" lon="-34.913703">
    <ele>7.1</ele>
    <time>2020-09-17T00:09:36.000Z</time>
   </trkpt>
   <trkpt lat="-8.096175" lon="-34.913734">
    <ele>7.1</ele>
    <time>2020-09-17T00:09:38.000Z</time>
   </trkpt>
   <trkpt lat="-8.096187" lon="-34.913771">
    <ele>7.1</ele>
    <time>2020-09-17T00:09:40.000Z</time>
   </trkpt>
   <trkpt lat="-8.09612" lon="-34.913862">
    <ele>7.1</ele>
    <time>2020-09-17T00:10:13.000Z</time>
   </trkpt>
   <trkpt lat="-8.096174" lon="-34.913948">
    <ele>7.1</ele>
    <time>2020-09-17T00:11:00.000Z</time>
   </trkpt>
   <trkpt lat="-8.096172" lon="-34.91391">
    <ele>7.1</ele>
    <time>2020-09-17T00:11:03.000Z</time>
   </trkpt>
   <trkpt lat="-8.096176" lon="-34.913874">
    <ele>7.1</ele>
    <time>2020-09-17T00:11:06.000Z</time>
   </trkpt>
   <trkpt lat="-8.096172" lon="-34.913848">
    <ele>7.1</ele>
    <time>2020-09-17T00:11:12.000Z</time>
   </trkpt>
   <trkpt lat="-8.096167" lon="-34.913823">
    <ele>7.1</ele>
    <time>2020-09-17T00:11:17.000Z</time>
   </trkpt>
   <trkpt lat="-8.096162" lon="-34.913834">
    <ele>7.1</ele>
    <time>2020-09-17T00:11:23.000Z</time>
   </trkpt>
   <trkpt lat="-8.096161" lon="-34.913866">
    <ele>7.1</ele>
    <time>2020-09-17T00:11:26.000Z</time>
   </trkpt>
   <trkpt lat="-8.09612" lon="-34.913825">
    <ele>7.1</ele>
    <time>2020-09-17T00:13:44.000Z</time>
   </trkpt>
   <trkpt lat="-8.096138" lon="-34.913862">
    <ele>7.1</ele>
    <time>2020-09-17T00:13:47.000Z</time>
   </trkpt>
   <trkpt lat="-8.096071" lon="-34.913806">
    <ele>7.1</ele>
    <time>2020-09-17T00:14:27.000Z</time>
   </trkpt>
   <trkpt lat="-8.096126" lon="-34.913802">
    <ele>7.1</ele>
    <time>2020-09-17T00:14:50.000Z</time>
   </trkpt>
   <trkpt lat="-8.096152" lon="-34.913785">
    <ele>7.1</ele>
    <time>2020-09-17T00:14:52.000Z</time>
   </trkpt>
   <trkpt lat="-8.096075" lon="-34.91382">
    <ele>7.1</ele>
    <time>2020-09-17T00:15:23.000Z</time>
   </trkpt>
   <trkpt lat="-8.096106" lon="-34.913829">
    <ele>7.1</ele>
    <time>2020-09-17T00:15:26.000Z</time>
   </trkpt>
   <trkpt lat="-8.096065" lon="-34.913846">
    <ele>7.1</ele>
    <time>2020-09-17T00:15:29.000Z</time>
   </trkpt>
   <trkpt lat="-8.09609" lon="-34.913785">
    <ele>7.1</ele>
    <time>2020-09-17T00:16:11.000Z</time>
   </trkpt>
   <trkpt lat="-8.096098" lon="-34.913783">
    <ele>7.1</ele>
    <time>2020-09-17T00:16:16.000Z</time>
   </trkpt>
   <trkpt lat="-8.096039" lon="-34.913956">
    <ele>7.1</ele>
    <time>2020-09-17T00:17:24.000Z</time>
   </trkpt>
   <trkpt lat="-8.096021" lon="-34.913948">
    <ele>7.1</ele>
    <time>2020-09-17T00:17:26.000Z</time>
   </trkpt>
   <trkpt lat="-8.09603" lon="-34.91393">
    <ele>7.1</ele>
    <time>2020-09-17T00:17:32.000Z</time>
   </trkpt>
   <trkpt lat="-8.096022" lon="-34.914014">
    <ele>7.1</ele>
    <time>2020-09-17T00:18:08.000Z</time>
   </trkpt>
   <trkpt lat="-8.09607" lon="-34.913907">
    <ele>7.1</ele>
    <time>2020-09-17T00:18:54.000Z</time>
   </trkpt>
   <trkpt lat="-8.096072" lon="-34.913884">
    <ele>7.1</ele>
    <time>2020-09-17T00:18:59.000Z</time>
   </trkpt>
   <trkpt lat="-8.09609" lon="-34.913862">
    <ele>7.1</ele>
    <time>2020-09-17T00:19:04.000Z</time>
   </trkpt>
   <trkpt lat="-8.096109" lon="-34.913868">
    <ele>7.1</ele>
    <time>2020-09-17T00:19:07.000Z</time>
   </trkpt>
   <trkpt lat="-8.096114" lon="-34.913888">
    <ele>7.1</ele>
    <time>2020-09-17T00:19:58.000Z</time>
   </trkpt>
   <trkpt lat="-8.096096" lon="-34.913862">
    <ele>7.1</ele>
    <time>2020-09-17T00:20:02.000Z</time>
   </trkpt>
   <trkpt lat="-8.096089" lon="-34.913829">
    <ele>7.1</ele>
    <time>2020-09-17T00:20:05.000Z</time>
   </trkpt>
   <trkpt lat="-8.096083" lon="-34.913802">
    <ele>7.1</ele>
    <time>2020-09-17T00:20:08.000Z</time>
   </trkpt>
   <trkpt lat="-8.096085" lon="-34.913771">
    <ele>7.1</ele>
    <time>2020-09-17T00:20:12.000Z</time>
   </trkpt>
   <trkpt lat="-8.096071" lon="-34.913746">
    <ele>7.1</ele>
    <time>2020-09-17T00:20:18.000Z</time>
   </trkpt>
   <trkpt lat="-8.096044" lon="-34.913721">
    <ele>7.1</ele>
    <time>2020-09-17T00:20:20.000Z</time>
   </trkpt>
   <trkpt lat="-8.096006" lon="-34.913692">
    <ele>7.1</ele>
    <time>2020-09-17T00:20:22.000Z</time>
   </trkpt>
   <trkpt lat="-8.095963" lon="-34.913666">
    <ele>7.1</ele>
    <time>2020-09-17T00:20:24.000Z</time>
   </trkpt>
   <trkpt lat="-8.095912" lon="-34.913638">
    <ele>7.1</ele>
    <time>2020-09-17T00:20:26.000Z</time>
   </trkpt>
   <trkpt lat="-8.095854" lon="-34.913605">
    <ele>7.1</ele>
    <time>2020-09-17T00:20:28.000Z</time>
   </trkpt>
   <trkpt lat="-8.09582" lon="-34.91359">
    <ele>7.1</ele>
    <time>2020-09-17T00:20:29.000Z</time>
   </trkpt>
   <trkpt lat="-8.095767" lon="-34.913567">
    <ele>7</ele>
    <time>2020-09-17T00:20:31.000Z</time>
   </trkpt>
   <trkpt lat="-8.09574" lon="-34.913555">
    <ele>7</ele>
    <time>2020-09-17T00:20:32.000Z</time>
   </trkpt>
   <trkpt lat="-8.095714" lon="-34.913544">
    <ele>7</ele>
    <time>2020-09-17T00:20:33.000Z</time>
   </trkpt>
   <trkpt lat="-8.095668" lon="-34.913528">
    <ele>7</ele>
    <time>2020-09-17T00:20:35.000Z</time>
   </trkpt>
   <trkpt lat="-8.095621" lon="-34.913512">
    <ele>7</ele>
    <time>2020-09-17T00:20:37.000Z</time>
   </trkpt>
   <trkpt lat="-8.095595" lon="-34.913507">
    <ele>7</ele>
    <time>2020-09-17T00:20:38.000Z</time>
   </trkpt>
   <trkpt lat="-8.095563" lon="-34.913504">
    <ele>7</ele>
    <time>2020-09-17T00:20:39.000Z</time>
   </trkpt>
   <trkpt lat="-8.095533" lon="-34.913496">
    <ele>7</ele>
    <time>2020-09-17T00:20:40.000Z</time>
   </trkpt>
   <trkpt lat="-8.095504" lon="-34.913492">
    <ele>7</ele>
    <time>2020-09-17T00:20:41.000Z</time>
   </trkpt>
   <trkpt lat="-8.095476" lon="-34.913486">
    <ele>7</ele>
    <time>2020-09-17T00:20:42.000Z</time>
   </trkpt>
   <trkpt lat="-8.095437" lon="-34.913477">
    <ele>7</ele>
    <time>2020-09-17T00:20:43.000Z</time>
   </trkpt>
   <trkpt lat="-8.095396" lon="-34.913468">
    <ele>7</ele>
    <time>2020-09-17T00:20:44.000Z</time>
   </trkpt>
   <trkpt lat="-8.095363" lon="-34.913462">
    <ele>7</ele>
    <time>2020-09-17T00:20:45.000Z</time>
   </trkpt>
   <trkpt lat="-8.095328" lon="-34.913453">
    <ele>7</ele>
    <time>2020-09-17T00:20:46.000Z</time>
   </trkpt>
   <trkpt lat="-8.095294" lon="-34.913445">
    <ele>7</ele>
    <time>2020-09-17T00:20:47.000Z</time>
   </trkpt>
   <trkpt lat="-8.095262" lon="-34.91344">
    <ele>7</ele>
    <time>2020-09-17T00:20:48.000Z</time>
   </trkpt>
   <trkpt lat="-8.095228" lon="-34.913436">
    <ele>7</ele>
    <time>2020-09-17T00:20:49.000Z</time>
   </trkpt>
   <trkpt lat="-8.095196" lon="-34.913432">
    <ele>7</ele>
    <time>2020-09-17T00:20:50.000Z</time>
   </trkpt>
   <trkpt lat="-8.095167" lon="-34.913428">
    <ele>7</ele>
    <time>2020-09-17T00:20:51.000Z</time>
   </trkpt>
   <trkpt lat="-8.095133" lon="-34.913422">
    <ele>7</ele>
    <time>2020-09-17T00:20:52.000Z</time>
   </trkpt>
   <trkpt lat="-8.095102" lon="-34.913418">
    <ele>7</ele>
    <time>2020-09-17T00:20:53.000Z</time>
   </trkpt>
   <trkpt lat="-8.095044" lon="-34.913412">
    <ele>7</ele>
    <time>2020-09-17T00:20:55.000Z</time>
   </trkpt>
   <trkpt lat="-8.095017" lon="-34.913408">
    <ele>7</ele>
    <time>2020-09-17T00:20:56.000Z</time>
   </trkpt>
   <trkpt lat="-8.094988" lon="-34.913408">
    <ele>7</ele>
    <time>2020-09-17T00:20:57.000Z</time>
   </trkpt>
   <trkpt lat="-8.094935" lon="-34.913409">
    <ele>7</ele>
    <time>2020-09-17T00:20:59.000Z</time>
   </trkpt>
   <trkpt lat="-8.094905" lon="-34.913406">
    <ele>7</ele>
    <time>2020-09-17T00:21:00.000Z</time>
   </trkpt>
   <trkpt lat="-8.094872" lon="-34.9134">
    <ele>7</ele>
    <time>2020-09-17T00:21:01.000Z</time>
   </trkpt>
   <trkpt lat="-8.094845" lon="-34.913395">
    <ele>7</ele>
    <time>2020-09-17T00:21:02.000Z</time>
   </trkpt>
   <trkpt lat="-8.094817" lon="-34.913393">
    <ele>7</ele>
    <time>2020-09-17T00:21:03.000Z</time>
   </trkpt>
   <trkpt lat="-8.094769" lon="-34.913383">
    <ele>7</ele>
    <time>2020-09-17T00:21:04.000Z</time>
   </trkpt>
   <trkpt lat="-8.094728" lon="-34.91337">
    <ele>7</ele>
    <time>2020-09-17T00:21:05.000Z</time>
   </trkpt>
   <trkpt lat="-8.094699" lon="-34.913365">
    <ele>7</ele>
    <time>2020-09-17T00:21:06.000Z</time>
   </trkpt>
   <trkpt lat="-8.094669" lon="-34.913363">
    <ele>7</ele>
    <time>2020-09-17T00:21:07.000Z</time>
   </trkpt>
   <trkpt lat="-8.094622" lon="-34.91337">
    <ele>7</ele>
    <time>2020-09-17T00:21:09.000Z</time>
   </trkpt>
   <trkpt lat="-8.094587" lon="-34.913371">
    <ele>7</ele>
    <time>2020-09-17T00:21:10.000Z</time>
   </trkpt>
   <trkpt lat="-8.094553" lon="-34.913368">
    <ele>7</ele>
    <time>2020-09-17T00:21:11.000Z</time>
   </trkpt>
   <trkpt lat="-8.094519" lon="-34.913365">
    <ele>7</ele>
    <time>2020-09-17T00:21:12.000Z</time>
   </trkpt>
   <trkpt lat="-8.094479" lon="-34.913362">
    <ele>7</ele>
    <time>2020-09-17T00:21:13.000Z</time>
   </trkpt>
   <trkpt lat="-8.094436" lon="-34.913364">
    <ele>7</ele>
    <time>2020-09-17T00:21:14.000Z</time>
   </trkpt>
   <trkpt lat="-8.094397" lon="-34.913364">
    <ele>7</ele>
    <time>2020-09-17T00:21:15.000Z</time>
   </trkpt>
   <trkpt lat="-8.094353" lon="-34.913364">
    <ele>7</ele>
    <time>2020-09-17T00:21:16.000Z</time>
   </trkpt>
   <trkpt lat="-8.094307" lon="-34.913365">
    <ele>7</ele>
    <time>2020-09-17T00:21:17.000Z</time>
   </trkpt>
   <trkpt lat="-8.094267" lon="-34.913365">
    <ele>7</ele>
    <time>2020-09-17T00:21:18.000Z</time>
   </trkpt>
   <trkpt lat="-8.094227" lon="-34.913361">
    <ele>7</ele>
    <time>2020-09-17T00:21:19.000Z</time>
   </trkpt>
   <trkpt lat="-8.094192" lon="-34.91336">
    <ele>7</ele>
    <time>2020-09-17T00:21:20.000Z</time>
   </trkpt>
   <trkpt lat="-8.094155" lon="-34.913357">
    <ele>7</ele>
    <time>2020-09-17T00:21:21.000Z</time>
   </trkpt>
   <trkpt lat="-8.094121" lon="-34.913353">
    <ele>7</ele>
    <time>2020-09-17T00:21:22.000Z</time>
   </trkpt>
   <trkpt lat="-8.09409" lon="-34.913349">
    <ele>7</ele>
    <time>2020-09-17T00:21:23.000Z</time>
   </trkpt>
   <trkpt lat="-8.094059" lon="-34.913348">
    <ele>7.3</ele>
    <time>2020-09-17T00:21:24.000Z</time>
   </trkpt>
   <trkpt lat="-8.094027" lon="-34.913344">
    <ele>7.3</ele>
    <time>2020-09-17T00:21:25.000Z</time>
   </trkpt>
   <trkpt lat="-8.09397" lon="-34.913336">
    <ele>7.4</ele>
    <time>2020-09-17T00:21:27.000Z</time>
   </trkpt>
   <trkpt lat="-8.093942" lon="-34.913329">
    <ele>7.4</ele>
    <time>2020-09-17T00:21:28.000Z</time>
   </trkpt>
   <trkpt lat="-8.093912" lon="-34.913321">
    <ele>7.4</ele>
    <time>2020-09-17T00:21:29.000Z</time>
   </trkpt>
   <trkpt lat="-8.09388" lon="-34.913312">
    <ele>7.4</ele>
    <time>2020-09-17T00:21:30.000Z</time>
   </trkpt>
   <trkpt lat="-8.093849" lon="-34.913298">
    <ele>7.4</ele>
    <time>2020-09-17T00:21:31.000Z</time>
   </trkpt>
   <trkpt lat="-8.09382" lon="-34.913277">
    <ele>7.4</ele>
    <time>2020-09-17T00:21:32.000Z</time>
   </trkpt>
   <trkpt lat="-8.093779" lon="-34.913246">
    <ele>7.5</ele>
    <time>2020-09-17T00:21:34.000Z</time>
   </trkpt>
   <trkpt lat="-8.093749" lon="-34.913205">
    <ele>7.5</ele>
    <time>2020-09-17T00:21:36.000Z</time>
   </trkpt>
   <trkpt lat="-8.093747" lon="-34.913173">
    <ele>7.5</ele>
    <time>2020-09-17T00:21:37.000Z</time>
   </trkpt>
   <trkpt lat="-8.093745" lon="-34.913119">
    <ele>7.5</ele>
    <time>2020-09-17T00:21:39.000Z</time>
   </trkpt>
   <trkpt lat="-8.093743" lon="-34.91309">
    <ele>7.5</ele>
    <time>2020-09-17T00:21:40.000Z</time>
   </trkpt>
   <trkpt lat="-8.093735" lon="-34.91305">
    <ele>7.5</ele>
    <time>2020-09-17T00:21:42.000Z</time>
   </trkpt>
   <trkpt lat="-8.093727" lon="-34.913017">
    <ele>7.5</ele>
    <time>2020-09-17T00:21:44.000Z</time>
   </trkpt>
   <trkpt lat="-8.093728" lon="-34.912958">
    <ele>7.5</ele>
    <time>2020-09-17T00:21:46.000Z</time>
   </trkpt>
   <trkpt lat="-8.093729" lon="-34.912925">
    <ele>7.5</ele>
    <time>2020-09-17T00:21:47.000Z</time>
   </trkpt>
   <trkpt lat="-8.093731" lon="-34.912894">
    <ele>7.5</ele>
    <time>2020-09-17T00:21:48.000Z</time>
   </trkpt>
   <trkpt lat="-8.093723" lon="-34.912863">
    <ele>7.5</ele>
    <time>2020-09-17T00:21:49.000Z</time>
   </trkpt>
   <trkpt lat="-8.093711" lon="-34.912836">
    <ele>7.5</ele>
    <time>2020-09-17T00:21:50.000Z</time>
   </trkpt>
   <trkpt lat="-8.093706" lon="-34.912805">
    <ele>7.5</ele>
    <time>2020-09-17T00:21:51.000Z</time>
   </trkpt>
   <trkpt lat="-8.093701" lon="-34.912776">
    <ele>7.5</ele>
    <time>2020-09-17T00:21:52.000Z</time>
   </trkpt>
   <trkpt lat="-8.093712" lon="-34.912739">
    <ele>7.5</ele>
    <time>2020-09-17T00:21:53.000Z</time>
   </trkpt>
   <trkpt lat="-8.093721" lon="-34.912705">
    <ele>7.5</ele>
    <time>2020-09-17T00:21:54.000Z</time>
   </trkpt>
   <trkpt lat="-8.093732" lon="-34.912669">
    <ele>7.5</ele>
    <time>2020-09-17T00:21:55.000Z</time>
   </trkpt>
   <trkpt lat="-8.093746" lon="-34.912633">
    <ele>7.5</ele>
    <time>2020-09-17T00:21:56.000Z</time>
   </trkpt>
   <trkpt lat="-8.093755" lon="-34.912601">
    <ele>7.5</ele>
    <time>2020-09-17T00:21:57.000Z</time>
   </trkpt>
   <trkpt lat="-8.093763" lon="-34.912565">
    <ele>7.5</ele>
    <time>2020-09-17T00:21:58.000Z</time>
   </trkpt>
   <trkpt lat="-8.093779" lon="-34.912523">
    <ele>7.5</ele>
    <time>2020-09-17T00:21:59.000Z</time>
   </trkpt>
   <trkpt lat="-8.093794" lon="-34.912481">
    <ele>7.5</ele>
    <time>2020-09-17T00:22:00.000Z</time>
   </trkpt>
   <trkpt lat="-8.093814" lon="-34.912441">
    <ele>7.5</ele>
    <time>2020-09-17T00:22:01.000Z</time>
   </trkpt>
   <trkpt lat="-8.093828" lon="-34.912403">
    <ele>7.4</ele>
    <time>2020-09-17T00:22:02.000Z</time>
   </trkpt>
   <trkpt lat="-8.093838" lon="-34.912371">
    <ele>7.4</ele>
    <time>2020-09-17T00:22:03.000Z</time>
   </trkpt>
   <trkpt lat="-8.093852" lon="-34.912339">
    <ele>7.4</ele>
    <time>2020-09-17T00:22:04.000Z</time>
   </trkpt>
   <trkpt lat="-8.093861" lon="-34.912306">
    <ele>7.4</ele>
    <time>2020-09-17T00:22:05.000Z</time>
   </trkpt>
   <trkpt lat="-8.093869" lon="-34.912277">
    <ele>7.4</ele>
    <time>2020-09-17T00:22:06.000Z</time>
   </trkpt>
   <trkpt lat="-8.093872" lon="-34.912247">
    <ele>7.4</ele>
    <time>2020-09-17T00:22:07.000Z</time>
   </trkpt>
   <trkpt lat="-8.093878" lon="-34.912218">
    <ele>7.4</ele>
    <time>2020-09-17T00:22:08.000Z</time>
   </trkpt>
   <trkpt lat="-8.093888" lon="-34.912184">
    <ele>7.4</ele>
    <time>2020-09-17T00:22:09.000Z</time>
   </trkpt>
   <trkpt lat="-8.093902" lon="-34.912148">
    <ele>7.4</ele>
    <time>2020-09-17T00:22:10.000Z</time>
   </trkpt>
   <trkpt lat="-8.093912" lon="-34.912112">
    <ele>7.4</ele>
    <time>2020-09-17T00:22:11.000Z</time>
   </trkpt>
   <trkpt lat="-8.093926" lon="-34.912075">
    <ele>7.5</ele>
    <time>2020-09-17T00:22:12.000Z</time>
   </trkpt>
   <trkpt lat="-8.09394" lon="-34.912035">
    <ele>7.5</ele>
    <time>2020-09-17T00:22:13.000Z</time>
   </trkpt>
   <trkpt lat="-8.093948" lon="-34.911991">
    <ele>7.5</ele>
    <time>2020-09-17T00:22:14.000Z</time>
   </trkpt>
   <trkpt lat="-8.093958" lon="-34.911951">
    <ele>7.5</ele>
    <time>2020-09-17T00:22:15.000Z</time>
   </trkpt>
   <trkpt lat="-8.093968" lon="-34.911917">
    <ele>7.5</ele>
    <time>2020-09-17T00:22:16.000Z</time>
   </trkpt>
   <trkpt lat="-8.093975" lon="-34.911883">
    <ele>7.5</ele>
    <time>2020-09-17T00:22:17.000Z</time>
   </trkpt>
   <trkpt lat="-8.093985" lon="-34.911848">
    <ele>7.5</ele>
    <time>2020-09-17T00:22:18.000Z</time>
   </trkpt>
   <trkpt lat="-8.094001" lon="-34.911816">
    <ele>7.5</ele>
    <time>2020-09-17T00:22:19.000Z</time>
   </trkpt>
   <trkpt lat="-8.094016" lon="-34.911786">
    <ele>7.6</ele>
    <time>2020-09-17T00:22:20.000Z</time>
   </trkpt>
   <trkpt lat="-8.094028" lon="-34.911757">
    <ele>7.6</ele>
    <time>2020-09-17T00:22:21.000Z</time>
   </trkpt>
   <trkpt lat="-8.094038" lon="-34.911723">
    <ele>7.6</ele>
    <time>2020-09-17T00:22:22.000Z</time>
   </trkpt>
   <trkpt lat="-8.094044" lon="-34.911696">
    <ele>7.6</ele>
    <time>2020-09-17T00:22:23.000Z</time>
   </trkpt>
   <trkpt lat="-8.094058" lon="-34.911654">
    <ele>7.7</ele>
    <time>2020-09-17T00:22:25.000Z</time>
   </trkpt>
   <trkpt lat="-8.094065" lon="-34.911618">
    <ele>7.7</ele>
    <time>2020-09-17T00:22:27.000Z</time>
   </trkpt>
   <trkpt lat="-8.094079" lon="-34.91159">
    <ele>7.8</ele>
    <time>2020-09-17T00:22:30.000Z</time>
   </trkpt>
   <trkpt lat="-8.094085" lon="-34.911564">
    <ele>7.8</ele>
    <time>2020-09-17T00:22:34.000Z</time>
   </trkpt>
   <trkpt lat="-8.094078" lon="-34.911488">
    <ele>7.9</ele>
    <time>2020-09-17T00:22:53.000Z</time>
   </trkpt>
   <trkpt lat="-8.09405" lon="-34.911473">
    <ele>7.9</ele>
    <time>2020-09-17T00:22:54.000Z</time>
   </trkpt>
   <trkpt lat="-8.094019" lon="-34.911457">
    <ele>7.9</ele>
    <time>2020-09-17T00:22:55.000Z</time>
   </trkpt>
   <trkpt lat="-8.093984" lon="-34.911442">
    <ele>7.9</ele>
    <time>2020-09-17T00:22:56.000Z</time>
   </trkpt>
   <trkpt lat="-8.093952" lon="-34.911432">
    <ele>7.9</ele>
    <time>2020-09-17T00:22:57.000Z</time>
   </trkpt>
   <trkpt lat="-8.093925" lon="-34.911418">
    <ele>7.9</ele>
    <time>2020-09-17T00:22:58.000Z</time>
   </trkpt>
   <trkpt lat="-8.093896" lon="-34.911407">
    <ele>7.9</ele>
    <time>2020-09-17T00:22:59.000Z</time>
   </trkpt>
   <trkpt lat="-8.093853" lon="-34.911393">
    <ele>7.8</ele>
    <time>2020-09-17T00:23:00.000Z</time>
   </trkpt>
   <trkpt lat="-8.09381" lon="-34.911375">
    <ele>7.8</ele>
    <time>2020-09-17T00:23:01.000Z</time>
   </trkpt>
   <trkpt lat="-8.093771" lon="-34.911359">
    <ele>7.8</ele>
    <time>2020-09-17T00:23:02.000Z</time>
   </trkpt>
   <trkpt lat="-8.093732" lon="-34.911344">
    <ele>7.8</ele>
    <time>2020-09-17T00:23:03.000Z</time>
   </trkpt>
   <trkpt lat="-8.093688" lon="-34.911339">
    <ele>7.8</ele>
    <time>2020-09-17T00:23:04.000Z</time>
   </trkpt>
   <trkpt lat="-8.093659" lon="-34.911334">
    <ele>7.8</ele>
    <time>2020-09-17T00:23:05.000Z</time>
   </trkpt>
   <trkpt lat="-8.09363" lon="-34.911328">
    <ele>7.8</ele>
    <time>2020-09-17T00:23:06.000Z</time>
   </trkpt>
   <trkpt lat="-8.093597" lon="-34.911325">
    <ele>7.8</ele>
    <time>2020-09-17T00:23:07.000Z</time>
   </trkpt>
   <trkpt lat="-8.093568" lon="-34.91131">
    <ele>7.8</ele>
    <time>2020-09-17T00:23:08.000Z</time>
   </trkpt>
   <trkpt lat="-8.093535" lon="-34.911292">
    <ele>7.8</ele>
    <time>2020-09-17T00:23:09.000Z</time>
   </trkpt>
   <trkpt lat="-8.093485" lon="-34.911279">
    <ele>7.8</ele>
    <time>2020-09-17T00:23:10.000Z</time>
   </trkpt>
   <trkpt lat="-8.093441" lon="-34.911267">
    <ele>7.8</ele>
    <time>2020-09-17T00:23:11.000Z</time>
   </trkpt>
   <trkpt lat="-8.093399" lon="-34.911258">
    <ele>7.8</ele>
    <time>2020-09-17T00:23:12.000Z</time>
   </trkpt>
   <trkpt lat="-8.093357" lon="-34.911255">
    <ele>7.8</ele>
    <time>2020-09-17T00:23:13.000Z</time>
   </trkpt>
   <trkpt lat="-8.09332" lon="-34.911242">
    <ele>7.8</ele>
    <time>2020-09-17T00:23:14.000Z</time>
   </trkpt>
   <trkpt lat="-8.093279" lon="-34.91122">
    <ele>7.8</ele>
    <time>2020-09-17T00:23:15.000Z</time>
   </trkpt>
   <trkpt lat="-8.093243" lon="-34.911208">
    <ele>7.8</ele>
    <time>2020-09-17T00:23:16.000Z</time>
   </trkpt>
   <trkpt lat="-8.09321" lon="-34.911197">
    <ele>7.8</ele>
    <time>2020-09-17T00:23:17.000Z</time>
   </trkpt>
   <trkpt lat="-8.093173" lon="-34.911185">
    <ele>7.8</ele>
    <time>2020-09-17T00:23:18.000Z</time>
   </trkpt>
   <trkpt lat="-8.093136" lon="-34.91117">
    <ele>7.8</ele>
    <time>2020-09-17T00:23:19.000Z</time>
   </trkpt>
   <trkpt lat="-8.093092" lon="-34.911155">
    <ele>7.8</ele>
    <time>2020-09-17T00:23:20.000Z</time>
   </trkpt>
   <trkpt lat="-8.093046" lon="-34.911149">
    <ele>7.8</ele>
    <time>2020-09-17T00:23:21.000Z</time>
   </trkpt>
   <trkpt lat="-8.09301" lon="-34.911137">
    <ele>7.8</ele>
    <time>2020-09-17T00:23:22.000Z</time>
   </trkpt>
   <trkpt lat="-8.092979" lon="-34.91113">
    <ele>7.8</ele>
    <time>2020-09-17T00:23:23.000Z</time>
   </trkpt>
   <trkpt lat="-8.092944" lon="-34.911128">
    <ele>7.8</ele>
    <time>2020-09-17T00:23:24.000Z</time>
   </trkpt>
   <trkpt lat="-8.092909" lon="-34.911123">
    <ele>7.9</ele>
    <time>2020-09-17T00:23:25.000Z</time>
   </trkpt>
   <trkpt lat="-8.092876" lon="-34.911116">
    <ele>7.9</ele>
    <time>2020-09-17T00:23:26.000Z</time>
   </trkpt>
   <trkpt lat="-8.092847" lon="-34.911118">
    <ele>7.9</ele>
    <time>2020-09-17T00:23:27.000Z</time>
   </trkpt>
   <trkpt lat="-8.092815" lon="-34.911109">
    <ele>7.9</ele>
    <time>2020-09-17T00:23:28.000Z</time>
   </trkpt>
   <trkpt lat="-8.092777" lon="-34.91111">
    <ele>7.9</ele>
    <time>2020-09-17T00:23:29.000Z</time>
   </trkpt>
   <trkpt lat="-8.092737" lon="-34.911103">
    <ele>7.9</ele>
    <time>2020-09-17T00:23:30.000Z</time>
   </trkpt>
   <trkpt lat="-8.092707" lon="-34.911089">
    <ele>7.9</ele>
    <time>2020-09-17T00:23:31.000Z</time>
   </trkpt>
   <trkpt lat="-8.092665" lon="-34.911082">
    <ele>7.9</ele>
    <time>2020-09-17T00:23:32.000Z</time>
   </trkpt>
   <trkpt lat="-8.092624" lon="-34.911071">
    <ele>7.9</ele>
    <time>2020-09-17T00:23:33.000Z</time>
   </trkpt>
   <trkpt lat="-8.092581" lon="-34.91107">
    <ele>7.9</ele>
    <time>2020-09-17T00:23:34.000Z</time>
   </trkpt>
   <trkpt lat="-8.09254" lon="-34.911057">
    <ele>7.9</ele>
    <time>2020-09-17T00:23:35.000Z</time>
   </trkpt>
   <trkpt lat="-8.092494" lon="-34.911042">
    <ele>7.9</ele>
    <time>2020-09-17T00:23:36.000Z</time>
   </trkpt>
   <trkpt lat="-8.092454" lon="-34.911036">
    <ele>7.9</ele>
    <time>2020-09-17T00:23:37.000Z</time>
   </trkpt>
   <trkpt lat="-8.092418" lon="-34.911023">
    <ele>7.9</ele>
    <time>2020-09-17T00:23:38.000Z</time>
   </trkpt>
   <trkpt lat="-8.092379" lon="-34.911019">
    <ele>7.9</ele>
    <time>2020-09-17T00:23:39.000Z</time>
   </trkpt>
   <trkpt lat="-8.092349" lon="-34.911014">
    <ele>7.9</ele>
    <time>2020-09-17T00:23:40.000Z</time>
   </trkpt>
   <trkpt lat="-8.092306" lon="-34.910999">
    <ele>7.9</ele>
    <time>2020-09-17T00:23:41.000Z</time>
   </trkpt>
   <trkpt lat="-8.092267" lon="-34.910996">
    <ele>7.9</ele>
    <time>2020-09-17T00:23:42.000Z</time>
   </trkpt>
   <trkpt lat="-8.092231" lon="-34.91099">
    <ele>7.9</ele>
    <time>2020-09-17T00:23:43.000Z</time>
   </trkpt>
   <trkpt lat="-8.092196" lon="-34.910988">
    <ele>7.9</ele>
    <time>2020-09-17T00:23:44.000Z</time>
   </trkpt>
   <trkpt lat="-8.09216" lon="-34.910978">
    <ele>7.9</ele>
    <time>2020-09-17T00:23:45.000Z</time>
   </trkpt>
   <trkpt lat="-8.092121" lon="-34.910971">
    <ele>7.9</ele>
    <time>2020-09-17T00:23:46.000Z</time>
   </trkpt>
   <trkpt lat="-8.092079" lon="-34.910961">
    <ele>7.9</ele>
    <time>2020-09-17T00:23:47.000Z</time>
   </trkpt>
   <trkpt lat="-8.092037" lon="-34.910953">
    <ele>7.9</ele>
    <time>2020-09-17T00:23:48.000Z</time>
   </trkpt>
   <trkpt lat="-8.091996" lon="-34.910947">
    <ele>7.9</ele>
    <time>2020-09-17T00:23:49.000Z</time>
   </trkpt>
   <trkpt lat="-8.091959" lon="-34.910935">
    <ele>7.9</ele>
    <time>2020-09-17T00:23:50.000Z</time>
   </trkpt>
   <trkpt lat="-8.091927" lon="-34.91093">
    <ele>7.9</ele>
    <time>2020-09-17T00:23:51.000Z</time>
   </trkpt>
   <trkpt lat="-8.091891" lon="-34.910925">
    <ele>7.9</ele>
    <time>2020-09-17T00:23:52.000Z</time>
   </trkpt>
   <trkpt lat="-8.091852" lon="-34.910918">
    <ele>7.9</ele>
    <time>2020-09-17T00:23:53.000Z</time>
   </trkpt>
   <trkpt lat="-8.09181" lon="-34.91092">
    <ele>8</ele>
    <time>2020-09-17T00:23:54.000Z</time>
   </trkpt>
   <trkpt lat="-8.091775" lon="-34.910914">
    <ele>8</ele>
    <time>2020-09-17T00:23:55.000Z</time>
   </trkpt>
   <trkpt lat="-8.091745" lon="-34.910903">
    <ele>8</ele>
    <time>2020-09-17T00:23:56.000Z</time>
   </trkpt>
   <trkpt lat="-8.091718" lon="-34.910896">
    <ele>8</ele>
    <time>2020-09-17T00:23:57.000Z</time>
   </trkpt>
   <trkpt lat="-8.091687" lon="-34.910883">
    <ele>8</ele>
    <time>2020-09-17T00:23:58.000Z</time>
   </trkpt>
   <trkpt lat="-8.091655" lon="-34.910874">
    <ele>8</ele>
    <time>2020-09-17T00:23:59.000Z</time>
   </trkpt>
   <trkpt lat="-8.091626" lon="-34.910862">
    <ele>8</ele>
    <time>2020-09-17T00:24:00.000Z</time>
   </trkpt>
   <trkpt lat="-8.091595" lon="-34.910854">
    <ele>8</ele>
    <time>2020-09-17T00:24:01.000Z</time>
   </trkpt>
   <trkpt lat="-8.091563" lon="-34.910845">
    <ele>8</ele>
    <time>2020-09-17T00:24:02.000Z</time>
   </trkpt>
   <trkpt lat="-8.091527" lon="-34.910842">
    <ele>8</ele>
    <time>2020-09-17T00:24:03.000Z</time>
   </trkpt>
   <trkpt lat="-8.091489" lon="-34.910838">
    <ele>8</ele>
    <time>2020-09-17T00:24:04.000Z</time>
   </trkpt>
   <trkpt lat="-8.091447" lon="-34.910832">
    <ele>8</ele>
    <time>2020-09-17T00:24:05.000Z</time>
   </trkpt>
   <trkpt lat="-8.091412" lon="-34.910818">
    <ele>8</ele>
    <time>2020-09-17T00:24:06.000Z</time>
   </trkpt>
   <trkpt lat="-8.091376" lon="-34.910804">
    <ele>8</ele>
    <time>2020-09-17T00:24:07.000Z</time>
   </trkpt>
   <trkpt lat="-8.091339" lon="-34.910794">
    <ele>8</ele>
    <time>2020-09-17T00:24:08.000Z</time>
   </trkpt>
   <trkpt lat="-8.091306" lon="-34.910783">
    <ele>8</ele>
    <time>2020-09-17T00:24:09.000Z</time>
   </trkpt>
   <trkpt lat="-8.091269" lon="-34.910771">
    <ele>8.1</ele>
    <time>2020-09-17T00:24:10.000Z</time>
   </trkpt>
   <trkpt lat="-8.091236" lon="-34.910763">
    <ele>8.1</ele>
    <time>2020-09-17T00:24:11.000Z</time>
   </trkpt>
   <trkpt lat="-8.091195" lon="-34.910758">
    <ele>8.1</ele>
    <time>2020-09-17T00:24:12.000Z</time>
   </trkpt>
   <trkpt lat="-8.091152" lon="-34.910756">
    <ele>8.1</ele>
    <time>2020-09-17T00:24:13.000Z</time>
   </trkpt>
   <trkpt lat="-8.091108" lon="-34.910754">
    <ele>8.1</ele>
    <time>2020-09-17T00:24:14.000Z</time>
   </trkpt>
   <trkpt lat="-8.091068" lon="-34.91075">
    <ele>8.1</ele>
    <time>2020-09-17T00:24:15.000Z</time>
   </trkpt>
   <trkpt lat="-8.091033" lon="-34.910743">
    <ele>8.1</ele>
    <time>2020-09-17T00:24:16.000Z</time>
   </trkpt>
   <trkpt lat="-8.090998" lon="-34.910732">
    <ele>8.2</ele>
    <time>2020-09-17T00:24:17.000Z</time>
   </trkpt>
   <trkpt lat="-8.09097" lon="-34.910719">
    <ele>8.2</ele>
    <time>2020-09-17T00:24:18.000Z</time>
   </trkpt>
   <trkpt lat="-8.090926" lon="-34.910695">
    <ele>8.2</ele>
    <time>2020-09-17T00:24:20.000Z</time>
   </trkpt>
   <trkpt lat="-8.090898" lon="-34.91069">
    <ele>8.2</ele>
    <time>2020-09-17T00:24:21.000Z</time>
   </trkpt>
   <trkpt lat="-8.090861" lon="-34.910679">
    <ele>8.2</ele>
    <time>2020-09-17T00:24:22.000Z</time>
   </trkpt>
   <trkpt lat="-8.090806" lon="-34.910673">
    <ele>8.1</ele>
    <time>2020-09-17T00:24:24.000Z</time>
   </trkpt>
   <trkpt lat="-8.090776" lon="-34.910666">
    <ele>8.1</ele>
    <time>2020-09-17T00:24:25.000Z</time>
   </trkpt>
   <trkpt lat="-8.090738" lon="-34.910659">
    <ele>8.1</ele>
    <time>2020-09-17T00:24:26.000Z</time>
   </trkpt>
   <trkpt lat="-8.090705" lon="-34.91065">
    <ele>8.1</ele>
    <time>2020-09-17T00:24:27.000Z</time>
   </trkpt>
   <trkpt lat="-8.090666" lon="-34.910636">
    <ele>8.1</ele>
    <time>2020-09-17T00:24:28.000Z</time>
   </trkpt>
   <trkpt lat="-8.090629" lon="-34.910623">
    <ele>8.1</ele>
    <time>2020-09-17T00:24:29.000Z</time>
   </trkpt>
   <trkpt lat="-8.090591" lon="-34.910615">
    <ele>8.1</ele>
    <time>2020-09-17T00:24:30.000Z</time>
   </trkpt>
   <trkpt lat="-8.090552" lon="-34.910609">
    <ele>8</ele>
    <time>2020-09-17T00:24:31.000Z</time>
   </trkpt>
   <trkpt lat="-8.090508" lon="-34.910606">
    <ele>8</ele>
    <time>2020-09-17T00:24:32.000Z</time>
   </trkpt>
   <trkpt lat="-8.090466" lon="-34.910605">
    <ele>8</ele>
    <time>2020-09-17T00:24:33.000Z</time>
   </trkpt>
   <trkpt lat="-8.090427" lon="-34.910599">
    <ele>8</ele>
    <time>2020-09-17T00:24:34.000Z</time>
   </trkpt>
   <trkpt lat="-8.090391" lon="-34.910596">
    <ele>8</ele>
    <time>2020-09-17T00:24:35.000Z</time>
   </trkpt>
   <trkpt lat="-8.090351" lon="-34.910583">
    <ele>8</ele>
    <time>2020-09-17T00:24:36.000Z</time>
   </trkpt>
   <trkpt lat="-8.090314" lon="-34.910569">
    <ele>8</ele>
    <time>2020-09-17T00:24:37.000Z</time>
   </trkpt>
   <trkpt lat="-8.090277" lon="-34.91055">
    <ele>8</ele>
    <time>2020-09-17T00:24:38.000Z</time>
   </trkpt>
   <trkpt lat="-8.090235" lon="-34.910533">
    <ele>7.9</ele>
    <time>2020-09-17T00:24:39.000Z</time>
   </trkpt>
   <trkpt lat="-8.090194" lon="-34.910532">
    <ele>7.9</ele>
    <time>2020-09-17T00:24:40.000Z</time>
   </trkpt>
   <trkpt lat="-8.09016" lon="-34.910528">
    <ele>7.9</ele>
    <time>2020-09-17T00:24:41.000Z</time>
   </trkpt>
   <trkpt lat="-8.090128" lon="-34.910521">
    <ele>7.9</ele>
    <time>2020-09-17T00:24:42.000Z</time>
   </trkpt>
   <trkpt lat="-8.090094" lon="-34.910512">
    <ele>7.9</ele>
    <time>2020-09-17T00:24:43.000Z</time>
   </trkpt>
   <trkpt lat="-8.090057" lon="-34.9105">
    <ele>7.9</ele>
    <time>2020-09-17T00:24:44.000Z</time>
   </trkpt>
   <trkpt lat="-8.090028" lon="-34.910484">
    <ele>7.9</ele>
    <time>2020-09-17T00:24:45.000Z</time>
   </trkpt>
   <trkpt lat="-8.089997" lon="-34.910469">
    <ele>7.9</ele>
    <time>2020-09-17T00:24:46.000Z</time>
   </trkpt>
   <trkpt lat="-8.089967" lon="-34.910463">
    <ele>7.9</ele>
    <time>2020-09-17T00:24:47.000Z</time>
   </trkpt>
   <trkpt lat="-8.089927" lon="-34.91046">
    <ele>7.9</ele>
    <time>2020-09-17T00:24:48.000Z</time>
   </trkpt>
   <trkpt lat="-8.089881" lon="-34.91045">
    <ele>7.9</ele>
    <time>2020-09-17T00:24:49.000Z</time>
   </trkpt>
   <trkpt lat="-8.089837" lon="-34.910443">
    <ele>7.9</ele>
    <time>2020-09-17T00:24:50.000Z</time>
   </trkpt>
   <trkpt lat="-8.0898" lon="-34.910439">
    <ele>8</ele>
    <time>2020-09-17T00:24:51.000Z</time>
   </trkpt>
   <trkpt lat="-8.089761" lon="-34.91043">
    <ele>8</ele>
    <time>2020-09-17T00:24:52.000Z</time>
   </trkpt>
   <trkpt lat="-8.089731" lon="-34.910425">
    <ele>8</ele>
    <time>2020-09-17T00:24:53.000Z</time>
   </trkpt>
   <trkpt lat="-8.089696" lon="-34.910417">
    <ele>8</ele>
    <time>2020-09-17T00:24:54.000Z</time>
   </trkpt>
   <trkpt lat="-8.089668" lon="-34.910417">
    <ele>8</ele>
    <time>2020-09-17T00:24:55.000Z</time>
   </trkpt>
   <trkpt lat="-8.089635" lon="-34.91041">
    <ele>7.9</ele>
    <time>2020-09-17T00:24:56.000Z</time>
   </trkpt>
   <trkpt lat="-8.089599" lon="-34.910393">
    <ele>7.8</ele>
    <time>2020-09-17T00:24:57.000Z</time>
   </trkpt>
   <trkpt lat="-8.089566" lon="-34.910364">
    <ele>7.7</ele>
    <time>2020-09-17T00:24:58.000Z</time>
   </trkpt>
   <trkpt lat="-8.089539" lon="-34.910332">
    <ele>7.6</ele>
    <time>2020-09-17T00:24:59.000Z</time>
   </trkpt>
   <trkpt lat="-8.08951" lon="-34.910294">
    <ele>7.5</ele>
    <time>2020-09-17T00:25:00.000Z</time>
   </trkpt>
   <trkpt lat="-8.0895" lon="-34.910265">
    <ele>7.5</ele>
    <time>2020-09-17T00:25:01.000Z</time>
   </trkpt>
   <trkpt lat="-8.089511" lon="-34.910237">
    <ele>7.4</ele>
    <time>2020-09-17T00:25:02.000Z</time>
   </trkpt>
   <trkpt lat="-8.089527" lon="-34.910211">
    <ele>7.4</ele>
    <time>2020-09-17T00:25:03.000Z</time>
   </trkpt>
   <trkpt lat="-8.089539" lon="-34.910183">
    <ele>7.3</ele>
    <time>2020-09-17T00:25:04.000Z</time>
   </trkpt>
   <trkpt lat="-8.089552" lon="-34.910154">
    <ele>7.3</ele>
    <time>2020-09-17T00:25:05.000Z</time>
   </trkpt>
   <trkpt lat="-8.08957" lon="-34.910123">
    <ele>7.2</ele>
    <time>2020-09-17T00:25:06.000Z</time>
   </trkpt>
   <trkpt lat="-8.089588" lon="-34.910091">
    <ele>7.2</ele>
    <time>2020-09-17T00:25:07.000Z</time>
   </trkpt>
   <trkpt lat="-8.089614" lon="-34.910067">
    <ele>7.1</ele>
    <time>2020-09-17T00:25:08.000Z</time>
   </trkpt>
   <trkpt lat="-8.08964" lon="-34.910038">
    <ele>7.1</ele>
    <time>2020-09-17T00:25:09.000Z</time>
   </trkpt>
   <trkpt lat="-8.089666" lon="-34.910013">
    <ele>7.1</ele>
    <time>2020-09-17T00:25:10.000Z</time>
   </trkpt>
   <trkpt lat="-8.089695" lon="-34.909983">
    <ele>7.1</ele>
    <time>2020-09-17T00:25:11.000Z</time>
   </trkpt>
   <trkpt lat="-8.089723" lon="-34.909954">
    <ele>7.1</ele>
    <time>2020-09-17T00:25:12.000Z</time>
   </trkpt>
   <trkpt lat="-8.08976" lon="-34.909928">
    <ele>7.2</ele>
    <time>2020-09-17T00:25:13.000Z</time>
   </trkpt>
   <trkpt lat="-8.089782" lon="-34.909899">
    <ele>7.2</ele>
    <time>2020-09-17T00:25:14.000Z</time>
   </trkpt>
   <trkpt lat="-8.08981" lon="-34.90987">
    <ele>7.2</ele>
    <time>2020-09-17T00:25:15.000Z</time>
   </trkpt>
   <trkpt lat="-8.089842" lon="-34.90984">
    <ele>7.2</ele>
    <time>2020-09-17T00:25:16.000Z</time>
   </trkpt>
   <trkpt lat="-8.089869" lon="-34.909806">
    <ele>7.2</ele>
    <time>2020-09-17T00:25:17.000Z</time>
   </trkpt>
   <trkpt lat="-8.089905" lon="-34.909776">
    <ele>7.2</ele>
    <time>2020-09-17T00:25:18.000Z</time>
   </trkpt>
   <trkpt lat="-8.089942" lon="-34.909749">
    <ele>7.2</ele>
    <time>2020-09-17T00:25:19.000Z</time>
   </trkpt>
   <trkpt lat="-8.089969" lon="-34.909722">
    <ele>7.3</ele>
    <time>2020-09-17T00:25:20.000Z</time>
   </trkpt>
   <trkpt lat="-8.089996" lon="-34.9097">
    <ele>7.3</ele>
    <time>2020-09-17T00:25:21.000Z</time>
   </trkpt>
   <trkpt lat="-8.090026" lon="-34.90967">
    <ele>7.3</ele>
    <time>2020-09-17T00:25:22.000Z</time>
   </trkpt>
   <trkpt lat="-8.090052" lon="-34.909645">
    <ele>7.4</ele>
    <time>2020-09-17T00:25:23.000Z</time>
   </trkpt>
   <trkpt lat="-8.090078" lon="-34.909617">
    <ele>7.4</ele>
    <time>2020-09-17T00:25:24.000Z</time>
   </trkpt>
   <trkpt lat="-8.090106" lon="-34.909592">
    <ele>7.5</ele>
    <time>2020-09-17T00:25:25.000Z</time>
   </trkpt>
   <trkpt lat="-8.090132" lon="-34.909572">
    <ele>7.5</ele>
    <time>2020-09-17T00:25:26.000Z</time>
   </trkpt>
   <trkpt lat="-8.09016" lon="-34.90956">
    <ele>7.5</ele>
    <time>2020-09-17T00:25:27.000Z</time>
   </trkpt>
   <trkpt lat="-8.090193" lon="-34.909541">
    <ele>7.6</ele>
    <time>2020-09-17T00:25:28.000Z</time>
   </trkpt>
   <trkpt lat="-8.090218" lon="-34.909513">
    <ele>7.6</ele>
    <time>2020-09-17T00:25:29.000Z</time>
   </trkpt>
   <trkpt lat="-8.09025" lon="-34.909494">
    <ele>7.5</ele>
    <time>2020-09-17T00:25:30.000Z</time>
   </trkpt>
   <trkpt lat="-8.090274" lon="-34.909465">
    <ele>7.5</ele>
    <time>2020-09-17T00:25:31.000Z</time>
   </trkpt>
   <trkpt lat="-8.090304" lon="-34.909443">
    <ele>7.5</ele>
    <time>2020-09-17T00:25:32.000Z</time>
   </trkpt>
   <trkpt lat="-8.090332" lon="-34.909413">
    <ele>7.4</ele>
    <time>2020-09-17T00:25:33.000Z</time>
   </trkpt>
   <trkpt lat="-8.090359" lon="-34.909386">
    <ele>7.4</ele>
    <time>2020-09-17T00:25:34.000Z</time>
   </trkpt>
   <trkpt lat="-8.090389" lon="-34.909361">
    <ele>7.4</ele>
    <time>2020-09-17T00:25:35.000Z</time>
   </trkpt>
   <trkpt lat="-8.090419" lon="-34.909333">
    <ele>7.4</ele>
    <time>2020-09-17T00:25:36.000Z</time>
   </trkpt>
   <trkpt lat="-8.090444" lon="-34.909307">
    <ele>7.4</ele>
    <time>2020-09-17T00:25:37.000Z</time>
   </trkpt>
   <trkpt lat="-8.090473" lon="-34.909279">
    <ele>7.4</ele>
    <time>2020-09-17T00:25:38.000Z</time>
   </trkpt>
   <trkpt lat="-8.090498" lon="-34.909256">
    <ele>7.4</ele>
    <time>2020-09-17T00:25:39.000Z</time>
   </trkpt>
   <trkpt lat="-8.090522" lon="-34.909237">
    <ele>7.4</ele>
    <time>2020-09-17T00:25:40.000Z</time>
   </trkpt>
   <trkpt lat="-8.090546" lon="-34.90922">
    <ele>7.4</ele>
    <time>2020-09-17T00:25:41.000Z</time>
   </trkpt>
   <trkpt lat="-8.090574" lon="-34.909201">
    <ele>7.4</ele>
    <time>2020-09-17T00:25:42.000Z</time>
   </trkpt>
   <trkpt lat="-8.090603" lon="-34.909179">
    <ele>7.4</ele>
    <time>2020-09-17T00:25:43.000Z</time>
   </trkpt>
   <trkpt lat="-8.090624" lon="-34.909155">
    <ele>7.4</ele>
    <time>2020-09-17T00:25:44.000Z</time>
   </trkpt>
   <trkpt lat="-8.090649" lon="-34.909135">
    <ele>7.4</ele>
    <time>2020-09-17T00:25:45.000Z</time>
   </trkpt>
   <trkpt lat="-8.090682" lon="-34.909113">
    <ele>7.4</ele>
    <time>2020-09-17T00:25:46.000Z</time>
   </trkpt>
   <trkpt lat="-8.090709" lon="-34.909088">
    <ele>7.5</ele>
    <time>2020-09-17T00:25:47.000Z</time>
   </trkpt>
   <trkpt lat="-8.090739" lon="-34.909072">
    <ele>7.5</ele>
    <time>2020-09-17T00:25:48.000Z</time>
   </trkpt>
   <trkpt lat="-8.090761" lon="-34.909055">
    <ele>7.5</ele>
    <time>2020-09-17T00:25:49.000Z</time>
   </trkpt>
   <trkpt lat="-8.090802" lon="-34.909028">
    <ele>7.6</ele>
    <time>2020-09-17T00:25:51.000Z</time>
   </trkpt>
   <trkpt lat="-8.090825" lon="-34.909005">
    <ele>7.6</ele>
    <time>2020-09-17T00:25:52.000Z</time>
   </trkpt>
   <trkpt lat="-8.090853" lon="-34.908973">
    <ele>7.6</ele>
    <time>2020-09-17T00:25:54.000Z</time>
   </trkpt>
   <trkpt lat="-8.09088" lon="-34.908947">
    <ele>7.7</ele>
    <time>2020-09-17T00:25:56.000Z</time>
   </trkpt>
   <trkpt lat="-8.090903" lon="-34.908928">
    <ele>7.7</ele>
    <time>2020-09-17T00:25:58.000Z</time>
   </trkpt>
   <trkpt lat="-8.090921" lon="-34.908905">
    <ele>7.7</ele>
    <time>2020-09-17T00:26:00.000Z</time>
   </trkpt>
   <trkpt lat="-8.09096" lon="-34.908877">
    <ele>7.7</ele>
    <time>2020-09-17T00:26:02.000Z</time>
   </trkpt>
   <trkpt lat="-8.090982" lon="-34.908854">
    <ele>7.8</ele>
    <time>2020-09-17T00:26:03.000Z</time>
   </trkpt>
   <trkpt lat="-8.091001" lon="-34.908834">
    <ele>7.8</ele>
    <time>2020-09-17T00:26:04.000Z</time>
   </trkpt>
   <trkpt lat="-8.091031" lon="-34.908802">
    <ele>7.8</ele>
    <time>2020-09-17T00:26:06.000Z</time>
   </trkpt>
   <trkpt lat="-8.091054" lon="-34.908775">
    <ele>7.8</ele>
    <time>2020-09-17T00:26:07.000Z</time>
   </trkpt>
   <trkpt lat="-8.091071" lon="-34.908748">
    <ele>7.8</ele>
    <time>2020-09-17T00:26:08.000Z</time>
   </trkpt>
   <trkpt lat="-8.091082" lon="-34.90871">
    <ele>7.8</ele>
    <time>2020-09-17T00:26:09.000Z</time>
   </trkpt>
   <trkpt lat="-8.091081" lon="-34.908661">
    <ele>7.8</ele>
    <time>2020-09-17T00:26:10.000Z</time>
   </trkpt>
   <trkpt lat="-8.091078" lon="-34.908624">
    <ele>7.8</ele>
    <time>2020-09-17T00:26:11.000Z</time>
   </trkpt>
   <trkpt lat="-8.091065" lon="-34.908589">
    <ele>7.8</ele>
    <time>2020-09-17T00:26:12.000Z</time>
   </trkpt>
   <trkpt lat="-8.091053" lon="-34.908559">
    <ele>7.8</ele>
    <time>2020-09-17T00:26:13.000Z</time>
   </trkpt>
   <trkpt lat="-8.091038" lon="-34.90853">
    <ele>7.8</ele>
    <time>2020-09-17T00:26:14.000Z</time>
   </trkpt>
   <trkpt lat="-8.091003" lon="-34.908492">
    <ele>7.8</ele>
    <time>2020-09-17T00:26:16.000Z</time>
   </trkpt>
   <trkpt lat="-8.090975" lon="-34.908484">
    <ele>7.8</ele>
    <time>2020-09-17T00:26:17.000Z</time>
   </trkpt>
   <trkpt lat="-8.090943" lon="-34.908476">
    <ele>7.7</ele>
    <time>2020-09-17T00:26:18.000Z</time>
   </trkpt>
   <trkpt lat="-8.090913" lon="-34.908461">
    <ele>7.7</ele>
    <time>2020-09-17T00:26:19.000Z</time>
   </trkpt>
   <trkpt lat="-8.090879" lon="-34.90845">
    <ele>7.7</ele>
    <time>2020-09-17T00:26:20.000Z</time>
   </trkpt>
   <trkpt lat="-8.090848" lon="-34.908453">
    <ele>7.6</ele>
    <time>2020-09-17T00:26:21.000Z</time>
   </trkpt>
   <trkpt lat="-8.090809" lon="-34.908455">
    <ele>7.6</ele>
    <time>2020-09-17T00:26:22.000Z</time>
   </trkpt>
   <trkpt lat="-8.090778" lon="-34.908448">
    <ele>7.6</ele>
    <time>2020-09-17T00:26:23.000Z</time>
   </trkpt>
   <trkpt lat="-8.090748" lon="-34.908434">
    <ele>7.6</ele>
    <time>2020-09-17T00:26:24.000Z</time>
   </trkpt>
   <trkpt lat="-8.090712" lon="-34.908419">
    <ele>7.5</ele>
    <time>2020-09-17T00:26:25.000Z</time>
   </trkpt>
   <trkpt lat="-8.090675" lon="-34.908415">
    <ele>7.5</ele>
    <time>2020-09-17T00:26:26.000Z</time>
   </trkpt>
   <trkpt lat="-8.090624" lon="-34.908413">
    <ele>7.5</ele>
    <time>2020-09-17T00:26:28.000Z</time>
   </trkpt>
   <trkpt lat="-8.090587" lon="-34.908405">
    <ele>7.4</ele>
    <time>2020-09-17T00:26:29.000Z</time>
   </trkpt>
   <trkpt lat="-8.09055" lon="-34.9084">
    <ele>7.4</ele>
    <time>2020-09-17T00:26:30.000Z</time>
   </trkpt>
   <trkpt lat="-8.090504" lon="-34.908379">
    <ele>7.4</ele>
    <time>2020-09-17T00:26:31.000Z</time>
   </trkpt>
   <trkpt lat="-8.090461" lon="-34.908365">
    <ele>7.4</ele>
    <time>2020-09-17T00:26:32.000Z</time>
   </trkpt>
   <trkpt lat="-8.09043" lon="-34.908357">
    <ele>7.4</ele>
    <time>2020-09-17T00:26:33.000Z</time>
   </trkpt>
   <trkpt lat="-8.090391" lon="-34.908341">
    <ele>7.4</ele>
    <time>2020-09-17T00:26:34.000Z</time>
   </trkpt>
   <trkpt lat="-8.090352" lon="-34.908332">
    <ele>7.4</ele>
    <time>2020-09-17T00:26:35.000Z</time>
   </trkpt>
   <trkpt lat="-8.090316" lon="-34.908331">
    <ele>7.4</ele>
    <time>2020-09-17T00:26:36.000Z</time>
   </trkpt>
   <trkpt lat="-8.090277" lon="-34.908327">
    <ele>7.4</ele>
    <time>2020-09-17T00:26:37.000Z</time>
   </trkpt>
   <trkpt lat="-8.09023" lon="-34.908322">
    <ele>7.4</ele>
    <time>2020-09-17T00:26:38.000Z</time>
   </trkpt>
   <trkpt lat="-8.090183" lon="-34.908317">
    <ele>7.4</ele>
    <time>2020-09-17T00:26:39.000Z</time>
   </trkpt>
   <trkpt lat="-8.090142" lon="-34.908309">
    <ele>7.4</ele>
    <time>2020-09-17T00:26:40.000Z</time>
   </trkpt>
   <trkpt lat="-8.090101" lon="-34.908294">
    <ele>7.4</ele>
    <time>2020-09-17T00:26:41.000Z</time>
   </trkpt>
   <trkpt lat="-8.090055" lon="-34.908281">
    <ele>7.4</ele>
    <time>2020-09-17T00:26:42.000Z</time>
   </trkpt>
   <trkpt lat="-8.090019" lon="-34.90828">
    <ele>7.4</ele>
    <time>2020-09-17T00:26:43.000Z</time>
   </trkpt>
   <trkpt lat="-8.089986" lon="-34.908274">
    <ele>7.4</ele>
    <time>2020-09-17T00:26:44.000Z</time>
   </trkpt>
   <trkpt lat="-8.089954" lon="-34.908271">
    <ele>7.5</ele>
    <time>2020-09-17T00:26:45.000Z</time>
   </trkpt>
   <trkpt lat="-8.089922" lon="-34.908258">
    <ele>7.5</ele>
    <time>2020-09-17T00:26:46.000Z</time>
   </trkpt>
   <trkpt lat="-8.089883" lon="-34.908245">
    <ele>7.5</ele>
    <time>2020-09-17T00:26:47.000Z</time>
   </trkpt>
   <trkpt lat="-8.089843" lon="-34.908236">
    <ele>7.5</ele>
    <time>2020-09-17T00:26:48.000Z</time>
   </trkpt>
   <trkpt lat="-8.089804" lon="-34.908222">
    <ele>7.6</ele>
    <time>2020-09-17T00:26:49.000Z</time>
   </trkpt>
   <trkpt lat="-8.089767" lon="-34.90821">
    <ele>7.6</ele>
    <time>2020-09-17T00:26:50.000Z</time>
   </trkpt>
   <trkpt lat="-8.089728" lon="-34.908209">
    <ele>7.6</ele>
    <time>2020-09-17T00:26:51.000Z</time>
   </trkpt>
   <trkpt lat="-8.089686" lon="-34.908198">
    <ele>7.6</ele>
    <time>2020-09-17T00:26:52.000Z</time>
   </trkpt>
   <trkpt lat="-8.089642" lon="-34.908189">
    <ele>7.6</ele>
    <time>2020-09-17T00:26:53.000Z</time>
   </trkpt>
   <trkpt lat="-8.089604" lon="-34.908184">
    <ele>7.6</ele>
    <time>2020-09-17T00:26:54.000Z</time>
   </trkpt>
   <trkpt lat="-8.089569" lon="-34.908175">
    <ele>7.6</ele>
    <time>2020-09-17T00:26:55.000Z</time>
   </trkpt>
   <trkpt lat="-8.089512" lon="-34.908164">
    <ele>7.5</ele>
    <time>2020-09-17T00:26:57.000Z</time>
   </trkpt>
   <trkpt lat="-8.089484" lon="-34.908167">
    <ele>7.5</ele>
    <time>2020-09-17T00:26:58.000Z</time>
   </trkpt>
   <trkpt lat="-8.089458" lon="-34.908157">
    <ele>7.5</ele>
    <time>2020-09-17T00:26:59.000Z</time>
   </trkpt>
   <trkpt lat="-8.089407" lon="-34.908132">
    <ele>7.5</ele>
    <time>2020-09-17T00:27:01.000Z</time>
   </trkpt>
   <trkpt lat="-8.089373" lon="-34.908122">
    <ele>7.5</ele>
    <time>2020-09-17T00:27:02.000Z</time>
   </trkpt>
   <trkpt lat="-8.08934" lon="-34.908117">
    <ele>7.5</ele>
    <time>2020-09-17T00:27:03.000Z</time>
   </trkpt>
   <trkpt lat="-8.089309" lon="-34.908107">
    <ele>7.5</ele>
    <time>2020-09-17T00:27:04.000Z</time>
   </trkpt>
   <trkpt lat="-8.089278" lon="-34.908098">
    <ele>7.5</ele>
    <time>2020-09-17T00:27:05.000Z</time>
   </trkpt>
   <trkpt lat="-8.089244" lon="-34.9081">
    <ele>7.5</ele>
    <time>2020-09-17T00:27:06.000Z</time>
   </trkpt>
   <trkpt lat="-8.089214" lon="-34.908097">
    <ele>7.5</ele>
    <time>2020-09-17T00:27:07.000Z</time>
   </trkpt>
   <trkpt lat="-8.089165" lon="-34.908086">
    <ele>7.5</ele>
    <time>2020-09-17T00:27:09.000Z</time>
   </trkpt>
   <trkpt lat="-8.089136" lon="-34.908082">
    <ele>7.5</ele>
    <time>2020-09-17T00:27:10.000Z</time>
   </trkpt>
   <trkpt lat="-8.0891" lon="-34.908081">
    <ele>7.5</ele>
    <time>2020-09-17T00:27:11.000Z</time>
   </trkpt>
   <trkpt lat="-8.089044" lon="-34.908083">
    <ele>7.5</ele>
    <time>2020-09-17T00:27:13.000Z</time>
   </trkpt>
   <trkpt lat="-8.089007" lon="-34.908073">
    <ele>7.5</ele>
    <time>2020-09-17T00:27:15.000Z</time>
   </trkpt>
   <trkpt lat="-8.088971" lon="-34.908082">
    <ele>7.5</ele>
    <time>2020-09-17T00:27:16.000Z</time>
   </trkpt>
   <trkpt lat="-8.088936" lon="-34.908088">
    <ele>7.5</ele>
    <time>2020-09-17T00:27:17.000Z</time>
   </trkpt>
   <trkpt lat="-8.088902" lon="-34.908083">
    <ele>7.5</ele>
    <time>2020-09-17T00:27:18.000Z</time>
   </trkpt>
   <trkpt lat="-8.088863" lon="-34.908084">
    <ele>7.6</ele>
    <time>2020-09-17T00:27:19.000Z</time>
   </trkpt>
   <trkpt lat="-8.088831" lon="-34.908075">
    <ele>7.6</ele>
    <time>2020-09-17T00:27:20.000Z</time>
   </trkpt>
   <trkpt lat="-8.0888" lon="-34.908064">
    <ele>7.6</ele>
    <time>2020-09-17T00:27:21.000Z</time>
   </trkpt>
   <trkpt lat="-8.088763" lon="-34.908052">
    <ele>7.6</ele>
    <time>2020-09-17T00:27:22.000Z</time>
   </trkpt>
   <trkpt lat="-8.088726" lon="-34.908039">
    <ele>7.6</ele>
    <time>2020-09-17T00:27:23.000Z</time>
   </trkpt>
   <trkpt lat="-8.088687" lon="-34.908027">
    <ele>7.6</ele>
    <time>2020-09-17T00:27:24.000Z</time>
   </trkpt>
   <trkpt lat="-8.088648" lon="-34.908014">
    <ele>7.6</ele>
    <time>2020-09-17T00:27:25.000Z</time>
   </trkpt>
   <trkpt lat="-8.088609" lon="-34.908002">
    <ele>7.6</ele>
    <time>2020-09-17T00:27:26.000Z</time>
   </trkpt>
   <trkpt lat="-8.088564" lon="-34.907989">
    <ele>7.6</ele>
    <time>2020-09-17T00:27:27.000Z</time>
   </trkpt>
   <trkpt lat="-8.088515" lon="-34.907984">
    <ele>7.6</ele>
    <time>2020-09-17T00:27:28.000Z</time>
   </trkpt>
   <trkpt lat="-8.088474" lon="-34.907973">
    <ele>7.6</ele>
    <time>2020-09-17T00:27:29.000Z</time>
   </trkpt>
   <trkpt lat="-8.088433" lon="-34.90796">
    <ele>7.6</ele>
    <time>2020-09-17T00:27:30.000Z</time>
   </trkpt>
   <trkpt lat="-8.08839" lon="-34.907945">
    <ele>7.6</ele>
    <time>2020-09-17T00:27:31.000Z</time>
   </trkpt>
   <trkpt lat="-8.088344" lon="-34.907931">
    <ele>7.6</ele>
    <time>2020-09-17T00:27:32.000Z</time>
   </trkpt>
   <trkpt lat="-8.088298" lon="-34.907916">
    <ele>7.7</ele>
    <time>2020-09-17T00:27:33.000Z</time>
   </trkpt>
   <trkpt lat="-8.088253" lon="-34.907897">
    <ele>7.7</ele>
    <time>2020-09-17T00:27:34.000Z</time>
   </trkpt>
   <trkpt lat="-8.08821" lon="-34.907889">
    <ele>7.7</ele>
    <time>2020-09-17T00:27:35.000Z</time>
   </trkpt>
   <trkpt lat="-8.088165" lon="-34.907883">
    <ele>7.7</ele>
    <time>2020-09-17T00:27:36.000Z</time>
   </trkpt>
   <trkpt lat="-8.088113" lon="-34.907878">
    <ele>7.8</ele>
    <time>2020-09-17T00:27:37.000Z</time>
   </trkpt>
   <trkpt lat="-8.088064" lon="-34.907866">
    <ele>7.8</ele>
    <time>2020-09-17T00:27:38.000Z</time>
   </trkpt>
   <trkpt lat="-8.088012" lon="-34.907846">
    <ele>7.8</ele>
    <time>2020-09-17T00:27:39.000Z</time>
   </trkpt>
   <trkpt lat="-8.087964" lon="-34.907836">
    <ele>7.8</ele>
    <time>2020-09-17T00:27:40.000Z</time>
   </trkpt>
   <trkpt lat="-8.087913" lon="-34.90783">
    <ele>7.8</ele>
    <time>2020-09-17T00:27:41.000Z</time>
   </trkpt>
   <trkpt lat="-8.08787" lon="-34.907823">
    <ele>7.8</ele>
    <time>2020-09-17T00:27:42.000Z</time>
   </trkpt>
   <trkpt lat="-8.087831" lon="-34.90781">
    <ele>7.8</ele>
    <time>2020-09-17T00:27:43.000Z</time>
   </trkpt>
   <trkpt lat="-8.08779" lon="-34.907798">
    <ele>7.8</ele>
    <time>2020-09-17T00:27:44.000Z</time>
   </trkpt>
   <trkpt lat="-8.087746" lon="-34.907792">
    <ele>7.8</ele>
    <time>2020-09-17T00:27:45.000Z</time>
   </trkpt>
   <trkpt lat="-8.087704" lon="-34.907774">
    <ele>7.8</ele>
    <time>2020-09-17T00:27:46.000Z</time>
   </trkpt>
   <trkpt lat="-8.087668" lon="-34.907763">
    <ele>7.8</ele>
    <time>2020-09-17T00:27:47.000Z</time>
   </trkpt>
   <trkpt lat="-8.08763" lon="-34.907758">
    <ele>7.8</ele>
    <time>2020-09-17T00:27:48.000Z</time>
   </trkpt>
   <trkpt lat="-8.087588" lon="-34.90774">
    <ele>7.7</ele>
    <time>2020-09-17T00:27:49.000Z</time>
   </trkpt>
   <trkpt lat="-8.087553" lon="-34.907737">
    <ele>7.7</ele>
    <time>2020-09-17T00:27:50.000Z</time>
   </trkpt>
   <trkpt lat="-8.087509" lon="-34.907727">
    <ele>7.7</ele>
    <time>2020-09-17T00:27:51.000Z</time>
   </trkpt>
   <trkpt lat="-8.087464" lon="-34.907733">
    <ele>7.7</ele>
    <time>2020-09-17T00:27:52.000Z</time>
   </trkpt>
   <trkpt lat="-8.087422" lon="-34.907728">
    <ele>7.7</ele>
    <time>2020-09-17T00:27:53.000Z</time>
   </trkpt>
   <trkpt lat="-8.087381" lon="-34.907715">
    <ele>7.7</ele>
    <time>2020-09-17T00:27:54.000Z</time>
   </trkpt>
   <trkpt lat="-8.087347" lon="-34.9077">
    <ele>7.7</ele>
    <time>2020-09-17T00:27:55.000Z</time>
   </trkpt>
   <trkpt lat="-8.087308" lon="-34.907688">
    <ele>7.7</ele>
    <time>2020-09-17T00:27:56.000Z</time>
   </trkpt>
   <trkpt lat="-8.087258" lon="-34.907673">
    <ele>7.7</ele>
    <time>2020-09-17T00:27:57.000Z</time>
   </trkpt>
   <trkpt lat="-8.087213" lon="-34.907662">
    <ele>7.7</ele>
    <time>2020-09-17T00:27:58.000Z</time>
   </trkpt>
   <trkpt lat="-8.087163" lon="-34.907648">
    <ele>7.7</ele>
    <time>2020-09-17T00:27:59.000Z</time>
   </trkpt>
   <trkpt lat="-8.087117" lon="-34.907634">
    <ele>7.7</ele>
    <time>2020-09-17T00:28:00.000Z</time>
   </trkpt>
   <trkpt lat="-8.087072" lon="-34.907617">
    <ele>7.7</ele>
    <time>2020-09-17T00:28:01.000Z</time>
   </trkpt>
   <trkpt lat="-8.087024" lon="-34.907607">
    <ele>7.7</ele>
    <time>2020-09-17T00:28:02.000Z</time>
   </trkpt>
   <trkpt lat="-8.086974" lon="-34.907602">
    <ele>7.7</ele>
    <time>2020-09-17T00:28:03.000Z</time>
   </trkpt>
   <trkpt lat="-8.086923" lon="-34.907586">
    <ele>7.7</ele>
    <time>2020-09-17T00:28:04.000Z</time>
   </trkpt>
   <trkpt lat="-8.086876" lon="-34.907572">
    <ele>7.7</ele>
    <time>2020-09-17T00:28:05.000Z</time>
   </trkpt>
   <trkpt lat="-8.086832" lon="-34.90756">
    <ele>7.7</ele>
    <time>2020-09-17T00:28:06.000Z</time>
   </trkpt>
   <trkpt lat="-8.08679" lon="-34.907551">
    <ele>7.8</ele>
    <time>2020-09-17T00:28:07.000Z</time>
   </trkpt>
   <trkpt lat="-8.086761" lon="-34.907541">
    <ele>7.8</ele>
    <time>2020-09-17T00:28:08.000Z</time>
   </trkpt>
   <trkpt lat="-8.086716" lon="-34.907531">
    <ele>7.8</ele>
    <time>2020-09-17T00:28:09.000Z</time>
   </trkpt>
   <trkpt lat="-8.086678" lon="-34.907527">
    <ele>7.8</ele>
    <time>2020-09-17T00:28:10.000Z</time>
   </trkpt>
   <trkpt lat="-8.086649" lon="-34.90752">
    <ele>7.8</ele>
    <time>2020-09-17T00:28:11.000Z</time>
   </trkpt>
   <trkpt lat="-8.086621" lon="-34.907509">
    <ele>7.8</ele>
    <time>2020-09-17T00:28:12.000Z</time>
   </trkpt>
   <trkpt lat="-8.086593" lon="-34.907493">
    <ele>7.8</ele>
    <time>2020-09-17T00:28:13.000Z</time>
   </trkpt>
   <trkpt lat="-8.086563" lon="-34.907482">
    <ele>7.8</ele>
    <time>2020-09-17T00:28:14.000Z</time>
   </trkpt>
   <trkpt lat="-8.086521" lon="-34.907468">
    <ele>7.8</ele>
    <time>2020-09-17T00:28:15.000Z</time>
   </trkpt>
   <trkpt lat="-8.086471" lon="-34.907465">
    <ele>7.7</ele>
    <time>2020-09-17T00:28:16.000Z</time>
   </trkpt>
   <trkpt lat="-8.086434" lon="-34.907461">
    <ele>7.7</ele>
    <time>2020-09-17T00:28:17.000Z</time>
   </trkpt>
   <trkpt lat="-8.086388" lon="-34.907452">
    <ele>7.7</ele>
    <time>2020-09-17T00:28:18.000Z</time>
   </trkpt>
   <trkpt lat="-8.086343" lon="-34.907451">
    <ele>7.7</ele>
    <time>2020-09-17T00:28:19.000Z</time>
   </trkpt>
   <trkpt lat="-8.086302" lon="-34.907446">
    <ele>7.7</ele>
    <time>2020-09-17T00:28:20.000Z</time>
   </trkpt>
   <trkpt lat="-8.086263" lon="-34.907443">
    <ele>7.7</ele>
    <time>2020-09-17T00:28:21.000Z</time>
   </trkpt>
   <trkpt lat="-8.086218" lon="-34.907438">
    <ele>7.6</ele>
    <time>2020-09-17T00:28:22.000Z</time>
   </trkpt>
   <trkpt lat="-8.086179" lon="-34.907428">
    <ele>7.6</ele>
    <time>2020-09-17T00:28:23.000Z</time>
   </trkpt>
   <trkpt lat="-8.086137" lon="-34.907421">
    <ele>7.6</ele>
    <time>2020-09-17T00:28:24.000Z</time>
   </trkpt>
   <trkpt lat="-8.086093" lon="-34.90741">
    <ele>7.6</ele>
    <time>2020-09-17T00:28:25.000Z</time>
   </trkpt>
   <trkpt lat="-8.086049" lon="-34.907401">
    <ele>7.6</ele>
    <time>2020-09-17T00:28:26.000Z</time>
   </trkpt>
   <trkpt lat="-8.086002" lon="-34.907394">
    <ele>7.6</ele>
    <time>2020-09-17T00:28:27.000Z</time>
   </trkpt>
   <trkpt lat="-8.085959" lon="-34.907385">
    <ele>7.5</ele>
    <time>2020-09-17T00:28:28.000Z</time>
   </trkpt>
   <trkpt lat="-8.085917" lon="-34.907379">
    <ele>7.5</ele>
    <time>2020-09-17T00:28:29.000Z</time>
   </trkpt>
   <trkpt lat="-8.085869" lon="-34.90736">
    <ele>7.5</ele>
    <time>2020-09-17T00:28:30.000Z</time>
   </trkpt>
   <trkpt lat="-8.085822" lon="-34.907348">
    <ele>7.5</ele>
    <time>2020-09-17T00:28:31.000Z</time>
   </trkpt>
   <trkpt lat="-8.085774" lon="-34.907335">
    <ele>7.5</ele>
    <time>2020-09-17T00:28:32.000Z</time>
   </trkpt>
   <trkpt lat="-8.085725" lon="-34.907327">
    <ele>7.5</ele>
    <time>2020-09-17T00:28:33.000Z</time>
   </trkpt>
   <trkpt lat="-8.085681" lon="-34.90731">
    <ele>7.5</ele>
    <time>2020-09-17T00:28:34.000Z</time>
   </trkpt>
   <trkpt lat="-8.085634" lon="-34.907296">
    <ele>7.5</ele>
    <time>2020-09-17T00:28:35.000Z</time>
   </trkpt>
   <trkpt lat="-8.085593" lon="-34.907287">
    <ele>7.6</ele>
    <time>2020-09-17T00:28:36.000Z</time>
   </trkpt>
   <trkpt lat="-8.085556" lon="-34.907277">
    <ele>7.6</ele>
    <time>2020-09-17T00:28:37.000Z</time>
   </trkpt>
   <trkpt lat="-8.085516" lon="-34.907263">
    <ele>7.6</ele>
    <time>2020-09-17T00:28:38.000Z</time>
   </trkpt>
   <trkpt lat="-8.085476" lon="-34.907248">
    <ele>7.7</ele>
    <time>2020-09-17T00:28:39.000Z</time>
   </trkpt>
   <trkpt lat="-8.085434" lon="-34.907241">
    <ele>7.7</ele>
    <time>2020-09-17T00:28:40.000Z</time>
   </trkpt>
   <trkpt lat="-8.085396" lon="-34.907231">
    <ele>7.8</ele>
    <time>2020-09-17T00:28:41.000Z</time>
   </trkpt>
   <trkpt lat="-8.085355" lon="-34.907217">
    <ele>7.8</ele>
    <time>2020-09-17T00:28:42.000Z</time>
   </trkpt>
   <trkpt lat="-8.085313" lon="-34.907209">
    <ele>7.9</ele>
    <time>2020-09-17T00:28:43.000Z</time>
   </trkpt>
   <trkpt lat="-8.085267" lon="-34.907198">
    <ele>8</ele>
    <time>2020-09-17T00:28:44.000Z</time>
   </trkpt>
   <trkpt lat="-8.085219" lon="-34.907186">
    <ele>8.1</ele>
    <time>2020-09-17T00:28:45.000Z</time>
   </trkpt>
   <trkpt lat="-8.08517" lon="-34.907172">
    <ele>8.1</ele>
    <time>2020-09-17T00:28:46.000Z</time>
   </trkpt>
   <trkpt lat="-8.085124" lon="-34.907166">
    <ele>8.2</ele>
    <time>2020-09-17T00:28:47.000Z</time>
   </trkpt>
   <trkpt lat="-8.085077" lon="-34.907152">
    <ele>8.3</ele>
    <time>2020-09-17T00:28:48.000Z</time>
   </trkpt>
   <trkpt lat="-8.085035" lon="-34.907143">
    <ele>8.4</ele>
    <time>2020-09-17T00:28:49.000Z</time>
   </trkpt>
   <trkpt lat="-8.084993" lon="-34.90713">
    <ele>8.4</ele>
    <time>2020-09-17T00:28:50.000Z</time>
   </trkpt>
   <trkpt lat="-8.08495" lon="-34.907117">
    <ele>8.4</ele>
    <time>2020-09-17T00:28:51.000Z</time>
   </trkpt>
   <trkpt lat="-8.084916" lon="-34.907114">
    <ele>8.5</ele>
    <time>2020-09-17T00:28:52.000Z</time>
   </trkpt>
   <trkpt lat="-8.084881" lon="-34.90712">
    <ele>8.5</ele>
    <time>2020-09-17T00:28:53.000Z</time>
   </trkpt>
   <trkpt lat="-8.084844" lon="-34.90712">
    <ele>8.7</ele>
    <time>2020-09-17T00:28:54.000Z</time>
   </trkpt>
   <trkpt lat="-8.0848" lon="-34.907114">
    <ele>8.8</ele>
    <time>2020-09-17T00:28:55.000Z</time>
   </trkpt>
   <trkpt lat="-8.084761" lon="-34.907109">
    <ele>8.9</ele>
    <time>2020-09-17T00:28:56.000Z</time>
   </trkpt>
   <trkpt lat="-8.084722" lon="-34.907103">
    <ele>9.1</ele>
    <time>2020-09-17T00:28:57.000Z</time>
   </trkpt>
   <trkpt lat="-8.084685" lon="-34.9071">
    <ele>9.2</ele>
    <time>2020-09-17T00:28:58.000Z</time>
   </trkpt>
   <trkpt lat="-8.084648" lon="-34.907088">
    <ele>9.3</ele>
    <time>2020-09-17T00:28:59.000Z</time>
   </trkpt>
   <trkpt lat="-8.084612" lon="-34.907079">
    <ele>9.4</ele>
    <time>2020-09-17T00:29:00.000Z</time>
   </trkpt>
   <trkpt lat="-8.084567" lon="-34.907069">
    <ele>9.6</ele>
    <time>2020-09-17T00:29:01.000Z</time>
   </trkpt>
   <trkpt lat="-8.084526" lon="-34.907065">
    <ele>9.7</ele>
    <time>2020-09-17T00:29:02.000Z</time>
   </trkpt>
   <trkpt lat="-8.084481" lon="-34.907057">
    <ele>9.8</ele>
    <time>2020-09-17T00:29:03.000Z</time>
   </trkpt>
   <trkpt lat="-8.084433" lon="-34.907045">
    <ele>9.9</ele>
    <time>2020-09-17T00:29:04.000Z</time>
   </trkpt>
   <trkpt lat="-8.084389" lon="-34.907033">
    <ele>10</ele>
    <time>2020-09-17T00:29:05.000Z</time>
   </trkpt>
   <trkpt lat="-8.084344" lon="-34.907027">
    <ele>10.1</ele>
    <time>2020-09-17T00:29:06.000Z</time>
   </trkpt>
   <trkpt lat="-8.084303" lon="-34.907019">
    <ele>10.1</ele>
    <time>2020-09-17T00:29:07.000Z</time>
   </trkpt>
   <trkpt lat="-8.084266" lon="-34.907017">
    <ele>10.1</ele>
    <time>2020-09-17T00:29:08.000Z</time>
   </trkpt>
   <trkpt lat="-8.084225" lon="-34.907006">
    <ele>10.2</ele>
    <time>2020-09-17T00:29:09.000Z</time>
   </trkpt>
   <trkpt lat="-8.084187" lon="-34.906991">
    <ele>10.2</ele>
    <time>2020-09-17T00:29:10.000Z</time>
   </trkpt>
   <trkpt lat="-8.084149" lon="-34.906981">
    <ele>10.2</ele>
    <time>2020-09-17T00:29:11.000Z</time>
   </trkpt>
   <trkpt lat="-8.08412" lon="-34.906975">
    <ele>10.2</ele>
    <time>2020-09-17T00:29:12.000Z</time>
   </trkpt>
   <trkpt lat="-8.084085" lon="-34.906969">
    <ele>10.2</ele>
    <time>2020-09-17T00:29:13.000Z</time>
   </trkpt>
   <trkpt lat="-8.084051" lon="-34.90696">
    <ele>10.2</ele>
    <time>2020-09-17T00:29:14.000Z</time>
   </trkpt>
   <trkpt lat="-8.084014" lon="-34.906954">
    <ele>10.2</ele>
    <time>2020-09-17T00:29:15.000Z</time>
   </trkpt>
   <trkpt lat="-8.083984" lon="-34.906946">
    <ele>10.2</ele>
    <time>2020-09-17T00:29:16.000Z</time>
   </trkpt>
   <trkpt lat="-8.083951" lon="-34.906942">
    <ele>10.2</ele>
    <time>2020-09-17T00:29:17.000Z</time>
   </trkpt>
   <trkpt lat="-8.083916" lon="-34.906933">
    <ele>10.2</ele>
    <time>2020-09-17T00:29:18.000Z</time>
   </trkpt>
   <trkpt lat="-8.08388" lon="-34.906922">
    <ele>10.2</ele>
    <time>2020-09-17T00:29:19.000Z</time>
   </trkpt>
   <trkpt lat="-8.083838" lon="-34.906908">
    <ele>10.2</ele>
    <time>2020-09-17T00:29:20.000Z</time>
   </trkpt>
   <trkpt lat="-8.083797" lon="-34.906891">
    <ele>10.1</ele>
    <time>2020-09-17T00:29:21.000Z</time>
   </trkpt>
   <trkpt lat="-8.083761" lon="-34.906879">
    <ele>10.1</ele>
    <time>2020-09-17T00:29:22.000Z</time>
   </trkpt>
   <trkpt lat="-8.083722" lon="-34.906865">
    <ele>10.1</ele>
    <time>2020-09-17T00:29:23.000Z</time>
   </trkpt>
   <trkpt lat="-8.083686" lon="-34.906854">
    <ele>10.1</ele>
    <time>2020-09-17T00:29:24.000Z</time>
   </trkpt>
   <trkpt lat="-8.083647" lon="-34.906842">
    <ele>10</ele>
    <time>2020-09-17T00:29:25.000Z</time>
   </trkpt>
   <trkpt lat="-8.083608" lon="-34.906836">
    <ele>10</ele>
    <time>2020-09-17T00:29:26.000Z</time>
   </trkpt>
   <trkpt lat="-8.083566" lon="-34.906829">
    <ele>9.9</ele>
    <time>2020-09-17T00:29:27.000Z</time>
   </trkpt>
   <trkpt lat="-8.083528" lon="-34.906822">
    <ele>9.8</ele>
    <time>2020-09-17T00:29:28.000Z</time>
   </trkpt>
   <trkpt lat="-8.083486" lon="-34.906809">
    <ele>9.7</ele>
    <time>2020-09-17T00:29:29.000Z</time>
   </trkpt>
   <trkpt lat="-8.083439" lon="-34.906797">
    <ele>9.5</ele>
    <time>2020-09-17T00:29:30.000Z</time>
   </trkpt>
   <trkpt lat="-8.08339" lon="-34.906778">
    <ele>9.3</ele>
    <time>2020-09-17T00:29:31.000Z</time>
   </trkpt>
   <trkpt lat="-8.083346" lon="-34.906765">
    <ele>9.2</ele>
    <time>2020-09-17T00:29:32.000Z</time>
   </trkpt>
   <trkpt lat="-8.083305" lon="-34.906756">
    <ele>9</ele>
    <time>2020-09-17T00:29:33.000Z</time>
   </trkpt>
   <trkpt lat="-8.083251" lon="-34.906746">
    <ele>8.9</ele>
    <time>2020-09-17T00:29:34.000Z</time>
   </trkpt>
   <trkpt lat="-8.083197" lon="-34.906729">
    <ele>8.8</ele>
    <time>2020-09-17T00:29:35.000Z</time>
   </trkpt>
   <trkpt lat="-8.083148" lon="-34.906699">
    <ele>8.8</ele>
    <time>2020-09-17T00:29:36.000Z</time>
   </trkpt>
   <trkpt lat="-8.083106" lon="-34.906656">
    <ele>8.7</ele>
    <time>2020-09-17T00:29:37.000Z</time>
   </trkpt>
   <trkpt lat="-8.083063" lon="-34.906611">
    <ele>8.6</ele>
    <time>2020-09-17T00:29:38.000Z</time>
   </trkpt>
   <trkpt lat="-8.083025" lon="-34.906566">
    <ele>8.5</ele>
    <time>2020-09-17T00:29:39.000Z</time>
   </trkpt>
   <trkpt lat="-8.082988" lon="-34.906519">
    <ele>8.4</ele>
    <time>2020-09-17T00:29:40.000Z</time>
   </trkpt>
   <trkpt lat="-8.082955" lon="-34.906472">
    <ele>8.4</ele>
    <time>2020-09-17T00:29:41.000Z</time>
   </trkpt>
   <trkpt lat="-8.082924" lon="-34.906429">
    <ele>8.3</ele>
    <time>2020-09-17T00:29:42.000Z</time>
   </trkpt>
   <trkpt lat="-8.082899" lon="-34.906379">
    <ele>7.6</ele>
    <time>2020-09-17T00:29:43.000Z</time>
   </trkpt>
   <trkpt lat="-8.082875" lon="-34.906337">
    <ele>7.5</ele>
    <time>2020-09-17T00:29:44.000Z</time>
   </trkpt>
   <trkpt lat="-8.082856" lon="-34.906298">
    <ele>7.4</ele>
    <time>2020-09-17T00:29:45.000Z</time>
   </trkpt>
   <trkpt lat="-8.08284" lon="-34.906268">
    <ele>7.3</ele>
    <time>2020-09-17T00:29:46.000Z</time>
   </trkpt>
   <trkpt lat="-8.082822" lon="-34.906237">
    <ele>7.3</ele>
    <time>2020-09-17T00:29:47.000Z</time>
   </trkpt>
   <trkpt lat="-8.082803" lon="-34.906205">
    <ele>7.2</ele>
    <time>2020-09-17T00:29:48.000Z</time>
   </trkpt>
   <trkpt lat="-8.082784" lon="-34.906174">
    <ele>7.1</ele>
    <time>2020-09-17T00:29:49.000Z</time>
   </trkpt>
   <trkpt lat="-8.082767" lon="-34.90615">
    <ele>7.1</ele>
    <time>2020-09-17T00:29:50.000Z</time>
   </trkpt>
   <trkpt lat="-8.082748" lon="-34.906123">
    <ele>7</ele>
    <time>2020-09-17T00:29:51.000Z</time>
   </trkpt>
   <trkpt lat="-8.082729" lon="-34.906097">
    <ele>7</ele>
    <time>2020-09-17T00:29:52.000Z</time>
   </trkpt>
   <trkpt lat="-8.082697" lon="-34.906057">
    <ele>6.9</ele>
    <time>2020-09-17T00:29:54.000Z</time>
   </trkpt>
   <trkpt lat="-8.082681" lon="-34.906031">
    <ele>6.8</ele>
    <time>2020-09-17T00:29:55.000Z</time>
   </trkpt>
   <trkpt lat="-8.082633" lon="-34.906006">
    <ele>6.8</ele>
    <time>2020-09-17T00:29:57.000Z</time>
   </trkpt>
   <trkpt lat="-8.082596" lon="-34.905998">
    <ele>6.7</ele>
    <time>2020-09-17T00:29:58.000Z</time>
   </trkpt>
   <trkpt lat="-8.082561" lon="-34.905983">
    <ele>6.7</ele>
    <time>2020-09-17T00:29:59.000Z</time>
   </trkpt>
   <trkpt lat="-8.082521" lon="-34.905966">
    <ele>6.7</ele>
    <time>2020-09-17T00:30:00.000Z</time>
   </trkpt>
   <trkpt lat="-8.082478" lon="-34.905947">
    <ele>6.7</ele>
    <time>2020-09-17T00:30:01.000Z</time>
   </trkpt>
   <trkpt lat="-8.082442" lon="-34.905927">
    <ele>6.7</ele>
    <time>2020-09-17T00:30:02.000Z</time>
   </trkpt>
   <trkpt lat="-8.082404" lon="-34.905907">
    <ele>6.7</ele>
    <time>2020-09-17T00:30:03.000Z</time>
   </trkpt>
   <trkpt lat="-8.082371" lon="-34.905885">
    <ele>6.7</ele>
    <time>2020-09-17T00:30:04.000Z</time>
   </trkpt>
   <trkpt lat="-8.082331" lon="-34.905866">
    <ele>6.7</ele>
    <time>2020-09-17T00:30:05.000Z</time>
   </trkpt>
   <trkpt lat="-8.082294" lon="-34.905838">
    <ele>6.7</ele>
    <time>2020-09-17T00:30:06.000Z</time>
   </trkpt>
   <trkpt lat="-8.082267" lon="-34.905815">
    <ele>6.8</ele>
    <time>2020-09-17T00:30:07.000Z</time>
   </trkpt>
   <trkpt lat="-8.082236" lon="-34.90579">
    <ele>6.8</ele>
    <time>2020-09-17T00:30:08.000Z</time>
   </trkpt>
   <trkpt lat="-8.082198" lon="-34.905762">
    <ele>6.8</ele>
    <time>2020-09-17T00:30:09.000Z</time>
   </trkpt>
   <trkpt lat="-8.082159" lon="-34.905739">
    <ele>6.9</ele>
    <time>2020-09-17T00:30:10.000Z</time>
   </trkpt>
   <trkpt lat="-8.082121" lon="-34.905722">
    <ele>7</ele>
    <time>2020-09-17T00:30:11.000Z</time>
   </trkpt>
   <trkpt lat="-8.082082" lon="-34.905699">
    <ele>7</ele>
    <time>2020-09-17T00:30:12.000Z</time>
   </trkpt>
   <trkpt lat="-8.082041" lon="-34.905673">
    <ele>7</ele>
    <time>2020-09-17T00:30:13.000Z</time>
   </trkpt>
   <trkpt lat="-8.081998" lon="-34.905655">
    <ele>7</ele>
    <time>2020-09-17T00:30:14.000Z</time>
   </trkpt>
   <trkpt lat="-8.081957" lon="-34.905637">
    <ele>7</ele>
    <time>2020-09-17T00:30:15.000Z</time>
   </trkpt>
   <trkpt lat="-8.08192" lon="-34.905629">
    <ele>7</ele>
    <time>2020-09-17T00:30:16.000Z</time>
   </trkpt>
   <trkpt lat="-8.081876" lon="-34.905613">
    <ele>7.1</ele>
    <time>2020-09-17T00:30:17.000Z</time>
   </trkpt>
   <trkpt lat="-8.081832" lon="-34.905594">
    <ele>7.1</ele>
    <time>2020-09-17T00:30:18.000Z</time>
   </trkpt>
   <trkpt lat="-8.081788" lon="-34.905585">
    <ele>7.1</ele>
    <time>2020-09-17T00:30:19.000Z</time>
   </trkpt>
   <trkpt lat="-8.081745" lon="-34.905563">
    <ele>7.1</ele>
    <time>2020-09-17T00:30:20.000Z</time>
   </trkpt>
   <trkpt lat="-8.081708" lon="-34.905539">
    <ele>7.2</ele>
    <time>2020-09-17T00:30:21.000Z</time>
   </trkpt>
   <trkpt lat="-8.081673" lon="-34.905525">
    <ele>7.2</ele>
    <time>2020-09-17T00:30:22.000Z</time>
   </trkpt>
   <trkpt lat="-8.081645" lon="-34.905505">
    <ele>7.2</ele>
    <time>2020-09-17T00:30:23.000Z</time>
   </trkpt>
   <trkpt lat="-8.081612" lon="-34.905481">
    <ele>7.3</ele>
    <time>2020-09-17T00:30:24.000Z</time>
   </trkpt>
   <trkpt lat="-8.081578" lon="-34.905453">
    <ele>7.3</ele>
    <time>2020-09-17T00:30:25.000Z</time>
   </trkpt>
   <trkpt lat="-8.081548" lon="-34.905427">
    <ele>7.3</ele>
    <time>2020-09-17T00:30:26.000Z</time>
   </trkpt>
   <trkpt lat="-8.081518" lon="-34.905402">
    <ele>7.4</ele>
    <time>2020-09-17T00:30:27.000Z</time>
   </trkpt>
   <trkpt lat="-8.08148" lon="-34.905377">
    <ele>7.4</ele>
    <time>2020-09-17T00:30:28.000Z</time>
   </trkpt>
   <trkpt lat="-8.081454" lon="-34.905352">
    <ele>7.5</ele>
    <time>2020-09-17T00:30:29.000Z</time>
   </trkpt>
   <trkpt lat="-8.081427" lon="-34.905329">
    <ele>7.5</ele>
    <time>2020-09-17T00:30:30.000Z</time>
   </trkpt>
   <trkpt lat="-8.081405" lon="-34.90531">
    <ele>7.5</ele>
    <time>2020-09-17T00:30:31.000Z</time>
   </trkpt>
   <trkpt lat="-8.081374" lon="-34.905299">
    <ele>7.6</ele>
    <time>2020-09-17T00:30:32.000Z</time>
   </trkpt>
   <trkpt lat="-8.081344" lon="-34.905274">
    <ele>7.6</ele>
    <time>2020-09-17T00:30:33.000Z</time>
   </trkpt>
   <trkpt lat="-8.081304" lon="-34.905253">
    <ele>7.7</ele>
    <time>2020-09-17T00:30:34.000Z</time>
   </trkpt>
   <trkpt lat="-8.081281" lon="-34.905236">
    <ele>7.7</ele>
    <time>2020-09-17T00:30:35.000Z</time>
   </trkpt>
   <trkpt lat="-8.081244" lon="-34.905212">
    <ele>7.7</ele>
    <time>2020-09-17T00:30:36.000Z</time>
   </trkpt>
   <trkpt lat="-8.081206" lon="-34.905184">
    <ele>7.8</ele>
    <time>2020-09-17T00:30:37.000Z</time>
   </trkpt>
   <trkpt lat="-8.081181" lon="-34.905158">
    <ele>7.8</ele>
    <time>2020-09-17T00:30:38.000Z</time>
   </trkpt>
   <trkpt lat="-8.081147" lon="-34.905121">
    <ele>7.8</ele>
    <time>2020-09-17T00:30:39.000Z</time>
   </trkpt>
   <trkpt lat="-8.081109" lon="-34.905089">
    <ele>7.8</ele>
    <time>2020-09-17T00:30:40.000Z</time>
   </trkpt>
   <trkpt lat="-8.081066" lon="-34.905052">
    <ele>7.8</ele>
    <time>2020-09-17T00:30:41.000Z</time>
   </trkpt>
   <trkpt lat="-8.08103" lon="-34.905023">
    <ele>7.9</ele>
    <time>2020-09-17T00:30:42.000Z</time>
   </trkpt>
   <trkpt lat="-8.081" lon="-34.904995">
    <ele>7.9</ele>
    <time>2020-09-17T00:30:43.000Z</time>
   </trkpt>
   <trkpt lat="-8.080969" lon="-34.904976">
    <ele>7.9</ele>
    <time>2020-09-17T00:30:44.000Z</time>
   </trkpt>
   <trkpt lat="-8.080943" lon="-34.904955">
    <ele>7.9</ele>
    <time>2020-09-17T00:30:45.000Z</time>
   </trkpt>
   <trkpt lat="-8.080905" lon="-34.904926">
    <ele>8</ele>
    <time>2020-09-17T00:30:46.000Z</time>
   </trkpt>
   <trkpt lat="-8.080869" lon="-34.9049">
    <ele>8</ele>
    <time>2020-09-17T00:30:47.000Z</time>
   </trkpt>
   <trkpt lat="-8.080829" lon="-34.904869">
    <ele>8</ele>
    <time>2020-09-17T00:30:48.000Z</time>
   </trkpt>
   <trkpt lat="-8.080801" lon="-34.904841">
    <ele>8</ele>
    <time>2020-09-17T00:30:49.000Z</time>
   </trkpt>
   <trkpt lat="-8.080765" lon="-34.904814">
    <ele>8.1</ele>
    <time>2020-09-17T00:30:50.000Z</time>
   </trkpt>
   <trkpt lat="-8.080726" lon="-34.904777">
    <ele>8.1</ele>
    <time>2020-09-17T00:30:51.000Z</time>
   </trkpt>
   <trkpt lat="-8.080691" lon="-34.90474">
    <ele>8.2</ele>
    <time>2020-09-17T00:30:52.000Z</time>
   </trkpt>
   <trkpt lat="-8.080653" lon="-34.904698">
    <ele>8.2</ele>
    <time>2020-09-17T00:30:53.000Z</time>
   </trkpt>
   <trkpt lat="-8.080623" lon="-34.904666">
    <ele>8.2</ele>
    <time>2020-09-17T00:30:54.000Z</time>
   </trkpt>
   <trkpt lat="-8.080596" lon="-34.904635">
    <ele>8.2</ele>
    <time>2020-09-17T00:30:55.000Z</time>
   </trkpt>
   <trkpt lat="-8.080563" lon="-34.904604">
    <ele>8.2</ele>
    <time>2020-09-17T00:30:56.000Z</time>
   </trkpt>
   <trkpt lat="-8.080533" lon="-34.904577">
    <ele>8.2</ele>
    <time>2020-09-17T00:30:57.000Z</time>
   </trkpt>
   <trkpt lat="-8.080498" lon="-34.904552">
    <ele>8.3</ele>
    <time>2020-09-17T00:30:58.000Z</time>
   </trkpt>
   <trkpt lat="-8.080468" lon="-34.904524">
    <ele>8.3</ele>
    <time>2020-09-17T00:30:59.000Z</time>
   </trkpt>
   <trkpt lat="-8.080442" lon="-34.904491">
    <ele>8.3</ele>
    <time>2020-09-17T00:31:00.000Z</time>
   </trkpt>
   <trkpt lat="-8.08042" lon="-34.904461">
    <ele>8.3</ele>
    <time>2020-09-17T00:31:01.000Z</time>
   </trkpt>
   <trkpt lat="-8.080391" lon="-34.904429">
    <ele>8.3</ele>
    <time>2020-09-17T00:31:02.000Z</time>
   </trkpt>
   <trkpt lat="-8.080364" lon="-34.904396">
    <ele>8.3</ele>
    <time>2020-09-17T00:31:03.000Z</time>
   </trkpt>
   <trkpt lat="-8.080336" lon="-34.904365">
    <ele>8.2</ele>
    <time>2020-09-17T00:31:04.000Z</time>
   </trkpt>
   <trkpt lat="-8.08031" lon="-34.904332">
    <ele>8.2</ele>
    <time>2020-09-17T00:31:05.000Z</time>
   </trkpt>
   <trkpt lat="-8.080285" lon="-34.904306">
    <ele>8.1</ele>
    <time>2020-09-17T00:31:06.000Z</time>
   </trkpt>
   <trkpt lat="-8.080254" lon="-34.904271">
    <ele>8.1</ele>
    <time>2020-09-17T00:31:07.000Z</time>
   </trkpt>
   <trkpt lat="-8.080216" lon="-34.904239">
    <ele>8</ele>
    <time>2020-09-17T00:31:08.000Z</time>
   </trkpt>
   <trkpt lat="-8.080192" lon="-34.904208">
    <ele>8</ele>
    <time>2020-09-17T00:31:09.000Z</time>
   </trkpt>
   <trkpt lat="-8.080163" lon="-34.904168">
    <ele>7.9</ele>
    <time>2020-09-17T00:31:10.000Z</time>
   </trkpt>
   <trkpt lat="-8.080143" lon="-34.904133">
    <ele>7.9</ele>
    <time>2020-09-17T00:31:11.000Z</time>
   </trkpt>
   <trkpt lat="-8.080126" lon="-34.904102">
    <ele>7.9</ele>
    <time>2020-09-17T00:31:12.000Z</time>
   </trkpt>
   <trkpt lat="-8.0801" lon="-34.904071">
    <ele>7.8</ele>
    <time>2020-09-17T00:31:13.000Z</time>
   </trkpt>
   <trkpt lat="-8.08007" lon="-34.904054">
    <ele>7.8</ele>
    <time>2020-09-17T00:31:14.000Z</time>
   </trkpt>
   <trkpt lat="-8.08004" lon="-34.90405">
    <ele>7.8</ele>
    <time>2020-09-17T00:31:15.000Z</time>
   </trkpt>
   <trkpt lat="-8.080004" lon="-34.904047">
    <ele>7.8</ele>
    <time>2020-09-17T00:31:16.000Z</time>
   </trkpt>
   <trkpt lat="-8.079968" lon="-34.904055">
    <ele>7.8</ele>
    <time>2020-09-17T00:31:17.000Z</time>
   </trkpt>
   <trkpt lat="-8.079933" lon="-34.90407">
    <ele>7.8</ele>
    <time>2020-09-17T00:31:18.000Z</time>
   </trkpt>
   <trkpt lat="-8.079903" lon="-34.90409">
    <ele>7.9</ele>
    <time>2020-09-17T00:31:19.000Z</time>
   </trkpt>
   <trkpt lat="-8.079864" lon="-34.904111">
    <ele>7.9</ele>
    <time>2020-09-17T00:31:20.000Z</time>
   </trkpt>
   <trkpt lat="-8.079824" lon="-34.904133">
    <ele>7.9</ele>
    <time>2020-09-17T00:31:21.000Z</time>
   </trkpt>
   <trkpt lat="-8.079787" lon="-34.904152">
    <ele>7.9</ele>
    <time>2020-09-17T00:31:22.000Z</time>
   </trkpt>
   <trkpt lat="-8.07975" lon="-34.904172">
    <ele>7.9</ele>
    <time>2020-09-17T00:31:23.000Z</time>
   </trkpt>
   <trkpt lat="-8.079717" lon="-34.904189">
    <ele>7.9</ele>
    <time>2020-09-17T00:31:24.000Z</time>
   </trkpt>
   <trkpt lat="-8.079687" lon="-34.904203">
    <ele>7.9</ele>
    <time>2020-09-17T00:31:25.000Z</time>
   </trkpt>
   <trkpt lat="-8.07964" lon="-34.904222">
    <ele>7.9</ele>
    <time>2020-09-17T00:31:27.000Z</time>
   </trkpt>
   <trkpt lat="-8.079617" lon="-34.904234">
    <ele>7.9</ele>
    <time>2020-09-17T00:31:33.000Z</time>
   </trkpt>
   <trkpt lat="-8.079555" lon="-34.904311">
    <ele>7.9</ele>
    <time>2020-09-17T00:31:59.000Z</time>
   </trkpt>
   <trkpt lat="-8.079532" lon="-34.904333">
    <ele>7.9</ele>
    <time>2020-09-17T00:32:00.000Z</time>
   </trkpt>
   <trkpt lat="-8.07951" lon="-34.90436">
    <ele>7.9</ele>
    <time>2020-09-17T00:32:01.000Z</time>
   </trkpt>
   <trkpt lat="-8.079486" lon="-34.904385">
    <ele>7.8</ele>
    <time>2020-09-17T00:32:02.000Z</time>
   </trkpt>
   <trkpt lat="-8.079462" lon="-34.904415">
    <ele>7.8</ele>
    <time>2020-09-17T00:32:03.000Z</time>
   </trkpt>
   <trkpt lat="-8.079434" lon="-34.904438">
    <ele>7.7</ele>
    <time>2020-09-17T00:32:04.000Z</time>
   </trkpt>
   <trkpt lat="-8.079407" lon="-34.904464">
    <ele>7.7</ele>
    <time>2020-09-17T00:32:05.000Z</time>
   </trkpt>
   <trkpt lat="-8.079374" lon="-34.904494">
    <ele>7.6</ele>
    <time>2020-09-17T00:32:06.000Z</time>
   </trkpt>
   <trkpt lat="-8.079343" lon="-34.904523">
    <ele>7.6</ele>
    <time>2020-09-17T00:32:07.000Z</time>
   </trkpt>
   <trkpt lat="-8.07931" lon="-34.904552">
    <ele>7.5</ele>
    <time>2020-09-17T00:32:08.000Z</time>
   </trkpt>
   <trkpt lat="-8.07928" lon="-34.904581">
    <ele>7.5</ele>
    <time>2020-09-17T00:32:09.000Z</time>
   </trkpt>
   <trkpt lat="-8.079259" lon="-34.904605">
    <ele>7.4</ele>
    <time>2020-09-17T00:32:10.000Z</time>
   </trkpt>
   <trkpt lat="-8.079232" lon="-34.904628">
    <ele>7.4</ele>
    <time>2020-09-17T00:32:11.000Z</time>
   </trkpt>
   <trkpt lat="-8.079202" lon="-34.904649">
    <ele>7.3</ele>
    <time>2020-09-17T00:32:12.000Z</time>
   </trkpt>
   <trkpt lat="-8.079174" lon="-34.904673">
    <ele>7.3</ele>
    <time>2020-09-17T00:32:13.000Z</time>
   </trkpt>
   <trkpt lat="-8.079138" lon="-34.904702">
    <ele>7.3</ele>
    <time>2020-09-17T00:32:14.000Z</time>
   </trkpt>
   <trkpt lat="-8.079102" lon="-34.904733">
    <ele>7.2</ele>
    <time>2020-09-17T00:32:15.000Z</time>
   </trkpt>
   <trkpt lat="-8.079067" lon="-34.904765">
    <ele>7.2</ele>
    <time>2020-09-17T00:32:16.000Z</time>
   </trkpt>
   <trkpt lat="-8.079031" lon="-34.904791">
    <ele>7.2</ele>
    <time>2020-09-17T00:32:17.000Z</time>
   </trkpt>
   <trkpt lat="-8.078984" lon="-34.904818">
    <ele>7.1</ele>
    <time>2020-09-17T00:32:18.000Z</time>
   </trkpt>
   <trkpt lat="-8.07895" lon="-34.904848">
    <ele>7.1</ele>
    <time>2020-09-17T00:32:19.000Z</time>
   </trkpt>
   <trkpt lat="-8.078908" lon="-34.904882">
    <ele>7.1</ele>
    <time>2020-09-17T00:32:20.000Z</time>
   </trkpt>
   <trkpt lat="-8.078868" lon="-34.90492">
    <ele>7</ele>
    <time>2020-09-17T00:32:21.000Z</time>
   </trkpt>
   <trkpt lat="-8.078837" lon="-34.904952">
    <ele>7</ele>
    <time>2020-09-17T00:32:22.000Z</time>
   </trkpt>
   <trkpt lat="-8.078812" lon="-34.904977">
    <ele>7.1</ele>
    <time>2020-09-17T00:32:23.000Z</time>
   </trkpt>
   <trkpt lat="-8.078781" lon="-34.904999">
    <ele>7.1</ele>
    <time>2020-09-17T00:32:24.000Z</time>
   </trkpt>
   <trkpt lat="-8.078748" lon="-34.905025">
    <ele>7.1</ele>
    <time>2020-09-17T00:32:25.000Z</time>
   </trkpt>
   <trkpt lat="-8.07871" lon="-34.905049">
    <ele>7.2</ele>
    <time>2020-09-17T00:32:26.000Z</time>
   </trkpt>
   <trkpt lat="-8.078671" lon="-34.905075">
    <ele>7.3</ele>
    <time>2020-09-17T00:32:27.000Z</time>
   </trkpt>
   <trkpt lat="-8.078635" lon="-34.905106">
    <ele>7.3</ele>
    <time>2020-09-17T00:32:28.000Z</time>
   </trkpt>
   <trkpt lat="-8.078596" lon="-34.905138">
    <ele>7.4</ele>
    <time>2020-09-17T00:32:29.000Z</time>
   </trkpt>
   <trkpt lat="-8.078569" lon="-34.905161">
    <ele>7.4</ele>
    <time>2020-09-17T00:32:30.000Z</time>
   </trkpt>
   <trkpt lat="-8.078543" lon="-34.905188">
    <ele>7.4</ele>
    <time>2020-09-17T00:32:31.000Z</time>
   </trkpt>
   <trkpt lat="-8.078508" lon="-34.905216">
    <ele>7.4</ele>
    <time>2020-09-17T00:32:32.000Z</time>
   </trkpt>
   <trkpt lat="-8.078476" lon="-34.905245">
    <ele>7.4</ele>
    <time>2020-09-17T00:32:33.000Z</time>
   </trkpt>
   <trkpt lat="-8.078437" lon="-34.905276">
    <ele>7.4</ele>
    <time>2020-09-17T00:32:34.000Z</time>
   </trkpt>
   <trkpt lat="-8.07841" lon="-34.905306">
    <ele>7.4</ele>
    <time>2020-09-17T00:32:35.000Z</time>
   </trkpt>
   <trkpt lat="-8.078377" lon="-34.905339">
    <ele>7.4</ele>
    <time>2020-09-17T00:32:36.000Z</time>
   </trkpt>
   <trkpt lat="-8.078346" lon="-34.905374">
    <ele>7.4</ele>
    <time>2020-09-17T00:32:37.000Z</time>
   </trkpt>
   <trkpt lat="-8.078309" lon="-34.9054">
    <ele>7.4</ele>
    <time>2020-09-17T00:32:38.000Z</time>
   </trkpt>
   <trkpt lat="-8.078271" lon="-34.905434">
    <ele>7.4</ele>
    <time>2020-09-17T00:32:39.000Z</time>
   </trkpt>
   <trkpt lat="-8.078236" lon="-34.90547">
    <ele>7.4</ele>
    <time>2020-09-17T00:32:40.000Z</time>
   </trkpt>
   <trkpt lat="-8.078197" lon="-34.905502">
    <ele>7.4</ele>
    <time>2020-09-17T00:32:41.000Z</time>
   </trkpt>
   <trkpt lat="-8.078157" lon="-34.905531">
    <ele>7.4</ele>
    <time>2020-09-17T00:32:42.000Z</time>
   </trkpt>
   <trkpt lat="-8.078116" lon="-34.905566">
    <ele>7.4</ele>
    <time>2020-09-17T00:32:43.000Z</time>
   </trkpt>
   <trkpt lat="-8.078076" lon="-34.905603">
    <ele>7.5</ele>
    <time>2020-09-17T00:32:44.000Z</time>
   </trkpt>
   <trkpt lat="-8.078038" lon="-34.905636">
    <ele>7.4</ele>
    <time>2020-09-17T00:32:45.000Z</time>
   </trkpt>
   <trkpt lat="-8.078002" lon="-34.905667">
    <ele>7.4</ele>
    <time>2020-09-17T00:32:46.000Z</time>
   </trkpt>
   <trkpt lat="-8.077967" lon="-34.905697">
    <ele>7.4</ele>
    <time>2020-09-17T00:32:47.000Z</time>
   </trkpt>
   <trkpt lat="-8.077932" lon="-34.905727">
    <ele>7.4</ele>
    <time>2020-09-17T00:32:48.000Z</time>
   </trkpt>
   <trkpt lat="-8.077899" lon="-34.905754">
    <ele>7.4</ele>
    <time>2020-09-17T00:32:49.000Z</time>
   </trkpt>
   <trkpt lat="-8.077856" lon="-34.905782">
    <ele>7.4</ele>
    <time>2020-09-17T00:32:50.000Z</time>
   </trkpt>
   <trkpt lat="-8.077813" lon="-34.905813">
    <ele>7.4</ele>
    <time>2020-09-17T00:32:51.000Z</time>
   </trkpt>
   <trkpt lat="-8.077776" lon="-34.905844">
    <ele>7.4</ele>
    <time>2020-09-17T00:32:52.000Z</time>
   </trkpt>
   <trkpt lat="-8.077738" lon="-34.905874">
    <ele>7.4</ele>
    <time>2020-09-17T00:32:53.000Z</time>
   </trkpt>
   <trkpt lat="-8.077703" lon="-34.905905">
    <ele>7.5</ele>
    <time>2020-09-17T00:32:54.000Z</time>
   </trkpt>
   <trkpt lat="-8.07767" lon="-34.90594">
    <ele>7.5</ele>
    <time>2020-09-17T00:32:55.000Z</time>
   </trkpt>
   <trkpt lat="-8.077639" lon="-34.905975">
    <ele>7.5</ele>
    <time>2020-09-17T00:32:56.000Z</time>
   </trkpt>
   <trkpt lat="-8.0776" lon="-34.906005">
    <ele>7.5</ele>
    <time>2020-09-17T00:32:57.000Z</time>
   </trkpt>
   <trkpt lat="-8.077568" lon="-34.906027">
    <ele>7.6</ele>
    <time>2020-09-17T00:32:58.000Z</time>
   </trkpt>
   <trkpt lat="-8.077534" lon="-34.906057">
    <ele>7.6</ele>
    <time>2020-09-17T00:32:59.000Z</time>
   </trkpt>
   <trkpt lat="-8.077507" lon="-34.906087">
    <ele>7.7</ele>
    <time>2020-09-17T00:33:00.000Z</time>
   </trkpt>
   <trkpt lat="-8.077482" lon="-34.906112">
    <ele>7.7</ele>
    <time>2020-09-17T00:33:01.000Z</time>
   </trkpt>
   <trkpt lat="-8.07745" lon="-34.906127">
    <ele>7.7</ele>
    <time>2020-09-17T00:33:02.000Z</time>
   </trkpt>
   <trkpt lat="-8.077419" lon="-34.906153">
    <ele>7.7</ele>
    <time>2020-09-17T00:33:03.000Z</time>
   </trkpt>
   <trkpt lat="-8.077383" lon="-34.906176">
    <ele>7.8</ele>
    <time>2020-09-17T00:33:04.000Z</time>
   </trkpt>
   <trkpt lat="-8.077351" lon="-34.906198">
    <ele>7.9</ele>
    <time>2020-09-17T00:33:05.000Z</time>
   </trkpt>
   <trkpt lat="-8.077331" lon="-34.906219">
    <ele>7.9</ele>
    <time>2020-09-17T00:33:06.000Z</time>
   </trkpt>
   <trkpt lat="-8.077292" lon="-34.906246">
    <ele>7.9</ele>
    <time>2020-09-17T00:33:07.000Z</time>
   </trkpt>
   <trkpt lat="-8.077252" lon="-34.906273">
    <ele>7.9</ele>
    <time>2020-09-17T00:33:08.000Z</time>
   </trkpt>
   <trkpt lat="-8.07721" lon="-34.906299">
    <ele>7.9</ele>
    <time>2020-09-17T00:33:09.000Z</time>
   </trkpt>
   <trkpt lat="-8.077171" lon="-34.906323">
    <ele>7.8</ele>
    <time>2020-09-17T00:33:10.000Z</time>
   </trkpt>
   <trkpt lat="-8.077123" lon="-34.906351">
    <ele>8.2</ele>
    <time>2020-09-17T00:33:11.000Z</time>
   </trkpt>
   <trkpt lat="-8.077085" lon="-34.906388">
    <ele>8.1</ele>
    <time>2020-09-17T00:33:12.000Z</time>
   </trkpt>
   <trkpt lat="-8.077051" lon="-34.906419">
    <ele>8</ele>
    <time>2020-09-17T00:33:13.000Z</time>
   </trkpt>
   <trkpt lat="-8.077024" lon="-34.906457">
    <ele>7.8</ele>
    <time>2020-09-17T00:33:14.000Z</time>
   </trkpt>
   <trkpt lat="-8.076987" lon="-34.906494">
    <ele>7.7</ele>
    <time>2020-09-17T00:33:15.000Z</time>
   </trkpt>
   <trkpt lat="-8.076953" lon="-34.90652">
    <ele>7.6</ele>
    <time>2020-09-17T00:33:16.000Z</time>
   </trkpt>
   <trkpt lat="-8.076918" lon="-34.906546">
    <ele>7.6</ele>
    <time>2020-09-17T00:33:17.000Z</time>
   </trkpt>
   <trkpt lat="-8.076871" lon="-34.906561">
    <ele>7.6</ele>
    <time>2020-09-17T00:33:18.000Z</time>
   </trkpt>
   <trkpt lat="-8.076826" lon="-34.906582">
    <ele>7.6</ele>
    <time>2020-09-17T00:33:19.000Z</time>
   </trkpt>
   <trkpt lat="-8.076778" lon="-34.906607">
    <ele>7.7</ele>
    <time>2020-09-17T00:33:20.000Z</time>
   </trkpt>
   <trkpt lat="-8.076729" lon="-34.906638">
    <ele>7.7</ele>
    <time>2020-09-17T00:33:21.000Z</time>
   </trkpt>
   <trkpt lat="-8.076688" lon="-34.906672">
    <ele>7.8</ele>
    <time>2020-09-17T00:33:22.000Z</time>
   </trkpt>
   <trkpt lat="-8.076645" lon="-34.906699">
    <ele>7.8</ele>
    <time>2020-09-17T00:33:23.000Z</time>
   </trkpt>
   <trkpt lat="-8.076599" lon="-34.906727">
    <ele>7.8</ele>
    <time>2020-09-17T00:33:24.000Z</time>
   </trkpt>
   <trkpt lat="-8.076561" lon="-34.906753">
    <ele>7.8</ele>
    <time>2020-09-17T00:33:25.000Z</time>
   </trkpt>
   <trkpt lat="-8.07652" lon="-34.906775">
    <ele>7.9</ele>
    <time>2020-09-17T00:33:26.000Z</time>
   </trkpt>
   <trkpt lat="-8.076476" lon="-34.906804">
    <ele>7.9</ele>
    <time>2020-09-17T00:33:27.000Z</time>
   </trkpt>
   <trkpt lat="-8.076437" lon="-34.906838">
    <ele>7.9</ele>
    <time>2020-09-17T00:33:28.000Z</time>
   </trkpt>
   <trkpt lat="-8.076388" lon="-34.906872">
    <ele>7.9</ele>
    <time>2020-09-17T00:33:29.000Z</time>
   </trkpt>
   <trkpt lat="-8.076347" lon="-34.906913">
    <ele>7.9</ele>
    <time>2020-09-17T00:33:30.000Z</time>
   </trkpt>
   <trkpt lat="-8.076307" lon="-34.906946">
    <ele>7.8</ele>
    <time>2020-09-17T00:33:31.000Z</time>
   </trkpt>
   <trkpt lat="-8.076264" lon="-34.906977">
    <ele>7.8</ele>
    <time>2020-09-17T00:33:32.000Z</time>
   </trkpt>
   <trkpt lat="-8.076216" lon="-34.907008">
    <ele>7.8</ele>
    <time>2020-09-17T00:33:33.000Z</time>
   </trkpt>
   <trkpt lat="-8.076181" lon="-34.907033">
    <ele>7.7</ele>
    <time>2020-09-17T00:33:34.000Z</time>
   </trkpt>
   <trkpt lat="-8.076151" lon="-34.907061">
    <ele>7.7</ele>
    <time>2020-09-17T00:33:35.000Z</time>
   </trkpt>
   <trkpt lat="-8.076117" lon="-34.907089">
    <ele>7.7</ele>
    <time>2020-09-17T00:33:36.000Z</time>
   </trkpt>
   <trkpt lat="-8.07607" lon="-34.907119">
    <ele>7.7</ele>
    <time>2020-09-17T00:33:37.000Z</time>
   </trkpt>
   <trkpt lat="-8.076036" lon="-34.907146">
    <ele>7.6</ele>
    <time>2020-09-17T00:33:38.000Z</time>
   </trkpt>
   <trkpt lat="-8.076007" lon="-34.907173">
    <ele>7.6</ele>
    <time>2020-09-17T00:33:39.000Z</time>
   </trkpt>
   <trkpt lat="-8.075974" lon="-34.907192">
    <ele>7.6</ele>
    <time>2020-09-17T00:33:40.000Z</time>
   </trkpt>
   <trkpt lat="-8.075938" lon="-34.907207">
    <ele>7.6</ele>
    <time>2020-09-17T00:33:41.000Z</time>
   </trkpt>
   <trkpt lat="-8.075901" lon="-34.907234">
    <ele>7.4</ele>
    <time>2020-09-17T00:33:42.000Z</time>
   </trkpt>
   <trkpt lat="-8.075866" lon="-34.907264">
    <ele>7.4</ele>
    <time>2020-09-17T00:33:43.000Z</time>
   </trkpt>
   <trkpt lat="-8.075829" lon="-34.907288">
    <ele>7.3</ele>
    <time>2020-09-17T00:33:44.000Z</time>
   </trkpt>
   <trkpt lat="-8.075794" lon="-34.907309">
    <ele>7.3</ele>
    <time>2020-09-17T00:33:45.000Z</time>
   </trkpt>
   <trkpt lat="-8.07576" lon="-34.907328">
    <ele>7.2</ele>
    <time>2020-09-17T00:33:46.000Z</time>
   </trkpt>
   <trkpt lat="-8.07572" lon="-34.907343">
    <ele>7.2</ele>
    <time>2020-09-17T00:33:47.000Z</time>
   </trkpt>
   <trkpt lat="-8.075679" lon="-34.907356">
    <ele>7.1</ele>
    <time>2020-09-17T00:33:48.000Z</time>
   </trkpt>
   <trkpt lat="-8.075637" lon="-34.907372">
    <ele>7.1</ele>
    <time>2020-09-17T00:33:49.000Z</time>
   </trkpt>
   <trkpt lat="-8.075592" lon="-34.907386">
    <ele>7.1</ele>
    <time>2020-09-17T00:33:50.000Z</time>
   </trkpt>
   <trkpt lat="-8.075548" lon="-34.9074">
    <ele>7.2</ele>
    <time>2020-09-17T00:33:51.000Z</time>
   </trkpt>
   <trkpt lat="-8.0755" lon="-34.907408">
    <ele>7.2</ele>
    <time>2020-09-17T00:33:52.000Z</time>
   </trkpt>
   <trkpt lat="-8.075451" lon="-34.907415">
    <ele>7.2</ele>
    <time>2020-09-17T00:33:53.000Z</time>
   </trkpt>
   <trkpt lat="-8.075402" lon="-34.907429">
    <ele>7.2</ele>
    <time>2020-09-17T00:33:54.000Z</time>
   </trkpt>
   <trkpt lat="-8.075355" lon="-34.907441">
    <ele>7.2</ele>
    <time>2020-09-17T00:33:55.000Z</time>
   </trkpt>
   <trkpt lat="-8.075306" lon="-34.907453">
    <ele>7.3</ele>
    <time>2020-09-17T00:33:56.000Z</time>
   </trkpt>
   <trkpt lat="-8.075259" lon="-34.907463">
    <ele>7.3</ele>
    <time>2020-09-17T00:33:57.000Z</time>
   </trkpt>
   <trkpt lat="-8.075211" lon="-34.907469">
    <ele>7.3</ele>
    <time>2020-09-17T00:33:58.000Z</time>
   </trkpt>
   <trkpt lat="-8.075162" lon="-34.907477">
    <ele>7.4</ele>
    <time>2020-09-17T00:33:59.000Z</time>
   </trkpt>
   <trkpt lat="-8.075114" lon="-34.907488">
    <ele>7.4</ele>
    <time>2020-09-17T00:34:00.000Z</time>
   </trkpt>
   <trkpt lat="-8.07507" lon="-34.907496">
    <ele>7.4</ele>
    <time>2020-09-17T00:34:01.000Z</time>
   </trkpt>
   <trkpt lat="-8.075025" lon="-34.907502">
    <ele>7.5</ele>
    <time>2020-09-17T00:34:02.000Z</time>
   </trkpt>
   <trkpt lat="-8.074979" lon="-34.907507">
    <ele>7.5</ele>
    <time>2020-09-17T00:34:03.000Z</time>
   </trkpt>
   <trkpt lat="-8.074925" lon="-34.90751">
    <ele>7.6</ele>
    <time>2020-09-17T00:34:04.000Z</time>
   </trkpt>
   <trkpt lat="-8.074868" lon="-34.907519">
    <ele>7.6</ele>
    <time>2020-09-17T00:34:05.000Z</time>
   </trkpt>
   <trkpt lat="-8.074823" lon="-34.907527">
    <ele>7.6</ele>
    <time>2020-09-17T00:34:06.000Z</time>
   </trkpt>
   <trkpt lat="-8.07478" lon="-34.907535">
    <ele>7.6</ele>
    <time>2020-09-17T00:34:07.000Z</time>
   </trkpt>
   <trkpt lat="-8.074738" lon="-34.907546">
    <ele>7.6</ele>
    <time>2020-09-17T00:34:08.000Z</time>
   </trkpt>
   <trkpt lat="-8.074695" lon="-34.90755">
    <ele>7.7</ele>
    <time>2020-09-17T00:34:09.000Z</time>
   </trkpt>
   <trkpt lat="-8.074654" lon="-34.907558">
    <ele>7.7</ele>
    <time>2020-09-17T00:34:10.000Z</time>
   </trkpt>
   <trkpt lat="-8.074617" lon="-34.907561">
    <ele>7.7</ele>
    <time>2020-09-17T00:34:11.000Z</time>
   </trkpt>
   <trkpt lat="-8.07457" lon="-34.907566">
    <ele>7.7</ele>
    <time>2020-09-17T00:34:12.000Z</time>
   </trkpt>
   <trkpt lat="-8.074524" lon="-34.907573">
    <ele>7.7</ele>
    <time>2020-09-17T00:34:13.000Z</time>
   </trkpt>
   <trkpt lat="-8.074477" lon="-34.907582">
    <ele>7.7</ele>
    <time>2020-09-17T00:34:14.000Z</time>
   </trkpt>
   <trkpt lat="-8.074434" lon="-34.907591">
    <ele>7.8</ele>
    <time>2020-09-17T00:34:15.000Z</time>
   </trkpt>
   <trkpt lat="-8.074391" lon="-34.907596">
    <ele>7.8</ele>
    <time>2020-09-17T00:34:16.000Z</time>
   </trkpt>
   <trkpt lat="-8.074343" lon="-34.907602">
    <ele>7.8</ele>
    <time>2020-09-17T00:34:17.000Z</time>
   </trkpt>
   <trkpt lat="-8.074298" lon="-34.90761">
    <ele>7.7</ele>
    <time>2020-09-17T00:34:18.000Z</time>
   </trkpt>
   <trkpt lat="-8.074255" lon="-34.907621">
    <ele>7.7</ele>
    <time>2020-09-17T00:34:19.000Z</time>
   </trkpt>
   <trkpt lat="-8.074206" lon="-34.907626">
    <ele>7.7</ele>
    <time>2020-09-17T00:34:20.000Z</time>
   </trkpt>
   <trkpt lat="-8.074163" lon="-34.90763">
    <ele>7.6</ele>
    <time>2020-09-17T00:34:21.000Z</time>
   </trkpt>
   <trkpt lat="-8.074114" lon="-34.907635">
    <ele>7.6</ele>
    <time>2020-09-17T00:34:22.000Z</time>
   </trkpt>
   <trkpt lat="-8.074066" lon="-34.907646">
    <ele>7.6</ele>
    <time>2020-09-17T00:34:23.000Z</time>
   </trkpt>
   <trkpt lat="-8.074022" lon="-34.907657">
    <ele>7.6</ele>
    <time>2020-09-17T00:34:24.000Z</time>
   </trkpt>
   <trkpt lat="-8.073975" lon="-34.907663">
    <ele>7.5</ele>
    <time>2020-09-17T00:34:25.000Z</time>
   </trkpt>
   <trkpt lat="-8.073936" lon="-34.90767">
    <ele>7.5</ele>
    <time>2020-09-17T00:34:26.000Z</time>
   </trkpt>
   <trkpt lat="-8.073887" lon="-34.90768">
    <ele>7.5</ele>
    <time>2020-09-17T00:34:27.000Z</time>
   </trkpt>
   <trkpt lat="-8.073833" lon="-34.907688">
    <ele>7.4</ele>
    <time>2020-09-17T00:34:28.000Z</time>
   </trkpt>
   <trkpt lat="-8.073777" lon="-34.907694">
    <ele>7.4</ele>
    <time>2020-09-17T00:34:29.000Z</time>
   </trkpt>
   <trkpt lat="-8.073724" lon="-34.907699">
    <ele>7.4</ele>
    <time>2020-09-17T00:34:30.000Z</time>
   </trkpt>
   <trkpt lat="-8.073668" lon="-34.907701">
    <ele>7.3</ele>
    <time>2020-09-17T00:34:31.000Z</time>
   </trkpt>
   <trkpt lat="-8.07361" lon="-34.907702">
    <ele>7.3</ele>
    <time>2020-09-17T00:34:32.000Z</time>
   </trkpt>
   <trkpt lat="-8.073555" lon="-34.907703">
    <ele>7.3</ele>
    <time>2020-09-17T00:34:33.000Z</time>
   </trkpt>
   <trkpt lat="-8.073503" lon="-34.907707">
    <ele>7.3</ele>
    <time>2020-09-17T00:34:34.000Z</time>
   </trkpt>
   <trkpt lat="-8.073443" lon="-34.907712">
    <ele>7.3</ele>
    <time>2020-09-17T00:34:35.000Z</time>
   </trkpt>
   <trkpt lat="-8.073388" lon="-34.907722">
    <ele>7.3</ele>
    <time>2020-09-17T00:34:36.000Z</time>
   </trkpt>
   <trkpt lat="-8.073339" lon="-34.907728">
    <ele>7.3</ele>
    <time>2020-09-17T00:34:37.000Z</time>
   </trkpt>
   <trkpt lat="-8.073288" lon="-34.907737">
    <ele>7.4</ele>
    <time>2020-09-17T00:34:38.000Z</time>
   </trkpt>
   <trkpt lat="-8.073239" lon="-34.90775">
    <ele>7.4</ele>
    <time>2020-09-17T00:34:39.000Z</time>
   </trkpt>
   <trkpt lat="-8.073184" lon="-34.907757">
    <ele>7.4</ele>
    <time>2020-09-17T00:34:40.000Z</time>
   </trkpt>
   <trkpt lat="-8.073133" lon="-34.907769">
    <ele>7.5</ele>
    <time>2020-09-17T00:34:41.000Z</time>
   </trkpt>
   <trkpt lat="-8.073094" lon="-34.907755">
    <ele>7.5</ele>
    <time>2020-09-17T00:34:42.000Z</time>
   </trkpt>
   <trkpt lat="-8.073058" lon="-34.907768">
    <ele>7.5</ele>
    <time>2020-09-17T00:34:43.000Z</time>
   </trkpt>
   <trkpt lat="-8.073019" lon="-34.907783">
    <ele>7.5</ele>
    <time>2020-09-17T00:34:44.000Z</time>
   </trkpt>
   <trkpt lat="-8.072979" lon="-34.907798">
    <ele>7.5</ele>
    <time>2020-09-17T00:34:45.000Z</time>
   </trkpt>
   <trkpt lat="-8.072939" lon="-34.907809">
    <ele>7.6</ele>
    <time>2020-09-17T00:34:46.000Z</time>
   </trkpt>
   <trkpt lat="-8.072895" lon="-34.907815">
    <ele>7.6</ele>
    <time>2020-09-17T00:34:47.000Z</time>
   </trkpt>
   <trkpt lat="-8.072855" lon="-34.907828">
    <ele>7.6</ele>
    <time>2020-09-17T00:34:48.000Z</time>
   </trkpt>
   <trkpt lat="-8.072817" lon="-34.907826">
    <ele>7.6</ele>
    <time>2020-09-17T00:34:49.000Z</time>
   </trkpt>
   <trkpt lat="-8.072781" lon="-34.907823">
    <ele>7.6</ele>
    <time>2020-09-17T00:34:50.000Z</time>
   </trkpt>
   <trkpt lat="-8.072738" lon="-34.907823">
    <ele>7.7</ele>
    <time>2020-09-17T00:34:51.000Z</time>
   </trkpt>
   <trkpt lat="-8.072687" lon="-34.907826">
    <ele>7.7</ele>
    <time>2020-09-17T00:34:52.000Z</time>
   </trkpt>
   <trkpt lat="-8.072636" lon="-34.907832">
    <ele>7.7</ele>
    <time>2020-09-17T00:34:53.000Z</time>
   </trkpt>
   <trkpt lat="-8.07259" lon="-34.907839">
    <ele>7.8</ele>
    <time>2020-09-17T00:34:54.000Z</time>
   </trkpt>
   <trkpt lat="-8.072545" lon="-34.907846">
    <ele>7.8</ele>
    <time>2020-09-17T00:34:55.000Z</time>
   </trkpt>
   <trkpt lat="-8.072496" lon="-34.907855">
    <ele>7.8</ele>
    <time>2020-09-17T00:34:56.000Z</time>
   </trkpt>
   <trkpt lat="-8.072446" lon="-34.907868">
    <ele>7.8</ele>
    <time>2020-09-17T00:34:57.000Z</time>
   </trkpt>
   <trkpt lat="-8.072394" lon="-34.907878">
    <ele>7.8</ele>
    <time>2020-09-17T00:34:58.000Z</time>
   </trkpt>
   <trkpt lat="-8.072338" lon="-34.90789">
    <ele>7.8</ele>
    <time>2020-09-17T00:34:59.000Z</time>
   </trkpt>
   <trkpt lat="-8.07228" lon="-34.907891">
    <ele>7.8</ele>
    <time>2020-09-17T00:35:00.000Z</time>
   </trkpt>
   <trkpt lat="-8.072224" lon="-34.907898">
    <ele>7.9</ele>
    <time>2020-09-17T00:35:01.000Z</time>
   </trkpt>
   <trkpt lat="-8.072168" lon="-34.907902">
    <ele>7.9</ele>
    <time>2020-09-17T00:35:02.000Z</time>
   </trkpt>
   <trkpt lat="-8.072115" lon="-34.907904">
    <ele>7.9</ele>
    <time>2020-09-17T00:35:03.000Z</time>
   </trkpt>
   <trkpt lat="-8.072071" lon="-34.907913">
    <ele>8.1</ele>
    <time>2020-09-17T00:35:04.000Z</time>
   </trkpt>
   <trkpt lat="-8.07202" lon="-34.907917">
    <ele>8.1</ele>
    <time>2020-09-17T00:35:05.000Z</time>
   </trkpt>
   <trkpt lat="-8.07197" lon="-34.907927">
    <ele>8.1</ele>
    <time>2020-09-17T00:35:06.000Z</time>
   </trkpt>
   <trkpt lat="-8.071917" lon="-34.907935">
    <ele>8.2</ele>
    <time>2020-09-17T00:35:07.000Z</time>
   </trkpt>
   <trkpt lat="-8.071873" lon="-34.90794">
    <ele>8.1</ele>
    <time>2020-09-17T00:35:08.000Z</time>
   </trkpt>
   <trkpt lat="-8.07183" lon="-34.907959">
    <ele>8.1</ele>
    <time>2020-09-17T00:35:09.000Z</time>
   </trkpt>
   <trkpt lat="-8.071786" lon="-34.907969">
    <ele>8</ele>
    <time>2020-09-17T00:35:10.000Z</time>
   </trkpt>
   <trkpt lat="-8.071739" lon="-34.907978">
    <ele>8</ele>
    <time>2020-09-17T00:35:11.000Z</time>
   </trkpt>
   <trkpt lat="-8.071694" lon="-34.907984">
    <ele>7.9</ele>
    <time>2020-09-17T00:35:12.000Z</time>
   </trkpt>
   <trkpt lat="-8.07165" lon="-34.907991">
    <ele>7.9</ele>
    <time>2020-09-17T00:35:13.000Z</time>
   </trkpt>
   <trkpt lat="-8.071604" lon="-34.907997">
    <ele>7.9</ele>
    <time>2020-09-17T00:35:14.000Z</time>
   </trkpt>
   <trkpt lat="-8.071555" lon="-34.908006">
    <ele>7.8</ele>
    <time>2020-09-17T00:35:15.000Z</time>
   </trkpt>
   <trkpt lat="-8.071505" lon="-34.908015">
    <ele>7.8</ele>
    <time>2020-09-17T00:35:16.000Z</time>
   </trkpt>
   <trkpt lat="-8.07145" lon="-34.908026">
    <ele>7.8</ele>
    <time>2020-09-17T00:35:17.000Z</time>
   </trkpt>
   <trkpt lat="-8.071394" lon="-34.908034">
    <ele>7.7</ele>
    <time>2020-09-17T00:35:18.000Z</time>
   </trkpt>
   <trkpt lat="-8.071349" lon="-34.908049">
    <ele>7.7</ele>
    <time>2020-09-17T00:35:19.000Z</time>
   </trkpt>
   <trkpt lat="-8.071305" lon="-34.908058">
    <ele>7.7</ele>
    <time>2020-09-17T00:35:20.000Z</time>
   </trkpt>
   <trkpt lat="-8.071261" lon="-34.908066">
    <ele>7.6</ele>
    <time>2020-09-17T00:35:21.000Z</time>
   </trkpt>
   <trkpt lat="-8.071215" lon="-34.908072">
    <ele>7.6</ele>
    <time>2020-09-17T00:35:22.000Z</time>
   </trkpt>
   <trkpt lat="-8.071171" lon="-34.908082">
    <ele>7.6</ele>
    <time>2020-09-17T00:35:23.000Z</time>
   </trkpt>
   <trkpt lat="-8.071124" lon="-34.908097">
    <ele>7.6</ele>
    <time>2020-09-17T00:35:24.000Z</time>
   </trkpt>
   <trkpt lat="-8.071075" lon="-34.908105">
    <ele>7.5</ele>
    <time>2020-09-17T00:35:25.000Z</time>
   </trkpt>
   <trkpt lat="-8.07103" lon="-34.908106">
    <ele>7.5</ele>
    <time>2020-09-17T00:35:26.000Z</time>
   </trkpt>
   <trkpt lat="-8.070985" lon="-34.908114">
    <ele>7.5</ele>
    <time>2020-09-17T00:35:27.000Z</time>
   </trkpt>
   <trkpt lat="-8.070936" lon="-34.908118">
    <ele>7.4</ele>
    <time>2020-09-17T00:35:28.000Z</time>
   </trkpt>
   <trkpt lat="-8.070894" lon="-34.908129">
    <ele>7.4</ele>
    <time>2020-09-17T00:35:29.000Z</time>
   </trkpt>
   <trkpt lat="-8.070854" lon="-34.908143">
    <ele>7.4</ele>
    <time>2020-09-17T00:35:30.000Z</time>
   </trkpt>
   <trkpt lat="-8.070812" lon="-34.908146">
    <ele>7.3</ele>
    <time>2020-09-17T00:35:31.000Z</time>
   </trkpt>
   <trkpt lat="-8.070765" lon="-34.908155">
    <ele>7.3</ele>
    <time>2020-09-17T00:35:32.000Z</time>
   </trkpt>
   <trkpt lat="-8.070725" lon="-34.908166">
    <ele>7.3</ele>
    <time>2020-09-17T00:35:33.000Z</time>
   </trkpt>
   <trkpt lat="-8.070688" lon="-34.908174">
    <ele>7.2</ele>
    <time>2020-09-17T00:35:34.000Z</time>
   </trkpt>
   <trkpt lat="-8.070655" lon="-34.908182">
    <ele>7.2</ele>
    <time>2020-09-17T00:35:35.000Z</time>
   </trkpt>
   <trkpt lat="-8.070619" lon="-34.90819">
    <ele>7.2</ele>
    <time>2020-09-17T00:35:36.000Z</time>
   </trkpt>
   <trkpt lat="-8.070581" lon="-34.908193">
    <ele>7.2</ele>
    <time>2020-09-17T00:35:37.000Z</time>
   </trkpt>
   <trkpt lat="-8.070514" lon="-34.908197">
    <ele>7.2</ele>
    <time>2020-09-17T00:35:39.000Z</time>
   </trkpt>
   <trkpt lat="-8.07047" lon="-34.908201">
    <ele>7.2</ele>
    <time>2020-09-17T00:35:40.000Z</time>
   </trkpt>
   <trkpt lat="-8.070423" lon="-34.908205">
    <ele>7.1</ele>
    <time>2020-09-17T00:35:41.000Z</time>
   </trkpt>
   <trkpt lat="-8.070389" lon="-34.908218">
    <ele>7.1</ele>
    <time>2020-09-17T00:35:42.000Z</time>
   </trkpt>
   <trkpt lat="-8.070354" lon="-34.908234">
    <ele>7.1</ele>
    <time>2020-09-17T00:35:43.000Z</time>
   </trkpt>
   <trkpt lat="-8.070322" lon="-34.908248">
    <ele>7.1</ele>
    <time>2020-09-17T00:35:44.000Z</time>
   </trkpt>
   <trkpt lat="-8.070288" lon="-34.908264">
    <ele>7.1</ele>
    <time>2020-09-17T00:35:45.000Z</time>
   </trkpt>
   <trkpt lat="-8.070253" lon="-34.908282">
    <ele>7.1</ele>
    <time>2020-09-17T00:35:46.000Z</time>
   </trkpt>
   <trkpt lat="-8.070219" lon="-34.908294">
    <ele>7.1</ele>
    <time>2020-09-17T00:35:47.000Z</time>
   </trkpt>
   <trkpt lat="-8.07018" lon="-34.908301">
    <ele>7.1</ele>
    <time>2020-09-17T00:35:48.000Z</time>
   </trkpt>
   <trkpt lat="-8.070142" lon="-34.908308">
    <ele>7.1</ele>
    <time>2020-09-17T00:35:49.000Z</time>
   </trkpt>
   <trkpt lat="-8.070094" lon="-34.908319">
    <ele>7.1</ele>
    <time>2020-09-17T00:35:50.000Z</time>
   </trkpt>
   <trkpt lat="-8.070041" lon="-34.908332">
    <ele>7.1</ele>
    <time>2020-09-17T00:35:51.000Z</time>
   </trkpt>
   <trkpt lat="-8.069997" lon="-34.908341">
    <ele>7.1</ele>
    <time>2020-09-17T00:35:52.000Z</time>
   </trkpt>
   <trkpt lat="-8.069943" lon="-34.90834">
    <ele>7.1</ele>
    <time>2020-09-17T00:35:53.000Z</time>
   </trkpt>
   <trkpt lat="-8.0699" lon="-34.908359">
    <ele>7.1</ele>
    <time>2020-09-17T00:35:54.000Z</time>
   </trkpt>
   <trkpt lat="-8.06986" lon="-34.90837">
    <ele>7.1</ele>
    <time>2020-09-17T00:35:55.000Z</time>
   </trkpt>
   <trkpt lat="-8.069816" lon="-34.90838">
    <ele>7.1</ele>
    <time>2020-09-17T00:35:56.000Z</time>
   </trkpt>
   <trkpt lat="-8.069778" lon="-34.908394">
    <ele>7.1</ele>
    <time>2020-09-17T00:35:57.000Z</time>
   </trkpt>
   <trkpt lat="-8.069744" lon="-34.908404">
    <ele>7.1</ele>
    <time>2020-09-17T00:35:58.000Z</time>
   </trkpt>
   <trkpt lat="-8.069706" lon="-34.908411">
    <ele>7.1</ele>
    <time>2020-09-17T00:35:59.000Z</time>
   </trkpt>
   <trkpt lat="-8.069667" lon="-34.908416">
    <ele>7.1</ele>
    <time>2020-09-17T00:36:00.000Z</time>
   </trkpt>
   <trkpt lat="-8.069628" lon="-34.908415">
    <ele>7.2</ele>
    <time>2020-09-17T00:36:01.000Z</time>
   </trkpt>
   <trkpt lat="-8.069581" lon="-34.908408">
    <ele>7.2</ele>
    <time>2020-09-17T00:36:02.000Z</time>
   </trkpt>
   <trkpt lat="-8.069545" lon="-34.908416">
    <ele>7.2</ele>
    <time>2020-09-17T00:36:03.000Z</time>
   </trkpt>
   <trkpt lat="-8.069511" lon="-34.908425">
    <ele>7.2</ele>
    <time>2020-09-17T00:36:04.000Z</time>
   </trkpt>
   <trkpt lat="-8.069474" lon="-34.908431">
    <ele>7.2</ele>
    <time>2020-09-17T00:36:05.000Z</time>
   </trkpt>
   <trkpt lat="-8.069435" lon="-34.908438">
    <ele>7.2</ele>
    <time>2020-09-17T00:36:06.000Z</time>
   </trkpt>
   <trkpt lat="-8.069395" lon="-34.908442">
    <ele>7.2</ele>
    <time>2020-09-17T00:36:07.000Z</time>
   </trkpt>
   <trkpt lat="-8.069355" lon="-34.908452">
    <ele>7.2</ele>
    <time>2020-09-17T00:36:08.000Z</time>
   </trkpt>
   <trkpt lat="-8.069314" lon="-34.908453">
    <ele>7.3</ele>
    <time>2020-09-17T00:36:09.000Z</time>
   </trkpt>
   <trkpt lat="-8.069265" lon="-34.908453">
    <ele>7.3</ele>
    <time>2020-09-17T00:36:10.000Z</time>
   </trkpt>
   <trkpt lat="-8.069223" lon="-34.908462">
    <ele>7.3</ele>
    <time>2020-09-17T00:36:11.000Z</time>
   </trkpt>
   <trkpt lat="-8.069174" lon="-34.908469">
    <ele>7.3</ele>
    <time>2020-09-17T00:36:12.000Z</time>
   </trkpt>
   <trkpt lat="-8.069127" lon="-34.90848">
    <ele>7.3</ele>
    <time>2020-09-17T00:36:13.000Z</time>
   </trkpt>
   <trkpt lat="-8.069077" lon="-34.908485">
    <ele>7.4</ele>
    <time>2020-09-17T00:36:14.000Z</time>
   </trkpt>
   <trkpt lat="-8.069029" lon="-34.908487">
    <ele>7.4</ele>
    <time>2020-09-17T00:36:15.000Z</time>
   </trkpt>
   <trkpt lat="-8.068983" lon="-34.908487">
    <ele>7.4</ele>
    <time>2020-09-17T00:36:16.000Z</time>
   </trkpt>
   <trkpt lat="-8.068932" lon="-34.908485">
    <ele>7.4</ele>
    <time>2020-09-17T00:36:17.000Z</time>
   </trkpt>
   <trkpt lat="-8.068873" lon="-34.908485">
    <ele>7.3</ele>
    <time>2020-09-17T00:36:18.000Z</time>
   </trkpt>
   <trkpt lat="-8.068822" lon="-34.908486">
    <ele>7.3</ele>
    <time>2020-09-17T00:36:19.000Z</time>
   </trkpt>
   <trkpt lat="-8.068772" lon="-34.908484">
    <ele>7.3</ele>
    <time>2020-09-17T00:36:20.000Z</time>
   </trkpt>
   <trkpt lat="-8.068725" lon="-34.908484">
    <ele>7.3</ele>
    <time>2020-09-17T00:36:21.000Z</time>
   </trkpt>
   <trkpt lat="-8.068682" lon="-34.908478">
    <ele>7.3</ele>
    <time>2020-09-17T00:36:22.000Z</time>
   </trkpt>
   <trkpt lat="-8.068637" lon="-34.908472">
    <ele>7.3</ele>
    <time>2020-09-17T00:36:23.000Z</time>
   </trkpt>
   <trkpt lat="-8.068593" lon="-34.908463">
    <ele>7.3</ele>
    <time>2020-09-17T00:36:24.000Z</time>
   </trkpt>
   <trkpt lat="-8.068546" lon="-34.908456">
    <ele>7.3</ele>
    <time>2020-09-17T00:36:25.000Z</time>
   </trkpt>
   <trkpt lat="-8.068491" lon="-34.908449">
    <ele>7.3</ele>
    <time>2020-09-17T00:36:26.000Z</time>
   </trkpt>
   <trkpt lat="-8.068434" lon="-34.908444">
    <ele>7.3</ele>
    <time>2020-09-17T00:36:27.000Z</time>
   </trkpt>
   <trkpt lat="-8.06838" lon="-34.908439">
    <ele>7.4</ele>
    <time>2020-09-17T00:36:28.000Z</time>
   </trkpt>
   <trkpt lat="-8.06833" lon="-34.908428">
    <ele>7.4</ele>
    <time>2020-09-17T00:36:29.000Z</time>
   </trkpt>
   <trkpt lat="-8.068281" lon="-34.908424">
    <ele>7.4</ele>
    <time>2020-09-17T00:36:30.000Z</time>
   </trkpt>
   <trkpt lat="-8.068225" lon="-34.908421">
    <ele>7.5</ele>
    <time>2020-09-17T00:36:31.000Z</time>
   </trkpt>
   <trkpt lat="-8.068167" lon="-34.908415">
    <ele>7.5</ele>
    <time>2020-09-17T00:36:32.000Z</time>
   </trkpt>
   <trkpt lat="-8.068114" lon="-34.908412">
    <ele>7.5</ele>
    <time>2020-09-17T00:36:33.000Z</time>
   </trkpt>
   <trkpt lat="-8.068058" lon="-34.908408">
    <ele>7.6</ele>
    <time>2020-09-17T00:36:34.000Z</time>
   </trkpt>
   <trkpt lat="-8.068002" lon="-34.908403">
    <ele>7.6</ele>
    <time>2020-09-17T00:36:35.000Z</time>
   </trkpt>
   <trkpt lat="-8.067943" lon="-34.908399">
    <ele>7.7</ele>
    <time>2020-09-17T00:36:36.000Z</time>
   </trkpt>
   <trkpt lat="-8.06788" lon="-34.908396">
    <ele>7.7</ele>
    <time>2020-09-17T00:36:37.000Z</time>
   </trkpt>
   <trkpt lat="-8.067814" lon="-34.908393">
    <ele>7.7</ele>
    <time>2020-09-17T00:36:38.000Z</time>
   </trkpt>
   <trkpt lat="-8.067755" lon="-34.908384">
    <ele>7.7</ele>
    <time>2020-09-17T00:36:39.000Z</time>
   </trkpt>
   <trkpt lat="-8.067708" lon="-34.908377">
    <ele>7.7</ele>
    <time>2020-09-17T00:36:40.000Z</time>
   </trkpt>
   <trkpt lat="-8.067655" lon="-34.908369">
    <ele>7.8</ele>
    <time>2020-09-17T00:36:41.000Z</time>
   </trkpt>
   <trkpt lat="-8.067615" lon="-34.908362">
    <ele>7.8</ele>
    <time>2020-09-17T00:36:42.000Z</time>
   </trkpt>
   <trkpt lat="-8.067565" lon="-34.908348">
    <ele>7.8</ele>
    <time>2020-09-17T00:36:43.000Z</time>
   </trkpt>
   <trkpt lat="-8.067516" lon="-34.908325">
    <ele>7.8</ele>
    <time>2020-09-17T00:36:44.000Z</time>
   </trkpt>
   <trkpt lat="-8.067464" lon="-34.908315">
    <ele>7.8</ele>
    <time>2020-09-17T00:36:45.000Z</time>
   </trkpt>
   <trkpt lat="-8.067418" lon="-34.908302">
    <ele>7.8</ele>
    <time>2020-09-17T00:36:46.000Z</time>
   </trkpt>
   <trkpt lat="-8.067376" lon="-34.908301">
    <ele>7.8</ele>
    <time>2020-09-17T00:36:47.000Z</time>
   </trkpt>
   <trkpt lat="-8.067334" lon="-34.908305">
    <ele>7.8</ele>
    <time>2020-09-17T00:36:48.000Z</time>
   </trkpt>
   <trkpt lat="-8.067289" lon="-34.908305">
    <ele>7.8</ele>
    <time>2020-09-17T00:36:49.000Z</time>
   </trkpt>
   <trkpt lat="-8.067243" lon="-34.908303">
    <ele>7.8</ele>
    <time>2020-09-17T00:36:50.000Z</time>
   </trkpt>
   <trkpt lat="-8.067202" lon="-34.908308">
    <ele>7.8</ele>
    <time>2020-09-17T00:36:51.000Z</time>
   </trkpt>
   <trkpt lat="-8.067157" lon="-34.908295">
    <ele>7.8</ele>
    <time>2020-09-17T00:36:52.000Z</time>
   </trkpt>
   <trkpt lat="-8.067122" lon="-34.908292">
    <ele>7.8</ele>
    <time>2020-09-17T00:36:53.000Z</time>
   </trkpt>
   <trkpt lat="-8.067084" lon="-34.908286">
    <ele>7.8</ele>
    <time>2020-09-17T00:36:54.000Z</time>
   </trkpt>
   <trkpt lat="-8.067047" lon="-34.908284">
    <ele>7.8</ele>
    <time>2020-09-17T00:36:55.000Z</time>
   </trkpt>
   <trkpt lat="-8.067006" lon="-34.908283">
    <ele>7.8</ele>
    <time>2020-09-17T00:36:56.000Z</time>
   </trkpt>
   <trkpt lat="-8.066957" lon="-34.908281">
    <ele>7.9</ele>
    <time>2020-09-17T00:36:57.000Z</time>
   </trkpt>
   <trkpt lat="-8.066905" lon="-34.908287">
    <ele>7.9</ele>
    <time>2020-09-17T00:36:58.000Z</time>
   </trkpt>
   <trkpt lat="-8.066856" lon="-34.908274">
    <ele>7.9</ele>
    <time>2020-09-17T00:36:59.000Z</time>
   </trkpt>
   <trkpt lat="-8.066814" lon="-34.908275">
    <ele>7.9</ele>
    <time>2020-09-17T00:37:00.000Z</time>
   </trkpt>
   <trkpt lat="-8.066781" lon="-34.908275">
    <ele>7.9</ele>
    <time>2020-09-17T00:37:01.000Z</time>
   </trkpt>
   <trkpt lat="-8.06674" lon="-34.908278">
    <ele>8</ele>
    <time>2020-09-17T00:37:02.000Z</time>
   </trkpt>
   <trkpt lat="-8.066697" lon="-34.908277">
    <ele>8</ele>
    <time>2020-09-17T00:37:03.000Z</time>
   </trkpt>
   <trkpt lat="-8.066648" lon="-34.908273">
    <ele>8.1</ele>
    <time>2020-09-17T00:37:04.000Z</time>
   </trkpt>
   <trkpt lat="-8.066601" lon="-34.908266">
    <ele>8.1</ele>
    <time>2020-09-17T00:37:05.000Z</time>
   </trkpt>
   <trkpt lat="-8.066547" lon="-34.90826">
    <ele>8.2</ele>
    <time>2020-09-17T00:37:06.000Z</time>
   </trkpt>
   <trkpt lat="-8.066494" lon="-34.908251">
    <ele>8.2</ele>
    <time>2020-09-17T00:37:07.000Z</time>
   </trkpt>
   <trkpt lat="-8.066444" lon="-34.908233">
    <ele>8.3</ele>
    <time>2020-09-17T00:37:08.000Z</time>
   </trkpt>
   <trkpt lat="-8.066404" lon="-34.908221">
    <ele>8.3</ele>
    <time>2020-09-17T00:37:09.000Z</time>
   </trkpt>
   <trkpt lat="-8.066366" lon="-34.908219">
    <ele>8.3</ele>
    <time>2020-09-17T00:37:10.000Z</time>
   </trkpt>
   <trkpt lat="-8.06633" lon="-34.908216">
    <ele>8.3</ele>
    <time>2020-09-17T00:37:11.000Z</time>
   </trkpt>
   <trkpt lat="-8.066296" lon="-34.908214">
    <ele>8.3</ele>
    <time>2020-09-17T00:37:12.000Z</time>
   </trkpt>
   <trkpt lat="-8.066259" lon="-34.908206">
    <ele>8.3</ele>
    <time>2020-09-17T00:37:13.000Z</time>
   </trkpt>
   <trkpt lat="-8.066215" lon="-34.908197">
    <ele>8.3</ele>
    <time>2020-09-17T00:37:14.000Z</time>
   </trkpt>
   <trkpt lat="-8.066178" lon="-34.908187">
    <ele>8.4</ele>
    <time>2020-09-17T00:37:15.000Z</time>
   </trkpt>
   <trkpt lat="-8.066139" lon="-34.908174">
    <ele>8.4</ele>
    <time>2020-09-17T00:37:16.000Z</time>
   </trkpt>
   <trkpt lat="-8.066104" lon="-34.908167">
    <ele>8.4</ele>
    <time>2020-09-17T00:37:17.000Z</time>
   </trkpt>
   <trkpt lat="-8.066069" lon="-34.908157">
    <ele>8.4</ele>
    <time>2020-09-17T00:37:18.000Z</time>
   </trkpt>
   <trkpt lat="-8.066042" lon="-34.90815">
    <ele>8.5</ele>
    <time>2020-09-17T00:37:19.000Z</time>
   </trkpt>
   <trkpt lat="-8.06601" lon="-34.908153">
    <ele>8.5</ele>
    <time>2020-09-17T00:37:20.000Z</time>
   </trkpt>
   <trkpt lat="-8.065969" lon="-34.908157">
    <ele>8.6</ele>
    <time>2020-09-17T00:37:21.000Z</time>
   </trkpt>
   <trkpt lat="-8.065939" lon="-34.908148">
    <ele>8.6</ele>
    <time>2020-09-17T00:37:22.000Z</time>
   </trkpt>
   <trkpt lat="-8.065912" lon="-34.908148">
    <ele>8.6</ele>
    <time>2020-09-17T00:37:23.000Z</time>
   </trkpt>
   <trkpt lat="-8.065859" lon="-34.90815">
    <ele>8.7</ele>
    <time>2020-09-17T00:37:25.000Z</time>
   </trkpt>
   <trkpt lat="-8.06583" lon="-34.908143">
    <ele>8.8</ele>
    <time>2020-09-17T00:37:26.000Z</time>
   </trkpt>
   <trkpt lat="-8.065791" lon="-34.908138">
    <ele>8.8</ele>
    <time>2020-09-17T00:37:28.000Z</time>
   </trkpt>
   <trkpt lat="-8.065754" lon="-34.908142">
    <ele>8.9</ele>
    <time>2020-09-17T00:37:30.000Z</time>
   </trkpt>
   <trkpt lat="-8.06571" lon="-34.90814">
    <ele>9</ele>
    <time>2020-09-17T00:37:32.000Z</time>
   </trkpt>
   <trkpt lat="-8.065681" lon="-34.908135">
    <ele>9.1</ele>
    <time>2020-09-17T00:37:33.000Z</time>
   </trkpt>
   <trkpt lat="-8.065629" lon="-34.908141">
    <ele>9.2</ele>
    <time>2020-09-17T00:37:35.000Z</time>
   </trkpt>
   <trkpt lat="-8.065586" lon="-34.90813">
    <ele>9.3</ele>
    <time>2020-09-17T00:37:37.000Z</time>
   </trkpt>
   <trkpt lat="-8.065553" lon="-34.908114">
    <ele>9.4</ele>
    <time>2020-09-17T00:37:38.000Z</time>
   </trkpt>
   <trkpt lat="-8.065507" lon="-34.908114">
    <ele>9.5</ele>
    <time>2020-09-17T00:37:40.000Z</time>
   </trkpt>
   <trkpt lat="-8.065477" lon="-34.90811">
    <ele>9.5</ele>
    <time>2020-09-17T00:37:41.000Z</time>
   </trkpt>
   <trkpt lat="-8.065443" lon="-34.908105">
    <ele>9.6</ele>
    <time>2020-09-17T00:37:42.000Z</time>
   </trkpt>
   <trkpt lat="-8.065401" lon="-34.908094">
    <ele>9.8</ele>
    <time>2020-09-17T00:37:43.000Z</time>
   </trkpt>
   <trkpt lat="-8.065356" lon="-34.908086">
    <ele>10</ele>
    <time>2020-09-17T00:37:44.000Z</time>
   </trkpt>
   <trkpt lat="-8.065321" lon="-34.908083">
    <ele>10</ele>
    <time>2020-09-17T00:37:45.000Z</time>
   </trkpt>
   <trkpt lat="-8.065283" lon="-34.908079">
    <ele>10</ele>
    <time>2020-09-17T00:37:46.000Z</time>
   </trkpt>
   <trkpt lat="-8.06524" lon="-34.908067">
    <ele>10</ele>
    <time>2020-09-17T00:37:47.000Z</time>
   </trkpt>
   <trkpt lat="-8.065184" lon="-34.908062">
    <ele>10</ele>
    <time>2020-09-17T00:37:48.000Z</time>
   </trkpt>
   <trkpt lat="-8.06513" lon="-34.908048">
    <ele>9.9</ele>
    <time>2020-09-17T00:37:49.000Z</time>
   </trkpt>
   <trkpt lat="-8.065079" lon="-34.908038">
    <ele>9.8</ele>
    <time>2020-09-17T00:37:50.000Z</time>
   </trkpt>
   <trkpt lat="-8.065025" lon="-34.908027">
    <ele>9.7</ele>
    <time>2020-09-17T00:37:51.000Z</time>
   </trkpt>
   <trkpt lat="-8.064975" lon="-34.908015">
    <ele>9.5</ele>
    <time>2020-09-17T00:37:52.000Z</time>
   </trkpt>
   <trkpt lat="-8.064925" lon="-34.908011">
    <ele>9.5</ele>
    <time>2020-09-17T00:37:53.000Z</time>
   </trkpt>
   <trkpt lat="-8.064879" lon="-34.908005">
    <ele>9.4</ele>
    <time>2020-09-17T00:37:54.000Z</time>
   </trkpt>
   <trkpt lat="-8.064832" lon="-34.907993">
    <ele>9.3</ele>
    <time>2020-09-17T00:37:55.000Z</time>
   </trkpt>
   <trkpt lat="-8.064781" lon="-34.907983">
    <ele>9.3</ele>
    <time>2020-09-17T00:37:56.000Z</time>
   </trkpt>
   <trkpt lat="-8.064737" lon="-34.907968">
    <ele>9.2</ele>
    <time>2020-09-17T00:37:57.000Z</time>
   </trkpt>
   <trkpt lat="-8.064688" lon="-34.907961">
    <ele>9.2</ele>
    <time>2020-09-17T00:37:58.000Z</time>
   </trkpt>
   <trkpt lat="-8.064639" lon="-34.907959">
    <ele>9.1</ele>
    <time>2020-09-17T00:37:59.000Z</time>
   </trkpt>
   <trkpt lat="-8.064587" lon="-34.907951">
    <ele>9.1</ele>
    <time>2020-09-17T00:38:00.000Z</time>
   </trkpt>
   <trkpt lat="-8.064535" lon="-34.907945">
    <ele>9</ele>
    <time>2020-09-17T00:38:01.000Z</time>
   </trkpt>
   <trkpt lat="-8.064478" lon="-34.907933">
    <ele>9</ele>
    <time>2020-09-17T00:38:02.000Z</time>
   </trkpt>
   <trkpt lat="-8.064425" lon="-34.907921">
    <ele>9</ele>
    <time>2020-09-17T00:38:03.000Z</time>
   </trkpt>
   <trkpt lat="-8.064372" lon="-34.907908">
    <ele>8.9</ele>
    <time>2020-09-17T00:38:04.000Z</time>
   </trkpt>
   <trkpt lat="-8.064319" lon="-34.907915">
    <ele>8.9</ele>
    <time>2020-09-17T00:38:05.000Z</time>
   </trkpt>
   <trkpt lat="-8.064271" lon="-34.907912">
    <ele>8.9</ele>
    <time>2020-09-17T00:38:06.000Z</time>
   </trkpt>
   <trkpt lat="-8.064224" lon="-34.90791">
    <ele>8.9</ele>
    <time>2020-09-17T00:38:07.000Z</time>
   </trkpt>
   <trkpt lat="-8.064179" lon="-34.907905">
    <ele>8.9</ele>
    <time>2020-09-17T00:38:08.000Z</time>
   </trkpt>
   <trkpt lat="-8.064137" lon="-34.907897">
    <ele>8.9</ele>
    <time>2020-09-17T00:38:09.000Z</time>
   </trkpt>
   <trkpt lat="-8.064073" lon="-34.907879">
    <ele>8.9</ele>
    <time>2020-09-17T00:38:10.000Z</time>
   </trkpt>
   <trkpt lat="-8.064009" lon="-34.907865">
    <ele>8.9</ele>
    <time>2020-09-17T00:38:11.000Z</time>
   </trkpt>
   <trkpt lat="-8.063954" lon="-34.907855">
    <ele>8.9</ele>
    <time>2020-09-17T00:38:12.000Z</time>
   </trkpt>
   <trkpt lat="-8.063897" lon="-34.907843">
    <ele>9</ele>
    <time>2020-09-17T00:38:13.000Z</time>
   </trkpt>
   <trkpt lat="-8.06384" lon="-34.907848">
    <ele>9</ele>
    <time>2020-09-17T00:38:14.000Z</time>
   </trkpt>
   <trkpt lat="-8.063787" lon="-34.907841">
    <ele>9</ele>
    <time>2020-09-17T00:38:15.000Z</time>
   </trkpt>
   <trkpt lat="-8.063739" lon="-34.907835">
    <ele>9.1</ele>
    <time>2020-09-17T00:38:16.000Z</time>
   </trkpt>
   <trkpt lat="-8.063698" lon="-34.907828">
    <ele>9.1</ele>
    <time>2020-09-17T00:38:17.000Z</time>
   </trkpt>
   <trkpt lat="-8.063658" lon="-34.907822">
    <ele>9.1</ele>
    <time>2020-09-17T00:38:18.000Z</time>
   </trkpt>
   <trkpt lat="-8.063612" lon="-34.907814">
    <ele>9.1</ele>
    <time>2020-09-17T00:38:19.000Z</time>
   </trkpt>
   <trkpt lat="-8.063559" lon="-34.907807">
    <ele>9.1</ele>
    <time>2020-09-17T00:38:20.000Z</time>
   </trkpt>
   <trkpt lat="-8.063506" lon="-34.907808">
    <ele>9.1</ele>
    <time>2020-09-17T00:38:21.000Z</time>
   </trkpt>
   <trkpt lat="-8.063454" lon="-34.907806">
    <ele>9.1</ele>
    <time>2020-09-17T00:38:22.000Z</time>
   </trkpt>
   <trkpt lat="-8.063409" lon="-34.907802">
    <ele>9.2</ele>
    <time>2020-09-17T00:38:23.000Z</time>
   </trkpt>
   <trkpt lat="-8.063366" lon="-34.907798">
    <ele>9.2</ele>
    <time>2020-09-17T00:38:24.000Z</time>
   </trkpt>
   <trkpt lat="-8.063322" lon="-34.907794">
    <ele>9.2</ele>
    <time>2020-09-17T00:38:25.000Z</time>
   </trkpt>
   <trkpt lat="-8.063281" lon="-34.907786">
    <ele>9.2</ele>
    <time>2020-09-17T00:38:26.000Z</time>
   </trkpt>
   <trkpt lat="-8.063243" lon="-34.907785">
    <ele>9.3</ele>
    <time>2020-09-17T00:38:27.000Z</time>
   </trkpt>
   <trkpt lat="-8.063203" lon="-34.907783">
    <ele>9.3</ele>
    <time>2020-09-17T00:38:28.000Z</time>
   </trkpt>
   <trkpt lat="-8.063164" lon="-34.907776">
    <ele>9.3</ele>
    <time>2020-09-17T00:38:29.000Z</time>
   </trkpt>
   <trkpt lat="-8.06312" lon="-34.907769">
    <ele>9.3</ele>
    <time>2020-09-17T00:38:30.000Z</time>
   </trkpt>
   <trkpt lat="-8.063069" lon="-34.90777">
    <ele>9.3</ele>
    <time>2020-09-17T00:38:31.000Z</time>
   </trkpt>
   <trkpt lat="-8.063025" lon="-34.907767">
    <ele>9.3</ele>
    <time>2020-09-17T00:38:32.000Z</time>
   </trkpt>
   <trkpt lat="-8.062982" lon="-34.907765">
    <ele>9.3</ele>
    <time>2020-09-17T00:38:33.000Z</time>
   </trkpt>
   <trkpt lat="-8.062933" lon="-34.907762">
    <ele>9.3</ele>
    <time>2020-09-17T00:38:34.000Z</time>
   </trkpt>
   <trkpt lat="-8.062885" lon="-34.907756">
    <ele>9.3</ele>
    <time>2020-09-17T00:38:35.000Z</time>
   </trkpt>
   <trkpt lat="-8.06284" lon="-34.907747">
    <ele>9.3</ele>
    <time>2020-09-17T00:38:36.000Z</time>
   </trkpt>
   <trkpt lat="-8.062792" lon="-34.907739">
    <ele>9.3</ele>
    <time>2020-09-17T00:38:37.000Z</time>
   </trkpt>
   <trkpt lat="-8.062741" lon="-34.907728">
    <ele>9.3</ele>
    <time>2020-09-17T00:38:38.000Z</time>
   </trkpt>
   <trkpt lat="-8.062685" lon="-34.907717">
    <ele>9.3</ele>
    <time>2020-09-17T00:38:39.000Z</time>
   </trkpt>
   <trkpt lat="-8.062635" lon="-34.907701">
    <ele>9.3</ele>
    <time>2020-09-17T00:38:40.000Z</time>
   </trkpt>
   <trkpt lat="-8.062582" lon="-34.907688">
    <ele>9.3</ele>
    <time>2020-09-17T00:38:41.000Z</time>
   </trkpt>
   <trkpt lat="-8.062535" lon="-34.907677">
    <ele>9.3</ele>
    <time>2020-09-17T00:38:42.000Z</time>
   </trkpt>
   <trkpt lat="-8.062487" lon="-34.907669">
    <ele>9.3</ele>
    <time>2020-09-17T00:38:43.000Z</time>
   </trkpt>
   <trkpt lat="-8.062438" lon="-34.907663">
    <ele>9.3</ele>
    <time>2020-09-17T00:38:44.000Z</time>
   </trkpt>
   <trkpt lat="-8.062391" lon="-34.907653">
    <ele>9.3</ele>
    <time>2020-09-17T00:38:45.000Z</time>
   </trkpt>
   <trkpt lat="-8.062347" lon="-34.907659">
    <ele>9.3</ele>
    <time>2020-09-17T00:38:46.000Z</time>
   </trkpt>
   <trkpt lat="-8.062309" lon="-34.907653">
    <ele>9.4</ele>
    <time>2020-09-17T00:38:47.000Z</time>
   </trkpt>
   <trkpt lat="-8.062266" lon="-34.907644">
    <ele>9.4</ele>
    <time>2020-09-17T00:38:48.000Z</time>
   </trkpt>
   <trkpt lat="-8.062226" lon="-34.907641">
    <ele>9.4</ele>
    <time>2020-09-17T00:38:49.000Z</time>
   </trkpt>
   <trkpt lat="-8.062191" lon="-34.907641">
    <ele>9.4</ele>
    <time>2020-09-17T00:38:50.000Z</time>
   </trkpt>
   <trkpt lat="-8.062153" lon="-34.907634">
    <ele>9.5</ele>
    <time>2020-09-17T00:38:51.000Z</time>
   </trkpt>
   <trkpt lat="-8.062122" lon="-34.907625">
    <ele>9.5</ele>
    <time>2020-09-17T00:38:52.000Z</time>
   </trkpt>
   <trkpt lat="-8.062078" lon="-34.907617">
    <ele>9.5</ele>
    <time>2020-09-17T00:38:54.000Z</time>
   </trkpt>
   <trkpt lat="-8.062027" lon="-34.907601">
    <ele>9.5</ele>
    <time>2020-09-17T00:38:56.000Z</time>
   </trkpt>
   <trkpt lat="-8.061982" lon="-34.9076">
    <ele>9.6</ele>
    <time>2020-09-17T00:38:58.000Z</time>
   </trkpt>
   <trkpt lat="-8.061954" lon="-34.907597">
    <ele>9.6</ele>
    <time>2020-09-17T00:39:01.000Z</time>
   </trkpt>
   <trkpt lat="-8.061938" lon="-34.907576">
    <ele>9.6</ele>
    <time>2020-09-17T00:39:06.000Z</time>
   </trkpt>
   <trkpt lat="-8.061838" lon="-34.907569">
    <ele>9.6</ele>
    <time>2020-09-17T00:39:48.000Z</time>
   </trkpt>
   <trkpt lat="-8.061806" lon="-34.907576">
    <ele>9.6</ele>
    <time>2020-09-17T00:39:49.000Z</time>
   </trkpt>
   <trkpt lat="-8.061778" lon="-34.907578">
    <ele>9.6</ele>
    <time>2020-09-17T00:39:50.000Z</time>
   </trkpt>
   <trkpt lat="-8.06174" lon="-34.907581">
    <ele>9.5</ele>
    <time>2020-09-17T00:39:51.000Z</time>
   </trkpt>
   <trkpt lat="-8.061704" lon="-34.907585">
    <ele>9.5</ele>
    <time>2020-09-17T00:39:52.000Z</time>
   </trkpt>
   <trkpt lat="-8.061667" lon="-34.907584">
    <ele>9.5</ele>
    <time>2020-09-17T00:39:53.000Z</time>
   </trkpt>
   <trkpt lat="-8.061634" lon="-34.907576">
    <ele>9.5</ele>
    <time>2020-09-17T00:39:54.000Z</time>
   </trkpt>
   <trkpt lat="-8.061599" lon="-34.907568">
    <ele>9.5</ele>
    <time>2020-09-17T00:39:55.000Z</time>
   </trkpt>
   <trkpt lat="-8.06155" lon="-34.90756">
    <ele>9.6</ele>
    <time>2020-09-17T00:39:56.000Z</time>
   </trkpt>
   <trkpt lat="-8.061501" lon="-34.907553">
    <ele>9.6</ele>
    <time>2020-09-17T00:39:57.000Z</time>
   </trkpt>
   <trkpt lat="-8.061451" lon="-34.907549">
    <ele>9.6</ele>
    <time>2020-09-17T00:39:58.000Z</time>
   </trkpt>
   <trkpt lat="-8.061409" lon="-34.90755">
    <ele>9.6</ele>
    <time>2020-09-17T00:39:59.000Z</time>
   </trkpt>
   <trkpt lat="-8.061365" lon="-34.907552">
    <ele>9.6</ele>
    <time>2020-09-17T00:40:00.000Z</time>
   </trkpt>
   <trkpt lat="-8.061316" lon="-34.907554">
    <ele>9.6</ele>
    <time>2020-09-17T00:40:01.000Z</time>
   </trkpt>
   <trkpt lat="-8.06127" lon="-34.907551">
    <ele>9.6</ele>
    <time>2020-09-17T00:40:02.000Z</time>
   </trkpt>
   <trkpt lat="-8.061231" lon="-34.907551">
    <ele>9.6</ele>
    <time>2020-09-17T00:40:03.000Z</time>
   </trkpt>
   <trkpt lat="-8.061191" lon="-34.907548">
    <ele>9.6</ele>
    <time>2020-09-17T00:40:04.000Z</time>
   </trkpt>
   <trkpt lat="-8.061144" lon="-34.907544">
    <ele>9.6</ele>
    <time>2020-09-17T00:40:05.000Z</time>
   </trkpt>
   <trkpt lat="-8.061094" lon="-34.907533">
    <ele>9.6</ele>
    <time>2020-09-17T00:40:06.000Z</time>
   </trkpt>
   <trkpt lat="-8.061051" lon="-34.907521">
    <ele>9.6</ele>
    <time>2020-09-17T00:40:07.000Z</time>
   </trkpt>
   <trkpt lat="-8.060993" lon="-34.907518">
    <ele>9.6</ele>
    <time>2020-09-17T00:40:08.000Z</time>
   </trkpt>
   <trkpt lat="-8.060944" lon="-34.907515">
    <ele>9.6</ele>
    <time>2020-09-17T00:40:09.000Z</time>
   </trkpt>
   <trkpt lat="-8.060902" lon="-34.907511">
    <ele>9.6</ele>
    <time>2020-09-17T00:40:10.000Z</time>
   </trkpt>
   <trkpt lat="-8.06085" lon="-34.907503">
    <ele>9.6</ele>
    <time>2020-09-17T00:40:11.000Z</time>
   </trkpt>
   <trkpt lat="-8.060797" lon="-34.907498">
    <ele>9.6</ele>
    <time>2020-09-17T00:40:12.000Z</time>
   </trkpt>
   <trkpt lat="-8.060743" lon="-34.90748">
    <ele>9.6</ele>
    <time>2020-09-17T00:40:13.000Z</time>
   </trkpt>
   <trkpt lat="-8.060694" lon="-34.907464">
    <ele>9.6</ele>
    <time>2020-09-17T00:40:14.000Z</time>
   </trkpt>
   <trkpt lat="-8.060648" lon="-34.907446">
    <ele>9.6</ele>
    <time>2020-09-17T00:40:15.000Z</time>
   </trkpt>
   <trkpt lat="-8.060599" lon="-34.90743">
    <ele>9.6</ele>
    <time>2020-09-17T00:40:16.000Z</time>
   </trkpt>
   <trkpt lat="-8.060564" lon="-34.907415">
    <ele>9.6</ele>
    <time>2020-09-17T00:40:17.000Z</time>
   </trkpt>
   <trkpt lat="-8.060514" lon="-34.907403">
    <ele>9.5</ele>
    <time>2020-09-17T00:40:18.000Z</time>
   </trkpt>
   <trkpt lat="-8.06047" lon="-34.907397">
    <ele>9.5</ele>
    <time>2020-09-17T00:40:19.000Z</time>
   </trkpt>
   <trkpt lat="-8.060422" lon="-34.907399">
    <ele>9.5</ele>
    <time>2020-09-17T00:40:20.000Z</time>
   </trkpt>
   <trkpt lat="-8.060379" lon="-34.90741">
    <ele>9.5</ele>
    <time>2020-09-17T00:40:21.000Z</time>
   </trkpt>
   <trkpt lat="-8.060336" lon="-34.907412">
    <ele>9.5</ele>
    <time>2020-09-17T00:40:22.000Z</time>
   </trkpt>
   <trkpt lat="-8.060293" lon="-34.907402">
    <ele>9.5</ele>
    <time>2020-09-17T00:40:23.000Z</time>
   </trkpt>
   <trkpt lat="-8.060245" lon="-34.907387">
    <ele>9.5</ele>
    <time>2020-09-17T00:40:24.000Z</time>
   </trkpt>
   <trkpt lat="-8.060195" lon="-34.907378">
    <ele>9.5</ele>
    <time>2020-09-17T00:40:25.000Z</time>
   </trkpt>
   <trkpt lat="-8.060137" lon="-34.907365">
    <ele>9.5</ele>
    <time>2020-09-17T00:40:26.000Z</time>
   </trkpt>
   <trkpt lat="-8.060083" lon="-34.907354">
    <ele>9.5</ele>
    <time>2020-09-17T00:40:27.000Z</time>
   </trkpt>
   <trkpt lat="-8.060031" lon="-34.907344">
    <ele>9.5</ele>
    <time>2020-09-17T00:40:28.000Z</time>
   </trkpt>
   <trkpt lat="-8.059978" lon="-34.907338">
    <ele>9.5</ele>
    <time>2020-09-17T00:40:29.000Z</time>
   </trkpt>
   <trkpt lat="-8.059927" lon="-34.907335">
    <ele>9.5</ele>
    <time>2020-09-17T00:40:30.000Z</time>
   </trkpt>
   <trkpt lat="-8.059873" lon="-34.90733">
    <ele>9.4</ele>
    <time>2020-09-17T00:40:31.000Z</time>
   </trkpt>
   <trkpt lat="-8.059822" lon="-34.907327">
    <ele>9.4</ele>
    <time>2020-09-17T00:40:32.000Z</time>
   </trkpt>
   <trkpt lat="-8.059779" lon="-34.907329">
    <ele>9.4</ele>
    <time>2020-09-17T00:40:33.000Z</time>
   </trkpt>
   <trkpt lat="-8.059733" lon="-34.907328">
    <ele>9.4</ele>
    <time>2020-09-17T00:40:34.000Z</time>
   </trkpt>
   <trkpt lat="-8.059693" lon="-34.90732">
    <ele>9.4</ele>
    <time>2020-09-17T00:40:35.000Z</time>
   </trkpt>
   <trkpt lat="-8.059655" lon="-34.907317">
    <ele>9.4</ele>
    <time>2020-09-17T00:40:36.000Z</time>
   </trkpt>
   <trkpt lat="-8.059623" lon="-34.907314">
    <ele>9.4</ele>
    <time>2020-09-17T00:40:37.000Z</time>
   </trkpt>
   <trkpt lat="-8.059583" lon="-34.907317">
    <ele>9.4</ele>
    <time>2020-09-17T00:40:38.000Z</time>
   </trkpt>
   <trkpt lat="-8.059546" lon="-34.907315">
    <ele>9.4</ele>
    <time>2020-09-17T00:40:39.000Z</time>
   </trkpt>
   <trkpt lat="-8.059511" lon="-34.907314">
    <ele>9.5</ele>
    <time>2020-09-17T00:40:40.000Z</time>
   </trkpt>
   <trkpt lat="-8.059469" lon="-34.907313">
    <ele>9.5</ele>
    <time>2020-09-17T00:40:41.000Z</time>
   </trkpt>
   <trkpt lat="-8.059435" lon="-34.907318">
    <ele>9.5</ele>
    <time>2020-09-17T00:40:42.000Z</time>
   </trkpt>
   <trkpt lat="-8.059399" lon="-34.907325">
    <ele>9.5</ele>
    <time>2020-09-17T00:40:43.000Z</time>
   </trkpt>
   <trkpt lat="-8.059363" lon="-34.907317">
    <ele>9.4</ele>
    <time>2020-09-17T00:40:44.000Z</time>
   </trkpt>
   <trkpt lat="-8.05931" lon="-34.907307">
    <ele>9.4</ele>
    <time>2020-09-17T00:40:46.000Z</time>
   </trkpt>
   <trkpt lat="-8.059258" lon="-34.907302">
    <ele>9.4</ele>
    <time>2020-09-17T00:40:48.000Z</time>
   </trkpt>
   <trkpt lat="-8.059215" lon="-34.907286">
    <ele>9.4</ele>
    <time>2020-09-17T00:40:50.000Z</time>
   </trkpt>
   <trkpt lat="-8.059178" lon="-34.907276">
    <ele>9.4</ele>
    <time>2020-09-17T00:40:54.000Z</time>
   </trkpt>
   <trkpt lat="-8.059152" lon="-34.907281">
    <ele>9.4</ele>
    <time>2020-09-17T00:40:58.000Z</time>
   </trkpt>
   <trkpt lat="-8.059131" lon="-34.907271">
    <ele>9.4</ele>
    <time>2020-09-17T00:41:03.000Z</time>
   </trkpt>
   <trkpt lat="-8.059024" lon="-34.907246">
    <ele>9.3</ele>
    <time>2020-09-17T00:41:23.000Z</time>
   </trkpt>
   <trkpt lat="-8.058988" lon="-34.907248">
    <ele>9.3</ele>
    <time>2020-09-17T00:41:24.000Z</time>
   </trkpt>
   <trkpt lat="-8.058956" lon="-34.907246">
    <ele>9.2</ele>
    <time>2020-09-17T00:41:25.000Z</time>
   </trkpt>
   <trkpt lat="-8.058925" lon="-34.907244">
    <ele>9.2</ele>
    <time>2020-09-17T00:41:26.000Z</time>
   </trkpt>
   <trkpt lat="-8.058895" lon="-34.907238">
    <ele>9.2</ele>
    <time>2020-09-17T00:41:27.000Z</time>
   </trkpt>
   <trkpt lat="-8.058858" lon="-34.907235">
    <ele>9.2</ele>
    <time>2020-09-17T00:41:28.000Z</time>
   </trkpt>
   <trkpt lat="-8.058825" lon="-34.907232">
    <ele>9.2</ele>
    <time>2020-09-17T00:41:29.000Z</time>
   </trkpt>
   <trkpt lat="-8.058789" lon="-34.907229">
    <ele>9.2</ele>
    <time>2020-09-17T00:41:30.000Z</time>
   </trkpt>
   <trkpt lat="-8.058755" lon="-34.907226">
    <ele>9.2</ele>
    <time>2020-09-17T00:41:31.000Z</time>
   </trkpt>
   <trkpt lat="-8.058725" lon="-34.907222">
    <ele>9.2</ele>
    <time>2020-09-17T00:41:32.000Z</time>
   </trkpt>
   <trkpt lat="-8.058691" lon="-34.907214">
    <ele>9.2</ele>
    <time>2020-09-17T00:41:33.000Z</time>
   </trkpt>
   <trkpt lat="-8.058657" lon="-34.907208">
    <ele>9.2</ele>
    <time>2020-09-17T00:41:34.000Z</time>
   </trkpt>
   <trkpt lat="-8.058604" lon="-34.907199">
    <ele>9.2</ele>
    <time>2020-09-17T00:41:35.000Z</time>
   </trkpt>
   <trkpt lat="-8.058547" lon="-34.907207">
    <ele>9.2</ele>
    <time>2020-09-17T00:41:36.000Z</time>
   </trkpt>
   <trkpt lat="-8.058512" lon="-34.907218">
    <ele>9.2</ele>
    <time>2020-09-17T00:41:37.000Z</time>
   </trkpt>
   <trkpt lat="-8.058471" lon="-34.907225">
    <ele>9.2</ele>
    <time>2020-09-17T00:41:38.000Z</time>
   </trkpt>
   <trkpt lat="-8.058407" lon="-34.907215">
    <ele>9.2</ele>
    <time>2020-09-17T00:41:40.000Z</time>
   </trkpt>
   <trkpt lat="-8.058366" lon="-34.90722">
    <ele>9.2</ele>
    <time>2020-09-17T00:41:41.000Z</time>
   </trkpt>
   <trkpt lat="-8.058331" lon="-34.907218">
    <ele>9.2</ele>
    <time>2020-09-17T00:41:42.000Z</time>
   </trkpt>
   <trkpt lat="-8.058292" lon="-34.907212">
    <ele>9.2</ele>
    <time>2020-09-17T00:41:43.000Z</time>
   </trkpt>
   <trkpt lat="-8.058254" lon="-34.907202">
    <ele>9.2</ele>
    <time>2020-09-17T00:41:44.000Z</time>
   </trkpt>
   <trkpt lat="-8.058201" lon="-34.907191">
    <ele>9.2</ele>
    <time>2020-09-17T00:41:45.000Z</time>
   </trkpt>
   <trkpt lat="-8.058149" lon="-34.907179">
    <ele>9.2</ele>
    <time>2020-09-17T00:41:46.000Z</time>
   </trkpt>
   <trkpt lat="-8.0581" lon="-34.907174">
    <ele>9.2</ele>
    <time>2020-09-17T00:41:47.000Z</time>
   </trkpt>
   <trkpt lat="-8.058053" lon="-34.907176">
    <ele>9.2</ele>
    <time>2020-09-17T00:41:48.000Z</time>
   </trkpt>
   <trkpt lat="-8.058008" lon="-34.907176">
    <ele>9.2</ele>
    <time>2020-09-17T00:41:49.000Z</time>
   </trkpt>
   <trkpt lat="-8.057957" lon="-34.907175">
    <ele>9.2</ele>
    <time>2020-09-17T00:41:50.000Z</time>
   </trkpt>
   <trkpt lat="-8.057909" lon="-34.90717">
    <ele>9.1</ele>
    <time>2020-09-17T00:41:51.000Z</time>
   </trkpt>
   <trkpt lat="-8.057855" lon="-34.907157">
    <ele>9.1</ele>
    <time>2020-09-17T00:41:52.000Z</time>
   </trkpt>
   <trkpt lat="-8.057807" lon="-34.907145">
    <ele>9.1</ele>
    <time>2020-09-17T00:41:53.000Z</time>
   </trkpt>
   <trkpt lat="-8.057759" lon="-34.907138">
    <ele>9.1</ele>
    <time>2020-09-17T00:41:54.000Z</time>
   </trkpt>
   <trkpt lat="-8.057697" lon="-34.907136">
    <ele>9.1</ele>
    <time>2020-09-17T00:41:55.000Z</time>
   </trkpt>
   <trkpt lat="-8.057638" lon="-34.907135">
    <ele>9.2</ele>
    <time>2020-09-17T00:41:56.000Z</time>
   </trkpt>
   <trkpt lat="-8.05758" lon="-34.907133">
    <ele>9.2</ele>
    <time>2020-09-17T00:41:57.000Z</time>
   </trkpt>
   <trkpt lat="-8.057523" lon="-34.907127">
    <ele>9.2</ele>
    <time>2020-09-17T00:41:58.000Z</time>
   </trkpt>
   <trkpt lat="-8.05747" lon="-34.907125">
    <ele>9.2</ele>
    <time>2020-09-17T00:41:59.000Z</time>
   </trkpt>
   <trkpt lat="-8.057417" lon="-34.907126">
    <ele>9.2</ele>
    <time>2020-09-17T00:42:00.000Z</time>
   </trkpt>
   <trkpt lat="-8.057372" lon="-34.907121">
    <ele>9.3</ele>
    <time>2020-09-17T00:42:01.000Z</time>
   </trkpt>
   <trkpt lat="-8.057318" lon="-34.907115">
    <ele>9.3</ele>
    <time>2020-09-17T00:42:02.000Z</time>
   </trkpt>
   <trkpt lat="-8.057268" lon="-34.907104">
    <ele>9.3</ele>
    <time>2020-09-17T00:42:03.000Z</time>
   </trkpt>
   <trkpt lat="-8.057215" lon="-34.907095">
    <ele>9.4</ele>
    <time>2020-09-17T00:42:04.000Z</time>
   </trkpt>
   <trkpt lat="-8.057162" lon="-34.907089">
    <ele>9.4</ele>
    <time>2020-09-17T00:42:05.000Z</time>
   </trkpt>
   <trkpt lat="-8.05711" lon="-34.907084">
    <ele>9.4</ele>
    <time>2020-09-17T00:42:06.000Z</time>
   </trkpt>
   <trkpt lat="-8.057059" lon="-34.907077">
    <ele>9.4</ele>
    <time>2020-09-17T00:42:07.000Z</time>
   </trkpt>
   <trkpt lat="-8.057012" lon="-34.907071">
    <ele>9.4</ele>
    <time>2020-09-17T00:42:08.000Z</time>
   </trkpt>
   <trkpt lat="-8.056964" lon="-34.907065">
    <ele>9.4</ele>
    <time>2020-09-17T00:42:09.000Z</time>
   </trkpt>
   <trkpt lat="-8.056902" lon="-34.907068">
    <ele>9.4</ele>
    <time>2020-09-17T00:42:10.000Z</time>
   </trkpt>
   <trkpt lat="-8.056834" lon="-34.907074">
    <ele>9.4</ele>
    <time>2020-09-17T00:42:11.000Z</time>
   </trkpt>
   <trkpt lat="-8.056773" lon="-34.907076">
    <ele>9.4</ele>
    <time>2020-09-17T00:42:12.000Z</time>
   </trkpt>
   <trkpt lat="-8.056715" lon="-34.907072">
    <ele>9.4</ele>
    <time>2020-09-17T00:42:13.000Z</time>
   </trkpt>
   <trkpt lat="-8.05666" lon="-34.907068">
    <ele>9.4</ele>
    <time>2020-09-17T00:42:14.000Z</time>
   </trkpt>
   <trkpt lat="-8.056614" lon="-34.90706">
    <ele>9.4</ele>
    <time>2020-09-17T00:42:15.000Z</time>
   </trkpt>
   <trkpt lat="-8.056578" lon="-34.907044">
    <ele>9.4</ele>
    <time>2020-09-17T00:42:16.000Z</time>
   </trkpt>
   <trkpt lat="-8.056538" lon="-34.907038">
    <ele>9.4</ele>
    <time>2020-09-17T00:42:17.000Z</time>
   </trkpt>
   <trkpt lat="-8.056496" lon="-34.907033">
    <ele>9.4</ele>
    <time>2020-09-17T00:42:18.000Z</time>
   </trkpt>
   <trkpt lat="-8.056461" lon="-34.907028">
    <ele>9.4</ele>
    <time>2020-09-17T00:42:19.000Z</time>
   </trkpt>
   <trkpt lat="-8.056422" lon="-34.907032">
    <ele>9.4</ele>
    <time>2020-09-17T00:42:20.000Z</time>
   </trkpt>
   <trkpt lat="-8.056383" lon="-34.90703">
    <ele>9.4</ele>
    <time>2020-09-17T00:42:21.000Z</time>
   </trkpt>
   <trkpt lat="-8.056339" lon="-34.907023">
    <ele>9.4</ele>
    <time>2020-09-17T00:42:22.000Z</time>
   </trkpt>
   <trkpt lat="-8.0563" lon="-34.907021">
    <ele>9.3</ele>
    <time>2020-09-17T00:42:23.000Z</time>
   </trkpt>
   <trkpt lat="-8.056253" lon="-34.907027">
    <ele>9.3</ele>
    <time>2020-09-17T00:42:24.000Z</time>
   </trkpt>
   <trkpt lat="-8.056208" lon="-34.907022">
    <ele>9.3</ele>
    <time>2020-09-17T00:42:25.000Z</time>
   </trkpt>
   <trkpt lat="-8.05616" lon="-34.907019">
    <ele>9.3</ele>
    <time>2020-09-17T00:42:26.000Z</time>
   </trkpt>
   <trkpt lat="-8.056115" lon="-34.907019">
    <ele>9.2</ele>
    <time>2020-09-17T00:42:27.000Z</time>
   </trkpt>
   <trkpt lat="-8.05607" lon="-34.907014">
    <ele>9.2</ele>
    <time>2020-09-17T00:42:28.000Z</time>
   </trkpt>
   <trkpt lat="-8.056025" lon="-34.907012">
    <ele>9.2</ele>
    <time>2020-09-17T00:42:29.000Z</time>
   </trkpt>
   <trkpt lat="-8.05598" lon="-34.907016">
    <ele>9.2</ele>
    <time>2020-09-17T00:42:30.000Z</time>
   </trkpt>
   <trkpt lat="-8.055936" lon="-34.90702">
    <ele>9.2</ele>
    <time>2020-09-17T00:42:31.000Z</time>
   </trkpt>
   <trkpt lat="-8.055895" lon="-34.90702">
    <ele>9.2</ele>
    <time>2020-09-17T00:42:32.000Z</time>
   </trkpt>
   <trkpt lat="-8.055858" lon="-34.907018">
    <ele>9.2</ele>
    <time>2020-09-17T00:42:33.000Z</time>
   </trkpt>
   <trkpt lat="-8.055819" lon="-34.907016">
    <ele>9.2</ele>
    <time>2020-09-17T00:42:34.000Z</time>
   </trkpt>
   <trkpt lat="-8.055789" lon="-34.907008">
    <ele>9.2</ele>
    <time>2020-09-17T00:42:35.000Z</time>
   </trkpt>
   <trkpt lat="-8.055747" lon="-34.906997">
    <ele>9.3</ele>
    <time>2020-09-17T00:42:36.000Z</time>
   </trkpt>
   <trkpt lat="-8.055706" lon="-34.906987">
    <ele>9.3</ele>
    <time>2020-09-17T00:42:37.000Z</time>
   </trkpt>
   <trkpt lat="-8.055688" lon="-34.90695">
    <ele>9.3</ele>
    <time>2020-09-17T00:42:38.000Z</time>
   </trkpt>
   <trkpt lat="-8.055658" lon="-34.906936">
    <ele>9.3</ele>
    <time>2020-09-17T00:42:39.000Z</time>
   </trkpt>
   <trkpt lat="-8.055625" lon="-34.906934">
    <ele>9.3</ele>
    <time>2020-09-17T00:42:40.000Z</time>
   </trkpt>
   <trkpt lat="-8.0556" lon="-34.906945">
    <ele>9.3</ele>
    <time>2020-09-17T00:42:41.000Z</time>
   </trkpt>
   <trkpt lat="-8.055571" lon="-34.906963">
    <ele>9.3</ele>
    <time>2020-09-17T00:42:42.000Z</time>
   </trkpt>
   <trkpt lat="-8.055541" lon="-34.906973">
    <ele>9.3</ele>
    <time>2020-09-17T00:42:43.000Z</time>
   </trkpt>
   <trkpt lat="-8.055511" lon="-34.906984">
    <ele>9.4</ele>
    <time>2020-09-17T00:42:44.000Z</time>
   </trkpt>
   <trkpt lat="-8.055477" lon="-34.906998">
    <ele>9.4</ele>
    <time>2020-09-17T00:42:45.000Z</time>
   </trkpt>
   <trkpt lat="-8.05544" lon="-34.907003">
    <ele>9.4</ele>
    <time>2020-09-17T00:42:46.000Z</time>
   </trkpt>
   <trkpt lat="-8.055398" lon="-34.906998">
    <ele>9.4</ele>
    <time>2020-09-17T00:42:47.000Z</time>
   </trkpt>
   <trkpt lat="-8.055355" lon="-34.906993">
    <ele>9.5</ele>
    <time>2020-09-17T00:42:48.000Z</time>
   </trkpt>
   <trkpt lat="-8.055309" lon="-34.906988">
    <ele>9.5</ele>
    <time>2020-09-17T00:42:49.000Z</time>
   </trkpt>
   <trkpt lat="-8.055257" lon="-34.90698">
    <ele>9.5</ele>
    <time>2020-09-17T00:42:50.000Z</time>
   </trkpt>
   <trkpt lat="-8.055219" lon="-34.906976">
    <ele>9.5</ele>
    <time>2020-09-17T00:42:51.000Z</time>
   </trkpt>
   <trkpt lat="-8.055187" lon="-34.906982">
    <ele>9.5</ele>
    <time>2020-09-17T00:42:52.000Z</time>
   </trkpt>
   <trkpt lat="-8.055149" lon="-34.906987">
    <ele>9.6</ele>
    <time>2020-09-17T00:42:53.000Z</time>
   </trkpt>
   <trkpt lat="-8.055112" lon="-34.906991">
    <ele>9.6</ele>
    <time>2020-09-17T00:42:54.000Z</time>
   </trkpt>
   <trkpt lat="-8.055074" lon="-34.906995">
    <ele>9.6</ele>
    <time>2020-09-17T00:42:55.000Z</time>
   </trkpt>
   <trkpt lat="-8.055037" lon="-34.907">
    <ele>9.6</ele>
    <time>2020-09-17T00:42:56.000Z</time>
   </trkpt>
   <trkpt lat="-8.054999" lon="-34.907004">
    <ele>9.6</ele>
    <time>2020-09-17T00:42:57.000Z</time>
   </trkpt>
   <trkpt lat="-8.054959" lon="-34.907005">
    <ele>9.7</ele>
    <time>2020-09-17T00:42:58.000Z</time>
   </trkpt>
   <trkpt lat="-8.054912" lon="-34.906998">
    <ele>9.7</ele>
    <time>2020-09-17T00:42:59.000Z</time>
   </trkpt>
   <trkpt lat="-8.054862" lon="-34.90699">
    <ele>9.7</ele>
    <time>2020-09-17T00:43:00.000Z</time>
   </trkpt>
   <trkpt lat="-8.054817" lon="-34.906982">
    <ele>9.7</ele>
    <time>2020-09-17T00:43:01.000Z</time>
   </trkpt>
   <trkpt lat="-8.054777" lon="-34.906981">
    <ele>9.7</ele>
    <time>2020-09-17T00:43:02.000Z</time>
   </trkpt>
   <trkpt lat="-8.054724" lon="-34.906977">
    <ele>9.7</ele>
    <time>2020-09-17T00:43:03.000Z</time>
   </trkpt>
   <trkpt lat="-8.054669" lon="-34.906972">
    <ele>9.7</ele>
    <time>2020-09-17T00:43:04.000Z</time>
   </trkpt>
   <trkpt lat="-8.054618" lon="-34.906965">
    <ele>9.7</ele>
    <time>2020-09-17T00:43:05.000Z</time>
   </trkpt>
   <trkpt lat="-8.054571" lon="-34.906959">
    <ele>9.6</ele>
    <time>2020-09-17T00:43:06.000Z</time>
   </trkpt>
   <trkpt lat="-8.054525" lon="-34.906949">
    <ele>9.6</ele>
    <time>2020-09-17T00:43:07.000Z</time>
   </trkpt>
   <trkpt lat="-8.054476" lon="-34.906944">
    <ele>9.6</ele>
    <time>2020-09-17T00:43:08.000Z</time>
   </trkpt>
   <trkpt lat="-8.054426" lon="-34.90693">
    <ele>9.6</ele>
    <time>2020-09-17T00:43:09.000Z</time>
   </trkpt>
   <trkpt lat="-8.05438" lon="-34.906918">
    <ele>9.6</ele>
    <time>2020-09-17T00:43:10.000Z</time>
   </trkpt>
   <trkpt lat="-8.054333" lon="-34.906906">
    <ele>9.6</ele>
    <time>2020-09-17T00:43:11.000Z</time>
   </trkpt>
   <trkpt lat="-8.054282" lon="-34.906898">
    <ele>9.6</ele>
    <time>2020-09-17T00:43:12.000Z</time>
   </trkpt>
   <trkpt lat="-8.054231" lon="-34.906894">
    <ele>9.6</ele>
    <time>2020-09-17T00:43:13.000Z</time>
   </trkpt>
   <trkpt lat="-8.054177" lon="-34.906886">
    <ele>9.6</ele>
    <time>2020-09-17T00:43:14.000Z</time>
   </trkpt>
   <trkpt lat="-8.054131" lon="-34.90688">
    <ele>9.6</ele>
    <time>2020-09-17T00:43:15.000Z</time>
   </trkpt>
   <trkpt lat="-8.054086" lon="-34.906873">
    <ele>9.6</ele>
    <time>2020-09-17T00:43:16.000Z</time>
   </trkpt>
   <trkpt lat="-8.054044" lon="-34.906868">
    <ele>9.6</ele>
    <time>2020-09-17T00:43:17.000Z</time>
   </trkpt>
   <trkpt lat="-8.054004" lon="-34.906864">
    <ele>9.6</ele>
    <time>2020-09-17T00:43:18.000Z</time>
   </trkpt>
   <trkpt lat="-8.053966" lon="-34.906859">
    <ele>9.7</ele>
    <time>2020-09-17T00:43:19.000Z</time>
   </trkpt>
   <trkpt lat="-8.053933" lon="-34.906857">
    <ele>9.7</ele>
    <time>2020-09-17T00:43:20.000Z</time>
   </trkpt>
   <trkpt lat="-8.053901" lon="-34.906857">
    <ele>9.7</ele>
    <time>2020-09-17T00:43:21.000Z</time>
   </trkpt>
   <trkpt lat="-8.053867" lon="-34.906862">
    <ele>9.8</ele>
    <time>2020-09-17T00:43:22.000Z</time>
   </trkpt>
   <trkpt lat="-8.053834" lon="-34.906872">
    <ele>9.8</ele>
    <time>2020-09-17T00:43:23.000Z</time>
   </trkpt>
   <trkpt lat="-8.053806" lon="-34.906872">
    <ele>9.8</ele>
    <time>2020-09-17T00:43:24.000Z</time>
   </trkpt>
   <trkpt lat="-8.053779" lon="-34.906862">
    <ele>9.8</ele>
    <time>2020-09-17T00:43:26.000Z</time>
   </trkpt>
   <trkpt lat="-8.053734" lon="-34.906852">
    <ele>9.9</ele>
    <time>2020-09-17T00:43:28.000Z</time>
   </trkpt>
   <trkpt lat="-8.053706" lon="-34.906854">
    <ele>9.9</ele>
    <time>2020-09-17T00:43:29.000Z</time>
   </trkpt>
   <trkpt lat="-8.053677" lon="-34.906852">
    <ele>9.9</ele>
    <time>2020-09-17T00:43:30.000Z</time>
   </trkpt>
   <trkpt lat="-8.053628" lon="-34.90685">
    <ele>10</ele>
    <time>2020-09-17T00:43:32.000Z</time>
   </trkpt>
   <trkpt lat="-8.053596" lon="-34.906856">
    <ele>10</ele>
    <time>2020-09-17T00:43:34.000Z</time>
   </trkpt>
   <trkpt lat="-8.053571" lon="-34.906841">
    <ele>10</ele>
    <time>2020-09-17T00:43:37.000Z</time>
   </trkpt>
   <trkpt lat="-8.053549" lon="-34.906819">
    <ele>10.1</ele>
    <time>2020-09-17T00:43:40.000Z</time>
   </trkpt>
   <trkpt lat="-8.053525" lon="-34.906802">
    <ele>10.1</ele>
    <time>2020-09-17T00:43:43.000Z</time>
   </trkpt>
   <trkpt lat="-8.053502" lon="-34.906817">
    <ele>10.1</ele>
    <time>2020-09-17T00:43:45.000Z</time>
   </trkpt>
   <trkpt lat="-8.053429" lon="-34.906804">
    <ele>10.2</ele>
    <time>2020-09-17T00:43:50.000Z</time>
   </trkpt>
   <trkpt lat="-8.053386" lon="-34.906807">
    <ele>10.3</ele>
    <time>2020-09-17T00:43:52.000Z</time>
   </trkpt>
   <trkpt lat="-8.053352" lon="-34.906808">
    <ele>10.3</ele>
    <time>2020-09-17T00:43:53.000Z</time>
   </trkpt>
   <trkpt lat="-8.053315" lon="-34.906806">
    <ele>10.3</ele>
    <time>2020-09-17T00:43:54.000Z</time>
   </trkpt>
   <trkpt lat="-8.053278" lon="-34.906807">
    <ele>10.3</ele>
    <time>2020-09-17T00:43:55.000Z</time>
   </trkpt>
   <trkpt lat="-8.053245" lon="-34.9068">
    <ele>10.3</ele>
    <time>2020-09-17T00:43:56.000Z</time>
   </trkpt>
   <trkpt lat="-8.053212" lon="-34.906795">
    <ele>10.2</ele>
    <time>2020-09-17T00:43:57.000Z</time>
   </trkpt>
   <trkpt lat="-8.053181" lon="-34.906789">
    <ele>10.2</ele>
    <time>2020-09-17T00:43:58.000Z</time>
   </trkpt>
   <trkpt lat="-8.05315" lon="-34.90678">
    <ele>10.2</ele>
    <time>2020-09-17T00:43:59.000Z</time>
   </trkpt>
   <trkpt lat="-8.053113" lon="-34.906776">
    <ele>10.1</ele>
    <time>2020-09-17T00:44:00.000Z</time>
   </trkpt>
   <trkpt lat="-8.053071" lon="-34.906769">
    <ele>10.1</ele>
    <time>2020-09-17T00:44:01.000Z</time>
   </trkpt>
   <trkpt lat="-8.053022" lon="-34.90676">
    <ele>10.1</ele>
    <time>2020-09-17T00:44:02.000Z</time>
   </trkpt>
   <trkpt lat="-8.052983" lon="-34.906731">
    <ele>10.1</ele>
    <time>2020-09-17T00:44:03.000Z</time>
   </trkpt>
   <trkpt lat="-8.052941" lon="-34.906724">
    <ele>10</ele>
    <time>2020-09-17T00:44:04.000Z</time>
   </trkpt>
   <trkpt lat="-8.052896" lon="-34.906724">
    <ele>10</ele>
    <time>2020-09-17T00:44:05.000Z</time>
   </trkpt>
   <trkpt lat="-8.052856" lon="-34.906724">
    <ele>10</ele>
    <time>2020-09-17T00:44:06.000Z</time>
   </trkpt>
   <trkpt lat="-8.052812" lon="-34.90673">
    <ele>10</ele>
    <time>2020-09-17T00:44:07.000Z</time>
   </trkpt>
   <trkpt lat="-8.052771" lon="-34.906733">
    <ele>10</ele>
    <time>2020-09-17T00:44:08.000Z</time>
   </trkpt>
   <trkpt lat="-8.052728" lon="-34.906738">
    <ele>10</ele>
    <time>2020-09-17T00:44:09.000Z</time>
   </trkpt>
   <trkpt lat="-8.052683" lon="-34.906739">
    <ele>9.9</ele>
    <time>2020-09-17T00:44:10.000Z</time>
   </trkpt>
   <trkpt lat="-8.052629" lon="-34.906746">
    <ele>9.9</ele>
    <time>2020-09-17T00:44:11.000Z</time>
   </trkpt>
   <trkpt lat="-8.052575" lon="-34.906747">
    <ele>9.9</ele>
    <time>2020-09-17T00:44:12.000Z</time>
   </trkpt>
   <trkpt lat="-8.052522" lon="-34.90676">
    <ele>9.9</ele>
    <time>2020-09-17T00:44:13.000Z</time>
   </trkpt>
   <trkpt lat="-8.052478" lon="-34.906767">
    <ele>9.9</ele>
    <time>2020-09-17T00:44:14.000Z</time>
   </trkpt>
   <trkpt lat="-8.052449" lon="-34.906769">
    <ele>9.9</ele>
    <time>2020-09-17T00:44:15.000Z</time>
   </trkpt>
   <trkpt lat="-8.052408" lon="-34.906778">
    <ele>9.9</ele>
    <time>2020-09-17T00:44:16.000Z</time>
   </trkpt>
   <trkpt lat="-8.052367" lon="-34.906785">
    <ele>10</ele>
    <time>2020-09-17T00:44:17.000Z</time>
   </trkpt>
   <trkpt lat="-8.052328" lon="-34.906791">
    <ele>10</ele>
    <time>2020-09-17T00:44:18.000Z</time>
   </trkpt>
   <trkpt lat="-8.052289" lon="-34.906792">
    <ele>10</ele>
    <time>2020-09-17T00:44:19.000Z</time>
   </trkpt>
   <trkpt lat="-8.052262" lon="-34.906769">
    <ele>10</ele>
    <time>2020-09-17T00:44:21.000Z</time>
   </trkpt>
   <trkpt lat="-8.052224" lon="-34.906749">
    <ele>10</ele>
    <time>2020-09-17T00:44:22.000Z</time>
   </trkpt>
   <trkpt lat="-8.052187" lon="-34.90673">
    <ele>10.1</ele>
    <time>2020-09-17T00:44:23.000Z</time>
   </trkpt>
   <trkpt lat="-8.052148" lon="-34.906726">
    <ele>10.1</ele>
    <time>2020-09-17T00:44:24.000Z</time>
   </trkpt>
   <trkpt lat="-8.05212" lon="-34.906732">
    <ele>10.1</ele>
    <time>2020-09-17T00:44:26.000Z</time>
   </trkpt>
   <trkpt lat="-8.052089" lon="-34.906733">
    <ele>10.1</ele>
    <time>2020-09-17T00:44:27.000Z</time>
   </trkpt>
   <trkpt lat="-8.052051" lon="-34.906751">
    <ele>10.2</ele>
    <time>2020-09-17T00:44:28.000Z</time>
   </trkpt>
   <trkpt lat="-8.052018" lon="-34.906759">
    <ele>10.2</ele>
    <time>2020-09-17T00:44:29.000Z</time>
   </trkpt>
   <trkpt lat="-8.051988" lon="-34.906761">
    <ele>10.2</ele>
    <time>2020-09-17T00:44:30.000Z</time>
   </trkpt>
   <trkpt lat="-8.051956" lon="-34.906765">
    <ele>10.2</ele>
    <time>2020-09-17T00:44:31.000Z</time>
   </trkpt>
   <trkpt lat="-8.051909" lon="-34.906754">
    <ele>10.2</ele>
    <time>2020-09-17T00:44:32.000Z</time>
   </trkpt>
   <trkpt lat="-8.051859" lon="-34.90674">
    <ele>10.2</ele>
    <time>2020-09-17T00:44:33.000Z</time>
   </trkpt>
   <trkpt lat="-8.05181" lon="-34.906732">
    <ele>10.2</ele>
    <time>2020-09-17T00:44:34.000Z</time>
   </trkpt>
   <trkpt lat="-8.051751" lon="-34.906731">
    <ele>10.2</ele>
    <time>2020-09-17T00:44:35.000Z</time>
   </trkpt>
   <trkpt lat="-8.051692" lon="-34.906724">
    <ele>10.1</ele>
    <time>2020-09-17T00:44:36.000Z</time>
   </trkpt>
   <trkpt lat="-8.051643" lon="-34.906713">
    <ele>10.1</ele>
    <time>2020-09-17T00:44:37.000Z</time>
   </trkpt>
   <trkpt lat="-8.051593" lon="-34.90671">
    <ele>10.1</ele>
    <time>2020-09-17T00:44:38.000Z</time>
   </trkpt>
   <trkpt lat="-8.051541" lon="-34.906714">
    <ele>10.1</ele>
    <time>2020-09-17T00:44:39.000Z</time>
   </trkpt>
   <trkpt lat="-8.051497" lon="-34.906721">
    <ele>10.1</ele>
    <time>2020-09-17T00:44:40.000Z</time>
   </trkpt>
   <trkpt lat="-8.05145" lon="-34.906721">
    <ele>10.1</ele>
    <time>2020-09-17T00:44:41.000Z</time>
   </trkpt>
   <trkpt lat="-8.0514" lon="-34.906719">
    <ele>10.1</ele>
    <time>2020-09-17T00:44:42.000Z</time>
   </trkpt>
   <trkpt lat="-8.051358" lon="-34.906722">
    <ele>10</ele>
    <time>2020-09-17T00:44:43.000Z</time>
   </trkpt>
   <trkpt lat="-8.051314" lon="-34.906723">
    <ele>10</ele>
    <time>2020-09-17T00:44:44.000Z</time>
   </trkpt>
   <trkpt lat="-8.051267" lon="-34.906722">
    <ele>10</ele>
    <time>2020-09-17T00:44:45.000Z</time>
   </trkpt>
   <trkpt lat="-8.051225" lon="-34.906715">
    <ele>10</ele>
    <time>2020-09-17T00:44:46.000Z</time>
   </trkpt>
   <trkpt lat="-8.051173" lon="-34.906707">
    <ele>10</ele>
    <time>2020-09-17T00:44:47.000Z</time>
   </trkpt>
   <trkpt lat="-8.051128" lon="-34.906703">
    <ele>10</ele>
    <time>2020-09-17T00:44:48.000Z</time>
   </trkpt>
   <trkpt lat="-8.051082" lon="-34.906696">
    <ele>10</ele>
    <time>2020-09-17T00:44:49.000Z</time>
   </trkpt>
   <trkpt lat="-8.05104" lon="-34.906686">
    <ele>10</ele>
    <time>2020-09-17T00:44:50.000Z</time>
   </trkpt>
   <trkpt lat="-8.050991" lon="-34.906674">
    <ele>10</ele>
    <time>2020-09-17T00:44:51.000Z</time>
   </trkpt>
   <trkpt lat="-8.050931" lon="-34.906665">
    <ele>9.9</ele>
    <time>2020-09-17T00:44:52.000Z</time>
   </trkpt>
   <trkpt lat="-8.050872" lon="-34.906653">
    <ele>9.9</ele>
    <time>2020-09-17T00:44:53.000Z</time>
   </trkpt>
   <trkpt lat="-8.050817" lon="-34.906644">
    <ele>9.8</ele>
    <time>2020-09-17T00:44:54.000Z</time>
   </trkpt>
   <trkpt lat="-8.050765" lon="-34.906639">
    <ele>9.8</ele>
    <time>2020-09-17T00:44:55.000Z</time>
   </trkpt>
   <trkpt lat="-8.050715" lon="-34.906631">
    <ele>9.8</ele>
    <time>2020-09-17T00:44:56.000Z</time>
   </trkpt>
   <trkpt lat="-8.050666" lon="-34.906615">
    <ele>9.7</ele>
    <time>2020-09-17T00:44:57.000Z</time>
   </trkpt>
   <trkpt lat="-8.05061" lon="-34.906598">
    <ele>9.7</ele>
    <time>2020-09-17T00:44:58.000Z</time>
   </trkpt>
   <trkpt lat="-8.050552" lon="-34.906588">
    <ele>9.7</ele>
    <time>2020-09-17T00:44:59.000Z</time>
   </trkpt>
   <trkpt lat="-8.050497" lon="-34.906585">
    <ele>9.7</ele>
    <time>2020-09-17T00:45:00.000Z</time>
   </trkpt>
   <trkpt lat="-8.050449" lon="-34.906574">
    <ele>9.7</ele>
    <time>2020-09-17T00:45:01.000Z</time>
   </trkpt>
   <trkpt lat="-8.050397" lon="-34.906566">
    <ele>9.7</ele>
    <time>2020-09-17T00:45:02.000Z</time>
   </trkpt>
   <trkpt lat="-8.050343" lon="-34.906573">
    <ele>9.7</ele>
    <time>2020-09-17T00:45:03.000Z</time>
   </trkpt>
   <trkpt lat="-8.0503" lon="-34.906579">
    <ele>9.7</ele>
    <time>2020-09-17T00:45:04.000Z</time>
   </trkpt>
   <trkpt lat="-8.050256" lon="-34.906582">
    <ele>9.7</ele>
    <time>2020-09-17T00:45:05.000Z</time>
   </trkpt>
   <trkpt lat="-8.050209" lon="-34.906583">
    <ele>9.8</ele>
    <time>2020-09-17T00:45:06.000Z</time>
   </trkpt>
   <trkpt lat="-8.050152" lon="-34.906573">
    <ele>9.8</ele>
    <time>2020-09-17T00:45:07.000Z</time>
   </trkpt>
   <trkpt lat="-8.050102" lon="-34.90657">
    <ele>9.8</ele>
    <time>2020-09-17T00:45:08.000Z</time>
   </trkpt>
   <trkpt lat="-8.050057" lon="-34.906567">
    <ele>9.9</ele>
    <time>2020-09-17T00:45:09.000Z</time>
   </trkpt>
   <trkpt lat="-8.050014" lon="-34.906559">
    <ele>9.9</ele>
    <time>2020-09-17T00:45:10.000Z</time>
   </trkpt>
   <trkpt lat="-8.049963" lon="-34.906547">
    <ele>9.9</ele>
    <time>2020-09-17T00:45:11.000Z</time>
   </trkpt>
   <trkpt lat="-8.049915" lon="-34.906537">
    <ele>9.9</ele>
    <time>2020-09-17T00:45:12.000Z</time>
   </trkpt>
   <trkpt lat="-8.049879" lon="-34.906532">
    <ele>10</ele>
    <time>2020-09-17T00:45:13.000Z</time>
   </trkpt>
   <trkpt lat="-8.049848" lon="-34.906528">
    <ele>10</ele>
    <time>2020-09-17T00:45:14.000Z</time>
   </trkpt>
   <trkpt lat="-8.04981" lon="-34.906519">
    <ele>10</ele>
    <time>2020-09-17T00:45:15.000Z</time>
   </trkpt>
   <trkpt lat="-8.049778" lon="-34.906514">
    <ele>10</ele>
    <time>2020-09-17T00:45:16.000Z</time>
   </trkpt>
   <trkpt lat="-8.04975" lon="-34.906509">
    <ele>10</ele>
    <time>2020-09-17T00:45:17.000Z</time>
   </trkpt>
   <trkpt lat="-8.049693" lon="-34.906503">
    <ele>10.1</ele>
    <time>2020-09-17T00:45:19.000Z</time>
   </trkpt>
   <trkpt lat="-8.04966" lon="-34.906495">
    <ele>10.1</ele>
    <time>2020-09-17T00:45:20.000Z</time>
   </trkpt>
   <trkpt lat="-8.049623" lon="-34.906477">
    <ele>10.1</ele>
    <time>2020-09-17T00:45:22.000Z</time>
   </trkpt>
   <trkpt lat="-8.049586" lon="-34.906484">
    <ele>10.1</ele>
    <time>2020-09-17T00:45:24.000Z</time>
   </trkpt>
   <trkpt lat="-8.049547" lon="-34.906476">
    <ele>10.1</ele>
    <time>2020-09-17T00:45:26.000Z</time>
   </trkpt>
   <trkpt lat="-8.049502" lon="-34.906469">
    <ele>10.2</ele>
    <time>2020-09-17T00:45:28.000Z</time>
   </trkpt>
   <trkpt lat="-8.049473" lon="-34.906466">
    <ele>10.2</ele>
    <time>2020-09-17T00:45:29.000Z</time>
   </trkpt>
   <trkpt lat="-8.049416" lon="-34.906458">
    <ele>10.2</ele>
    <time>2020-09-17T00:45:31.000Z</time>
   </trkpt>
   <trkpt lat="-8.049384" lon="-34.906454">
    <ele>10.2</ele>
    <time>2020-09-17T00:45:32.000Z</time>
   </trkpt>
   <trkpt lat="-8.049347" lon="-34.906447">
    <ele>10.2</ele>
    <time>2020-09-17T00:45:33.000Z</time>
   </trkpt>
   <trkpt lat="-8.049307" lon="-34.906444">
    <ele>10.2</ele>
    <time>2020-09-17T00:45:34.000Z</time>
   </trkpt>
   <trkpt lat="-8.049269" lon="-34.906436">
    <ele>10.2</ele>
    <time>2020-09-17T00:45:35.000Z</time>
   </trkpt>
   <trkpt lat="-8.049236" lon="-34.906436">
    <ele>10.1</ele>
    <time>2020-09-17T00:45:36.000Z</time>
   </trkpt>
   <trkpt lat="-8.049196" lon="-34.906442">
    <ele>10.1</ele>
    <time>2020-09-17T00:45:37.000Z</time>
   </trkpt>
   <trkpt lat="-8.049144" lon="-34.906437">
    <ele>10.1</ele>
    <time>2020-09-17T00:45:38.000Z</time>
   </trkpt>
   <trkpt lat="-8.049091" lon="-34.906433">
    <ele>10</ele>
    <time>2020-09-17T00:45:39.000Z</time>
   </trkpt>
   <trkpt lat="-8.049034" lon="-34.906425">
    <ele>10</ele>
    <time>2020-09-17T00:45:40.000Z</time>
   </trkpt>
   <trkpt lat="-8.04899" lon="-34.90642">
    <ele>9.9</ele>
    <time>2020-09-17T00:45:41.000Z</time>
   </trkpt>
   <trkpt lat="-8.048948" lon="-34.906417">
    <ele>9.9</ele>
    <time>2020-09-17T00:45:42.000Z</time>
   </trkpt>
   <trkpt lat="-8.048905" lon="-34.906415">
    <ele>9.9</ele>
    <time>2020-09-17T00:45:43.000Z</time>
   </trkpt>
   <trkpt lat="-8.048865" lon="-34.906415">
    <ele>9.9</ele>
    <time>2020-09-17T00:45:44.000Z</time>
   </trkpt>
   <trkpt lat="-8.048822" lon="-34.906425">
    <ele>9.9</ele>
    <time>2020-09-17T00:45:45.000Z</time>
   </trkpt>
   <trkpt lat="-8.04878" lon="-34.906429">
    <ele>9.9</ele>
    <time>2020-09-17T00:45:46.000Z</time>
   </trkpt>
   <trkpt lat="-8.048746" lon="-34.906423">
    <ele>9.9</ele>
    <time>2020-09-17T00:45:47.000Z</time>
   </trkpt>
   <trkpt lat="-8.048712" lon="-34.906417">
    <ele>9.8</ele>
    <time>2020-09-17T00:45:48.000Z</time>
   </trkpt>
   <trkpt lat="-8.048669" lon="-34.906408">
    <ele>9.8</ele>
    <time>2020-09-17T00:45:49.000Z</time>
   </trkpt>
   <trkpt lat="-8.048629" lon="-34.906401">
    <ele>9.8</ele>
    <time>2020-09-17T00:45:50.000Z</time>
   </trkpt>
   <trkpt lat="-8.048579" lon="-34.906405">
    <ele>9.8</ele>
    <time>2020-09-17T00:45:51.000Z</time>
   </trkpt>
   <trkpt lat="-8.048527" lon="-34.906412">
    <ele>9.8</ele>
    <time>2020-09-17T00:45:52.000Z</time>
   </trkpt>
   <trkpt lat="-8.048482" lon="-34.906422">
    <ele>9.8</ele>
    <time>2020-09-17T00:45:53.000Z</time>
   </trkpt>
   <trkpt lat="-8.048441" lon="-34.906427">
    <ele>9.7</ele>
    <time>2020-09-17T00:45:54.000Z</time>
   </trkpt>
   <trkpt lat="-8.048385" lon="-34.906417">
    <ele>9.7</ele>
    <time>2020-09-17T00:45:55.000Z</time>
   </trkpt>
   <trkpt lat="-8.048325" lon="-34.906416">
    <ele>9.7</ele>
    <time>2020-09-17T00:45:56.000Z</time>
   </trkpt>
   <trkpt lat="-8.048269" lon="-34.906412">
    <ele>9.6</ele>
    <time>2020-09-17T00:45:57.000Z</time>
   </trkpt>
   <trkpt lat="-8.048218" lon="-34.906407">
    <ele>9.6</ele>
    <time>2020-09-17T00:45:58.000Z</time>
   </trkpt>
   <trkpt lat="-8.048175" lon="-34.906405">
    <ele>9.6</ele>
    <time>2020-09-17T00:45:59.000Z</time>
   </trkpt>
   <trkpt lat="-8.048138" lon="-34.906412">
    <ele>9.6</ele>
    <time>2020-09-17T00:46:00.000Z</time>
   </trkpt>
   <trkpt lat="-8.048102" lon="-34.906426">
    <ele>9.6</ele>
    <time>2020-09-17T00:46:01.000Z</time>
   </trkpt>
   <trkpt lat="-8.048068" lon="-34.906434">
    <ele>9.6</ele>
    <time>2020-09-17T00:46:02.000Z</time>
   </trkpt>
   <trkpt lat="-8.048027" lon="-34.906443">
    <ele>9.6</ele>
    <time>2020-09-17T00:46:03.000Z</time>
   </trkpt>
   <trkpt lat="-8.047989" lon="-34.906457">
    <ele>9.6</ele>
    <time>2020-09-17T00:46:04.000Z</time>
   </trkpt>
   <trkpt lat="-8.047946" lon="-34.906471">
    <ele>9.6</ele>
    <time>2020-09-17T00:46:05.000Z</time>
   </trkpt>
   <trkpt lat="-8.047902" lon="-34.906486">
    <ele>9.6</ele>
    <time>2020-09-17T00:46:06.000Z</time>
   </trkpt>
   <trkpt lat="-8.047863" lon="-34.906496">
    <ele>9.7</ele>
    <time>2020-09-17T00:46:07.000Z</time>
   </trkpt>
   <trkpt lat="-8.047827" lon="-34.906508">
    <ele>9.7</ele>
    <time>2020-09-17T00:46:08.000Z</time>
   </trkpt>
   <trkpt lat="-8.047793" lon="-34.906516">
    <ele>9.7</ele>
    <time>2020-09-17T00:46:09.000Z</time>
   </trkpt>
   <trkpt lat="-8.04776" lon="-34.906527">
    <ele>9.7</ele>
    <time>2020-09-17T00:46:10.000Z</time>
   </trkpt>
   <trkpt lat="-8.04773" lon="-34.906542">
    <ele>9.6</ele>
    <time>2020-09-17T00:46:11.000Z</time>
   </trkpt>
   <trkpt lat="-8.047678" lon="-34.906571">
    <ele>9.6</ele>
    <time>2020-09-17T00:46:13.000Z</time>
   </trkpt>
   <trkpt lat="-8.047648" lon="-34.90658">
    <ele>9.6</ele>
    <time>2020-09-17T00:46:14.000Z</time>
   </trkpt>
   <trkpt lat="-8.047611" lon="-34.906598">
    <ele>9.7</ele>
    <time>2020-09-17T00:46:16.000Z</time>
   </trkpt>
   <trkpt lat="-8.047568" lon="-34.906613">
    <ele>9.8</ele>
    <time>2020-09-17T00:46:18.000Z</time>
   </trkpt>
   <trkpt lat="-8.047533" lon="-34.906624">
    <ele>9.8</ele>
    <time>2020-09-17T00:46:20.000Z</time>
   </trkpt>
   <trkpt lat="-8.047497" lon="-34.906625">
    <ele>9.9</ele>
    <time>2020-09-17T00:46:22.000Z</time>
   </trkpt>
   <trkpt lat="-8.047467" lon="-34.906626">
    <ele>9.9</ele>
    <time>2020-09-17T00:46:26.000Z</time>
   </trkpt>
   <trkpt lat="-8.047446" lon="-34.906614">
    <ele>9.9</ele>
    <time>2020-09-17T00:46:33.000Z</time>
   </trkpt>
   <trkpt lat="-8.047364" lon="-34.906633">
    <ele>10</ele>
    <time>2020-09-17T00:46:37.000Z</time>
   </trkpt>
   <trkpt lat="-8.04733" lon="-34.906638">
    <ele>10.1</ele>
    <time>2020-09-17T00:46:38.000Z</time>
   </trkpt>
   <trkpt lat="-8.047297" lon="-34.906646">
    <ele>10.1</ele>
    <time>2020-09-17T00:46:39.000Z</time>
   </trkpt>
   <trkpt lat="-8.047261" lon="-34.906656">
    <ele>10.1</ele>
    <time>2020-09-17T00:46:40.000Z</time>
   </trkpt>
   <trkpt lat="-8.047218" lon="-34.906662">
    <ele>10.2</ele>
    <time>2020-09-17T00:46:41.000Z</time>
   </trkpt>
   <trkpt lat="-8.047167" lon="-34.906673">
    <ele>10.2</ele>
    <time>2020-09-17T00:46:42.000Z</time>
   </trkpt>
   <trkpt lat="-8.04712" lon="-34.906684">
    <ele>10.2</ele>
    <time>2020-09-17T00:46:43.000Z</time>
   </trkpt>
   <trkpt lat="-8.047069" lon="-34.906696">
    <ele>10.2</ele>
    <time>2020-09-17T00:46:44.000Z</time>
   </trkpt>
   <trkpt lat="-8.047023" lon="-34.906706">
    <ele>10.2</ele>
    <time>2020-09-17T00:46:45.000Z</time>
   </trkpt>
   <trkpt lat="-8.046985" lon="-34.906717">
    <ele>10.2</ele>
    <time>2020-09-17T00:46:46.000Z</time>
   </trkpt>
   <trkpt lat="-8.046945" lon="-34.906732">
    <ele>10.2</ele>
    <time>2020-09-17T00:46:47.000Z</time>
   </trkpt>
   <trkpt lat="-8.046909" lon="-34.906748">
    <ele>10.2</ele>
    <time>2020-09-17T00:46:48.000Z</time>
   </trkpt>
   <trkpt lat="-8.046882" lon="-34.906756">
    <ele>10.3</ele>
    <time>2020-09-17T00:46:49.000Z</time>
   </trkpt>
   <trkpt lat="-8.046841" lon="-34.906761">
    <ele>10.3</ele>
    <time>2020-09-17T00:46:50.000Z</time>
   </trkpt>
   <trkpt lat="-8.046805" lon="-34.906772">
    <ele>10.3</ele>
    <time>2020-09-17T00:46:51.000Z</time>
   </trkpt>
   <trkpt lat="-8.046767" lon="-34.906781">
    <ele>10.3</ele>
    <time>2020-09-17T00:46:52.000Z</time>
   </trkpt>
   <trkpt lat="-8.046732" lon="-34.906789">
    <ele>10.4</ele>
    <time>2020-09-17T00:46:53.000Z</time>
   </trkpt>
   <trkpt lat="-8.046705" lon="-34.906799">
    <ele>10.4</ele>
    <time>2020-09-17T00:46:54.000Z</time>
   </trkpt>
   <trkpt lat="-8.046662" lon="-34.906811">
    <ele>10.4</ele>
    <time>2020-09-17T00:46:55.000Z</time>
   </trkpt>
   <trkpt lat="-8.046631" lon="-34.90682">
    <ele>10.4</ele>
    <time>2020-09-17T00:46:56.000Z</time>
   </trkpt>
   <trkpt lat="-8.046601" lon="-34.90683">
    <ele>10.5</ele>
    <time>2020-09-17T00:46:57.000Z</time>
   </trkpt>
   <trkpt lat="-8.046572" lon="-34.906844">
    <ele>10.5</ele>
    <time>2020-09-17T00:46:58.000Z</time>
   </trkpt>
   <trkpt lat="-8.04654" lon="-34.90686">
    <ele>10.5</ele>
    <time>2020-09-17T00:46:59.000Z</time>
   </trkpt>
   <trkpt lat="-8.046503" lon="-34.906879">
    <ele>10.6</ele>
    <time>2020-09-17T00:47:00.000Z</time>
   </trkpt>
   <trkpt lat="-8.046454" lon="-34.906909">
    <ele>10.7</ele>
    <time>2020-09-17T00:47:01.000Z</time>
   </trkpt>
   <trkpt lat="-8.046409" lon="-34.906932">
    <ele>10.7</ele>
    <time>2020-09-17T00:47:02.000Z</time>
   </trkpt>
   <trkpt lat="-8.046369" lon="-34.906953">
    <ele>10.8</ele>
    <time>2020-09-17T00:47:03.000Z</time>
   </trkpt>
   <trkpt lat="-8.046321" lon="-34.906975">
    <ele>10.9</ele>
    <time>2020-09-17T00:47:04.000Z</time>
   </trkpt>
   <trkpt lat="-8.046271" lon="-34.90699">
    <ele>10.9</ele>
    <time>2020-09-17T00:47:05.000Z</time>
   </trkpt>
   <trkpt lat="-8.04622" lon="-34.907002">
    <ele>11</ele>
    <time>2020-09-17T00:47:06.000Z</time>
   </trkpt>
   <trkpt lat="-8.046171" lon="-34.907017">
    <ele>11</ele>
    <time>2020-09-17T00:47:07.000Z</time>
   </trkpt>
   <trkpt lat="-8.046126" lon="-34.907032">
    <ele>11.1</ele>
    <time>2020-09-17T00:47:08.000Z</time>
   </trkpt>
   <trkpt lat="-8.046085" lon="-34.907044">
    <ele>11.1</ele>
    <time>2020-09-17T00:47:09.000Z</time>
   </trkpt>
   <trkpt lat="-8.046047" lon="-34.907051">
    <ele>11.1</ele>
    <time>2020-09-17T00:47:10.000Z</time>
   </trkpt>
   <trkpt lat="-8.046009" lon="-34.907059">
    <ele>11.2</ele>
    <time>2020-09-17T00:47:11.000Z</time>
   </trkpt>
   <trkpt lat="-8.045967" lon="-34.907069">
    <ele>11.2</ele>
    <time>2020-09-17T00:47:12.000Z</time>
   </trkpt>
   <trkpt lat="-8.04593" lon="-34.907079">
    <ele>11.2</ele>
    <time>2020-09-17T00:47:13.000Z</time>
   </trkpt>
   <trkpt lat="-8.045887" lon="-34.90709">
    <ele>11.2</ele>
    <time>2020-09-17T00:47:14.000Z</time>
   </trkpt>
   <trkpt lat="-8.045844" lon="-34.9071">
    <ele>11.2</ele>
    <time>2020-09-17T00:47:15.000Z</time>
   </trkpt>
   <trkpt lat="-8.045804" lon="-34.90711">
    <ele>11.2</ele>
    <time>2020-09-17T00:47:16.000Z</time>
   </trkpt>
   <trkpt lat="-8.045761" lon="-34.907122">
    <ele>11.2</ele>
    <time>2020-09-17T00:47:17.000Z</time>
   </trkpt>
   <trkpt lat="-8.045718" lon="-34.907134">
    <ele>11.2</ele>
    <time>2020-09-17T00:47:18.000Z</time>
   </trkpt>
   <trkpt lat="-8.045675" lon="-34.907151">
    <ele>11.2</ele>
    <time>2020-09-17T00:47:19.000Z</time>
   </trkpt>
   <trkpt lat="-8.045632" lon="-34.907173">
    <ele>11.2</ele>
    <time>2020-09-17T00:47:20.000Z</time>
   </trkpt>
   <trkpt lat="-8.045585" lon="-34.907195">
    <ele>11.3</ele>
    <time>2020-09-17T00:47:21.000Z</time>
   </trkpt>
   <trkpt lat="-8.045531" lon="-34.907216">
    <ele>11.3</ele>
    <time>2020-09-17T00:47:22.000Z</time>
   </trkpt>
   <trkpt lat="-8.045483" lon="-34.907237">
    <ele>11.4</ele>
    <time>2020-09-17T00:47:23.000Z</time>
   </trkpt>
   <trkpt lat="-8.045432" lon="-34.907254">
    <ele>11.4</ele>
    <time>2020-09-17T00:47:24.000Z</time>
   </trkpt>
   <trkpt lat="-8.045385" lon="-34.907275">
    <ele>11.5</ele>
    <time>2020-09-17T00:47:25.000Z</time>
   </trkpt>
   <trkpt lat="-8.045338" lon="-34.907287">
    <ele>11.5</ele>
    <time>2020-09-17T00:47:26.000Z</time>
   </trkpt>
   <trkpt lat="-8.045288" lon="-34.907302">
    <ele>11.6</ele>
    <time>2020-09-17T00:47:27.000Z</time>
   </trkpt>
   <trkpt lat="-8.045236" lon="-34.907317">
    <ele>11.7</ele>
    <time>2020-09-17T00:47:28.000Z</time>
   </trkpt>
   <trkpt lat="-8.045188" lon="-34.907335">
    <ele>11.8</ele>
    <time>2020-09-17T00:47:29.000Z</time>
   </trkpt>
   <trkpt lat="-8.04514" lon="-34.907349">
    <ele>11.9</ele>
    <time>2020-09-17T00:47:30.000Z</time>
   </trkpt>
   <trkpt lat="-8.045098" lon="-34.907365">
    <ele>12</ele>
    <time>2020-09-17T00:47:31.000Z</time>
   </trkpt>
   <trkpt lat="-8.045058" lon="-34.907378">
    <ele>12.2</ele>
    <time>2020-09-17T00:47:32.000Z</time>
   </trkpt>
   <trkpt lat="-8.045016" lon="-34.907389">
    <ele>12.3</ele>
    <time>2020-09-17T00:47:33.000Z</time>
   </trkpt>
   <trkpt lat="-8.044981" lon="-34.907406">
    <ele>12.5</ele>
    <time>2020-09-17T00:47:34.000Z</time>
   </trkpt>
   <trkpt lat="-8.04494" lon="-34.907424">
    <ele>12.6</ele>
    <time>2020-09-17T00:47:35.000Z</time>
   </trkpt>
   <trkpt lat="-8.044897" lon="-34.907442">
    <ele>12.8</ele>
    <time>2020-09-17T00:47:36.000Z</time>
   </trkpt>
   <trkpt lat="-8.04486" lon="-34.907461">
    <ele>12.9</ele>
    <time>2020-09-17T00:47:37.000Z</time>
   </trkpt>
   <trkpt lat="-8.044821" lon="-34.907474">
    <ele>13.1</ele>
    <time>2020-09-17T00:47:38.000Z</time>
   </trkpt>
   <trkpt lat="-8.044785" lon="-34.907487">
    <ele>13.2</ele>
    <time>2020-09-17T00:47:39.000Z</time>
   </trkpt>
   <trkpt lat="-8.044753" lon="-34.907505">
    <ele>13.4</ele>
    <time>2020-09-17T00:47:40.000Z</time>
   </trkpt>
   <trkpt lat="-8.044709" lon="-34.907525">
    <ele>13.5</ele>
    <time>2020-09-17T00:47:41.000Z</time>
   </trkpt>
   <trkpt lat="-8.044667" lon="-34.907545">
    <ele>13.7</ele>
    <time>2020-09-17T00:47:42.000Z</time>
   </trkpt>
   <trkpt lat="-8.044629" lon="-34.907564">
    <ele>13.8</ele>
    <time>2020-09-17T00:47:43.000Z</time>
   </trkpt>
   <trkpt lat="-8.044591" lon="-34.907582">
    <ele>13.9</ele>
    <time>2020-09-17T00:47:44.000Z</time>
   </trkpt>
   <trkpt lat="-8.044558" lon="-34.907594">
    <ele>14</ele>
    <time>2020-09-17T00:47:45.000Z</time>
   </trkpt>
   <trkpt lat="-8.04452" lon="-34.907608">
    <ele>14.1</ele>
    <time>2020-09-17T00:47:46.000Z</time>
   </trkpt>
   <trkpt lat="-8.044478" lon="-34.907625">
    <ele>14.3</ele>
    <time>2020-09-17T00:47:47.000Z</time>
   </trkpt>
   <trkpt lat="-8.044434" lon="-34.907639">
    <ele>14.4</ele>
    <time>2020-09-17T00:47:48.000Z</time>
   </trkpt>
   <trkpt lat="-8.044392" lon="-34.907653">
    <ele>14.5</ele>
    <time>2020-09-17T00:47:49.000Z</time>
   </trkpt>
   <trkpt lat="-8.044346" lon="-34.90767">
    <ele>14.6</ele>
    <time>2020-09-17T00:47:50.000Z</time>
   </trkpt>
   <trkpt lat="-8.044306" lon="-34.907687">
    <ele>14.7</ele>
    <time>2020-09-17T00:47:51.000Z</time>
   </trkpt>
   <trkpt lat="-8.044267" lon="-34.907704">
    <ele>14.8</ele>
    <time>2020-09-17T00:47:52.000Z</time>
   </trkpt>
   <trkpt lat="-8.044228" lon="-34.907718">
    <ele>14.8</ele>
    <time>2020-09-17T00:47:53.000Z</time>
   </trkpt>
   <trkpt lat="-8.044185" lon="-34.90773">
    <ele>14.8</ele>
    <time>2020-09-17T00:47:54.000Z</time>
   </trkpt>
   <trkpt lat="-8.044142" lon="-34.907742">
    <ele>14.9</ele>
    <time>2020-09-17T00:47:55.000Z</time>
   </trkpt>
   <trkpt lat="-8.044093" lon="-34.907751">
    <ele>14.9</ele>
    <time>2020-09-17T00:47:56.000Z</time>
   </trkpt>
   <trkpt lat="-8.044038" lon="-34.907756">
    <ele>14.9</ele>
    <time>2020-09-17T00:47:57.000Z</time>
   </trkpt>
   <trkpt lat="-8.043991" lon="-34.907767">
    <ele>15</ele>
    <time>2020-09-17T00:47:58.000Z</time>
   </trkpt>
   <trkpt lat="-8.04395" lon="-34.90778">
    <ele>15</ele>
    <time>2020-09-17T00:47:59.000Z</time>
   </trkpt>
   <trkpt lat="-8.043906" lon="-34.907797">
    <ele>15</ele>
    <time>2020-09-17T00:48:00.000Z</time>
   </trkpt>
   <trkpt lat="-8.043854" lon="-34.907818">
    <ele>15</ele>
    <time>2020-09-17T00:48:01.000Z</time>
   </trkpt>
   <trkpt lat="-8.043811" lon="-34.907832">
    <ele>15.1</ele>
    <time>2020-09-17T00:48:02.000Z</time>
   </trkpt>
   <trkpt lat="-8.043776" lon="-34.907844">
    <ele>15.1</ele>
    <time>2020-09-17T00:48:03.000Z</time>
   </trkpt>
   <trkpt lat="-8.043745" lon="-34.907854">
    <ele>15.1</ele>
    <time>2020-09-17T00:48:04.000Z</time>
   </trkpt>
   <trkpt lat="-8.043715" lon="-34.907862">
    <ele>15.1</ele>
    <time>2020-09-17T00:48:05.000Z</time>
   </trkpt>
   <trkpt lat="-8.043689" lon="-34.907868">
    <ele>15</ele>
    <time>2020-09-17T00:48:06.000Z</time>
   </trkpt>
   <trkpt lat="-8.043651" lon="-34.907878">
    <ele>15</ele>
    <time>2020-09-17T00:48:08.000Z</time>
   </trkpt>
   <trkpt lat="-8.043619" lon="-34.907889">
    <ele>15</ele>
    <time>2020-09-17T00:48:10.000Z</time>
   </trkpt>
   <trkpt lat="-8.043598" lon="-34.907908">
    <ele>15</ele>
    <time>2020-09-17T00:48:12.000Z</time>
   </trkpt>
   <trkpt lat="-8.043569" lon="-34.907937">
    <ele>15</ele>
    <time>2020-09-17T00:48:14.000Z</time>
   </trkpt>
   <trkpt lat="-8.043539" lon="-34.907938">
    <ele>15</ele>
    <time>2020-09-17T00:48:16.000Z</time>
   </trkpt>
   <trkpt lat="-8.043503" lon="-34.907948">
    <ele>15</ele>
    <time>2020-09-17T00:48:18.000Z</time>
   </trkpt>
   <trkpt lat="-8.043451" lon="-34.907963">
    <ele>15</ele>
    <time>2020-09-17T00:48:20.000Z</time>
   </trkpt>
   <trkpt lat="-8.043422" lon="-34.907972">
    <ele>15</ele>
    <time>2020-09-17T00:48:21.000Z</time>
   </trkpt>
   <trkpt lat="-8.043392" lon="-34.907978">
    <ele>14.9</ele>
    <time>2020-09-17T00:48:22.000Z</time>
   </trkpt>
   <trkpt lat="-8.043359" lon="-34.907984">
    <ele>14.9</ele>
    <time>2020-09-17T00:48:23.000Z</time>
   </trkpt>
   <trkpt lat="-8.043322" lon="-34.907993">
    <ele>14.9</ele>
    <time>2020-09-17T00:48:24.000Z</time>
   </trkpt>
   <trkpt lat="-8.043281" lon="-34.908005">
    <ele>14.9</ele>
    <time>2020-09-17T00:48:25.000Z</time>
   </trkpt>
   <trkpt lat="-8.043243" lon="-34.908015">
    <ele>14.9</ele>
    <time>2020-09-17T00:48:26.000Z</time>
   </trkpt>
   <trkpt lat="-8.043203" lon="-34.908022">
    <ele>14.9</ele>
    <time>2020-09-17T00:48:27.000Z</time>
   </trkpt>
   <trkpt lat="-8.04316" lon="-34.908032">
    <ele>14.8</ele>
    <time>2020-09-17T00:48:28.000Z</time>
   </trkpt>
   <trkpt lat="-8.043116" lon="-34.90804">
    <ele>14.8</ele>
    <time>2020-09-17T00:48:29.000Z</time>
   </trkpt>
   <trkpt lat="-8.043057" lon="-34.908047">
    <ele>14.7</ele>
    <time>2020-09-17T00:48:30.000Z</time>
   </trkpt>
   <trkpt lat="-8.043003" lon="-34.908059">
    <ele>14.6</ele>
    <time>2020-09-17T00:48:31.000Z</time>
   </trkpt>
   <trkpt lat="-8.042955" lon="-34.908072">
    <ele>14.6</ele>
    <time>2020-09-17T00:48:32.000Z</time>
   </trkpt>
   <trkpt lat="-8.042902" lon="-34.908088">
    <ele>14.5</ele>
    <time>2020-09-17T00:48:33.000Z</time>
   </trkpt>
   <trkpt lat="-8.042849" lon="-34.908111">
    <ele>14.4</ele>
    <time>2020-09-17T00:48:34.000Z</time>
   </trkpt>
   <trkpt lat="-8.042803" lon="-34.908134">
    <ele>14.3</ele>
    <time>2020-09-17T00:48:35.000Z</time>
   </trkpt>
   <trkpt lat="-8.042758" lon="-34.908163">
    <ele>14.3</ele>
    <time>2020-09-17T00:48:36.000Z</time>
   </trkpt>
   <trkpt lat="-8.042699" lon="-34.908204">
    <ele>14.3</ele>
    <time>2020-09-17T00:48:37.000Z</time>
   </trkpt>
   <trkpt lat="-8.042643" lon="-34.908235">
    <ele>14.3</ele>
    <time>2020-09-17T00:48:38.000Z</time>
   </trkpt>
   <trkpt lat="-8.04259" lon="-34.908268">
    <ele>14.2</ele>
    <time>2020-09-17T00:48:39.000Z</time>
   </trkpt>
   <trkpt lat="-8.042546" lon="-34.908292">
    <ele>14.2</ele>
    <time>2020-09-17T00:48:40.000Z</time>
   </trkpt>
   <trkpt lat="-8.042503" lon="-34.908307">
    <ele>14.1</ele>
    <time>2020-09-17T00:48:41.000Z</time>
   </trkpt>
   <trkpt lat="-8.042446" lon="-34.908316">
    <ele>14</ele>
    <time>2020-09-17T00:48:42.000Z</time>
   </trkpt>
   <trkpt lat="-8.042389" lon="-34.908336">
    <ele>13.8</ele>
    <time>2020-09-17T00:48:43.000Z</time>
   </trkpt>
   <trkpt lat="-8.042328" lon="-34.908351">
    <ele>13.7</ele>
    <time>2020-09-17T00:48:44.000Z</time>
   </trkpt>
   <trkpt lat="-8.042268" lon="-34.908365">
    <ele>13.6</ele>
    <time>2020-09-17T00:48:45.000Z</time>
   </trkpt>
   <trkpt lat="-8.042207" lon="-34.908376">
    <ele>13.5</ele>
    <time>2020-09-17T00:48:46.000Z</time>
   </trkpt>
   <trkpt lat="-8.042146" lon="-34.908385">
    <ele>13.5</ele>
    <time>2020-09-17T00:48:47.000Z</time>
   </trkpt>
   <trkpt lat="-8.042092" lon="-34.908396">
    <ele>13.4</ele>
    <time>2020-09-17T00:48:48.000Z</time>
   </trkpt>
   <trkpt lat="-8.042054" lon="-34.908409">
    <ele>13.4</ele>
    <time>2020-09-17T00:48:49.000Z</time>
   </trkpt>
   <trkpt lat="-8.042008" lon="-34.908422">
    <ele>13.4</ele>
    <time>2020-09-17T00:48:50.000Z</time>
   </trkpt>
   <trkpt lat="-8.04197" lon="-34.908435">
    <ele>13.4</ele>
    <time>2020-09-17T00:48:51.000Z</time>
   </trkpt>
   <trkpt lat="-8.041939" lon="-34.908446">
    <ele>13.5</ele>
    <time>2020-09-17T00:48:52.000Z</time>
   </trkpt>
   <trkpt lat="-8.04191" lon="-34.908457">
    <ele>13.5</ele>
    <time>2020-09-17T00:48:53.000Z</time>
   </trkpt>
   <trkpt lat="-8.041873" lon="-34.908466">
    <ele>13.5</ele>
    <time>2020-09-17T00:48:54.000Z</time>
   </trkpt>
   <trkpt lat="-8.041835" lon="-34.908473">
    <ele>13.5</ele>
    <time>2020-09-17T00:48:55.000Z</time>
   </trkpt>
   <trkpt lat="-8.041801" lon="-34.90848">
    <ele>13.5</ele>
    <time>2020-09-17T00:48:56.000Z</time>
   </trkpt>
   <trkpt lat="-8.041769" lon="-34.908486">
    <ele>13.5</ele>
    <time>2020-09-17T00:48:57.000Z</time>
   </trkpt>
   <trkpt lat="-8.041736" lon="-34.908491">
    <ele>13.6</ele>
    <time>2020-09-17T00:48:58.000Z</time>
   </trkpt>
   <trkpt lat="-8.041684" lon="-34.908502">
    <ele>13.6</ele>
    <time>2020-09-17T00:49:00.000Z</time>
   </trkpt>
   <trkpt lat="-8.041646" lon="-34.90852">
    <ele>13.6</ele>
    <time>2020-09-17T00:49:02.000Z</time>
   </trkpt>
   <trkpt lat="-8.041614" lon="-34.908525">
    <ele>13.7</ele>
    <time>2020-09-17T00:49:03.000Z</time>
   </trkpt>
   <trkpt lat="-8.041574" lon="-34.908532">
    <ele>13.7</ele>
    <time>2020-09-17T00:49:04.000Z</time>
   </trkpt>
   <trkpt lat="-8.041529" lon="-34.90854">
    <ele>13.7</ele>
    <time>2020-09-17T00:49:05.000Z</time>
   </trkpt>
   <trkpt lat="-8.041486" lon="-34.908549">
    <ele>13.8</ele>
    <time>2020-09-17T00:49:06.000Z</time>
   </trkpt>
   <trkpt lat="-8.041441" lon="-34.90856">
    <ele>13.8</ele>
    <time>2020-09-17T00:49:07.000Z</time>
   </trkpt>
   <trkpt lat="-8.041401" lon="-34.908573">
    <ele>13.8</ele>
    <time>2020-09-17T00:49:08.000Z</time>
   </trkpt>
   <trkpt lat="-8.041364" lon="-34.9086">
    <ele>13.9</ele>
    <time>2020-09-17T00:49:09.000Z</time>
   </trkpt>
   <trkpt lat="-8.041328" lon="-34.90863">
    <ele>13.9</ele>
    <time>2020-09-17T00:49:10.000Z</time>
   </trkpt>
   <trkpt lat="-8.041291" lon="-34.908664">
    <ele>14</ele>
    <time>2020-09-17T00:49:11.000Z</time>
   </trkpt>
   <trkpt lat="-8.041258" lon="-34.908692">
    <ele>14</ele>
    <time>2020-09-17T00:49:12.000Z</time>
   </trkpt>
   <trkpt lat="-8.041211" lon="-34.90872">
    <ele>14</ele>
    <time>2020-09-17T00:49:13.000Z</time>
   </trkpt>
   <trkpt lat="-8.041162" lon="-34.908739">
    <ele>14.1</ele>
    <time>2020-09-17T00:49:14.000Z</time>
   </trkpt>
   <trkpt lat="-8.041113" lon="-34.908764">
    <ele>14.1</ele>
    <time>2020-09-17T00:49:15.000Z</time>
   </trkpt>
   <trkpt lat="-8.041065" lon="-34.908784">
    <ele>14.1</ele>
    <time>2020-09-17T00:49:16.000Z</time>
   </trkpt>
   <trkpt lat="-8.041021" lon="-34.908796">
    <ele>14.2</ele>
    <time>2020-09-17T00:49:17.000Z</time>
   </trkpt>
   <trkpt lat="-8.040972" lon="-34.908807">
    <ele>14.2</ele>
    <time>2020-09-17T00:49:18.000Z</time>
   </trkpt>
   <trkpt lat="-8.040925" lon="-34.908816">
    <ele>14.2</ele>
    <time>2020-09-17T00:49:19.000Z</time>
   </trkpt>
   <trkpt lat="-8.040871" lon="-34.908838">
    <ele>14.2</ele>
    <time>2020-09-17T00:49:20.000Z</time>
   </trkpt>
   <trkpt lat="-8.040819" lon="-34.908859">
    <ele>14.2</ele>
    <time>2020-09-17T00:49:21.000Z</time>
   </trkpt>
   <trkpt lat="-8.040771" lon="-34.908879">
    <ele>14.2</ele>
    <time>2020-09-17T00:49:22.000Z</time>
   </trkpt>
   <trkpt lat="-8.040719" lon="-34.908897">
    <ele>14.2</ele>
    <time>2020-09-17T00:49:23.000Z</time>
   </trkpt>
   <trkpt lat="-8.040665" lon="-34.908921">
    <ele>14.2</ele>
    <time>2020-09-17T00:49:24.000Z</time>
   </trkpt>
   <trkpt lat="-8.04061" lon="-34.908939">
    <ele>14.2</ele>
    <time>2020-09-17T00:49:25.000Z</time>
   </trkpt>
   <trkpt lat="-8.04056" lon="-34.908953">
    <ele>14.2</ele>
    <time>2020-09-17T00:49:26.000Z</time>
   </trkpt>
   <trkpt lat="-8.040507" lon="-34.908971">
    <ele>14.2</ele>
    <time>2020-09-17T00:49:27.000Z</time>
   </trkpt>
   <trkpt lat="-8.040456" lon="-34.90899">
    <ele>14.1</ele>
    <time>2020-09-17T00:49:28.000Z</time>
   </trkpt>
   <trkpt lat="-8.040409" lon="-34.909006">
    <ele>14.1</ele>
    <time>2020-09-17T00:49:29.000Z</time>
   </trkpt>
   <trkpt lat="-8.040358" lon="-34.909024">
    <ele>14</ele>
    <time>2020-09-17T00:49:30.000Z</time>
   </trkpt>
   <trkpt lat="-8.040302" lon="-34.909038">
    <ele>14</ele>
    <time>2020-09-17T00:49:31.000Z</time>
   </trkpt>
   <trkpt lat="-8.040243" lon="-34.909051">
    <ele>14</ele>
    <time>2020-09-17T00:49:32.000Z</time>
   </trkpt>
   <trkpt lat="-8.040187" lon="-34.909065">
    <ele>13.9</ele>
    <time>2020-09-17T00:49:33.000Z</time>
   </trkpt>
   <trkpt lat="-8.040131" lon="-34.909079">
    <ele>13.9</ele>
    <time>2020-09-17T00:49:34.000Z</time>
   </trkpt>
   <trkpt lat="-8.040076" lon="-34.909095">
    <ele>13.8</ele>
    <time>2020-09-17T00:49:35.000Z</time>
   </trkpt>
   <trkpt lat="-8.040019" lon="-34.909107">
    <ele>13.8</ele>
    <time>2020-09-17T00:49:36.000Z</time>
   </trkpt>
   <trkpt lat="-8.03997" lon="-34.909123">
    <ele>13.8</ele>
    <time>2020-09-17T00:49:37.000Z</time>
   </trkpt>
   <trkpt lat="-8.039925" lon="-34.909133">
    <ele>13.7</ele>
    <time>2020-09-17T00:49:38.000Z</time>
   </trkpt>
   <trkpt lat="-8.039882" lon="-34.909141">
    <ele>13.7</ele>
    <time>2020-09-17T00:49:39.000Z</time>
   </trkpt>
   <trkpt lat="-8.039835" lon="-34.909151">
    <ele>13.6</ele>
    <time>2020-09-17T00:49:40.000Z</time>
   </trkpt>
   <trkpt lat="-8.039788" lon="-34.909165">
    <ele>13.6</ele>
    <time>2020-09-17T00:49:41.000Z</time>
   </trkpt>
   <trkpt lat="-8.03974" lon="-34.909175">
    <ele>13.5</ele>
    <time>2020-09-17T00:49:42.000Z</time>
   </trkpt>
   <trkpt lat="-8.03969" lon="-34.90919">
    <ele>13.5</ele>
    <time>2020-09-17T00:49:43.000Z</time>
   </trkpt>
   <trkpt lat="-8.039643" lon="-34.909206">
    <ele>13.5</ele>
    <time>2020-09-17T00:49:44.000Z</time>
   </trkpt>
   <trkpt lat="-8.0396" lon="-34.909226">
    <ele>13.4</ele>
    <time>2020-09-17T00:49:45.000Z</time>
   </trkpt>
   <trkpt lat="-8.039553" lon="-34.909248">
    <ele>13.4</ele>
    <time>2020-09-17T00:49:46.000Z</time>
   </trkpt>
   <trkpt lat="-8.039502" lon="-34.909266">
    <ele>13.4</ele>
    <time>2020-09-17T00:49:47.000Z</time>
   </trkpt>
   <trkpt lat="-8.039448" lon="-34.909285">
    <ele>13.4</ele>
    <time>2020-09-17T00:49:48.000Z</time>
   </trkpt>
   <trkpt lat="-8.039402" lon="-34.909307">
    <ele>13.5</ele>
    <time>2020-09-17T00:49:49.000Z</time>
   </trkpt>
   <trkpt lat="-8.039348" lon="-34.90933">
    <ele>13.5</ele>
    <time>2020-09-17T00:49:50.000Z</time>
   </trkpt>
   <trkpt lat="-8.039305" lon="-34.90935">
    <ele>13.6</ele>
    <time>2020-09-17T00:49:51.000Z</time>
   </trkpt>
   <trkpt lat="-8.039258" lon="-34.909369">
    <ele>13.7</ele>
    <time>2020-09-17T00:49:52.000Z</time>
   </trkpt>
   <trkpt lat="-8.03921" lon="-34.909396">
    <ele>13.9</ele>
    <time>2020-09-17T00:49:53.000Z</time>
   </trkpt>
   <trkpt lat="-8.039166" lon="-34.909422">
    <ele>14</ele>
    <time>2020-09-17T00:49:54.000Z</time>
   </trkpt>
   <trkpt lat="-8.039123" lon="-34.90945">
    <ele>14.2</ele>
    <time>2020-09-17T00:49:55.000Z</time>
   </trkpt>
   <trkpt lat="-8.039079" lon="-34.90948">
    <ele>14.3</ele>
    <time>2020-09-17T00:49:56.000Z</time>
   </trkpt>
   <trkpt lat="-8.039031" lon="-34.90951">
    <ele>14.6</ele>
    <time>2020-09-17T00:49:57.000Z</time>
   </trkpt>
   <trkpt lat="-8.038987" lon="-34.909539">
    <ele>14.9</ele>
    <time>2020-09-17T00:49:58.000Z</time>
   </trkpt>
   <trkpt lat="-8.038944" lon="-34.909564">
    <ele>15.2</ele>
    <time>2020-09-17T00:49:59.000Z</time>
   </trkpt>
   <trkpt lat="-8.038905" lon="-34.909597">
    <ele>15.5</ele>
    <time>2020-09-17T00:50:00.000Z</time>
   </trkpt>
   <trkpt lat="-8.038863" lon="-34.909625">
    <ele>15.8</ele>
    <time>2020-09-17T00:50:01.000Z</time>
   </trkpt>
   <trkpt lat="-8.038828" lon="-34.909657">
    <ele>16.1</ele>
    <time>2020-09-17T00:50:02.000Z</time>
   </trkpt>
   <trkpt lat="-8.038795" lon="-34.909685">
    <ele>16.3</ele>
    <time>2020-09-17T00:50:03.000Z</time>
   </trkpt>
   <trkpt lat="-8.038757" lon="-34.909707">
    <ele>16.6</ele>
    <time>2020-09-17T00:50:04.000Z</time>
   </trkpt>
   <trkpt lat="-8.038722" lon="-34.909731">
    <ele>16.7</ele>
    <time>2020-09-17T00:50:05.000Z</time>
   </trkpt>
   <trkpt lat="-8.03869" lon="-34.909751">
    <ele>16.9</ele>
    <time>2020-09-17T00:50:06.000Z</time>
   </trkpt>
   <trkpt lat="-8.038658" lon="-34.909777">
    <ele>17.1</ele>
    <time>2020-09-17T00:50:07.000Z</time>
   </trkpt>
   <trkpt lat="-8.038633" lon="-34.909798">
    <ele>17.2</ele>
    <time>2020-09-17T00:50:08.000Z</time>
   </trkpt>
   <trkpt lat="-8.038601" lon="-34.90983">
    <ele>17.3</ele>
    <time>2020-09-17T00:50:09.000Z</time>
   </trkpt>
   <trkpt lat="-8.038566" lon="-34.90986">
    <ele>17.5</ele>
    <time>2020-09-17T00:50:10.000Z</time>
   </trkpt>
   <trkpt lat="-8.038527" lon="-34.909891">
    <ele>17.6</ele>
    <time>2020-09-17T00:50:11.000Z</time>
   </trkpt>
   <trkpt lat="-8.038483" lon="-34.909915">
    <ele>17.7</ele>
    <time>2020-09-17T00:50:12.000Z</time>
   </trkpt>
   <trkpt lat="-8.038433" lon="-34.909934">
    <ele>17.8</ele>
    <time>2020-09-17T00:50:13.000Z</time>
   </trkpt>
   <trkpt lat="-8.038381" lon="-34.909955">
    <ele>17.9</ele>
    <time>2020-09-17T00:50:14.000Z</time>
   </trkpt>
   <trkpt lat="-8.03833" lon="-34.909973">
    <ele>18</ele>
    <time>2020-09-17T00:50:15.000Z</time>
   </trkpt>
   <trkpt lat="-8.038282" lon="-34.909993">
    <ele>18</ele>
    <time>2020-09-17T00:50:16.000Z</time>
   </trkpt>
   <trkpt lat="-8.038231" lon="-34.910017">
    <ele>18</ele>
    <time>2020-09-17T00:50:17.000Z</time>
   </trkpt>
   <trkpt lat="-8.038182" lon="-34.910043">
    <ele>18</ele>
    <time>2020-09-17T00:50:18.000Z</time>
   </trkpt>
   <trkpt lat="-8.038123" lon="-34.91006">
    <ele>18</ele>
    <time>2020-09-17T00:50:19.000Z</time>
   </trkpt>
   <trkpt lat="-8.038061" lon="-34.91008">
    <ele>17.9</ele>
    <time>2020-09-17T00:50:20.000Z</time>
   </trkpt>
   <trkpt lat="-8.038013" lon="-34.910104">
    <ele>17.9</ele>
    <time>2020-09-17T00:50:21.000Z</time>
   </trkpt>
   <trkpt lat="-8.037968" lon="-34.910123">
    <ele>17.8</ele>
    <time>2020-09-17T00:50:22.000Z</time>
   </trkpt>
   <trkpt lat="-8.037924" lon="-34.910133">
    <ele>17.8</ele>
    <time>2020-09-17T00:50:23.000Z</time>
   </trkpt>
   <trkpt lat="-8.037891" lon="-34.910155">
    <ele>17.7</ele>
    <time>2020-09-17T00:50:24.000Z</time>
   </trkpt>
   <trkpt lat="-8.03786" lon="-34.910175">
    <ele>17.6</ele>
    <time>2020-09-17T00:50:25.000Z</time>
   </trkpt>
   <trkpt lat="-8.037823" lon="-34.910188">
    <ele>17.5</ele>
    <time>2020-09-17T00:50:26.000Z</time>
   </trkpt>
   <trkpt lat="-8.037794" lon="-34.910202">
    <ele>17.4</ele>
    <time>2020-09-17T00:50:27.000Z</time>
   </trkpt>
   <trkpt lat="-8.037761" lon="-34.910215">
    <ele>17.3</ele>
    <time>2020-09-17T00:50:28.000Z</time>
   </trkpt>
   <trkpt lat="-8.037724" lon="-34.910232">
    <ele>17.2</ele>
    <time>2020-09-17T00:50:29.000Z</time>
   </trkpt>
   <trkpt lat="-8.037684" lon="-34.910247">
    <ele>17</ele>
    <time>2020-09-17T00:50:30.000Z</time>
   </trkpt>
   <trkpt lat="-8.037645" lon="-34.910259">
    <ele>16.8</ele>
    <time>2020-09-17T00:50:31.000Z</time>
   </trkpt>
   <trkpt lat="-8.037608" lon="-34.910278">
    <ele>16.6</ele>
    <time>2020-09-17T00:50:32.000Z</time>
   </trkpt>
   <trkpt lat="-8.037571" lon="-34.910294">
    <ele>16.4</ele>
    <time>2020-09-17T00:50:33.000Z</time>
   </trkpt>
   <trkpt lat="-8.037529" lon="-34.9103">
    <ele>16.2</ele>
    <time>2020-09-17T00:50:34.000Z</time>
   </trkpt>
   <trkpt lat="-8.037486" lon="-34.910313">
    <ele>15.9</ele>
    <time>2020-09-17T00:50:35.000Z</time>
   </trkpt>
   <trkpt lat="-8.037439" lon="-34.91033">
    <ele>15.6</ele>
    <time>2020-09-17T00:50:36.000Z</time>
   </trkpt>
   <trkpt lat="-8.037393" lon="-34.910351">
    <ele>15.3</ele>
    <time>2020-09-17T00:50:37.000Z</time>
   </trkpt>
   <trkpt lat="-8.037342" lon="-34.910377">
    <ele>15</ele>
    <time>2020-09-17T00:50:38.000Z</time>
   </trkpt>
   <trkpt lat="-8.037291" lon="-34.910394">
    <ele>14.7</ele>
    <time>2020-09-17T00:50:39.000Z</time>
   </trkpt>
   <trkpt lat="-8.037237" lon="-34.9104">
    <ele>14.3</ele>
    <time>2020-09-17T00:50:40.000Z</time>
   </trkpt>
   <trkpt lat="-8.03718" lon="-34.9104">
    <ele>14</ele>
    <time>2020-09-17T00:50:41.000Z</time>
   </trkpt>
   <trkpt lat="-8.037123" lon="-34.910394">
    <ele>13.6</ele>
    <time>2020-09-17T00:50:42.000Z</time>
   </trkpt>
   <trkpt lat="-8.037067" lon="-34.910382">
    <ele>13.3</ele>
    <time>2020-09-17T00:50:43.000Z</time>
   </trkpt>
   <trkpt lat="-8.037009" lon="-34.910375">
    <ele>12.9</ele>
    <time>2020-09-17T00:50:44.000Z</time>
   </trkpt>
   <trkpt lat="-8.036955" lon="-34.910357">
    <ele>12.6</ele>
    <time>2020-09-17T00:50:45.000Z</time>
   </trkpt>
   <trkpt lat="-8.0369" lon="-34.910334">
    <ele>12.3</ele>
    <time>2020-09-17T00:50:46.000Z</time>
   </trkpt>
   <trkpt lat="-8.036845" lon="-34.9103">
    <ele>12</ele>
    <time>2020-09-17T00:50:47.000Z</time>
   </trkpt>
   <trkpt lat="-8.036785" lon="-34.910262">
    <ele>11.7</ele>
    <time>2020-09-17T00:50:48.000Z</time>
   </trkpt>
   <trkpt lat="-8.036716" lon="-34.910221">
    <ele>11.3</ele>
    <time>2020-09-17T00:50:49.000Z</time>
   </trkpt>
   <trkpt lat="-8.036663" lon="-34.910185">
    <ele>11</ele>
    <time>2020-09-17T00:50:50.000Z</time>
   </trkpt>
   <trkpt lat="-8.036618" lon="-34.910153">
    <ele>10.8</ele>
    <time>2020-09-17T00:50:51.000Z</time>
   </trkpt>
   <trkpt lat="-8.036577" lon="-34.910119">
    <ele>10.4</ele>
    <time>2020-09-17T00:50:52.000Z</time>
   </trkpt>
   <trkpt lat="-8.036537" lon="-34.91008">
    <ele>10.1</ele>
    <time>2020-09-17T00:50:53.000Z</time>
   </trkpt>
   <trkpt lat="-8.036493" lon="-34.910036">
    <ele>9.8</ele>
    <time>2020-09-17T00:50:54.000Z</time>
   </trkpt>
   <trkpt lat="-8.036444" lon="-34.909985">
    <ele>9.7</ele>
    <time>2020-09-17T00:50:55.000Z</time>
   </trkpt>
   <trkpt lat="-8.036389" lon="-34.909935">
    <ele>9.7</ele>
    <time>2020-09-17T00:50:56.000Z</time>
   </trkpt>
   <trkpt lat="-8.036335" lon="-34.909887">
    <ele>9.7</ele>
    <time>2020-09-17T00:50:57.000Z</time>
   </trkpt>
   <trkpt lat="-8.036275" lon="-34.909848">
    <ele>9.8</ele>
    <time>2020-09-17T00:50:58.000Z</time>
   </trkpt>
   <trkpt lat="-8.036215" lon="-34.909809">
    <ele>9.8</ele>
    <time>2020-09-17T00:50:59.000Z</time>
   </trkpt>
   <trkpt lat="-8.036154" lon="-34.909772">
    <ele>9.9</ele>
    <time>2020-09-17T00:51:00.000Z</time>
   </trkpt>
   <trkpt lat="-8.036106" lon="-34.909736">
    <ele>9.9</ele>
    <time>2020-09-17T00:51:01.000Z</time>
   </trkpt>
   <trkpt lat="-8.036061" lon="-34.909701">
    <ele>10</ele>
    <time>2020-09-17T00:51:02.000Z</time>
   </trkpt>
   <trkpt lat="-8.03602" lon="-34.909671">
    <ele>10</ele>
    <time>2020-09-17T00:51:03.000Z</time>
   </trkpt>
   <trkpt lat="-8.036008" lon="-34.909627">
    <ele>10.1</ele>
    <time>2020-09-17T00:51:04.000Z</time>
   </trkpt>
   <trkpt lat="-8.035972" lon="-34.909584">
    <ele>10.1</ele>
    <time>2020-09-17T00:51:05.000Z</time>
   </trkpt>
   <trkpt lat="-8.03593" lon="-34.909549">
    <ele>10.1</ele>
    <time>2020-09-17T00:51:06.000Z</time>
   </trkpt>
   <trkpt lat="-8.035897" lon="-34.909526">
    <ele>10.1</ele>
    <time>2020-09-17T00:51:07.000Z</time>
   </trkpt>
   <trkpt lat="-8.035857" lon="-34.909494">
    <ele>10.1</ele>
    <time>2020-09-17T00:51:08.000Z</time>
   </trkpt>
   <trkpt lat="-8.035802" lon="-34.909457">
    <ele>10.2</ele>
    <time>2020-09-17T00:51:09.000Z</time>
   </trkpt>
   <trkpt lat="-8.035749" lon="-34.909416">
    <ele>10.1</ele>
    <time>2020-09-17T00:51:10.000Z</time>
   </trkpt>
   <trkpt lat="-8.035699" lon="-34.909365">
    <ele>10.1</ele>
    <time>2020-09-17T00:51:11.000Z</time>
   </trkpt>
   <trkpt lat="-8.035655" lon="-34.909317">
    <ele>10</ele>
    <time>2020-09-17T00:51:12.000Z</time>
   </trkpt>
   <trkpt lat="-8.035616" lon="-34.909274">
    <ele>10</ele>
    <time>2020-09-17T00:51:13.000Z</time>
   </trkpt>
   <trkpt lat="-8.035586" lon="-34.909241">
    <ele>9.9</ele>
    <time>2020-09-17T00:51:14.000Z</time>
   </trkpt>
   <trkpt lat="-8.035551" lon="-34.909197">
    <ele>9.9</ele>
    <time>2020-09-17T00:51:15.000Z</time>
   </trkpt>
   <trkpt lat="-8.035513" lon="-34.909153">
    <ele>9.9</ele>
    <time>2020-09-17T00:51:16.000Z</time>
   </trkpt>
   <trkpt lat="-8.035479" lon="-34.909115">
    <ele>9.9</ele>
    <time>2020-09-17T00:51:17.000Z</time>
   </trkpt>
   <trkpt lat="-8.035445" lon="-34.909088">
    <ele>9.9</ele>
    <time>2020-09-17T00:51:18.000Z</time>
   </trkpt>
   <trkpt lat="-8.035406" lon="-34.909057">
    <ele>10</ele>
    <time>2020-09-17T00:51:19.000Z</time>
   </trkpt>
   <trkpt lat="-8.035361" lon="-34.909021">
    <ele>10</ele>
    <time>2020-09-17T00:51:20.000Z</time>
   </trkpt>
   <trkpt lat="-8.035328" lon="-34.908993">
    <ele>10.1</ele>
    <time>2020-09-17T00:51:21.000Z</time>
   </trkpt>
   <trkpt lat="-8.035291" lon="-34.908963">
    <ele>10.1</ele>
    <time>2020-09-17T00:51:22.000Z</time>
   </trkpt>
   <trkpt lat="-8.03526" lon="-34.908933">
    <ele>10.1</ele>
    <time>2020-09-17T00:51:23.000Z</time>
   </trkpt>
   <trkpt lat="-8.035234" lon="-34.908906">
    <ele>10.1</ele>
    <time>2020-09-17T00:51:24.000Z</time>
   </trkpt>
   <trkpt lat="-8.035202" lon="-34.908875">
    <ele>10.1</ele>
    <time>2020-09-17T00:51:25.000Z</time>
   </trkpt>
   <trkpt lat="-8.035168" lon="-34.908839">
    <ele>10.1</ele>
    <time>2020-09-17T00:51:26.000Z</time>
   </trkpt>
   <trkpt lat="-8.035139" lon="-34.908797">
    <ele>10.1</ele>
    <time>2020-09-17T00:51:27.000Z</time>
   </trkpt>
   <trkpt lat="-8.03512" lon="-34.908769">
    <ele>10.1</ele>
    <time>2020-09-17T00:51:28.000Z</time>
   </trkpt>
   <trkpt lat="-8.035102" lon="-34.908745">
    <ele>10.1</ele>
    <time>2020-09-17T00:51:29.000Z</time>
   </trkpt>
   <trkpt lat="-8.03508" lon="-34.908709">
    <ele>10.2</ele>
    <time>2020-09-17T00:51:30.000Z</time>
   </trkpt>
   <trkpt lat="-8.035063" lon="-34.908682">
    <ele>10.2</ele>
    <time>2020-09-17T00:51:31.000Z</time>
   </trkpt>
   <trkpt lat="-8.03505" lon="-34.90863">
    <ele>10.3</ele>
    <time>2020-09-17T00:51:33.000Z</time>
   </trkpt>
   <trkpt lat="-8.035039" lon="-34.908588">
    <ele>10.4</ele>
    <time>2020-09-17T00:51:35.000Z</time>
   </trkpt>
   <trkpt lat="-8.035013" lon="-34.908549">
    <ele>10.6</ele>
    <time>2020-09-17T00:51:36.000Z</time>
   </trkpt>
   <trkpt lat="-8.034984" lon="-34.908505">
    <ele>10.8</ele>
    <time>2020-09-17T00:51:37.000Z</time>
   </trkpt>
   <trkpt lat="-8.034957" lon="-34.908466">
    <ele>11.1</ele>
    <time>2020-09-17T00:51:38.000Z</time>
   </trkpt>
   <trkpt lat="-8.034929" lon="-34.908427">
    <ele>11.3</ele>
    <time>2020-09-17T00:51:39.000Z</time>
   </trkpt>
   <trkpt lat="-8.03491" lon="-34.908395">
    <ele>11.5</ele>
    <time>2020-09-17T00:51:40.000Z</time>
   </trkpt>
   <trkpt lat="-8.034895" lon="-34.908363">
    <ele>11.7</ele>
    <time>2020-09-17T00:51:41.000Z</time>
   </trkpt>
   <trkpt lat="-8.034887" lon="-34.908322">
    <ele>11.8</ele>
    <time>2020-09-17T00:51:42.000Z</time>
   </trkpt>
   <trkpt lat="-8.034874" lon="-34.90828">
    <ele>12</ele>
    <time>2020-09-17T00:51:43.000Z</time>
   </trkpt>
   <trkpt lat="-8.034865" lon="-34.908239">
    <ele>12.1</ele>
    <time>2020-09-17T00:51:44.000Z</time>
   </trkpt>
   <trkpt lat="-8.034863" lon="-34.908205">
    <ele>12.4</ele>
    <time>2020-09-17T00:51:45.000Z</time>
   </trkpt>
   <trkpt lat="-8.034884" lon="-34.90817">
    <ele>12.4</ele>
    <time>2020-09-17T00:51:46.000Z</time>
   </trkpt>
   <trkpt lat="-8.034899" lon="-34.908135">
    <ele>12.4</ele>
    <time>2020-09-17T00:51:47.000Z</time>
   </trkpt>
   <trkpt lat="-8.034933" lon="-34.908092">
    <ele>12.4</ele>
    <time>2020-09-17T00:51:48.000Z</time>
   </trkpt>
   <trkpt lat="-8.034968" lon="-34.908053">
    <ele>12.4</ele>
    <time>2020-09-17T00:51:49.000Z</time>
   </trkpt>
   <trkpt lat="-8.034994" lon="-34.908024">
    <ele>12.4</ele>
    <time>2020-09-17T00:51:50.000Z</time>
   </trkpt>
   <trkpt lat="-8.03501" lon="-34.907986">
    <ele>12.4</ele>
    <time>2020-09-17T00:51:51.000Z</time>
   </trkpt>
   <trkpt lat="-8.035026" lon="-34.907948">
    <ele>12.4</ele>
    <time>2020-09-17T00:51:52.000Z</time>
   </trkpt>
   <trkpt lat="-8.035046" lon="-34.907913">
    <ele>12.4</ele>
    <time>2020-09-17T00:51:53.000Z</time>
   </trkpt>
   <trkpt lat="-8.035071" lon="-34.907881">
    <ele>12.4</ele>
    <time>2020-09-17T00:51:54.000Z</time>
   </trkpt>
   <trkpt lat="-8.035096" lon="-34.907849">
    <ele>12.4</ele>
    <time>2020-09-17T00:51:55.000Z</time>
   </trkpt>
   <trkpt lat="-8.035123" lon="-34.907809">
    <ele>12.4</ele>
    <time>2020-09-17T00:51:56.000Z</time>
   </trkpt>
   <trkpt lat="-8.035151" lon="-34.907771">
    <ele>12.4</ele>
    <time>2020-09-17T00:51:57.000Z</time>
   </trkpt>
   <trkpt lat="-8.035181" lon="-34.907733">
    <ele>12.5</ele>
    <time>2020-09-17T00:51:58.000Z</time>
   </trkpt>
   <trkpt lat="-8.0352" lon="-34.907706">
    <ele>12.5</ele>
    <time>2020-09-17T00:51:59.000Z</time>
   </trkpt>
   <trkpt lat="-8.035225" lon="-34.907668">
    <ele>12.5</ele>
    <time>2020-09-17T00:52:00.000Z</time>
   </trkpt>
   <trkpt lat="-8.035247" lon="-34.907635">
    <ele>12.5</ele>
    <time>2020-09-17T00:52:01.000Z</time>
   </trkpt>
   <trkpt lat="-8.035278" lon="-34.907605">
    <ele>12.5</ele>
    <time>2020-09-17T00:52:02.000Z</time>
   </trkpt>
   <trkpt lat="-8.035308" lon="-34.907559">
    <ele>12.5</ele>
    <time>2020-09-17T00:52:03.000Z</time>
   </trkpt>
   <trkpt lat="-8.035329" lon="-34.907526">
    <ele>12.5</ele>
    <time>2020-09-17T00:52:04.000Z</time>
   </trkpt>
   <trkpt lat="-8.035353" lon="-34.907489">
    <ele>12.5</ele>
    <time>2020-09-17T00:52:05.000Z</time>
   </trkpt>
   <trkpt lat="-8.03538" lon="-34.907452">
    <ele>12.5</ele>
    <time>2020-09-17T00:52:06.000Z</time>
   </trkpt>
   <trkpt lat="-8.035396" lon="-34.907429">
    <ele>12.5</ele>
    <time>2020-09-17T00:52:07.000Z</time>
   </trkpt>
   <trkpt lat="-8.035416" lon="-34.907393">
    <ele>12.6</ele>
    <time>2020-09-17T00:52:08.000Z</time>
   </trkpt>
   <trkpt lat="-8.03543" lon="-34.907381">
    <ele>12.6</ele>
    <time>2020-09-17T00:52:10.000Z</time>
   </trkpt>
   <trkpt lat="-8.035443" lon="-34.907345">
    <ele>12.6</ele>
    <time>2020-09-17T00:52:14.000Z</time>
   </trkpt>
   <trkpt lat="-8.03547" lon="-34.907313">
    <ele>12.6</ele>
    <time>2020-09-17T00:52:16.000Z</time>
   </trkpt>
   <trkpt lat="-8.035487" lon="-34.907281">
    <ele>12.6</ele>
    <time>2020-09-17T00:52:17.000Z</time>
   </trkpt>
   <trkpt lat="-8.035506" lon="-34.907253">
    <ele>12.6</ele>
    <time>2020-09-17T00:52:18.000Z</time>
   </trkpt>
   <trkpt lat="-8.035532" lon="-34.907208">
    <ele>12.6</ele>
    <time>2020-09-17T00:52:19.000Z</time>
   </trkpt>
   <trkpt lat="-8.035546" lon="-34.907183">
    <ele>12.6</ele>
    <time>2020-09-17T00:52:22.000Z</time>
   </trkpt>
   <trkpt lat="-8.035565" lon="-34.907145">
    <ele>12.6</ele>
    <time>2020-09-17T00:52:24.000Z</time>
   </trkpt>
   <trkpt lat="-8.035578" lon="-34.907119">
    <ele>12.6</ele>
    <time>2020-09-17T00:52:26.000Z</time>
   </trkpt>
   <trkpt lat="-8.035595" lon="-34.907084">
    <ele>12.6</ele>
    <time>2020-09-17T00:52:29.000Z</time>
   </trkpt>
   <trkpt lat="-8.035605" lon="-34.907101">
    <ele>12.6</ele>
    <time>2020-09-17T00:52:34.000Z</time>
   </trkpt>
   <trkpt lat="-8.035679" lon="-34.906957">
    <ele>12.6</ele>
    <time>2020-09-17T00:53:03.000Z</time>
   </trkpt>
   <trkpt lat="-8.035691" lon="-34.906905">
    <ele>12.6</ele>
    <time>2020-09-17T00:53:05.000Z</time>
   </trkpt>
   <trkpt lat="-8.035704" lon="-34.906879">
    <ele>12.6</ele>
    <time>2020-09-17T00:53:06.000Z</time>
   </trkpt>
   <trkpt lat="-8.035726" lon="-34.906857">
    <ele>12.6</ele>
    <time>2020-09-17T00:53:07.000Z</time>
   </trkpt>
   <trkpt lat="-8.035777" lon="-34.906831">
    <ele>12.6</ele>
    <time>2020-09-17T00:53:09.000Z</time>
   </trkpt>
   <trkpt lat="-8.03581" lon="-34.906814">
    <ele>12.6</ele>
    <time>2020-09-17T00:53:10.000Z</time>
   </trkpt>
   <trkpt lat="-8.035843" lon="-34.906799">
    <ele>12.6</ele>
    <time>2020-09-17T00:53:11.000Z</time>
   </trkpt>
   <trkpt lat="-8.03588" lon="-34.906784">
    <ele>12.6</ele>
    <time>2020-09-17T00:53:12.000Z</time>
   </trkpt>
   <trkpt lat="-8.035921" lon="-34.90677">
    <ele>12.6</ele>
    <time>2020-09-17T00:53:13.000Z</time>
   </trkpt>
   <trkpt lat="-8.035958" lon="-34.906747">
    <ele>12.6</ele>
    <time>2020-09-17T00:53:14.000Z</time>
   </trkpt>
   <trkpt lat="-8.035998" lon="-34.906725">
    <ele>12.6</ele>
    <time>2020-09-17T00:53:15.000Z</time>
   </trkpt>
   <trkpt lat="-8.036042" lon="-34.906704">
    <ele>12.6</ele>
    <time>2020-09-17T00:53:16.000Z</time>
   </trkpt>
   <trkpt lat="-8.036081" lon="-34.906688">
    <ele>12.6</ele>
    <time>2020-09-17T00:53:17.000Z</time>
   </trkpt>
   <trkpt lat="-8.03612" lon="-34.906676">
    <ele>12.6</ele>
    <time>2020-09-17T00:53:18.000Z</time>
   </trkpt>
   <trkpt lat="-8.036158" lon="-34.90666">
    <ele>12.7</ele>
    <time>2020-09-17T00:53:19.000Z</time>
   </trkpt>
   <trkpt lat="-8.036193" lon="-34.906639">
    <ele>12.7</ele>
    <time>2020-09-17T00:53:20.000Z</time>
   </trkpt>
   <trkpt lat="-8.036224" lon="-34.906619">
    <ele>12.7</ele>
    <time>2020-09-17T00:53:21.000Z</time>
   </trkpt>
   <trkpt lat="-8.036248" lon="-34.906602">
    <ele>12.7</ele>
    <time>2020-09-17T00:53:22.000Z</time>
   </trkpt>
   <trkpt lat="-8.036276" lon="-34.906584">
    <ele>12.7</ele>
    <time>2020-09-17T00:53:23.000Z</time>
   </trkpt>
   <trkpt lat="-8.036306" lon="-34.906565">
    <ele>12.7</ele>
    <time>2020-09-17T00:53:24.000Z</time>
   </trkpt>
   <trkpt lat="-8.036333" lon="-34.906546">
    <ele>12.7</ele>
    <time>2020-09-17T00:53:25.000Z</time>
   </trkpt>
   <trkpt lat="-8.036364" lon="-34.906525">
    <ele>12.7</ele>
    <time>2020-09-17T00:53:26.000Z</time>
   </trkpt>
   <trkpt lat="-8.036392" lon="-34.906505">
    <ele>12.7</ele>
    <time>2020-09-17T00:53:27.000Z</time>
   </trkpt>
   <trkpt lat="-8.036427" lon="-34.906482">
    <ele>12.7</ele>
    <time>2020-09-17T00:53:28.000Z</time>
   </trkpt>
   <trkpt lat="-8.036463" lon="-34.906457">
    <ele>12.7</ele>
    <time>2020-09-17T00:53:29.000Z</time>
   </trkpt>
   <trkpt lat="-8.036501" lon="-34.906432">
    <ele>12.8</ele>
    <time>2020-09-17T00:53:30.000Z</time>
   </trkpt>
   <trkpt lat="-8.036533" lon="-34.90641">
    <ele>12.8</ele>
    <time>2020-09-17T00:53:31.000Z</time>
   </trkpt>
   <trkpt lat="-8.036573" lon="-34.906378">
    <ele>12.8</ele>
    <time>2020-09-17T00:53:32.000Z</time>
   </trkpt>
   <trkpt lat="-8.036595" lon="-34.906347">
    <ele>12.8</ele>
    <time>2020-09-17T00:53:33.000Z</time>
   </trkpt>
   <trkpt lat="-8.036621" lon="-34.906305">
    <ele>12.8</ele>
    <time>2020-09-17T00:53:34.000Z</time>
   </trkpt>
   <trkpt lat="-8.036658" lon="-34.906271">
    <ele>12.9</ele>
    <time>2020-09-17T00:53:35.000Z</time>
   </trkpt>
   <trkpt lat="-8.036702" lon="-34.906262">
    <ele>12.9</ele>
    <time>2020-09-17T00:53:36.000Z</time>
   </trkpt>
   <trkpt lat="-8.036739" lon="-34.906247">
    <ele>12.9</ele>
    <time>2020-09-17T00:53:37.000Z</time>
   </trkpt>
   <trkpt lat="-8.036781" lon="-34.906223">
    <ele>12.9</ele>
    <time>2020-09-17T00:53:38.000Z</time>
   </trkpt>
   <trkpt lat="-8.036832" lon="-34.906189">
    <ele>13</ele>
    <time>2020-09-17T00:53:39.000Z</time>
   </trkpt>
   <trkpt lat="-8.036878" lon="-34.906164">
    <ele>13</ele>
    <time>2020-09-17T00:53:40.000Z</time>
   </trkpt>
   <trkpt lat="-8.036919" lon="-34.906134">
    <ele>13</ele>
    <time>2020-09-17T00:53:41.000Z</time>
   </trkpt>
   <trkpt lat="-8.036964" lon="-34.906111">
    <ele>13</ele>
    <time>2020-09-17T00:53:42.000Z</time>
   </trkpt>
   <trkpt lat="-8.037005" lon="-34.90609">
    <ele>13</ele>
    <time>2020-09-17T00:53:43.000Z</time>
   </trkpt>
   <trkpt lat="-8.037035" lon="-34.906071">
    <ele>13</ele>
    <time>2020-09-17T00:53:44.000Z</time>
   </trkpt>
   <trkpt lat="-8.037063" lon="-34.906052">
    <ele>13.1</ele>
    <time>2020-09-17T00:53:45.000Z</time>
   </trkpt>
   <trkpt lat="-8.037089" lon="-34.90604">
    <ele>13.1</ele>
    <time>2020-09-17T00:53:46.000Z</time>
   </trkpt>
   <trkpt lat="-8.037132" lon="-34.906026">
    <ele>13.1</ele>
    <time>2020-09-17T00:53:48.000Z</time>
   </trkpt>
   <trkpt lat="-8.037165" lon="-34.906018">
    <ele>13.1</ele>
    <time>2020-09-17T00:53:50.000Z</time>
   </trkpt>
   <trkpt lat="-8.037189" lon="-34.905995">
    <ele>13.1</ele>
    <time>2020-09-17T00:53:51.000Z</time>
   </trkpt>
   <trkpt lat="-8.037217" lon="-34.905976">
    <ele>13.1</ele>
    <time>2020-09-17T00:53:52.000Z</time>
   </trkpt>
   <trkpt lat="-8.037252" lon="-34.905951">
    <ele>13.1</ele>
    <time>2020-09-17T00:53:53.000Z</time>
   </trkpt>
   <trkpt lat="-8.037294" lon="-34.90592">
    <ele>13.1</ele>
    <time>2020-09-17T00:53:54.000Z</time>
   </trkpt>
   <trkpt lat="-8.037341" lon="-34.905894">
    <ele>13.2</ele>
    <time>2020-09-17T00:53:55.000Z</time>
   </trkpt>
   <trkpt lat="-8.037384" lon="-34.905868">
    <ele>13.2</ele>
    <time>2020-09-17T00:53:56.000Z</time>
   </trkpt>
   <trkpt lat="-8.037428" lon="-34.905841">
    <ele>13.2</ele>
    <time>2020-09-17T00:53:57.000Z</time>
   </trkpt>
   <trkpt lat="-8.037482" lon="-34.905817">
    <ele>13.2</ele>
    <time>2020-09-17T00:53:58.000Z</time>
   </trkpt>
   <trkpt lat="-8.037532" lon="-34.905789">
    <ele>13.2</ele>
    <time>2020-09-17T00:53:59.000Z</time>
   </trkpt>
   <trkpt lat="-8.037578" lon="-34.905761">
    <ele>13.1</ele>
    <time>2020-09-17T00:54:00.000Z</time>
   </trkpt>
   <trkpt lat="-8.037622" lon="-34.905742">
    <ele>13.1</ele>
    <time>2020-09-17T00:54:01.000Z</time>
   </trkpt>
   <trkpt lat="-8.037666" lon="-34.905715">
    <ele>13.1</ele>
    <time>2020-09-17T00:54:02.000Z</time>
   </trkpt>
   <trkpt lat="-8.037712" lon="-34.90569">
    <ele>13.1</ele>
    <time>2020-09-17T00:54:03.000Z</time>
   </trkpt>
   <trkpt lat="-8.037756" lon="-34.905665">
    <ele>13.1</ele>
    <time>2020-09-17T00:54:04.000Z</time>
   </trkpt>
   <trkpt lat="-8.037795" lon="-34.905642">
    <ele>13.1</ele>
    <time>2020-09-17T00:54:05.000Z</time>
   </trkpt>
   <trkpt lat="-8.037826" lon="-34.905621">
    <ele>13.1</ele>
    <time>2020-09-17T00:54:06.000Z</time>
   </trkpt>
   <trkpt lat="-8.03786" lon="-34.905598">
    <ele>13.1</ele>
    <time>2020-09-17T00:54:07.000Z</time>
   </trkpt>
   <trkpt lat="-8.037892" lon="-34.905569">
    <ele>13.2</ele>
    <time>2020-09-17T00:54:08.000Z</time>
   </trkpt>
   <trkpt lat="-8.037926" lon="-34.905537">
    <ele>13.2</ele>
    <time>2020-09-17T00:54:09.000Z</time>
   </trkpt>
   <trkpt lat="-8.037955" lon="-34.905505">
    <ele>13.2</ele>
    <time>2020-09-17T00:54:10.000Z</time>
   </trkpt>
   <trkpt lat="-8.037979" lon="-34.905479">
    <ele>13.2</ele>
    <time>2020-09-17T00:54:11.000Z</time>
   </trkpt>
   <trkpt lat="-8.037997" lon="-34.905457">
    <ele>13.2</ele>
    <time>2020-09-17T00:54:12.000Z</time>
   </trkpt>
   <trkpt lat="-8.038009" lon="-34.905431">
    <ele>13.2</ele>
    <time>2020-09-17T00:54:13.000Z</time>
   </trkpt>
   <trkpt lat="-8.038032" lon="-34.905399">
    <ele>13.2</ele>
    <time>2020-09-17T00:54:15.000Z</time>
   </trkpt>
   <trkpt lat="-8.03806" lon="-34.905378">
    <ele>13.1</ele>
    <time>2020-09-17T00:54:18.000Z</time>
   </trkpt>
   <trkpt lat="-8.038085" lon="-34.905376">
    <ele>13.1</ele>
    <time>2020-09-17T00:54:22.000Z</time>
   </trkpt>
   <trkpt lat="-8.038098" lon="-34.905354">
    <ele>13.1</ele>
    <time>2020-09-17T00:54:26.000Z</time>
   </trkpt>
   <trkpt lat="-8.038164" lon="-34.905243">
    <ele>13.1</ele>
    <time>2020-09-17T00:55:25.000Z</time>
   </trkpt>
   <trkpt lat="-8.038183" lon="-34.905219">
    <ele>13.1</ele>
    <time>2020-09-17T00:55:27.000Z</time>
   </trkpt>
   <trkpt lat="-8.038224" lon="-34.905191">
    <ele>13.1</ele>
    <time>2020-09-17T00:55:30.000Z</time>
   </trkpt>
   <trkpt lat="-8.038258" lon="-34.905165">
    <ele>13.1</ele>
    <time>2020-09-17T00:55:32.000Z</time>
   </trkpt>
   <trkpt lat="-8.038288" lon="-34.905144">
    <ele>13.1</ele>
    <time>2020-09-17T00:55:34.000Z</time>
   </trkpt>
   <trkpt lat="-8.038339" lon="-34.905118">
    <ele>13</ele>
    <time>2020-09-17T00:55:36.000Z</time>
   </trkpt>
   <trkpt lat="-8.038367" lon="-34.905101">
    <ele>13</ele>
    <time>2020-09-17T00:55:37.000Z</time>
   </trkpt>
   <trkpt lat="-8.038399" lon="-34.905082">
    <ele>13</ele>
    <time>2020-09-17T00:55:38.000Z</time>
   </trkpt>
   <trkpt lat="-8.038436" lon="-34.905056">
    <ele>12.9</ele>
    <time>2020-09-17T00:55:39.000Z</time>
   </trkpt>
   <trkpt lat="-8.038471" lon="-34.905032">
    <ele>12.9</ele>
    <time>2020-09-17T00:55:40.000Z</time>
   </trkpt>
   <trkpt lat="-8.038492" lon="-34.905005">
    <ele>12.9</ele>
    <time>2020-09-17T00:55:41.000Z</time>
   </trkpt>
   <trkpt lat="-8.0385" lon="-34.904974">
    <ele>12.9</ele>
    <time>2020-09-17T00:55:42.000Z</time>
   </trkpt>
   <trkpt lat="-8.038494" lon="-34.904943">
    <ele>12.9</ele>
    <time>2020-09-17T00:55:43.000Z</time>
   </trkpt>
   <trkpt lat="-8.038474" lon="-34.904898">
    <ele>12.9</ele>
    <time>2020-09-17T00:55:45.000Z</time>
   </trkpt>
   <trkpt lat="-8.038457" lon="-34.904862">
    <ele>12.8</ele>
    <time>2020-09-17T00:55:47.000Z</time>
   </trkpt>
   <trkpt lat="-8.038429" lon="-34.904823">
    <ele>12.8</ele>
    <time>2020-09-17T00:55:50.000Z</time>
   </trkpt>
   <trkpt lat="-8.038416" lon="-34.904798">
    <ele>12.8</ele>
    <time>2020-09-17T00:55:52.000Z</time>
   </trkpt>
   <trkpt lat="-8.038406" lon="-34.904768">
    <ele>12.8</ele>
    <time>2020-09-17T00:55:54.000Z</time>
   </trkpt>
   <trkpt lat="-8.038395" lon="-34.904738">
    <ele>12.8</ele>
    <time>2020-09-17T00:55:56.000Z</time>
   </trkpt>
   <trkpt lat="-8.038388" lon="-34.904712">
    <ele>12.8</ele>
    <time>2020-09-17T00:55:57.000Z</time>
   </trkpt>
   <trkpt lat="-8.038374" lon="-34.904683">
    <ele>12.8</ele>
    <time>2020-09-17T00:55:58.000Z</time>
   </trkpt>
   <trkpt lat="-8.038356" lon="-34.904656">
    <ele>12.8</ele>
    <time>2020-09-17T00:55:59.000Z</time>
   </trkpt>
   <trkpt lat="-8.038331" lon="-34.904626">
    <ele>12.8</ele>
    <time>2020-09-17T00:56:00.000Z</time>
   </trkpt>
   <trkpt lat="-8.038303" lon="-34.904591">
    <ele>12.8</ele>
    <time>2020-09-17T00:56:01.000Z</time>
   </trkpt>
   <trkpt lat="-8.038278" lon="-34.904565">
    <ele>12.8</ele>
    <time>2020-09-17T00:56:02.000Z</time>
   </trkpt>
   <trkpt lat="-8.038261" lon="-34.904542">
    <ele>12.8</ele>
    <time>2020-09-17T00:56:03.000Z</time>
   </trkpt>
   <trkpt lat="-8.038245" lon="-34.904518">
    <ele>12.8</ele>
    <time>2020-09-17T00:56:04.000Z</time>
   </trkpt>
   <trkpt lat="-8.038232" lon="-34.904494">
    <ele>12.8</ele>
    <time>2020-09-17T00:56:05.000Z</time>
   </trkpt>
   <trkpt lat="-8.038214" lon="-34.904462">
    <ele>12.8</ele>
    <time>2020-09-17T00:56:06.000Z</time>
   </trkpt>
   <trkpt lat="-8.038199" lon="-34.904429">
    <ele>12.7</ele>
    <time>2020-09-17T00:56:07.000Z</time>
   </trkpt>
   <trkpt lat="-8.038189" lon="-34.904394">
    <ele>12.7</ele>
    <time>2020-09-17T00:56:08.000Z</time>
   </trkpt>
   <trkpt lat="-8.038173" lon="-34.904357">
    <ele>12.7</ele>
    <time>2020-09-17T00:56:09.000Z</time>
   </trkpt>
   <trkpt lat="-8.03817" lon="-34.904328">
    <ele>12.7</ele>
    <time>2020-09-17T00:56:10.000Z</time>
   </trkpt>
   <trkpt lat="-8.038165" lon="-34.904289">
    <ele>12.7</ele>
    <time>2020-09-17T00:56:11.000Z</time>
   </trkpt>
   <trkpt lat="-8.038154" lon="-34.904251">
    <ele>12.7</ele>
    <time>2020-09-17T00:56:12.000Z</time>
   </trkpt>
   <trkpt lat="-8.038147" lon="-34.904215">
    <ele>12.7</ele>
    <time>2020-09-17T00:56:13.000Z</time>
   </trkpt>
   <trkpt lat="-8.038137" lon="-34.904187">
    <ele>12.7</ele>
    <time>2020-09-17T00:56:14.000Z</time>
   </trkpt>
   <trkpt lat="-8.038124" lon="-34.904152">
    <ele>12.7</ele>
    <time>2020-09-17T00:56:15.000Z</time>
   </trkpt>
   <trkpt lat="-8.038115" lon="-34.904109">
    <ele>12.7</ele>
    <time>2020-09-17T00:56:16.000Z</time>
   </trkpt>
   <trkpt lat="-8.038101" lon="-34.904072">
    <ele>12.7</ele>
    <time>2020-09-17T00:56:17.000Z</time>
   </trkpt>
   <trkpt lat="-8.038094" lon="-34.90404">
    <ele>12.7</ele>
    <time>2020-09-17T00:56:18.000Z</time>
   </trkpt>
   <trkpt lat="-8.038088" lon="-34.904001">
    <ele>12.6</ele>
    <time>2020-09-17T00:56:19.000Z</time>
   </trkpt>
   <trkpt lat="-8.038088" lon="-34.903963">
    <ele>12.6</ele>
    <time>2020-09-17T00:56:20.000Z</time>
   </trkpt>
   <trkpt lat="-8.03808" lon="-34.903921">
    <ele>12.6</ele>
    <time>2020-09-17T00:56:21.000Z</time>
   </trkpt>
   <trkpt lat="-8.038071" lon="-34.903889">
    <ele>12.6</ele>
    <time>2020-09-17T00:56:22.000Z</time>
   </trkpt>
   <trkpt lat="-8.038065" lon="-34.903859">
    <ele>12.6</ele>
    <time>2020-09-17T00:56:23.000Z</time>
   </trkpt>
   <trkpt lat="-8.038053" lon="-34.903811">
    <ele>12.6</ele>
    <time>2020-09-17T00:56:25.000Z</time>
   </trkpt>
   <trkpt lat="-8.038035" lon="-34.903785">
    <ele>12.6</ele>
    <time>2020-09-17T00:56:26.000Z</time>
   </trkpt>
   <trkpt lat="-8.038013" lon="-34.903753">
    <ele>12.6</ele>
    <time>2020-09-17T00:56:27.000Z</time>
   </trkpt>
   <trkpt lat="-8.037995" lon="-34.903732">
    <ele>12.6</ele>
    <time>2020-09-17T00:56:28.000Z</time>
   </trkpt>
   <trkpt lat="-8.037964" lon="-34.903709">
    <ele>12.6</ele>
    <time>2020-09-17T00:56:29.000Z</time>
   </trkpt>
   <trkpt lat="-8.037923" lon="-34.903679">
    <ele>12.6</ele>
    <time>2020-09-17T00:56:30.000Z</time>
   </trkpt>
   <trkpt lat="-8.037901" lon="-34.903649">
    <ele>12.6</ele>
    <time>2020-09-17T00:56:31.000Z</time>
   </trkpt>
   <trkpt lat="-8.037882" lon="-34.903624">
    <ele>12.6</ele>
    <time>2020-09-17T00:56:32.000Z</time>
   </trkpt>
   <trkpt lat="-8.037868" lon="-34.903597">
    <ele>12.6</ele>
    <time>2020-09-17T00:56:33.000Z</time>
   </trkpt>
   <trkpt lat="-8.037855" lon="-34.903564">
    <ele>12.7</ele>
    <time>2020-09-17T00:56:34.000Z</time>
   </trkpt>
   <trkpt lat="-8.037838" lon="-34.903522">
    <ele>12.7</ele>
    <time>2020-09-17T00:56:35.000Z</time>
   </trkpt>
   <trkpt lat="-8.037811" lon="-34.903475">
    <ele>12.7</ele>
    <time>2020-09-17T00:56:36.000Z</time>
   </trkpt>
   <trkpt lat="-8.037791" lon="-34.903439">
    <ele>12.7</ele>
    <time>2020-09-17T00:56:37.000Z</time>
   </trkpt>
   <trkpt lat="-8.037777" lon="-34.903408">
    <ele>12.7</ele>
    <time>2020-09-17T00:56:38.000Z</time>
   </trkpt>
   <trkpt lat="-8.037758" lon="-34.90338">
    <ele>12.7</ele>
    <time>2020-09-17T00:56:39.000Z</time>
   </trkpt>
   <trkpt lat="-8.03773" lon="-34.903347">
    <ele>12.7</ele>
    <time>2020-09-17T00:56:40.000Z</time>
   </trkpt>
   <trkpt lat="-8.037702" lon="-34.903312">
    <ele>12.8</ele>
    <time>2020-09-17T00:56:41.000Z</time>
   </trkpt>
   <trkpt lat="-8.037681" lon="-34.90328">
    <ele>12.8</ele>
    <time>2020-09-17T00:56:42.000Z</time>
   </trkpt>
   <trkpt lat="-8.03767" lon="-34.903255">
    <ele>12.8</ele>
    <time>2020-09-17T00:56:43.000Z</time>
   </trkpt>
   <trkpt lat="-8.037657" lon="-34.903227">
    <ele>12.8</ele>
    <time>2020-09-17T00:56:44.000Z</time>
   </trkpt>
   <trkpt lat="-8.037646" lon="-34.903196">
    <ele>12.8</ele>
    <time>2020-09-17T00:56:45.000Z</time>
   </trkpt>
   <trkpt lat="-8.037636" lon="-34.903167">
    <ele>12.8</ele>
    <time>2020-09-17T00:56:46.000Z</time>
   </trkpt>
   <trkpt lat="-8.037619" lon="-34.903116">
    <ele>12.9</ele>
    <time>2020-09-17T00:56:48.000Z</time>
   </trkpt>
   <trkpt lat="-8.037609" lon="-34.903078">
    <ele>12.9</ele>
    <time>2020-09-17T00:56:49.000Z</time>
   </trkpt>
   <trkpt lat="-8.037595" lon="-34.903038">
    <ele>12.9</ele>
    <time>2020-09-17T00:56:51.000Z</time>
   </trkpt>
   <trkpt lat="-8.037573" lon="-34.902999">
    <ele>12.9</ele>
    <time>2020-09-17T00:56:53.000Z</time>
   </trkpt>
   <trkpt lat="-8.037553" lon="-34.902971">
    <ele>12.9</ele>
    <time>2020-09-17T00:56:54.000Z</time>
   </trkpt>
   <trkpt lat="-8.037535" lon="-34.902929">
    <ele>13</ele>
    <time>2020-09-17T00:56:55.000Z</time>
   </trkpt>
   <trkpt lat="-8.037517" lon="-34.902896">
    <ele>13</ele>
    <time>2020-09-17T00:56:56.000Z</time>
   </trkpt>
   <trkpt lat="-8.03749" lon="-34.902858">
    <ele>13</ele>
    <time>2020-09-17T00:56:57.000Z</time>
   </trkpt>
   <trkpt lat="-8.037468" lon="-34.902822">
    <ele>13</ele>
    <time>2020-09-17T00:56:58.000Z</time>
   </trkpt>
   <trkpt lat="-8.037445" lon="-34.902798">
    <ele>13</ele>
    <time>2020-09-17T00:56:59.000Z</time>
   </trkpt>
   <trkpt lat="-8.037412" lon="-34.902778">
    <ele>13</ele>
    <time>2020-09-17T00:57:00.000Z</time>
   </trkpt>
   <trkpt lat="-8.037386" lon="-34.902748">
    <ele>13</ele>
    <time>2020-09-17T00:57:01.000Z</time>
   </trkpt>
   <trkpt lat="-8.03736" lon="-34.902728">
    <ele>13</ele>
    <time>2020-09-17T00:57:02.000Z</time>
   </trkpt>
   <trkpt lat="-8.037335" lon="-34.902701">
    <ele>13</ele>
    <time>2020-09-17T00:57:03.000Z</time>
   </trkpt>
   <trkpt lat="-8.037305" lon="-34.902665">
    <ele>13</ele>
    <time>2020-09-17T00:57:04.000Z</time>
   </trkpt>
   <trkpt lat="-8.037274" lon="-34.902631">
    <ele>13</ele>
    <time>2020-09-17T00:57:05.000Z</time>
   </trkpt>
   <trkpt lat="-8.037247" lon="-34.902595">
    <ele>13</ele>
    <time>2020-09-17T00:57:06.000Z</time>
   </trkpt>
   <trkpt lat="-8.037221" lon="-34.902558">
    <ele>13</ele>
    <time>2020-09-17T00:57:07.000Z</time>
   </trkpt>
   <trkpt lat="-8.037212" lon="-34.90252">
    <ele>13.1</ele>
    <time>2020-09-17T00:57:08.000Z</time>
   </trkpt>
   <trkpt lat="-8.037216" lon="-34.902492">
    <ele>13.1</ele>
    <time>2020-09-17T00:57:09.000Z</time>
   </trkpt>
   <trkpt lat="-8.03721" lon="-34.902453">
    <ele>13.1</ele>
    <time>2020-09-17T00:57:10.000Z</time>
   </trkpt>
   <trkpt lat="-8.037201" lon="-34.902423">
    <ele>13.1</ele>
    <time>2020-09-17T00:57:11.000Z</time>
   </trkpt>
   <trkpt lat="-8.037189" lon="-34.902357">
    <ele>13.1</ele>
    <time>2020-09-17T00:57:13.000Z</time>
   </trkpt>
   <trkpt lat="-8.037178" lon="-34.90232">
    <ele>13.1</ele>
    <time>2020-09-17T00:57:14.000Z</time>
   </trkpt>
   <trkpt lat="-8.037165" lon="-34.902281">
    <ele>13.2</ele>
    <time>2020-09-17T00:57:15.000Z</time>
   </trkpt>
   <trkpt lat="-8.037151" lon="-34.902245">
    <ele>13.2</ele>
    <time>2020-09-17T00:57:16.000Z</time>
   </trkpt>
   <trkpt lat="-8.03714" lon="-34.902218">
    <ele>13.2</ele>
    <time>2020-09-17T00:57:17.000Z</time>
   </trkpt>
   <trkpt lat="-8.037113" lon="-34.902174">
    <ele>13.2</ele>
    <time>2020-09-17T00:57:19.000Z</time>
   </trkpt>
   <trkpt lat="-8.037096" lon="-34.902152">
    <ele>13.2</ele>
    <time>2020-09-17T00:57:20.000Z</time>
   </trkpt>
   <trkpt lat="-8.037081" lon="-34.902123">
    <ele>13.2</ele>
    <time>2020-09-17T00:57:21.000Z</time>
   </trkpt>
   <trkpt lat="-8.037065" lon="-34.902084">
    <ele>13.2</ele>
    <time>2020-09-17T00:57:22.000Z</time>
   </trkpt>
   <trkpt lat="-8.037058" lon="-34.902055">
    <ele>13.2</ele>
    <time>2020-09-17T00:57:23.000Z</time>
   </trkpt>
   <trkpt lat="-8.03707" lon="-34.902007">
    <ele>13.2</ele>
    <time>2020-09-17T00:57:25.000Z</time>
   </trkpt>
   <trkpt lat="-8.037068" lon="-34.901979">
    <ele>13.1</ele>
    <time>2020-09-17T00:57:26.000Z</time>
   </trkpt>
   <trkpt lat="-8.037049" lon="-34.901946">
    <ele>13.1</ele>
    <time>2020-09-17T00:57:28.000Z</time>
   </trkpt>
   <trkpt lat="-8.037033" lon="-34.901911">
    <ele>13.1</ele>
    <time>2020-09-17T00:57:30.000Z</time>
   </trkpt>
   <trkpt lat="-8.037021" lon="-34.901884">
    <ele>13.1</ele>
    <time>2020-09-17T00:57:31.000Z</time>
   </trkpt>
   <trkpt lat="-8.03701" lon="-34.901855">
    <ele>13</ele>
    <time>2020-09-17T00:57:32.000Z</time>
   </trkpt>
   <trkpt lat="-8.037007" lon="-34.901862">
    <ele>13</ele>
    <time>2020-09-17T00:57:37.000Z</time>
   </trkpt>
   <trkpt lat="-8.037013" lon="-34.901885">
    <ele>13</ele>
    <time>2020-09-17T00:57:41.000Z</time>
   </trkpt>
   <trkpt lat="-8.036991" lon="-34.901852">
    <ele>13</ele>
    <time>2020-09-17T00:57:44.000Z</time>
   </trkpt>
   <trkpt lat="-8.036962" lon="-34.901801">
    <ele>13</ele>
    <time>2020-09-17T00:57:46.000Z</time>
   </trkpt>
   <trkpt lat="-8.036947" lon="-34.90176">
    <ele>13</ele>
    <time>2020-09-17T00:57:47.000Z</time>
   </trkpt>
   <trkpt lat="-8.036932" lon="-34.901716">
    <ele>12.9</ele>
    <time>2020-09-17T00:57:48.000Z</time>
   </trkpt>
   <trkpt lat="-8.036915" lon="-34.901668">
    <ele>12.9</ele>
    <time>2020-09-17T00:57:49.000Z</time>
   </trkpt>
   <trkpt lat="-8.036896" lon="-34.901619">
    <ele>12.8</ele>
    <time>2020-09-17T00:57:50.000Z</time>
   </trkpt>
   <trkpt lat="-8.036881" lon="-34.90157">
    <ele>12.7</ele>
    <time>2020-09-17T00:57:51.000Z</time>
   </trkpt>
   <trkpt lat="-8.036867" lon="-34.901524">
    <ele>12.7</ele>
    <time>2020-09-17T00:57:52.000Z</time>
   </trkpt>
   <trkpt lat="-8.03685" lon="-34.90148">
    <ele>12.6</ele>
    <time>2020-09-17T00:57:53.000Z</time>
   </trkpt>
   <trkpt lat="-8.036825" lon="-34.901445">
    <ele>12.5</ele>
    <time>2020-09-17T00:57:54.000Z</time>
   </trkpt>
   <trkpt lat="-8.036809" lon="-34.901411">
    <ele>12.5</ele>
    <time>2020-09-17T00:57:55.000Z</time>
   </trkpt>
   <trkpt lat="-8.036788" lon="-34.901374">
    <ele>12.4</ele>
    <time>2020-09-17T00:57:56.000Z</time>
   </trkpt>
   <trkpt lat="-8.036766" lon="-34.901338">
    <ele>12.3</ele>
    <time>2020-09-17T00:57:57.000Z</time>
   </trkpt>
   <trkpt lat="-8.036742" lon="-34.901301">
    <ele>12.2</ele>
    <time>2020-09-17T00:57:58.000Z</time>
   </trkpt>
   <trkpt lat="-8.03672" lon="-34.901265">
    <ele>12.1</ele>
    <time>2020-09-17T00:57:59.000Z</time>
   </trkpt>
   <trkpt lat="-8.036694" lon="-34.901231">
    <ele>12.1</ele>
    <time>2020-09-17T00:58:00.000Z</time>
   </trkpt>
   <trkpt lat="-8.036666" lon="-34.901195">
    <ele>12</ele>
    <time>2020-09-17T00:58:01.000Z</time>
   </trkpt>
   <trkpt lat="-8.036646" lon="-34.90116">
    <ele>11.9</ele>
    <time>2020-09-17T00:58:02.000Z</time>
   </trkpt>
   <trkpt lat="-8.036627" lon="-34.901127">
    <ele>11.8</ele>
    <time>2020-09-17T00:58:03.000Z</time>
   </trkpt>
   <trkpt lat="-8.036607" lon="-34.901095">
    <ele>11.8</ele>
    <time>2020-09-17T00:58:04.000Z</time>
   </trkpt>
   <trkpt lat="-8.036596" lon="-34.901064">
    <ele>11.7</ele>
    <time>2020-09-17T00:58:05.000Z</time>
   </trkpt>
   <trkpt lat="-8.036569" lon="-34.901024">
    <ele>11.7</ele>
    <time>2020-09-17T00:58:06.000Z</time>
   </trkpt>
   <trkpt lat="-8.036533" lon="-34.900982">
    <ele>11.6</ele>
    <time>2020-09-17T00:58:07.000Z</time>
   </trkpt>
   <trkpt lat="-8.036489" lon="-34.900947">
    <ele>11.5</ele>
    <time>2020-09-17T00:58:08.000Z</time>
   </trkpt>
   <trkpt lat="-8.036436" lon="-34.900907">
    <ele>11.5</ele>
    <time>2020-09-17T00:58:09.000Z</time>
   </trkpt>
   <trkpt lat="-8.036391" lon="-34.900868">
    <ele>11.4</ele>
    <time>2020-09-17T00:58:10.000Z</time>
   </trkpt>
   <trkpt lat="-8.036348" lon="-34.900835">
    <ele>11.4</ele>
    <time>2020-09-17T00:58:11.000Z</time>
   </trkpt>
   <trkpt lat="-8.036316" lon="-34.900802">
    <ele>11.4</ele>
    <time>2020-09-17T00:58:12.000Z</time>
   </trkpt>
   <trkpt lat="-8.036287" lon="-34.900768">
    <ele>11.3</ele>
    <time>2020-09-17T00:58:13.000Z</time>
   </trkpt>
   <trkpt lat="-8.036261" lon="-34.900739">
    <ele>11.3</ele>
    <time>2020-09-17T00:58:14.000Z</time>
   </trkpt>
   <trkpt lat="-8.036238" lon="-34.900711">
    <ele>11.2</ele>
    <time>2020-09-17T00:58:15.000Z</time>
   </trkpt>
   <trkpt lat="-8.036211" lon="-34.900682">
    <ele>11.2</ele>
    <time>2020-09-17T00:58:16.000Z</time>
   </trkpt>
   <trkpt lat="-8.036191" lon="-34.900658">
    <ele>11.1</ele>
    <time>2020-09-17T00:58:17.000Z</time>
   </trkpt>
   <trkpt lat="-8.03616" lon="-34.900611">
    <ele>11.1</ele>
    <time>2020-09-17T00:58:19.000Z</time>
   </trkpt>
   <trkpt lat="-8.03614" lon="-34.900589">
    <ele>11.1</ele>
    <time>2020-09-17T00:58:20.000Z</time>
   </trkpt>
   <trkpt lat="-8.036117" lon="-34.900563">
    <ele>11</ele>
    <time>2020-09-17T00:58:21.000Z</time>
   </trkpt>
   <trkpt lat="-8.036077" lon="-34.900532">
    <ele>11</ele>
    <time>2020-09-17T00:58:22.000Z</time>
   </trkpt>
   <trkpt lat="-8.036057" lon="-34.90051">
    <ele>11</ele>
    <time>2020-09-17T00:58:23.000Z</time>
   </trkpt>
   <trkpt lat="-8.036057" lon="-34.900462">
    <ele>10.9</ele>
    <time>2020-09-17T00:58:24.000Z</time>
   </trkpt>
   <trkpt lat="-8.03606" lon="-34.900432">
    <ele>10.9</ele>
    <time>2020-09-17T00:58:25.000Z</time>
   </trkpt>
   <trkpt lat="-8.036069" lon="-34.900397">
    <ele>10.9</ele>
    <time>2020-09-17T00:58:26.000Z</time>
   </trkpt>
   <trkpt lat="-8.036081" lon="-34.900359">
    <ele>10.9</ele>
    <time>2020-09-17T00:58:27.000Z</time>
   </trkpt>
   <trkpt lat="-8.036097" lon="-34.900317">
    <ele>10.9</ele>
    <time>2020-09-17T00:58:28.000Z</time>
   </trkpt>
   <trkpt lat="-8.036113" lon="-34.900278">
    <ele>10.9</ele>
    <time>2020-09-17T00:58:29.000Z</time>
   </trkpt>
   <trkpt lat="-8.036127" lon="-34.900228">
    <ele>10.9</ele>
    <time>2020-09-17T00:58:30.000Z</time>
   </trkpt>
   <trkpt lat="-8.036135" lon="-34.900183">
    <ele>10.9</ele>
    <time>2020-09-17T00:58:31.000Z</time>
   </trkpt>
   <trkpt lat="-8.036125" lon="-34.900136">
    <ele>10.9</ele>
    <time>2020-09-17T00:58:32.000Z</time>
   </trkpt>
   <trkpt lat="-8.036121" lon="-34.900081">
    <ele>10.9</ele>
    <time>2020-09-17T00:58:33.000Z</time>
   </trkpt>
   <trkpt lat="-8.036112" lon="-34.900032">
    <ele>10.9</ele>
    <time>2020-09-17T00:58:34.000Z</time>
   </trkpt>
   <trkpt lat="-8.036124" lon="-34.89997">
    <ele>10.9</ele>
    <time>2020-09-17T00:58:35.000Z</time>
   </trkpt>
   <trkpt lat="-8.036144" lon="-34.899907">
    <ele>10.9</ele>
    <time>2020-09-17T00:58:36.000Z</time>
   </trkpt>
   <trkpt lat="-8.036158" lon="-34.899858">
    <ele>10.9</ele>
    <time>2020-09-17T00:58:37.000Z</time>
   </trkpt>
   <trkpt lat="-8.03617" lon="-34.89981">
    <ele>10.9</ele>
    <time>2020-09-17T00:58:38.000Z</time>
   </trkpt>
   <trkpt lat="-8.03618" lon="-34.899765">
    <ele>10.9</ele>
    <time>2020-09-17T00:58:39.000Z</time>
   </trkpt>
   <trkpt lat="-8.036192" lon="-34.899727">
    <ele>11</ele>
    <time>2020-09-17T00:58:40.000Z</time>
   </trkpt>
   <trkpt lat="-8.036205" lon="-34.899689">
    <ele>11</ele>
    <time>2020-09-17T00:58:41.000Z</time>
   </trkpt>
   <trkpt lat="-8.036218" lon="-34.899655">
    <ele>11</ele>
    <time>2020-09-17T00:58:42.000Z</time>
   </trkpt>
   <trkpt lat="-8.036224" lon="-34.899621">
    <ele>11</ele>
    <time>2020-09-17T00:58:43.000Z</time>
   </trkpt>
   <trkpt lat="-8.036234" lon="-34.899589">
    <ele>11</ele>
    <time>2020-09-17T00:58:44.000Z</time>
   </trkpt>
   <trkpt lat="-8.036235" lon="-34.89954">
    <ele>11</ele>
    <time>2020-09-17T00:58:45.000Z</time>
   </trkpt>
   <trkpt lat="-8.036239" lon="-34.899488">
    <ele>11</ele>
    <time>2020-09-17T00:58:46.000Z</time>
   </trkpt>
   <trkpt lat="-8.036245" lon="-34.899439">
    <ele>10.9</ele>
    <time>2020-09-17T00:58:47.000Z</time>
   </trkpt>
   <trkpt lat="-8.036259" lon="-34.899374">
    <ele>10.9</ele>
    <time>2020-09-17T00:58:48.000Z</time>
   </trkpt>
   <trkpt lat="-8.036279" lon="-34.899313">
    <ele>10.9</ele>
    <time>2020-09-17T00:58:49.000Z</time>
   </trkpt>
   <trkpt lat="-8.036293" lon="-34.899268">
    <ele>10.8</ele>
    <time>2020-09-17T00:58:50.000Z</time>
   </trkpt>
   <trkpt lat="-8.036299" lon="-34.899237">
    <ele>10.8</ele>
    <time>2020-09-17T00:58:51.000Z</time>
   </trkpt>
   <trkpt lat="-8.036311" lon="-34.899187">
    <ele>10.8</ele>
    <time>2020-09-17T00:58:53.000Z</time>
   </trkpt>
   <trkpt lat="-8.036323" lon="-34.899158">
    <ele>10.8</ele>
    <time>2020-09-17T00:58:54.000Z</time>
   </trkpt>
   <trkpt lat="-8.036371" lon="-34.899103">
    <ele>10.7</ele>
    <time>2020-09-17T00:58:56.000Z</time>
   </trkpt>
   <trkpt lat="-8.0364" lon="-34.899069">
    <ele>10.7</ele>
    <time>2020-09-17T00:58:57.000Z</time>
   </trkpt>
   <trkpt lat="-8.036428" lon="-34.899035">
    <ele>10.7</ele>
    <time>2020-09-17T00:58:58.000Z</time>
   </trkpt>
   <trkpt lat="-8.036433" lon="-34.899006">
    <ele>10.7</ele>
    <time>2020-09-17T00:58:59.000Z</time>
   </trkpt>
   <trkpt lat="-8.036459" lon="-34.89898">
    <ele>10.7</ele>
    <time>2020-09-17T00:59:00.000Z</time>
   </trkpt>
   <trkpt lat="-8.036483" lon="-34.898952">
    <ele>10.7</ele>
    <time>2020-09-17T00:59:01.000Z</time>
   </trkpt>
   <trkpt lat="-8.036507" lon="-34.898919">
    <ele>10.6</ele>
    <time>2020-09-17T00:59:02.000Z</time>
   </trkpt>
   <trkpt lat="-8.03654" lon="-34.89888">
    <ele>10.6</ele>
    <time>2020-09-17T00:59:03.000Z</time>
   </trkpt>
   <trkpt lat="-8.03657" lon="-34.898843">
    <ele>10.7</ele>
    <time>2020-09-17T00:59:04.000Z</time>
   </trkpt>
   <trkpt lat="-8.036576" lon="-34.898782">
    <ele>10.6</ele>
    <time>2020-09-17T00:59:05.000Z</time>
   </trkpt>
   <trkpt lat="-8.036582" lon="-34.898717">
    <ele>10.6</ele>
    <time>2020-09-17T00:59:06.000Z</time>
   </trkpt>
   <trkpt lat="-8.036586" lon="-34.898673">
    <ele>10.6</ele>
    <time>2020-09-17T00:59:07.000Z</time>
   </trkpt>
   <trkpt lat="-8.036587" lon="-34.898631">
    <ele>10.6</ele>
    <time>2020-09-17T00:59:08.000Z</time>
   </trkpt>
   <trkpt lat="-8.036588" lon="-34.898598">
    <ele>10.6</ele>
    <time>2020-09-17T00:59:09.000Z</time>
   </trkpt>
   <trkpt lat="-8.036591" lon="-34.898564">
    <ele>10.4</ele>
    <time>2020-09-17T00:59:10.000Z</time>
   </trkpt>
   <trkpt lat="-8.036599" lon="-34.898535">
    <ele>10.2</ele>
    <time>2020-09-17T00:59:11.000Z</time>
   </trkpt>
   <trkpt lat="-8.036594" lon="-34.898483">
    <ele>10.1</ele>
    <time>2020-09-17T00:59:13.000Z</time>
   </trkpt>
   <trkpt lat="-8.036583" lon="-34.898449">
    <ele>10.1</ele>
    <time>2020-09-17T00:59:15.000Z</time>
   </trkpt>
   <trkpt lat="-8.036555" lon="-34.898431">
    <ele>9.8</ele>
    <time>2020-09-17T00:59:17.000Z</time>
   </trkpt>
   <trkpt lat="-8.036551" lon="-34.898421">
    <ele>9.7</ele>
    <time>2020-09-17T00:59:25.000Z</time>
   </trkpt>
   <trkpt lat="-8.036615" lon="-34.898374">
    <ele>10</ele>
    <time>2020-09-17T00:59:40.000Z</time>
   </trkpt>
   <trkpt lat="-8.036614" lon="-34.898338">
    <ele>9.9</ele>
    <time>2020-09-17T00:59:41.000Z</time>
   </trkpt>
   <trkpt lat="-8.036587" lon="-34.898311">
    <ele>10</ele>
    <time>2020-09-17T00:59:42.000Z</time>
   </trkpt>
   <trkpt lat="-8.036559" lon="-34.898282">
    <ele>10</ele>
    <time>2020-09-17T00:59:43.000Z</time>
   </trkpt>
   <trkpt lat="-8.036539" lon="-34.898256">
    <ele>10</ele>
    <time>2020-09-17T00:59:44.000Z</time>
   </trkpt>
   <trkpt lat="-8.036504" lon="-34.898226">
    <ele>10.1</ele>
    <time>2020-09-17T00:59:45.000Z</time>
   </trkpt>
   <trkpt lat="-8.036473" lon="-34.898197">
    <ele>10.3</ele>
    <time>2020-09-17T00:59:46.000Z</time>
   </trkpt>
   <trkpt lat="-8.036444" lon="-34.898177">
    <ele>10.3</ele>
    <time>2020-09-17T00:59:47.000Z</time>
   </trkpt>
   <trkpt lat="-8.03641" lon="-34.89816">
    <ele>10.3</ele>
    <time>2020-09-17T00:59:48.000Z</time>
   </trkpt>
   <trkpt lat="-8.036381" lon="-34.89815">
    <ele>10.4</ele>
    <time>2020-09-17T00:59:49.000Z</time>
   </trkpt>
   <trkpt lat="-8.036354" lon="-34.898135">
    <ele>10.2</ele>
    <time>2020-09-17T00:59:50.000Z</time>
   </trkpt>
   <trkpt lat="-8.036326" lon="-34.898122">
    <ele>9.9</ele>
    <time>2020-09-17T00:59:51.000Z</time>
   </trkpt>
   <trkpt lat="-8.036281" lon="-34.898089">
    <ele>9.6</ele>
    <time>2020-09-17T00:59:53.000Z</time>
   </trkpt>
   <trkpt lat="-8.036258" lon="-34.898068">
    <ele>9.6</ele>
    <time>2020-09-17T00:59:54.000Z</time>
   </trkpt>
   <trkpt lat="-8.036236" lon="-34.898047">
    <ele>9.3</ele>
    <time>2020-09-17T00:59:55.000Z</time>
   </trkpt>
   <trkpt lat="-8.036208" lon="-34.898027">
    <ele>9.3</ele>
    <time>2020-09-17T00:59:56.000Z</time>
   </trkpt>
   <trkpt lat="-8.03618" lon="-34.898009">
    <ele>9.2</ele>
    <time>2020-09-17T00:59:57.000Z</time>
   </trkpt>
   <trkpt lat="-8.036151" lon="-34.897992">
    <ele>9.1</ele>
    <time>2020-09-17T00:59:58.000Z</time>
   </trkpt>
   <trkpt lat="-8.036116" lon="-34.897959">
    <ele>9.2</ele>
    <time>2020-09-17T01:00:00.000Z</time>
   </trkpt>
   <trkpt lat="-8.036119" lon="-34.897922">
    <ele>9.4</ele>
    <time>2020-09-17T01:00:01.000Z</time>
   </trkpt>
   <trkpt lat="-8.036116" lon="-34.897896">
    <ele>9.7</ele>
    <time>2020-09-17T01:00:03.000Z</time>
   </trkpt>
   <trkpt lat="-8.036092" lon="-34.897884">
    <ele>9.6</ele>
    <time>2020-09-17T01:00:05.000Z</time>
   </trkpt>
   <trkpt lat="-8.036051" lon="-34.897883">
    <ele>9.6</ele>
    <time>2020-09-17T01:00:07.000Z</time>
   </trkpt>
   <trkpt lat="-8.036025" lon="-34.897848">
    <ele>9.8</ele>
    <time>2020-09-17T01:00:09.000Z</time>
   </trkpt>
   <trkpt lat="-8.035994" lon="-34.897818">
    <ele>9.8</ele>
    <time>2020-09-17T01:00:11.000Z</time>
   </trkpt>
   <trkpt lat="-8.035959" lon="-34.897785">
    <ele>9.9</ele>
    <time>2020-09-17T01:00:13.000Z</time>
   </trkpt>
   <trkpt lat="-8.035936" lon="-34.897761">
    <ele>9.9</ele>
    <time>2020-09-17T01:00:14.000Z</time>
   </trkpt>
   <trkpt lat="-8.035907" lon="-34.897732">
    <ele>9.8</ele>
    <time>2020-09-17T01:00:15.000Z</time>
   </trkpt>
   <trkpt lat="-8.035878" lon="-34.897704">
    <ele>9.8</ele>
    <time>2020-09-17T01:00:16.000Z</time>
   </trkpt>
   <trkpt lat="-8.035847" lon="-34.897679">
    <ele>9.9</ele>
    <time>2020-09-17T01:00:17.000Z</time>
   </trkpt>
   <trkpt lat="-8.035815" lon="-34.897649">
    <ele>10.1</ele>
    <time>2020-09-17T01:00:18.000Z</time>
   </trkpt>
   <trkpt lat="-8.035784" lon="-34.897608">
    <ele>10.2</ele>
    <time>2020-09-17T01:00:19.000Z</time>
   </trkpt>
   <trkpt lat="-8.035771" lon="-34.897567">
    <ele>10.5</ele>
    <time>2020-09-17T01:00:20.000Z</time>
   </trkpt>
   <trkpt lat="-8.035763" lon="-34.897536">
    <ele>10.5</ele>
    <time>2020-09-17T01:00:21.000Z</time>
   </trkpt>
   <trkpt lat="-8.035763" lon="-34.897495">
    <ele>10.6</ele>
    <time>2020-09-17T01:00:22.000Z</time>
   </trkpt>
   <trkpt lat="-8.03576" lon="-34.897449">
    <ele>10.7</ele>
    <time>2020-09-17T01:00:23.000Z</time>
   </trkpt>
   <trkpt lat="-8.035754" lon="-34.897399">
    <ele>11</ele>
    <time>2020-09-17T01:00:24.000Z</time>
   </trkpt>
   <trkpt lat="-8.035753" lon="-34.897331">
    <ele>11.7</ele>
    <time>2020-09-17T01:00:25.000Z</time>
   </trkpt>
   <trkpt lat="-8.035748" lon="-34.897272">
    <ele>11.9</ele>
    <time>2020-09-17T01:00:26.000Z</time>
   </trkpt>
   <trkpt lat="-8.035745" lon="-34.89723">
    <ele>12</ele>
    <time>2020-09-17T01:00:27.000Z</time>
   </trkpt>
   <trkpt lat="-8.035742" lon="-34.89719">
    <ele>12.2</ele>
    <time>2020-09-17T01:00:28.000Z</time>
   </trkpt>
   <trkpt lat="-8.03574" lon="-34.897152">
    <ele>12.3</ele>
    <time>2020-09-17T01:00:29.000Z</time>
   </trkpt>
   <trkpt lat="-8.035725" lon="-34.897114">
    <ele>12.4</ele>
    <time>2020-09-17T01:00:30.000Z</time>
   </trkpt>
   <trkpt lat="-8.035713" lon="-34.897073">
    <ele>12.3</ele>
    <time>2020-09-17T01:00:31.000Z</time>
   </trkpt>
   <trkpt lat="-8.035686" lon="-34.89703">
    <ele>12.2</ele>
    <time>2020-09-17T01:00:32.000Z</time>
   </trkpt>
   <trkpt lat="-8.035641" lon="-34.896988">
    <ele>12.2</ele>
    <time>2020-09-17T01:00:33.000Z</time>
   </trkpt>
   <trkpt lat="-8.035495" lon="-34.89681">
    <ele>12.1</ele>
    <time>2020-09-17T01:00:37.000Z</time>
   </trkpt>
   <trkpt lat="-8.035464" lon="-34.896762">
    <ele>11.8</ele>
    <time>2020-09-17T01:00:38.000Z</time>
   </trkpt>
   <trkpt lat="-8.035452" lon="-34.896699">
    <ele>11.9</ele>
    <time>2020-09-17T01:00:40.000Z</time>
   </trkpt>
   <trkpt lat="-8.035459" lon="-34.896653">
    <ele>12.1</ele>
    <time>2020-09-17T01:00:41.000Z</time>
   </trkpt>
   <trkpt lat="-8.035507" lon="-34.896476">
    <ele>12.1</ele>
    <time>2020-09-17T01:00:45.000Z</time>
   </trkpt>
   <trkpt lat="-8.035524" lon="-34.896429">
    <ele>12.1</ele>
    <time>2020-09-17T01:00:46.000Z</time>
   </trkpt>
   <trkpt lat="-8.03554" lon="-34.896395">
    <ele>12</ele>
    <time>2020-09-17T01:00:47.000Z</time>
   </trkpt>
   <trkpt lat="-8.035562" lon="-34.896351">
    <ele>11.8</ele>
    <time>2020-09-17T01:00:48.000Z</time>
   </trkpt>
   <trkpt lat="-8.035601" lon="-34.896305">
    <ele>11.7</ele>
    <time>2020-09-17T01:00:49.000Z</time>
   </trkpt>
   <trkpt lat="-8.035636" lon="-34.896254">
    <ele>11.4</ele>
    <time>2020-09-17T01:00:50.000Z</time>
   </trkpt>
   <trkpt lat="-8.03568" lon="-34.896179">
    <ele>11</ele>
    <time>2020-09-17T01:00:51.000Z</time>
   </trkpt>
   <trkpt lat="-8.035705" lon="-34.896119">
    <ele>10.9</ele>
    <time>2020-09-17T01:00:52.000Z</time>
   </trkpt>
   <trkpt lat="-8.035733" lon="-34.896051">
    <ele>11</ele>
    <time>2020-09-17T01:00:53.000Z</time>
   </trkpt>
   <trkpt lat="-8.035755" lon="-34.895992">
    <ele>11.1</ele>
    <time>2020-09-17T01:00:54.000Z</time>
   </trkpt>
   <trkpt lat="-8.035779" lon="-34.895932">
    <ele>11.3</ele>
    <time>2020-09-17T01:00:55.000Z</time>
   </trkpt>
   <trkpt lat="-8.035793" lon="-34.895871">
    <ele>11.5</ele>
    <time>2020-09-17T01:00:56.000Z</time>
   </trkpt>
   <trkpt lat="-8.035855" lon="-34.895795">
    <ele>11.7</ele>
    <time>2020-09-17T01:00:57.000Z</time>
   </trkpt>
   <trkpt lat="-8.035899" lon="-34.895714">
    <ele>11.8</ele>
    <time>2020-09-17T01:00:58.000Z</time>
   </trkpt>
   <trkpt lat="-8.035945" lon="-34.895623">
    <ele>11.8</ele>
    <time>2020-09-17T01:00:59.000Z</time>
   </trkpt>
   <trkpt lat="-8.035988" lon="-34.89554">
    <ele>11.6</ele>
    <time>2020-09-17T01:01:00.000Z</time>
   </trkpt>
   <trkpt lat="-8.036033" lon="-34.895457">
    <ele>11.1</ele>
    <time>2020-09-17T01:01:01.000Z</time>
   </trkpt>
   <trkpt lat="-8.036065" lon="-34.895388">
    <ele>10.6</ele>
    <time>2020-09-17T01:01:02.000Z</time>
   </trkpt>
   <trkpt lat="-8.0361" lon="-34.895317">
    <ele>10.6</ele>
    <time>2020-09-17T01:01:03.000Z</time>
   </trkpt>
   <trkpt lat="-8.036127" lon="-34.895256">
    <ele>10.6</ele>
    <time>2020-09-17T01:01:04.000Z</time>
   </trkpt>
   <trkpt lat="-8.036154" lon="-34.895201">
    <ele>10.5</ele>
    <time>2020-09-17T01:01:05.000Z</time>
   </trkpt>
   <trkpt lat="-8.036187" lon="-34.895154">
    <ele>10.5</ele>
    <time>2020-09-17T01:01:06.000Z</time>
   </trkpt>
   <trkpt lat="-8.036219" lon="-34.89509">
    <ele>10.5</ele>
    <time>2020-09-17T01:01:07.000Z</time>
   </trkpt>
   <trkpt lat="-8.036272" lon="-34.895024">
    <ele>10.4</ele>
    <time>2020-09-17T01:01:08.000Z</time>
   </trkpt>
   <trkpt lat="-8.03631" lon="-34.894977">
    <ele>10.4</ele>
    <time>2020-09-17T01:01:09.000Z</time>
   </trkpt>
   <trkpt lat="-8.036336" lon="-34.89493">
    <ele>10.4</ele>
    <time>2020-09-17T01:01:10.000Z</time>
   </trkpt>
   <trkpt lat="-8.036345" lon="-34.894882">
    <ele>10.3</ele>
    <time>2020-09-17T01:01:11.000Z</time>
   </trkpt>
   <trkpt lat="-8.036356" lon="-34.894839">
    <ele>10</ele>
    <time>2020-09-17T01:01:12.000Z</time>
   </trkpt>
   <trkpt lat="-8.036369" lon="-34.894803">
    <ele>9.7</ele>
    <time>2020-09-17T01:01:13.000Z</time>
   </trkpt>
   <trkpt lat="-8.036382" lon="-34.894768">
    <ele>9.6</ele>
    <time>2020-09-17T01:01:14.000Z</time>
   </trkpt>
   <trkpt lat="-8.036421" lon="-34.894716">
    <ele>9.6</ele>
    <time>2020-09-17T01:01:16.000Z</time>
   </trkpt>
   <trkpt lat="-8.036452" lon="-34.894689">
    <ele>9.6</ele>
    <time>2020-09-17T01:01:17.000Z</time>
   </trkpt>
   <trkpt lat="-8.036485" lon="-34.894664">
    <ele>9.6</ele>
    <time>2020-09-17T01:01:18.000Z</time>
   </trkpt>
   <trkpt lat="-8.036511" lon="-34.894625">
    <ele>9.6</ele>
    <time>2020-09-17T01:01:19.000Z</time>
   </trkpt>
   <trkpt lat="-8.036537" lon="-34.894598">
    <ele>9.6</ele>
    <time>2020-09-17T01:01:20.000Z</time>
   </trkpt>
   <trkpt lat="-8.036582" lon="-34.894574">
    <ele>9.6</ele>
    <time>2020-09-17T01:01:21.000Z</time>
   </trkpt>
   <trkpt lat="-8.036629" lon="-34.894537">
    <ele>9.7</ele>
    <time>2020-09-17T01:01:22.000Z</time>
   </trkpt>
   <trkpt lat="-8.036686" lon="-34.894503">
    <ele>9.8</ele>
    <time>2020-09-17T01:01:23.000Z</time>
   </trkpt>
   <trkpt lat="-8.036748" lon="-34.894464">
    <ele>9.9</ele>
    <time>2020-09-17T01:01:24.000Z</time>
   </trkpt>
   <trkpt lat="-8.0368" lon="-34.894428">
    <ele>10</ele>
    <time>2020-09-17T01:01:25.000Z</time>
   </trkpt>
   <trkpt lat="-8.036836" lon="-34.894392">
    <ele>10.1</ele>
    <time>2020-09-17T01:01:26.000Z</time>
   </trkpt>
   <trkpt lat="-8.036853" lon="-34.894366">
    <ele>10.1</ele>
    <time>2020-09-17T01:01:27.000Z</time>
   </trkpt>
   <trkpt lat="-8.036853" lon="-34.894337">
    <ele>10.2</ele>
    <time>2020-09-17T01:01:28.000Z</time>
   </trkpt>
   <trkpt lat="-8.036843" lon="-34.894302">
    <ele>10.2</ele>
    <time>2020-09-17T01:01:29.000Z</time>
   </trkpt>
   <trkpt lat="-8.036833" lon="-34.89427">
    <ele>10.2</ele>
    <time>2020-09-17T01:01:30.000Z</time>
   </trkpt>
   <trkpt lat="-8.036816" lon="-34.89424">
    <ele>10.2</ele>
    <time>2020-09-17T01:01:31.000Z</time>
   </trkpt>
   <trkpt lat="-8.036808" lon="-34.894205">
    <ele>10.2</ele>
    <time>2020-09-17T01:01:32.000Z</time>
   </trkpt>
   <trkpt lat="-8.036814" lon="-34.894168">
    <ele>10.2</ele>
    <time>2020-09-17T01:01:33.000Z</time>
   </trkpt>
   <trkpt lat="-8.036824" lon="-34.89413">
    <ele>10.2</ele>
    <time>2020-09-17T01:01:34.000Z</time>
   </trkpt>
   <trkpt lat="-8.036837" lon="-34.894089">
    <ele>10.2</ele>
    <time>2020-09-17T01:01:35.000Z</time>
   </trkpt>
   <trkpt lat="-8.036857" lon="-34.894051">
    <ele>10.2</ele>
    <time>2020-09-17T01:01:36.000Z</time>
   </trkpt>
   <trkpt lat="-8.036879" lon="-34.894009">
    <ele>10.1</ele>
    <time>2020-09-17T01:01:37.000Z</time>
   </trkpt>
   <trkpt lat="-8.036902" lon="-34.893967">
    <ele>10.1</ele>
    <time>2020-09-17T01:01:38.000Z</time>
   </trkpt>
   <trkpt lat="-8.036924" lon="-34.893924">
    <ele>10</ele>
    <time>2020-09-17T01:01:39.000Z</time>
   </trkpt>
   <trkpt lat="-8.036941" lon="-34.893883">
    <ele>10</ele>
    <time>2020-09-17T01:01:40.000Z</time>
   </trkpt>
   <trkpt lat="-8.03695" lon="-34.893843">
    <ele>9.9</ele>
    <time>2020-09-17T01:01:41.000Z</time>
   </trkpt>
   <trkpt lat="-8.036956" lon="-34.893815">
    <ele>9.9</ele>
    <time>2020-09-17T01:01:42.000Z</time>
   </trkpt>
   <trkpt lat="-8.036961" lon="-34.893785">
    <ele>9.9</ele>
    <time>2020-09-17T01:01:43.000Z</time>
   </trkpt>
   <trkpt lat="-8.036968" lon="-34.893754">
    <ele>9.8</ele>
    <time>2020-09-17T01:01:44.000Z</time>
   </trkpt>
   <trkpt lat="-8.036974" lon="-34.893713">
    <ele>9.8</ele>
    <time>2020-09-17T01:01:45.000Z</time>
   </trkpt>
   <trkpt lat="-8.036982" lon="-34.893669">
    <ele>9.8</ele>
    <time>2020-09-17T01:01:46.000Z</time>
   </trkpt>
   <trkpt lat="-8.036996" lon="-34.893604">
    <ele>9.7</ele>
    <time>2020-09-17T01:01:48.000Z</time>
   </trkpt>
   <trkpt lat="-8.037006" lon="-34.893573">
    <ele>9.7</ele>
    <time>2020-09-17T01:01:49.000Z</time>
   </trkpt>
   <trkpt lat="-8.037023" lon="-34.893533">
    <ele>9.6</ele>
    <time>2020-09-17T01:01:51.000Z</time>
   </trkpt>
   <trkpt lat="-8.037025" lon="-34.893489">
    <ele>9.6</ele>
    <time>2020-09-17T01:01:53.000Z</time>
   </trkpt>
   <trkpt lat="-8.037031" lon="-34.89343">
    <ele>9.5</ele>
    <time>2020-09-17T01:01:55.000Z</time>
   </trkpt>
   <trkpt lat="-8.037036" lon="-34.893396">
    <ele>9.5</ele>
    <time>2020-09-17T01:01:56.000Z</time>
   </trkpt>
   <trkpt lat="-8.037049" lon="-34.893347">
    <ele>9.5</ele>
    <time>2020-09-17T01:01:57.000Z</time>
   </trkpt>
   <trkpt lat="-8.037046" lon="-34.8933">
    <ele>9.4</ele>
    <time>2020-09-17T01:01:58.000Z</time>
   </trkpt>
   <trkpt lat="-8.037025" lon="-34.89326">
    <ele>9.4</ele>
    <time>2020-09-17T01:01:59.000Z</time>
   </trkpt>
   <trkpt lat="-8.037017" lon="-34.893214">
    <ele>9.4</ele>
    <time>2020-09-17T01:02:00.000Z</time>
   </trkpt>
   <trkpt lat="-8.037005" lon="-34.893183">
    <ele>9.4</ele>
    <time>2020-09-17T01:02:01.000Z</time>
   </trkpt>
   <trkpt lat="-8.036989" lon="-34.893158">
    <ele>9.4</ele>
    <time>2020-09-17T01:02:02.000Z</time>
   </trkpt>
   <trkpt lat="-8.037002" lon="-34.893128">
    <ele>9.3</ele>
    <time>2020-09-17T01:02:03.000Z</time>
   </trkpt>
   <trkpt lat="-8.037024" lon="-34.893102">
    <ele>9.3</ele>
    <time>2020-09-17T01:02:04.000Z</time>
   </trkpt>
   <trkpt lat="-8.037025" lon="-34.893057">
    <ele>9.3</ele>
    <time>2020-09-17T01:02:06.000Z</time>
   </trkpt>
   <trkpt lat="-8.037005" lon="-34.893014">
    <ele>9.3</ele>
    <time>2020-09-17T01:02:08.000Z</time>
   </trkpt>
   <trkpt lat="-8.036988" lon="-34.89298">
    <ele>9.3</ele>
    <time>2020-09-17T01:02:09.000Z</time>
   </trkpt>
   <trkpt lat="-8.036964" lon="-34.89295">
    <ele>9.3</ele>
    <time>2020-09-17T01:02:10.000Z</time>
   </trkpt>
   <trkpt lat="-8.036951" lon="-34.89291">
    <ele>9.3</ele>
    <time>2020-09-17T01:02:12.000Z</time>
   </trkpt>
   <trkpt lat="-8.036938" lon="-34.892933">
    <ele>9.3</ele>
    <time>2020-09-17T01:02:15.000Z</time>
   </trkpt>
   <trkpt lat="-8.036927" lon="-34.89296">
    <ele>9.3</ele>
    <time>2020-09-17T01:02:17.000Z</time>
   </trkpt>
   <trkpt lat="-8.036899" lon="-34.89299">
    <ele>9.3</ele>
    <time>2020-09-17T01:02:19.000Z</time>
   </trkpt>
   <trkpt lat="-8.036872" lon="-34.893013">
    <ele>9.3</ele>
    <time>2020-09-17T01:02:20.000Z</time>
   </trkpt>
  </trkseg>
 </trk>
</gpx>
