<?xml version="1.0" encoding="UTF-8"?>
<gpx creator="StravaGPX" version="1.1" xmlns="http://www.topografix.com/GPX/1/1">
 <metadata>
  <time>2021-09-02T22:44:44Z</time>
 </metadata>
 <trk>
  <name>Terapia</name>
  <type>1</type>
  <trkseg>
   <trkpt lat="-8.037324" lon="-34.892895">
    <ele>9.8</ele>
    <time>2021-09-02T22:44:44.000Z</time>
   </trkpt>
   <trkpt lat="-8.037386" lon="-34.892841">
    <ele>9.8</ele>
    <time>2021-09-02T22:44:47.000Z</time>
   </trkpt>
   <trkpt lat="-8.037399" lon="-34.892816">
    <ele>9.8</ele>
    <time>2021-09-02T22:44:48.000Z</time>
   </trkpt>
   <trkpt lat="-8.037414" lon="-34.892785">
    <ele>9.8</ele>
    <time>2021-09-02T22:44:49.000Z</time>
   </trkpt>
   <trkpt lat="-8.037421" lon="-34.892754">
    <ele>9.8</ele>
    <time>2021-09-02T22:44:50.000Z</time>
   </trkpt>
   <trkpt lat="-8.037429" lon="-34.89272">
    <ele>9.8</ele>
    <time>2021-09-02T22:44:51.000Z</time>
   </trkpt>
   <trkpt lat="-8.037437" lon="-34.892684">
    <ele>9.8</ele>
    <time>2021-09-02T22:44:52.000Z</time>
   </trkpt>
   <trkpt lat="-8.037435" lon="-34.892654">
    <ele>9.8</ele>
    <time>2021-09-02T22:44:53.000Z</time>
   </trkpt>
   <trkpt lat="-8.037431" lon="-34.892615">
    <ele>9.8</ele>
    <time>2021-09-02T22:44:55.000Z</time>
   </trkpt>
   <trkpt lat="-8.037436" lon="-34.892568">
    <ele>9.8</ele>
    <time>2021-09-02T22:44:56.000Z</time>
   </trkpt>
   <trkpt lat="-8.03744" lon="-34.892477">
    <ele>9.8</ele>
    <time>2021-09-02T22:44:57.000Z</time>
   </trkpt>
   <trkpt lat="-8.037442" lon="-34.892431">
    <ele>9.8</ele>
    <time>2021-09-02T22:44:58.000Z</time>
   </trkpt>
   <trkpt lat="-8.037445" lon="-34.892388">
    <ele>9.8</ele>
    <time>2021-09-02T22:44:59.000Z</time>
   </trkpt>
   <trkpt lat="-8.037445" lon="-34.892337">
    <ele>9.9</ele>
    <time>2021-09-02T22:45:00.000Z</time>
   </trkpt>
   <trkpt lat="-8.037442" lon="-34.89228">
    <ele>9.9</ele>
    <time>2021-09-02T22:45:02.000Z</time>
   </trkpt>
   <trkpt lat="-8.037461" lon="-34.892192">
    <ele>9.9</ele>
    <time>2021-09-02T22:45:03.000Z</time>
   </trkpt>
   <trkpt lat="-8.037475" lon="-34.892146">
    <ele>10</ele>
    <time>2021-09-02T22:45:05.000Z</time>
   </trkpt>
   <trkpt lat="-8.037519" lon="-34.892034">
    <ele>10.3</ele>
    <time>2021-09-02T22:45:06.000Z</time>
   </trkpt>
   <trkpt lat="-8.037542" lon="-34.891976">
    <ele>10.5</ele>
    <time>2021-09-02T22:45:07.000Z</time>
   </trkpt>
   <trkpt lat="-8.037565" lon="-34.891925">
    <ele>10.6</ele>
    <time>2021-09-02T22:45:09.000Z</time>
   </trkpt>
   <trkpt lat="-8.037602" lon="-34.891844">
    <ele>10.8</ele>
    <time>2021-09-02T22:45:10.000Z</time>
   </trkpt>
   <trkpt lat="-8.03762" lon="-34.891804">
    <ele>10.8</ele>
    <time>2021-09-02T22:45:12.000Z</time>
   </trkpt>
   <trkpt lat="-8.037646" lon="-34.891763">
    <ele>10.9</ele>
    <time>2021-09-02T22:45:13.000Z</time>
   </trkpt>
   <trkpt lat="-8.037724" lon="-34.891716">
    <ele>11.1</ele>
    <time>2021-09-02T22:45:14.000Z</time>
   </trkpt>
   <trkpt lat="-8.037752" lon="-34.89169">
    <ele>11.1</ele>
    <time>2021-09-02T22:45:16.000Z</time>
   </trkpt>
   <trkpt lat="-8.037799" lon="-34.891657">
    <ele>11.2</ele>
    <time>2021-09-02T22:45:17.000Z</time>
   </trkpt>
   <trkpt lat="-8.037853" lon="-34.891648">
    <ele>11.4</ele>
    <time>2021-09-02T22:45:19.000Z</time>
   </trkpt>
   <trkpt lat="-8.03791" lon="-34.891669">
    <ele>11.5</ele>
    <time>2021-09-02T22:45:21.000Z</time>
   </trkpt>
   <trkpt lat="-8.037936" lon="-34.891685">
    <ele>11.5</ele>
    <time>2021-09-02T22:45:23.000Z</time>
   </trkpt>
   <trkpt lat="-8.037972" lon="-34.891703">
    <ele>11.5</ele>
    <time>2021-09-02T22:45:24.000Z</time>
   </trkpt>
   <trkpt lat="-8.038013" lon="-34.891725">
    <ele>11.6</ele>
    <time>2021-09-02T22:45:25.000Z</time>
   </trkpt>
   <trkpt lat="-8.038055" lon="-34.891754">
    <ele>11.7</ele>
    <time>2021-09-02T22:45:26.000Z</time>
   </trkpt>
   <trkpt lat="-8.038138" lon="-34.891798">
    <ele>11.8</ele>
    <time>2021-09-02T22:45:27.000Z</time>
   </trkpt>
   <trkpt lat="-8.038183" lon="-34.891822">
    <ele>11.9</ele>
    <time>2021-09-02T22:45:28.000Z</time>
   </trkpt>
   <trkpt lat="-8.038223" lon="-34.891842">
    <ele>11.9</ele>
    <time>2021-09-02T22:45:29.000Z</time>
   </trkpt>
   <trkpt lat="-8.038258" lon="-34.89186">
    <ele>12</ele>
    <time>2021-09-02T22:45:31.000Z</time>
   </trkpt>
   <trkpt lat="-8.038288" lon="-34.891889">
    <ele>12.1</ele>
    <time>2021-09-02T22:45:32.000Z</time>
   </trkpt>
   <trkpt lat="-8.03835" lon="-34.891939">
    <ele>12.2</ele>
    <time>2021-09-02T22:45:34.000Z</time>
   </trkpt>
   <trkpt lat="-8.038388" lon="-34.891973">
    <ele>12.2</ele>
    <time>2021-09-02T22:45:35.000Z</time>
   </trkpt>
   <trkpt lat="-8.03842" lon="-34.891998">
    <ele>12.3</ele>
    <time>2021-09-02T22:45:37.000Z</time>
   </trkpt>
   <trkpt lat="-8.038452" lon="-34.89202">
    <ele>12.3</ele>
    <time>2021-09-02T22:45:39.000Z</time>
   </trkpt>
   <trkpt lat="-8.038509" lon="-34.892025">
    <ele>12.4</ele>
    <time>2021-09-02T22:45:43.000Z</time>
   </trkpt>
   <trkpt lat="-8.038544" lon="-34.892042">
    <ele>12.4</ele>
    <time>2021-09-02T22:45:45.000Z</time>
   </trkpt>
   <trkpt lat="-8.03858" lon="-34.892058">
    <ele>12.4</ele>
    <time>2021-09-02T22:46:32.000Z</time>
   </trkpt>
   <trkpt lat="-8.038615" lon="-34.892075">
    <ele>12.4</ele>
    <time>2021-09-02T22:46:33.000Z</time>
   </trkpt>
   <trkpt lat="-8.038646" lon="-34.892088">
    <ele>12.4</ele>
    <time>2021-09-02T22:46:35.000Z</time>
   </trkpt>
   <trkpt lat="-8.038708" lon="-34.892125">
    <ele>12.5</ele>
    <time>2021-09-02T22:46:37.000Z</time>
   </trkpt>
   <trkpt lat="-8.038778" lon="-34.892155">
    <ele>12.5</ele>
    <time>2021-09-02T22:46:39.000Z</time>
   </trkpt>
   <trkpt lat="-8.03886" lon="-34.89218">
    <ele>12.5</ele>
    <time>2021-09-02T22:46:41.000Z</time>
   </trkpt>
   <trkpt lat="-8.038957" lon="-34.892221">
    <ele>12.5</ele>
    <time>2021-09-02T22:46:43.000Z</time>
   </trkpt>
   <trkpt lat="-8.039006" lon="-34.892245">
    <ele>12.5</ele>
    <time>2021-09-02T22:46:44.000Z</time>
   </trkpt>
   <trkpt lat="-8.039107" lon="-34.89228">
    <ele>12.6</ele>
    <time>2021-09-02T22:46:45.000Z</time>
   </trkpt>
   <trkpt lat="-8.039152" lon="-34.892301">
    <ele>12.6</ele>
    <time>2021-09-02T22:46:46.000Z</time>
   </trkpt>
   <trkpt lat="-8.039199" lon="-34.892312">
    <ele>12.6</ele>
    <time>2021-09-02T22:46:47.000Z</time>
   </trkpt>
   <trkpt lat="-8.039245" lon="-34.89232">
    <ele>12.6</ele>
    <time>2021-09-02T22:46:48.000Z</time>
   </trkpt>
   <trkpt lat="-8.039303" lon="-34.892327">
    <ele>12.6</ele>
    <time>2021-09-02T22:46:49.000Z</time>
   </trkpt>
   <trkpt lat="-8.039359" lon="-34.892329">
    <ele>12.6</ele>
    <time>2021-09-02T22:46:50.000Z</time>
   </trkpt>
   <trkpt lat="-8.039418" lon="-34.892317">
    <ele>12.6</ele>
    <time>2021-09-02T22:46:51.000Z</time>
   </trkpt>
   <trkpt lat="-8.039472" lon="-34.892311">
    <ele>12.7</ele>
    <time>2021-09-02T22:46:52.000Z</time>
   </trkpt>
   <trkpt lat="-8.039531" lon="-34.892307">
    <ele>12.7</ele>
    <time>2021-09-02T22:46:53.000Z</time>
   </trkpt>
   <trkpt lat="-8.039578" lon="-34.892316">
    <ele>12.7</ele>
    <time>2021-09-02T22:46:54.000Z</time>
   </trkpt>
   <trkpt lat="-8.039622" lon="-34.892344">
    <ele>12.7</ele>
    <time>2021-09-02T22:46:56.000Z</time>
   </trkpt>
   <trkpt lat="-8.039664" lon="-34.892384">
    <ele>12.7</ele>
    <time>2021-09-02T22:46:57.000Z</time>
   </trkpt>
   <trkpt lat="-8.039718" lon="-34.892411">
    <ele>12.7</ele>
    <time>2021-09-02T22:46:58.000Z</time>
   </trkpt>
   <trkpt lat="-8.039841" lon="-34.892473">
    <ele>12.8</ele>
    <time>2021-09-02T22:46:59.000Z</time>
   </trkpt>
   <trkpt lat="-8.039903" lon="-34.8925">
    <ele>12.8</ele>
    <time>2021-09-02T22:47:01.000Z</time>
   </trkpt>
   <trkpt lat="-8.04002" lon="-34.892577">
    <ele>12.7</ele>
    <time>2021-09-02T22:47:03.000Z</time>
   </trkpt>
   <trkpt lat="-8.040124" lon="-34.892664">
    <ele>12.7</ele>
    <time>2021-09-02T22:47:04.000Z</time>
   </trkpt>
   <trkpt lat="-8.040161" lon="-34.892704">
    <ele>12.7</ele>
    <time>2021-09-02T22:47:06.000Z</time>
   </trkpt>
   <trkpt lat="-8.040234" lon="-34.89279">
    <ele>12.7</ele>
    <time>2021-09-02T22:47:07.000Z</time>
   </trkpt>
   <trkpt lat="-8.040276" lon="-34.892819">
    <ele>12.7</ele>
    <time>2021-09-02T22:47:08.000Z</time>
   </trkpt>
   <trkpt lat="-8.040314" lon="-34.892857">
    <ele>12.7</ele>
    <time>2021-09-02T22:47:09.000Z</time>
   </trkpt>
   <trkpt lat="-8.040354" lon="-34.892889">
    <ele>12.7</ele>
    <time>2021-09-02T22:47:10.000Z</time>
   </trkpt>
   <trkpt lat="-8.040398" lon="-34.892921">
    <ele>12.7</ele>
    <time>2021-09-02T22:47:11.000Z</time>
   </trkpt>
   <trkpt lat="-8.040447" lon="-34.892955">
    <ele>12.7</ele>
    <time>2021-09-02T22:47:13.000Z</time>
   </trkpt>
   <trkpt lat="-8.040541" lon="-34.89304">
    <ele>12.7</ele>
    <time>2021-09-02T22:47:15.000Z</time>
   </trkpt>
   <trkpt lat="-8.040583" lon="-34.893082">
    <ele>12.6</ele>
    <time>2021-09-02T22:47:16.000Z</time>
   </trkpt>
   <trkpt lat="-8.04063" lon="-34.893129">
    <ele>12.6</ele>
    <time>2021-09-02T22:47:17.000Z</time>
   </trkpt>
   <trkpt lat="-8.040723" lon="-34.89322">
    <ele>12.6</ele>
    <time>2021-09-02T22:47:18.000Z</time>
   </trkpt>
   <trkpt lat="-8.040767" lon="-34.89326">
    <ele>12.6</ele>
    <time>2021-09-02T22:47:19.000Z</time>
   </trkpt>
   <trkpt lat="-8.040799" lon="-34.893298">
    <ele>12.6</ele>
    <time>2021-09-02T22:47:20.000Z</time>
   </trkpt>
   <trkpt lat="-8.040831" lon="-34.89335">
    <ele>12.6</ele>
    <time>2021-09-02T22:47:21.000Z</time>
   </trkpt>
   <trkpt lat="-8.040867" lon="-34.893407">
    <ele>12.6</ele>
    <time>2021-09-02T22:47:22.000Z</time>
   </trkpt>
   <trkpt lat="-8.040908" lon="-34.893464">
    <ele>12.6</ele>
    <time>2021-09-02T22:47:23.000Z</time>
   </trkpt>
   <trkpt lat="-8.04095" lon="-34.893521">
    <ele>12.6</ele>
    <time>2021-09-02T22:47:25.000Z</time>
   </trkpt>
   <trkpt lat="-8.041031" lon="-34.893615">
    <ele>12.6</ele>
    <time>2021-09-02T22:47:27.000Z</time>
   </trkpt>
   <trkpt lat="-8.041117" lon="-34.89368">
    <ele>12.7</ele>
    <time>2021-09-02T22:47:28.000Z</time>
   </trkpt>
   <trkpt lat="-8.041165" lon="-34.893711">
    <ele>12.8</ele>
    <time>2021-09-02T22:47:29.000Z</time>
   </trkpt>
   <trkpt lat="-8.04122" lon="-34.893735">
    <ele>12.8</ele>
    <time>2021-09-02T22:47:31.000Z</time>
   </trkpt>
   <trkpt lat="-8.041318" lon="-34.893795">
    <ele>12.9</ele>
    <time>2021-09-02T22:47:33.000Z</time>
   </trkpt>
   <trkpt lat="-8.04139" lon="-34.893834">
    <ele>12.9</ele>
    <time>2021-09-02T22:47:35.000Z</time>
   </trkpt>
   <trkpt lat="-8.04143" lon="-34.893833">
    <ele>12.9</ele>
    <time>2021-09-02T22:47:36.000Z</time>
   </trkpt>
   <trkpt lat="-8.041484" lon="-34.893819">
    <ele>12.9</ele>
    <time>2021-09-02T22:47:37.000Z</time>
   </trkpt>
   <trkpt lat="-8.041546" lon="-34.893754">
    <ele>12.9</ele>
    <time>2021-09-02T22:47:38.000Z</time>
   </trkpt>
   <trkpt lat="-8.041576" lon="-34.893718">
    <ele>12.9</ele>
    <time>2021-09-02T22:47:39.000Z</time>
   </trkpt>
   <trkpt lat="-8.041612" lon="-34.89368">
    <ele>12.9</ele>
    <time>2021-09-02T22:47:40.000Z</time>
   </trkpt>
   <trkpt lat="-8.041648" lon="-34.89364">
    <ele>12.9</ele>
    <time>2021-09-02T22:47:42.000Z</time>
   </trkpt>
   <trkpt lat="-8.041708" lon="-34.893561">
    <ele>13</ele>
    <time>2021-09-02T22:47:43.000Z</time>
   </trkpt>
   <trkpt lat="-8.041729" lon="-34.893511">
    <ele>13</ele>
    <time>2021-09-02T22:47:45.000Z</time>
   </trkpt>
   <trkpt lat="-8.041789" lon="-34.893428">
    <ele>13.1</ele>
    <time>2021-09-02T22:47:47.000Z</time>
   </trkpt>
   <trkpt lat="-8.041845" lon="-34.893339">
    <ele>13.1</ele>
    <time>2021-09-02T22:47:48.000Z</time>
   </trkpt>
   <trkpt lat="-8.041875" lon="-34.893291">
    <ele>13.1</ele>
    <time>2021-09-02T22:47:49.000Z</time>
   </trkpt>
   <trkpt lat="-8.041906" lon="-34.893238">
    <ele>13.1</ele>
    <time>2021-09-02T22:47:51.000Z</time>
   </trkpt>
   <trkpt lat="-8.041931" lon="-34.893197">
    <ele>13.1</ele>
    <time>2021-09-02T22:47:52.000Z</time>
   </trkpt>
   <trkpt lat="-8.041955" lon="-34.893158">
    <ele>13.1</ele>
    <time>2021-09-02T22:47:53.000Z</time>
   </trkpt>
   <trkpt lat="-8.042001" lon="-34.893075">
    <ele>13.1</ele>
    <time>2021-09-02T22:47:55.000Z</time>
   </trkpt>
   <trkpt lat="-8.042064" lon="-34.892961">
    <ele>13.1</ele>
    <time>2021-09-02T22:47:56.000Z</time>
   </trkpt>
   <trkpt lat="-8.042093" lon="-34.892914">
    <ele>13.1</ele>
    <time>2021-09-02T22:47:57.000Z</time>
   </trkpt>
   <trkpt lat="-8.042117" lon="-34.892865">
    <ele>13.1</ele>
    <time>2021-09-02T22:47:58.000Z</time>
   </trkpt>
   <trkpt lat="-8.042136" lon="-34.892811">
    <ele>13.1</ele>
    <time>2021-09-02T22:47:59.000Z</time>
   </trkpt>
   <trkpt lat="-8.042165" lon="-34.892754">
    <ele>13.1</ele>
    <time>2021-09-02T22:48:00.000Z</time>
   </trkpt>
   <trkpt lat="-8.042223" lon="-34.892703">
    <ele>13.1</ele>
    <time>2021-09-02T22:48:01.000Z</time>
   </trkpt>
   <trkpt lat="-8.042316" lon="-34.892645">
    <ele>13.1</ele>
    <time>2021-09-02T22:48:02.000Z</time>
   </trkpt>
   <trkpt lat="-8.042386" lon="-34.892595">
    <ele>13.1</ele>
    <time>2021-09-02T22:48:04.000Z</time>
   </trkpt>
   <trkpt lat="-8.042443" lon="-34.892555">
    <ele>13.1</ele>
    <time>2021-09-02T22:48:05.000Z</time>
   </trkpt>
   <trkpt lat="-8.04253" lon="-34.892475">
    <ele>13.1</ele>
    <time>2021-09-02T22:48:07.000Z</time>
   </trkpt>
   <trkpt lat="-8.04257" lon="-34.892434">
    <ele>13.1</ele>
    <time>2021-09-02T22:48:08.000Z</time>
   </trkpt>
   <trkpt lat="-8.042639" lon="-34.892333">
    <ele>13.1</ele>
    <time>2021-09-02T22:48:09.000Z</time>
   </trkpt>
   <trkpt lat="-8.042656" lon="-34.89229">
    <ele>13.1</ele>
    <time>2021-09-02T22:48:11.000Z</time>
   </trkpt>
   <trkpt lat="-8.042701" lon="-34.892188">
    <ele>13.2</ele>
    <time>2021-09-02T22:48:12.000Z</time>
   </trkpt>
   <trkpt lat="-8.042731" lon="-34.892158">
    <ele>13.2</ele>
    <time>2021-09-02T22:48:14.000Z</time>
   </trkpt>
   <trkpt lat="-8.042756" lon="-34.892134">
    <ele>13.2</ele>
    <time>2021-09-02T22:48:15.000Z</time>
   </trkpt>
   <trkpt lat="-8.042817" lon="-34.89206">
    <ele>13.2</ele>
    <time>2021-09-02T22:48:17.000Z</time>
   </trkpt>
   <trkpt lat="-8.042845" lon="-34.892027">
    <ele>13.2</ele>
    <time>2021-09-02T22:48:18.000Z</time>
   </trkpt>
   <trkpt lat="-8.042939" lon="-34.89196">
    <ele>13.1</ele>
    <time>2021-09-02T22:48:20.000Z</time>
   </trkpt>
   <trkpt lat="-8.043045" lon="-34.891889">
    <ele>13</ele>
    <time>2021-09-02T22:48:21.000Z</time>
   </trkpt>
   <trkpt lat="-8.043084" lon="-34.891843">
    <ele>13</ele>
    <time>2021-09-02T22:48:23.000Z</time>
   </trkpt>
   <trkpt lat="-8.043159" lon="-34.891758">
    <ele>12.9</ele>
    <time>2021-09-02T22:48:24.000Z</time>
   </trkpt>
   <trkpt lat="-8.043204" lon="-34.891727">
    <ele>12.9</ele>
    <time>2021-09-02T22:48:25.000Z</time>
   </trkpt>
   <trkpt lat="-8.043246" lon="-34.891706">
    <ele>12.9</ele>
    <time>2021-09-02T22:48:27.000Z</time>
   </trkpt>
   <trkpt lat="-8.043294" lon="-34.891672">
    <ele>12.9</ele>
    <time>2021-09-02T22:48:28.000Z</time>
   </trkpt>
   <trkpt lat="-8.043378" lon="-34.891625">
    <ele>12.9</ele>
    <time>2021-09-02T22:48:29.000Z</time>
   </trkpt>
   <trkpt lat="-8.043413" lon="-34.891588">
    <ele>12.8</ele>
    <time>2021-09-02T22:48:30.000Z</time>
   </trkpt>
   <trkpt lat="-8.043443" lon="-34.891548">
    <ele>12.8</ele>
    <time>2021-09-02T22:48:32.000Z</time>
   </trkpt>
   <trkpt lat="-8.043502" lon="-34.891484">
    <ele>12.8</ele>
    <time>2021-09-02T22:48:33.000Z</time>
   </trkpt>
   <trkpt lat="-8.043533" lon="-34.891425">
    <ele>12.8</ele>
    <time>2021-09-02T22:48:34.000Z</time>
   </trkpt>
   <trkpt lat="-8.043562" lon="-34.891364">
    <ele>12.7</ele>
    <time>2021-09-02T22:48:35.000Z</time>
   </trkpt>
   <trkpt lat="-8.043589" lon="-34.891302">
    <ele>12.6</ele>
    <time>2021-09-02T22:48:37.000Z</time>
   </trkpt>
   <trkpt lat="-8.043655" lon="-34.891245">
    <ele>12.5</ele>
    <time>2021-09-02T22:48:38.000Z</time>
   </trkpt>
   <trkpt lat="-8.043707" lon="-34.891185">
    <ele>12.4</ele>
    <time>2021-09-02T22:48:39.000Z</time>
   </trkpt>
   <trkpt lat="-8.043758" lon="-34.891129">
    <ele>12.4</ele>
    <time>2021-09-02T22:48:40.000Z</time>
   </trkpt>
   <trkpt lat="-8.043842" lon="-34.891032">
    <ele>12.2</ele>
    <time>2021-09-02T22:48:41.000Z</time>
   </trkpt>
   <trkpt lat="-8.043886" lon="-34.890985">
    <ele>12.2</ele>
    <time>2021-09-02T22:48:42.000Z</time>
   </trkpt>
   <trkpt lat="-8.043931" lon="-34.890942">
    <ele>12.1</ele>
    <time>2021-09-02T22:48:43.000Z</time>
   </trkpt>
   <trkpt lat="-8.043976" lon="-34.890896">
    <ele>12</ele>
    <time>2021-09-02T22:48:44.000Z</time>
   </trkpt>
   <trkpt lat="-8.044032" lon="-34.890849">
    <ele>11.9</ele>
    <time>2021-09-02T22:48:46.000Z</time>
   </trkpt>
   <trkpt lat="-8.04409" lon="-34.890802">
    <ele>11.8</ele>
    <time>2021-09-02T22:48:47.000Z</time>
   </trkpt>
   <trkpt lat="-8.044212" lon="-34.890683">
    <ele>11.3</ele>
    <time>2021-09-02T22:48:48.000Z</time>
   </trkpt>
   <trkpt lat="-8.044264" lon="-34.890628">
    <ele>11.1</ele>
    <time>2021-09-02T22:48:50.000Z</time>
   </trkpt>
   <trkpt lat="-8.044379" lon="-34.890531">
    <ele>10.9</ele>
    <time>2021-09-02T22:48:51.000Z</time>
   </trkpt>
   <trkpt lat="-8.044436" lon="-34.890481">
    <ele>10.8</ele>
    <time>2021-09-02T22:48:52.000Z</time>
   </trkpt>
   <trkpt lat="-8.044496" lon="-34.890436">
    <ele>10.7</ele>
    <time>2021-09-02T22:48:53.000Z</time>
   </trkpt>
   <trkpt lat="-8.044557" lon="-34.890387">
    <ele>10.7</ele>
    <time>2021-09-02T22:48:54.000Z</time>
   </trkpt>
   <trkpt lat="-8.044609" lon="-34.890354">
    <ele>10.7</ele>
    <time>2021-09-02T22:48:55.000Z</time>
   </trkpt>
   <trkpt lat="-8.044662" lon="-34.890338">
    <ele>10.4</ele>
    <time>2021-09-02T22:48:56.000Z</time>
   </trkpt>
   <trkpt lat="-8.044713" lon="-34.890336">
    <ele>10.4</ele>
    <time>2021-09-02T22:48:57.000Z</time>
   </trkpt>
   <trkpt lat="-8.04477" lon="-34.890338">
    <ele>10.3</ele>
    <time>2021-09-02T22:48:58.000Z</time>
   </trkpt>
   <trkpt lat="-8.044824" lon="-34.890349">
    <ele>10.2</ele>
    <time>2021-09-02T22:49:00.000Z</time>
   </trkpt>
   <trkpt lat="-8.044918" lon="-34.890366">
    <ele>10.1</ele>
    <time>2021-09-02T22:49:01.000Z</time>
   </trkpt>
   <trkpt lat="-8.044965" lon="-34.890386">
    <ele>10</ele>
    <time>2021-09-02T22:49:03.000Z</time>
   </trkpt>
   <trkpt lat="-8.045003" lon="-34.890412">
    <ele>9.9</ele>
    <time>2021-09-02T22:49:04.000Z</time>
   </trkpt>
   <trkpt lat="-8.045077" lon="-34.890484">
    <ele>9.8</ele>
    <time>2021-09-02T22:49:05.000Z</time>
   </trkpt>
   <trkpt lat="-8.045113" lon="-34.890518">
    <ele>9.8</ele>
    <time>2021-09-02T22:49:06.000Z</time>
   </trkpt>
   <trkpt lat="-8.045153" lon="-34.890548">
    <ele>9.7</ele>
    <time>2021-09-02T22:49:08.000Z</time>
   </trkpt>
   <trkpt lat="-8.04519" lon="-34.890582">
    <ele>9.7</ele>
    <time>2021-09-02T22:49:09.000Z</time>
   </trkpt>
   <trkpt lat="-8.045274" lon="-34.890656">
    <ele>9.6</ele>
    <time>2021-09-02T22:49:11.000Z</time>
   </trkpt>
   <trkpt lat="-8.045376" lon="-34.890733">
    <ele>9.5</ele>
    <time>2021-09-02T22:49:12.000Z</time>
   </trkpt>
   <trkpt lat="-8.045429" lon="-34.89077">
    <ele>9.5</ele>
    <time>2021-09-02T22:49:13.000Z</time>
   </trkpt>
   <trkpt lat="-8.045476" lon="-34.890811">
    <ele>9.5</ele>
    <time>2021-09-02T22:49:14.000Z</time>
   </trkpt>
   <trkpt lat="-8.045525" lon="-34.890849">
    <ele>9.5</ele>
    <time>2021-09-02T22:49:15.000Z</time>
   </trkpt>
   <trkpt lat="-8.045577" lon="-34.890892">
    <ele>9.5</ele>
    <time>2021-09-02T22:49:16.000Z</time>
   </trkpt>
   <trkpt lat="-8.045635" lon="-34.890931">
    <ele>9.5</ele>
    <time>2021-09-02T22:49:18.000Z</time>
   </trkpt>
   <trkpt lat="-8.045737" lon="-34.891012">
    <ele>9.4</ele>
    <time>2021-09-02T22:49:19.000Z</time>
   </trkpt>
   <trkpt lat="-8.045786" lon="-34.891054">
    <ele>9.4</ele>
    <time>2021-09-02T22:49:20.000Z</time>
   </trkpt>
   <trkpt lat="-8.045834" lon="-34.891099">
    <ele>9.4</ele>
    <time>2021-09-02T22:49:21.000Z</time>
   </trkpt>
   <trkpt lat="-8.045888" lon="-34.891143">
    <ele>9.4</ele>
    <time>2021-09-02T22:49:23.000Z</time>
   </trkpt>
   <trkpt lat="-8.046" lon="-34.89124">
    <ele>9.4</ele>
    <time>2021-09-02T22:49:25.000Z</time>
   </trkpt>
   <trkpt lat="-8.046097" lon="-34.891332">
    <ele>9.4</ele>
    <time>2021-09-02T22:49:27.000Z</time>
   </trkpt>
   <trkpt lat="-8.046178" lon="-34.891431">
    <ele>9.4</ele>
    <time>2021-09-02T22:49:28.000Z</time>
   </trkpt>
   <trkpt lat="-8.04624" lon="-34.891486">
    <ele>9.4</ele>
    <time>2021-09-02T22:49:29.000Z</time>
   </trkpt>
   <trkpt lat="-8.046297" lon="-34.891534">
    <ele>9.4</ele>
    <time>2021-09-02T22:49:30.000Z</time>
   </trkpt>
   <trkpt lat="-8.046358" lon="-34.89158">
    <ele>9.4</ele>
    <time>2021-09-02T22:49:31.000Z</time>
   </trkpt>
   <trkpt lat="-8.046406" lon="-34.891618">
    <ele>9.4</ele>
    <time>2021-09-02T22:49:32.000Z</time>
   </trkpt>
   <trkpt lat="-8.046459" lon="-34.891661">
    <ele>9.4</ele>
    <time>2021-09-02T22:49:33.000Z</time>
   </trkpt>
   <trkpt lat="-8.04651" lon="-34.891706">
    <ele>9.4</ele>
    <time>2021-09-02T22:49:35.000Z</time>
   </trkpt>
   <trkpt lat="-8.046589" lon="-34.891785">
    <ele>9.3</ele>
    <time>2021-09-02T22:49:36.000Z</time>
   </trkpt>
   <trkpt lat="-8.046626" lon="-34.891825">
    <ele>9.3</ele>
    <time>2021-09-02T22:49:38.000Z</time>
   </trkpt>
   <trkpt lat="-8.046675" lon="-34.891846">
    <ele>9.2</ele>
    <time>2021-09-02T22:49:39.000Z</time>
   </trkpt>
   <trkpt lat="-8.046741" lon="-34.891965">
    <ele>9.1</ele>
    <time>2021-09-02T22:49:40.000Z</time>
   </trkpt>
   <trkpt lat="-8.046785" lon="-34.892013">
    <ele>9.2</ele>
    <time>2021-09-02T22:49:41.000Z</time>
   </trkpt>
   <trkpt lat="-8.046831" lon="-34.892038">
    <ele>9.2</ele>
    <time>2021-09-02T22:49:43.000Z</time>
   </trkpt>
   <trkpt lat="-8.046907" lon="-34.892095">
    <ele>9.3</ele>
    <time>2021-09-02T22:49:44.000Z</time>
   </trkpt>
   <trkpt lat="-8.046957" lon="-34.892123">
    <ele>9.3</ele>
    <time>2021-09-02T22:49:46.000Z</time>
   </trkpt>
   <trkpt lat="-8.047062" lon="-34.89219">
    <ele>9.3</ele>
    <time>2021-09-02T22:49:47.000Z</time>
   </trkpt>
   <trkpt lat="-8.047121" lon="-34.89223">
    <ele>9.3</ele>
    <time>2021-09-02T22:49:48.000Z</time>
   </trkpt>
   <trkpt lat="-8.047171" lon="-34.892272">
    <ele>9.3</ele>
    <time>2021-09-02T22:49:50.000Z</time>
   </trkpt>
   <trkpt lat="-8.047247" lon="-34.892315">
    <ele>9.3</ele>
    <time>2021-09-02T22:49:51.000Z</time>
   </trkpt>
   <trkpt lat="-8.047284" lon="-34.89234">
    <ele>9.3</ele>
    <time>2021-09-02T22:49:52.000Z</time>
   </trkpt>
   <trkpt lat="-8.047325" lon="-34.892378">
    <ele>9.3</ele>
    <time>2021-09-02T22:49:54.000Z</time>
   </trkpt>
   <trkpt lat="-8.047415" lon="-34.892456">
    <ele>9.3</ele>
    <time>2021-09-02T22:49:55.000Z</time>
   </trkpt>
   <trkpt lat="-8.047464" lon="-34.892504">
    <ele>9.3</ele>
    <time>2021-09-02T22:49:56.000Z</time>
   </trkpt>
   <trkpt lat="-8.047513" lon="-34.892547">
    <ele>9.3</ele>
    <time>2021-09-02T22:49:57.000Z</time>
   </trkpt>
   <trkpt lat="-8.04757" lon="-34.892587">
    <ele>9.3</ele>
    <time>2021-09-02T22:49:59.000Z</time>
   </trkpt>
   <trkpt lat="-8.047638" lon="-34.892631">
    <ele>9.3</ele>
    <time>2021-09-02T22:50:00.000Z</time>
   </trkpt>
   <trkpt lat="-8.047739" lon="-34.892714">
    <ele>9.3</ele>
    <time>2021-09-02T22:50:01.000Z</time>
   </trkpt>
   <trkpt lat="-8.047785" lon="-34.892758">
    <ele>9.2</ele>
    <time>2021-09-02T22:50:02.000Z</time>
   </trkpt>
   <trkpt lat="-8.047835" lon="-34.8928">
    <ele>9.2</ele>
    <time>2021-09-02T22:50:04.000Z</time>
   </trkpt>
   <trkpt lat="-8.047889" lon="-34.892838">
    <ele>9.1</ele>
    <time>2021-09-02T22:50:05.000Z</time>
   </trkpt>
   <trkpt lat="-8.047948" lon="-34.892878">
    <ele>9.1</ele>
    <time>2021-09-02T22:50:06.000Z</time>
   </trkpt>
   <trkpt lat="-8.048008" lon="-34.89292">
    <ele>9.1</ele>
    <time>2021-09-02T22:50:07.000Z</time>
   </trkpt>
   <trkpt lat="-8.048058" lon="-34.892963">
    <ele>9</ele>
    <time>2021-09-02T22:50:08.000Z</time>
   </trkpt>
   <trkpt lat="-8.048167" lon="-34.893034">
    <ele>9</ele>
    <time>2021-09-02T22:50:09.000Z</time>
   </trkpt>
   <trkpt lat="-8.048225" lon="-34.893075">
    <ele>9</ele>
    <time>2021-09-02T22:50:10.000Z</time>
   </trkpt>
   <trkpt lat="-8.048287" lon="-34.893119">
    <ele>9</ele>
    <time>2021-09-02T22:50:11.000Z</time>
   </trkpt>
   <trkpt lat="-8.048353" lon="-34.893168">
    <ele>9</ele>
    <time>2021-09-02T22:50:12.000Z</time>
   </trkpt>
   <trkpt lat="-8.048408" lon="-34.89321">
    <ele>9</ele>
    <time>2021-09-02T22:50:14.000Z</time>
   </trkpt>
   <trkpt lat="-8.048463" lon="-34.893252">
    <ele>9</ele>
    <time>2021-09-02T22:50:15.000Z</time>
   </trkpt>
   <trkpt lat="-8.048587" lon="-34.893357">
    <ele>8.9</ele>
    <time>2021-09-02T22:50:17.000Z</time>
   </trkpt>
   <trkpt lat="-8.04872" lon="-34.893463">
    <ele>8.8</ele>
    <time>2021-09-02T22:50:18.000Z</time>
   </trkpt>
   <trkpt lat="-8.048791" lon="-34.893509">
    <ele>8.7</ele>
    <time>2021-09-02T22:50:20.000Z</time>
   </trkpt>
   <trkpt lat="-8.048905" lon="-34.893589">
    <ele>8.7</ele>
    <time>2021-09-02T22:50:22.000Z</time>
   </trkpt>
   <trkpt lat="-8.048958" lon="-34.893626">
    <ele>8.7</ele>
    <time>2021-09-02T22:50:23.000Z</time>
   </trkpt>
   <trkpt lat="-8.049046" lon="-34.893696">
    <ele>8.6</ele>
    <time>2021-09-02T22:50:25.000Z</time>
   </trkpt>
   <trkpt lat="-8.049087" lon="-34.893733">
    <ele>8.6</ele>
    <time>2021-09-02T22:50:26.000Z</time>
   </trkpt>
   <trkpt lat="-8.049204" lon="-34.893831">
    <ele>8.7</ele>
    <time>2021-09-02T22:50:27.000Z</time>
   </trkpt>
   <trkpt lat="-8.049262" lon="-34.893875">
    <ele>8.7</ele>
    <time>2021-09-02T22:50:29.000Z</time>
   </trkpt>
   <trkpt lat="-8.049373" lon="-34.893964">
    <ele>8.7</ele>
    <time>2021-09-02T22:50:31.000Z</time>
   </trkpt>
   <trkpt lat="-8.049468" lon="-34.894044">
    <ele>8.7</ele>
    <time>2021-09-02T22:50:32.000Z</time>
   </trkpt>
   <trkpt lat="-8.049519" lon="-34.894082">
    <ele>8.6</ele>
    <time>2021-09-02T22:50:33.000Z</time>
   </trkpt>
   <trkpt lat="-8.049568" lon="-34.894111">
    <ele>8.6</ele>
    <time>2021-09-02T22:50:35.000Z</time>
   </trkpt>
   <trkpt lat="-8.049622" lon="-34.894142">
    <ele>8.6</ele>
    <time>2021-09-02T22:50:36.000Z</time>
   </trkpt>
   <trkpt lat="-8.049692" lon="-34.894177">
    <ele>8.6</ele>
    <time>2021-09-02T22:50:37.000Z</time>
   </trkpt>
   <trkpt lat="-8.049746" lon="-34.894213">
    <ele>8.6</ele>
    <time>2021-09-02T22:50:38.000Z</time>
   </trkpt>
   <trkpt lat="-8.049837" lon="-34.894277">
    <ele>8.4</ele>
    <time>2021-09-02T22:50:39.000Z</time>
   </trkpt>
   <trkpt lat="-8.049883" lon="-34.894311">
    <ele>8.3</ele>
    <time>2021-09-02T22:50:40.000Z</time>
   </trkpt>
   <trkpt lat="-8.049928" lon="-34.894348">
    <ele>8.2</ele>
    <time>2021-09-02T22:50:42.000Z</time>
   </trkpt>
   <trkpt lat="-8.050034" lon="-34.894432">
    <ele>8.1</ele>
    <time>2021-09-02T22:50:43.000Z</time>
   </trkpt>
   <trkpt lat="-8.05009" lon="-34.894463">
    <ele>8</ele>
    <time>2021-09-02T22:50:44.000Z</time>
   </trkpt>
   <trkpt lat="-8.050127" lon="-34.894505">
    <ele>8</ele>
    <time>2021-09-02T22:50:45.000Z</time>
   </trkpt>
   <trkpt lat="-8.050169" lon="-34.894537">
    <ele>8</ele>
    <time>2021-09-02T22:50:47.000Z</time>
   </trkpt>
   <trkpt lat="-8.05021" lon="-34.894572">
    <ele>7.9</ele>
    <time>2021-09-02T22:50:48.000Z</time>
   </trkpt>
   <trkpt lat="-8.050281" lon="-34.894627">
    <ele>7.9</ele>
    <time>2021-09-02T22:50:49.000Z</time>
   </trkpt>
   <trkpt lat="-8.050373" lon="-34.894687">
    <ele>8</ele>
    <time>2021-09-02T22:50:50.000Z</time>
   </trkpt>
   <trkpt lat="-8.050431" lon="-34.894712">
    <ele>8.1</ele>
    <time>2021-09-02T22:50:52.000Z</time>
   </trkpt>
   <trkpt lat="-8.050522" lon="-34.894766">
    <ele>8.2</ele>
    <time>2021-09-02T22:50:54.000Z</time>
   </trkpt>
   <trkpt lat="-8.050604" lon="-34.894819">
    <ele>8.3</ele>
    <time>2021-09-02T22:50:55.000Z</time>
   </trkpt>
   <trkpt lat="-8.050637" lon="-34.894838">
    <ele>8.3</ele>
    <time>2021-09-02T22:50:56.000Z</time>
   </trkpt>
   <trkpt lat="-8.05067" lon="-34.894865">
    <ele>8.3</ele>
    <time>2021-09-02T22:50:57.000Z</time>
   </trkpt>
   <trkpt lat="-8.0507" lon="-34.894894">
    <ele>8.4</ele>
    <time>2021-09-02T22:50:58.000Z</time>
   </trkpt>
   <trkpt lat="-8.05073" lon="-34.894923">
    <ele>8.4</ele>
    <time>2021-09-02T22:51:00.000Z</time>
   </trkpt>
   <trkpt lat="-8.050784" lon="-34.894973">
    <ele>8.4</ele>
    <time>2021-09-02T22:51:01.000Z</time>
   </trkpt>
   <trkpt lat="-8.050811" lon="-34.894992">
    <ele>8.5</ele>
    <time>2021-09-02T22:51:03.000Z</time>
   </trkpt>
   <trkpt lat="-8.05084" lon="-34.895011">
    <ele>8.5</ele>
    <time>2021-09-02T22:51:04.000Z</time>
   </trkpt>
   <trkpt lat="-8.050913" lon="-34.895043">
    <ele>8.5</ele>
    <time>2021-09-02T22:51:05.000Z</time>
   </trkpt>
   <trkpt lat="-8.050938" lon="-34.895062">
    <ele>8.5</ele>
    <time>2021-09-02T22:51:06.000Z</time>
   </trkpt>
   <trkpt lat="-8.050957" lon="-34.89508">
    <ele>8.5</ele>
    <time>2021-09-02T22:51:08.000Z</time>
   </trkpt>
   <trkpt lat="-8.051004" lon="-34.895124">
    <ele>8.4</ele>
    <time>2021-09-02T22:51:09.000Z</time>
   </trkpt>
   <trkpt lat="-8.051025" lon="-34.895142">
    <ele>8.4</ele>
    <time>2021-09-02T22:51:11.000Z</time>
   </trkpt>
   <trkpt lat="-8.05108" lon="-34.895183">
    <ele>8.4</ele>
    <time>2021-09-02T22:51:12.000Z</time>
   </trkpt>
   <trkpt lat="-8.051113" lon="-34.895201">
    <ele>8.3</ele>
    <time>2021-09-02T22:51:13.000Z</time>
   </trkpt>
   <trkpt lat="-8.051146" lon="-34.895225">
    <ele>8.3</ele>
    <time>2021-09-02T22:51:15.000Z</time>
   </trkpt>
   <trkpt lat="-8.051221" lon="-34.895284">
    <ele>8.4</ele>
    <time>2021-09-02T22:51:16.000Z</time>
   </trkpt>
   <trkpt lat="-8.051261" lon="-34.895327">
    <ele>8.5</ele>
    <time>2021-09-02T22:51:18.000Z</time>
   </trkpt>
   <trkpt lat="-8.051347" lon="-34.895412">
    <ele>8.5</ele>
    <time>2021-09-02T22:51:20.000Z</time>
   </trkpt>
   <trkpt lat="-8.051429" lon="-34.895504">
    <ele>8.4</ele>
    <time>2021-09-02T22:51:21.000Z</time>
   </trkpt>
   <trkpt lat="-8.051482" lon="-34.89555">
    <ele>8.4</ele>
    <time>2021-09-02T22:51:22.000Z</time>
   </trkpt>
   <trkpt lat="-8.051528" lon="-34.895589">
    <ele>8.3</ele>
    <time>2021-09-02T22:51:24.000Z</time>
   </trkpt>
   <trkpt lat="-8.051607" lon="-34.895659">
    <ele>8.3</ele>
    <time>2021-09-02T22:51:26.000Z</time>
   </trkpt>
   <trkpt lat="-8.05164" lon="-34.895702">
    <ele>8.3</ele>
    <time>2021-09-02T22:51:27.000Z</time>
   </trkpt>
   <trkpt lat="-8.051714" lon="-34.895774">
    <ele>8.3</ele>
    <time>2021-09-02T22:51:29.000Z</time>
   </trkpt>
   <trkpt lat="-8.051747" lon="-34.895807">
    <ele>8.3</ele>
    <time>2021-09-02T22:51:30.000Z</time>
   </trkpt>
   <trkpt lat="-8.051831" lon="-34.895872">
    <ele>8.3</ele>
    <time>2021-09-02T22:51:31.000Z</time>
   </trkpt>
   <trkpt lat="-8.051867" lon="-34.895923">
    <ele>8.3</ele>
    <time>2021-09-02T22:51:33.000Z</time>
   </trkpt>
   <trkpt lat="-8.051968" lon="-34.895995">
    <ele>8.3</ele>
    <time>2021-09-02T22:51:35.000Z</time>
   </trkpt>
   <trkpt lat="-8.052028" lon="-34.896027">
    <ele>8.3</ele>
    <time>2021-09-02T22:51:36.000Z</time>
   </trkpt>
   <trkpt lat="-8.052145" lon="-34.896088">
    <ele>8.4</ele>
    <time>2021-09-02T22:51:37.000Z</time>
   </trkpt>
   <trkpt lat="-8.052215" lon="-34.896116">
    <ele>8.7</ele>
    <time>2021-09-02T22:51:38.000Z</time>
   </trkpt>
   <trkpt lat="-8.052275" lon="-34.896145">
    <ele>8.7</ele>
    <time>2021-09-02T22:51:39.000Z</time>
   </trkpt>
   <trkpt lat="-8.052352" lon="-34.896174">
    <ele>8.7</ele>
    <time>2021-09-02T22:51:40.000Z</time>
   </trkpt>
   <trkpt lat="-8.052418" lon="-34.896202">
    <ele>8.7</ele>
    <time>2021-09-02T22:51:41.000Z</time>
   </trkpt>
   <trkpt lat="-8.052477" lon="-34.896231">
    <ele>8.7</ele>
    <time>2021-09-02T22:51:42.000Z</time>
   </trkpt>
   <trkpt lat="-8.052538" lon="-34.896256">
    <ele>8.6</ele>
    <time>2021-09-02T22:51:44.000Z</time>
   </trkpt>
   <trkpt lat="-8.052651" lon="-34.896314">
    <ele>8.6</ele>
    <time>2021-09-02T22:51:46.000Z</time>
   </trkpt>
   <trkpt lat="-8.052749" lon="-34.896381">
    <ele>8.6</ele>
    <time>2021-09-02T22:51:48.000Z</time>
   </trkpt>
   <trkpt lat="-8.05284" lon="-34.89645">
    <ele>8.7</ele>
    <time>2021-09-02T22:51:49.000Z</time>
   </trkpt>
   <trkpt lat="-8.052882" lon="-34.896482">
    <ele>8.7</ele>
    <time>2021-09-02T22:51:50.000Z</time>
   </trkpt>
   <trkpt lat="-8.052926" lon="-34.896501">
    <ele>8.7</ele>
    <time>2021-09-02T22:51:51.000Z</time>
   </trkpt>
   <trkpt lat="-8.052968" lon="-34.896518">
    <ele>8.7</ele>
    <time>2021-09-02T22:51:53.000Z</time>
   </trkpt>
   <trkpt lat="-8.053007" lon="-34.896536">
    <ele>8.8</ele>
    <time>2021-09-02T22:51:54.000Z</time>
   </trkpt>
   <trkpt lat="-8.053048" lon="-34.896551">
    <ele>8.8</ele>
    <time>2021-09-02T22:51:55.000Z</time>
   </trkpt>
   <trkpt lat="-8.053072" lon="-34.896573">
    <ele>8.8</ele>
    <time>2021-09-02T22:51:56.000Z</time>
   </trkpt>
   <trkpt lat="-8.053107" lon="-34.896605">
    <ele>8.9</ele>
    <time>2021-09-02T22:51:57.000Z</time>
   </trkpt>
   <trkpt lat="-8.053173" lon="-34.896645">
    <ele>8.9</ele>
    <time>2021-09-02T22:52:01.000Z</time>
   </trkpt>
   <trkpt lat="-8.053203" lon="-34.896673">
    <ele>8.9</ele>
    <time>2021-09-02T22:52:03.000Z</time>
   </trkpt>
   <trkpt lat="-8.053234" lon="-34.8967">
    <ele>8.9</ele>
    <time>2021-09-02T22:52:08.000Z</time>
   </trkpt>
   <trkpt lat="-8.053264" lon="-34.896728">
    <ele>8.8</ele>
    <time>2021-09-02T22:52:24.000Z</time>
   </trkpt>
   <trkpt lat="-8.053294" lon="-34.896755">
    <ele>8.8</ele>
    <time>2021-09-02T22:52:25.000Z</time>
   </trkpt>
   <trkpt lat="-8.053328" lon="-34.896788">
    <ele>8.8</ele>
    <time>2021-09-02T22:52:27.000Z</time>
   </trkpt>
   <trkpt lat="-8.053366" lon="-34.896827">
    <ele>8.7</ele>
    <time>2021-09-02T22:52:28.000Z</time>
   </trkpt>
   <trkpt lat="-8.053446" lon="-34.896906">
    <ele>8.7</ele>
    <time>2021-09-02T22:52:30.000Z</time>
   </trkpt>
   <trkpt lat="-8.053534" lon="-34.896973">
    <ele>8.6</ele>
    <time>2021-09-02T22:52:32.000Z</time>
   </trkpt>
   <trkpt lat="-8.053577" lon="-34.897004">
    <ele>8.6</ele>
    <time>2021-09-02T22:52:33.000Z</time>
   </trkpt>
   <trkpt lat="-8.053668" lon="-34.897072">
    <ele>8.5</ele>
    <time>2021-09-02T22:52:35.000Z</time>
   </trkpt>
   <trkpt lat="-8.053713" lon="-34.897111">
    <ele>8.5</ele>
    <time>2021-09-02T22:52:36.000Z</time>
   </trkpt>
   <trkpt lat="-8.053785" lon="-34.897206">
    <ele>8.5</ele>
    <time>2021-09-02T22:52:37.000Z</time>
   </trkpt>
   <trkpt lat="-8.053824" lon="-34.897246">
    <ele>8.5</ele>
    <time>2021-09-02T22:52:38.000Z</time>
   </trkpt>
   <trkpt lat="-8.053872" lon="-34.897279">
    <ele>8.5</ele>
    <time>2021-09-02T22:52:39.000Z</time>
   </trkpt>
   <trkpt lat="-8.053915" lon="-34.897308">
    <ele>8.5</ele>
    <time>2021-09-02T22:52:40.000Z</time>
   </trkpt>
   <trkpt lat="-8.053968" lon="-34.897331">
    <ele>8.5</ele>
    <time>2021-09-02T22:52:41.000Z</time>
   </trkpt>
   <trkpt lat="-8.05402" lon="-34.897353">
    <ele>8.5</ele>
    <time>2021-09-02T22:52:43.000Z</time>
   </trkpt>
   <trkpt lat="-8.05412" lon="-34.897408">
    <ele>8.6</ele>
    <time>2021-09-02T22:52:45.000Z</time>
   </trkpt>
   <trkpt lat="-8.054187" lon="-34.897474">
    <ele>8.6</ele>
    <time>2021-09-02T22:52:46.000Z</time>
   </trkpt>
   <trkpt lat="-8.054235" lon="-34.897512">
    <ele>8.6</ele>
    <time>2021-09-02T22:52:47.000Z</time>
   </trkpt>
   <trkpt lat="-8.054267" lon="-34.897547">
    <ele>8.6</ele>
    <time>2021-09-02T22:52:49.000Z</time>
   </trkpt>
   <trkpt lat="-8.054346" lon="-34.897615">
    <ele>8.6</ele>
    <time>2021-09-02T22:52:50.000Z</time>
   </trkpt>
   <trkpt lat="-8.054386" lon="-34.89764">
    <ele>8.6</ele>
    <time>2021-09-02T22:52:51.000Z</time>
   </trkpt>
   <trkpt lat="-8.054454" lon="-34.897669">
    <ele>8.6</ele>
    <time>2021-09-02T22:52:53.000Z</time>
   </trkpt>
   <trkpt lat="-8.054484" lon="-34.897704">
    <ele>8.6</ele>
    <time>2021-09-02T22:52:54.000Z</time>
   </trkpt>
   <trkpt lat="-8.054555" lon="-34.897729">
    <ele>8.6</ele>
    <time>2021-09-02T22:52:55.000Z</time>
   </trkpt>
   <trkpt lat="-8.054655" lon="-34.89778">
    <ele>8.5</ele>
    <time>2021-09-02T22:52:57.000Z</time>
   </trkpt>
   <trkpt lat="-8.054713" lon="-34.897811">
    <ele>8.5</ele>
    <time>2021-09-02T22:52:58.000Z</time>
   </trkpt>
   <trkpt lat="-8.054764" lon="-34.897848">
    <ele>8.5</ele>
    <time>2021-09-02T22:52:59.000Z</time>
   </trkpt>
   <trkpt lat="-8.054884" lon="-34.897913">
    <ele>8.5</ele>
    <time>2021-09-02T22:53:00.000Z</time>
   </trkpt>
   <trkpt lat="-8.054961" lon="-34.897953">
    <ele>8.4</ele>
    <time>2021-09-02T22:53:01.000Z</time>
   </trkpt>
   <trkpt lat="-8.055019" lon="-34.897985">
    <ele>8.3</ele>
    <time>2021-09-02T22:53:03.000Z</time>
   </trkpt>
   <trkpt lat="-8.055075" lon="-34.898014">
    <ele>8.3</ele>
    <time>2021-09-02T22:53:04.000Z</time>
   </trkpt>
   <trkpt lat="-8.055132" lon="-34.898042">
    <ele>8.2</ele>
    <time>2021-09-02T22:53:05.000Z</time>
   </trkpt>
   <trkpt lat="-8.055255" lon="-34.898118">
    <ele>8.2</ele>
    <time>2021-09-02T22:53:06.000Z</time>
   </trkpt>
   <trkpt lat="-8.055316" lon="-34.898147">
    <ele>8.2</ele>
    <time>2021-09-02T22:53:07.000Z</time>
   </trkpt>
   <trkpt lat="-8.055381" lon="-34.898166">
    <ele>8.2</ele>
    <time>2021-09-02T22:53:08.000Z</time>
   </trkpt>
   <trkpt lat="-8.055445" lon="-34.89818">
    <ele>8.2</ele>
    <time>2021-09-02T22:53:09.000Z</time>
   </trkpt>
   <trkpt lat="-8.055507" lon="-34.898192">
    <ele>8.2</ele>
    <time>2021-09-02T22:53:10.000Z</time>
   </trkpt>
   <trkpt lat="-8.055572" lon="-34.898195">
    <ele>8.2</ele>
    <time>2021-09-02T22:53:11.000Z</time>
   </trkpt>
   <trkpt lat="-8.055638" lon="-34.898207">
    <ele>8.1</ele>
    <time>2021-09-02T22:53:12.000Z</time>
   </trkpt>
   <trkpt lat="-8.055701" lon="-34.898222">
    <ele>8.2</ele>
    <time>2021-09-02T22:53:13.000Z</time>
   </trkpt>
   <trkpt lat="-8.055771" lon="-34.898239">
    <ele>8.2</ele>
    <time>2021-09-02T22:53:15.000Z</time>
   </trkpt>
   <trkpt lat="-8.05591" lon="-34.898256">
    <ele>8.2</ele>
    <time>2021-09-02T22:53:16.000Z</time>
   </trkpt>
   <trkpt lat="-8.055977" lon="-34.898265">
    <ele>8.1</ele>
    <time>2021-09-02T22:53:17.000Z</time>
   </trkpt>
   <trkpt lat="-8.056043" lon="-34.898263">
    <ele>8.1</ele>
    <time>2021-09-02T22:53:19.000Z</time>
   </trkpt>
   <trkpt lat="-8.056111" lon="-34.89826">
    <ele>8.1</ele>
    <time>2021-09-02T22:53:20.000Z</time>
   </trkpt>
   <trkpt lat="-8.056249" lon="-34.898258">
    <ele>8.2</ele>
    <time>2021-09-02T22:53:21.000Z</time>
   </trkpt>
   <trkpt lat="-8.056323" lon="-34.898257">
    <ele>8.2</ele>
    <time>2021-09-02T22:53:23.000Z</time>
   </trkpt>
   <trkpt lat="-8.05639" lon="-34.898255">
    <ele>8.2</ele>
    <time>2021-09-02T22:53:24.000Z</time>
   </trkpt>
   <trkpt lat="-8.056455" lon="-34.898251">
    <ele>8.3</ele>
    <time>2021-09-02T22:53:25.000Z</time>
   </trkpt>
   <trkpt lat="-8.056526" lon="-34.898249">
    <ele>8.4</ele>
    <time>2021-09-02T22:53:26.000Z</time>
   </trkpt>
   <trkpt lat="-8.056673" lon="-34.898254">
    <ele>8.6</ele>
    <time>2021-09-02T22:53:28.000Z</time>
   </trkpt>
   <trkpt lat="-8.056811" lon="-34.898254">
    <ele>8.3</ele>
    <time>2021-09-02T22:53:29.000Z</time>
   </trkpt>
   <trkpt lat="-8.056885" lon="-34.898254">
    <ele>8.3</ele>
    <time>2021-09-02T22:53:30.000Z</time>
   </trkpt>
   <trkpt lat="-8.056958" lon="-34.898251">
    <ele>8.2</ele>
    <time>2021-09-02T22:53:32.000Z</time>
   </trkpt>
   <trkpt lat="-8.057093" lon="-34.898247">
    <ele>8.2</ele>
    <time>2021-09-02T22:53:34.000Z</time>
   </trkpt>
   <trkpt lat="-8.057244" lon="-34.898251">
    <ele>8.1</ele>
    <time>2021-09-02T22:53:35.000Z</time>
   </trkpt>
   <trkpt lat="-8.057311" lon="-34.898256">
    <ele>8</ele>
    <time>2021-09-02T22:53:36.000Z</time>
   </trkpt>
   <trkpt lat="-8.057376" lon="-34.898261">
    <ele>8</ele>
    <time>2021-09-02T22:53:37.000Z</time>
   </trkpt>
   <trkpt lat="-8.057445" lon="-34.898264">
    <ele>8</ele>
    <time>2021-09-02T22:53:39.000Z</time>
   </trkpt>
   <trkpt lat="-8.057565" lon="-34.898275">
    <ele>7.8</ele>
    <time>2021-09-02T22:53:41.000Z</time>
   </trkpt>
   <trkpt lat="-8.057625" lon="-34.898277">
    <ele>7.8</ele>
    <time>2021-09-02T22:53:42.000Z</time>
   </trkpt>
   <trkpt lat="-8.057762" lon="-34.898273">
    <ele>7.7</ele>
    <time>2021-09-02T22:53:43.000Z</time>
   </trkpt>
   <trkpt lat="-8.057831" lon="-34.898278">
    <ele>7.7</ele>
    <time>2021-09-02T22:53:44.000Z</time>
   </trkpt>
   <trkpt lat="-8.057896" lon="-34.898285">
    <ele>7.7</ele>
    <time>2021-09-02T22:53:45.000Z</time>
   </trkpt>
   <trkpt lat="-8.057962" lon="-34.898287">
    <ele>7.7</ele>
    <time>2021-09-02T22:53:47.000Z</time>
   </trkpt>
   <trkpt lat="-8.05802" lon="-34.898291">
    <ele>7.8</ele>
    <time>2021-09-02T22:53:48.000Z</time>
   </trkpt>
   <trkpt lat="-8.058149" lon="-34.89829">
    <ele>7.9</ele>
    <time>2021-09-02T22:53:49.000Z</time>
   </trkpt>
   <trkpt lat="-8.058224" lon="-34.898285">
    <ele>7.9</ele>
    <time>2021-09-02T22:53:50.000Z</time>
   </trkpt>
   <trkpt lat="-8.05829" lon="-34.898281">
    <ele>8</ele>
    <time>2021-09-02T22:53:51.000Z</time>
   </trkpt>
   <trkpt lat="-8.058365" lon="-34.898275">
    <ele>8</ele>
    <time>2021-09-02T22:53:52.000Z</time>
   </trkpt>
   <trkpt lat="-8.058433" lon="-34.898279">
    <ele>8.1</ele>
    <time>2021-09-02T22:53:54.000Z</time>
   </trkpt>
   <trkpt lat="-8.058502" lon="-34.898277">
    <ele>8.1</ele>
    <time>2021-09-02T22:53:55.000Z</time>
   </trkpt>
   <trkpt lat="-8.058571" lon="-34.898278">
    <ele>8.1</ele>
    <time>2021-09-02T22:53:56.000Z</time>
   </trkpt>
   <trkpt lat="-8.058708" lon="-34.898282">
    <ele>8.2</ele>
    <time>2021-09-02T22:53:58.000Z</time>
   </trkpt>
   <trkpt lat="-8.058788" lon="-34.898276">
    <ele>8.2</ele>
    <time>2021-09-02T22:53:59.000Z</time>
   </trkpt>
   <trkpt lat="-8.058924" lon="-34.898276">
    <ele>8.4</ele>
    <time>2021-09-02T22:54:01.000Z</time>
   </trkpt>
   <trkpt lat="-8.059038" lon="-34.898263">
    <ele>8.3</ele>
    <time>2021-09-02T22:54:02.000Z</time>
   </trkpt>
   <trkpt lat="-8.059099" lon="-34.898245">
    <ele>8.3</ele>
    <time>2021-09-02T22:54:04.000Z</time>
   </trkpt>
   <trkpt lat="-8.059232" lon="-34.898219">
    <ele>8.2</ele>
    <time>2021-09-02T22:54:06.000Z</time>
   </trkpt>
   <trkpt lat="-8.059352" lon="-34.898206">
    <ele>8.1</ele>
    <time>2021-09-02T22:54:07.000Z</time>
   </trkpt>
   <trkpt lat="-8.05942" lon="-34.898201">
    <ele>8.1</ele>
    <time>2021-09-02T22:54:08.000Z</time>
   </trkpt>
   <trkpt lat="-8.059486" lon="-34.898194">
    <ele>8.1</ele>
    <time>2021-09-02T22:54:10.000Z</time>
   </trkpt>
   <trkpt lat="-8.059626" lon="-34.898186">
    <ele>8.1</ele>
    <time>2021-09-02T22:54:11.000Z</time>
   </trkpt>
   <trkpt lat="-8.059699" lon="-34.898182">
    <ele>8.1</ele>
    <time>2021-09-02T22:54:13.000Z</time>
   </trkpt>
   <trkpt lat="-8.059767" lon="-34.898179">
    <ele>8.1</ele>
    <time>2021-09-02T22:54:14.000Z</time>
   </trkpt>
   <trkpt lat="-8.059901" lon="-34.898163">
    <ele>8.1</ele>
    <time>2021-09-02T22:54:15.000Z</time>
   </trkpt>
   <trkpt lat="-8.059964" lon="-34.898156">
    <ele>8.2</ele>
    <time>2021-09-02T22:54:16.000Z</time>
   </trkpt>
   <trkpt lat="-8.060025" lon="-34.898148">
    <ele>8.2</ele>
    <time>2021-09-02T22:54:17.000Z</time>
   </trkpt>
   <trkpt lat="-8.060094" lon="-34.898139">
    <ele>8.2</ele>
    <time>2021-09-02T22:54:18.000Z</time>
   </trkpt>
   <trkpt lat="-8.060155" lon="-34.898135">
    <ele>8.2</ele>
    <time>2021-09-02T22:54:20.000Z</time>
   </trkpt>
   <trkpt lat="-8.060269" lon="-34.898133">
    <ele>8.3</ele>
    <time>2021-09-02T22:54:21.000Z</time>
   </trkpt>
   <trkpt lat="-8.060319" lon="-34.898136">
    <ele>8.3</ele>
    <time>2021-09-02T22:54:22.000Z</time>
   </trkpt>
   <trkpt lat="-8.060386" lon="-34.898125">
    <ele>8.3</ele>
    <time>2021-09-02T22:54:24.000Z</time>
   </trkpt>
   <trkpt lat="-8.06045" lon="-34.898111">
    <ele>8.3</ele>
    <time>2021-09-02T22:54:25.000Z</time>
   </trkpt>
   <trkpt lat="-8.060592" lon="-34.898099">
    <ele>8.3</ele>
    <time>2021-09-02T22:54:26.000Z</time>
   </trkpt>
   <trkpt lat="-8.060649" lon="-34.898098">
    <ele>8.4</ele>
    <time>2021-09-02T22:54:27.000Z</time>
   </trkpt>
   <trkpt lat="-8.060749" lon="-34.898082">
    <ele>8.4</ele>
    <time>2021-09-02T22:54:28.000Z</time>
   </trkpt>
   <trkpt lat="-8.060782" lon="-34.898077">
    <ele>8.4</ele>
    <time>2021-09-02T22:54:30.000Z</time>
   </trkpt>
   <trkpt lat="-8.060874" lon="-34.898073">
    <ele>8.5</ele>
    <time>2021-09-02T22:54:31.000Z</time>
   </trkpt>
   <trkpt lat="-8.060928" lon="-34.898063">
    <ele>8.5</ele>
    <time>2021-09-02T22:54:32.000Z</time>
   </trkpt>
   <trkpt lat="-8.060971" lon="-34.898054">
    <ele>8.5</ele>
    <time>2021-09-02T22:54:34.000Z</time>
   </trkpt>
   <trkpt lat="-8.061102" lon="-34.898015">
    <ele>8.6</ele>
    <time>2021-09-02T22:54:35.000Z</time>
   </trkpt>
   <trkpt lat="-8.061153" lon="-34.898002">
    <ele>8.6</ele>
    <time>2021-09-02T22:54:36.000Z</time>
   </trkpt>
   <trkpt lat="-8.06119" lon="-34.897999">
    <ele>8.6</ele>
    <time>2021-09-02T22:54:38.000Z</time>
   </trkpt>
   <trkpt lat="-8.06127" lon="-34.89801">
    <ele>8.6</ele>
    <time>2021-09-02T22:54:39.000Z</time>
   </trkpt>
   <trkpt lat="-8.061324" lon="-34.898009">
    <ele>8.6</ele>
    <time>2021-09-02T22:54:41.000Z</time>
   </trkpt>
   <trkpt lat="-8.061428" lon="-34.898002">
    <ele>8.7</ele>
    <time>2021-09-02T22:54:42.000Z</time>
   </trkpt>
   <trkpt lat="-8.06146" lon="-34.897997">
    <ele>8.7</ele>
    <time>2021-09-02T22:54:44.000Z</time>
   </trkpt>
   <trkpt lat="-8.061503" lon="-34.898004">
    <ele>8.7</ele>
    <time>2021-09-02T22:54:45.000Z</time>
   </trkpt>
   <trkpt lat="-8.061523" lon="-34.897997">
    <ele>8.7</ele>
    <time>2021-09-02T22:54:46.000Z</time>
   </trkpt>
   <trkpt lat="-8.061597" lon="-34.897975">
    <ele>8.7</ele>
    <time>2021-09-02T22:54:48.000Z</time>
   </trkpt>
   <trkpt lat="-8.061631" lon="-34.89799">
    <ele>8.8</ele>
    <time>2021-09-02T22:54:50.000Z</time>
   </trkpt>
   <trkpt lat="-8.061692" lon="-34.897988">
    <ele>8.8</ele>
    <time>2021-09-02T22:54:53.000Z</time>
   </trkpt>
   <trkpt lat="-8.061745" lon="-34.897977">
    <ele>8.8</ele>
    <time>2021-09-02T22:54:55.000Z</time>
   </trkpt>
   <trkpt lat="-8.061838" lon="-34.89797">
    <ele>8.9</ele>
    <time>2021-09-02T22:54:57.000Z</time>
   </trkpt>
   <trkpt lat="-8.061885" lon="-34.897958">
    <ele>8.9</ele>
    <time>2021-09-02T22:54:59.000Z</time>
   </trkpt>
   <trkpt lat="-8.061921" lon="-34.897945">
    <ele>8.9</ele>
    <time>2021-09-02T22:55:00.000Z</time>
   </trkpt>
   <trkpt lat="-8.062026" lon="-34.897929">
    <ele>8.9</ele>
    <time>2021-09-02T22:55:02.000Z</time>
   </trkpt>
   <trkpt lat="-8.062066" lon="-34.897919">
    <ele>9</ele>
    <time>2021-09-02T22:55:03.000Z</time>
   </trkpt>
   <trkpt lat="-8.062155" lon="-34.897902">
    <ele>9</ele>
    <time>2021-09-02T22:55:05.000Z</time>
   </trkpt>
   <trkpt lat="-8.062252" lon="-34.897892">
    <ele>9</ele>
    <time>2021-09-02T22:55:06.000Z</time>
   </trkpt>
   <trkpt lat="-8.062306" lon="-34.897889">
    <ele>9</ele>
    <time>2021-09-02T22:55:07.000Z</time>
   </trkpt>
   <trkpt lat="-8.062356" lon="-34.897884">
    <ele>8.9</ele>
    <time>2021-09-02T22:55:08.000Z</time>
   </trkpt>
   <trkpt lat="-8.062405" lon="-34.897876">
    <ele>8.8</ele>
    <time>2021-09-02T22:55:09.000Z</time>
   </trkpt>
   <trkpt lat="-8.062448" lon="-34.897875">
    <ele>8.8</ele>
    <time>2021-09-02T22:55:10.000Z</time>
   </trkpt>
   <trkpt lat="-8.062494" lon="-34.897875">
    <ele>8.7</ele>
    <time>2021-09-02T22:55:11.000Z</time>
   </trkpt>
   <trkpt lat="-8.062545" lon="-34.897872">
    <ele>8.7</ele>
    <time>2021-09-02T22:55:12.000Z</time>
   </trkpt>
   <trkpt lat="-8.062597" lon="-34.897868">
    <ele>8.8</ele>
    <time>2021-09-02T22:55:14.000Z</time>
   </trkpt>
   <trkpt lat="-8.062697" lon="-34.897849">
    <ele>8.9</ele>
    <time>2021-09-02T22:55:15.000Z</time>
   </trkpt>
   <trkpt lat="-8.062747" lon="-34.897837">
    <ele>8.9</ele>
    <time>2021-09-02T22:55:16.000Z</time>
   </trkpt>
   <trkpt lat="-8.0628" lon="-34.897828">
    <ele>9</ele>
    <time>2021-09-02T22:55:18.000Z</time>
   </trkpt>
   <trkpt lat="-8.062851" lon="-34.897826">
    <ele>9</ele>
    <time>2021-09-02T22:55:19.000Z</time>
   </trkpt>
   <trkpt lat="-8.062904" lon="-34.897823">
    <ele>9.1</ele>
    <time>2021-09-02T22:55:20.000Z</time>
   </trkpt>
   <trkpt lat="-8.063009" lon="-34.897818">
    <ele>9.1</ele>
    <time>2021-09-02T22:55:21.000Z</time>
   </trkpt>
   <trkpt lat="-8.063057" lon="-34.897812">
    <ele>9.2</ele>
    <time>2021-09-02T22:55:23.000Z</time>
   </trkpt>
   <trkpt lat="-8.06316" lon="-34.897807">
    <ele>9.2</ele>
    <time>2021-09-02T22:55:24.000Z</time>
   </trkpt>
   <trkpt lat="-8.063211" lon="-34.897813">
    <ele>9.2</ele>
    <time>2021-09-02T22:55:25.000Z</time>
   </trkpt>
   <trkpt lat="-8.063261" lon="-34.897815">
    <ele>9.2</ele>
    <time>2021-09-02T22:55:27.000Z</time>
   </trkpt>
   <trkpt lat="-8.063371" lon="-34.897817">
    <ele>9.2</ele>
    <time>2021-09-02T22:55:29.000Z</time>
   </trkpt>
   <trkpt lat="-8.063507" lon="-34.897803">
    <ele>9.2</ele>
    <time>2021-09-02T22:55:31.000Z</time>
   </trkpt>
   <trkpt lat="-8.063649" lon="-34.897783">
    <ele>9.2</ele>
    <time>2021-09-02T22:55:32.000Z</time>
   </trkpt>
   <trkpt lat="-8.063712" lon="-34.897786">
    <ele>9.2</ele>
    <time>2021-09-02T22:55:34.000Z</time>
   </trkpt>
   <trkpt lat="-8.063846" lon="-34.897798">
    <ele>9.2</ele>
    <time>2021-09-02T22:55:35.000Z</time>
   </trkpt>
   <trkpt lat="-8.063915" lon="-34.897803">
    <ele>9.2</ele>
    <time>2021-09-02T22:55:36.000Z</time>
   </trkpt>
   <trkpt lat="-8.06397" lon="-34.897802">
    <ele>9.2</ele>
    <time>2021-09-02T22:55:37.000Z</time>
   </trkpt>
   <trkpt lat="-8.06403" lon="-34.897805">
    <ele>9.2</ele>
    <time>2021-09-02T22:55:39.000Z</time>
   </trkpt>
   <trkpt lat="-8.064092" lon="-34.897802">
    <ele>9.2</ele>
    <time>2021-09-02T22:55:40.000Z</time>
   </trkpt>
   <trkpt lat="-8.064199" lon="-34.897773">
    <ele>9.2</ele>
    <time>2021-09-02T22:55:41.000Z</time>
   </trkpt>
   <trkpt lat="-8.064259" lon="-34.897762">
    <ele>9.2</ele>
    <time>2021-09-02T22:55:42.000Z</time>
   </trkpt>
   <trkpt lat="-8.064317" lon="-34.897739">
    <ele>9.2</ele>
    <time>2021-09-02T22:55:43.000Z</time>
   </trkpt>
   <trkpt lat="-8.06437" lon="-34.897725">
    <ele>9.2</ele>
    <time>2021-09-02T22:55:44.000Z</time>
   </trkpt>
   <trkpt lat="-8.064422" lon="-34.89771">
    <ele>9.3</ele>
    <time>2021-09-02T22:55:45.000Z</time>
   </trkpt>
   <trkpt lat="-8.064475" lon="-34.897697">
    <ele>9.3</ele>
    <time>2021-09-02T22:55:46.000Z</time>
   </trkpt>
   <trkpt lat="-8.064528" lon="-34.897677">
    <ele>9.3</ele>
    <time>2021-09-02T22:55:48.000Z</time>
   </trkpt>
   <trkpt lat="-8.064646" lon="-34.897651">
    <ele>9.3</ele>
    <time>2021-09-02T22:55:50.000Z</time>
   </trkpt>
   <trkpt lat="-8.064703" lon="-34.897645">
    <ele>9.4</ele>
    <time>2021-09-02T22:55:51.000Z</time>
   </trkpt>
   <trkpt lat="-8.064815" lon="-34.897645">
    <ele>9.4</ele>
    <time>2021-09-02T22:55:53.000Z</time>
   </trkpt>
   <trkpt lat="-8.064936" lon="-34.897648">
    <ele>9.3</ele>
    <time>2021-09-02T22:55:55.000Z</time>
   </trkpt>
   <trkpt lat="-8.065055" lon="-34.897685">
    <ele>9.3</ele>
    <time>2021-09-02T22:55:56.000Z</time>
   </trkpt>
   <trkpt lat="-8.065117" lon="-34.897703">
    <ele>9.3</ele>
    <time>2021-09-02T22:55:57.000Z</time>
   </trkpt>
   <trkpt lat="-8.06518" lon="-34.897721">
    <ele>9.2</ele>
    <time>2021-09-02T22:55:58.000Z</time>
   </trkpt>
   <trkpt lat="-8.065237" lon="-34.897743">
    <ele>9.2</ele>
    <time>2021-09-02T22:56:00.000Z</time>
   </trkpt>
   <trkpt lat="-8.06535" lon="-34.897786">
    <ele>9.2</ele>
    <time>2021-09-02T22:56:02.000Z</time>
   </trkpt>
   <trkpt lat="-8.065453" lon="-34.897829">
    <ele>9.2</ele>
    <time>2021-09-02T22:56:04.000Z</time>
   </trkpt>
   <trkpt lat="-8.065551" lon="-34.897892">
    <ele>9.1</ele>
    <time>2021-09-02T22:56:06.000Z</time>
   </trkpt>
   <trkpt lat="-8.065589" lon="-34.897918">
    <ele>9.1</ele>
    <time>2021-09-02T22:56:07.000Z</time>
   </trkpt>
   <trkpt lat="-8.065702" lon="-34.897959">
    <ele>9.1</ele>
    <time>2021-09-02T22:56:09.000Z</time>
   </trkpt>
   <trkpt lat="-8.065755" lon="-34.89798">
    <ele>9.1</ele>
    <time>2021-09-02T22:56:10.000Z</time>
   </trkpt>
   <trkpt lat="-8.065849" lon="-34.898034">
    <ele>9.2</ele>
    <time>2021-09-02T22:56:11.000Z</time>
   </trkpt>
   <trkpt lat="-8.065899" lon="-34.898057">
    <ele>9.2</ele>
    <time>2021-09-02T22:56:13.000Z</time>
   </trkpt>
   <trkpt lat="-8.06599" lon="-34.898096">
    <ele>9.1</ele>
    <time>2021-09-02T22:56:14.000Z</time>
   </trkpt>
   <trkpt lat="-8.066041" lon="-34.898106">
    <ele>9.1</ele>
    <time>2021-09-02T22:56:15.000Z</time>
   </trkpt>
   <trkpt lat="-8.066101" lon="-34.898109">
    <ele>9.1</ele>
    <time>2021-09-02T22:56:17.000Z</time>
   </trkpt>
   <trkpt lat="-8.066231" lon="-34.898114">
    <ele>9.2</ele>
    <time>2021-09-02T22:56:19.000Z</time>
   </trkpt>
   <trkpt lat="-8.066359" lon="-34.89811">
    <ele>9.2</ele>
    <time>2021-09-02T22:56:20.000Z</time>
   </trkpt>
   <trkpt lat="-8.066411" lon="-34.898105">
    <ele>9.2</ele>
    <time>2021-09-02T22:56:21.000Z</time>
   </trkpt>
   <trkpt lat="-8.066461" lon="-34.898092">
    <ele>9.2</ele>
    <time>2021-09-02T22:56:22.000Z</time>
   </trkpt>
   <trkpt lat="-8.066501" lon="-34.898078">
    <ele>9.2</ele>
    <time>2021-09-02T22:56:23.000Z</time>
   </trkpt>
   <trkpt lat="-8.066531" lon="-34.898061">
    <ele>9.2</ele>
    <time>2021-09-02T22:56:24.000Z</time>
   </trkpt>
   <trkpt lat="-8.066556" lon="-34.898034">
    <ele>9.2</ele>
    <time>2021-09-02T22:56:25.000Z</time>
   </trkpt>
   <trkpt lat="-8.06656" lon="-34.897987">
    <ele>9.2</ele>
    <time>2021-09-02T22:56:27.000Z</time>
   </trkpt>
   <trkpt lat="-8.066565" lon="-34.897878">
    <ele>9.2</ele>
    <time>2021-09-02T22:56:28.000Z</time>
   </trkpt>
   <trkpt lat="-8.066562" lon="-34.897827">
    <ele>9.2</ele>
    <time>2021-09-02T22:56:29.000Z</time>
   </trkpt>
   <trkpt lat="-8.066566" lon="-34.897767">
    <ele>9.2</ele>
    <time>2021-09-02T22:56:31.000Z</time>
   </trkpt>
   <trkpt lat="-8.066567" lon="-34.897708">
    <ele>9.2</ele>
    <time>2021-09-02T22:56:32.000Z</time>
   </trkpt>
   <trkpt lat="-8.066583" lon="-34.897582">
    <ele>8.9</ele>
    <time>2021-09-02T22:56:33.000Z</time>
   </trkpt>
   <trkpt lat="-8.066592" lon="-34.897511">
    <ele>8.8</ele>
    <time>2021-09-02T22:56:34.000Z</time>
   </trkpt>
   <trkpt lat="-8.066599" lon="-34.897448">
    <ele>8.6</ele>
    <time>2021-09-02T22:56:36.000Z</time>
   </trkpt>
   <trkpt lat="-8.0666" lon="-34.897306">
    <ele>8.3</ele>
    <time>2021-09-02T22:56:38.000Z</time>
   </trkpt>
   <trkpt lat="-8.066616" lon="-34.897134">
    <ele>8.1</ele>
    <time>2021-09-02T22:56:39.000Z</time>
   </trkpt>
   <trkpt lat="-8.066629" lon="-34.896891">
    <ele>8.2</ele>
    <time>2021-09-02T22:56:42.000Z</time>
   </trkpt>
   <trkpt lat="-8.06664" lon="-34.896821">
    <ele>8.2</ele>
    <time>2021-09-02T22:56:44.000Z</time>
   </trkpt>
   <trkpt lat="-8.066653" lon="-34.896758">
    <ele>8.2</ele>
    <time>2021-09-02T22:56:45.000Z</time>
   </trkpt>
   <trkpt lat="-8.066681" lon="-34.896697">
    <ele>8.2</ele>
    <time>2021-09-02T22:56:46.000Z</time>
   </trkpt>
   <trkpt lat="-8.06675" lon="-34.896551">
    <ele>8.2</ele>
    <time>2021-09-02T22:56:47.000Z</time>
   </trkpt>
   <trkpt lat="-8.066769" lon="-34.896491">
    <ele>8.2</ele>
    <time>2021-09-02T22:56:48.000Z</time>
   </trkpt>
   <trkpt lat="-8.066796" lon="-34.896415">
    <ele>8.3</ele>
    <time>2021-09-02T22:56:49.000Z</time>
   </trkpt>
   <trkpt lat="-8.066826" lon="-34.896341">
    <ele>8.3</ele>
    <time>2021-09-02T22:56:50.000Z</time>
   </trkpt>
   <trkpt lat="-8.066852" lon="-34.896275">
    <ele>8.3</ele>
    <time>2021-09-02T22:56:51.000Z</time>
   </trkpt>
   <trkpt lat="-8.06688" lon="-34.896208">
    <ele>8.4</ele>
    <time>2021-09-02T22:56:53.000Z</time>
   </trkpt>
   <trkpt lat="-8.066928" lon="-34.896089">
    <ele>8.5</ele>
    <time>2021-09-02T22:56:54.000Z</time>
   </trkpt>
   <trkpt lat="-8.066945" lon="-34.896034">
    <ele>8.6</ele>
    <time>2021-09-02T22:56:56.000Z</time>
   </trkpt>
   <trkpt lat="-8.066923" lon="-34.895954">
    <ele>8.7</ele>
    <time>2021-09-02T22:56:57.000Z</time>
   </trkpt>
   <trkpt lat="-8.06689" lon="-34.89593">
    <ele>8.8</ele>
    <time>2021-09-02T22:56:58.000Z</time>
   </trkpt>
   <trkpt lat="-8.066846" lon="-34.89591">
    <ele>8.8</ele>
    <time>2021-09-02T22:56:59.000Z</time>
   </trkpt>
   <trkpt lat="-8.066808" lon="-34.895884">
    <ele>8.8</ele>
    <time>2021-09-02T22:57:00.000Z</time>
   </trkpt>
   <trkpt lat="-8.066779" lon="-34.895837">
    <ele>8.8</ele>
    <time>2021-09-02T22:57:01.000Z</time>
   </trkpt>
   <trkpt lat="-8.066737" lon="-34.895786">
    <ele>8.8</ele>
    <time>2021-09-02T22:57:02.000Z</time>
   </trkpt>
   <trkpt lat="-8.066709" lon="-34.895737">
    <ele>8.8</ele>
    <time>2021-09-02T22:57:04.000Z</time>
   </trkpt>
   <trkpt lat="-8.06662" lon="-34.895642">
    <ele>8.7</ele>
    <time>2021-09-02T22:57:05.000Z</time>
   </trkpt>
   <trkpt lat="-8.066576" lon="-34.895606">
    <ele>8.6</ele>
    <time>2021-09-02T22:57:06.000Z</time>
   </trkpt>
   <trkpt lat="-8.066527" lon="-34.895594">
    <ele>8.5</ele>
    <time>2021-09-02T22:57:08.000Z</time>
   </trkpt>
   <trkpt lat="-8.066487" lon="-34.895602">
    <ele>8.5</ele>
    <time>2021-09-02T22:57:09.000Z</time>
   </trkpt>
   <trkpt lat="-8.066407" lon="-34.895651">
    <ele>8.4</ele>
    <time>2021-09-02T22:57:10.000Z</time>
   </trkpt>
   <trkpt lat="-8.066387" lon="-34.895683">
    <ele>8.3</ele>
    <time>2021-09-02T22:57:12.000Z</time>
   </trkpt>
   <trkpt lat="-8.066376" lon="-34.895739">
    <ele>8.2</ele>
    <time>2021-09-02T22:57:13.000Z</time>
   </trkpt>
   <trkpt lat="-8.066352" lon="-34.895827">
    <ele>8.1</ele>
    <time>2021-09-02T22:57:14.000Z</time>
   </trkpt>
   <trkpt lat="-8.066323" lon="-34.895874">
    <ele>8.1</ele>
    <time>2021-09-02T22:57:15.000Z</time>
   </trkpt>
   <trkpt lat="-8.066297" lon="-34.895922">
    <ele>8.1</ele>
    <time>2021-09-02T22:57:16.000Z</time>
   </trkpt>
   <trkpt lat="-8.066266" lon="-34.89598">
    <ele>8.1</ele>
    <time>2021-09-02T22:57:18.000Z</time>
   </trkpt>
   <trkpt lat="-8.066215" lon="-34.896094">
    <ele>8.2</ele>
    <time>2021-09-02T22:57:19.000Z</time>
   </trkpt>
   <trkpt lat="-8.06619" lon="-34.896134">
    <ele>8.2</ele>
    <time>2021-09-02T22:57:20.000Z</time>
   </trkpt>
   <trkpt lat="-8.066157" lon="-34.896179">
    <ele>8.3</ele>
    <time>2021-09-02T22:57:21.000Z</time>
   </trkpt>
   <trkpt lat="-8.066122" lon="-34.896225">
    <ele>8.3</ele>
    <time>2021-09-02T22:57:22.000Z</time>
   </trkpt>
   <trkpt lat="-8.066099" lon="-34.89627">
    <ele>8.4</ele>
    <time>2021-09-02T22:57:23.000Z</time>
   </trkpt>
   <trkpt lat="-8.066078" lon="-34.89632">
    <ele>8.5</ele>
    <time>2021-09-02T22:57:24.000Z</time>
   </trkpt>
   <trkpt lat="-8.066051" lon="-34.896369">
    <ele>8.5</ele>
    <time>2021-09-02T22:57:25.000Z</time>
   </trkpt>
   <trkpt lat="-8.065982" lon="-34.896428">
    <ele>8.6</ele>
    <time>2021-09-02T22:57:27.000Z</time>
   </trkpt>
   <trkpt lat="-8.065894" lon="-34.896526">
    <ele>8.7</ele>
    <time>2021-09-02T22:57:29.000Z</time>
   </trkpt>
   <trkpt lat="-8.065827" lon="-34.896602">
    <ele>8.8</ele>
    <time>2021-09-02T22:57:30.000Z</time>
   </trkpt>
   <trkpt lat="-8.065797" lon="-34.896652">
    <ele>8.8</ele>
    <time>2021-09-02T22:57:31.000Z</time>
   </trkpt>
   <trkpt lat="-8.06577" lon="-34.89669">
    <ele>8.9</ele>
    <time>2021-09-02T22:57:32.000Z</time>
   </trkpt>
   <trkpt lat="-8.065737" lon="-34.896711">
    <ele>9</ele>
    <time>2021-09-02T22:57:33.000Z</time>
   </trkpt>
   <trkpt lat="-8.065702" lon="-34.896746">
    <ele>9.1</ele>
    <time>2021-09-02T22:57:35.000Z</time>
   </trkpt>
   <trkpt lat="-8.065675" lon="-34.89676">
    <ele>9.2</ele>
    <time>2021-09-02T22:57:36.000Z</time>
   </trkpt>
   <trkpt lat="-8.065641" lon="-34.896784">
    <ele>9.3</ele>
    <time>2021-09-02T22:57:37.000Z</time>
   </trkpt>
   <trkpt lat="-8.065575" lon="-34.896803">
    <ele>9.4</ele>
    <time>2021-09-02T22:57:38.000Z</time>
   </trkpt>
   <trkpt lat="-8.06553" lon="-34.896835">
    <ele>9.4</ele>
    <time>2021-09-02T22:57:39.000Z</time>
   </trkpt>
   <trkpt lat="-8.065477" lon="-34.896858">
    <ele>9.5</ele>
    <time>2021-09-02T22:57:40.000Z</time>
   </trkpt>
   <trkpt lat="-8.065424" lon="-34.896866">
    <ele>9.5</ele>
    <time>2021-09-02T22:57:42.000Z</time>
   </trkpt>
   <trkpt lat="-8.065367" lon="-34.896884">
    <ele>9.5</ele>
    <time>2021-09-02T22:57:43.000Z</time>
   </trkpt>
   <trkpt lat="-8.065259" lon="-34.896904">
    <ele>9.6</ele>
    <time>2021-09-02T22:57:44.000Z</time>
   </trkpt>
   <trkpt lat="-8.0652" lon="-34.896908">
    <ele>9.6</ele>
    <time>2021-09-02T22:57:45.000Z</time>
   </trkpt>
   <trkpt lat="-8.065143" lon="-34.896914">
    <ele>9.6</ele>
    <time>2021-09-02T22:57:46.000Z</time>
   </trkpt>
   <trkpt lat="-8.065086" lon="-34.896922">
    <ele>9.6</ele>
    <time>2021-09-02T22:57:47.000Z</time>
   </trkpt>
   <trkpt lat="-8.06502" lon="-34.896921">
    <ele>9.6</ele>
    <time>2021-09-02T22:57:48.000Z</time>
   </trkpt>
   <trkpt lat="-8.06497" lon="-34.896932">
    <ele>9.5</ele>
    <time>2021-09-02T22:57:49.000Z</time>
   </trkpt>
   <trkpt lat="-8.064923" lon="-34.896932">
    <ele>9.5</ele>
    <time>2021-09-02T22:57:50.000Z</time>
   </trkpt>
   <trkpt lat="-8.064876" lon="-34.896936">
    <ele>9.5</ele>
    <time>2021-09-02T22:57:51.000Z</time>
   </trkpt>
   <trkpt lat="-8.064824" lon="-34.896945">
    <ele>9.5</ele>
    <time>2021-09-02T22:57:52.000Z</time>
   </trkpt>
   <trkpt lat="-8.06478" lon="-34.896943">
    <ele>9.4</ele>
    <time>2021-09-02T22:57:53.000Z</time>
   </trkpt>
   <trkpt lat="-8.064733" lon="-34.896945">
    <ele>9.4</ele>
    <time>2021-09-02T22:57:55.000Z</time>
   </trkpt>
   <trkpt lat="-8.064608" lon="-34.896932">
    <ele>9.4</ele>
    <time>2021-09-02T22:57:56.000Z</time>
   </trkpt>
   <trkpt lat="-8.064552" lon="-34.896925">
    <ele>9.4</ele>
    <time>2021-09-02T22:57:58.000Z</time>
   </trkpt>
   <trkpt lat="-8.064501" lon="-34.896925">
    <ele>9.4</ele>
    <time>2021-09-02T22:57:59.000Z</time>
   </trkpt>
   <trkpt lat="-8.064399" lon="-34.896949">
    <ele>9.3</ele>
    <time>2021-09-02T22:58:00.000Z</time>
   </trkpt>
   <trkpt lat="-8.064368" lon="-34.896953">
    <ele>9.3</ele>
    <time>2021-09-02T22:58:01.000Z</time>
   </trkpt>
   <trkpt lat="-8.064316" lon="-34.896962">
    <ele>9.3</ele>
    <time>2021-09-02T22:58:02.000Z</time>
   </trkpt>
   <trkpt lat="-8.064269" lon="-34.896962">
    <ele>9.2</ele>
    <time>2021-09-02T22:58:03.000Z</time>
   </trkpt>
   <trkpt lat="-8.064222" lon="-34.896963">
    <ele>9.2</ele>
    <time>2021-09-02T22:58:05.000Z</time>
   </trkpt>
   <trkpt lat="-8.064186" lon="-34.896967">
    <ele>9.2</ele>
    <time>2021-09-02T22:58:06.000Z</time>
   </trkpt>
   <trkpt lat="-8.064143" lon="-34.896969">
    <ele>9.2</ele>
    <time>2021-09-02T22:58:07.000Z</time>
   </trkpt>
   <trkpt lat="-8.064098" lon="-34.896972">
    <ele>9.1</ele>
    <time>2021-09-02T22:58:08.000Z</time>
   </trkpt>
   <trkpt lat="-8.064057" lon="-34.896975">
    <ele>9.1</ele>
    <time>2021-09-02T22:58:09.000Z</time>
   </trkpt>
   <trkpt lat="-8.064021" lon="-34.896982">
    <ele>9</ele>
    <time>2021-09-02T22:58:10.000Z</time>
   </trkpt>
   <trkpt lat="-8.063991" lon="-34.896988">
    <ele>9</ele>
    <time>2021-09-02T22:58:11.000Z</time>
   </trkpt>
   <trkpt lat="-8.06395" lon="-34.896994">
    <ele>8.9</ele>
    <time>2021-09-02T22:58:13.000Z</time>
   </trkpt>
   <trkpt lat="-8.063919" lon="-34.897001">
    <ele>8.8</ele>
    <time>2021-09-02T22:58:15.000Z</time>
   </trkpt>
   <trkpt lat="-8.063857" lon="-34.897006">
    <ele>8.7</ele>
    <time>2021-09-02T22:58:18.000Z</time>
   </trkpt>
   <trkpt lat="-8.06382" lon="-34.897011">
    <ele>8.7</ele>
    <time>2021-09-02T22:58:22.000Z</time>
   </trkpt>
   <trkpt lat="-8.063784" lon="-34.897015">
    <ele>8.6</ele>
    <time>2021-09-02T22:58:26.000Z</time>
   </trkpt>
   <trkpt lat="-8.063747" lon="-34.89702">
    <ele>8.6</ele>
    <time>2021-09-02T22:58:27.000Z</time>
   </trkpt>
   <trkpt lat="-8.063709" lon="-34.897025">
    <ele>8.6</ele>
    <time>2021-09-02T22:58:29.000Z</time>
   </trkpt>
   <trkpt lat="-8.063628" lon="-34.89704">
    <ele>8.5</ele>
    <time>2021-09-02T22:58:31.000Z</time>
   </trkpt>
   <trkpt lat="-8.063589" lon="-34.897051">
    <ele>8.5</ele>
    <time>2021-09-02T22:58:32.000Z</time>
   </trkpt>
   <trkpt lat="-8.063513" lon="-34.897077">
    <ele>8.5</ele>
    <time>2021-09-02T22:58:33.000Z</time>
   </trkpt>
   <trkpt lat="-8.063471" lon="-34.897088">
    <ele>8.5</ele>
    <time>2021-09-02T22:58:34.000Z</time>
   </trkpt>
   <trkpt lat="-8.063428" lon="-34.89709">
    <ele>8.5</ele>
    <time>2021-09-02T22:58:36.000Z</time>
   </trkpt>
   <trkpt lat="-8.063327" lon="-34.897095">
    <ele>8.5</ele>
    <time>2021-09-02T22:58:37.000Z</time>
   </trkpt>
   <trkpt lat="-8.063266" lon="-34.897102">
    <ele>8.5</ele>
    <time>2021-09-02T22:58:38.000Z</time>
   </trkpt>
   <trkpt lat="-8.063199" lon="-34.897112">
    <ele>8.6</ele>
    <time>2021-09-02T22:58:39.000Z</time>
   </trkpt>
   <trkpt lat="-8.063153" lon="-34.897105">
    <ele>8.6</ele>
    <time>2021-09-02T22:58:40.000Z</time>
   </trkpt>
   <trkpt lat="-8.063106" lon="-34.897096">
    <ele>8.7</ele>
    <time>2021-09-02T22:58:41.000Z</time>
   </trkpt>
   <trkpt lat="-8.063056" lon="-34.897074">
    <ele>8.7</ele>
    <time>2021-09-02T22:58:43.000Z</time>
   </trkpt>
   <trkpt lat="-8.063004" lon="-34.897058">
    <ele>8.7</ele>
    <time>2021-09-02T22:58:44.000Z</time>
   </trkpt>
   <trkpt lat="-8.06295" lon="-34.897063">
    <ele>8.7</ele>
    <time>2021-09-02T22:58:45.000Z</time>
   </trkpt>
   <trkpt lat="-8.062888" lon="-34.897062">
    <ele>8.8</ele>
    <time>2021-09-02T22:58:46.000Z</time>
   </trkpt>
   <trkpt lat="-8.062791" lon="-34.897065">
    <ele>8.8</ele>
    <time>2021-09-02T22:58:47.000Z</time>
   </trkpt>
   <trkpt lat="-8.062737" lon="-34.897068">
    <ele>8.9</ele>
    <time>2021-09-02T22:58:48.000Z</time>
   </trkpt>
   <trkpt lat="-8.062693" lon="-34.897072">
    <ele>8.9</ele>
    <time>2021-09-02T22:58:49.000Z</time>
   </trkpt>
   <trkpt lat="-8.062663" lon="-34.897072">
    <ele>8.9</ele>
    <time>2021-09-02T22:58:50.000Z</time>
   </trkpt>
   <trkpt lat="-8.062602" lon="-34.897091">
    <ele>9</ele>
    <time>2021-09-02T22:58:52.000Z</time>
   </trkpt>
   <trkpt lat="-8.062575" lon="-34.8971">
    <ele>9</ele>
    <time>2021-09-02T22:58:53.000Z</time>
   </trkpt>
   <trkpt lat="-8.062554" lon="-34.897109">
    <ele>9.1</ele>
    <time>2021-09-02T22:58:54.000Z</time>
   </trkpt>
   <trkpt lat="-8.062525" lon="-34.897124">
    <ele>9.1</ele>
    <time>2021-09-02T22:58:57.000Z</time>
   </trkpt>
   <trkpt lat="-8.062512" lon="-34.897135">
    <ele>9.1</ele>
    <time>2021-09-02T22:58:59.000Z</time>
   </trkpt>
   <trkpt lat="-8.062417" lon="-34.897129">
    <ele>9.1</ele>
    <time>2021-09-02T22:59:03.000Z</time>
   </trkpt>
   <trkpt lat="-8.062376" lon="-34.897127">
    <ele>9.1</ele>
    <time>2021-09-02T22:59:04.000Z</time>
   </trkpt>
   <trkpt lat="-8.062325" lon="-34.897125">
    <ele>9.1</ele>
    <time>2021-09-02T22:59:05.000Z</time>
   </trkpt>
   <trkpt lat="-8.062278" lon="-34.897125">
    <ele>9.1</ele>
    <time>2021-09-02T22:59:06.000Z</time>
   </trkpt>
   <trkpt lat="-8.06223" lon="-34.897129">
    <ele>9</ele>
    <time>2021-09-02T22:59:07.000Z</time>
   </trkpt>
   <trkpt lat="-8.06218" lon="-34.897139">
    <ele>9</ele>
    <time>2021-09-02T22:59:08.000Z</time>
   </trkpt>
   <trkpt lat="-8.062128" lon="-34.897152">
    <ele>9</ele>
    <time>2021-09-02T22:59:09.000Z</time>
   </trkpt>
   <trkpt lat="-8.062071" lon="-34.897171">
    <ele>8.9</ele>
    <time>2021-09-02T22:59:10.000Z</time>
   </trkpt>
   <trkpt lat="-8.06202" lon="-34.897185">
    <ele>8.9</ele>
    <time>2021-09-02T22:59:12.000Z</time>
   </trkpt>
   <trkpt lat="-8.061973" lon="-34.897191">
    <ele>8.9</ele>
    <time>2021-09-02T22:59:13.000Z</time>
   </trkpt>
   <trkpt lat="-8.061854" lon="-34.897215">
    <ele>8.8</ele>
    <time>2021-09-02T22:59:15.000Z</time>
   </trkpt>
   <trkpt lat="-8.061732" lon="-34.897226">
    <ele>8.8</ele>
    <time>2021-09-02T22:59:17.000Z</time>
   </trkpt>
   <trkpt lat="-8.061618" lon="-34.897226">
    <ele>8.7</ele>
    <time>2021-09-02T22:59:19.000Z</time>
   </trkpt>
   <trkpt lat="-8.061563" lon="-34.897229">
    <ele>8.7</ele>
    <time>2021-09-02T22:59:20.000Z</time>
   </trkpt>
   <trkpt lat="-8.061448" lon="-34.897236">
    <ele>8.7</ele>
    <time>2021-09-02T22:59:22.000Z</time>
   </trkpt>
   <trkpt lat="-8.061333" lon="-34.89726">
    <ele>8.7</ele>
    <time>2021-09-02T22:59:23.000Z</time>
   </trkpt>
   <trkpt lat="-8.061269" lon="-34.897266">
    <ele>8.8</ele>
    <time>2021-09-02T22:59:25.000Z</time>
   </trkpt>
   <trkpt lat="-8.061128" lon="-34.897282">
    <ele>8.8</ele>
    <time>2021-09-02T22:59:27.000Z</time>
   </trkpt>
   <trkpt lat="-8.061015" lon="-34.897299">
    <ele>8.8</ele>
    <time>2021-09-02T22:59:29.000Z</time>
   </trkpt>
   <trkpt lat="-8.060887" lon="-34.897305">
    <ele>8.8</ele>
    <time>2021-09-02T22:59:30.000Z</time>
   </trkpt>
   <trkpt lat="-8.060824" lon="-34.897302">
    <ele>8.8</ele>
    <time>2021-09-02T22:59:31.000Z</time>
   </trkpt>
   <trkpt lat="-8.060758" lon="-34.897304">
    <ele>8.8</ele>
    <time>2021-09-02T22:59:33.000Z</time>
   </trkpt>
   <trkpt lat="-8.060623" lon="-34.89732">
    <ele>8.8</ele>
    <time>2021-09-02T22:59:35.000Z</time>
   </trkpt>
   <trkpt lat="-8.060479" lon="-34.89735">
    <ele>8.8</ele>
    <time>2021-09-02T22:59:37.000Z</time>
   </trkpt>
   <trkpt lat="-8.060346" lon="-34.897374">
    <ele>8.8</ele>
    <time>2021-09-02T22:59:39.000Z</time>
   </trkpt>
   <trkpt lat="-8.060202" lon="-34.897402">
    <ele>8.8</ele>
    <time>2021-09-02T22:59:40.000Z</time>
   </trkpt>
   <trkpt lat="-8.060139" lon="-34.897408">
    <ele>8.8</ele>
    <time>2021-09-02T22:59:41.000Z</time>
   </trkpt>
   <trkpt lat="-8.060076" lon="-34.897417">
    <ele>8.9</ele>
    <time>2021-09-02T22:59:43.000Z</time>
   </trkpt>
   <trkpt lat="-8.060029" lon="-34.897422">
    <ele>8.9</ele>
    <time>2021-09-02T22:59:44.000Z</time>
   </trkpt>
   <trkpt lat="-8.059905" lon="-34.897407">
    <ele>8.9</ele>
    <time>2021-09-02T22:59:45.000Z</time>
   </trkpt>
   <trkpt lat="-8.059834" lon="-34.897404">
    <ele>9</ele>
    <time>2021-09-02T22:59:46.000Z</time>
   </trkpt>
   <trkpt lat="-8.059765" lon="-34.897407">
    <ele>9</ele>
    <time>2021-09-02T22:59:48.000Z</time>
   </trkpt>
   <trkpt lat="-8.059627" lon="-34.897423">
    <ele>9.1</ele>
    <time>2021-09-02T22:59:50.000Z</time>
   </trkpt>
   <trkpt lat="-8.059495" lon="-34.897423">
    <ele>9.1</ele>
    <time>2021-09-02T22:59:51.000Z</time>
   </trkpt>
   <trkpt lat="-8.059431" lon="-34.897433">
    <ele>9.2</ele>
    <time>2021-09-02T22:59:52.000Z</time>
   </trkpt>
   <trkpt lat="-8.059356" lon="-34.897441">
    <ele>9.2</ele>
    <time>2021-09-02T22:59:54.000Z</time>
   </trkpt>
   <trkpt lat="-8.059284" lon="-34.897454">
    <ele>9.2</ele>
    <time>2021-09-02T22:59:55.000Z</time>
   </trkpt>
   <trkpt lat="-8.059213" lon="-34.897473">
    <ele>9.3</ele>
    <time>2021-09-02T22:59:56.000Z</time>
   </trkpt>
   <trkpt lat="-8.059058" lon="-34.897502">
    <ele>9.4</ele>
    <time>2021-09-02T22:59:58.000Z</time>
   </trkpt>
   <trkpt lat="-8.058904" lon="-34.897512">
    <ele>9.5</ele>
    <time>2021-09-02T23:00:00.000Z</time>
   </trkpt>
   <trkpt lat="-8.058767" lon="-34.89753">
    <ele>9.4</ele>
    <time>2021-09-02T23:00:02.000Z</time>
   </trkpt>
   <trkpt lat="-8.058619" lon="-34.897548">
    <ele>9.1</ele>
    <time>2021-09-02T23:00:03.000Z</time>
   </trkpt>
   <trkpt lat="-8.058554" lon="-34.897545">
    <ele>9</ele>
    <time>2021-09-02T23:00:04.000Z</time>
   </trkpt>
   <trkpt lat="-8.058488" lon="-34.897545">
    <ele>8.9</ele>
    <time>2021-09-02T23:00:05.000Z</time>
   </trkpt>
   <trkpt lat="-8.058418" lon="-34.897548">
    <ele>8.9</ele>
    <time>2021-09-02T23:00:06.000Z</time>
   </trkpt>
   <trkpt lat="-8.058347" lon="-34.89755">
    <ele>8.8</ele>
    <time>2021-09-02T23:00:08.000Z</time>
   </trkpt>
   <trkpt lat="-8.058208" lon="-34.897553">
    <ele>8.8</ele>
    <time>2021-09-02T23:00:09.000Z</time>
   </trkpt>
   <trkpt lat="-8.058135" lon="-34.897559">
    <ele>8.8</ele>
    <time>2021-09-02T23:00:11.000Z</time>
   </trkpt>
   <trkpt lat="-8.057987" lon="-34.897559">
    <ele>8.8</ele>
    <time>2021-09-02T23:00:12.000Z</time>
   </trkpt>
   <trkpt lat="-8.057922" lon="-34.89756">
    <ele>8.9</ele>
    <time>2021-09-02T23:00:14.000Z</time>
   </trkpt>
   <trkpt lat="-8.057857" lon="-34.897565">
    <ele>8.9</ele>
    <time>2021-09-02T23:00:15.000Z</time>
   </trkpt>
   <trkpt lat="-8.057802" lon="-34.897561">
    <ele>8.9</ele>
    <time>2021-09-02T23:00:16.000Z</time>
   </trkpt>
   <trkpt lat="-8.057689" lon="-34.897556">
    <ele>9</ele>
    <time>2021-09-02T23:00:18.000Z</time>
   </trkpt>
   <trkpt lat="-8.057567" lon="-34.897547">
    <ele>9</ele>
    <time>2021-09-02T23:00:19.000Z</time>
   </trkpt>
   <trkpt lat="-8.057497" lon="-34.897554">
    <ele>9</ele>
    <time>2021-09-02T23:00:20.000Z</time>
   </trkpt>
   <trkpt lat="-8.057446" lon="-34.897555">
    <ele>9</ele>
    <time>2021-09-02T23:00:22.000Z</time>
   </trkpt>
   <trkpt lat="-8.057359" lon="-34.897562">
    <ele>9</ele>
    <time>2021-09-02T23:00:24.000Z</time>
   </trkpt>
   <trkpt lat="-8.057288" lon="-34.897569">
    <ele>9</ele>
    <time>2021-09-02T23:00:25.000Z</time>
   </trkpt>
   <trkpt lat="-8.057256" lon="-34.897572">
    <ele>9</ele>
    <time>2021-09-02T23:00:26.000Z</time>
   </trkpt>
   <trkpt lat="-8.057224" lon="-34.897573">
    <ele>9</ele>
    <time>2021-09-02T23:00:27.000Z</time>
   </trkpt>
   <trkpt lat="-8.057202" lon="-34.89757">
    <ele>9</ele>
    <time>2021-09-02T23:00:28.000Z</time>
   </trkpt>
   <trkpt lat="-8.057134" lon="-34.89758">
    <ele>9</ele>
    <time>2021-09-02T23:00:32.000Z</time>
   </trkpt>
   <trkpt lat="-8.057059" lon="-34.897585">
    <ele>9</ele>
    <time>2021-09-02T23:00:34.000Z</time>
   </trkpt>
   <trkpt lat="-8.057019" lon="-34.89759">
    <ele>9</ele>
    <time>2021-09-02T23:00:35.000Z</time>
   </trkpt>
   <trkpt lat="-8.056978" lon="-34.897591">
    <ele>9</ele>
    <time>2021-09-02T23:00:37.000Z</time>
   </trkpt>
   <trkpt lat="-8.056896" lon="-34.897597">
    <ele>9</ele>
    <time>2021-09-02T23:00:38.000Z</time>
   </trkpt>
   <trkpt lat="-8.056796" lon="-34.897594">
    <ele>9</ele>
    <time>2021-09-02T23:00:40.000Z</time>
   </trkpt>
   <trkpt lat="-8.056745" lon="-34.897589">
    <ele>9.1</ele>
    <time>2021-09-02T23:00:41.000Z</time>
   </trkpt>
   <trkpt lat="-8.056682" lon="-34.897589">
    <ele>9.1</ele>
    <time>2021-09-02T23:00:43.000Z</time>
   </trkpt>
   <trkpt lat="-8.05662" lon="-34.897583">
    <ele>9.2</ele>
    <time>2021-09-02T23:00:44.000Z</time>
   </trkpt>
   <trkpt lat="-8.056504" lon="-34.897581">
    <ele>9</ele>
    <time>2021-09-02T23:00:45.000Z</time>
   </trkpt>
   <trkpt lat="-8.056446" lon="-34.897571">
    <ele>8.9</ele>
    <time>2021-09-02T23:00:46.000Z</time>
   </trkpt>
   <trkpt lat="-8.056382" lon="-34.897566">
    <ele>8.9</ele>
    <time>2021-09-02T23:00:48.000Z</time>
   </trkpt>
   <trkpt lat="-8.056309" lon="-34.897575">
    <ele>8.8</ele>
    <time>2021-09-02T23:00:49.000Z</time>
   </trkpt>
   <trkpt lat="-8.05615" lon="-34.897574">
    <ele>8.6</ele>
    <time>2021-09-02T23:00:50.000Z</time>
   </trkpt>
   <trkpt lat="-8.056088" lon="-34.897573">
    <ele>8.5</ele>
    <time>2021-09-02T23:00:52.000Z</time>
   </trkpt>
   <trkpt lat="-8.055961" lon="-34.897556">
    <ele>8.3</ele>
    <time>2021-09-02T23:00:54.000Z</time>
   </trkpt>
   <trkpt lat="-8.05582" lon="-34.897528">
    <ele>8.3</ele>
    <time>2021-09-02T23:00:56.000Z</time>
   </trkpt>
   <trkpt lat="-8.055671" lon="-34.897496">
    <ele>8.2</ele>
    <time>2021-09-02T23:00:57.000Z</time>
   </trkpt>
   <trkpt lat="-8.055602" lon="-34.897475">
    <ele>8.1</ele>
    <time>2021-09-02T23:00:59.000Z</time>
   </trkpt>
   <trkpt lat="-8.055478" lon="-34.897431">
    <ele>8</ele>
    <time>2021-09-02T23:01:00.000Z</time>
   </trkpt>
   <trkpt lat="-8.055412" lon="-34.897404">
    <ele>7.9</ele>
    <time>2021-09-02T23:01:01.000Z</time>
   </trkpt>
   <trkpt lat="-8.055347" lon="-34.897375">
    <ele>7.9</ele>
    <time>2021-09-02T23:01:02.000Z</time>
   </trkpt>
   <trkpt lat="-8.055277" lon="-34.897344">
    <ele>7.8</ele>
    <time>2021-09-02T23:01:03.000Z</time>
   </trkpt>
   <trkpt lat="-8.055213" lon="-34.897311">
    <ele>7.8</ele>
    <time>2021-09-02T23:01:05.000Z</time>
   </trkpt>
   <trkpt lat="-8.055139" lon="-34.897275">
    <ele>7.7</ele>
    <time>2021-09-02T23:01:06.000Z</time>
   </trkpt>
   <trkpt lat="-8.055006" lon="-34.897203">
    <ele>7.6</ele>
    <time>2021-09-02T23:01:07.000Z</time>
   </trkpt>
   <trkpt lat="-8.054962" lon="-34.897151">
    <ele>7.6</ele>
    <time>2021-09-02T23:01:09.000Z</time>
   </trkpt>
   <trkpt lat="-8.054847" lon="-34.897031">
    <ele>7.5</ele>
    <time>2021-09-02T23:01:11.000Z</time>
   </trkpt>
   <trkpt lat="-8.054712" lon="-34.896947">
    <ele>7.5</ele>
    <time>2021-09-02T23:01:12.000Z</time>
   </trkpt>
   <trkpt lat="-8.054651" lon="-34.896912">
    <ele>7.6</ele>
    <time>2021-09-02T23:01:13.000Z</time>
   </trkpt>
   <trkpt lat="-8.054589" lon="-34.89688">
    <ele>7.6</ele>
    <time>2021-09-02T23:01:15.000Z</time>
   </trkpt>
   <trkpt lat="-8.054482" lon="-34.896826">
    <ele>7.7</ele>
    <time>2021-09-02T23:01:16.000Z</time>
   </trkpt>
   <trkpt lat="-8.054442" lon="-34.89679">
    <ele>7.8</ele>
    <time>2021-09-02T23:01:17.000Z</time>
   </trkpt>
   <trkpt lat="-8.054421" lon="-34.89676">
    <ele>7.9</ele>
    <time>2021-09-02T23:01:18.000Z</time>
   </trkpt>
   <trkpt lat="-8.054397" lon="-34.896741">
    <ele>7.9</ele>
    <time>2021-09-02T23:01:19.000Z</time>
   </trkpt>
   <trkpt lat="-8.054368" lon="-34.896726">
    <ele>8</ele>
    <time>2021-09-02T23:01:20.000Z</time>
   </trkpt>
   <trkpt lat="-8.054342" lon="-34.896701">
    <ele>8</ele>
    <time>2021-09-02T23:01:21.000Z</time>
   </trkpt>
   <trkpt lat="-8.054318" lon="-34.896684">
    <ele>8</ele>
    <time>2021-09-02T23:01:22.000Z</time>
   </trkpt>
   <trkpt lat="-8.05429" lon="-34.896663">
    <ele>8.1</ele>
    <time>2021-09-02T23:01:24.000Z</time>
   </trkpt>
   <trkpt lat="-8.054253" lon="-34.896638">
    <ele>8.1</ele>
    <time>2021-09-02T23:01:25.000Z</time>
   </trkpt>
   <trkpt lat="-8.05421" lon="-34.89661">
    <ele>8.1</ele>
    <time>2021-09-02T23:01:26.000Z</time>
   </trkpt>
   <trkpt lat="-8.054142" lon="-34.896576">
    <ele>8.2</ele>
    <time>2021-09-02T23:01:28.000Z</time>
   </trkpt>
   <trkpt lat="-8.05411" lon="-34.89656">
    <ele>8.2</ele>
    <time>2021-09-02T23:01:29.000Z</time>
   </trkpt>
   <trkpt lat="-8.054058" lon="-34.89653">
    <ele>8.2</ele>
    <time>2021-09-02T23:01:30.000Z</time>
   </trkpt>
   <trkpt lat="-8.05403" lon="-34.896514">
    <ele>8.2</ele>
    <time>2021-09-02T23:01:31.000Z</time>
   </trkpt>
   <trkpt lat="-8.05401" lon="-34.89649">
    <ele>8.2</ele>
    <time>2021-09-02T23:01:32.000Z</time>
   </trkpt>
   <trkpt lat="-8.053984" lon="-34.896473">
    <ele>8.3</ele>
    <time>2021-09-02T23:01:33.000Z</time>
   </trkpt>
   <trkpt lat="-8.053958" lon="-34.896452">
    <ele>8.3</ele>
    <time>2021-09-02T23:01:34.000Z</time>
   </trkpt>
   <trkpt lat="-8.053924" lon="-34.89642">
    <ele>8.3</ele>
    <time>2021-09-02T23:01:35.000Z</time>
   </trkpt>
   <trkpt lat="-8.053888" lon="-34.896386">
    <ele>8.3</ele>
    <time>2021-09-02T23:01:36.000Z</time>
   </trkpt>
   <trkpt lat="-8.053842" lon="-34.896353">
    <ele>8.3</ele>
    <time>2021-09-02T23:01:38.000Z</time>
   </trkpt>
   <trkpt lat="-8.053791" lon="-34.896317">
    <ele>8.3</ele>
    <time>2021-09-02T23:01:39.000Z</time>
   </trkpt>
   <trkpt lat="-8.053736" lon="-34.896286">
    <ele>8.4</ele>
    <time>2021-09-02T23:01:40.000Z</time>
   </trkpt>
   <trkpt lat="-8.053633" lon="-34.896214">
    <ele>8.6</ele>
    <time>2021-09-02T23:01:41.000Z</time>
   </trkpt>
   <trkpt lat="-8.053592" lon="-34.896186">
    <ele>8.6</ele>
    <time>2021-09-02T23:01:42.000Z</time>
   </trkpt>
   <trkpt lat="-8.053543" lon="-34.896157">
    <ele>8.6</ele>
    <time>2021-09-02T23:01:43.000Z</time>
   </trkpt>
   <trkpt lat="-8.053501" lon="-34.896134">
    <ele>8.5</ele>
    <time>2021-09-02T23:01:44.000Z</time>
   </trkpt>
   <trkpt lat="-8.053451" lon="-34.896105">
    <ele>8.5</ele>
    <time>2021-09-02T23:01:45.000Z</time>
   </trkpt>
   <trkpt lat="-8.053403" lon="-34.896072">
    <ele>8.5</ele>
    <time>2021-09-02T23:01:46.000Z</time>
   </trkpt>
   <trkpt lat="-8.053357" lon="-34.896032">
    <ele>8.5</ele>
    <time>2021-09-02T23:01:47.000Z</time>
   </trkpt>
   <trkpt lat="-8.053306" lon="-34.895995">
    <ele>8.5</ele>
    <time>2021-09-02T23:01:49.000Z</time>
   </trkpt>
   <trkpt lat="-8.053208" lon="-34.895911">
    <ele>8.5</ele>
    <time>2021-09-02T23:01:50.000Z</time>
   </trkpt>
   <trkpt lat="-8.053153" lon="-34.895867">
    <ele>8.5</ele>
    <time>2021-09-02T23:01:51.000Z</time>
   </trkpt>
   <trkpt lat="-8.053097" lon="-34.895824">
    <ele>8.5</ele>
    <time>2021-09-02T23:01:53.000Z</time>
   </trkpt>
   <trkpt lat="-8.05301" lon="-34.895749">
    <ele>8.5</ele>
    <time>2021-09-02T23:01:55.000Z</time>
   </trkpt>
   <trkpt lat="-8.052918" lon="-34.895676">
    <ele>8.5</ele>
    <time>2021-09-02T23:01:56.000Z</time>
   </trkpt>
   <trkpt lat="-8.052877" lon="-34.895642">
    <ele>8.5</ele>
    <time>2021-09-02T23:01:57.000Z</time>
   </trkpt>
   <trkpt lat="-8.052831" lon="-34.895606">
    <ele>8.5</ele>
    <time>2021-09-02T23:01:58.000Z</time>
   </trkpt>
   <trkpt lat="-8.05278" lon="-34.895567">
    <ele>8.5</ele>
    <time>2021-09-02T23:01:59.000Z</time>
   </trkpt>
   <trkpt lat="-8.052739" lon="-34.895539">
    <ele>8.5</ele>
    <time>2021-09-02T23:02:00.000Z</time>
   </trkpt>
   <trkpt lat="-8.052702" lon="-34.895516">
    <ele>8.5</ele>
    <time>2021-09-02T23:02:01.000Z</time>
   </trkpt>
   <trkpt lat="-8.052672" lon="-34.895496">
    <ele>8.6</ele>
    <time>2021-09-02T23:02:02.000Z</time>
   </trkpt>
   <trkpt lat="-8.052647" lon="-34.895475">
    <ele>8.6</ele>
    <time>2021-09-02T23:02:04.000Z</time>
   </trkpt>
   <trkpt lat="-8.052602" lon="-34.895437">
    <ele>8.7</ele>
    <time>2021-09-02T23:02:06.000Z</time>
   </trkpt>
   <trkpt lat="-8.052556" lon="-34.895389">
    <ele>8.8</ele>
    <time>2021-09-02T23:02:07.000Z</time>
   </trkpt>
   <trkpt lat="-8.052539" lon="-34.895365">
    <ele>8.9</ele>
    <time>2021-09-02T23:02:08.000Z</time>
   </trkpt>
   <trkpt lat="-8.052509" lon="-34.895307">
    <ele>8.9</ele>
    <time>2021-09-02T23:02:10.000Z</time>
   </trkpt>
   <trkpt lat="-8.052493" lon="-34.895282">
    <ele>8.9</ele>
    <time>2021-09-02T23:02:11.000Z</time>
   </trkpt>
   <trkpt lat="-8.052445" lon="-34.895237">
    <ele>9</ele>
    <time>2021-09-02T23:02:13.000Z</time>
   </trkpt>
   <trkpt lat="-8.052421" lon="-34.895218">
    <ele>9</ele>
    <time>2021-09-02T23:02:14.000Z</time>
   </trkpt>
   <trkpt lat="-8.052399" lon="-34.895201">
    <ele>9</ele>
    <time>2021-09-02T23:02:15.000Z</time>
   </trkpt>
   <trkpt lat="-8.052381" lon="-34.895179">
    <ele>9</ele>
    <time>2021-09-02T23:02:16.000Z</time>
   </trkpt>
   <trkpt lat="-8.05237" lon="-34.895151">
    <ele>9</ele>
    <time>2021-09-02T23:02:17.000Z</time>
   </trkpt>
   <trkpt lat="-8.052349" lon="-34.89509">
    <ele>9</ele>
    <time>2021-09-02T23:02:19.000Z</time>
   </trkpt>
   <trkpt lat="-8.052335" lon="-34.895058">
    <ele>9</ele>
    <time>2021-09-02T23:02:20.000Z</time>
   </trkpt>
   <trkpt lat="-8.052322" lon="-34.895031">
    <ele>9</ele>
    <time>2021-09-02T23:02:21.000Z</time>
   </trkpt>
   <trkpt lat="-8.052313" lon="-34.895005">
    <ele>9</ele>
    <time>2021-09-02T23:02:22.000Z</time>
   </trkpt>
   <trkpt lat="-8.052291" lon="-34.894939">
    <ele>9</ele>
    <time>2021-09-02T23:02:24.000Z</time>
   </trkpt>
   <trkpt lat="-8.052281" lon="-34.894907">
    <ele>9</ele>
    <time>2021-09-02T23:02:25.000Z</time>
   </trkpt>
   <trkpt lat="-8.052276" lon="-34.894886">
    <ele>9</ele>
    <time>2021-09-02T23:02:26.000Z</time>
   </trkpt>
   <trkpt lat="-8.052272" lon="-34.89484">
    <ele>9</ele>
    <time>2021-09-02T23:02:29.000Z</time>
   </trkpt>
   <trkpt lat="-8.052249" lon="-34.8948">
    <ele>9</ele>
    <time>2021-09-02T23:02:31.000Z</time>
   </trkpt>
   <trkpt lat="-8.052213" lon="-34.894738">
    <ele>9.1</ele>
    <time>2021-09-02T23:02:33.000Z</time>
   </trkpt>
   <trkpt lat="-8.052159" lon="-34.894669">
    <ele>9.1</ele>
    <time>2021-09-02T23:02:34.000Z</time>
   </trkpt>
   <trkpt lat="-8.052141" lon="-34.894653">
    <ele>9.1</ele>
    <time>2021-09-02T23:02:35.000Z</time>
   </trkpt>
   <trkpt lat="-8.052108" lon="-34.894635">
    <ele>9.1</ele>
    <time>2021-09-02T23:02:38.000Z</time>
   </trkpt>
   <trkpt lat="-8.052059" lon="-34.894623">
    <ele>9.2</ele>
    <time>2021-09-02T23:02:39.000Z</time>
   </trkpt>
   <trkpt lat="-8.052007" lon="-34.894633">
    <ele>9.2</ele>
    <time>2021-09-02T23:02:41.000Z</time>
   </trkpt>
   <trkpt lat="-8.051943" lon="-34.894637">
    <ele>9.2</ele>
    <time>2021-09-02T23:02:44.000Z</time>
   </trkpt>
   <trkpt lat="-8.051915" lon="-34.89465">
    <ele>9.2</ele>
    <time>2021-09-02T23:02:45.000Z</time>
   </trkpt>
   <trkpt lat="-8.051873" lon="-34.894685">
    <ele>9.2</ele>
    <time>2021-09-02T23:02:47.000Z</time>
   </trkpt>
   <trkpt lat="-8.051819" lon="-34.894714">
    <ele>9.2</ele>
    <time>2021-09-02T23:02:48.000Z</time>
   </trkpt>
   <trkpt lat="-8.051788" lon="-34.894734">
    <ele>9.1</ele>
    <time>2021-09-02T23:02:49.000Z</time>
   </trkpt>
   <trkpt lat="-8.051757" lon="-34.894765">
    <ele>9.1</ele>
    <time>2021-09-02T23:02:50.000Z</time>
   </trkpt>
   <trkpt lat="-8.051719" lon="-34.894787">
    <ele>9</ele>
    <time>2021-09-02T23:02:52.000Z</time>
   </trkpt>
   <trkpt lat="-8.05164" lon="-34.894838">
    <ele>8.7</ele>
    <time>2021-09-02T23:02:53.000Z</time>
   </trkpt>
   <trkpt lat="-8.051595" lon="-34.894881">
    <ele>8.7</ele>
    <time>2021-09-02T23:02:55.000Z</time>
   </trkpt>
   <trkpt lat="-8.051503" lon="-34.894961">
    <ele>8.9</ele>
    <time>2021-09-02T23:02:56.000Z</time>
   </trkpt>
   <trkpt lat="-8.051469" lon="-34.894995">
    <ele>9</ele>
    <time>2021-09-02T23:02:57.000Z</time>
   </trkpt>
   <trkpt lat="-8.051445" lon="-34.895024">
    <ele>9</ele>
    <time>2021-09-02T23:02:58.000Z</time>
   </trkpt>
   <trkpt lat="-8.051419" lon="-34.895061">
    <ele>9</ele>
    <time>2021-09-02T23:02:59.000Z</time>
   </trkpt>
   <trkpt lat="-8.051393" lon="-34.895088">
    <ele>9</ele>
    <time>2021-09-02T23:03:00.000Z</time>
   </trkpt>
   <trkpt lat="-8.051364" lon="-34.895108">
    <ele>9</ele>
    <time>2021-09-02T23:03:02.000Z</time>
   </trkpt>
   <trkpt lat="-8.051301" lon="-34.895175">
    <ele>8.9</ele>
    <time>2021-09-02T23:03:03.000Z</time>
   </trkpt>
   <trkpt lat="-8.051265" lon="-34.895214">
    <ele>8.7</ele>
    <time>2021-09-02T23:03:04.000Z</time>
   </trkpt>
   <trkpt lat="-8.051229" lon="-34.89525">
    <ele>8.6</ele>
    <time>2021-09-02T23:03:05.000Z</time>
   </trkpt>
   <trkpt lat="-8.05121" lon="-34.895293">
    <ele>8.5</ele>
    <time>2021-09-02T23:03:06.000Z</time>
   </trkpt>
   <trkpt lat="-8.051181" lon="-34.895333">
    <ele>8.6</ele>
    <time>2021-09-02T23:03:07.000Z</time>
   </trkpt>
   <trkpt lat="-8.051159" lon="-34.895364">
    <ele>8.7</ele>
    <time>2021-09-02T23:03:08.000Z</time>
   </trkpt>
   <trkpt lat="-8.051128" lon="-34.8954">
    <ele>8.8</ele>
    <time>2021-09-02T23:03:09.000Z</time>
   </trkpt>
   <trkpt lat="-8.051102" lon="-34.895447">
    <ele>9</ele>
    <time>2021-09-02T23:03:11.000Z</time>
   </trkpt>
   <trkpt lat="-8.051055" lon="-34.89553">
    <ele>9.3</ele>
    <time>2021-09-02T23:03:12.000Z</time>
   </trkpt>
   <trkpt lat="-8.051036" lon="-34.895575">
    <ele>9.5</ele>
    <time>2021-09-02T23:03:14.000Z</time>
   </trkpt>
   <trkpt lat="-8.050997" lon="-34.895675">
    <ele>9.7</ele>
    <time>2021-09-02T23:03:15.000Z</time>
   </trkpt>
   <trkpt lat="-8.050974" lon="-34.895716">
    <ele>9.9</ele>
    <time>2021-09-02T23:03:17.000Z</time>
   </trkpt>
   <trkpt lat="-8.050926" lon="-34.895804">
    <ele>10.1</ele>
    <time>2021-09-02T23:03:18.000Z</time>
   </trkpt>
   <trkpt lat="-8.050899" lon="-34.895845">
    <ele>10.2</ele>
    <time>2021-09-02T23:03:20.000Z</time>
   </trkpt>
   <trkpt lat="-8.050851" lon="-34.895913">
    <ele>10.4</ele>
    <time>2021-09-02T23:03:21.000Z</time>
   </trkpt>
   <trkpt lat="-8.050814" lon="-34.895953">
    <ele>10.5</ele>
    <time>2021-09-02T23:03:22.000Z</time>
   </trkpt>
   <trkpt lat="-8.05078" lon="-34.89599">
    <ele>10.6</ele>
    <time>2021-09-02T23:03:23.000Z</time>
   </trkpt>
   <trkpt lat="-8.050758" lon="-34.896027">
    <ele>10.6</ele>
    <time>2021-09-02T23:03:24.000Z</time>
   </trkpt>
   <trkpt lat="-8.050738" lon="-34.896061">
    <ele>10.7</ele>
    <time>2021-09-02T23:03:25.000Z</time>
   </trkpt>
   <trkpt lat="-8.050711" lon="-34.896094">
    <ele>10.8</ele>
    <time>2021-09-02T23:03:26.000Z</time>
   </trkpt>
   <trkpt lat="-8.050687" lon="-34.896129">
    <ele>10.8</ele>
    <time>2021-09-02T23:03:27.000Z</time>
   </trkpt>
   <trkpt lat="-8.050662" lon="-34.896171">
    <ele>10.9</ele>
    <time>2021-09-02T23:03:29.000Z</time>
   </trkpt>
   <trkpt lat="-8.050644" lon="-34.896213">
    <ele>10.9</ele>
    <time>2021-09-02T23:03:30.000Z</time>
   </trkpt>
   <trkpt lat="-8.050598" lon="-34.896283">
    <ele>11</ele>
    <time>2021-09-02T23:03:32.000Z</time>
   </trkpt>
   <trkpt lat="-8.050547" lon="-34.896347">
    <ele>11.1</ele>
    <time>2021-09-02T23:03:34.000Z</time>
   </trkpt>
   <trkpt lat="-8.0505" lon="-34.89641">
    <ele>11.2</ele>
    <time>2021-09-02T23:03:36.000Z</time>
   </trkpt>
   <trkpt lat="-8.05045" lon="-34.896469">
    <ele>11.3</ele>
    <time>2021-09-02T23:03:37.000Z</time>
   </trkpt>
   <trkpt lat="-8.050424" lon="-34.896494">
    <ele>11.3</ele>
    <time>2021-09-02T23:03:38.000Z</time>
   </trkpt>
   <trkpt lat="-8.050391" lon="-34.896517">
    <ele>11.3</ele>
    <time>2021-09-02T23:03:40.000Z</time>
   </trkpt>
   <trkpt lat="-8.050311" lon="-34.896548">
    <ele>11.5</ele>
    <time>2021-09-02T23:03:42.000Z</time>
   </trkpt>
   <trkpt lat="-8.050219" lon="-34.896569">
    <ele>11.6</ele>
    <time>2021-09-02T23:03:43.000Z</time>
   </trkpt>
   <trkpt lat="-8.050183" lon="-34.896573">
    <ele>11.7</ele>
    <time>2021-09-02T23:03:44.000Z</time>
   </trkpt>
   <trkpt lat="-8.050134" lon="-34.89658">
    <ele>11.7</ele>
    <time>2021-09-02T23:03:45.000Z</time>
   </trkpt>
   <trkpt lat="-8.050087" lon="-34.896582">
    <ele>11.8</ele>
    <time>2021-09-02T23:03:46.000Z</time>
   </trkpt>
   <trkpt lat="-8.050037" lon="-34.896584">
    <ele>11.8</ele>
    <time>2021-09-02T23:03:47.000Z</time>
   </trkpt>
   <trkpt lat="-8.04999" lon="-34.896587">
    <ele>11.8</ele>
    <time>2021-09-02T23:03:49.000Z</time>
   </trkpt>
   <trkpt lat="-8.049871" lon="-34.896585">
    <ele>11.7</ele>
    <time>2021-09-02T23:03:50.000Z</time>
   </trkpt>
   <trkpt lat="-8.049806" lon="-34.896581">
    <ele>11.7</ele>
    <time>2021-09-02T23:03:51.000Z</time>
   </trkpt>
   <trkpt lat="-8.049747" lon="-34.896574">
    <ele>11.7</ele>
    <time>2021-09-02T23:03:52.000Z</time>
   </trkpt>
   <trkpt lat="-8.049688" lon="-34.896565">
    <ele>11.7</ele>
    <time>2021-09-02T23:03:53.000Z</time>
   </trkpt>
   <trkpt lat="-8.049635" lon="-34.896556">
    <ele>11.8</ele>
    <time>2021-09-02T23:03:54.000Z</time>
   </trkpt>
   <trkpt lat="-8.049571" lon="-34.896543">
    <ele>11.8</ele>
    <time>2021-09-02T23:03:55.000Z</time>
   </trkpt>
   <trkpt lat="-8.049512" lon="-34.896516">
    <ele>11.8</ele>
    <time>2021-09-02T23:03:56.000Z</time>
   </trkpt>
   <trkpt lat="-8.049456" lon="-34.896496">
    <ele>11.8</ele>
    <time>2021-09-02T23:03:57.000Z</time>
   </trkpt>
   <trkpt lat="-8.04939" lon="-34.896481">
    <ele>11.8</ele>
    <time>2021-09-02T23:03:58.000Z</time>
   </trkpt>
   <trkpt lat="-8.049332" lon="-34.89647">
    <ele>11.8</ele>
    <time>2021-09-02T23:04:00.000Z</time>
   </trkpt>
   <trkpt lat="-8.04922" lon="-34.896444">
    <ele>11.8</ele>
    <time>2021-09-02T23:04:01.000Z</time>
   </trkpt>
   <trkpt lat="-8.049161" lon="-34.896426">
    <ele>11.8</ele>
    <time>2021-09-02T23:04:02.000Z</time>
   </trkpt>
   <trkpt lat="-8.04911" lon="-34.896419">
    <ele>11.8</ele>
    <time>2021-09-02T23:04:03.000Z</time>
   </trkpt>
   <trkpt lat="-8.049054" lon="-34.89643">
    <ele>11.8</ele>
    <time>2021-09-02T23:04:04.000Z</time>
   </trkpt>
   <trkpt lat="-8.049005" lon="-34.896452">
    <ele>11.8</ele>
    <time>2021-09-02T23:04:05.000Z</time>
   </trkpt>
   <trkpt lat="-8.048948" lon="-34.896486">
    <ele>11.7</ele>
    <time>2021-09-02T23:04:07.000Z</time>
   </trkpt>
   <trkpt lat="-8.04884" lon="-34.896524">
    <ele>11.7</ele>
    <time>2021-09-02T23:04:08.000Z</time>
   </trkpt>
   <trkpt lat="-8.048782" lon="-34.896539">
    <ele>11.8</ele>
    <time>2021-09-02T23:04:09.000Z</time>
   </trkpt>
   <trkpt lat="-8.048725" lon="-34.896552">
    <ele>11.8</ele>
    <time>2021-09-02T23:04:10.000Z</time>
   </trkpt>
   <trkpt lat="-8.048666" lon="-34.896561">
    <ele>11.8</ele>
    <time>2021-09-02T23:04:11.000Z</time>
   </trkpt>
   <trkpt lat="-8.048618" lon="-34.896585">
    <ele>11.8</ele>
    <time>2021-09-02T23:04:12.000Z</time>
   </trkpt>
   <trkpt lat="-8.04857" lon="-34.896604">
    <ele>11.9</ele>
    <time>2021-09-02T23:04:13.000Z</time>
   </trkpt>
   <trkpt lat="-8.04852" lon="-34.896622">
    <ele>11.9</ele>
    <time>2021-09-02T23:04:14.000Z</time>
   </trkpt>
   <trkpt lat="-8.048459" lon="-34.896644">
    <ele>11.9</ele>
    <time>2021-09-02T23:04:16.000Z</time>
   </trkpt>
   <trkpt lat="-8.04834" lon="-34.896691">
    <ele>12</ele>
    <time>2021-09-02T23:04:17.000Z</time>
   </trkpt>
   <trkpt lat="-8.048288" lon="-34.896711">
    <ele>12</ele>
    <time>2021-09-02T23:04:18.000Z</time>
   </trkpt>
   <trkpt lat="-8.048227" lon="-34.896734">
    <ele>12.1</ele>
    <time>2021-09-02T23:04:19.000Z</time>
   </trkpt>
   <trkpt lat="-8.048172" lon="-34.896766">
    <ele>12.1</ele>
    <time>2021-09-02T23:04:20.000Z</time>
   </trkpt>
   <trkpt lat="-8.048116" lon="-34.896797">
    <ele>12.2</ele>
    <time>2021-09-02T23:04:21.000Z</time>
   </trkpt>
   <trkpt lat="-8.048061" lon="-34.896824">
    <ele>12.3</ele>
    <time>2021-09-02T23:04:23.000Z</time>
   </trkpt>
   <trkpt lat="-8.047946" lon="-34.896868">
    <ele>12.4</ele>
    <time>2021-09-02T23:04:24.000Z</time>
   </trkpt>
   <trkpt lat="-8.047874" lon="-34.896879">
    <ele>12.4</ele>
    <time>2021-09-02T23:04:25.000Z</time>
   </trkpt>
   <trkpt lat="-8.047806" lon="-34.896885">
    <ele>12.4</ele>
    <time>2021-09-02T23:04:26.000Z</time>
   </trkpt>
   <trkpt lat="-8.047741" lon="-34.896887">
    <ele>12.4</ele>
    <time>2021-09-02T23:04:27.000Z</time>
   </trkpt>
   <trkpt lat="-8.047672" lon="-34.896886">
    <ele>12.5</ele>
    <time>2021-09-02T23:04:29.000Z</time>
   </trkpt>
   <trkpt lat="-8.047524" lon="-34.896898">
    <ele>12.5</ele>
    <time>2021-09-02T23:04:30.000Z</time>
   </trkpt>
   <trkpt lat="-8.047457" lon="-34.896915">
    <ele>12.6</ele>
    <time>2021-09-02T23:04:31.000Z</time>
   </trkpt>
   <trkpt lat="-8.047392" lon="-34.896917">
    <ele>12.6</ele>
    <time>2021-09-02T23:04:32.000Z</time>
   </trkpt>
   <trkpt lat="-8.047324" lon="-34.896914">
    <ele>12.6</ele>
    <time>2021-09-02T23:04:33.000Z</time>
   </trkpt>
   <trkpt lat="-8.047263" lon="-34.896918">
    <ele>12.7</ele>
    <time>2021-09-02T23:04:35.000Z</time>
   </trkpt>
   <trkpt lat="-8.0472" lon="-34.896931">
    <ele>12.7</ele>
    <time>2021-09-02T23:04:36.000Z</time>
   </trkpt>
   <trkpt lat="-8.047099" lon="-34.896933">
    <ele>12.7</ele>
    <time>2021-09-02T23:04:37.000Z</time>
   </trkpt>
   <trkpt lat="-8.047047" lon="-34.896938">
    <ele>12.8</ele>
    <time>2021-09-02T23:04:39.000Z</time>
   </trkpt>
   <trkpt lat="-8.046996" lon="-34.896934">
    <ele>12.8</ele>
    <time>2021-09-02T23:04:40.000Z</time>
   </trkpt>
   <trkpt lat="-8.046873" lon="-34.896933">
    <ele>12.8</ele>
    <time>2021-09-02T23:04:42.000Z</time>
   </trkpt>
   <trkpt lat="-8.046743" lon="-34.896936">
    <ele>12.9</ele>
    <time>2021-09-02T23:04:43.000Z</time>
   </trkpt>
   <trkpt lat="-8.046669" lon="-34.896945">
    <ele>13</ele>
    <time>2021-09-02T23:04:44.000Z</time>
   </trkpt>
   <trkpt lat="-8.0466" lon="-34.896953">
    <ele>13</ele>
    <time>2021-09-02T23:04:45.000Z</time>
   </trkpt>
   <trkpt lat="-8.046525" lon="-34.896963">
    <ele>13.1</ele>
    <time>2021-09-02T23:04:46.000Z</time>
   </trkpt>
   <trkpt lat="-8.046461" lon="-34.896967">
    <ele>13.1</ele>
    <time>2021-09-02T23:04:47.000Z</time>
   </trkpt>
   <trkpt lat="-8.0464" lon="-34.896971">
    <ele>13.1</ele>
    <time>2021-09-02T23:04:49.000Z</time>
   </trkpt>
   <trkpt lat="-8.046296" lon="-34.89698">
    <ele>13.2</ele>
    <time>2021-09-02T23:04:50.000Z</time>
   </trkpt>
   <trkpt lat="-8.04624" lon="-34.896984">
    <ele>13.2</ele>
    <time>2021-09-02T23:04:51.000Z</time>
   </trkpt>
   <trkpt lat="-8.046197" lon="-34.896985">
    <ele>13.2</ele>
    <time>2021-09-02T23:04:53.000Z</time>
   </trkpt>
   <trkpt lat="-8.046146" lon="-34.896984">
    <ele>13.2</ele>
    <time>2021-09-02T23:04:54.000Z</time>
   </trkpt>
   <trkpt lat="-8.046046" lon="-34.896985">
    <ele>13.2</ele>
    <time>2021-09-02T23:04:55.000Z</time>
   </trkpt>
   <trkpt lat="-8.045996" lon="-34.896985">
    <ele>13.2</ele>
    <time>2021-09-02T23:04:56.000Z</time>
   </trkpt>
   <trkpt lat="-8.045947" lon="-34.896979">
    <ele>13.3</ele>
    <time>2021-09-02T23:04:57.000Z</time>
   </trkpt>
   <trkpt lat="-8.045898" lon="-34.896974">
    <ele>13.3</ele>
    <time>2021-09-02T23:04:58.000Z</time>
   </trkpt>
   <trkpt lat="-8.045839" lon="-34.896967">
    <ele>13.3</ele>
    <time>2021-09-02T23:05:00.000Z</time>
   </trkpt>
   <trkpt lat="-8.04573" lon="-34.896954">
    <ele>13.3</ele>
    <time>2021-09-02T23:05:02.000Z</time>
   </trkpt>
   <trkpt lat="-8.045639" lon="-34.896946">
    <ele>13.3</ele>
    <time>2021-09-02T23:05:03.000Z</time>
   </trkpt>
   <trkpt lat="-8.04559" lon="-34.896944">
    <ele>13.3</ele>
    <time>2021-09-02T23:05:05.000Z</time>
   </trkpt>
   <trkpt lat="-8.045483" lon="-34.896954">
    <ele>13.3</ele>
    <time>2021-09-02T23:05:06.000Z</time>
   </trkpt>
   <trkpt lat="-8.045432" lon="-34.896957">
    <ele>13.3</ele>
    <time>2021-09-02T23:05:07.000Z</time>
   </trkpt>
   <trkpt lat="-8.045382" lon="-34.896959">
    <ele>13.3</ele>
    <time>2021-09-02T23:05:08.000Z</time>
   </trkpt>
   <trkpt lat="-8.045326" lon="-34.89696">
    <ele>13.3</ele>
    <time>2021-09-02T23:05:10.000Z</time>
   </trkpt>
   <trkpt lat="-8.045271" lon="-34.896962">
    <ele>13.3</ele>
    <time>2021-09-02T23:05:11.000Z</time>
   </trkpt>
   <trkpt lat="-8.045218" lon="-34.896964">
    <ele>13.3</ele>
    <time>2021-09-02T23:05:12.000Z</time>
   </trkpt>
   <trkpt lat="-8.045103" lon="-34.896969">
    <ele>13.4</ele>
    <time>2021-09-02T23:05:13.000Z</time>
   </trkpt>
   <trkpt lat="-8.045043" lon="-34.896972">
    <ele>13.4</ele>
    <time>2021-09-02T23:05:15.000Z</time>
   </trkpt>
   <trkpt lat="-8.044907" lon="-34.896967">
    <ele>13.4</ele>
    <time>2021-09-02T23:05:16.000Z</time>
   </trkpt>
   <trkpt lat="-8.04484" lon="-34.896967">
    <ele>13.4</ele>
    <time>2021-09-02T23:05:17.000Z</time>
   </trkpt>
   <trkpt lat="-8.04477" lon="-34.896971">
    <ele>13.4</ele>
    <time>2021-09-02T23:05:18.000Z</time>
   </trkpt>
   <trkpt lat="-8.044709" lon="-34.896979">
    <ele>13.4</ele>
    <time>2021-09-02T23:05:19.000Z</time>
   </trkpt>
   <trkpt lat="-8.044636" lon="-34.897002">
    <ele>13.4</ele>
    <time>2021-09-02T23:05:20.000Z</time>
   </trkpt>
   <trkpt lat="-8.044566" lon="-34.897026">
    <ele>13.4</ele>
    <time>2021-09-02T23:05:22.000Z</time>
   </trkpt>
   <trkpt lat="-8.044494" lon="-34.897047">
    <ele>13.4</ele>
    <time>2021-09-02T23:05:23.000Z</time>
   </trkpt>
   <trkpt lat="-8.044347" lon="-34.897082">
    <ele>13.5</ele>
    <time>2021-09-02T23:05:24.000Z</time>
   </trkpt>
   <trkpt lat="-8.044285" lon="-34.897098">
    <ele>13.5</ele>
    <time>2021-09-02T23:05:26.000Z</time>
   </trkpt>
   <trkpt lat="-8.044167" lon="-34.897122">
    <ele>13.5</ele>
    <time>2021-09-02T23:05:28.000Z</time>
   </trkpt>
   <trkpt lat="-8.044028" lon="-34.897171">
    <ele>13.5</ele>
    <time>2021-09-02T23:05:29.000Z</time>
   </trkpt>
   <trkpt lat="-8.043976" lon="-34.897201">
    <ele>13.5</ele>
    <time>2021-09-02T23:05:31.000Z</time>
   </trkpt>
   <trkpt lat="-8.043917" lon="-34.897231">
    <ele>13.5</ele>
    <time>2021-09-02T23:05:32.000Z</time>
   </trkpt>
   <trkpt lat="-8.043818" lon="-34.897286">
    <ele>13.5</ele>
    <time>2021-09-02T23:05:34.000Z</time>
   </trkpt>
   <trkpt lat="-8.043673" lon="-34.897313">
    <ele>13.5</ele>
    <time>2021-09-02T23:05:35.000Z</time>
   </trkpt>
   <trkpt lat="-8.043606" lon="-34.89733">
    <ele>13.5</ele>
    <time>2021-09-02T23:05:36.000Z</time>
   </trkpt>
   <trkpt lat="-8.043539" lon="-34.897357">
    <ele>13.5</ele>
    <time>2021-09-02T23:05:38.000Z</time>
   </trkpt>
   <trkpt lat="-8.043414" lon="-34.897415">
    <ele>13.5</ele>
    <time>2021-09-02T23:05:39.000Z</time>
   </trkpt>
   <trkpt lat="-8.043344" lon="-34.897436">
    <ele>13.5</ele>
    <time>2021-09-02T23:05:40.000Z</time>
   </trkpt>
   <trkpt lat="-8.043272" lon="-34.897456">
    <ele>13.5</ele>
    <time>2021-09-02T23:05:41.000Z</time>
   </trkpt>
   <trkpt lat="-8.043214" lon="-34.897477">
    <ele>13.5</ele>
    <time>2021-09-02T23:05:42.000Z</time>
   </trkpt>
   <trkpt lat="-8.043137" lon="-34.897506">
    <ele>13.5</ele>
    <time>2021-09-02T23:05:43.000Z</time>
   </trkpt>
   <trkpt lat="-8.043068" lon="-34.897542">
    <ele>13.5</ele>
    <time>2021-09-02T23:05:44.000Z</time>
   </trkpt>
   <trkpt lat="-8.043005" lon="-34.89758">
    <ele>13.5</ele>
    <time>2021-09-02T23:05:45.000Z</time>
   </trkpt>
   <trkpt lat="-8.042933" lon="-34.897619">
    <ele>13.5</ele>
    <time>2021-09-02T23:05:46.000Z</time>
   </trkpt>
   <trkpt lat="-8.042857" lon="-34.897653">
    <ele>13.4</ele>
    <time>2021-09-02T23:05:47.000Z</time>
   </trkpt>
   <trkpt lat="-8.042784" lon="-34.897688">
    <ele>13.4</ele>
    <time>2021-09-02T23:05:48.000Z</time>
   </trkpt>
   <trkpt lat="-8.042712" lon="-34.897722">
    <ele>13.4</ele>
    <time>2021-09-02T23:05:49.000Z</time>
   </trkpt>
   <trkpt lat="-8.042644" lon="-34.897746">
    <ele>13.3</ele>
    <time>2021-09-02T23:05:50.000Z</time>
   </trkpt>
   <trkpt lat="-8.042577" lon="-34.897769">
    <ele>13.3</ele>
    <time>2021-09-02T23:05:51.000Z</time>
   </trkpt>
   <trkpt lat="-8.042506" lon="-34.897786">
    <ele>13.2</ele>
    <time>2021-09-02T23:05:53.000Z</time>
   </trkpt>
   <trkpt lat="-8.042363" lon="-34.897839">
    <ele>13.1</ele>
    <time>2021-09-02T23:05:55.000Z</time>
   </trkpt>
   <trkpt lat="-8.042179" lon="-34.897865">
    <ele>12.8</ele>
    <time>2021-09-02T23:05:56.000Z</time>
   </trkpt>
   <trkpt lat="-8.042097" lon="-34.897896">
    <ele>12.7</ele>
    <time>2021-09-02T23:05:57.000Z</time>
   </trkpt>
   <trkpt lat="-8.042001" lon="-34.897928">
    <ele>12.6</ele>
    <time>2021-09-02T23:05:59.000Z</time>
   </trkpt>
   <trkpt lat="-8.041854" lon="-34.897982">
    <ele>12.5</ele>
    <time>2021-09-02T23:06:00.000Z</time>
   </trkpt>
   <trkpt lat="-8.041785" lon="-34.898006">
    <ele>12.4</ele>
    <time>2021-09-02T23:06:02.000Z</time>
   </trkpt>
   <trkpt lat="-8.041719" lon="-34.898031">
    <ele>12.3</ele>
    <time>2021-09-02T23:06:03.000Z</time>
   </trkpt>
   <trkpt lat="-8.041582" lon="-34.898093">
    <ele>12.2</ele>
    <time>2021-09-02T23:06:05.000Z</time>
   </trkpt>
   <trkpt lat="-8.041526" lon="-34.898125">
    <ele>12.1</ele>
    <time>2021-09-02T23:06:06.000Z</time>
   </trkpt>
   <trkpt lat="-8.041409" lon="-34.898191">
    <ele>12</ele>
    <time>2021-09-02T23:06:07.000Z</time>
   </trkpt>
   <trkpt lat="-8.04134" lon="-34.898227">
    <ele>12</ele>
    <time>2021-09-02T23:06:09.000Z</time>
   </trkpt>
   <trkpt lat="-8.041203" lon="-34.89831">
    <ele>11.9</ele>
    <time>2021-09-02T23:06:10.000Z</time>
   </trkpt>
   <trkpt lat="-8.041128" lon="-34.898366">
    <ele>11.8</ele>
    <time>2021-09-02T23:06:12.000Z</time>
   </trkpt>
   <trkpt lat="-8.041067" lon="-34.898408">
    <ele>11.8</ele>
    <time>2021-09-02T23:06:13.000Z</time>
   </trkpt>
   <trkpt lat="-8.041007" lon="-34.898419">
    <ele>11.8</ele>
    <time>2021-09-02T23:06:14.000Z</time>
   </trkpt>
   <trkpt lat="-8.040887" lon="-34.89846">
    <ele>11.8</ele>
    <time>2021-09-02T23:06:15.000Z</time>
   </trkpt>
   <trkpt lat="-8.040821" lon="-34.898482">
    <ele>11.8</ele>
    <time>2021-09-02T23:06:16.000Z</time>
   </trkpt>
   <trkpt lat="-8.04077" lon="-34.89851">
    <ele>11.8</ele>
    <time>2021-09-02T23:06:18.000Z</time>
   </trkpt>
   <trkpt lat="-8.040656" lon="-34.898567">
    <ele>11.8</ele>
    <time>2021-09-02T23:06:19.000Z</time>
   </trkpt>
   <trkpt lat="-8.040604" lon="-34.898604">
    <ele>11.8</ele>
    <time>2021-09-02T23:06:21.000Z</time>
   </trkpt>
   <trkpt lat="-8.040562" lon="-34.898651">
    <ele>11.9</ele>
    <time>2021-09-02T23:06:22.000Z</time>
   </trkpt>
   <trkpt lat="-8.040455" lon="-34.898732">
    <ele>11.9</ele>
    <time>2021-09-02T23:06:23.000Z</time>
   </trkpt>
   <trkpt lat="-8.040407" lon="-34.898767">
    <ele>11.9</ele>
    <time>2021-09-02T23:06:25.000Z</time>
   </trkpt>
   <trkpt lat="-8.040326" lon="-34.898834">
    <ele>12</ele>
    <time>2021-09-02T23:06:27.000Z</time>
   </trkpt>
   <trkpt lat="-8.040242" lon="-34.898891">
    <ele>12</ele>
    <time>2021-09-02T23:06:29.000Z</time>
   </trkpt>
   <trkpt lat="-8.040128" lon="-34.898968">
    <ele>12.1</ele>
    <time>2021-09-02T23:06:30.000Z</time>
   </trkpt>
   <trkpt lat="-8.040086" lon="-34.898996">
    <ele>12.2</ele>
    <time>2021-09-02T23:06:32.000Z</time>
   </trkpt>
   <trkpt lat="-8.039986" lon="-34.899072">
    <ele>12.2</ele>
    <time>2021-09-02T23:06:33.000Z</time>
   </trkpt>
   <trkpt lat="-8.039944" lon="-34.899108">
    <ele>12.2</ele>
    <time>2021-09-02T23:06:34.000Z</time>
   </trkpt>
   <trkpt lat="-8.039901" lon="-34.89915">
    <ele>12.3</ele>
    <time>2021-09-02T23:06:35.000Z</time>
   </trkpt>
   <trkpt lat="-8.039858" lon="-34.89919">
    <ele>12.3</ele>
    <time>2021-09-02T23:06:36.000Z</time>
   </trkpt>
   <trkpt lat="-8.039822" lon="-34.899225">
    <ele>12.4</ele>
    <time>2021-09-02T23:06:37.000Z</time>
   </trkpt>
   <trkpt lat="-8.03978" lon="-34.899257">
    <ele>12.4</ele>
    <time>2021-09-02T23:06:38.000Z</time>
   </trkpt>
   <trkpt lat="-8.039732" lon="-34.899294">
    <ele>12.4</ele>
    <time>2021-09-02T23:06:40.000Z</time>
   </trkpt>
   <trkpt lat="-8.03966" lon="-34.899359">
    <ele>12.5</ele>
    <time>2021-09-02T23:06:42.000Z</time>
   </trkpt>
   <trkpt lat="-8.039608" lon="-34.899396">
    <ele>12.5</ele>
    <time>2021-09-02T23:06:43.000Z</time>
   </trkpt>
   <trkpt lat="-8.039603" lon="-34.899401">
    <ele>12.5</ele>
    <time>2021-09-02T23:06:44.000Z</time>
   </trkpt>
   <trkpt lat="-8.039542" lon="-34.899404">
    <ele>12.5</ele>
    <time>2021-09-02T23:06:49.000Z</time>
   </trkpt>
   <trkpt lat="-8.039515" lon="-34.899386">
    <ele>12.5</ele>
    <time>2021-09-02T23:06:51.000Z</time>
   </trkpt>
   <trkpt lat="-8.039461" lon="-34.899423">
    <ele>12.5</ele>
    <time>2021-09-02T23:07:30.000Z</time>
   </trkpt>
   <trkpt lat="-8.039444" lon="-34.899437">
    <ele>12.5</ele>
    <time>2021-09-02T23:07:31.000Z</time>
   </trkpt>
   <trkpt lat="-8.039399" lon="-34.899473">
    <ele>12.5</ele>
    <time>2021-09-02T23:07:34.000Z</time>
   </trkpt>
   <trkpt lat="-8.039378" lon="-34.8995">
    <ele>12.5</ele>
    <time>2021-09-02T23:07:35.000Z</time>
   </trkpt>
   <trkpt lat="-8.039328" lon="-34.899556">
    <ele>12.5</ele>
    <time>2021-09-02T23:07:37.000Z</time>
   </trkpt>
   <trkpt lat="-8.03926" lon="-34.899627">
    <ele>12.5</ele>
    <time>2021-09-02T23:07:39.000Z</time>
   </trkpt>
   <trkpt lat="-8.039178" lon="-34.899711">
    <ele>12.5</ele>
    <time>2021-09-02T23:07:40.000Z</time>
   </trkpt>
   <trkpt lat="-8.039142" lon="-34.89976">
    <ele>12.5</ele>
    <time>2021-09-02T23:07:41.000Z</time>
   </trkpt>
   <trkpt lat="-8.039104" lon="-34.899809">
    <ele>12.5</ele>
    <time>2021-09-02T23:07:42.000Z</time>
   </trkpt>
   <trkpt lat="-8.039065" lon="-34.899853">
    <ele>12.5</ele>
    <time>2021-09-02T23:07:43.000Z</time>
   </trkpt>
   <trkpt lat="-8.03903" lon="-34.899892">
    <ele>12.5</ele>
    <time>2021-09-02T23:07:45.000Z</time>
   </trkpt>
   <trkpt lat="-8.038995" lon="-34.899928">
    <ele>12.5</ele>
    <time>2021-09-02T23:07:46.000Z</time>
   </trkpt>
   <trkpt lat="-8.038882" lon="-34.900002">
    <ele>12.5</ele>
    <time>2021-09-02T23:07:47.000Z</time>
   </trkpt>
   <trkpt lat="-8.03884" lon="-34.900049">
    <ele>12.5</ele>
    <time>2021-09-02T23:07:48.000Z</time>
   </trkpt>
   <trkpt lat="-8.038793" lon="-34.900091">
    <ele>12.5</ele>
    <time>2021-09-02T23:07:49.000Z</time>
   </trkpt>
   <trkpt lat="-8.038749" lon="-34.900132">
    <ele>12.5</ele>
    <time>2021-09-02T23:07:50.000Z</time>
   </trkpt>
   <trkpt lat="-8.03871" lon="-34.900164">
    <ele>12.5</ele>
    <time>2021-09-02T23:07:51.000Z</time>
   </trkpt>
   <trkpt lat="-8.038669" lon="-34.900192">
    <ele>12.5</ele>
    <time>2021-09-02T23:07:52.000Z</time>
   </trkpt>
   <trkpt lat="-8.038631" lon="-34.900221">
    <ele>12.5</ele>
    <time>2021-09-02T23:07:53.000Z</time>
   </trkpt>
   <trkpt lat="-8.038599" lon="-34.900249">
    <ele>12.5</ele>
    <time>2021-09-02T23:07:54.000Z</time>
   </trkpt>
   <trkpt lat="-8.038566" lon="-34.900275">
    <ele>12.5</ele>
    <time>2021-09-02T23:07:55.000Z</time>
   </trkpt>
   <trkpt lat="-8.038533" lon="-34.900305">
    <ele>12.5</ele>
    <time>2021-09-02T23:07:56.000Z</time>
   </trkpt>
   <trkpt lat="-8.038505" lon="-34.900332">
    <ele>12.5</ele>
    <time>2021-09-02T23:07:58.000Z</time>
   </trkpt>
   <trkpt lat="-8.038476" lon="-34.900365">
    <ele>12.6</ele>
    <time>2021-09-02T23:07:59.000Z</time>
   </trkpt>
   <trkpt lat="-8.038406" lon="-34.900428">
    <ele>12.6</ele>
    <time>2021-09-02T23:08:00.000Z</time>
   </trkpt>
   <trkpt lat="-8.038366" lon="-34.90046">
    <ele>12.6</ele>
    <time>2021-09-02T23:08:02.000Z</time>
   </trkpt>
   <trkpt lat="-8.038273" lon="-34.900534">
    <ele>12.6</ele>
    <time>2021-09-02T23:08:03.000Z</time>
   </trkpt>
   <trkpt lat="-8.038227" lon="-34.900576">
    <ele>12.6</ele>
    <time>2021-09-02T23:08:04.000Z</time>
   </trkpt>
   <trkpt lat="-8.038179" lon="-34.90061">
    <ele>12.6</ele>
    <time>2021-09-02T23:08:05.000Z</time>
   </trkpt>
   <trkpt lat="-8.038135" lon="-34.900636">
    <ele>12.6</ele>
    <time>2021-09-02T23:08:07.000Z</time>
   </trkpt>
   <trkpt lat="-8.038094" lon="-34.900663">
    <ele>12.6</ele>
    <time>2021-09-02T23:08:08.000Z</time>
   </trkpt>
   <trkpt lat="-8.038009" lon="-34.900732">
    <ele>12.6</ele>
    <time>2021-09-02T23:08:09.000Z</time>
   </trkpt>
   <trkpt lat="-8.037969" lon="-34.900767">
    <ele>12.6</ele>
    <time>2021-09-02T23:08:10.000Z</time>
   </trkpt>
   <trkpt lat="-8.037933" lon="-34.900808">
    <ele>12.6</ele>
    <time>2021-09-02T23:08:12.000Z</time>
   </trkpt>
   <trkpt lat="-8.037905" lon="-34.900855">
    <ele>12.6</ele>
    <time>2021-09-02T23:08:13.000Z</time>
   </trkpt>
   <trkpt lat="-8.037832" lon="-34.900887">
    <ele>12.6</ele>
    <time>2021-09-02T23:08:17.000Z</time>
   </trkpt>
   <trkpt lat="-8.037805" lon="-34.900904">
    <ele>12.6</ele>
    <time>2021-09-02T23:08:18.000Z</time>
   </trkpt>
   <trkpt lat="-8.037774" lon="-34.900944">
    <ele>12.6</ele>
    <time>2021-09-02T23:08:19.000Z</time>
   </trkpt>
   <trkpt lat="-8.037755" lon="-34.90096">
    <ele>12.6</ele>
    <time>2021-09-02T23:08:20.000Z</time>
   </trkpt>
   <trkpt lat="-8.037722" lon="-34.900985">
    <ele>12.6</ele>
    <time>2021-09-02T23:08:22.000Z</time>
   </trkpt>
   <trkpt lat="-8.03769" lon="-34.901016">
    <ele>12.6</ele>
    <time>2021-09-02T23:08:25.000Z</time>
   </trkpt>
   <trkpt lat="-8.037613" lon="-34.90107">
    <ele>12.7</ele>
    <time>2021-09-02T23:08:28.000Z</time>
   </trkpt>
   <trkpt lat="-8.037555" lon="-34.901108">
    <ele>12.7</ele>
    <time>2021-09-02T23:08:29.000Z</time>
   </trkpt>
   <trkpt lat="-8.03753" lon="-34.901123">
    <ele>12.7</ele>
    <time>2021-09-02T23:08:30.000Z</time>
   </trkpt>
   <trkpt lat="-8.037508" lon="-34.901137">
    <ele>12.7</ele>
    <time>2021-09-02T23:08:31.000Z</time>
   </trkpt>
   <trkpt lat="-8.037447" lon="-34.901171">
    <ele>12.7</ele>
    <time>2021-09-02T23:08:34.000Z</time>
   </trkpt>
   <trkpt lat="-8.037419" lon="-34.901184">
    <ele>12.7</ele>
    <time>2021-09-02T23:08:35.000Z</time>
   </trkpt>
   <trkpt lat="-8.037391" lon="-34.9012">
    <ele>12.7</ele>
    <time>2021-09-02T23:08:36.000Z</time>
   </trkpt>
   <trkpt lat="-8.037366" lon="-34.901219">
    <ele>12.7</ele>
    <time>2021-09-02T23:08:38.000Z</time>
   </trkpt>
   <trkpt lat="-8.037345" lon="-34.901241">
    <ele>12.7</ele>
    <time>2021-09-02T23:08:39.000Z</time>
   </trkpt>
   <trkpt lat="-8.037285" lon="-34.901264">
    <ele>12.7</ele>
    <time>2021-09-02T23:08:40.000Z</time>
   </trkpt>
   <trkpt lat="-8.037255" lon="-34.901281">
    <ele>12.7</ele>
    <time>2021-09-02T23:08:41.000Z</time>
   </trkpt>
   <trkpt lat="-8.03723" lon="-34.901292">
    <ele>12.7</ele>
    <time>2021-09-02T23:08:42.000Z</time>
   </trkpt>
   <trkpt lat="-8.037205" lon="-34.901301">
    <ele>12.8</ele>
    <time>2021-09-02T23:08:43.000Z</time>
   </trkpt>
   <trkpt lat="-8.037166" lon="-34.901354">
    <ele>12.8</ele>
    <time>2021-09-02T23:08:46.000Z</time>
   </trkpt>
   <trkpt lat="-8.037143" lon="-34.901372">
    <ele>12.8</ele>
    <time>2021-09-02T23:08:47.000Z</time>
   </trkpt>
   <trkpt lat="-8.037118" lon="-34.901388">
    <ele>12.8</ele>
    <time>2021-09-02T23:08:48.000Z</time>
   </trkpt>
   <trkpt lat="-8.037066" lon="-34.901432">
    <ele>12.8</ele>
    <time>2021-09-02T23:08:50.000Z</time>
   </trkpt>
   <trkpt lat="-8.037003" lon="-34.901488">
    <ele>12.9</ele>
    <time>2021-09-02T23:08:51.000Z</time>
   </trkpt>
   <trkpt lat="-8.03697" lon="-34.901502">
    <ele>12.9</ele>
    <time>2021-09-02T23:08:53.000Z</time>
   </trkpt>
   <trkpt lat="-8.036885" lon="-34.90154">
    <ele>12.9</ele>
    <time>2021-09-02T23:08:54.000Z</time>
   </trkpt>
   <trkpt lat="-8.036835" lon="-34.901554">
    <ele>12.9</ele>
    <time>2021-09-02T23:08:56.000Z</time>
   </trkpt>
   <trkpt lat="-8.036784" lon="-34.901581">
    <ele>12.9</ele>
    <time>2021-09-02T23:08:57.000Z</time>
   </trkpt>
   <trkpt lat="-8.036732" lon="-34.901595">
    <ele>12.9</ele>
    <time>2021-09-02T23:08:58.000Z</time>
   </trkpt>
   <trkpt lat="-8.036629" lon="-34.901627">
    <ele>12.8</ele>
    <time>2021-09-02T23:09:00.000Z</time>
   </trkpt>
   <trkpt lat="-8.036536" lon="-34.901679">
    <ele>12.8</ele>
    <time>2021-09-02T23:09:01.000Z</time>
   </trkpt>
   <trkpt lat="-8.036485" lon="-34.90171">
    <ele>12.8</ele>
    <time>2021-09-02T23:09:03.000Z</time>
   </trkpt>
   <trkpt lat="-8.036374" lon="-34.901758">
    <ele>12.8</ele>
    <time>2021-09-02T23:09:04.000Z</time>
   </trkpt>
   <trkpt lat="-8.036318" lon="-34.901785">
    <ele>12.7</ele>
    <time>2021-09-02T23:09:06.000Z</time>
   </trkpt>
   <trkpt lat="-8.036215" lon="-34.901834">
    <ele>12.7</ele>
    <time>2021-09-02T23:09:07.000Z</time>
   </trkpt>
   <trkpt lat="-8.036189" lon="-34.901856">
    <ele>12.7</ele>
    <time>2021-09-02T23:09:09.000Z</time>
   </trkpt>
   <trkpt lat="-8.036179" lon="-34.901861">
    <ele>12.7</ele>
    <time>2021-09-02T23:09:10.000Z</time>
   </trkpt>
   <trkpt lat="-8.036117" lon="-34.901926">
    <ele>12.7</ele>
    <time>2021-09-02T23:09:13.000Z</time>
   </trkpt>
   <trkpt lat="-8.036104" lon="-34.901941">
    <ele>12.7</ele>
    <time>2021-09-02T23:09:14.000Z</time>
   </trkpt>
   <trkpt lat="-8.03606" lon="-34.90197">
    <ele>12.7</ele>
    <time>2021-09-02T23:09:17.000Z</time>
   </trkpt>
   <trkpt lat="-8.035984" lon="-34.902025">
    <ele>12.6</ele>
    <time>2021-09-02T23:09:22.000Z</time>
   </trkpt>
   <trkpt lat="-8.035974" lon="-34.902046">
    <ele>12.6</ele>
    <time>2021-09-02T23:09:23.000Z</time>
   </trkpt>
   <trkpt lat="-8.03599" lon="-34.902101">
    <ele>12.5</ele>
    <time>2021-09-02T23:09:25.000Z</time>
   </trkpt>
   <trkpt lat="-8.03601" lon="-34.902135">
    <ele>12.5</ele>
    <time>2021-09-02T23:09:27.000Z</time>
   </trkpt>
   <trkpt lat="-8.036027" lon="-34.902182">
    <ele>12.5</ele>
    <time>2021-09-02T23:09:28.000Z</time>
   </trkpt>
   <trkpt lat="-8.036048" lon="-34.902221">
    <ele>12.4</ele>
    <time>2021-09-02T23:09:29.000Z</time>
   </trkpt>
   <trkpt lat="-8.036075" lon="-34.902265">
    <ele>12.4</ele>
    <time>2021-09-02T23:09:30.000Z</time>
   </trkpt>
   <trkpt lat="-8.036112" lon="-34.902349">
    <ele>12.3</ele>
    <time>2021-09-02T23:09:31.000Z</time>
   </trkpt>
   <trkpt lat="-8.036129" lon="-34.902389">
    <ele>12.3</ele>
    <time>2021-09-02T23:09:32.000Z</time>
   </trkpt>
   <trkpt lat="-8.036141" lon="-34.902434">
    <ele>12.3</ele>
    <time>2021-09-02T23:09:33.000Z</time>
   </trkpt>
   <trkpt lat="-8.036145" lon="-34.902479">
    <ele>12.3</ele>
    <time>2021-09-02T23:09:34.000Z</time>
   </trkpt>
   <trkpt lat="-8.036144" lon="-34.902522">
    <ele>12.3</ele>
    <time>2021-09-02T23:09:36.000Z</time>
   </trkpt>
   <trkpt lat="-8.036162" lon="-34.902591">
    <ele>12.3</ele>
    <time>2021-09-02T23:09:38.000Z</time>
   </trkpt>
   <trkpt lat="-8.036188" lon="-34.902653">
    <ele>12.3</ele>
    <time>2021-09-02T23:09:39.000Z</time>
   </trkpt>
   <trkpt lat="-8.036203" lon="-34.902679">
    <ele>12.3</ele>
    <time>2021-09-02T23:09:41.000Z</time>
   </trkpt>
   <trkpt lat="-8.036231" lon="-34.902769">
    <ele>12.3</ele>
    <time>2021-09-02T23:09:43.000Z</time>
   </trkpt>
   <trkpt lat="-8.036263" lon="-34.90286">
    <ele>12.4</ele>
    <time>2021-09-02T23:09:45.000Z</time>
   </trkpt>
   <trkpt lat="-8.036303" lon="-34.902946">
    <ele>12.4</ele>
    <time>2021-09-02T23:09:46.000Z</time>
   </trkpt>
   <trkpt lat="-8.036322" lon="-34.902982">
    <ele>12.4</ele>
    <time>2021-09-02T23:09:47.000Z</time>
   </trkpt>
   <trkpt lat="-8.036338" lon="-34.903022">
    <ele>12.4</ele>
    <time>2021-09-02T23:09:48.000Z</time>
   </trkpt>
   <trkpt lat="-8.036353" lon="-34.903048">
    <ele>12.4</ele>
    <time>2021-09-02T23:09:49.000Z</time>
   </trkpt>
   <trkpt lat="-8.036365" lon="-34.903069">
    <ele>12.4</ele>
    <time>2021-09-02T23:09:50.000Z</time>
   </trkpt>
   <trkpt lat="-8.0364" lon="-34.903108">
    <ele>12.4</ele>
    <time>2021-09-02T23:09:53.000Z</time>
   </trkpt>
   <trkpt lat="-8.036461" lon="-34.903187">
    <ele>12.5</ele>
    <time>2021-09-02T23:09:56.000Z</time>
   </trkpt>
   <trkpt lat="-8.036489" lon="-34.903245">
    <ele>12.5</ele>
    <time>2021-09-02T23:09:57.000Z</time>
   </trkpt>
   <trkpt lat="-8.036501" lon="-34.903271">
    <ele>12.5</ele>
    <time>2021-09-02T23:09:58.000Z</time>
   </trkpt>
   <trkpt lat="-8.036508" lon="-34.903345">
    <ele>12.6</ele>
    <time>2021-09-02T23:10:00.000Z</time>
   </trkpt>
   <trkpt lat="-8.036505" lon="-34.903384">
    <ele>12.6</ele>
    <time>2021-09-02T23:10:01.000Z</time>
   </trkpt>
   <trkpt lat="-8.036491" lon="-34.903413">
    <ele>12.6</ele>
    <time>2021-09-02T23:10:02.000Z</time>
   </trkpt>
   <trkpt lat="-8.036494" lon="-34.903439">
    <ele>12.7</ele>
    <time>2021-09-02T23:10:03.000Z</time>
   </trkpt>
   <trkpt lat="-8.036523" lon="-34.903451">
    <ele>12.7</ele>
    <time>2021-09-02T23:10:06.000Z</time>
   </trkpt>
   <trkpt lat="-8.036553" lon="-34.903467">
    <ele>12.7</ele>
    <time>2021-09-02T23:10:08.000Z</time>
   </trkpt>
   <trkpt lat="-8.036589" lon="-34.903479">
    <ele>12.7</ele>
    <time>2021-09-02T23:10:11.000Z</time>
   </trkpt>
   <trkpt lat="-8.036636" lon="-34.903461">
    <ele>12.7</ele>
    <time>2021-09-02T23:10:15.000Z</time>
   </trkpt>
   <trkpt lat="-8.036682" lon="-34.903443">
    <ele>12.7</ele>
    <time>2021-09-02T23:11:46.000Z</time>
   </trkpt>
   <trkpt lat="-8.036729" lon="-34.903425">
    <ele>12.7</ele>
    <time>2021-09-02T23:11:47.000Z</time>
   </trkpt>
   <trkpt lat="-8.036756" lon="-34.903402">
    <ele>12.7</ele>
    <time>2021-09-02T23:11:49.000Z</time>
   </trkpt>
   <trkpt lat="-8.036802" lon="-34.90335">
    <ele>12.7</ele>
    <time>2021-09-02T23:11:50.000Z</time>
   </trkpt>
   <trkpt lat="-8.036821" lon="-34.903313">
    <ele>12.7</ele>
    <time>2021-09-02T23:11:51.000Z</time>
   </trkpt>
   <trkpt lat="-8.036847" lon="-34.90328">
    <ele>12.8</ele>
    <time>2021-09-02T23:11:52.000Z</time>
   </trkpt>
   <trkpt lat="-8.03687" lon="-34.90325">
    <ele>12.8</ele>
    <time>2021-09-02T23:11:53.000Z</time>
   </trkpt>
   <trkpt lat="-8.036896" lon="-34.903222">
    <ele>12.8</ele>
    <time>2021-09-02T23:11:55.000Z</time>
   </trkpt>
   <trkpt lat="-8.036956" lon="-34.903175">
    <ele>12.8</ele>
    <time>2021-09-02T23:11:56.000Z</time>
   </trkpt>
   <trkpt lat="-8.036996" lon="-34.903163">
    <ele>12.8</ele>
    <time>2021-09-02T23:11:58.000Z</time>
   </trkpt>
   <trkpt lat="-8.037034" lon="-34.903115">
    <ele>12.9</ele>
    <time>2021-09-02T23:11:59.000Z</time>
   </trkpt>
   <trkpt lat="-8.037053" lon="-34.903102">
    <ele>12.9</ele>
    <time>2021-09-02T23:12:00.000Z</time>
   </trkpt>
   <trkpt lat="-8.037091" lon="-34.903061">
    <ele>12.9</ele>
    <time>2021-09-02T23:12:02.000Z</time>
   </trkpt>
   <trkpt lat="-8.037118" lon="-34.903028">
    <ele>12.9</ele>
    <time>2021-09-02T23:12:04.000Z</time>
   </trkpt>
   <trkpt lat="-8.037149" lon="-34.902999">
    <ele>12.9</ele>
    <time>2021-09-02T23:12:05.000Z</time>
   </trkpt>
   <trkpt lat="-8.037226" lon="-34.902934">
    <ele>12.9</ele>
    <time>2021-09-02T23:12:06.000Z</time>
   </trkpt>
   <trkpt lat="-8.037251" lon="-34.902912">
    <ele>12.9</ele>
    <time>2021-09-02T23:12:07.000Z</time>
   </trkpt>
   <trkpt lat="-8.037277" lon="-34.902892">
    <ele>12.9</ele>
    <time>2021-09-02T23:12:08.000Z</time>
   </trkpt>
   <trkpt lat="-8.037326" lon="-34.902848">
    <ele>12.9</ele>
    <time>2021-09-02T23:12:10.000Z</time>
   </trkpt>
   <trkpt lat="-8.037348" lon="-34.902823">
    <ele>12.9</ele>
    <time>2021-09-02T23:12:11.000Z</time>
   </trkpt>
   <trkpt lat="-8.037372" lon="-34.902801">
    <ele>13</ele>
    <time>2021-09-02T23:12:13.000Z</time>
   </trkpt>
   <trkpt lat="-8.037397" lon="-34.902777">
    <ele>13</ele>
    <time>2021-09-02T23:12:14.000Z</time>
   </trkpt>
   <trkpt lat="-8.037436" lon="-34.902758">
    <ele>13</ele>
    <time>2021-09-02T23:12:15.000Z</time>
   </trkpt>
   <trkpt lat="-8.037514" lon="-34.902731">
    <ele>13</ele>
    <time>2021-09-02T23:12:17.000Z</time>
   </trkpt>
   <trkpt lat="-8.037555" lon="-34.902714">
    <ele>13</ele>
    <time>2021-09-02T23:12:18.000Z</time>
   </trkpt>
   <trkpt lat="-8.037588" lon="-34.90269">
    <ele>13.1</ele>
    <time>2021-09-02T23:12:19.000Z</time>
   </trkpt>
   <trkpt lat="-8.037656" lon="-34.902645">
    <ele>13.1</ele>
    <time>2021-09-02T23:12:20.000Z</time>
   </trkpt>
   <trkpt lat="-8.037688" lon="-34.902617">
    <ele>13.1</ele>
    <time>2021-09-02T23:12:21.000Z</time>
   </trkpt>
   <trkpt lat="-8.037718" lon="-34.902587">
    <ele>13.1</ele>
    <time>2021-09-02T23:12:23.000Z</time>
   </trkpt>
   <trkpt lat="-8.037747" lon="-34.902551">
    <ele>13.1</ele>
    <time>2021-09-02T23:12:24.000Z</time>
   </trkpt>
   <trkpt lat="-8.037786" lon="-34.902517">
    <ele>13.1</ele>
    <time>2021-09-02T23:12:25.000Z</time>
   </trkpt>
   <trkpt lat="-8.037849" lon="-34.902445">
    <ele>13.1</ele>
    <time>2021-09-02T23:12:26.000Z</time>
   </trkpt>
   <trkpt lat="-8.037886" lon="-34.9024">
    <ele>13.1</ele>
    <time>2021-09-02T23:12:27.000Z</time>
   </trkpt>
   <trkpt lat="-8.037916" lon="-34.902371">
    <ele>13.2</ele>
    <time>2021-09-02T23:12:28.000Z</time>
   </trkpt>
   <trkpt lat="-8.037958" lon="-34.90234">
    <ele>13.2</ele>
    <time>2021-09-02T23:12:30.000Z</time>
   </trkpt>
   <trkpt lat="-8.038041" lon="-34.902285">
    <ele>13.2</ele>
    <time>2021-09-02T23:12:31.000Z</time>
   </trkpt>
   <trkpt lat="-8.038072" lon="-34.902257">
    <ele>13.2</ele>
    <time>2021-09-02T23:12:33.000Z</time>
   </trkpt>
   <trkpt lat="-8.038147" lon="-34.902189">
    <ele>13.2</ele>
    <time>2021-09-02T23:12:35.000Z</time>
   </trkpt>
   <trkpt lat="-8.038183" lon="-34.90215">
    <ele>13.2</ele>
    <time>2021-09-02T23:12:36.000Z</time>
   </trkpt>
   <trkpt lat="-8.03822" lon="-34.902107">
    <ele>13.2</ele>
    <time>2021-09-02T23:12:37.000Z</time>
   </trkpt>
   <trkpt lat="-8.038298" lon="-34.902014">
    <ele>13.2</ele>
    <time>2021-09-02T23:12:39.000Z</time>
   </trkpt>
   <trkpt lat="-8.038339" lon="-34.901968">
    <ele>13.2</ele>
    <time>2021-09-02T23:12:40.000Z</time>
   </trkpt>
   <trkpt lat="-8.038417" lon="-34.901885">
    <ele>13.2</ele>
    <time>2021-09-02T23:12:42.000Z</time>
   </trkpt>
   <trkpt lat="-8.038466" lon="-34.901851">
    <ele>13.2</ele>
    <time>2021-09-02T23:12:43.000Z</time>
   </trkpt>
   <trkpt lat="-8.038564" lon="-34.901797">
    <ele>13.2</ele>
    <time>2021-09-02T23:12:45.000Z</time>
   </trkpt>
   <trkpt lat="-8.038641" lon="-34.901727">
    <ele>13.1</ele>
    <time>2021-09-02T23:12:46.000Z</time>
   </trkpt>
   <trkpt lat="-8.038675" lon="-34.901699">
    <ele>13.1</ele>
    <time>2021-09-02T23:12:47.000Z</time>
   </trkpt>
   <trkpt lat="-8.038714" lon="-34.901672">
    <ele>13.1</ele>
    <time>2021-09-02T23:12:49.000Z</time>
   </trkpt>
   <trkpt lat="-8.038756" lon="-34.901649">
    <ele>13.1</ele>
    <time>2021-09-02T23:12:50.000Z</time>
   </trkpt>
   <trkpt lat="-8.038865" lon="-34.901596">
    <ele>13.1</ele>
    <time>2021-09-02T23:12:51.000Z</time>
   </trkpt>
   <trkpt lat="-8.038906" lon="-34.901574">
    <ele>13.1</ele>
    <time>2021-09-02T23:12:52.000Z</time>
   </trkpt>
   <trkpt lat="-8.038958" lon="-34.901562">
    <ele>13.1</ele>
    <time>2021-09-02T23:12:53.000Z</time>
   </trkpt>
   <trkpt lat="-8.038995" lon="-34.901519">
    <ele>13.1</ele>
    <time>2021-09-02T23:12:55.000Z</time>
   </trkpt>
   <trkpt lat="-8.03903" lon="-34.901475">
    <ele>13.1</ele>
    <time>2021-09-02T23:12:56.000Z</time>
   </trkpt>
   <trkpt lat="-8.039065" lon="-34.901439">
    <ele>13.1</ele>
    <time>2021-09-02T23:12:57.000Z</time>
   </trkpt>
   <trkpt lat="-8.039152" lon="-34.901365">
    <ele>13.1</ele>
    <time>2021-09-02T23:12:58.000Z</time>
   </trkpt>
   <trkpt lat="-8.039197" lon="-34.901329">
    <ele>13.1</ele>
    <time>2021-09-02T23:12:59.000Z</time>
   </trkpt>
   <trkpt lat="-8.039246" lon="-34.901282">
    <ele>13</ele>
    <time>2021-09-02T23:13:01.000Z</time>
   </trkpt>
   <trkpt lat="-8.039356" lon="-34.901198">
    <ele>13</ele>
    <time>2021-09-02T23:13:03.000Z</time>
   </trkpt>
   <trkpt lat="-8.039423" lon="-34.901148">
    <ele>13.1</ele>
    <time>2021-09-02T23:13:05.000Z</time>
   </trkpt>
   <trkpt lat="-8.039499" lon="-34.901082">
    <ele>13.1</ele>
    <time>2021-09-02T23:13:07.000Z</time>
   </trkpt>
   <trkpt lat="-8.039533" lon="-34.901061">
    <ele>13.1</ele>
    <time>2021-09-02T23:13:08.000Z</time>
   </trkpt>
   <trkpt lat="-8.039581" lon="-34.901037">
    <ele>13.1</ele>
    <time>2021-09-02T23:13:09.000Z</time>
   </trkpt>
   <trkpt lat="-8.039644" lon="-34.900984">
    <ele>13.1</ele>
    <time>2021-09-02T23:13:11.000Z</time>
   </trkpt>
   <trkpt lat="-8.03968" lon="-34.90096">
    <ele>13.1</ele>
    <time>2021-09-02T23:13:12.000Z</time>
   </trkpt>
   <trkpt lat="-8.039745" lon="-34.900914">
    <ele>13.2</ele>
    <time>2021-09-02T23:13:14.000Z</time>
   </trkpt>
   <trkpt lat="-8.03977" lon="-34.900885">
    <ele>13.2</ele>
    <time>2021-09-02T23:13:15.000Z</time>
   </trkpt>
   <trkpt lat="-8.039831" lon="-34.90082">
    <ele>13.2</ele>
    <time>2021-09-02T23:13:16.000Z</time>
   </trkpt>
   <trkpt lat="-8.039866" lon="-34.900796">
    <ele>13.3</ele>
    <time>2021-09-02T23:13:17.000Z</time>
   </trkpt>
   <trkpt lat="-8.039927" lon="-34.900765">
    <ele>13.3</ele>
    <time>2021-09-02T23:13:18.000Z</time>
   </trkpt>
   <trkpt lat="-8.039971" lon="-34.900735">
    <ele>13.3</ele>
    <time>2021-09-02T23:13:20.000Z</time>
   </trkpt>
   <trkpt lat="-8.04003" lon="-34.900658">
    <ele>13.4</ele>
    <time>2021-09-02T23:13:21.000Z</time>
   </trkpt>
   <trkpt lat="-8.040049" lon="-34.900616">
    <ele>13.4</ele>
    <time>2021-09-02T23:13:22.000Z</time>
   </trkpt>
   <trkpt lat="-8.04009" lon="-34.900581">
    <ele>13.4</ele>
    <time>2021-09-02T23:13:24.000Z</time>
   </trkpt>
   <trkpt lat="-8.040134" lon="-34.900551">
    <ele>13.4</ele>
    <time>2021-09-02T23:13:25.000Z</time>
   </trkpt>
   <trkpt lat="-8.040175" lon="-34.900523">
    <ele>13.3</ele>
    <time>2021-09-02T23:13:26.000Z</time>
   </trkpt>
   <trkpt lat="-8.040246" lon="-34.900455">
    <ele>13.3</ele>
    <time>2021-09-02T23:13:28.000Z</time>
   </trkpt>
   <trkpt lat="-8.040314" lon="-34.900409">
    <ele>13.3</ele>
    <time>2021-09-02T23:13:29.000Z</time>
   </trkpt>
   <trkpt lat="-8.04033" lon="-34.900392">
    <ele>13.3</ele>
    <time>2021-09-02T23:13:31.000Z</time>
   </trkpt>
   <trkpt lat="-8.040384" lon="-34.900344">
    <ele>13.2</ele>
    <time>2021-09-02T23:13:32.000Z</time>
   </trkpt>
   <trkpt lat="-8.040409" lon="-34.900316">
    <ele>13.2</ele>
    <time>2021-09-02T23:13:33.000Z</time>
   </trkpt>
   <trkpt lat="-8.040446" lon="-34.900286">
    <ele>13.1</ele>
    <time>2021-09-02T23:13:35.000Z</time>
   </trkpt>
   <trkpt lat="-8.040509" lon="-34.900244">
    <ele>13.1</ele>
    <time>2021-09-02T23:13:37.000Z</time>
   </trkpt>
   <trkpt lat="-8.040554" lon="-34.900207">
    <ele>13</ele>
    <time>2021-09-02T23:13:38.000Z</time>
   </trkpt>
   <trkpt lat="-8.040581" lon="-34.900166">
    <ele>13</ele>
    <time>2021-09-02T23:13:39.000Z</time>
   </trkpt>
   <trkpt lat="-8.04061" lon="-34.900119">
    <ele>13</ele>
    <time>2021-09-02T23:13:40.000Z</time>
   </trkpt>
   <trkpt lat="-8.040646" lon="-34.900081">
    <ele>13</ele>
    <time>2021-09-02T23:13:41.000Z</time>
   </trkpt>
   <trkpt lat="-8.040684" lon="-34.90005">
    <ele>13</ele>
    <time>2021-09-02T23:13:42.000Z</time>
   </trkpt>
   <trkpt lat="-8.040761" lon="-34.899985">
    <ele>12.9</ele>
    <time>2021-09-02T23:13:44.000Z</time>
   </trkpt>
   <trkpt lat="-8.040857" lon="-34.899925">
    <ele>12.9</ele>
    <time>2021-09-02T23:13:45.000Z</time>
   </trkpt>
   <trkpt lat="-8.040899" lon="-34.899897">
    <ele>12.9</ele>
    <time>2021-09-02T23:13:46.000Z</time>
   </trkpt>
   <trkpt lat="-8.040943" lon="-34.899872">
    <ele>12.9</ele>
    <time>2021-09-02T23:13:47.000Z</time>
   </trkpt>
   <trkpt lat="-8.040991" lon="-34.899835">
    <ele>12.9</ele>
    <time>2021-09-02T23:13:49.000Z</time>
   </trkpt>
   <trkpt lat="-8.041119" lon="-34.89975">
    <ele>12.9</ele>
    <time>2021-09-02T23:13:50.000Z</time>
   </trkpt>
   <trkpt lat="-8.041171" lon="-34.899712">
    <ele>12.9</ele>
    <time>2021-09-02T23:13:52.000Z</time>
   </trkpt>
   <trkpt lat="-8.041225" lon="-34.899668">
    <ele>12.8</ele>
    <time>2021-09-02T23:13:53.000Z</time>
   </trkpt>
   <trkpt lat="-8.041273" lon="-34.899636">
    <ele>12.8</ele>
    <time>2021-09-02T23:13:54.000Z</time>
   </trkpt>
   <trkpt lat="-8.041375" lon="-34.899564">
    <ele>12.8</ele>
    <time>2021-09-02T23:13:55.000Z</time>
   </trkpt>
   <trkpt lat="-8.041428" lon="-34.899528">
    <ele>12.8</ele>
    <time>2021-09-02T23:13:56.000Z</time>
   </trkpt>
   <trkpt lat="-8.041476" lon="-34.899494">
    <ele>12.8</ele>
    <time>2021-09-02T23:13:57.000Z</time>
   </trkpt>
   <trkpt lat="-8.041523" lon="-34.899464">
    <ele>12.8</ele>
    <time>2021-09-02T23:13:59.000Z</time>
   </trkpt>
   <trkpt lat="-8.041578" lon="-34.899446">
    <ele>12.7</ele>
    <time>2021-09-02T23:14:00.000Z</time>
   </trkpt>
   <trkpt lat="-8.04166" lon="-34.899388">
    <ele>12.7</ele>
    <time>2021-09-02T23:14:01.000Z</time>
   </trkpt>
   <trkpt lat="-8.041695" lon="-34.899351">
    <ele>12.7</ele>
    <time>2021-09-02T23:14:03.000Z</time>
   </trkpt>
   <trkpt lat="-8.04177" lon="-34.899289">
    <ele>12.7</ele>
    <time>2021-09-02T23:14:04.000Z</time>
   </trkpt>
   <trkpt lat="-8.041813" lon="-34.899254">
    <ele>12.7</ele>
    <time>2021-09-02T23:14:05.000Z</time>
   </trkpt>
   <trkpt lat="-8.041849" lon="-34.89922">
    <ele>12.7</ele>
    <time>2021-09-02T23:14:06.000Z</time>
   </trkpt>
   <trkpt lat="-8.041885" lon="-34.899185">
    <ele>12.7</ele>
    <time>2021-09-02T23:14:08.000Z</time>
   </trkpt>
   <trkpt lat="-8.041967" lon="-34.899136">
    <ele>12.8</ele>
    <time>2021-09-02T23:14:09.000Z</time>
   </trkpt>
   <trkpt lat="-8.041996" lon="-34.899113">
    <ele>12.8</ele>
    <time>2021-09-02T23:14:10.000Z</time>
   </trkpt>
   <trkpt lat="-8.042027" lon="-34.89909">
    <ele>12.8</ele>
    <time>2021-09-02T23:14:11.000Z</time>
   </trkpt>
   <trkpt lat="-8.042055" lon="-34.899066">
    <ele>12.8</ele>
    <time>2021-09-02T23:14:13.000Z</time>
   </trkpt>
   <trkpt lat="-8.042101" lon="-34.899016">
    <ele>12.8</ele>
    <time>2021-09-02T23:14:15.000Z</time>
   </trkpt>
   <trkpt lat="-8.042121" lon="-34.89899">
    <ele>12.9</ele>
    <time>2021-09-02T23:14:16.000Z</time>
   </trkpt>
   <trkpt lat="-8.042162" lon="-34.898922">
    <ele>12.9</ele>
    <time>2021-09-02T23:14:18.000Z</time>
   </trkpt>
   <trkpt lat="-8.042191" lon="-34.898885">
    <ele>12.9</ele>
    <time>2021-09-02T23:14:19.000Z</time>
   </trkpt>
   <trkpt lat="-8.042255" lon="-34.89882">
    <ele>13</ele>
    <time>2021-09-02T23:14:20.000Z</time>
   </trkpt>
   <trkpt lat="-8.042287" lon="-34.898782">
    <ele>13</ele>
    <time>2021-09-02T23:14:22.000Z</time>
   </trkpt>
   <trkpt lat="-8.042367" lon="-34.898695">
    <ele>13.1</ele>
    <time>2021-09-02T23:14:23.000Z</time>
   </trkpt>
   <trkpt lat="-8.042406" lon="-34.898655">
    <ele>13.1</ele>
    <time>2021-09-02T23:14:24.000Z</time>
   </trkpt>
   <trkpt lat="-8.042446" lon="-34.898622">
    <ele>13.2</ele>
    <time>2021-09-02T23:14:25.000Z</time>
   </trkpt>
   <trkpt lat="-8.042491" lon="-34.898606">
    <ele>13.2</ele>
    <time>2021-09-02T23:14:26.000Z</time>
   </trkpt>
   <trkpt lat="-8.042545" lon="-34.8986">
    <ele>13.3</ele>
    <time>2021-09-02T23:14:27.000Z</time>
   </trkpt>
   <trkpt lat="-8.042596" lon="-34.898593">
    <ele>13.3</ele>
    <time>2021-09-02T23:14:29.000Z</time>
   </trkpt>
   <trkpt lat="-8.042682" lon="-34.898591">
    <ele>13.4</ele>
    <time>2021-09-02T23:14:30.000Z</time>
   </trkpt>
   <trkpt lat="-8.042722" lon="-34.898584">
    <ele>13.5</ele>
    <time>2021-09-02T23:14:32.000Z</time>
   </trkpt>
   <trkpt lat="-8.04274" lon="-34.898583">
    <ele>13.5</ele>
    <time>2021-09-02T23:14:33.000Z</time>
   </trkpt>
   <trkpt lat="-8.042789" lon="-34.898567">
    <ele>13.5</ele>
    <time>2021-09-02T23:14:34.000Z</time>
   </trkpt>
   <trkpt lat="-8.042823" lon="-34.898559">
    <ele>13.6</ele>
    <time>2021-09-02T23:14:36.000Z</time>
   </trkpt>
   <trkpt lat="-8.042857" lon="-34.898543">
    <ele>13.6</ele>
    <time>2021-09-02T23:14:38.000Z</time>
   </trkpt>
   <trkpt lat="-8.04293" lon="-34.898548">
    <ele>13.7</ele>
    <time>2021-09-02T23:14:41.000Z</time>
   </trkpt>
   <trkpt lat="-8.043061" lon="-34.898502">
    <ele>13.7</ele>
    <time>2021-09-02T23:14:49.000Z</time>
   </trkpt>
   <trkpt lat="-8.043098" lon="-34.898493">
    <ele>13.7</ele>
    <time>2021-09-02T23:14:50.000Z</time>
   </trkpt>
   <trkpt lat="-8.043131" lon="-34.898485">
    <ele>13.7</ele>
    <time>2021-09-02T23:14:51.000Z</time>
   </trkpt>
   <trkpt lat="-8.043214" lon="-34.898475">
    <ele>13.7</ele>
    <time>2021-09-02T23:14:53.000Z</time>
   </trkpt>
   <trkpt lat="-8.043263" lon="-34.898468">
    <ele>13.7</ele>
    <time>2021-09-02T23:14:54.000Z</time>
   </trkpt>
   <trkpt lat="-8.043319" lon="-34.89846">
    <ele>13.7</ele>
    <time>2021-09-02T23:14:56.000Z</time>
   </trkpt>
   <trkpt lat="-8.043395" lon="-34.898448">
    <ele>13.6</ele>
    <time>2021-09-02T23:14:57.000Z</time>
   </trkpt>
   <trkpt lat="-8.043413" lon="-34.898441">
    <ele>13.6</ele>
    <time>2021-09-02T23:14:58.000Z</time>
   </trkpt>
   <trkpt lat="-8.043451" lon="-34.898441">
    <ele>13.6</ele>
    <time>2021-09-02T23:15:00.000Z</time>
   </trkpt>
   <trkpt lat="-8.043544" lon="-34.898455">
    <ele>13.6</ele>
    <time>2021-09-02T23:15:03.000Z</time>
   </trkpt>
   <trkpt lat="-8.043597" lon="-34.89845">
    <ele>13.5</ele>
    <time>2021-09-02T23:15:04.000Z</time>
   </trkpt>
   <trkpt lat="-8.043671" lon="-34.898443">
    <ele>13.5</ele>
    <time>2021-09-02T23:15:05.000Z</time>
   </trkpt>
   <trkpt lat="-8.043769" lon="-34.898388">
    <ele>13.5</ele>
    <time>2021-09-02T23:15:07.000Z</time>
   </trkpt>
   <trkpt lat="-8.043815" lon="-34.898362">
    <ele>13.5</ele>
    <time>2021-09-02T23:15:08.000Z</time>
   </trkpt>
   <trkpt lat="-8.043845" lon="-34.89833">
    <ele>13.5</ele>
    <time>2021-09-02T23:15:09.000Z</time>
   </trkpt>
   <trkpt lat="-8.043889" lon="-34.898307">
    <ele>13.5</ele>
    <time>2021-09-02T23:15:11.000Z</time>
   </trkpt>
   <trkpt lat="-8.043964" lon="-34.898296">
    <ele>13.5</ele>
    <time>2021-09-02T23:15:12.000Z</time>
   </trkpt>
   <trkpt lat="-8.043994" lon="-34.898301">
    <ele>13.5</ele>
    <time>2021-09-02T23:15:13.000Z</time>
   </trkpt>
   <trkpt lat="-8.044022" lon="-34.898312">
    <ele>13.5</ele>
    <time>2021-09-02T23:15:15.000Z</time>
   </trkpt>
   <trkpt lat="-8.044051" lon="-34.898315">
    <ele>13.5</ele>
    <time>2021-09-02T23:15:16.000Z</time>
   </trkpt>
   <trkpt lat="-8.044082" lon="-34.898323">
    <ele>13.5</ele>
    <time>2021-09-02T23:15:17.000Z</time>
   </trkpt>
   <trkpt lat="-8.044142" lon="-34.898312">
    <ele>13.5</ele>
    <time>2021-09-02T23:15:18.000Z</time>
   </trkpt>
   <trkpt lat="-8.044227" lon="-34.898292">
    <ele>13.5</ele>
    <time>2021-09-02T23:15:20.000Z</time>
   </trkpt>
   <trkpt lat="-8.044269" lon="-34.898288">
    <ele>13.5</ele>
    <time>2021-09-02T23:15:21.000Z</time>
   </trkpt>
   <trkpt lat="-8.044328" lon="-34.898305">
    <ele>13.5</ele>
    <time>2021-09-02T23:15:22.000Z</time>
   </trkpt>
   <trkpt lat="-8.044391" lon="-34.898341">
    <ele>13.5</ele>
    <time>2021-09-02T23:15:24.000Z</time>
   </trkpt>
   <trkpt lat="-8.044449" lon="-34.898371">
    <ele>13.5</ele>
    <time>2021-09-02T23:15:25.000Z</time>
   </trkpt>
   <trkpt lat="-8.044552" lon="-34.898402">
    <ele>13.5</ele>
    <time>2021-09-02T23:15:27.000Z</time>
   </trkpt>
   <trkpt lat="-8.044648" lon="-34.898402">
    <ele>13.5</ele>
    <time>2021-09-02T23:15:29.000Z</time>
   </trkpt>
   <trkpt lat="-8.044738" lon="-34.898405">
    <ele>13.5</ele>
    <time>2021-09-02T23:15:31.000Z</time>
   </trkpt>
   <trkpt lat="-8.044828" lon="-34.898405">
    <ele>13.5</ele>
    <time>2021-09-02T23:15:33.000Z</time>
   </trkpt>
   <trkpt lat="-8.044947" lon="-34.898431">
    <ele>13.5</ele>
    <time>2021-09-02T23:15:35.000Z</time>
   </trkpt>
   <trkpt lat="-8.045012" lon="-34.898459">
    <ele>13.5</ele>
    <time>2021-09-02T23:15:36.000Z</time>
   </trkpt>
   <trkpt lat="-8.045118" lon="-34.898499">
    <ele>13.5</ele>
    <time>2021-09-02T23:15:37.000Z</time>
   </trkpt>
   <trkpt lat="-8.045167" lon="-34.898509">
    <ele>13.6</ele>
    <time>2021-09-02T23:15:38.000Z</time>
   </trkpt>
   <trkpt lat="-8.045215" lon="-34.898517">
    <ele>13.7</ele>
    <time>2021-09-02T23:15:40.000Z</time>
   </trkpt>
   <trkpt lat="-8.045344" lon="-34.898516">
    <ele>13.9</ele>
    <time>2021-09-02T23:15:41.000Z</time>
   </trkpt>
   <trkpt lat="-8.045431" lon="-34.898503">
    <ele>14</ele>
    <time>2021-09-02T23:15:43.000Z</time>
   </trkpt>
   <trkpt lat="-8.045549" lon="-34.898484">
    <ele>14.2</ele>
    <time>2021-09-02T23:15:44.000Z</time>
   </trkpt>
   <trkpt lat="-8.045612" lon="-34.898495">
    <ele>14.3</ele>
    <time>2021-09-02T23:15:46.000Z</time>
   </trkpt>
   <trkpt lat="-8.045679" lon="-34.898512">
    <ele>14.4</ele>
    <time>2021-09-02T23:15:47.000Z</time>
   </trkpt>
   <trkpt lat="-8.04581" lon="-34.898543">
    <ele>14.6</ele>
    <time>2021-09-02T23:15:49.000Z</time>
   </trkpt>
   <trkpt lat="-8.045938" lon="-34.898619">
    <ele>14.8</ele>
    <time>2021-09-02T23:15:50.000Z</time>
   </trkpt>
   <trkpt lat="-8.045989" lon="-34.898633">
    <ele>14.9</ele>
    <time>2021-09-02T23:15:52.000Z</time>
   </trkpt>
   <trkpt lat="-8.046043" lon="-34.898649">
    <ele>15</ele>
    <time>2021-09-02T23:15:53.000Z</time>
   </trkpt>
   <trkpt lat="-8.046152" lon="-34.898666">
    <ele>14.9</ele>
    <time>2021-09-02T23:15:54.000Z</time>
   </trkpt>
   <trkpt lat="-8.046216" lon="-34.898692">
    <ele>14.9</ele>
    <time>2021-09-02T23:15:56.000Z</time>
   </trkpt>
   <trkpt lat="-8.046323" lon="-34.898728">
    <ele>14.9</ele>
    <time>2021-09-02T23:15:57.000Z</time>
   </trkpt>
   <trkpt lat="-8.04638" lon="-34.898751">
    <ele>14.8</ele>
    <time>2021-09-02T23:15:58.000Z</time>
   </trkpt>
   <trkpt lat="-8.046446" lon="-34.89876">
    <ele>14.8</ele>
    <time>2021-09-02T23:15:59.000Z</time>
   </trkpt>
   <trkpt lat="-8.046491" lon="-34.898769">
    <ele>14.8</ele>
    <time>2021-09-02T23:16:00.000Z</time>
   </trkpt>
   <trkpt lat="-8.046541" lon="-34.898772">
    <ele>14.8</ele>
    <time>2021-09-02T23:16:01.000Z</time>
   </trkpt>
   <trkpt lat="-8.046594" lon="-34.898771">
    <ele>14.8</ele>
    <time>2021-09-02T23:16:02.000Z</time>
   </trkpt>
   <trkpt lat="-8.046641" lon="-34.898775">
    <ele>14.8</ele>
    <time>2021-09-02T23:16:03.000Z</time>
   </trkpt>
   <trkpt lat="-8.046693" lon="-34.898773">
    <ele>14.8</ele>
    <time>2021-09-02T23:16:04.000Z</time>
   </trkpt>
   <trkpt lat="-8.046753" lon="-34.898767">
    <ele>14.8</ele>
    <time>2021-09-02T23:16:06.000Z</time>
   </trkpt>
   <trkpt lat="-8.0468" lon="-34.898775">
    <ele>14.8</ele>
    <time>2021-09-02T23:16:07.000Z</time>
   </trkpt>
   <trkpt lat="-8.04684" lon="-34.898788">
    <ele>14.8</ele>
    <time>2021-09-02T23:16:08.000Z</time>
   </trkpt>
   <trkpt lat="-8.046922" lon="-34.898814">
    <ele>14.7</ele>
    <time>2021-09-02T23:16:09.000Z</time>
   </trkpt>
   <trkpt lat="-8.046968" lon="-34.898839">
    <ele>14.7</ele>
    <time>2021-09-02T23:16:11.000Z</time>
   </trkpt>
   <trkpt lat="-8.047025" lon="-34.898858">
    <ele>14.7</ele>
    <time>2021-09-02T23:16:12.000Z</time>
   </trkpt>
   <trkpt lat="-8.047119" lon="-34.898899">
    <ele>14.7</ele>
    <time>2021-09-02T23:16:13.000Z</time>
   </trkpt>
   <trkpt lat="-8.047165" lon="-34.898914">
    <ele>14.7</ele>
    <time>2021-09-02T23:16:15.000Z</time>
   </trkpt>
   <trkpt lat="-8.047255" lon="-34.898919">
    <ele>14.7</ele>
    <time>2021-09-02T23:16:16.000Z</time>
   </trkpt>
   <trkpt lat="-8.047317" lon="-34.89892">
    <ele>14.8</ele>
    <time>2021-09-02T23:16:18.000Z</time>
   </trkpt>
   <trkpt lat="-8.047403" lon="-34.898907">
    <ele>14.8</ele>
    <time>2021-09-02T23:16:19.000Z</time>
   </trkpt>
   <trkpt lat="-8.047439" lon="-34.898888">
    <ele>14.8</ele>
    <time>2021-09-02T23:16:20.000Z</time>
   </trkpt>
   <trkpt lat="-8.047454" lon="-34.89888">
    <ele>14.8</ele>
    <time>2021-09-02T23:16:21.000Z</time>
   </trkpt>
   <trkpt lat="-8.047556" lon="-34.898854">
    <ele>14.8</ele>
    <time>2021-09-02T23:16:24.000Z</time>
   </trkpt>
   <trkpt lat="-8.047592" lon="-34.898844">
    <ele>14.8</ele>
    <time>2021-09-02T23:16:25.000Z</time>
   </trkpt>
   <trkpt lat="-8.047636" lon="-34.898824">
    <ele>14.8</ele>
    <time>2021-09-02T23:16:27.000Z</time>
   </trkpt>
   <trkpt lat="-8.047686" lon="-34.898792">
    <ele>14.8</ele>
    <time>2021-09-02T23:16:28.000Z</time>
   </trkpt>
   <trkpt lat="-8.047736" lon="-34.89874">
    <ele>14.7</ele>
    <time>2021-09-02T23:16:30.000Z</time>
   </trkpt>
   <trkpt lat="-8.047761" lon="-34.898696">
    <ele>14.7</ele>
    <time>2021-09-02T23:16:31.000Z</time>
   </trkpt>
   <trkpt lat="-8.047781" lon="-34.898662">
    <ele>14.7</ele>
    <time>2021-09-02T23:16:33.000Z</time>
   </trkpt>
   <trkpt lat="-8.047805" lon="-34.898597">
    <ele>14.6</ele>
    <time>2021-09-02T23:16:35.000Z</time>
   </trkpt>
   <trkpt lat="-8.047816" lon="-34.898569">
    <ele>14.5</ele>
    <time>2021-09-02T23:16:36.000Z</time>
   </trkpt>
   <trkpt lat="-8.047829" lon="-34.898519">
    <ele>14.5</ele>
    <time>2021-09-02T23:16:37.000Z</time>
   </trkpt>
   <trkpt lat="-8.047832" lon="-34.898488">
    <ele>14.5</ele>
    <time>2021-09-02T23:16:39.000Z</time>
   </trkpt>
   <trkpt lat="-8.047839" lon="-34.89845">
    <ele>14.5</ele>
    <time>2021-09-02T23:16:40.000Z</time>
   </trkpt>
   <trkpt lat="-8.047843" lon="-34.898403">
    <ele>14.4</ele>
    <time>2021-09-02T23:16:41.000Z</time>
   </trkpt>
   <trkpt lat="-8.047886" lon="-34.8983">
    <ele>14.4</ele>
    <time>2021-09-02T23:16:42.000Z</time>
   </trkpt>
   <trkpt lat="-8.047908" lon="-34.898238">
    <ele>14.3</ele>
    <time>2021-09-02T23:16:43.000Z</time>
   </trkpt>
   <trkpt lat="-8.047919" lon="-34.898188">
    <ele>14.3</ele>
    <time>2021-09-02T23:16:44.000Z</time>
   </trkpt>
   <trkpt lat="-8.047921" lon="-34.898134">
    <ele>14.2</ele>
    <time>2021-09-02T23:16:45.000Z</time>
   </trkpt>
   <trkpt lat="-8.047926" lon="-34.898075">
    <ele>14.1</ele>
    <time>2021-09-02T23:16:47.000Z</time>
   </trkpt>
   <trkpt lat="-8.04793" lon="-34.89796">
    <ele>14</ele>
    <time>2021-09-02T23:16:49.000Z</time>
   </trkpt>
   <trkpt lat="-8.047919" lon="-34.897849">
    <ele>13.8</ele>
    <time>2021-09-02T23:16:50.000Z</time>
   </trkpt>
   <trkpt lat="-8.047917" lon="-34.89779">
    <ele>13.7</ele>
    <time>2021-09-02T23:16:52.000Z</time>
   </trkpt>
   <trkpt lat="-8.047914" lon="-34.897734">
    <ele>13.6</ele>
    <time>2021-09-02T23:16:53.000Z</time>
   </trkpt>
   <trkpt lat="-8.047923" lon="-34.897618">
    <ele>13.5</ele>
    <time>2021-09-02T23:16:55.000Z</time>
   </trkpt>
   <trkpt lat="-8.047933" lon="-34.897567">
    <ele>13.4</ele>
    <time>2021-09-02T23:16:56.000Z</time>
   </trkpt>
   <trkpt lat="-8.047944" lon="-34.897505">
    <ele>13.3</ele>
    <time>2021-09-02T23:16:57.000Z</time>
   </trkpt>
   <trkpt lat="-8.047961" lon="-34.897392">
    <ele>13.1</ele>
    <time>2021-09-02T23:16:59.000Z</time>
   </trkpt>
   <trkpt lat="-8.047967" lon="-34.897341">
    <ele>13</ele>
    <time>2021-09-02T23:17:00.000Z</time>
   </trkpt>
   <trkpt lat="-8.047983" lon="-34.897233">
    <ele>12.9</ele>
    <time>2021-09-02T23:17:02.000Z</time>
   </trkpt>
   <trkpt lat="-8.047989" lon="-34.897135">
    <ele>12.7</ele>
    <time>2021-09-02T23:17:03.000Z</time>
   </trkpt>
   <trkpt lat="-8.04799" lon="-34.897092">
    <ele>12.6</ele>
    <time>2021-09-02T23:17:04.000Z</time>
   </trkpt>
   <trkpt lat="-8.047988" lon="-34.897058">
    <ele>12.6</ele>
    <time>2021-09-02T23:17:06.000Z</time>
   </trkpt>
   <trkpt lat="-8.04798" lon="-34.896981">
    <ele>12.5</ele>
    <time>2021-09-02T23:17:07.000Z</time>
   </trkpt>
   <trkpt lat="-8.047975" lon="-34.896957">
    <ele>12.5</ele>
    <time>2021-09-02T23:17:08.000Z</time>
   </trkpt>
   <trkpt lat="-8.047909" lon="-34.896939">
    <ele>12.4</ele>
    <time>2021-09-02T23:17:12.000Z</time>
   </trkpt>
   <trkpt lat="-8.047858" lon="-34.896944">
    <ele>12.4</ele>
    <time>2021-09-02T23:17:16.000Z</time>
   </trkpt>
   <trkpt lat="-8.047808" lon="-34.89695">
    <ele>12.4</ele>
    <time>2021-09-02T23:17:17.000Z</time>
   </trkpt>
   <trkpt lat="-8.047732" lon="-34.896945">
    <ele>12.4</ele>
    <time>2021-09-02T23:17:19.000Z</time>
   </trkpt>
   <trkpt lat="-8.047692" lon="-34.896939">
    <ele>12.5</ele>
    <time>2021-09-02T23:17:20.000Z</time>
   </trkpt>
   <trkpt lat="-8.047656" lon="-34.896925">
    <ele>12.5</ele>
    <time>2021-09-02T23:17:22.000Z</time>
   </trkpt>
   <trkpt lat="-8.047609" lon="-34.896876">
    <ele>12.4</ele>
    <time>2021-09-02T23:17:23.000Z</time>
   </trkpt>
   <trkpt lat="-8.047568" lon="-34.896824">
    <ele>12.4</ele>
    <time>2021-09-02T23:17:25.000Z</time>
   </trkpt>
   <trkpt lat="-8.047547" lon="-34.896801">
    <ele>12.3</ele>
    <time>2021-09-02T23:17:26.000Z</time>
   </trkpt>
   <trkpt lat="-8.047529" lon="-34.896774">
    <ele>12.3</ele>
    <time>2021-09-02T23:17:28.000Z</time>
   </trkpt>
   <trkpt lat="-8.047504" lon="-34.896744">
    <ele>12.3</ele>
    <time>2021-09-02T23:17:29.000Z</time>
   </trkpt>
   <trkpt lat="-8.04745" lon="-34.896668">
    <ele>12.3</ele>
    <time>2021-09-02T23:17:31.000Z</time>
   </trkpt>
   <trkpt lat="-8.047394" lon="-34.896589">
    <ele>12.3</ele>
    <time>2021-09-02T23:17:32.000Z</time>
   </trkpt>
   <trkpt lat="-8.047363" lon="-34.896544">
    <ele>12.3</ele>
    <time>2021-09-02T23:17:33.000Z</time>
   </trkpt>
   <trkpt lat="-8.047326" lon="-34.896503">
    <ele>12.2</ele>
    <time>2021-09-02T23:17:35.000Z</time>
   </trkpt>
   <trkpt lat="-8.04726" lon="-34.896424">
    <ele>12.2</ele>
    <time>2021-09-02T23:17:36.000Z</time>
   </trkpt>
   <trkpt lat="-8.047231" lon="-34.896381">
    <ele>12.2</ele>
    <time>2021-09-02T23:17:38.000Z</time>
   </trkpt>
   <trkpt lat="-8.047158" lon="-34.89627">
    <ele>12.2</ele>
    <time>2021-09-02T23:17:40.000Z</time>
   </trkpt>
   <trkpt lat="-8.047118" lon="-34.896222">
    <ele>12.2</ele>
    <time>2021-09-02T23:17:41.000Z</time>
   </trkpt>
   <trkpt lat="-8.047043" lon="-34.896122">
    <ele>12.2</ele>
    <time>2021-09-02T23:17:43.000Z</time>
   </trkpt>
   <trkpt lat="-8.047015" lon="-34.896083">
    <ele>12.2</ele>
    <time>2021-09-02T23:17:44.000Z</time>
   </trkpt>
   <trkpt lat="-8.046932" lon="-34.896029">
    <ele>12.2</ele>
    <time>2021-09-02T23:17:45.000Z</time>
   </trkpt>
   <trkpt lat="-8.046887" lon="-34.896005">
    <ele>12.2</ele>
    <time>2021-09-02T23:17:47.000Z</time>
   </trkpt>
   <trkpt lat="-8.046788" lon="-34.895952">
    <ele>12.2</ele>
    <time>2021-09-02T23:17:48.000Z</time>
   </trkpt>
   <trkpt lat="-8.046738" lon="-34.895929">
    <ele>12.2</ele>
    <time>2021-09-02T23:17:49.000Z</time>
   </trkpt>
   <trkpt lat="-8.046693" lon="-34.895903">
    <ele>12.3</ele>
    <time>2021-09-02T23:17:50.000Z</time>
   </trkpt>
   <trkpt lat="-8.046653" lon="-34.89587">
    <ele>12.3</ele>
    <time>2021-09-02T23:17:51.000Z</time>
   </trkpt>
   <trkpt lat="-8.046614" lon="-34.895848">
    <ele>12.3</ele>
    <time>2021-09-02T23:17:52.000Z</time>
   </trkpt>
   <trkpt lat="-8.046583" lon="-34.895816">
    <ele>12.3</ele>
    <time>2021-09-02T23:17:54.000Z</time>
   </trkpt>
   <trkpt lat="-8.04651" lon="-34.895773">
    <ele>12.4</ele>
    <time>2021-09-02T23:17:55.000Z</time>
   </trkpt>
   <trkpt lat="-8.046471" lon="-34.895753">
    <ele>12.4</ele>
    <time>2021-09-02T23:17:56.000Z</time>
   </trkpt>
   <trkpt lat="-8.046421" lon="-34.895724">
    <ele>12.4</ele>
    <time>2021-09-02T23:17:57.000Z</time>
   </trkpt>
   <trkpt lat="-8.046381" lon="-34.895708">
    <ele>12.5</ele>
    <time>2021-09-02T23:17:58.000Z</time>
   </trkpt>
   <trkpt lat="-8.046331" lon="-34.895703">
    <ele>12.5</ele>
    <time>2021-09-02T23:18:00.000Z</time>
   </trkpt>
   <trkpt lat="-8.046268" lon="-34.895672">
    <ele>12.5</ele>
    <time>2021-09-02T23:18:01.000Z</time>
   </trkpt>
   <trkpt lat="-8.046227" lon="-34.89564">
    <ele>12.5</ele>
    <time>2021-09-02T23:18:03.000Z</time>
   </trkpt>
   <trkpt lat="-8.046205" lon="-34.895621">
    <ele>12.5</ele>
    <time>2021-09-02T23:18:04.000Z</time>
   </trkpt>
   <trkpt lat="-8.046167" lon="-34.895579">
    <ele>12.5</ele>
    <time>2021-09-02T23:18:08.000Z</time>
   </trkpt>
   <trkpt lat="-8.046116" lon="-34.895527">
    <ele>12.6</ele>
    <time>2021-09-02T23:18:10.000Z</time>
   </trkpt>
   <trkpt lat="-8.046104" lon="-34.895514">
    <ele>12.6</ele>
    <time>2021-09-02T23:18:12.000Z</time>
   </trkpt>
   <trkpt lat="-8.045859" lon="-34.895417">
    <ele>12.6</ele>
    <time>2021-09-02T23:18:29.000Z</time>
   </trkpt>
   <trkpt lat="-8.045805" lon="-34.89539">
    <ele>12.5</ele>
    <time>2021-09-02T23:18:32.000Z</time>
   </trkpt>
   <trkpt lat="-8.045774" lon="-34.895369">
    <ele>12.5</ele>
    <time>2021-09-02T23:18:33.000Z</time>
   </trkpt>
   <trkpt lat="-8.045739" lon="-34.895347">
    <ele>12.5</ele>
    <time>2021-09-02T23:18:34.000Z</time>
   </trkpt>
   <trkpt lat="-8.045706" lon="-34.895326">
    <ele>12.5</ele>
    <time>2021-09-02T23:18:35.000Z</time>
   </trkpt>
   <trkpt lat="-8.045675" lon="-34.895302">
    <ele>12.6</ele>
    <time>2021-09-02T23:18:37.000Z</time>
   </trkpt>
   <trkpt lat="-8.045652" lon="-34.895279">
    <ele>12.6</ele>
    <time>2021-09-02T23:18:38.000Z</time>
   </trkpt>
   <trkpt lat="-8.045604" lon="-34.895216">
    <ele>12.6</ele>
    <time>2021-09-02T23:18:39.000Z</time>
   </trkpt>
   <trkpt lat="-8.045579" lon="-34.895182">
    <ele>12.6</ele>
    <time>2021-09-02T23:18:40.000Z</time>
   </trkpt>
   <trkpt lat="-8.045556" lon="-34.895151">
    <ele>12.7</ele>
    <time>2021-09-02T23:18:41.000Z</time>
   </trkpt>
   <trkpt lat="-8.045528" lon="-34.895129">
    <ele>12.7</ele>
    <time>2021-09-02T23:18:42.000Z</time>
   </trkpt>
   <trkpt lat="-8.045504" lon="-34.895108">
    <ele>12.7</ele>
    <time>2021-09-02T23:18:43.000Z</time>
   </trkpt>
   <trkpt lat="-8.045477" lon="-34.895085">
    <ele>12.7</ele>
    <time>2021-09-02T23:18:44.000Z</time>
   </trkpt>
   <trkpt lat="-8.045446" lon="-34.895067">
    <ele>12.8</ele>
    <time>2021-09-02T23:18:45.000Z</time>
   </trkpt>
   <trkpt lat="-8.045398" lon="-34.895041">
    <ele>12.8</ele>
    <time>2021-09-02T23:18:47.000Z</time>
   </trkpt>
   <trkpt lat="-8.045337" lon="-34.894987">
    <ele>12.8</ele>
    <time>2021-09-02T23:18:48.000Z</time>
   </trkpt>
   <trkpt lat="-8.045304" lon="-34.894968">
    <ele>12.8</ele>
    <time>2021-09-02T23:18:50.000Z</time>
   </trkpt>
   <trkpt lat="-8.045104" lon="-34.894845">
    <ele>12.9</ele>
    <time>2021-09-02T23:18:55.000Z</time>
   </trkpt>
   <trkpt lat="-8.045081" lon="-34.894828">
    <ele>12.9</ele>
    <time>2021-09-02T23:18:57.000Z</time>
   </trkpt>
   <trkpt lat="-8.045045" lon="-34.894791">
    <ele>13</ele>
    <time>2021-09-02T23:18:58.000Z</time>
   </trkpt>
   <trkpt lat="-8.044964" lon="-34.894635">
    <ele>13.1</ele>
    <time>2021-09-02T23:19:00.000Z</time>
   </trkpt>
   <trkpt lat="-8.044889" lon="-34.894551">
    <ele>13.1</ele>
    <time>2021-09-02T23:19:01.000Z</time>
   </trkpt>
   <trkpt lat="-8.04475" lon="-34.894474">
    <ele>13.2</ele>
    <time>2021-09-02T23:19:02.000Z</time>
   </trkpt>
   <trkpt lat="-8.044679" lon="-34.894418">
    <ele>13.3</ele>
    <time>2021-09-02T23:19:03.000Z</time>
   </trkpt>
   <trkpt lat="-8.044612" lon="-34.894364">
    <ele>13.3</ele>
    <time>2021-09-02T23:19:05.000Z</time>
   </trkpt>
   <trkpt lat="-8.044491" lon="-34.89428">
    <ele>13.3</ele>
    <time>2021-09-02T23:19:06.000Z</time>
   </trkpt>
   <trkpt lat="-8.044436" lon="-34.894248">
    <ele>13.3</ele>
    <time>2021-09-02T23:19:08.000Z</time>
   </trkpt>
   <trkpt lat="-8.044336" lon="-34.89416">
    <ele>13.3</ele>
    <time>2021-09-02T23:19:09.000Z</time>
   </trkpt>
   <trkpt lat="-8.044295" lon="-34.894121">
    <ele>13.3</ele>
    <time>2021-09-02T23:19:10.000Z</time>
   </trkpt>
   <trkpt lat="-8.044248" lon="-34.894091">
    <ele>13.3</ele>
    <time>2021-09-02T23:19:12.000Z</time>
   </trkpt>
   <trkpt lat="-8.044137" lon="-34.894007">
    <ele>13.3</ele>
    <time>2021-09-02T23:19:14.000Z</time>
   </trkpt>
   <trkpt lat="-8.044043" lon="-34.893913">
    <ele>13.3</ele>
    <time>2021-09-02T23:19:15.000Z</time>
   </trkpt>
   <trkpt lat="-8.043998" lon="-34.893872">
    <ele>13.3</ele>
    <time>2021-09-02T23:19:17.000Z</time>
   </trkpt>
   <trkpt lat="-8.043951" lon="-34.89383">
    <ele>13.3</ele>
    <time>2021-09-02T23:19:18.000Z</time>
   </trkpt>
   <trkpt lat="-8.043901" lon="-34.893789">
    <ele>13.3</ele>
    <time>2021-09-02T23:19:19.000Z</time>
   </trkpt>
   <trkpt lat="-8.043804" lon="-34.893709">
    <ele>13.3</ele>
    <time>2021-09-02T23:19:20.000Z</time>
   </trkpt>
   <trkpt lat="-8.043766" lon="-34.893676">
    <ele>13.3</ele>
    <time>2021-09-02T23:19:21.000Z</time>
   </trkpt>
   <trkpt lat="-8.043727" lon="-34.893647">
    <ele>13.3</ele>
    <time>2021-09-02T23:19:22.000Z</time>
   </trkpt>
   <trkpt lat="-8.043695" lon="-34.893627">
    <ele>13.3</ele>
    <time>2021-09-02T23:19:24.000Z</time>
   </trkpt>
   <trkpt lat="-8.043647" lon="-34.893595">
    <ele>13.3</ele>
    <time>2021-09-02T23:19:25.000Z</time>
   </trkpt>
   <trkpt lat="-8.043611" lon="-34.893553">
    <ele>13.3</ele>
    <time>2021-09-02T23:19:28.000Z</time>
   </trkpt>
   <trkpt lat="-8.043598" lon="-34.893534">
    <ele>13.3</ele>
    <time>2021-09-02T23:19:29.000Z</time>
   </trkpt>
   <trkpt lat="-8.043555" lon="-34.89352">
    <ele>13.3</ele>
    <time>2021-09-02T23:19:30.000Z</time>
   </trkpt>
   <trkpt lat="-8.043509" lon="-34.893495">
    <ele>13.3</ele>
    <time>2021-09-02T23:19:33.000Z</time>
   </trkpt>
   <trkpt lat="-8.043467" lon="-34.893469">
    <ele>13.3</ele>
    <time>2021-09-02T23:19:34.000Z</time>
   </trkpt>
   <trkpt lat="-8.043437" lon="-34.893446">
    <ele>13.2</ele>
    <time>2021-09-02T23:19:38.000Z</time>
   </trkpt>
   <trkpt lat="-8.043412" lon="-34.893418">
    <ele>13.2</ele>
    <time>2021-09-02T23:19:39.000Z</time>
   </trkpt>
   <trkpt lat="-8.04329" lon="-34.893324">
    <ele>13.1</ele>
    <time>2021-09-02T23:19:54.000Z</time>
   </trkpt>
   <trkpt lat="-8.043257" lon="-34.893285">
    <ele>13.1</ele>
    <time>2021-09-02T23:19:56.000Z</time>
   </trkpt>
   <trkpt lat="-8.043226" lon="-34.893258">
    <ele>13.1</ele>
    <time>2021-09-02T23:19:57.000Z</time>
   </trkpt>
   <trkpt lat="-8.043198" lon="-34.893234">
    <ele>13.1</ele>
    <time>2021-09-02T23:19:58.000Z</time>
   </trkpt>
   <trkpt lat="-8.043131" lon="-34.893188">
    <ele>13.1</ele>
    <time>2021-09-02T23:20:00.000Z</time>
   </trkpt>
   <trkpt lat="-8.04307" lon="-34.893155">
    <ele>13.1</ele>
    <time>2021-09-02T23:20:02.000Z</time>
   </trkpt>
   <trkpt lat="-8.043052" lon="-34.893144">
    <ele>13.1</ele>
    <time>2021-09-02T23:20:03.000Z</time>
   </trkpt>
   <trkpt lat="-8.043005" lon="-34.893106">
    <ele>13.1</ele>
    <time>2021-09-02T23:20:05.000Z</time>
   </trkpt>
   <trkpt lat="-8.042979" lon="-34.893062">
    <ele>13.1</ele>
    <time>2021-09-02T23:20:08.000Z</time>
   </trkpt>
   <trkpt lat="-8.042952" lon="-34.893041">
    <ele>13.1</ele>
    <time>2021-09-02T23:20:09.000Z</time>
   </trkpt>
   <trkpt lat="-8.042906" lon="-34.893025">
    <ele>13.1</ele>
    <time>2021-09-02T23:20:12.000Z</time>
   </trkpt>
   <trkpt lat="-8.042854" lon="-34.893012">
    <ele>13.1</ele>
    <time>2021-09-02T23:20:14.000Z</time>
   </trkpt>
   <trkpt lat="-8.042805" lon="-34.892993">
    <ele>13.1</ele>
    <time>2021-09-02T23:20:15.000Z</time>
   </trkpt>
   <trkpt lat="-8.04271" lon="-34.892961">
    <ele>13.1</ele>
    <time>2021-09-02T23:20:18.000Z</time>
   </trkpt>
   <trkpt lat="-8.042684" lon="-34.892934">
    <ele>13.1</ele>
    <time>2021-09-02T23:20:19.000Z</time>
   </trkpt>
   <trkpt lat="-8.042665" lon="-34.892896">
    <ele>13.1</ele>
    <time>2021-09-02T23:20:20.000Z</time>
   </trkpt>
   <trkpt lat="-8.042644" lon="-34.892848">
    <ele>13.1</ele>
    <time>2021-09-02T23:20:21.000Z</time>
   </trkpt>
   <trkpt lat="-8.04261" lon="-34.892822">
    <ele>13.1</ele>
    <time>2021-09-02T23:20:23.000Z</time>
   </trkpt>
   <trkpt lat="-8.042581" lon="-34.892805">
    <ele>13.1</ele>
    <time>2021-09-02T23:20:24.000Z</time>
   </trkpt>
   <trkpt lat="-8.042546" lon="-34.892797">
    <ele>13.1</ele>
    <time>2021-09-02T23:20:25.000Z</time>
   </trkpt>
   <trkpt lat="-8.042514" lon="-34.892794">
    <ele>13.1</ele>
    <time>2021-09-02T23:20:26.000Z</time>
   </trkpt>
   <trkpt lat="-8.042477" lon="-34.892736">
    <ele>13.1</ele>
    <time>2021-09-02T23:20:28.000Z</time>
   </trkpt>
   <trkpt lat="-8.042417" lon="-34.892666">
    <ele>13.1</ele>
    <time>2021-09-02T23:20:29.000Z</time>
   </trkpt>
   <trkpt lat="-8.042385" lon="-34.892637">
    <ele>13.1</ele>
    <time>2021-09-02T23:20:30.000Z</time>
   </trkpt>
   <trkpt lat="-8.042354" lon="-34.892611">
    <ele>13.1</ele>
    <time>2021-09-02T23:20:31.000Z</time>
   </trkpt>
   <trkpt lat="-8.042322" lon="-34.892587">
    <ele>13.1</ele>
    <time>2021-09-02T23:20:32.000Z</time>
   </trkpt>
   <trkpt lat="-8.042288" lon="-34.892558">
    <ele>13</ele>
    <time>2021-09-02T23:20:33.000Z</time>
   </trkpt>
   <trkpt lat="-8.042252" lon="-34.892526">
    <ele>13</ele>
    <time>2021-09-02T23:20:34.000Z</time>
   </trkpt>
   <trkpt lat="-8.042214" lon="-34.89249">
    <ele>12.9</ele>
    <time>2021-09-02T23:20:35.000Z</time>
   </trkpt>
   <trkpt lat="-8.042179" lon="-34.892449">
    <ele>12.9</ele>
    <time>2021-09-02T23:20:37.000Z</time>
   </trkpt>
   <trkpt lat="-8.042104" lon="-34.892376">
    <ele>12.7</ele>
    <time>2021-09-02T23:20:38.000Z</time>
   </trkpt>
   <trkpt lat="-8.042074" lon="-34.892323">
    <ele>12.7</ele>
    <time>2021-09-02T23:20:40.000Z</time>
   </trkpt>
   <trkpt lat="-8.042011" lon="-34.892215">
    <ele>12.6</ele>
    <time>2021-09-02T23:20:41.000Z</time>
   </trkpt>
   <trkpt lat="-8.041963" lon="-34.89217">
    <ele>12.5</ele>
    <time>2021-09-02T23:20:42.000Z</time>
   </trkpt>
   <trkpt lat="-8.041913" lon="-34.892114">
    <ele>12.4</ele>
    <time>2021-09-02T23:20:43.000Z</time>
   </trkpt>
   <trkpt lat="-8.04188" lon="-34.892074">
    <ele>12.4</ele>
    <time>2021-09-02T23:20:44.000Z</time>
   </trkpt>
   <trkpt lat="-8.041848" lon="-34.892036">
    <ele>12.4</ele>
    <time>2021-09-02T23:20:46.000Z</time>
   </trkpt>
   <trkpt lat="-8.041776" lon="-34.891929">
    <ele>12.3</ele>
    <time>2021-09-02T23:20:48.000Z</time>
   </trkpt>
   <trkpt lat="-8.041699" lon="-34.891832">
    <ele>12.3</ele>
    <time>2021-09-02T23:20:49.000Z</time>
   </trkpt>
   <trkpt lat="-8.041662" lon="-34.8918">
    <ele>12.3</ele>
    <time>2021-09-02T23:20:50.000Z</time>
   </trkpt>
   <trkpt lat="-8.041639" lon="-34.891777">
    <ele>12.3</ele>
    <time>2021-09-02T23:20:51.000Z</time>
   </trkpt>
   <trkpt lat="-8.041612" lon="-34.891753">
    <ele>12.2</ele>
    <time>2021-09-02T23:20:52.000Z</time>
   </trkpt>
   <trkpt lat="-8.041588" lon="-34.891725">
    <ele>12.2</ele>
    <time>2021-09-02T23:20:53.000Z</time>
   </trkpt>
   <trkpt lat="-8.041567" lon="-34.891704">
    <ele>12.2</ele>
    <time>2021-09-02T23:20:55.000Z</time>
   </trkpt>
   <trkpt lat="-8.041543" lon="-34.891678">
    <ele>12.2</ele>
    <time>2021-09-02T23:20:56.000Z</time>
   </trkpt>
   <trkpt lat="-8.041517" lon="-34.891651">
    <ele>12.2</ele>
    <time>2021-09-02T23:20:57.000Z</time>
   </trkpt>
   <trkpt lat="-8.041463" lon="-34.89161">
    <ele>12.1</ele>
    <time>2021-09-02T23:20:59.000Z</time>
   </trkpt>
   <trkpt lat="-8.041362" lon="-34.891579">
    <ele>12</ele>
    <time>2021-09-02T23:21:01.000Z</time>
   </trkpt>
   <trkpt lat="-8.041279" lon="-34.891583">
    <ele>12.1</ele>
    <time>2021-09-02T23:21:03.000Z</time>
   </trkpt>
   <trkpt lat="-8.041228" lon="-34.891585">
    <ele>12.1</ele>
    <time>2021-09-02T23:21:04.000Z</time>
   </trkpt>
   <trkpt lat="-8.041136" lon="-34.891601">
    <ele>12.2</ele>
    <time>2021-09-02T23:21:05.000Z</time>
   </trkpt>
   <trkpt lat="-8.041094" lon="-34.891613">
    <ele>12.2</ele>
    <time>2021-09-02T23:21:06.000Z</time>
   </trkpt>
   <trkpt lat="-8.041059" lon="-34.891624">
    <ele>12.2</ele>
    <time>2021-09-02T23:21:07.000Z</time>
   </trkpt>
   <trkpt lat="-8.04103" lon="-34.89164">
    <ele>12.2</ele>
    <time>2021-09-02T23:21:09.000Z</time>
   </trkpt>
   <trkpt lat="-8.040957" lon="-34.891668">
    <ele>12.3</ele>
    <time>2021-09-02T23:21:10.000Z</time>
   </trkpt>
   <trkpt lat="-8.040915" lon="-34.891682">
    <ele>12.3</ele>
    <time>2021-09-02T23:21:12.000Z</time>
   </trkpt>
   <trkpt lat="-8.04083" lon="-34.891701">
    <ele>12.4</ele>
    <time>2021-09-02T23:21:13.000Z</time>
   </trkpt>
   <trkpt lat="-8.040783" lon="-34.891706">
    <ele>12.4</ele>
    <time>2021-09-02T23:21:14.000Z</time>
   </trkpt>
   <trkpt lat="-8.04074" lon="-34.89171">
    <ele>12.5</ele>
    <time>2021-09-02T23:21:16.000Z</time>
   </trkpt>
   <trkpt lat="-8.040668" lon="-34.891708">
    <ele>12.6</ele>
    <time>2021-09-02T23:21:17.000Z</time>
   </trkpt>
   <trkpt lat="-8.04064" lon="-34.891691">
    <ele>12.5</ele>
    <time>2021-09-02T23:21:18.000Z</time>
   </trkpt>
   <trkpt lat="-8.040604" lon="-34.891674">
    <ele>12.5</ele>
    <time>2021-09-02T23:21:19.000Z</time>
   </trkpt>
   <trkpt lat="-8.040563" lon="-34.89164">
    <ele>12.4</ele>
    <time>2021-09-02T23:21:20.000Z</time>
   </trkpt>
   <trkpt lat="-8.040524" lon="-34.891604">
    <ele>12.4</ele>
    <time>2021-09-02T23:21:21.000Z</time>
   </trkpt>
   <trkpt lat="-8.040476" lon="-34.891568">
    <ele>12.4</ele>
    <time>2021-09-02T23:21:22.000Z</time>
   </trkpt>
   <trkpt lat="-8.040433" lon="-34.891518">
    <ele>12.3</ele>
    <time>2021-09-02T23:21:23.000Z</time>
   </trkpt>
   <trkpt lat="-8.040392" lon="-34.891463">
    <ele>12.3</ele>
    <time>2021-09-02T23:21:24.000Z</time>
   </trkpt>
   <trkpt lat="-8.040349" lon="-34.891408">
    <ele>12.3</ele>
    <time>2021-09-02T23:21:25.000Z</time>
   </trkpt>
   <trkpt lat="-8.040303" lon="-34.891358">
    <ele>12.3</ele>
    <time>2021-09-02T23:21:26.000Z</time>
   </trkpt>
   <trkpt lat="-8.040263" lon="-34.891315">
    <ele>12.3</ele>
    <time>2021-09-02T23:21:28.000Z</time>
   </trkpt>
   <trkpt lat="-8.040218" lon="-34.891267">
    <ele>12.3</ele>
    <time>2021-09-02T23:21:29.000Z</time>
   </trkpt>
   <trkpt lat="-8.040135" lon="-34.891175">
    <ele>12.3</ele>
    <time>2021-09-02T23:21:31.000Z</time>
   </trkpt>
   <trkpt lat="-8.040048" lon="-34.891093">
    <ele>12.3</ele>
    <time>2021-09-02T23:21:33.000Z</time>
   </trkpt>
   <trkpt lat="-8.039971" lon="-34.89104">
    <ele>12.3</ele>
    <time>2021-09-02T23:21:35.000Z</time>
   </trkpt>
   <trkpt lat="-8.039907" lon="-34.890975">
    <ele>12.2</ele>
    <time>2021-09-02T23:21:37.000Z</time>
   </trkpt>
   <trkpt lat="-8.039872" lon="-34.890936">
    <ele>12.2</ele>
    <time>2021-09-02T23:21:38.000Z</time>
   </trkpt>
   <trkpt lat="-8.039791" lon="-34.890862">
    <ele>12.2</ele>
    <time>2021-09-02T23:21:39.000Z</time>
   </trkpt>
   <trkpt lat="-8.039751" lon="-34.890819">
    <ele>12.1</ele>
    <time>2021-09-02T23:21:40.000Z</time>
   </trkpt>
   <trkpt lat="-8.039714" lon="-34.89079">
    <ele>12.1</ele>
    <time>2021-09-02T23:21:41.000Z</time>
   </trkpt>
   <trkpt lat="-8.039671" lon="-34.890758">
    <ele>12.1</ele>
    <time>2021-09-02T23:21:42.000Z</time>
   </trkpt>
   <trkpt lat="-8.039618" lon="-34.890723">
    <ele>12.2</ele>
    <time>2021-09-02T23:21:44.000Z</time>
   </trkpt>
   <trkpt lat="-8.039503" lon="-34.89067">
    <ele>12.2</ele>
    <time>2021-09-02T23:21:46.000Z</time>
   </trkpt>
   <trkpt lat="-8.039394" lon="-34.890621">
    <ele>12.1</ele>
    <time>2021-09-02T23:21:47.000Z</time>
   </trkpt>
   <trkpt lat="-8.039329" lon="-34.890583">
    <ele>12</ele>
    <time>2021-09-02T23:21:48.000Z</time>
   </trkpt>
   <trkpt lat="-8.039262" lon="-34.890555">
    <ele>12</ele>
    <time>2021-09-02T23:21:50.000Z</time>
   </trkpt>
   <trkpt lat="-8.039131" lon="-34.8905">
    <ele>11.9</ele>
    <time>2021-09-02T23:21:51.000Z</time>
   </trkpt>
   <trkpt lat="-8.039069" lon="-34.890473">
    <ele>11.9</ele>
    <time>2021-09-02T23:21:52.000Z</time>
   </trkpt>
   <trkpt lat="-8.039006" lon="-34.890436">
    <ele>11.9</ele>
    <time>2021-09-02T23:21:54.000Z</time>
   </trkpt>
   <trkpt lat="-8.038873" lon="-34.890355">
    <ele>11.7</ele>
    <time>2021-09-02T23:21:55.000Z</time>
   </trkpt>
   <trkpt lat="-8.038809" lon="-34.890311">
    <ele>11.6</ele>
    <time>2021-09-02T23:21:57.000Z</time>
   </trkpt>
   <trkpt lat="-8.038676" lon="-34.890232">
    <ele>11.4</ele>
    <time>2021-09-02T23:21:58.000Z</time>
   </trkpt>
   <trkpt lat="-8.038609" lon="-34.890197">
    <ele>11.3</ele>
    <time>2021-09-02T23:22:00.000Z</time>
   </trkpt>
   <trkpt lat="-8.03848" lon="-34.890126">
    <ele>11.1</ele>
    <time>2021-09-02T23:22:02.000Z</time>
   </trkpt>
   <trkpt lat="-8.038344" lon="-34.890054">
    <ele>11</ele>
    <time>2021-09-02T23:22:04.000Z</time>
   </trkpt>
   <trkpt lat="-8.03821" lon="-34.890011">
    <ele>10.9</ele>
    <time>2021-09-02T23:22:05.000Z</time>
   </trkpt>
   <trkpt lat="-8.038151" lon="-34.889991">
    <ele>10.8</ele>
    <time>2021-09-02T23:22:07.000Z</time>
   </trkpt>
   <trkpt lat="-8.038034" lon="-34.889936">
    <ele>10.7</ele>
    <time>2021-09-02T23:22:09.000Z</time>
   </trkpt>
   <trkpt lat="-8.037924" lon="-34.889887">
    <ele>10.6</ele>
    <time>2021-09-02T23:22:11.000Z</time>
   </trkpt>
   <trkpt lat="-8.037834" lon="-34.889848">
    <ele>10.5</ele>
    <time>2021-09-02T23:22:12.000Z</time>
   </trkpt>
   <trkpt lat="-8.03779" lon="-34.889845">
    <ele>10.5</ele>
    <time>2021-09-02T23:22:13.000Z</time>
   </trkpt>
   <trkpt lat="-8.037766" lon="-34.889839">
    <ele>10.5</ele>
    <time>2021-09-02T23:22:15.000Z</time>
   </trkpt>
   <trkpt lat="-8.037672" lon="-34.88988">
    <ele>10.5</ele>
    <time>2021-09-02T23:22:17.000Z</time>
   </trkpt>
   <trkpt lat="-8.037614" lon="-34.889961">
    <ele>10.4</ele>
    <time>2021-09-02T23:22:19.000Z</time>
   </trkpt>
   <trkpt lat="-8.037588" lon="-34.890046">
    <ele>10.3</ele>
    <time>2021-09-02T23:22:20.000Z</time>
   </trkpt>
   <trkpt lat="-8.037573" lon="-34.890087">
    <ele>10.3</ele>
    <time>2021-09-02T23:22:21.000Z</time>
   </trkpt>
   <trkpt lat="-8.037553" lon="-34.890127">
    <ele>10.3</ele>
    <time>2021-09-02T23:22:22.000Z</time>
   </trkpt>
   <trkpt lat="-8.03753" lon="-34.890178">
    <ele>10.3</ele>
    <time>2021-09-02T23:22:23.000Z</time>
   </trkpt>
   <trkpt lat="-8.037497" lon="-34.890233">
    <ele>10.2</ele>
    <time>2021-09-02T23:22:24.000Z</time>
   </trkpt>
   <trkpt lat="-8.037473" lon="-34.890278">
    <ele>10.2</ele>
    <time>2021-09-02T23:22:26.000Z</time>
   </trkpt>
   <trkpt lat="-8.037419" lon="-34.89038">
    <ele>10.2</ele>
    <time>2021-09-02T23:22:27.000Z</time>
   </trkpt>
   <trkpt lat="-8.037381" lon="-34.890419">
    <ele>10.2</ele>
    <time>2021-09-02T23:22:28.000Z</time>
   </trkpt>
   <trkpt lat="-8.037344" lon="-34.890459">
    <ele>10.2</ele>
    <time>2021-09-02T23:22:29.000Z</time>
   </trkpt>
   <trkpt lat="-8.037311" lon="-34.8905">
    <ele>10.2</ele>
    <time>2021-09-02T23:22:31.000Z</time>
   </trkpt>
   <trkpt lat="-8.037272" lon="-34.890544">
    <ele>10.2</ele>
    <time>2021-09-02T23:22:32.000Z</time>
   </trkpt>
   <trkpt lat="-8.037234" lon="-34.89059">
    <ele>10.3</ele>
    <time>2021-09-02T23:22:33.000Z</time>
   </trkpt>
   <trkpt lat="-8.037173" lon="-34.890687">
    <ele>10.3</ele>
    <time>2021-09-02T23:22:34.000Z</time>
   </trkpt>
   <trkpt lat="-8.037149" lon="-34.890749">
    <ele>10.3</ele>
    <time>2021-09-02T23:22:35.000Z</time>
   </trkpt>
   <trkpt lat="-8.037135" lon="-34.8908">
    <ele>10.3</ele>
    <time>2021-09-02T23:22:37.000Z</time>
   </trkpt>
   <trkpt lat="-8.037112" lon="-34.890876">
    <ele>10.4</ele>
    <time>2021-09-02T23:22:38.000Z</time>
   </trkpt>
   <trkpt lat="-8.037093" lon="-34.890913">
    <ele>10.4</ele>
    <time>2021-09-02T23:22:39.000Z</time>
   </trkpt>
   <trkpt lat="-8.037069" lon="-34.890951">
    <ele>10.2</ele>
    <time>2021-09-02T23:22:40.000Z</time>
   </trkpt>
   <trkpt lat="-8.037036" lon="-34.890978">
    <ele>10.2</ele>
    <time>2021-09-02T23:22:41.000Z</time>
   </trkpt>
   <trkpt lat="-8.036995" lon="-34.891001">
    <ele>10.1</ele>
    <time>2021-09-02T23:22:42.000Z</time>
   </trkpt>
   <trkpt lat="-8.036949" lon="-34.891015">
    <ele>10.1</ele>
    <time>2021-09-02T23:22:44.000Z</time>
   </trkpt>
   <trkpt lat="-8.036842" lon="-34.891036">
    <ele>10.1</ele>
    <time>2021-09-02T23:22:46.000Z</time>
   </trkpt>
   <trkpt lat="-8.036743" lon="-34.891046">
    <ele>10</ele>
    <time>2021-09-02T23:22:48.000Z</time>
   </trkpt>
   <trkpt lat="-8.036621" lon="-34.891072">
    <ele>10</ele>
    <time>2021-09-02T23:22:49.000Z</time>
   </trkpt>
   <trkpt lat="-8.036566" lon="-34.891091">
    <ele>10</ele>
    <time>2021-09-02T23:22:50.000Z</time>
   </trkpt>
   <trkpt lat="-8.036498" lon="-34.891115">
    <ele>10</ele>
    <time>2021-09-02T23:22:51.000Z</time>
   </trkpt>
   <trkpt lat="-8.036439" lon="-34.891134">
    <ele>9.9</ele>
    <time>2021-09-02T23:22:52.000Z</time>
   </trkpt>
   <trkpt lat="-8.036387" lon="-34.891148">
    <ele>9.9</ele>
    <time>2021-09-02T23:22:54.000Z</time>
   </trkpt>
   <trkpt lat="-8.036273" lon="-34.891178">
    <ele>9.8</ele>
    <time>2021-09-02T23:22:55.000Z</time>
   </trkpt>
   <trkpt lat="-8.036215" lon="-34.891195">
    <ele>9.8</ele>
    <time>2021-09-02T23:22:57.000Z</time>
   </trkpt>
   <trkpt lat="-8.036122" lon="-34.891218">
    <ele>9.8</ele>
    <time>2021-09-02T23:22:58.000Z</time>
   </trkpt>
   <trkpt lat="-8.036073" lon="-34.891229">
    <ele>9.7</ele>
    <time>2021-09-02T23:22:59.000Z</time>
   </trkpt>
   <trkpt lat="-8.036021" lon="-34.891239">
    <ele>9.7</ele>
    <time>2021-09-02T23:23:00.000Z</time>
   </trkpt>
   <trkpt lat="-8.035969" lon="-34.891243">
    <ele>9.6</ele>
    <time>2021-09-02T23:23:01.000Z</time>
   </trkpt>
   <trkpt lat="-8.035914" lon="-34.891245">
    <ele>9.6</ele>
    <time>2021-09-02T23:23:02.000Z</time>
   </trkpt>
   <trkpt lat="-8.035857" lon="-34.891252">
    <ele>9.6</ele>
    <time>2021-09-02T23:23:04.000Z</time>
   </trkpt>
   <trkpt lat="-8.035793" lon="-34.891263">
    <ele>9.6</ele>
    <time>2021-09-02T23:23:05.000Z</time>
   </trkpt>
   <trkpt lat="-8.035678" lon="-34.891284">
    <ele>9.5</ele>
    <time>2021-09-02T23:23:06.000Z</time>
   </trkpt>
   <trkpt lat="-8.035618" lon="-34.891286">
    <ele>9.5</ele>
    <time>2021-09-02T23:23:08.000Z</time>
   </trkpt>
   <trkpt lat="-8.035504" lon="-34.891297">
    <ele>9.5</ele>
    <time>2021-09-02T23:23:09.000Z</time>
   </trkpt>
   <trkpt lat="-8.035444" lon="-34.891303">
    <ele>9.5</ele>
    <time>2021-09-02T23:23:10.000Z</time>
   </trkpt>
   <trkpt lat="-8.035382" lon="-34.891314">
    <ele>9.6</ele>
    <time>2021-09-02T23:23:11.000Z</time>
   </trkpt>
   <trkpt lat="-8.035321" lon="-34.891323">
    <ele>9.6</ele>
    <time>2021-09-02T23:23:13.000Z</time>
   </trkpt>
   <trkpt lat="-8.035208" lon="-34.891346">
    <ele>9.6</ele>
    <time>2021-09-02T23:23:14.000Z</time>
   </trkpt>
   <trkpt lat="-8.035147" lon="-34.891356">
    <ele>9.6</ele>
    <time>2021-09-02T23:23:15.000Z</time>
   </trkpt>
   <trkpt lat="-8.035087" lon="-34.89136">
    <ele>9.6</ele>
    <time>2021-09-02T23:23:16.000Z</time>
   </trkpt>
   <trkpt lat="-8.035022" lon="-34.891373">
    <ele>9.5</ele>
    <time>2021-09-02T23:23:17.000Z</time>
   </trkpt>
   <trkpt lat="-8.034956" lon="-34.891387">
    <ele>9.5</ele>
    <time>2021-09-02T23:23:19.000Z</time>
   </trkpt>
   <trkpt lat="-8.034894" lon="-34.891397">
    <ele>9.5</ele>
    <time>2021-09-02T23:23:20.000Z</time>
   </trkpt>
   <trkpt lat="-8.034774" lon="-34.891419">
    <ele>9.5</ele>
    <time>2021-09-02T23:23:21.000Z</time>
   </trkpt>
   <trkpt lat="-8.034712" lon="-34.891432">
    <ele>9.5</ele>
    <time>2021-09-02T23:23:22.000Z</time>
   </trkpt>
   <trkpt lat="-8.034649" lon="-34.891448">
    <ele>9.5</ele>
    <time>2021-09-02T23:23:23.000Z</time>
   </trkpt>
   <trkpt lat="-8.034586" lon="-34.891459">
    <ele>9.5</ele>
    <time>2021-09-02T23:23:24.000Z</time>
   </trkpt>
   <trkpt lat="-8.034522" lon="-34.891468">
    <ele>9.4</ele>
    <time>2021-09-02T23:23:26.000Z</time>
   </trkpt>
   <trkpt lat="-8.034398" lon="-34.891503">
    <ele>9.4</ele>
    <time>2021-09-02T23:23:27.000Z</time>
   </trkpt>
   <trkpt lat="-8.034334" lon="-34.891522">
    <ele>9.4</ele>
    <time>2021-09-02T23:23:28.000Z</time>
   </trkpt>
   <trkpt lat="-8.03427" lon="-34.891546">
    <ele>9.4</ele>
    <time>2021-09-02T23:23:30.000Z</time>
   </trkpt>
   <trkpt lat="-8.034201" lon="-34.891569">
    <ele>9.4</ele>
    <time>2021-09-02T23:23:31.000Z</time>
   </trkpt>
   <trkpt lat="-8.034076" lon="-34.8916">
    <ele>9.3</ele>
    <time>2021-09-02T23:23:33.000Z</time>
   </trkpt>
   <trkpt lat="-8.033939" lon="-34.891637">
    <ele>9.3</ele>
    <time>2021-09-02T23:23:35.000Z</time>
   </trkpt>
   <trkpt lat="-8.033873" lon="-34.891653">
    <ele>9.3</ele>
    <time>2021-09-02T23:23:36.000Z</time>
   </trkpt>
   <trkpt lat="-8.033742" lon="-34.891677">
    <ele>9.3</ele>
    <time>2021-09-02T23:23:37.000Z</time>
   </trkpt>
   <trkpt lat="-8.033681" lon="-34.891691">
    <ele>9.3</ele>
    <time>2021-09-02T23:23:38.000Z</time>
   </trkpt>
   <trkpt lat="-8.033613" lon="-34.891713">
    <ele>9.3</ele>
    <time>2021-09-02T23:23:39.000Z</time>
   </trkpt>
   <trkpt lat="-8.033546" lon="-34.891735">
    <ele>9.3</ele>
    <time>2021-09-02T23:23:40.000Z</time>
   </trkpt>
   <trkpt lat="-8.033486" lon="-34.891753">
    <ele>9.3</ele>
    <time>2021-09-02T23:23:41.000Z</time>
   </trkpt>
   <trkpt lat="-8.033428" lon="-34.891764">
    <ele>9.3</ele>
    <time>2021-09-02T23:23:42.000Z</time>
   </trkpt>
   <trkpt lat="-8.033371" lon="-34.891778">
    <ele>9.4</ele>
    <time>2021-09-02T23:23:43.000Z</time>
   </trkpt>
   <trkpt lat="-8.033318" lon="-34.891791">
    <ele>9.4</ele>
    <time>2021-09-02T23:23:44.000Z</time>
   </trkpt>
   <trkpt lat="-8.033259" lon="-34.891806">
    <ele>9.4</ele>
    <time>2021-09-02T23:23:45.000Z</time>
   </trkpt>
   <trkpt lat="-8.033192" lon="-34.891817">
    <ele>9.4</ele>
    <time>2021-09-02T23:23:47.000Z</time>
   </trkpt>
   <trkpt lat="-8.033073" lon="-34.89183">
    <ele>9.4</ele>
    <time>2021-09-02T23:23:49.000Z</time>
   </trkpt>
   <trkpt lat="-8.032953" lon="-34.891849">
    <ele>9.4</ele>
    <time>2021-09-02T23:23:50.000Z</time>
   </trkpt>
   <trkpt lat="-8.032888" lon="-34.89186">
    <ele>9.4</ele>
    <time>2021-09-02T23:23:52.000Z</time>
   </trkpt>
   <trkpt lat="-8.032824" lon="-34.891871">
    <ele>9.4</ele>
    <time>2021-09-02T23:23:53.000Z</time>
   </trkpt>
   <trkpt lat="-8.032679" lon="-34.89192">
    <ele>9.4</ele>
    <time>2021-09-02T23:23:54.000Z</time>
   </trkpt>
   <trkpt lat="-8.032611" lon="-34.891941">
    <ele>9.4</ele>
    <time>2021-09-02T23:23:55.000Z</time>
   </trkpt>
   <trkpt lat="-8.032542" lon="-34.891955">
    <ele>9.4</ele>
    <time>2021-09-02T23:23:56.000Z</time>
   </trkpt>
   <trkpt lat="-8.032477" lon="-34.891968">
    <ele>9.4</ele>
    <time>2021-09-02T23:23:57.000Z</time>
   </trkpt>
   <trkpt lat="-8.032411" lon="-34.891975">
    <ele>9.4</ele>
    <time>2021-09-02T23:23:58.000Z</time>
   </trkpt>
   <trkpt lat="-8.032358" lon="-34.891984">
    <ele>9.4</ele>
    <time>2021-09-02T23:23:59.000Z</time>
   </trkpt>
   <trkpt lat="-8.032305" lon="-34.891999">
    <ele>9.4</ele>
    <time>2021-09-02T23:24:00.000Z</time>
   </trkpt>
   <trkpt lat="-8.032241" lon="-34.892007">
    <ele>9.4</ele>
    <time>2021-09-02T23:24:01.000Z</time>
   </trkpt>
   <trkpt lat="-8.032183" lon="-34.892015">
    <ele>9.5</ele>
    <time>2021-09-02T23:24:03.000Z</time>
   </trkpt>
   <trkpt lat="-8.032069" lon="-34.892037">
    <ele>9.5</ele>
    <time>2021-09-02T23:24:05.000Z</time>
   </trkpt>
   <trkpt lat="-8.031964" lon="-34.892052">
    <ele>9.5</ele>
    <time>2021-09-02T23:24:07.000Z</time>
   </trkpt>
   <trkpt lat="-8.031908" lon="-34.892065">
    <ele>9.5</ele>
    <time>2021-09-02T23:24:08.000Z</time>
   </trkpt>
   <trkpt lat="-8.031808" lon="-34.892096">
    <ele>9.5</ele>
    <time>2021-09-02T23:24:09.000Z</time>
   </trkpt>
   <trkpt lat="-8.031765" lon="-34.892104">
    <ele>9.5</ele>
    <time>2021-09-02T23:24:10.000Z</time>
   </trkpt>
   <trkpt lat="-8.031714" lon="-34.892108">
    <ele>9.6</ele>
    <time>2021-09-02T23:24:11.000Z</time>
   </trkpt>
   <trkpt lat="-8.031651" lon="-34.892118">
    <ele>9.6</ele>
    <time>2021-09-02T23:24:13.000Z</time>
   </trkpt>
   <trkpt lat="-8.031595" lon="-34.892116">
    <ele>9.6</ele>
    <time>2021-09-02T23:24:14.000Z</time>
   </trkpt>
   <trkpt lat="-8.031541" lon="-34.892114">
    <ele>9.6</ele>
    <time>2021-09-02T23:24:15.000Z</time>
   </trkpt>
   <trkpt lat="-8.031422" lon="-34.892141">
    <ele>9.7</ele>
    <time>2021-09-02T23:24:17.000Z</time>
   </trkpt>
   <trkpt lat="-8.031305" lon="-34.892156">
    <ele>9.7</ele>
    <time>2021-09-02T23:24:18.000Z</time>
   </trkpt>
   <trkpt lat="-8.031254" lon="-34.892168">
    <ele>9.7</ele>
    <time>2021-09-02T23:24:20.000Z</time>
   </trkpt>
   <trkpt lat="-8.031141" lon="-34.892201">
    <ele>9.7</ele>
    <time>2021-09-02T23:24:21.000Z</time>
   </trkpt>
   <trkpt lat="-8.031071" lon="-34.892221">
    <ele>9.7</ele>
    <time>2021-09-02T23:24:22.000Z</time>
   </trkpt>
   <trkpt lat="-8.031007" lon="-34.89224">
    <ele>9.7</ele>
    <time>2021-09-02T23:24:23.000Z</time>
   </trkpt>
   <trkpt lat="-8.030936" lon="-34.892258">
    <ele>9.7</ele>
    <time>2021-09-02T23:24:24.000Z</time>
   </trkpt>
   <trkpt lat="-8.030876" lon="-34.892272">
    <ele>9.7</ele>
    <time>2021-09-02T23:24:25.000Z</time>
   </trkpt>
   <trkpt lat="-8.03081" lon="-34.892288">
    <ele>9.7</ele>
    <time>2021-09-02T23:24:27.000Z</time>
   </trkpt>
   <trkpt lat="-8.030681" lon="-34.892339">
    <ele>9.7</ele>
    <time>2021-09-02T23:24:28.000Z</time>
   </trkpt>
   <trkpt lat="-8.030614" lon="-34.892367">
    <ele>9.7</ele>
    <time>2021-09-02T23:24:30.000Z</time>
   </trkpt>
   <trkpt lat="-8.030546" lon="-34.892388">
    <ele>9.7</ele>
    <time>2021-09-02T23:24:31.000Z</time>
   </trkpt>
   <trkpt lat="-8.030488" lon="-34.892403">
    <ele>9.7</ele>
    <time>2021-09-02T23:24:32.000Z</time>
   </trkpt>
   <trkpt lat="-8.030355" lon="-34.892415">
    <ele>9.8</ele>
    <time>2021-09-02T23:24:33.000Z</time>
   </trkpt>
   <trkpt lat="-8.030291" lon="-34.892416">
    <ele>9.8</ele>
    <time>2021-09-02T23:24:35.000Z</time>
   </trkpt>
   <trkpt lat="-8.03025" lon="-34.892427">
    <ele>9.8</ele>
    <time>2021-09-02T23:24:36.000Z</time>
   </trkpt>
   <trkpt lat="-8.030212" lon="-34.892439">
    <ele>9.8</ele>
    <time>2021-09-02T23:24:37.000Z</time>
   </trkpt>
   <trkpt lat="-8.03018" lon="-34.892447">
    <ele>9.8</ele>
    <time>2021-09-02T23:24:39.000Z</time>
   </trkpt>
   <trkpt lat="-8.030142" lon="-34.892456">
    <ele>9.8</ele>
    <time>2021-09-02T23:24:43.000Z</time>
   </trkpt>
   <trkpt lat="-8.030171" lon="-34.892485">
    <ele>9.8</ele>
    <time>2021-09-02T23:24:48.000Z</time>
   </trkpt>
   <trkpt lat="-8.030166" lon="-34.892556">
    <ele>9.8</ele>
    <time>2021-09-02T23:24:50.000Z</time>
   </trkpt>
   <trkpt lat="-8.030184" lon="-34.892633">
    <ele>9.8</ele>
    <time>2021-09-02T23:24:53.000Z</time>
   </trkpt>
   <trkpt lat="-8.030183" lon="-34.892659">
    <ele>9.8</ele>
    <time>2021-09-02T23:24:54.000Z</time>
   </trkpt>
   <trkpt lat="-8.030184" lon="-34.892723">
    <ele>9.8</ele>
    <time>2021-09-02T23:24:56.000Z</time>
   </trkpt>
   <trkpt lat="-8.03018" lon="-34.892757">
    <ele>9.8</ele>
    <time>2021-09-02T23:24:58.000Z</time>
   </trkpt>
   <trkpt lat="-8.030184" lon="-34.892818">
    <ele>9.8</ele>
    <time>2021-09-02T23:25:00.000Z</time>
   </trkpt>
   <trkpt lat="-8.030195" lon="-34.892894">
    <ele>9.7</ele>
    <time>2021-09-02T23:25:01.000Z</time>
   </trkpt>
   <trkpt lat="-8.030199" lon="-34.89294">
    <ele>9.8</ele>
    <time>2021-09-02T23:25:02.000Z</time>
   </trkpt>
   <trkpt lat="-8.030202" lon="-34.892997">
    <ele>9.8</ele>
    <time>2021-09-02T23:25:03.000Z</time>
   </trkpt>
   <trkpt lat="-8.030206" lon="-34.893054">
    <ele>9.8</ele>
    <time>2021-09-02T23:25:04.000Z</time>
   </trkpt>
   <trkpt lat="-8.030211" lon="-34.893099">
    <ele>9.8</ele>
    <time>2021-09-02T23:25:06.000Z</time>
   </trkpt>
   <trkpt lat="-8.03022" lon="-34.893192">
    <ele>9.8</ele>
    <time>2021-09-02T23:25:08.000Z</time>
   </trkpt>
   <trkpt lat="-8.030227" lon="-34.893292">
    <ele>9.8</ele>
    <time>2021-09-02T23:25:10.000Z</time>
   </trkpt>
   <trkpt lat="-8.03023" lon="-34.893344">
    <ele>9.8</ele>
    <time>2021-09-02T23:25:11.000Z</time>
   </trkpt>
   <trkpt lat="-8.03025" lon="-34.89344">
    <ele>9.8</ele>
    <time>2021-09-02T23:25:12.000Z</time>
   </trkpt>
   <trkpt lat="-8.030257" lon="-34.893484">
    <ele>9.8</ele>
    <time>2021-09-02T23:25:14.000Z</time>
   </trkpt>
   <trkpt lat="-8.030268" lon="-34.893529">
    <ele>9.8</ele>
    <time>2021-09-02T23:25:15.000Z</time>
   </trkpt>
   <trkpt lat="-8.03029" lon="-34.893628">
    <ele>9.8</ele>
    <time>2021-09-02T23:25:16.000Z</time>
   </trkpt>
   <trkpt lat="-8.030303" lon="-34.893679">
    <ele>9.8</ele>
    <time>2021-09-02T23:25:18.000Z</time>
   </trkpt>
   <trkpt lat="-8.030331" lon="-34.893795">
    <ele>9.8</ele>
    <time>2021-09-02T23:25:20.000Z</time>
   </trkpt>
   <trkpt lat="-8.030366" lon="-34.893913">
    <ele>9.8</ele>
    <time>2021-09-02T23:25:22.000Z</time>
   </trkpt>
   <trkpt lat="-8.030389" lon="-34.894033">
    <ele>9.8</ele>
    <time>2021-09-02T23:25:24.000Z</time>
   </trkpt>
   <trkpt lat="-8.030395" lon="-34.894094">
    <ele>9.8</ele>
    <time>2021-09-02T23:25:25.000Z</time>
   </trkpt>
   <trkpt lat="-8.030405" lon="-34.894213">
    <ele>9.9</ele>
    <time>2021-09-02T23:25:27.000Z</time>
   </trkpt>
   <trkpt lat="-8.030423" lon="-34.894325">
    <ele>9.9</ele>
    <time>2021-09-02T23:25:28.000Z</time>
   </trkpt>
   <trkpt lat="-8.030427" lon="-34.894387">
    <ele>9.9</ele>
    <time>2021-09-02T23:25:29.000Z</time>
   </trkpt>
   <trkpt lat="-8.030431" lon="-34.894451">
    <ele>10</ele>
    <time>2021-09-02T23:25:30.000Z</time>
   </trkpt>
   <trkpt lat="-8.030435" lon="-34.894506">
    <ele>10</ele>
    <time>2021-09-02T23:25:31.000Z</time>
   </trkpt>
   <trkpt lat="-8.030438" lon="-34.894561">
    <ele>10.1</ele>
    <time>2021-09-02T23:25:32.000Z</time>
   </trkpt>
   <trkpt lat="-8.03044" lon="-34.89462">
    <ele>10.1</ele>
    <time>2021-09-02T23:25:33.000Z</time>
   </trkpt>
   <trkpt lat="-8.030439" lon="-34.894693">
    <ele>10.2</ele>
    <time>2021-09-02T23:25:35.000Z</time>
   </trkpt>
   <trkpt lat="-8.030433" lon="-34.894826">
    <ele>10.4</ele>
    <time>2021-09-02T23:25:37.000Z</time>
   </trkpt>
   <trkpt lat="-8.030433" lon="-34.894946">
    <ele>10.5</ele>
    <time>2021-09-02T23:25:38.000Z</time>
   </trkpt>
   <trkpt lat="-8.030434" lon="-34.895005">
    <ele>10.6</ele>
    <time>2021-09-02T23:25:39.000Z</time>
   </trkpt>
   <trkpt lat="-8.030436" lon="-34.895058">
    <ele>10.6</ele>
    <time>2021-09-02T23:25:41.000Z</time>
   </trkpt>
   <trkpt lat="-8.030441" lon="-34.895146">
    <ele>10.6</ele>
    <time>2021-09-02T23:25:42.000Z</time>
   </trkpt>
   <trkpt lat="-8.030445" lon="-34.895181">
    <ele>10.6</ele>
    <time>2021-09-02T23:25:44.000Z</time>
   </trkpt>
   <trkpt lat="-8.030444" lon="-34.895214">
    <ele>10.6</ele>
    <time>2021-09-02T23:25:45.000Z</time>
   </trkpt>
   <trkpt lat="-8.030444" lon="-34.895301">
    <ele>10.6</ele>
    <time>2021-09-02T23:25:46.000Z</time>
   </trkpt>
   <trkpt lat="-8.030449" lon="-34.895354">
    <ele>10.7</ele>
    <time>2021-09-02T23:25:47.000Z</time>
   </trkpt>
   <trkpt lat="-8.030482" lon="-34.895429">
    <ele>10.7</ele>
    <time>2021-09-02T23:25:48.000Z</time>
   </trkpt>
   <trkpt lat="-8.0305" lon="-34.895492">
    <ele>10.7</ele>
    <time>2021-09-02T23:25:50.000Z</time>
   </trkpt>
   <trkpt lat="-8.0305" lon="-34.895621">
    <ele>10.7</ele>
    <time>2021-09-02T23:25:51.000Z</time>
   </trkpt>
   <trkpt lat="-8.030496" lon="-34.895687">
    <ele>10.7</ele>
    <time>2021-09-02T23:25:52.000Z</time>
   </trkpt>
   <trkpt lat="-8.030494" lon="-34.895754">
    <ele>10.7</ele>
    <time>2021-09-02T23:25:54.000Z</time>
   </trkpt>
   <trkpt lat="-8.030485" lon="-34.895885">
    <ele>10.7</ele>
    <time>2021-09-02T23:25:56.000Z</time>
   </trkpt>
   <trkpt lat="-8.030475" lon="-34.896025">
    <ele>10.6</ele>
    <time>2021-09-02T23:25:58.000Z</time>
   </trkpt>
   <trkpt lat="-8.030462" lon="-34.896094">
    <ele>10.5</ele>
    <time>2021-09-02T23:25:59.000Z</time>
   </trkpt>
   <trkpt lat="-8.030452" lon="-34.896164">
    <ele>10.5</ele>
    <time>2021-09-02T23:26:00.000Z</time>
   </trkpt>
   <trkpt lat="-8.030448" lon="-34.896237">
    <ele>10.5</ele>
    <time>2021-09-02T23:26:01.000Z</time>
   </trkpt>
   <trkpt lat="-8.030451" lon="-34.896356">
    <ele>10.5</ele>
    <time>2021-09-02T23:26:03.000Z</time>
   </trkpt>
   <trkpt lat="-8.030455" lon="-34.896407">
    <ele>10.4</ele>
    <time>2021-09-02T23:26:04.000Z</time>
   </trkpt>
   <trkpt lat="-8.030468" lon="-34.896537">
    <ele>10.4</ele>
    <time>2021-09-02T23:26:06.000Z</time>
   </trkpt>
   <trkpt lat="-8.03046" lon="-34.896644">
    <ele>10.4</ele>
    <time>2021-09-02T23:26:07.000Z</time>
   </trkpt>
   <trkpt lat="-8.030453" lon="-34.896693">
    <ele>10.4</ele>
    <time>2021-09-02T23:26:08.000Z</time>
   </trkpt>
   <trkpt lat="-8.030439" lon="-34.896741">
    <ele>10.4</ele>
    <time>2021-09-02T23:26:09.000Z</time>
   </trkpt>
   <trkpt lat="-8.030426" lon="-34.896796">
    <ele>10.3</ele>
    <time>2021-09-02T23:26:10.000Z</time>
   </trkpt>
   <trkpt lat="-8.03042" lon="-34.896875">
    <ele>10.3</ele>
    <time>2021-09-02T23:26:11.000Z</time>
   </trkpt>
   <trkpt lat="-8.030422" lon="-34.896936">
    <ele>10.3</ele>
    <time>2021-09-02T23:26:12.000Z</time>
   </trkpt>
   <trkpt lat="-8.030425" lon="-34.896993">
    <ele>10.3</ele>
    <time>2021-09-02T23:26:13.000Z</time>
   </trkpt>
   <trkpt lat="-8.030436" lon="-34.897061">
    <ele>10.2</ele>
    <time>2021-09-02T23:26:15.000Z</time>
   </trkpt>
   <trkpt lat="-8.030442" lon="-34.897156">
    <ele>10.2</ele>
    <time>2021-09-02T23:26:16.000Z</time>
   </trkpt>
   <trkpt lat="-8.030441" lon="-34.897199">
    <ele>10.2</ele>
    <time>2021-09-02T23:26:17.000Z</time>
   </trkpt>
   <trkpt lat="-8.030453" lon="-34.897238">
    <ele>10.2</ele>
    <time>2021-09-02T23:26:19.000Z</time>
   </trkpt>
   <trkpt lat="-8.030443" lon="-34.897339">
    <ele>10.1</ele>
    <time>2021-09-02T23:26:20.000Z</time>
   </trkpt>
   <trkpt lat="-8.030437" lon="-34.897381">
    <ele>10.1</ele>
    <time>2021-09-02T23:26:21.000Z</time>
   </trkpt>
   <trkpt lat="-8.03044" lon="-34.897423">
    <ele>10.1</ele>
    <time>2021-09-02T23:26:22.000Z</time>
   </trkpt>
   <trkpt lat="-8.030463" lon="-34.897467">
    <ele>10.1</ele>
    <time>2021-09-02T23:26:23.000Z</time>
   </trkpt>
   <trkpt lat="-8.030488" lon="-34.897492">
    <ele>10.1</ele>
    <time>2021-09-02T23:26:24.000Z</time>
   </trkpt>
   <trkpt lat="-8.030515" lon="-34.897509">
    <ele>10.1</ele>
    <time>2021-09-02T23:26:25.000Z</time>
   </trkpt>
   <trkpt lat="-8.030556" lon="-34.897522">
    <ele>10.2</ele>
    <time>2021-09-02T23:26:26.000Z</time>
   </trkpt>
   <trkpt lat="-8.030596" lon="-34.897536">
    <ele>10.2</ele>
    <time>2021-09-02T23:26:28.000Z</time>
   </trkpt>
   <trkpt lat="-8.030679" lon="-34.897571">
    <ele>10.2</ele>
    <time>2021-09-02T23:26:29.000Z</time>
   </trkpt>
   <trkpt lat="-8.030719" lon="-34.897594">
    <ele>10.2</ele>
    <time>2021-09-02T23:26:31.000Z</time>
   </trkpt>
   <trkpt lat="-8.030807" lon="-34.897631">
    <ele>10.2</ele>
    <time>2021-09-02T23:26:32.000Z</time>
   </trkpt>
   <trkpt lat="-8.030842" lon="-34.897647">
    <ele>10.2</ele>
    <time>2021-09-02T23:26:33.000Z</time>
   </trkpt>
   <trkpt lat="-8.030879" lon="-34.897661">
    <ele>10.2</ele>
    <time>2021-09-02T23:26:34.000Z</time>
   </trkpt>
   <trkpt lat="-8.03092" lon="-34.897672">
    <ele>10.2</ele>
    <time>2021-09-02T23:26:36.000Z</time>
   </trkpt>
   <trkpt lat="-8.030999" lon="-34.897695">
    <ele>10.2</ele>
    <time>2021-09-02T23:26:38.000Z</time>
   </trkpt>
   <trkpt lat="-8.031069" lon="-34.897726">
    <ele>10.2</ele>
    <time>2021-09-02T23:26:40.000Z</time>
   </trkpt>
   <trkpt lat="-8.031137" lon="-34.897766">
    <ele>10.2</ele>
    <time>2021-09-02T23:26:42.000Z</time>
   </trkpt>
   <trkpt lat="-8.031193" lon="-34.897815">
    <ele>10.3</ele>
    <time>2021-09-02T23:26:43.000Z</time>
   </trkpt>
   <trkpt lat="-8.031218" lon="-34.897852">
    <ele>10.3</ele>
    <time>2021-09-02T23:26:44.000Z</time>
   </trkpt>
   <trkpt lat="-8.031245" lon="-34.897886">
    <ele>10.3</ele>
    <time>2021-09-02T23:26:45.000Z</time>
   </trkpt>
   <trkpt lat="-8.03127" lon="-34.897919">
    <ele>10.3</ele>
    <time>2021-09-02T23:26:47.000Z</time>
   </trkpt>
   <trkpt lat="-8.031302" lon="-34.897963">
    <ele>10.3</ele>
    <time>2021-09-02T23:26:48.000Z</time>
   </trkpt>
   <trkpt lat="-8.031313" lon="-34.89799">
    <ele>10.3</ele>
    <time>2021-09-02T23:26:50.000Z</time>
   </trkpt>
   <trkpt lat="-8.03134" lon="-34.898013">
    <ele>10.3</ele>
    <time>2021-09-02T23:26:52.000Z</time>
   </trkpt>
   <trkpt lat="-8.031374" lon="-34.898038">
    <ele>10.3</ele>
    <time>2021-09-02T23:26:55.000Z</time>
   </trkpt>
   <trkpt lat="-8.031434" lon="-34.898078">
    <ele>10.2</ele>
    <time>2021-09-02T23:26:57.000Z</time>
   </trkpt>
   <trkpt lat="-8.031466" lon="-34.898076">
    <ele>10.2</ele>
    <time>2021-09-02T23:26:59.000Z</time>
   </trkpt>
   <trkpt lat="-8.031526" lon="-34.898101">
    <ele>10.2</ele>
    <time>2021-09-02T23:27:01.000Z</time>
   </trkpt>
   <trkpt lat="-8.031564" lon="-34.898116">
    <ele>10.3</ele>
    <time>2021-09-02T23:27:02.000Z</time>
   </trkpt>
   <trkpt lat="-8.031611" lon="-34.898132">
    <ele>10.3</ele>
    <time>2021-09-02T23:27:03.000Z</time>
   </trkpt>
   <trkpt lat="-8.0317" lon="-34.898183">
    <ele>10.4</ele>
    <time>2021-09-02T23:27:04.000Z</time>
   </trkpt>
   <trkpt lat="-8.031751" lon="-34.898204">
    <ele>10.4</ele>
    <time>2021-09-02T23:27:06.000Z</time>
   </trkpt>
   <trkpt lat="-8.031849" lon="-34.898241">
    <ele>10.4</ele>
    <time>2021-09-02T23:27:08.000Z</time>
   </trkpt>
   <trkpt lat="-8.031934" lon="-34.898257">
    <ele>10.5</ele>
    <time>2021-09-02T23:27:09.000Z</time>
   </trkpt>
   <trkpt lat="-8.031966" lon="-34.898263">
    <ele>10.5</ele>
    <time>2021-09-02T23:27:11.000Z</time>
   </trkpt>
   <trkpt lat="-8.032042" lon="-34.898266">
    <ele>10.6</ele>
    <time>2021-09-02T23:27:13.000Z</time>
   </trkpt>
   <trkpt lat="-8.032098" lon="-34.898276">
    <ele>10.6</ele>
    <time>2021-09-02T23:27:14.000Z</time>
   </trkpt>
   <trkpt lat="-8.032191" lon="-34.898287">
    <ele>10.6</ele>
    <time>2021-09-02T23:27:17.000Z</time>
   </trkpt>
   <trkpt lat="-8.032363" lon="-34.898314">
    <ele>10.7</ele>
    <time>2021-09-02T23:27:19.000Z</time>
   </trkpt>
   <trkpt lat="-8.03243" lon="-34.898324">
    <ele>10.7</ele>
    <time>2021-09-02T23:27:20.000Z</time>
   </trkpt>
   <trkpt lat="-8.032559" lon="-34.89835">
    <ele>10.6</ele>
    <time>2021-09-02T23:27:21.000Z</time>
   </trkpt>
   <trkpt lat="-8.032621" lon="-34.898365">
    <ele>10.6</ele>
    <time>2021-09-02T23:27:22.000Z</time>
   </trkpt>
   <trkpt lat="-8.032685" lon="-34.898373">
    <ele>10.6</ele>
    <time>2021-09-02T23:27:23.000Z</time>
   </trkpt>
   <trkpt lat="-8.032753" lon="-34.898385">
    <ele>10.5</ele>
    <time>2021-09-02T23:27:24.000Z</time>
   </trkpt>
   <trkpt lat="-8.032854" lon="-34.898398">
    <ele>10.5</ele>
    <time>2021-09-02T23:27:25.000Z</time>
   </trkpt>
   <trkpt lat="-8.032934" lon="-34.898392">
    <ele>10.5</ele>
    <time>2021-09-02T23:27:26.000Z</time>
   </trkpt>
   <trkpt lat="-8.033001" lon="-34.898391">
    <ele>10.5</ele>
    <time>2021-09-02T23:27:27.000Z</time>
   </trkpt>
   <trkpt lat="-8.03306" lon="-34.898393">
    <ele>10.5</ele>
    <time>2021-09-02T23:27:29.000Z</time>
   </trkpt>
   <trkpt lat="-8.033174" lon="-34.898392">
    <ele>10.5</ele>
    <time>2021-09-02T23:27:30.000Z</time>
   </trkpt>
   <trkpt lat="-8.033231" lon="-34.898392">
    <ele>10.6</ele>
    <time>2021-09-02T23:27:32.000Z</time>
   </trkpt>
   <trkpt lat="-8.033342" lon="-34.898391">
    <ele>10.6</ele>
    <time>2021-09-02T23:27:33.000Z</time>
   </trkpt>
   <trkpt lat="-8.033405" lon="-34.898387">
    <ele>10.6</ele>
    <time>2021-09-02T23:27:34.000Z</time>
   </trkpt>
   <trkpt lat="-8.03347" lon="-34.898378">
    <ele>10.6</ele>
    <time>2021-09-02T23:27:36.000Z</time>
   </trkpt>
   <trkpt lat="-8.033582" lon="-34.898375">
    <ele>10.6</ele>
    <time>2021-09-02T23:27:37.000Z</time>
   </trkpt>
   <trkpt lat="-8.033626" lon="-34.898381">
    <ele>10.6</ele>
    <time>2021-09-02T23:27:38.000Z</time>
   </trkpt>
   <trkpt lat="-8.033669" lon="-34.898388">
    <ele>10.7</ele>
    <time>2021-09-02T23:27:40.000Z</time>
   </trkpt>
   <trkpt lat="-8.033718" lon="-34.898387">
    <ele>10.7</ele>
    <time>2021-09-02T23:27:41.000Z</time>
   </trkpt>
   <trkpt lat="-8.033767" lon="-34.898386">
    <ele>10.7</ele>
    <time>2021-09-02T23:27:42.000Z</time>
   </trkpt>
   <trkpt lat="-8.033865" lon="-34.898383">
    <ele>10.7</ele>
    <time>2021-09-02T23:27:43.000Z</time>
   </trkpt>
   <trkpt lat="-8.033908" lon="-34.898385">
    <ele>10.8</ele>
    <time>2021-09-02T23:27:45.000Z</time>
   </trkpt>
   <trkpt lat="-8.033979" lon="-34.898394">
    <ele>10.8</ele>
    <time>2021-09-02T23:27:47.000Z</time>
   </trkpt>
   <trkpt lat="-8.034054" lon="-34.898394">
    <ele>10.8</ele>
    <time>2021-09-02T23:27:48.000Z</time>
   </trkpt>
   <trkpt lat="-8.034091" lon="-34.898391">
    <ele>10.9</ele>
    <time>2021-09-02T23:27:49.000Z</time>
   </trkpt>
   <trkpt lat="-8.034135" lon="-34.898386">
    <ele>10.9</ele>
    <time>2021-09-02T23:27:50.000Z</time>
   </trkpt>
   <trkpt lat="-8.03418" lon="-34.898379">
    <ele>10.9</ele>
    <time>2021-09-02T23:27:52.000Z</time>
   </trkpt>
   <trkpt lat="-8.03428" lon="-34.898376">
    <ele>11</ele>
    <time>2021-09-02T23:27:54.000Z</time>
   </trkpt>
   <trkpt lat="-8.034387" lon="-34.898394">
    <ele>11.1</ele>
    <time>2021-09-02T23:27:55.000Z</time>
   </trkpt>
   <trkpt lat="-8.034431" lon="-34.898412">
    <ele>11.1</ele>
    <time>2021-09-02T23:27:56.000Z</time>
   </trkpt>
   <trkpt lat="-8.034457" lon="-34.898419">
    <ele>11.1</ele>
    <time>2021-09-02T23:27:58.000Z</time>
   </trkpt>
   <trkpt lat="-8.03456" lon="-34.89844">
    <ele>11.2</ele>
    <time>2021-09-02T23:28:00.000Z</time>
   </trkpt>
   <trkpt lat="-8.03461" lon="-34.898441">
    <ele>11.3</ele>
    <time>2021-09-02T23:28:01.000Z</time>
   </trkpt>
   <trkpt lat="-8.034653" lon="-34.898448">
    <ele>11.3</ele>
    <time>2021-09-02T23:28:02.000Z</time>
   </trkpt>
   <trkpt lat="-8.034703" lon="-34.898456">
    <ele>11.3</ele>
    <time>2021-09-02T23:28:03.000Z</time>
   </trkpt>
   <trkpt lat="-8.03475" lon="-34.898465">
    <ele>11.4</ele>
    <time>2021-09-02T23:28:04.000Z</time>
   </trkpt>
   <trkpt lat="-8.034788" lon="-34.898479">
    <ele>11.4</ele>
    <time>2021-09-02T23:28:06.000Z</time>
   </trkpt>
   <trkpt lat="-8.034908" lon="-34.898507">
    <ele>11.5</ele>
    <time>2021-09-02T23:28:07.000Z</time>
   </trkpt>
   <trkpt lat="-8.034956" lon="-34.898516">
    <ele>11.5</ele>
    <time>2021-09-02T23:28:08.000Z</time>
   </trkpt>
   <trkpt lat="-8.035002" lon="-34.898523">
    <ele>11.6</ele>
    <time>2021-09-02T23:28:10.000Z</time>
   </trkpt>
   <trkpt lat="-8.035052" lon="-34.898537">
    <ele>11.6</ele>
    <time>2021-09-02T23:28:11.000Z</time>
   </trkpt>
   <trkpt lat="-8.03514" lon="-34.898496">
    <ele>11.7</ele>
    <time>2021-09-02T23:28:12.000Z</time>
   </trkpt>
   <trkpt lat="-8.035173" lon="-34.898449">
    <ele>11.8</ele>
    <time>2021-09-02T23:28:13.000Z</time>
   </trkpt>
   <trkpt lat="-8.035211" lon="-34.8984">
    <ele>12</ele>
    <time>2021-09-02T23:28:15.000Z</time>
   </trkpt>
   <trkpt lat="-8.035262" lon="-34.898317">
    <ele>11.9</ele>
    <time>2021-09-02T23:28:16.000Z</time>
   </trkpt>
   <trkpt lat="-8.035266" lon="-34.898272">
    <ele>11.9</ele>
    <time>2021-09-02T23:28:18.000Z</time>
   </trkpt>
   <trkpt lat="-8.035276" lon="-34.898189">
    <ele>11.8</ele>
    <time>2021-09-02T23:28:20.000Z</time>
   </trkpt>
   <trkpt lat="-8.03529" lon="-34.898106">
    <ele>11.8</ele>
    <time>2021-09-02T23:28:21.000Z</time>
   </trkpt>
   <trkpt lat="-8.035309" lon="-34.898053">
    <ele>11.8</ele>
    <time>2021-09-02T23:28:22.000Z</time>
   </trkpt>
   <trkpt lat="-8.035327" lon="-34.897998">
    <ele>11.8</ele>
    <time>2021-09-02T23:28:23.000Z</time>
   </trkpt>
   <trkpt lat="-8.035358" lon="-34.897924">
    <ele>11.7</ele>
    <time>2021-09-02T23:28:24.000Z</time>
   </trkpt>
   <trkpt lat="-8.035377" lon="-34.897857">
    <ele>11.7</ele>
    <time>2021-09-02T23:28:25.000Z</time>
   </trkpt>
   <trkpt lat="-8.035403" lon="-34.897801">
    <ele>11.7</ele>
    <time>2021-09-02T23:28:26.000Z</time>
   </trkpt>
   <trkpt lat="-8.035428" lon="-34.897753">
    <ele>11.7</ele>
    <time>2021-09-02T23:28:27.000Z</time>
   </trkpt>
   <trkpt lat="-8.035447" lon="-34.897699">
    <ele>11.7</ele>
    <time>2021-09-02T23:28:28.000Z</time>
   </trkpt>
   <trkpt lat="-8.035468" lon="-34.897648">
    <ele>11.7</ele>
    <time>2021-09-02T23:28:29.000Z</time>
   </trkpt>
   <trkpt lat="-8.035501" lon="-34.8976">
    <ele>11.7</ele>
    <time>2021-09-02T23:28:31.000Z</time>
   </trkpt>
   <trkpt lat="-8.035524" lon="-34.897554">
    <ele>11.7</ele>
    <time>2021-09-02T23:28:32.000Z</time>
   </trkpt>
   <trkpt lat="-8.035552" lon="-34.897464">
    <ele>11.7</ele>
    <time>2021-09-02T23:28:33.000Z</time>
   </trkpt>
   <trkpt lat="-8.035566" lon="-34.897417">
    <ele>11.7</ele>
    <time>2021-09-02T23:28:35.000Z</time>
   </trkpt>
   <trkpt lat="-8.035601" lon="-34.897321">
    <ele>11.7</ele>
    <time>2021-09-02T23:28:36.000Z</time>
   </trkpt>
   <trkpt lat="-8.035621" lon="-34.897269">
    <ele>11.7</ele>
    <time>2021-09-02T23:28:38.000Z</time>
   </trkpt>
   <trkpt lat="-8.03565" lon="-34.897174">
    <ele>11.6</ele>
    <time>2021-09-02T23:28:39.000Z</time>
   </trkpt>
   <trkpt lat="-8.035699" lon="-34.897061">
    <ele>11.6</ele>
    <time>2021-09-02T23:28:41.000Z</time>
   </trkpt>
   <trkpt lat="-8.035721" lon="-34.897005">
    <ele>11.6</ele>
    <time>2021-09-02T23:28:42.000Z</time>
   </trkpt>
   <trkpt lat="-8.035754" lon="-34.896951">
    <ele>11.6</ele>
    <time>2021-09-02T23:28:43.000Z</time>
   </trkpt>
   <trkpt lat="-8.035767" lon="-34.896899">
    <ele>11.6</ele>
    <time>2021-09-02T23:28:45.000Z</time>
   </trkpt>
   <trkpt lat="-8.03578" lon="-34.896852">
    <ele>11.6</ele>
    <time>2021-09-02T23:28:46.000Z</time>
   </trkpt>
   <trkpt lat="-8.035805" lon="-34.896748">
    <ele>11.6</ele>
    <time>2021-09-02T23:28:48.000Z</time>
   </trkpt>
   <trkpt lat="-8.035847" lon="-34.896637">
    <ele>11.5</ele>
    <time>2021-09-02T23:28:50.000Z</time>
   </trkpt>
   <trkpt lat="-8.035906" lon="-34.896462">
    <ele>11.6</ele>
    <time>2021-09-02T23:28:52.000Z</time>
   </trkpt>
   <trkpt lat="-8.035929" lon="-34.896403">
    <ele>11.6</ele>
    <time>2021-09-02T23:28:54.000Z</time>
   </trkpt>
   <trkpt lat="-8.035988" lon="-34.896292">
    <ele>11.6</ele>
    <time>2021-09-02T23:28:56.000Z</time>
   </trkpt>
   <trkpt lat="-8.036034" lon="-34.896191">
    <ele>11.6</ele>
    <time>2021-09-02T23:28:57.000Z</time>
   </trkpt>
   <trkpt lat="-8.036056" lon="-34.896133">
    <ele>11.6</ele>
    <time>2021-09-02T23:28:58.000Z</time>
   </trkpt>
   <trkpt lat="-8.036077" lon="-34.896085">
    <ele>11.6</ele>
    <time>2021-09-02T23:28:59.000Z</time>
   </trkpt>
   <trkpt lat="-8.036103" lon="-34.896036">
    <ele>11.5</ele>
    <time>2021-09-02T23:29:00.000Z</time>
   </trkpt>
   <trkpt lat="-8.036135" lon="-34.895975">
    <ele>11.5</ele>
    <time>2021-09-02T23:29:01.000Z</time>
   </trkpt>
   <trkpt lat="-8.036164" lon="-34.895921">
    <ele>11.5</ele>
    <time>2021-09-02T23:29:02.000Z</time>
   </trkpt>
   <trkpt lat="-8.036188" lon="-34.895869">
    <ele>11.5</ele>
    <time>2021-09-02T23:29:04.000Z</time>
   </trkpt>
   <trkpt lat="-8.036257" lon="-34.895771">
    <ele>11.4</ele>
    <time>2021-09-02T23:29:05.000Z</time>
   </trkpt>
   <trkpt lat="-8.036297" lon="-34.895713">
    <ele>11.4</ele>
    <time>2021-09-02T23:29:06.000Z</time>
   </trkpt>
   <trkpt lat="-8.036335" lon="-34.895644">
    <ele>11.4</ele>
    <time>2021-09-02T23:29:08.000Z</time>
   </trkpt>
   <trkpt lat="-8.036374" lon="-34.895583">
    <ele>11.4</ele>
    <time>2021-09-02T23:29:09.000Z</time>
   </trkpt>
   <trkpt lat="-8.036419" lon="-34.895447">
    <ele>11.4</ele>
    <time>2021-09-02T23:29:10.000Z</time>
   </trkpt>
   <trkpt lat="-8.036432" lon="-34.895385">
    <ele>11.4</ele>
    <time>2021-09-02T23:29:12.000Z</time>
   </trkpt>
   <trkpt lat="-8.036479" lon="-34.895261">
    <ele>11.3</ele>
    <time>2021-09-02T23:29:14.000Z</time>
   </trkpt>
   <trkpt lat="-8.036518" lon="-34.895133">
    <ele>11.3</ele>
    <time>2021-09-02T23:29:15.000Z</time>
   </trkpt>
   <trkpt lat="-8.036537" lon="-34.895081">
    <ele>11.3</ele>
    <time>2021-09-02T23:29:16.000Z</time>
   </trkpt>
   <trkpt lat="-8.036563" lon="-34.895043">
    <ele>11.3</ele>
    <time>2021-09-02T23:29:17.000Z</time>
   </trkpt>
   <trkpt lat="-8.036582" lon="-34.895004">
    <ele>11.3</ele>
    <time>2021-09-02T23:29:19.000Z</time>
   </trkpt>
   <trkpt lat="-8.036612" lon="-34.89492">
    <ele>11.3</ele>
    <time>2021-09-02T23:29:20.000Z</time>
   </trkpt>
   <trkpt lat="-8.036627" lon="-34.894877">
    <ele>11.2</ele>
    <time>2021-09-02T23:29:21.000Z</time>
   </trkpt>
   <trkpt lat="-8.036645" lon="-34.894832">
    <ele>11.1</ele>
    <time>2021-09-02T23:29:22.000Z</time>
   </trkpt>
   <trkpt lat="-8.036665" lon="-34.894785">
    <ele>11</ele>
    <time>2021-09-02T23:29:23.000Z</time>
   </trkpt>
   <trkpt lat="-8.036685" lon="-34.894747">
    <ele>10.9</ele>
    <time>2021-09-02T23:29:25.000Z</time>
   </trkpt>
   <trkpt lat="-8.036722" lon="-34.894658">
    <ele>10.6</ele>
    <time>2021-09-02T23:29:26.000Z</time>
   </trkpt>
   <trkpt lat="-8.036741" lon="-34.894628">
    <ele>10.6</ele>
    <time>2021-09-02T23:29:28.000Z</time>
   </trkpt>
   <trkpt lat="-8.036761" lon="-34.894597">
    <ele>10.5</ele>
    <time>2021-09-02T23:29:29.000Z</time>
   </trkpt>
   <trkpt lat="-8.036782" lon="-34.894576">
    <ele>10.5</ele>
    <time>2021-09-02T23:29:30.000Z</time>
   </trkpt>
   <trkpt lat="-8.036804" lon="-34.894549">
    <ele>10.5</ele>
    <time>2021-09-02T23:29:31.000Z</time>
   </trkpt>
   <trkpt lat="-8.036845" lon="-34.894504">
    <ele>10.4</ele>
    <time>2021-09-02T23:29:33.000Z</time>
   </trkpt>
   <trkpt lat="-8.036864" lon="-34.894483">
    <ele>10.4</ele>
    <time>2021-09-02T23:29:34.000Z</time>
   </trkpt>
   <trkpt lat="-8.036898" lon="-34.894437">
    <ele>10.4</ele>
    <time>2021-09-02T23:29:35.000Z</time>
   </trkpt>
   <trkpt lat="-8.036914" lon="-34.89441">
    <ele>10.4</ele>
    <time>2021-09-02T23:29:36.000Z</time>
   </trkpt>
   <trkpt lat="-8.036937" lon="-34.894337">
    <ele>10.2</ele>
    <time>2021-09-02T23:29:38.000Z</time>
   </trkpt>
   <trkpt lat="-8.036943" lon="-34.894299">
    <ele>10.2</ele>
    <time>2021-09-02T23:29:39.000Z</time>
   </trkpt>
   <trkpt lat="-8.036947" lon="-34.894253">
    <ele>10.3</ele>
    <time>2021-09-02T23:29:40.000Z</time>
   </trkpt>
   <trkpt lat="-8.036948" lon="-34.894215">
    <ele>10.3</ele>
    <time>2021-09-02T23:29:41.000Z</time>
   </trkpt>
   <trkpt lat="-8.036948" lon="-34.894179">
    <ele>10.5</ele>
    <time>2021-09-02T23:29:43.000Z</time>
   </trkpt>
   <trkpt lat="-8.036953" lon="-34.894138">
    <ele>10.5</ele>
    <time>2021-09-02T23:29:44.000Z</time>
   </trkpt>
   <trkpt lat="-8.036971" lon="-34.894032">
    <ele>10.5</ele>
    <time>2021-09-02T23:29:45.000Z</time>
   </trkpt>
   <trkpt lat="-8.036982" lon="-34.893984">
    <ele>10.4</ele>
    <time>2021-09-02T23:29:46.000Z</time>
   </trkpt>
   <trkpt lat="-8.036993" lon="-34.893941">
    <ele>10.4</ele>
    <time>2021-09-02T23:29:48.000Z</time>
   </trkpt>
   <trkpt lat="-8.037007" lon="-34.893895">
    <ele>10.4</ele>
    <time>2021-09-02T23:29:49.000Z</time>
   </trkpt>
   <trkpt lat="-8.037026" lon="-34.893847">
    <ele>10.4</ele>
    <time>2021-09-02T23:29:50.000Z</time>
   </trkpt>
   <trkpt lat="-8.037061" lon="-34.893745">
    <ele>10.3</ele>
    <time>2021-09-02T23:29:51.000Z</time>
   </trkpt>
   <trkpt lat="-8.037078" lon="-34.893699">
    <ele>10.3</ele>
    <time>2021-09-02T23:29:53.000Z</time>
   </trkpt>
   <trkpt lat="-8.037098" lon="-34.893649">
    <ele>10.2</ele>
    <time>2021-09-02T23:29:54.000Z</time>
   </trkpt>
   <trkpt lat="-8.037116" lon="-34.893602">
    <ele>10.2</ele>
    <time>2021-09-02T23:29:55.000Z</time>
   </trkpt>
   <trkpt lat="-8.037158" lon="-34.8935">
    <ele>10.1</ele>
    <time>2021-09-02T23:29:56.000Z</time>
   </trkpt>
   <trkpt lat="-8.037175" lon="-34.893453">
    <ele>10.1</ele>
    <time>2021-09-02T23:29:58.000Z</time>
   </trkpt>
   <trkpt lat="-8.03721" lon="-34.893343">
    <ele>10</ele>
    <time>2021-09-02T23:29:59.000Z</time>
   </trkpt>
   <trkpt lat="-8.037227" lon="-34.893282">
    <ele>9.9</ele>
    <time>2021-09-02T23:30:00.000Z</time>
   </trkpt>
   <trkpt lat="-8.037243" lon="-34.893221">
    <ele>9.9</ele>
    <time>2021-09-02T23:30:02.000Z</time>
   </trkpt>
   <trkpt lat="-8.037269" lon="-34.893109">
    <ele>9.9</ele>
    <time>2021-09-02T23:30:03.000Z</time>
   </trkpt>
   <trkpt lat="-8.037284" lon="-34.893056">
    <ele>9.8</ele>
    <time>2021-09-02T23:30:04.000Z</time>
   </trkpt>
   <trkpt lat="-8.0373" lon="-34.893012">
    <ele>9.8</ele>
    <time>2021-09-02T23:30:05.000Z</time>
   </trkpt>
   <trkpt lat="-8.03731" lon="-34.892966">
    <ele>9.8</ele>
    <time>2021-09-02T23:30:06.000Z</time>
   </trkpt>
   <trkpt lat="-8.037313" lon="-34.892923">
    <ele>9.8</ele>
    <time>2021-09-02T23:30:07.000Z</time>
   </trkpt>
   <trkpt lat="-8.037317" lon="-34.892892">
    <ele>9.8</ele>
    <time>2021-09-02T23:30:08.000Z</time>
   </trkpt>
   <trkpt lat="-8.037312" lon="-34.892871">
    <ele>9.8</ele>
    <time>2021-09-02T23:30:10.000Z</time>
   </trkpt>
   <trkpt lat="-8.037264" lon="-34.892856">
    <ele>9.8</ele>
    <time>2021-09-02T23:30:11.000Z</time>
   </trkpt>
   <trkpt lat="-8.037188" lon="-34.892803">
    <ele>9.9</ele>
    <time>2021-09-02T23:30:13.000Z</time>
   </trkpt>
   <trkpt lat="-8.037158" lon="-34.892782">
    <ele>9.8</ele>
    <time>2021-09-02T23:30:14.000Z</time>
   </trkpt>
   <trkpt lat="-8.037134" lon="-34.892772">
    <ele>9.8</ele>
    <time>2021-09-02T23:30:16.000Z</time>
   </trkpt>
   <trkpt lat="-8.037085" lon="-34.892743">
    <ele>9.8</ele>
    <time>2021-09-02T23:30:18.000Z</time>
   </trkpt>
   <trkpt lat="-8.037031" lon="-34.892714">
    <ele>9.8</ele>
    <time>2021-09-02T23:30:20.000Z</time>
   </trkpt>
   <trkpt lat="-8.036971" lon="-34.892695">
    <ele>9.7</ele>
    <time>2021-09-02T23:30:21.000Z</time>
   </trkpt>
   <trkpt lat="-8.036942" lon="-34.892679">
    <ele>9.7</ele>
    <time>2021-09-02T23:30:23.000Z</time>
   </trkpt>
   <trkpt lat="-8.036899" lon="-34.892663">
    <ele>9.7</ele>
    <time>2021-09-02T23:30:24.000Z</time>
   </trkpt>
   <trkpt lat="-8.036882" lon="-34.89267">
    <ele>9.7</ele>
    <time>2021-09-02T23:30:27.000Z</time>
   </trkpt>
   <trkpt lat="-8.036075" lon="-34.891684">
    <ele>9.4</ele>
    <time>2021-09-02T23:31:18.000Z</time>
   </trkpt>
   <trkpt lat="-8.036043" lon="-34.89166">
    <ele>9.4</ele>
    <time>2021-09-02T23:31:20.000Z</time>
   </trkpt>
  </trkseg>
 </trk>
</gpx>
