<?xml version="1.0" encoding="UTF-8"?>
<gpx creator="StravaGPX" version="1.1" xmlns="http://www.topografix.com/GPX/1/1">
 <metadata>
  <time>2019-11-12T12:44:53Z</time>
 </metadata>
 <trk>
  <name>Morning Ride</name>
  <type>1</type>
  <trkseg>
   <trkpt lat="-8.036655" lon="-34.892727">
    <ele>7.2</ele>
    <time>2019-11-12T12:44:53.000Z</time>
   </trkpt>
   <trkpt lat="-8.036834" lon="-34.892669">
    <ele>7.6</ele>
    <time>2019-11-12T12:45:56.000Z</time>
   </trkpt>
   <trkpt lat="-8.036857" lon="-34.892646">
    <ele>7.7</ele>
    <time>2019-11-12T12:45:57.000Z</time>
   </trkpt>
   <trkpt lat="-8.036866" lon="-34.892684">
    <ele>7.8</ele>
    <time>2019-11-12T12:46:01.000Z</time>
   </trkpt>
   <trkpt lat="-8.036892" lon="-34.892703">
    <ele>7.9</ele>
    <time>2019-11-12T12:46:05.000Z</time>
   </trkpt>
   <trkpt lat="-8.036933" lon="-34.892716">
    <ele>8</ele>
    <time>2019-11-12T12:46:09.000Z</time>
   </trkpt>
   <trkpt lat="-8.036962" lon="-34.892727">
    <ele>8.2</ele>
    <time>2019-11-12T12:46:10.000Z</time>
   </trkpt>
   <trkpt lat="-8.037001" lon="-34.892734">
    <ele>8.3</ele>
    <time>2019-11-12T12:46:11.000Z</time>
   </trkpt>
   <trkpt lat="-8.03704" lon="-34.892739">
    <ele>8.5</ele>
    <time>2019-11-12T12:46:12.000Z</time>
   </trkpt>
   <trkpt lat="-8.037087" lon="-34.892747">
    <ele>8.6</ele>
    <time>2019-11-12T12:46:13.000Z</time>
   </trkpt>
   <trkpt lat="-8.037127" lon="-34.892759">
    <ele>8.8</ele>
    <time>2019-11-12T12:46:14.000Z</time>
   </trkpt>
   <trkpt lat="-8.037169" lon="-34.892766">
    <ele>9</ele>
    <time>2019-11-12T12:46:15.000Z</time>
   </trkpt>
   <trkpt lat="-8.037204" lon="-34.892773">
    <ele>9.1</ele>
    <time>2019-11-12T12:46:16.000Z</time>
   </trkpt>
   <trkpt lat="-8.037237" lon="-34.89278">
    <ele>9.3</ele>
    <time>2019-11-12T12:46:17.000Z</time>
   </trkpt>
   <trkpt lat="-8.037266" lon="-34.89278">
    <ele>9.4</ele>
    <time>2019-11-12T12:46:18.000Z</time>
   </trkpt>
   <trkpt lat="-8.037298" lon="-34.892782">
    <ele>9.5</ele>
    <time>2019-11-12T12:46:19.000Z</time>
   </trkpt>
   <trkpt lat="-8.037333" lon="-34.892764">
    <ele>9.8</ele>
    <time>2019-11-12T12:46:21.000Z</time>
   </trkpt>
   <trkpt lat="-8.03734" lon="-34.892724">
    <ele>9.7</ele>
    <time>2019-11-12T12:46:22.000Z</time>
   </trkpt>
   <trkpt lat="-8.037345" lon="-34.892688">
    <ele>9.6</ele>
    <time>2019-11-12T12:46:23.000Z</time>
   </trkpt>
   <trkpt lat="-8.037349" lon="-34.892652">
    <ele>9.6</ele>
    <time>2019-11-12T12:46:24.000Z</time>
   </trkpt>
   <trkpt lat="-8.037357" lon="-34.892617">
    <ele>9.5</ele>
    <time>2019-11-12T12:46:25.000Z</time>
   </trkpt>
   <trkpt lat="-8.037355" lon="-34.892578">
    <ele>9.4</ele>
    <time>2019-11-12T12:46:26.000Z</time>
   </trkpt>
   <trkpt lat="-8.03736" lon="-34.892536">
    <ele>9.3</ele>
    <time>2019-11-12T12:46:27.000Z</time>
   </trkpt>
   <trkpt lat="-8.037367" lon="-34.892502">
    <ele>9.3</ele>
    <time>2019-11-12T12:46:28.000Z</time>
   </trkpt>
   <trkpt lat="-8.037375" lon="-34.892468">
    <ele>9.2</ele>
    <time>2019-11-12T12:46:29.000Z</time>
   </trkpt>
   <trkpt lat="-8.037379" lon="-34.892433">
    <ele>9.1</ele>
    <time>2019-11-12T12:46:30.000Z</time>
   </trkpt>
   <trkpt lat="-8.037377" lon="-34.892402">
    <ele>9.1</ele>
    <time>2019-11-12T12:46:31.000Z</time>
   </trkpt>
   <trkpt lat="-8.037377" lon="-34.892373">
    <ele>9</ele>
    <time>2019-11-12T12:46:32.000Z</time>
   </trkpt>
   <trkpt lat="-8.037379" lon="-34.892337">
    <ele>8.9</ele>
    <time>2019-11-12T12:46:33.000Z</time>
   </trkpt>
   <trkpt lat="-8.037385" lon="-34.892293">
    <ele>8.8</ele>
    <time>2019-11-12T12:46:34.000Z</time>
   </trkpt>
   <trkpt lat="-8.037389" lon="-34.892257">
    <ele>8.8</ele>
    <time>2019-11-12T12:46:35.000Z</time>
   </trkpt>
   <trkpt lat="-8.037399" lon="-34.892218">
    <ele>8.7</ele>
    <time>2019-11-12T12:46:36.000Z</time>
   </trkpt>
   <trkpt lat="-8.037406" lon="-34.892184">
    <ele>8.6</ele>
    <time>2019-11-12T12:46:37.000Z</time>
   </trkpt>
   <trkpt lat="-8.03741" lon="-34.892143">
    <ele>8.6</ele>
    <time>2019-11-12T12:46:38.000Z</time>
   </trkpt>
   <trkpt lat="-8.037414" lon="-34.892103">
    <ele>8.5</ele>
    <time>2019-11-12T12:46:39.000Z</time>
   </trkpt>
   <trkpt lat="-8.037413" lon="-34.892065">
    <ele>8.7</ele>
    <time>2019-11-12T12:46:40.000Z</time>
   </trkpt>
   <trkpt lat="-8.037426" lon="-34.89203">
    <ele>8.9</ele>
    <time>2019-11-12T12:46:41.000Z</time>
   </trkpt>
   <trkpt lat="-8.037447" lon="-34.892001">
    <ele>9.1</ele>
    <time>2019-11-12T12:46:42.000Z</time>
   </trkpt>
   <trkpt lat="-8.037461" lon="-34.891966">
    <ele>9.3</ele>
    <time>2019-11-12T12:46:43.000Z</time>
   </trkpt>
   <trkpt lat="-8.037474" lon="-34.891937">
    <ele>9.4</ele>
    <time>2019-11-12T12:46:44.000Z</time>
   </trkpt>
   <trkpt lat="-8.037492" lon="-34.891907">
    <ele>9.6</ele>
    <time>2019-11-12T12:46:45.000Z</time>
   </trkpt>
   <trkpt lat="-8.037517" lon="-34.891875">
    <ele>9.8</ele>
    <time>2019-11-12T12:46:46.000Z</time>
   </trkpt>
   <trkpt lat="-8.037539" lon="-34.891847">
    <ele>10</ele>
    <time>2019-11-12T12:46:47.000Z</time>
   </trkpt>
   <trkpt lat="-8.037562" lon="-34.891821">
    <ele>10.2</ele>
    <time>2019-11-12T12:46:48.000Z</time>
   </trkpt>
   <trkpt lat="-8.037579" lon="-34.891789">
    <ele>10.4</ele>
    <time>2019-11-12T12:46:49.000Z</time>
   </trkpt>
   <trkpt lat="-8.037598" lon="-34.891767">
    <ele>10.5</ele>
    <time>2019-11-12T12:46:50.000Z</time>
   </trkpt>
   <trkpt lat="-8.037619" lon="-34.891741">
    <ele>10.6</ele>
    <time>2019-11-12T12:46:51.000Z</time>
   </trkpt>
   <trkpt lat="-8.037638" lon="-34.891719">
    <ele>10.7</ele>
    <time>2019-11-12T12:46:52.000Z</time>
   </trkpt>
   <trkpt lat="-8.037681" lon="-34.891683">
    <ele>11</ele>
    <time>2019-11-12T12:46:54.000Z</time>
   </trkpt>
   <trkpt lat="-8.0377" lon="-34.891659">
    <ele>11.2</ele>
    <time>2019-11-12T12:46:55.000Z</time>
   </trkpt>
   <trkpt lat="-8.037726" lon="-34.891636">
    <ele>11.4</ele>
    <time>2019-11-12T12:46:56.000Z</time>
   </trkpt>
   <trkpt lat="-8.037754" lon="-34.891611">
    <ele>11.6</ele>
    <time>2019-11-12T12:46:57.000Z</time>
   </trkpt>
   <trkpt lat="-8.037779" lon="-34.891587">
    <ele>11.7</ele>
    <time>2019-11-12T12:46:58.000Z</time>
   </trkpt>
   <trkpt lat="-8.037802" lon="-34.891571">
    <ele>11.9</ele>
    <time>2019-11-12T12:46:59.000Z</time>
   </trkpt>
   <trkpt lat="-8.037833" lon="-34.891564">
    <ele>12</ele>
    <time>2019-11-12T12:47:00.000Z</time>
   </trkpt>
   <trkpt lat="-8.037862" lon="-34.891568">
    <ele>12.3</ele>
    <time>2019-11-12T12:47:01.000Z</time>
   </trkpt>
   <trkpt lat="-8.037891" lon="-34.891582">
    <ele>12.3</ele>
    <time>2019-11-12T12:47:02.000Z</time>
   </trkpt>
   <trkpt lat="-8.037917" lon="-34.891614">
    <ele>12.4</ele>
    <time>2019-11-12T12:47:03.000Z</time>
   </trkpt>
   <trkpt lat="-8.037941" lon="-34.891639">
    <ele>12.5</ele>
    <time>2019-11-12T12:47:04.000Z</time>
   </trkpt>
   <trkpt lat="-8.037964" lon="-34.891671">
    <ele>12.6</ele>
    <time>2019-11-12T12:47:05.000Z</time>
   </trkpt>
   <trkpt lat="-8.037989" lon="-34.891695">
    <ele>12.7</ele>
    <time>2019-11-12T12:47:06.000Z</time>
   </trkpt>
   <trkpt lat="-8.03801" lon="-34.891723">
    <ele>12.8</ele>
    <time>2019-11-12T12:47:07.000Z</time>
   </trkpt>
   <trkpt lat="-8.038035" lon="-34.891742">
    <ele>12.9</ele>
    <time>2019-11-12T12:47:08.000Z</time>
   </trkpt>
   <trkpt lat="-8.038057" lon="-34.891763">
    <ele>13</ele>
    <time>2019-11-12T12:47:09.000Z</time>
   </trkpt>
   <trkpt lat="-8.038079" lon="-34.891787">
    <ele>13.1</ele>
    <time>2019-11-12T12:47:10.000Z</time>
   </trkpt>
   <trkpt lat="-8.038104" lon="-34.891801">
    <ele>13.1</ele>
    <time>2019-11-12T12:47:11.000Z</time>
   </trkpt>
   <trkpt lat="-8.038129" lon="-34.891811">
    <ele>13.1</ele>
    <time>2019-11-12T12:47:12.000Z</time>
   </trkpt>
   <trkpt lat="-8.038155" lon="-34.891826">
    <ele>13.1</ele>
    <time>2019-11-12T12:47:13.000Z</time>
   </trkpt>
   <trkpt lat="-8.038184" lon="-34.891859">
    <ele>13</ele>
    <time>2019-11-12T12:47:15.000Z</time>
   </trkpt>
   <trkpt lat="-8.038213" lon="-34.89187">
    <ele>13</ele>
    <time>2019-11-12T12:47:16.000Z</time>
   </trkpt>
   <trkpt lat="-8.038237" lon="-34.891885">
    <ele>12.9</ele>
    <time>2019-11-12T12:47:17.000Z</time>
   </trkpt>
   <trkpt lat="-8.03827" lon="-34.891906">
    <ele>12.7</ele>
    <time>2019-11-12T12:47:19.000Z</time>
   </trkpt>
   <trkpt lat="-8.038307" lon="-34.891931">
    <ele>12.6</ele>
    <time>2019-11-12T12:47:21.000Z</time>
   </trkpt>
   <trkpt lat="-8.038334" lon="-34.891939">
    <ele>12.6</ele>
    <time>2019-11-12T12:47:24.000Z</time>
   </trkpt>
   <trkpt lat="-8.038368" lon="-34.891945">
    <ele>12.6</ele>
    <time>2019-11-12T12:47:32.000Z</time>
   </trkpt>
   <trkpt lat="-8.038398" lon="-34.89196">
    <ele>12.6</ele>
    <time>2019-11-12T12:47:34.000Z</time>
   </trkpt>
   <trkpt lat="-8.038435" lon="-34.891984">
    <ele>12.6</ele>
    <time>2019-11-12T12:47:36.000Z</time>
   </trkpt>
   <trkpt lat="-8.038478" lon="-34.892007">
    <ele>12.6</ele>
    <time>2019-11-12T12:47:38.000Z</time>
   </trkpt>
   <trkpt lat="-8.038515" lon="-34.892021">
    <ele>12.5</ele>
    <time>2019-11-12T12:47:40.000Z</time>
   </trkpt>
   <trkpt lat="-8.038544" lon="-34.892034">
    <ele>12.5</ele>
    <time>2019-11-12T12:47:41.000Z</time>
   </trkpt>
   <trkpt lat="-8.03858" lon="-34.892041">
    <ele>12.5</ele>
    <time>2019-11-12T12:47:43.000Z</time>
   </trkpt>
   <trkpt lat="-8.038605" lon="-34.892061">
    <ele>12.4</ele>
    <time>2019-11-12T12:47:46.000Z</time>
   </trkpt>
   <trkpt lat="-8.038635" lon="-34.892089">
    <ele>12.4</ele>
    <time>2019-11-12T12:47:48.000Z</time>
   </trkpt>
   <trkpt lat="-8.038657" lon="-34.892106">
    <ele>12.3</ele>
    <time>2019-11-12T12:47:49.000Z</time>
   </trkpt>
   <trkpt lat="-8.038687" lon="-34.892121">
    <ele>12.4</ele>
    <time>2019-11-12T12:47:50.000Z</time>
   </trkpt>
   <trkpt lat="-8.038721" lon="-34.892129">
    <ele>12.6</ele>
    <time>2019-11-12T12:47:51.000Z</time>
   </trkpt>
   <trkpt lat="-8.038751" lon="-34.892111">
    <ele>12.8</ele>
    <time>2019-11-12T12:47:52.000Z</time>
   </trkpt>
   <trkpt lat="-8.038795" lon="-34.892102">
    <ele>12.9</ele>
    <time>2019-11-12T12:47:53.000Z</time>
   </trkpt>
   <trkpt lat="-8.038839" lon="-34.892106">
    <ele>13.1</ele>
    <time>2019-11-12T12:47:54.000Z</time>
   </trkpt>
   <trkpt lat="-8.038896" lon="-34.89211">
    <ele>13.3</ele>
    <time>2019-11-12T12:47:55.000Z</time>
   </trkpt>
   <trkpt lat="-8.038942" lon="-34.892116">
    <ele>13.1</ele>
    <time>2019-11-12T12:47:56.000Z</time>
   </trkpt>
   <trkpt lat="-8.038987" lon="-34.892126">
    <ele>12.7</ele>
    <time>2019-11-12T12:47:57.000Z</time>
   </trkpt>
   <trkpt lat="-8.039034" lon="-34.892141">
    <ele>12.4</ele>
    <time>2019-11-12T12:47:58.000Z</time>
   </trkpt>
   <trkpt lat="-8.039081" lon="-34.892155">
    <ele>12.1</ele>
    <time>2019-11-12T12:47:59.000Z</time>
   </trkpt>
   <trkpt lat="-8.039136" lon="-34.892165">
    <ele>12</ele>
    <time>2019-11-12T12:48:00.000Z</time>
   </trkpt>
   <trkpt lat="-8.039197" lon="-34.892178">
    <ele>11.8</ele>
    <time>2019-11-12T12:48:01.000Z</time>
   </trkpt>
   <trkpt lat="-8.039256" lon="-34.892193">
    <ele>11.4</ele>
    <time>2019-11-12T12:48:02.000Z</time>
   </trkpt>
   <trkpt lat="-8.039314" lon="-34.892209">
    <ele>11.5</ele>
    <time>2019-11-12T12:48:03.000Z</time>
   </trkpt>
   <trkpt lat="-8.039371" lon="-34.892218">
    <ele>11.5</ele>
    <time>2019-11-12T12:48:04.000Z</time>
   </trkpt>
   <trkpt lat="-8.039424" lon="-34.892225">
    <ele>11.6</ele>
    <time>2019-11-12T12:48:05.000Z</time>
   </trkpt>
   <trkpt lat="-8.039477" lon="-34.892229">
    <ele>11.8</ele>
    <time>2019-11-12T12:48:06.000Z</time>
   </trkpt>
   <trkpt lat="-8.039529" lon="-34.892227">
    <ele>12.1</ele>
    <time>2019-11-12T12:48:07.000Z</time>
   </trkpt>
   <trkpt lat="-8.039571" lon="-34.892233">
    <ele>12.2</ele>
    <time>2019-11-12T12:48:08.000Z</time>
   </trkpt>
   <trkpt lat="-8.039617" lon="-34.892225">
    <ele>12.3</ele>
    <time>2019-11-12T12:48:09.000Z</time>
   </trkpt>
   <trkpt lat="-8.039658" lon="-34.892224">
    <ele>12.3</ele>
    <time>2019-11-12T12:48:10.000Z</time>
   </trkpt>
   <trkpt lat="-8.039708" lon="-34.892213">
    <ele>12.6</ele>
    <time>2019-11-12T12:48:11.000Z</time>
   </trkpt>
   <trkpt lat="-8.039753" lon="-34.892219">
    <ele>12.8</ele>
    <time>2019-11-12T12:48:12.000Z</time>
   </trkpt>
   <trkpt lat="-8.0398" lon="-34.892239">
    <ele>13.1</ele>
    <time>2019-11-12T12:48:13.000Z</time>
   </trkpt>
   <trkpt lat="-8.039846" lon="-34.892264">
    <ele>13.8</ele>
    <time>2019-11-12T12:48:14.000Z</time>
   </trkpt>
   <trkpt lat="-8.039885" lon="-34.892303">
    <ele>13.9</ele>
    <time>2019-11-12T12:48:15.000Z</time>
   </trkpt>
   <trkpt lat="-8.03992" lon="-34.892339">
    <ele>14</ele>
    <time>2019-11-12T12:48:16.000Z</time>
   </trkpt>
   <trkpt lat="-8.039966" lon="-34.892376">
    <ele>14.1</ele>
    <time>2019-11-12T12:48:17.000Z</time>
   </trkpt>
   <trkpt lat="-8.04" lon="-34.892406">
    <ele>14.2</ele>
    <time>2019-11-12T12:48:18.000Z</time>
   </trkpt>
   <trkpt lat="-8.040042" lon="-34.892438">
    <ele>14.4</ele>
    <time>2019-11-12T12:48:19.000Z</time>
   </trkpt>
   <trkpt lat="-8.040086" lon="-34.892476">
    <ele>14.6</ele>
    <time>2019-11-12T12:48:20.000Z</time>
   </trkpt>
   <trkpt lat="-8.040128" lon="-34.892508">
    <ele>14.8</ele>
    <time>2019-11-12T12:48:21.000Z</time>
   </trkpt>
   <trkpt lat="-8.040166" lon="-34.892543">
    <ele>14.9</ele>
    <time>2019-11-12T12:48:22.000Z</time>
   </trkpt>
   <trkpt lat="-8.040204" lon="-34.89258">
    <ele>15</ele>
    <time>2019-11-12T12:48:23.000Z</time>
   </trkpt>
   <trkpt lat="-8.040226" lon="-34.892621">
    <ele>15.1</ele>
    <time>2019-11-12T12:48:24.000Z</time>
   </trkpt>
   <trkpt lat="-8.040258" lon="-34.892658">
    <ele>15.1</ele>
    <time>2019-11-12T12:48:25.000Z</time>
   </trkpt>
   <trkpt lat="-8.040293" lon="-34.892694">
    <ele>15.2</ele>
    <time>2019-11-12T12:48:26.000Z</time>
   </trkpt>
   <trkpt lat="-8.04033" lon="-34.892724">
    <ele>15.2</ele>
    <time>2019-11-12T12:48:27.000Z</time>
   </trkpt>
   <trkpt lat="-8.040372" lon="-34.892761">
    <ele>15.2</ele>
    <time>2019-11-12T12:48:28.000Z</time>
   </trkpt>
   <trkpt lat="-8.040405" lon="-34.892791">
    <ele>15.3</ele>
    <time>2019-11-12T12:48:29.000Z</time>
   </trkpt>
   <trkpt lat="-8.040441" lon="-34.892818">
    <ele>15.3</ele>
    <time>2019-11-12T12:48:30.000Z</time>
   </trkpt>
   <trkpt lat="-8.040482" lon="-34.892856">
    <ele>15.4</ele>
    <time>2019-11-12T12:48:31.000Z</time>
   </trkpt>
   <trkpt lat="-8.040521" lon="-34.892887">
    <ele>15.5</ele>
    <time>2019-11-12T12:48:32.000Z</time>
   </trkpt>
   <trkpt lat="-8.040559" lon="-34.892905">
    <ele>15.6</ele>
    <time>2019-11-12T12:48:33.000Z</time>
   </trkpt>
   <trkpt lat="-8.040591" lon="-34.892939">
    <ele>15.7</ele>
    <time>2019-11-12T12:48:34.000Z</time>
   </trkpt>
   <trkpt lat="-8.04062" lon="-34.892976">
    <ele>15.8</ele>
    <time>2019-11-12T12:48:35.000Z</time>
   </trkpt>
   <trkpt lat="-8.040649" lon="-34.893014">
    <ele>15.9</ele>
    <time>2019-11-12T12:48:36.000Z</time>
   </trkpt>
   <trkpt lat="-8.040678" lon="-34.893052">
    <ele>16</ele>
    <time>2019-11-12T12:48:37.000Z</time>
   </trkpt>
   <trkpt lat="-8.040702" lon="-34.893085">
    <ele>16</ele>
    <time>2019-11-12T12:48:38.000Z</time>
   </trkpt>
   <trkpt lat="-8.040728" lon="-34.893119">
    <ele>16.1</ele>
    <time>2019-11-12T12:48:39.000Z</time>
   </trkpt>
   <trkpt lat="-8.040756" lon="-34.893152">
    <ele>16.2</ele>
    <time>2019-11-12T12:48:40.000Z</time>
   </trkpt>
   <trkpt lat="-8.040778" lon="-34.893171">
    <ele>16.2</ele>
    <time>2019-11-12T12:48:41.000Z</time>
   </trkpt>
   <trkpt lat="-8.040803" lon="-34.893198">
    <ele>16.2</ele>
    <time>2019-11-12T12:48:42.000Z</time>
   </trkpt>
   <trkpt lat="-8.040843" lon="-34.89322">
    <ele>16.3</ele>
    <time>2019-11-12T12:48:43.000Z</time>
   </trkpt>
   <trkpt lat="-8.040876" lon="-34.893251">
    <ele>16.4</ele>
    <time>2019-11-12T12:48:44.000Z</time>
   </trkpt>
   <trkpt lat="-8.040897" lon="-34.893273">
    <ele>16.5</ele>
    <time>2019-11-12T12:48:45.000Z</time>
   </trkpt>
   <trkpt lat="-8.040921" lon="-34.893301">
    <ele>16.6</ele>
    <time>2019-11-12T12:48:46.000Z</time>
   </trkpt>
   <trkpt lat="-8.040951" lon="-34.893335">
    <ele>16.7</ele>
    <time>2019-11-12T12:48:47.000Z</time>
   </trkpt>
   <trkpt lat="-8.04097" lon="-34.893369">
    <ele>16.8</ele>
    <time>2019-11-12T12:48:48.000Z</time>
   </trkpt>
   <trkpt lat="-8.04099" lon="-34.893395">
    <ele>16.8</ele>
    <time>2019-11-12T12:48:49.000Z</time>
   </trkpt>
   <trkpt lat="-8.041014" lon="-34.893416">
    <ele>16.9</ele>
    <time>2019-11-12T12:48:50.000Z</time>
   </trkpt>
   <trkpt lat="-8.041039" lon="-34.893437">
    <ele>17</ele>
    <time>2019-11-12T12:48:51.000Z</time>
   </trkpt>
   <trkpt lat="-8.041066" lon="-34.893447">
    <ele>17.1</ele>
    <time>2019-11-12T12:48:52.000Z</time>
   </trkpt>
   <trkpt lat="-8.041108" lon="-34.893464">
    <ele>17.2</ele>
    <time>2019-11-12T12:48:54.000Z</time>
   </trkpt>
   <trkpt lat="-8.041138" lon="-34.893481">
    <ele>17.3</ele>
    <time>2019-11-12T12:48:56.000Z</time>
   </trkpt>
   <trkpt lat="-8.041159" lon="-34.893503">
    <ele>17.4</ele>
    <time>2019-11-12T12:48:57.000Z</time>
   </trkpt>
   <trkpt lat="-8.041179" lon="-34.893538">
    <ele>17.5</ele>
    <time>2019-11-12T12:48:59.000Z</time>
   </trkpt>
   <trkpt lat="-8.041191" lon="-34.893562">
    <ele>17.6</ele>
    <time>2019-11-12T12:49:00.000Z</time>
   </trkpt>
   <trkpt lat="-8.041212" lon="-34.893587">
    <ele>17.7</ele>
    <time>2019-11-12T12:49:01.000Z</time>
   </trkpt>
   <trkpt lat="-8.041244" lon="-34.893607">
    <ele>17.8</ele>
    <time>2019-11-12T12:49:02.000Z</time>
   </trkpt>
   <trkpt lat="-8.041268" lon="-34.893631">
    <ele>17.9</ele>
    <time>2019-11-12T12:49:03.000Z</time>
   </trkpt>
   <trkpt lat="-8.041305" lon="-34.893653">
    <ele>18</ele>
    <time>2019-11-12T12:49:04.000Z</time>
   </trkpt>
   <trkpt lat="-8.041344" lon="-34.893676">
    <ele>18</ele>
    <time>2019-11-12T12:49:05.000Z</time>
   </trkpt>
   <trkpt lat="-8.041367" lon="-34.893699">
    <ele>18.1</ele>
    <time>2019-11-12T12:49:06.000Z</time>
   </trkpt>
   <trkpt lat="-8.041388" lon="-34.893726">
    <ele>18.1</ele>
    <time>2019-11-12T12:49:07.000Z</time>
   </trkpt>
   <trkpt lat="-8.041427" lon="-34.893706">
    <ele>18.1</ele>
    <time>2019-11-12T12:49:11.000Z</time>
   </trkpt>
   <trkpt lat="-8.041451" lon="-34.893674">
    <ele>17.8</ele>
    <time>2019-11-12T12:49:12.000Z</time>
   </trkpt>
   <trkpt lat="-8.041478" lon="-34.893641">
    <ele>17.7</ele>
    <time>2019-11-12T12:49:13.000Z</time>
   </trkpt>
   <trkpt lat="-8.041509" lon="-34.893583">
    <ele>17.6</ele>
    <time>2019-11-12T12:49:14.000Z</time>
   </trkpt>
   <trkpt lat="-8.041563" lon="-34.893549">
    <ele>17.5</ele>
    <time>2019-11-12T12:49:15.000Z</time>
   </trkpt>
   <trkpt lat="-8.041601" lon="-34.893502">
    <ele>17.4</ele>
    <time>2019-11-12T12:49:16.000Z</time>
   </trkpt>
   <trkpt lat="-8.041619" lon="-34.893444">
    <ele>17.3</ele>
    <time>2019-11-12T12:49:17.000Z</time>
   </trkpt>
   <trkpt lat="-8.041648" lon="-34.893405">
    <ele>17.2</ele>
    <time>2019-11-12T12:49:18.000Z</time>
   </trkpt>
   <trkpt lat="-8.041676" lon="-34.893367">
    <ele>17.2</ele>
    <time>2019-11-12T12:49:19.000Z</time>
   </trkpt>
   <trkpt lat="-8.041701" lon="-34.893327">
    <ele>17.2</ele>
    <time>2019-11-12T12:49:20.000Z</time>
   </trkpt>
   <trkpt lat="-8.041722" lon="-34.893298">
    <ele>17.1</ele>
    <time>2019-11-12T12:49:21.000Z</time>
   </trkpt>
   <trkpt lat="-8.041746" lon="-34.893274">
    <ele>17.1</ele>
    <time>2019-11-12T12:49:22.000Z</time>
   </trkpt>
   <trkpt lat="-8.041761" lon="-34.893216">
    <ele>17.1</ele>
    <time>2019-11-12T12:49:23.000Z</time>
   </trkpt>
   <trkpt lat="-8.041782" lon="-34.893191">
    <ele>17.1</ele>
    <time>2019-11-12T12:49:24.000Z</time>
   </trkpt>
   <trkpt lat="-8.041805" lon="-34.893171">
    <ele>17.1</ele>
    <time>2019-11-12T12:49:25.000Z</time>
   </trkpt>
   <trkpt lat="-8.041832" lon="-34.893152">
    <ele>17.1</ele>
    <time>2019-11-12T12:49:26.000Z</time>
   </trkpt>
   <trkpt lat="-8.041856" lon="-34.893127">
    <ele>17.1</ele>
    <time>2019-11-12T12:49:27.000Z</time>
   </trkpt>
   <trkpt lat="-8.041874" lon="-34.893105">
    <ele>17.1</ele>
    <time>2019-11-12T12:49:28.000Z</time>
   </trkpt>
   <trkpt lat="-8.041894" lon="-34.893079">
    <ele>17.1</ele>
    <time>2019-11-12T12:49:29.000Z</time>
   </trkpt>
   <trkpt lat="-8.041919" lon="-34.893052">
    <ele>17.1</ele>
    <time>2019-11-12T12:49:30.000Z</time>
   </trkpt>
   <trkpt lat="-8.041941" lon="-34.893011">
    <ele>17.1</ele>
    <time>2019-11-12T12:49:31.000Z</time>
   </trkpt>
   <trkpt lat="-8.041957" lon="-34.892975">
    <ele>17</ele>
    <time>2019-11-12T12:49:32.000Z</time>
   </trkpt>
   <trkpt lat="-8.041985" lon="-34.892941">
    <ele>17</ele>
    <time>2019-11-12T12:49:33.000Z</time>
   </trkpt>
   <trkpt lat="-8.042026" lon="-34.892905">
    <ele>17</ele>
    <time>2019-11-12T12:49:34.000Z</time>
   </trkpt>
   <trkpt lat="-8.042073" lon="-34.892862">
    <ele>17</ele>
    <time>2019-11-12T12:49:35.000Z</time>
   </trkpt>
   <trkpt lat="-8.042116" lon="-34.892811">
    <ele>17</ele>
    <time>2019-11-12T12:49:36.000Z</time>
   </trkpt>
   <trkpt lat="-8.042141" lon="-34.892742">
    <ele>17</ele>
    <time>2019-11-12T12:49:37.000Z</time>
   </trkpt>
   <trkpt lat="-8.04217" lon="-34.892668">
    <ele>17</ele>
    <time>2019-11-12T12:49:38.000Z</time>
   </trkpt>
   <trkpt lat="-8.042196" lon="-34.892611">
    <ele>17</ele>
    <time>2019-11-12T12:49:39.000Z</time>
   </trkpt>
   <trkpt lat="-8.042237" lon="-34.892549">
    <ele>17</ele>
    <time>2019-11-12T12:49:40.000Z</time>
   </trkpt>
   <trkpt lat="-8.042257" lon="-34.892508">
    <ele>17</ele>
    <time>2019-11-12T12:49:41.000Z</time>
   </trkpt>
   <trkpt lat="-8.042286" lon="-34.892467">
    <ele>16.8</ele>
    <time>2019-11-12T12:49:42.000Z</time>
   </trkpt>
   <trkpt lat="-8.042319" lon="-34.892411">
    <ele>16.7</ele>
    <time>2019-11-12T12:49:43.000Z</time>
   </trkpt>
   <trkpt lat="-8.042353" lon="-34.892374">
    <ele>16.5</ele>
    <time>2019-11-12T12:49:44.000Z</time>
   </trkpt>
   <trkpt lat="-8.042389" lon="-34.892339">
    <ele>16.4</ele>
    <time>2019-11-12T12:49:45.000Z</time>
   </trkpt>
   <trkpt lat="-8.042422" lon="-34.892301">
    <ele>16.2</ele>
    <time>2019-11-12T12:49:46.000Z</time>
   </trkpt>
   <trkpt lat="-8.042472" lon="-34.892268">
    <ele>16</ele>
    <time>2019-11-12T12:49:47.000Z</time>
   </trkpt>
   <trkpt lat="-8.04251" lon="-34.892231">
    <ele>15.7</ele>
    <time>2019-11-12T12:49:48.000Z</time>
   </trkpt>
   <trkpt lat="-8.042551" lon="-34.892195">
    <ele>15.5</ele>
    <time>2019-11-12T12:49:49.000Z</time>
   </trkpt>
   <trkpt lat="-8.042571" lon="-34.892143">
    <ele>15.3</ele>
    <time>2019-11-12T12:49:50.000Z</time>
   </trkpt>
   <trkpt lat="-8.042596" lon="-34.892091">
    <ele>15.2</ele>
    <time>2019-11-12T12:49:51.000Z</time>
   </trkpt>
   <trkpt lat="-8.042628" lon="-34.892059">
    <ele>15.1</ele>
    <time>2019-11-12T12:49:52.000Z</time>
   </trkpt>
   <trkpt lat="-8.042664" lon="-34.892038">
    <ele>15</ele>
    <time>2019-11-12T12:49:53.000Z</time>
   </trkpt>
   <trkpt lat="-8.042695" lon="-34.892005">
    <ele>14.9</ele>
    <time>2019-11-12T12:49:54.000Z</time>
   </trkpt>
   <trkpt lat="-8.042721" lon="-34.891956">
    <ele>14.8</ele>
    <time>2019-11-12T12:49:55.000Z</time>
   </trkpt>
   <trkpt lat="-8.042744" lon="-34.891911">
    <ele>14.8</ele>
    <time>2019-11-12T12:49:56.000Z</time>
   </trkpt>
   <trkpt lat="-8.042767" lon="-34.891872">
    <ele>14.8</ele>
    <time>2019-11-12T12:49:57.000Z</time>
   </trkpt>
   <trkpt lat="-8.042809" lon="-34.891842">
    <ele>14.7</ele>
    <time>2019-11-12T12:49:58.000Z</time>
   </trkpt>
   <trkpt lat="-8.042847" lon="-34.891814">
    <ele>14.7</ele>
    <time>2019-11-12T12:49:59.000Z</time>
   </trkpt>
   <trkpt lat="-8.042877" lon="-34.891785">
    <ele>14.7</ele>
    <time>2019-11-12T12:50:00.000Z</time>
   </trkpt>
   <trkpt lat="-8.042906" lon="-34.891766">
    <ele>14.7</ele>
    <time>2019-11-12T12:50:01.000Z</time>
   </trkpt>
   <trkpt lat="-8.042931" lon="-34.891745">
    <ele>14.7</ele>
    <time>2019-11-12T12:50:02.000Z</time>
   </trkpt>
   <trkpt lat="-8.042976" lon="-34.891714">
    <ele>14.6</ele>
    <time>2019-11-12T12:50:03.000Z</time>
   </trkpt>
   <trkpt lat="-8.043021" lon="-34.891676">
    <ele>14.6</ele>
    <time>2019-11-12T12:50:04.000Z</time>
   </trkpt>
   <trkpt lat="-8.043069" lon="-34.891631">
    <ele>14.5</ele>
    <time>2019-11-12T12:50:05.000Z</time>
   </trkpt>
   <trkpt lat="-8.043118" lon="-34.891604">
    <ele>14.4</ele>
    <time>2019-11-12T12:50:06.000Z</time>
   </trkpt>
   <trkpt lat="-8.043171" lon="-34.891575">
    <ele>14.3</ele>
    <time>2019-11-12T12:50:07.000Z</time>
   </trkpt>
   <trkpt lat="-8.043225" lon="-34.891552">
    <ele>14.3</ele>
    <time>2019-11-12T12:50:08.000Z</time>
   </trkpt>
   <trkpt lat="-8.043266" lon="-34.891515">
    <ele>14.2</ele>
    <time>2019-11-12T12:50:09.000Z</time>
   </trkpt>
   <trkpt lat="-8.043298" lon="-34.891484">
    <ele>14.1</ele>
    <time>2019-11-12T12:50:10.000Z</time>
   </trkpt>
   <trkpt lat="-8.043333" lon="-34.891455">
    <ele>14</ele>
    <time>2019-11-12T12:50:11.000Z</time>
   </trkpt>
   <trkpt lat="-8.043363" lon="-34.891426">
    <ele>13.9</ele>
    <time>2019-11-12T12:50:12.000Z</time>
   </trkpt>
   <trkpt lat="-8.043405" lon="-34.891352">
    <ele>13.8</ele>
    <time>2019-11-12T12:50:13.000Z</time>
   </trkpt>
   <trkpt lat="-8.043439" lon="-34.891301">
    <ele>13.7</ele>
    <time>2019-11-12T12:50:14.000Z</time>
   </trkpt>
   <trkpt lat="-8.043471" lon="-34.891276">
    <ele>13.7</ele>
    <time>2019-11-12T12:50:15.000Z</time>
   </trkpt>
   <trkpt lat="-8.043505" lon="-34.891238">
    <ele>13.7</ele>
    <time>2019-11-12T12:50:16.000Z</time>
   </trkpt>
   <trkpt lat="-8.043546" lon="-34.891193">
    <ele>13.6</ele>
    <time>2019-11-12T12:50:17.000Z</time>
   </trkpt>
   <trkpt lat="-8.043598" lon="-34.891149">
    <ele>13.6</ele>
    <time>2019-11-12T12:50:18.000Z</time>
   </trkpt>
   <trkpt lat="-8.04365" lon="-34.89111">
    <ele>13.5</ele>
    <time>2019-11-12T12:50:19.000Z</time>
   </trkpt>
   <trkpt lat="-8.043695" lon="-34.89105">
    <ele>13.5</ele>
    <time>2019-11-12T12:50:20.000Z</time>
   </trkpt>
   <trkpt lat="-8.04374" lon="-34.890994">
    <ele>13.5</ele>
    <time>2019-11-12T12:50:21.000Z</time>
   </trkpt>
   <trkpt lat="-8.043777" lon="-34.890949">
    <ele>13.4</ele>
    <time>2019-11-12T12:50:22.000Z</time>
   </trkpt>
   <trkpt lat="-8.04381" lon="-34.890905">
    <ele>13.4</ele>
    <time>2019-11-12T12:50:23.000Z</time>
   </trkpt>
   <trkpt lat="-8.04384" lon="-34.890867">
    <ele>13.3</ele>
    <time>2019-11-12T12:50:24.000Z</time>
   </trkpt>
   <trkpt lat="-8.04388" lon="-34.890822">
    <ele>13.2</ele>
    <time>2019-11-12T12:50:25.000Z</time>
   </trkpt>
   <trkpt lat="-8.043932" lon="-34.890787">
    <ele>13</ele>
    <time>2019-11-12T12:50:26.000Z</time>
   </trkpt>
   <trkpt lat="-8.043979" lon="-34.890757">
    <ele>12.9</ele>
    <time>2019-11-12T12:50:27.000Z</time>
   </trkpt>
   <trkpt lat="-8.044021" lon="-34.890726">
    <ele>12.7</ele>
    <time>2019-11-12T12:50:28.000Z</time>
   </trkpt>
   <trkpt lat="-8.044057" lon="-34.890696">
    <ele>12.6</ele>
    <time>2019-11-12T12:50:29.000Z</time>
   </trkpt>
   <trkpt lat="-8.044102" lon="-34.890658">
    <ele>12.4</ele>
    <time>2019-11-12T12:50:30.000Z</time>
   </trkpt>
   <trkpt lat="-8.044141" lon="-34.89062">
    <ele>12.2</ele>
    <time>2019-11-12T12:50:31.000Z</time>
   </trkpt>
   <trkpt lat="-8.04418" lon="-34.890574">
    <ele>11.9</ele>
    <time>2019-11-12T12:50:32.000Z</time>
   </trkpt>
   <trkpt lat="-8.044213" lon="-34.890519">
    <ele>11.7</ele>
    <time>2019-11-12T12:50:33.000Z</time>
   </trkpt>
   <trkpt lat="-8.044264" lon="-34.890472">
    <ele>11.4</ele>
    <time>2019-11-12T12:50:34.000Z</time>
   </trkpt>
   <trkpt lat="-8.044307" lon="-34.890417">
    <ele>11</ele>
    <time>2019-11-12T12:50:35.000Z</time>
   </trkpt>
   <trkpt lat="-8.044355" lon="-34.890365">
    <ele>10.5</ele>
    <time>2019-11-12T12:50:36.000Z</time>
   </trkpt>
   <trkpt lat="-8.044394" lon="-34.890291">
    <ele>10</ele>
    <time>2019-11-12T12:50:37.000Z</time>
   </trkpt>
   <trkpt lat="-8.044451" lon="-34.890235">
    <ele>9.5</ele>
    <time>2019-11-12T12:50:38.000Z</time>
   </trkpt>
   <trkpt lat="-8.044509" lon="-34.89019">
    <ele>9</ele>
    <time>2019-11-12T12:50:39.000Z</time>
   </trkpt>
   <trkpt lat="-8.044562" lon="-34.890152">
    <ele>8.6</ele>
    <time>2019-11-12T12:50:40.000Z</time>
   </trkpt>
   <trkpt lat="-8.044612" lon="-34.890128">
    <ele>8.4</ele>
    <time>2019-11-12T12:50:41.000Z</time>
   </trkpt>
   <trkpt lat="-8.044673" lon="-34.890108">
    <ele>7.9</ele>
    <time>2019-11-12T12:50:42.000Z</time>
   </trkpt>
   <trkpt lat="-8.044727" lon="-34.89009">
    <ele>7.7</ele>
    <time>2019-11-12T12:50:43.000Z</time>
   </trkpt>
   <trkpt lat="-8.044787" lon="-34.89007">
    <ele>7.4</ele>
    <time>2019-11-12T12:50:44.000Z</time>
   </trkpt>
   <trkpt lat="-8.044845" lon="-34.890055">
    <ele>7.1</ele>
    <time>2019-11-12T12:50:45.000Z</time>
   </trkpt>
   <trkpt lat="-8.044901" lon="-34.890042">
    <ele>6.9</ele>
    <time>2019-11-12T12:50:46.000Z</time>
   </trkpt>
   <trkpt lat="-8.044956" lon="-34.890033">
    <ele>6.7</ele>
    <time>2019-11-12T12:50:47.000Z</time>
   </trkpt>
   <trkpt lat="-8.045018" lon="-34.890029">
    <ele>6.4</ele>
    <time>2019-11-12T12:50:48.000Z</time>
   </trkpt>
   <trkpt lat="-8.045087" lon="-34.890036">
    <ele>6.2</ele>
    <time>2019-11-12T12:50:49.000Z</time>
   </trkpt>
   <trkpt lat="-8.045145" lon="-34.890028">
    <ele>6.1</ele>
    <time>2019-11-12T12:50:50.000Z</time>
   </trkpt>
   <trkpt lat="-8.045203" lon="-34.890022">
    <ele>6</ele>
    <time>2019-11-12T12:50:51.000Z</time>
   </trkpt>
   <trkpt lat="-8.045261" lon="-34.890015">
    <ele>6.3</ele>
    <time>2019-11-12T12:50:52.000Z</time>
   </trkpt>
   <trkpt lat="-8.045318" lon="-34.890007">
    <ele>6.5</ele>
    <time>2019-11-12T12:50:53.000Z</time>
   </trkpt>
   <trkpt lat="-8.045379" lon="-34.889999">
    <ele>6.8</ele>
    <time>2019-11-12T12:50:54.000Z</time>
   </trkpt>
   <trkpt lat="-8.045438" lon="-34.889992">
    <ele>7.1</ele>
    <time>2019-11-12T12:50:55.000Z</time>
   </trkpt>
   <trkpt lat="-8.045499" lon="-34.889998">
    <ele>7.4</ele>
    <time>2019-11-12T12:50:56.000Z</time>
   </trkpt>
   <trkpt lat="-8.045549" lon="-34.889998">
    <ele>7.6</ele>
    <time>2019-11-12T12:50:57.000Z</time>
   </trkpt>
   <trkpt lat="-8.045607" lon="-34.889996">
    <ele>7.9</ele>
    <time>2019-11-12T12:50:58.000Z</time>
   </trkpt>
   <trkpt lat="-8.045661" lon="-34.889991">
    <ele>8.2</ele>
    <time>2019-11-12T12:50:59.000Z</time>
   </trkpt>
   <trkpt lat="-8.045711" lon="-34.889993">
    <ele>8.5</ele>
    <time>2019-11-12T12:51:00.000Z</time>
   </trkpt>
   <trkpt lat="-8.045763" lon="-34.889986">
    <ele>8.8</ele>
    <time>2019-11-12T12:51:01.000Z</time>
   </trkpt>
   <trkpt lat="-8.045817" lon="-34.889984">
    <ele>9.2</ele>
    <time>2019-11-12T12:51:02.000Z</time>
   </trkpt>
   <trkpt lat="-8.045873" lon="-34.889985">
    <ele>9.5</ele>
    <time>2019-11-12T12:51:03.000Z</time>
   </trkpt>
   <trkpt lat="-8.045928" lon="-34.889982">
    <ele>9.5</ele>
    <time>2019-11-12T12:51:04.000Z</time>
   </trkpt>
   <trkpt lat="-8.045971" lon="-34.889973">
    <ele>9.5</ele>
    <time>2019-11-12T12:51:05.000Z</time>
   </trkpt>
   <trkpt lat="-8.046011" lon="-34.88997">
    <ele>9.5</ele>
    <time>2019-11-12T12:51:06.000Z</time>
   </trkpt>
   <trkpt lat="-8.046055" lon="-34.889974">
    <ele>9.5</ele>
    <time>2019-11-12T12:51:07.000Z</time>
   </trkpt>
   <trkpt lat="-8.046119" lon="-34.889983">
    <ele>9.5</ele>
    <time>2019-11-12T12:51:09.000Z</time>
   </trkpt>
   <trkpt lat="-8.046167" lon="-34.889987">
    <ele>9.6</ele>
    <time>2019-11-12T12:51:11.000Z</time>
   </trkpt>
   <trkpt lat="-8.046217" lon="-34.889973">
    <ele>9.6</ele>
    <time>2019-11-12T12:51:13.000Z</time>
   </trkpt>
   <trkpt lat="-8.046245" lon="-34.889971">
    <ele>9.6</ele>
    <time>2019-11-12T12:51:14.000Z</time>
   </trkpt>
   <trkpt lat="-8.046276" lon="-34.889967">
    <ele>9.6</ele>
    <time>2019-11-12T12:51:15.000Z</time>
   </trkpt>
   <trkpt lat="-8.046311" lon="-34.889963">
    <ele>9.7</ele>
    <time>2019-11-12T12:51:16.000Z</time>
   </trkpt>
   <trkpt lat="-8.046343" lon="-34.889955">
    <ele>9.7</ele>
    <time>2019-11-12T12:51:17.000Z</time>
   </trkpt>
   <trkpt lat="-8.046371" lon="-34.889946">
    <ele>9.7</ele>
    <time>2019-11-12T12:51:18.000Z</time>
   </trkpt>
   <trkpt lat="-8.046404" lon="-34.889948">
    <ele>9.7</ele>
    <time>2019-11-12T12:51:19.000Z</time>
   </trkpt>
   <trkpt lat="-8.046436" lon="-34.889946">
    <ele>9.7</ele>
    <time>2019-11-12T12:51:21.000Z</time>
   </trkpt>
   <trkpt lat="-8.046469" lon="-34.889948">
    <ele>9.8</ele>
    <time>2019-11-12T12:51:23.000Z</time>
   </trkpt>
   <trkpt lat="-8.046507" lon="-34.889949">
    <ele>9.8</ele>
    <time>2019-11-12T12:51:30.000Z</time>
   </trkpt>
   <trkpt lat="-8.046543" lon="-34.889933">
    <ele>9.8</ele>
    <time>2019-11-12T12:51:31.000Z</time>
   </trkpt>
   <trkpt lat="-8.046592" lon="-34.889926">
    <ele>9.9</ele>
    <time>2019-11-12T12:51:32.000Z</time>
   </trkpt>
   <trkpt lat="-8.046637" lon="-34.889922">
    <ele>9.9</ele>
    <time>2019-11-12T12:51:33.000Z</time>
   </trkpt>
   <trkpt lat="-8.046677" lon="-34.88992">
    <ele>10</ele>
    <time>2019-11-12T12:51:34.000Z</time>
   </trkpt>
   <trkpt lat="-8.04672" lon="-34.889921">
    <ele>10.1</ele>
    <time>2019-11-12T12:51:35.000Z</time>
   </trkpt>
   <trkpt lat="-8.046759" lon="-34.88992">
    <ele>10.2</ele>
    <time>2019-11-12T12:51:36.000Z</time>
   </trkpt>
   <trkpt lat="-8.046797" lon="-34.889933">
    <ele>10.3</ele>
    <time>2019-11-12T12:51:37.000Z</time>
   </trkpt>
   <trkpt lat="-8.046839" lon="-34.889932">
    <ele>10.3</ele>
    <time>2019-11-12T12:51:38.000Z</time>
   </trkpt>
   <trkpt lat="-8.046885" lon="-34.889923">
    <ele>10.4</ele>
    <time>2019-11-12T12:51:39.000Z</time>
   </trkpt>
   <trkpt lat="-8.046936" lon="-34.889919">
    <ele>10.5</ele>
    <time>2019-11-12T12:51:40.000Z</time>
   </trkpt>
   <trkpt lat="-8.046984" lon="-34.889913">
    <ele>10.6</ele>
    <time>2019-11-12T12:51:41.000Z</time>
   </trkpt>
   <trkpt lat="-8.047035" lon="-34.889908">
    <ele>10.6</ele>
    <time>2019-11-12T12:51:42.000Z</time>
   </trkpt>
   <trkpt lat="-8.047085" lon="-34.8899">
    <ele>10.7</ele>
    <time>2019-11-12T12:51:43.000Z</time>
   </trkpt>
   <trkpt lat="-8.047133" lon="-34.889897">
    <ele>10.8</ele>
    <time>2019-11-12T12:51:44.000Z</time>
   </trkpt>
   <trkpt lat="-8.047175" lon="-34.889892">
    <ele>10.8</ele>
    <time>2019-11-12T12:51:45.000Z</time>
   </trkpt>
   <trkpt lat="-8.047219" lon="-34.889888">
    <ele>10.9</ele>
    <time>2019-11-12T12:51:46.000Z</time>
   </trkpt>
   <trkpt lat="-8.047259" lon="-34.889886">
    <ele>10.9</ele>
    <time>2019-11-12T12:51:47.000Z</time>
   </trkpt>
   <trkpt lat="-8.047294" lon="-34.889883">
    <ele>10.9</ele>
    <time>2019-11-12T12:51:48.000Z</time>
   </trkpt>
   <trkpt lat="-8.047326" lon="-34.889877">
    <ele>11</ele>
    <time>2019-11-12T12:51:49.000Z</time>
   </trkpt>
   <trkpt lat="-8.047365" lon="-34.889869">
    <ele>11</ele>
    <time>2019-11-12T12:51:50.000Z</time>
   </trkpt>
   <trkpt lat="-8.047407" lon="-34.889861">
    <ele>11</ele>
    <time>2019-11-12T12:51:51.000Z</time>
   </trkpt>
   <trkpt lat="-8.047434" lon="-34.889853">
    <ele>11</ele>
    <time>2019-11-12T12:51:52.000Z</time>
   </trkpt>
   <trkpt lat="-8.04748" lon="-34.889848">
    <ele>11.1</ele>
    <time>2019-11-12T12:51:54.000Z</time>
   </trkpt>
   <trkpt lat="-8.047513" lon="-34.889843">
    <ele>11.1</ele>
    <time>2019-11-12T12:51:55.000Z</time>
   </trkpt>
   <trkpt lat="-8.047545" lon="-34.889843">
    <ele>11.1</ele>
    <time>2019-11-12T12:51:56.000Z</time>
   </trkpt>
   <trkpt lat="-8.047576" lon="-34.889835">
    <ele>11.1</ele>
    <time>2019-11-12T12:51:57.000Z</time>
   </trkpt>
   <trkpt lat="-8.047608" lon="-34.889834">
    <ele>11.1</ele>
    <time>2019-11-12T12:51:58.000Z</time>
   </trkpt>
   <trkpt lat="-8.047673" lon="-34.889843">
    <ele>11.2</ele>
    <time>2019-11-12T12:52:00.000Z</time>
   </trkpt>
   <trkpt lat="-8.047705" lon="-34.889847">
    <ele>11.2</ele>
    <time>2019-11-12T12:52:01.000Z</time>
   </trkpt>
   <trkpt lat="-8.04774" lon="-34.88985">
    <ele>11.2</ele>
    <time>2019-11-12T12:52:02.000Z</time>
   </trkpt>
   <trkpt lat="-8.047766" lon="-34.889838">
    <ele>11.2</ele>
    <time>2019-11-12T12:52:03.000Z</time>
   </trkpt>
   <trkpt lat="-8.04779" lon="-34.889827">
    <ele>11.3</ele>
    <time>2019-11-12T12:52:04.000Z</time>
   </trkpt>
   <trkpt lat="-8.047836" lon="-34.889829">
    <ele>11.1</ele>
    <time>2019-11-12T12:52:06.000Z</time>
   </trkpt>
   <trkpt lat="-8.047864" lon="-34.889828">
    <ele>11</ele>
    <time>2019-11-12T12:52:07.000Z</time>
   </trkpt>
   <trkpt lat="-8.047899" lon="-34.889804">
    <ele>10.9</ele>
    <time>2019-11-12T12:52:09.000Z</time>
   </trkpt>
   <trkpt lat="-8.047938" lon="-34.889805">
    <ele>10.8</ele>
    <time>2019-11-12T12:52:11.000Z</time>
   </trkpt>
   <trkpt lat="-8.047966" lon="-34.889801">
    <ele>10.7</ele>
    <time>2019-11-12T12:52:13.000Z</time>
   </trkpt>
   <trkpt lat="-8.047997" lon="-34.889794">
    <ele>10.6</ele>
    <time>2019-11-12T12:52:15.000Z</time>
   </trkpt>
   <trkpt lat="-8.048042" lon="-34.889787">
    <ele>10.5</ele>
    <time>2019-11-12T12:52:17.000Z</time>
   </trkpt>
   <trkpt lat="-8.048075" lon="-34.889792">
    <ele>10.4</ele>
    <time>2019-11-12T12:52:18.000Z</time>
   </trkpt>
   <trkpt lat="-8.048104" lon="-34.889792">
    <ele>10.3</ele>
    <time>2019-11-12T12:52:19.000Z</time>
   </trkpt>
   <trkpt lat="-8.048146" lon="-34.889795">
    <ele>10.2</ele>
    <time>2019-11-12T12:52:20.000Z</time>
   </trkpt>
   <trkpt lat="-8.048189" lon="-34.889803">
    <ele>10.1</ele>
    <time>2019-11-12T12:52:21.000Z</time>
   </trkpt>
   <trkpt lat="-8.048221" lon="-34.889797">
    <ele>10.1</ele>
    <time>2019-11-12T12:52:22.000Z</time>
   </trkpt>
   <trkpt lat="-8.048258" lon="-34.889799">
    <ele>10.3</ele>
    <time>2019-11-12T12:52:23.000Z</time>
   </trkpt>
   <trkpt lat="-8.0483" lon="-34.889802">
    <ele>10.5</ele>
    <time>2019-11-12T12:52:24.000Z</time>
   </trkpt>
   <trkpt lat="-8.048336" lon="-34.889807">
    <ele>10.8</ele>
    <time>2019-11-12T12:52:25.000Z</time>
   </trkpt>
   <trkpt lat="-8.048368" lon="-34.889809">
    <ele>10.9</ele>
    <time>2019-11-12T12:52:26.000Z</time>
   </trkpt>
   <trkpt lat="-8.048404" lon="-34.889813">
    <ele>11.1</ele>
    <time>2019-11-12T12:52:27.000Z</time>
   </trkpt>
   <trkpt lat="-8.048441" lon="-34.88982">
    <ele>11.3</ele>
    <time>2019-11-12T12:52:28.000Z</time>
   </trkpt>
   <trkpt lat="-8.04848" lon="-34.889829">
    <ele>11.5</ele>
    <time>2019-11-12T12:52:29.000Z</time>
   </trkpt>
   <trkpt lat="-8.048527" lon="-34.889835">
    <ele>11.8</ele>
    <time>2019-11-12T12:52:30.000Z</time>
   </trkpt>
   <trkpt lat="-8.04858" lon="-34.889841">
    <ele>12</ele>
    <time>2019-11-12T12:52:31.000Z</time>
   </trkpt>
   <trkpt lat="-8.048623" lon="-34.889857">
    <ele>12.3</ele>
    <time>2019-11-12T12:52:32.000Z</time>
   </trkpt>
   <trkpt lat="-8.048673" lon="-34.889876">
    <ele>12.8</ele>
    <time>2019-11-12T12:52:33.000Z</time>
   </trkpt>
   <trkpt lat="-8.04871" lon="-34.889883">
    <ele>13.1</ele>
    <time>2019-11-12T12:52:34.000Z</time>
   </trkpt>
   <trkpt lat="-8.048745" lon="-34.889891">
    <ele>13.3</ele>
    <time>2019-11-12T12:52:35.000Z</time>
   </trkpt>
   <trkpt lat="-8.048786" lon="-34.889897">
    <ele>13.7</ele>
    <time>2019-11-12T12:52:36.000Z</time>
   </trkpt>
   <trkpt lat="-8.048853" lon="-34.889914">
    <ele>14.3</ele>
    <time>2019-11-12T12:52:38.000Z</time>
   </trkpt>
   <trkpt lat="-8.04889" lon="-34.889926">
    <ele>14.6</ele>
    <time>2019-11-12T12:52:39.000Z</time>
   </trkpt>
   <trkpt lat="-8.04893" lon="-34.889939">
    <ele>14.9</ele>
    <time>2019-11-12T12:52:40.000Z</time>
   </trkpt>
   <trkpt lat="-8.04897" lon="-34.88995">
    <ele>14.8</ele>
    <time>2019-11-12T12:52:41.000Z</time>
   </trkpt>
   <trkpt lat="-8.049012" lon="-34.889968">
    <ele>14.7</ele>
    <time>2019-11-12T12:52:42.000Z</time>
   </trkpt>
   <trkpt lat="-8.049051" lon="-34.889979">
    <ele>14.6</ele>
    <time>2019-11-12T12:52:43.000Z</time>
   </trkpt>
   <trkpt lat="-8.049082" lon="-34.889983">
    <ele>14.5</ele>
    <time>2019-11-12T12:52:44.000Z</time>
   </trkpt>
   <trkpt lat="-8.04912" lon="-34.889988">
    <ele>14.3</ele>
    <time>2019-11-12T12:52:45.000Z</time>
   </trkpt>
   <trkpt lat="-8.049158" lon="-34.889995">
    <ele>14.2</ele>
    <time>2019-11-12T12:52:46.000Z</time>
   </trkpt>
   <trkpt lat="-8.049206" lon="-34.890002">
    <ele>14</ele>
    <time>2019-11-12T12:52:47.000Z</time>
   </trkpt>
   <trkpt lat="-8.049248" lon="-34.890012">
    <ele>13.9</ele>
    <time>2019-11-12T12:52:48.000Z</time>
   </trkpt>
   <trkpt lat="-8.049286" lon="-34.89001">
    <ele>13.7</ele>
    <time>2019-11-12T12:52:49.000Z</time>
   </trkpt>
   <trkpt lat="-8.049332" lon="-34.890031">
    <ele>13.5</ele>
    <time>2019-11-12T12:52:50.000Z</time>
   </trkpt>
   <trkpt lat="-8.049385" lon="-34.890045">
    <ele>13.2</ele>
    <time>2019-11-12T12:52:51.000Z</time>
   </trkpt>
   <trkpt lat="-8.04944" lon="-34.890047">
    <ele>13</ele>
    <time>2019-11-12T12:52:52.000Z</time>
   </trkpt>
   <trkpt lat="-8.049503" lon="-34.89003">
    <ele>12.7</ele>
    <time>2019-11-12T12:52:53.000Z</time>
   </trkpt>
   <trkpt lat="-8.049558" lon="-34.89003">
    <ele>12.4</ele>
    <time>2019-11-12T12:52:54.000Z</time>
   </trkpt>
   <trkpt lat="-8.049611" lon="-34.890021">
    <ele>12.1</ele>
    <time>2019-11-12T12:52:55.000Z</time>
   </trkpt>
   <trkpt lat="-8.049658" lon="-34.890015">
    <ele>11.8</ele>
    <time>2019-11-12T12:52:56.000Z</time>
   </trkpt>
   <trkpt lat="-8.04971" lon="-34.890011">
    <ele>11.3</ele>
    <time>2019-11-12T12:52:57.000Z</time>
   </trkpt>
   <trkpt lat="-8.049761" lon="-34.890009">
    <ele>11.2</ele>
    <time>2019-11-12T12:52:58.000Z</time>
   </trkpt>
   <trkpt lat="-8.049814" lon="-34.890004">
    <ele>11.1</ele>
    <time>2019-11-12T12:52:59.000Z</time>
   </trkpt>
   <trkpt lat="-8.049872" lon="-34.890011">
    <ele>10.9</ele>
    <time>2019-11-12T12:53:00.000Z</time>
   </trkpt>
   <trkpt lat="-8.049925" lon="-34.890016">
    <ele>10.8</ele>
    <time>2019-11-12T12:53:01.000Z</time>
   </trkpt>
   <trkpt lat="-8.049968" lon="-34.890012">
    <ele>10.8</ele>
    <time>2019-11-12T12:53:02.000Z</time>
   </trkpt>
   <trkpt lat="-8.050016" lon="-34.890012">
    <ele>10.7</ele>
    <time>2019-11-12T12:53:03.000Z</time>
   </trkpt>
   <trkpt lat="-8.050065" lon="-34.890014">
    <ele>10.6</ele>
    <time>2019-11-12T12:53:04.000Z</time>
   </trkpt>
   <trkpt lat="-8.050107" lon="-34.890016">
    <ele>10.5</ele>
    <time>2019-11-12T12:53:05.000Z</time>
   </trkpt>
   <trkpt lat="-8.050138" lon="-34.890023">
    <ele>10.5</ele>
    <time>2019-11-12T12:53:06.000Z</time>
   </trkpt>
   <trkpt lat="-8.050184" lon="-34.890026">
    <ele>10.5</ele>
    <time>2019-11-12T12:53:07.000Z</time>
   </trkpt>
   <trkpt lat="-8.050209" lon="-34.890051">
    <ele>10.5</ele>
    <time>2019-11-12T12:53:08.000Z</time>
   </trkpt>
   <trkpt lat="-8.05021" lon="-34.890109">
    <ele>10.5</ele>
    <time>2019-11-12T12:53:10.000Z</time>
   </trkpt>
   <trkpt lat="-8.050198" lon="-34.890155">
    <ele>10.5</ele>
    <time>2019-11-12T12:53:11.000Z</time>
   </trkpt>
   <trkpt lat="-8.050202" lon="-34.890214">
    <ele>10.5</ele>
    <time>2019-11-12T12:53:12.000Z</time>
   </trkpt>
   <trkpt lat="-8.0502" lon="-34.890269">
    <ele>10.5</ele>
    <time>2019-11-12T12:53:13.000Z</time>
   </trkpt>
   <trkpt lat="-8.050189" lon="-34.89032">
    <ele>10.5</ele>
    <time>2019-11-12T12:53:14.000Z</time>
   </trkpt>
   <trkpt lat="-8.050178" lon="-34.89037">
    <ele>10.5</ele>
    <time>2019-11-12T12:53:15.000Z</time>
   </trkpt>
   <trkpt lat="-8.050185" lon="-34.890433">
    <ele>10.5</ele>
    <time>2019-11-12T12:53:16.000Z</time>
   </trkpt>
   <trkpt lat="-8.050183" lon="-34.890498">
    <ele>10.5</ele>
    <time>2019-11-12T12:53:17.000Z</time>
   </trkpt>
   <trkpt lat="-8.05018" lon="-34.890551">
    <ele>10.5</ele>
    <time>2019-11-12T12:53:18.000Z</time>
   </trkpt>
   <trkpt lat="-8.050178" lon="-34.890611">
    <ele>10.5</ele>
    <time>2019-11-12T12:53:19.000Z</time>
   </trkpt>
   <trkpt lat="-8.050177" lon="-34.890662">
    <ele>10.5</ele>
    <time>2019-11-12T12:53:20.000Z</time>
   </trkpt>
   <trkpt lat="-8.050174" lon="-34.890732">
    <ele>10.5</ele>
    <time>2019-11-12T12:53:21.000Z</time>
   </trkpt>
   <trkpt lat="-8.050176" lon="-34.890783">
    <ele>10.6</ele>
    <time>2019-11-12T12:53:22.000Z</time>
   </trkpt>
   <trkpt lat="-8.050152" lon="-34.890842">
    <ele>10.6</ele>
    <time>2019-11-12T12:53:23.000Z</time>
   </trkpt>
   <trkpt lat="-8.050145" lon="-34.8909">
    <ele>10.6</ele>
    <time>2019-11-12T12:53:24.000Z</time>
   </trkpt>
   <trkpt lat="-8.050134" lon="-34.890955">
    <ele>10.6</ele>
    <time>2019-11-12T12:53:25.000Z</time>
   </trkpt>
   <trkpt lat="-8.050131" lon="-34.891014">
    <ele>10.6</ele>
    <time>2019-11-12T12:53:26.000Z</time>
   </trkpt>
   <trkpt lat="-8.050127" lon="-34.891079">
    <ele>10.6</ele>
    <time>2019-11-12T12:53:27.000Z</time>
   </trkpt>
   <trkpt lat="-8.050121" lon="-34.891133">
    <ele>10.6</ele>
    <time>2019-11-12T12:53:28.000Z</time>
   </trkpt>
   <trkpt lat="-8.05011" lon="-34.89119">
    <ele>10.6</ele>
    <time>2019-11-12T12:53:29.000Z</time>
   </trkpt>
   <trkpt lat="-8.050104" lon="-34.891244">
    <ele>10.6</ele>
    <time>2019-11-12T12:53:30.000Z</time>
   </trkpt>
   <trkpt lat="-8.050099" lon="-34.8913">
    <ele>10.6</ele>
    <time>2019-11-12T12:53:31.000Z</time>
   </trkpt>
   <trkpt lat="-8.05009" lon="-34.891346">
    <ele>10.6</ele>
    <time>2019-11-12T12:53:32.000Z</time>
   </trkpt>
   <trkpt lat="-8.050087" lon="-34.891403">
    <ele>10.6</ele>
    <time>2019-11-12T12:53:33.000Z</time>
   </trkpt>
   <trkpt lat="-8.050079" lon="-34.891456">
    <ele>10.6</ele>
    <time>2019-11-12T12:53:34.000Z</time>
   </trkpt>
   <trkpt lat="-8.050065" lon="-34.891521">
    <ele>10.6</ele>
    <time>2019-11-12T12:53:35.000Z</time>
   </trkpt>
   <trkpt lat="-8.050059" lon="-34.89158">
    <ele>10.6</ele>
    <time>2019-11-12T12:53:36.000Z</time>
   </trkpt>
   <trkpt lat="-8.05006" lon="-34.891632">
    <ele>10.6</ele>
    <time>2019-11-12T12:53:37.000Z</time>
   </trkpt>
   <trkpt lat="-8.050064" lon="-34.891701">
    <ele>10.7</ele>
    <time>2019-11-12T12:53:38.000Z</time>
   </trkpt>
   <trkpt lat="-8.050054" lon="-34.891762">
    <ele>10.8</ele>
    <time>2019-11-12T12:53:39.000Z</time>
   </trkpt>
   <trkpt lat="-8.050037" lon="-34.891833">
    <ele>11</ele>
    <time>2019-11-12T12:53:40.000Z</time>
   </trkpt>
   <trkpt lat="-8.050026" lon="-34.891904">
    <ele>11.3</ele>
    <time>2019-11-12T12:53:41.000Z</time>
   </trkpt>
   <trkpt lat="-8.050011" lon="-34.891966">
    <ele>11.6</ele>
    <time>2019-11-12T12:53:42.000Z</time>
   </trkpt>
   <trkpt lat="-8.049976" lon="-34.89203">
    <ele>12</ele>
    <time>2019-11-12T12:53:43.000Z</time>
   </trkpt>
   <trkpt lat="-8.049941" lon="-34.892082">
    <ele>12.3</ele>
    <time>2019-11-12T12:53:44.000Z</time>
   </trkpt>
   <trkpt lat="-8.049905" lon="-34.892141">
    <ele>12.5</ele>
    <time>2019-11-12T12:53:45.000Z</time>
   </trkpt>
   <trkpt lat="-8.04986" lon="-34.892195">
    <ele>12.6</ele>
    <time>2019-11-12T12:53:46.000Z</time>
   </trkpt>
   <trkpt lat="-8.049818" lon="-34.892244">
    <ele>12.6</ele>
    <time>2019-11-12T12:53:47.000Z</time>
   </trkpt>
   <trkpt lat="-8.049777" lon="-34.89229">
    <ele>12.7</ele>
    <time>2019-11-12T12:53:48.000Z</time>
   </trkpt>
   <trkpt lat="-8.049734" lon="-34.892335">
    <ele>12.7</ele>
    <time>2019-11-12T12:53:49.000Z</time>
   </trkpt>
   <trkpt lat="-8.049696" lon="-34.892379">
    <ele>12.7</ele>
    <time>2019-11-12T12:53:50.000Z</time>
   </trkpt>
   <trkpt lat="-8.04966" lon="-34.892427">
    <ele>12.7</ele>
    <time>2019-11-12T12:53:51.000Z</time>
   </trkpt>
   <trkpt lat="-8.04963" lon="-34.89247">
    <ele>12.7</ele>
    <time>2019-11-12T12:53:52.000Z</time>
   </trkpt>
   <trkpt lat="-8.049593" lon="-34.892521">
    <ele>12.7</ele>
    <time>2019-11-12T12:53:53.000Z</time>
   </trkpt>
   <trkpt lat="-8.049553" lon="-34.892561">
    <ele>12.7</ele>
    <time>2019-11-12T12:53:54.000Z</time>
   </trkpt>
   <trkpt lat="-8.04952" lon="-34.892598">
    <ele>12.7</ele>
    <time>2019-11-12T12:53:55.000Z</time>
   </trkpt>
   <trkpt lat="-8.049483" lon="-34.892643">
    <ele>12.7</ele>
    <time>2019-11-12T12:53:56.000Z</time>
   </trkpt>
   <trkpt lat="-8.049448" lon="-34.892684">
    <ele>12.7</ele>
    <time>2019-11-12T12:53:57.000Z</time>
   </trkpt>
   <trkpt lat="-8.049399" lon="-34.892723">
    <ele>12.7</ele>
    <time>2019-11-12T12:53:58.000Z</time>
   </trkpt>
   <trkpt lat="-8.049365" lon="-34.892778">
    <ele>12.7</ele>
    <time>2019-11-12T12:53:59.000Z</time>
   </trkpt>
   <trkpt lat="-8.049329" lon="-34.892818">
    <ele>11.9</ele>
    <time>2019-11-12T12:54:00.000Z</time>
   </trkpt>
   <trkpt lat="-8.049311" lon="-34.892855">
    <ele>11.5</ele>
    <time>2019-11-12T12:54:01.000Z</time>
   </trkpt>
   <trkpt lat="-8.049314" lon="-34.892888">
    <ele>11.1</ele>
    <time>2019-11-12T12:54:02.000Z</time>
   </trkpt>
   <trkpt lat="-8.049336" lon="-34.892918">
    <ele>10.9</ele>
    <time>2019-11-12T12:54:03.000Z</time>
   </trkpt>
   <trkpt lat="-8.049388" lon="-34.89294">
    <ele>10.9</ele>
    <time>2019-11-12T12:54:04.000Z</time>
   </trkpt>
   <trkpt lat="-8.04944" lon="-34.892962">
    <ele>11</ele>
    <time>2019-11-12T12:54:05.000Z</time>
   </trkpt>
   <trkpt lat="-8.049497" lon="-34.89298">
    <ele>11.2</ele>
    <time>2019-11-12T12:54:06.000Z</time>
   </trkpt>
   <trkpt lat="-8.04956" lon="-34.893014">
    <ele>11.4</ele>
    <time>2019-11-12T12:54:07.000Z</time>
   </trkpt>
   <trkpt lat="-8.049613" lon="-34.89304">
    <ele>11.7</ele>
    <time>2019-11-12T12:54:08.000Z</time>
   </trkpt>
   <trkpt lat="-8.049665" lon="-34.893061">
    <ele>12</ele>
    <time>2019-11-12T12:54:09.000Z</time>
   </trkpt>
   <trkpt lat="-8.049711" lon="-34.893086">
    <ele>12.2</ele>
    <time>2019-11-12T12:54:10.000Z</time>
   </trkpt>
   <trkpt lat="-8.049761" lon="-34.893102">
    <ele>12.4</ele>
    <time>2019-11-12T12:54:11.000Z</time>
   </trkpt>
   <trkpt lat="-8.049821" lon="-34.893103">
    <ele>12.5</ele>
    <time>2019-11-12T12:54:12.000Z</time>
   </trkpt>
   <trkpt lat="-8.049878" lon="-34.893115">
    <ele>12.2</ele>
    <time>2019-11-12T12:54:13.000Z</time>
   </trkpt>
   <trkpt lat="-8.049929" lon="-34.893133">
    <ele>11.6</ele>
    <time>2019-11-12T12:54:14.000Z</time>
   </trkpt>
   <trkpt lat="-8.049979" lon="-34.893147">
    <ele>11</ele>
    <time>2019-11-12T12:54:15.000Z</time>
   </trkpt>
   <trkpt lat="-8.050028" lon="-34.893166">
    <ele>10.4</ele>
    <time>2019-11-12T12:54:16.000Z</time>
   </trkpt>
   <trkpt lat="-8.050075" lon="-34.893181">
    <ele>9.3</ele>
    <time>2019-11-12T12:54:17.000Z</time>
   </trkpt>
   <trkpt lat="-8.050114" lon="-34.893196">
    <ele>9.2</ele>
    <time>2019-11-12T12:54:18.000Z</time>
   </trkpt>
   <trkpt lat="-8.050159" lon="-34.893221">
    <ele>9</ele>
    <time>2019-11-12T12:54:19.000Z</time>
   </trkpt>
   <trkpt lat="-8.050199" lon="-34.893242">
    <ele>8.9</ele>
    <time>2019-11-12T12:54:20.000Z</time>
   </trkpt>
   <trkpt lat="-8.050242" lon="-34.893263">
    <ele>8.7</ele>
    <time>2019-11-12T12:54:21.000Z</time>
   </trkpt>
   <trkpt lat="-8.050282" lon="-34.893283">
    <ele>8.6</ele>
    <time>2019-11-12T12:54:22.000Z</time>
   </trkpt>
   <trkpt lat="-8.050329" lon="-34.893303">
    <ele>8.4</ele>
    <time>2019-11-12T12:54:23.000Z</time>
   </trkpt>
   <trkpt lat="-8.050383" lon="-34.893324">
    <ele>8.1</ele>
    <time>2019-11-12T12:54:24.000Z</time>
   </trkpt>
   <trkpt lat="-8.050432" lon="-34.89334">
    <ele>8</ele>
    <time>2019-11-12T12:54:25.000Z</time>
   </trkpt>
   <trkpt lat="-8.050492" lon="-34.893349">
    <ele>7.8</ele>
    <time>2019-11-12T12:54:26.000Z</time>
   </trkpt>
   <trkpt lat="-8.050546" lon="-34.893361">
    <ele>7.6</ele>
    <time>2019-11-12T12:54:27.000Z</time>
   </trkpt>
   <trkpt lat="-8.050592" lon="-34.893374">
    <ele>7.6</ele>
    <time>2019-11-12T12:54:28.000Z</time>
   </trkpt>
   <trkpt lat="-8.050634" lon="-34.893394">
    <ele>7.5</ele>
    <time>2019-11-12T12:54:29.000Z</time>
   </trkpt>
   <trkpt lat="-8.050679" lon="-34.893414">
    <ele>7.5</ele>
    <time>2019-11-12T12:54:30.000Z</time>
   </trkpt>
   <trkpt lat="-8.05072" lon="-34.89343">
    <ele>7.5</ele>
    <time>2019-11-12T12:54:31.000Z</time>
   </trkpt>
   <trkpt lat="-8.05077" lon="-34.893446">
    <ele>7.5</ele>
    <time>2019-11-12T12:54:32.000Z</time>
   </trkpt>
   <trkpt lat="-8.050821" lon="-34.893458">
    <ele>7.5</ele>
    <time>2019-11-12T12:54:33.000Z</time>
   </trkpt>
   <trkpt lat="-8.050866" lon="-34.893477">
    <ele>7.5</ele>
    <time>2019-11-12T12:54:34.000Z</time>
   </trkpt>
   <trkpt lat="-8.05091" lon="-34.893495">
    <ele>7.5</ele>
    <time>2019-11-12T12:54:35.000Z</time>
   </trkpt>
   <trkpt lat="-8.050937" lon="-34.893515">
    <ele>7.5</ele>
    <time>2019-11-12T12:54:36.000Z</time>
   </trkpt>
   <trkpt lat="-8.050965" lon="-34.893526">
    <ele>7.5</ele>
    <time>2019-11-12T12:54:37.000Z</time>
   </trkpt>
   <trkpt lat="-8.051" lon="-34.893549">
    <ele>7.5</ele>
    <time>2019-11-12T12:54:38.000Z</time>
   </trkpt>
   <trkpt lat="-8.051029" lon="-34.893567">
    <ele>7.5</ele>
    <time>2019-11-12T12:54:39.000Z</time>
   </trkpt>
   <trkpt lat="-8.051059" lon="-34.893585">
    <ele>7.6</ele>
    <time>2019-11-12T12:54:40.000Z</time>
   </trkpt>
   <trkpt lat="-8.051092" lon="-34.8936">
    <ele>7.6</ele>
    <time>2019-11-12T12:54:41.000Z</time>
   </trkpt>
   <trkpt lat="-8.05113" lon="-34.893613">
    <ele>7.6</ele>
    <time>2019-11-12T12:54:42.000Z</time>
   </trkpt>
   <trkpt lat="-8.051158" lon="-34.893627">
    <ele>7.6</ele>
    <time>2019-11-12T12:54:43.000Z</time>
   </trkpt>
   <trkpt lat="-8.051193" lon="-34.893645">
    <ele>7.6</ele>
    <time>2019-11-12T12:54:44.000Z</time>
   </trkpt>
   <trkpt lat="-8.051223" lon="-34.893659">
    <ele>7.6</ele>
    <time>2019-11-12T12:54:45.000Z</time>
   </trkpt>
   <trkpt lat="-8.051254" lon="-34.893669">
    <ele>7.6</ele>
    <time>2019-11-12T12:54:46.000Z</time>
   </trkpt>
   <trkpt lat="-8.051286" lon="-34.893679">
    <ele>7.6</ele>
    <time>2019-11-12T12:54:47.000Z</time>
   </trkpt>
   <trkpt lat="-8.051321" lon="-34.893687">
    <ele>7.6</ele>
    <time>2019-11-12T12:54:49.000Z</time>
   </trkpt>
   <trkpt lat="-8.051343" lon="-34.893706">
    <ele>7.6</ele>
    <time>2019-11-12T12:54:51.000Z</time>
   </trkpt>
   <trkpt lat="-8.051377" lon="-34.893724">
    <ele>7.6</ele>
    <time>2019-11-12T12:54:53.000Z</time>
   </trkpt>
   <trkpt lat="-8.051402" lon="-34.893739">
    <ele>7.7</ele>
    <time>2019-11-12T12:54:54.000Z</time>
   </trkpt>
   <trkpt lat="-8.051436" lon="-34.893751">
    <ele>7.7</ele>
    <time>2019-11-12T12:54:55.000Z</time>
   </trkpt>
   <trkpt lat="-8.05146" lon="-34.893774">
    <ele>7.7</ele>
    <time>2019-11-12T12:54:56.000Z</time>
   </trkpt>
   <trkpt lat="-8.051499" lon="-34.893793">
    <ele>7.7</ele>
    <time>2019-11-12T12:54:57.000Z</time>
   </trkpt>
   <trkpt lat="-8.051535" lon="-34.893811">
    <ele>7.7</ele>
    <time>2019-11-12T12:54:58.000Z</time>
   </trkpt>
   <trkpt lat="-8.051571" lon="-34.893827">
    <ele>7.7</ele>
    <time>2019-11-12T12:54:59.000Z</time>
   </trkpt>
   <trkpt lat="-8.051607" lon="-34.893837">
    <ele>8.6</ele>
    <time>2019-11-12T12:55:00.000Z</time>
   </trkpt>
   <trkpt lat="-8.051648" lon="-34.893843">
    <ele>9.2</ele>
    <time>2019-11-12T12:55:01.000Z</time>
   </trkpt>
   <trkpt lat="-8.051682" lon="-34.893858">
    <ele>9.7</ele>
    <time>2019-11-12T12:55:02.000Z</time>
   </trkpt>
   <trkpt lat="-8.051722" lon="-34.893869">
    <ele>10.3</ele>
    <time>2019-11-12T12:55:03.000Z</time>
   </trkpt>
   <trkpt lat="-8.051753" lon="-34.893865">
    <ele>10.7</ele>
    <time>2019-11-12T12:55:05.000Z</time>
   </trkpt>
   <trkpt lat="-8.051789" lon="-34.893834">
    <ele>11.4</ele>
    <time>2019-11-12T12:55:07.000Z</time>
   </trkpt>
   <trkpt lat="-8.05179" lon="-34.893804">
    <ele>11.8</ele>
    <time>2019-11-12T12:55:08.000Z</time>
   </trkpt>
   <trkpt lat="-8.051789" lon="-34.893776">
    <ele>12.2</ele>
    <time>2019-11-12T12:55:09.000Z</time>
   </trkpt>
   <trkpt lat="-8.051799" lon="-34.893743">
    <ele>12.7</ele>
    <time>2019-11-12T12:55:10.000Z</time>
   </trkpt>
   <trkpt lat="-8.05181" lon="-34.893708">
    <ele>12.7</ele>
    <time>2019-11-12T12:55:11.000Z</time>
   </trkpt>
   <trkpt lat="-8.051819" lon="-34.893668">
    <ele>12.7</ele>
    <time>2019-11-12T12:55:12.000Z</time>
   </trkpt>
   <trkpt lat="-8.051827" lon="-34.893634">
    <ele>12.7</ele>
    <time>2019-11-12T12:55:13.000Z</time>
   </trkpt>
   <trkpt lat="-8.051832" lon="-34.893598">
    <ele>12.7</ele>
    <time>2019-11-12T12:55:14.000Z</time>
   </trkpt>
   <trkpt lat="-8.051846" lon="-34.893564">
    <ele>12.6</ele>
    <time>2019-11-12T12:55:15.000Z</time>
   </trkpt>
   <trkpt lat="-8.051867" lon="-34.893532">
    <ele>12.6</ele>
    <time>2019-11-12T12:55:16.000Z</time>
   </trkpt>
   <trkpt lat="-8.05189" lon="-34.893497">
    <ele>12.6</ele>
    <time>2019-11-12T12:55:17.000Z</time>
   </trkpt>
   <trkpt lat="-8.051906" lon="-34.893463">
    <ele>12.6</ele>
    <time>2019-11-12T12:55:18.000Z</time>
   </trkpt>
   <trkpt lat="-8.051928" lon="-34.893429">
    <ele>12.6</ele>
    <time>2019-11-12T12:55:19.000Z</time>
   </trkpt>
   <trkpt lat="-8.051947" lon="-34.893394">
    <ele>12.6</ele>
    <time>2019-11-12T12:55:20.000Z</time>
   </trkpt>
   <trkpt lat="-8.051968" lon="-34.893352">
    <ele>12.3</ele>
    <time>2019-11-12T12:55:21.000Z</time>
   </trkpt>
   <trkpt lat="-8.051976" lon="-34.893308">
    <ele>12.1</ele>
    <time>2019-11-12T12:55:22.000Z</time>
   </trkpt>
   <trkpt lat="-8.051997" lon="-34.893272">
    <ele>11.8</ele>
    <time>2019-11-12T12:55:23.000Z</time>
   </trkpt>
   <trkpt lat="-8.052024" lon="-34.893236">
    <ele>11.5</ele>
    <time>2019-11-12T12:55:24.000Z</time>
   </trkpt>
   <trkpt lat="-8.052048" lon="-34.893202">
    <ele>11.2</ele>
    <time>2019-11-12T12:55:25.000Z</time>
   </trkpt>
   <trkpt lat="-8.052065" lon="-34.893167">
    <ele>11</ele>
    <time>2019-11-12T12:55:26.000Z</time>
   </trkpt>
   <trkpt lat="-8.052076" lon="-34.893131">
    <ele>10.8</ele>
    <time>2019-11-12T12:55:27.000Z</time>
   </trkpt>
   <trkpt lat="-8.052084" lon="-34.8931">
    <ele>10.7</ele>
    <time>2019-11-12T12:55:28.000Z</time>
   </trkpt>
   <trkpt lat="-8.052096" lon="-34.893069">
    <ele>10.5</ele>
    <time>2019-11-12T12:55:29.000Z</time>
   </trkpt>
   <trkpt lat="-8.052111" lon="-34.893035">
    <ele>10.3</ele>
    <time>2019-11-12T12:55:30.000Z</time>
   </trkpt>
   <trkpt lat="-8.052129" lon="-34.893001">
    <ele>10.2</ele>
    <time>2019-11-12T12:55:31.000Z</time>
   </trkpt>
   <trkpt lat="-8.052138" lon="-34.892972">
    <ele>10.1</ele>
    <time>2019-11-12T12:55:32.000Z</time>
   </trkpt>
   <trkpt lat="-8.052153" lon="-34.892931">
    <ele>10</ele>
    <time>2019-11-12T12:55:33.000Z</time>
   </trkpt>
   <trkpt lat="-8.052157" lon="-34.892887">
    <ele>9.8</ele>
    <time>2019-11-12T12:55:34.000Z</time>
   </trkpt>
   <trkpt lat="-8.052174" lon="-34.892852">
    <ele>9.7</ele>
    <time>2019-11-12T12:55:35.000Z</time>
   </trkpt>
   <trkpt lat="-8.052173" lon="-34.892809">
    <ele>9.6</ele>
    <time>2019-11-12T12:55:36.000Z</time>
   </trkpt>
   <trkpt lat="-8.052183" lon="-34.89277">
    <ele>9.4</ele>
    <time>2019-11-12T12:55:37.000Z</time>
   </trkpt>
   <trkpt lat="-8.052195" lon="-34.892733">
    <ele>9.2</ele>
    <time>2019-11-12T12:55:38.000Z</time>
   </trkpt>
   <trkpt lat="-8.052209" lon="-34.892697">
    <ele>9</ele>
    <time>2019-11-12T12:55:39.000Z</time>
   </trkpt>
   <trkpt lat="-8.052226" lon="-34.89266">
    <ele>8.7</ele>
    <time>2019-11-12T12:55:40.000Z</time>
   </trkpt>
   <trkpt lat="-8.052253" lon="-34.892625">
    <ele>8.6</ele>
    <time>2019-11-12T12:55:41.000Z</time>
   </trkpt>
   <trkpt lat="-8.052273" lon="-34.892578">
    <ele>8.9</ele>
    <time>2019-11-12T12:55:42.000Z</time>
   </trkpt>
   <trkpt lat="-8.052304" lon="-34.892543">
    <ele>9.1</ele>
    <time>2019-11-12T12:55:43.000Z</time>
   </trkpt>
   <trkpt lat="-8.052338" lon="-34.892508">
    <ele>9.4</ele>
    <time>2019-11-12T12:55:44.000Z</time>
   </trkpt>
   <trkpt lat="-8.052376" lon="-34.892456">
    <ele>9.8</ele>
    <time>2019-11-12T12:55:45.000Z</time>
   </trkpt>
   <trkpt lat="-8.052416" lon="-34.892428">
    <ele>10</ele>
    <time>2019-11-12T12:55:46.000Z</time>
   </trkpt>
   <trkpt lat="-8.05247" lon="-34.892393">
    <ele>10.4</ele>
    <time>2019-11-12T12:55:47.000Z</time>
   </trkpt>
   <trkpt lat="-8.052511" lon="-34.892366">
    <ele>10.7</ele>
    <time>2019-11-12T12:55:48.000Z</time>
   </trkpt>
   <trkpt lat="-8.052553" lon="-34.892345">
    <ele>11.1</ele>
    <time>2019-11-12T12:55:49.000Z</time>
   </trkpt>
   <trkpt lat="-8.052591" lon="-34.892321">
    <ele>11.5</ele>
    <time>2019-11-12T12:55:50.000Z</time>
   </trkpt>
   <trkpt lat="-8.052623" lon="-34.892292">
    <ele>11.4</ele>
    <time>2019-11-12T12:55:51.000Z</time>
   </trkpt>
   <trkpt lat="-8.052657" lon="-34.892273">
    <ele>11.3</ele>
    <time>2019-11-12T12:55:52.000Z</time>
   </trkpt>
   <trkpt lat="-8.052692" lon="-34.892247">
    <ele>11.1</ele>
    <time>2019-11-12T12:55:53.000Z</time>
   </trkpt>
   <trkpt lat="-8.052722" lon="-34.892222">
    <ele>11</ele>
    <time>2019-11-12T12:55:54.000Z</time>
   </trkpt>
   <trkpt lat="-8.052744" lon="-34.892201">
    <ele>10.9</ele>
    <time>2019-11-12T12:55:55.000Z</time>
   </trkpt>
   <trkpt lat="-8.05278" lon="-34.892181">
    <ele>10.7</ele>
    <time>2019-11-12T12:55:56.000Z</time>
   </trkpt>
   <trkpt lat="-8.052821" lon="-34.892165">
    <ele>10.4</ele>
    <time>2019-11-12T12:55:57.000Z</time>
   </trkpt>
   <trkpt lat="-8.052863" lon="-34.892169">
    <ele>10.2</ele>
    <time>2019-11-12T12:55:58.000Z</time>
   </trkpt>
   <trkpt lat="-8.052899" lon="-34.892169">
    <ele>9.9</ele>
    <time>2019-11-12T12:55:59.000Z</time>
   </trkpt>
   <trkpt lat="-8.052937" lon="-34.892159">
    <ele>9.7</ele>
    <time>2019-11-12T12:56:00.000Z</time>
   </trkpt>
   <trkpt lat="-8.05296" lon="-34.89214">
    <ele>9.5</ele>
    <time>2019-11-12T12:56:01.000Z</time>
   </trkpt>
   <trkpt lat="-8.052992" lon="-34.892131">
    <ele>9.3</ele>
    <time>2019-11-12T12:56:02.000Z</time>
   </trkpt>
   <trkpt lat="-8.053026" lon="-34.892119">
    <ele>9</ele>
    <time>2019-11-12T12:56:03.000Z</time>
   </trkpt>
   <trkpt lat="-8.053059" lon="-34.892099">
    <ele>8.9</ele>
    <time>2019-11-12T12:56:04.000Z</time>
   </trkpt>
   <trkpt lat="-8.053089" lon="-34.892083">
    <ele>9</ele>
    <time>2019-11-12T12:56:05.000Z</time>
   </trkpt>
   <trkpt lat="-8.053139" lon="-34.89208">
    <ele>9</ele>
    <time>2019-11-12T12:56:06.000Z</time>
   </trkpt>
   <trkpt lat="-8.053175" lon="-34.892062">
    <ele>9</ele>
    <time>2019-11-12T12:56:07.000Z</time>
   </trkpt>
   <trkpt lat="-8.053196" lon="-34.892039">
    <ele>9</ele>
    <time>2019-11-12T12:56:08.000Z</time>
   </trkpt>
   <trkpt lat="-8.053219" lon="-34.892015">
    <ele>9</ele>
    <time>2019-11-12T12:56:09.000Z</time>
   </trkpt>
   <trkpt lat="-8.05324" lon="-34.891997">
    <ele>9.1</ele>
    <time>2019-11-12T12:56:10.000Z</time>
   </trkpt>
   <trkpt lat="-8.053266" lon="-34.891987">
    <ele>9.1</ele>
    <time>2019-11-12T12:56:11.000Z</time>
   </trkpt>
   <trkpt lat="-8.053303" lon="-34.891973">
    <ele>9.1</ele>
    <time>2019-11-12T12:56:12.000Z</time>
   </trkpt>
   <trkpt lat="-8.05334" lon="-34.89197">
    <ele>9.1</ele>
    <time>2019-11-12T12:56:13.000Z</time>
   </trkpt>
   <trkpt lat="-8.053371" lon="-34.891972">
    <ele>9.1</ele>
    <time>2019-11-12T12:56:14.000Z</time>
   </trkpt>
   <trkpt lat="-8.053401" lon="-34.891965">
    <ele>9.1</ele>
    <time>2019-11-12T12:56:15.000Z</time>
   </trkpt>
   <trkpt lat="-8.053429" lon="-34.891942">
    <ele>9.1</ele>
    <time>2019-11-12T12:56:16.000Z</time>
   </trkpt>
   <trkpt lat="-8.053459" lon="-34.891921">
    <ele>9.2</ele>
    <time>2019-11-12T12:56:17.000Z</time>
   </trkpt>
   <trkpt lat="-8.05349" lon="-34.891898">
    <ele>9.4</ele>
    <time>2019-11-12T12:56:18.000Z</time>
   </trkpt>
   <trkpt lat="-8.053524" lon="-34.89188">
    <ele>9.6</ele>
    <time>2019-11-12T12:56:19.000Z</time>
   </trkpt>
   <trkpt lat="-8.053552" lon="-34.891866">
    <ele>9.8</ele>
    <time>2019-11-12T12:56:20.000Z</time>
   </trkpt>
   <trkpt lat="-8.053582" lon="-34.891857">
    <ele>10</ele>
    <time>2019-11-12T12:56:21.000Z</time>
   </trkpt>
   <trkpt lat="-8.053609" lon="-34.891839">
    <ele>10.2</ele>
    <time>2019-11-12T12:56:22.000Z</time>
   </trkpt>
   <trkpt lat="-8.053633" lon="-34.891807">
    <ele>10.4</ele>
    <time>2019-11-12T12:56:23.000Z</time>
   </trkpt>
   <trkpt lat="-8.053665" lon="-34.891769">
    <ele>10.7</ele>
    <time>2019-11-12T12:56:24.000Z</time>
   </trkpt>
   <trkpt lat="-8.053703" lon="-34.891739">
    <ele>10.9</ele>
    <time>2019-11-12T12:56:25.000Z</time>
   </trkpt>
   <trkpt lat="-8.053759" lon="-34.891715">
    <ele>11.1</ele>
    <time>2019-11-12T12:56:26.000Z</time>
   </trkpt>
   <trkpt lat="-8.053817" lon="-34.891677">
    <ele>11.3</ele>
    <time>2019-11-12T12:56:27.000Z</time>
   </trkpt>
   <trkpt lat="-8.05388" lon="-34.891645">
    <ele>11.5</ele>
    <time>2019-11-12T12:56:28.000Z</time>
   </trkpt>
   <trkpt lat="-8.053942" lon="-34.891616">
    <ele>11.5</ele>
    <time>2019-11-12T12:56:29.000Z</time>
   </trkpt>
   <trkpt lat="-8.053993" lon="-34.891589">
    <ele>11.6</ele>
    <time>2019-11-12T12:56:30.000Z</time>
   </trkpt>
   <trkpt lat="-8.054039" lon="-34.891557">
    <ele>11.6</ele>
    <time>2019-11-12T12:56:31.000Z</time>
   </trkpt>
   <trkpt lat="-8.05409" lon="-34.891523">
    <ele>11.7</ele>
    <time>2019-11-12T12:56:32.000Z</time>
   </trkpt>
   <trkpt lat="-8.054138" lon="-34.891502">
    <ele>11.8</ele>
    <time>2019-11-12T12:56:33.000Z</time>
   </trkpt>
   <trkpt lat="-8.054176" lon="-34.891478">
    <ele>11.8</ele>
    <time>2019-11-12T12:56:34.000Z</time>
   </trkpt>
   <trkpt lat="-8.054215" lon="-34.891462">
    <ele>11.9</ele>
    <time>2019-11-12T12:56:35.000Z</time>
   </trkpt>
   <trkpt lat="-8.054247" lon="-34.89145">
    <ele>11.9</ele>
    <time>2019-11-12T12:56:36.000Z</time>
   </trkpt>
   <trkpt lat="-8.054285" lon="-34.891426">
    <ele>11.9</ele>
    <time>2019-11-12T12:56:37.000Z</time>
   </trkpt>
   <trkpt lat="-8.054308" lon="-34.891382">
    <ele>12</ele>
    <time>2019-11-12T12:56:38.000Z</time>
   </trkpt>
   <trkpt lat="-8.054327" lon="-34.891346">
    <ele>12</ele>
    <time>2019-11-12T12:56:39.000Z</time>
   </trkpt>
   <trkpt lat="-8.054358" lon="-34.891324">
    <ele>12.1</ele>
    <time>2019-11-12T12:56:40.000Z</time>
   </trkpt>
   <trkpt lat="-8.054386" lon="-34.891318">
    <ele>12.1</ele>
    <time>2019-11-12T12:56:41.000Z</time>
   </trkpt>
   <trkpt lat="-8.054451" lon="-34.891324">
    <ele>12.2</ele>
    <time>2019-11-12T12:56:43.000Z</time>
   </trkpt>
   <trkpt lat="-8.054488" lon="-34.891347">
    <ele>12.2</ele>
    <time>2019-11-12T12:56:44.000Z</time>
   </trkpt>
   <trkpt lat="-8.054532" lon="-34.891368">
    <ele>12.2</ele>
    <time>2019-11-12T12:56:45.000Z</time>
   </trkpt>
   <trkpt lat="-8.054575" lon="-34.891378">
    <ele>12.3</ele>
    <time>2019-11-12T12:56:46.000Z</time>
   </trkpt>
   <trkpt lat="-8.05462" lon="-34.891391">
    <ele>12.3</ele>
    <time>2019-11-12T12:56:47.000Z</time>
   </trkpt>
   <trkpt lat="-8.05465" lon="-34.891409">
    <ele>12.4</ele>
    <time>2019-11-12T12:56:48.000Z</time>
   </trkpt>
   <trkpt lat="-8.054699" lon="-34.891436">
    <ele>12.5</ele>
    <time>2019-11-12T12:56:49.000Z</time>
   </trkpt>
   <trkpt lat="-8.054736" lon="-34.89146">
    <ele>12.6</ele>
    <time>2019-11-12T12:56:50.000Z</time>
   </trkpt>
   <trkpt lat="-8.05477" lon="-34.891509">
    <ele>12.6</ele>
    <time>2019-11-12T12:56:51.000Z</time>
   </trkpt>
   <trkpt lat="-8.054808" lon="-34.891522">
    <ele>12.7</ele>
    <time>2019-11-12T12:56:52.000Z</time>
   </trkpt>
   <trkpt lat="-8.054848" lon="-34.89155">
    <ele>12.7</ele>
    <time>2019-11-12T12:56:53.000Z</time>
   </trkpt>
   <trkpt lat="-8.054899" lon="-34.891582">
    <ele>12.8</ele>
    <time>2019-11-12T12:56:54.000Z</time>
   </trkpt>
   <trkpt lat="-8.054951" lon="-34.891603">
    <ele>12.9</ele>
    <time>2019-11-12T12:56:55.000Z</time>
   </trkpt>
   <trkpt lat="-8.054986" lon="-34.891644">
    <ele>12.9</ele>
    <time>2019-11-12T12:56:56.000Z</time>
   </trkpt>
   <trkpt lat="-8.05502" lon="-34.891683">
    <ele>13</ele>
    <time>2019-11-12T12:56:57.000Z</time>
   </trkpt>
   <trkpt lat="-8.055053" lon="-34.89171">
    <ele>13</ele>
    <time>2019-11-12T12:56:58.000Z</time>
   </trkpt>
   <trkpt lat="-8.055084" lon="-34.89174">
    <ele>13</ele>
    <time>2019-11-12T12:56:59.000Z</time>
   </trkpt>
   <trkpt lat="-8.055126" lon="-34.891772">
    <ele>13.1</ele>
    <time>2019-11-12T12:57:00.000Z</time>
   </trkpt>
   <trkpt lat="-8.055163" lon="-34.891794">
    <ele>13.1</ele>
    <time>2019-11-12T12:57:01.000Z</time>
   </trkpt>
   <trkpt lat="-8.055193" lon="-34.891821">
    <ele>13.1</ele>
    <time>2019-11-12T12:57:02.000Z</time>
   </trkpt>
   <trkpt lat="-8.055227" lon="-34.891846">
    <ele>13.2</ele>
    <time>2019-11-12T12:57:03.000Z</time>
   </trkpt>
   <trkpt lat="-8.055266" lon="-34.891864">
    <ele>13.2</ele>
    <time>2019-11-12T12:57:04.000Z</time>
   </trkpt>
   <trkpt lat="-8.0553" lon="-34.891884">
    <ele>13.3</ele>
    <time>2019-11-12T12:57:05.000Z</time>
   </trkpt>
   <trkpt lat="-8.055336" lon="-34.891913">
    <ele>13.3</ele>
    <time>2019-11-12T12:57:06.000Z</time>
   </trkpt>
   <trkpt lat="-8.055362" lon="-34.891935">
    <ele>13.3</ele>
    <time>2019-11-12T12:57:07.000Z</time>
   </trkpt>
   <trkpt lat="-8.055394" lon="-34.891957">
    <ele>13.4</ele>
    <time>2019-11-12T12:57:08.000Z</time>
   </trkpt>
   <trkpt lat="-8.055424" lon="-34.891975">
    <ele>13.4</ele>
    <time>2019-11-12T12:57:09.000Z</time>
   </trkpt>
   <trkpt lat="-8.055468" lon="-34.891995">
    <ele>13.5</ele>
    <time>2019-11-12T12:57:10.000Z</time>
   </trkpt>
   <trkpt lat="-8.055496" lon="-34.892012">
    <ele>13.5</ele>
    <time>2019-11-12T12:57:11.000Z</time>
   </trkpt>
   <trkpt lat="-8.055527" lon="-34.892023">
    <ele>13.6</ele>
    <time>2019-11-12T12:57:12.000Z</time>
   </trkpt>
   <trkpt lat="-8.05556" lon="-34.892037">
    <ele>13.7</ele>
    <time>2019-11-12T12:57:13.000Z</time>
   </trkpt>
   <trkpt lat="-8.055597" lon="-34.892055">
    <ele>13.7</ele>
    <time>2019-11-12T12:57:14.000Z</time>
   </trkpt>
   <trkpt lat="-8.055631" lon="-34.892068">
    <ele>13.8</ele>
    <time>2019-11-12T12:57:15.000Z</time>
   </trkpt>
   <trkpt lat="-8.05567" lon="-34.89209">
    <ele>13.8</ele>
    <time>2019-11-12T12:57:17.000Z</time>
   </trkpt>
   <trkpt lat="-8.055692" lon="-34.892109">
    <ele>13.8</ele>
    <time>2019-11-12T12:57:21.000Z</time>
   </trkpt>
   <trkpt lat="-8.055708" lon="-34.892135">
    <ele>13.8</ele>
    <time>2019-11-12T12:57:26.000Z</time>
   </trkpt>
   <trkpt lat="-8.055729" lon="-34.892161">
    <ele>13.9</ele>
    <time>2019-11-12T12:57:29.000Z</time>
   </trkpt>
   <trkpt lat="-8.05577" lon="-34.892164">
    <ele>13.4</ele>
    <time>2019-11-12T12:57:31.000Z</time>
   </trkpt>
   <trkpt lat="-8.055808" lon="-34.892152">
    <ele>13.2</ele>
    <time>2019-11-12T12:57:33.000Z</time>
   </trkpt>
   <trkpt lat="-8.055835" lon="-34.89216">
    <ele>13</ele>
    <time>2019-11-12T12:57:35.000Z</time>
   </trkpt>
   <trkpt lat="-8.055861" lon="-34.892177">
    <ele>12.8</ele>
    <time>2019-11-12T12:57:37.000Z</time>
   </trkpt>
   <trkpt lat="-8.05589" lon="-34.892191">
    <ele>12.6</ele>
    <time>2019-11-12T12:57:38.000Z</time>
   </trkpt>
   <trkpt lat="-8.055921" lon="-34.892203">
    <ele>12.4</ele>
    <time>2019-11-12T12:57:39.000Z</time>
   </trkpt>
   <trkpt lat="-8.055963" lon="-34.892228">
    <ele>12.1</ele>
    <time>2019-11-12T12:57:41.000Z</time>
   </trkpt>
   <trkpt lat="-8.055989" lon="-34.892243">
    <ele>12</ele>
    <time>2019-11-12T12:57:42.000Z</time>
   </trkpt>
   <trkpt lat="-8.056021" lon="-34.892258">
    <ele>11.8</ele>
    <time>2019-11-12T12:57:43.000Z</time>
   </trkpt>
   <trkpt lat="-8.056049" lon="-34.892278">
    <ele>11.6</ele>
    <time>2019-11-12T12:57:44.000Z</time>
   </trkpt>
   <trkpt lat="-8.056085" lon="-34.892294">
    <ele>11.5</ele>
    <time>2019-11-12T12:57:45.000Z</time>
   </trkpt>
   <trkpt lat="-8.056107" lon="-34.892318">
    <ele>11.3</ele>
    <time>2019-11-12T12:57:46.000Z</time>
   </trkpt>
   <trkpt lat="-8.056143" lon="-34.892333">
    <ele>11.1</ele>
    <time>2019-11-12T12:57:47.000Z</time>
   </trkpt>
   <trkpt lat="-8.056175" lon="-34.892343">
    <ele>11</ele>
    <time>2019-11-12T12:57:48.000Z</time>
   </trkpt>
   <trkpt lat="-8.056204" lon="-34.892356">
    <ele>10.8</ele>
    <time>2019-11-12T12:57:49.000Z</time>
   </trkpt>
   <trkpt lat="-8.056234" lon="-34.892377">
    <ele>10.6</ele>
    <time>2019-11-12T12:57:50.000Z</time>
   </trkpt>
   <trkpt lat="-8.056262" lon="-34.8924">
    <ele>10.5</ele>
    <time>2019-11-12T12:57:51.000Z</time>
   </trkpt>
   <trkpt lat="-8.056301" lon="-34.892435">
    <ele>10.2</ele>
    <time>2019-11-12T12:57:52.000Z</time>
   </trkpt>
   <trkpt lat="-8.056323" lon="-34.892468">
    <ele>10</ele>
    <time>2019-11-12T12:57:53.000Z</time>
   </trkpt>
   <trkpt lat="-8.056352" lon="-34.892497">
    <ele>9.9</ele>
    <time>2019-11-12T12:57:54.000Z</time>
   </trkpt>
   <trkpt lat="-8.056383" lon="-34.89252">
    <ele>9.7</ele>
    <time>2019-11-12T12:57:55.000Z</time>
   </trkpt>
   <trkpt lat="-8.056416" lon="-34.892541">
    <ele>9.6</ele>
    <time>2019-11-12T12:57:56.000Z</time>
   </trkpt>
   <trkpt lat="-8.056447" lon="-34.892563">
    <ele>9.5</ele>
    <time>2019-11-12T12:57:57.000Z</time>
   </trkpt>
   <trkpt lat="-8.056482" lon="-34.892587">
    <ele>9.4</ele>
    <time>2019-11-12T12:57:58.000Z</time>
   </trkpt>
   <trkpt lat="-8.056541" lon="-34.892605">
    <ele>9.2</ele>
    <time>2019-11-12T12:57:59.000Z</time>
   </trkpt>
   <trkpt lat="-8.056591" lon="-34.892622">
    <ele>9.1</ele>
    <time>2019-11-12T12:58:00.000Z</time>
   </trkpt>
   <trkpt lat="-8.056656" lon="-34.892642">
    <ele>8.9</ele>
    <time>2019-11-12T12:58:01.000Z</time>
   </trkpt>
   <trkpt lat="-8.05671" lon="-34.892656">
    <ele>8.6</ele>
    <time>2019-11-12T12:58:02.000Z</time>
   </trkpt>
   <trkpt lat="-8.056762" lon="-34.892669">
    <ele>8.5</ele>
    <time>2019-11-12T12:58:03.000Z</time>
   </trkpt>
   <trkpt lat="-8.056804" lon="-34.892678">
    <ele>8.4</ele>
    <time>2019-11-12T12:58:04.000Z</time>
   </trkpt>
   <trkpt lat="-8.056848" lon="-34.892687">
    <ele>8.4</ele>
    <time>2019-11-12T12:58:05.000Z</time>
   </trkpt>
   <trkpt lat="-8.056891" lon="-34.892693">
    <ele>8.3</ele>
    <time>2019-11-12T12:58:06.000Z</time>
   </trkpt>
   <trkpt lat="-8.05694" lon="-34.892713">
    <ele>8.2</ele>
    <time>2019-11-12T12:58:07.000Z</time>
   </trkpt>
   <trkpt lat="-8.056999" lon="-34.892734">
    <ele>8</ele>
    <time>2019-11-12T12:58:08.000Z</time>
   </trkpt>
   <trkpt lat="-8.057053" lon="-34.89275">
    <ele>7.9</ele>
    <time>2019-11-12T12:58:09.000Z</time>
   </trkpt>
   <trkpt lat="-8.057113" lon="-34.892756">
    <ele>7.8</ele>
    <time>2019-11-12T12:58:10.000Z</time>
   </trkpt>
   <trkpt lat="-8.057176" lon="-34.892766">
    <ele>7.8</ele>
    <time>2019-11-12T12:58:11.000Z</time>
   </trkpt>
   <trkpt lat="-8.057233" lon="-34.892777">
    <ele>7.7</ele>
    <time>2019-11-12T12:58:12.000Z</time>
   </trkpt>
   <trkpt lat="-8.057298" lon="-34.892781">
    <ele>7.7</ele>
    <time>2019-11-12T12:58:13.000Z</time>
   </trkpt>
   <trkpt lat="-8.05735" lon="-34.892792">
    <ele>7.7</ele>
    <time>2019-11-12T12:58:14.000Z</time>
   </trkpt>
   <trkpt lat="-8.057405" lon="-34.8928">
    <ele>7.7</ele>
    <time>2019-11-12T12:58:15.000Z</time>
   </trkpt>
   <trkpt lat="-8.057463" lon="-34.892808">
    <ele>7.7</ele>
    <time>2019-11-12T12:58:16.000Z</time>
   </trkpt>
   <trkpt lat="-8.05752" lon="-34.892815">
    <ele>7.7</ele>
    <time>2019-11-12T12:58:17.000Z</time>
   </trkpt>
   <trkpt lat="-8.057572" lon="-34.892822">
    <ele>7.7</ele>
    <time>2019-11-12T12:58:18.000Z</time>
   </trkpt>
   <trkpt lat="-8.057625" lon="-34.892827">
    <ele>7.7</ele>
    <time>2019-11-12T12:58:19.000Z</time>
   </trkpt>
   <trkpt lat="-8.057674" lon="-34.89284">
    <ele>7.7</ele>
    <time>2019-11-12T12:58:20.000Z</time>
   </trkpt>
   <trkpt lat="-8.057729" lon="-34.892849">
    <ele>7.7</ele>
    <time>2019-11-12T12:58:21.000Z</time>
   </trkpt>
   <trkpt lat="-8.057785" lon="-34.892864">
    <ele>7.7</ele>
    <time>2019-11-12T12:58:22.000Z</time>
   </trkpt>
   <trkpt lat="-8.057841" lon="-34.892876">
    <ele>7.7</ele>
    <time>2019-11-12T12:58:23.000Z</time>
   </trkpt>
   <trkpt lat="-8.057893" lon="-34.892884">
    <ele>7.7</ele>
    <time>2019-11-12T12:58:24.000Z</time>
   </trkpt>
   <trkpt lat="-8.057944" lon="-34.892893">
    <ele>7.7</ele>
    <time>2019-11-12T12:58:25.000Z</time>
   </trkpt>
   <trkpt lat="-8.057997" lon="-34.892903">
    <ele>7.7</ele>
    <time>2019-11-12T12:58:26.000Z</time>
   </trkpt>
   <trkpt lat="-8.05805" lon="-34.892906">
    <ele>7.7</ele>
    <time>2019-11-12T12:58:27.000Z</time>
   </trkpt>
   <trkpt lat="-8.058101" lon="-34.89291">
    <ele>7.7</ele>
    <time>2019-11-12T12:58:28.000Z</time>
   </trkpt>
   <trkpt lat="-8.05815" lon="-34.89292">
    <ele>7.7</ele>
    <time>2019-11-12T12:58:29.000Z</time>
   </trkpt>
   <trkpt lat="-8.058188" lon="-34.892937">
    <ele>7.9</ele>
    <time>2019-11-12T12:58:30.000Z</time>
   </trkpt>
   <trkpt lat="-8.058225" lon="-34.892949">
    <ele>8</ele>
    <time>2019-11-12T12:58:31.000Z</time>
   </trkpt>
   <trkpt lat="-8.058266" lon="-34.89295">
    <ele>8.1</ele>
    <time>2019-11-12T12:58:32.000Z</time>
   </trkpt>
   <trkpt lat="-8.058326" lon="-34.892953">
    <ele>8.3</ele>
    <time>2019-11-12T12:58:33.000Z</time>
   </trkpt>
   <trkpt lat="-8.05838" lon="-34.892954">
    <ele>8.4</ele>
    <time>2019-11-12T12:58:34.000Z</time>
   </trkpt>
   <trkpt lat="-8.058432" lon="-34.892951">
    <ele>8.5</ele>
    <time>2019-11-12T12:58:35.000Z</time>
   </trkpt>
   <trkpt lat="-8.058486" lon="-34.892947">
    <ele>8.6</ele>
    <time>2019-11-12T12:58:36.000Z</time>
   </trkpt>
   <trkpt lat="-8.058538" lon="-34.892954">
    <ele>8.7</ele>
    <time>2019-11-12T12:58:37.000Z</time>
   </trkpt>
   <trkpt lat="-8.058587" lon="-34.892965">
    <ele>8.7</ele>
    <time>2019-11-12T12:58:38.000Z</time>
   </trkpt>
   <trkpt lat="-8.058623" lon="-34.89297">
    <ele>8.7</ele>
    <time>2019-11-12T12:58:39.000Z</time>
   </trkpt>
   <trkpt lat="-8.058651" lon="-34.892975">
    <ele>8.8</ele>
    <time>2019-11-12T12:58:40.000Z</time>
   </trkpt>
   <trkpt lat="-8.058683" lon="-34.892984">
    <ele>8.8</ele>
    <time>2019-11-12T12:58:41.000Z</time>
   </trkpt>
   <trkpt lat="-8.058718" lon="-34.89299">
    <ele>8.8</ele>
    <time>2019-11-12T12:58:42.000Z</time>
   </trkpt>
   <trkpt lat="-8.058789" lon="-34.893005">
    <ele>8.9</ele>
    <time>2019-11-12T12:58:44.000Z</time>
   </trkpt>
   <trkpt lat="-8.058826" lon="-34.893013">
    <ele>8.9</ele>
    <time>2019-11-12T12:58:45.000Z</time>
   </trkpt>
   <trkpt lat="-8.058871" lon="-34.893013">
    <ele>8.9</ele>
    <time>2019-11-12T12:58:46.000Z</time>
   </trkpt>
   <trkpt lat="-8.058909" lon="-34.893024">
    <ele>8.9</ele>
    <time>2019-11-12T12:58:47.000Z</time>
   </trkpt>
   <trkpt lat="-8.058944" lon="-34.893039">
    <ele>9</ele>
    <time>2019-11-12T12:58:48.000Z</time>
   </trkpt>
   <trkpt lat="-8.058973" lon="-34.893059">
    <ele>9.1</ele>
    <time>2019-11-12T12:58:49.000Z</time>
   </trkpt>
   <trkpt lat="-8.059007" lon="-34.893099">
    <ele>9.2</ele>
    <time>2019-11-12T12:58:51.000Z</time>
   </trkpt>
   <trkpt lat="-8.059031" lon="-34.893114">
    <ele>9.3</ele>
    <time>2019-11-12T12:58:52.000Z</time>
   </trkpt>
   <trkpt lat="-8.059062" lon="-34.893146">
    <ele>9.4</ele>
    <time>2019-11-12T12:58:54.000Z</time>
   </trkpt>
   <trkpt lat="-8.059069" lon="-34.893177">
    <ele>9.5</ele>
    <time>2019-11-12T12:58:55.000Z</time>
   </trkpt>
   <trkpt lat="-8.059071" lon="-34.893208">
    <ele>9.6</ele>
    <time>2019-11-12T12:58:56.000Z</time>
   </trkpt>
   <trkpt lat="-8.059072" lon="-34.893248">
    <ele>9.6</ele>
    <time>2019-11-12T12:58:57.000Z</time>
   </trkpt>
   <trkpt lat="-8.059087" lon="-34.893295">
    <ele>9.7</ele>
    <time>2019-11-12T12:58:58.000Z</time>
   </trkpt>
   <trkpt lat="-8.059094" lon="-34.893341">
    <ele>9.8</ele>
    <time>2019-11-12T12:58:59.000Z</time>
   </trkpt>
   <trkpt lat="-8.059125" lon="-34.893381">
    <ele>9.9</ele>
    <time>2019-11-12T12:59:00.000Z</time>
   </trkpt>
   <trkpt lat="-8.059156" lon="-34.893414">
    <ele>9.9</ele>
    <time>2019-11-12T12:59:01.000Z</time>
   </trkpt>
   <trkpt lat="-8.059185" lon="-34.89346">
    <ele>10</ele>
    <time>2019-11-12T12:59:02.000Z</time>
   </trkpt>
   <trkpt lat="-8.059195" lon="-34.893509">
    <ele>10</ele>
    <time>2019-11-12T12:59:03.000Z</time>
   </trkpt>
   <trkpt lat="-8.059229" lon="-34.893551">
    <ele>10</ele>
    <time>2019-11-12T12:59:04.000Z</time>
   </trkpt>
   <trkpt lat="-8.059235" lon="-34.893601">
    <ele>10</ele>
    <time>2019-11-12T12:59:05.000Z</time>
   </trkpt>
   <trkpt lat="-8.059253" lon="-34.893652">
    <ele>10</ele>
    <time>2019-11-12T12:59:06.000Z</time>
   </trkpt>
   <trkpt lat="-8.059276" lon="-34.893709">
    <ele>9.9</ele>
    <time>2019-11-12T12:59:07.000Z</time>
   </trkpt>
   <trkpt lat="-8.059303" lon="-34.89376">
    <ele>9.9</ele>
    <time>2019-11-12T12:59:08.000Z</time>
   </trkpt>
   <trkpt lat="-8.059338" lon="-34.893804">
    <ele>9.8</ele>
    <time>2019-11-12T12:59:09.000Z</time>
   </trkpt>
   <trkpt lat="-8.05936" lon="-34.893857">
    <ele>9.7</ele>
    <time>2019-11-12T12:59:10.000Z</time>
   </trkpt>
   <trkpt lat="-8.059393" lon="-34.893907">
    <ele>9.6</ele>
    <time>2019-11-12T12:59:11.000Z</time>
   </trkpt>
   <trkpt lat="-8.059418" lon="-34.893953">
    <ele>9.4</ele>
    <time>2019-11-12T12:59:12.000Z</time>
   </trkpt>
   <trkpt lat="-8.059439" lon="-34.893992">
    <ele>9.3</ele>
    <time>2019-11-12T12:59:13.000Z</time>
   </trkpt>
   <trkpt lat="-8.059469" lon="-34.89403">
    <ele>9.2</ele>
    <time>2019-11-12T12:59:14.000Z</time>
   </trkpt>
   <trkpt lat="-8.059506" lon="-34.894066">
    <ele>9.3</ele>
    <time>2019-11-12T12:59:15.000Z</time>
   </trkpt>
   <trkpt lat="-8.059525" lon="-34.894107">
    <ele>9.3</ele>
    <time>2019-11-12T12:59:16.000Z</time>
   </trkpt>
   <trkpt lat="-8.059555" lon="-34.894144">
    <ele>9.3</ele>
    <time>2019-11-12T12:59:17.000Z</time>
   </trkpt>
   <trkpt lat="-8.059577" lon="-34.894174">
    <ele>9.4</ele>
    <time>2019-11-12T12:59:18.000Z</time>
   </trkpt>
   <trkpt lat="-8.059611" lon="-34.894211">
    <ele>9.4</ele>
    <time>2019-11-12T12:59:19.000Z</time>
   </trkpt>
   <trkpt lat="-8.059642" lon="-34.894246">
    <ele>9.5</ele>
    <time>2019-11-12T12:59:20.000Z</time>
   </trkpt>
   <trkpt lat="-8.059693" lon="-34.894275">
    <ele>9.5</ele>
    <time>2019-11-12T12:59:21.000Z</time>
   </trkpt>
   <trkpt lat="-8.059741" lon="-34.894305">
    <ele>9.6</ele>
    <time>2019-11-12T12:59:22.000Z</time>
   </trkpt>
   <trkpt lat="-8.059783" lon="-34.894327">
    <ele>9.7</ele>
    <time>2019-11-12T12:59:23.000Z</time>
   </trkpt>
   <trkpt lat="-8.05982" lon="-34.894353">
    <ele>9.7</ele>
    <time>2019-11-12T12:59:24.000Z</time>
   </trkpt>
   <trkpt lat="-8.059863" lon="-34.894384">
    <ele>9.8</ele>
    <time>2019-11-12T12:59:25.000Z</time>
   </trkpt>
   <trkpt lat="-8.059903" lon="-34.89439">
    <ele>9.8</ele>
    <time>2019-11-12T12:59:26.000Z</time>
   </trkpt>
   <trkpt lat="-8.059947" lon="-34.894415">
    <ele>9.6</ele>
    <time>2019-11-12T12:59:27.000Z</time>
   </trkpt>
   <trkpt lat="-8.059983" lon="-34.894448">
    <ele>9.4</ele>
    <time>2019-11-12T12:59:28.000Z</time>
   </trkpt>
   <trkpt lat="-8.060018" lon="-34.894483">
    <ele>9.2</ele>
    <time>2019-11-12T12:59:29.000Z</time>
   </trkpt>
   <trkpt lat="-8.060046" lon="-34.894512">
    <ele>9</ele>
    <time>2019-11-12T12:59:30.000Z</time>
   </trkpt>
   <trkpt lat="-8.060075" lon="-34.894538">
    <ele>8.8</ele>
    <time>2019-11-12T12:59:31.000Z</time>
   </trkpt>
   <trkpt lat="-8.060107" lon="-34.894566">
    <ele>8.7</ele>
    <time>2019-11-12T12:59:32.000Z</time>
   </trkpt>
   <trkpt lat="-8.060152" lon="-34.894583">
    <ele>8.4</ele>
    <time>2019-11-12T12:59:33.000Z</time>
   </trkpt>
   <trkpt lat="-8.060198" lon="-34.894618">
    <ele>8.2</ele>
    <time>2019-11-12T12:59:34.000Z</time>
   </trkpt>
   <trkpt lat="-8.060249" lon="-34.894659">
    <ele>7.9</ele>
    <time>2019-11-12T12:59:35.000Z</time>
   </trkpt>
   <trkpt lat="-8.060292" lon="-34.894698">
    <ele>7.7</ele>
    <time>2019-11-12T12:59:36.000Z</time>
   </trkpt>
   <trkpt lat="-8.06033" lon="-34.89473">
    <ele>7.5</ele>
    <time>2019-11-12T12:59:37.000Z</time>
   </trkpt>
   <trkpt lat="-8.060378" lon="-34.894769">
    <ele>7.2</ele>
    <time>2019-11-12T12:59:38.000Z</time>
   </trkpt>
   <trkpt lat="-8.060419" lon="-34.894799">
    <ele>7</ele>
    <time>2019-11-12T12:59:39.000Z</time>
   </trkpt>
   <trkpt lat="-8.060462" lon="-34.894822">
    <ele>6.8</ele>
    <time>2019-11-12T12:59:40.000Z</time>
   </trkpt>
   <trkpt lat="-8.060507" lon="-34.894846">
    <ele>6.5</ele>
    <time>2019-11-12T12:59:41.000Z</time>
   </trkpt>
   <trkpt lat="-8.060561" lon="-34.894857">
    <ele>6.3</ele>
    <time>2019-11-12T12:59:42.000Z</time>
   </trkpt>
   <trkpt lat="-8.060617" lon="-34.894851">
    <ele>6</ele>
    <time>2019-11-12T12:59:43.000Z</time>
   </trkpt>
   <trkpt lat="-8.060678" lon="-34.894862">
    <ele>6.4</ele>
    <time>2019-11-12T12:59:44.000Z</time>
   </trkpt>
   <trkpt lat="-8.060737" lon="-34.894871">
    <ele>6.6</ele>
    <time>2019-11-12T12:59:45.000Z</time>
   </trkpt>
   <trkpt lat="-8.060799" lon="-34.894871">
    <ele>6.8</ele>
    <time>2019-11-12T12:59:46.000Z</time>
   </trkpt>
   <trkpt lat="-8.060866" lon="-34.894868">
    <ele>7.2</ele>
    <time>2019-11-12T12:59:47.000Z</time>
   </trkpt>
   <trkpt lat="-8.060921" lon="-34.894871">
    <ele>7.5</ele>
    <time>2019-11-12T12:59:48.000Z</time>
   </trkpt>
   <trkpt lat="-8.060976" lon="-34.894865">
    <ele>7.8</ele>
    <time>2019-11-12T12:59:49.000Z</time>
   </trkpt>
   <trkpt lat="-8.061025" lon="-34.894869">
    <ele>7.9</ele>
    <time>2019-11-12T12:59:50.000Z</time>
   </trkpt>
   <trkpt lat="-8.061078" lon="-34.894879">
    <ele>8</ele>
    <time>2019-11-12T12:59:51.000Z</time>
   </trkpt>
   <trkpt lat="-8.06114" lon="-34.894886">
    <ele>8</ele>
    <time>2019-11-12T12:59:52.000Z</time>
   </trkpt>
   <trkpt lat="-8.061195" lon="-34.894893">
    <ele>8</ele>
    <time>2019-11-12T12:59:53.000Z</time>
   </trkpt>
   <trkpt lat="-8.061251" lon="-34.894902">
    <ele>7.9</ele>
    <time>2019-11-12T12:59:54.000Z</time>
   </trkpt>
   <trkpt lat="-8.061305" lon="-34.894924">
    <ele>7.6</ele>
    <time>2019-11-12T12:59:55.000Z</time>
   </trkpt>
   <trkpt lat="-8.06134" lon="-34.894947">
    <ele>7.5</ele>
    <time>2019-11-12T12:59:56.000Z</time>
   </trkpt>
   <trkpt lat="-8.061384" lon="-34.894971">
    <ele>7.3</ele>
    <time>2019-11-12T12:59:57.000Z</time>
   </trkpt>
   <trkpt lat="-8.061423" lon="-34.89499">
    <ele>7</ele>
    <time>2019-11-12T12:59:58.000Z</time>
   </trkpt>
   <trkpt lat="-8.061475" lon="-34.895009">
    <ele>6.5</ele>
    <time>2019-11-12T12:59:59.000Z</time>
   </trkpt>
   <trkpt lat="-8.06154" lon="-34.895019">
    <ele>6.4</ele>
    <time>2019-11-12T13:00:00.000Z</time>
   </trkpt>
   <trkpt lat="-8.061617" lon="-34.895037">
    <ele>6.6</ele>
    <time>2019-11-12T13:00:01.000Z</time>
   </trkpt>
   <trkpt lat="-8.061692" lon="-34.895054">
    <ele>6.9</ele>
    <time>2019-11-12T13:00:02.000Z</time>
   </trkpt>
   <trkpt lat="-8.06177" lon="-34.895073">
    <ele>7.1</ele>
    <time>2019-11-12T13:00:03.000Z</time>
   </trkpt>
   <trkpt lat="-8.061861" lon="-34.895081">
    <ele>7.1</ele>
    <time>2019-11-12T13:00:04.000Z</time>
   </trkpt>
   <trkpt lat="-8.061931" lon="-34.895077">
    <ele>7.1</ele>
    <time>2019-11-12T13:00:05.000Z</time>
   </trkpt>
   <trkpt lat="-8.062" lon="-34.8951">
    <ele>7.1</ele>
    <time>2019-11-12T13:00:06.000Z</time>
   </trkpt>
   <trkpt lat="-8.06207" lon="-34.895117">
    <ele>7.1</ele>
    <time>2019-11-12T13:00:07.000Z</time>
   </trkpt>
   <trkpt lat="-8.06214" lon="-34.895134">
    <ele>7.1</ele>
    <time>2019-11-12T13:00:08.000Z</time>
   </trkpt>
   <trkpt lat="-8.062188" lon="-34.895144">
    <ele>7.1</ele>
    <time>2019-11-12T13:00:09.000Z</time>
   </trkpt>
   <trkpt lat="-8.062233" lon="-34.895155">
    <ele>7.1</ele>
    <time>2019-11-12T13:00:10.000Z</time>
   </trkpt>
   <trkpt lat="-8.062295" lon="-34.895161">
    <ele>7</ele>
    <time>2019-11-12T13:00:11.000Z</time>
   </trkpt>
   <trkpt lat="-8.062346" lon="-34.895171">
    <ele>6.9</ele>
    <time>2019-11-12T13:00:12.000Z</time>
   </trkpt>
   <trkpt lat="-8.06239" lon="-34.895181">
    <ele>6.9</ele>
    <time>2019-11-12T13:00:13.000Z</time>
   </trkpt>
   <trkpt lat="-8.062433" lon="-34.895191">
    <ele>6.8</ele>
    <time>2019-11-12T13:00:14.000Z</time>
   </trkpt>
   <trkpt lat="-8.062476" lon="-34.895202">
    <ele>6.7</ele>
    <time>2019-11-12T13:00:15.000Z</time>
   </trkpt>
   <trkpt lat="-8.06253" lon="-34.895208">
    <ele>6.6</ele>
    <time>2019-11-12T13:00:16.000Z</time>
   </trkpt>
   <trkpt lat="-8.062572" lon="-34.895212">
    <ele>6.5</ele>
    <time>2019-11-12T13:00:17.000Z</time>
   </trkpt>
   <trkpt lat="-8.062623" lon="-34.895223">
    <ele>6.5</ele>
    <time>2019-11-12T13:00:18.000Z</time>
   </trkpt>
   <trkpt lat="-8.062653" lon="-34.895227">
    <ele>6.4</ele>
    <time>2019-11-12T13:00:19.000Z</time>
   </trkpt>
   <trkpt lat="-8.062691" lon="-34.895232">
    <ele>6.4</ele>
    <time>2019-11-12T13:00:21.000Z</time>
   </trkpt>
   <trkpt lat="-8.062733" lon="-34.89524">
    <ele>6.4</ele>
    <time>2019-11-12T13:00:24.000Z</time>
   </trkpt>
   <trkpt lat="-8.062738" lon="-34.895271">
    <ele>6.4</ele>
    <time>2019-11-12T13:00:29.000Z</time>
   </trkpt>
   <trkpt lat="-8.062751" lon="-34.895313">
    <ele>6.4</ele>
    <time>2019-11-12T13:00:31.000Z</time>
   </trkpt>
   <trkpt lat="-8.062747" lon="-34.895358">
    <ele>6.5</ele>
    <time>2019-11-12T13:00:32.000Z</time>
   </trkpt>
   <trkpt lat="-8.062746" lon="-34.895406">
    <ele>6.6</ele>
    <time>2019-11-12T13:00:33.000Z</time>
   </trkpt>
   <trkpt lat="-8.062742" lon="-34.895457">
    <ele>6.7</ele>
    <time>2019-11-12T13:00:34.000Z</time>
   </trkpt>
   <trkpt lat="-8.062738" lon="-34.895514">
    <ele>6.7</ele>
    <time>2019-11-12T13:00:35.000Z</time>
   </trkpt>
   <trkpt lat="-8.06274" lon="-34.895564">
    <ele>6.8</ele>
    <time>2019-11-12T13:00:36.000Z</time>
   </trkpt>
   <trkpt lat="-8.062737" lon="-34.895599">
    <ele>7.1</ele>
    <time>2019-11-12T13:00:37.000Z</time>
   </trkpt>
   <trkpt lat="-8.062738" lon="-34.895646">
    <ele>7.5</ele>
    <time>2019-11-12T13:00:38.000Z</time>
   </trkpt>
   <trkpt lat="-8.062742" lon="-34.895687">
    <ele>7.8</ele>
    <time>2019-11-12T13:00:39.000Z</time>
   </trkpt>
   <trkpt lat="-8.062745" lon="-34.895717">
    <ele>8.1</ele>
    <time>2019-11-12T13:00:40.000Z</time>
   </trkpt>
   <trkpt lat="-8.062746" lon="-34.895755">
    <ele>8.4</ele>
    <time>2019-11-12T13:00:42.000Z</time>
   </trkpt>
   <trkpt lat="-8.062747" lon="-34.89579">
    <ele>8.5</ele>
    <time>2019-11-12T13:00:43.000Z</time>
   </trkpt>
   <trkpt lat="-8.06273" lon="-34.895828">
    <ele>8.5</ele>
    <time>2019-11-12T13:00:44.000Z</time>
   </trkpt>
   <trkpt lat="-8.062699" lon="-34.895828">
    <ele>8.5</ele>
    <time>2019-11-12T13:00:46.000Z</time>
   </trkpt>
   <trkpt lat="-8.062712" lon="-34.895871">
    <ele>8.5</ele>
    <time>2019-11-12T13:00:49.000Z</time>
   </trkpt>
   <trkpt lat="-8.062709" lon="-34.895904">
    <ele>8.4</ele>
    <time>2019-11-12T13:00:50.000Z</time>
   </trkpt>
   <trkpt lat="-8.062705" lon="-34.895948">
    <ele>8.2</ele>
    <time>2019-11-12T13:00:51.000Z</time>
   </trkpt>
   <trkpt lat="-8.062702" lon="-34.895979">
    <ele>8.1</ele>
    <time>2019-11-12T13:00:52.000Z</time>
   </trkpt>
   <trkpt lat="-8.062695" lon="-34.896018">
    <ele>7.9</ele>
    <time>2019-11-12T13:00:53.000Z</time>
   </trkpt>
   <trkpt lat="-8.062691" lon="-34.896062">
    <ele>7.6</ele>
    <time>2019-11-12T13:00:54.000Z</time>
   </trkpt>
   <trkpt lat="-8.062689" lon="-34.896112">
    <ele>7.5</ele>
    <time>2019-11-12T13:00:55.000Z</time>
   </trkpt>
   <trkpt lat="-8.06268" lon="-34.896141">
    <ele>7.4</ele>
    <time>2019-11-12T13:00:56.000Z</time>
   </trkpt>
   <trkpt lat="-8.062674" lon="-34.896168">
    <ele>7.4</ele>
    <time>2019-11-12T13:00:57.000Z</time>
   </trkpt>
   <trkpt lat="-8.062666" lon="-34.896199">
    <ele>7.3</ele>
    <time>2019-11-12T13:00:58.000Z</time>
   </trkpt>
   <trkpt lat="-8.062672" lon="-34.89625">
    <ele>7.3</ele>
    <time>2019-11-12T13:01:01.000Z</time>
   </trkpt>
   <trkpt lat="-8.06267" lon="-34.896284">
    <ele>7.2</ele>
    <time>2019-11-12T13:01:02.000Z</time>
   </trkpt>
   <trkpt lat="-8.062662" lon="-34.896337">
    <ele>6.9</ele>
    <time>2019-11-12T13:01:04.000Z</time>
   </trkpt>
   <trkpt lat="-8.062651" lon="-34.896377">
    <ele>6.7</ele>
    <time>2019-11-12T13:01:05.000Z</time>
   </trkpt>
   <trkpt lat="-8.062652" lon="-34.896409">
    <ele>6.5</ele>
    <time>2019-11-12T13:01:06.000Z</time>
   </trkpt>
   <trkpt lat="-8.062707" lon="-34.896419">
    <ele>6.4</ele>
    <time>2019-11-12T13:01:08.000Z</time>
   </trkpt>
   <trkpt lat="-8.062735" lon="-34.896409">
    <ele>6.4</ele>
    <time>2019-11-12T13:01:09.000Z</time>
   </trkpt>
   <trkpt lat="-8.062773" lon="-34.896398">
    <ele>6.5</ele>
    <time>2019-11-12T13:01:10.000Z</time>
   </trkpt>
   <trkpt lat="-8.062799" lon="-34.896387">
    <ele>6.5</ele>
    <time>2019-11-12T13:01:11.000Z</time>
   </trkpt>
   <trkpt lat="-8.06286" lon="-34.896369">
    <ele>6.6</ele>
    <time>2019-11-12T13:01:13.000Z</time>
   </trkpt>
   <trkpt lat="-8.062902" lon="-34.896366">
    <ele>6.6</ele>
    <time>2019-11-12T13:01:14.000Z</time>
   </trkpt>
   <trkpt lat="-8.062955" lon="-34.896351">
    <ele>6.7</ele>
    <time>2019-11-12T13:01:15.000Z</time>
   </trkpt>
   <trkpt lat="-8.063001" lon="-34.896342">
    <ele>6.7</ele>
    <time>2019-11-12T13:01:16.000Z</time>
   </trkpt>
   <trkpt lat="-8.063046" lon="-34.896331">
    <ele>6.7</ele>
    <time>2019-11-12T13:01:17.000Z</time>
   </trkpt>
   <trkpt lat="-8.063078" lon="-34.896325">
    <ele>6.8</ele>
    <time>2019-11-12T13:01:18.000Z</time>
   </trkpt>
   <trkpt lat="-8.063113" lon="-34.896317">
    <ele>6.8</ele>
    <time>2019-11-12T13:01:19.000Z</time>
   </trkpt>
   <trkpt lat="-8.063151" lon="-34.896314">
    <ele>6.8</ele>
    <time>2019-11-12T13:01:20.000Z</time>
   </trkpt>
   <trkpt lat="-8.063184" lon="-34.896304">
    <ele>6.9</ele>
    <time>2019-11-12T13:01:21.000Z</time>
   </trkpt>
   <trkpt lat="-8.063209" lon="-34.896288">
    <ele>6.9</ele>
    <time>2019-11-12T13:01:22.000Z</time>
   </trkpt>
   <trkpt lat="-8.063242" lon="-34.896274">
    <ele>6.9</ele>
    <time>2019-11-12T13:01:23.000Z</time>
   </trkpt>
   <trkpt lat="-8.063278" lon="-34.896276">
    <ele>7</ele>
    <time>2019-11-12T13:01:25.000Z</time>
   </trkpt>
   <trkpt lat="-8.063311" lon="-34.896265">
    <ele>7</ele>
    <time>2019-11-12T13:01:26.000Z</time>
   </trkpt>
   <trkpt lat="-8.063337" lon="-34.896243">
    <ele>7</ele>
    <time>2019-11-12T13:01:27.000Z</time>
   </trkpt>
   <trkpt lat="-8.063369" lon="-34.89623">
    <ele>7.1</ele>
    <time>2019-11-12T13:01:28.000Z</time>
   </trkpt>
   <trkpt lat="-8.063398" lon="-34.896216">
    <ele>7.1</ele>
    <time>2019-11-12T13:01:29.000Z</time>
   </trkpt>
   <trkpt lat="-8.063431" lon="-34.896217">
    <ele>7.1</ele>
    <time>2019-11-12T13:01:30.000Z</time>
   </trkpt>
   <trkpt lat="-8.063463" lon="-34.896214">
    <ele>7.2</ele>
    <time>2019-11-12T13:01:31.000Z</time>
   </trkpt>
   <trkpt lat="-8.063502" lon="-34.896205">
    <ele>7.2</ele>
    <time>2019-11-12T13:01:32.000Z</time>
   </trkpt>
   <trkpt lat="-8.063543" lon="-34.896194">
    <ele>7.2</ele>
    <time>2019-11-12T13:01:33.000Z</time>
   </trkpt>
   <trkpt lat="-8.063609" lon="-34.896181">
    <ele>7.3</ele>
    <time>2019-11-12T13:01:34.000Z</time>
   </trkpt>
   <trkpt lat="-8.063648" lon="-34.896158">
    <ele>7.2</ele>
    <time>2019-11-12T13:01:35.000Z</time>
   </trkpt>
   <trkpt lat="-8.063697" lon="-34.89615">
    <ele>7.1</ele>
    <time>2019-11-12T13:01:36.000Z</time>
   </trkpt>
   <trkpt lat="-8.063755" lon="-34.896153">
    <ele>7</ele>
    <time>2019-11-12T13:01:37.000Z</time>
   </trkpt>
   <trkpt lat="-8.06381" lon="-34.896139">
    <ele>7</ele>
    <time>2019-11-12T13:01:38.000Z</time>
   </trkpt>
   <trkpt lat="-8.063858" lon="-34.896116">
    <ele>6.9</ele>
    <time>2019-11-12T13:01:39.000Z</time>
   </trkpt>
   <trkpt lat="-8.063904" lon="-34.896099">
    <ele>6.8</ele>
    <time>2019-11-12T13:01:40.000Z</time>
   </trkpt>
   <trkpt lat="-8.063957" lon="-34.896094">
    <ele>6.7</ele>
    <time>2019-11-12T13:01:41.000Z</time>
   </trkpt>
   <trkpt lat="-8.064004" lon="-34.896081">
    <ele>6.6</ele>
    <time>2019-11-12T13:01:42.000Z</time>
   </trkpt>
   <trkpt lat="-8.06407" lon="-34.896077">
    <ele>6.4</ele>
    <time>2019-11-12T13:01:43.000Z</time>
   </trkpt>
   <trkpt lat="-8.06412" lon="-34.896065">
    <ele>6.2</ele>
    <time>2019-11-12T13:01:44.000Z</time>
   </trkpt>
   <trkpt lat="-8.064161" lon="-34.896051">
    <ele>6.1</ele>
    <time>2019-11-12T13:01:45.000Z</time>
   </trkpt>
   <trkpt lat="-8.0642" lon="-34.896034">
    <ele>5.9</ele>
    <time>2019-11-12T13:01:46.000Z</time>
   </trkpt>
   <trkpt lat="-8.064238" lon="-34.896027">
    <ele>5.7</ele>
    <time>2019-11-12T13:01:47.000Z</time>
   </trkpt>
   <trkpt lat="-8.064275" lon="-34.896011">
    <ele>5.5</ele>
    <time>2019-11-12T13:01:48.000Z</time>
   </trkpt>
   <trkpt lat="-8.064314" lon="-34.895999">
    <ele>5.3</ele>
    <time>2019-11-12T13:01:49.000Z</time>
   </trkpt>
   <trkpt lat="-8.064351" lon="-34.895989">
    <ele>5</ele>
    <time>2019-11-12T13:01:50.000Z</time>
   </trkpt>
   <trkpt lat="-8.064408" lon="-34.895991">
    <ele>4.7</ele>
    <time>2019-11-12T13:01:52.000Z</time>
   </trkpt>
   <trkpt lat="-8.064454" lon="-34.896">
    <ele>4.4</ele>
    <time>2019-11-12T13:01:53.000Z</time>
   </trkpt>
   <trkpt lat="-8.064507" lon="-34.896004">
    <ele>4.1</ele>
    <time>2019-11-12T13:01:54.000Z</time>
   </trkpt>
   <trkpt lat="-8.06455" lon="-34.895992">
    <ele>3.9</ele>
    <time>2019-11-12T13:01:55.000Z</time>
   </trkpt>
   <trkpt lat="-8.064589" lon="-34.895992">
    <ele>3.7</ele>
    <time>2019-11-12T13:01:56.000Z</time>
   </trkpt>
   <trkpt lat="-8.064621" lon="-34.895985">
    <ele>3.5</ele>
    <time>2019-11-12T13:01:57.000Z</time>
   </trkpt>
   <trkpt lat="-8.064672" lon="-34.895974">
    <ele>3.2</ele>
    <time>2019-11-12T13:01:59.000Z</time>
   </trkpt>
   <trkpt lat="-8.064707" lon="-34.895969">
    <ele>3</ele>
    <time>2019-11-12T13:02:00.000Z</time>
   </trkpt>
   <trkpt lat="-8.064741" lon="-34.895963">
    <ele>2.8</ele>
    <time>2019-11-12T13:02:01.000Z</time>
   </trkpt>
   <trkpt lat="-8.064783" lon="-34.895951">
    <ele>2.7</ele>
    <time>2019-11-12T13:02:02.000Z</time>
   </trkpt>
   <trkpt lat="-8.064832" lon="-34.895937">
    <ele>2.4</ele>
    <time>2019-11-12T13:02:03.000Z</time>
   </trkpt>
   <trkpt lat="-8.064882" lon="-34.89592">
    <ele>2.2</ele>
    <time>2019-11-12T13:02:04.000Z</time>
   </trkpt>
   <trkpt lat="-8.064923" lon="-34.895898">
    <ele>2</ele>
    <time>2019-11-12T13:02:05.000Z</time>
   </trkpt>
   <trkpt lat="-8.064967" lon="-34.895884">
    <ele>1.9</ele>
    <time>2019-11-12T13:02:06.000Z</time>
   </trkpt>
   <trkpt lat="-8.065017" lon="-34.895854">
    <ele>1.6</ele>
    <time>2019-11-12T13:02:07.000Z</time>
   </trkpt>
   <trkpt lat="-8.065081" lon="-34.895833">
    <ele>1.4</ele>
    <time>2019-11-12T13:02:08.000Z</time>
   </trkpt>
   <trkpt lat="-8.065136" lon="-34.895829">
    <ele>1.2</ele>
    <time>2019-11-12T13:02:09.000Z</time>
   </trkpt>
   <trkpt lat="-8.065179" lon="-34.895847">
    <ele>1.3</ele>
    <time>2019-11-12T13:02:10.000Z</time>
   </trkpt>
   <trkpt lat="-8.065192" lon="-34.895893">
    <ele>1.3</ele>
    <time>2019-11-12T13:02:12.000Z</time>
   </trkpt>
   <trkpt lat="-8.065191" lon="-34.895927">
    <ele>1.4</ele>
    <time>2019-11-12T13:02:14.000Z</time>
   </trkpt>
   <trkpt lat="-8.065168" lon="-34.895957">
    <ele>1.4</ele>
    <time>2019-11-12T13:02:19.000Z</time>
   </trkpt>
   <trkpt lat="-8.06515" lon="-34.895986">
    <ele>1.4</ele>
    <time>2019-11-12T13:02:22.000Z</time>
   </trkpt>
   <trkpt lat="-8.065182" lon="-34.896007">
    <ele>1.5</ele>
    <time>2019-11-12T13:02:24.000Z</time>
   </trkpt>
   <trkpt lat="-8.065216" lon="-34.896026">
    <ele>1.5</ele>
    <time>2019-11-12T13:02:31.000Z</time>
   </trkpt>
   <trkpt lat="-8.065196" lon="-34.896001">
    <ele>1.6</ele>
    <time>2019-11-12T13:02:33.000Z</time>
   </trkpt>
   <trkpt lat="-8.065231" lon="-34.896014">
    <ele>1.6</ele>
    <time>2019-11-12T13:02:36.000Z</time>
   </trkpt>
   <trkpt lat="-8.065252" lon="-34.896042">
    <ele>1.6</ele>
    <time>2019-11-12T13:02:39.000Z</time>
   </trkpt>
   <trkpt lat="-8.065259" lon="-34.89607">
    <ele>1.7</ele>
    <time>2019-11-12T13:02:43.000Z</time>
   </trkpt>
   <trkpt lat="-8.065222" lon="-34.8961">
    <ele>1.7</ele>
    <time>2019-11-12T13:02:45.000Z</time>
   </trkpt>
   <trkpt lat="-8.065194" lon="-34.896123">
    <ele>1.8</ele>
    <time>2019-11-12T13:02:46.000Z</time>
   </trkpt>
   <trkpt lat="-8.065156" lon="-34.896127">
    <ele>1.8</ele>
    <time>2019-11-12T13:02:48.000Z</time>
   </trkpt>
   <trkpt lat="-8.064896" lon="-34.896104">
    <ele>2.2</ele>
    <time>2019-11-12T13:03:11.000Z</time>
   </trkpt>
   <trkpt lat="-8.064872" lon="-34.896092">
    <ele>2.3</ele>
    <time>2019-11-12T13:03:12.000Z</time>
   </trkpt>
  </trkseg>
 </trk>
</gpx>
