<?xml version="1.0" encoding="UTF-8"?>
<gpx creator="StravaGPX" version="1.1" xmlns="http://www.topografix.com/GPX/1/1">
 <metadata>
  <time>2019-09-24T23:13:05Z</time>
 </metadata>
 <trk>
  <name>Bike Escola</name>
  <type>1</type>
  <trkseg>
   <trkpt lat="-8.037963" lon="-34.905227">
    <ele>13.4</ele>
    <time>2019-09-24T23:13:05.000Z</time>
   </trkpt>
   <trkpt lat="-8.038005" lon="-34.905193">
    <ele>13.4</ele>
    <time>2019-09-24T23:13:11.000Z</time>
   </trkpt>
   <trkpt lat="-8.038011" lon="-34.905225">
    <ele>13.4</ele>
    <time>2019-09-24T23:13:14.000Z</time>
   </trkpt>
   <trkpt lat="-8.037976" lon="-34.905242">
    <ele>13.4</ele>
    <time>2019-09-24T23:13:16.000Z</time>
   </trkpt>
   <trkpt lat="-8.037959" lon="-34.90527">
    <ele>13.4</ele>
    <time>2019-09-24T23:13:20.000Z</time>
   </trkpt>
   <trkpt lat="-8.03815" lon="-34.905335">
    <ele>13</ele>
    <time>2019-09-24T23:15:12.000Z</time>
   </trkpt>
   <trkpt lat="-8.038184" lon="-34.90531">
    <ele>12.8</ele>
    <time>2019-09-24T23:15:14.000Z</time>
   </trkpt>
   <trkpt lat="-8.03822" lon="-34.905295">
    <ele>12.7</ele>
    <time>2019-09-24T23:15:16.000Z</time>
   </trkpt>
   <trkpt lat="-8.038245" lon="-34.90528">
    <ele>12.6</ele>
    <time>2019-09-24T23:15:18.000Z</time>
   </trkpt>
   <trkpt lat="-8.038285" lon="-34.905268">
    <ele>12.4</ele>
    <time>2019-09-24T23:15:20.000Z</time>
   </trkpt>
   <trkpt lat="-8.038314" lon="-34.905251">
    <ele>12.3</ele>
    <time>2019-09-24T23:15:22.000Z</time>
   </trkpt>
   <trkpt lat="-8.038349" lon="-34.905231">
    <ele>12.1</ele>
    <time>2019-09-24T23:15:24.000Z</time>
   </trkpt>
   <trkpt lat="-8.03838" lon="-34.905209">
    <ele>11.9</ele>
    <time>2019-09-24T23:15:26.000Z</time>
   </trkpt>
   <trkpt lat="-8.038408" lon="-34.90518">
    <ele>11.7</ele>
    <time>2019-09-24T23:15:28.000Z</time>
   </trkpt>
   <trkpt lat="-8.038433" lon="-34.905164">
    <ele>11.6</ele>
    <time>2019-09-24T23:15:31.000Z</time>
   </trkpt>
   <trkpt lat="-8.038456" lon="-34.905145">
    <ele>11.4</ele>
    <time>2019-09-24T23:15:33.000Z</time>
   </trkpt>
   <trkpt lat="-8.038487" lon="-34.905127">
    <ele>11.2</ele>
    <time>2019-09-24T23:15:35.000Z</time>
   </trkpt>
   <trkpt lat="-8.038515" lon="-34.905106">
    <ele>11</ele>
    <time>2019-09-24T23:15:37.000Z</time>
   </trkpt>
   <trkpt lat="-8.038547" lon="-34.905085">
    <ele>10.7</ele>
    <time>2019-09-24T23:15:39.000Z</time>
   </trkpt>
   <trkpt lat="-8.038569" lon="-34.905063">
    <ele>10.6</ele>
    <time>2019-09-24T23:15:41.000Z</time>
   </trkpt>
   <trkpt lat="-8.038596" lon="-34.905049">
    <ele>10.4</ele>
    <time>2019-09-24T23:15:43.000Z</time>
   </trkpt>
   <trkpt lat="-8.038618" lon="-34.905028">
    <ele>10.2</ele>
    <time>2019-09-24T23:15:45.000Z</time>
   </trkpt>
   <trkpt lat="-8.03865" lon="-34.905012">
    <ele>10.2</ele>
    <time>2019-09-24T23:15:47.000Z</time>
   </trkpt>
   <trkpt lat="-8.03867" lon="-34.904994">
    <ele>10.3</ele>
    <time>2019-09-24T23:15:49.000Z</time>
   </trkpt>
   <trkpt lat="-8.0387" lon="-34.904974">
    <ele>10.5</ele>
    <time>2019-09-24T23:15:51.000Z</time>
   </trkpt>
   <trkpt lat="-8.038729" lon="-34.90495">
    <ele>10.7</ele>
    <time>2019-09-24T23:15:54.000Z</time>
   </trkpt>
   <trkpt lat="-8.038761" lon="-34.904939">
    <ele>10.8</ele>
    <time>2019-09-24T23:15:58.000Z</time>
   </trkpt>
   <trkpt lat="-8.038796" lon="-34.904927">
    <ele>11</ele>
    <time>2019-09-24T23:16:07.000Z</time>
   </trkpt>
   <trkpt lat="-8.038804" lon="-34.904901">
    <ele>11.1</ele>
    <time>2019-09-24T23:16:10.000Z</time>
   </trkpt>
   <trkpt lat="-8.038829" lon="-34.904877">
    <ele>11.2</ele>
    <time>2019-09-24T23:16:13.000Z</time>
   </trkpt>
   <trkpt lat="-8.038853" lon="-34.904861">
    <ele>11.3</ele>
    <time>2019-09-24T23:16:15.000Z</time>
   </trkpt>
   <trkpt lat="-8.038877" lon="-34.904832">
    <ele>11.4</ele>
    <time>2019-09-24T23:16:17.000Z</time>
   </trkpt>
   <trkpt lat="-8.038899" lon="-34.904811">
    <ele>11.5</ele>
    <time>2019-09-24T23:16:19.000Z</time>
   </trkpt>
   <trkpt lat="-8.038922" lon="-34.904781">
    <ele>11.6</ele>
    <time>2019-09-24T23:16:21.000Z</time>
   </trkpt>
   <trkpt lat="-8.038959" lon="-34.904757">
    <ele>11.8</ele>
    <time>2019-09-24T23:16:23.000Z</time>
   </trkpt>
   <trkpt lat="-8.039" lon="-34.90473">
    <ele>12</ele>
    <time>2019-09-24T23:16:25.000Z</time>
   </trkpt>
   <trkpt lat="-8.039022" lon="-34.904712">
    <ele>12.2</ele>
    <time>2019-09-24T23:16:26.000Z</time>
   </trkpt>
   <trkpt lat="-8.039068" lon="-34.904694">
    <ele>12.4</ele>
    <time>2019-09-24T23:16:28.000Z</time>
   </trkpt>
   <trkpt lat="-8.039091" lon="-34.904672">
    <ele>12.5</ele>
    <time>2019-09-24T23:16:29.000Z</time>
   </trkpt>
   <trkpt lat="-8.039114" lon="-34.904654">
    <ele>12.6</ele>
    <time>2019-09-24T23:16:30.000Z</time>
   </trkpt>
   <trkpt lat="-8.039155" lon="-34.904619">
    <ele>12.9</ele>
    <time>2019-09-24T23:16:32.000Z</time>
   </trkpt>
   <trkpt lat="-8.039197" lon="-34.904591">
    <ele>13.1</ele>
    <time>2019-09-24T23:16:34.000Z</time>
   </trkpt>
   <trkpt lat="-8.039238" lon="-34.904569">
    <ele>13.2</ele>
    <time>2019-09-24T23:16:36.000Z</time>
   </trkpt>
   <trkpt lat="-8.039275" lon="-34.904529">
    <ele>13.3</ele>
    <time>2019-09-24T23:16:38.000Z</time>
   </trkpt>
   <trkpt lat="-8.039313" lon="-34.90449">
    <ele>13.4</ele>
    <time>2019-09-24T23:16:40.000Z</time>
   </trkpt>
   <trkpt lat="-8.039351" lon="-34.904455">
    <ele>13.6</ele>
    <time>2019-09-24T23:16:42.000Z</time>
   </trkpt>
   <trkpt lat="-8.03938" lon="-34.904427">
    <ele>13.7</ele>
    <time>2019-09-24T23:16:44.000Z</time>
   </trkpt>
   <trkpt lat="-8.039409" lon="-34.904407">
    <ele>13.7</ele>
    <time>2019-09-24T23:16:46.000Z</time>
   </trkpt>
   <trkpt lat="-8.039449" lon="-34.904395">
    <ele>13.8</ele>
    <time>2019-09-24T23:16:48.000Z</time>
   </trkpt>
   <trkpt lat="-8.039473" lon="-34.904371">
    <ele>13.9</ele>
    <time>2019-09-24T23:16:50.000Z</time>
   </trkpt>
   <trkpt lat="-8.039481" lon="-34.904344">
    <ele>13.9</ele>
    <time>2019-09-24T23:16:54.000Z</time>
   </trkpt>
   <trkpt lat="-8.039518" lon="-34.904332">
    <ele>14</ele>
    <time>2019-09-24T23:17:00.000Z</time>
   </trkpt>
   <trkpt lat="-8.039537" lon="-34.904312">
    <ele>14</ele>
    <time>2019-09-24T23:17:01.000Z</time>
   </trkpt>
   <trkpt lat="-8.039562" lon="-34.904289">
    <ele>14</ele>
    <time>2019-09-24T23:17:02.000Z</time>
   </trkpt>
   <trkpt lat="-8.039589" lon="-34.904266">
    <ele>14</ele>
    <time>2019-09-24T23:17:03.000Z</time>
   </trkpt>
   <trkpt lat="-8.039614" lon="-34.904248">
    <ele>13.9</ele>
    <time>2019-09-24T23:17:04.000Z</time>
   </trkpt>
   <trkpt lat="-8.039665" lon="-34.904216">
    <ele>13.7</ele>
    <time>2019-09-24T23:17:06.000Z</time>
   </trkpt>
   <trkpt lat="-8.03969" lon="-34.904194">
    <ele>13.5</ele>
    <time>2019-09-24T23:17:07.000Z</time>
   </trkpt>
   <trkpt lat="-8.039728" lon="-34.904161">
    <ele>13.2</ele>
    <time>2019-09-24T23:17:08.000Z</time>
   </trkpt>
   <trkpt lat="-8.039766" lon="-34.904141">
    <ele>12.9</ele>
    <time>2019-09-24T23:17:09.000Z</time>
   </trkpt>
   <trkpt lat="-8.039804" lon="-34.90412">
    <ele>12.5</ele>
    <time>2019-09-24T23:17:10.000Z</time>
   </trkpt>
   <trkpt lat="-8.039836" lon="-34.904093">
    <ele>12.1</ele>
    <time>2019-09-24T23:17:11.000Z</time>
   </trkpt>
   <trkpt lat="-8.039868" lon="-34.904073">
    <ele>12.1</ele>
    <time>2019-09-24T23:17:12.000Z</time>
   </trkpt>
   <trkpt lat="-8.039899" lon="-34.904057">
    <ele>12.1</ele>
    <time>2019-09-24T23:17:13.000Z</time>
   </trkpt>
   <trkpt lat="-8.039935" lon="-34.904033">
    <ele>12</ele>
    <time>2019-09-24T23:17:14.000Z</time>
   </trkpt>
   <trkpt lat="-8.039966" lon="-34.904">
    <ele>11.8</ele>
    <time>2019-09-24T23:17:15.000Z</time>
   </trkpt>
   <trkpt lat="-8.040003" lon="-34.903973">
    <ele>11.6</ele>
    <time>2019-09-24T23:17:16.000Z</time>
   </trkpt>
   <trkpt lat="-8.040039" lon="-34.903941">
    <ele>11.3</ele>
    <time>2019-09-24T23:17:17.000Z</time>
   </trkpt>
   <trkpt lat="-8.040067" lon="-34.903909">
    <ele>11.2</ele>
    <time>2019-09-24T23:17:18.000Z</time>
   </trkpt>
   <trkpt lat="-8.040099" lon="-34.90389">
    <ele>11.1</ele>
    <time>2019-09-24T23:17:19.000Z</time>
   </trkpt>
   <trkpt lat="-8.040131" lon="-34.90388">
    <ele>11</ele>
    <time>2019-09-24T23:17:20.000Z</time>
   </trkpt>
   <trkpt lat="-8.04016" lon="-34.903856">
    <ele>10.9</ele>
    <time>2019-09-24T23:17:21.000Z</time>
   </trkpt>
   <trkpt lat="-8.040187" lon="-34.903837">
    <ele>10.8</ele>
    <time>2019-09-24T23:17:22.000Z</time>
   </trkpt>
   <trkpt lat="-8.040212" lon="-34.903817">
    <ele>10.7</ele>
    <time>2019-09-24T23:17:23.000Z</time>
   </trkpt>
   <trkpt lat="-8.040243" lon="-34.903787">
    <ele>10.6</ele>
    <time>2019-09-24T23:17:24.000Z</time>
   </trkpt>
   <trkpt lat="-8.040278" lon="-34.903757">
    <ele>10.5</ele>
    <time>2019-09-24T23:17:25.000Z</time>
   </trkpt>
   <trkpt lat="-8.04031" lon="-34.903729">
    <ele>10.5</ele>
    <time>2019-09-24T23:17:26.000Z</time>
   </trkpt>
   <trkpt lat="-8.040338" lon="-34.903702">
    <ele>10.4</ele>
    <time>2019-09-24T23:17:27.000Z</time>
   </trkpt>
   <trkpt lat="-8.040378" lon="-34.903677">
    <ele>10.4</ele>
    <time>2019-09-24T23:17:28.000Z</time>
   </trkpt>
   <trkpt lat="-8.040412" lon="-34.903657">
    <ele>10.4</ele>
    <time>2019-09-24T23:17:29.000Z</time>
   </trkpt>
   <trkpt lat="-8.040444" lon="-34.903637">
    <ele>10.4</ele>
    <time>2019-09-24T23:17:30.000Z</time>
   </trkpt>
   <trkpt lat="-8.040479" lon="-34.903616">
    <ele>10.4</ele>
    <time>2019-09-24T23:17:31.000Z</time>
   </trkpt>
   <trkpt lat="-8.040512" lon="-34.903605">
    <ele>10.4</ele>
    <time>2019-09-24T23:17:32.000Z</time>
   </trkpt>
   <trkpt lat="-8.040549" lon="-34.903597">
    <ele>10.4</ele>
    <time>2019-09-24T23:17:33.000Z</time>
   </trkpt>
   <trkpt lat="-8.040577" lon="-34.903584">
    <ele>10.4</ele>
    <time>2019-09-24T23:17:34.000Z</time>
   </trkpt>
   <trkpt lat="-8.040604" lon="-34.903567">
    <ele>10.4</ele>
    <time>2019-09-24T23:17:35.000Z</time>
   </trkpt>
   <trkpt lat="-8.040641" lon="-34.903551">
    <ele>10.4</ele>
    <time>2019-09-24T23:17:36.000Z</time>
   </trkpt>
   <trkpt lat="-8.040678" lon="-34.90354">
    <ele>10.4</ele>
    <time>2019-09-24T23:17:37.000Z</time>
   </trkpt>
   <trkpt lat="-8.040709" lon="-34.903528">
    <ele>10.3</ele>
    <time>2019-09-24T23:17:38.000Z</time>
   </trkpt>
   <trkpt lat="-8.040747" lon="-34.903514">
    <ele>10.1</ele>
    <time>2019-09-24T23:17:39.000Z</time>
   </trkpt>
   <trkpt lat="-8.040781" lon="-34.903498">
    <ele>10</ele>
    <time>2019-09-24T23:17:40.000Z</time>
   </trkpt>
   <trkpt lat="-8.040814" lon="-34.903486">
    <ele>9.9</ele>
    <time>2019-09-24T23:17:41.000Z</time>
   </trkpt>
   <trkpt lat="-8.04085" lon="-34.903472">
    <ele>9.7</ele>
    <time>2019-09-24T23:17:42.000Z</time>
   </trkpt>
   <trkpt lat="-8.040886" lon="-34.90347">
    <ele>9.5</ele>
    <time>2019-09-24T23:17:43.000Z</time>
   </trkpt>
   <trkpt lat="-8.040927" lon="-34.903453">
    <ele>9.4</ele>
    <time>2019-09-24T23:17:44.000Z</time>
   </trkpt>
   <trkpt lat="-8.040969" lon="-34.903437">
    <ele>9.2</ele>
    <time>2019-09-24T23:17:45.000Z</time>
   </trkpt>
   <trkpt lat="-8.041012" lon="-34.903422">
    <ele>9.1</ele>
    <time>2019-09-24T23:17:46.000Z</time>
   </trkpt>
   <trkpt lat="-8.041051" lon="-34.9034">
    <ele>9.1</ele>
    <time>2019-09-24T23:17:47.000Z</time>
   </trkpt>
   <trkpt lat="-8.041092" lon="-34.903387">
    <ele>9</ele>
    <time>2019-09-24T23:17:48.000Z</time>
   </trkpt>
   <trkpt lat="-8.041126" lon="-34.903375">
    <ele>9.1</ele>
    <time>2019-09-24T23:17:49.000Z</time>
   </trkpt>
   <trkpt lat="-8.041157" lon="-34.903366">
    <ele>9.1</ele>
    <time>2019-09-24T23:17:50.000Z</time>
   </trkpt>
   <trkpt lat="-8.041195" lon="-34.903344">
    <ele>9.2</ele>
    <time>2019-09-24T23:17:51.000Z</time>
   </trkpt>
   <trkpt lat="-8.041231" lon="-34.903327">
    <ele>9.3</ele>
    <time>2019-09-24T23:17:52.000Z</time>
   </trkpt>
   <trkpt lat="-8.041273" lon="-34.903299">
    <ele>9.5</ele>
    <time>2019-09-24T23:17:53.000Z</time>
   </trkpt>
   <trkpt lat="-8.041301" lon="-34.903276">
    <ele>9.6</ele>
    <time>2019-09-24T23:17:54.000Z</time>
   </trkpt>
   <trkpt lat="-8.041336" lon="-34.903258">
    <ele>9.8</ele>
    <time>2019-09-24T23:17:55.000Z</time>
   </trkpt>
   <trkpt lat="-8.041366" lon="-34.903244">
    <ele>9.9</ele>
    <time>2019-09-24T23:17:56.000Z</time>
   </trkpt>
   <trkpt lat="-8.041395" lon="-34.903227">
    <ele>10</ele>
    <time>2019-09-24T23:17:57.000Z</time>
   </trkpt>
   <trkpt lat="-8.041432" lon="-34.903208">
    <ele>10.2</ele>
    <time>2019-09-24T23:17:58.000Z</time>
   </trkpt>
   <trkpt lat="-8.041469" lon="-34.903202">
    <ele>10.4</ele>
    <time>2019-09-24T23:17:59.000Z</time>
   </trkpt>
   <trkpt lat="-8.041504" lon="-34.903187">
    <ele>10.5</ele>
    <time>2019-09-24T23:18:00.000Z</time>
   </trkpt>
   <trkpt lat="-8.041534" lon="-34.903163">
    <ele>10.7</ele>
    <time>2019-09-24T23:18:01.000Z</time>
   </trkpt>
   <trkpt lat="-8.041574" lon="-34.903148">
    <ele>10.9</ele>
    <time>2019-09-24T23:18:02.000Z</time>
   </trkpt>
   <trkpt lat="-8.04162" lon="-34.903132">
    <ele>11.1</ele>
    <time>2019-09-24T23:18:03.000Z</time>
   </trkpt>
   <trkpt lat="-8.041657" lon="-34.90311">
    <ele>11.3</ele>
    <time>2019-09-24T23:18:04.000Z</time>
   </trkpt>
   <trkpt lat="-8.041695" lon="-34.903099">
    <ele>11.5</ele>
    <time>2019-09-24T23:18:05.000Z</time>
   </trkpt>
   <trkpt lat="-8.041728" lon="-34.903077">
    <ele>11.8</ele>
    <time>2019-09-24T23:18:06.000Z</time>
   </trkpt>
   <trkpt lat="-8.041764" lon="-34.903044">
    <ele>12.1</ele>
    <time>2019-09-24T23:18:07.000Z</time>
   </trkpt>
   <trkpt lat="-8.041792" lon="-34.903029">
    <ele>12.4</ele>
    <time>2019-09-24T23:18:08.000Z</time>
   </trkpt>
   <trkpt lat="-8.041829" lon="-34.902994">
    <ele>12</ele>
    <time>2019-09-24T23:18:09.000Z</time>
   </trkpt>
   <trkpt lat="-8.041859" lon="-34.902959">
    <ele>11.5</ele>
    <time>2019-09-24T23:18:10.000Z</time>
   </trkpt>
   <trkpt lat="-8.041889" lon="-34.902926">
    <ele>11.1</ele>
    <time>2019-09-24T23:18:11.000Z</time>
   </trkpt>
   <trkpt lat="-8.041924" lon="-34.902898">
    <ele>10.7</ele>
    <time>2019-09-24T23:18:12.000Z</time>
   </trkpt>
   <trkpt lat="-8.041952" lon="-34.902866">
    <ele>10.3</ele>
    <time>2019-09-24T23:18:13.000Z</time>
   </trkpt>
   <trkpt lat="-8.041991" lon="-34.902823">
    <ele>9.8</ele>
    <time>2019-09-24T23:18:14.000Z</time>
   </trkpt>
   <trkpt lat="-8.042027" lon="-34.902792">
    <ele>9.3</ele>
    <time>2019-09-24T23:18:15.000Z</time>
   </trkpt>
   <trkpt lat="-8.042056" lon="-34.90276">
    <ele>8.8</ele>
    <time>2019-09-24T23:18:16.000Z</time>
   </trkpt>
   <trkpt lat="-8.042091" lon="-34.902735">
    <ele>8.4</ele>
    <time>2019-09-24T23:18:17.000Z</time>
   </trkpt>
   <trkpt lat="-8.042125" lon="-34.902706">
    <ele>8.2</ele>
    <time>2019-09-24T23:18:18.000Z</time>
   </trkpt>
   <trkpt lat="-8.042161" lon="-34.902681">
    <ele>8.2</ele>
    <time>2019-09-24T23:18:19.000Z</time>
   </trkpt>
   <trkpt lat="-8.042195" lon="-34.902661">
    <ele>8.2</ele>
    <time>2019-09-24T23:18:20.000Z</time>
   </trkpt>
   <trkpt lat="-8.042229" lon="-34.902642">
    <ele>8.2</ele>
    <time>2019-09-24T23:18:21.000Z</time>
   </trkpt>
   <trkpt lat="-8.042265" lon="-34.902621">
    <ele>8.2</ele>
    <time>2019-09-24T23:18:22.000Z</time>
   </trkpt>
   <trkpt lat="-8.0423" lon="-34.902595">
    <ele>8.2</ele>
    <time>2019-09-24T23:18:23.000Z</time>
   </trkpt>
   <trkpt lat="-8.042333" lon="-34.902577">
    <ele>8.2</ele>
    <time>2019-09-24T23:18:24.000Z</time>
   </trkpt>
   <trkpt lat="-8.042367" lon="-34.902567">
    <ele>8.2</ele>
    <time>2019-09-24T23:18:25.000Z</time>
   </trkpt>
   <trkpt lat="-8.042403" lon="-34.902554">
    <ele>8.3</ele>
    <time>2019-09-24T23:18:26.000Z</time>
   </trkpt>
   <trkpt lat="-8.042439" lon="-34.902544">
    <ele>8.4</ele>
    <time>2019-09-24T23:18:27.000Z</time>
   </trkpt>
   <trkpt lat="-8.042484" lon="-34.902523">
    <ele>8.6</ele>
    <time>2019-09-24T23:18:28.000Z</time>
   </trkpt>
   <trkpt lat="-8.042521" lon="-34.902516">
    <ele>8.7</ele>
    <time>2019-09-24T23:18:29.000Z</time>
   </trkpt>
   <trkpt lat="-8.042558" lon="-34.90251">
    <ele>8.9</ele>
    <time>2019-09-24T23:18:30.000Z</time>
   </trkpt>
   <trkpt lat="-8.042591" lon="-34.902501">
    <ele>9.1</ele>
    <time>2019-09-24T23:18:31.000Z</time>
   </trkpt>
   <trkpt lat="-8.042624" lon="-34.902488">
    <ele>9.3</ele>
    <time>2019-09-24T23:18:32.000Z</time>
   </trkpt>
   <trkpt lat="-8.042659" lon="-34.902476">
    <ele>9.6</ele>
    <time>2019-09-24T23:18:33.000Z</time>
   </trkpt>
   <trkpt lat="-8.042695" lon="-34.902455">
    <ele>9.9</ele>
    <time>2019-09-24T23:18:34.000Z</time>
   </trkpt>
   <trkpt lat="-8.042735" lon="-34.902439">
    <ele>10.3</ele>
    <time>2019-09-24T23:18:35.000Z</time>
   </trkpt>
   <trkpt lat="-8.042776" lon="-34.90243">
    <ele>10.6</ele>
    <time>2019-09-24T23:18:36.000Z</time>
   </trkpt>
   <trkpt lat="-8.042813" lon="-34.902421">
    <ele>10.9</ele>
    <time>2019-09-24T23:18:37.000Z</time>
   </trkpt>
   <trkpt lat="-8.042857" lon="-34.902413">
    <ele>11.3</ele>
    <time>2019-09-24T23:18:38.000Z</time>
   </trkpt>
   <trkpt lat="-8.042902" lon="-34.902404">
    <ele>11.6</ele>
    <time>2019-09-24T23:18:39.000Z</time>
   </trkpt>
   <trkpt lat="-8.042945" lon="-34.90239">
    <ele>11.9</ele>
    <time>2019-09-24T23:18:40.000Z</time>
   </trkpt>
   <trkpt lat="-8.042987" lon="-34.902372">
    <ele>12.1</ele>
    <time>2019-09-24T23:18:41.000Z</time>
   </trkpt>
   <trkpt lat="-8.043032" lon="-34.902356">
    <ele>12.3</ele>
    <time>2019-09-24T23:18:42.000Z</time>
   </trkpt>
   <trkpt lat="-8.043081" lon="-34.902347">
    <ele>12.5</ele>
    <time>2019-09-24T23:18:43.000Z</time>
   </trkpt>
   <trkpt lat="-8.043124" lon="-34.902332">
    <ele>12.7</ele>
    <time>2019-09-24T23:18:44.000Z</time>
   </trkpt>
   <trkpt lat="-8.043165" lon="-34.902328">
    <ele>12.8</ele>
    <time>2019-09-24T23:18:45.000Z</time>
   </trkpt>
   <trkpt lat="-8.043204" lon="-34.902324">
    <ele>12.9</ele>
    <time>2019-09-24T23:18:46.000Z</time>
   </trkpt>
   <trkpt lat="-8.043244" lon="-34.902319">
    <ele>12.9</ele>
    <time>2019-09-24T23:18:47.000Z</time>
   </trkpt>
   <trkpt lat="-8.043287" lon="-34.902317">
    <ele>13</ele>
    <time>2019-09-24T23:18:48.000Z</time>
   </trkpt>
   <trkpt lat="-8.043323" lon="-34.9023">
    <ele>13.1</ele>
    <time>2019-09-24T23:18:49.000Z</time>
   </trkpt>
   <trkpt lat="-8.043366" lon="-34.902287">
    <ele>13.2</ele>
    <time>2019-09-24T23:18:50.000Z</time>
   </trkpt>
   <trkpt lat="-8.043397" lon="-34.902259">
    <ele>13.3</ele>
    <time>2019-09-24T23:18:51.000Z</time>
   </trkpt>
   <trkpt lat="-8.043429" lon="-34.902248">
    <ele>13.4</ele>
    <time>2019-09-24T23:18:52.000Z</time>
   </trkpt>
   <trkpt lat="-8.043466" lon="-34.902248">
    <ele>13.5</ele>
    <time>2019-09-24T23:18:53.000Z</time>
   </trkpt>
   <trkpt lat="-8.043509" lon="-34.902248">
    <ele>13.6</ele>
    <time>2019-09-24T23:18:54.000Z</time>
   </trkpt>
   <trkpt lat="-8.043543" lon="-34.902242">
    <ele>13.7</ele>
    <time>2019-09-24T23:18:55.000Z</time>
   </trkpt>
   <trkpt lat="-8.043579" lon="-34.902238">
    <ele>13.8</ele>
    <time>2019-09-24T23:18:56.000Z</time>
   </trkpt>
   <trkpt lat="-8.043608" lon="-34.902245">
    <ele>13.8</ele>
    <time>2019-09-24T23:18:57.000Z</time>
   </trkpt>
   <trkpt lat="-8.043635" lon="-34.90224">
    <ele>13.8</ele>
    <time>2019-09-24T23:18:58.000Z</time>
   </trkpt>
   <trkpt lat="-8.043677" lon="-34.90224">
    <ele>13.9</ele>
    <time>2019-09-24T23:19:00.000Z</time>
   </trkpt>
   <trkpt lat="-8.043708" lon="-34.902242">
    <ele>13.9</ele>
    <time>2019-09-24T23:19:02.000Z</time>
   </trkpt>
   <trkpt lat="-8.043745" lon="-34.902255">
    <ele>13.7</ele>
    <time>2019-09-24T23:19:05.000Z</time>
   </trkpt>
   <trkpt lat="-8.043829" lon="-34.902205">
    <ele>13.5</ele>
    <time>2019-09-24T23:19:48.000Z</time>
   </trkpt>
   <trkpt lat="-8.043861" lon="-34.902209">
    <ele>13.4</ele>
    <time>2019-09-24T23:19:49.000Z</time>
   </trkpt>
   <trkpt lat="-8.043909" lon="-34.902233">
    <ele>12.9</ele>
    <time>2019-09-24T23:19:51.000Z</time>
   </trkpt>
   <trkpt lat="-8.043944" lon="-34.902275">
    <ele>12.9</ele>
    <time>2019-09-24T23:19:52.000Z</time>
   </trkpt>
   <trkpt lat="-8.043975" lon="-34.902312">
    <ele>12.9</ele>
    <time>2019-09-24T23:19:53.000Z</time>
   </trkpt>
   <trkpt lat="-8.044004" lon="-34.902341">
    <ele>12.5</ele>
    <time>2019-09-24T23:19:54.000Z</time>
   </trkpt>
   <trkpt lat="-8.044024" lon="-34.902372">
    <ele>12.3</ele>
    <time>2019-09-24T23:19:55.000Z</time>
   </trkpt>
   <trkpt lat="-8.044045" lon="-34.902407">
    <ele>12</ele>
    <time>2019-09-24T23:19:56.000Z</time>
   </trkpt>
   <trkpt lat="-8.044066" lon="-34.902441">
    <ele>11.8</ele>
    <time>2019-09-24T23:19:57.000Z</time>
   </trkpt>
   <trkpt lat="-8.044082" lon="-34.902474">
    <ele>11.6</ele>
    <time>2019-09-24T23:19:58.000Z</time>
   </trkpt>
   <trkpt lat="-8.044096" lon="-34.902524">
    <ele>11.4</ele>
    <time>2019-09-24T23:19:59.000Z</time>
   </trkpt>
   <trkpt lat="-8.044106" lon="-34.902555">
    <ele>11.3</ele>
    <time>2019-09-24T23:20:00.000Z</time>
   </trkpt>
   <trkpt lat="-8.044119" lon="-34.902596">
    <ele>11.1</ele>
    <time>2019-09-24T23:20:01.000Z</time>
   </trkpt>
   <trkpt lat="-8.044131" lon="-34.902636">
    <ele>10.9</ele>
    <time>2019-09-24T23:20:02.000Z</time>
   </trkpt>
   <trkpt lat="-8.044149" lon="-34.902683">
    <ele>10.6</ele>
    <time>2019-09-24T23:20:03.000Z</time>
   </trkpt>
   <trkpt lat="-8.04417" lon="-34.902721">
    <ele>10.4</ele>
    <time>2019-09-24T23:20:04.000Z</time>
   </trkpt>
   <trkpt lat="-8.044195" lon="-34.902769">
    <ele>10.2</ele>
    <time>2019-09-24T23:20:05.000Z</time>
   </trkpt>
   <trkpt lat="-8.044225" lon="-34.9028">
    <ele>10</ele>
    <time>2019-09-24T23:20:06.000Z</time>
   </trkpt>
   <trkpt lat="-8.04425" lon="-34.902848">
    <ele>9.7</ele>
    <time>2019-09-24T23:20:07.000Z</time>
   </trkpt>
   <trkpt lat="-8.044267" lon="-34.902894">
    <ele>9.5</ele>
    <time>2019-09-24T23:20:08.000Z</time>
   </trkpt>
   <trkpt lat="-8.044292" lon="-34.902931">
    <ele>9.4</ele>
    <time>2019-09-24T23:20:09.000Z</time>
   </trkpt>
   <trkpt lat="-8.044313" lon="-34.90298">
    <ele>9.2</ele>
    <time>2019-09-24T23:20:10.000Z</time>
   </trkpt>
   <trkpt lat="-8.044336" lon="-34.903012">
    <ele>9</ele>
    <time>2019-09-24T23:20:11.000Z</time>
   </trkpt>
   <trkpt lat="-8.044357" lon="-34.903052">
    <ele>8.8</ele>
    <time>2019-09-24T23:20:13.000Z</time>
   </trkpt>
   <trkpt lat="-8.044379" lon="-34.903082">
    <ele>8.7</ele>
    <time>2019-09-24T23:20:14.000Z</time>
   </trkpt>
   <trkpt lat="-8.044402" lon="-34.903116">
    <ele>8.5</ele>
    <time>2019-09-24T23:20:15.000Z</time>
   </trkpt>
   <trkpt lat="-8.044422" lon="-34.903152">
    <ele>8.4</ele>
    <time>2019-09-24T23:20:16.000Z</time>
   </trkpt>
   <trkpt lat="-8.044456" lon="-34.903189">
    <ele>8.2</ele>
    <time>2019-09-24T23:20:17.000Z</time>
   </trkpt>
   <trkpt lat="-8.044497" lon="-34.903216">
    <ele>7.9</ele>
    <time>2019-09-24T23:20:18.000Z</time>
   </trkpt>
   <trkpt lat="-8.044541" lon="-34.903231">
    <ele>8</ele>
    <time>2019-09-24T23:20:19.000Z</time>
   </trkpt>
   <trkpt lat="-8.044587" lon="-34.903226">
    <ele>8</ele>
    <time>2019-09-24T23:20:20.000Z</time>
   </trkpt>
   <trkpt lat="-8.044638" lon="-34.9032">
    <ele>8</ele>
    <time>2019-09-24T23:20:21.000Z</time>
   </trkpt>
   <trkpt lat="-8.044689" lon="-34.903181">
    <ele>8.1</ele>
    <time>2019-09-24T23:20:22.000Z</time>
   </trkpt>
   <trkpt lat="-8.044737" lon="-34.903161">
    <ele>8.2</ele>
    <time>2019-09-24T23:20:23.000Z</time>
   </trkpt>
   <trkpt lat="-8.044783" lon="-34.90314">
    <ele>8.2</ele>
    <time>2019-09-24T23:20:24.000Z</time>
   </trkpt>
   <trkpt lat="-8.044827" lon="-34.903118">
    <ele>8.3</ele>
    <time>2019-09-24T23:20:25.000Z</time>
   </trkpt>
   <trkpt lat="-8.044866" lon="-34.903101">
    <ele>8.4</ele>
    <time>2019-09-24T23:20:26.000Z</time>
   </trkpt>
   <trkpt lat="-8.044906" lon="-34.903082">
    <ele>8.4</ele>
    <time>2019-09-24T23:20:27.000Z</time>
   </trkpt>
   <trkpt lat="-8.044939" lon="-34.903061">
    <ele>8.5</ele>
    <time>2019-09-24T23:20:28.000Z</time>
   </trkpt>
   <trkpt lat="-8.044973" lon="-34.903047">
    <ele>8.5</ele>
    <time>2019-09-24T23:20:29.000Z</time>
   </trkpt>
   <trkpt lat="-8.045008" lon="-34.903036">
    <ele>8.6</ele>
    <time>2019-09-24T23:20:30.000Z</time>
   </trkpt>
   <trkpt lat="-8.045047" lon="-34.903023">
    <ele>8.7</ele>
    <time>2019-09-24T23:20:31.000Z</time>
   </trkpt>
   <trkpt lat="-8.045085" lon="-34.903011">
    <ele>8.7</ele>
    <time>2019-09-24T23:20:32.000Z</time>
   </trkpt>
   <trkpt lat="-8.04512" lon="-34.903004">
    <ele>8.8</ele>
    <time>2019-09-24T23:20:33.000Z</time>
   </trkpt>
   <trkpt lat="-8.045145" lon="-34.902994">
    <ele>8.8</ele>
    <time>2019-09-24T23:20:34.000Z</time>
   </trkpt>
   <trkpt lat="-8.045181" lon="-34.90299">
    <ele>8.8</ele>
    <time>2019-09-24T23:20:35.000Z</time>
   </trkpt>
   <trkpt lat="-8.045209" lon="-34.90299">
    <ele>8</ele>
    <time>2019-09-24T23:20:36.000Z</time>
   </trkpt>
   <trkpt lat="-8.045251" lon="-34.903004">
    <ele>7.3</ele>
    <time>2019-09-24T23:20:37.000Z</time>
   </trkpt>
   <trkpt lat="-8.045289" lon="-34.903025">
    <ele>6.7</ele>
    <time>2019-09-24T23:20:39.000Z</time>
   </trkpt>
   <trkpt lat="-8.045301" lon="-34.903056">
    <ele>6.2</ele>
    <time>2019-09-24T23:20:40.000Z</time>
   </trkpt>
   <trkpt lat="-8.045313" lon="-34.903105">
    <ele>6.4</ele>
    <time>2019-09-24T23:20:41.000Z</time>
   </trkpt>
   <trkpt lat="-8.045322" lon="-34.903147">
    <ele>6.5</ele>
    <time>2019-09-24T23:20:42.000Z</time>
   </trkpt>
   <trkpt lat="-8.045333" lon="-34.903185">
    <ele>6.5</ele>
    <time>2019-09-24T23:20:43.000Z</time>
   </trkpt>
   <trkpt lat="-8.045335" lon="-34.903224">
    <ele>6.6</ele>
    <time>2019-09-24T23:20:44.000Z</time>
   </trkpt>
   <trkpt lat="-8.045348" lon="-34.903265">
    <ele>6.7</ele>
    <time>2019-09-24T23:20:45.000Z</time>
   </trkpt>
   <trkpt lat="-8.045358" lon="-34.903312">
    <ele>6.7</ele>
    <time>2019-09-24T23:20:46.000Z</time>
   </trkpt>
   <trkpt lat="-8.045369" lon="-34.903352">
    <ele>6.8</ele>
    <time>2019-09-24T23:20:47.000Z</time>
   </trkpt>
   <trkpt lat="-8.045378" lon="-34.903392">
    <ele>6.8</ele>
    <time>2019-09-24T23:20:48.000Z</time>
   </trkpt>
   <trkpt lat="-8.045388" lon="-34.903444">
    <ele>6.9</ele>
    <time>2019-09-24T23:20:49.000Z</time>
   </trkpt>
   <trkpt lat="-8.045394" lon="-34.903483">
    <ele>6.9</ele>
    <time>2019-09-24T23:20:50.000Z</time>
   </trkpt>
   <trkpt lat="-8.045405" lon="-34.903524">
    <ele>6.9</ele>
    <time>2019-09-24T23:20:51.000Z</time>
   </trkpt>
   <trkpt lat="-8.045413" lon="-34.903563">
    <ele>6.9</ele>
    <time>2019-09-24T23:20:52.000Z</time>
   </trkpt>
   <trkpt lat="-8.045431" lon="-34.903607">
    <ele>6.9</ele>
    <time>2019-09-24T23:20:53.000Z</time>
   </trkpt>
   <trkpt lat="-8.045441" lon="-34.903649">
    <ele>6.8</ele>
    <time>2019-09-24T23:20:54.000Z</time>
   </trkpt>
   <trkpt lat="-8.045443" lon="-34.90368">
    <ele>6.8</ele>
    <time>2019-09-24T23:20:55.000Z</time>
   </trkpt>
   <trkpt lat="-8.045455" lon="-34.903723">
    <ele>6.8</ele>
    <time>2019-09-24T23:20:56.000Z</time>
   </trkpt>
   <trkpt lat="-8.045462" lon="-34.903756">
    <ele>6.7</ele>
    <time>2019-09-24T23:20:57.000Z</time>
   </trkpt>
   <trkpt lat="-8.045467" lon="-34.903793">
    <ele>6.7</ele>
    <time>2019-09-24T23:20:59.000Z</time>
   </trkpt>
   <trkpt lat="-8.045476" lon="-34.903819">
    <ele>6.6</ele>
    <time>2019-09-24T23:21:00.000Z</time>
   </trkpt>
   <trkpt lat="-8.045494" lon="-34.903876">
    <ele>6.5</ele>
    <time>2019-09-24T23:21:02.000Z</time>
   </trkpt>
   <trkpt lat="-8.045499" lon="-34.903906">
    <ele>6.5</ele>
    <time>2019-09-24T23:21:03.000Z</time>
   </trkpt>
   <trkpt lat="-8.045504" lon="-34.903942">
    <ele>6.4</ele>
    <time>2019-09-24T23:21:05.000Z</time>
   </trkpt>
   <trkpt lat="-8.045508" lon="-34.903975">
    <ele>6.3</ele>
    <time>2019-09-24T23:21:07.000Z</time>
   </trkpt>
   <trkpt lat="-8.045519" lon="-34.904018">
    <ele>6.2</ele>
    <time>2019-09-24T23:21:09.000Z</time>
   </trkpt>
   <trkpt lat="-8.045534" lon="-34.904063">
    <ele>6</ele>
    <time>2019-09-24T23:21:12.000Z</time>
   </trkpt>
   <trkpt lat="-8.045537" lon="-34.9041">
    <ele>5.9</ele>
    <time>2019-09-24T23:21:13.000Z</time>
   </trkpt>
   <trkpt lat="-8.045543" lon="-34.904132">
    <ele>6.1</ele>
    <time>2019-09-24T23:21:14.000Z</time>
   </trkpt>
   <trkpt lat="-8.045554" lon="-34.90416">
    <ele>6.2</ele>
    <time>2019-09-24T23:21:15.000Z</time>
   </trkpt>
   <trkpt lat="-8.045562" lon="-34.904197">
    <ele>6.4</ele>
    <time>2019-09-24T23:21:16.000Z</time>
   </trkpt>
   <trkpt lat="-8.045578" lon="-34.904247">
    <ele>6.7</ele>
    <time>2019-09-24T23:21:17.000Z</time>
   </trkpt>
   <trkpt lat="-8.045588" lon="-34.904278">
    <ele>6.8</ele>
    <time>2019-09-24T23:21:18.000Z</time>
   </trkpt>
   <trkpt lat="-8.045589" lon="-34.904326">
    <ele>7.3</ele>
    <time>2019-09-24T23:21:19.000Z</time>
   </trkpt>
   <trkpt lat="-8.045598" lon="-34.904372">
    <ele>7.2</ele>
    <time>2019-09-24T23:21:20.000Z</time>
   </trkpt>
   <trkpt lat="-8.045603" lon="-34.904411">
    <ele>7.2</ele>
    <time>2019-09-24T23:21:21.000Z</time>
   </trkpt>
   <trkpt lat="-8.045605" lon="-34.904452">
    <ele>7.1</ele>
    <time>2019-09-24T23:21:22.000Z</time>
   </trkpt>
   <trkpt lat="-8.04561" lon="-34.904507">
    <ele>7.1</ele>
    <time>2019-09-24T23:21:23.000Z</time>
   </trkpt>
   <trkpt lat="-8.045606" lon="-34.904544">
    <ele>7.1</ele>
    <time>2019-09-24T23:21:24.000Z</time>
   </trkpt>
   <trkpt lat="-8.045589" lon="-34.904574">
    <ele>7</ele>
    <time>2019-09-24T23:21:25.000Z</time>
   </trkpt>
   <trkpt lat="-8.045592" lon="-34.904617">
    <ele>7</ele>
    <time>2019-09-24T23:21:26.000Z</time>
   </trkpt>
   <trkpt lat="-8.045608" lon="-34.904676">
    <ele>6.9</ele>
    <time>2019-09-24T23:21:28.000Z</time>
   </trkpt>
   <trkpt lat="-8.045618" lon="-34.904713">
    <ele>6.9</ele>
    <time>2019-09-24T23:21:29.000Z</time>
   </trkpt>
   <trkpt lat="-8.045635" lon="-34.904756">
    <ele>6.9</ele>
    <time>2019-09-24T23:21:30.000Z</time>
   </trkpt>
   <trkpt lat="-8.045645" lon="-34.904801">
    <ele>6.8</ele>
    <time>2019-09-24T23:21:31.000Z</time>
   </trkpt>
   <trkpt lat="-8.045642" lon="-34.904834">
    <ele>6.8</ele>
    <time>2019-09-24T23:21:32.000Z</time>
   </trkpt>
   <trkpt lat="-8.04565" lon="-34.904868">
    <ele>6.8</ele>
    <time>2019-09-24T23:21:33.000Z</time>
   </trkpt>
   <trkpt lat="-8.045656" lon="-34.904911">
    <ele>6.7</ele>
    <time>2019-09-24T23:21:34.000Z</time>
   </trkpt>
   <trkpt lat="-8.045654" lon="-34.904963">
    <ele>6.7</ele>
    <time>2019-09-24T23:21:35.000Z</time>
   </trkpt>
   <trkpt lat="-8.045666" lon="-34.905006">
    <ele>6.6</ele>
    <time>2019-09-24T23:21:36.000Z</time>
   </trkpt>
   <trkpt lat="-8.045667" lon="-34.905036">
    <ele>6.6</ele>
    <time>2019-09-24T23:21:37.000Z</time>
   </trkpt>
   <trkpt lat="-8.045666" lon="-34.905085">
    <ele>6.6</ele>
    <time>2019-09-24T23:21:39.000Z</time>
   </trkpt>
   <trkpt lat="-8.045658" lon="-34.90511">
    <ele>6.6</ele>
    <time>2019-09-24T23:21:40.000Z</time>
   </trkpt>
   <trkpt lat="-8.045648" lon="-34.905147">
    <ele>6.5</ele>
    <time>2019-09-24T23:21:42.000Z</time>
   </trkpt>
   <trkpt lat="-8.04566" lon="-34.905223">
    <ele>6.5</ele>
    <time>2019-09-24T23:21:44.000Z</time>
   </trkpt>
   <trkpt lat="-8.04569" lon="-34.905256">
    <ele>6.5</ele>
    <time>2019-09-24T23:21:45.000Z</time>
   </trkpt>
   <trkpt lat="-8.04573" lon="-34.905297">
    <ele>6.5</ele>
    <time>2019-09-24T23:21:47.000Z</time>
   </trkpt>
   <trkpt lat="-8.045758" lon="-34.905325">
    <ele>6.5</ele>
    <time>2019-09-24T23:21:48.000Z</time>
   </trkpt>
   <trkpt lat="-8.045799" lon="-34.90535">
    <ele>6.6</ele>
    <time>2019-09-24T23:21:50.000Z</time>
   </trkpt>
   <trkpt lat="-8.045816" lon="-34.905376">
    <ele>6.6</ele>
    <time>2019-09-24T23:21:51.000Z</time>
   </trkpt>
   <trkpt lat="-8.045839" lon="-34.905406">
    <ele>6.8</ele>
    <time>2019-09-24T23:21:52.000Z</time>
   </trkpt>
   <trkpt lat="-8.045852" lon="-34.905445">
    <ele>6.9</ele>
    <time>2019-09-24T23:21:53.000Z</time>
   </trkpt>
   <trkpt lat="-8.045853" lon="-34.905486">
    <ele>7.1</ele>
    <time>2019-09-24T23:21:54.000Z</time>
   </trkpt>
   <trkpt lat="-8.045855" lon="-34.905528">
    <ele>7.3</ele>
    <time>2019-09-24T23:21:55.000Z</time>
   </trkpt>
   <trkpt lat="-8.045883" lon="-34.905563">
    <ele>7.5</ele>
    <time>2019-09-24T23:21:57.000Z</time>
   </trkpt>
   <trkpt lat="-8.045869" lon="-34.905613">
    <ele>7.6</ele>
    <time>2019-09-24T23:21:59.000Z</time>
   </trkpt>
   <trkpt lat="-8.045835" lon="-34.905644">
    <ele>7.8</ele>
    <time>2019-09-24T23:22:00.000Z</time>
   </trkpt>
   <trkpt lat="-8.045811" lon="-34.905694">
    <ele>7.9</ele>
    <time>2019-09-24T23:22:01.000Z</time>
   </trkpt>
   <trkpt lat="-8.045797" lon="-34.90573">
    <ele>8</ele>
    <time>2019-09-24T23:22:02.000Z</time>
   </trkpt>
   <trkpt lat="-8.045778" lon="-34.905781">
    <ele>8.1</ele>
    <time>2019-09-24T23:22:03.000Z</time>
   </trkpt>
   <trkpt lat="-8.045773" lon="-34.905822">
    <ele>8.2</ele>
    <time>2019-09-24T23:22:04.000Z</time>
   </trkpt>
   <trkpt lat="-8.045771" lon="-34.905861">
    <ele>8.3</ele>
    <time>2019-09-24T23:22:05.000Z</time>
   </trkpt>
   <trkpt lat="-8.045775" lon="-34.905911">
    <ele>8.5</ele>
    <time>2019-09-24T23:22:06.000Z</time>
   </trkpt>
   <trkpt lat="-8.045784" lon="-34.90595">
    <ele>8.7</ele>
    <time>2019-09-24T23:22:07.000Z</time>
   </trkpt>
   <trkpt lat="-8.045778" lon="-34.905978">
    <ele>8.8</ele>
    <time>2019-09-24T23:22:08.000Z</time>
   </trkpt>
   <trkpt lat="-8.045786" lon="-34.906009">
    <ele>9</ele>
    <time>2019-09-24T23:22:09.000Z</time>
   </trkpt>
   <trkpt lat="-8.045789" lon="-34.906044">
    <ele>9.2</ele>
    <time>2019-09-24T23:22:10.000Z</time>
   </trkpt>
   <trkpt lat="-8.045786" lon="-34.906077">
    <ele>9.3</ele>
    <time>2019-09-24T23:22:11.000Z</time>
   </trkpt>
   <trkpt lat="-8.045796" lon="-34.90612">
    <ele>9.5</ele>
    <time>2019-09-24T23:22:12.000Z</time>
   </trkpt>
   <trkpt lat="-8.045777" lon="-34.906154">
    <ele>9.6</ele>
    <time>2019-09-24T23:22:14.000Z</time>
   </trkpt>
   <trkpt lat="-8.045776" lon="-34.906188">
    <ele>9.7</ele>
    <time>2019-09-24T23:22:15.000Z</time>
   </trkpt>
   <trkpt lat="-8.045762" lon="-34.906227">
    <ele>9.8</ele>
    <time>2019-09-24T23:22:17.000Z</time>
   </trkpt>
   <trkpt lat="-8.045792" lon="-34.906271">
    <ele>10</ele>
    <time>2019-09-24T23:22:19.000Z</time>
   </trkpt>
   <trkpt lat="-8.045829" lon="-34.906287">
    <ele>10.1</ele>
    <time>2019-09-24T23:22:20.000Z</time>
   </trkpt>
   <trkpt lat="-8.045842" lon="-34.906333">
    <ele>10.3</ele>
    <time>2019-09-24T23:22:22.000Z</time>
   </trkpt>
   <trkpt lat="-8.045893" lon="-34.906357">
    <ele>10.6</ele>
    <time>2019-09-24T23:22:23.000Z</time>
   </trkpt>
   <trkpt lat="-8.045919" lon="-34.906396">
    <ele>10.7</ele>
    <time>2019-09-24T23:22:24.000Z</time>
   </trkpt>
   <trkpt lat="-8.045923" lon="-34.906427">
    <ele>10.8</ele>
    <time>2019-09-24T23:22:25.000Z</time>
   </trkpt>
   <trkpt lat="-8.045935" lon="-34.906469">
    <ele>10.9</ele>
    <time>2019-09-24T23:22:26.000Z</time>
   </trkpt>
   <trkpt lat="-8.045949" lon="-34.906513">
    <ele>11</ele>
    <time>2019-09-24T23:22:27.000Z</time>
   </trkpt>
   <trkpt lat="-8.045967" lon="-34.906554">
    <ele>11.1</ele>
    <time>2019-09-24T23:22:28.000Z</time>
   </trkpt>
   <trkpt lat="-8.045987" lon="-34.906579">
    <ele>11.1</ele>
    <time>2019-09-24T23:22:29.000Z</time>
   </trkpt>
   <trkpt lat="-8.04602" lon="-34.906609">
    <ele>11.2</ele>
    <time>2019-09-24T23:22:31.000Z</time>
   </trkpt>
   <trkpt lat="-8.046025" lon="-34.906647">
    <ele>11.3</ele>
    <time>2019-09-24T23:22:32.000Z</time>
   </trkpt>
   <trkpt lat="-8.046035" lon="-34.906676">
    <ele>11.3</ele>
    <time>2019-09-24T23:22:33.000Z</time>
   </trkpt>
   <trkpt lat="-8.046026" lon="-34.906717">
    <ele>11.5</ele>
    <time>2019-09-24T23:22:34.000Z</time>
   </trkpt>
   <trkpt lat="-8.046023" lon="-34.906755">
    <ele>11.6</ele>
    <time>2019-09-24T23:22:35.000Z</time>
   </trkpt>
   <trkpt lat="-8.046023" lon="-34.906793">
    <ele>11.8</ele>
    <time>2019-09-24T23:22:36.000Z</time>
   </trkpt>
   <trkpt lat="-8.046032" lon="-34.906858">
    <ele>12</ele>
    <time>2019-09-24T23:22:37.000Z</time>
   </trkpt>
   <trkpt lat="-8.046029" lon="-34.90692">
    <ele>12.3</ele>
    <time>2019-09-24T23:22:38.000Z</time>
   </trkpt>
   <trkpt lat="-8.046047" lon="-34.906974">
    <ele>12.5</ele>
    <time>2019-09-24T23:22:39.000Z</time>
   </trkpt>
   <trkpt lat="-8.046062" lon="-34.907023">
    <ele>12.6</ele>
    <time>2019-09-24T23:22:40.000Z</time>
   </trkpt>
   <trkpt lat="-8.046069" lon="-34.907059">
    <ele>12.7</ele>
    <time>2019-09-24T23:22:41.000Z</time>
   </trkpt>
   <trkpt lat="-8.046075" lon="-34.907095">
    <ele>12.7</ele>
    <time>2019-09-24T23:22:42.000Z</time>
   </trkpt>
   <trkpt lat="-8.046074" lon="-34.907132">
    <ele>12.7</ele>
    <time>2019-09-24T23:22:43.000Z</time>
   </trkpt>
   <trkpt lat="-8.046074" lon="-34.90717">
    <ele>12.7</ele>
    <time>2019-09-24T23:22:44.000Z</time>
   </trkpt>
   <trkpt lat="-8.04604" lon="-34.907242">
    <ele>12.7</ele>
    <time>2019-09-24T23:22:45.000Z</time>
   </trkpt>
   <trkpt lat="-8.04604" lon="-34.907286">
    <ele>12.7</ele>
    <time>2019-09-24T23:22:46.000Z</time>
   </trkpt>
   <trkpt lat="-8.046048" lon="-34.907339">
    <ele>12.7</ele>
    <time>2019-09-24T23:22:47.000Z</time>
   </trkpt>
   <trkpt lat="-8.046054" lon="-34.907385">
    <ele>12.7</ele>
    <time>2019-09-24T23:22:48.000Z</time>
   </trkpt>
   <trkpt lat="-8.046054" lon="-34.907432">
    <ele>12.7</ele>
    <time>2019-09-24T23:22:49.000Z</time>
   </trkpt>
   <trkpt lat="-8.046038" lon="-34.907491">
    <ele>12.7</ele>
    <time>2019-09-24T23:22:50.000Z</time>
   </trkpt>
   <trkpt lat="-8.046042" lon="-34.907528">
    <ele>12.7</ele>
    <time>2019-09-24T23:22:51.000Z</time>
   </trkpt>
   <trkpt lat="-8.04603" lon="-34.907564">
    <ele>12.8</ele>
    <time>2019-09-24T23:22:52.000Z</time>
   </trkpt>
   <trkpt lat="-8.046028" lon="-34.907593">
    <ele>12.8</ele>
    <time>2019-09-24T23:22:53.000Z</time>
   </trkpt>
   <trkpt lat="-8.046025" lon="-34.907638">
    <ele>12.8</ele>
    <time>2019-09-24T23:22:54.000Z</time>
   </trkpt>
   <trkpt lat="-8.046019" lon="-34.90768">
    <ele>12.8</ele>
    <time>2019-09-24T23:22:55.000Z</time>
   </trkpt>
   <trkpt lat="-8.04604" lon="-34.907725">
    <ele>12.9</ele>
    <time>2019-09-24T23:22:56.000Z</time>
   </trkpt>
   <trkpt lat="-8.046048" lon="-34.907765">
    <ele>13</ele>
    <time>2019-09-24T23:22:57.000Z</time>
   </trkpt>
   <trkpt lat="-8.04606" lon="-34.907808">
    <ele>13</ele>
    <time>2019-09-24T23:22:58.000Z</time>
   </trkpt>
   <trkpt lat="-8.046076" lon="-34.907845">
    <ele>13.1</ele>
    <time>2019-09-24T23:22:59.000Z</time>
   </trkpt>
   <trkpt lat="-8.046092" lon="-34.90789">
    <ele>13.2</ele>
    <time>2019-09-24T23:23:00.000Z</time>
   </trkpt>
   <trkpt lat="-8.0461" lon="-34.907923">
    <ele>13.3</ele>
    <time>2019-09-24T23:23:01.000Z</time>
   </trkpt>
   <trkpt lat="-8.046113" lon="-34.907949">
    <ele>13.4</ele>
    <time>2019-09-24T23:23:02.000Z</time>
   </trkpt>
   <trkpt lat="-8.046106" lon="-34.90798">
    <ele>13.4</ele>
    <time>2019-09-24T23:23:03.000Z</time>
   </trkpt>
   <trkpt lat="-8.046101" lon="-34.908012">
    <ele>13.5</ele>
    <time>2019-09-24T23:23:04.000Z</time>
   </trkpt>
   <trkpt lat="-8.04609" lon="-34.908047">
    <ele>13.6</ele>
    <time>2019-09-24T23:23:05.000Z</time>
   </trkpt>
   <trkpt lat="-8.046083" lon="-34.908079">
    <ele>13.6</ele>
    <time>2019-09-24T23:23:06.000Z</time>
   </trkpt>
   <trkpt lat="-8.046083" lon="-34.908109">
    <ele>13.6</ele>
    <time>2019-09-24T23:23:07.000Z</time>
   </trkpt>
   <trkpt lat="-8.046063" lon="-34.908153">
    <ele>13.7</ele>
    <time>2019-09-24T23:23:08.000Z</time>
   </trkpt>
   <trkpt lat="-8.046062" lon="-34.908188">
    <ele>13.7</ele>
    <time>2019-09-24T23:23:09.000Z</time>
   </trkpt>
   <trkpt lat="-8.046075" lon="-34.908212">
    <ele>13.7</ele>
    <time>2019-09-24T23:23:10.000Z</time>
   </trkpt>
   <trkpt lat="-8.046099" lon="-34.908243">
    <ele>13.7</ele>
    <time>2019-09-24T23:23:11.000Z</time>
   </trkpt>
   <trkpt lat="-8.046121" lon="-34.908276">
    <ele>13.7</ele>
    <time>2019-09-24T23:23:12.000Z</time>
   </trkpt>
   <trkpt lat="-8.046132" lon="-34.908311">
    <ele>13.8</ele>
    <time>2019-09-24T23:23:14.000Z</time>
   </trkpt>
   <trkpt lat="-8.046152" lon="-34.908344">
    <ele>13.8</ele>
    <time>2019-09-24T23:23:16.000Z</time>
   </trkpt>
   <trkpt lat="-8.046132" lon="-34.908394">
    <ele>13.8</ele>
    <time>2019-09-24T23:23:18.000Z</time>
   </trkpt>
   <trkpt lat="-8.046124" lon="-34.908449">
    <ele>13.9</ele>
    <time>2019-09-24T23:23:20.000Z</time>
   </trkpt>
   <trkpt lat="-8.046132" lon="-34.908481">
    <ele>13.9</ele>
    <time>2019-09-24T23:23:22.000Z</time>
   </trkpt>
   <trkpt lat="-8.046146" lon="-34.908505">
    <ele>13.9</ele>
    <time>2019-09-24T23:23:23.000Z</time>
   </trkpt>
   <trkpt lat="-8.046159" lon="-34.908537">
    <ele>13.9</ele>
    <time>2019-09-24T23:23:24.000Z</time>
   </trkpt>
   <trkpt lat="-8.046179" lon="-34.908559">
    <ele>14</ele>
    <time>2019-09-24T23:23:25.000Z</time>
   </trkpt>
   <trkpt lat="-8.046202" lon="-34.908588">
    <ele>14</ele>
    <time>2019-09-24T23:23:26.000Z</time>
   </trkpt>
   <trkpt lat="-8.04622" lon="-34.908614">
    <ele>14</ele>
    <time>2019-09-24T23:23:27.000Z</time>
   </trkpt>
   <trkpt lat="-8.046227" lon="-34.908673">
    <ele>14.1</ele>
    <time>2019-09-24T23:23:29.000Z</time>
   </trkpt>
   <trkpt lat="-8.046236" lon="-34.908708">
    <ele>14.1</ele>
    <time>2019-09-24T23:23:30.000Z</time>
   </trkpt>
   <trkpt lat="-8.046229" lon="-34.908747">
    <ele>14.2</ele>
    <time>2019-09-24T23:23:31.000Z</time>
   </trkpt>
   <trkpt lat="-8.046227" lon="-34.908803">
    <ele>14.3</ele>
    <time>2019-09-24T23:23:33.000Z</time>
   </trkpt>
   <trkpt lat="-8.04622" lon="-34.908832">
    <ele>14.3</ele>
    <time>2019-09-24T23:23:34.000Z</time>
   </trkpt>
   <trkpt lat="-8.046254" lon="-34.908883">
    <ele>14.3</ele>
    <time>2019-09-24T23:23:36.000Z</time>
   </trkpt>
   <trkpt lat="-8.046255" lon="-34.908927">
    <ele>14.4</ele>
    <time>2019-09-24T23:23:38.000Z</time>
   </trkpt>
   <trkpt lat="-8.04626" lon="-34.908962">
    <ele>14.4</ele>
    <time>2019-09-24T23:23:39.000Z</time>
   </trkpt>
   <trkpt lat="-8.046257" lon="-34.908997">
    <ele>14.4</ele>
    <time>2019-09-24T23:23:40.000Z</time>
   </trkpt>
   <trkpt lat="-8.046249" lon="-34.909023">
    <ele>14.4</ele>
    <time>2019-09-24T23:23:41.000Z</time>
   </trkpt>
   <trkpt lat="-8.046246" lon="-34.909064">
    <ele>14.4</ele>
    <time>2019-09-24T23:23:43.000Z</time>
   </trkpt>
   <trkpt lat="-8.046247" lon="-34.909105">
    <ele>14.4</ele>
    <time>2019-09-24T23:23:44.000Z</time>
   </trkpt>
   <trkpt lat="-8.046252" lon="-34.90914">
    <ele>14.3</ele>
    <time>2019-09-24T23:23:45.000Z</time>
   </trkpt>
   <trkpt lat="-8.04626" lon="-34.909169">
    <ele>14.3</ele>
    <time>2019-09-24T23:23:46.000Z</time>
   </trkpt>
   <trkpt lat="-8.046252" lon="-34.909196">
    <ele>14.3</ele>
    <time>2019-09-24T23:23:47.000Z</time>
   </trkpt>
   <trkpt lat="-8.046264" lon="-34.909225">
    <ele>14.3</ele>
    <time>2019-09-24T23:23:48.000Z</time>
   </trkpt>
   <trkpt lat="-8.046278" lon="-34.909259">
    <ele>14.3</ele>
    <time>2019-09-24T23:23:50.000Z</time>
   </trkpt>
   <trkpt lat="-8.04631" lon="-34.909308">
    <ele>14.2</ele>
    <time>2019-09-24T23:23:55.000Z</time>
   </trkpt>
   <trkpt lat="-8.046316" lon="-34.909346">
    <ele>14.2</ele>
    <time>2019-09-24T23:24:23.000Z</time>
   </trkpt>
   <trkpt lat="-8.046322" lon="-34.909384">
    <ele>14.2</ele>
    <time>2019-09-24T23:24:24.000Z</time>
   </trkpt>
   <trkpt lat="-8.046351" lon="-34.909424">
    <ele>13.7</ele>
    <time>2019-09-24T23:24:26.000Z</time>
   </trkpt>
   <trkpt lat="-8.046401" lon="-34.909419">
    <ele>13.6</ele>
    <time>2019-09-24T23:24:28.000Z</time>
   </trkpt>
   <trkpt lat="-8.046446" lon="-34.909404">
    <ele>13.5</ele>
    <time>2019-09-24T23:24:29.000Z</time>
   </trkpt>
   <trkpt lat="-8.046477" lon="-34.909394">
    <ele>13.4</ele>
    <time>2019-09-24T23:24:30.000Z</time>
   </trkpt>
   <trkpt lat="-8.046522" lon="-34.909383">
    <ele>13.3</ele>
    <time>2019-09-24T23:24:31.000Z</time>
   </trkpt>
   <trkpt lat="-8.046589" lon="-34.909377">
    <ele>13.2</ele>
    <time>2019-09-24T23:24:33.000Z</time>
   </trkpt>
   <trkpt lat="-8.046634" lon="-34.909363">
    <ele>13.1</ele>
    <time>2019-09-24T23:24:34.000Z</time>
   </trkpt>
   <trkpt lat="-8.046678" lon="-34.90935">
    <ele>13</ele>
    <time>2019-09-24T23:24:35.000Z</time>
   </trkpt>
   <trkpt lat="-8.046722" lon="-34.909337">
    <ele>12.7</ele>
    <time>2019-09-24T23:24:36.000Z</time>
   </trkpt>
   <trkpt lat="-8.046766" lon="-34.909327">
    <ele>12.5</ele>
    <time>2019-09-24T23:24:37.000Z</time>
   </trkpt>
   <trkpt lat="-8.046812" lon="-34.909321">
    <ele>12.3</ele>
    <time>2019-09-24T23:24:38.000Z</time>
   </trkpt>
   <trkpt lat="-8.046852" lon="-34.909303">
    <ele>12.1</ele>
    <time>2019-09-24T23:24:39.000Z</time>
   </trkpt>
   <trkpt lat="-8.046886" lon="-34.909288">
    <ele>12</ele>
    <time>2019-09-24T23:24:40.000Z</time>
   </trkpt>
   <trkpt lat="-8.046917" lon="-34.909286">
    <ele>11.9</ele>
    <time>2019-09-24T23:24:41.000Z</time>
   </trkpt>
   <trkpt lat="-8.046944" lon="-34.909283">
    <ele>11.8</ele>
    <time>2019-09-24T23:24:42.000Z</time>
   </trkpt>
   <trkpt lat="-8.046978" lon="-34.909264">
    <ele>11.7</ele>
    <time>2019-09-24T23:24:43.000Z</time>
   </trkpt>
   <trkpt lat="-8.047007" lon="-34.909262">
    <ele>11.6</ele>
    <time>2019-09-24T23:24:44.000Z</time>
   </trkpt>
   <trkpt lat="-8.047035" lon="-34.909259">
    <ele>11.4</ele>
    <time>2019-09-24T23:24:45.000Z</time>
   </trkpt>
   <trkpt lat="-8.047069" lon="-34.909244">
    <ele>11.3</ele>
    <time>2019-09-24T23:24:46.000Z</time>
   </trkpt>
   <trkpt lat="-8.047096" lon="-34.90923">
    <ele>11.2</ele>
    <time>2019-09-24T23:24:47.000Z</time>
   </trkpt>
   <trkpt lat="-8.047139" lon="-34.909225">
    <ele>11.1</ele>
    <time>2019-09-24T23:24:49.000Z</time>
   </trkpt>
   <trkpt lat="-8.047173" lon="-34.909225">
    <ele>11</ele>
    <time>2019-09-24T23:24:51.000Z</time>
   </trkpt>
   <trkpt lat="-8.047198" lon="-34.90921">
    <ele>11</ele>
    <time>2019-09-24T23:24:53.000Z</time>
   </trkpt>
   <trkpt lat="-8.04725" lon="-34.90919">
    <ele>10.9</ele>
    <time>2019-09-24T23:25:27.000Z</time>
   </trkpt>
   <trkpt lat="-8.047296" lon="-34.909175">
    <ele>10.9</ele>
    <time>2019-09-24T23:25:29.000Z</time>
   </trkpt>
   <trkpt lat="-8.047351" lon="-34.909165">
    <ele>10.9</ele>
    <time>2019-09-24T23:25:30.000Z</time>
   </trkpt>
   <trkpt lat="-8.047387" lon="-34.909151">
    <ele>10.8</ele>
    <time>2019-09-24T23:25:31.000Z</time>
   </trkpt>
   <trkpt lat="-8.047433" lon="-34.909133">
    <ele>10.8</ele>
    <time>2019-09-24T23:25:32.000Z</time>
   </trkpt>
   <trkpt lat="-8.047472" lon="-34.909118">
    <ele>10.8</ele>
    <time>2019-09-24T23:25:33.000Z</time>
   </trkpt>
   <trkpt lat="-8.047507" lon="-34.909093">
    <ele>10.7</ele>
    <time>2019-09-24T23:25:34.000Z</time>
   </trkpt>
   <trkpt lat="-8.047552" lon="-34.909079">
    <ele>10.7</ele>
    <time>2019-09-24T23:25:35.000Z</time>
   </trkpt>
   <trkpt lat="-8.04759" lon="-34.909061">
    <ele>10.7</ele>
    <time>2019-09-24T23:25:36.000Z</time>
   </trkpt>
   <trkpt lat="-8.047631" lon="-34.909049">
    <ele>10.7</ele>
    <time>2019-09-24T23:25:37.000Z</time>
   </trkpt>
   <trkpt lat="-8.047673" lon="-34.909044">
    <ele>10.6</ele>
    <time>2019-09-24T23:25:38.000Z</time>
   </trkpt>
   <trkpt lat="-8.047712" lon="-34.909038">
    <ele>10.6</ele>
    <time>2019-09-24T23:25:39.000Z</time>
   </trkpt>
   <trkpt lat="-8.047748" lon="-34.909026">
    <ele>10.5</ele>
    <time>2019-09-24T23:25:40.000Z</time>
   </trkpt>
   <trkpt lat="-8.047782" lon="-34.90902">
    <ele>10.4</ele>
    <time>2019-09-24T23:25:41.000Z</time>
   </trkpt>
   <trkpt lat="-8.047815" lon="-34.909003">
    <ele>10.3</ele>
    <time>2019-09-24T23:25:42.000Z</time>
   </trkpt>
   <trkpt lat="-8.047845" lon="-34.908993">
    <ele>10.2</ele>
    <time>2019-09-24T23:25:43.000Z</time>
   </trkpt>
   <trkpt lat="-8.047874" lon="-34.908978">
    <ele>10.1</ele>
    <time>2019-09-24T23:25:44.000Z</time>
   </trkpt>
   <trkpt lat="-8.047912" lon="-34.908941">
    <ele>9.9</ele>
    <time>2019-09-24T23:25:45.000Z</time>
   </trkpt>
   <trkpt lat="-8.047964" lon="-34.908926">
    <ele>9.7</ele>
    <time>2019-09-24T23:25:46.000Z</time>
   </trkpt>
   <trkpt lat="-8.048015" lon="-34.908917">
    <ele>9.6</ele>
    <time>2019-09-24T23:25:47.000Z</time>
   </trkpt>
   <trkpt lat="-8.048061" lon="-34.908904">
    <ele>9.4</ele>
    <time>2019-09-24T23:25:48.000Z</time>
   </trkpt>
   <trkpt lat="-8.048099" lon="-34.908888">
    <ele>9.5</ele>
    <time>2019-09-24T23:25:49.000Z</time>
   </trkpt>
   <trkpt lat="-8.048136" lon="-34.908875">
    <ele>9.6</ele>
    <time>2019-09-24T23:25:50.000Z</time>
   </trkpt>
   <trkpt lat="-8.048172" lon="-34.908863">
    <ele>9.6</ele>
    <time>2019-09-24T23:25:51.000Z</time>
   </trkpt>
   <trkpt lat="-8.048207" lon="-34.908847">
    <ele>9.6</ele>
    <time>2019-09-24T23:25:52.000Z</time>
   </trkpt>
   <trkpt lat="-8.048243" lon="-34.908834">
    <ele>9.7</ele>
    <time>2019-09-24T23:25:53.000Z</time>
   </trkpt>
   <trkpt lat="-8.048283" lon="-34.908818">
    <ele>9.7</ele>
    <time>2019-09-24T23:25:54.000Z</time>
   </trkpt>
   <trkpt lat="-8.048325" lon="-34.908821">
    <ele>9.7</ele>
    <time>2019-09-24T23:25:55.000Z</time>
   </trkpt>
   <trkpt lat="-8.048371" lon="-34.908814">
    <ele>9.8</ele>
    <time>2019-09-24T23:25:56.000Z</time>
   </trkpt>
   <trkpt lat="-8.048404" lon="-34.908805">
    <ele>9.8</ele>
    <time>2019-09-24T23:25:57.000Z</time>
   </trkpt>
   <trkpt lat="-8.048452" lon="-34.908787">
    <ele>10.3</ele>
    <time>2019-09-24T23:25:58.000Z</time>
   </trkpt>
   <trkpt lat="-8.048494" lon="-34.908775">
    <ele>10.6</ele>
    <time>2019-09-24T23:25:59.000Z</time>
   </trkpt>
   <trkpt lat="-8.048538" lon="-34.908759">
    <ele>11</ele>
    <time>2019-09-24T23:26:01.000Z</time>
   </trkpt>
   <trkpt lat="-8.048574" lon="-34.908743">
    <ele>11.3</ele>
    <time>2019-09-24T23:26:02.000Z</time>
   </trkpt>
   <trkpt lat="-8.048607" lon="-34.908732">
    <ele>11.6</ele>
    <time>2019-09-24T23:26:03.000Z</time>
   </trkpt>
   <trkpt lat="-8.048641" lon="-34.908721">
    <ele>11.8</ele>
    <time>2019-09-24T23:26:04.000Z</time>
   </trkpt>
   <trkpt lat="-8.048681" lon="-34.908702">
    <ele>12.2</ele>
    <time>2019-09-24T23:26:05.000Z</time>
   </trkpt>
   <trkpt lat="-8.048708" lon="-34.908698">
    <ele>12.4</ele>
    <time>2019-09-24T23:26:06.000Z</time>
   </trkpt>
   <trkpt lat="-8.048737" lon="-34.908669">
    <ele>12.7</ele>
    <time>2019-09-24T23:26:07.000Z</time>
   </trkpt>
   <trkpt lat="-8.048775" lon="-34.90865">
    <ele>13</ele>
    <time>2019-09-24T23:26:08.000Z</time>
   </trkpt>
   <trkpt lat="-8.04881" lon="-34.908633">
    <ele>13.2</ele>
    <time>2019-09-24T23:26:09.000Z</time>
   </trkpt>
   <trkpt lat="-8.048842" lon="-34.908624">
    <ele>13.3</ele>
    <time>2019-09-24T23:26:10.000Z</time>
   </trkpt>
   <trkpt lat="-8.048879" lon="-34.908624">
    <ele>13.5</ele>
    <time>2019-09-24T23:26:11.000Z</time>
   </trkpt>
   <trkpt lat="-8.048918" lon="-34.9086">
    <ele>13.8</ele>
    <time>2019-09-24T23:26:12.000Z</time>
   </trkpt>
   <trkpt lat="-8.048951" lon="-34.908586">
    <ele>13.9</ele>
    <time>2019-09-24T23:26:13.000Z</time>
   </trkpt>
   <trkpt lat="-8.048989" lon="-34.90858">
    <ele>13.9</ele>
    <time>2019-09-24T23:26:14.000Z</time>
   </trkpt>
   <trkpt lat="-8.049027" lon="-34.908568">
    <ele>13.6</ele>
    <time>2019-09-24T23:26:15.000Z</time>
   </trkpt>
   <trkpt lat="-8.049061" lon="-34.908548">
    <ele>13.5</ele>
    <time>2019-09-24T23:26:16.000Z</time>
   </trkpt>
   <trkpt lat="-8.049123" lon="-34.908542">
    <ele>13.3</ele>
    <time>2019-09-24T23:26:17.000Z</time>
   </trkpt>
   <trkpt lat="-8.049174" lon="-34.908518">
    <ele>13.1</ele>
    <time>2019-09-24T23:26:18.000Z</time>
   </trkpt>
   <trkpt lat="-8.049219" lon="-34.908501">
    <ele>12.9</ele>
    <time>2019-09-24T23:26:19.000Z</time>
   </trkpt>
   <trkpt lat="-8.049277" lon="-34.908494">
    <ele>12.7</ele>
    <time>2019-09-24T23:26:20.000Z</time>
   </trkpt>
   <trkpt lat="-8.049334" lon="-34.908488">
    <ele>12.5</ele>
    <time>2019-09-24T23:26:21.000Z</time>
   </trkpt>
   <trkpt lat="-8.049374" lon="-34.908471">
    <ele>12.3</ele>
    <time>2019-09-24T23:26:22.000Z</time>
   </trkpt>
   <trkpt lat="-8.049414" lon="-34.908455">
    <ele>12.2</ele>
    <time>2019-09-24T23:26:23.000Z</time>
   </trkpt>
   <trkpt lat="-8.049453" lon="-34.908449">
    <ele>12</ele>
    <time>2019-09-24T23:26:24.000Z</time>
   </trkpt>
   <trkpt lat="-8.04949" lon="-34.908431">
    <ele>11.9</ele>
    <time>2019-09-24T23:26:25.000Z</time>
   </trkpt>
   <trkpt lat="-8.049526" lon="-34.908416">
    <ele>11.8</ele>
    <time>2019-09-24T23:26:26.000Z</time>
   </trkpt>
   <trkpt lat="-8.049565" lon="-34.908406">
    <ele>11.6</ele>
    <time>2019-09-24T23:26:27.000Z</time>
   </trkpt>
   <trkpt lat="-8.0496" lon="-34.908405">
    <ele>11.5</ele>
    <time>2019-09-24T23:26:28.000Z</time>
   </trkpt>
   <trkpt lat="-8.049644" lon="-34.90839">
    <ele>11.3</ele>
    <time>2019-09-24T23:26:29.000Z</time>
   </trkpt>
   <trkpt lat="-8.04968" lon="-34.90838">
    <ele>11.2</ele>
    <time>2019-09-24T23:26:30.000Z</time>
   </trkpt>
   <trkpt lat="-8.049725" lon="-34.908373">
    <ele>11.1</ele>
    <time>2019-09-24T23:26:31.000Z</time>
   </trkpt>
   <trkpt lat="-8.049776" lon="-34.908344">
    <ele>10.9</ele>
    <time>2019-09-24T23:26:32.000Z</time>
   </trkpt>
   <trkpt lat="-8.049819" lon="-34.908336">
    <ele>10.7</ele>
    <time>2019-09-24T23:26:33.000Z</time>
   </trkpt>
   <trkpt lat="-8.049861" lon="-34.90833">
    <ele>10.6</ele>
    <time>2019-09-24T23:26:34.000Z</time>
   </trkpt>
   <trkpt lat="-8.049911" lon="-34.908309">
    <ele>10.4</ele>
    <time>2019-09-24T23:26:35.000Z</time>
   </trkpt>
   <trkpt lat="-8.049946" lon="-34.908287">
    <ele>10.2</ele>
    <time>2019-09-24T23:26:36.000Z</time>
   </trkpt>
   <trkpt lat="-8.049981" lon="-34.908273">
    <ele>10.1</ele>
    <time>2019-09-24T23:26:37.000Z</time>
   </trkpt>
   <trkpt lat="-8.050015" lon="-34.908271">
    <ele>10.1</ele>
    <time>2019-09-24T23:26:38.000Z</time>
   </trkpt>
   <trkpt lat="-8.050044" lon="-34.908253">
    <ele>10</ele>
    <time>2019-09-24T23:26:39.000Z</time>
   </trkpt>
   <trkpt lat="-8.050083" lon="-34.908244">
    <ele>9.9</ele>
    <time>2019-09-24T23:26:40.000Z</time>
   </trkpt>
   <trkpt lat="-8.050122" lon="-34.908234">
    <ele>9.8</ele>
    <time>2019-09-24T23:26:41.000Z</time>
   </trkpt>
   <trkpt lat="-8.05015" lon="-34.908213">
    <ele>9.7</ele>
    <time>2019-09-24T23:26:42.000Z</time>
   </trkpt>
   <trkpt lat="-8.050194" lon="-34.908196">
    <ele>9.6</ele>
    <time>2019-09-24T23:26:43.000Z</time>
   </trkpt>
   <trkpt lat="-8.050238" lon="-34.908186">
    <ele>9.5</ele>
    <time>2019-09-24T23:26:44.000Z</time>
   </trkpt>
   <trkpt lat="-8.050278" lon="-34.908171">
    <ele>9.4</ele>
    <time>2019-09-24T23:26:45.000Z</time>
   </trkpt>
   <trkpt lat="-8.050323" lon="-34.908172">
    <ele>9.3</ele>
    <time>2019-09-24T23:26:46.000Z</time>
   </trkpt>
   <trkpt lat="-8.050362" lon="-34.908173">
    <ele>9.2</ele>
    <time>2019-09-24T23:26:47.000Z</time>
   </trkpt>
   <trkpt lat="-8.050397" lon="-34.908169">
    <ele>9.1</ele>
    <time>2019-09-24T23:26:48.000Z</time>
   </trkpt>
   <trkpt lat="-8.050435" lon="-34.908169">
    <ele>9</ele>
    <time>2019-09-24T23:26:49.000Z</time>
   </trkpt>
   <trkpt lat="-8.050468" lon="-34.908165">
    <ele>8.9</ele>
    <time>2019-09-24T23:26:50.000Z</time>
   </trkpt>
   <trkpt lat="-8.050508" lon="-34.908158">
    <ele>8.7</ele>
    <time>2019-09-24T23:26:51.000Z</time>
   </trkpt>
   <trkpt lat="-8.05055" lon="-34.908161">
    <ele>8.6</ele>
    <time>2019-09-24T23:26:52.000Z</time>
   </trkpt>
   <trkpt lat="-8.050589" lon="-34.908155">
    <ele>8.5</ele>
    <time>2019-09-24T23:26:53.000Z</time>
   </trkpt>
   <trkpt lat="-8.050639" lon="-34.908144">
    <ele>8.3</ele>
    <time>2019-09-24T23:26:54.000Z</time>
   </trkpt>
   <trkpt lat="-8.050683" lon="-34.908145">
    <ele>8.2</ele>
    <time>2019-09-24T23:26:55.000Z</time>
   </trkpt>
   <trkpt lat="-8.05073" lon="-34.908165">
    <ele>8</ele>
    <time>2019-09-24T23:26:56.000Z</time>
   </trkpt>
   <trkpt lat="-8.050778" lon="-34.908168">
    <ele>7.8</ele>
    <time>2019-09-24T23:26:57.000Z</time>
   </trkpt>
   <trkpt lat="-8.050822" lon="-34.908174">
    <ele>7.6</ele>
    <time>2019-09-24T23:26:58.000Z</time>
   </trkpt>
   <trkpt lat="-8.050865" lon="-34.908191">
    <ele>7.5</ele>
    <time>2019-09-24T23:26:59.000Z</time>
   </trkpt>
   <trkpt lat="-8.050907" lon="-34.908209">
    <ele>7.7</ele>
    <time>2019-09-24T23:27:00.000Z</time>
   </trkpt>
   <trkpt lat="-8.050956" lon="-34.908216">
    <ele>7.8</ele>
    <time>2019-09-24T23:27:01.000Z</time>
   </trkpt>
   <trkpt lat="-8.051003" lon="-34.908222">
    <ele>8</ele>
    <time>2019-09-24T23:27:02.000Z</time>
   </trkpt>
   <trkpt lat="-8.051045" lon="-34.90823">
    <ele>8.1</ele>
    <time>2019-09-24T23:27:03.000Z</time>
   </trkpt>
   <trkpt lat="-8.051079" lon="-34.908234">
    <ele>8.2</ele>
    <time>2019-09-24T23:27:04.000Z</time>
   </trkpt>
   <trkpt lat="-8.05112" lon="-34.908248">
    <ele>8.4</ele>
    <time>2019-09-24T23:27:05.000Z</time>
   </trkpt>
   <trkpt lat="-8.051147" lon="-34.908242">
    <ele>8.5</ele>
    <time>2019-09-24T23:27:06.000Z</time>
   </trkpt>
   <trkpt lat="-8.051175" lon="-34.908255">
    <ele>8.6</ele>
    <time>2019-09-24T23:27:07.000Z</time>
   </trkpt>
   <trkpt lat="-8.051209" lon="-34.908261">
    <ele>8.7</ele>
    <time>2019-09-24T23:27:08.000Z</time>
   </trkpt>
   <trkpt lat="-8.051244" lon="-34.908242">
    <ele>8.8</ele>
    <time>2019-09-24T23:27:09.000Z</time>
   </trkpt>
   <trkpt lat="-8.051299" lon="-34.908246">
    <ele>9</ele>
    <time>2019-09-24T23:27:10.000Z</time>
   </trkpt>
   <trkpt lat="-8.051339" lon="-34.908246">
    <ele>8.8</ele>
    <time>2019-09-24T23:27:11.000Z</time>
   </trkpt>
   <trkpt lat="-8.051379" lon="-34.908249">
    <ele>8.7</ele>
    <time>2019-09-24T23:27:12.000Z</time>
   </trkpt>
   <trkpt lat="-8.051417" lon="-34.908259">
    <ele>8.6</ele>
    <time>2019-09-24T23:27:13.000Z</time>
   </trkpt>
   <trkpt lat="-8.051455" lon="-34.908261">
    <ele>8.5</ele>
    <time>2019-09-24T23:27:14.000Z</time>
   </trkpt>
   <trkpt lat="-8.051492" lon="-34.908265">
    <ele>8.4</ele>
    <time>2019-09-24T23:27:15.000Z</time>
   </trkpt>
   <trkpt lat="-8.051528" lon="-34.908287">
    <ele>8.3</ele>
    <time>2019-09-24T23:27:16.000Z</time>
   </trkpt>
   <trkpt lat="-8.051566" lon="-34.908298">
    <ele>8.2</ele>
    <time>2019-09-24T23:27:17.000Z</time>
   </trkpt>
   <trkpt lat="-8.051608" lon="-34.908309">
    <ele>8.2</ele>
    <time>2019-09-24T23:27:18.000Z</time>
   </trkpt>
   <trkpt lat="-8.051658" lon="-34.908314">
    <ele>8.1</ele>
    <time>2019-09-24T23:27:19.000Z</time>
   </trkpt>
   <trkpt lat="-8.051711" lon="-34.908318">
    <ele>8.1</ele>
    <time>2019-09-24T23:27:20.000Z</time>
   </trkpt>
   <trkpt lat="-8.051766" lon="-34.90832">
    <ele>8</ele>
    <time>2019-09-24T23:27:21.000Z</time>
   </trkpt>
   <trkpt lat="-8.051821" lon="-34.908335">
    <ele>8</ele>
    <time>2019-09-24T23:27:22.000Z</time>
   </trkpt>
   <trkpt lat="-8.051867" lon="-34.908334">
    <ele>8</ele>
    <time>2019-09-24T23:27:23.000Z</time>
   </trkpt>
   <trkpt lat="-8.051912" lon="-34.908337">
    <ele>8</ele>
    <time>2019-09-24T23:27:24.000Z</time>
   </trkpt>
   <trkpt lat="-8.051953" lon="-34.908325">
    <ele>8</ele>
    <time>2019-09-24T23:27:25.000Z</time>
   </trkpt>
   <trkpt lat="-8.051992" lon="-34.908328">
    <ele>8</ele>
    <time>2019-09-24T23:27:26.000Z</time>
   </trkpt>
   <trkpt lat="-8.052035" lon="-34.908332">
    <ele>8</ele>
    <time>2019-09-24T23:27:27.000Z</time>
   </trkpt>
   <trkpt lat="-8.052071" lon="-34.908337">
    <ele>8</ele>
    <time>2019-09-24T23:27:28.000Z</time>
   </trkpt>
   <trkpt lat="-8.052109" lon="-34.908344">
    <ele>8</ele>
    <time>2019-09-24T23:27:29.000Z</time>
   </trkpt>
   <trkpt lat="-8.052152" lon="-34.908341">
    <ele>8</ele>
    <time>2019-09-24T23:27:30.000Z</time>
   </trkpt>
   <trkpt lat="-8.052193" lon="-34.908353">
    <ele>8</ele>
    <time>2019-09-24T23:27:31.000Z</time>
   </trkpt>
   <trkpt lat="-8.052235" lon="-34.908366">
    <ele>8.1</ele>
    <time>2019-09-24T23:27:32.000Z</time>
   </trkpt>
   <trkpt lat="-8.052285" lon="-34.908386">
    <ele>8.3</ele>
    <time>2019-09-24T23:27:33.000Z</time>
   </trkpt>
   <trkpt lat="-8.052325" lon="-34.9084">
    <ele>8.3</ele>
    <time>2019-09-24T23:27:34.000Z</time>
   </trkpt>
   <trkpt lat="-8.052366" lon="-34.908408">
    <ele>8.4</ele>
    <time>2019-09-24T23:27:35.000Z</time>
   </trkpt>
   <trkpt lat="-8.052409" lon="-34.908418">
    <ele>8.5</ele>
    <time>2019-09-24T23:27:36.000Z</time>
   </trkpt>
   <trkpt lat="-8.052451" lon="-34.908428">
    <ele>8.6</ele>
    <time>2019-09-24T23:27:37.000Z</time>
   </trkpt>
   <trkpt lat="-8.052497" lon="-34.908435">
    <ele>8.7</ele>
    <time>2019-09-24T23:27:38.000Z</time>
   </trkpt>
   <trkpt lat="-8.052542" lon="-34.908444">
    <ele>8.7</ele>
    <time>2019-09-24T23:27:39.000Z</time>
   </trkpt>
   <trkpt lat="-8.052587" lon="-34.908452">
    <ele>8.7</ele>
    <time>2019-09-24T23:27:40.000Z</time>
   </trkpt>
   <trkpt lat="-8.052628" lon="-34.908455">
    <ele>8.7</ele>
    <time>2019-09-24T23:27:41.000Z</time>
   </trkpt>
   <trkpt lat="-8.05267" lon="-34.90845">
    <ele>8.7</ele>
    <time>2019-09-24T23:27:42.000Z</time>
   </trkpt>
   <trkpt lat="-8.052707" lon="-34.908463">
    <ele>8.7</ele>
    <time>2019-09-24T23:27:43.000Z</time>
   </trkpt>
   <trkpt lat="-8.052745" lon="-34.908463">
    <ele>8.7</ele>
    <time>2019-09-24T23:27:44.000Z</time>
   </trkpt>
   <trkpt lat="-8.052782" lon="-34.908468">
    <ele>8.6</ele>
    <time>2019-09-24T23:27:45.000Z</time>
   </trkpt>
   <trkpt lat="-8.052821" lon="-34.908481">
    <ele>8.6</ele>
    <time>2019-09-24T23:27:46.000Z</time>
   </trkpt>
   <trkpt lat="-8.05286" lon="-34.908472">
    <ele>8.6</ele>
    <time>2019-09-24T23:27:47.000Z</time>
   </trkpt>
   <trkpt lat="-8.052903" lon="-34.90848">
    <ele>8.6</ele>
    <time>2019-09-24T23:27:48.000Z</time>
   </trkpt>
   <trkpt lat="-8.052942" lon="-34.908486">
    <ele>8.6</ele>
    <time>2019-09-24T23:27:49.000Z</time>
   </trkpt>
   <trkpt lat="-8.052986" lon="-34.908493">
    <ele>8.5</ele>
    <time>2019-09-24T23:27:50.000Z</time>
   </trkpt>
   <trkpt lat="-8.053032" lon="-34.908499">
    <ele>8.5</ele>
    <time>2019-09-24T23:27:51.000Z</time>
   </trkpt>
   <trkpt lat="-8.053077" lon="-34.908512">
    <ele>8.5</ele>
    <time>2019-09-24T23:27:52.000Z</time>
   </trkpt>
   <trkpt lat="-8.053121" lon="-34.90852">
    <ele>8.5</ele>
    <time>2019-09-24T23:27:53.000Z</time>
   </trkpt>
   <trkpt lat="-8.053164" lon="-34.908538">
    <ele>8.5</ele>
    <time>2019-09-24T23:27:54.000Z</time>
   </trkpt>
   <trkpt lat="-8.053206" lon="-34.908544">
    <ele>8.4</ele>
    <time>2019-09-24T23:27:55.000Z</time>
   </trkpt>
   <trkpt lat="-8.053243" lon="-34.908569">
    <ele>8.4</ele>
    <time>2019-09-24T23:27:56.000Z</time>
   </trkpt>
   <trkpt lat="-8.05327" lon="-34.908568">
    <ele>8.4</ele>
    <time>2019-09-24T23:27:57.000Z</time>
   </trkpt>
   <trkpt lat="-8.05332" lon="-34.908571">
    <ele>8.4</ele>
    <time>2019-09-24T23:27:59.000Z</time>
   </trkpt>
   <trkpt lat="-8.05334" lon="-34.908552">
    <ele>8.4</ele>
    <time>2019-09-24T23:28:05.000Z</time>
   </trkpt>
   <trkpt lat="-8.053388" lon="-34.908578">
    <ele>8.4</ele>
    <time>2019-09-24T23:28:34.000Z</time>
   </trkpt>
   <trkpt lat="-8.053419" lon="-34.90858">
    <ele>8.4</ele>
    <time>2019-09-24T23:28:37.000Z</time>
   </trkpt>
   <trkpt lat="-8.053452" lon="-34.908578">
    <ele>8.4</ele>
    <time>2019-09-24T23:28:39.000Z</time>
   </trkpt>
   <trkpt lat="-8.053486" lon="-34.908595">
    <ele>8.4</ele>
    <time>2019-09-24T23:28:40.000Z</time>
   </trkpt>
   <trkpt lat="-8.053517" lon="-34.908605">
    <ele>8.4</ele>
    <time>2019-09-24T23:28:41.000Z</time>
   </trkpt>
   <trkpt lat="-8.053548" lon="-34.908612">
    <ele>8.4</ele>
    <time>2019-09-24T23:28:42.000Z</time>
   </trkpt>
   <trkpt lat="-8.053583" lon="-34.908622">
    <ele>8.4</ele>
    <time>2019-09-24T23:28:43.000Z</time>
   </trkpt>
   <trkpt lat="-8.053618" lon="-34.908629">
    <ele>8.4</ele>
    <time>2019-09-24T23:28:44.000Z</time>
   </trkpt>
   <trkpt lat="-8.053661" lon="-34.908639">
    <ele>8.5</ele>
    <time>2019-09-24T23:28:45.000Z</time>
   </trkpt>
   <trkpt lat="-8.05371" lon="-34.908653">
    <ele>8.5</ele>
    <time>2019-09-24T23:28:46.000Z</time>
   </trkpt>
   <trkpt lat="-8.05376" lon="-34.908668">
    <ele>8.5</ele>
    <time>2019-09-24T23:28:47.000Z</time>
   </trkpt>
   <trkpt lat="-8.05381" lon="-34.908685">
    <ele>8.6</ele>
    <time>2019-09-24T23:28:48.000Z</time>
   </trkpt>
   <trkpt lat="-8.053864" lon="-34.908701">
    <ele>8.6</ele>
    <time>2019-09-24T23:28:49.000Z</time>
   </trkpt>
   <trkpt lat="-8.053906" lon="-34.908712">
    <ele>8.6</ele>
    <time>2019-09-24T23:28:50.000Z</time>
   </trkpt>
   <trkpt lat="-8.053947" lon="-34.908718">
    <ele>8.6</ele>
    <time>2019-09-24T23:28:51.000Z</time>
   </trkpt>
   <trkpt lat="-8.053993" lon="-34.908722">
    <ele>8.6</ele>
    <time>2019-09-24T23:28:52.000Z</time>
   </trkpt>
   <trkpt lat="-8.054024" lon="-34.908726">
    <ele>8.7</ele>
    <time>2019-09-24T23:28:53.000Z</time>
   </trkpt>
   <trkpt lat="-8.054086" lon="-34.908714">
    <ele>8.7</ele>
    <time>2019-09-24T23:28:54.000Z</time>
   </trkpt>
   <trkpt lat="-8.054124" lon="-34.908721">
    <ele>8.8</ele>
    <time>2019-09-24T23:28:55.000Z</time>
   </trkpt>
   <trkpt lat="-8.054168" lon="-34.908735">
    <ele>8.8</ele>
    <time>2019-09-24T23:28:56.000Z</time>
   </trkpt>
   <trkpt lat="-8.054203" lon="-34.908748">
    <ele>8.8</ele>
    <time>2019-09-24T23:28:57.000Z</time>
   </trkpt>
   <trkpt lat="-8.054239" lon="-34.908746">
    <ele>8.9</ele>
    <time>2019-09-24T23:28:58.000Z</time>
   </trkpt>
   <trkpt lat="-8.05428" lon="-34.908753">
    <ele>8.9</ele>
    <time>2019-09-24T23:28:59.000Z</time>
   </trkpt>
   <trkpt lat="-8.054326" lon="-34.908756">
    <ele>9</ele>
    <time>2019-09-24T23:29:00.000Z</time>
   </trkpt>
   <trkpt lat="-8.054384" lon="-34.908753">
    <ele>9</ele>
    <time>2019-09-24T23:29:01.000Z</time>
   </trkpt>
   <trkpt lat="-8.054433" lon="-34.908757">
    <ele>9</ele>
    <time>2019-09-24T23:29:02.000Z</time>
   </trkpt>
   <trkpt lat="-8.054491" lon="-34.908762">
    <ele>9.1</ele>
    <time>2019-09-24T23:29:03.000Z</time>
   </trkpt>
   <trkpt lat="-8.054539" lon="-34.90877">
    <ele>9.2</ele>
    <time>2019-09-24T23:29:04.000Z</time>
   </trkpt>
   <trkpt lat="-8.054587" lon="-34.908777">
    <ele>9.2</ele>
    <time>2019-09-24T23:29:05.000Z</time>
   </trkpt>
   <trkpt lat="-8.054639" lon="-34.908793">
    <ele>9.3</ele>
    <time>2019-09-24T23:29:06.000Z</time>
   </trkpt>
   <trkpt lat="-8.054687" lon="-34.908812">
    <ele>9.5</ele>
    <time>2019-09-24T23:29:07.000Z</time>
   </trkpt>
   <trkpt lat="-8.054739" lon="-34.908829">
    <ele>9.7</ele>
    <time>2019-09-24T23:29:08.000Z</time>
   </trkpt>
   <trkpt lat="-8.054805" lon="-34.908824">
    <ele>10</ele>
    <time>2019-09-24T23:29:09.000Z</time>
   </trkpt>
   <trkpt lat="-8.054857" lon="-34.908839">
    <ele>10.2</ele>
    <time>2019-09-24T23:29:10.000Z</time>
   </trkpt>
   <trkpt lat="-8.054915" lon="-34.908863">
    <ele>10.6</ele>
    <time>2019-09-24T23:29:11.000Z</time>
   </trkpt>
   <trkpt lat="-8.054964" lon="-34.908874">
    <ele>11</ele>
    <time>2019-09-24T23:29:12.000Z</time>
   </trkpt>
   <trkpt lat="-8.055016" lon="-34.908888">
    <ele>11.4</ele>
    <time>2019-09-24T23:29:13.000Z</time>
   </trkpt>
   <trkpt lat="-8.055071" lon="-34.9089">
    <ele>11.7</ele>
    <time>2019-09-24T23:29:14.000Z</time>
   </trkpt>
   <trkpt lat="-8.055121" lon="-34.908908">
    <ele>12</ele>
    <time>2019-09-24T23:29:15.000Z</time>
   </trkpt>
   <trkpt lat="-8.05517" lon="-34.908919">
    <ele>12.2</ele>
    <time>2019-09-24T23:29:16.000Z</time>
   </trkpt>
   <trkpt lat="-8.055218" lon="-34.908938">
    <ele>12.5</ele>
    <time>2019-09-24T23:29:17.000Z</time>
   </trkpt>
   <trkpt lat="-8.055266" lon="-34.908943">
    <ele>12.7</ele>
    <time>2019-09-24T23:29:18.000Z</time>
   </trkpt>
   <trkpt lat="-8.055324" lon="-34.908943">
    <ele>13.1</ele>
    <time>2019-09-24T23:29:19.000Z</time>
   </trkpt>
   <trkpt lat="-8.055375" lon="-34.90895">
    <ele>12.8</ele>
    <time>2019-09-24T23:29:20.000Z</time>
   </trkpt>
   <trkpt lat="-8.055421" lon="-34.908957">
    <ele>12.6</ele>
    <time>2019-09-24T23:29:21.000Z</time>
   </trkpt>
   <trkpt lat="-8.055468" lon="-34.908958">
    <ele>12.4</ele>
    <time>2019-09-24T23:29:22.000Z</time>
   </trkpt>
   <trkpt lat="-8.055518" lon="-34.908968">
    <ele>12.2</ele>
    <time>2019-09-24T23:29:23.000Z</time>
   </trkpt>
   <trkpt lat="-8.055566" lon="-34.908982">
    <ele>12</ele>
    <time>2019-09-24T23:29:24.000Z</time>
   </trkpt>
   <trkpt lat="-8.055611" lon="-34.908994">
    <ele>11.8</ele>
    <time>2019-09-24T23:29:25.000Z</time>
   </trkpt>
   <trkpt lat="-8.055657" lon="-34.908998">
    <ele>11.7</ele>
    <time>2019-09-24T23:29:26.000Z</time>
   </trkpt>
   <trkpt lat="-8.055699" lon="-34.909009">
    <ele>11.6</ele>
    <time>2019-09-24T23:29:27.000Z</time>
   </trkpt>
   <trkpt lat="-8.055744" lon="-34.909011">
    <ele>11.4</ele>
    <time>2019-09-24T23:29:28.000Z</time>
   </trkpt>
   <trkpt lat="-8.055785" lon="-34.909027">
    <ele>11.4</ele>
    <time>2019-09-24T23:29:29.000Z</time>
   </trkpt>
   <trkpt lat="-8.055832" lon="-34.909021">
    <ele>11.3</ele>
    <time>2019-09-24T23:29:30.000Z</time>
   </trkpt>
   <trkpt lat="-8.055884" lon="-34.909025">
    <ele>11.2</ele>
    <time>2019-09-24T23:29:31.000Z</time>
   </trkpt>
   <trkpt lat="-8.055939" lon="-34.909026">
    <ele>11</ele>
    <time>2019-09-24T23:29:32.000Z</time>
   </trkpt>
   <trkpt lat="-8.055989" lon="-34.909029">
    <ele>10.9</ele>
    <time>2019-09-24T23:29:33.000Z</time>
   </trkpt>
   <trkpt lat="-8.056045" lon="-34.909041">
    <ele>10.8</ele>
    <time>2019-09-24T23:29:34.000Z</time>
   </trkpt>
   <trkpt lat="-8.056105" lon="-34.909052">
    <ele>10.5</ele>
    <time>2019-09-24T23:29:35.000Z</time>
   </trkpt>
   <trkpt lat="-8.05617" lon="-34.909048">
    <ele>10.2</ele>
    <time>2019-09-24T23:29:36.000Z</time>
   </trkpt>
   <trkpt lat="-8.056243" lon="-34.90906">
    <ele>9.9</ele>
    <time>2019-09-24T23:29:37.000Z</time>
   </trkpt>
   <trkpt lat="-8.056324" lon="-34.909072">
    <ele>9.4</ele>
    <time>2019-09-24T23:29:38.000Z</time>
   </trkpt>
   <trkpt lat="-8.056409" lon="-34.909087">
    <ele>8.9</ele>
    <time>2019-09-24T23:29:39.000Z</time>
   </trkpt>
   <trkpt lat="-8.056497" lon="-34.909104">
    <ele>8.4</ele>
    <time>2019-09-24T23:29:40.000Z</time>
   </trkpt>
   <trkpt lat="-8.05659" lon="-34.909122">
    <ele>7.8</ele>
    <time>2019-09-24T23:29:41.000Z</time>
   </trkpt>
   <trkpt lat="-8.056689" lon="-34.909142">
    <ele>7.2</ele>
    <time>2019-09-24T23:29:42.000Z</time>
   </trkpt>
   <trkpt lat="-8.056772" lon="-34.909172">
    <ele>6.7</ele>
    <time>2019-09-24T23:29:43.000Z</time>
   </trkpt>
   <trkpt lat="-8.056853" lon="-34.909193">
    <ele>6.2</ele>
    <time>2019-09-24T23:29:44.000Z</time>
   </trkpt>
   <trkpt lat="-8.056928" lon="-34.909229">
    <ele>5.8</ele>
    <time>2019-09-24T23:29:45.000Z</time>
   </trkpt>
   <trkpt lat="-8.057001" lon="-34.90925">
    <ele>5.5</ele>
    <time>2019-09-24T23:29:46.000Z</time>
   </trkpt>
   <trkpt lat="-8.057069" lon="-34.909262">
    <ele>5.4</ele>
    <time>2019-09-24T23:29:47.000Z</time>
   </trkpt>
   <trkpt lat="-8.057253" lon="-34.909306">
    <ele>5.1</ele>
    <time>2019-09-24T23:29:50.000Z</time>
   </trkpt>
   <trkpt lat="-8.057301" lon="-34.909325">
    <ele>5.1</ele>
    <time>2019-09-24T23:29:51.000Z</time>
   </trkpt>
   <trkpt lat="-8.057369" lon="-34.909349">
    <ele>5.1</ele>
    <time>2019-09-24T23:29:52.000Z</time>
   </trkpt>
   <trkpt lat="-8.057434" lon="-34.909378">
    <ele>5</ele>
    <time>2019-09-24T23:29:53.000Z</time>
   </trkpt>
   <trkpt lat="-8.057504" lon="-34.909401">
    <ele>5.1</ele>
    <time>2019-09-24T23:29:54.000Z</time>
   </trkpt>
   <trkpt lat="-8.057616" lon="-34.909333">
    <ele>5.2</ele>
    <time>2019-09-24T23:29:55.000Z</time>
   </trkpt>
   <trkpt lat="-8.057688" lon="-34.909347">
    <ele>5.4</ele>
    <time>2019-09-24T23:29:56.000Z</time>
   </trkpt>
   <trkpt lat="-8.057736" lon="-34.909351">
    <ele>5.6</ele>
    <time>2019-09-24T23:29:57.000Z</time>
   </trkpt>
   <trkpt lat="-8.057789" lon="-34.90936">
    <ele>5.9</ele>
    <time>2019-09-24T23:29:58.000Z</time>
   </trkpt>
   <trkpt lat="-8.057834" lon="-34.909372">
    <ele>6.1</ele>
    <time>2019-09-24T23:29:59.000Z</time>
   </trkpt>
   <trkpt lat="-8.057882" lon="-34.909381">
    <ele>6.4</ele>
    <time>2019-09-24T23:30:00.000Z</time>
   </trkpt>
   <trkpt lat="-8.057929" lon="-34.909394">
    <ele>6.7</ele>
    <time>2019-09-24T23:30:01.000Z</time>
   </trkpt>
   <trkpt lat="-8.057975" lon="-34.909403">
    <ele>7</ele>
    <time>2019-09-24T23:30:02.000Z</time>
   </trkpt>
   <trkpt lat="-8.058029" lon="-34.909414">
    <ele>7.3</ele>
    <time>2019-09-24T23:30:03.000Z</time>
   </trkpt>
   <trkpt lat="-8.058071" lon="-34.909425">
    <ele>7.6</ele>
    <time>2019-09-24T23:30:04.000Z</time>
   </trkpt>
   <trkpt lat="-8.05811" lon="-34.909434">
    <ele>7.8</ele>
    <time>2019-09-24T23:30:05.000Z</time>
   </trkpt>
   <trkpt lat="-8.058142" lon="-34.909439">
    <ele>7.9</ele>
    <time>2019-09-24T23:30:06.000Z</time>
   </trkpt>
   <trkpt lat="-8.058197" lon="-34.909451">
    <ele>8.1</ele>
    <time>2019-09-24T23:30:07.000Z</time>
   </trkpt>
   <trkpt lat="-8.058235" lon="-34.909457">
    <ele>8.3</ele>
    <time>2019-09-24T23:30:08.000Z</time>
   </trkpt>
   <trkpt lat="-8.058301" lon="-34.909471">
    <ele>8.5</ele>
    <time>2019-09-24T23:30:09.000Z</time>
   </trkpt>
   <trkpt lat="-8.058361" lon="-34.909484">
    <ele>8.7</ele>
    <time>2019-09-24T23:30:10.000Z</time>
   </trkpt>
   <trkpt lat="-8.058409" lon="-34.909499">
    <ele>8.8</ele>
    <time>2019-09-24T23:30:11.000Z</time>
   </trkpt>
   <trkpt lat="-8.058463" lon="-34.909508">
    <ele>8.8</ele>
    <time>2019-09-24T23:30:12.000Z</time>
   </trkpt>
   <trkpt lat="-8.058516" lon="-34.909518">
    <ele>8.8</ele>
    <time>2019-09-24T23:30:13.000Z</time>
   </trkpt>
   <trkpt lat="-8.058553" lon="-34.909532">
    <ele>8.9</ele>
    <time>2019-09-24T23:30:14.000Z</time>
   </trkpt>
   <trkpt lat="-8.058597" lon="-34.90954">
    <ele>8.9</ele>
    <time>2019-09-24T23:30:15.000Z</time>
   </trkpt>
   <trkpt lat="-8.058644" lon="-34.909556">
    <ele>8.8</ele>
    <time>2019-09-24T23:30:16.000Z</time>
   </trkpt>
   <trkpt lat="-8.058688" lon="-34.909566">
    <ele>8.7</ele>
    <time>2019-09-24T23:30:17.000Z</time>
   </trkpt>
   <trkpt lat="-8.058733" lon="-34.909584">
    <ele>8.6</ele>
    <time>2019-09-24T23:30:18.000Z</time>
   </trkpt>
   <trkpt lat="-8.05878" lon="-34.909596">
    <ele>8.6</ele>
    <time>2019-09-24T23:30:19.000Z</time>
   </trkpt>
   <trkpt lat="-8.058829" lon="-34.909612">
    <ele>8.5</ele>
    <time>2019-09-24T23:30:20.000Z</time>
   </trkpt>
   <trkpt lat="-8.058893" lon="-34.909618">
    <ele>8.4</ele>
    <time>2019-09-24T23:30:21.000Z</time>
   </trkpt>
   <trkpt lat="-8.058937" lon="-34.909621">
    <ele>8.3</ele>
    <time>2019-09-24T23:30:22.000Z</time>
   </trkpt>
   <trkpt lat="-8.058982" lon="-34.909627">
    <ele>8.3</ele>
    <time>2019-09-24T23:30:23.000Z</time>
   </trkpt>
   <trkpt lat="-8.059023" lon="-34.909641">
    <ele>8.2</ele>
    <time>2019-09-24T23:30:24.000Z</time>
   </trkpt>
   <trkpt lat="-8.059058" lon="-34.909646">
    <ele>8.2</ele>
    <time>2019-09-24T23:30:25.000Z</time>
   </trkpt>
   <trkpt lat="-8.059115" lon="-34.909651">
    <ele>8.1</ele>
    <time>2019-09-24T23:30:26.000Z</time>
   </trkpt>
   <trkpt lat="-8.059153" lon="-34.909651">
    <ele>8</ele>
    <time>2019-09-24T23:30:27.000Z</time>
   </trkpt>
   <trkpt lat="-8.059215" lon="-34.909664">
    <ele>7.9</ele>
    <time>2019-09-24T23:30:28.000Z</time>
   </trkpt>
   <trkpt lat="-8.059266" lon="-34.909674">
    <ele>7.8</ele>
    <time>2019-09-24T23:30:29.000Z</time>
   </trkpt>
   <trkpt lat="-8.059303" lon="-34.909679">
    <ele>7.7</ele>
    <time>2019-09-24T23:30:30.000Z</time>
   </trkpt>
   <trkpt lat="-8.059344" lon="-34.90969">
    <ele>7.6</ele>
    <time>2019-09-24T23:30:31.000Z</time>
   </trkpt>
   <trkpt lat="-8.059378" lon="-34.909697">
    <ele>7.5</ele>
    <time>2019-09-24T23:30:32.000Z</time>
   </trkpt>
   <trkpt lat="-8.059426" lon="-34.909712">
    <ele>7.3</ele>
    <time>2019-09-24T23:30:33.000Z</time>
   </trkpt>
   <trkpt lat="-8.059475" lon="-34.909726">
    <ele>7.2</ele>
    <time>2019-09-24T23:30:34.000Z</time>
   </trkpt>
   <trkpt lat="-8.059527" lon="-34.909729">
    <ele>6.9</ele>
    <time>2019-09-24T23:30:35.000Z</time>
   </trkpt>
   <trkpt lat="-8.059573" lon="-34.909732">
    <ele>6.8</ele>
    <time>2019-09-24T23:30:36.000Z</time>
   </trkpt>
   <trkpt lat="-8.059619" lon="-34.909746">
    <ele>6.6</ele>
    <time>2019-09-24T23:30:37.000Z</time>
   </trkpt>
   <trkpt lat="-8.059672" lon="-34.909759">
    <ele>6.2</ele>
    <time>2019-09-24T23:30:38.000Z</time>
   </trkpt>
   <trkpt lat="-8.05973" lon="-34.909764">
    <ele>5.7</ele>
    <time>2019-09-24T23:30:39.000Z</time>
   </trkpt>
   <trkpt lat="-8.059779" lon="-34.909767">
    <ele>5.3</ele>
    <time>2019-09-24T23:30:40.000Z</time>
   </trkpt>
   <trkpt lat="-8.059832" lon="-34.909779">
    <ele>5</ele>
    <time>2019-09-24T23:30:41.000Z</time>
   </trkpt>
   <trkpt lat="-8.059894" lon="-34.909792">
    <ele>4.7</ele>
    <time>2019-09-24T23:30:42.000Z</time>
   </trkpt>
   <trkpt lat="-8.059937" lon="-34.909798">
    <ele>4.5</ele>
    <time>2019-09-24T23:30:43.000Z</time>
   </trkpt>
   <trkpt lat="-8.059989" lon="-34.909812">
    <ele>4.2</ele>
    <time>2019-09-24T23:30:44.000Z</time>
   </trkpt>
   <trkpt lat="-8.060036" lon="-34.909813">
    <ele>4.1</ele>
    <time>2019-09-24T23:30:45.000Z</time>
   </trkpt>
   <trkpt lat="-8.060071" lon="-34.909821">
    <ele>4</ele>
    <time>2019-09-24T23:30:46.000Z</time>
   </trkpt>
   <trkpt lat="-8.060117" lon="-34.909828">
    <ele>3.9</ele>
    <time>2019-09-24T23:30:47.000Z</time>
   </trkpt>
   <trkpt lat="-8.060158" lon="-34.909827">
    <ele>3.9</ele>
    <time>2019-09-24T23:30:48.000Z</time>
   </trkpt>
   <trkpt lat="-8.060203" lon="-34.909836">
    <ele>3.8</ele>
    <time>2019-09-24T23:30:49.000Z</time>
   </trkpt>
   <trkpt lat="-8.060244" lon="-34.909846">
    <ele>3.8</ele>
    <time>2019-09-24T23:30:50.000Z</time>
   </trkpt>
   <trkpt lat="-8.060286" lon="-34.909844">
    <ele>3.8</ele>
    <time>2019-09-24T23:30:51.000Z</time>
   </trkpt>
   <trkpt lat="-8.060347" lon="-34.909849">
    <ele>3.8</ele>
    <time>2019-09-24T23:30:52.000Z</time>
   </trkpt>
   <trkpt lat="-8.060388" lon="-34.909851">
    <ele>3.8</ele>
    <time>2019-09-24T23:30:53.000Z</time>
   </trkpt>
   <trkpt lat="-8.060438" lon="-34.909856">
    <ele>3.8</ele>
    <time>2019-09-24T23:30:54.000Z</time>
   </trkpt>
   <trkpt lat="-8.060468" lon="-34.909847">
    <ele>3.8</ele>
    <time>2019-09-24T23:30:55.000Z</time>
   </trkpt>
   <trkpt lat="-8.060511" lon="-34.909847">
    <ele>3.7</ele>
    <time>2019-09-24T23:30:56.000Z</time>
   </trkpt>
   <trkpt lat="-8.060557" lon="-34.909843">
    <ele>3.7</ele>
    <time>2019-09-24T23:30:57.000Z</time>
   </trkpt>
   <trkpt lat="-8.060607" lon="-34.909836">
    <ele>3.7</ele>
    <time>2019-09-24T23:30:58.000Z</time>
   </trkpt>
   <trkpt lat="-8.060655" lon="-34.909824">
    <ele>3.7</ele>
    <time>2019-09-24T23:30:59.000Z</time>
   </trkpt>
   <trkpt lat="-8.060686" lon="-34.909824">
    <ele>3.7</ele>
    <time>2019-09-24T23:31:00.000Z</time>
   </trkpt>
   <trkpt lat="-8.060723" lon="-34.909822">
    <ele>3.7</ele>
    <time>2019-09-24T23:31:01.000Z</time>
   </trkpt>
   <trkpt lat="-8.060766" lon="-34.909824">
    <ele>3.7</ele>
    <time>2019-09-24T23:31:02.000Z</time>
   </trkpt>
   <trkpt lat="-8.060811" lon="-34.909826">
    <ele>3.7</ele>
    <time>2019-09-24T23:31:03.000Z</time>
   </trkpt>
   <trkpt lat="-8.060849" lon="-34.909823">
    <ele>3.7</ele>
    <time>2019-09-24T23:31:04.000Z</time>
   </trkpt>
   <trkpt lat="-8.060884" lon="-34.909829">
    <ele>3.7</ele>
    <time>2019-09-24T23:31:05.000Z</time>
   </trkpt>
   <trkpt lat="-8.060927" lon="-34.909819">
    <ele>3.7</ele>
    <time>2019-09-24T23:31:06.000Z</time>
   </trkpt>
   <trkpt lat="-8.060965" lon="-34.909811">
    <ele>3.7</ele>
    <time>2019-09-24T23:31:07.000Z</time>
   </trkpt>
   <trkpt lat="-8.061004" lon="-34.909805">
    <ele>3.6</ele>
    <time>2019-09-24T23:31:08.000Z</time>
   </trkpt>
   <trkpt lat="-8.061042" lon="-34.909797">
    <ele>3.6</ele>
    <time>2019-09-24T23:31:09.000Z</time>
   </trkpt>
   <trkpt lat="-8.061087" lon="-34.909781">
    <ele>3.6</ele>
    <time>2019-09-24T23:31:10.000Z</time>
   </trkpt>
   <trkpt lat="-8.061127" lon="-34.909773">
    <ele>3.6</ele>
    <time>2019-09-24T23:31:11.000Z</time>
   </trkpt>
   <trkpt lat="-8.061172" lon="-34.909761">
    <ele>3.6</ele>
    <time>2019-09-24T23:31:12.000Z</time>
   </trkpt>
   <trkpt lat="-8.061218" lon="-34.909744">
    <ele>3.6</ele>
    <time>2019-09-24T23:31:13.000Z</time>
   </trkpt>
   <trkpt lat="-8.061258" lon="-34.909736">
    <ele>3.6</ele>
    <time>2019-09-24T23:31:14.000Z</time>
   </trkpt>
   <trkpt lat="-8.061294" lon="-34.90974">
    <ele>3.6</ele>
    <time>2019-09-24T23:31:15.000Z</time>
   </trkpt>
   <trkpt lat="-8.06136" lon="-34.909722">
    <ele>3.6</ele>
    <time>2019-09-24T23:31:17.000Z</time>
   </trkpt>
   <trkpt lat="-8.061397" lon="-34.909712">
    <ele>3.6</ele>
    <time>2019-09-24T23:31:18.000Z</time>
   </trkpt>
   <trkpt lat="-8.061429" lon="-34.909704">
    <ele>3.6</ele>
    <time>2019-09-24T23:31:19.000Z</time>
   </trkpt>
   <trkpt lat="-8.061466" lon="-34.909701">
    <ele>3.6</ele>
    <time>2019-09-24T23:31:20.000Z</time>
   </trkpt>
   <trkpt lat="-8.061505" lon="-34.9097">
    <ele>3.5</ele>
    <time>2019-09-24T23:31:21.000Z</time>
   </trkpt>
   <trkpt lat="-8.061543" lon="-34.909707">
    <ele>3.5</ele>
    <time>2019-09-24T23:31:22.000Z</time>
   </trkpt>
   <trkpt lat="-8.061599" lon="-34.909688">
    <ele>3.5</ele>
    <time>2019-09-24T23:31:24.000Z</time>
   </trkpt>
   <trkpt lat="-8.061664" lon="-34.909677">
    <ele>3.5</ele>
    <time>2019-09-24T23:31:26.000Z</time>
   </trkpt>
   <trkpt lat="-8.061698" lon="-34.909662">
    <ele>3.5</ele>
    <time>2019-09-24T23:31:27.000Z</time>
   </trkpt>
   <trkpt lat="-8.061727" lon="-34.90966">
    <ele>3.5</ele>
    <time>2019-09-24T23:31:28.000Z</time>
   </trkpt>
   <trkpt lat="-8.061762" lon="-34.909658">
    <ele>3.5</ele>
    <time>2019-09-24T23:31:29.000Z</time>
   </trkpt>
   <trkpt lat="-8.061805" lon="-34.909648">
    <ele>3.5</ele>
    <time>2019-09-24T23:31:30.000Z</time>
   </trkpt>
   <trkpt lat="-8.061847" lon="-34.909628">
    <ele>3.5</ele>
    <time>2019-09-24T23:31:32.000Z</time>
   </trkpt>
   <trkpt lat="-8.061883" lon="-34.90961">
    <ele>3.5</ele>
    <time>2019-09-24T23:31:35.000Z</time>
   </trkpt>
   <trkpt lat="-8.061981" lon="-34.909555">
    <ele>3.4</ele>
    <time>2019-09-24T23:32:25.000Z</time>
   </trkpt>
   <trkpt lat="-8.06202" lon="-34.909562">
    <ele>3.4</ele>
    <time>2019-09-24T23:32:29.000Z</time>
   </trkpt>
   <trkpt lat="-8.062076" lon="-34.90955">
    <ele>3.7</ele>
    <time>2019-09-24T23:32:31.000Z</time>
   </trkpt>
   <trkpt lat="-8.062118" lon="-34.909539">
    <ele>3.9</ele>
    <time>2019-09-24T23:32:32.000Z</time>
   </trkpt>
   <trkpt lat="-8.062158" lon="-34.909538">
    <ele>4.1</ele>
    <time>2019-09-24T23:32:33.000Z</time>
   </trkpt>
   <trkpt lat="-8.062194" lon="-34.90953">
    <ele>4.5</ele>
    <time>2019-09-24T23:32:34.000Z</time>
   </trkpt>
   <trkpt lat="-8.06224" lon="-34.909514">
    <ele>5.1</ele>
    <time>2019-09-24T23:32:35.000Z</time>
   </trkpt>
   <trkpt lat="-8.062284" lon="-34.909509">
    <ele>5.7</ele>
    <time>2019-09-24T23:32:36.000Z</time>
   </trkpt>
   <trkpt lat="-8.062324" lon="-34.909507">
    <ele>6.1</ele>
    <time>2019-09-24T23:32:37.000Z</time>
   </trkpt>
   <trkpt lat="-8.062367" lon="-34.9095">
    <ele>6.7</ele>
    <time>2019-09-24T23:32:38.000Z</time>
   </trkpt>
   <trkpt lat="-8.062415" lon="-34.909496">
    <ele>7.3</ele>
    <time>2019-09-24T23:32:39.000Z</time>
   </trkpt>
   <trkpt lat="-8.062454" lon="-34.909485">
    <ele>7.7</ele>
    <time>2019-09-24T23:32:40.000Z</time>
   </trkpt>
   <trkpt lat="-8.062493" lon="-34.909476">
    <ele>8.2</ele>
    <time>2019-09-24T23:32:41.000Z</time>
   </trkpt>
   <trkpt lat="-8.062534" lon="-34.909475">
    <ele>8.7</ele>
    <time>2019-09-24T23:32:42.000Z</time>
   </trkpt>
   <trkpt lat="-8.062582" lon="-34.909469">
    <ele>9.5</ele>
    <time>2019-09-24T23:32:43.000Z</time>
   </trkpt>
   <trkpt lat="-8.062629" lon="-34.909465">
    <ele>9.5</ele>
    <time>2019-09-24T23:32:44.000Z</time>
   </trkpt>
   <trkpt lat="-8.062675" lon="-34.909457">
    <ele>9.5</ele>
    <time>2019-09-24T23:32:45.000Z</time>
   </trkpt>
   <trkpt lat="-8.062721" lon="-34.909445">
    <ele>9.4</ele>
    <time>2019-09-24T23:32:46.000Z</time>
   </trkpt>
   <trkpt lat="-8.062775" lon="-34.909429">
    <ele>9.4</ele>
    <time>2019-09-24T23:32:47.000Z</time>
   </trkpt>
   <trkpt lat="-8.062822" lon="-34.90942">
    <ele>9.4</ele>
    <time>2019-09-24T23:32:48.000Z</time>
   </trkpt>
   <trkpt lat="-8.062865" lon="-34.909413">
    <ele>9.4</ele>
    <time>2019-09-24T23:32:49.000Z</time>
   </trkpt>
   <trkpt lat="-8.062916" lon="-34.909403">
    <ele>9.4</ele>
    <time>2019-09-24T23:32:50.000Z</time>
   </trkpt>
   <trkpt lat="-8.062966" lon="-34.90939">
    <ele>9.4</ele>
    <time>2019-09-24T23:32:51.000Z</time>
   </trkpt>
   <trkpt lat="-8.063009" lon="-34.909387">
    <ele>9.4</ele>
    <time>2019-09-24T23:32:52.000Z</time>
   </trkpt>
   <trkpt lat="-8.063055" lon="-34.909373">
    <ele>9.4</ele>
    <time>2019-09-24T23:32:53.000Z</time>
   </trkpt>
   <trkpt lat="-8.063099" lon="-34.909364">
    <ele>9.4</ele>
    <time>2019-09-24T23:32:54.000Z</time>
   </trkpt>
   <trkpt lat="-8.063147" lon="-34.909349">
    <ele>9.4</ele>
    <time>2019-09-24T23:32:55.000Z</time>
   </trkpt>
   <trkpt lat="-8.063195" lon="-34.90934">
    <ele>9.4</ele>
    <time>2019-09-24T23:32:56.000Z</time>
   </trkpt>
   <trkpt lat="-8.06324" lon="-34.90933">
    <ele>9.4</ele>
    <time>2019-09-24T23:32:57.000Z</time>
   </trkpt>
   <trkpt lat="-8.063284" lon="-34.909321">
    <ele>9.4</ele>
    <time>2019-09-24T23:32:58.000Z</time>
   </trkpt>
   <trkpt lat="-8.063325" lon="-34.909312">
    <ele>9.4</ele>
    <time>2019-09-24T23:32:59.000Z</time>
   </trkpt>
   <trkpt lat="-8.063378" lon="-34.909308">
    <ele>9.4</ele>
    <time>2019-09-24T23:33:00.000Z</time>
   </trkpt>
   <trkpt lat="-8.063432" lon="-34.909296">
    <ele>9.4</ele>
    <time>2019-09-24T23:33:01.000Z</time>
   </trkpt>
   <trkpt lat="-8.063481" lon="-34.909284">
    <ele>9.4</ele>
    <time>2019-09-24T23:33:02.000Z</time>
   </trkpt>
   <trkpt lat="-8.063524" lon="-34.909279">
    <ele>9.4</ele>
    <time>2019-09-24T23:33:03.000Z</time>
   </trkpt>
   <trkpt lat="-8.063564" lon="-34.909271">
    <ele>9.4</ele>
    <time>2019-09-24T23:33:04.000Z</time>
   </trkpt>
   <trkpt lat="-8.063605" lon="-34.909271">
    <ele>9.4</ele>
    <time>2019-09-24T23:33:05.000Z</time>
   </trkpt>
   <trkpt lat="-8.063646" lon="-34.909267">
    <ele>9.4</ele>
    <time>2019-09-24T23:33:06.000Z</time>
   </trkpt>
   <trkpt lat="-8.063687" lon="-34.909261">
    <ele>9.4</ele>
    <time>2019-09-24T23:33:07.000Z</time>
   </trkpt>
   <trkpt lat="-8.063725" lon="-34.909255">
    <ele>9.4</ele>
    <time>2019-09-24T23:33:08.000Z</time>
   </trkpt>
   <trkpt lat="-8.063767" lon="-34.909252">
    <ele>9.4</ele>
    <time>2019-09-24T23:33:09.000Z</time>
   </trkpt>
   <trkpt lat="-8.063802" lon="-34.909243">
    <ele>9.4</ele>
    <time>2019-09-24T23:33:10.000Z</time>
   </trkpt>
   <trkpt lat="-8.063838" lon="-34.909232">
    <ele>9.4</ele>
    <time>2019-09-24T23:33:11.000Z</time>
   </trkpt>
   <trkpt lat="-8.063883" lon="-34.909226">
    <ele>9.4</ele>
    <time>2019-09-24T23:33:12.000Z</time>
   </trkpt>
   <trkpt lat="-8.063924" lon="-34.909214">
    <ele>9.3</ele>
    <time>2019-09-24T23:33:13.000Z</time>
   </trkpt>
   <trkpt lat="-8.063974" lon="-34.909204">
    <ele>9.3</ele>
    <time>2019-09-24T23:33:14.000Z</time>
   </trkpt>
   <trkpt lat="-8.064017" lon="-34.909191">
    <ele>9.3</ele>
    <time>2019-09-24T23:33:15.000Z</time>
   </trkpt>
   <trkpt lat="-8.064063" lon="-34.909165">
    <ele>9.3</ele>
    <time>2019-09-24T23:33:16.000Z</time>
   </trkpt>
   <trkpt lat="-8.064103" lon="-34.909165">
    <ele>9.3</ele>
    <time>2019-09-24T23:33:17.000Z</time>
   </trkpt>
   <trkpt lat="-8.064152" lon="-34.90915">
    <ele>9.2</ele>
    <time>2019-09-24T23:33:18.000Z</time>
   </trkpt>
   <trkpt lat="-8.064205" lon="-34.909142">
    <ele>9.2</ele>
    <time>2019-09-24T23:33:19.000Z</time>
   </trkpt>
   <trkpt lat="-8.064253" lon="-34.909134">
    <ele>9.1</ele>
    <time>2019-09-24T23:33:20.000Z</time>
   </trkpt>
   <trkpt lat="-8.064297" lon="-34.909125">
    <ele>9.1</ele>
    <time>2019-09-24T23:33:21.000Z</time>
   </trkpt>
   <trkpt lat="-8.064343" lon="-34.909119">
    <ele>9</ele>
    <time>2019-09-24T23:33:22.000Z</time>
   </trkpt>
   <trkpt lat="-8.064381" lon="-34.909112">
    <ele>9</ele>
    <time>2019-09-24T23:33:23.000Z</time>
   </trkpt>
   <trkpt lat="-8.064418" lon="-34.909102">
    <ele>8.9</ele>
    <time>2019-09-24T23:33:24.000Z</time>
   </trkpt>
   <trkpt lat="-8.064456" lon="-34.909094">
    <ele>8.9</ele>
    <time>2019-09-24T23:33:25.000Z</time>
   </trkpt>
   <trkpt lat="-8.064493" lon="-34.909091">
    <ele>8.8</ele>
    <time>2019-09-24T23:33:26.000Z</time>
   </trkpt>
   <trkpt lat="-8.064535" lon="-34.909086">
    <ele>8.8</ele>
    <time>2019-09-24T23:33:27.000Z</time>
   </trkpt>
   <trkpt lat="-8.064579" lon="-34.909079">
    <ele>8.7</ele>
    <time>2019-09-24T23:33:28.000Z</time>
   </trkpt>
   <trkpt lat="-8.06461" lon="-34.909076">
    <ele>8.7</ele>
    <time>2019-09-24T23:33:29.000Z</time>
   </trkpt>
   <trkpt lat="-8.064648" lon="-34.909069">
    <ele>8.7</ele>
    <time>2019-09-24T23:33:30.000Z</time>
   </trkpt>
   <trkpt lat="-8.064686" lon="-34.909061">
    <ele>8.6</ele>
    <time>2019-09-24T23:33:31.000Z</time>
   </trkpt>
   <trkpt lat="-8.064727" lon="-34.90905">
    <ele>8.6</ele>
    <time>2019-09-24T23:33:32.000Z</time>
   </trkpt>
   <trkpt lat="-8.064776" lon="-34.909046">
    <ele>8.5</ele>
    <time>2019-09-24T23:33:33.000Z</time>
   </trkpt>
   <trkpt lat="-8.064822" lon="-34.909038">
    <ele>8.5</ele>
    <time>2019-09-24T23:33:34.000Z</time>
   </trkpt>
   <trkpt lat="-8.064867" lon="-34.909025">
    <ele>8.5</ele>
    <time>2019-09-24T23:33:35.000Z</time>
   </trkpt>
   <trkpt lat="-8.06492" lon="-34.909016">
    <ele>8.5</ele>
    <time>2019-09-24T23:33:36.000Z</time>
   </trkpt>
   <trkpt lat="-8.064968" lon="-34.909003">
    <ele>8.4</ele>
    <time>2019-09-24T23:33:37.000Z</time>
   </trkpt>
   <trkpt lat="-8.065014" lon="-34.908992">
    <ele>8.4</ele>
    <time>2019-09-24T23:33:38.000Z</time>
   </trkpt>
   <trkpt lat="-8.065053" lon="-34.908983">
    <ele>8</ele>
    <time>2019-09-24T23:33:39.000Z</time>
   </trkpt>
   <trkpt lat="-8.065099" lon="-34.90898">
    <ele>7.7</ele>
    <time>2019-09-24T23:33:40.000Z</time>
   </trkpt>
   <trkpt lat="-8.065143" lon="-34.908976">
    <ele>7.3</ele>
    <time>2019-09-24T23:33:41.000Z</time>
   </trkpt>
   <trkpt lat="-8.065179" lon="-34.908973">
    <ele>6.7</ele>
    <time>2019-09-24T23:33:42.000Z</time>
   </trkpt>
   <trkpt lat="-8.065228" lon="-34.908961">
    <ele>6.4</ele>
    <time>2019-09-24T23:33:43.000Z</time>
   </trkpt>
   <trkpt lat="-8.065279" lon="-34.908943">
    <ele>6.2</ele>
    <time>2019-09-24T23:33:44.000Z</time>
   </trkpt>
   <trkpt lat="-8.065329" lon="-34.908944">
    <ele>6.1</ele>
    <time>2019-09-24T23:33:45.000Z</time>
   </trkpt>
   <trkpt lat="-8.065387" lon="-34.90894">
    <ele>6.1</ele>
    <time>2019-09-24T23:33:46.000Z</time>
   </trkpt>
   <trkpt lat="-8.065434" lon="-34.908944">
    <ele>6.1</ele>
    <time>2019-09-24T23:33:47.000Z</time>
   </trkpt>
   <trkpt lat="-8.065478" lon="-34.908952">
    <ele>6.1</ele>
    <time>2019-09-24T23:33:48.000Z</time>
   </trkpt>
   <trkpt lat="-8.065524" lon="-34.908953">
    <ele>6.2</ele>
    <time>2019-09-24T23:33:49.000Z</time>
   </trkpt>
   <trkpt lat="-8.06557" lon="-34.908959">
    <ele>6.2</ele>
    <time>2019-09-24T23:33:50.000Z</time>
   </trkpt>
   <trkpt lat="-8.065629" lon="-34.908973">
    <ele>6.3</ele>
    <time>2019-09-24T23:33:51.000Z</time>
   </trkpt>
   <trkpt lat="-8.065677" lon="-34.908979">
    <ele>6.3</ele>
    <time>2019-09-24T23:33:52.000Z</time>
   </trkpt>
   <trkpt lat="-8.065717" lon="-34.908993">
    <ele>6.3</ele>
    <time>2019-09-24T23:33:53.000Z</time>
   </trkpt>
   <trkpt lat="-8.06576" lon="-34.908986">
    <ele>6.3</ele>
    <time>2019-09-24T23:33:54.000Z</time>
   </trkpt>
   <trkpt lat="-8.065808" lon="-34.908988">
    <ele>6.3</ele>
    <time>2019-09-24T23:33:55.000Z</time>
   </trkpt>
   <trkpt lat="-8.065855" lon="-34.908982">
    <ele>6.3</ele>
    <time>2019-09-24T23:33:56.000Z</time>
   </trkpt>
   <trkpt lat="-8.065898" lon="-34.90898">
    <ele>6.3</ele>
    <time>2019-09-24T23:33:57.000Z</time>
   </trkpt>
   <trkpt lat="-8.065943" lon="-34.908975">
    <ele>6.2</ele>
    <time>2019-09-24T23:33:58.000Z</time>
   </trkpt>
   <trkpt lat="-8.065992" lon="-34.908981">
    <ele>6.2</ele>
    <time>2019-09-24T23:33:59.000Z</time>
   </trkpt>
   <trkpt lat="-8.066039" lon="-34.908984">
    <ele>6.3</ele>
    <time>2019-09-24T23:34:00.000Z</time>
   </trkpt>
   <trkpt lat="-8.066086" lon="-34.908982">
    <ele>6.3</ele>
    <time>2019-09-24T23:34:01.000Z</time>
   </trkpt>
   <trkpt lat="-8.06613" lon="-34.90898">
    <ele>6.4</ele>
    <time>2019-09-24T23:34:02.000Z</time>
   </trkpt>
   <trkpt lat="-8.066177" lon="-34.908979">
    <ele>6.4</ele>
    <time>2019-09-24T23:34:03.000Z</time>
   </trkpt>
   <trkpt lat="-8.066223" lon="-34.908984">
    <ele>6.6</ele>
    <time>2019-09-24T23:34:04.000Z</time>
   </trkpt>
   <trkpt lat="-8.06627" lon="-34.908982">
    <ele>6.7</ele>
    <time>2019-09-24T23:34:05.000Z</time>
   </trkpt>
   <trkpt lat="-8.066318" lon="-34.90898">
    <ele>6.8</ele>
    <time>2019-09-24T23:34:06.000Z</time>
   </trkpt>
   <trkpt lat="-8.066359" lon="-34.908986">
    <ele>7</ele>
    <time>2019-09-24T23:34:07.000Z</time>
   </trkpt>
   <trkpt lat="-8.066408" lon="-34.908988">
    <ele>7</ele>
    <time>2019-09-24T23:34:08.000Z</time>
   </trkpt>
   <trkpt lat="-8.066452" lon="-34.909">
    <ele>6.9</ele>
    <time>2019-09-24T23:34:09.000Z</time>
   </trkpt>
   <trkpt lat="-8.066492" lon="-34.909002">
    <ele>6.8</ele>
    <time>2019-09-24T23:34:10.000Z</time>
   </trkpt>
   <trkpt lat="-8.066534" lon="-34.909011">
    <ele>6.6</ele>
    <time>2019-09-24T23:34:11.000Z</time>
   </trkpt>
   <trkpt lat="-8.066581" lon="-34.909031">
    <ele>6.4</ele>
    <time>2019-09-24T23:34:12.000Z</time>
   </trkpt>
   <trkpt lat="-8.066627" lon="-34.909037">
    <ele>6.1</ele>
    <time>2019-09-24T23:34:13.000Z</time>
   </trkpt>
   <trkpt lat="-8.066672" lon="-34.909065">
    <ele>5.9</ele>
    <time>2019-09-24T23:34:14.000Z</time>
   </trkpt>
   <trkpt lat="-8.066715" lon="-34.909082">
    <ele>5.7</ele>
    <time>2019-09-24T23:34:15.000Z</time>
   </trkpt>
   <trkpt lat="-8.066754" lon="-34.909102">
    <ele>5.5</ele>
    <time>2019-09-24T23:34:16.000Z</time>
   </trkpt>
   <trkpt lat="-8.066792" lon="-34.909122">
    <ele>5.1</ele>
    <time>2019-09-24T23:34:17.000Z</time>
   </trkpt>
   <trkpt lat="-8.066833" lon="-34.909147">
    <ele>5.2</ele>
    <time>2019-09-24T23:34:18.000Z</time>
   </trkpt>
   <trkpt lat="-8.066879" lon="-34.909155">
    <ele>5.3</ele>
    <time>2019-09-24T23:34:19.000Z</time>
   </trkpt>
   <trkpt lat="-8.066924" lon="-34.909173">
    <ele>5.4</ele>
    <time>2019-09-24T23:34:20.000Z</time>
   </trkpt>
   <trkpt lat="-8.066963" lon="-34.909196">
    <ele>5.5</ele>
    <time>2019-09-24T23:34:21.000Z</time>
   </trkpt>
   <trkpt lat="-8.067011" lon="-34.90922">
    <ele>5.6</ele>
    <time>2019-09-24T23:34:22.000Z</time>
   </trkpt>
   <trkpt lat="-8.067052" lon="-34.909234">
    <ele>5.7</ele>
    <time>2019-09-24T23:34:23.000Z</time>
   </trkpt>
   <trkpt lat="-8.067082" lon="-34.909252">
    <ele>6</ele>
    <time>2019-09-24T23:34:24.000Z</time>
   </trkpt>
   <trkpt lat="-8.067122" lon="-34.909268">
    <ele>6</ele>
    <time>2019-09-24T23:34:25.000Z</time>
   </trkpt>
   <trkpt lat="-8.067166" lon="-34.90929">
    <ele>6.1</ele>
    <time>2019-09-24T23:34:26.000Z</time>
   </trkpt>
   <trkpt lat="-8.067215" lon="-34.909306">
    <ele>6.2</ele>
    <time>2019-09-24T23:34:27.000Z</time>
   </trkpt>
   <trkpt lat="-8.067259" lon="-34.909327">
    <ele>6.3</ele>
    <time>2019-09-24T23:34:28.000Z</time>
   </trkpt>
   <trkpt lat="-8.0673" lon="-34.909342">
    <ele>6.3</ele>
    <time>2019-09-24T23:34:29.000Z</time>
   </trkpt>
   <trkpt lat="-8.06734" lon="-34.909362">
    <ele>6.4</ele>
    <time>2019-09-24T23:34:30.000Z</time>
   </trkpt>
   <trkpt lat="-8.067379" lon="-34.909377">
    <ele>6.5</ele>
    <time>2019-09-24T23:34:31.000Z</time>
   </trkpt>
   <trkpt lat="-8.06742" lon="-34.909396">
    <ele>6.6</ele>
    <time>2019-09-24T23:34:32.000Z</time>
   </trkpt>
   <trkpt lat="-8.067462" lon="-34.909402">
    <ele>6.6</ele>
    <time>2019-09-24T23:34:33.000Z</time>
   </trkpt>
   <trkpt lat="-8.067495" lon="-34.909428">
    <ele>6.7</ele>
    <time>2019-09-24T23:34:34.000Z</time>
   </trkpt>
   <trkpt lat="-8.067527" lon="-34.909449">
    <ele>6.7</ele>
    <time>2019-09-24T23:34:35.000Z</time>
   </trkpt>
   <trkpt lat="-8.067553" lon="-34.909462">
    <ele>6.8</ele>
    <time>2019-09-24T23:34:36.000Z</time>
   </trkpt>
   <trkpt lat="-8.067586" lon="-34.909481">
    <ele>6.8</ele>
    <time>2019-09-24T23:34:37.000Z</time>
   </trkpt>
   <trkpt lat="-8.067617" lon="-34.9095">
    <ele>6.9</ele>
    <time>2019-09-24T23:34:38.000Z</time>
   </trkpt>
   <trkpt lat="-8.06766" lon="-34.909507">
    <ele>6.9</ele>
    <time>2019-09-24T23:34:39.000Z</time>
   </trkpt>
   <trkpt lat="-8.067694" lon="-34.909519">
    <ele>7</ele>
    <time>2019-09-24T23:34:40.000Z</time>
   </trkpt>
   <trkpt lat="-8.067727" lon="-34.909532">
    <ele>7.1</ele>
    <time>2019-09-24T23:34:41.000Z</time>
   </trkpt>
   <trkpt lat="-8.067761" lon="-34.909551">
    <ele>7.2</ele>
    <time>2019-09-24T23:34:42.000Z</time>
   </trkpt>
   <trkpt lat="-8.067796" lon="-34.909556">
    <ele>7.3</ele>
    <time>2019-09-24T23:34:43.000Z</time>
   </trkpt>
   <trkpt lat="-8.067826" lon="-34.909574">
    <ele>7.4</ele>
    <time>2019-09-24T23:34:44.000Z</time>
   </trkpt>
   <trkpt lat="-8.067855" lon="-34.909591">
    <ele>7.5</ele>
    <time>2019-09-24T23:34:45.000Z</time>
   </trkpt>
   <trkpt lat="-8.067887" lon="-34.909614">
    <ele>7.6</ele>
    <time>2019-09-24T23:34:46.000Z</time>
   </trkpt>
   <trkpt lat="-8.067922" lon="-34.909629">
    <ele>7.7</ele>
    <time>2019-09-24T23:34:47.000Z</time>
   </trkpt>
   <trkpt lat="-8.067969" lon="-34.909639">
    <ele>7.8</ele>
    <time>2019-09-24T23:34:49.000Z</time>
   </trkpt>
   <trkpt lat="-8.067997" lon="-34.909649">
    <ele>7.9</ele>
    <time>2019-09-24T23:34:50.000Z</time>
   </trkpt>
   <trkpt lat="-8.06803" lon="-34.90966">
    <ele>8</ele>
    <time>2019-09-24T23:34:52.000Z</time>
   </trkpt>
   <trkpt lat="-8.068074" lon="-34.909677">
    <ele>8.2</ele>
    <time>2019-09-24T23:34:54.000Z</time>
   </trkpt>
   <trkpt lat="-8.068109" lon="-34.909693">
    <ele>8.4</ele>
    <time>2019-09-24T23:34:56.000Z</time>
   </trkpt>
   <trkpt lat="-8.068142" lon="-34.909712">
    <ele>8.6</ele>
    <time>2019-09-24T23:34:58.000Z</time>
   </trkpt>
   <trkpt lat="-8.068188" lon="-34.909726">
    <ele>8.8</ele>
    <time>2019-09-24T23:35:21.000Z</time>
   </trkpt>
   <trkpt lat="-8.068218" lon="-34.90974">
    <ele>9</ele>
    <time>2019-09-24T23:35:22.000Z</time>
   </trkpt>
   <trkpt lat="-8.06825" lon="-34.909749">
    <ele>9.3</ele>
    <time>2019-09-24T23:35:23.000Z</time>
   </trkpt>
   <trkpt lat="-8.068286" lon="-34.909761">
    <ele>9.6</ele>
    <time>2019-09-24T23:35:24.000Z</time>
   </trkpt>
   <trkpt lat="-8.068323" lon="-34.90976">
    <ele>9.1</ele>
    <time>2019-09-24T23:35:25.000Z</time>
   </trkpt>
   <trkpt lat="-8.068365" lon="-34.909767">
    <ele>8.7</ele>
    <time>2019-09-24T23:35:26.000Z</time>
   </trkpt>
   <trkpt lat="-8.068404" lon="-34.909776">
    <ele>8.4</ele>
    <time>2019-09-24T23:35:27.000Z</time>
   </trkpt>
   <trkpt lat="-8.068439" lon="-34.90978">
    <ele>8.2</ele>
    <time>2019-09-24T23:35:28.000Z</time>
   </trkpt>
   <trkpt lat="-8.068484" lon="-34.909795">
    <ele>7.8</ele>
    <time>2019-09-24T23:35:29.000Z</time>
   </trkpt>
   <trkpt lat="-8.068526" lon="-34.909802">
    <ele>7.5</ele>
    <time>2019-09-24T23:35:30.000Z</time>
   </trkpt>
   <trkpt lat="-8.068572" lon="-34.909808">
    <ele>7.2</ele>
    <time>2019-09-24T23:35:31.000Z</time>
   </trkpt>
   <trkpt lat="-8.068616" lon="-34.909811">
    <ele>6.9</ele>
    <time>2019-09-24T23:35:32.000Z</time>
   </trkpt>
   <trkpt lat="-8.06866" lon="-34.909809">
    <ele>6.7</ele>
    <time>2019-09-24T23:35:33.000Z</time>
   </trkpt>
   <trkpt lat="-8.068721" lon="-34.909815">
    <ele>6.3</ele>
    <time>2019-09-24T23:35:34.000Z</time>
   </trkpt>
   <trkpt lat="-8.068767" lon="-34.909814">
    <ele>6.2</ele>
    <time>2019-09-24T23:35:35.000Z</time>
   </trkpt>
   <trkpt lat="-8.068816" lon="-34.909803">
    <ele>6</ele>
    <time>2019-09-24T23:35:36.000Z</time>
   </trkpt>
   <trkpt lat="-8.068867" lon="-34.90981">
    <ele>5.9</ele>
    <time>2019-09-24T23:35:37.000Z</time>
   </trkpt>
   <trkpt lat="-8.068913" lon="-34.909808">
    <ele>5.9</ele>
    <time>2019-09-24T23:35:38.000Z</time>
   </trkpt>
   <trkpt lat="-8.068955" lon="-34.9098">
    <ele>5.9</ele>
    <time>2019-09-24T23:35:39.000Z</time>
   </trkpt>
   <trkpt lat="-8.069004" lon="-34.909792">
    <ele>5.9</ele>
    <time>2019-09-24T23:35:40.000Z</time>
   </trkpt>
   <trkpt lat="-8.069043" lon="-34.909785">
    <ele>5.9</ele>
    <time>2019-09-24T23:35:41.000Z</time>
   </trkpt>
   <trkpt lat="-8.069085" lon="-34.909783">
    <ele>5.8</ele>
    <time>2019-09-24T23:35:42.000Z</time>
   </trkpt>
   <trkpt lat="-8.069132" lon="-34.909782">
    <ele>5.8</ele>
    <time>2019-09-24T23:35:43.000Z</time>
   </trkpt>
   <trkpt lat="-8.069175" lon="-34.909777">
    <ele>5.8</ele>
    <time>2019-09-24T23:35:44.000Z</time>
   </trkpt>
   <trkpt lat="-8.069223" lon="-34.909759">
    <ele>5.8</ele>
    <time>2019-09-24T23:35:45.000Z</time>
   </trkpt>
   <trkpt lat="-8.069261" lon="-34.909752">
    <ele>5.7</ele>
    <time>2019-09-24T23:35:46.000Z</time>
   </trkpt>
   <trkpt lat="-8.069308" lon="-34.909737">
    <ele>5.7</ele>
    <time>2019-09-24T23:35:47.000Z</time>
   </trkpt>
   <trkpt lat="-8.069355" lon="-34.909745">
    <ele>5.7</ele>
    <time>2019-09-24T23:35:48.000Z</time>
   </trkpt>
   <trkpt lat="-8.0694" lon="-34.909742">
    <ele>5.6</ele>
    <time>2019-09-24T23:35:49.000Z</time>
   </trkpt>
   <trkpt lat="-8.069441" lon="-34.90973">
    <ele>5.6</ele>
    <time>2019-09-24T23:35:50.000Z</time>
   </trkpt>
   <trkpt lat="-8.069483" lon="-34.909718">
    <ele>5.7</ele>
    <time>2019-09-24T23:35:51.000Z</time>
   </trkpt>
   <trkpt lat="-8.069527" lon="-34.90971">
    <ele>5.7</ele>
    <time>2019-09-24T23:35:52.000Z</time>
   </trkpt>
   <trkpt lat="-8.069563" lon="-34.9097">
    <ele>5.8</ele>
    <time>2019-09-24T23:35:53.000Z</time>
   </trkpt>
   <trkpt lat="-8.069607" lon="-34.909693">
    <ele>5.9</ele>
    <time>2019-09-24T23:35:54.000Z</time>
   </trkpt>
   <trkpt lat="-8.069649" lon="-34.909701">
    <ele>5.9</ele>
    <time>2019-09-24T23:35:55.000Z</time>
   </trkpt>
   <trkpt lat="-8.069691" lon="-34.9097">
    <ele>6</ele>
    <time>2019-09-24T23:35:56.000Z</time>
   </trkpt>
   <trkpt lat="-8.069746" lon="-34.90969">
    <ele>6.1</ele>
    <time>2019-09-24T23:35:57.000Z</time>
   </trkpt>
   <trkpt lat="-8.069793" lon="-34.909684">
    <ele>6.2</ele>
    <time>2019-09-24T23:35:58.000Z</time>
   </trkpt>
   <trkpt lat="-8.069842" lon="-34.909669">
    <ele>6.3</ele>
    <time>2019-09-24T23:35:59.000Z</time>
   </trkpt>
   <trkpt lat="-8.06989" lon="-34.909656">
    <ele>6.4</ele>
    <time>2019-09-24T23:36:00.000Z</time>
   </trkpt>
   <trkpt lat="-8.069947" lon="-34.909632">
    <ele>6.5</ele>
    <time>2019-09-24T23:36:01.000Z</time>
   </trkpt>
   <trkpt lat="-8.070003" lon="-34.909631">
    <ele>6.4</ele>
    <time>2019-09-24T23:36:02.000Z</time>
   </trkpt>
   <trkpt lat="-8.070051" lon="-34.909618">
    <ele>6.4</ele>
    <time>2019-09-24T23:36:03.000Z</time>
   </trkpt>
   <trkpt lat="-8.0701" lon="-34.909612">
    <ele>6.3</ele>
    <time>2019-09-24T23:36:04.000Z</time>
   </trkpt>
   <trkpt lat="-8.070156" lon="-34.909609">
    <ele>6.3</ele>
    <time>2019-09-24T23:36:05.000Z</time>
   </trkpt>
   <trkpt lat="-8.070211" lon="-34.909609">
    <ele>6.2</ele>
    <time>2019-09-24T23:36:06.000Z</time>
   </trkpt>
   <trkpt lat="-8.070262" lon="-34.909603">
    <ele>6.2</ele>
    <time>2019-09-24T23:36:07.000Z</time>
   </trkpt>
   <trkpt lat="-8.070314" lon="-34.909599">
    <ele>6.1</ele>
    <time>2019-09-24T23:36:08.000Z</time>
   </trkpt>
   <trkpt lat="-8.070363" lon="-34.909592">
    <ele>6.1</ele>
    <time>2019-09-24T23:36:09.000Z</time>
   </trkpt>
   <trkpt lat="-8.070407" lon="-34.90959">
    <ele>6.1</ele>
    <time>2019-09-24T23:36:10.000Z</time>
   </trkpt>
   <trkpt lat="-8.07045" lon="-34.909579">
    <ele>6</ele>
    <time>2019-09-24T23:36:11.000Z</time>
   </trkpt>
   <trkpt lat="-8.070495" lon="-34.909566">
    <ele>6</ele>
    <time>2019-09-24T23:36:12.000Z</time>
   </trkpt>
   <trkpt lat="-8.070549" lon="-34.909556">
    <ele>5.9</ele>
    <time>2019-09-24T23:36:13.000Z</time>
   </trkpt>
   <trkpt lat="-8.0706" lon="-34.909543">
    <ele>5.9</ele>
    <time>2019-09-24T23:36:14.000Z</time>
   </trkpt>
   <trkpt lat="-8.070644" lon="-34.90953">
    <ele>5.8</ele>
    <time>2019-09-24T23:36:15.000Z</time>
   </trkpt>
   <trkpt lat="-8.070691" lon="-34.90952">
    <ele>5.8</ele>
    <time>2019-09-24T23:36:16.000Z</time>
   </trkpt>
   <trkpt lat="-8.070734" lon="-34.909521">
    <ele>5.8</ele>
    <time>2019-09-24T23:36:17.000Z</time>
   </trkpt>
   <trkpt lat="-8.070775" lon="-34.909522">
    <ele>5.7</ele>
    <time>2019-09-24T23:36:18.000Z</time>
   </trkpt>
   <trkpt lat="-8.070811" lon="-34.909524">
    <ele>5.7</ele>
    <time>2019-09-24T23:36:19.000Z</time>
   </trkpt>
   <trkpt lat="-8.070842" lon="-34.90951">
    <ele>5.6</ele>
    <time>2019-09-24T23:36:20.000Z</time>
   </trkpt>
   <trkpt lat="-8.070874" lon="-34.909498">
    <ele>5.6</ele>
    <time>2019-09-24T23:36:21.000Z</time>
   </trkpt>
   <trkpt lat="-8.070934" lon="-34.909485">
    <ele>5.5</ele>
    <time>2019-09-24T23:36:23.000Z</time>
   </trkpt>
   <trkpt lat="-8.070985" lon="-34.909478">
    <ele>5.5</ele>
    <time>2019-09-24T23:36:25.000Z</time>
   </trkpt>
   <trkpt lat="-8.071027" lon="-34.909477">
    <ele>5.4</ele>
    <time>2019-09-24T23:36:27.000Z</time>
   </trkpt>
   <trkpt lat="-8.071064" lon="-34.909482">
    <ele>5.3</ele>
    <time>2019-09-24T23:36:29.000Z</time>
   </trkpt>
   <trkpt lat="-8.071101" lon="-34.909469">
    <ele>5.2</ele>
    <time>2019-09-24T23:36:31.000Z</time>
   </trkpt>
   <trkpt lat="-8.071155" lon="-34.909468">
    <ele>5.1</ele>
    <time>2019-09-24T23:36:33.000Z</time>
   </trkpt>
   <trkpt lat="-8.07118" lon="-34.90945">
    <ele>4.9</ele>
    <time>2019-09-24T23:36:35.000Z</time>
   </trkpt>
   <trkpt lat="-8.071208" lon="-34.909443">
    <ele>4.8</ele>
    <time>2019-09-24T23:36:37.000Z</time>
   </trkpt>
   <trkpt lat="-8.071241" lon="-34.909432">
    <ele>4.6</ele>
    <time>2019-09-24T23:36:42.000Z</time>
   </trkpt>
   <trkpt lat="-8.071242" lon="-34.909466">
    <ele>4.4</ele>
    <time>2019-09-24T23:36:50.000Z</time>
   </trkpt>
   <trkpt lat="-8.071291" lon="-34.909414">
    <ele>3.9</ele>
    <time>2019-09-24T23:36:59.000Z</time>
   </trkpt>
   <trkpt lat="-8.071318" lon="-34.9094">
    <ele>3.7</ele>
    <time>2019-09-24T23:37:00.000Z</time>
   </trkpt>
   <trkpt lat="-8.071352" lon="-34.90939">
    <ele>3.4</ele>
    <time>2019-09-24T23:37:01.000Z</time>
   </trkpt>
   <trkpt lat="-8.071383" lon="-34.909385">
    <ele>3.1</ele>
    <time>2019-09-24T23:37:02.000Z</time>
   </trkpt>
   <trkpt lat="-8.071421" lon="-34.909383">
    <ele>2.8</ele>
    <time>2019-09-24T23:37:03.000Z</time>
   </trkpt>
   <trkpt lat="-8.071455" lon="-34.909378">
    <ele>2.6</ele>
    <time>2019-09-24T23:37:04.000Z</time>
   </trkpt>
   <trkpt lat="-8.07149" lon="-34.909371">
    <ele>2.3</ele>
    <time>2019-09-24T23:37:05.000Z</time>
   </trkpt>
   <trkpt lat="-8.071533" lon="-34.909366">
    <ele>2.4</ele>
    <time>2019-09-24T23:37:06.000Z</time>
   </trkpt>
   <trkpt lat="-8.071573" lon="-34.909356">
    <ele>2.6</ele>
    <time>2019-09-24T23:37:07.000Z</time>
   </trkpt>
   <trkpt lat="-8.071617" lon="-34.909349">
    <ele>2.9</ele>
    <time>2019-09-24T23:37:08.000Z</time>
   </trkpt>
   <trkpt lat="-8.071662" lon="-34.909343">
    <ele>3.1</ele>
    <time>2019-09-24T23:37:09.000Z</time>
   </trkpt>
   <trkpt lat="-8.071712" lon="-34.909337">
    <ele>3.4</ele>
    <time>2019-09-24T23:37:10.000Z</time>
   </trkpt>
   <trkpt lat="-8.071757" lon="-34.909328">
    <ele>3.6</ele>
    <time>2019-09-24T23:37:11.000Z</time>
   </trkpt>
   <trkpt lat="-8.071808" lon="-34.909321">
    <ele>3.8</ele>
    <time>2019-09-24T23:37:12.000Z</time>
   </trkpt>
   <trkpt lat="-8.071861" lon="-34.909315">
    <ele>4</ele>
    <time>2019-09-24T23:37:13.000Z</time>
   </trkpt>
   <trkpt lat="-8.071911" lon="-34.909308">
    <ele>4.3</ele>
    <time>2019-09-24T23:37:14.000Z</time>
   </trkpt>
   <trkpt lat="-8.071961" lon="-34.90931">
    <ele>4.5</ele>
    <time>2019-09-24T23:37:15.000Z</time>
   </trkpt>
   <trkpt lat="-8.072016" lon="-34.909293">
    <ele>4.7</ele>
    <time>2019-09-24T23:37:16.000Z</time>
   </trkpt>
   <trkpt lat="-8.07207" lon="-34.909282">
    <ele>4.9</ele>
    <time>2019-09-24T23:37:17.000Z</time>
   </trkpt>
   <trkpt lat="-8.07212" lon="-34.909275">
    <ele>5.2</ele>
    <time>2019-09-24T23:37:18.000Z</time>
   </trkpt>
   <trkpt lat="-8.072172" lon="-34.909268">
    <ele>5.4</ele>
    <time>2019-09-24T23:37:19.000Z</time>
   </trkpt>
   <trkpt lat="-8.072226" lon="-34.90925">
    <ele>5.7</ele>
    <time>2019-09-24T23:37:20.000Z</time>
   </trkpt>
   <trkpt lat="-8.072273" lon="-34.909261">
    <ele>6</ele>
    <time>2019-09-24T23:37:21.000Z</time>
   </trkpt>
   <trkpt lat="-8.072318" lon="-34.909249">
    <ele>6.4</ele>
    <time>2019-09-24T23:37:22.000Z</time>
   </trkpt>
   <trkpt lat="-8.07236" lon="-34.909244">
    <ele>6.7</ele>
    <time>2019-09-24T23:37:23.000Z</time>
   </trkpt>
   <trkpt lat="-8.072403" lon="-34.909235">
    <ele>7.1</ele>
    <time>2019-09-24T23:37:24.000Z</time>
   </trkpt>
   <trkpt lat="-8.07245" lon="-34.909223">
    <ele>6.8</ele>
    <time>2019-09-24T23:37:25.000Z</time>
   </trkpt>
   <trkpt lat="-8.072493" lon="-34.909213">
    <ele>6.5</ele>
    <time>2019-09-24T23:37:26.000Z</time>
   </trkpt>
   <trkpt lat="-8.072536" lon="-34.909221">
    <ele>6.2</ele>
    <time>2019-09-24T23:37:27.000Z</time>
   </trkpt>
   <trkpt lat="-8.072585" lon="-34.909211">
    <ele>5.8</ele>
    <time>2019-09-24T23:37:28.000Z</time>
   </trkpt>
   <trkpt lat="-8.072636" lon="-34.909209">
    <ele>5.3</ele>
    <time>2019-09-24T23:37:29.000Z</time>
   </trkpt>
   <trkpt lat="-8.072691" lon="-34.9092">
    <ele>4.8</ele>
    <time>2019-09-24T23:37:30.000Z</time>
   </trkpt>
   <trkpt lat="-8.072739" lon="-34.909183">
    <ele>4.5</ele>
    <time>2019-09-24T23:37:31.000Z</time>
   </trkpt>
   <trkpt lat="-8.072784" lon="-34.909176">
    <ele>4.3</ele>
    <time>2019-09-24T23:37:32.000Z</time>
   </trkpt>
   <trkpt lat="-8.072832" lon="-34.909166">
    <ele>4.2</ele>
    <time>2019-09-24T23:37:33.000Z</time>
   </trkpt>
   <trkpt lat="-8.072877" lon="-34.90916">
    <ele>4.1</ele>
    <time>2019-09-24T23:37:34.000Z</time>
   </trkpt>
   <trkpt lat="-8.072918" lon="-34.909136">
    <ele>4</ele>
    <time>2019-09-24T23:37:35.000Z</time>
   </trkpt>
   <trkpt lat="-8.072966" lon="-34.909126">
    <ele>4</ele>
    <time>2019-09-24T23:37:36.000Z</time>
   </trkpt>
   <trkpt lat="-8.073016" lon="-34.909106">
    <ele>4</ele>
    <time>2019-09-24T23:37:37.000Z</time>
   </trkpt>
   <trkpt lat="-8.073063" lon="-34.909099">
    <ele>4</ele>
    <time>2019-09-24T23:37:38.000Z</time>
   </trkpt>
   <trkpt lat="-8.073113" lon="-34.909101">
    <ele>4.2</ele>
    <time>2019-09-24T23:37:39.000Z</time>
   </trkpt>
   <trkpt lat="-8.073168" lon="-34.909103">
    <ele>4.5</ele>
    <time>2019-09-24T23:37:40.000Z</time>
   </trkpt>
   <trkpt lat="-8.073221" lon="-34.909098">
    <ele>4.7</ele>
    <time>2019-09-24T23:37:41.000Z</time>
   </trkpt>
   <trkpt lat="-8.073273" lon="-34.909095">
    <ele>4.9</ele>
    <time>2019-09-24T23:37:42.000Z</time>
   </trkpt>
   <trkpt lat="-8.073324" lon="-34.909087">
    <ele>5</ele>
    <time>2019-09-24T23:37:43.000Z</time>
   </trkpt>
   <trkpt lat="-8.073373" lon="-34.909078">
    <ele>5.1</ele>
    <time>2019-09-24T23:37:44.000Z</time>
   </trkpt>
   <trkpt lat="-8.073418" lon="-34.909068">
    <ele>5.1</ele>
    <time>2019-09-24T23:37:45.000Z</time>
   </trkpt>
   <trkpt lat="-8.07347" lon="-34.909062">
    <ele>5.1</ele>
    <time>2019-09-24T23:37:46.000Z</time>
   </trkpt>
   <trkpt lat="-8.073519" lon="-34.909055">
    <ele>5.1</ele>
    <time>2019-09-24T23:37:47.000Z</time>
   </trkpt>
   <trkpt lat="-8.073561" lon="-34.909044">
    <ele>5</ele>
    <time>2019-09-24T23:37:48.000Z</time>
   </trkpt>
   <trkpt lat="-8.073601" lon="-34.909038">
    <ele>5</ele>
    <time>2019-09-24T23:37:49.000Z</time>
   </trkpt>
   <trkpt lat="-8.073646" lon="-34.909031">
    <ele>4.7</ele>
    <time>2019-09-24T23:37:50.000Z</time>
   </trkpt>
   <trkpt lat="-8.073689" lon="-34.909021">
    <ele>4.5</ele>
    <time>2019-09-24T23:37:51.000Z</time>
   </trkpt>
   <trkpt lat="-8.073731" lon="-34.909014">
    <ele>4.3</ele>
    <time>2019-09-24T23:37:52.000Z</time>
   </trkpt>
   <trkpt lat="-8.073777" lon="-34.909001">
    <ele>4.2</ele>
    <time>2019-09-24T23:37:53.000Z</time>
   </trkpt>
   <trkpt lat="-8.073822" lon="-34.908993">
    <ele>4.2</ele>
    <time>2019-09-24T23:37:54.000Z</time>
   </trkpt>
   <trkpt lat="-8.073862" lon="-34.908985">
    <ele>4.2</ele>
    <time>2019-09-24T23:37:55.000Z</time>
   </trkpt>
   <trkpt lat="-8.073902" lon="-34.908978">
    <ele>4.2</ele>
    <time>2019-09-24T23:37:56.000Z</time>
   </trkpt>
   <trkpt lat="-8.07393" lon="-34.908977">
    <ele>4.2</ele>
    <time>2019-09-24T23:37:57.000Z</time>
   </trkpt>
   <trkpt lat="-8.073968" lon="-34.908966">
    <ele>4.2</ele>
    <time>2019-09-24T23:37:58.000Z</time>
   </trkpt>
   <trkpt lat="-8.074018" lon="-34.908958">
    <ele>4.2</ele>
    <time>2019-09-24T23:37:59.000Z</time>
   </trkpt>
   <trkpt lat="-8.074053" lon="-34.908947">
    <ele>4.3</ele>
    <time>2019-09-24T23:38:00.000Z</time>
   </trkpt>
   <trkpt lat="-8.074095" lon="-34.908944">
    <ele>4.3</ele>
    <time>2019-09-24T23:38:01.000Z</time>
   </trkpt>
   <trkpt lat="-8.074135" lon="-34.908935">
    <ele>4.6</ele>
    <time>2019-09-24T23:38:02.000Z</time>
   </trkpt>
   <trkpt lat="-8.074172" lon="-34.908925">
    <ele>4.8</ele>
    <time>2019-09-24T23:38:03.000Z</time>
   </trkpt>
   <trkpt lat="-8.074209" lon="-34.908918">
    <ele>5</ele>
    <time>2019-09-24T23:38:04.000Z</time>
   </trkpt>
   <trkpt lat="-8.07425" lon="-34.908905">
    <ele>5.3</ele>
    <time>2019-09-24T23:38:05.000Z</time>
   </trkpt>
   <trkpt lat="-8.074294" lon="-34.908903">
    <ele>5.5</ele>
    <time>2019-09-24T23:38:06.000Z</time>
   </trkpt>
   <trkpt lat="-8.074349" lon="-34.908891">
    <ele>5.8</ele>
    <time>2019-09-24T23:38:07.000Z</time>
   </trkpt>
   <trkpt lat="-8.074393" lon="-34.90889">
    <ele>6.1</ele>
    <time>2019-09-24T23:38:08.000Z</time>
   </trkpt>
   <trkpt lat="-8.074434" lon="-34.908884">
    <ele>6.3</ele>
    <time>2019-09-24T23:38:09.000Z</time>
   </trkpt>
   <trkpt lat="-8.07448" lon="-34.908873">
    <ele>6.4</ele>
    <time>2019-09-24T23:38:10.000Z</time>
   </trkpt>
   <trkpt lat="-8.074526" lon="-34.908874">
    <ele>6.4</ele>
    <time>2019-09-24T23:38:11.000Z</time>
   </trkpt>
   <trkpt lat="-8.074577" lon="-34.908871">
    <ele>6.7</ele>
    <time>2019-09-24T23:38:12.000Z</time>
   </trkpt>
   <trkpt lat="-8.074631" lon="-34.908876">
    <ele>7</ele>
    <time>2019-09-24T23:38:13.000Z</time>
   </trkpt>
   <trkpt lat="-8.074677" lon="-34.90889">
    <ele>7.1</ele>
    <time>2019-09-24T23:38:14.000Z</time>
   </trkpt>
   <trkpt lat="-8.074718" lon="-34.908899">
    <ele>7.1</ele>
    <time>2019-09-24T23:38:15.000Z</time>
   </trkpt>
   <trkpt lat="-8.074757" lon="-34.908904">
    <ele>7.1</ele>
    <time>2019-09-24T23:38:16.000Z</time>
   </trkpt>
   <trkpt lat="-8.074798" lon="-34.908911">
    <ele>7.1</ele>
    <time>2019-09-24T23:38:17.000Z</time>
   </trkpt>
   <trkpt lat="-8.074847" lon="-34.90892">
    <ele>7</ele>
    <time>2019-09-24T23:38:18.000Z</time>
   </trkpt>
   <trkpt lat="-8.074892" lon="-34.908923">
    <ele>6.9</ele>
    <time>2019-09-24T23:38:19.000Z</time>
   </trkpt>
   <trkpt lat="-8.074937" lon="-34.908918">
    <ele>6.7</ele>
    <time>2019-09-24T23:38:20.000Z</time>
   </trkpt>
   <trkpt lat="-8.074983" lon="-34.90892">
    <ele>6.5</ele>
    <time>2019-09-24T23:38:21.000Z</time>
   </trkpt>
   <trkpt lat="-8.075034" lon="-34.908926">
    <ele>6.3</ele>
    <time>2019-09-24T23:38:22.000Z</time>
   </trkpt>
   <trkpt lat="-8.075081" lon="-34.908929">
    <ele>6.2</ele>
    <time>2019-09-24T23:38:23.000Z</time>
   </trkpt>
   <trkpt lat="-8.075134" lon="-34.908931">
    <ele>6.3</ele>
    <time>2019-09-24T23:38:24.000Z</time>
   </trkpt>
   <trkpt lat="-8.075175" lon="-34.908938">
    <ele>6.3</ele>
    <time>2019-09-24T23:38:25.000Z</time>
   </trkpt>
   <trkpt lat="-8.075219" lon="-34.908941">
    <ele>6.3</ele>
    <time>2019-09-24T23:38:26.000Z</time>
   </trkpt>
   <trkpt lat="-8.07526" lon="-34.908944">
    <ele>6.5</ele>
    <time>2019-09-24T23:38:27.000Z</time>
   </trkpt>
   <trkpt lat="-8.075299" lon="-34.908952">
    <ele>6.7</ele>
    <time>2019-09-24T23:38:28.000Z</time>
   </trkpt>
   <trkpt lat="-8.075339" lon="-34.908969">
    <ele>6.9</ele>
    <time>2019-09-24T23:38:29.000Z</time>
   </trkpt>
   <trkpt lat="-8.075377" lon="-34.908982">
    <ele>7.1</ele>
    <time>2019-09-24T23:38:30.000Z</time>
   </trkpt>
   <trkpt lat="-8.075414" lon="-34.908988">
    <ele>7.3</ele>
    <time>2019-09-24T23:38:31.000Z</time>
   </trkpt>
   <trkpt lat="-8.075449" lon="-34.90899">
    <ele>7.5</ele>
    <time>2019-09-24T23:38:32.000Z</time>
   </trkpt>
   <trkpt lat="-8.075486" lon="-34.908998">
    <ele>7.7</ele>
    <time>2019-09-24T23:38:33.000Z</time>
   </trkpt>
   <trkpt lat="-8.075523" lon="-34.909001">
    <ele>8</ele>
    <time>2019-09-24T23:38:34.000Z</time>
   </trkpt>
   <trkpt lat="-8.075558" lon="-34.909002">
    <ele>8.2</ele>
    <time>2019-09-24T23:38:35.000Z</time>
   </trkpt>
   <trkpt lat="-8.07559" lon="-34.908995">
    <ele>8.4</ele>
    <time>2019-09-24T23:38:36.000Z</time>
   </trkpt>
   <trkpt lat="-8.075619" lon="-34.908998">
    <ele>8.6</ele>
    <time>2019-09-24T23:38:39.000Z</time>
   </trkpt>
   <trkpt lat="-8.075641" lon="-34.908979">
    <ele>8.8</ele>
    <time>2019-09-24T23:38:47.000Z</time>
   </trkpt>
   <trkpt lat="-8.075692" lon="-34.908991">
    <ele>9.1</ele>
    <time>2019-09-24T23:38:58.000Z</time>
   </trkpt>
   <trkpt lat="-8.075743" lon="-34.909004">
    <ele>9.3</ele>
    <time>2019-09-24T23:39:00.000Z</time>
   </trkpt>
   <trkpt lat="-8.075798" lon="-34.909017">
    <ele>9.6</ele>
    <time>2019-09-24T23:39:02.000Z</time>
   </trkpt>
   <trkpt lat="-8.075833" lon="-34.909029">
    <ele>9.8</ele>
    <time>2019-09-24T23:39:03.000Z</time>
   </trkpt>
   <trkpt lat="-8.075871" lon="-34.909035">
    <ele>10</ele>
    <time>2019-09-24T23:39:04.000Z</time>
   </trkpt>
   <trkpt lat="-8.075907" lon="-34.909033">
    <ele>10</ele>
    <time>2019-09-24T23:39:05.000Z</time>
   </trkpt>
   <trkpt lat="-8.07594" lon="-34.909037">
    <ele>10</ele>
    <time>2019-09-24T23:39:06.000Z</time>
   </trkpt>
   <trkpt lat="-8.075974" lon="-34.909046">
    <ele>10</ele>
    <time>2019-09-24T23:39:07.000Z</time>
   </trkpt>
   <trkpt lat="-8.076005" lon="-34.909049">
    <ele>10</ele>
    <time>2019-09-24T23:39:08.000Z</time>
   </trkpt>
   <trkpt lat="-8.076035" lon="-34.909057">
    <ele>10</ele>
    <time>2019-09-24T23:39:09.000Z</time>
   </trkpt>
   <trkpt lat="-8.076071" lon="-34.909062">
    <ele>10</ele>
    <time>2019-09-24T23:39:10.000Z</time>
   </trkpt>
   <trkpt lat="-8.076109" lon="-34.909065">
    <ele>10</ele>
    <time>2019-09-24T23:39:11.000Z</time>
   </trkpt>
   <trkpt lat="-8.076152" lon="-34.909081">
    <ele>10</ele>
    <time>2019-09-24T23:39:12.000Z</time>
   </trkpt>
   <trkpt lat="-8.076199" lon="-34.909095">
    <ele>10</ele>
    <time>2019-09-24T23:39:13.000Z</time>
   </trkpt>
   <trkpt lat="-8.076246" lon="-34.909096">
    <ele>10</ele>
    <time>2019-09-24T23:39:14.000Z</time>
   </trkpt>
   <trkpt lat="-8.076289" lon="-34.909094">
    <ele>10</ele>
    <time>2019-09-24T23:39:15.000Z</time>
   </trkpt>
   <trkpt lat="-8.076332" lon="-34.909097">
    <ele>10</ele>
    <time>2019-09-24T23:39:16.000Z</time>
   </trkpt>
   <trkpt lat="-8.076379" lon="-34.909101">
    <ele>10</ele>
    <time>2019-09-24T23:39:17.000Z</time>
   </trkpt>
   <trkpt lat="-8.076435" lon="-34.909094">
    <ele>10</ele>
    <time>2019-09-24T23:39:18.000Z</time>
   </trkpt>
   <trkpt lat="-8.076487" lon="-34.909085">
    <ele>10</ele>
    <time>2019-09-24T23:39:19.000Z</time>
   </trkpt>
   <trkpt lat="-8.076533" lon="-34.909101">
    <ele>9.9</ele>
    <time>2019-09-24T23:39:20.000Z</time>
   </trkpt>
   <trkpt lat="-8.076577" lon="-34.909101">
    <ele>9.9</ele>
    <time>2019-09-24T23:39:21.000Z</time>
   </trkpt>
   <trkpt lat="-8.076625" lon="-34.909097">
    <ele>9.8</ele>
    <time>2019-09-24T23:39:22.000Z</time>
   </trkpt>
   <trkpt lat="-8.076663" lon="-34.909106">
    <ele>9.7</ele>
    <time>2019-09-24T23:39:23.000Z</time>
   </trkpt>
   <trkpt lat="-8.076712" lon="-34.909109">
    <ele>9.5</ele>
    <time>2019-09-24T23:39:24.000Z</time>
   </trkpt>
   <trkpt lat="-8.076751" lon="-34.909107">
    <ele>9.4</ele>
    <time>2019-09-24T23:39:25.000Z</time>
   </trkpt>
   <trkpt lat="-8.076787" lon="-34.909114">
    <ele>9.2</ele>
    <time>2019-09-24T23:39:26.000Z</time>
   </trkpt>
   <trkpt lat="-8.07682" lon="-34.909131">
    <ele>9</ele>
    <time>2019-09-24T23:39:27.000Z</time>
   </trkpt>
   <trkpt lat="-8.076857" lon="-34.909142">
    <ele>8.8</ele>
    <time>2019-09-24T23:39:28.000Z</time>
   </trkpt>
   <trkpt lat="-8.076892" lon="-34.909139">
    <ele>8.6</ele>
    <time>2019-09-24T23:39:29.000Z</time>
   </trkpt>
   <trkpt lat="-8.076928" lon="-34.909161">
    <ele>8.4</ele>
    <time>2019-09-24T23:39:30.000Z</time>
   </trkpt>
   <trkpt lat="-8.076979" lon="-34.909169">
    <ele>8</ele>
    <time>2019-09-24T23:39:31.000Z</time>
   </trkpt>
   <trkpt lat="-8.07703" lon="-34.909168">
    <ele>7.9</ele>
    <time>2019-09-24T23:39:32.000Z</time>
   </trkpt>
   <trkpt lat="-8.077075" lon="-34.909179">
    <ele>7.9</ele>
    <time>2019-09-24T23:39:33.000Z</time>
   </trkpt>
   <trkpt lat="-8.077126" lon="-34.909189">
    <ele>7.2</ele>
    <time>2019-09-24T23:39:34.000Z</time>
   </trkpt>
   <trkpt lat="-8.077176" lon="-34.909198">
    <ele>6.9</ele>
    <time>2019-09-24T23:39:35.000Z</time>
   </trkpt>
   <trkpt lat="-8.077224" lon="-34.909213">
    <ele>6.8</ele>
    <time>2019-09-24T23:39:36.000Z</time>
   </trkpt>
   <trkpt lat="-8.077272" lon="-34.90921">
    <ele>6.6</ele>
    <time>2019-09-24T23:39:37.000Z</time>
   </trkpt>
   <trkpt lat="-8.077318" lon="-34.909222">
    <ele>6.6</ele>
    <time>2019-09-24T23:39:38.000Z</time>
   </trkpt>
   <trkpt lat="-8.077367" lon="-34.909239">
    <ele>6.5</ele>
    <time>2019-09-24T23:39:39.000Z</time>
   </trkpt>
   <trkpt lat="-8.077423" lon="-34.909235">
    <ele>6.4</ele>
    <time>2019-09-24T23:39:40.000Z</time>
   </trkpt>
   <trkpt lat="-8.077473" lon="-34.909239">
    <ele>6.4</ele>
    <time>2019-09-24T23:39:41.000Z</time>
   </trkpt>
   <trkpt lat="-8.07752" lon="-34.909254">
    <ele>6.4</ele>
    <time>2019-09-24T23:39:42.000Z</time>
   </trkpt>
   <trkpt lat="-8.077566" lon="-34.909253">
    <ele>6.3</ele>
    <time>2019-09-24T23:39:43.000Z</time>
   </trkpt>
   <trkpt lat="-8.077617" lon="-34.909263">
    <ele>6.5</ele>
    <time>2019-09-24T23:39:44.000Z</time>
   </trkpt>
   <trkpt lat="-8.077657" lon="-34.909288">
    <ele>6.7</ele>
    <time>2019-09-24T23:39:45.000Z</time>
   </trkpt>
   <trkpt lat="-8.077699" lon="-34.909306">
    <ele>6.8</ele>
    <time>2019-09-24T23:39:46.000Z</time>
   </trkpt>
   <trkpt lat="-8.07774" lon="-34.909315">
    <ele>6.9</ele>
    <time>2019-09-24T23:39:47.000Z</time>
   </trkpt>
   <trkpt lat="-8.077775" lon="-34.909324">
    <ele>7</ele>
    <time>2019-09-24T23:39:48.000Z</time>
   </trkpt>
   <trkpt lat="-8.077819" lon="-34.90933">
    <ele>7</ele>
    <time>2019-09-24T23:39:49.000Z</time>
   </trkpt>
   <trkpt lat="-8.077863" lon="-34.909335">
    <ele>7.1</ele>
    <time>2019-09-24T23:39:50.000Z</time>
   </trkpt>
   <trkpt lat="-8.077909" lon="-34.909347">
    <ele>7.1</ele>
    <time>2019-09-24T23:39:51.000Z</time>
   </trkpt>
   <trkpt lat="-8.077958" lon="-34.909354">
    <ele>7.1</ele>
    <time>2019-09-24T23:39:52.000Z</time>
   </trkpt>
   <trkpt lat="-8.078" lon="-34.909361">
    <ele>7</ele>
    <time>2019-09-24T23:39:53.000Z</time>
   </trkpt>
   <trkpt lat="-8.078044" lon="-34.90936">
    <ele>7</ele>
    <time>2019-09-24T23:39:54.000Z</time>
   </trkpt>
   <trkpt lat="-8.078086" lon="-34.90937">
    <ele>7</ele>
    <time>2019-09-24T23:39:55.000Z</time>
   </trkpt>
   <trkpt lat="-8.078125" lon="-34.90938">
    <ele>7</ele>
    <time>2019-09-24T23:39:56.000Z</time>
   </trkpt>
   <trkpt lat="-8.078169" lon="-34.909381">
    <ele>6.9</ele>
    <time>2019-09-24T23:39:57.000Z</time>
   </trkpt>
   <trkpt lat="-8.078212" lon="-34.9094">
    <ele>6.9</ele>
    <time>2019-09-24T23:39:58.000Z</time>
   </trkpt>
   <trkpt lat="-8.078268" lon="-34.909396">
    <ele>7.2</ele>
    <time>2019-09-24T23:39:59.000Z</time>
   </trkpt>
   <trkpt lat="-8.07831" lon="-34.909404">
    <ele>7.4</ele>
    <time>2019-09-24T23:40:00.000Z</time>
   </trkpt>
   <trkpt lat="-8.078356" lon="-34.9094">
    <ele>7.6</ele>
    <time>2019-09-24T23:40:01.000Z</time>
   </trkpt>
   <trkpt lat="-8.078395" lon="-34.909402">
    <ele>7.7</ele>
    <time>2019-09-24T23:40:02.000Z</time>
   </trkpt>
   <trkpt lat="-8.078431" lon="-34.909405">
    <ele>7.8</ele>
    <time>2019-09-24T23:40:03.000Z</time>
   </trkpt>
   <trkpt lat="-8.078467" lon="-34.909407">
    <ele>7.9</ele>
    <time>2019-09-24T23:40:04.000Z</time>
   </trkpt>
   <trkpt lat="-8.078515" lon="-34.909406">
    <ele>8.1</ele>
    <time>2019-09-24T23:40:05.000Z</time>
   </trkpt>
   <trkpt lat="-8.078554" lon="-34.909408">
    <ele>8.2</ele>
    <time>2019-09-24T23:40:06.000Z</time>
   </trkpt>
   <trkpt lat="-8.078603" lon="-34.909386">
    <ele>8.3</ele>
    <time>2019-09-24T23:40:07.000Z</time>
   </trkpt>
   <trkpt lat="-8.078637" lon="-34.90939">
    <ele>8.4</ele>
    <time>2019-09-24T23:40:08.000Z</time>
   </trkpt>
   <trkpt lat="-8.078676" lon="-34.909405">
    <ele>8.5</ele>
    <time>2019-09-24T23:40:09.000Z</time>
   </trkpt>
   <trkpt lat="-8.078716" lon="-34.909411">
    <ele>8.5</ele>
    <time>2019-09-24T23:40:10.000Z</time>
   </trkpt>
   <trkpt lat="-8.078757" lon="-34.909411">
    <ele>8.6</ele>
    <time>2019-09-24T23:40:11.000Z</time>
   </trkpt>
   <trkpt lat="-8.078803" lon="-34.909415">
    <ele>8.7</ele>
    <time>2019-09-24T23:40:12.000Z</time>
   </trkpt>
   <trkpt lat="-8.078852" lon="-34.909419">
    <ele>8.7</ele>
    <time>2019-09-24T23:40:13.000Z</time>
   </trkpt>
   <trkpt lat="-8.078901" lon="-34.909423">
    <ele>8.8</ele>
    <time>2019-09-24T23:40:14.000Z</time>
   </trkpt>
   <trkpt lat="-8.07895" lon="-34.909418">
    <ele>8.8</ele>
    <time>2019-09-24T23:40:15.000Z</time>
   </trkpt>
   <trkpt lat="-8.078997" lon="-34.909422">
    <ele>8.8</ele>
    <time>2019-09-24T23:40:16.000Z</time>
   </trkpt>
   <trkpt lat="-8.07904" lon="-34.909436">
    <ele>8.8</ele>
    <time>2019-09-24T23:40:17.000Z</time>
   </trkpt>
   <trkpt lat="-8.079085" lon="-34.909444">
    <ele>8.8</ele>
    <time>2019-09-24T23:40:18.000Z</time>
   </trkpt>
   <trkpt lat="-8.079127" lon="-34.909443">
    <ele>8.8</ele>
    <time>2019-09-24T23:40:19.000Z</time>
   </trkpt>
   <trkpt lat="-8.079161" lon="-34.909452">
    <ele>8.8</ele>
    <time>2019-09-24T23:40:20.000Z</time>
   </trkpt>
   <trkpt lat="-8.079201" lon="-34.909461">
    <ele>8.8</ele>
    <time>2019-09-24T23:40:21.000Z</time>
   </trkpt>
   <trkpt lat="-8.07924" lon="-34.90946">
    <ele>8.8</ele>
    <time>2019-09-24T23:40:22.000Z</time>
   </trkpt>
   <trkpt lat="-8.079274" lon="-34.909458">
    <ele>8.7</ele>
    <time>2019-09-24T23:40:23.000Z</time>
   </trkpt>
   <trkpt lat="-8.079332" lon="-34.90946">
    <ele>8.7</ele>
    <time>2019-09-24T23:40:25.000Z</time>
   </trkpt>
   <trkpt lat="-8.079384" lon="-34.909461">
    <ele>8.6</ele>
    <time>2019-09-24T23:40:27.000Z</time>
   </trkpt>
   <trkpt lat="-8.079429" lon="-34.909458">
    <ele>8.6</ele>
    <time>2019-09-24T23:40:29.000Z</time>
   </trkpt>
   <trkpt lat="-8.079475" lon="-34.909463">
    <ele>8.5</ele>
    <time>2019-09-24T23:40:31.000Z</time>
   </trkpt>
   <trkpt lat="-8.079522" lon="-34.909459">
    <ele>8.5</ele>
    <time>2019-09-24T23:40:33.000Z</time>
   </trkpt>
   <trkpt lat="-8.079549" lon="-34.909459">
    <ele>8.4</ele>
    <time>2019-09-24T23:40:34.000Z</time>
   </trkpt>
   <trkpt lat="-8.079577" lon="-34.909457">
    <ele>8.4</ele>
    <time>2019-09-24T23:40:35.000Z</time>
   </trkpt>
   <trkpt lat="-8.079604" lon="-34.909468">
    <ele>8.3</ele>
    <time>2019-09-24T23:40:36.000Z</time>
   </trkpt>
   <trkpt lat="-8.079636" lon="-34.909469">
    <ele>8.3</ele>
    <time>2019-09-24T23:40:37.000Z</time>
   </trkpt>
   <trkpt lat="-8.079664" lon="-34.909465">
    <ele>8.2</ele>
    <time>2019-09-24T23:40:38.000Z</time>
   </trkpt>
   <trkpt lat="-8.079698" lon="-34.909457">
    <ele>8.1</ele>
    <time>2019-09-24T23:40:39.000Z</time>
   </trkpt>
   <trkpt lat="-8.079725" lon="-34.909448">
    <ele>8.1</ele>
    <time>2019-09-24T23:40:40.000Z</time>
   </trkpt>
   <trkpt lat="-8.079773" lon="-34.909455">
    <ele>8</ele>
    <time>2019-09-24T23:40:42.000Z</time>
   </trkpt>
   <trkpt lat="-8.079799" lon="-34.909468">
    <ele>7.9</ele>
    <time>2019-09-24T23:40:43.000Z</time>
   </trkpt>
   <trkpt lat="-8.079837" lon="-34.909462">
    <ele>7.8</ele>
    <time>2019-09-24T23:40:44.000Z</time>
   </trkpt>
   <trkpt lat="-8.079867" lon="-34.909459">
    <ele>7.7</ele>
    <time>2019-09-24T23:40:45.000Z</time>
   </trkpt>
   <trkpt lat="-8.079895" lon="-34.90946">
    <ele>7.6</ele>
    <time>2019-09-24T23:40:46.000Z</time>
   </trkpt>
   <trkpt lat="-8.079926" lon="-34.909466">
    <ele>7.6</ele>
    <time>2019-09-24T23:40:47.000Z</time>
   </trkpt>
   <trkpt lat="-8.079962" lon="-34.90946">
    <ele>7.4</ele>
    <time>2019-09-24T23:40:48.000Z</time>
   </trkpt>
   <trkpt lat="-8.079992" lon="-34.909463">
    <ele>7.3</ele>
    <time>2019-09-24T23:40:49.000Z</time>
   </trkpt>
   <trkpt lat="-8.080026" lon="-34.909459">
    <ele>7.2</ele>
    <time>2019-09-24T23:40:50.000Z</time>
   </trkpt>
   <trkpt lat="-8.080058" lon="-34.909452">
    <ele>7.1</ele>
    <time>2019-09-24T23:40:51.000Z</time>
   </trkpt>
   <trkpt lat="-8.080087" lon="-34.909453">
    <ele>7</ele>
    <time>2019-09-24T23:40:52.000Z</time>
   </trkpt>
   <trkpt lat="-8.080114" lon="-34.909432">
    <ele>6.9</ele>
    <time>2019-09-24T23:40:53.000Z</time>
   </trkpt>
   <trkpt lat="-8.08013" lon="-34.909459">
    <ele>6.8</ele>
    <time>2019-09-24T23:40:58.000Z</time>
   </trkpt>
   <trkpt lat="-8.080152" lon="-34.909439">
    <ele>6.7</ele>
    <time>2019-09-24T23:41:03.000Z</time>
   </trkpt>
   <trkpt lat="-8.080203" lon="-34.909431">
    <ele>6.4</ele>
    <time>2019-09-24T23:41:05.000Z</time>
   </trkpt>
   <trkpt lat="-8.080241" lon="-34.909431">
    <ele>6.2</ele>
    <time>2019-09-24T23:41:06.000Z</time>
   </trkpt>
   <trkpt lat="-8.080276" lon="-34.909426">
    <ele>6</ele>
    <time>2019-09-24T23:41:07.000Z</time>
   </trkpt>
   <trkpt lat="-8.080313" lon="-34.90942">
    <ele>5.9</ele>
    <time>2019-09-24T23:41:08.000Z</time>
   </trkpt>
   <trkpt lat="-8.080357" lon="-34.909417">
    <ele>5.7</ele>
    <time>2019-09-24T23:41:09.000Z</time>
   </trkpt>
   <trkpt lat="-8.080396" lon="-34.909412">
    <ele>5.5</ele>
    <time>2019-09-24T23:41:10.000Z</time>
   </trkpt>
   <trkpt lat="-8.080443" lon="-34.9094">
    <ele>5.4</ele>
    <time>2019-09-24T23:41:11.000Z</time>
   </trkpt>
   <trkpt lat="-8.08049" lon="-34.909386">
    <ele>5.3</ele>
    <time>2019-09-24T23:41:12.000Z</time>
   </trkpt>
   <trkpt lat="-8.08054" lon="-34.909375">
    <ele>5.2</ele>
    <time>2019-09-24T23:41:13.000Z</time>
   </trkpt>
   <trkpt lat="-8.080582" lon="-34.909364">
    <ele>5.1</ele>
    <time>2019-09-24T23:41:14.000Z</time>
   </trkpt>
   <trkpt lat="-8.080629" lon="-34.909343">
    <ele>5</ele>
    <time>2019-09-24T23:41:15.000Z</time>
   </trkpt>
   <trkpt lat="-8.08067" lon="-34.909331">
    <ele>4.9</ele>
    <time>2019-09-24T23:41:16.000Z</time>
   </trkpt>
   <trkpt lat="-8.080704" lon="-34.909317">
    <ele>4.8</ele>
    <time>2019-09-24T23:41:17.000Z</time>
   </trkpt>
   <trkpt lat="-8.080741" lon="-34.909304">
    <ele>4.8</ele>
    <time>2019-09-24T23:41:18.000Z</time>
   </trkpt>
   <trkpt lat="-8.08078" lon="-34.909285">
    <ele>4.7</ele>
    <time>2019-09-24T23:41:19.000Z</time>
   </trkpt>
   <trkpt lat="-8.080817" lon="-34.909271">
    <ele>4.6</ele>
    <time>2019-09-24T23:41:20.000Z</time>
   </trkpt>
   <trkpt lat="-8.080855" lon="-34.909257">
    <ele>4.6</ele>
    <time>2019-09-24T23:41:21.000Z</time>
   </trkpt>
   <trkpt lat="-8.080895" lon="-34.909241">
    <ele>4.5</ele>
    <time>2019-09-24T23:41:22.000Z</time>
   </trkpt>
   <trkpt lat="-8.080931" lon="-34.909229">
    <ele>4.5</ele>
    <time>2019-09-24T23:41:23.000Z</time>
   </trkpt>
   <trkpt lat="-8.080969" lon="-34.909214">
    <ele>4.4</ele>
    <time>2019-09-24T23:41:24.000Z</time>
   </trkpt>
   <trkpt lat="-8.081008" lon="-34.909205">
    <ele>4.4</ele>
    <time>2019-09-24T23:41:25.000Z</time>
   </trkpt>
   <trkpt lat="-8.081044" lon="-34.9092">
    <ele>4.3</ele>
    <time>2019-09-24T23:41:26.000Z</time>
   </trkpt>
   <trkpt lat="-8.081088" lon="-34.909196">
    <ele>4.3</ele>
    <time>2019-09-24T23:41:28.000Z</time>
   </trkpt>
   <trkpt lat="-8.081128" lon="-34.909176">
    <ele>4.2</ele>
    <time>2019-09-24T23:41:30.000Z</time>
   </trkpt>
   <trkpt lat="-8.081183" lon="-34.909155">
    <ele>4.2</ele>
    <time>2019-09-24T23:41:32.000Z</time>
   </trkpt>
   <trkpt lat="-8.081209" lon="-34.909143">
    <ele>4.1</ele>
    <time>2019-09-24T23:41:33.000Z</time>
   </trkpt>
   <trkpt lat="-8.081237" lon="-34.909137">
    <ele>4.1</ele>
    <time>2019-09-24T23:41:34.000Z</time>
   </trkpt>
   <trkpt lat="-8.081267" lon="-34.909132">
    <ele>4.2</ele>
    <time>2019-09-24T23:41:35.000Z</time>
   </trkpt>
   <trkpt lat="-8.081302" lon="-34.909122">
    <ele>4.3</ele>
    <time>2019-09-24T23:41:36.000Z</time>
   </trkpt>
   <trkpt lat="-8.081345" lon="-34.909108">
    <ele>4.4</ele>
    <time>2019-09-24T23:41:37.000Z</time>
   </trkpt>
   <trkpt lat="-8.081382" lon="-34.9091">
    <ele>4.4</ele>
    <time>2019-09-24T23:41:38.000Z</time>
   </trkpt>
   <trkpt lat="-8.08142" lon="-34.909088">
    <ele>4.5</ele>
    <time>2019-09-24T23:41:39.000Z</time>
   </trkpt>
   <trkpt lat="-8.081456" lon="-34.909077">
    <ele>4.6</ele>
    <time>2019-09-24T23:41:40.000Z</time>
   </trkpt>
   <trkpt lat="-8.081493" lon="-34.909084">
    <ele>4.7</ele>
    <time>2019-09-24T23:41:41.000Z</time>
   </trkpt>
   <trkpt lat="-8.08153" lon="-34.909082">
    <ele>4.7</ele>
    <time>2019-09-24T23:41:42.000Z</time>
   </trkpt>
   <trkpt lat="-8.081572" lon="-34.909076">
    <ele>4.8</ele>
    <time>2019-09-24T23:41:43.000Z</time>
   </trkpt>
   <trkpt lat="-8.081609" lon="-34.909081">
    <ele>4.8</ele>
    <time>2019-09-24T23:41:44.000Z</time>
   </trkpt>
   <trkpt lat="-8.081644" lon="-34.909088">
    <ele>4.9</ele>
    <time>2019-09-24T23:41:45.000Z</time>
   </trkpt>
   <trkpt lat="-8.081679" lon="-34.909082">
    <ele>4.9</ele>
    <time>2019-09-24T23:41:46.000Z</time>
   </trkpt>
   <trkpt lat="-8.081718" lon="-34.909069">
    <ele>5</ele>
    <time>2019-09-24T23:41:47.000Z</time>
   </trkpt>
   <trkpt lat="-8.081763" lon="-34.909045">
    <ele>5.1</ele>
    <time>2019-09-24T23:41:48.000Z</time>
   </trkpt>
   <trkpt lat="-8.081804" lon="-34.909029">
    <ele>5.2</ele>
    <time>2019-09-24T23:41:49.000Z</time>
   </trkpt>
   <trkpt lat="-8.081842" lon="-34.909015">
    <ele>5.4</ele>
    <time>2019-09-24T23:41:50.000Z</time>
   </trkpt>
   <trkpt lat="-8.081882" lon="-34.909016">
    <ele>5.3</ele>
    <time>2019-09-24T23:41:51.000Z</time>
   </trkpt>
   <trkpt lat="-8.08192" lon="-34.909003">
    <ele>5.2</ele>
    <time>2019-09-24T23:41:52.000Z</time>
   </trkpt>
   <trkpt lat="-8.081964" lon="-34.908988">
    <ele>5</ele>
    <time>2019-09-24T23:41:53.000Z</time>
   </trkpt>
   <trkpt lat="-8.082017" lon="-34.908971">
    <ele>4.9</ele>
    <time>2019-09-24T23:41:54.000Z</time>
   </trkpt>
   <trkpt lat="-8.082059" lon="-34.908961">
    <ele>4.8</ele>
    <time>2019-09-24T23:41:55.000Z</time>
   </trkpt>
   <trkpt lat="-8.082101" lon="-34.908947">
    <ele>4.7</ele>
    <time>2019-09-24T23:41:56.000Z</time>
   </trkpt>
   <trkpt lat="-8.082143" lon="-34.90894">
    <ele>4.6</ele>
    <time>2019-09-24T23:41:57.000Z</time>
   </trkpt>
   <trkpt lat="-8.082185" lon="-34.908921">
    <ele>4.5</ele>
    <time>2019-09-24T23:41:58.000Z</time>
   </trkpt>
   <trkpt lat="-8.082234" lon="-34.908913">
    <ele>4.3</ele>
    <time>2019-09-24T23:41:59.000Z</time>
   </trkpt>
   <trkpt lat="-8.082278" lon="-34.908897">
    <ele>4.2</ele>
    <time>2019-09-24T23:42:00.000Z</time>
   </trkpt>
   <trkpt lat="-8.082322" lon="-34.908889">
    <ele>4.1</ele>
    <time>2019-09-24T23:42:01.000Z</time>
   </trkpt>
   <trkpt lat="-8.082368" lon="-34.908888">
    <ele>4</ele>
    <time>2019-09-24T23:42:02.000Z</time>
   </trkpt>
   <trkpt lat="-8.082416" lon="-34.908884">
    <ele>4</ele>
    <time>2019-09-24T23:42:03.000Z</time>
   </trkpt>
   <trkpt lat="-8.082466" lon="-34.90888">
    <ele>4</ele>
    <time>2019-09-24T23:42:04.000Z</time>
   </trkpt>
   <trkpt lat="-8.082516" lon="-34.908874">
    <ele>4</ele>
    <time>2019-09-24T23:42:05.000Z</time>
   </trkpt>
   <trkpt lat="-8.082557" lon="-34.908873">
    <ele>4</ele>
    <time>2019-09-24T23:42:06.000Z</time>
   </trkpt>
   <trkpt lat="-8.0826" lon="-34.908877">
    <ele>4</ele>
    <time>2019-09-24T23:42:07.000Z</time>
   </trkpt>
   <trkpt lat="-8.082642" lon="-34.908889">
    <ele>4</ele>
    <time>2019-09-24T23:42:08.000Z</time>
   </trkpt>
   <trkpt lat="-8.082679" lon="-34.908895">
    <ele>4</ele>
    <time>2019-09-24T23:42:09.000Z</time>
   </trkpt>
   <trkpt lat="-8.082713" lon="-34.908888">
    <ele>4.3</ele>
    <time>2019-09-24T23:42:10.000Z</time>
   </trkpt>
   <trkpt lat="-8.082745" lon="-34.908894">
    <ele>4.4</ele>
    <time>2019-09-24T23:42:11.000Z</time>
   </trkpt>
   <trkpt lat="-8.082781" lon="-34.908905">
    <ele>4.6</ele>
    <time>2019-09-24T23:42:12.000Z</time>
   </trkpt>
   <trkpt lat="-8.082821" lon="-34.908907">
    <ele>4.7</ele>
    <time>2019-09-24T23:42:13.000Z</time>
   </trkpt>
   <trkpt lat="-8.082863" lon="-34.908924">
    <ele>4.8</ele>
    <time>2019-09-24T23:42:14.000Z</time>
   </trkpt>
   <trkpt lat="-8.082904" lon="-34.908938">
    <ele>4.9</ele>
    <time>2019-09-24T23:42:15.000Z</time>
   </trkpt>
   <trkpt lat="-8.08294" lon="-34.90894">
    <ele>5</ele>
    <time>2019-09-24T23:42:16.000Z</time>
   </trkpt>
   <trkpt lat="-8.082972" lon="-34.908946">
    <ele>5</ele>
    <time>2019-09-24T23:42:17.000Z</time>
   </trkpt>
   <trkpt lat="-8.083" lon="-34.908954">
    <ele>5</ele>
    <time>2019-09-24T23:42:18.000Z</time>
   </trkpt>
   <trkpt lat="-8.083032" lon="-34.90895">
    <ele>5</ele>
    <time>2019-09-24T23:42:19.000Z</time>
   </trkpt>
   <trkpt lat="-8.083068" lon="-34.908972">
    <ele>5</ele>
    <time>2019-09-24T23:42:20.000Z</time>
   </trkpt>
   <trkpt lat="-8.083105" lon="-34.908988">
    <ele>5</ele>
    <time>2019-09-24T23:42:21.000Z</time>
   </trkpt>
   <trkpt lat="-8.083141" lon="-34.908998">
    <ele>5</ele>
    <time>2019-09-24T23:42:22.000Z</time>
   </trkpt>
   <trkpt lat="-8.083188" lon="-34.909009">
    <ele>5</ele>
    <time>2019-09-24T23:42:23.000Z</time>
   </trkpt>
   <trkpt lat="-8.083231" lon="-34.909023">
    <ele>5</ele>
    <time>2019-09-24T23:42:24.000Z</time>
   </trkpt>
   <trkpt lat="-8.083271" lon="-34.90903">
    <ele>5</ele>
    <time>2019-09-24T23:42:25.000Z</time>
   </trkpt>
   <trkpt lat="-8.08331" lon="-34.909036">
    <ele>5</ele>
    <time>2019-09-24T23:42:26.000Z</time>
   </trkpt>
   <trkpt lat="-8.083352" lon="-34.909046">
    <ele>4.9</ele>
    <time>2019-09-24T23:42:27.000Z</time>
   </trkpt>
   <trkpt lat="-8.083392" lon="-34.909058">
    <ele>4.9</ele>
    <time>2019-09-24T23:42:28.000Z</time>
   </trkpt>
   <trkpt lat="-8.083437" lon="-34.909069">
    <ele>4.8</ele>
    <time>2019-09-24T23:42:29.000Z</time>
   </trkpt>
   <trkpt lat="-8.083479" lon="-34.90908">
    <ele>4.7</ele>
    <time>2019-09-24T23:42:30.000Z</time>
   </trkpt>
   <trkpt lat="-8.083528" lon="-34.909087">
    <ele>4.5</ele>
    <time>2019-09-24T23:42:31.000Z</time>
   </trkpt>
   <trkpt lat="-8.083566" lon="-34.909097">
    <ele>4.4</ele>
    <time>2019-09-24T23:42:32.000Z</time>
   </trkpt>
   <trkpt lat="-8.083615" lon="-34.909125">
    <ele>4.2</ele>
    <time>2019-09-24T23:42:33.000Z</time>
   </trkpt>
   <trkpt lat="-8.083653" lon="-34.909132">
    <ele>4</ele>
    <time>2019-09-24T23:42:34.000Z</time>
   </trkpt>
   <trkpt lat="-8.083695" lon="-34.90914">
    <ele>3.9</ele>
    <time>2019-09-24T23:42:35.000Z</time>
   </trkpt>
   <trkpt lat="-8.083741" lon="-34.90915">
    <ele>3.6</ele>
    <time>2019-09-24T23:42:36.000Z</time>
   </trkpt>
   <trkpt lat="-8.083789" lon="-34.909165">
    <ele>3.4</ele>
    <time>2019-09-24T23:42:37.000Z</time>
   </trkpt>
   <trkpt lat="-8.083843" lon="-34.909176">
    <ele>3.2</ele>
    <time>2019-09-24T23:42:38.000Z</time>
   </trkpt>
   <trkpt lat="-8.083899" lon="-34.909181">
    <ele>3.4</ele>
    <time>2019-09-24T23:42:39.000Z</time>
   </trkpt>
   <trkpt lat="-8.083953" lon="-34.909192">
    <ele>3.7</ele>
    <time>2019-09-24T23:42:40.000Z</time>
   </trkpt>
   <trkpt lat="-8.084009" lon="-34.909199">
    <ele>4.1</ele>
    <time>2019-09-24T23:42:41.000Z</time>
   </trkpt>
   <trkpt lat="-8.084066" lon="-34.90921">
    <ele>4.4</ele>
    <time>2019-09-24T23:42:42.000Z</time>
   </trkpt>
   <trkpt lat="-8.084134" lon="-34.909223">
    <ele>4.7</ele>
    <time>2019-09-24T23:42:43.000Z</time>
   </trkpt>
   <trkpt lat="-8.084196" lon="-34.909236">
    <ele>5</ele>
    <time>2019-09-24T23:42:44.000Z</time>
   </trkpt>
   <trkpt lat="-8.08426" lon="-34.909252">
    <ele>5.3</ele>
    <time>2019-09-24T23:42:45.000Z</time>
   </trkpt>
   <trkpt lat="-8.084332" lon="-34.909262">
    <ele>5.8</ele>
    <time>2019-09-24T23:42:46.000Z</time>
   </trkpt>
   <trkpt lat="-8.084391" lon="-34.909272">
    <ele>6.2</ele>
    <time>2019-09-24T23:42:47.000Z</time>
   </trkpt>
   <trkpt lat="-8.084452" lon="-34.909289">
    <ele>6.3</ele>
    <time>2019-09-24T23:42:48.000Z</time>
   </trkpt>
   <trkpt lat="-8.084519" lon="-34.909306">
    <ele>6.3</ele>
    <time>2019-09-24T23:42:49.000Z</time>
   </trkpt>
   <trkpt lat="-8.084579" lon="-34.909319">
    <ele>6.4</ele>
    <time>2019-09-24T23:42:50.000Z</time>
   </trkpt>
   <trkpt lat="-8.084633" lon="-34.909331">
    <ele>6.4</ele>
    <time>2019-09-24T23:42:51.000Z</time>
   </trkpt>
   <trkpt lat="-8.084689" lon="-34.909337">
    <ele>6.5</ele>
    <time>2019-09-24T23:42:52.000Z</time>
   </trkpt>
   <trkpt lat="-8.084744" lon="-34.90935">
    <ele>6.6</ele>
    <time>2019-09-24T23:42:53.000Z</time>
   </trkpt>
   <trkpt lat="-8.084792" lon="-34.90936">
    <ele>6.6</ele>
    <time>2019-09-24T23:42:54.000Z</time>
   </trkpt>
   <trkpt lat="-8.084836" lon="-34.909371">
    <ele>6.7</ele>
    <time>2019-09-24T23:42:55.000Z</time>
   </trkpt>
   <trkpt lat="-8.084882" lon="-34.909387">
    <ele>6.9</ele>
    <time>2019-09-24T23:42:56.000Z</time>
   </trkpt>
   <trkpt lat="-8.08492" lon="-34.909402">
    <ele>7.1</ele>
    <time>2019-09-24T23:42:57.000Z</time>
   </trkpt>
   <trkpt lat="-8.084967" lon="-34.90941">
    <ele>7.4</ele>
    <time>2019-09-24T23:42:58.000Z</time>
   </trkpt>
   <trkpt lat="-8.085016" lon="-34.90942">
    <ele>7.6</ele>
    <time>2019-09-24T23:42:59.000Z</time>
   </trkpt>
   <trkpt lat="-8.085069" lon="-34.909431">
    <ele>8</ele>
    <time>2019-09-24T23:43:00.000Z</time>
   </trkpt>
   <trkpt lat="-8.085125" lon="-34.909444">
    <ele>8.3</ele>
    <time>2019-09-24T23:43:01.000Z</time>
   </trkpt>
   <trkpt lat="-8.085171" lon="-34.909452">
    <ele>8.5</ele>
    <time>2019-09-24T23:43:02.000Z</time>
   </trkpt>
   <trkpt lat="-8.085214" lon="-34.90946">
    <ele>8.7</ele>
    <time>2019-09-24T23:43:03.000Z</time>
   </trkpt>
   <trkpt lat="-8.085284" lon="-34.909473">
    <ele>8.8</ele>
    <time>2019-09-24T23:43:04.000Z</time>
   </trkpt>
   <trkpt lat="-8.08533" lon="-34.909483">
    <ele>8.9</ele>
    <time>2019-09-24T23:43:05.000Z</time>
   </trkpt>
   <trkpt lat="-8.085385" lon="-34.909492">
    <ele>9</ele>
    <time>2019-09-24T23:43:06.000Z</time>
   </trkpt>
   <trkpt lat="-8.085446" lon="-34.909502">
    <ele>9.1</ele>
    <time>2019-09-24T23:43:07.000Z</time>
   </trkpt>
   <trkpt lat="-8.085512" lon="-34.909505">
    <ele>9.1</ele>
    <time>2019-09-24T23:43:08.000Z</time>
   </trkpt>
   <trkpt lat="-8.085582" lon="-34.909515">
    <ele>9.2</ele>
    <time>2019-09-24T23:43:09.000Z</time>
   </trkpt>
   <trkpt lat="-8.085642" lon="-34.909524">
    <ele>9.3</ele>
    <time>2019-09-24T23:43:10.000Z</time>
   </trkpt>
   <trkpt lat="-8.085706" lon="-34.909537">
    <ele>9.3</ele>
    <time>2019-09-24T23:43:11.000Z</time>
   </trkpt>
   <trkpt lat="-8.085773" lon="-34.90955">
    <ele>9.4</ele>
    <time>2019-09-24T23:43:12.000Z</time>
   </trkpt>
   <trkpt lat="-8.085838" lon="-34.909571">
    <ele>9.1</ele>
    <time>2019-09-24T23:43:13.000Z</time>
   </trkpt>
   <trkpt lat="-8.085901" lon="-34.909595">
    <ele>8.7</ele>
    <time>2019-09-24T23:43:14.000Z</time>
   </trkpt>
   <trkpt lat="-8.085964" lon="-34.909615">
    <ele>8.4</ele>
    <time>2019-09-24T23:43:15.000Z</time>
   </trkpt>
   <trkpt lat="-8.086032" lon="-34.909629">
    <ele>8</ele>
    <time>2019-09-24T23:43:16.000Z</time>
   </trkpt>
   <trkpt lat="-8.086084" lon="-34.909642">
    <ele>7.7</ele>
    <time>2019-09-24T23:43:17.000Z</time>
   </trkpt>
   <trkpt lat="-8.086134" lon="-34.909654">
    <ele>7.5</ele>
    <time>2019-09-24T23:43:18.000Z</time>
   </trkpt>
   <trkpt lat="-8.086177" lon="-34.909666">
    <ele>7.2</ele>
    <time>2019-09-24T23:43:19.000Z</time>
   </trkpt>
   <trkpt lat="-8.08622" lon="-34.909672">
    <ele>7</ele>
    <time>2019-09-24T23:43:20.000Z</time>
   </trkpt>
   <trkpt lat="-8.08625" lon="-34.909681">
    <ele>6.9</ele>
    <time>2019-09-24T23:43:21.000Z</time>
   </trkpt>
   <trkpt lat="-8.086284" lon="-34.90969">
    <ele>6.7</ele>
    <time>2019-09-24T23:43:22.000Z</time>
   </trkpt>
   <trkpt lat="-8.086326" lon="-34.909691">
    <ele>6.5</ele>
    <time>2019-09-24T23:43:23.000Z</time>
   </trkpt>
   <trkpt lat="-8.086355" lon="-34.9097">
    <ele>6.3</ele>
    <time>2019-09-24T23:43:24.000Z</time>
   </trkpt>
   <trkpt lat="-8.086387" lon="-34.909712">
    <ele>6.2</ele>
    <time>2019-09-24T23:43:25.000Z</time>
   </trkpt>
   <trkpt lat="-8.086422" lon="-34.909721">
    <ele>6</ele>
    <time>2019-09-24T23:43:26.000Z</time>
   </trkpt>
   <trkpt lat="-8.086461" lon="-34.909733">
    <ele>6</ele>
    <time>2019-09-24T23:43:27.000Z</time>
   </trkpt>
   <trkpt lat="-8.086496" lon="-34.909747">
    <ele>6</ele>
    <time>2019-09-24T23:43:28.000Z</time>
   </trkpt>
   <trkpt lat="-8.086536" lon="-34.909755">
    <ele>5.9</ele>
    <time>2019-09-24T23:43:29.000Z</time>
   </trkpt>
   <trkpt lat="-8.086573" lon="-34.909763">
    <ele>5.9</ele>
    <time>2019-09-24T23:43:30.000Z</time>
   </trkpt>
   <trkpt lat="-8.086606" lon="-34.909773">
    <ele>5.9</ele>
    <time>2019-09-24T23:43:31.000Z</time>
   </trkpt>
   <trkpt lat="-8.08664" lon="-34.909782">
    <ele>5.9</ele>
    <time>2019-09-24T23:43:32.000Z</time>
   </trkpt>
   <trkpt lat="-8.086688" lon="-34.909792">
    <ele>6</ele>
    <time>2019-09-24T23:43:33.000Z</time>
   </trkpt>
   <trkpt lat="-8.086736" lon="-34.909804">
    <ele>6</ele>
    <time>2019-09-24T23:43:34.000Z</time>
   </trkpt>
   <trkpt lat="-8.086781" lon="-34.909815">
    <ele>6</ele>
    <time>2019-09-24T23:43:35.000Z</time>
   </trkpt>
   <trkpt lat="-8.086824" lon="-34.909822">
    <ele>6.1</ele>
    <time>2019-09-24T23:43:36.000Z</time>
   </trkpt>
   <trkpt lat="-8.086865" lon="-34.909825">
    <ele>6.2</ele>
    <time>2019-09-24T23:43:37.000Z</time>
   </trkpt>
   <trkpt lat="-8.08691" lon="-34.909834">
    <ele>6.2</ele>
    <time>2019-09-24T23:43:38.000Z</time>
   </trkpt>
   <trkpt lat="-8.08696" lon="-34.909843">
    <ele>6.2</ele>
    <time>2019-09-24T23:43:39.000Z</time>
   </trkpt>
   <trkpt lat="-8.087008" lon="-34.909865">
    <ele>6</ele>
    <time>2019-09-24T23:43:40.000Z</time>
   </trkpt>
   <trkpt lat="-8.08705" lon="-34.909875">
    <ele>5.9</ele>
    <time>2019-09-24T23:43:41.000Z</time>
   </trkpt>
   <trkpt lat="-8.087094" lon="-34.909882">
    <ele>5.7</ele>
    <time>2019-09-24T23:43:42.000Z</time>
   </trkpt>
   <trkpt lat="-8.087137" lon="-34.909887">
    <ele>5.7</ele>
    <time>2019-09-24T23:43:43.000Z</time>
   </trkpt>
   <trkpt lat="-8.087183" lon="-34.909894">
    <ele>5.6</ele>
    <time>2019-09-24T23:43:44.000Z</time>
   </trkpt>
   <trkpt lat="-8.087242" lon="-34.909909">
    <ele>5.5</ele>
    <time>2019-09-24T23:43:45.000Z</time>
   </trkpt>
   <trkpt lat="-8.087289" lon="-34.909916">
    <ele>5.5</ele>
    <time>2019-09-24T23:43:46.000Z</time>
   </trkpt>
   <trkpt lat="-8.087327" lon="-34.909921">
    <ele>5.5</ele>
    <time>2019-09-24T23:43:47.000Z</time>
   </trkpt>
   <trkpt lat="-8.087364" lon="-34.909927">
    <ele>5.5</ele>
    <time>2019-09-24T23:43:48.000Z</time>
   </trkpt>
   <trkpt lat="-8.087408" lon="-34.909932">
    <ele>5.5</ele>
    <time>2019-09-24T23:43:49.000Z</time>
   </trkpt>
   <trkpt lat="-8.087447" lon="-34.909943">
    <ele>5.5</ele>
    <time>2019-09-24T23:43:50.000Z</time>
   </trkpt>
   <trkpt lat="-8.087494" lon="-34.909955">
    <ele>5.5</ele>
    <time>2019-09-24T23:43:51.000Z</time>
   </trkpt>
   <trkpt lat="-8.087541" lon="-34.909971">
    <ele>5.5</ele>
    <time>2019-09-24T23:43:52.000Z</time>
   </trkpt>
   <trkpt lat="-8.087591" lon="-34.90998">
    <ele>5.6</ele>
    <time>2019-09-24T23:43:53.000Z</time>
   </trkpt>
   <trkpt lat="-8.087639" lon="-34.90999">
    <ele>5.8</ele>
    <time>2019-09-24T23:43:54.000Z</time>
   </trkpt>
   <trkpt lat="-8.087683" lon="-34.910004">
    <ele>6</ele>
    <time>2019-09-24T23:43:55.000Z</time>
   </trkpt>
   <trkpt lat="-8.08773" lon="-34.910019">
    <ele>6.2</ele>
    <time>2019-09-24T23:43:56.000Z</time>
   </trkpt>
   <trkpt lat="-8.087772" lon="-34.910029">
    <ele>6.3</ele>
    <time>2019-09-24T23:43:57.000Z</time>
   </trkpt>
   <trkpt lat="-8.087806" lon="-34.910044">
    <ele>6.4</ele>
    <time>2019-09-24T23:43:58.000Z</time>
   </trkpt>
   <trkpt lat="-8.087845" lon="-34.910055">
    <ele>6.5</ele>
    <time>2019-09-24T23:43:59.000Z</time>
   </trkpt>
   <trkpt lat="-8.087892" lon="-34.910053">
    <ele>6.6</ele>
    <time>2019-09-24T23:44:00.000Z</time>
   </trkpt>
   <trkpt lat="-8.087932" lon="-34.910061">
    <ele>6.6</ele>
    <time>2019-09-24T23:44:01.000Z</time>
   </trkpt>
   <trkpt lat="-8.087974" lon="-34.910069">
    <ele>6.7</ele>
    <time>2019-09-24T23:44:02.000Z</time>
   </trkpt>
   <trkpt lat="-8.088015" lon="-34.910077">
    <ele>6.8</ele>
    <time>2019-09-24T23:44:03.000Z</time>
   </trkpt>
   <trkpt lat="-8.088057" lon="-34.910091">
    <ele>7</ele>
    <time>2019-09-24T23:44:04.000Z</time>
   </trkpt>
   <trkpt lat="-8.0881" lon="-34.910107">
    <ele>7.1</ele>
    <time>2019-09-24T23:44:05.000Z</time>
   </trkpt>
   <trkpt lat="-8.088143" lon="-34.910115">
    <ele>7.2</ele>
    <time>2019-09-24T23:44:06.000Z</time>
   </trkpt>
   <trkpt lat="-8.088188" lon="-34.910123">
    <ele>7.3</ele>
    <time>2019-09-24T23:44:07.000Z</time>
   </trkpt>
   <trkpt lat="-8.088234" lon="-34.910135">
    <ele>7.5</ele>
    <time>2019-09-24T23:44:08.000Z</time>
   </trkpt>
   <trkpt lat="-8.088282" lon="-34.910142">
    <ele>7.5</ele>
    <time>2019-09-24T23:44:09.000Z</time>
   </trkpt>
   <trkpt lat="-8.088318" lon="-34.910144">
    <ele>7.6</ele>
    <time>2019-09-24T23:44:10.000Z</time>
   </trkpt>
   <trkpt lat="-8.088363" lon="-34.910155">
    <ele>7.6</ele>
    <time>2019-09-24T23:44:11.000Z</time>
   </trkpt>
   <trkpt lat="-8.088408" lon="-34.910161">
    <ele>7.7</ele>
    <time>2019-09-24T23:44:12.000Z</time>
   </trkpt>
   <trkpt lat="-8.088454" lon="-34.910172">
    <ele>7.7</ele>
    <time>2019-09-24T23:44:13.000Z</time>
   </trkpt>
   <trkpt lat="-8.088506" lon="-34.910185">
    <ele>7.7</ele>
    <time>2019-09-24T23:44:14.000Z</time>
   </trkpt>
   <trkpt lat="-8.088558" lon="-34.910196">
    <ele>7.8</ele>
    <time>2019-09-24T23:44:15.000Z</time>
   </trkpt>
   <trkpt lat="-8.088608" lon="-34.910204">
    <ele>7.8</ele>
    <time>2019-09-24T23:44:16.000Z</time>
   </trkpt>
   <trkpt lat="-8.088658" lon="-34.910213">
    <ele>7.8</ele>
    <time>2019-09-24T23:44:17.000Z</time>
   </trkpt>
   <trkpt lat="-8.088702" lon="-34.910224">
    <ele>7.8</ele>
    <time>2019-09-24T23:44:18.000Z</time>
   </trkpt>
   <trkpt lat="-8.088752" lon="-34.91023">
    <ele>7.8</ele>
    <time>2019-09-24T23:44:19.000Z</time>
   </trkpt>
   <trkpt lat="-8.088801" lon="-34.910233">
    <ele>7.8</ele>
    <time>2019-09-24T23:44:20.000Z</time>
   </trkpt>
   <trkpt lat="-8.088843" lon="-34.910243">
    <ele>7.9</ele>
    <time>2019-09-24T23:44:21.000Z</time>
   </trkpt>
   <trkpt lat="-8.088885" lon="-34.910248">
    <ele>7.9</ele>
    <time>2019-09-24T23:44:22.000Z</time>
   </trkpt>
   <trkpt lat="-8.088926" lon="-34.910253">
    <ele>7.9</ele>
    <time>2019-09-24T23:44:23.000Z</time>
   </trkpt>
   <trkpt lat="-8.088966" lon="-34.910263">
    <ele>7.9</ele>
    <time>2019-09-24T23:44:24.000Z</time>
   </trkpt>
   <trkpt lat="-8.089002" lon="-34.910273">
    <ele>7.9</ele>
    <time>2019-09-24T23:44:25.000Z</time>
   </trkpt>
   <trkpt lat="-8.08904" lon="-34.910294">
    <ele>7.9</ele>
    <time>2019-09-24T23:44:26.000Z</time>
   </trkpt>
   <trkpt lat="-8.089083" lon="-34.910313">
    <ele>7.9</ele>
    <time>2019-09-24T23:44:27.000Z</time>
   </trkpt>
   <trkpt lat="-8.08913" lon="-34.910319">
    <ele>7.9</ele>
    <time>2019-09-24T23:44:28.000Z</time>
   </trkpt>
   <trkpt lat="-8.089179" lon="-34.910332">
    <ele>8</ele>
    <time>2019-09-24T23:44:29.000Z</time>
   </trkpt>
   <trkpt lat="-8.089225" lon="-34.910336">
    <ele>8</ele>
    <time>2019-09-24T23:44:30.000Z</time>
   </trkpt>
   <trkpt lat="-8.08927" lon="-34.910352">
    <ele>8.4</ele>
    <time>2019-09-24T23:44:31.000Z</time>
   </trkpt>
   <trkpt lat="-8.089321" lon="-34.910359">
    <ele>8.5</ele>
    <time>2019-09-24T23:44:32.000Z</time>
   </trkpt>
   <trkpt lat="-8.089369" lon="-34.910366">
    <ele>8.6</ele>
    <time>2019-09-24T23:44:33.000Z</time>
   </trkpt>
   <trkpt lat="-8.089415" lon="-34.91038">
    <ele>8.6</ele>
    <time>2019-09-24T23:44:34.000Z</time>
   </trkpt>
   <trkpt lat="-8.089454" lon="-34.910386">
    <ele>8.7</ele>
    <time>2019-09-24T23:44:35.000Z</time>
   </trkpt>
   <trkpt lat="-8.089498" lon="-34.910382">
    <ele>8.7</ele>
    <time>2019-09-24T23:44:36.000Z</time>
   </trkpt>
   <trkpt lat="-8.089545" lon="-34.910398">
    <ele>8.8</ele>
    <time>2019-09-24T23:44:37.000Z</time>
   </trkpt>
   <trkpt lat="-8.089597" lon="-34.910422">
    <ele>8.9</ele>
    <time>2019-09-24T23:44:38.000Z</time>
   </trkpt>
   <trkpt lat="-8.089651" lon="-34.910439">
    <ele>9</ele>
    <time>2019-09-24T23:44:39.000Z</time>
   </trkpt>
   <trkpt lat="-8.089699" lon="-34.910451">
    <ele>9</ele>
    <time>2019-09-24T23:44:40.000Z</time>
   </trkpt>
   <trkpt lat="-8.089739" lon="-34.910459">
    <ele>9</ele>
    <time>2019-09-24T23:44:41.000Z</time>
   </trkpt>
   <trkpt lat="-8.089787" lon="-34.910472">
    <ele>9</ele>
    <time>2019-09-24T23:44:42.000Z</time>
   </trkpt>
   <trkpt lat="-8.089833" lon="-34.910473">
    <ele>9</ele>
    <time>2019-09-24T23:44:43.000Z</time>
   </trkpt>
   <trkpt lat="-8.089882" lon="-34.910485">
    <ele>9</ele>
    <time>2019-09-24T23:44:44.000Z</time>
   </trkpt>
   <trkpt lat="-8.08993" lon="-34.910497">
    <ele>9</ele>
    <time>2019-09-24T23:44:45.000Z</time>
   </trkpt>
   <trkpt lat="-8.089972" lon="-34.910507">
    <ele>9</ele>
    <time>2019-09-24T23:44:46.000Z</time>
   </trkpt>
   <trkpt lat="-8.090013" lon="-34.910518">
    <ele>9</ele>
    <time>2019-09-24T23:44:47.000Z</time>
   </trkpt>
   <trkpt lat="-8.09005" lon="-34.910527">
    <ele>9</ele>
    <time>2019-09-24T23:44:48.000Z</time>
   </trkpt>
   <trkpt lat="-8.090084" lon="-34.910535">
    <ele>9</ele>
    <time>2019-09-24T23:44:49.000Z</time>
   </trkpt>
   <trkpt lat="-8.090119" lon="-34.910543">
    <ele>9</ele>
    <time>2019-09-24T23:44:50.000Z</time>
   </trkpt>
   <trkpt lat="-8.09016" lon="-34.91055">
    <ele>9</ele>
    <time>2019-09-24T23:44:51.000Z</time>
   </trkpt>
   <trkpt lat="-8.090203" lon="-34.910557">
    <ele>9</ele>
    <time>2019-09-24T23:44:52.000Z</time>
   </trkpt>
   <trkpt lat="-8.090242" lon="-34.910566">
    <ele>9</ele>
    <time>2019-09-24T23:44:53.000Z</time>
   </trkpt>
   <trkpt lat="-8.090288" lon="-34.910574">
    <ele>9</ele>
    <time>2019-09-24T23:44:54.000Z</time>
   </trkpt>
   <trkpt lat="-8.090324" lon="-34.910587">
    <ele>9</ele>
    <time>2019-09-24T23:44:55.000Z</time>
   </trkpt>
   <trkpt lat="-8.090366" lon="-34.910591">
    <ele>9</ele>
    <time>2019-09-24T23:44:56.000Z</time>
   </trkpt>
   <trkpt lat="-8.090403" lon="-34.910615">
    <ele>9</ele>
    <time>2019-09-24T23:44:57.000Z</time>
   </trkpt>
   <trkpt lat="-8.090438" lon="-34.910627">
    <ele>8.9</ele>
    <time>2019-09-24T23:44:58.000Z</time>
   </trkpt>
   <trkpt lat="-8.090474" lon="-34.910625">
    <ele>8.9</ele>
    <time>2019-09-24T23:44:59.000Z</time>
   </trkpt>
   <trkpt lat="-8.090508" lon="-34.910629">
    <ele>8.9</ele>
    <time>2019-09-24T23:45:00.000Z</time>
   </trkpt>
   <trkpt lat="-8.090541" lon="-34.910638">
    <ele>8.8</ele>
    <time>2019-09-24T23:45:01.000Z</time>
   </trkpt>
   <trkpt lat="-8.090586" lon="-34.910645">
    <ele>8.7</ele>
    <time>2019-09-24T23:45:03.000Z</time>
   </trkpt>
   <trkpt lat="-8.090631" lon="-34.91065">
    <ele>8.6</ele>
    <time>2019-09-24T23:45:05.000Z</time>
   </trkpt>
   <trkpt lat="-8.090672" lon="-34.910661">
    <ele>8.5</ele>
    <time>2019-09-24T23:45:06.000Z</time>
   </trkpt>
   <trkpt lat="-8.090702" lon="-34.91067">
    <ele>8.4</ele>
    <time>2019-09-24T23:45:07.000Z</time>
   </trkpt>
   <trkpt lat="-8.09073" lon="-34.910686">
    <ele>8.2</ele>
    <time>2019-09-24T23:45:08.000Z</time>
   </trkpt>
   <trkpt lat="-8.09077" lon="-34.910698">
    <ele>8</ele>
    <time>2019-09-24T23:45:09.000Z</time>
   </trkpt>
   <trkpt lat="-8.09082" lon="-34.910701">
    <ele>7.8</ele>
    <time>2019-09-24T23:45:10.000Z</time>
   </trkpt>
   <trkpt lat="-8.090873" lon="-34.910709">
    <ele>7.5</ele>
    <time>2019-09-24T23:45:11.000Z</time>
   </trkpt>
   <trkpt lat="-8.090927" lon="-34.910724">
    <ele>7.2</ele>
    <time>2019-09-24T23:45:12.000Z</time>
   </trkpt>
   <trkpt lat="-8.090968" lon="-34.910729">
    <ele>7</ele>
    <time>2019-09-24T23:45:13.000Z</time>
   </trkpt>
   <trkpt lat="-8.091006" lon="-34.91073">
    <ele>7</ele>
    <time>2019-09-24T23:45:14.000Z</time>
   </trkpt>
   <trkpt lat="-8.091054" lon="-34.910736">
    <ele>7</ele>
    <time>2019-09-24T23:45:15.000Z</time>
   </trkpt>
   <trkpt lat="-8.091091" lon="-34.910744">
    <ele>7</ele>
    <time>2019-09-24T23:45:16.000Z</time>
   </trkpt>
   <trkpt lat="-8.09112" lon="-34.910753">
    <ele>7</ele>
    <time>2019-09-24T23:45:17.000Z</time>
   </trkpt>
   <trkpt lat="-8.091151" lon="-34.910761">
    <ele>7</ele>
    <time>2019-09-24T23:45:18.000Z</time>
   </trkpt>
   <trkpt lat="-8.091188" lon="-34.910778">
    <ele>7</ele>
    <time>2019-09-24T23:45:19.000Z</time>
   </trkpt>
   <trkpt lat="-8.091233" lon="-34.910793">
    <ele>7</ele>
    <time>2019-09-24T23:45:20.000Z</time>
   </trkpt>
   <trkpt lat="-8.091282" lon="-34.910803">
    <ele>7</ele>
    <time>2019-09-24T23:45:21.000Z</time>
   </trkpt>
   <trkpt lat="-8.091327" lon="-34.910811">
    <ele>6.9</ele>
    <time>2019-09-24T23:45:22.000Z</time>
   </trkpt>
   <trkpt lat="-8.091375" lon="-34.910825">
    <ele>6.9</ele>
    <time>2019-09-24T23:45:23.000Z</time>
   </trkpt>
   <trkpt lat="-8.091419" lon="-34.910839">
    <ele>6.9</ele>
    <time>2019-09-24T23:45:24.000Z</time>
   </trkpt>
   <trkpt lat="-8.091466" lon="-34.910842">
    <ele>6.9</ele>
    <time>2019-09-24T23:45:25.000Z</time>
   </trkpt>
   <trkpt lat="-8.091519" lon="-34.91085">
    <ele>7</ele>
    <time>2019-09-24T23:45:26.000Z</time>
   </trkpt>
   <trkpt lat="-8.091568" lon="-34.910863">
    <ele>7</ele>
    <time>2019-09-24T23:45:27.000Z</time>
   </trkpt>
   <trkpt lat="-8.091612" lon="-34.910877">
    <ele>7</ele>
    <time>2019-09-24T23:45:28.000Z</time>
   </trkpt>
   <trkpt lat="-8.091657" lon="-34.910875">
    <ele>7.1</ele>
    <time>2019-09-24T23:45:29.000Z</time>
   </trkpt>
   <trkpt lat="-8.091699" lon="-34.910887">
    <ele>7.2</ele>
    <time>2019-09-24T23:45:30.000Z</time>
   </trkpt>
   <trkpt lat="-8.091749" lon="-34.910902">
    <ele>7.3</ele>
    <time>2019-09-24T23:45:31.000Z</time>
   </trkpt>
   <trkpt lat="-8.091797" lon="-34.910917">
    <ele>7.4</ele>
    <time>2019-09-24T23:45:32.000Z</time>
   </trkpt>
   <trkpt lat="-8.091843" lon="-34.910929">
    <ele>7.3</ele>
    <time>2019-09-24T23:45:33.000Z</time>
   </trkpt>
   <trkpt lat="-8.091885" lon="-34.910941">
    <ele>7.3</ele>
    <time>2019-09-24T23:45:34.000Z</time>
   </trkpt>
   <trkpt lat="-8.091926" lon="-34.910955">
    <ele>7.2</ele>
    <time>2019-09-24T23:45:35.000Z</time>
   </trkpt>
   <trkpt lat="-8.091972" lon="-34.910964">
    <ele>7.1</ele>
    <time>2019-09-24T23:45:36.000Z</time>
   </trkpt>
   <trkpt lat="-8.092019" lon="-34.910971">
    <ele>7</ele>
    <time>2019-09-24T23:45:37.000Z</time>
   </trkpt>
   <trkpt lat="-8.092065" lon="-34.91099">
    <ele>6.9</ele>
    <time>2019-09-24T23:45:38.000Z</time>
   </trkpt>
   <trkpt lat="-8.092108" lon="-34.911008">
    <ele>6.9</ele>
    <time>2019-09-24T23:45:39.000Z</time>
   </trkpt>
   <trkpt lat="-8.092149" lon="-34.911006">
    <ele>6.9</ele>
    <time>2019-09-24T23:45:40.000Z</time>
   </trkpt>
   <trkpt lat="-8.09219" lon="-34.911017">
    <ele>6.8</ele>
    <time>2019-09-24T23:45:41.000Z</time>
   </trkpt>
   <trkpt lat="-8.092225" lon="-34.911023">
    <ele>6.8</ele>
    <time>2019-09-24T23:45:42.000Z</time>
   </trkpt>
   <trkpt lat="-8.092268" lon="-34.91103">
    <ele>6.8</ele>
    <time>2019-09-24T23:45:43.000Z</time>
   </trkpt>
   <trkpt lat="-8.092313" lon="-34.911037">
    <ele>6.9</ele>
    <time>2019-09-24T23:45:44.000Z</time>
   </trkpt>
   <trkpt lat="-8.09236" lon="-34.91105">
    <ele>6.9</ele>
    <time>2019-09-24T23:45:45.000Z</time>
   </trkpt>
   <trkpt lat="-8.092398" lon="-34.91105">
    <ele>7</ele>
    <time>2019-09-24T23:45:46.000Z</time>
   </trkpt>
   <trkpt lat="-8.092432" lon="-34.911057">
    <ele>7.1</ele>
    <time>2019-09-24T23:45:47.000Z</time>
   </trkpt>
   <trkpt lat="-8.092474" lon="-34.91107">
    <ele>7.2</ele>
    <time>2019-09-24T23:45:48.000Z</time>
   </trkpt>
   <trkpt lat="-8.092517" lon="-34.911085">
    <ele>7.3</ele>
    <time>2019-09-24T23:45:49.000Z</time>
   </trkpt>
   <trkpt lat="-8.092561" lon="-34.911091">
    <ele>7.4</ele>
    <time>2019-09-24T23:45:50.000Z</time>
   </trkpt>
   <trkpt lat="-8.09262" lon="-34.911108">
    <ele>7.5</ele>
    <time>2019-09-24T23:45:51.000Z</time>
   </trkpt>
   <trkpt lat="-8.092669" lon="-34.911121">
    <ele>7.6</ele>
    <time>2019-09-24T23:45:52.000Z</time>
   </trkpt>
   <trkpt lat="-8.092718" lon="-34.91113">
    <ele>7.7</ele>
    <time>2019-09-24T23:45:53.000Z</time>
   </trkpt>
   <trkpt lat="-8.092754" lon="-34.911134">
    <ele>7.7</ele>
    <time>2019-09-24T23:45:54.000Z</time>
   </trkpt>
   <trkpt lat="-8.092798" lon="-34.911143">
    <ele>7.7</ele>
    <time>2019-09-24T23:45:55.000Z</time>
   </trkpt>
   <trkpt lat="-8.092833" lon="-34.911152">
    <ele>7.6</ele>
    <time>2019-09-24T23:45:56.000Z</time>
   </trkpt>
   <trkpt lat="-8.09287" lon="-34.911169">
    <ele>7.5</ele>
    <time>2019-09-24T23:45:57.000Z</time>
   </trkpt>
   <trkpt lat="-8.092909" lon="-34.911184">
    <ele>7.5</ele>
    <time>2019-09-24T23:45:58.000Z</time>
   </trkpt>
   <trkpt lat="-8.092952" lon="-34.911194">
    <ele>7.4</ele>
    <time>2019-09-24T23:45:59.000Z</time>
   </trkpt>
   <trkpt lat="-8.092992" lon="-34.911201">
    <ele>7.3</ele>
    <time>2019-09-24T23:46:00.000Z</time>
   </trkpt>
   <trkpt lat="-8.093044" lon="-34.911212">
    <ele>7.3</ele>
    <time>2019-09-24T23:46:01.000Z</time>
   </trkpt>
   <trkpt lat="-8.093084" lon="-34.911223">
    <ele>7.3</ele>
    <time>2019-09-24T23:46:02.000Z</time>
   </trkpt>
   <trkpt lat="-8.093123" lon="-34.911242">
    <ele>7.2</ele>
    <time>2019-09-24T23:46:03.000Z</time>
   </trkpt>
   <trkpt lat="-8.093166" lon="-34.911246">
    <ele>7.2</ele>
    <time>2019-09-24T23:46:04.000Z</time>
   </trkpt>
   <trkpt lat="-8.093201" lon="-34.91125">
    <ele>7.2</ele>
    <time>2019-09-24T23:46:05.000Z</time>
   </trkpt>
   <trkpt lat="-8.093233" lon="-34.911242">
    <ele>7.1</ele>
    <time>2019-09-24T23:46:06.000Z</time>
   </trkpt>
   <trkpt lat="-8.093274" lon="-34.911246">
    <ele>7.1</ele>
    <time>2019-09-24T23:46:08.000Z</time>
   </trkpt>
   <trkpt lat="-8.093326" lon="-34.911254">
    <ele>7.1</ele>
    <time>2019-09-24T23:46:10.000Z</time>
   </trkpt>
   <trkpt lat="-8.093372" lon="-34.911279">
    <ele>7</ele>
    <time>2019-09-24T23:46:12.000Z</time>
   </trkpt>
   <trkpt lat="-8.093397" lon="-34.911295">
    <ele>7</ele>
    <time>2019-09-24T23:46:13.000Z</time>
   </trkpt>
   <trkpt lat="-8.093424" lon="-34.911306">
    <ele>7</ele>
    <time>2019-09-24T23:46:14.000Z</time>
   </trkpt>
   <trkpt lat="-8.093477" lon="-34.911306">
    <ele>7</ele>
    <time>2019-09-24T23:46:16.000Z</time>
   </trkpt>
   <trkpt lat="-8.093504" lon="-34.911315">
    <ele>7</ele>
    <time>2019-09-24T23:46:17.000Z</time>
   </trkpt>
   <trkpt lat="-8.093533" lon="-34.911322">
    <ele>7</ele>
    <time>2019-09-24T23:46:18.000Z</time>
   </trkpt>
   <trkpt lat="-8.09357" lon="-34.911332">
    <ele>7.1</ele>
    <time>2019-09-24T23:46:19.000Z</time>
   </trkpt>
   <trkpt lat="-8.093617" lon="-34.911343">
    <ele>7.1</ele>
    <time>2019-09-24T23:46:21.000Z</time>
   </trkpt>
   <trkpt lat="-8.093651" lon="-34.911345">
    <ele>7.1</ele>
    <time>2019-09-24T23:46:23.000Z</time>
   </trkpt>
   <trkpt lat="-8.093694" lon="-34.911351">
    <ele>7.1</ele>
    <time>2019-09-24T23:46:25.000Z</time>
   </trkpt>
   <trkpt lat="-8.093746" lon="-34.911355">
    <ele>7.1</ele>
    <time>2019-09-24T23:46:27.000Z</time>
   </trkpt>
   <trkpt lat="-8.09379" lon="-34.91136">
    <ele>7.2</ele>
    <time>2019-09-24T23:46:29.000Z</time>
   </trkpt>
   <trkpt lat="-8.093838" lon="-34.91137">
    <ele>7.2</ele>
    <time>2019-09-24T23:46:31.000Z</time>
   </trkpt>
   <trkpt lat="-8.093884" lon="-34.911379">
    <ele>7.2</ele>
    <time>2019-09-24T23:46:33.000Z</time>
   </trkpt>
   <trkpt lat="-8.093935" lon="-34.91139">
    <ele>7.2</ele>
    <time>2019-09-24T23:46:35.000Z</time>
   </trkpt>
   <trkpt lat="-8.093963" lon="-34.911399">
    <ele>7.3</ele>
    <time>2019-09-24T23:46:36.000Z</time>
   </trkpt>
   <trkpt lat="-8.093992" lon="-34.911408">
    <ele>7.3</ele>
    <time>2019-09-24T23:46:37.000Z</time>
   </trkpt>
   <trkpt lat="-8.094021" lon="-34.911415">
    <ele>7.3</ele>
    <time>2019-09-24T23:46:38.000Z</time>
   </trkpt>
   <trkpt lat="-8.094052" lon="-34.911424">
    <ele>7.3</ele>
    <time>2019-09-24T23:46:39.000Z</time>
   </trkpt>
   <trkpt lat="-8.094083" lon="-34.911436">
    <ele>7.2</ele>
    <time>2019-09-24T23:46:40.000Z</time>
   </trkpt>
   <trkpt lat="-8.094116" lon="-34.911444">
    <ele>7</ele>
    <time>2019-09-24T23:46:41.000Z</time>
   </trkpt>
   <trkpt lat="-8.094168" lon="-34.911438">
    <ele>6.9</ele>
    <time>2019-09-24T23:46:43.000Z</time>
   </trkpt>
   <trkpt lat="-8.094204" lon="-34.911458">
    <ele>6.7</ele>
    <time>2019-09-24T23:46:44.000Z</time>
   </trkpt>
   <trkpt lat="-8.094235" lon="-34.911457">
    <ele>6.7</ele>
    <time>2019-09-24T23:46:45.000Z</time>
   </trkpt>
   <trkpt lat="-8.094265" lon="-34.911464">
    <ele>6.6</ele>
    <time>2019-09-24T23:46:46.000Z</time>
   </trkpt>
   <trkpt lat="-8.094325" lon="-34.91147">
    <ele>6.5</ele>
    <time>2019-09-24T23:46:48.000Z</time>
   </trkpt>
   <trkpt lat="-8.094357" lon="-34.911472">
    <ele>6.5</ele>
    <time>2019-09-24T23:46:49.000Z</time>
   </trkpt>
   <trkpt lat="-8.094389" lon="-34.911472">
    <ele>6.5</ele>
    <time>2019-09-24T23:46:50.000Z</time>
   </trkpt>
   <trkpt lat="-8.094426" lon="-34.911484">
    <ele>6.5</ele>
    <time>2019-09-24T23:46:51.000Z</time>
   </trkpt>
   <trkpt lat="-8.094456" lon="-34.91149">
    <ele>6.5</ele>
    <time>2019-09-24T23:46:52.000Z</time>
   </trkpt>
   <trkpt lat="-8.094486" lon="-34.911502">
    <ele>6.5</ele>
    <time>2019-09-24T23:46:53.000Z</time>
   </trkpt>
   <trkpt lat="-8.094517" lon="-34.911513">
    <ele>6.5</ele>
    <time>2019-09-24T23:46:54.000Z</time>
   </trkpt>
   <trkpt lat="-8.094546" lon="-34.911526">
    <ele>6.5</ele>
    <time>2019-09-24T23:46:55.000Z</time>
   </trkpt>
   <trkpt lat="-8.094574" lon="-34.911535">
    <ele>6.5</ele>
    <time>2019-09-24T23:46:56.000Z</time>
   </trkpt>
   <trkpt lat="-8.094635" lon="-34.911544">
    <ele>6.5</ele>
    <time>2019-09-24T23:46:58.000Z</time>
   </trkpt>
   <trkpt lat="-8.094669" lon="-34.911555">
    <ele>6.5</ele>
    <time>2019-09-24T23:46:59.000Z</time>
   </trkpt>
   <trkpt lat="-8.094699" lon="-34.911562">
    <ele>6.5</ele>
    <time>2019-09-24T23:47:00.000Z</time>
   </trkpt>
   <trkpt lat="-8.094729" lon="-34.911566">
    <ele>6.6</ele>
    <time>2019-09-24T23:47:01.000Z</time>
   </trkpt>
   <trkpt lat="-8.094758" lon="-34.911576">
    <ele>6.6</ele>
    <time>2019-09-24T23:47:02.000Z</time>
   </trkpt>
   <trkpt lat="-8.094786" lon="-34.911582">
    <ele>6.7</ele>
    <time>2019-09-24T23:47:03.000Z</time>
   </trkpt>
   <trkpt lat="-8.094842" lon="-34.911596">
    <ele>6.8</ele>
    <time>2019-09-24T23:47:05.000Z</time>
   </trkpt>
   <trkpt lat="-8.094872" lon="-34.911605">
    <ele>6.8</ele>
    <time>2019-09-24T23:47:06.000Z</time>
   </trkpt>
   <trkpt lat="-8.094902" lon="-34.911611">
    <ele>6.9</ele>
    <time>2019-09-24T23:47:07.000Z</time>
   </trkpt>
   <trkpt lat="-8.094954" lon="-34.911623">
    <ele>7</ele>
    <time>2019-09-24T23:47:09.000Z</time>
   </trkpt>
   <trkpt lat="-8.094991" lon="-34.911631">
    <ele>7</ele>
    <time>2019-09-24T23:47:10.000Z</time>
   </trkpt>
   <trkpt lat="-8.09502" lon="-34.911641">
    <ele>7.1</ele>
    <time>2019-09-24T23:47:11.000Z</time>
   </trkpt>
   <trkpt lat="-8.095051" lon="-34.911654">
    <ele>7.1</ele>
    <time>2019-09-24T23:47:12.000Z</time>
   </trkpt>
   <trkpt lat="-8.095079" lon="-34.911655">
    <ele>7.1</ele>
    <time>2019-09-24T23:47:13.000Z</time>
   </trkpt>
   <trkpt lat="-8.095109" lon="-34.911652">
    <ele>7.2</ele>
    <time>2019-09-24T23:47:14.000Z</time>
   </trkpt>
   <trkpt lat="-8.095143" lon="-34.911662">
    <ele>7.2</ele>
    <time>2019-09-24T23:47:15.000Z</time>
   </trkpt>
   <trkpt lat="-8.095179" lon="-34.911683">
    <ele>7.3</ele>
    <time>2019-09-24T23:47:17.000Z</time>
   </trkpt>
   <trkpt lat="-8.095212" lon="-34.911683">
    <ele>7.3</ele>
    <time>2019-09-24T23:47:18.000Z</time>
   </trkpt>
   <trkpt lat="-8.095239" lon="-34.911685">
    <ele>7.3</ele>
    <time>2019-09-24T23:47:19.000Z</time>
   </trkpt>
   <trkpt lat="-8.095282" lon="-34.911689">
    <ele>7.4</ele>
    <time>2019-09-24T23:47:21.000Z</time>
   </trkpt>
   <trkpt lat="-8.095314" lon="-34.911699">
    <ele>7.4</ele>
    <time>2019-09-24T23:47:22.000Z</time>
   </trkpt>
   <trkpt lat="-8.095355" lon="-34.911701">
    <ele>7.4</ele>
    <time>2019-09-24T23:47:24.000Z</time>
   </trkpt>
   <trkpt lat="-8.095418" lon="-34.911747">
    <ele>7.7</ele>
    <time>2019-09-24T23:47:26.000Z</time>
   </trkpt>
   <trkpt lat="-8.095453" lon="-34.911753">
    <ele>7.8</ele>
    <time>2019-09-24T23:47:27.000Z</time>
   </trkpt>
   <trkpt lat="-8.095489" lon="-34.911766">
    <ele>8.1</ele>
    <time>2019-09-24T23:47:28.000Z</time>
   </trkpt>
   <trkpt lat="-8.095533" lon="-34.911781">
    <ele>8.4</ele>
    <time>2019-09-24T23:47:30.000Z</time>
   </trkpt>
   <trkpt lat="-8.095564" lon="-34.911776">
    <ele>8.6</ele>
    <time>2019-09-24T23:47:31.000Z</time>
   </trkpt>
   <trkpt lat="-8.095599" lon="-34.911783">
    <ele>8.9</ele>
    <time>2019-09-24T23:47:32.000Z</time>
   </trkpt>
   <trkpt lat="-8.095631" lon="-34.911789">
    <ele>9.1</ele>
    <time>2019-09-24T23:47:33.000Z</time>
   </trkpt>
   <trkpt lat="-8.095657" lon="-34.911799">
    <ele>9.3</ele>
    <time>2019-09-24T23:47:34.000Z</time>
   </trkpt>
   <trkpt lat="-8.095697" lon="-34.911805">
    <ele>9.6</ele>
    <time>2019-09-24T23:47:35.000Z</time>
   </trkpt>
   <trkpt lat="-8.095747" lon="-34.911826">
    <ele>9.9</ele>
    <time>2019-09-24T23:47:37.000Z</time>
   </trkpt>
   <trkpt lat="-8.095784" lon="-34.911836">
    <ele>10</ele>
    <time>2019-09-24T23:47:38.000Z</time>
   </trkpt>
   <trkpt lat="-8.095823" lon="-34.911848">
    <ele>10.1</ele>
    <time>2019-09-24T23:47:39.000Z</time>
   </trkpt>
   <trkpt lat="-8.095862" lon="-34.911843">
    <ele>10.2</ele>
    <time>2019-09-24T23:47:40.000Z</time>
   </trkpt>
   <trkpt lat="-8.095897" lon="-34.911846">
    <ele>10.3</ele>
    <time>2019-09-24T23:47:41.000Z</time>
   </trkpt>
   <trkpt lat="-8.095933" lon="-34.911852">
    <ele>10.4</ele>
    <time>2019-09-24T23:47:42.000Z</time>
   </trkpt>
   <trkpt lat="-8.095966" lon="-34.911853">
    <ele>10.4</ele>
    <time>2019-09-24T23:47:43.000Z</time>
   </trkpt>
   <trkpt lat="-8.096004" lon="-34.911858">
    <ele>10.5</ele>
    <time>2019-09-24T23:47:44.000Z</time>
   </trkpt>
   <trkpt lat="-8.096042" lon="-34.911861">
    <ele>10.2</ele>
    <time>2019-09-24T23:47:45.000Z</time>
   </trkpt>
   <trkpt lat="-8.096082" lon="-34.911865">
    <ele>9.9</ele>
    <time>2019-09-24T23:47:46.000Z</time>
   </trkpt>
   <trkpt lat="-8.096125" lon="-34.911875">
    <ele>9.5</ele>
    <time>2019-09-24T23:47:47.000Z</time>
   </trkpt>
   <trkpt lat="-8.096171" lon="-34.91188">
    <ele>9.2</ele>
    <time>2019-09-24T23:47:48.000Z</time>
   </trkpt>
   <trkpt lat="-8.096215" lon="-34.911894">
    <ele>8.9</ele>
    <time>2019-09-24T23:47:49.000Z</time>
   </trkpt>
   <trkpt lat="-8.096252" lon="-34.911907">
    <ele>8.8</ele>
    <time>2019-09-24T23:47:50.000Z</time>
   </trkpt>
   <trkpt lat="-8.096286" lon="-34.911925">
    <ele>8.6</ele>
    <time>2019-09-24T23:47:51.000Z</time>
   </trkpt>
   <trkpt lat="-8.096318" lon="-34.911934">
    <ele>8.5</ele>
    <time>2019-09-24T23:47:52.000Z</time>
   </trkpt>
   <trkpt lat="-8.096351" lon="-34.911937">
    <ele>8.3</ele>
    <time>2019-09-24T23:47:53.000Z</time>
   </trkpt>
   <trkpt lat="-8.096391" lon="-34.911942">
    <ele>8.2</ele>
    <time>2019-09-24T23:47:54.000Z</time>
   </trkpt>
   <trkpt lat="-8.09643" lon="-34.911955">
    <ele>8</ele>
    <time>2019-09-24T23:47:55.000Z</time>
   </trkpt>
   <trkpt lat="-8.096468" lon="-34.911963">
    <ele>7.9</ele>
    <time>2019-09-24T23:47:56.000Z</time>
   </trkpt>
   <trkpt lat="-8.096508" lon="-34.911973">
    <ele>7.8</ele>
    <time>2019-09-24T23:47:57.000Z</time>
   </trkpt>
   <trkpt lat="-8.096548" lon="-34.911985">
    <ele>7.6</ele>
    <time>2019-09-24T23:47:58.000Z</time>
   </trkpt>
   <trkpt lat="-8.096593" lon="-34.911991">
    <ele>7.5</ele>
    <time>2019-09-24T23:47:59.000Z</time>
   </trkpt>
   <trkpt lat="-8.09664" lon="-34.912001">
    <ele>7.3</ele>
    <time>2019-09-24T23:48:00.000Z</time>
   </trkpt>
   <trkpt lat="-8.096685" lon="-34.912017">
    <ele>7.5</ele>
    <time>2019-09-24T23:48:01.000Z</time>
   </trkpt>
   <trkpt lat="-8.096729" lon="-34.912025">
    <ele>7.6</ele>
    <time>2019-09-24T23:48:02.000Z</time>
   </trkpt>
   <trkpt lat="-8.096775" lon="-34.912034">
    <ele>7.8</ele>
    <time>2019-09-24T23:48:03.000Z</time>
   </trkpt>
   <trkpt lat="-8.096816" lon="-34.912048">
    <ele>8</ele>
    <time>2019-09-24T23:48:04.000Z</time>
   </trkpt>
   <trkpt lat="-8.096854" lon="-34.912058">
    <ele>8.1</ele>
    <time>2019-09-24T23:48:05.000Z</time>
   </trkpt>
   <trkpt lat="-8.096888" lon="-34.912067">
    <ele>8.3</ele>
    <time>2019-09-24T23:48:06.000Z</time>
   </trkpt>
   <trkpt lat="-8.096921" lon="-34.912069">
    <ele>8.4</ele>
    <time>2019-09-24T23:48:07.000Z</time>
   </trkpt>
   <trkpt lat="-8.096955" lon="-34.912073">
    <ele>8.5</ele>
    <time>2019-09-24T23:48:08.000Z</time>
   </trkpt>
   <trkpt lat="-8.096995" lon="-34.912073">
    <ele>8.6</ele>
    <time>2019-09-24T23:48:09.000Z</time>
   </trkpt>
   <trkpt lat="-8.097032" lon="-34.912077">
    <ele>8.7</ele>
    <time>2019-09-24T23:48:10.000Z</time>
   </trkpt>
   <trkpt lat="-8.09707" lon="-34.912077">
    <ele>8.8</ele>
    <time>2019-09-24T23:48:11.000Z</time>
   </trkpt>
   <trkpt lat="-8.097115" lon="-34.912114">
    <ele>8.9</ele>
    <time>2019-09-24T23:48:13.000Z</time>
   </trkpt>
   <trkpt lat="-8.097174" lon="-34.912123">
    <ele>9</ele>
    <time>2019-09-24T23:48:15.000Z</time>
   </trkpt>
   <trkpt lat="-8.097209" lon="-34.912128">
    <ele>9</ele>
    <time>2019-09-24T23:48:16.000Z</time>
   </trkpt>
   <trkpt lat="-8.097252" lon="-34.91213">
    <ele>9.1</ele>
    <time>2019-09-24T23:48:17.000Z</time>
   </trkpt>
   <trkpt lat="-8.097291" lon="-34.91213">
    <ele>9.1</ele>
    <time>2019-09-24T23:48:18.000Z</time>
   </trkpt>
   <trkpt lat="-8.097322" lon="-34.912129">
    <ele>9.1</ele>
    <time>2019-09-24T23:48:19.000Z</time>
   </trkpt>
   <trkpt lat="-8.097357" lon="-34.912136">
    <ele>9.1</ele>
    <time>2019-09-24T23:48:20.000Z</time>
   </trkpt>
   <trkpt lat="-8.097393" lon="-34.912148">
    <ele>9.1</ele>
    <time>2019-09-24T23:48:21.000Z</time>
   </trkpt>
   <trkpt lat="-8.097428" lon="-34.912166">
    <ele>9.1</ele>
    <time>2019-09-24T23:48:22.000Z</time>
   </trkpt>
   <trkpt lat="-8.097458" lon="-34.912186">
    <ele>9.1</ele>
    <time>2019-09-24T23:48:23.000Z</time>
   </trkpt>
   <trkpt lat="-8.09751" lon="-34.912197">
    <ele>9.1</ele>
    <time>2019-09-24T23:48:25.000Z</time>
   </trkpt>
   <trkpt lat="-8.097568" lon="-34.912219">
    <ele>9.1</ele>
    <time>2019-09-24T23:48:27.000Z</time>
   </trkpt>
   <trkpt lat="-8.097595" lon="-34.912229">
    <ele>9.1</ele>
    <time>2019-09-24T23:48:28.000Z</time>
   </trkpt>
   <trkpt lat="-8.097647" lon="-34.912246">
    <ele>9.1</ele>
    <time>2019-09-24T23:48:30.000Z</time>
   </trkpt>
   <trkpt lat="-8.097687" lon="-34.912255">
    <ele>9.1</ele>
    <time>2019-09-24T23:48:31.000Z</time>
   </trkpt>
   <trkpt lat="-8.097721" lon="-34.91226">
    <ele>9.1</ele>
    <time>2019-09-24T23:48:32.000Z</time>
   </trkpt>
   <trkpt lat="-8.097758" lon="-34.912261">
    <ele>9.1</ele>
    <time>2019-09-24T23:48:33.000Z</time>
   </trkpt>
   <trkpt lat="-8.09779" lon="-34.912261">
    <ele>9.1</ele>
    <time>2019-09-24T23:48:34.000Z</time>
   </trkpt>
   <trkpt lat="-8.097831" lon="-34.912271">
    <ele>9</ele>
    <time>2019-09-24T23:48:35.000Z</time>
   </trkpt>
   <trkpt lat="-8.097876" lon="-34.912285">
    <ele>9</ele>
    <time>2019-09-24T23:48:36.000Z</time>
   </trkpt>
   <trkpt lat="-8.097916" lon="-34.912294">
    <ele>9</ele>
    <time>2019-09-24T23:48:37.000Z</time>
   </trkpt>
   <trkpt lat="-8.09795" lon="-34.912296">
    <ele>9</ele>
    <time>2019-09-24T23:48:38.000Z</time>
   </trkpt>
   <trkpt lat="-8.097985" lon="-34.912302">
    <ele>9</ele>
    <time>2019-09-24T23:48:39.000Z</time>
   </trkpt>
   <trkpt lat="-8.098023" lon="-34.912298">
    <ele>9</ele>
    <time>2019-09-24T23:48:40.000Z</time>
   </trkpt>
   <trkpt lat="-8.098057" lon="-34.912299">
    <ele>9</ele>
    <time>2019-09-24T23:48:41.000Z</time>
   </trkpt>
   <trkpt lat="-8.098096" lon="-34.912307">
    <ele>9</ele>
    <time>2019-09-24T23:48:42.000Z</time>
   </trkpt>
   <trkpt lat="-8.098134" lon="-34.912306">
    <ele>9</ele>
    <time>2019-09-24T23:48:43.000Z</time>
   </trkpt>
   <trkpt lat="-8.098176" lon="-34.91232">
    <ele>9</ele>
    <time>2019-09-24T23:48:44.000Z</time>
   </trkpt>
   <trkpt lat="-8.098212" lon="-34.912329">
    <ele>8.9</ele>
    <time>2019-09-24T23:48:45.000Z</time>
   </trkpt>
   <trkpt lat="-8.098248" lon="-34.912334">
    <ele>8.9</ele>
    <time>2019-09-24T23:48:46.000Z</time>
   </trkpt>
   <trkpt lat="-8.098289" lon="-34.912343">
    <ele>8.8</ele>
    <time>2019-09-24T23:48:47.000Z</time>
   </trkpt>
   <trkpt lat="-8.098339" lon="-34.912346">
    <ele>8.8</ele>
    <time>2019-09-24T23:48:48.000Z</time>
   </trkpt>
   <trkpt lat="-8.098381" lon="-34.91235">
    <ele>8.7</ele>
    <time>2019-09-24T23:48:49.000Z</time>
   </trkpt>
   <trkpt lat="-8.098419" lon="-34.912358">
    <ele>8.6</ele>
    <time>2019-09-24T23:48:50.000Z</time>
   </trkpt>
   <trkpt lat="-8.098459" lon="-34.912368">
    <ele>8.5</ele>
    <time>2019-09-24T23:48:51.000Z</time>
   </trkpt>
   <trkpt lat="-8.098498" lon="-34.912372">
    <ele>8.4</ele>
    <time>2019-09-24T23:48:52.000Z</time>
   </trkpt>
   <trkpt lat="-8.098532" lon="-34.912375">
    <ele>8.3</ele>
    <time>2019-09-24T23:48:53.000Z</time>
   </trkpt>
   <trkpt lat="-8.098573" lon="-34.912377">
    <ele>8.2</ele>
    <time>2019-09-24T23:48:54.000Z</time>
   </trkpt>
   <trkpt lat="-8.098615" lon="-34.912391">
    <ele>8</ele>
    <time>2019-09-24T23:48:55.000Z</time>
   </trkpt>
   <trkpt lat="-8.098654" lon="-34.912394">
    <ele>7.9</ele>
    <time>2019-09-24T23:48:56.000Z</time>
   </trkpt>
   <trkpt lat="-8.098695" lon="-34.9124">
    <ele>7.8</ele>
    <time>2019-09-24T23:48:57.000Z</time>
   </trkpt>
   <trkpt lat="-8.098737" lon="-34.912406">
    <ele>7.6</ele>
    <time>2019-09-24T23:48:58.000Z</time>
   </trkpt>
   <trkpt lat="-8.098779" lon="-34.912414">
    <ele>7.5</ele>
    <time>2019-09-24T23:48:59.000Z</time>
   </trkpt>
   <trkpt lat="-8.098821" lon="-34.912418">
    <ele>7.4</ele>
    <time>2019-09-24T23:49:00.000Z</time>
   </trkpt>
   <trkpt lat="-8.098865" lon="-34.912425">
    <ele>7.2</ele>
    <time>2019-09-24T23:49:01.000Z</time>
   </trkpt>
   <trkpt lat="-8.098907" lon="-34.912433">
    <ele>7.1</ele>
    <time>2019-09-24T23:49:02.000Z</time>
   </trkpt>
   <trkpt lat="-8.098954" lon="-34.912442">
    <ele>6.9</ele>
    <time>2019-09-24T23:49:03.000Z</time>
   </trkpt>
   <trkpt lat="-8.098996" lon="-34.91245">
    <ele>6.8</ele>
    <time>2019-09-24T23:49:04.000Z</time>
   </trkpt>
   <trkpt lat="-8.099034" lon="-34.912456">
    <ele>6.6</ele>
    <time>2019-09-24T23:49:05.000Z</time>
   </trkpt>
   <trkpt lat="-8.099071" lon="-34.912458">
    <ele>6.5</ele>
    <time>2019-09-24T23:49:06.000Z</time>
   </trkpt>
   <trkpt lat="-8.099103" lon="-34.912466">
    <ele>6.4</ele>
    <time>2019-09-24T23:49:07.000Z</time>
   </trkpt>
   <trkpt lat="-8.099132" lon="-34.912473">
    <ele>6.2</ele>
    <time>2019-09-24T23:49:08.000Z</time>
   </trkpt>
   <trkpt lat="-8.099166" lon="-34.912482">
    <ele>6.1</ele>
    <time>2019-09-24T23:49:09.000Z</time>
   </trkpt>
   <trkpt lat="-8.099204" lon="-34.912487">
    <ele>6</ele>
    <time>2019-09-24T23:49:10.000Z</time>
   </trkpt>
   <trkpt lat="-8.099238" lon="-34.912495">
    <ele>5.8</ele>
    <time>2019-09-24T23:49:11.000Z</time>
   </trkpt>
   <trkpt lat="-8.099277" lon="-34.912499">
    <ele>5.7</ele>
    <time>2019-09-24T23:49:12.000Z</time>
   </trkpt>
   <trkpt lat="-8.099314" lon="-34.912509">
    <ele>5.6</ele>
    <time>2019-09-24T23:49:13.000Z</time>
   </trkpt>
   <trkpt lat="-8.099352" lon="-34.912513">
    <ele>5.5</ele>
    <time>2019-09-24T23:49:14.000Z</time>
   </trkpt>
   <trkpt lat="-8.099393" lon="-34.912525">
    <ele>5.3</ele>
    <time>2019-09-24T23:49:15.000Z</time>
   </trkpt>
   <trkpt lat="-8.099439" lon="-34.912532">
    <ele>5.2</ele>
    <time>2019-09-24T23:49:16.000Z</time>
   </trkpt>
   <trkpt lat="-8.099476" lon="-34.912544">
    <ele>5.1</ele>
    <time>2019-09-24T23:49:17.000Z</time>
   </trkpt>
   <trkpt lat="-8.099516" lon="-34.912544">
    <ele>5</ele>
    <time>2019-09-24T23:49:18.000Z</time>
   </trkpt>
   <trkpt lat="-8.099557" lon="-34.912551">
    <ele>4.9</ele>
    <time>2019-09-24T23:49:19.000Z</time>
   </trkpt>
   <trkpt lat="-8.099598" lon="-34.912557">
    <ele>4.8</ele>
    <time>2019-09-24T23:49:20.000Z</time>
   </trkpt>
   <trkpt lat="-8.099629" lon="-34.912557">
    <ele>4.7</ele>
    <time>2019-09-24T23:49:21.000Z</time>
   </trkpt>
   <trkpt lat="-8.099669" lon="-34.912563">
    <ele>4.6</ele>
    <time>2019-09-24T23:49:22.000Z</time>
   </trkpt>
   <trkpt lat="-8.099705" lon="-34.912569">
    <ele>4.5</ele>
    <time>2019-09-24T23:49:23.000Z</time>
   </trkpt>
   <trkpt lat="-8.099746" lon="-34.912575">
    <ele>4.3</ele>
    <time>2019-09-24T23:49:24.000Z</time>
   </trkpt>
   <trkpt lat="-8.099784" lon="-34.912585">
    <ele>4.2</ele>
    <time>2019-09-24T23:49:25.000Z</time>
   </trkpt>
   <trkpt lat="-8.099827" lon="-34.912592">
    <ele>4.2</ele>
    <time>2019-09-24T23:49:26.000Z</time>
   </trkpt>
   <trkpt lat="-8.099862" lon="-34.912599">
    <ele>4.2</ele>
    <time>2019-09-24T23:49:27.000Z</time>
   </trkpt>
   <trkpt lat="-8.099903" lon="-34.912611">
    <ele>4.2</ele>
    <time>2019-09-24T23:49:28.000Z</time>
   </trkpt>
   <trkpt lat="-8.099945" lon="-34.91262">
    <ele>4.2</ele>
    <time>2019-09-24T23:49:29.000Z</time>
   </trkpt>
   <trkpt lat="-8.099982" lon="-34.912624">
    <ele>4.2</ele>
    <time>2019-09-24T23:49:30.000Z</time>
   </trkpt>
   <trkpt lat="-8.100022" lon="-34.912633">
    <ele>4.2</ele>
    <time>2019-09-24T23:49:31.000Z</time>
   </trkpt>
   <trkpt lat="-8.100063" lon="-34.912636">
    <ele>4.2</ele>
    <time>2019-09-24T23:49:32.000Z</time>
   </trkpt>
   <trkpt lat="-8.100102" lon="-34.912634">
    <ele>4.2</ele>
    <time>2019-09-24T23:49:33.000Z</time>
   </trkpt>
   <trkpt lat="-8.100142" lon="-34.91264">
    <ele>4.3</ele>
    <time>2019-09-24T23:49:34.000Z</time>
   </trkpt>
   <trkpt lat="-8.100176" lon="-34.912646">
    <ele>4.3</ele>
    <time>2019-09-24T23:49:35.000Z</time>
   </trkpt>
   <trkpt lat="-8.100208" lon="-34.912653">
    <ele>4.3</ele>
    <time>2019-09-24T23:49:36.000Z</time>
   </trkpt>
   <trkpt lat="-8.100242" lon="-34.912658">
    <ele>4.3</ele>
    <time>2019-09-24T23:49:37.000Z</time>
   </trkpt>
   <trkpt lat="-8.100271" lon="-34.912668">
    <ele>4.2</ele>
    <time>2019-09-24T23:49:38.000Z</time>
   </trkpt>
   <trkpt lat="-8.100302" lon="-34.912675">
    <ele>4.2</ele>
    <time>2019-09-24T23:49:39.000Z</time>
   </trkpt>
   <trkpt lat="-8.10034" lon="-34.91268">
    <ele>4.2</ele>
    <time>2019-09-24T23:49:40.000Z</time>
   </trkpt>
   <trkpt lat="-8.100376" lon="-34.912689">
    <ele>4.1</ele>
    <time>2019-09-24T23:49:41.000Z</time>
   </trkpt>
   <trkpt lat="-8.100421" lon="-34.912701">
    <ele>4.1</ele>
    <time>2019-09-24T23:49:42.000Z</time>
   </trkpt>
   <trkpt lat="-8.100456" lon="-34.912688">
    <ele>3.9</ele>
    <time>2019-09-24T23:49:43.000Z</time>
   </trkpt>
   <trkpt lat="-8.100482" lon="-34.912697">
    <ele>3.9</ele>
    <time>2019-09-24T23:49:44.000Z</time>
   </trkpt>
   <trkpt lat="-8.100513" lon="-34.912702">
    <ele>3.8</ele>
    <time>2019-09-24T23:49:45.000Z</time>
   </trkpt>
   <trkpt lat="-8.100544" lon="-34.912704">
    <ele>3.7</ele>
    <time>2019-09-24T23:49:46.000Z</time>
   </trkpt>
   <trkpt lat="-8.10058" lon="-34.912707">
    <ele>3.4</ele>
    <time>2019-09-24T23:49:47.000Z</time>
   </trkpt>
   <trkpt lat="-8.100625" lon="-34.91272">
    <ele>3.7</ele>
    <time>2019-09-24T23:49:48.000Z</time>
   </trkpt>
   <trkpt lat="-8.100658" lon="-34.912723">
    <ele>3.9</ele>
    <time>2019-09-24T23:49:49.000Z</time>
   </trkpt>
   <trkpt lat="-8.100694" lon="-34.912735">
    <ele>4.1</ele>
    <time>2019-09-24T23:49:50.000Z</time>
   </trkpt>
   <trkpt lat="-8.100731" lon="-34.912747">
    <ele>4.3</ele>
    <time>2019-09-24T23:49:51.000Z</time>
   </trkpt>
   <trkpt lat="-8.100761" lon="-34.912758">
    <ele>4.5</ele>
    <time>2019-09-24T23:49:52.000Z</time>
   </trkpt>
   <trkpt lat="-8.100797" lon="-34.912777">
    <ele>4.7</ele>
    <time>2019-09-24T23:49:53.000Z</time>
   </trkpt>
   <trkpt lat="-8.100828" lon="-34.912784">
    <ele>4.8</ele>
    <time>2019-09-24T23:49:54.000Z</time>
   </trkpt>
   <trkpt lat="-8.100867" lon="-34.912785">
    <ele>5</ele>
    <time>2019-09-24T23:49:55.000Z</time>
   </trkpt>
   <trkpt lat="-8.100905" lon="-34.912788">
    <ele>5.2</ele>
    <time>2019-09-24T23:49:56.000Z</time>
   </trkpt>
   <trkpt lat="-8.100948" lon="-34.912795">
    <ele>5.4</ele>
    <time>2019-09-24T23:49:57.000Z</time>
   </trkpt>
   <trkpt lat="-8.10099" lon="-34.912801">
    <ele>5.6</ele>
    <time>2019-09-24T23:49:58.000Z</time>
   </trkpt>
   <trkpt lat="-8.101021" lon="-34.912804">
    <ele>5.7</ele>
    <time>2019-09-24T23:49:59.000Z</time>
   </trkpt>
   <trkpt lat="-8.101053" lon="-34.912812">
    <ele>5.9</ele>
    <time>2019-09-24T23:50:00.000Z</time>
   </trkpt>
   <trkpt lat="-8.101085" lon="-34.912818">
    <ele>6</ele>
    <time>2019-09-24T23:50:01.000Z</time>
   </trkpt>
   <trkpt lat="-8.101119" lon="-34.912826">
    <ele>6.1</ele>
    <time>2019-09-24T23:50:02.000Z</time>
   </trkpt>
   <trkpt lat="-8.101154" lon="-34.912826">
    <ele>6.2</ele>
    <time>2019-09-24T23:50:03.000Z</time>
   </trkpt>
   <trkpt lat="-8.101194" lon="-34.912829">
    <ele>6.4</ele>
    <time>2019-09-24T23:50:04.000Z</time>
   </trkpt>
   <trkpt lat="-8.101226" lon="-34.912828">
    <ele>6.6</ele>
    <time>2019-09-24T23:50:05.000Z</time>
   </trkpt>
   <trkpt lat="-8.101255" lon="-34.912827">
    <ele>6.7</ele>
    <time>2019-09-24T23:50:06.000Z</time>
   </trkpt>
   <trkpt lat="-8.101284" lon="-34.912828">
    <ele>6.8</ele>
    <time>2019-09-24T23:50:07.000Z</time>
   </trkpt>
   <trkpt lat="-8.101318" lon="-34.912843">
    <ele>6.9</ele>
    <time>2019-09-24T23:50:08.000Z</time>
   </trkpt>
   <trkpt lat="-8.101356" lon="-34.912855">
    <ele>7</ele>
    <time>2019-09-24T23:50:09.000Z</time>
   </trkpt>
   <trkpt lat="-8.10139" lon="-34.912868">
    <ele>7.1</ele>
    <time>2019-09-24T23:50:10.000Z</time>
   </trkpt>
   <trkpt lat="-8.10142" lon="-34.912877">
    <ele>7.2</ele>
    <time>2019-09-24T23:50:11.000Z</time>
   </trkpt>
   <trkpt lat="-8.101447" lon="-34.912876">
    <ele>7.3</ele>
    <time>2019-09-24T23:50:12.000Z</time>
   </trkpt>
   <trkpt lat="-8.101481" lon="-34.912879">
    <ele>7.4</ele>
    <time>2019-09-24T23:50:13.000Z</time>
   </trkpt>
   <trkpt lat="-8.101512" lon="-34.912889">
    <ele>7.5</ele>
    <time>2019-09-24T23:50:14.000Z</time>
   </trkpt>
   <trkpt lat="-8.101546" lon="-34.912895">
    <ele>7.6</ele>
    <time>2019-09-24T23:50:15.000Z</time>
   </trkpt>
   <trkpt lat="-8.101577" lon="-34.912899">
    <ele>7.6</ele>
    <time>2019-09-24T23:50:16.000Z</time>
   </trkpt>
   <trkpt lat="-8.10161" lon="-34.912901">
    <ele>7.7</ele>
    <time>2019-09-24T23:50:17.000Z</time>
   </trkpt>
   <trkpt lat="-8.101641" lon="-34.912905">
    <ele>7.8</ele>
    <time>2019-09-24T23:50:18.000Z</time>
   </trkpt>
   <trkpt lat="-8.101673" lon="-34.912907">
    <ele>7.8</ele>
    <time>2019-09-24T23:50:19.000Z</time>
   </trkpt>
   <trkpt lat="-8.101705" lon="-34.912911">
    <ele>7.9</ele>
    <time>2019-09-24T23:50:20.000Z</time>
   </trkpt>
   <trkpt lat="-8.101753" lon="-34.912926">
    <ele>7.9</ele>
    <time>2019-09-24T23:50:22.000Z</time>
   </trkpt>
   <trkpt lat="-8.101804" lon="-34.912923">
    <ele>8</ele>
    <time>2019-09-24T23:50:24.000Z</time>
   </trkpt>
   <trkpt lat="-8.101834" lon="-34.912923">
    <ele>8</ele>
    <time>2019-09-24T23:50:25.000Z</time>
   </trkpt>
   <trkpt lat="-8.101866" lon="-34.912935">
    <ele>8</ele>
    <time>2019-09-24T23:50:26.000Z</time>
   </trkpt>
   <trkpt lat="-8.1019" lon="-34.91294">
    <ele>8</ele>
    <time>2019-09-24T23:50:27.000Z</time>
   </trkpt>
   <trkpt lat="-8.101935" lon="-34.912947">
    <ele>7.8</ele>
    <time>2019-09-24T23:50:28.000Z</time>
   </trkpt>
   <trkpt lat="-8.10197" lon="-34.912951">
    <ele>7.7</ele>
    <time>2019-09-24T23:50:29.000Z</time>
   </trkpt>
   <trkpt lat="-8.102001" lon="-34.912953">
    <ele>7.6</ele>
    <time>2019-09-24T23:50:30.000Z</time>
   </trkpt>
   <trkpt lat="-8.102035" lon="-34.912956">
    <ele>7.5</ele>
    <time>2019-09-24T23:50:31.000Z</time>
   </trkpt>
   <trkpt lat="-8.102062" lon="-34.912953">
    <ele>7.5</ele>
    <time>2019-09-24T23:50:32.000Z</time>
   </trkpt>
   <trkpt lat="-8.1021" lon="-34.912974">
    <ele>7.3</ele>
    <time>2019-09-24T23:50:33.000Z</time>
   </trkpt>
   <trkpt lat="-8.102136" lon="-34.912991">
    <ele>7.2</ele>
    <time>2019-09-24T23:50:34.000Z</time>
   </trkpt>
   <trkpt lat="-8.102171" lon="-34.912998">
    <ele>7.1</ele>
    <time>2019-09-24T23:50:35.000Z</time>
   </trkpt>
   <trkpt lat="-8.102203" lon="-34.913001">
    <ele>7</ele>
    <time>2019-09-24T23:50:36.000Z</time>
   </trkpt>
   <trkpt lat="-8.10224" lon="-34.913002">
    <ele>7</ele>
    <time>2019-09-24T23:50:37.000Z</time>
   </trkpt>
   <trkpt lat="-8.102275" lon="-34.913">
    <ele>7</ele>
    <time>2019-09-24T23:50:38.000Z</time>
   </trkpt>
   <trkpt lat="-8.102317" lon="-34.913005">
    <ele>7</ele>
    <time>2019-09-24T23:50:39.000Z</time>
   </trkpt>
   <trkpt lat="-8.102347" lon="-34.913007">
    <ele>7</ele>
    <time>2019-09-24T23:50:40.000Z</time>
   </trkpt>
   <trkpt lat="-8.102383" lon="-34.913013">
    <ele>7</ele>
    <time>2019-09-24T23:50:41.000Z</time>
   </trkpt>
   <trkpt lat="-8.102421" lon="-34.913014">
    <ele>7</ele>
    <time>2019-09-24T23:50:42.000Z</time>
   </trkpt>
   <trkpt lat="-8.102461" lon="-34.913017">
    <ele>7</ele>
    <time>2019-09-24T23:50:43.000Z</time>
   </trkpt>
   <trkpt lat="-8.102507" lon="-34.913027">
    <ele>7</ele>
    <time>2019-09-24T23:50:44.000Z</time>
   </trkpt>
   <trkpt lat="-8.102547" lon="-34.913033">
    <ele>7</ele>
    <time>2019-09-24T23:50:45.000Z</time>
   </trkpt>
   <trkpt lat="-8.102586" lon="-34.913044">
    <ele>7</ele>
    <time>2019-09-24T23:50:46.000Z</time>
   </trkpt>
   <trkpt lat="-8.10262" lon="-34.913048">
    <ele>7</ele>
    <time>2019-09-24T23:50:47.000Z</time>
   </trkpt>
   <trkpt lat="-8.102656" lon="-34.913056">
    <ele>7</ele>
    <time>2019-09-24T23:50:48.000Z</time>
   </trkpt>
   <trkpt lat="-8.102692" lon="-34.913062">
    <ele>7</ele>
    <time>2019-09-24T23:50:49.000Z</time>
   </trkpt>
   <trkpt lat="-8.10273" lon="-34.913055">
    <ele>7</ele>
    <time>2019-09-24T23:50:50.000Z</time>
   </trkpt>
   <trkpt lat="-8.102768" lon="-34.913067">
    <ele>7</ele>
    <time>2019-09-24T23:50:51.000Z</time>
   </trkpt>
   <trkpt lat="-8.102807" lon="-34.91308">
    <ele>7</ele>
    <time>2019-09-24T23:50:52.000Z</time>
   </trkpt>
   <trkpt lat="-8.10285" lon="-34.913099">
    <ele>6.4</ele>
    <time>2019-09-24T23:50:53.000Z</time>
   </trkpt>
   <trkpt lat="-8.102889" lon="-34.913107">
    <ele>5.9</ele>
    <time>2019-09-24T23:50:54.000Z</time>
   </trkpt>
   <trkpt lat="-8.102936" lon="-34.913118">
    <ele>5.3</ele>
    <time>2019-09-24T23:50:55.000Z</time>
   </trkpt>
   <trkpt lat="-8.102981" lon="-34.913129">
    <ele>4.7</ele>
    <time>2019-09-24T23:50:56.000Z</time>
   </trkpt>
   <trkpt lat="-8.10302" lon="-34.913135">
    <ele>4.2</ele>
    <time>2019-09-24T23:50:57.000Z</time>
   </trkpt>
   <trkpt lat="-8.103066" lon="-34.913148">
    <ele>3</ele>
    <time>2019-09-24T23:50:58.000Z</time>
   </trkpt>
   <trkpt lat="-8.103105" lon="-34.913155">
    <ele>3</ele>
    <time>2019-09-24T23:50:59.000Z</time>
   </trkpt>
   <trkpt lat="-8.103142" lon="-34.913161">
    <ele>3</ele>
    <time>2019-09-24T23:51:00.000Z</time>
   </trkpt>
   <trkpt lat="-8.103181" lon="-34.913167">
    <ele>3</ele>
    <time>2019-09-24T23:51:01.000Z</time>
   </trkpt>
   <trkpt lat="-8.10322" lon="-34.913167">
    <ele>3</ele>
    <time>2019-09-24T23:51:02.000Z</time>
   </trkpt>
   <trkpt lat="-8.103262" lon="-34.91317">
    <ele>3</ele>
    <time>2019-09-24T23:51:03.000Z</time>
   </trkpt>
   <trkpt lat="-8.103305" lon="-34.913173">
    <ele>3</ele>
    <time>2019-09-24T23:51:04.000Z</time>
   </trkpt>
   <trkpt lat="-8.103347" lon="-34.913175">
    <ele>3.1</ele>
    <time>2019-09-24T23:51:05.000Z</time>
   </trkpt>
   <trkpt lat="-8.103384" lon="-34.913193">
    <ele>3.1</ele>
    <time>2019-09-24T23:51:06.000Z</time>
   </trkpt>
   <trkpt lat="-8.103423" lon="-34.913202">
    <ele>3.1</ele>
    <time>2019-09-24T23:51:07.000Z</time>
   </trkpt>
   <trkpt lat="-8.103461" lon="-34.913215">
    <ele>3.2</ele>
    <time>2019-09-24T23:51:08.000Z</time>
   </trkpt>
   <trkpt lat="-8.103498" lon="-34.913229">
    <ele>3.3</ele>
    <time>2019-09-24T23:51:09.000Z</time>
   </trkpt>
   <trkpt lat="-8.103545" lon="-34.913248">
    <ele>3.4</ele>
    <time>2019-09-24T23:51:10.000Z</time>
   </trkpt>
   <trkpt lat="-8.103591" lon="-34.913254">
    <ele>3.5</ele>
    <time>2019-09-24T23:51:11.000Z</time>
   </trkpt>
   <trkpt lat="-8.103637" lon="-34.913259">
    <ele>3.6</ele>
    <time>2019-09-24T23:51:12.000Z</time>
   </trkpt>
   <trkpt lat="-8.103681" lon="-34.913265">
    <ele>3.8</ele>
    <time>2019-09-24T23:51:13.000Z</time>
   </trkpt>
   <trkpt lat="-8.10373" lon="-34.913268">
    <ele>3.9</ele>
    <time>2019-09-24T23:51:14.000Z</time>
   </trkpt>
   <trkpt lat="-8.103772" lon="-34.913271">
    <ele>4.1</ele>
    <time>2019-09-24T23:51:15.000Z</time>
   </trkpt>
   <trkpt lat="-8.103809" lon="-34.913279">
    <ele>4.2</ele>
    <time>2019-09-24T23:51:16.000Z</time>
   </trkpt>
   <trkpt lat="-8.103848" lon="-34.913287">
    <ele>4.3</ele>
    <time>2019-09-24T23:51:17.000Z</time>
   </trkpt>
   <trkpt lat="-8.103887" lon="-34.913295">
    <ele>4.5</ele>
    <time>2019-09-24T23:51:18.000Z</time>
   </trkpt>
   <trkpt lat="-8.103924" lon="-34.913306">
    <ele>4.6</ele>
    <time>2019-09-24T23:51:19.000Z</time>
   </trkpt>
   <trkpt lat="-8.103963" lon="-34.913308">
    <ele>4.7</ele>
    <time>2019-09-24T23:51:20.000Z</time>
   </trkpt>
   <trkpt lat="-8.104004" lon="-34.913315">
    <ele>4.8</ele>
    <time>2019-09-24T23:51:21.000Z</time>
   </trkpt>
   <trkpt lat="-8.10404" lon="-34.913324">
    <ele>4.8</ele>
    <time>2019-09-24T23:51:22.000Z</time>
   </trkpt>
   <trkpt lat="-8.104075" lon="-34.913333">
    <ele>4.9</ele>
    <time>2019-09-24T23:51:23.000Z</time>
   </trkpt>
   <trkpt lat="-8.104103" lon="-34.913334">
    <ele>4.9</ele>
    <time>2019-09-24T23:51:24.000Z</time>
   </trkpt>
   <trkpt lat="-8.104157" lon="-34.913341">
    <ele>5</ele>
    <time>2019-09-24T23:51:26.000Z</time>
   </trkpt>
   <trkpt lat="-8.104187" lon="-34.913346">
    <ele>5</ele>
    <time>2019-09-24T23:51:27.000Z</time>
   </trkpt>
   <trkpt lat="-8.104217" lon="-34.913345">
    <ele>5</ele>
    <time>2019-09-24T23:51:28.000Z</time>
   </trkpt>
   <trkpt lat="-8.104248" lon="-34.913346">
    <ele>5</ele>
    <time>2019-09-24T23:51:29.000Z</time>
   </trkpt>
   <trkpt lat="-8.104279" lon="-34.913356">
    <ele>5</ele>
    <time>2019-09-24T23:51:30.000Z</time>
   </trkpt>
   <trkpt lat="-8.104306" lon="-34.913359">
    <ele>5</ele>
    <time>2019-09-24T23:51:31.000Z</time>
   </trkpt>
   <trkpt lat="-8.10436" lon="-34.913375">
    <ele>5</ele>
    <time>2019-09-24T23:51:33.000Z</time>
   </trkpt>
   <trkpt lat="-8.104392" lon="-34.913382">
    <ele>5</ele>
    <time>2019-09-24T23:51:34.000Z</time>
   </trkpt>
   <trkpt lat="-8.104425" lon="-34.913394">
    <ele>5</ele>
    <time>2019-09-24T23:51:35.000Z</time>
   </trkpt>
   <trkpt lat="-8.104457" lon="-34.913396">
    <ele>5.1</ele>
    <time>2019-09-24T23:51:36.000Z</time>
   </trkpt>
   <trkpt lat="-8.104494" lon="-34.913404">
    <ele>5.2</ele>
    <time>2019-09-24T23:51:37.000Z</time>
   </trkpt>
   <trkpt lat="-8.10453" lon="-34.913404">
    <ele>5.3</ele>
    <time>2019-09-24T23:51:38.000Z</time>
   </trkpt>
   <trkpt lat="-8.104568" lon="-34.913407">
    <ele>5.4</ele>
    <time>2019-09-24T23:51:39.000Z</time>
   </trkpt>
   <trkpt lat="-8.10461" lon="-34.913423">
    <ele>5.5</ele>
    <time>2019-09-24T23:51:40.000Z</time>
   </trkpt>
   <trkpt lat="-8.104649" lon="-34.913431">
    <ele>5.6</ele>
    <time>2019-09-24T23:51:41.000Z</time>
   </trkpt>
   <trkpt lat="-8.104686" lon="-34.913447">
    <ele>5.8</ele>
    <time>2019-09-24T23:51:42.000Z</time>
   </trkpt>
   <trkpt lat="-8.104723" lon="-34.913467">
    <ele>5.9</ele>
    <time>2019-09-24T23:51:43.000Z</time>
   </trkpt>
   <trkpt lat="-8.104759" lon="-34.913469">
    <ele>5.9</ele>
    <time>2019-09-24T23:51:44.000Z</time>
   </trkpt>
   <trkpt lat="-8.1048" lon="-34.913477">
    <ele>6</ele>
    <time>2019-09-24T23:51:45.000Z</time>
   </trkpt>
   <trkpt lat="-8.104834" lon="-34.91349">
    <ele>6.1</ele>
    <time>2019-09-24T23:51:46.000Z</time>
   </trkpt>
   <trkpt lat="-8.104871" lon="-34.9135">
    <ele>6.2</ele>
    <time>2019-09-24T23:51:47.000Z</time>
   </trkpt>
   <trkpt lat="-8.104905" lon="-34.913509">
    <ele>6.3</ele>
    <time>2019-09-24T23:51:48.000Z</time>
   </trkpt>
   <trkpt lat="-8.10494" lon="-34.913511">
    <ele>6.3</ele>
    <time>2019-09-24T23:51:49.000Z</time>
   </trkpt>
   <trkpt lat="-8.104976" lon="-34.913512">
    <ele>6.4</ele>
    <time>2019-09-24T23:51:50.000Z</time>
   </trkpt>
   <trkpt lat="-8.105014" lon="-34.913516">
    <ele>6.5</ele>
    <time>2019-09-24T23:51:51.000Z</time>
   </trkpt>
   <trkpt lat="-8.105052" lon="-34.91352">
    <ele>6.5</ele>
    <time>2019-09-24T23:51:52.000Z</time>
   </trkpt>
   <trkpt lat="-8.105083" lon="-34.913527">
    <ele>6.6</ele>
    <time>2019-09-24T23:51:53.000Z</time>
   </trkpt>
   <trkpt lat="-8.105107" lon="-34.913542">
    <ele>6.6</ele>
    <time>2019-09-24T23:51:54.000Z</time>
   </trkpt>
   <trkpt lat="-8.105138" lon="-34.913548">
    <ele>6.6</ele>
    <time>2019-09-24T23:51:55.000Z</time>
   </trkpt>
   <trkpt lat="-8.105167" lon="-34.913559">
    <ele>6.7</ele>
    <time>2019-09-24T23:51:56.000Z</time>
   </trkpt>
   <trkpt lat="-8.105195" lon="-34.913577">
    <ele>6.7</ele>
    <time>2019-09-24T23:51:57.000Z</time>
   </trkpt>
   <trkpt lat="-8.105233" lon="-34.913588">
    <ele>6.8</ele>
    <time>2019-09-24T23:51:58.000Z</time>
   </trkpt>
   <trkpt lat="-8.105261" lon="-34.9136">
    <ele>6.8</ele>
    <time>2019-09-24T23:51:59.000Z</time>
   </trkpt>
   <trkpt lat="-8.105292" lon="-34.913622">
    <ele>6.8</ele>
    <time>2019-09-24T23:52:00.000Z</time>
   </trkpt>
   <trkpt lat="-8.105322" lon="-34.913629">
    <ele>6.8</ele>
    <time>2019-09-24T23:52:01.000Z</time>
   </trkpt>
   <trkpt lat="-8.105357" lon="-34.913632">
    <ele>6.8</ele>
    <time>2019-09-24T23:52:02.000Z</time>
   </trkpt>
   <trkpt lat="-8.105389" lon="-34.913647">
    <ele>6.9</ele>
    <time>2019-09-24T23:52:03.000Z</time>
   </trkpt>
   <trkpt lat="-8.105422" lon="-34.913652">
    <ele>6.9</ele>
    <time>2019-09-24T23:52:04.000Z</time>
   </trkpt>
   <trkpt lat="-8.105461" lon="-34.913654">
    <ele>6.9</ele>
    <time>2019-09-24T23:52:05.000Z</time>
   </trkpt>
   <trkpt lat="-8.105495" lon="-34.913655">
    <ele>6.9</ele>
    <time>2019-09-24T23:52:06.000Z</time>
   </trkpt>
   <trkpt lat="-8.105537" lon="-34.913664">
    <ele>6.9</ele>
    <time>2019-09-24T23:52:07.000Z</time>
   </trkpt>
   <trkpt lat="-8.105573" lon="-34.913676">
    <ele>6.9</ele>
    <time>2019-09-24T23:52:08.000Z</time>
   </trkpt>
   <trkpt lat="-8.105604" lon="-34.913677">
    <ele>6.9</ele>
    <time>2019-09-24T23:52:09.000Z</time>
   </trkpt>
   <trkpt lat="-8.10564" lon="-34.913686">
    <ele>7</ele>
    <time>2019-09-24T23:52:10.000Z</time>
   </trkpt>
   <trkpt lat="-8.105678" lon="-34.9137">
    <ele>7</ele>
    <time>2019-09-24T23:52:11.000Z</time>
   </trkpt>
   <trkpt lat="-8.105713" lon="-34.913712">
    <ele>7</ele>
    <time>2019-09-24T23:52:12.000Z</time>
   </trkpt>
   <trkpt lat="-8.105758" lon="-34.913724">
    <ele>7</ele>
    <time>2019-09-24T23:52:13.000Z</time>
   </trkpt>
   <trkpt lat="-8.105797" lon="-34.91374">
    <ele>7</ele>
    <time>2019-09-24T23:52:14.000Z</time>
   </trkpt>
   <trkpt lat="-8.10583" lon="-34.913748">
    <ele>7</ele>
    <time>2019-09-24T23:52:15.000Z</time>
   </trkpt>
   <trkpt lat="-8.105858" lon="-34.913761">
    <ele>7</ele>
    <time>2019-09-24T23:52:16.000Z</time>
   </trkpt>
   <trkpt lat="-8.105902" lon="-34.913777">
    <ele>7</ele>
    <time>2019-09-24T23:52:17.000Z</time>
   </trkpt>
   <trkpt lat="-8.105935" lon="-34.913793">
    <ele>7</ele>
    <time>2019-09-24T23:52:18.000Z</time>
   </trkpt>
   <trkpt lat="-8.105968" lon="-34.913809">
    <ele>7</ele>
    <time>2019-09-24T23:52:19.000Z</time>
   </trkpt>
   <trkpt lat="-8.106005" lon="-34.913817">
    <ele>7</ele>
    <time>2019-09-24T23:52:20.000Z</time>
   </trkpt>
   <trkpt lat="-8.106041" lon="-34.913831">
    <ele>7</ele>
    <time>2019-09-24T23:52:21.000Z</time>
   </trkpt>
   <trkpt lat="-8.106068" lon="-34.913848">
    <ele>7</ele>
    <time>2019-09-24T23:52:22.000Z</time>
   </trkpt>
   <trkpt lat="-8.106096" lon="-34.913877">
    <ele>7</ele>
    <time>2019-09-24T23:52:23.000Z</time>
   </trkpt>
   <trkpt lat="-8.106125" lon="-34.913907">
    <ele>7</ele>
    <time>2019-09-24T23:52:24.000Z</time>
   </trkpt>
   <trkpt lat="-8.106149" lon="-34.913937">
    <ele>7</ele>
    <time>2019-09-24T23:52:25.000Z</time>
   </trkpt>
   <trkpt lat="-8.106173" lon="-34.913969">
    <ele>7</ele>
    <time>2019-09-24T23:52:26.000Z</time>
   </trkpt>
   <trkpt lat="-8.1062" lon="-34.914002">
    <ele>7.3</ele>
    <time>2019-09-24T23:52:27.000Z</time>
   </trkpt>
   <trkpt lat="-8.106227" lon="-34.914028">
    <ele>7.4</ele>
    <time>2019-09-24T23:52:28.000Z</time>
   </trkpt>
   <trkpt lat="-8.10625" lon="-34.914055">
    <ele>7.6</ele>
    <time>2019-09-24T23:52:29.000Z</time>
   </trkpt>
   <trkpt lat="-8.106276" lon="-34.914082">
    <ele>7.8</ele>
    <time>2019-09-24T23:52:30.000Z</time>
   </trkpt>
   <trkpt lat="-8.106299" lon="-34.914108">
    <ele>8.1</ele>
    <time>2019-09-24T23:52:31.000Z</time>
   </trkpt>
   <trkpt lat="-8.106329" lon="-34.914141">
    <ele>8.4</ele>
    <time>2019-09-24T23:52:32.000Z</time>
   </trkpt>
   <trkpt lat="-8.106377" lon="-34.914183">
    <ele>8.8</ele>
    <time>2019-09-24T23:52:34.000Z</time>
   </trkpt>
   <trkpt lat="-8.106406" lon="-34.914203">
    <ele>9.1</ele>
    <time>2019-09-24T23:52:35.000Z</time>
   </trkpt>
   <trkpt lat="-8.106429" lon="-34.914223">
    <ele>9.3</ele>
    <time>2019-09-24T23:52:36.000Z</time>
   </trkpt>
   <trkpt lat="-8.106456" lon="-34.914245">
    <ele>9.6</ele>
    <time>2019-09-24T23:52:37.000Z</time>
   </trkpt>
   <trkpt lat="-8.106488" lon="-34.914264">
    <ele>9.9</ele>
    <time>2019-09-24T23:52:38.000Z</time>
   </trkpt>
   <trkpt lat="-8.106511" lon="-34.914286">
    <ele>10.1</ele>
    <time>2019-09-24T23:52:39.000Z</time>
   </trkpt>
   <trkpt lat="-8.106536" lon="-34.914312">
    <ele>10.4</ele>
    <time>2019-09-24T23:52:40.000Z</time>
   </trkpt>
   <trkpt lat="-8.10656" lon="-34.914341">
    <ele>10.7</ele>
    <time>2019-09-24T23:52:41.000Z</time>
   </trkpt>
   <trkpt lat="-8.106586" lon="-34.914366">
    <ele>11</ele>
    <time>2019-09-24T23:52:42.000Z</time>
   </trkpt>
   <trkpt lat="-8.10662" lon="-34.914388">
    <ele>11.3</ele>
    <time>2019-09-24T23:52:43.000Z</time>
   </trkpt>
   <trkpt lat="-8.106641" lon="-34.91442">
    <ele>11.6</ele>
    <time>2019-09-24T23:52:44.000Z</time>
   </trkpt>
   <trkpt lat="-8.106669" lon="-34.914442">
    <ele>11.8</ele>
    <time>2019-09-24T23:52:45.000Z</time>
   </trkpt>
   <trkpt lat="-8.106692" lon="-34.914471">
    <ele>12.1</ele>
    <time>2019-09-24T23:52:46.000Z</time>
   </trkpt>
   <trkpt lat="-8.106713" lon="-34.914501">
    <ele>12.4</ele>
    <time>2019-09-24T23:52:47.000Z</time>
   </trkpt>
   <trkpt lat="-8.106736" lon="-34.914535">
    <ele>12.6</ele>
    <time>2019-09-24T23:52:48.000Z</time>
   </trkpt>
   <trkpt lat="-8.106767" lon="-34.914556">
    <ele>12.8</ele>
    <time>2019-09-24T23:52:49.000Z</time>
   </trkpt>
   <trkpt lat="-8.106791" lon="-34.914575">
    <ele>13</ele>
    <time>2019-09-24T23:52:50.000Z</time>
   </trkpt>
   <trkpt lat="-8.106809" lon="-34.914599">
    <ele>13.1</ele>
    <time>2019-09-24T23:52:51.000Z</time>
   </trkpt>
   <trkpt lat="-8.106828" lon="-34.914622">
    <ele>13.3</ele>
    <time>2019-09-24T23:52:52.000Z</time>
   </trkpt>
   <trkpt lat="-8.106844" lon="-34.914644">
    <ele>13.3</ele>
    <time>2019-09-24T23:52:53.000Z</time>
   </trkpt>
   <trkpt lat="-8.106875" lon="-34.914672">
    <ele>13.4</ele>
    <time>2019-09-24T23:52:54.000Z</time>
   </trkpt>
   <trkpt lat="-8.106892" lon="-34.9147">
    <ele>13.5</ele>
    <time>2019-09-24T23:52:55.000Z</time>
   </trkpt>
   <trkpt lat="-8.10692" lon="-34.914721">
    <ele>13.6</ele>
    <time>2019-09-24T23:52:56.000Z</time>
   </trkpt>
   <trkpt lat="-8.106958" lon="-34.914748">
    <ele>13.3</ele>
    <time>2019-09-24T23:52:57.000Z</time>
   </trkpt>
   <trkpt lat="-8.106985" lon="-34.914765">
    <ele>13.2</ele>
    <time>2019-09-24T23:52:58.000Z</time>
   </trkpt>
   <trkpt lat="-8.107029" lon="-34.914767">
    <ele>13.1</ele>
    <time>2019-09-24T23:52:59.000Z</time>
   </trkpt>
   <trkpt lat="-8.107062" lon="-34.914754">
    <ele>13</ele>
    <time>2019-09-24T23:53:00.000Z</time>
   </trkpt>
   <trkpt lat="-8.107076" lon="-34.914724">
    <ele>12.9</ele>
    <time>2019-09-24T23:53:01.000Z</time>
   </trkpt>
   <trkpt lat="-8.107088" lon="-34.914691">
    <ele>12.8</ele>
    <time>2019-09-24T23:53:02.000Z</time>
   </trkpt>
   <trkpt lat="-8.107096" lon="-34.914654">
    <ele>12.7</ele>
    <time>2019-09-24T23:53:03.000Z</time>
   </trkpt>
   <trkpt lat="-8.1071" lon="-34.914608">
    <ele>12.2</ele>
    <time>2019-09-24T23:53:04.000Z</time>
   </trkpt>
   <trkpt lat="-8.10711" lon="-34.914568">
    <ele>11.8</ele>
    <time>2019-09-24T23:53:05.000Z</time>
   </trkpt>
   <trkpt lat="-8.107121" lon="-34.914524">
    <ele>11.4</ele>
    <time>2019-09-24T23:53:06.000Z</time>
   </trkpt>
   <trkpt lat="-8.107126" lon="-34.914485">
    <ele>11.1</ele>
    <time>2019-09-24T23:53:07.000Z</time>
   </trkpt>
   <trkpt lat="-8.107129" lon="-34.914446">
    <ele>10.8</ele>
    <time>2019-09-24T23:53:08.000Z</time>
   </trkpt>
   <trkpt lat="-8.107135" lon="-34.914404">
    <ele>10.4</ele>
    <time>2019-09-24T23:53:09.000Z</time>
   </trkpt>
   <trkpt lat="-8.107136" lon="-34.914364">
    <ele>10.1</ele>
    <time>2019-09-24T23:53:10.000Z</time>
   </trkpt>
   <trkpt lat="-8.107137" lon="-34.914327">
    <ele>9.8</ele>
    <time>2019-09-24T23:53:11.000Z</time>
   </trkpt>
   <trkpt lat="-8.107143" lon="-34.914281">
    <ele>9.5</ele>
    <time>2019-09-24T23:53:12.000Z</time>
   </trkpt>
   <trkpt lat="-8.107152" lon="-34.914241">
    <ele>9.2</ele>
    <time>2019-09-24T23:53:13.000Z</time>
   </trkpt>
   <trkpt lat="-8.107156" lon="-34.914201">
    <ele>8.9</ele>
    <time>2019-09-24T23:53:14.000Z</time>
   </trkpt>
   <trkpt lat="-8.107171" lon="-34.914148">
    <ele>8.5</ele>
    <time>2019-09-24T23:53:15.000Z</time>
   </trkpt>
   <trkpt lat="-8.107189" lon="-34.9141">
    <ele>8.2</ele>
    <time>2019-09-24T23:53:16.000Z</time>
   </trkpt>
   <trkpt lat="-8.107205" lon="-34.914058">
    <ele>7.7</ele>
    <time>2019-09-24T23:53:17.000Z</time>
   </trkpt>
   <trkpt lat="-8.107221" lon="-34.914018">
    <ele>7</ele>
    <time>2019-09-24T23:53:18.000Z</time>
   </trkpt>
   <trkpt lat="-8.107233" lon="-34.913972">
    <ele>6.9</ele>
    <time>2019-09-24T23:53:19.000Z</time>
   </trkpt>
   <trkpt lat="-8.107242" lon="-34.91394">
    <ele>6.9</ele>
    <time>2019-09-24T23:53:20.000Z</time>
   </trkpt>
   <trkpt lat="-8.107253" lon="-34.91389">
    <ele>6.8</ele>
    <time>2019-09-24T23:53:21.000Z</time>
   </trkpt>
   <trkpt lat="-8.10726" lon="-34.913845">
    <ele>6.8</ele>
    <time>2019-09-24T23:53:22.000Z</time>
   </trkpt>
   <trkpt lat="-8.107263" lon="-34.913805">
    <ele>6.7</ele>
    <time>2019-09-24T23:53:23.000Z</time>
   </trkpt>
   <trkpt lat="-8.107268" lon="-34.913763">
    <ele>6.7</ele>
    <time>2019-09-24T23:53:24.000Z</time>
   </trkpt>
   <trkpt lat="-8.107274" lon="-34.913723">
    <ele>6.7</ele>
    <time>2019-09-24T23:53:25.000Z</time>
   </trkpt>
   <trkpt lat="-8.107281" lon="-34.913679">
    <ele>6.6</ele>
    <time>2019-09-24T23:53:26.000Z</time>
   </trkpt>
   <trkpt lat="-8.10729" lon="-34.913638">
    <ele>6.6</ele>
    <time>2019-09-24T23:53:27.000Z</time>
   </trkpt>
   <trkpt lat="-8.1073" lon="-34.9136">
    <ele>6.6</ele>
    <time>2019-09-24T23:53:28.000Z</time>
   </trkpt>
   <trkpt lat="-8.107299" lon="-34.913566">
    <ele>6.5</ele>
    <time>2019-09-24T23:53:29.000Z</time>
   </trkpt>
   <trkpt lat="-8.107301" lon="-34.913521">
    <ele>6.5</ele>
    <time>2019-09-24T23:53:30.000Z</time>
   </trkpt>
   <trkpt lat="-8.107307" lon="-34.913482">
    <ele>6.4</ele>
    <time>2019-09-24T23:53:31.000Z</time>
   </trkpt>
   <trkpt lat="-8.107315" lon="-34.913444">
    <ele>6.4</ele>
    <time>2019-09-24T23:53:32.000Z</time>
   </trkpt>
   <trkpt lat="-8.107325" lon="-34.91341">
    <ele>6.3</ele>
    <time>2019-09-24T23:53:33.000Z</time>
   </trkpt>
   <trkpt lat="-8.107332" lon="-34.913373">
    <ele>6.3</ele>
    <time>2019-09-24T23:53:34.000Z</time>
   </trkpt>
   <trkpt lat="-8.107342" lon="-34.913342">
    <ele>6.2</ele>
    <time>2019-09-24T23:53:35.000Z</time>
   </trkpt>
   <trkpt lat="-8.107347" lon="-34.913293">
    <ele>6.1</ele>
    <time>2019-09-24T23:53:37.000Z</time>
   </trkpt>
   <trkpt lat="-8.107357" lon="-34.91324">
    <ele>6.1</ele>
    <time>2019-09-24T23:53:39.000Z</time>
   </trkpt>
   <trkpt lat="-8.107358" lon="-34.913207">
    <ele>6</ele>
    <time>2019-09-24T23:53:40.000Z</time>
   </trkpt>
   <trkpt lat="-8.107362" lon="-34.913173">
    <ele>6.1</ele>
    <time>2019-09-24T23:53:41.000Z</time>
   </trkpt>
   <trkpt lat="-8.107371" lon="-34.91314">
    <ele>6.3</ele>
    <time>2019-09-24T23:53:42.000Z</time>
   </trkpt>
   <trkpt lat="-8.107375" lon="-34.913106">
    <ele>6.4</ele>
    <time>2019-09-24T23:53:43.000Z</time>
   </trkpt>
   <trkpt lat="-8.107382" lon="-34.913077">
    <ele>6.6</ele>
    <time>2019-09-24T23:53:44.000Z</time>
   </trkpt>
   <trkpt lat="-8.107389" lon="-34.913036">
    <ele>6.7</ele>
    <time>2019-09-24T23:53:45.000Z</time>
   </trkpt>
   <trkpt lat="-8.107384" lon="-34.912994">
    <ele>6.8</ele>
    <time>2019-09-24T23:53:46.000Z</time>
   </trkpt>
   <trkpt lat="-8.107387" lon="-34.912952">
    <ele>6.9</ele>
    <time>2019-09-24T23:53:47.000Z</time>
   </trkpt>
   <trkpt lat="-8.107394" lon="-34.912909">
    <ele>6.9</ele>
    <time>2019-09-24T23:53:48.000Z</time>
   </trkpt>
   <trkpt lat="-8.107395" lon="-34.912863">
    <ele>7</ele>
    <time>2019-09-24T23:53:49.000Z</time>
   </trkpt>
   <trkpt lat="-8.10741" lon="-34.912831">
    <ele>7</ele>
    <time>2019-09-24T23:53:50.000Z</time>
   </trkpt>
   <trkpt lat="-8.107423" lon="-34.912794">
    <ele>7</ele>
    <time>2019-09-24T23:53:51.000Z</time>
   </trkpt>
   <trkpt lat="-8.107434" lon="-34.912762">
    <ele>7</ele>
    <time>2019-09-24T23:53:52.000Z</time>
   </trkpt>
   <trkpt lat="-8.107452" lon="-34.912731">
    <ele>7</ele>
    <time>2019-09-24T23:53:53.000Z</time>
   </trkpt>
   <trkpt lat="-8.107476" lon="-34.912706">
    <ele>7</ele>
    <time>2019-09-24T23:53:54.000Z</time>
   </trkpt>
   <trkpt lat="-8.107481" lon="-34.912668">
    <ele>7</ele>
    <time>2019-09-24T23:53:55.000Z</time>
   </trkpt>
   <trkpt lat="-8.107491" lon="-34.912634">
    <ele>7</ele>
    <time>2019-09-24T23:53:56.000Z</time>
   </trkpt>
   <trkpt lat="-8.107496" lon="-34.912605">
    <ele>7</ele>
    <time>2019-09-24T23:53:57.000Z</time>
   </trkpt>
   <trkpt lat="-8.107501" lon="-34.912573">
    <ele>7</ele>
    <time>2019-09-24T23:53:58.000Z</time>
   </trkpt>
   <trkpt lat="-8.107505" lon="-34.91254">
    <ele>7</ele>
    <time>2019-09-24T23:53:59.000Z</time>
   </trkpt>
   <trkpt lat="-8.107523" lon="-34.912512">
    <ele>7</ele>
    <time>2019-09-24T23:54:00.000Z</time>
   </trkpt>
   <trkpt lat="-8.10755" lon="-34.912494">
    <ele>7</ele>
    <time>2019-09-24T23:54:01.000Z</time>
   </trkpt>
   <trkpt lat="-8.107586" lon="-34.912504">
    <ele>7.3</ele>
    <time>2019-09-24T23:54:02.000Z</time>
   </trkpt>
   <trkpt lat="-8.107628" lon="-34.912511">
    <ele>7.6</ele>
    <time>2019-09-24T23:54:03.000Z</time>
   </trkpt>
   <trkpt lat="-8.107664" lon="-34.912518">
    <ele>7.8</ele>
    <time>2019-09-24T23:54:04.000Z</time>
   </trkpt>
   <trkpt lat="-8.107708" lon="-34.91253">
    <ele>8.1</ele>
    <time>2019-09-24T23:54:05.000Z</time>
   </trkpt>
   <trkpt lat="-8.107744" lon="-34.912536">
    <ele>8.2</ele>
    <time>2019-09-24T23:54:06.000Z</time>
   </trkpt>
   <trkpt lat="-8.107772" lon="-34.912537">
    <ele>8.3</ele>
    <time>2019-09-24T23:54:07.000Z</time>
   </trkpt>
   <trkpt lat="-8.107806" lon="-34.91254">
    <ele>8.5</ele>
    <time>2019-09-24T23:54:08.000Z</time>
   </trkpt>
   <trkpt lat="-8.107853" lon="-34.91254">
    <ele>8.8</ele>
    <time>2019-09-24T23:54:09.000Z</time>
   </trkpt>
   <trkpt lat="-8.107886" lon="-34.912541">
    <ele>9</ele>
    <time>2019-09-24T23:54:10.000Z</time>
   </trkpt>
   <trkpt lat="-8.107917" lon="-34.912551">
    <ele>9.1</ele>
    <time>2019-09-24T23:54:11.000Z</time>
   </trkpt>
   <trkpt lat="-8.107951" lon="-34.912557">
    <ele>9</ele>
    <time>2019-09-24T23:54:12.000Z</time>
   </trkpt>
   <trkpt lat="-8.107983" lon="-34.912555">
    <ele>9</ele>
    <time>2019-09-24T23:54:13.000Z</time>
   </trkpt>
   <trkpt lat="-8.108017" lon="-34.912559">
    <ele>8.9</ele>
    <time>2019-09-24T23:54:14.000Z</time>
   </trkpt>
   <trkpt lat="-8.108053" lon="-34.912572">
    <ele>8.8</ele>
    <time>2019-09-24T23:54:15.000Z</time>
   </trkpt>
   <trkpt lat="-8.108093" lon="-34.912589">
    <ele>8.7</ele>
    <time>2019-09-24T23:54:16.000Z</time>
   </trkpt>
   <trkpt lat="-8.108131" lon="-34.912601">
    <ele>8.7</ele>
    <time>2019-09-24T23:54:17.000Z</time>
   </trkpt>
   <trkpt lat="-8.108168" lon="-34.912612">
    <ele>8.7</ele>
    <time>2019-09-24T23:54:18.000Z</time>
   </trkpt>
   <trkpt lat="-8.108206" lon="-34.912616">
    <ele>8.7</ele>
    <time>2019-09-24T23:54:19.000Z</time>
   </trkpt>
   <trkpt lat="-8.108246" lon="-34.912628">
    <ele>8.8</ele>
    <time>2019-09-24T23:54:20.000Z</time>
   </trkpt>
   <trkpt lat="-8.108283" lon="-34.912634">
    <ele>8.6</ele>
    <time>2019-09-24T23:54:21.000Z</time>
   </trkpt>
   <trkpt lat="-8.108332" lon="-34.912637">
    <ele>8.4</ele>
    <time>2019-09-24T23:54:22.000Z</time>
   </trkpt>
   <trkpt lat="-8.108369" lon="-34.912647">
    <ele>8.3</ele>
    <time>2019-09-24T23:54:23.000Z</time>
   </trkpt>
   <trkpt lat="-8.108407" lon="-34.912661">
    <ele>8.3</ele>
    <time>2019-09-24T23:54:24.000Z</time>
   </trkpt>
   <trkpt lat="-8.108444" lon="-34.912669">
    <ele>8.1</ele>
    <time>2019-09-24T23:54:25.000Z</time>
   </trkpt>
   <trkpt lat="-8.108475" lon="-34.91267">
    <ele>8</ele>
    <time>2019-09-24T23:54:26.000Z</time>
   </trkpt>
   <trkpt lat="-8.108517" lon="-34.912678">
    <ele>7.9</ele>
    <time>2019-09-24T23:54:28.000Z</time>
   </trkpt>
   <trkpt lat="-8.108549" lon="-34.912694">
    <ele>7.7</ele>
    <time>2019-09-24T23:54:30.000Z</time>
   </trkpt>
   <trkpt lat="-8.10856" lon="-34.912668">
    <ele>7.6</ele>
    <time>2019-09-24T23:54:35.000Z</time>
   </trkpt>
   <trkpt lat="-8.108605" lon="-34.912665">
    <ele>7.4</ele>
    <time>2019-09-24T23:55:02.000Z</time>
   </trkpt>
   <trkpt lat="-8.108635" lon="-34.91267">
    <ele>7.2</ele>
    <time>2019-09-24T23:55:03.000Z</time>
   </trkpt>
   <trkpt lat="-8.108665" lon="-34.912691">
    <ele>7</ele>
    <time>2019-09-24T23:55:04.000Z</time>
   </trkpt>
   <trkpt lat="-8.108698" lon="-34.91269">
    <ele>6.8</ele>
    <time>2019-09-24T23:55:05.000Z</time>
   </trkpt>
   <trkpt lat="-8.108731" lon="-34.912698">
    <ele>6.8</ele>
    <time>2019-09-24T23:55:06.000Z</time>
   </trkpt>
   <trkpt lat="-8.108763" lon="-34.912706">
    <ele>6.7</ele>
    <time>2019-09-24T23:55:07.000Z</time>
   </trkpt>
   <trkpt lat="-8.108797" lon="-34.912717">
    <ele>6.6</ele>
    <time>2019-09-24T23:55:08.000Z</time>
   </trkpt>
   <trkpt lat="-8.108837" lon="-34.912733">
    <ele>6.6</ele>
    <time>2019-09-24T23:55:09.000Z</time>
   </trkpt>
   <trkpt lat="-8.10887" lon="-34.912731">
    <ele>6.5</ele>
    <time>2019-09-24T23:55:10.000Z</time>
   </trkpt>
   <trkpt lat="-8.108906" lon="-34.912731">
    <ele>6.5</ele>
    <time>2019-09-24T23:55:11.000Z</time>
   </trkpt>
   <trkpt lat="-8.108937" lon="-34.912738">
    <ele>6.4</ele>
    <time>2019-09-24T23:55:12.000Z</time>
   </trkpt>
   <trkpt lat="-8.108973" lon="-34.912737">
    <ele>6.4</ele>
    <time>2019-09-24T23:55:13.000Z</time>
   </trkpt>
   <trkpt lat="-8.109013" lon="-34.912744">
    <ele>6.3</ele>
    <time>2019-09-24T23:55:14.000Z</time>
   </trkpt>
   <trkpt lat="-8.109052" lon="-34.912747">
    <ele>6.3</ele>
    <time>2019-09-24T23:55:15.000Z</time>
   </trkpt>
   <trkpt lat="-8.109093" lon="-34.912749">
    <ele>6.2</ele>
    <time>2019-09-24T23:55:16.000Z</time>
   </trkpt>
   <trkpt lat="-8.109131" lon="-34.912754">
    <ele>6.2</ele>
    <time>2019-09-24T23:55:17.000Z</time>
   </trkpt>
   <trkpt lat="-8.109175" lon="-34.912765">
    <ele>6.1</ele>
    <time>2019-09-24T23:55:18.000Z</time>
   </trkpt>
   <trkpt lat="-8.109219" lon="-34.912784">
    <ele>6.1</ele>
    <time>2019-09-24T23:55:19.000Z</time>
   </trkpt>
   <trkpt lat="-8.109254" lon="-34.912785">
    <ele>6.1</ele>
    <time>2019-09-24T23:55:20.000Z</time>
   </trkpt>
   <trkpt lat="-8.109283" lon="-34.912794">
    <ele>6.1</ele>
    <time>2019-09-24T23:55:21.000Z</time>
   </trkpt>
   <trkpt lat="-8.109317" lon="-34.9128">
    <ele>6.1</ele>
    <time>2019-09-24T23:55:22.000Z</time>
   </trkpt>
   <trkpt lat="-8.109355" lon="-34.912806">
    <ele>6.1</ele>
    <time>2019-09-24T23:55:23.000Z</time>
   </trkpt>
   <trkpt lat="-8.109401" lon="-34.912801">
    <ele>6.1</ele>
    <time>2019-09-24T23:55:24.000Z</time>
   </trkpt>
   <trkpt lat="-8.109443" lon="-34.912806">
    <ele>6</ele>
    <time>2019-09-24T23:55:25.000Z</time>
   </trkpt>
   <trkpt lat="-8.109479" lon="-34.912812">
    <ele>6</ele>
    <time>2019-09-24T23:55:26.000Z</time>
   </trkpt>
   <trkpt lat="-8.109521" lon="-34.91282">
    <ele>6</ele>
    <time>2019-09-24T23:55:27.000Z</time>
   </trkpt>
   <trkpt lat="-8.109549" lon="-34.912828">
    <ele>6</ele>
    <time>2019-09-24T23:55:28.000Z</time>
   </trkpt>
   <trkpt lat="-8.109579" lon="-34.912828">
    <ele>6</ele>
    <time>2019-09-24T23:55:29.000Z</time>
   </trkpt>
   <trkpt lat="-8.109622" lon="-34.912848">
    <ele>6</ele>
    <time>2019-09-24T23:55:31.000Z</time>
   </trkpt>
   <trkpt lat="-8.109662" lon="-34.912858">
    <ele>6</ele>
    <time>2019-09-24T23:55:33.000Z</time>
   </trkpt>
   <trkpt lat="-8.10969" lon="-34.912853">
    <ele>6</ele>
    <time>2019-09-24T23:55:35.000Z</time>
   </trkpt>
   <trkpt lat="-8.109709" lon="-34.912832">
    <ele>6</ele>
    <time>2019-09-24T23:56:07.000Z</time>
   </trkpt>
   <trkpt lat="-8.109737" lon="-34.912848">
    <ele>6</ele>
    <time>2019-09-24T23:56:09.000Z</time>
   </trkpt>
   <trkpt lat="-8.109775" lon="-34.912861">
    <ele>6</ele>
    <time>2019-09-24T23:56:11.000Z</time>
   </trkpt>
   <trkpt lat="-8.109821" lon="-34.912863">
    <ele>6</ele>
    <time>2019-09-24T23:56:13.000Z</time>
   </trkpt>
   <trkpt lat="-8.109856" lon="-34.912824">
    <ele>6</ele>
    <time>2019-09-24T23:56:15.000Z</time>
   </trkpt>
   <trkpt lat="-8.109872" lon="-34.912776">
    <ele>6</ele>
    <time>2019-09-24T23:56:17.000Z</time>
   </trkpt>
   <trkpt lat="-8.109884" lon="-34.912729">
    <ele>6</ele>
    <time>2019-09-24T23:56:19.000Z</time>
   </trkpt>
   <trkpt lat="-8.109904" lon="-34.912683">
    <ele>6.1</ele>
    <time>2019-09-24T23:56:21.000Z</time>
   </trkpt>
   <trkpt lat="-8.109912" lon="-34.912641">
    <ele>6.1</ele>
    <time>2019-09-24T23:56:23.000Z</time>
   </trkpt>
   <trkpt lat="-8.109918" lon="-34.912604">
    <ele>6.1</ele>
    <time>2019-09-24T23:56:25.000Z</time>
   </trkpt>
   <trkpt lat="-8.109935" lon="-34.912568">
    <ele>6.2</ele>
    <time>2019-09-24T23:56:27.000Z</time>
   </trkpt>
   <trkpt lat="-8.109936" lon="-34.912533">
    <ele>6.2</ele>
    <time>2019-09-24T23:56:30.000Z</time>
   </trkpt>
   <trkpt lat="-8.10992" lon="-34.912507">
    <ele>6.3</ele>
    <time>2019-09-24T23:56:39.000Z</time>
   </trkpt>
   <trkpt lat="-8.10994" lon="-34.912481">
    <ele>6.4</ele>
    <time>2019-09-24T23:56:57.000Z</time>
   </trkpt>
   <trkpt lat="-8.109939" lon="-34.912447">
    <ele>6.5</ele>
    <time>2019-09-24T23:56:59.000Z</time>
   </trkpt>
   <trkpt lat="-8.10994" lon="-34.912394">
    <ele>6.7</ele>
    <time>2019-09-24T23:57:01.000Z</time>
   </trkpt>
   <trkpt lat="-8.109943" lon="-34.912356">
    <ele>6.9</ele>
    <time>2019-09-24T23:57:03.000Z</time>
   </trkpt>
   <trkpt lat="-8.109941" lon="-34.912322">
    <ele>7</ele>
    <time>2019-09-24T23:57:05.000Z</time>
   </trkpt>
   <trkpt lat="-8.109963" lon="-34.912294">
    <ele>7.2</ele>
    <time>2019-09-24T23:57:18.000Z</time>
   </trkpt>
   <trkpt lat="-8.109992" lon="-34.912269">
    <ele>7.4</ele>
    <time>2019-09-24T23:57:20.000Z</time>
   </trkpt>
   <trkpt lat="-8.110032" lon="-34.912223">
    <ele>7.8</ele>
    <time>2019-09-24T23:57:21.000Z</time>
   </trkpt>
   <trkpt lat="-8.110064" lon="-34.912184">
    <ele>8.4</ele>
    <time>2019-09-24T23:57:22.000Z</time>
   </trkpt>
   <trkpt lat="-8.110088" lon="-34.912147">
    <ele>8.7</ele>
    <time>2019-09-24T23:57:23.000Z</time>
   </trkpt>
   <trkpt lat="-8.110109" lon="-34.912104">
    <ele>9.1</ele>
    <time>2019-09-24T23:57:24.000Z</time>
   </trkpt>
   <trkpt lat="-8.110131" lon="-34.912069">
    <ele>9.4</ele>
    <time>2019-09-24T23:57:25.000Z</time>
   </trkpt>
   <trkpt lat="-8.110164" lon="-34.912043">
    <ele>9.7</ele>
    <time>2019-09-24T23:57:26.000Z</time>
   </trkpt>
   <trkpt lat="-8.110183" lon="-34.91201">
    <ele>10</ele>
    <time>2019-09-24T23:57:27.000Z</time>
   </trkpt>
   <trkpt lat="-8.110195" lon="-34.911974">
    <ele>9.5</ele>
    <time>2019-09-24T23:57:28.000Z</time>
   </trkpt>
   <trkpt lat="-8.110205" lon="-34.911938">
    <ele>9.2</ele>
    <time>2019-09-24T23:57:29.000Z</time>
   </trkpt>
   <trkpt lat="-8.110204" lon="-34.911899">
    <ele>8.9</ele>
    <time>2019-09-24T23:57:30.000Z</time>
   </trkpt>
   <trkpt lat="-8.110211" lon="-34.91186">
    <ele>8.6</ele>
    <time>2019-09-24T23:57:31.000Z</time>
   </trkpt>
   <trkpt lat="-8.110211" lon="-34.911819">
    <ele>8.4</ele>
    <time>2019-09-24T23:57:32.000Z</time>
   </trkpt>
   <trkpt lat="-8.110216" lon="-34.911782">
    <ele>8.3</ele>
    <time>2019-09-24T23:57:33.000Z</time>
   </trkpt>
   <trkpt lat="-8.110226" lon="-34.911748">
    <ele>8.1</ele>
    <time>2019-09-24T23:57:34.000Z</time>
   </trkpt>
   <trkpt lat="-8.110235" lon="-34.911707">
    <ele>7.9</ele>
    <time>2019-09-24T23:57:35.000Z</time>
   </trkpt>
   <trkpt lat="-8.110242" lon="-34.911664">
    <ele>7.7</ele>
    <time>2019-09-24T23:57:36.000Z</time>
   </trkpt>
   <trkpt lat="-8.110251" lon="-34.911626">
    <ele>7.5</ele>
    <time>2019-09-24T23:57:37.000Z</time>
   </trkpt>
   <trkpt lat="-8.110244" lon="-34.911586">
    <ele>7.3</ele>
    <time>2019-09-24T23:57:38.000Z</time>
   </trkpt>
   <trkpt lat="-8.110254" lon="-34.911553">
    <ele>7.1</ele>
    <time>2019-09-24T23:57:39.000Z</time>
   </trkpt>
   <trkpt lat="-8.110254" lon="-34.91151">
    <ele>6.9</ele>
    <time>2019-09-24T23:57:40.000Z</time>
   </trkpt>
   <trkpt lat="-8.110258" lon="-34.911465">
    <ele>6.6</ele>
    <time>2019-09-24T23:57:41.000Z</time>
   </trkpt>
   <trkpt lat="-8.110266" lon="-34.911425">
    <ele>6.4</ele>
    <time>2019-09-24T23:57:42.000Z</time>
   </trkpt>
   <trkpt lat="-8.11029" lon="-34.911389">
    <ele>6</ele>
    <time>2019-09-24T23:57:43.000Z</time>
   </trkpt>
   <trkpt lat="-8.11031" lon="-34.91136">
    <ele>6.1</ele>
    <time>2019-09-24T23:57:44.000Z</time>
   </trkpt>
   <trkpt lat="-8.110324" lon="-34.911326">
    <ele>6.3</ele>
    <time>2019-09-24T23:57:45.000Z</time>
   </trkpt>
   <trkpt lat="-8.110343" lon="-34.911285">
    <ele>6.5</ele>
    <time>2019-09-24T23:57:46.000Z</time>
   </trkpt>
   <trkpt lat="-8.110353" lon="-34.911248">
    <ele>6.6</ele>
    <time>2019-09-24T23:57:47.000Z</time>
   </trkpt>
   <trkpt lat="-8.110362" lon="-34.911205">
    <ele>6.7</ele>
    <time>2019-09-24T23:57:48.000Z</time>
   </trkpt>
   <trkpt lat="-8.11037" lon="-34.91116">
    <ele>6.8</ele>
    <time>2019-09-24T23:57:49.000Z</time>
   </trkpt>
   <trkpt lat="-8.110378" lon="-34.911115">
    <ele>6.9</ele>
    <time>2019-09-24T23:57:50.000Z</time>
   </trkpt>
   <trkpt lat="-8.110388" lon="-34.911076">
    <ele>7</ele>
    <time>2019-09-24T23:57:51.000Z</time>
   </trkpt>
   <trkpt lat="-8.110394" lon="-34.911034">
    <ele>7.2</ele>
    <time>2019-09-24T23:57:52.000Z</time>
   </trkpt>
   <trkpt lat="-8.110408" lon="-34.910989">
    <ele>7.3</ele>
    <time>2019-09-24T23:57:53.000Z</time>
   </trkpt>
   <trkpt lat="-8.110417" lon="-34.910944">
    <ele>7.4</ele>
    <time>2019-09-24T23:57:54.000Z</time>
   </trkpt>
   <trkpt lat="-8.110427" lon="-34.910901">
    <ele>7.5</ele>
    <time>2019-09-24T23:57:55.000Z</time>
   </trkpt>
   <trkpt lat="-8.110432" lon="-34.910856">
    <ele>7.6</ele>
    <time>2019-09-24T23:57:56.000Z</time>
   </trkpt>
   <trkpt lat="-8.110435" lon="-34.910804">
    <ele>7.7</ele>
    <time>2019-09-24T23:57:57.000Z</time>
   </trkpt>
   <trkpt lat="-8.110437" lon="-34.910767">
    <ele>7.8</ele>
    <time>2019-09-24T23:57:58.000Z</time>
   </trkpt>
   <trkpt lat="-8.110431" lon="-34.910715">
    <ele>7.9</ele>
    <time>2019-09-24T23:57:59.000Z</time>
   </trkpt>
   <trkpt lat="-8.110435" lon="-34.910662">
    <ele>8</ele>
    <time>2019-09-24T23:58:00.000Z</time>
   </trkpt>
   <trkpt lat="-8.110436" lon="-34.910625">
    <ele>8.2</ele>
    <time>2019-09-24T23:58:01.000Z</time>
   </trkpt>
   <trkpt lat="-8.110446" lon="-34.910584">
    <ele>8.4</ele>
    <time>2019-09-24T23:58:02.000Z</time>
   </trkpt>
   <trkpt lat="-8.110458" lon="-34.910543">
    <ele>8.6</ele>
    <time>2019-09-24T23:58:03.000Z</time>
   </trkpt>
   <trkpt lat="-8.110467" lon="-34.910505">
    <ele>8.8</ele>
    <time>2019-09-24T23:58:04.000Z</time>
   </trkpt>
   <trkpt lat="-8.110473" lon="-34.910445">
    <ele>9</ele>
    <time>2019-09-24T23:58:05.000Z</time>
   </trkpt>
   <trkpt lat="-8.110485" lon="-34.910403">
    <ele>9.2</ele>
    <time>2019-09-24T23:58:06.000Z</time>
   </trkpt>
   <trkpt lat="-8.110491" lon="-34.910369">
    <ele>9.3</ele>
    <time>2019-09-24T23:58:07.000Z</time>
   </trkpt>
   <trkpt lat="-8.110496" lon="-34.910326">
    <ele>9.4</ele>
    <time>2019-09-24T23:58:08.000Z</time>
   </trkpt>
   <trkpt lat="-8.110494" lon="-34.910275">
    <ele>9.4</ele>
    <time>2019-09-24T23:58:09.000Z</time>
   </trkpt>
   <trkpt lat="-8.110501" lon="-34.910229">
    <ele>9.5</ele>
    <time>2019-09-24T23:58:10.000Z</time>
   </trkpt>
   <trkpt lat="-8.110508" lon="-34.91019">
    <ele>9.6</ele>
    <time>2019-09-24T23:58:11.000Z</time>
   </trkpt>
   <trkpt lat="-8.11052" lon="-34.91015">
    <ele>9.7</ele>
    <time>2019-09-24T23:58:12.000Z</time>
   </trkpt>
   <trkpt lat="-8.110527" lon="-34.910111">
    <ele>9.8</ele>
    <time>2019-09-24T23:58:13.000Z</time>
   </trkpt>
   <trkpt lat="-8.110533" lon="-34.910069">
    <ele>9.9</ele>
    <time>2019-09-24T23:58:14.000Z</time>
   </trkpt>
   <trkpt lat="-8.110527" lon="-34.910025">
    <ele>9.9</ele>
    <time>2019-09-24T23:58:15.000Z</time>
   </trkpt>
   <trkpt lat="-8.110544" lon="-34.909985">
    <ele>9.7</ele>
    <time>2019-09-24T23:58:16.000Z</time>
   </trkpt>
   <trkpt lat="-8.110566" lon="-34.909957">
    <ele>9.5</ele>
    <time>2019-09-24T23:58:17.000Z</time>
   </trkpt>
   <trkpt lat="-8.110573" lon="-34.909918">
    <ele>9.3</ele>
    <time>2019-09-24T23:58:18.000Z</time>
   </trkpt>
   <trkpt lat="-8.110585" lon="-34.909871">
    <ele>9</ele>
    <time>2019-09-24T23:58:19.000Z</time>
   </trkpt>
   <trkpt lat="-8.110594" lon="-34.909832">
    <ele>8.8</ele>
    <time>2019-09-24T23:58:20.000Z</time>
   </trkpt>
   <trkpt lat="-8.1106" lon="-34.909795">
    <ele>8.6</ele>
    <time>2019-09-24T23:58:21.000Z</time>
   </trkpt>
   <trkpt lat="-8.110611" lon="-34.909757">
    <ele>8.4</ele>
    <time>2019-09-24T23:58:22.000Z</time>
   </trkpt>
   <trkpt lat="-8.110607" lon="-34.909721">
    <ele>8.2</ele>
    <time>2019-09-24T23:58:23.000Z</time>
   </trkpt>
   <trkpt lat="-8.110609" lon="-34.909681">
    <ele>8</ele>
    <time>2019-09-24T23:58:24.000Z</time>
   </trkpt>
   <trkpt lat="-8.110614" lon="-34.909644">
    <ele>7.8</ele>
    <time>2019-09-24T23:58:25.000Z</time>
   </trkpt>
   <trkpt lat="-8.110624" lon="-34.909599">
    <ele>7.5</ele>
    <time>2019-09-24T23:58:26.000Z</time>
   </trkpt>
   <trkpt lat="-8.110623" lon="-34.90955">
    <ele>7.2</ele>
    <time>2019-09-24T23:58:27.000Z</time>
   </trkpt>
   <trkpt lat="-8.110632" lon="-34.909516">
    <ele>7</ele>
    <time>2019-09-24T23:58:28.000Z</time>
   </trkpt>
   <trkpt lat="-8.110642" lon="-34.909479">
    <ele>6.8</ele>
    <time>2019-09-24T23:58:29.000Z</time>
   </trkpt>
   <trkpt lat="-8.11065" lon="-34.909441">
    <ele>6.4</ele>
    <time>2019-09-24T23:58:30.000Z</time>
   </trkpt>
   <trkpt lat="-8.11066" lon="-34.909405">
    <ele>6</ele>
    <time>2019-09-24T23:58:31.000Z</time>
   </trkpt>
   <trkpt lat="-8.110666" lon="-34.909362">
    <ele>6.2</ele>
    <time>2019-09-24T23:58:32.000Z</time>
   </trkpt>
   <trkpt lat="-8.110664" lon="-34.90932">
    <ele>6.4</ele>
    <time>2019-09-24T23:58:33.000Z</time>
   </trkpt>
   <trkpt lat="-8.110663" lon="-34.909268">
    <ele>6.7</ele>
    <time>2019-09-24T23:58:34.000Z</time>
   </trkpt>
   <trkpt lat="-8.11066" lon="-34.909227">
    <ele>6.9</ele>
    <time>2019-09-24T23:58:35.000Z</time>
   </trkpt>
   <trkpt lat="-8.110657" lon="-34.909188">
    <ele>7.2</ele>
    <time>2019-09-24T23:58:36.000Z</time>
   </trkpt>
   <trkpt lat="-8.110653" lon="-34.909143">
    <ele>7.4</ele>
    <time>2019-09-24T23:58:37.000Z</time>
   </trkpt>
   <trkpt lat="-8.110647" lon="-34.909094">
    <ele>7.7</ele>
    <time>2019-09-24T23:58:38.000Z</time>
   </trkpt>
   <trkpt lat="-8.110632" lon="-34.909041">
    <ele>8</ele>
    <time>2019-09-24T23:58:39.000Z</time>
   </trkpt>
   <trkpt lat="-8.11064" lon="-34.908995">
    <ele>8.1</ele>
    <time>2019-09-24T23:58:40.000Z</time>
   </trkpt>
   <trkpt lat="-8.110632" lon="-34.908961">
    <ele>8.2</ele>
    <time>2019-09-24T23:58:41.000Z</time>
   </trkpt>
   <trkpt lat="-8.110628" lon="-34.908931">
    <ele>8.2</ele>
    <time>2019-09-24T23:58:42.000Z</time>
   </trkpt>
   <trkpt lat="-8.110623" lon="-34.908893">
    <ele>8.3</ele>
    <time>2019-09-24T23:58:43.000Z</time>
   </trkpt>
   <trkpt lat="-8.110626" lon="-34.908857">
    <ele>8.4</ele>
    <time>2019-09-24T23:58:44.000Z</time>
   </trkpt>
   <trkpt lat="-8.110628" lon="-34.908816">
    <ele>8.5</ele>
    <time>2019-09-24T23:58:45.000Z</time>
   </trkpt>
   <trkpt lat="-8.110629" lon="-34.908777">
    <ele>8.5</ele>
    <time>2019-09-24T23:58:46.000Z</time>
   </trkpt>
   <trkpt lat="-8.110632" lon="-34.908734">
    <ele>8.6</ele>
    <time>2019-09-24T23:58:47.000Z</time>
   </trkpt>
   <trkpt lat="-8.110627" lon="-34.908686">
    <ele>8.7</ele>
    <time>2019-09-24T23:58:48.000Z</time>
   </trkpt>
   <trkpt lat="-8.110627" lon="-34.908635">
    <ele>8.8</ele>
    <time>2019-09-24T23:58:49.000Z</time>
   </trkpt>
   <trkpt lat="-8.110622" lon="-34.908593">
    <ele>8.8</ele>
    <time>2019-09-24T23:58:50.000Z</time>
   </trkpt>
   <trkpt lat="-8.110609" lon="-34.90855">
    <ele>8.8</ele>
    <time>2019-09-24T23:58:51.000Z</time>
   </trkpt>
   <trkpt lat="-8.110599" lon="-34.908506">
    <ele>8.8</ele>
    <time>2019-09-24T23:58:52.000Z</time>
   </trkpt>
   <trkpt lat="-8.110592" lon="-34.908458">
    <ele>8.9</ele>
    <time>2019-09-24T23:58:53.000Z</time>
   </trkpt>
   <trkpt lat="-8.11059" lon="-34.908413">
    <ele>8.9</ele>
    <time>2019-09-24T23:58:54.000Z</time>
   </trkpt>
   <trkpt lat="-8.110592" lon="-34.908365">
    <ele>8.9</ele>
    <time>2019-09-24T23:58:55.000Z</time>
   </trkpt>
   <trkpt lat="-8.110596" lon="-34.908321">
    <ele>9</ele>
    <time>2019-09-24T23:58:56.000Z</time>
   </trkpt>
   <trkpt lat="-8.110596" lon="-34.908278">
    <ele>9</ele>
    <time>2019-09-24T23:58:57.000Z</time>
   </trkpt>
   <trkpt lat="-8.110599" lon="-34.908234">
    <ele>9</ele>
    <time>2019-09-24T23:58:58.000Z</time>
   </trkpt>
   <trkpt lat="-8.110602" lon="-34.908191">
    <ele>8.9</ele>
    <time>2019-09-24T23:58:59.000Z</time>
   </trkpt>
   <trkpt lat="-8.110603" lon="-34.908146">
    <ele>8.9</ele>
    <time>2019-09-24T23:59:00.000Z</time>
   </trkpt>
   <trkpt lat="-8.110603" lon="-34.908104">
    <ele>8.8</ele>
    <time>2019-09-24T23:59:01.000Z</time>
   </trkpt>
   <trkpt lat="-8.110595" lon="-34.908061">
    <ele>8.8</ele>
    <time>2019-09-24T23:59:02.000Z</time>
   </trkpt>
   <trkpt lat="-8.110594" lon="-34.908025">
    <ele>8.7</ele>
    <time>2019-09-24T23:59:03.000Z</time>
   </trkpt>
   <trkpt lat="-8.110608" lon="-34.907964">
    <ele>8.7</ele>
    <time>2019-09-24T23:59:05.000Z</time>
   </trkpt>
   <trkpt lat="-8.110611" lon="-34.907921">
    <ele>8.6</ele>
    <time>2019-09-24T23:59:06.000Z</time>
   </trkpt>
   <trkpt lat="-8.110614" lon="-34.90788">
    <ele>8.5</ele>
    <time>2019-09-24T23:59:07.000Z</time>
   </trkpt>
   <trkpt lat="-8.110609" lon="-34.907844">
    <ele>8.4</ele>
    <time>2019-09-24T23:59:08.000Z</time>
   </trkpt>
   <trkpt lat="-8.110611" lon="-34.90781">
    <ele>8.4</ele>
    <time>2019-09-24T23:59:09.000Z</time>
   </trkpt>
   <trkpt lat="-8.110616" lon="-34.907758">
    <ele>8</ele>
    <time>2019-09-24T23:59:10.000Z</time>
   </trkpt>
   <trkpt lat="-8.110616" lon="-34.907708">
    <ele>8.2</ele>
    <time>2019-09-24T23:59:11.000Z</time>
   </trkpt>
   <trkpt lat="-8.110623" lon="-34.907668">
    <ele>8.4</ele>
    <time>2019-09-24T23:59:12.000Z</time>
   </trkpt>
   <trkpt lat="-8.110633" lon="-34.907628">
    <ele>8.5</ele>
    <time>2019-09-24T23:59:13.000Z</time>
   </trkpt>
   <trkpt lat="-8.110649" lon="-34.907596">
    <ele>8.7</ele>
    <time>2019-09-24T23:59:14.000Z</time>
   </trkpt>
   <trkpt lat="-8.110674" lon="-34.907572">
    <ele>8.8</ele>
    <time>2019-09-24T23:59:15.000Z</time>
   </trkpt>
   <trkpt lat="-8.110704" lon="-34.907548">
    <ele>9.1</ele>
    <time>2019-09-24T23:59:16.000Z</time>
   </trkpt>
   <trkpt lat="-8.110741" lon="-34.907531">
    <ele>9.4</ele>
    <time>2019-09-24T23:59:17.000Z</time>
   </trkpt>
   <trkpt lat="-8.110779" lon="-34.907512">
    <ele>9.9</ele>
    <time>2019-09-24T23:59:18.000Z</time>
   </trkpt>
   <trkpt lat="-8.110819" lon="-34.907497">
    <ele>10.4</ele>
    <time>2019-09-24T23:59:19.000Z</time>
   </trkpt>
   <trkpt lat="-8.110863" lon="-34.907479">
    <ele>10.6</ele>
    <time>2019-09-24T23:59:20.000Z</time>
   </trkpt>
   <trkpt lat="-8.110903" lon="-34.907462">
    <ele>10.8</ele>
    <time>2019-09-24T23:59:21.000Z</time>
   </trkpt>
   <trkpt lat="-8.110935" lon="-34.907438">
    <ele>11</ele>
    <time>2019-09-24T23:59:22.000Z</time>
   </trkpt>
   <trkpt lat="-8.110978" lon="-34.907419">
    <ele>11.1</ele>
    <time>2019-09-24T23:59:23.000Z</time>
   </trkpt>
   <trkpt lat="-8.11101" lon="-34.907398">
    <ele>11.1</ele>
    <time>2019-09-24T23:59:24.000Z</time>
   </trkpt>
   <trkpt lat="-8.111047" lon="-34.907384">
    <ele>10.9</ele>
    <time>2019-09-24T23:59:25.000Z</time>
   </trkpt>
   <trkpt lat="-8.111071" lon="-34.907367">
    <ele>10.7</ele>
    <time>2019-09-24T23:59:26.000Z</time>
   </trkpt>
   <trkpt lat="-8.111101" lon="-34.90735">
    <ele>10.6</ele>
    <time>2019-09-24T23:59:27.000Z</time>
   </trkpt>
   <trkpt lat="-8.111131" lon="-34.90733">
    <ele>10.5</ele>
    <time>2019-09-24T23:59:28.000Z</time>
   </trkpt>
   <trkpt lat="-8.111168" lon="-34.907307">
    <ele>10.4</ele>
    <time>2019-09-24T23:59:29.000Z</time>
   </trkpt>
   <trkpt lat="-8.111198" lon="-34.907283">
    <ele>10.2</ele>
    <time>2019-09-24T23:59:30.000Z</time>
   </trkpt>
   <trkpt lat="-8.111238" lon="-34.907266">
    <ele>9.9</ele>
    <time>2019-09-24T23:59:31.000Z</time>
   </trkpt>
   <trkpt lat="-8.111273" lon="-34.907243">
    <ele>9.6</ele>
    <time>2019-09-24T23:59:32.000Z</time>
   </trkpt>
   <trkpt lat="-8.11131" lon="-34.90722">
    <ele>9.2</ele>
    <time>2019-09-24T23:59:33.000Z</time>
   </trkpt>
   <trkpt lat="-8.111343" lon="-34.907199">
    <ele>9</ele>
    <time>2019-09-24T23:59:34.000Z</time>
   </trkpt>
   <trkpt lat="-8.111377" lon="-34.90718">
    <ele>9</ele>
    <time>2019-09-24T23:59:35.000Z</time>
   </trkpt>
   <trkpt lat="-8.111409" lon="-34.907168">
    <ele>9</ele>
    <time>2019-09-24T23:59:36.000Z</time>
   </trkpt>
   <trkpt lat="-8.111442" lon="-34.90715">
    <ele>8.8</ele>
    <time>2019-09-24T23:59:37.000Z</time>
   </trkpt>
   <trkpt lat="-8.111477" lon="-34.907133">
    <ele>8.6</ele>
    <time>2019-09-24T23:59:38.000Z</time>
   </trkpt>
   <trkpt lat="-8.111515" lon="-34.90711">
    <ele>8.4</ele>
    <time>2019-09-24T23:59:39.000Z</time>
   </trkpt>
   <trkpt lat="-8.111549" lon="-34.907087">
    <ele>8.2</ele>
    <time>2019-09-24T23:59:40.000Z</time>
   </trkpt>
   <trkpt lat="-8.111597" lon="-34.90707">
    <ele>8.1</ele>
    <time>2019-09-24T23:59:41.000Z</time>
   </trkpt>
   <trkpt lat="-8.11164" lon="-34.907052">
    <ele>7.9</ele>
    <time>2019-09-24T23:59:42.000Z</time>
   </trkpt>
   <trkpt lat="-8.111674" lon="-34.907029">
    <ele>7.8</ele>
    <time>2019-09-24T23:59:43.000Z</time>
   </trkpt>
   <trkpt lat="-8.111707" lon="-34.907007">
    <ele>7.7</ele>
    <time>2019-09-24T23:59:44.000Z</time>
   </trkpt>
   <trkpt lat="-8.111733" lon="-34.906981">
    <ele>7.6</ele>
    <time>2019-09-24T23:59:45.000Z</time>
   </trkpt>
   <trkpt lat="-8.111756" lon="-34.906959">
    <ele>7.4</ele>
    <time>2019-09-24T23:59:46.000Z</time>
   </trkpt>
   <trkpt lat="-8.111779" lon="-34.906938">
    <ele>7.2</ele>
    <time>2019-09-24T23:59:47.000Z</time>
   </trkpt>
   <trkpt lat="-8.111802" lon="-34.906909">
    <ele>7.1</ele>
    <time>2019-09-24T23:59:48.000Z</time>
   </trkpt>
   <trkpt lat="-8.111832" lon="-34.906886">
    <ele>7</ele>
    <time>2019-09-24T23:59:49.000Z</time>
   </trkpt>
   <trkpt lat="-8.111866" lon="-34.906859">
    <ele>6.9</ele>
    <time>2019-09-24T23:59:50.000Z</time>
   </trkpt>
   <trkpt lat="-8.111894" lon="-34.906829">
    <ele>6.7</ele>
    <time>2019-09-24T23:59:51.000Z</time>
   </trkpt>
   <trkpt lat="-8.111928" lon="-34.906798">
    <ele>6.6</ele>
    <time>2019-09-24T23:59:52.000Z</time>
   </trkpt>
   <trkpt lat="-8.111961" lon="-34.90677">
    <ele>6.5</ele>
    <time>2019-09-24T23:59:53.000Z</time>
   </trkpt>
   <trkpt lat="-8.111996" lon="-34.90674">
    <ele>6.3</ele>
    <time>2019-09-24T23:59:54.000Z</time>
   </trkpt>
   <trkpt lat="-8.11203" lon="-34.906712">
    <ele>6</ele>
    <time>2019-09-24T23:59:55.000Z</time>
   </trkpt>
   <trkpt lat="-8.112066" lon="-34.906689">
    <ele>6</ele>
    <time>2019-09-24T23:59:56.000Z</time>
   </trkpt>
   <trkpt lat="-8.112096" lon="-34.906659">
    <ele>6</ele>
    <time>2019-09-24T23:59:57.000Z</time>
   </trkpt>
   <trkpt lat="-8.112121" lon="-34.906634">
    <ele>6</ele>
    <time>2019-09-24T23:59:58.000Z</time>
   </trkpt>
   <trkpt lat="-8.112147" lon="-34.906614">
    <ele>6</ele>
    <time>2019-09-24T23:59:59.000Z</time>
   </trkpt>
   <trkpt lat="-8.112166" lon="-34.906589">
    <ele>6</ele>
    <time>2019-09-25T00:00:00.000Z</time>
   </trkpt>
   <trkpt lat="-8.112187" lon="-34.906565">
    <ele>6</ele>
    <time>2019-09-25T00:00:01.000Z</time>
   </trkpt>
   <trkpt lat="-8.112208" lon="-34.906532">
    <ele>6</ele>
    <time>2019-09-25T00:00:02.000Z</time>
   </trkpt>
   <trkpt lat="-8.112227" lon="-34.906501">
    <ele>6</ele>
    <time>2019-09-25T00:00:03.000Z</time>
   </trkpt>
   <trkpt lat="-8.112248" lon="-34.906463">
    <ele>6</ele>
    <time>2019-09-25T00:00:04.000Z</time>
   </trkpt>
   <trkpt lat="-8.112271" lon="-34.906422">
    <ele>6</ele>
    <time>2019-09-25T00:00:05.000Z</time>
   </trkpt>
   <trkpt lat="-8.112292" lon="-34.906386">
    <ele>6</ele>
    <time>2019-09-25T00:00:06.000Z</time>
   </trkpt>
   <trkpt lat="-8.112314" lon="-34.906347">
    <ele>6</ele>
    <time>2019-09-25T00:00:07.000Z</time>
   </trkpt>
   <trkpt lat="-8.112338" lon="-34.906315">
    <ele>6</ele>
    <time>2019-09-25T00:00:08.000Z</time>
   </trkpt>
   <trkpt lat="-8.112365" lon="-34.90627">
    <ele>6</ele>
    <time>2019-09-25T00:00:09.000Z</time>
   </trkpt>
   <trkpt lat="-8.11238" lon="-34.906241">
    <ele>6</ele>
    <time>2019-09-25T00:00:10.000Z</time>
   </trkpt>
   <trkpt lat="-8.112401" lon="-34.906212">
    <ele>6.1</ele>
    <time>2019-09-25T00:00:11.000Z</time>
   </trkpt>
   <trkpt lat="-8.112429" lon="-34.906182">
    <ele>6.1</ele>
    <time>2019-09-25T00:00:12.000Z</time>
   </trkpt>
   <trkpt lat="-8.112439" lon="-34.906152">
    <ele>6.2</ele>
    <time>2019-09-25T00:00:13.000Z</time>
   </trkpt>
   <trkpt lat="-8.112456" lon="-34.906117">
    <ele>6.3</ele>
    <time>2019-09-25T00:00:14.000Z</time>
   </trkpt>
   <trkpt lat="-8.112483" lon="-34.906087">
    <ele>6.5</ele>
    <time>2019-09-25T00:00:15.000Z</time>
   </trkpt>
   <trkpt lat="-8.112509" lon="-34.906054">
    <ele>6.7</ele>
    <time>2019-09-25T00:00:16.000Z</time>
   </trkpt>
   <trkpt lat="-8.112529" lon="-34.906016">
    <ele>6.9</ele>
    <time>2019-09-25T00:00:17.000Z</time>
   </trkpt>
   <trkpt lat="-8.112555" lon="-34.905984">
    <ele>7.2</ele>
    <time>2019-09-25T00:00:18.000Z</time>
   </trkpt>
   <trkpt lat="-8.112575" lon="-34.905947">
    <ele>7.4</ele>
    <time>2019-09-25T00:00:19.000Z</time>
   </trkpt>
   <trkpt lat="-8.112595" lon="-34.905913">
    <ele>7.6</ele>
    <time>2019-09-25T00:00:20.000Z</time>
   </trkpt>
   <trkpt lat="-8.112618" lon="-34.905879">
    <ele>7.7</ele>
    <time>2019-09-25T00:00:21.000Z</time>
   </trkpt>
   <trkpt lat="-8.112637" lon="-34.905836">
    <ele>7.8</ele>
    <time>2019-09-25T00:00:22.000Z</time>
   </trkpt>
   <trkpt lat="-8.112651" lon="-34.905806">
    <ele>7.9</ele>
    <time>2019-09-25T00:00:23.000Z</time>
   </trkpt>
   <trkpt lat="-8.112673" lon="-34.905764">
    <ele>7.9</ele>
    <time>2019-09-25T00:00:24.000Z</time>
   </trkpt>
   <trkpt lat="-8.112693" lon="-34.905734">
    <ele>8</ele>
    <time>2019-09-25T00:00:25.000Z</time>
   </trkpt>
   <trkpt lat="-8.112716" lon="-34.905694">
    <ele>8</ele>
    <time>2019-09-25T00:00:26.000Z</time>
   </trkpt>
   <trkpt lat="-8.112742" lon="-34.905646">
    <ele>8</ele>
    <time>2019-09-25T00:00:27.000Z</time>
   </trkpt>
   <trkpt lat="-8.112772" lon="-34.905604">
    <ele>8</ele>
    <time>2019-09-25T00:00:28.000Z</time>
   </trkpt>
   <trkpt lat="-8.112789" lon="-34.90556">
    <ele>8</ele>
    <time>2019-09-25T00:00:29.000Z</time>
   </trkpt>
   <trkpt lat="-8.112815" lon="-34.905521">
    <ele>8.1</ele>
    <time>2019-09-25T00:00:30.000Z</time>
   </trkpt>
   <trkpt lat="-8.112826" lon="-34.905482">
    <ele>8.1</ele>
    <time>2019-09-25T00:00:31.000Z</time>
   </trkpt>
   <trkpt lat="-8.112847" lon="-34.905446">
    <ele>8.2</ele>
    <time>2019-09-25T00:00:32.000Z</time>
   </trkpt>
   <trkpt lat="-8.112865" lon="-34.905411">
    <ele>8.3</ele>
    <time>2019-09-25T00:00:33.000Z</time>
   </trkpt>
   <trkpt lat="-8.112887" lon="-34.905379">
    <ele>8.3</ele>
    <time>2019-09-25T00:00:34.000Z</time>
   </trkpt>
   <trkpt lat="-8.11291" lon="-34.905341">
    <ele>8.4</ele>
    <time>2019-09-25T00:00:35.000Z</time>
   </trkpt>
   <trkpt lat="-8.112936" lon="-34.905293">
    <ele>8.5</ele>
    <time>2019-09-25T00:00:36.000Z</time>
   </trkpt>
   <trkpt lat="-8.112958" lon="-34.905252">
    <ele>8.6</ele>
    <time>2019-09-25T00:00:37.000Z</time>
   </trkpt>
   <trkpt lat="-8.11298" lon="-34.905213">
    <ele>8.6</ele>
    <time>2019-09-25T00:00:38.000Z</time>
   </trkpt>
   <trkpt lat="-8.112997" lon="-34.90518">
    <ele>8.7</ele>
    <time>2019-09-25T00:00:39.000Z</time>
   </trkpt>
   <trkpt lat="-8.11303" lon="-34.905134">
    <ele>8.8</ele>
    <time>2019-09-25T00:00:40.000Z</time>
   </trkpt>
   <trkpt lat="-8.113053" lon="-34.905095">
    <ele>8.9</ele>
    <time>2019-09-25T00:00:41.000Z</time>
   </trkpt>
   <trkpt lat="-8.113066" lon="-34.905057">
    <ele>9</ele>
    <time>2019-09-25T00:00:42.000Z</time>
   </trkpt>
   <trkpt lat="-8.113084" lon="-34.905026">
    <ele>9</ele>
    <time>2019-09-25T00:00:43.000Z</time>
   </trkpt>
   <trkpt lat="-8.113104" lon="-34.904994">
    <ele>9</ele>
    <time>2019-09-25T00:00:44.000Z</time>
   </trkpt>
   <trkpt lat="-8.113128" lon="-34.904959">
    <ele>9</ele>
    <time>2019-09-25T00:00:45.000Z</time>
   </trkpt>
   <trkpt lat="-8.113151" lon="-34.904924">
    <ele>9</ele>
    <time>2019-09-25T00:00:46.000Z</time>
   </trkpt>
   <trkpt lat="-8.113171" lon="-34.904894">
    <ele>9</ele>
    <time>2019-09-25T00:00:47.000Z</time>
   </trkpt>
   <trkpt lat="-8.113188" lon="-34.904857">
    <ele>9</ele>
    <time>2019-09-25T00:00:48.000Z</time>
   </trkpt>
   <trkpt lat="-8.113206" lon="-34.904818">
    <ele>9</ele>
    <time>2019-09-25T00:00:49.000Z</time>
   </trkpt>
   <trkpt lat="-8.113219" lon="-34.904775">
    <ele>9</ele>
    <time>2019-09-25T00:00:50.000Z</time>
   </trkpt>
   <trkpt lat="-8.113238" lon="-34.904735">
    <ele>9</ele>
    <time>2019-09-25T00:00:51.000Z</time>
   </trkpt>
   <trkpt lat="-8.113259" lon="-34.904703">
    <ele>9</ele>
    <time>2019-09-25T00:00:52.000Z</time>
   </trkpt>
   <trkpt lat="-8.11328" lon="-34.904664">
    <ele>9</ele>
    <time>2019-09-25T00:00:53.000Z</time>
   </trkpt>
   <trkpt lat="-8.113296" lon="-34.904628">
    <ele>9.1</ele>
    <time>2019-09-25T00:00:54.000Z</time>
   </trkpt>
   <trkpt lat="-8.113312" lon="-34.904593">
    <ele>9.1</ele>
    <time>2019-09-25T00:00:55.000Z</time>
   </trkpt>
   <trkpt lat="-8.113335" lon="-34.904558">
    <ele>9.2</ele>
    <time>2019-09-25T00:00:56.000Z</time>
   </trkpt>
   <trkpt lat="-8.113355" lon="-34.90452">
    <ele>9.3</ele>
    <time>2019-09-25T00:00:57.000Z</time>
   </trkpt>
   <trkpt lat="-8.113374" lon="-34.904483">
    <ele>9.5</ele>
    <time>2019-09-25T00:00:58.000Z</time>
   </trkpt>
   <trkpt lat="-8.113392" lon="-34.904443">
    <ele>9.6</ele>
    <time>2019-09-25T00:00:59.000Z</time>
   </trkpt>
   <trkpt lat="-8.113418" lon="-34.90441">
    <ele>9.7</ele>
    <time>2019-09-25T00:01:00.000Z</time>
   </trkpt>
   <trkpt lat="-8.113446" lon="-34.904376">
    <ele>9.9</ele>
    <time>2019-09-25T00:01:01.000Z</time>
   </trkpt>
   <trkpt lat="-8.113474" lon="-34.904326">
    <ele>9.8</ele>
    <time>2019-09-25T00:01:02.000Z</time>
   </trkpt>
   <trkpt lat="-8.113494" lon="-34.904283">
    <ele>9.6</ele>
    <time>2019-09-25T00:01:03.000Z</time>
   </trkpt>
   <trkpt lat="-8.113514" lon="-34.904238">
    <ele>9.4</ele>
    <time>2019-09-25T00:01:04.000Z</time>
   </trkpt>
   <trkpt lat="-8.113532" lon="-34.904189">
    <ele>9.2</ele>
    <time>2019-09-25T00:01:05.000Z</time>
   </trkpt>
   <trkpt lat="-8.11356" lon="-34.904143">
    <ele>9</ele>
    <time>2019-09-25T00:01:06.000Z</time>
   </trkpt>
   <trkpt lat="-8.113592" lon="-34.904096">
    <ele>8.8</ele>
    <time>2019-09-25T00:01:07.000Z</time>
   </trkpt>
   <trkpt lat="-8.113617" lon="-34.904055">
    <ele>8.6</ele>
    <time>2019-09-25T00:01:08.000Z</time>
   </trkpt>
   <trkpt lat="-8.113637" lon="-34.904011">
    <ele>8.5</ele>
    <time>2019-09-25T00:01:09.000Z</time>
   </trkpt>
   <trkpt lat="-8.113661" lon="-34.903969">
    <ele>8.3</ele>
    <time>2019-09-25T00:01:10.000Z</time>
   </trkpt>
   <trkpt lat="-8.113685" lon="-34.903922">
    <ele>8.1</ele>
    <time>2019-09-25T00:01:11.000Z</time>
   </trkpt>
   <trkpt lat="-8.113705" lon="-34.903886">
    <ele>8</ele>
    <time>2019-09-25T00:01:12.000Z</time>
   </trkpt>
   <trkpt lat="-8.11372" lon="-34.903852">
    <ele>7.9</ele>
    <time>2019-09-25T00:01:13.000Z</time>
   </trkpt>
   <trkpt lat="-8.113735" lon="-34.903813">
    <ele>7.7</ele>
    <time>2019-09-25T00:01:14.000Z</time>
   </trkpt>
   <trkpt lat="-8.113749" lon="-34.903775">
    <ele>7.6</ele>
    <time>2019-09-25T00:01:15.000Z</time>
   </trkpt>
   <trkpt lat="-8.113769" lon="-34.903739">
    <ele>7.5</ele>
    <time>2019-09-25T00:01:16.000Z</time>
   </trkpt>
   <trkpt lat="-8.113788" lon="-34.903706">
    <ele>7.4</ele>
    <time>2019-09-25T00:01:17.000Z</time>
   </trkpt>
   <trkpt lat="-8.113811" lon="-34.903675">
    <ele>7.2</ele>
    <time>2019-09-25T00:01:18.000Z</time>
   </trkpt>
   <trkpt lat="-8.113832" lon="-34.903634">
    <ele>7.1</ele>
    <time>2019-09-25T00:01:19.000Z</time>
   </trkpt>
   <trkpt lat="-8.113859" lon="-34.903608">
    <ele>7</ele>
    <time>2019-09-25T00:01:20.000Z</time>
   </trkpt>
   <trkpt lat="-8.113887" lon="-34.903576">
    <ele>6.9</ele>
    <time>2019-09-25T00:01:21.000Z</time>
   </trkpt>
   <trkpt lat="-8.113909" lon="-34.903543">
    <ele>6.8</ele>
    <time>2019-09-25T00:01:22.000Z</time>
   </trkpt>
   <trkpt lat="-8.113931" lon="-34.903506">
    <ele>6.6</ele>
    <time>2019-09-25T00:01:23.000Z</time>
   </trkpt>
   <trkpt lat="-8.113956" lon="-34.903475">
    <ele>6.5</ele>
    <time>2019-09-25T00:01:24.000Z</time>
   </trkpt>
   <trkpt lat="-8.113971" lon="-34.90344">
    <ele>6.4</ele>
    <time>2019-09-25T00:01:25.000Z</time>
   </trkpt>
   <trkpt lat="-8.113983" lon="-34.903404">
    <ele>6.3</ele>
    <time>2019-09-25T00:01:26.000Z</time>
   </trkpt>
   <trkpt lat="-8.114001" lon="-34.903365">
    <ele>6.2</ele>
    <time>2019-09-25T00:01:27.000Z</time>
   </trkpt>
   <trkpt lat="-8.114012" lon="-34.903333">
    <ele>6.1</ele>
    <time>2019-09-25T00:01:28.000Z</time>
   </trkpt>
   <trkpt lat="-8.114022" lon="-34.903305">
    <ele>6</ele>
    <time>2019-09-25T00:01:29.000Z</time>
   </trkpt>
   <trkpt lat="-8.114039" lon="-34.903282">
    <ele>6</ele>
    <time>2019-09-25T00:01:30.000Z</time>
   </trkpt>
   <trkpt lat="-8.114059" lon="-34.903255">
    <ele>5.9</ele>
    <time>2019-09-25T00:01:31.000Z</time>
   </trkpt>
   <trkpt lat="-8.114083" lon="-34.90323">
    <ele>5.8</ele>
    <time>2019-09-25T00:01:32.000Z</time>
   </trkpt>
   <trkpt lat="-8.114101" lon="-34.903202">
    <ele>5.7</ele>
    <time>2019-09-25T00:01:33.000Z</time>
   </trkpt>
   <trkpt lat="-8.114124" lon="-34.903168">
    <ele>5.6</ele>
    <time>2019-09-25T00:01:34.000Z</time>
   </trkpt>
   <trkpt lat="-8.114143" lon="-34.903135">
    <ele>5.4</ele>
    <time>2019-09-25T00:01:35.000Z</time>
   </trkpt>
   <trkpt lat="-8.114163" lon="-34.903106">
    <ele>5.3</ele>
    <time>2019-09-25T00:01:36.000Z</time>
   </trkpt>
   <trkpt lat="-8.114178" lon="-34.90308">
    <ele>5.2</ele>
    <time>2019-09-25T00:01:37.000Z</time>
   </trkpt>
   <trkpt lat="-8.114189" lon="-34.903051">
    <ele>5.1</ele>
    <time>2019-09-25T00:01:38.000Z</time>
   </trkpt>
   <trkpt lat="-8.114222" lon="-34.903035">
    <ele>5</ele>
    <time>2019-09-25T00:01:39.000Z</time>
   </trkpt>
   <trkpt lat="-8.114258" lon="-34.902986">
    <ele>5</ele>
    <time>2019-09-25T00:01:41.000Z</time>
   </trkpt>
   <trkpt lat="-8.114277" lon="-34.902955">
    <ele>5</ele>
    <time>2019-09-25T00:01:42.000Z</time>
   </trkpt>
   <trkpt lat="-8.114294" lon="-34.902916">
    <ele>5</ele>
    <time>2019-09-25T00:01:43.000Z</time>
   </trkpt>
   <trkpt lat="-8.114315" lon="-34.902876">
    <ele>5.1</ele>
    <time>2019-09-25T00:01:44.000Z</time>
   </trkpt>
   <trkpt lat="-8.114328" lon="-34.902831">
    <ele>5.2</ele>
    <time>2019-09-25T00:01:45.000Z</time>
   </trkpt>
   <trkpt lat="-8.114345" lon="-34.902801">
    <ele>5.2</ele>
    <time>2019-09-25T00:01:46.000Z</time>
   </trkpt>
   <trkpt lat="-8.114369" lon="-34.90276">
    <ele>5.3</ele>
    <time>2019-09-25T00:01:47.000Z</time>
   </trkpt>
   <trkpt lat="-8.114395" lon="-34.902709">
    <ele>5.5</ele>
    <time>2019-09-25T00:01:48.000Z</time>
   </trkpt>
   <trkpt lat="-8.114409" lon="-34.902663">
    <ele>5.5</ele>
    <time>2019-09-25T00:01:49.000Z</time>
   </trkpt>
   <trkpt lat="-8.114432" lon="-34.902628">
    <ele>5.6</ele>
    <time>2019-09-25T00:01:50.000Z</time>
   </trkpt>
   <trkpt lat="-8.11445" lon="-34.90259">
    <ele>5.5</ele>
    <time>2019-09-25T00:01:51.000Z</time>
   </trkpt>
   <trkpt lat="-8.114465" lon="-34.902548">
    <ele>5.4</ele>
    <time>2019-09-25T00:01:52.000Z</time>
   </trkpt>
   <trkpt lat="-8.114481" lon="-34.902509">
    <ele>5.3</ele>
    <time>2019-09-25T00:01:53.000Z</time>
   </trkpt>
   <trkpt lat="-8.114494" lon="-34.90247">
    <ele>5.3</ele>
    <time>2019-09-25T00:01:54.000Z</time>
   </trkpt>
   <trkpt lat="-8.114505" lon="-34.902429">
    <ele>5.2</ele>
    <time>2019-09-25T00:01:55.000Z</time>
   </trkpt>
   <trkpt lat="-8.114518" lon="-34.902384">
    <ele>5.1</ele>
    <time>2019-09-25T00:01:56.000Z</time>
   </trkpt>
   <trkpt lat="-8.114546" lon="-34.902341">
    <ele>4.9</ele>
    <time>2019-09-25T00:01:57.000Z</time>
   </trkpt>
   <trkpt lat="-8.114561" lon="-34.902287">
    <ele>4.8</ele>
    <time>2019-09-25T00:01:58.000Z</time>
   </trkpt>
   <trkpt lat="-8.114579" lon="-34.902246">
    <ele>4.7</ele>
    <time>2019-09-25T00:01:59.000Z</time>
   </trkpt>
   <trkpt lat="-8.114599" lon="-34.902204">
    <ele>4.6</ele>
    <time>2019-09-25T00:02:00.000Z</time>
   </trkpt>
   <trkpt lat="-8.114621" lon="-34.902156">
    <ele>4.4</ele>
    <time>2019-09-25T00:02:01.000Z</time>
   </trkpt>
   <trkpt lat="-8.114626" lon="-34.902128">
    <ele>4.3</ele>
    <time>2019-09-25T00:02:02.000Z</time>
   </trkpt>
   <trkpt lat="-8.114655" lon="-34.902086">
    <ele>4.2</ele>
    <time>2019-09-25T00:02:03.000Z</time>
   </trkpt>
   <trkpt lat="-8.114677" lon="-34.90204">
    <ele>4.1</ele>
    <time>2019-09-25T00:02:04.000Z</time>
   </trkpt>
   <trkpt lat="-8.114704" lon="-34.901997">
    <ele>4</ele>
    <time>2019-09-25T00:02:05.000Z</time>
   </trkpt>
   <trkpt lat="-8.114718" lon="-34.901952">
    <ele>4</ele>
    <time>2019-09-25T00:02:06.000Z</time>
   </trkpt>
   <trkpt lat="-8.11473" lon="-34.901913">
    <ele>3.9</ele>
    <time>2019-09-25T00:02:07.000Z</time>
   </trkpt>
   <trkpt lat="-8.114749" lon="-34.901882">
    <ele>4.1</ele>
    <time>2019-09-25T00:02:08.000Z</time>
   </trkpt>
   <trkpt lat="-8.114754" lon="-34.901838">
    <ele>4.3</ele>
    <time>2019-09-25T00:02:09.000Z</time>
   </trkpt>
   <trkpt lat="-8.114791" lon="-34.901822">
    <ele>4.4</ele>
    <time>2019-09-25T00:02:10.000Z</time>
   </trkpt>
   <trkpt lat="-8.114796" lon="-34.90178">
    <ele>4.5</ele>
    <time>2019-09-25T00:02:11.000Z</time>
   </trkpt>
   <trkpt lat="-8.114798" lon="-34.901737">
    <ele>4.6</ele>
    <time>2019-09-25T00:02:12.000Z</time>
   </trkpt>
   <trkpt lat="-8.114793" lon="-34.901698">
    <ele>4.6</ele>
    <time>2019-09-25T00:02:13.000Z</time>
   </trkpt>
   <trkpt lat="-8.114802" lon="-34.901672">
    <ele>4.7</ele>
    <time>2019-09-25T00:02:14.000Z</time>
   </trkpt>
   <trkpt lat="-8.11482" lon="-34.901626">
    <ele>4.7</ele>
    <time>2019-09-25T00:02:15.000Z</time>
   </trkpt>
   <trkpt lat="-8.11486" lon="-34.901591">
    <ele>4.8</ele>
    <time>2019-09-25T00:02:16.000Z</time>
   </trkpt>
   <trkpt lat="-8.114875" lon="-34.901545">
    <ele>4.8</ele>
    <time>2019-09-25T00:02:17.000Z</time>
   </trkpt>
   <trkpt lat="-8.114897" lon="-34.901499">
    <ele>4.8</ele>
    <time>2019-09-25T00:02:18.000Z</time>
   </trkpt>
   <trkpt lat="-8.114918" lon="-34.901459">
    <ele>4.9</ele>
    <time>2019-09-25T00:02:19.000Z</time>
   </trkpt>
   <trkpt lat="-8.114941" lon="-34.901424">
    <ele>4.9</ele>
    <time>2019-09-25T00:02:20.000Z</time>
   </trkpt>
   <trkpt lat="-8.114958" lon="-34.901402">
    <ele>4.9</ele>
    <time>2019-09-25T00:02:21.000Z</time>
   </trkpt>
   <trkpt lat="-8.114997" lon="-34.901373">
    <ele>5</ele>
    <time>2019-09-25T00:02:22.000Z</time>
   </trkpt>
   <trkpt lat="-8.115028" lon="-34.901342">
    <ele>5.1</ele>
    <time>2019-09-25T00:02:23.000Z</time>
   </trkpt>
   <trkpt lat="-8.115047" lon="-34.901301">
    <ele>5.1</ele>
    <time>2019-09-25T00:02:24.000Z</time>
   </trkpt>
   <trkpt lat="-8.115057" lon="-34.90126">
    <ele>5.2</ele>
    <time>2019-09-25T00:02:25.000Z</time>
   </trkpt>
   <trkpt lat="-8.115077" lon="-34.901209">
    <ele>5.3</ele>
    <time>2019-09-25T00:02:26.000Z</time>
   </trkpt>
   <trkpt lat="-8.115102" lon="-34.901165">
    <ele>5.4</ele>
    <time>2019-09-25T00:02:27.000Z</time>
   </trkpt>
   <trkpt lat="-8.115117" lon="-34.90111">
    <ele>5.5</ele>
    <time>2019-09-25T00:02:28.000Z</time>
   </trkpt>
   <trkpt lat="-8.115124" lon="-34.901052">
    <ele>5.6</ele>
    <time>2019-09-25T00:02:29.000Z</time>
   </trkpt>
   <trkpt lat="-8.115142" lon="-34.901018">
    <ele>5.7</ele>
    <time>2019-09-25T00:02:30.000Z</time>
   </trkpt>
   <trkpt lat="-8.115182" lon="-34.900993">
    <ele>5.8</ele>
    <time>2019-09-25T00:02:31.000Z</time>
   </trkpt>
   <trkpt lat="-8.115211" lon="-34.900952">
    <ele>5.9</ele>
    <time>2019-09-25T00:02:32.000Z</time>
   </trkpt>
   <trkpt lat="-8.115246" lon="-34.900927">
    <ele>6</ele>
    <time>2019-09-25T00:02:33.000Z</time>
   </trkpt>
   <trkpt lat="-8.115277" lon="-34.900888">
    <ele>6.1</ele>
    <time>2019-09-25T00:02:34.000Z</time>
   </trkpt>
   <trkpt lat="-8.115303" lon="-34.900851">
    <ele>6.2</ele>
    <time>2019-09-25T00:02:35.000Z</time>
   </trkpt>
   <trkpt lat="-8.115336" lon="-34.900797">
    <ele>6.3</ele>
    <time>2019-09-25T00:02:36.000Z</time>
   </trkpt>
   <trkpt lat="-8.115364" lon="-34.900746">
    <ele>6.5</ele>
    <time>2019-09-25T00:02:37.000Z</time>
   </trkpt>
   <trkpt lat="-8.115392" lon="-34.900706">
    <ele>7.5</ele>
    <time>2019-09-25T00:02:38.000Z</time>
   </trkpt>
   <trkpt lat="-8.115413" lon="-34.90067">
    <ele>8.4</ele>
    <time>2019-09-25T00:02:39.000Z</time>
   </trkpt>
   <trkpt lat="-8.115421" lon="-34.90064">
    <ele>9</ele>
    <time>2019-09-25T00:02:40.000Z</time>
   </trkpt>
   <trkpt lat="-8.115425" lon="-34.900598">
    <ele>9.9</ele>
    <time>2019-09-25T00:02:42.000Z</time>
   </trkpt>
   <trkpt lat="-8.115429" lon="-34.90057">
    <ele>10.4</ele>
    <time>2019-09-25T00:02:43.000Z</time>
   </trkpt>
   <trkpt lat="-8.115441" lon="-34.900538">
    <ele>11.1</ele>
    <time>2019-09-25T00:02:49.000Z</time>
   </trkpt>
   <trkpt lat="-8.11546" lon="-34.900471">
    <ele>13.3</ele>
    <time>2019-09-25T00:03:25.000Z</time>
   </trkpt>
   <trkpt lat="-8.115469" lon="-34.900441">
    <ele>13.2</ele>
    <time>2019-09-25T00:03:26.000Z</time>
   </trkpt>
   <trkpt lat="-8.115477" lon="-34.900413">
    <ele>13.1</ele>
    <time>2019-09-25T00:03:27.000Z</time>
   </trkpt>
   <trkpt lat="-8.115482" lon="-34.900384">
    <ele>13</ele>
    <time>2019-09-25T00:03:28.000Z</time>
   </trkpt>
   <trkpt lat="-8.115499" lon="-34.90035">
    <ele>12.8</ele>
    <time>2019-09-25T00:03:29.000Z</time>
   </trkpt>
   <trkpt lat="-8.115521" lon="-34.900317">
    <ele>12.6</ele>
    <time>2019-09-25T00:03:30.000Z</time>
   </trkpt>
   <trkpt lat="-8.115539" lon="-34.900277">
    <ele>12.4</ele>
    <time>2019-09-25T00:03:31.000Z</time>
   </trkpt>
   <trkpt lat="-8.115561" lon="-34.900239">
    <ele>12.1</ele>
    <time>2019-09-25T00:03:32.000Z</time>
   </trkpt>
   <trkpt lat="-8.115578" lon="-34.900205">
    <ele>11.9</ele>
    <time>2019-09-25T00:03:33.000Z</time>
   </trkpt>
   <trkpt lat="-8.115596" lon="-34.900178">
    <ele>11.7</ele>
    <time>2019-09-25T00:03:34.000Z</time>
   </trkpt>
   <trkpt lat="-8.115618" lon="-34.900152">
    <ele>11.5</ele>
    <time>2019-09-25T00:03:35.000Z</time>
   </trkpt>
   <trkpt lat="-8.115631" lon="-34.900114">
    <ele>11.3</ele>
    <time>2019-09-25T00:03:36.000Z</time>
   </trkpt>
   <trkpt lat="-8.115646" lon="-34.90009">
    <ele>11.2</ele>
    <time>2019-09-25T00:03:37.000Z</time>
   </trkpt>
   <trkpt lat="-8.11566" lon="-34.90006">
    <ele>11</ele>
    <time>2019-09-25T00:03:38.000Z</time>
   </trkpt>
   <trkpt lat="-8.115674" lon="-34.900025">
    <ele>10.9</ele>
    <time>2019-09-25T00:03:39.000Z</time>
   </trkpt>
   <trkpt lat="-8.115671" lon="-34.899988">
    <ele>10.8</ele>
    <time>2019-09-25T00:03:40.000Z</time>
   </trkpt>
   <trkpt lat="-8.115673" lon="-34.899953">
    <ele>10.7</ele>
    <time>2019-09-25T00:03:41.000Z</time>
   </trkpt>
   <trkpt lat="-8.115671" lon="-34.899912">
    <ele>10.6</ele>
    <time>2019-09-25T00:03:42.000Z</time>
   </trkpt>
   <trkpt lat="-8.115668" lon="-34.899855">
    <ele>10.6</ele>
    <time>2019-09-25T00:03:43.000Z</time>
   </trkpt>
   <trkpt lat="-8.115687" lon="-34.899822">
    <ele>10.6</ele>
    <time>2019-09-25T00:03:44.000Z</time>
   </trkpt>
   <trkpt lat="-8.1157" lon="-34.899774">
    <ele>10.5</ele>
    <time>2019-09-25T00:03:45.000Z</time>
   </trkpt>
   <trkpt lat="-8.11572" lon="-34.899725">
    <ele>10.5</ele>
    <time>2019-09-25T00:03:46.000Z</time>
   </trkpt>
   <trkpt lat="-8.115736" lon="-34.899681">
    <ele>10.5</ele>
    <time>2019-09-25T00:03:47.000Z</time>
   </trkpt>
   <trkpt lat="-8.115746" lon="-34.899644">
    <ele>10.6</ele>
    <time>2019-09-25T00:03:48.000Z</time>
   </trkpt>
   <trkpt lat="-8.11578" lon="-34.899627">
    <ele>10.6</ele>
    <time>2019-09-25T00:03:49.000Z</time>
   </trkpt>
   <trkpt lat="-8.115809" lon="-34.899578">
    <ele>10.6</ele>
    <time>2019-09-25T00:03:50.000Z</time>
   </trkpt>
   <trkpt lat="-8.115851" lon="-34.89954">
    <ele>10.6</ele>
    <time>2019-09-25T00:03:51.000Z</time>
   </trkpt>
   <trkpt lat="-8.115894" lon="-34.899497">
    <ele>10.6</ele>
    <time>2019-09-25T00:03:52.000Z</time>
   </trkpt>
   <trkpt lat="-8.115934" lon="-34.89945">
    <ele>10.6</ele>
    <time>2019-09-25T00:03:53.000Z</time>
   </trkpt>
   <trkpt lat="-8.115972" lon="-34.899405">
    <ele>10.6</ele>
    <time>2019-09-25T00:03:54.000Z</time>
   </trkpt>
   <trkpt lat="-8.115999" lon="-34.899357">
    <ele>10.6</ele>
    <time>2019-09-25T00:03:55.000Z</time>
   </trkpt>
   <trkpt lat="-8.116034" lon="-34.899324">
    <ele>10.6</ele>
    <time>2019-09-25T00:03:56.000Z</time>
   </trkpt>
   <trkpt lat="-8.116061" lon="-34.89928">
    <ele>10.6</ele>
    <time>2019-09-25T00:03:57.000Z</time>
   </trkpt>
   <trkpt lat="-8.116084" lon="-34.899239">
    <ele>10.6</ele>
    <time>2019-09-25T00:03:58.000Z</time>
   </trkpt>
   <trkpt lat="-8.1161" lon="-34.8992">
    <ele>10.6</ele>
    <time>2019-09-25T00:03:59.000Z</time>
   </trkpt>
   <trkpt lat="-8.116121" lon="-34.89916">
    <ele>10.6</ele>
    <time>2019-09-25T00:04:00.000Z</time>
   </trkpt>
   <trkpt lat="-8.11614" lon="-34.899118">
    <ele>10.7</ele>
    <time>2019-09-25T00:04:01.000Z</time>
   </trkpt>
   <trkpt lat="-8.116161" lon="-34.899074">
    <ele>10.7</ele>
    <time>2019-09-25T00:04:02.000Z</time>
   </trkpt>
   <trkpt lat="-8.11617" lon="-34.899032">
    <ele>10.7</ele>
    <time>2019-09-25T00:04:03.000Z</time>
   </trkpt>
   <trkpt lat="-8.116192" lon="-34.898992">
    <ele>10.7</ele>
    <time>2019-09-25T00:04:04.000Z</time>
   </trkpt>
   <trkpt lat="-8.11621" lon="-34.898951">
    <ele>10.7</ele>
    <time>2019-09-25T00:04:05.000Z</time>
   </trkpt>
   <trkpt lat="-8.11624" lon="-34.898925">
    <ele>10.7</ele>
    <time>2019-09-25T00:04:06.000Z</time>
   </trkpt>
   <trkpt lat="-8.116261" lon="-34.898891">
    <ele>10.7</ele>
    <time>2019-09-25T00:04:07.000Z</time>
   </trkpt>
   <trkpt lat="-8.116274" lon="-34.898855">
    <ele>10.7</ele>
    <time>2019-09-25T00:04:08.000Z</time>
   </trkpt>
   <trkpt lat="-8.116291" lon="-34.89881">
    <ele>10.8</ele>
    <time>2019-09-25T00:04:09.000Z</time>
   </trkpt>
   <trkpt lat="-8.11632" lon="-34.89881">
    <ele>10.8</ele>
    <time>2019-09-25T00:04:10.000Z</time>
   </trkpt>
   <trkpt lat="-8.116332" lon="-34.898767">
    <ele>10.8</ele>
    <time>2019-09-25T00:04:11.000Z</time>
   </trkpt>
   <trkpt lat="-8.116342" lon="-34.898733">
    <ele>10.8</ele>
    <time>2019-09-25T00:04:12.000Z</time>
   </trkpt>
   <trkpt lat="-8.116356" lon="-34.898702">
    <ele>10.8</ele>
    <time>2019-09-25T00:04:13.000Z</time>
   </trkpt>
   <trkpt lat="-8.116366" lon="-34.89867">
    <ele>10.8</ele>
    <time>2019-09-25T00:04:14.000Z</time>
   </trkpt>
   <trkpt lat="-8.116378" lon="-34.89863">
    <ele>10.9</ele>
    <time>2019-09-25T00:04:15.000Z</time>
   </trkpt>
   <trkpt lat="-8.116394" lon="-34.89859">
    <ele>10.9</ele>
    <time>2019-09-25T00:04:16.000Z</time>
   </trkpt>
   <trkpt lat="-8.116417" lon="-34.898555">
    <ele>11</ele>
    <time>2019-09-25T00:04:17.000Z</time>
   </trkpt>
   <trkpt lat="-8.116438" lon="-34.898527">
    <ele>11</ele>
    <time>2019-09-25T00:04:18.000Z</time>
   </trkpt>
   <trkpt lat="-8.116462" lon="-34.898468">
    <ele>11.1</ele>
    <time>2019-09-25T00:04:19.000Z</time>
   </trkpt>
   <trkpt lat="-8.116493" lon="-34.898417">
    <ele>11.1</ele>
    <time>2019-09-25T00:04:20.000Z</time>
   </trkpt>
   <trkpt lat="-8.116528" lon="-34.898369">
    <ele>10.6</ele>
    <time>2019-09-25T00:04:21.000Z</time>
   </trkpt>
   <trkpt lat="-8.116562" lon="-34.898305">
    <ele>10.6</ele>
    <time>2019-09-25T00:04:22.000Z</time>
   </trkpt>
   <trkpt lat="-8.116597" lon="-34.898258">
    <ele>11.3</ele>
    <time>2019-09-25T00:04:23.000Z</time>
   </trkpt>
   <trkpt lat="-8.116621" lon="-34.898224">
    <ele>11.3</ele>
    <time>2019-09-25T00:04:24.000Z</time>
   </trkpt>
   <trkpt lat="-8.11664" lon="-34.898189">
    <ele>11.4</ele>
    <time>2019-09-25T00:04:25.000Z</time>
   </trkpt>
   <trkpt lat="-8.116664" lon="-34.898159">
    <ele>11.4</ele>
    <time>2019-09-25T00:04:26.000Z</time>
   </trkpt>
   <trkpt lat="-8.11669" lon="-34.898145">
    <ele>11.4</ele>
    <time>2019-09-25T00:04:27.000Z</time>
   </trkpt>
   <trkpt lat="-8.116707" lon="-34.898115">
    <ele>11.4</ele>
    <time>2019-09-25T00:04:28.000Z</time>
   </trkpt>
   <trkpt lat="-8.116727" lon="-34.898078">
    <ele>11.5</ele>
    <time>2019-09-25T00:04:30.000Z</time>
   </trkpt>
   <trkpt lat="-8.116747" lon="-34.898046">
    <ele>11.5</ele>
    <time>2019-09-25T00:04:32.000Z</time>
   </trkpt>
   <trkpt lat="-8.116775" lon="-34.898051">
    <ele>11.5</ele>
    <time>2019-09-25T00:04:37.000Z</time>
   </trkpt>
   <trkpt lat="-8.116743" lon="-34.898061">
    <ele>11.5</ele>
    <time>2019-09-25T00:04:39.000Z</time>
   </trkpt>
   <trkpt lat="-8.116721" lon="-34.898093">
    <ele>11.6</ele>
    <time>2019-09-25T00:04:42.000Z</time>
   </trkpt>
   <trkpt lat="-8.116747" lon="-34.897975">
    <ele>11.6</ele>
    <time>2019-09-25T00:05:20.000Z</time>
   </trkpt>
   <trkpt lat="-8.116764" lon="-34.897932">
    <ele>11.6</ele>
    <time>2019-09-25T00:05:22.000Z</time>
   </trkpt>
   <trkpt lat="-8.116794" lon="-34.897923">
    <ele>11.6</ele>
    <time>2019-09-25T00:05:23.000Z</time>
   </trkpt>
   <trkpt lat="-8.116824" lon="-34.897911">
    <ele>11.6</ele>
    <time>2019-09-25T00:05:24.000Z</time>
   </trkpt>
   <trkpt lat="-8.116851" lon="-34.897893">
    <ele>11.6</ele>
    <time>2019-09-25T00:05:25.000Z</time>
   </trkpt>
   <trkpt lat="-8.116884" lon="-34.89785">
    <ele>11.6</ele>
    <time>2019-09-25T00:05:26.000Z</time>
   </trkpt>
   <trkpt lat="-8.116902" lon="-34.897815">
    <ele>11.6</ele>
    <time>2019-09-25T00:05:27.000Z</time>
   </trkpt>
   <trkpt lat="-8.116918" lon="-34.897778">
    <ele>11.6</ele>
    <time>2019-09-25T00:05:28.000Z</time>
   </trkpt>
   <trkpt lat="-8.116923" lon="-34.897741">
    <ele>11.7</ele>
    <time>2019-09-25T00:05:29.000Z</time>
   </trkpt>
   <trkpt lat="-8.116937" lon="-34.897703">
    <ele>11.7</ele>
    <time>2019-09-25T00:05:30.000Z</time>
   </trkpt>
   <trkpt lat="-8.116954" lon="-34.897657">
    <ele>11.7</ele>
    <time>2019-09-25T00:05:31.000Z</time>
   </trkpt>
   <trkpt lat="-8.116968" lon="-34.897614">
    <ele>11.7</ele>
    <time>2019-09-25T00:05:32.000Z</time>
   </trkpt>
   <trkpt lat="-8.116992" lon="-34.897581">
    <ele>11.7</ele>
    <time>2019-09-25T00:05:33.000Z</time>
   </trkpt>
   <trkpt lat="-8.117" lon="-34.897539">
    <ele>11.7</ele>
    <time>2019-09-25T00:05:34.000Z</time>
   </trkpt>
   <trkpt lat="-8.117011" lon="-34.897507">
    <ele>11.7</ele>
    <time>2019-09-25T00:05:35.000Z</time>
   </trkpt>
   <trkpt lat="-8.117018" lon="-34.897472">
    <ele>11.7</ele>
    <time>2019-09-25T00:05:36.000Z</time>
   </trkpt>
   <trkpt lat="-8.117039" lon="-34.897433">
    <ele>11.7</ele>
    <time>2019-09-25T00:05:37.000Z</time>
   </trkpt>
   <trkpt lat="-8.117051" lon="-34.897395">
    <ele>11.7</ele>
    <time>2019-09-25T00:05:38.000Z</time>
   </trkpt>
   <trkpt lat="-8.117058" lon="-34.897344">
    <ele>11.7</ele>
    <time>2019-09-25T00:05:39.000Z</time>
   </trkpt>
   <trkpt lat="-8.117067" lon="-34.897301">
    <ele>11.7</ele>
    <time>2019-09-25T00:05:40.000Z</time>
   </trkpt>
   <trkpt lat="-8.117093" lon="-34.897261">
    <ele>11.6</ele>
    <time>2019-09-25T00:05:41.000Z</time>
   </trkpt>
   <trkpt lat="-8.11711" lon="-34.897218">
    <ele>11.6</ele>
    <time>2019-09-25T00:05:42.000Z</time>
   </trkpt>
   <trkpt lat="-8.11713" lon="-34.897171">
    <ele>11.6</ele>
    <time>2019-09-25T00:05:43.000Z</time>
   </trkpt>
   <trkpt lat="-8.11714" lon="-34.897132">
    <ele>11.6</ele>
    <time>2019-09-25T00:05:44.000Z</time>
   </trkpt>
   <trkpt lat="-8.117155" lon="-34.897093">
    <ele>11.6</ele>
    <time>2019-09-25T00:05:45.000Z</time>
   </trkpt>
   <trkpt lat="-8.117167" lon="-34.897045">
    <ele>11.5</ele>
    <time>2019-09-25T00:05:46.000Z</time>
   </trkpt>
   <trkpt lat="-8.117212" lon="-34.897017">
    <ele>11.5</ele>
    <time>2019-09-25T00:05:47.000Z</time>
   </trkpt>
   <trkpt lat="-8.117229" lon="-34.896991">
    <ele>11.4</ele>
    <time>2019-09-25T00:05:48.000Z</time>
   </trkpt>
   <trkpt lat="-8.11726" lon="-34.896975">
    <ele>11.4</ele>
    <time>2019-09-25T00:05:49.000Z</time>
   </trkpt>
   <trkpt lat="-8.11728" lon="-34.896945">
    <ele>11.4</ele>
    <time>2019-09-25T00:05:50.000Z</time>
   </trkpt>
   <trkpt lat="-8.117285" lon="-34.896916">
    <ele>11.3</ele>
    <time>2019-09-25T00:05:51.000Z</time>
   </trkpt>
   <trkpt lat="-8.1173" lon="-34.896868">
    <ele>11.3</ele>
    <time>2019-09-25T00:05:53.000Z</time>
   </trkpt>
   <trkpt lat="-8.117308" lon="-34.896835">
    <ele>11.3</ele>
    <time>2019-09-25T00:05:55.000Z</time>
   </trkpt>
   <trkpt lat="-8.117338" lon="-34.896839">
    <ele>11.2</ele>
    <time>2019-09-25T00:06:02.000Z</time>
   </trkpt>
   <trkpt lat="-8.117339" lon="-34.896775">
    <ele>11.2</ele>
    <time>2019-09-25T00:06:51.000Z</time>
   </trkpt>
   <trkpt lat="-8.117352" lon="-34.896747">
    <ele>11.2</ele>
    <time>2019-09-25T00:06:52.000Z</time>
   </trkpt>
   <trkpt lat="-8.117362" lon="-34.896715">
    <ele>11.1</ele>
    <time>2019-09-25T00:06:53.000Z</time>
   </trkpt>
   <trkpt lat="-8.117378" lon="-34.896686">
    <ele>11.1</ele>
    <time>2019-09-25T00:06:54.000Z</time>
   </trkpt>
   <trkpt lat="-8.117391" lon="-34.896655">
    <ele>11.1</ele>
    <time>2019-09-25T00:06:55.000Z</time>
   </trkpt>
   <trkpt lat="-8.117404" lon="-34.896629">
    <ele>11.1</ele>
    <time>2019-09-25T00:06:56.000Z</time>
   </trkpt>
   <trkpt lat="-8.117417" lon="-34.896604">
    <ele>11.1</ele>
    <time>2019-09-25T00:06:57.000Z</time>
   </trkpt>
   <trkpt lat="-8.117432" lon="-34.896578">
    <ele>11</ele>
    <time>2019-09-25T00:06:58.000Z</time>
   </trkpt>
   <trkpt lat="-8.117452" lon="-34.896537">
    <ele>10.6</ele>
    <time>2019-09-25T00:07:00.000Z</time>
   </trkpt>
   <trkpt lat="-8.117473" lon="-34.896496">
    <ele>10.2</ele>
    <time>2019-09-25T00:07:02.000Z</time>
   </trkpt>
   <trkpt lat="-8.117485" lon="-34.896469">
    <ele>9.9</ele>
    <time>2019-09-25T00:07:03.000Z</time>
   </trkpt>
   <trkpt lat="-8.117501" lon="-34.896426">
    <ele>9.7</ele>
    <time>2019-09-25T00:07:05.000Z</time>
   </trkpt>
   <trkpt lat="-8.117522" lon="-34.896386">
    <ele>9.6</ele>
    <time>2019-09-25T00:07:07.000Z</time>
   </trkpt>
   <trkpt lat="-8.117535" lon="-34.896361">
    <ele>9.5</ele>
    <time>2019-09-25T00:07:08.000Z</time>
   </trkpt>
   <trkpt lat="-8.117553" lon="-34.896329">
    <ele>9.3</ele>
    <time>2019-09-25T00:07:09.000Z</time>
   </trkpt>
   <trkpt lat="-8.117567" lon="-34.896297">
    <ele>9.3</ele>
    <time>2019-09-25T00:07:10.000Z</time>
   </trkpt>
   <trkpt lat="-8.117589" lon="-34.896264">
    <ele>9.3</ele>
    <time>2019-09-25T00:07:11.000Z</time>
   </trkpt>
   <trkpt lat="-8.117609" lon="-34.896239">
    <ele>9.2</ele>
    <time>2019-09-25T00:07:12.000Z</time>
   </trkpt>
   <trkpt lat="-8.117622" lon="-34.896212">
    <ele>9.2</ele>
    <time>2019-09-25T00:07:13.000Z</time>
   </trkpt>
   <trkpt lat="-8.117637" lon="-34.896183">
    <ele>9.1</ele>
    <time>2019-09-25T00:07:14.000Z</time>
   </trkpt>
   <trkpt lat="-8.117656" lon="-34.896155">
    <ele>9.1</ele>
    <time>2019-09-25T00:07:15.000Z</time>
   </trkpt>
   <trkpt lat="-8.117674" lon="-34.896131">
    <ele>9.2</ele>
    <time>2019-09-25T00:07:16.000Z</time>
   </trkpt>
   <trkpt lat="-8.117693" lon="-34.8961">
    <ele>9.3</ele>
    <time>2019-09-25T00:07:17.000Z</time>
   </trkpt>
   <trkpt lat="-8.117712" lon="-34.896075">
    <ele>9.4</ele>
    <time>2019-09-25T00:07:18.000Z</time>
   </trkpt>
   <trkpt lat="-8.117729" lon="-34.89605">
    <ele>9.5</ele>
    <time>2019-09-25T00:07:19.000Z</time>
   </trkpt>
   <trkpt lat="-8.117757" lon="-34.896004">
    <ele>9.7</ele>
    <time>2019-09-25T00:07:21.000Z</time>
   </trkpt>
   <trkpt lat="-8.117773" lon="-34.895965">
    <ele>9.9</ele>
    <time>2019-09-25T00:07:23.000Z</time>
   </trkpt>
   <trkpt lat="-8.117772" lon="-34.895927">
    <ele>9.9</ele>
    <time>2019-09-25T00:07:26.000Z</time>
   </trkpt>
   <trkpt lat="-8.117776" lon="-34.895899">
    <ele>9.9</ele>
    <time>2019-09-25T00:07:30.000Z</time>
   </trkpt>
   <trkpt lat="-8.117782" lon="-34.895838">
    <ele>9.8</ele>
    <time>2019-09-25T00:08:16.000Z</time>
   </trkpt>
   <trkpt lat="-8.117796" lon="-34.895812">
    <ele>9.8</ele>
    <time>2019-09-25T00:08:17.000Z</time>
   </trkpt>
   <trkpt lat="-8.117818" lon="-34.895789">
    <ele>9.9</ele>
    <time>2019-09-25T00:08:18.000Z</time>
   </trkpt>
   <trkpt lat="-8.11785" lon="-34.895767">
    <ele>9.9</ele>
    <time>2019-09-25T00:08:19.000Z</time>
   </trkpt>
   <trkpt lat="-8.117875" lon="-34.895743">
    <ele>10</ele>
    <time>2019-09-25T00:08:20.000Z</time>
   </trkpt>
   <trkpt lat="-8.117891" lon="-34.895714">
    <ele>10</ele>
    <time>2019-09-25T00:08:21.000Z</time>
   </trkpt>
   <trkpt lat="-8.11791" lon="-34.895687">
    <ele>10</ele>
    <time>2019-09-25T00:08:22.000Z</time>
   </trkpt>
   <trkpt lat="-8.117928" lon="-34.895667">
    <ele>10</ele>
    <time>2019-09-25T00:08:23.000Z</time>
   </trkpt>
   <trkpt lat="-8.117947" lon="-34.895631">
    <ele>9.9</ele>
    <time>2019-09-25T00:08:25.000Z</time>
   </trkpt>
   <trkpt lat="-8.117969" lon="-34.895593">
    <ele>9.8</ele>
    <time>2019-09-25T00:08:27.000Z</time>
   </trkpt>
   <trkpt lat="-8.117996" lon="-34.895531">
    <ele>9.6</ele>
    <time>2019-09-25T00:08:29.000Z</time>
   </trkpt>
   <trkpt lat="-8.118009" lon="-34.895501">
    <ele>9.5</ele>
    <time>2019-09-25T00:08:30.000Z</time>
   </trkpt>
   <trkpt lat="-8.118024" lon="-34.895469">
    <ele>9.4</ele>
    <time>2019-09-25T00:08:31.000Z</time>
   </trkpt>
   <trkpt lat="-8.118039" lon="-34.895436">
    <ele>9.3</ele>
    <time>2019-09-25T00:08:32.000Z</time>
   </trkpt>
   <trkpt lat="-8.118054" lon="-34.895405">
    <ele>9.2</ele>
    <time>2019-09-25T00:08:33.000Z</time>
   </trkpt>
   <trkpt lat="-8.118072" lon="-34.89537">
    <ele>9.1</ele>
    <time>2019-09-25T00:08:34.000Z</time>
   </trkpt>
   <trkpt lat="-8.118092" lon="-34.89533">
    <ele>9</ele>
    <time>2019-09-25T00:08:35.000Z</time>
   </trkpt>
   <trkpt lat="-8.118126" lon="-34.895296">
    <ele>8.8</ele>
    <time>2019-09-25T00:08:36.000Z</time>
   </trkpt>
   <trkpt lat="-8.118146" lon="-34.895251">
    <ele>8.7</ele>
    <time>2019-09-25T00:08:37.000Z</time>
   </trkpt>
   <trkpt lat="-8.118167" lon="-34.895211">
    <ele>8.6</ele>
    <time>2019-09-25T00:08:38.000Z</time>
   </trkpt>
   <trkpt lat="-8.118169" lon="-34.895171">
    <ele>8.5</ele>
    <time>2019-09-25T00:08:39.000Z</time>
   </trkpt>
   <trkpt lat="-8.118183" lon="-34.895133">
    <ele>8.5</ele>
    <time>2019-09-25T00:08:40.000Z</time>
   </trkpt>
   <trkpt lat="-8.118195" lon="-34.895093">
    <ele>8.3</ele>
    <time>2019-09-25T00:08:41.000Z</time>
   </trkpt>
   <trkpt lat="-8.118208" lon="-34.895068">
    <ele>8.3</ele>
    <time>2019-09-25T00:08:42.000Z</time>
   </trkpt>
   <trkpt lat="-8.118225" lon="-34.895039">
    <ele>8.2</ele>
    <time>2019-09-25T00:08:43.000Z</time>
   </trkpt>
   <trkpt lat="-8.118247" lon="-34.895">
    <ele>8</ele>
    <time>2019-09-25T00:08:45.000Z</time>
   </trkpt>
   <trkpt lat="-8.11826" lon="-34.894937">
    <ele>7.8</ele>
    <time>2019-09-25T00:08:47.000Z</time>
   </trkpt>
   <trkpt lat="-8.118279" lon="-34.894905">
    <ele>7.7</ele>
    <time>2019-09-25T00:08:48.000Z</time>
   </trkpt>
   <trkpt lat="-8.118298" lon="-34.894875">
    <ele>7.5</ele>
    <time>2019-09-25T00:08:49.000Z</time>
   </trkpt>
   <trkpt lat="-8.11832" lon="-34.894845">
    <ele>7.5</ele>
    <time>2019-09-25T00:08:50.000Z</time>
   </trkpt>
   <trkpt lat="-8.118347" lon="-34.894815">
    <ele>7.4</ele>
    <time>2019-09-25T00:08:51.000Z</time>
   </trkpt>
   <trkpt lat="-8.118362" lon="-34.894785">
    <ele>7.3</ele>
    <time>2019-09-25T00:08:52.000Z</time>
   </trkpt>
   <trkpt lat="-8.118373" lon="-34.89475">
    <ele>7.2</ele>
    <time>2019-09-25T00:08:53.000Z</time>
   </trkpt>
   <trkpt lat="-8.118378" lon="-34.894702">
    <ele>7.3</ele>
    <time>2019-09-25T00:08:55.000Z</time>
   </trkpt>
   <trkpt lat="-8.118385" lon="-34.894675">
    <ele>7.3</ele>
    <time>2019-09-25T00:08:56.000Z</time>
   </trkpt>
   <trkpt lat="-8.118402" lon="-34.894641">
    <ele>7.4</ele>
    <time>2019-09-25T00:08:57.000Z</time>
   </trkpt>
   <trkpt lat="-8.118411" lon="-34.894614">
    <ele>7.5</ele>
    <time>2019-09-25T00:08:58.000Z</time>
   </trkpt>
   <trkpt lat="-8.118432" lon="-34.894593">
    <ele>7.5</ele>
    <time>2019-09-25T00:09:00.000Z</time>
   </trkpt>
   <trkpt lat="-8.118456" lon="-34.894573">
    <ele>7.5</ele>
    <time>2019-09-25T00:09:03.000Z</time>
   </trkpt>
   <trkpt lat="-8.118471" lon="-34.894537">
    <ele>7.5</ele>
    <time>2019-09-25T00:09:07.000Z</time>
   </trkpt>
   <trkpt lat="-8.118483" lon="-34.89451">
    <ele>7.5</ele>
    <time>2019-09-25T00:09:08.000Z</time>
   </trkpt>
   <trkpt lat="-8.118496" lon="-34.894483">
    <ele>7.5</ele>
    <time>2019-09-25T00:09:09.000Z</time>
   </trkpt>
   <trkpt lat="-8.118504" lon="-34.894456">
    <ele>7.4</ele>
    <time>2019-09-25T00:09:10.000Z</time>
   </trkpt>
   <trkpt lat="-8.118525" lon="-34.894417">
    <ele>7.4</ele>
    <time>2019-09-25T00:09:12.000Z</time>
   </trkpt>
   <trkpt lat="-8.118544" lon="-34.894368">
    <ele>7.3</ele>
    <time>2019-09-25T00:09:14.000Z</time>
   </trkpt>
   <trkpt lat="-8.118566" lon="-34.894327">
    <ele>7.3</ele>
    <time>2019-09-25T00:09:16.000Z</time>
   </trkpt>
   <trkpt lat="-8.118587" lon="-34.894304">
    <ele>7.2</ele>
    <time>2019-09-25T00:09:17.000Z</time>
   </trkpt>
   <trkpt lat="-8.118606" lon="-34.894279">
    <ele>7.1</ele>
    <time>2019-09-25T00:09:18.000Z</time>
   </trkpt>
   <trkpt lat="-8.118618" lon="-34.894229">
    <ele>6.9</ele>
    <time>2019-09-25T00:09:20.000Z</time>
   </trkpt>
   <trkpt lat="-8.118641" lon="-34.8942">
    <ele>6.7</ele>
    <time>2019-09-25T00:09:22.000Z</time>
   </trkpt>
   <trkpt lat="-8.118668" lon="-34.894169">
    <ele>6.2</ele>
    <time>2019-09-25T00:09:25.000Z</time>
   </trkpt>
   <trkpt lat="-8.118682" lon="-34.894138">
    <ele>6.3</ele>
    <time>2019-09-25T00:09:28.000Z</time>
   </trkpt>
   <trkpt lat="-8.118684" lon="-34.894108">
    <ele>6.4</ele>
    <time>2019-09-25T00:09:31.000Z</time>
   </trkpt>
   <trkpt lat="-8.118656" lon="-34.894099">
    <ele>6.5</ele>
    <time>2019-09-25T00:09:39.000Z</time>
   </trkpt>
   <trkpt lat="-8.118628" lon="-34.894085">
    <ele>6.5</ele>
    <time>2019-09-25T00:09:44.000Z</time>
   </trkpt>
   <trkpt lat="-8.118595" lon="-34.894064">
    <ele>6.6</ele>
    <time>2019-09-25T00:09:47.000Z</time>
   </trkpt>
   <trkpt lat="-8.118568" lon="-34.894046">
    <ele>6.7</ele>
    <time>2019-09-25T00:09:49.000Z</time>
   </trkpt>
   <trkpt lat="-8.118544" lon="-34.894019">
    <ele>6.8</ele>
    <time>2019-09-25T00:09:52.000Z</time>
   </trkpt>
   <trkpt lat="-8.118543" lon="-34.893992">
    <ele>6.8</ele>
    <time>2019-09-25T00:09:54.000Z</time>
   </trkpt>
   <trkpt lat="-8.118517" lon="-34.893964">
    <ele>6.9</ele>
    <time>2019-09-25T00:10:00.000Z</time>
   </trkpt>
   <trkpt lat="-8.1185" lon="-34.893942">
    <ele>7</ele>
    <time>2019-09-25T00:10:02.000Z</time>
   </trkpt>
   <trkpt lat="-8.118511" lon="-34.893912">
    <ele>7.1</ele>
    <time>2019-09-25T00:10:13.000Z</time>
   </trkpt>
   <trkpt lat="-8.118494" lon="-34.893935">
    <ele>7.2</ele>
    <time>2019-09-25T00:10:15.000Z</time>
   </trkpt>
   <trkpt lat="-8.118526" lon="-34.893948">
    <ele>7.4</ele>
    <time>2019-09-25T00:27:34.000Z</time>
   </trkpt>
   <trkpt lat="-8.118508" lon="-34.893926">
    <ele>7.5</ele>
    <time>2019-09-25T00:27:40.000Z</time>
   </trkpt>
   <trkpt lat="-8.118426" lon="-34.893907">
    <ele>7.9</ele>
    <time>2019-09-25T00:28:32.000Z</time>
   </trkpt>
   <trkpt lat="-8.11839" lon="-34.893891">
    <ele>8</ele>
    <time>2019-09-25T00:28:34.000Z</time>
   </trkpt>
   <trkpt lat="-8.118355" lon="-34.893878">
    <ele>8.1</ele>
    <time>2019-09-25T00:28:35.000Z</time>
   </trkpt>
   <trkpt lat="-8.118321" lon="-34.893865">
    <ele>8.2</ele>
    <time>2019-09-25T00:28:36.000Z</time>
   </trkpt>
   <trkpt lat="-8.118293" lon="-34.893849">
    <ele>8.3</ele>
    <time>2019-09-25T00:28:37.000Z</time>
   </trkpt>
   <trkpt lat="-8.118264" lon="-34.893841">
    <ele>8.4</ele>
    <time>2019-09-25T00:28:38.000Z</time>
   </trkpt>
   <trkpt lat="-8.118241" lon="-34.893828">
    <ele>8.4</ele>
    <time>2019-09-25T00:28:39.000Z</time>
   </trkpt>
   <trkpt lat="-8.118193" lon="-34.89381">
    <ele>8.5</ele>
    <time>2019-09-25T00:28:41.000Z</time>
   </trkpt>
   <trkpt lat="-8.118165" lon="-34.893785">
    <ele>8.6</ele>
    <time>2019-09-25T00:28:42.000Z</time>
   </trkpt>
   <trkpt lat="-8.118142" lon="-34.893764">
    <ele>8.6</ele>
    <time>2019-09-25T00:28:43.000Z</time>
   </trkpt>
   <trkpt lat="-8.118118" lon="-34.893744">
    <ele>8.7</ele>
    <time>2019-09-25T00:28:44.000Z</time>
   </trkpt>
   <trkpt lat="-8.118086" lon="-34.893732">
    <ele>8.7</ele>
    <time>2019-09-25T00:28:45.000Z</time>
   </trkpt>
   <trkpt lat="-8.118059" lon="-34.893721">
    <ele>8.7</ele>
    <time>2019-09-25T00:28:46.000Z</time>
   </trkpt>
   <trkpt lat="-8.118035" lon="-34.893699">
    <ele>8.8</ele>
    <time>2019-09-25T00:28:47.000Z</time>
   </trkpt>
   <trkpt lat="-8.118004" lon="-34.893689">
    <ele>8.8</ele>
    <time>2019-09-25T00:28:48.000Z</time>
   </trkpt>
   <trkpt lat="-8.117979" lon="-34.893671">
    <ele>8.9</ele>
    <time>2019-09-25T00:28:49.000Z</time>
   </trkpt>
   <trkpt lat="-8.11793" lon="-34.893631">
    <ele>8.9</ele>
    <time>2019-09-25T00:28:51.000Z</time>
   </trkpt>
   <trkpt lat="-8.117905" lon="-34.893611">
    <ele>8.9</ele>
    <time>2019-09-25T00:28:52.000Z</time>
   </trkpt>
   <trkpt lat="-8.117877" lon="-34.893585">
    <ele>9</ele>
    <time>2019-09-25T00:28:53.000Z</time>
   </trkpt>
   <trkpt lat="-8.117843" lon="-34.893568">
    <ele>9</ele>
    <time>2019-09-25T00:28:54.000Z</time>
   </trkpt>
   <trkpt lat="-8.117812" lon="-34.893548">
    <ele>9</ele>
    <time>2019-09-25T00:28:55.000Z</time>
   </trkpt>
   <trkpt lat="-8.117778" lon="-34.893524">
    <ele>9.1</ele>
    <time>2019-09-25T00:28:56.000Z</time>
   </trkpt>
   <trkpt lat="-8.117738" lon="-34.893506">
    <ele>9.1</ele>
    <time>2019-09-25T00:28:57.000Z</time>
   </trkpt>
   <trkpt lat="-8.117682" lon="-34.893482">
    <ele>9.2</ele>
    <time>2019-09-25T00:28:59.000Z</time>
   </trkpt>
   <trkpt lat="-8.117655" lon="-34.893467">
    <ele>9.2</ele>
    <time>2019-09-25T00:29:00.000Z</time>
   </trkpt>
   <trkpt lat="-8.117628" lon="-34.893445">
    <ele>9.2</ele>
    <time>2019-09-25T00:29:01.000Z</time>
   </trkpt>
   <trkpt lat="-8.1176" lon="-34.893423">
    <ele>9.2</ele>
    <time>2019-09-25T00:29:02.000Z</time>
   </trkpt>
   <trkpt lat="-8.117568" lon="-34.8934">
    <ele>9.2</ele>
    <time>2019-09-25T00:29:03.000Z</time>
   </trkpt>
   <trkpt lat="-8.117538" lon="-34.893384">
    <ele>9.3</ele>
    <time>2019-09-25T00:29:04.000Z</time>
   </trkpt>
   <trkpt lat="-8.117489" lon="-34.893357">
    <ele>9.3</ele>
    <time>2019-09-25T00:29:06.000Z</time>
   </trkpt>
   <trkpt lat="-8.117466" lon="-34.893341">
    <ele>9.3</ele>
    <time>2019-09-25T00:29:07.000Z</time>
   </trkpt>
   <trkpt lat="-8.117443" lon="-34.893311">
    <ele>9.3</ele>
    <time>2019-09-25T00:29:08.000Z</time>
   </trkpt>
   <trkpt lat="-8.117415" lon="-34.893292">
    <ele>9.3</ele>
    <time>2019-09-25T00:29:09.000Z</time>
   </trkpt>
   <trkpt lat="-8.117389" lon="-34.89328">
    <ele>9.4</ele>
    <time>2019-09-25T00:29:10.000Z</time>
   </trkpt>
   <trkpt lat="-8.117364" lon="-34.893264">
    <ele>9.4</ele>
    <time>2019-09-25T00:29:12.000Z</time>
   </trkpt>
   <trkpt lat="-8.117328" lon="-34.893253">
    <ele>9.4</ele>
    <time>2019-09-25T00:29:15.000Z</time>
   </trkpt>
   <trkpt lat="-8.117302" lon="-34.893239">
    <ele>9.5</ele>
    <time>2019-09-25T00:29:16.000Z</time>
   </trkpt>
   <trkpt lat="-8.117281" lon="-34.89322">
    <ele>9.5</ele>
    <time>2019-09-25T00:29:17.000Z</time>
   </trkpt>
   <trkpt lat="-8.117251" lon="-34.893205">
    <ele>9.6</ele>
    <time>2019-09-25T00:29:18.000Z</time>
   </trkpt>
   <trkpt lat="-8.11722" lon="-34.893189">
    <ele>9.7</ele>
    <time>2019-09-25T00:29:19.000Z</time>
   </trkpt>
   <trkpt lat="-8.117187" lon="-34.893176">
    <ele>9.8</ele>
    <time>2019-09-25T00:29:20.000Z</time>
   </trkpt>
   <trkpt lat="-8.117154" lon="-34.893168">
    <ele>10</ele>
    <time>2019-09-25T00:29:21.000Z</time>
   </trkpt>
   <trkpt lat="-8.117117" lon="-34.893146">
    <ele>10.2</ele>
    <time>2019-09-25T00:29:23.000Z</time>
   </trkpt>
   <trkpt lat="-8.117091" lon="-34.893132">
    <ele>10.4</ele>
    <time>2019-09-25T00:29:26.000Z</time>
   </trkpt>
   <trkpt lat="-8.117059" lon="-34.893154">
    <ele>10.7</ele>
    <time>2019-09-25T00:30:13.000Z</time>
   </trkpt>
   <trkpt lat="-8.117031" lon="-34.893167">
    <ele>10.9</ele>
    <time>2019-09-25T00:30:14.000Z</time>
   </trkpt>
   <trkpt lat="-8.117008" lon="-34.893188">
    <ele>11.7</ele>
    <time>2019-09-25T00:30:15.000Z</time>
   </trkpt>
   <trkpt lat="-8.116984" lon="-34.89322">
    <ele>11.9</ele>
    <time>2019-09-25T00:30:16.000Z</time>
   </trkpt>
   <trkpt lat="-8.116963" lon="-34.893242">
    <ele>12</ele>
    <time>2019-09-25T00:30:17.000Z</time>
   </trkpt>
   <trkpt lat="-8.116943" lon="-34.893272">
    <ele>12</ele>
    <time>2019-09-25T00:30:18.000Z</time>
   </trkpt>
   <trkpt lat="-8.116923" lon="-34.893299">
    <ele>12</ele>
    <time>2019-09-25T00:30:19.000Z</time>
   </trkpt>
   <trkpt lat="-8.116901" lon="-34.893348">
    <ele>12</ele>
    <time>2019-09-25T00:30:20.000Z</time>
   </trkpt>
   <trkpt lat="-8.116879" lon="-34.893385">
    <ele>12</ele>
    <time>2019-09-25T00:30:21.000Z</time>
   </trkpt>
   <trkpt lat="-8.116856" lon="-34.893421">
    <ele>12.1</ele>
    <time>2019-09-25T00:30:22.000Z</time>
   </trkpt>
   <trkpt lat="-8.116833" lon="-34.89345">
    <ele>12.1</ele>
    <time>2019-09-25T00:30:23.000Z</time>
   </trkpt>
   <trkpt lat="-8.11682" lon="-34.893484">
    <ele>12.1</ele>
    <time>2019-09-25T00:30:24.000Z</time>
   </trkpt>
   <trkpt lat="-8.116802" lon="-34.893513">
    <ele>12.1</ele>
    <time>2019-09-25T00:30:25.000Z</time>
   </trkpt>
   <trkpt lat="-8.116776" lon="-34.893549">
    <ele>12</ele>
    <time>2019-09-25T00:30:26.000Z</time>
   </trkpt>
   <trkpt lat="-8.116751" lon="-34.893581">
    <ele>11.9</ele>
    <time>2019-09-25T00:30:27.000Z</time>
   </trkpt>
   <trkpt lat="-8.116727" lon="-34.893606">
    <ele>11.9</ele>
    <time>2019-09-25T00:30:28.000Z</time>
   </trkpt>
   <trkpt lat="-8.11671" lon="-34.893641">
    <ele>11.9</ele>
    <time>2019-09-25T00:30:29.000Z</time>
   </trkpt>
   <trkpt lat="-8.116704" lon="-34.893669">
    <ele>11.9</ele>
    <time>2019-09-25T00:30:30.000Z</time>
   </trkpt>
   <trkpt lat="-8.116685" lon="-34.893691">
    <ele>11.9</ele>
    <time>2019-09-25T00:30:31.000Z</time>
   </trkpt>
   <trkpt lat="-8.116671" lon="-34.893732">
    <ele>11.9</ele>
    <time>2019-09-25T00:30:33.000Z</time>
   </trkpt>
   <trkpt lat="-8.11668" lon="-34.89377">
    <ele>11.8</ele>
    <time>2019-09-25T00:30:35.000Z</time>
   </trkpt>
   <trkpt lat="-8.116668" lon="-34.893811">
    <ele>11.7</ele>
    <time>2019-09-25T00:30:36.000Z</time>
   </trkpt>
   <trkpt lat="-8.116661" lon="-34.893851">
    <ele>11.6</ele>
    <time>2019-09-25T00:30:37.000Z</time>
   </trkpt>
   <trkpt lat="-8.11665" lon="-34.893888">
    <ele>11.6</ele>
    <time>2019-09-25T00:30:38.000Z</time>
   </trkpt>
   <trkpt lat="-8.11663" lon="-34.893925">
    <ele>11.5</ele>
    <time>2019-09-25T00:30:39.000Z</time>
   </trkpt>
   <trkpt lat="-8.11661" lon="-34.893963">
    <ele>11.4</ele>
    <time>2019-09-25T00:30:40.000Z</time>
   </trkpt>
   <trkpt lat="-8.116598" lon="-34.893993">
    <ele>11.3</ele>
    <time>2019-09-25T00:30:41.000Z</time>
   </trkpt>
   <trkpt lat="-8.116561" lon="-34.894013">
    <ele>11.2</ele>
    <time>2019-09-25T00:30:42.000Z</time>
   </trkpt>
   <trkpt lat="-8.116554" lon="-34.894042">
    <ele>11.1</ele>
    <time>2019-09-25T00:30:43.000Z</time>
   </trkpt>
   <trkpt lat="-8.116546" lon="-34.894095">
    <ele>10.9</ele>
    <time>2019-09-25T00:30:45.000Z</time>
   </trkpt>
   <trkpt lat="-8.11655" lon="-34.894133">
    <ele>10.8</ele>
    <time>2019-09-25T00:30:46.000Z</time>
   </trkpt>
   <trkpt lat="-8.116545" lon="-34.894175">
    <ele>10.7</ele>
    <time>2019-09-25T00:30:47.000Z</time>
   </trkpt>
   <trkpt lat="-8.11659" lon="-34.894229">
    <ele>10.5</ele>
    <time>2019-09-25T00:30:48.000Z</time>
   </trkpt>
   <trkpt lat="-8.116594" lon="-34.89428">
    <ele>10.3</ele>
    <time>2019-09-25T00:30:50.000Z</time>
   </trkpt>
   <trkpt lat="-8.116617" lon="-34.894327">
    <ele>10.2</ele>
    <time>2019-09-25T00:30:52.000Z</time>
   </trkpt>
   <trkpt lat="-8.116564" lon="-34.89436">
    <ele>10.1</ele>
    <time>2019-09-25T00:30:54.000Z</time>
   </trkpt>
   <trkpt lat="-8.116543" lon="-34.894395">
    <ele>10.1</ele>
    <time>2019-09-25T00:30:56.000Z</time>
   </trkpt>
   <trkpt lat="-8.116518" lon="-34.894419">
    <ele>10.1</ele>
    <time>2019-09-25T00:30:58.000Z</time>
   </trkpt>
   <trkpt lat="-8.116487" lon="-34.894449">
    <ele>10</ele>
    <time>2019-09-25T00:31:00.000Z</time>
   </trkpt>
   <trkpt lat="-8.116465" lon="-34.894465">
    <ele>10</ele>
    <time>2019-09-25T00:31:12.000Z</time>
   </trkpt>
   <trkpt lat="-8.11645" lon="-34.894498">
    <ele>10</ele>
    <time>2019-09-25T00:31:15.000Z</time>
   </trkpt>
   <trkpt lat="-8.116373" lon="-34.894501">
    <ele>10</ele>
    <time>2019-09-25T00:32:02.000Z</time>
   </trkpt>
   <trkpt lat="-8.11636" lon="-34.894555">
    <ele>10</ele>
    <time>2019-09-25T00:32:04.000Z</time>
   </trkpt>
   <trkpt lat="-8.116349" lon="-34.89459">
    <ele>10</ele>
    <time>2019-09-25T00:32:05.000Z</time>
   </trkpt>
   <trkpt lat="-8.116337" lon="-34.894627">
    <ele>10</ele>
    <time>2019-09-25T00:32:06.000Z</time>
   </trkpt>
   <trkpt lat="-8.116323" lon="-34.894669">
    <ele>10</ele>
    <time>2019-09-25T00:32:07.000Z</time>
   </trkpt>
   <trkpt lat="-8.116316" lon="-34.894706">
    <ele>9.9</ele>
    <time>2019-09-25T00:32:08.000Z</time>
   </trkpt>
   <trkpt lat="-8.116299" lon="-34.894746">
    <ele>9.9</ele>
    <time>2019-09-25T00:32:09.000Z</time>
   </trkpt>
   <trkpt lat="-8.116274" lon="-34.894785">
    <ele>9.8</ele>
    <time>2019-09-25T00:32:10.000Z</time>
   </trkpt>
   <trkpt lat="-8.116249" lon="-34.894825">
    <ele>9.8</ele>
    <time>2019-09-25T00:32:11.000Z</time>
   </trkpt>
   <trkpt lat="-8.116219" lon="-34.894866">
    <ele>9.7</ele>
    <time>2019-09-25T00:32:12.000Z</time>
   </trkpt>
   <trkpt lat="-8.116195" lon="-34.894906">
    <ele>9.7</ele>
    <time>2019-09-25T00:32:13.000Z</time>
   </trkpt>
   <trkpt lat="-8.11616" lon="-34.894935">
    <ele>9.6</ele>
    <time>2019-09-25T00:32:14.000Z</time>
   </trkpt>
   <trkpt lat="-8.116138" lon="-34.894956">
    <ele>9.6</ele>
    <time>2019-09-25T00:32:15.000Z</time>
   </trkpt>
   <trkpt lat="-8.116112" lon="-34.894976">
    <ele>9.5</ele>
    <time>2019-09-25T00:32:16.000Z</time>
   </trkpt>
   <trkpt lat="-8.116096" lon="-34.894999">
    <ele>9.5</ele>
    <time>2019-09-25T00:32:17.000Z</time>
   </trkpt>
   <trkpt lat="-8.116063" lon="-34.895044">
    <ele>9.5</ele>
    <time>2019-09-25T00:32:19.000Z</time>
   </trkpt>
   <trkpt lat="-8.116041" lon="-34.895087">
    <ele>9.4</ele>
    <time>2019-09-25T00:32:21.000Z</time>
   </trkpt>
   <trkpt lat="-8.116019" lon="-34.895143">
    <ele>9.4</ele>
    <time>2019-09-25T00:32:23.000Z</time>
   </trkpt>
   <trkpt lat="-8.116001" lon="-34.895173">
    <ele>9.3</ele>
    <time>2019-09-25T00:32:24.000Z</time>
   </trkpt>
   <trkpt lat="-8.115952" lon="-34.895198">
    <ele>9.3</ele>
    <time>2019-09-25T00:32:25.000Z</time>
   </trkpt>
   <trkpt lat="-8.11593" lon="-34.895239">
    <ele>9.3</ele>
    <time>2019-09-25T00:32:26.000Z</time>
   </trkpt>
   <trkpt lat="-8.115907" lon="-34.895278">
    <ele>9.2</ele>
    <time>2019-09-25T00:32:27.000Z</time>
   </trkpt>
   <trkpt lat="-8.115893" lon="-34.895326">
    <ele>9.2</ele>
    <time>2019-09-25T00:32:28.000Z</time>
   </trkpt>
   <trkpt lat="-8.115878" lon="-34.89537">
    <ele>9.2</ele>
    <time>2019-09-25T00:32:29.000Z</time>
   </trkpt>
   <trkpt lat="-8.11587" lon="-34.895401">
    <ele>9.2</ele>
    <time>2019-09-25T00:32:30.000Z</time>
   </trkpt>
   <trkpt lat="-8.115862" lon="-34.895438">
    <ele>9.2</ele>
    <time>2019-09-25T00:32:31.000Z</time>
   </trkpt>
   <trkpt lat="-8.115851" lon="-34.895475">
    <ele>9.2</ele>
    <time>2019-09-25T00:32:32.000Z</time>
   </trkpt>
   <trkpt lat="-8.11584" lon="-34.895511">
    <ele>8.7</ele>
    <time>2019-09-25T00:32:33.000Z</time>
   </trkpt>
   <trkpt lat="-8.115829" lon="-34.895548">
    <ele>8.5</ele>
    <time>2019-09-25T00:32:34.000Z</time>
   </trkpt>
   <trkpt lat="-8.115813" lon="-34.895587">
    <ele>8.2</ele>
    <time>2019-09-25T00:32:35.000Z</time>
   </trkpt>
   <trkpt lat="-8.115793" lon="-34.895628">
    <ele>8</ele>
    <time>2019-09-25T00:32:36.000Z</time>
   </trkpt>
   <trkpt lat="-8.115755" lon="-34.895666">
    <ele>7.7</ele>
    <time>2019-09-25T00:32:37.000Z</time>
   </trkpt>
   <trkpt lat="-8.115727" lon="-34.895708">
    <ele>7.6</ele>
    <time>2019-09-25T00:32:38.000Z</time>
   </trkpt>
   <trkpt lat="-8.115706" lon="-34.895749">
    <ele>7.4</ele>
    <time>2019-09-25T00:32:39.000Z</time>
   </trkpt>
   <trkpt lat="-8.115688" lon="-34.895789">
    <ele>7.3</ele>
    <time>2019-09-25T00:32:40.000Z</time>
   </trkpt>
   <trkpt lat="-8.115669" lon="-34.89583">
    <ele>7.2</ele>
    <time>2019-09-25T00:32:41.000Z</time>
   </trkpt>
   <trkpt lat="-8.115652" lon="-34.895874">
    <ele>7.1</ele>
    <time>2019-09-25T00:32:42.000Z</time>
   </trkpt>
   <trkpt lat="-8.115624" lon="-34.895916">
    <ele>6.9</ele>
    <time>2019-09-25T00:32:43.000Z</time>
   </trkpt>
   <trkpt lat="-8.115604" lon="-34.895959">
    <ele>6.8</ele>
    <time>2019-09-25T00:32:44.000Z</time>
   </trkpt>
   <trkpt lat="-8.115576" lon="-34.896011">
    <ele>6.6</ele>
    <time>2019-09-25T00:32:45.000Z</time>
   </trkpt>
   <trkpt lat="-8.115553" lon="-34.896053">
    <ele>6.5</ele>
    <time>2019-09-25T00:32:46.000Z</time>
   </trkpt>
   <trkpt lat="-8.115535" lon="-34.896089">
    <ele>6.4</ele>
    <time>2019-09-25T00:32:47.000Z</time>
   </trkpt>
   <trkpt lat="-8.115517" lon="-34.896122">
    <ele>6.3</ele>
    <time>2019-09-25T00:32:48.000Z</time>
   </trkpt>
   <trkpt lat="-8.1155" lon="-34.896148">
    <ele>6.2</ele>
    <time>2019-09-25T00:32:49.000Z</time>
   </trkpt>
   <trkpt lat="-8.115483" lon="-34.896179">
    <ele>6.2</ele>
    <time>2019-09-25T00:32:50.000Z</time>
   </trkpt>
   <trkpt lat="-8.115464" lon="-34.896207">
    <ele>6.1</ele>
    <time>2019-09-25T00:32:51.000Z</time>
   </trkpt>
   <trkpt lat="-8.115444" lon="-34.896244">
    <ele>6.1</ele>
    <time>2019-09-25T00:32:52.000Z</time>
   </trkpt>
   <trkpt lat="-8.115422" lon="-34.896273">
    <ele>6.1</ele>
    <time>2019-09-25T00:32:53.000Z</time>
   </trkpt>
   <trkpt lat="-8.1154" lon="-34.896305">
    <ele>6.1</ele>
    <time>2019-09-25T00:32:54.000Z</time>
   </trkpt>
   <trkpt lat="-8.11538" lon="-34.896332">
    <ele>6.1</ele>
    <time>2019-09-25T00:32:55.000Z</time>
   </trkpt>
   <trkpt lat="-8.115364" lon="-34.896361">
    <ele>6.1</ele>
    <time>2019-09-25T00:32:56.000Z</time>
   </trkpt>
   <trkpt lat="-8.115352" lon="-34.896392">
    <ele>6.1</ele>
    <time>2019-09-25T00:32:57.000Z</time>
   </trkpt>
   <trkpt lat="-8.115333" lon="-34.896421">
    <ele>6.1</ele>
    <time>2019-09-25T00:32:58.000Z</time>
   </trkpt>
   <trkpt lat="-8.115314" lon="-34.896468">
    <ele>6.3</ele>
    <time>2019-09-25T00:33:00.000Z</time>
   </trkpt>
   <trkpt lat="-8.115298" lon="-34.896509">
    <ele>6.6</ele>
    <time>2019-09-25T00:33:02.000Z</time>
   </trkpt>
   <trkpt lat="-8.115275" lon="-34.896542">
    <ele>7</ele>
    <time>2019-09-25T00:33:05.000Z</time>
   </trkpt>
   <trkpt lat="-8.115256" lon="-34.896565">
    <ele>7.4</ele>
    <time>2019-09-25T00:33:08.000Z</time>
   </trkpt>
   <trkpt lat="-8.115227" lon="-34.896584">
    <ele>7.6</ele>
    <time>2019-09-25T00:33:29.000Z</time>
   </trkpt>
   <trkpt lat="-8.115201" lon="-34.896626">
    <ele>7.9</ele>
    <time>2019-09-25T00:33:31.000Z</time>
   </trkpt>
   <trkpt lat="-8.115188" lon="-34.896652">
    <ele>8</ele>
    <time>2019-09-25T00:33:32.000Z</time>
   </trkpt>
   <trkpt lat="-8.11518" lon="-34.896683">
    <ele>8</ele>
    <time>2019-09-25T00:33:33.000Z</time>
   </trkpt>
   <trkpt lat="-8.115168" lon="-34.896718">
    <ele>8</ele>
    <time>2019-09-25T00:33:34.000Z</time>
   </trkpt>
   <trkpt lat="-8.115154" lon="-34.89675">
    <ele>8</ele>
    <time>2019-09-25T00:33:35.000Z</time>
   </trkpt>
   <trkpt lat="-8.115145" lon="-34.896783">
    <ele>8</ele>
    <time>2019-09-25T00:33:36.000Z</time>
   </trkpt>
   <trkpt lat="-8.115132" lon="-34.896818">
    <ele>8</ele>
    <time>2019-09-25T00:33:37.000Z</time>
   </trkpt>
   <trkpt lat="-8.115114" lon="-34.89686">
    <ele>8</ele>
    <time>2019-09-25T00:33:38.000Z</time>
   </trkpt>
   <trkpt lat="-8.115097" lon="-34.896891">
    <ele>8</ele>
    <time>2019-09-25T00:33:39.000Z</time>
   </trkpt>
   <trkpt lat="-8.115084" lon="-34.896922">
    <ele>8</ele>
    <time>2019-09-25T00:33:40.000Z</time>
   </trkpt>
   <trkpt lat="-8.11506" lon="-34.896954">
    <ele>8</ele>
    <time>2019-09-25T00:33:41.000Z</time>
   </trkpt>
   <trkpt lat="-8.115035" lon="-34.89699">
    <ele>8</ele>
    <time>2019-09-25T00:33:42.000Z</time>
   </trkpt>
   <trkpt lat="-8.115015" lon="-34.89702">
    <ele>8</ele>
    <time>2019-09-25T00:33:43.000Z</time>
   </trkpt>
   <trkpt lat="-8.114996" lon="-34.89705">
    <ele>8</ele>
    <time>2019-09-25T00:33:44.000Z</time>
   </trkpt>
   <trkpt lat="-8.114981" lon="-34.89708">
    <ele>8</ele>
    <time>2019-09-25T00:33:45.000Z</time>
   </trkpt>
   <trkpt lat="-8.114967" lon="-34.897112">
    <ele>8</ele>
    <time>2019-09-25T00:33:46.000Z</time>
   </trkpt>
   <trkpt lat="-8.114957" lon="-34.897144">
    <ele>8</ele>
    <time>2019-09-25T00:33:47.000Z</time>
   </trkpt>
   <trkpt lat="-8.114943" lon="-34.89718">
    <ele>8</ele>
    <time>2019-09-25T00:33:48.000Z</time>
   </trkpt>
   <trkpt lat="-8.114926" lon="-34.897212">
    <ele>8</ele>
    <time>2019-09-25T00:33:49.000Z</time>
   </trkpt>
   <trkpt lat="-8.114911" lon="-34.897255">
    <ele>8.1</ele>
    <time>2019-09-25T00:33:50.000Z</time>
   </trkpt>
   <trkpt lat="-8.114898" lon="-34.897293">
    <ele>8.1</ele>
    <time>2019-09-25T00:33:51.000Z</time>
   </trkpt>
   <trkpt lat="-8.114889" lon="-34.897327">
    <ele>8.1</ele>
    <time>2019-09-25T00:33:52.000Z</time>
   </trkpt>
   <trkpt lat="-8.11488" lon="-34.897361">
    <ele>8.1</ele>
    <time>2019-09-25T00:33:53.000Z</time>
   </trkpt>
   <trkpt lat="-8.114874" lon="-34.897388">
    <ele>8.1</ele>
    <time>2019-09-25T00:33:54.000Z</time>
   </trkpt>
   <trkpt lat="-8.114852" lon="-34.897426">
    <ele>8.2</ele>
    <time>2019-09-25T00:33:55.000Z</time>
   </trkpt>
   <trkpt lat="-8.114814" lon="-34.897461">
    <ele>8.2</ele>
    <time>2019-09-25T00:33:56.000Z</time>
   </trkpt>
   <trkpt lat="-8.114786" lon="-34.897496">
    <ele>8.3</ele>
    <time>2019-09-25T00:33:57.000Z</time>
   </trkpt>
   <trkpt lat="-8.114758" lon="-34.897535">
    <ele>8.3</ele>
    <time>2019-09-25T00:33:58.000Z</time>
   </trkpt>
   <trkpt lat="-8.114744" lon="-34.89757">
    <ele>8.4</ele>
    <time>2019-09-25T00:33:59.000Z</time>
   </trkpt>
   <trkpt lat="-8.114719" lon="-34.897606">
    <ele>8.4</ele>
    <time>2019-09-25T00:34:00.000Z</time>
   </trkpt>
   <trkpt lat="-8.114707" lon="-34.897648">
    <ele>8.5</ele>
    <time>2019-09-25T00:34:01.000Z</time>
   </trkpt>
   <trkpt lat="-8.114681" lon="-34.897675">
    <ele>8.6</ele>
    <time>2019-09-25T00:34:02.000Z</time>
   </trkpt>
   <trkpt lat="-8.114664" lon="-34.897707">
    <ele>8.6</ele>
    <time>2019-09-25T00:34:03.000Z</time>
   </trkpt>
   <trkpt lat="-8.114645" lon="-34.897744">
    <ele>8.7</ele>
    <time>2019-09-25T00:34:04.000Z</time>
   </trkpt>
   <trkpt lat="-8.11463" lon="-34.897779">
    <ele>8.7</ele>
    <time>2019-09-25T00:34:05.000Z</time>
   </trkpt>
   <trkpt lat="-8.114613" lon="-34.897819">
    <ele>8.8</ele>
    <time>2019-09-25T00:34:06.000Z</time>
   </trkpt>
   <trkpt lat="-8.114589" lon="-34.897857">
    <ele>8.9</ele>
    <time>2019-09-25T00:34:07.000Z</time>
   </trkpt>
   <trkpt lat="-8.114576" lon="-34.897898">
    <ele>8.9</ele>
    <time>2019-09-25T00:34:08.000Z</time>
   </trkpt>
   <trkpt lat="-8.11457" lon="-34.897935">
    <ele>9</ele>
    <time>2019-09-25T00:34:09.000Z</time>
   </trkpt>
   <trkpt lat="-8.114545" lon="-34.897963">
    <ele>9</ele>
    <time>2019-09-25T00:34:10.000Z</time>
   </trkpt>
   <trkpt lat="-8.114528" lon="-34.898007">
    <ele>9.1</ele>
    <time>2019-09-25T00:34:11.000Z</time>
   </trkpt>
   <trkpt lat="-8.114502" lon="-34.898052">
    <ele>9.2</ele>
    <time>2019-09-25T00:34:12.000Z</time>
   </trkpt>
   <trkpt lat="-8.114484" lon="-34.898089">
    <ele>9.2</ele>
    <time>2019-09-25T00:34:13.000Z</time>
   </trkpt>
   <trkpt lat="-8.114471" lon="-34.898131">
    <ele>9.3</ele>
    <time>2019-09-25T00:34:14.000Z</time>
   </trkpt>
   <trkpt lat="-8.114442" lon="-34.898174">
    <ele>9.3</ele>
    <time>2019-09-25T00:34:15.000Z</time>
   </trkpt>
   <trkpt lat="-8.114393" lon="-34.898211">
    <ele>9.3</ele>
    <time>2019-09-25T00:34:16.000Z</time>
   </trkpt>
   <trkpt lat="-8.114368" lon="-34.898255">
    <ele>9.3</ele>
    <time>2019-09-25T00:34:17.000Z</time>
   </trkpt>
   <trkpt lat="-8.114352" lon="-34.898294">
    <ele>9.4</ele>
    <time>2019-09-25T00:34:18.000Z</time>
   </trkpt>
   <trkpt lat="-8.11433" lon="-34.898333">
    <ele>9.4</ele>
    <time>2019-09-25T00:34:19.000Z</time>
   </trkpt>
   <trkpt lat="-8.114325" lon="-34.898375">
    <ele>9.4</ele>
    <time>2019-09-25T00:34:20.000Z</time>
   </trkpt>
   <trkpt lat="-8.114326" lon="-34.898409">
    <ele>9.4</ele>
    <time>2019-09-25T00:34:21.000Z</time>
   </trkpt>
   <trkpt lat="-8.114308" lon="-34.898438">
    <ele>9.4</ele>
    <time>2019-09-25T00:34:22.000Z</time>
   </trkpt>
   <trkpt lat="-8.114302" lon="-34.898479">
    <ele>9.4</ele>
    <time>2019-09-25T00:34:23.000Z</time>
   </trkpt>
   <trkpt lat="-8.114286" lon="-34.898516">
    <ele>9.4</ele>
    <time>2019-09-25T00:34:24.000Z</time>
   </trkpt>
   <trkpt lat="-8.114278" lon="-34.898554">
    <ele>9.3</ele>
    <time>2019-09-25T00:34:25.000Z</time>
   </trkpt>
   <trkpt lat="-8.114265" lon="-34.898595">
    <ele>9.3</ele>
    <time>2019-09-25T00:34:26.000Z</time>
   </trkpt>
   <trkpt lat="-8.114249" lon="-34.898632">
    <ele>9.2</ele>
    <time>2019-09-25T00:34:27.000Z</time>
   </trkpt>
   <trkpt lat="-8.11423" lon="-34.898674">
    <ele>9.1</ele>
    <time>2019-09-25T00:34:28.000Z</time>
   </trkpt>
   <trkpt lat="-8.114219" lon="-34.898714">
    <ele>9.1</ele>
    <time>2019-09-25T00:34:29.000Z</time>
   </trkpt>
   <trkpt lat="-8.114204" lon="-34.898758">
    <ele>9.1</ele>
    <time>2019-09-25T00:34:30.000Z</time>
   </trkpt>
   <trkpt lat="-8.114179" lon="-34.898789">
    <ele>9.1</ele>
    <time>2019-09-25T00:34:31.000Z</time>
   </trkpt>
   <trkpt lat="-8.114159" lon="-34.898826">
    <ele>9.1</ele>
    <time>2019-09-25T00:34:32.000Z</time>
   </trkpt>
   <trkpt lat="-8.114138" lon="-34.898862">
    <ele>9</ele>
    <time>2019-09-25T00:34:33.000Z</time>
   </trkpt>
   <trkpt lat="-8.11411" lon="-34.898904">
    <ele>9</ele>
    <time>2019-09-25T00:34:34.000Z</time>
   </trkpt>
   <trkpt lat="-8.114101" lon="-34.89893">
    <ele>9</ele>
    <time>2019-09-25T00:34:35.000Z</time>
   </trkpt>
   <trkpt lat="-8.114088" lon="-34.898972">
    <ele>8.9</ele>
    <time>2019-09-25T00:34:36.000Z</time>
   </trkpt>
   <trkpt lat="-8.114061" lon="-34.899008">
    <ele>8.9</ele>
    <time>2019-09-25T00:34:37.000Z</time>
   </trkpt>
   <trkpt lat="-8.114044" lon="-34.899036">
    <ele>8.9</ele>
    <time>2019-09-25T00:34:38.000Z</time>
   </trkpt>
   <trkpt lat="-8.114029" lon="-34.899061">
    <ele>8.9</ele>
    <time>2019-09-25T00:34:39.000Z</time>
   </trkpt>
   <trkpt lat="-8.114008" lon="-34.899092">
    <ele>8.9</ele>
    <time>2019-09-25T00:34:40.000Z</time>
   </trkpt>
   <trkpt lat="-8.113996" lon="-34.89912">
    <ele>8.9</ele>
    <time>2019-09-25T00:34:41.000Z</time>
   </trkpt>
   <trkpt lat="-8.113966" lon="-34.899147">
    <ele>8.9</ele>
    <time>2019-09-25T00:34:42.000Z</time>
   </trkpt>
   <trkpt lat="-8.11395" lon="-34.899185">
    <ele>9</ele>
    <time>2019-09-25T00:34:43.000Z</time>
   </trkpt>
   <trkpt lat="-8.113941" lon="-34.899218">
    <ele>9.1</ele>
    <time>2019-09-25T00:34:44.000Z</time>
   </trkpt>
   <trkpt lat="-8.113917" lon="-34.899244">
    <ele>9.2</ele>
    <time>2019-09-25T00:34:45.000Z</time>
   </trkpt>
   <trkpt lat="-8.113904" lon="-34.899281">
    <ele>9.3</ele>
    <time>2019-09-25T00:34:46.000Z</time>
   </trkpt>
   <trkpt lat="-8.113884" lon="-34.899308">
    <ele>9.4</ele>
    <time>2019-09-25T00:34:47.000Z</time>
   </trkpt>
   <trkpt lat="-8.113877" lon="-34.899351">
    <ele>9.4</ele>
    <time>2019-09-25T00:34:48.000Z</time>
   </trkpt>
   <trkpt lat="-8.113857" lon="-34.899412">
    <ele>9.4</ele>
    <time>2019-09-25T00:34:50.000Z</time>
   </trkpt>
   <trkpt lat="-8.113838" lon="-34.899449">
    <ele>9.3</ele>
    <time>2019-09-25T00:34:51.000Z</time>
   </trkpt>
   <trkpt lat="-8.113816" lon="-34.899483">
    <ele>9.2</ele>
    <time>2019-09-25T00:34:52.000Z</time>
   </trkpt>
   <trkpt lat="-8.113794" lon="-34.899508">
    <ele>9.1</ele>
    <time>2019-09-25T00:34:53.000Z</time>
   </trkpt>
   <trkpt lat="-8.113774" lon="-34.899535">
    <ele>9</ele>
    <time>2019-09-25T00:34:54.000Z</time>
   </trkpt>
   <trkpt lat="-8.113767" lon="-34.899562">
    <ele>8.8</ele>
    <time>2019-09-25T00:34:55.000Z</time>
   </trkpt>
   <trkpt lat="-8.113754" lon="-34.899595">
    <ele>8.7</ele>
    <time>2019-09-25T00:34:56.000Z</time>
   </trkpt>
   <trkpt lat="-8.113751" lon="-34.899634">
    <ele>8.5</ele>
    <time>2019-09-25T00:34:57.000Z</time>
   </trkpt>
   <trkpt lat="-8.113728" lon="-34.899666">
    <ele>8.4</ele>
    <time>2019-09-25T00:34:58.000Z</time>
   </trkpt>
   <trkpt lat="-8.113703" lon="-34.899699">
    <ele>8.2</ele>
    <time>2019-09-25T00:34:59.000Z</time>
   </trkpt>
   <trkpt lat="-8.113693" lon="-34.899734">
    <ele>8</ele>
    <time>2019-09-25T00:35:00.000Z</time>
   </trkpt>
   <trkpt lat="-8.113687" lon="-34.899769">
    <ele>7.9</ele>
    <time>2019-09-25T00:35:01.000Z</time>
   </trkpt>
   <trkpt lat="-8.113671" lon="-34.899811">
    <ele>7.7</ele>
    <time>2019-09-25T00:35:02.000Z</time>
   </trkpt>
   <trkpt lat="-8.113649" lon="-34.899845">
    <ele>7.6</ele>
    <time>2019-09-25T00:35:03.000Z</time>
   </trkpt>
   <trkpt lat="-8.113626" lon="-34.899885">
    <ele>7.4</ele>
    <time>2019-09-25T00:35:04.000Z</time>
   </trkpt>
   <trkpt lat="-8.113602" lon="-34.899914">
    <ele>7.2</ele>
    <time>2019-09-25T00:35:05.000Z</time>
   </trkpt>
   <trkpt lat="-8.113576" lon="-34.899947">
    <ele>7.1</ele>
    <time>2019-09-25T00:35:06.000Z</time>
   </trkpt>
   <trkpt lat="-8.113546" lon="-34.899987">
    <ele>6.8</ele>
    <time>2019-09-25T00:35:07.000Z</time>
   </trkpt>
   <trkpt lat="-8.113518" lon="-34.900018">
    <ele>6.7</ele>
    <time>2019-09-25T00:35:08.000Z</time>
   </trkpt>
   <trkpt lat="-8.113495" lon="-34.900052">
    <ele>6.5</ele>
    <time>2019-09-25T00:35:09.000Z</time>
   </trkpt>
   <trkpt lat="-8.113474" lon="-34.90009">
    <ele>6.2</ele>
    <time>2019-09-25T00:35:10.000Z</time>
   </trkpt>
   <trkpt lat="-8.113452" lon="-34.900125">
    <ele>6</ele>
    <time>2019-09-25T00:35:11.000Z</time>
   </trkpt>
   <trkpt lat="-8.113425" lon="-34.900167">
    <ele>6.1</ele>
    <time>2019-09-25T00:35:12.000Z</time>
   </trkpt>
   <trkpt lat="-8.113397" lon="-34.900205">
    <ele>6</ele>
    <time>2019-09-25T00:35:13.000Z</time>
   </trkpt>
   <trkpt lat="-8.113362" lon="-34.900244">
    <ele>5.6</ele>
    <time>2019-09-25T00:35:14.000Z</time>
   </trkpt>
   <trkpt lat="-8.113332" lon="-34.900286">
    <ele>5.2</ele>
    <time>2019-09-25T00:35:15.000Z</time>
   </trkpt>
   <trkpt lat="-8.113315" lon="-34.900331">
    <ele>4.9</ele>
    <time>2019-09-25T00:35:16.000Z</time>
   </trkpt>
   <trkpt lat="-8.113291" lon="-34.90037">
    <ele>4.6</ele>
    <time>2019-09-25T00:35:17.000Z</time>
   </trkpt>
   <trkpt lat="-8.113274" lon="-34.900419">
    <ele>4.4</ele>
    <time>2019-09-25T00:35:18.000Z</time>
   </trkpt>
   <trkpt lat="-8.113261" lon="-34.900471">
    <ele>4.4</ele>
    <time>2019-09-25T00:35:19.000Z</time>
   </trkpt>
   <trkpt lat="-8.113237" lon="-34.900516">
    <ele>4.3</ele>
    <time>2019-09-25T00:35:20.000Z</time>
   </trkpt>
   <trkpt lat="-8.113213" lon="-34.900555">
    <ele>4.3</ele>
    <time>2019-09-25T00:35:21.000Z</time>
   </trkpt>
   <trkpt lat="-8.113195" lon="-34.900596">
    <ele>4.1</ele>
    <time>2019-09-25T00:35:22.000Z</time>
   </trkpt>
   <trkpt lat="-8.113178" lon="-34.900633">
    <ele>4</ele>
    <time>2019-09-25T00:35:23.000Z</time>
   </trkpt>
   <trkpt lat="-8.113169" lon="-34.90067">
    <ele>3.8</ele>
    <time>2019-09-25T00:35:24.000Z</time>
   </trkpt>
   <trkpt lat="-8.113153" lon="-34.900705">
    <ele>3.6</ele>
    <time>2019-09-25T00:35:25.000Z</time>
   </trkpt>
   <trkpt lat="-8.113135" lon="-34.900741">
    <ele>3.4</ele>
    <time>2019-09-25T00:35:26.000Z</time>
   </trkpt>
   <trkpt lat="-8.113115" lon="-34.900778">
    <ele>3.2</ele>
    <time>2019-09-25T00:35:27.000Z</time>
   </trkpt>
   <trkpt lat="-8.113088" lon="-34.900812">
    <ele>2.9</ele>
    <time>2019-09-25T00:35:28.000Z</time>
   </trkpt>
   <trkpt lat="-8.113069" lon="-34.900846">
    <ele>2.7</ele>
    <time>2019-09-25T00:35:29.000Z</time>
   </trkpt>
   <trkpt lat="-8.113014" lon="-34.90088">
    <ele>2.4</ele>
    <time>2019-09-25T00:35:30.000Z</time>
   </trkpt>
   <trkpt lat="-8.112994" lon="-34.900916">
    <ele>2.2</ele>
    <time>2019-09-25T00:35:31.000Z</time>
   </trkpt>
   <trkpt lat="-8.112969" lon="-34.900946">
    <ele>2.1</ele>
    <time>2019-09-25T00:35:32.000Z</time>
   </trkpt>
   <trkpt lat="-8.11295" lon="-34.90098">
    <ele>2</ele>
    <time>2019-09-25T00:35:33.000Z</time>
   </trkpt>
   <trkpt lat="-8.112931" lon="-34.901017">
    <ele>1.9</ele>
    <time>2019-09-25T00:35:34.000Z</time>
   </trkpt>
   <trkpt lat="-8.112899" lon="-34.901052">
    <ele>2</ele>
    <time>2019-09-25T00:35:35.000Z</time>
   </trkpt>
   <trkpt lat="-8.112873" lon="-34.901086">
    <ele>2</ele>
    <time>2019-09-25T00:35:36.000Z</time>
   </trkpt>
   <trkpt lat="-8.112861" lon="-34.90113">
    <ele>2.1</ele>
    <time>2019-09-25T00:35:37.000Z</time>
   </trkpt>
   <trkpt lat="-8.112843" lon="-34.901171">
    <ele>2.2</ele>
    <time>2019-09-25T00:35:38.000Z</time>
   </trkpt>
   <trkpt lat="-8.112835" lon="-34.901217">
    <ele>2.3</ele>
    <time>2019-09-25T00:35:39.000Z</time>
   </trkpt>
   <trkpt lat="-8.112825" lon="-34.901261">
    <ele>2.5</ele>
    <time>2019-09-25T00:35:40.000Z</time>
   </trkpt>
   <trkpt lat="-8.112813" lon="-34.901299">
    <ele>2.6</ele>
    <time>2019-09-25T00:35:41.000Z</time>
   </trkpt>
   <trkpt lat="-8.112799" lon="-34.901335">
    <ele>2.8</ele>
    <time>2019-09-25T00:35:42.000Z</time>
   </trkpt>
   <trkpt lat="-8.11278" lon="-34.901369">
    <ele>2.9</ele>
    <time>2019-09-25T00:35:43.000Z</time>
   </trkpt>
   <trkpt lat="-8.112766" lon="-34.901403">
    <ele>3</ele>
    <time>2019-09-25T00:35:44.000Z</time>
   </trkpt>
   <trkpt lat="-8.112754" lon="-34.901439">
    <ele>3.2</ele>
    <time>2019-09-25T00:35:45.000Z</time>
   </trkpt>
   <trkpt lat="-8.112741" lon="-34.901475">
    <ele>3.3</ele>
    <time>2019-09-25T00:35:46.000Z</time>
   </trkpt>
   <trkpt lat="-8.112733" lon="-34.901516">
    <ele>3.4</ele>
    <time>2019-09-25T00:35:47.000Z</time>
   </trkpt>
   <trkpt lat="-8.112734" lon="-34.901563">
    <ele>3.6</ele>
    <time>2019-09-25T00:35:48.000Z</time>
   </trkpt>
   <trkpt lat="-8.112714" lon="-34.901604">
    <ele>3.7</ele>
    <time>2019-09-25T00:35:49.000Z</time>
   </trkpt>
   <trkpt lat="-8.11269" lon="-34.901642">
    <ele>3.8</ele>
    <time>2019-09-25T00:35:50.000Z</time>
   </trkpt>
   <trkpt lat="-8.112665" lon="-34.901676">
    <ele>3.8</ele>
    <time>2019-09-25T00:35:51.000Z</time>
   </trkpt>
   <trkpt lat="-8.112646" lon="-34.901709">
    <ele>3.8</ele>
    <time>2019-09-25T00:35:52.000Z</time>
   </trkpt>
   <trkpt lat="-8.112637" lon="-34.901741">
    <ele>4.1</ele>
    <time>2019-09-25T00:35:53.000Z</time>
   </trkpt>
   <trkpt lat="-8.11262" lon="-34.901774">
    <ele>4.4</ele>
    <time>2019-09-25T00:35:54.000Z</time>
   </trkpt>
   <trkpt lat="-8.112599" lon="-34.901811">
    <ele>4.7</ele>
    <time>2019-09-25T00:35:55.000Z</time>
   </trkpt>
   <trkpt lat="-8.11258" lon="-34.90185">
    <ele>4.9</ele>
    <time>2019-09-25T00:35:56.000Z</time>
   </trkpt>
   <trkpt lat="-8.112561" lon="-34.901887">
    <ele>5.2</ele>
    <time>2019-09-25T00:35:57.000Z</time>
   </trkpt>
   <trkpt lat="-8.112538" lon="-34.901921">
    <ele>5.5</ele>
    <time>2019-09-25T00:35:58.000Z</time>
   </trkpt>
   <trkpt lat="-8.112526" lon="-34.90196">
    <ele>5.7</ele>
    <time>2019-09-25T00:35:59.000Z</time>
   </trkpt>
   <trkpt lat="-8.112496" lon="-34.901999">
    <ele>6</ele>
    <time>2019-09-25T00:36:00.000Z</time>
   </trkpt>
   <trkpt lat="-8.112476" lon="-34.902043">
    <ele>6.2</ele>
    <time>2019-09-25T00:36:01.000Z</time>
   </trkpt>
   <trkpt lat="-8.112453" lon="-34.902089">
    <ele>6.5</ele>
    <time>2019-09-25T00:36:02.000Z</time>
   </trkpt>
   <trkpt lat="-8.112448" lon="-34.902145">
    <ele>6.7</ele>
    <time>2019-09-25T00:36:03.000Z</time>
   </trkpt>
   <trkpt lat="-8.112434" lon="-34.902192">
    <ele>7</ele>
    <time>2019-09-25T00:36:04.000Z</time>
   </trkpt>
   <trkpt lat="-8.112409" lon="-34.902229">
    <ele>7.2</ele>
    <time>2019-09-25T00:36:05.000Z</time>
   </trkpt>
   <trkpt lat="-8.112364" lon="-34.902255">
    <ele>7.7</ele>
    <time>2019-09-25T00:36:06.000Z</time>
   </trkpt>
   <trkpt lat="-8.112336" lon="-34.902297">
    <ele>7.9</ele>
    <time>2019-09-25T00:36:07.000Z</time>
   </trkpt>
   <trkpt lat="-8.112314" lon="-34.902342">
    <ele>7.9</ele>
    <time>2019-09-25T00:36:08.000Z</time>
   </trkpt>
   <trkpt lat="-8.112274" lon="-34.902379">
    <ele>7.9</ele>
    <time>2019-09-25T00:36:09.000Z</time>
   </trkpt>
   <trkpt lat="-8.11225" lon="-34.902423">
    <ele>7.9</ele>
    <time>2019-09-25T00:36:10.000Z</time>
   </trkpt>
   <trkpt lat="-8.11223" lon="-34.902471">
    <ele>7.8</ele>
    <time>2019-09-25T00:36:11.000Z</time>
   </trkpt>
   <trkpt lat="-8.112206" lon="-34.902518">
    <ele>7.8</ele>
    <time>2019-09-25T00:36:12.000Z</time>
   </trkpt>
   <trkpt lat="-8.112182" lon="-34.902566">
    <ele>7.8</ele>
    <time>2019-09-25T00:36:13.000Z</time>
   </trkpt>
   <trkpt lat="-8.112161" lon="-34.902615">
    <ele>7.8</ele>
    <time>2019-09-25T00:36:14.000Z</time>
   </trkpt>
   <trkpt lat="-8.112134" lon="-34.902658">
    <ele>7.8</ele>
    <time>2019-09-25T00:36:15.000Z</time>
   </trkpt>
   <trkpt lat="-8.112116" lon="-34.902703">
    <ele>7.9</ele>
    <time>2019-09-25T00:36:16.000Z</time>
   </trkpt>
   <trkpt lat="-8.112097" lon="-34.902743">
    <ele>7.9</ele>
    <time>2019-09-25T00:36:17.000Z</time>
   </trkpt>
   <trkpt lat="-8.112083" lon="-34.902785">
    <ele>7.9</ele>
    <time>2019-09-25T00:36:18.000Z</time>
   </trkpt>
   <trkpt lat="-8.112068" lon="-34.902824">
    <ele>7.9</ele>
    <time>2019-09-25T00:36:19.000Z</time>
   </trkpt>
   <trkpt lat="-8.112053" lon="-34.90286">
    <ele>7.9</ele>
    <time>2019-09-25T00:36:20.000Z</time>
   </trkpt>
   <trkpt lat="-8.112034" lon="-34.902899">
    <ele>8</ele>
    <time>2019-09-25T00:36:21.000Z</time>
   </trkpt>
   <trkpt lat="-8.112017" lon="-34.902942">
    <ele>8</ele>
    <time>2019-09-25T00:36:22.000Z</time>
   </trkpt>
   <trkpt lat="-8.111996" lon="-34.902982">
    <ele>8.1</ele>
    <time>2019-09-25T00:36:23.000Z</time>
   </trkpt>
   <trkpt lat="-8.11197" lon="-34.903022">
    <ele>8.2</ele>
    <time>2019-09-25T00:36:24.000Z</time>
   </trkpt>
   <trkpt lat="-8.111946" lon="-34.90306">
    <ele>8.2</ele>
    <time>2019-09-25T00:36:25.000Z</time>
   </trkpt>
   <trkpt lat="-8.111922" lon="-34.903099">
    <ele>8.3</ele>
    <time>2019-09-25T00:36:26.000Z</time>
   </trkpt>
   <trkpt lat="-8.111906" lon="-34.903138">
    <ele>8.3</ele>
    <time>2019-09-25T00:36:27.000Z</time>
   </trkpt>
   <trkpt lat="-8.111888" lon="-34.903174">
    <ele>8.4</ele>
    <time>2019-09-25T00:36:28.000Z</time>
   </trkpt>
   <trkpt lat="-8.111877" lon="-34.903217">
    <ele>8.4</ele>
    <time>2019-09-25T00:36:29.000Z</time>
   </trkpt>
   <trkpt lat="-8.111865" lon="-34.90326">
    <ele>8.5</ele>
    <time>2019-09-25T00:36:30.000Z</time>
   </trkpt>
   <trkpt lat="-8.111855" lon="-34.903304">
    <ele>8.6</ele>
    <time>2019-09-25T00:36:31.000Z</time>
   </trkpt>
   <trkpt lat="-8.111833" lon="-34.903347">
    <ele>8.6</ele>
    <time>2019-09-25T00:36:32.000Z</time>
   </trkpt>
   <trkpt lat="-8.111811" lon="-34.90339">
    <ele>8.7</ele>
    <time>2019-09-25T00:36:33.000Z</time>
   </trkpt>
   <trkpt lat="-8.111785" lon="-34.903433">
    <ele>8.7</ele>
    <time>2019-09-25T00:36:34.000Z</time>
   </trkpt>
   <trkpt lat="-8.111762" lon="-34.903473">
    <ele>8.8</ele>
    <time>2019-09-25T00:36:35.000Z</time>
   </trkpt>
   <trkpt lat="-8.111752" lon="-34.903517">
    <ele>8.9</ele>
    <time>2019-09-25T00:36:36.000Z</time>
   </trkpt>
   <trkpt lat="-8.111731" lon="-34.903549">
    <ele>8.9</ele>
    <time>2019-09-25T00:36:37.000Z</time>
   </trkpt>
   <trkpt lat="-8.111712" lon="-34.903585">
    <ele>9</ele>
    <time>2019-09-25T00:36:38.000Z</time>
   </trkpt>
   <trkpt lat="-8.111687" lon="-34.903618">
    <ele>8.7</ele>
    <time>2019-09-25T00:36:39.000Z</time>
   </trkpt>
   <trkpt lat="-8.111663" lon="-34.903655">
    <ele>8.4</ele>
    <time>2019-09-25T00:36:40.000Z</time>
   </trkpt>
   <trkpt lat="-8.111635" lon="-34.903693">
    <ele>8</ele>
    <time>2019-09-25T00:36:41.000Z</time>
   </trkpt>
   <trkpt lat="-8.11162" lon="-34.903734">
    <ele>7.7</ele>
    <time>2019-09-25T00:36:42.000Z</time>
   </trkpt>
   <trkpt lat="-8.111602" lon="-34.903775">
    <ele>7.4</ele>
    <time>2019-09-25T00:36:43.000Z</time>
   </trkpt>
   <trkpt lat="-8.111584" lon="-34.903815">
    <ele>7</ele>
    <time>2019-09-25T00:36:44.000Z</time>
   </trkpt>
   <trkpt lat="-8.111564" lon="-34.903856">
    <ele>7.1</ele>
    <time>2019-09-25T00:36:45.000Z</time>
   </trkpt>
   <trkpt lat="-8.111547" lon="-34.903898">
    <ele>7.2</ele>
    <time>2019-09-25T00:36:46.000Z</time>
   </trkpt>
   <trkpt lat="-8.111524" lon="-34.903936">
    <ele>7.3</ele>
    <time>2019-09-25T00:36:47.000Z</time>
   </trkpt>
   <trkpt lat="-8.111505" lon="-34.903976">
    <ele>7.4</ele>
    <time>2019-09-25T00:36:48.000Z</time>
   </trkpt>
   <trkpt lat="-8.111486" lon="-34.904018">
    <ele>7.5</ele>
    <time>2019-09-25T00:36:49.000Z</time>
   </trkpt>
   <trkpt lat="-8.111462" lon="-34.904062">
    <ele>7.6</ele>
    <time>2019-09-25T00:36:50.000Z</time>
   </trkpt>
   <trkpt lat="-8.111436" lon="-34.904107">
    <ele>7.7</ele>
    <time>2019-09-25T00:36:51.000Z</time>
   </trkpt>
   <trkpt lat="-8.11141" lon="-34.904152">
    <ele>7.8</ele>
    <time>2019-09-25T00:36:52.000Z</time>
   </trkpt>
   <trkpt lat="-8.111395" lon="-34.9042">
    <ele>7.9</ele>
    <time>2019-09-25T00:36:53.000Z</time>
   </trkpt>
   <trkpt lat="-8.111381" lon="-34.904248">
    <ele>8</ele>
    <time>2019-09-25T00:36:54.000Z</time>
   </trkpt>
   <trkpt lat="-8.111368" lon="-34.904292">
    <ele>8</ele>
    <time>2019-09-25T00:36:55.000Z</time>
   </trkpt>
   <trkpt lat="-8.111354" lon="-34.904332">
    <ele>8</ele>
    <time>2019-09-25T00:36:56.000Z</time>
   </trkpt>
   <trkpt lat="-8.111337" lon="-34.904371">
    <ele>7.8</ele>
    <time>2019-09-25T00:36:57.000Z</time>
   </trkpt>
   <trkpt lat="-8.111323" lon="-34.904413">
    <ele>7.7</ele>
    <time>2019-09-25T00:36:58.000Z</time>
   </trkpt>
   <trkpt lat="-8.111305" lon="-34.904455">
    <ele>7.5</ele>
    <time>2019-09-25T00:36:59.000Z</time>
   </trkpt>
   <trkpt lat="-8.111281" lon="-34.904496">
    <ele>7.4</ele>
    <time>2019-09-25T00:37:00.000Z</time>
   </trkpt>
   <trkpt lat="-8.111258" lon="-34.904537">
    <ele>7.6</ele>
    <time>2019-09-25T00:37:01.000Z</time>
   </trkpt>
   <trkpt lat="-8.111241" lon="-34.90458">
    <ele>7.8</ele>
    <time>2019-09-25T00:37:02.000Z</time>
   </trkpt>
   <trkpt lat="-8.11122" lon="-34.904622">
    <ele>8.2</ele>
    <time>2019-09-25T00:37:03.000Z</time>
   </trkpt>
   <trkpt lat="-8.111191" lon="-34.904658">
    <ele>8.6</ele>
    <time>2019-09-25T00:37:04.000Z</time>
   </trkpt>
   <trkpt lat="-8.111167" lon="-34.904696">
    <ele>8.7</ele>
    <time>2019-09-25T00:37:05.000Z</time>
   </trkpt>
   <trkpt lat="-8.111137" lon="-34.90473">
    <ele>8.9</ele>
    <time>2019-09-25T00:37:06.000Z</time>
   </trkpt>
   <trkpt lat="-8.111113" lon="-34.904764">
    <ele>9</ele>
    <time>2019-09-25T00:37:07.000Z</time>
   </trkpt>
   <trkpt lat="-8.111094" lon="-34.904798">
    <ele>9.1</ele>
    <time>2019-09-25T00:37:08.000Z</time>
   </trkpt>
   <trkpt lat="-8.111077" lon="-34.904835">
    <ele>9.1</ele>
    <time>2019-09-25T00:37:09.000Z</time>
   </trkpt>
   <trkpt lat="-8.111059" lon="-34.904872">
    <ele>9.2</ele>
    <time>2019-09-25T00:37:10.000Z</time>
   </trkpt>
   <trkpt lat="-8.111046" lon="-34.904912">
    <ele>9.3</ele>
    <time>2019-09-25T00:37:11.000Z</time>
   </trkpt>
   <trkpt lat="-8.111034" lon="-34.904951">
    <ele>9.4</ele>
    <time>2019-09-25T00:37:12.000Z</time>
   </trkpt>
   <trkpt lat="-8.111019" lon="-34.904989">
    <ele>9.4</ele>
    <time>2019-09-25T00:37:13.000Z</time>
   </trkpt>
   <trkpt lat="-8.111" lon="-34.905026">
    <ele>9.3</ele>
    <time>2019-09-25T00:37:14.000Z</time>
   </trkpt>
   <trkpt lat="-8.110982" lon="-34.905064">
    <ele>9.1</ele>
    <time>2019-09-25T00:37:15.000Z</time>
   </trkpt>
   <trkpt lat="-8.110968" lon="-34.905103">
    <ele>9</ele>
    <time>2019-09-25T00:37:16.000Z</time>
   </trkpt>
   <trkpt lat="-8.110949" lon="-34.905141">
    <ele>8.8</ele>
    <time>2019-09-25T00:37:17.000Z</time>
   </trkpt>
   <trkpt lat="-8.110929" lon="-34.905181">
    <ele>8.7</ele>
    <time>2019-09-25T00:37:18.000Z</time>
   </trkpt>
   <trkpt lat="-8.110919" lon="-34.905224">
    <ele>8.5</ele>
    <time>2019-09-25T00:37:19.000Z</time>
   </trkpt>
   <trkpt lat="-8.110899" lon="-34.905265">
    <ele>8.2</ele>
    <time>2019-09-25T00:37:20.000Z</time>
   </trkpt>
   <trkpt lat="-8.110882" lon="-34.905303">
    <ele>8</ele>
    <time>2019-09-25T00:37:21.000Z</time>
   </trkpt>
   <trkpt lat="-8.11086" lon="-34.905338">
    <ele>8</ele>
    <time>2019-09-25T00:37:22.000Z</time>
   </trkpt>
   <trkpt lat="-8.110836" lon="-34.905376">
    <ele>8</ele>
    <time>2019-09-25T00:37:23.000Z</time>
   </trkpt>
   <trkpt lat="-8.110817" lon="-34.905415">
    <ele>8.1</ele>
    <time>2019-09-25T00:37:24.000Z</time>
   </trkpt>
   <trkpt lat="-8.110789" lon="-34.905452">
    <ele>8.2</ele>
    <time>2019-09-25T00:37:25.000Z</time>
   </trkpt>
   <trkpt lat="-8.110766" lon="-34.905491">
    <ele>8.3</ele>
    <time>2019-09-25T00:37:26.000Z</time>
   </trkpt>
   <trkpt lat="-8.110743" lon="-34.90553">
    <ele>8.4</ele>
    <time>2019-09-25T00:37:27.000Z</time>
   </trkpt>
   <trkpt lat="-8.110721" lon="-34.905569">
    <ele>8.4</ele>
    <time>2019-09-25T00:37:28.000Z</time>
   </trkpt>
   <trkpt lat="-8.110703" lon="-34.90561">
    <ele>8.5</ele>
    <time>2019-09-25T00:37:29.000Z</time>
   </trkpt>
   <trkpt lat="-8.110676" lon="-34.90565">
    <ele>8.5</ele>
    <time>2019-09-25T00:37:30.000Z</time>
   </trkpt>
   <trkpt lat="-8.11065" lon="-34.905692">
    <ele>8.5</ele>
    <time>2019-09-25T00:37:31.000Z</time>
   </trkpt>
   <trkpt lat="-8.110631" lon="-34.905739">
    <ele>8.5</ele>
    <time>2019-09-25T00:37:32.000Z</time>
   </trkpt>
   <trkpt lat="-8.110614" lon="-34.905784">
    <ele>8.5</ele>
    <time>2019-09-25T00:37:33.000Z</time>
   </trkpt>
   <trkpt lat="-8.110592" lon="-34.905824">
    <ele>8.4</ele>
    <time>2019-09-25T00:37:34.000Z</time>
   </trkpt>
   <trkpt lat="-8.110574" lon="-34.905865">
    <ele>8.4</ele>
    <time>2019-09-25T00:37:35.000Z</time>
   </trkpt>
   <trkpt lat="-8.110554" lon="-34.905904">
    <ele>8.3</ele>
    <time>2019-09-25T00:37:36.000Z</time>
   </trkpt>
   <trkpt lat="-8.110535" lon="-34.905944">
    <ele>8.3</ele>
    <time>2019-09-25T00:37:37.000Z</time>
   </trkpt>
   <trkpt lat="-8.110516" lon="-34.905983">
    <ele>8.3</ele>
    <time>2019-09-25T00:37:38.000Z</time>
   </trkpt>
   <trkpt lat="-8.110499" lon="-34.906022">
    <ele>8.3</ele>
    <time>2019-09-25T00:37:39.000Z</time>
   </trkpt>
   <trkpt lat="-8.110487" lon="-34.906066">
    <ele>8.4</ele>
    <time>2019-09-25T00:37:40.000Z</time>
   </trkpt>
   <trkpt lat="-8.110464" lon="-34.906105">
    <ele>8.5</ele>
    <time>2019-09-25T00:37:41.000Z</time>
   </trkpt>
   <trkpt lat="-8.110444" lon="-34.906146">
    <ele>8.6</ele>
    <time>2019-09-25T00:37:42.000Z</time>
   </trkpt>
   <trkpt lat="-8.110421" lon="-34.906186">
    <ele>8.7</ele>
    <time>2019-09-25T00:37:43.000Z</time>
   </trkpt>
   <trkpt lat="-8.110401" lon="-34.906226">
    <ele>8.8</ele>
    <time>2019-09-25T00:37:44.000Z</time>
   </trkpt>
   <trkpt lat="-8.110382" lon="-34.906266">
    <ele>8.9</ele>
    <time>2019-09-25T00:37:45.000Z</time>
   </trkpt>
   <trkpt lat="-8.110372" lon="-34.90631">
    <ele>9</ele>
    <time>2019-09-25T00:37:46.000Z</time>
   </trkpt>
   <trkpt lat="-8.110357" lon="-34.906349">
    <ele>9</ele>
    <time>2019-09-25T00:37:47.000Z</time>
   </trkpt>
   <trkpt lat="-8.110341" lon="-34.906389">
    <ele>9</ele>
    <time>2019-09-25T00:37:48.000Z</time>
   </trkpt>
   <trkpt lat="-8.110325" lon="-34.906432">
    <ele>9</ele>
    <time>2019-09-25T00:37:49.000Z</time>
   </trkpt>
   <trkpt lat="-8.110307" lon="-34.906475">
    <ele>9</ele>
    <time>2019-09-25T00:37:50.000Z</time>
   </trkpt>
   <trkpt lat="-8.110284" lon="-34.906516">
    <ele>9</ele>
    <time>2019-09-25T00:37:51.000Z</time>
   </trkpt>
   <trkpt lat="-8.110254" lon="-34.906552">
    <ele>9</ele>
    <time>2019-09-25T00:37:52.000Z</time>
   </trkpt>
   <trkpt lat="-8.11023" lon="-34.906593">
    <ele>9</ele>
    <time>2019-09-25T00:37:53.000Z</time>
   </trkpt>
   <trkpt lat="-8.110205" lon="-34.906632">
    <ele>9</ele>
    <time>2019-09-25T00:37:54.000Z</time>
   </trkpt>
   <trkpt lat="-8.110179" lon="-34.906671">
    <ele>9</ele>
    <time>2019-09-25T00:37:55.000Z</time>
   </trkpt>
   <trkpt lat="-8.110161" lon="-34.906712">
    <ele>9</ele>
    <time>2019-09-25T00:37:56.000Z</time>
   </trkpt>
   <trkpt lat="-8.110147" lon="-34.906755">
    <ele>9</ele>
    <time>2019-09-25T00:37:57.000Z</time>
   </trkpt>
   <trkpt lat="-8.11013" lon="-34.906797">
    <ele>9</ele>
    <time>2019-09-25T00:37:58.000Z</time>
   </trkpt>
   <trkpt lat="-8.110106" lon="-34.906835">
    <ele>9</ele>
    <time>2019-09-25T00:37:59.000Z</time>
   </trkpt>
   <trkpt lat="-8.11009" lon="-34.906874">
    <ele>9</ele>
    <time>2019-09-25T00:38:00.000Z</time>
   </trkpt>
   <trkpt lat="-8.110068" lon="-34.906911">
    <ele>9</ele>
    <time>2019-09-25T00:38:01.000Z</time>
   </trkpt>
   <trkpt lat="-8.110046" lon="-34.906948">
    <ele>9</ele>
    <time>2019-09-25T00:38:02.000Z</time>
   </trkpt>
   <trkpt lat="-8.110021" lon="-34.906984">
    <ele>8.9</ele>
    <time>2019-09-25T00:38:03.000Z</time>
   </trkpt>
   <trkpt lat="-8.109999" lon="-34.907024">
    <ele>8.9</ele>
    <time>2019-09-25T00:38:04.000Z</time>
   </trkpt>
   <trkpt lat="-8.109973" lon="-34.90706">
    <ele>8.8</ele>
    <time>2019-09-25T00:38:05.000Z</time>
   </trkpt>
   <trkpt lat="-8.109958" lon="-34.907099">
    <ele>8.7</ele>
    <time>2019-09-25T00:38:06.000Z</time>
   </trkpt>
   <trkpt lat="-8.10994" lon="-34.907138">
    <ele>8.5</ele>
    <time>2019-09-25T00:38:07.000Z</time>
   </trkpt>
   <trkpt lat="-8.109916" lon="-34.907176">
    <ele>8.4</ele>
    <time>2019-09-25T00:38:08.000Z</time>
   </trkpt>
   <trkpt lat="-8.109889" lon="-34.907212">
    <ele>8.2</ele>
    <time>2019-09-25T00:38:09.000Z</time>
   </trkpt>
   <trkpt lat="-8.109879" lon="-34.907255">
    <ele>7.9</ele>
    <time>2019-09-25T00:38:10.000Z</time>
   </trkpt>
   <trkpt lat="-8.109862" lon="-34.907291">
    <ele>7.7</ele>
    <time>2019-09-25T00:38:11.000Z</time>
   </trkpt>
   <trkpt lat="-8.109848" lon="-34.907331">
    <ele>7.6</ele>
    <time>2019-09-25T00:38:12.000Z</time>
   </trkpt>
   <trkpt lat="-8.10983" lon="-34.907372">
    <ele>7.4</ele>
    <time>2019-09-25T00:38:13.000Z</time>
   </trkpt>
   <trkpt lat="-8.109812" lon="-34.907414">
    <ele>7.2</ele>
    <time>2019-09-25T00:38:14.000Z</time>
   </trkpt>
   <trkpt lat="-8.109802" lon="-34.907459">
    <ele>7.1</ele>
    <time>2019-09-25T00:38:15.000Z</time>
   </trkpt>
   <trkpt lat="-8.109764" lon="-34.907491">
    <ele>7</ele>
    <time>2019-09-25T00:38:16.000Z</time>
   </trkpt>
   <trkpt lat="-8.109744" lon="-34.907529">
    <ele>7</ele>
    <time>2019-09-25T00:38:17.000Z</time>
   </trkpt>
   <trkpt lat="-8.109741" lon="-34.907576">
    <ele>7.1</ele>
    <time>2019-09-25T00:38:18.000Z</time>
   </trkpt>
   <trkpt lat="-8.10973" lon="-34.907619">
    <ele>7.5</ele>
    <time>2019-09-25T00:38:19.000Z</time>
   </trkpt>
   <trkpt lat="-8.10972" lon="-34.907659">
    <ele>7.7</ele>
    <time>2019-09-25T00:38:20.000Z</time>
   </trkpt>
   <trkpt lat="-8.109708" lon="-34.907698">
    <ele>8</ele>
    <time>2019-09-25T00:38:21.000Z</time>
   </trkpt>
   <trkpt lat="-8.109703" lon="-34.907738">
    <ele>8.2</ele>
    <time>2019-09-25T00:38:22.000Z</time>
   </trkpt>
   <trkpt lat="-8.1097" lon="-34.907778">
    <ele>8.5</ele>
    <time>2019-09-25T00:38:23.000Z</time>
   </trkpt>
   <trkpt lat="-8.109697" lon="-34.90782">
    <ele>8.8</ele>
    <time>2019-09-25T00:38:24.000Z</time>
   </trkpt>
   <trkpt lat="-8.109691" lon="-34.907864">
    <ele>9.1</ele>
    <time>2019-09-25T00:38:25.000Z</time>
   </trkpt>
   <trkpt lat="-8.109681" lon="-34.907908">
    <ele>9.5</ele>
    <time>2019-09-25T00:38:26.000Z</time>
   </trkpt>
   <trkpt lat="-8.109667" lon="-34.907952">
    <ele>9.8</ele>
    <time>2019-09-25T00:38:27.000Z</time>
   </trkpt>
   <trkpt lat="-8.109655" lon="-34.907993">
    <ele>10</ele>
    <time>2019-09-25T00:38:28.000Z</time>
   </trkpt>
   <trkpt lat="-8.109646" lon="-34.908035">
    <ele>10.3</ele>
    <time>2019-09-25T00:38:29.000Z</time>
   </trkpt>
   <trkpt lat="-8.109636" lon="-34.908075">
    <ele>10.5</ele>
    <time>2019-09-25T00:38:30.000Z</time>
   </trkpt>
   <trkpt lat="-8.109627" lon="-34.908115">
    <ele>10.7</ele>
    <time>2019-09-25T00:38:31.000Z</time>
   </trkpt>
   <trkpt lat="-8.109599" lon="-34.908153">
    <ele>11</ele>
    <time>2019-09-25T00:38:32.000Z</time>
   </trkpt>
   <trkpt lat="-8.109596" lon="-34.908195">
    <ele>10.9</ele>
    <time>2019-09-25T00:38:33.000Z</time>
   </trkpt>
   <trkpt lat="-8.109591" lon="-34.908237">
    <ele>10.7</ele>
    <time>2019-09-25T00:38:34.000Z</time>
   </trkpt>
   <trkpt lat="-8.10958" lon="-34.908278">
    <ele>10.6</ele>
    <time>2019-09-25T00:38:35.000Z</time>
   </trkpt>
   <trkpt lat="-8.10957" lon="-34.908318">
    <ele>10.5</ele>
    <time>2019-09-25T00:38:36.000Z</time>
   </trkpt>
   <trkpt lat="-8.109561" lon="-34.908359">
    <ele>10.3</ele>
    <time>2019-09-25T00:38:37.000Z</time>
   </trkpt>
   <trkpt lat="-8.109557" lon="-34.908401">
    <ele>10.2</ele>
    <time>2019-09-25T00:38:38.000Z</time>
   </trkpt>
   <trkpt lat="-8.109552" lon="-34.908444">
    <ele>10.2</ele>
    <time>2019-09-25T00:38:39.000Z</time>
   </trkpt>
   <trkpt lat="-8.109546" lon="-34.908485">
    <ele>10.1</ele>
    <time>2019-09-25T00:38:40.000Z</time>
   </trkpt>
   <trkpt lat="-8.109542" lon="-34.908527">
    <ele>10.1</ele>
    <time>2019-09-25T00:38:41.000Z</time>
   </trkpt>
   <trkpt lat="-8.109539" lon="-34.90857">
    <ele>10</ele>
    <time>2019-09-25T00:38:42.000Z</time>
   </trkpt>
   <trkpt lat="-8.109535" lon="-34.908611">
    <ele>10</ele>
    <time>2019-09-25T00:38:43.000Z</time>
   </trkpt>
   <trkpt lat="-8.109532" lon="-34.908651">
    <ele>10</ele>
    <time>2019-09-25T00:38:44.000Z</time>
   </trkpt>
   <trkpt lat="-8.109528" lon="-34.908691">
    <ele>10</ele>
    <time>2019-09-25T00:38:45.000Z</time>
   </trkpt>
   <trkpt lat="-8.109519" lon="-34.908728">
    <ele>10</ele>
    <time>2019-09-25T00:38:46.000Z</time>
   </trkpt>
   <trkpt lat="-8.109508" lon="-34.908764">
    <ele>10</ele>
    <time>2019-09-25T00:38:47.000Z</time>
   </trkpt>
   <trkpt lat="-8.109514" lon="-34.908801">
    <ele>9.9</ele>
    <time>2019-09-25T00:38:48.000Z</time>
   </trkpt>
   <trkpt lat="-8.109508" lon="-34.908833">
    <ele>9.8</ele>
    <time>2019-09-25T00:38:49.000Z</time>
   </trkpt>
   <trkpt lat="-8.109501" lon="-34.908862">
    <ele>9.7</ele>
    <time>2019-09-25T00:38:50.000Z</time>
   </trkpt>
   <trkpt lat="-8.109496" lon="-34.908891">
    <ele>9.6</ele>
    <time>2019-09-25T00:38:51.000Z</time>
   </trkpt>
   <trkpt lat="-8.109493" lon="-34.908926">
    <ele>9.5</ele>
    <time>2019-09-25T00:38:52.000Z</time>
   </trkpt>
   <trkpt lat="-8.109491" lon="-34.908971">
    <ele>9.4</ele>
    <time>2019-09-25T00:38:53.000Z</time>
   </trkpt>
   <trkpt lat="-8.109517" lon="-34.909021">
    <ele>9.2</ele>
    <time>2019-09-25T00:38:54.000Z</time>
   </trkpt>
   <trkpt lat="-8.109497" lon="-34.909065">
    <ele>9.1</ele>
    <time>2019-09-25T00:38:55.000Z</time>
   </trkpt>
   <trkpt lat="-8.109484" lon="-34.909114">
    <ele>8.9</ele>
    <time>2019-09-25T00:38:56.000Z</time>
   </trkpt>
   <trkpt lat="-8.109467" lon="-34.909161">
    <ele>8.8</ele>
    <time>2019-09-25T00:38:57.000Z</time>
   </trkpt>
   <trkpt lat="-8.109459" lon="-34.909207">
    <ele>8.6</ele>
    <time>2019-09-25T00:38:58.000Z</time>
   </trkpt>
   <trkpt lat="-8.10945" lon="-34.909254">
    <ele>8.4</ele>
    <time>2019-09-25T00:38:59.000Z</time>
   </trkpt>
   <trkpt lat="-8.10945" lon="-34.909302">
    <ele>8.3</ele>
    <time>2019-09-25T00:39:00.000Z</time>
   </trkpt>
   <trkpt lat="-8.109435" lon="-34.909349">
    <ele>8.1</ele>
    <time>2019-09-25T00:39:01.000Z</time>
   </trkpt>
   <trkpt lat="-8.10943" lon="-34.909394">
    <ele>7.9</ele>
    <time>2019-09-25T00:39:02.000Z</time>
   </trkpt>
   <trkpt lat="-8.109415" lon="-34.909436">
    <ele>7.7</ele>
    <time>2019-09-25T00:39:03.000Z</time>
   </trkpt>
   <trkpt lat="-8.109373" lon="-34.909473">
    <ele>7.4</ele>
    <time>2019-09-25T00:39:04.000Z</time>
   </trkpt>
   <trkpt lat="-8.109362" lon="-34.909514">
    <ele>7.2</ele>
    <time>2019-09-25T00:39:05.000Z</time>
   </trkpt>
   <trkpt lat="-8.109362" lon="-34.909555">
    <ele>6.9</ele>
    <time>2019-09-25T00:39:06.000Z</time>
   </trkpt>
   <trkpt lat="-8.109358" lon="-34.909596">
    <ele>6.7</ele>
    <time>2019-09-25T00:39:07.000Z</time>
   </trkpt>
   <trkpt lat="-8.109352" lon="-34.909636">
    <ele>6.5</ele>
    <time>2019-09-25T00:39:08.000Z</time>
   </trkpt>
   <trkpt lat="-8.109345" lon="-34.909677">
    <ele>6.4</ele>
    <time>2019-09-25T00:39:09.000Z</time>
   </trkpt>
   <trkpt lat="-8.109331" lon="-34.909719">
    <ele>6.2</ele>
    <time>2019-09-25T00:39:10.000Z</time>
   </trkpt>
   <trkpt lat="-8.109313" lon="-34.909756">
    <ele>6</ele>
    <time>2019-09-25T00:39:11.000Z</time>
   </trkpt>
   <trkpt lat="-8.109292" lon="-34.909791">
    <ele>6.1</ele>
    <time>2019-09-25T00:39:12.000Z</time>
   </trkpt>
   <trkpt lat="-8.109283" lon="-34.909829">
    <ele>6.2</ele>
    <time>2019-09-25T00:39:13.000Z</time>
   </trkpt>
   <trkpt lat="-8.109276" lon="-34.909869">
    <ele>6.3</ele>
    <time>2019-09-25T00:39:14.000Z</time>
   </trkpt>
   <trkpt lat="-8.109273" lon="-34.909911">
    <ele>6.4</ele>
    <time>2019-09-25T00:39:15.000Z</time>
   </trkpt>
   <trkpt lat="-8.109269" lon="-34.90995">
    <ele>6.5</ele>
    <time>2019-09-25T00:39:16.000Z</time>
   </trkpt>
   <trkpt lat="-8.10926" lon="-34.909989">
    <ele>6.7</ele>
    <time>2019-09-25T00:39:17.000Z</time>
   </trkpt>
   <trkpt lat="-8.109251" lon="-34.910028">
    <ele>6.9</ele>
    <time>2019-09-25T00:39:18.000Z</time>
   </trkpt>
   <trkpt lat="-8.109242" lon="-34.910068">
    <ele>7</ele>
    <time>2019-09-25T00:39:19.000Z</time>
   </trkpt>
   <trkpt lat="-8.109238" lon="-34.910109">
    <ele>7.2</ele>
    <time>2019-09-25T00:39:20.000Z</time>
   </trkpt>
   <trkpt lat="-8.109224" lon="-34.910145">
    <ele>7.4</ele>
    <time>2019-09-25T00:39:21.000Z</time>
   </trkpt>
   <trkpt lat="-8.109217" lon="-34.910184">
    <ele>7.5</ele>
    <time>2019-09-25T00:39:22.000Z</time>
   </trkpt>
   <trkpt lat="-8.109212" lon="-34.910224">
    <ele>7.7</ele>
    <time>2019-09-25T00:39:23.000Z</time>
   </trkpt>
   <trkpt lat="-8.109191" lon="-34.910262">
    <ele>8</ele>
    <time>2019-09-25T00:39:24.000Z</time>
   </trkpt>
   <trkpt lat="-8.109183" lon="-34.910299">
    <ele>8.4</ele>
    <time>2019-09-25T00:39:25.000Z</time>
   </trkpt>
   <trkpt lat="-8.109177" lon="-34.910336">
    <ele>8.8</ele>
    <time>2019-09-25T00:39:26.000Z</time>
   </trkpt>
   <trkpt lat="-8.109189" lon="-34.910376">
    <ele>9.2</ele>
    <time>2019-09-25T00:39:27.000Z</time>
   </trkpt>
   <trkpt lat="-8.109194" lon="-34.910417">
    <ele>9.6</ele>
    <time>2019-09-25T00:39:28.000Z</time>
   </trkpt>
   <trkpt lat="-8.109192" lon="-34.910458">
    <ele>10</ele>
    <time>2019-09-25T00:39:29.000Z</time>
   </trkpt>
   <trkpt lat="-8.109186" lon="-34.910496">
    <ele>9.6</ele>
    <time>2019-09-25T00:39:30.000Z</time>
   </trkpt>
   <trkpt lat="-8.109187" lon="-34.910536">
    <ele>9.5</ele>
    <time>2019-09-25T00:39:31.000Z</time>
   </trkpt>
   <trkpt lat="-8.109181" lon="-34.910571">
    <ele>9.4</ele>
    <time>2019-09-25T00:39:32.000Z</time>
   </trkpt>
   <trkpt lat="-8.109175" lon="-34.910608">
    <ele>9.3</ele>
    <time>2019-09-25T00:39:33.000Z</time>
   </trkpt>
   <trkpt lat="-8.109168" lon="-34.910646">
    <ele>9.1</ele>
    <time>2019-09-25T00:39:34.000Z</time>
   </trkpt>
   <trkpt lat="-8.109158" lon="-34.910681">
    <ele>9</ele>
    <time>2019-09-25T00:39:35.000Z</time>
   </trkpt>
   <trkpt lat="-8.109154" lon="-34.91072">
    <ele>8.9</ele>
    <time>2019-09-25T00:39:36.000Z</time>
   </trkpt>
   <trkpt lat="-8.109148" lon="-34.910754">
    <ele>8.8</ele>
    <time>2019-09-25T00:39:37.000Z</time>
   </trkpt>
   <trkpt lat="-8.109144" lon="-34.910788">
    <ele>8.6</ele>
    <time>2019-09-25T00:39:38.000Z</time>
   </trkpt>
   <trkpt lat="-8.109134" lon="-34.91082">
    <ele>8.5</ele>
    <time>2019-09-25T00:39:39.000Z</time>
   </trkpt>
   <trkpt lat="-8.109128" lon="-34.91085">
    <ele>8.3</ele>
    <time>2019-09-25T00:39:40.000Z</time>
   </trkpt>
   <trkpt lat="-8.109124" lon="-34.910879">
    <ele>8.2</ele>
    <time>2019-09-25T00:39:41.000Z</time>
   </trkpt>
   <trkpt lat="-8.109111" lon="-34.910907">
    <ele>8.1</ele>
    <time>2019-09-25T00:39:42.000Z</time>
   </trkpt>
   <trkpt lat="-8.109081" lon="-34.910934">
    <ele>7.9</ele>
    <time>2019-09-25T00:39:43.000Z</time>
   </trkpt>
   <trkpt lat="-8.10907" lon="-34.910967">
    <ele>7.7</ele>
    <time>2019-09-25T00:39:44.000Z</time>
   </trkpt>
   <trkpt lat="-8.109058" lon="-34.911001">
    <ele>7.5</ele>
    <time>2019-09-25T00:39:45.000Z</time>
   </trkpt>
   <trkpt lat="-8.109049" lon="-34.911035">
    <ele>7.2</ele>
    <time>2019-09-25T00:39:46.000Z</time>
   </trkpt>
   <trkpt lat="-8.109049" lon="-34.911071">
    <ele>7</ele>
    <time>2019-09-25T00:39:47.000Z</time>
   </trkpt>
   <trkpt lat="-8.109052" lon="-34.911108">
    <ele>7.2</ele>
    <time>2019-09-25T00:39:48.000Z</time>
   </trkpt>
   <trkpt lat="-8.10905" lon="-34.911147">
    <ele>7.4</ele>
    <time>2019-09-25T00:39:49.000Z</time>
   </trkpt>
   <trkpt lat="-8.109048" lon="-34.911186">
    <ele>7.5</ele>
    <time>2019-09-25T00:39:50.000Z</time>
   </trkpt>
   <trkpt lat="-8.109042" lon="-34.911223">
    <ele>7.6</ele>
    <time>2019-09-25T00:39:51.000Z</time>
   </trkpt>
   <trkpt lat="-8.109044" lon="-34.911258">
    <ele>7.8</ele>
    <time>2019-09-25T00:39:52.000Z</time>
   </trkpt>
   <trkpt lat="-8.109044" lon="-34.911288">
    <ele>7.8</ele>
    <time>2019-09-25T00:39:53.000Z</time>
   </trkpt>
   <trkpt lat="-8.109044" lon="-34.91132">
    <ele>7.9</ele>
    <time>2019-09-25T00:39:54.000Z</time>
   </trkpt>
   <trkpt lat="-8.109041" lon="-34.911352">
    <ele>8</ele>
    <time>2019-09-25T00:39:55.000Z</time>
   </trkpt>
   <trkpt lat="-8.109039" lon="-34.911385">
    <ele>8.1</ele>
    <time>2019-09-25T00:39:56.000Z</time>
   </trkpt>
   <trkpt lat="-8.109027" lon="-34.911413">
    <ele>8.2</ele>
    <time>2019-09-25T00:39:57.000Z</time>
   </trkpt>
   <trkpt lat="-8.109017" lon="-34.911441">
    <ele>8.3</ele>
    <time>2019-09-25T00:39:58.000Z</time>
   </trkpt>
   <trkpt lat="-8.109021" lon="-34.911469">
    <ele>8.4</ele>
    <time>2019-09-25T00:39:59.000Z</time>
   </trkpt>
   <trkpt lat="-8.109017" lon="-34.911518">
    <ele>8.6</ele>
    <time>2019-09-25T00:40:01.000Z</time>
   </trkpt>
   <trkpt lat="-8.109005" lon="-34.911554">
    <ele>8.7</ele>
    <time>2019-09-25T00:40:03.000Z</time>
   </trkpt>
   <trkpt lat="-8.108977" lon="-34.911561">
    <ele>8.8</ele>
    <time>2019-09-25T00:40:09.000Z</time>
   </trkpt>
   <trkpt lat="-8.108941" lon="-34.911596">
    <ele>9</ele>
    <time>2019-09-25T00:40:52.000Z</time>
   </trkpt>
   <trkpt lat="-8.108928" lon="-34.911645">
    <ele>9.2</ele>
    <time>2019-09-25T00:40:54.000Z</time>
   </trkpt>
   <trkpt lat="-8.108916" lon="-34.911694">
    <ele>9.5</ele>
    <time>2019-09-25T00:40:56.000Z</time>
   </trkpt>
   <trkpt lat="-8.108905" lon="-34.911723">
    <ele>10.1</ele>
    <time>2019-09-25T00:40:58.000Z</time>
   </trkpt>
   <trkpt lat="-8.108853" lon="-34.911745">
    <ele>10.2</ele>
    <time>2019-09-25T00:41:01.000Z</time>
   </trkpt>
   <trkpt lat="-8.108823" lon="-34.91175">
    <ele>10.2</ele>
    <time>2019-09-25T00:41:02.000Z</time>
   </trkpt>
   <trkpt lat="-8.108795" lon="-34.911747">
    <ele>10.2</ele>
    <time>2019-09-25T00:41:03.000Z</time>
   </trkpt>
   <trkpt lat="-8.108766" lon="-34.911733">
    <ele>10.3</ele>
    <time>2019-09-25T00:41:04.000Z</time>
   </trkpt>
   <trkpt lat="-8.108742" lon="-34.911717">
    <ele>10.3</ele>
    <time>2019-09-25T00:41:05.000Z</time>
   </trkpt>
   <trkpt lat="-8.108711" lon="-34.91172">
    <ele>10.4</ele>
    <time>2019-09-25T00:41:06.000Z</time>
   </trkpt>
   <trkpt lat="-8.108681" lon="-34.911718">
    <ele>10.4</ele>
    <time>2019-09-25T00:41:07.000Z</time>
   </trkpt>
   <trkpt lat="-8.108651" lon="-34.911711">
    <ele>10.5</ele>
    <time>2019-09-25T00:41:08.000Z</time>
   </trkpt>
   <trkpt lat="-8.10862" lon="-34.9117">
    <ele>10.5</ele>
    <time>2019-09-25T00:41:09.000Z</time>
   </trkpt>
   <trkpt lat="-8.108585" lon="-34.911695">
    <ele>10.6</ele>
    <time>2019-09-25T00:41:10.000Z</time>
   </trkpt>
   <trkpt lat="-8.108552" lon="-34.911679">
    <ele>10.6</ele>
    <time>2019-09-25T00:41:11.000Z</time>
   </trkpt>
   <trkpt lat="-8.108518" lon="-34.91167">
    <ele>10.7</ele>
    <time>2019-09-25T00:41:12.000Z</time>
   </trkpt>
   <trkpt lat="-8.108486" lon="-34.911662">
    <ele>10.7</ele>
    <time>2019-09-25T00:41:13.000Z</time>
   </trkpt>
   <trkpt lat="-8.108451" lon="-34.911664">
    <ele>10.8</ele>
    <time>2019-09-25T00:41:14.000Z</time>
   </trkpt>
   <trkpt lat="-8.108419" lon="-34.911658">
    <ele>10.8</ele>
    <time>2019-09-25T00:41:15.000Z</time>
   </trkpt>
   <trkpt lat="-8.108385" lon="-34.911655">
    <ele>10.9</ele>
    <time>2019-09-25T00:41:16.000Z</time>
   </trkpt>
   <trkpt lat="-8.108352" lon="-34.91165">
    <ele>10.9</ele>
    <time>2019-09-25T00:41:17.000Z</time>
   </trkpt>
   <trkpt lat="-8.108321" lon="-34.911642">
    <ele>10.9</ele>
    <time>2019-09-25T00:41:18.000Z</time>
   </trkpt>
   <trkpt lat="-8.10829" lon="-34.911634">
    <ele>10.9</ele>
    <time>2019-09-25T00:41:19.000Z</time>
   </trkpt>
   <trkpt lat="-8.108263" lon="-34.911628">
    <ele>10.9</ele>
    <time>2019-09-25T00:41:20.000Z</time>
   </trkpt>
   <trkpt lat="-8.108233" lon="-34.911622">
    <ele>10.9</ele>
    <time>2019-09-25T00:41:21.000Z</time>
   </trkpt>
   <trkpt lat="-8.1082" lon="-34.911616">
    <ele>11</ele>
    <time>2019-09-25T00:41:22.000Z</time>
   </trkpt>
   <trkpt lat="-8.108165" lon="-34.911607">
    <ele>11</ele>
    <time>2019-09-25T00:41:23.000Z</time>
   </trkpt>
   <trkpt lat="-8.108121" lon="-34.9116">
    <ele>11</ele>
    <time>2019-09-25T00:41:24.000Z</time>
   </trkpt>
   <trkpt lat="-8.108075" lon="-34.91159">
    <ele>10.4</ele>
    <time>2019-09-25T00:41:25.000Z</time>
   </trkpt>
   <trkpt lat="-8.108023" lon="-34.911582">
    <ele>9.8</ele>
    <time>2019-09-25T00:41:26.000Z</time>
   </trkpt>
   <trkpt lat="-8.107971" lon="-34.911574">
    <ele>9.3</ele>
    <time>2019-09-25T00:41:27.000Z</time>
   </trkpt>
   <trkpt lat="-8.107921" lon="-34.911563">
    <ele>8.8</ele>
    <time>2019-09-25T00:41:28.000Z</time>
   </trkpt>
   <trkpt lat="-8.10787" lon="-34.911555">
    <ele>8.4</ele>
    <time>2019-09-25T00:41:29.000Z</time>
   </trkpt>
   <trkpt lat="-8.107819" lon="-34.911544">
    <ele>7.9</ele>
    <time>2019-09-25T00:41:30.000Z</time>
   </trkpt>
   <trkpt lat="-8.10777" lon="-34.911533">
    <ele>7.5</ele>
    <time>2019-09-25T00:41:31.000Z</time>
   </trkpt>
   <trkpt lat="-8.107724" lon="-34.911526">
    <ele>7.1</ele>
    <time>2019-09-25T00:41:32.000Z</time>
   </trkpt>
   <trkpt lat="-8.107675" lon="-34.911518">
    <ele>6.7</ele>
    <time>2019-09-25T00:41:33.000Z</time>
   </trkpt>
   <trkpt lat="-8.107636" lon="-34.911502">
    <ele>6.3</ele>
    <time>2019-09-25T00:41:34.000Z</time>
   </trkpt>
   <trkpt lat="-8.107586" lon="-34.911492">
    <ele>6</ele>
    <time>2019-09-25T00:41:35.000Z</time>
   </trkpt>
   <trkpt lat="-8.107542" lon="-34.911479">
    <ele>6.1</ele>
    <time>2019-09-25T00:41:36.000Z</time>
   </trkpt>
   <trkpt lat="-8.107505" lon="-34.911472">
    <ele>6.2</ele>
    <time>2019-09-25T00:41:37.000Z</time>
   </trkpt>
   <trkpt lat="-8.10747" lon="-34.911461">
    <ele>6.3</ele>
    <time>2019-09-25T00:41:38.000Z</time>
   </trkpt>
   <trkpt lat="-8.107425" lon="-34.911451">
    <ele>6.4</ele>
    <time>2019-09-25T00:41:39.000Z</time>
   </trkpt>
   <trkpt lat="-8.107381" lon="-34.911442">
    <ele>6.5</ele>
    <time>2019-09-25T00:41:40.000Z</time>
   </trkpt>
   <trkpt lat="-8.107336" lon="-34.911434">
    <ele>6.6</ele>
    <time>2019-09-25T00:41:41.000Z</time>
   </trkpt>
   <trkpt lat="-8.107283" lon="-34.911422">
    <ele>6.8</ele>
    <time>2019-09-25T00:41:42.000Z</time>
   </trkpt>
   <trkpt lat="-8.107231" lon="-34.911412">
    <ele>6.9</ele>
    <time>2019-09-25T00:41:43.000Z</time>
   </trkpt>
   <trkpt lat="-8.107182" lon="-34.911403">
    <ele>6.9</ele>
    <time>2019-09-25T00:41:44.000Z</time>
   </trkpt>
   <trkpt lat="-8.107138" lon="-34.911397">
    <ele>7</ele>
    <time>2019-09-25T00:41:45.000Z</time>
   </trkpt>
   <trkpt lat="-8.107089" lon="-34.911385">
    <ele>7</ele>
    <time>2019-09-25T00:41:46.000Z</time>
   </trkpt>
   <trkpt lat="-8.107037" lon="-34.911375">
    <ele>7.1</ele>
    <time>2019-09-25T00:41:47.000Z</time>
   </trkpt>
   <trkpt lat="-8.106988" lon="-34.911363">
    <ele>7.2</ele>
    <time>2019-09-25T00:41:48.000Z</time>
   </trkpt>
   <trkpt lat="-8.106956" lon="-34.911359">
    <ele>7.3</ele>
    <time>2019-09-25T00:41:49.000Z</time>
   </trkpt>
   <trkpt lat="-8.106916" lon="-34.911354">
    <ele>7.4</ele>
    <time>2019-09-25T00:41:50.000Z</time>
   </trkpt>
   <trkpt lat="-8.106877" lon="-34.911345">
    <ele>7.5</ele>
    <time>2019-09-25T00:41:51.000Z</time>
   </trkpt>
   <trkpt lat="-8.10683" lon="-34.911338">
    <ele>7.6</ele>
    <time>2019-09-25T00:41:52.000Z</time>
   </trkpt>
   <trkpt lat="-8.106782" lon="-34.911327">
    <ele>7.7</ele>
    <time>2019-09-25T00:41:53.000Z</time>
   </trkpt>
   <trkpt lat="-8.106728" lon="-34.911315">
    <ele>7.8</ele>
    <time>2019-09-25T00:41:54.000Z</time>
   </trkpt>
   <trkpt lat="-8.106688" lon="-34.911306">
    <ele>7.9</ele>
    <time>2019-09-25T00:41:55.000Z</time>
   </trkpt>
   <trkpt lat="-8.106651" lon="-34.911303">
    <ele>7.9</ele>
    <time>2019-09-25T00:41:56.000Z</time>
   </trkpt>
   <trkpt lat="-8.106612" lon="-34.911302">
    <ele>7.9</ele>
    <time>2019-09-25T00:41:57.000Z</time>
   </trkpt>
   <trkpt lat="-8.106568" lon="-34.911293">
    <ele>8</ele>
    <time>2019-09-25T00:41:58.000Z</time>
   </trkpt>
   <trkpt lat="-8.106528" lon="-34.91129">
    <ele>8</ele>
    <time>2019-09-25T00:41:59.000Z</time>
   </trkpt>
   <trkpt lat="-8.106483" lon="-34.911275">
    <ele>8</ele>
    <time>2019-09-25T00:42:00.000Z</time>
   </trkpt>
   <trkpt lat="-8.106449" lon="-34.911272">
    <ele>8</ele>
    <time>2019-09-25T00:42:01.000Z</time>
   </trkpt>
   <trkpt lat="-8.106413" lon="-34.911265">
    <ele>8</ele>
    <time>2019-09-25T00:42:02.000Z</time>
   </trkpt>
   <trkpt lat="-8.106377" lon="-34.911266">
    <ele>8</ele>
    <time>2019-09-25T00:42:03.000Z</time>
   </trkpt>
   <trkpt lat="-8.106344" lon="-34.911261">
    <ele>8</ele>
    <time>2019-09-25T00:42:04.000Z</time>
   </trkpt>
   <trkpt lat="-8.106307" lon="-34.911256">
    <ele>8</ele>
    <time>2019-09-25T00:42:05.000Z</time>
   </trkpt>
   <trkpt lat="-8.106269" lon="-34.911243">
    <ele>8</ele>
    <time>2019-09-25T00:42:06.000Z</time>
   </trkpt>
   <trkpt lat="-8.106227" lon="-34.911232">
    <ele>8</ele>
    <time>2019-09-25T00:42:07.000Z</time>
   </trkpt>
   <trkpt lat="-8.106185" lon="-34.91122">
    <ele>8</ele>
    <time>2019-09-25T00:42:08.000Z</time>
   </trkpt>
   <trkpt lat="-8.106137" lon="-34.911208">
    <ele>8</ele>
    <time>2019-09-25T00:42:09.000Z</time>
   </trkpt>
   <trkpt lat="-8.106093" lon="-34.911199">
    <ele>8</ele>
    <time>2019-09-25T00:42:10.000Z</time>
   </trkpt>
   <trkpt lat="-8.10605" lon="-34.911195">
    <ele>8</ele>
    <time>2019-09-25T00:42:11.000Z</time>
   </trkpt>
   <trkpt lat="-8.106009" lon="-34.911193">
    <ele>8</ele>
    <time>2019-09-25T00:42:12.000Z</time>
   </trkpt>
   <trkpt lat="-8.105973" lon="-34.911188">
    <ele>8</ele>
    <time>2019-09-25T00:42:13.000Z</time>
   </trkpt>
   <trkpt lat="-8.105933" lon="-34.91118">
    <ele>8</ele>
    <time>2019-09-25T00:42:14.000Z</time>
   </trkpt>
   <trkpt lat="-8.105893" lon="-34.911171">
    <ele>8</ele>
    <time>2019-09-25T00:42:15.000Z</time>
   </trkpt>
   <trkpt lat="-8.105843" lon="-34.911156">
    <ele>8</ele>
    <time>2019-09-25T00:42:16.000Z</time>
   </trkpt>
   <trkpt lat="-8.105797" lon="-34.911144">
    <ele>8</ele>
    <time>2019-09-25T00:42:17.000Z</time>
   </trkpt>
   <trkpt lat="-8.105751" lon="-34.911139">
    <ele>8</ele>
    <time>2019-09-25T00:42:18.000Z</time>
   </trkpt>
   <trkpt lat="-8.105712" lon="-34.911131">
    <ele>8</ele>
    <time>2019-09-25T00:42:19.000Z</time>
   </trkpt>
   <trkpt lat="-8.105675" lon="-34.911125">
    <ele>8</ele>
    <time>2019-09-25T00:42:20.000Z</time>
   </trkpt>
   <trkpt lat="-8.105634" lon="-34.911118">
    <ele>8</ele>
    <time>2019-09-25T00:42:21.000Z</time>
   </trkpt>
   <trkpt lat="-8.10559" lon="-34.911109">
    <ele>8</ele>
    <time>2019-09-25T00:42:22.000Z</time>
   </trkpt>
   <trkpt lat="-8.105555" lon="-34.911103">
    <ele>8</ele>
    <time>2019-09-25T00:42:23.000Z</time>
   </trkpt>
   <trkpt lat="-8.105519" lon="-34.911096">
    <ele>7.9</ele>
    <time>2019-09-25T00:42:24.000Z</time>
   </trkpt>
   <trkpt lat="-8.105476" lon="-34.911086">
    <ele>7.8</ele>
    <time>2019-09-25T00:42:25.000Z</time>
   </trkpt>
   <trkpt lat="-8.10542" lon="-34.911068">
    <ele>7.7</ele>
    <time>2019-09-25T00:42:26.000Z</time>
   </trkpt>
   <trkpt lat="-8.105373" lon="-34.911058">
    <ele>7.5</ele>
    <time>2019-09-25T00:42:27.000Z</time>
   </trkpt>
   <trkpt lat="-8.105332" lon="-34.911051">
    <ele>7.4</ele>
    <time>2019-09-25T00:42:28.000Z</time>
   </trkpt>
   <trkpt lat="-8.105294" lon="-34.911037">
    <ele>7.3</ele>
    <time>2019-09-25T00:42:29.000Z</time>
   </trkpt>
   <trkpt lat="-8.105255" lon="-34.911027">
    <ele>7.2</ele>
    <time>2019-09-25T00:42:30.000Z</time>
   </trkpt>
   <trkpt lat="-8.105217" lon="-34.911023">
    <ele>7</ele>
    <time>2019-09-25T00:42:31.000Z</time>
   </trkpt>
   <trkpt lat="-8.105168" lon="-34.911008">
    <ele>6.8</ele>
    <time>2019-09-25T00:42:32.000Z</time>
   </trkpt>
   <trkpt lat="-8.105124" lon="-34.910997">
    <ele>6.5</ele>
    <time>2019-09-25T00:42:33.000Z</time>
   </trkpt>
   <trkpt lat="-8.105079" lon="-34.910992">
    <ele>6.3</ele>
    <time>2019-09-25T00:42:34.000Z</time>
   </trkpt>
   <trkpt lat="-8.105032" lon="-34.91099">
    <ele>6.1</ele>
    <time>2019-09-25T00:42:35.000Z</time>
   </trkpt>
   <trkpt lat="-8.10498" lon="-34.910987">
    <ele>5.8</ele>
    <time>2019-09-25T00:42:36.000Z</time>
   </trkpt>
   <trkpt lat="-8.104939" lon="-34.91098">
    <ele>5.5</ele>
    <time>2019-09-25T00:42:37.000Z</time>
   </trkpt>
   <trkpt lat="-8.1049" lon="-34.910969">
    <ele>5</ele>
    <time>2019-09-25T00:42:38.000Z</time>
   </trkpt>
   <trkpt lat="-8.104856" lon="-34.910961">
    <ele>5</ele>
    <time>2019-09-25T00:42:39.000Z</time>
   </trkpt>
   <trkpt lat="-8.104819" lon="-34.910949">
    <ele>5</ele>
    <time>2019-09-25T00:42:40.000Z</time>
   </trkpt>
   <trkpt lat="-8.104772" lon="-34.91094">
    <ele>5.1</ele>
    <time>2019-09-25T00:42:41.000Z</time>
   </trkpt>
   <trkpt lat="-8.104724" lon="-34.91093">
    <ele>5.1</ele>
    <time>2019-09-25T00:42:42.000Z</time>
   </trkpt>
   <trkpt lat="-8.104682" lon="-34.910927">
    <ele>5.2</ele>
    <time>2019-09-25T00:42:43.000Z</time>
   </trkpt>
   <trkpt lat="-8.104642" lon="-34.910917">
    <ele>5.2</ele>
    <time>2019-09-25T00:42:44.000Z</time>
   </trkpt>
   <trkpt lat="-8.104607" lon="-34.910909">
    <ele>5.3</ele>
    <time>2019-09-25T00:42:45.000Z</time>
   </trkpt>
   <trkpt lat="-8.104558" lon="-34.910907">
    <ele>5.5</ele>
    <time>2019-09-25T00:42:46.000Z</time>
   </trkpt>
   <trkpt lat="-8.104516" lon="-34.910899">
    <ele>5.6</ele>
    <time>2019-09-25T00:42:47.000Z</time>
   </trkpt>
   <trkpt lat="-8.104473" lon="-34.910892">
    <ele>5.7</ele>
    <time>2019-09-25T00:42:48.000Z</time>
   </trkpt>
   <trkpt lat="-8.104436" lon="-34.910881">
    <ele>5.7</ele>
    <time>2019-09-25T00:42:49.000Z</time>
   </trkpt>
   <trkpt lat="-8.104395" lon="-34.910872">
    <ele>5.8</ele>
    <time>2019-09-25T00:42:50.000Z</time>
   </trkpt>
   <trkpt lat="-8.104361" lon="-34.910863">
    <ele>5.9</ele>
    <time>2019-09-25T00:42:51.000Z</time>
   </trkpt>
   <trkpt lat="-8.104328" lon="-34.910861">
    <ele>5.9</ele>
    <time>2019-09-25T00:42:52.000Z</time>
   </trkpt>
   <trkpt lat="-8.104292" lon="-34.910854">
    <ele>5.9</ele>
    <time>2019-09-25T00:42:53.000Z</time>
   </trkpt>
   <trkpt lat="-8.104251" lon="-34.910844">
    <ele>5.9</ele>
    <time>2019-09-25T00:42:54.000Z</time>
   </trkpt>
   <trkpt lat="-8.104217" lon="-34.910839">
    <ele>6</ele>
    <time>2019-09-25T00:42:55.000Z</time>
   </trkpt>
   <trkpt lat="-8.104176" lon="-34.910824">
    <ele>6</ele>
    <time>2019-09-25T00:42:56.000Z</time>
   </trkpt>
   <trkpt lat="-8.104141" lon="-34.910815">
    <ele>6</ele>
    <time>2019-09-25T00:42:57.000Z</time>
   </trkpt>
   <trkpt lat="-8.104108" lon="-34.910812">
    <ele>6</ele>
    <time>2019-09-25T00:42:58.000Z</time>
   </trkpt>
   <trkpt lat="-8.104073" lon="-34.910809">
    <ele>6</ele>
    <time>2019-09-25T00:42:59.000Z</time>
   </trkpt>
   <trkpt lat="-8.104032" lon="-34.910798">
    <ele>6</ele>
    <time>2019-09-25T00:43:00.000Z</time>
   </trkpt>
   <trkpt lat="-8.103994" lon="-34.910791">
    <ele>6</ele>
    <time>2019-09-25T00:43:01.000Z</time>
   </trkpt>
   <trkpt lat="-8.103946" lon="-34.910786">
    <ele>6</ele>
    <time>2019-09-25T00:43:02.000Z</time>
   </trkpt>
   <trkpt lat="-8.103907" lon="-34.910783">
    <ele>6</ele>
    <time>2019-09-25T00:43:03.000Z</time>
   </trkpt>
   <trkpt lat="-8.103863" lon="-34.910775">
    <ele>6</ele>
    <time>2019-09-25T00:43:04.000Z</time>
   </trkpt>
   <trkpt lat="-8.103826" lon="-34.910761">
    <ele>6</ele>
    <time>2019-09-25T00:43:05.000Z</time>
   </trkpt>
   <trkpt lat="-8.103784" lon="-34.91075">
    <ele>6</ele>
    <time>2019-09-25T00:43:06.000Z</time>
   </trkpt>
   <trkpt lat="-8.103752" lon="-34.910745">
    <ele>6</ele>
    <time>2019-09-25T00:43:07.000Z</time>
   </trkpt>
   <trkpt lat="-8.10371" lon="-34.910739">
    <ele>5.8</ele>
    <time>2019-09-25T00:43:08.000Z</time>
   </trkpt>
   <trkpt lat="-8.103668" lon="-34.910723">
    <ele>5.6</ele>
    <time>2019-09-25T00:43:09.000Z</time>
   </trkpt>
   <trkpt lat="-8.103626" lon="-34.910712">
    <ele>5.4</ele>
    <time>2019-09-25T00:43:10.000Z</time>
   </trkpt>
   <trkpt lat="-8.103588" lon="-34.910702">
    <ele>5.3</ele>
    <time>2019-09-25T00:43:11.000Z</time>
   </trkpt>
   <trkpt lat="-8.103546" lon="-34.910694">
    <ele>5.1</ele>
    <time>2019-09-25T00:43:12.000Z</time>
   </trkpt>
   <trkpt lat="-8.103508" lon="-34.91069">
    <ele>5.2</ele>
    <time>2019-09-25T00:43:13.000Z</time>
   </trkpt>
   <trkpt lat="-8.103466" lon="-34.910681">
    <ele>5.6</ele>
    <time>2019-09-25T00:43:14.000Z</time>
   </trkpt>
   <trkpt lat="-8.103427" lon="-34.910671">
    <ele>6</ele>
    <time>2019-09-25T00:43:15.000Z</time>
   </trkpt>
   <trkpt lat="-8.103391" lon="-34.910659">
    <ele>6.3</ele>
    <time>2019-09-25T00:43:16.000Z</time>
   </trkpt>
   <trkpt lat="-8.103357" lon="-34.91066">
    <ele>6.7</ele>
    <time>2019-09-25T00:43:17.000Z</time>
   </trkpt>
   <trkpt lat="-8.103292" lon="-34.910651">
    <ele>7.4</ele>
    <time>2019-09-25T00:43:19.000Z</time>
   </trkpt>
   <trkpt lat="-8.103253" lon="-34.910646">
    <ele>7.8</ele>
    <time>2019-09-25T00:43:20.000Z</time>
   </trkpt>
   <trkpt lat="-8.103212" lon="-34.910632">
    <ele>8.3</ele>
    <time>2019-09-25T00:43:21.000Z</time>
   </trkpt>
   <trkpt lat="-8.103176" lon="-34.910614">
    <ele>8.7</ele>
    <time>2019-09-25T00:43:22.000Z</time>
   </trkpt>
   <trkpt lat="-8.103122" lon="-34.910616">
    <ele>9.2</ele>
    <time>2019-09-25T00:43:23.000Z</time>
   </trkpt>
   <trkpt lat="-8.103077" lon="-34.910612">
    <ele>9.6</ele>
    <time>2019-09-25T00:43:24.000Z</time>
   </trkpt>
   <trkpt lat="-8.10304" lon="-34.91061">
    <ele>10</ele>
    <time>2019-09-25T00:43:25.000Z</time>
   </trkpt>
   <trkpt lat="-8.103006" lon="-34.910606">
    <ele>10.2</ele>
    <time>2019-09-25T00:43:26.000Z</time>
   </trkpt>
   <trkpt lat="-8.102966" lon="-34.910594">
    <ele>10.5</ele>
    <time>2019-09-25T00:43:27.000Z</time>
   </trkpt>
   <trkpt lat="-8.102924" lon="-34.910584">
    <ele>10.8</ele>
    <time>2019-09-25T00:43:28.000Z</time>
   </trkpt>
   <trkpt lat="-8.102883" lon="-34.910567">
    <ele>11</ele>
    <time>2019-09-25T00:43:29.000Z</time>
   </trkpt>
   <trkpt lat="-8.102837" lon="-34.910553">
    <ele>11.3</ele>
    <time>2019-09-25T00:43:30.000Z</time>
   </trkpt>
   <trkpt lat="-8.102771" lon="-34.910537">
    <ele>11.6</ele>
    <time>2019-09-25T00:43:32.000Z</time>
   </trkpt>
   <trkpt lat="-8.102735" lon="-34.910525">
    <ele>11.8</ele>
    <time>2019-09-25T00:43:33.000Z</time>
   </trkpt>
   <trkpt lat="-8.102698" lon="-34.91051">
    <ele>11.9</ele>
    <time>2019-09-25T00:43:34.000Z</time>
   </trkpt>
   <trkpt lat="-8.102658" lon="-34.910504">
    <ele>11.9</ele>
    <time>2019-09-25T00:43:35.000Z</time>
   </trkpt>
   <trkpt lat="-8.102618" lon="-34.910493">
    <ele>11.8</ele>
    <time>2019-09-25T00:43:36.000Z</time>
   </trkpt>
   <trkpt lat="-8.102581" lon="-34.910484">
    <ele>11.8</ele>
    <time>2019-09-25T00:43:37.000Z</time>
   </trkpt>
   <trkpt lat="-8.102543" lon="-34.910479">
    <ele>11.8</ele>
    <time>2019-09-25T00:43:38.000Z</time>
   </trkpt>
   <trkpt lat="-8.102504" lon="-34.910466">
    <ele>11.7</ele>
    <time>2019-09-25T00:43:39.000Z</time>
   </trkpt>
   <trkpt lat="-8.102449" lon="-34.910458">
    <ele>11.7</ele>
    <time>2019-09-25T00:43:40.000Z</time>
   </trkpt>
   <trkpt lat="-8.102405" lon="-34.910451">
    <ele>11.6</ele>
    <time>2019-09-25T00:43:41.000Z</time>
   </trkpt>
   <trkpt lat="-8.102357" lon="-34.910445">
    <ele>11.6</ele>
    <time>2019-09-25T00:43:42.000Z</time>
   </trkpt>
   <trkpt lat="-8.102311" lon="-34.910438">
    <ele>11.6</ele>
    <time>2019-09-25T00:43:43.000Z</time>
   </trkpt>
   <trkpt lat="-8.102263" lon="-34.910428">
    <ele>11.5</ele>
    <time>2019-09-25T00:43:44.000Z</time>
   </trkpt>
   <trkpt lat="-8.102219" lon="-34.91042">
    <ele>11.5</ele>
    <time>2019-09-25T00:43:45.000Z</time>
   </trkpt>
   <trkpt lat="-8.102179" lon="-34.910409">
    <ele>11.4</ele>
    <time>2019-09-25T00:43:46.000Z</time>
   </trkpt>
   <trkpt lat="-8.102146" lon="-34.910404">
    <ele>11.4</ele>
    <time>2019-09-25T00:43:47.000Z</time>
   </trkpt>
   <trkpt lat="-8.102109" lon="-34.910403">
    <ele>11.3</ele>
    <time>2019-09-25T00:43:48.000Z</time>
   </trkpt>
   <trkpt lat="-8.102062" lon="-34.910398">
    <ele>11.3</ele>
    <time>2019-09-25T00:43:49.000Z</time>
   </trkpt>
   <trkpt lat="-8.102022" lon="-34.910389">
    <ele>11.3</ele>
    <time>2019-09-25T00:43:50.000Z</time>
   </trkpt>
   <trkpt lat="-8.101985" lon="-34.910381">
    <ele>11.2</ele>
    <time>2019-09-25T00:43:51.000Z</time>
   </trkpt>
   <trkpt lat="-8.101957" lon="-34.910378">
    <ele>11.2</ele>
    <time>2019-09-25T00:43:52.000Z</time>
   </trkpt>
   <trkpt lat="-8.101922" lon="-34.91037">
    <ele>11.1</ele>
    <time>2019-09-25T00:43:53.000Z</time>
   </trkpt>
   <trkpt lat="-8.101882" lon="-34.910368">
    <ele>11</ele>
    <time>2019-09-25T00:43:54.000Z</time>
   </trkpt>
   <trkpt lat="-8.101841" lon="-34.91037">
    <ele>10.8</ele>
    <time>2019-09-25T00:43:55.000Z</time>
   </trkpt>
   <trkpt lat="-8.101811" lon="-34.910363">
    <ele>10.6</ele>
    <time>2019-09-25T00:43:56.000Z</time>
   </trkpt>
   <trkpt lat="-8.101774" lon="-34.910361">
    <ele>10.3</ele>
    <time>2019-09-25T00:43:57.000Z</time>
   </trkpt>
   <trkpt lat="-8.101734" lon="-34.910349">
    <ele>10</ele>
    <time>2019-09-25T00:43:58.000Z</time>
   </trkpt>
   <trkpt lat="-8.101696" lon="-34.910343">
    <ele>9.6</ele>
    <time>2019-09-25T00:43:59.000Z</time>
   </trkpt>
   <trkpt lat="-8.101659" lon="-34.910336">
    <ele>9.2</ele>
    <time>2019-09-25T00:44:00.000Z</time>
   </trkpt>
   <trkpt lat="-8.101621" lon="-34.910354">
    <ele>8.9</ele>
    <time>2019-09-25T00:44:01.000Z</time>
   </trkpt>
   <trkpt lat="-8.101582" lon="-34.91034">
    <ele>8.6</ele>
    <time>2019-09-25T00:44:02.000Z</time>
   </trkpt>
   <trkpt lat="-8.101549" lon="-34.910329">
    <ele>8.4</ele>
    <time>2019-09-25T00:44:03.000Z</time>
   </trkpt>
   <trkpt lat="-8.101518" lon="-34.91032">
    <ele>8.2</ele>
    <time>2019-09-25T00:44:04.000Z</time>
   </trkpt>
   <trkpt lat="-8.101469" lon="-34.910303">
    <ele>8</ele>
    <time>2019-09-25T00:44:06.000Z</time>
   </trkpt>
   <trkpt lat="-8.101431" lon="-34.910321">
    <ele>7.9</ele>
    <time>2019-09-25T00:44:07.000Z</time>
   </trkpt>
   <trkpt lat="-8.101366" lon="-34.9103">
    <ele>7.7</ele>
    <time>2019-09-25T00:44:09.000Z</time>
   </trkpt>
   <trkpt lat="-8.101333" lon="-34.910292">
    <ele>7.7</ele>
    <time>2019-09-25T00:44:10.000Z</time>
   </trkpt>
   <trkpt lat="-8.101305" lon="-34.910286">
    <ele>7.7</ele>
    <time>2019-09-25T00:44:11.000Z</time>
   </trkpt>
   <trkpt lat="-8.101277" lon="-34.910279">
    <ele>7.6</ele>
    <time>2019-09-25T00:44:12.000Z</time>
   </trkpt>
   <trkpt lat="-8.101237" lon="-34.910297">
    <ele>7.6</ele>
    <time>2019-09-25T00:44:13.000Z</time>
   </trkpt>
   <trkpt lat="-8.101198" lon="-34.910284">
    <ele>7.6</ele>
    <time>2019-09-25T00:44:14.000Z</time>
   </trkpt>
   <trkpt lat="-8.101162" lon="-34.910261">
    <ele>7.6</ele>
    <time>2019-09-25T00:44:15.000Z</time>
   </trkpt>
   <trkpt lat="-8.101121" lon="-34.910254">
    <ele>7.6</ele>
    <time>2019-09-25T00:44:16.000Z</time>
   </trkpt>
   <trkpt lat="-8.101085" lon="-34.910242">
    <ele>7.6</ele>
    <time>2019-09-25T00:44:17.000Z</time>
   </trkpt>
   <trkpt lat="-8.101046" lon="-34.910226">
    <ele>7.6</ele>
    <time>2019-09-25T00:44:18.000Z</time>
   </trkpt>
   <trkpt lat="-8.101008" lon="-34.910223">
    <ele>7.7</ele>
    <time>2019-09-25T00:44:19.000Z</time>
   </trkpt>
   <trkpt lat="-8.100964" lon="-34.910212">
    <ele>7.8</ele>
    <time>2019-09-25T00:44:20.000Z</time>
   </trkpt>
   <trkpt lat="-8.100924" lon="-34.910204">
    <ele>7.9</ele>
    <time>2019-09-25T00:44:21.000Z</time>
   </trkpt>
   <trkpt lat="-8.100878" lon="-34.9102">
    <ele>7.9</ele>
    <time>2019-09-25T00:44:22.000Z</time>
   </trkpt>
   <trkpt lat="-8.100847" lon="-34.910193">
    <ele>7.9</ele>
    <time>2019-09-25T00:44:23.000Z</time>
   </trkpt>
   <trkpt lat="-8.100805" lon="-34.910178">
    <ele>8</ele>
    <time>2019-09-25T00:44:24.000Z</time>
   </trkpt>
   <trkpt lat="-8.100757" lon="-34.910177">
    <ele>8</ele>
    <time>2019-09-25T00:44:25.000Z</time>
   </trkpt>
   <trkpt lat="-8.100713" lon="-34.910168">
    <ele>8</ele>
    <time>2019-09-25T00:44:26.000Z</time>
   </trkpt>
   <trkpt lat="-8.100683" lon="-34.910148">
    <ele>8</ele>
    <time>2019-09-25T00:44:27.000Z</time>
   </trkpt>
   <trkpt lat="-8.100643" lon="-34.910142">
    <ele>7.9</ele>
    <time>2019-09-25T00:44:28.000Z</time>
   </trkpt>
   <trkpt lat="-8.100607" lon="-34.910137">
    <ele>7.9</ele>
    <time>2019-09-25T00:44:29.000Z</time>
   </trkpt>
   <trkpt lat="-8.100574" lon="-34.910123">
    <ele>7.9</ele>
    <time>2019-09-25T00:44:30.000Z</time>
   </trkpt>
   <trkpt lat="-8.100528" lon="-34.910112">
    <ele>7.8</ele>
    <time>2019-09-25T00:44:31.000Z</time>
   </trkpt>
   <trkpt lat="-8.100488" lon="-34.910106">
    <ele>7.8</ele>
    <time>2019-09-25T00:44:32.000Z</time>
   </trkpt>
   <trkpt lat="-8.100443" lon="-34.910098">
    <ele>7.8</ele>
    <time>2019-09-25T00:44:33.000Z</time>
   </trkpt>
   <trkpt lat="-8.100401" lon="-34.91009">
    <ele>7.7</ele>
    <time>2019-09-25T00:44:34.000Z</time>
   </trkpt>
   <trkpt lat="-8.10036" lon="-34.910085">
    <ele>7.7</ele>
    <time>2019-09-25T00:44:35.000Z</time>
   </trkpt>
   <trkpt lat="-8.100324" lon="-34.910083">
    <ele>7.7</ele>
    <time>2019-09-25T00:44:36.000Z</time>
   </trkpt>
   <trkpt lat="-8.100286" lon="-34.910078">
    <ele>7.6</ele>
    <time>2019-09-25T00:44:37.000Z</time>
   </trkpt>
   <trkpt lat="-8.100242" lon="-34.910073">
    <ele>7.6</ele>
    <time>2019-09-25T00:44:38.000Z</time>
   </trkpt>
   <trkpt lat="-8.100193" lon="-34.910068">
    <ele>7.5</ele>
    <time>2019-09-25T00:44:39.000Z</time>
   </trkpt>
   <trkpt lat="-8.100153" lon="-34.910062">
    <ele>7.5</ele>
    <time>2019-09-25T00:44:40.000Z</time>
   </trkpt>
   <trkpt lat="-8.10011" lon="-34.910056">
    <ele>7.5</ele>
    <time>2019-09-25T00:44:41.000Z</time>
   </trkpt>
   <trkpt lat="-8.100069" lon="-34.910057">
    <ele>7.4</ele>
    <time>2019-09-25T00:44:42.000Z</time>
   </trkpt>
   <trkpt lat="-8.100027" lon="-34.910057">
    <ele>7.4</ele>
    <time>2019-09-25T00:44:43.000Z</time>
   </trkpt>
   <trkpt lat="-8.09999" lon="-34.910056">
    <ele>7.4</ele>
    <time>2019-09-25T00:44:44.000Z</time>
   </trkpt>
   <trkpt lat="-8.099944" lon="-34.91006">
    <ele>7.3</ele>
    <time>2019-09-25T00:44:45.000Z</time>
   </trkpt>
   <trkpt lat="-8.099898" lon="-34.910059">
    <ele>7.3</ele>
    <time>2019-09-25T00:44:46.000Z</time>
   </trkpt>
   <trkpt lat="-8.099855" lon="-34.910052">
    <ele>7.2</ele>
    <time>2019-09-25T00:44:47.000Z</time>
   </trkpt>
   <trkpt lat="-8.0998" lon="-34.910048">
    <ele>7.2</ele>
    <time>2019-09-25T00:44:48.000Z</time>
   </trkpt>
   <trkpt lat="-8.099748" lon="-34.910046">
    <ele>7.1</ele>
    <time>2019-09-25T00:44:49.000Z</time>
   </trkpt>
   <trkpt lat="-8.099689" lon="-34.910046">
    <ele>7.1</ele>
    <time>2019-09-25T00:44:50.000Z</time>
   </trkpt>
   <trkpt lat="-8.099639" lon="-34.910044">
    <ele>7</ele>
    <time>2019-09-25T00:44:51.000Z</time>
   </trkpt>
   <trkpt lat="-8.099598" lon="-34.910042">
    <ele>7</ele>
    <time>2019-09-25T00:44:52.000Z</time>
   </trkpt>
   <trkpt lat="-8.099552" lon="-34.91004">
    <ele>6.9</ele>
    <time>2019-09-25T00:44:53.000Z</time>
   </trkpt>
   <trkpt lat="-8.099507" lon="-34.910037">
    <ele>6.9</ele>
    <time>2019-09-25T00:44:54.000Z</time>
   </trkpt>
   <trkpt lat="-8.099459" lon="-34.910025">
    <ele>6.9</ele>
    <time>2019-09-25T00:44:55.000Z</time>
   </trkpt>
   <trkpt lat="-8.099407" lon="-34.910027">
    <ele>6.8</ele>
    <time>2019-09-25T00:44:56.000Z</time>
   </trkpt>
   <trkpt lat="-8.099358" lon="-34.910022">
    <ele>6.8</ele>
    <time>2019-09-25T00:44:57.000Z</time>
   </trkpt>
   <trkpt lat="-8.09931" lon="-34.910018">
    <ele>6.7</ele>
    <time>2019-09-25T00:44:58.000Z</time>
   </trkpt>
   <trkpt lat="-8.099258" lon="-34.910014">
    <ele>6.7</ele>
    <time>2019-09-25T00:44:59.000Z</time>
   </trkpt>
   <trkpt lat="-8.09921" lon="-34.910009">
    <ele>6.6</ele>
    <time>2019-09-25T00:45:00.000Z</time>
   </trkpt>
   <trkpt lat="-8.099165" lon="-34.910006">
    <ele>6.6</ele>
    <time>2019-09-25T00:45:01.000Z</time>
   </trkpt>
   <trkpt lat="-8.099118" lon="-34.910004">
    <ele>6.6</ele>
    <time>2019-09-25T00:45:02.000Z</time>
   </trkpt>
   <trkpt lat="-8.099067" lon="-34.909999">
    <ele>6.5</ele>
    <time>2019-09-25T00:45:03.000Z</time>
   </trkpt>
   <trkpt lat="-8.099017" lon="-34.909993">
    <ele>6.5</ele>
    <time>2019-09-25T00:45:04.000Z</time>
   </trkpt>
   <trkpt lat="-8.098976" lon="-34.909989">
    <ele>6.4</ele>
    <time>2019-09-25T00:45:05.000Z</time>
   </trkpt>
   <trkpt lat="-8.098919" lon="-34.90999">
    <ele>6.5</ele>
    <time>2019-09-25T00:45:06.000Z</time>
   </trkpt>
   <trkpt lat="-8.098875" lon="-34.909985">
    <ele>6.6</ele>
    <time>2019-09-25T00:45:07.000Z</time>
   </trkpt>
   <trkpt lat="-8.098834" lon="-34.909983">
    <ele>6.7</ele>
    <time>2019-09-25T00:45:08.000Z</time>
   </trkpt>
   <trkpt lat="-8.098783" lon="-34.909984">
    <ele>6.7</ele>
    <time>2019-09-25T00:45:09.000Z</time>
   </trkpt>
   <trkpt lat="-8.098734" lon="-34.909974">
    <ele>6.8</ele>
    <time>2019-09-25T00:45:10.000Z</time>
   </trkpt>
   <trkpt lat="-8.098685" lon="-34.909972">
    <ele>6.9</ele>
    <time>2019-09-25T00:45:11.000Z</time>
   </trkpt>
   <trkpt lat="-8.098638" lon="-34.90997">
    <ele>7</ele>
    <time>2019-09-25T00:45:12.000Z</time>
   </trkpt>
   <trkpt lat="-8.098601" lon="-34.909973">
    <ele>7</ele>
    <time>2019-09-25T00:45:13.000Z</time>
   </trkpt>
   <trkpt lat="-8.098565" lon="-34.909971">
    <ele>7.1</ele>
    <time>2019-09-25T00:45:14.000Z</time>
   </trkpt>
   <trkpt lat="-8.098524" lon="-34.909961">
    <ele>7.1</ele>
    <time>2019-09-25T00:45:15.000Z</time>
   </trkpt>
   <trkpt lat="-8.098483" lon="-34.909957">
    <ele>7.2</ele>
    <time>2019-09-25T00:45:16.000Z</time>
   </trkpt>
   <trkpt lat="-8.098439" lon="-34.909951">
    <ele>7.2</ele>
    <time>2019-09-25T00:45:17.000Z</time>
   </trkpt>
   <trkpt lat="-8.098397" lon="-34.90995">
    <ele>7.2</ele>
    <time>2019-09-25T00:45:18.000Z</time>
   </trkpt>
   <trkpt lat="-8.098356" lon="-34.909953">
    <ele>7.3</ele>
    <time>2019-09-25T00:45:19.000Z</time>
   </trkpt>
   <trkpt lat="-8.09831" lon="-34.90995">
    <ele>7.3</ele>
    <time>2019-09-25T00:45:20.000Z</time>
   </trkpt>
   <trkpt lat="-8.098264" lon="-34.909947">
    <ele>7.4</ele>
    <time>2019-09-25T00:45:21.000Z</time>
   </trkpt>
   <trkpt lat="-8.098211" lon="-34.909943">
    <ele>7.5</ele>
    <time>2019-09-25T00:45:22.000Z</time>
   </trkpt>
   <trkpt lat="-8.098169" lon="-34.909937">
    <ele>7.6</ele>
    <time>2019-09-25T00:45:23.000Z</time>
   </trkpt>
   <trkpt lat="-8.098129" lon="-34.909931">
    <ele>7.6</ele>
    <time>2019-09-25T00:45:24.000Z</time>
   </trkpt>
   <trkpt lat="-8.098096" lon="-34.909927">
    <ele>7.7</ele>
    <time>2019-09-25T00:45:25.000Z</time>
   </trkpt>
   <trkpt lat="-8.098056" lon="-34.909915">
    <ele>7.8</ele>
    <time>2019-09-25T00:45:26.000Z</time>
   </trkpt>
   <trkpt lat="-8.098009" lon="-34.909902">
    <ele>7.9</ele>
    <time>2019-09-25T00:45:27.000Z</time>
   </trkpt>
   <trkpt lat="-8.097957" lon="-34.909895">
    <ele>7.9</ele>
    <time>2019-09-25T00:45:28.000Z</time>
   </trkpt>
   <trkpt lat="-8.097912" lon="-34.90989">
    <ele>7.9</ele>
    <time>2019-09-25T00:45:29.000Z</time>
   </trkpt>
   <trkpt lat="-8.097866" lon="-34.909881">
    <ele>7.9</ele>
    <time>2019-09-25T00:45:30.000Z</time>
   </trkpt>
   <trkpt lat="-8.097817" lon="-34.909872">
    <ele>8</ele>
    <time>2019-09-25T00:45:31.000Z</time>
   </trkpt>
   <trkpt lat="-8.097779" lon="-34.909861">
    <ele>8</ele>
    <time>2019-09-25T00:45:32.000Z</time>
   </trkpt>
   <trkpt lat="-8.097738" lon="-34.909855">
    <ele>7.9</ele>
    <time>2019-09-25T00:45:33.000Z</time>
   </trkpt>
   <trkpt lat="-8.097699" lon="-34.909846">
    <ele>7.9</ele>
    <time>2019-09-25T00:45:34.000Z</time>
   </trkpt>
   <trkpt lat="-8.097659" lon="-34.909839">
    <ele>7.8</ele>
    <time>2019-09-25T00:45:35.000Z</time>
   </trkpt>
   <trkpt lat="-8.097623" lon="-34.909833">
    <ele>7.8</ele>
    <time>2019-09-25T00:45:36.000Z</time>
   </trkpt>
   <trkpt lat="-8.097584" lon="-34.90983">
    <ele>7.8</ele>
    <time>2019-09-25T00:45:37.000Z</time>
   </trkpt>
   <trkpt lat="-8.097539" lon="-34.909823">
    <ele>7.7</ele>
    <time>2019-09-25T00:45:38.000Z</time>
   </trkpt>
   <trkpt lat="-8.097499" lon="-34.909816">
    <ele>7.7</ele>
    <time>2019-09-25T00:45:39.000Z</time>
   </trkpt>
   <trkpt lat="-8.097454" lon="-34.909802">
    <ele>7.7</ele>
    <time>2019-09-25T00:45:40.000Z</time>
   </trkpt>
   <trkpt lat="-8.09741" lon="-34.90979">
    <ele>7.6</ele>
    <time>2019-09-25T00:45:41.000Z</time>
   </trkpt>
   <trkpt lat="-8.097365" lon="-34.909776">
    <ele>7.6</ele>
    <time>2019-09-25T00:45:42.000Z</time>
   </trkpt>
   <trkpt lat="-8.097326" lon="-34.909771">
    <ele>7.5</ele>
    <time>2019-09-25T00:45:43.000Z</time>
   </trkpt>
   <trkpt lat="-8.097288" lon="-34.909759">
    <ele>7.5</ele>
    <time>2019-09-25T00:45:44.000Z</time>
   </trkpt>
   <trkpt lat="-8.097245" lon="-34.909747">
    <ele>7.4</ele>
    <time>2019-09-25T00:45:45.000Z</time>
   </trkpt>
   <trkpt lat="-8.097203" lon="-34.909732">
    <ele>7.4</ele>
    <time>2019-09-25T00:45:46.000Z</time>
   </trkpt>
   <trkpt lat="-8.097157" lon="-34.909715">
    <ele>7.3</ele>
    <time>2019-09-25T00:45:47.000Z</time>
   </trkpt>
   <trkpt lat="-8.09712" lon="-34.909709">
    <ele>7.3</ele>
    <time>2019-09-25T00:45:48.000Z</time>
   </trkpt>
   <trkpt lat="-8.097077" lon="-34.909697">
    <ele>7.2</ele>
    <time>2019-09-25T00:45:49.000Z</time>
   </trkpt>
   <trkpt lat="-8.097034" lon="-34.909688">
    <ele>7.1</ele>
    <time>2019-09-25T00:45:50.000Z</time>
   </trkpt>
   <trkpt lat="-8.096988" lon="-34.909677">
    <ele>7</ele>
    <time>2019-09-25T00:45:51.000Z</time>
   </trkpt>
   <trkpt lat="-8.096945" lon="-34.909672">
    <ele>7</ele>
    <time>2019-09-25T00:45:52.000Z</time>
   </trkpt>
   <trkpt lat="-8.096895" lon="-34.909662">
    <ele>6.9</ele>
    <time>2019-09-25T00:45:53.000Z</time>
   </trkpt>
   <trkpt lat="-8.096848" lon="-34.909653">
    <ele>6.8</ele>
    <time>2019-09-25T00:45:54.000Z</time>
   </trkpt>
   <trkpt lat="-8.096808" lon="-34.909656">
    <ele>6.7</ele>
    <time>2019-09-25T00:45:55.000Z</time>
   </trkpt>
   <trkpt lat="-8.096766" lon="-34.909649">
    <ele>6.6</ele>
    <time>2019-09-25T00:45:56.000Z</time>
   </trkpt>
   <trkpt lat="-8.096725" lon="-34.90964">
    <ele>6.5</ele>
    <time>2019-09-25T00:45:57.000Z</time>
   </trkpt>
   <trkpt lat="-8.096687" lon="-34.909627">
    <ele>6.4</ele>
    <time>2019-09-25T00:45:58.000Z</time>
   </trkpt>
   <trkpt lat="-8.096644" lon="-34.909618">
    <ele>6.3</ele>
    <time>2019-09-25T00:45:59.000Z</time>
   </trkpt>
   <trkpt lat="-8.096608" lon="-34.909608">
    <ele>6.2</ele>
    <time>2019-09-25T00:46:00.000Z</time>
   </trkpt>
   <trkpt lat="-8.09657" lon="-34.909614">
    <ele>6.1</ele>
    <time>2019-09-25T00:46:01.000Z</time>
   </trkpt>
   <trkpt lat="-8.096536" lon="-34.909602">
    <ele>6.2</ele>
    <time>2019-09-25T00:46:02.000Z</time>
   </trkpt>
   <trkpt lat="-8.096505" lon="-34.909593">
    <ele>6.3</ele>
    <time>2019-09-25T00:46:03.000Z</time>
   </trkpt>
   <trkpt lat="-8.096471" lon="-34.909584">
    <ele>6.3</ele>
    <time>2019-09-25T00:46:04.000Z</time>
   </trkpt>
   <trkpt lat="-8.096436" lon="-34.909575">
    <ele>6.4</ele>
    <time>2019-09-25T00:46:05.000Z</time>
   </trkpt>
   <trkpt lat="-8.0964" lon="-34.909566">
    <ele>6.4</ele>
    <time>2019-09-25T00:46:06.000Z</time>
   </trkpt>
   <trkpt lat="-8.096348" lon="-34.90956">
    <ele>6.4</ele>
    <time>2019-09-25T00:46:07.000Z</time>
   </trkpt>
   <trkpt lat="-8.096297" lon="-34.909551">
    <ele>6.3</ele>
    <time>2019-09-25T00:46:08.000Z</time>
   </trkpt>
   <trkpt lat="-8.096255" lon="-34.909544">
    <ele>6.3</ele>
    <time>2019-09-25T00:46:09.000Z</time>
   </trkpt>
   <trkpt lat="-8.096207" lon="-34.909537">
    <ele>6.3</ele>
    <time>2019-09-25T00:46:10.000Z</time>
   </trkpt>
   <trkpt lat="-8.096171" lon="-34.909536">
    <ele>6.3</ele>
    <time>2019-09-25T00:46:11.000Z</time>
   </trkpt>
   <trkpt lat="-8.096122" lon="-34.909526">
    <ele>6.3</ele>
    <time>2019-09-25T00:46:12.000Z</time>
   </trkpt>
   <trkpt lat="-8.096073" lon="-34.909512">
    <ele>6.3</ele>
    <time>2019-09-25T00:46:13.000Z</time>
   </trkpt>
   <trkpt lat="-8.096029" lon="-34.909502">
    <ele>6.3</ele>
    <time>2019-09-25T00:46:14.000Z</time>
   </trkpt>
   <trkpt lat="-8.095985" lon="-34.909489">
    <ele>6.2</ele>
    <time>2019-09-25T00:46:15.000Z</time>
   </trkpt>
   <trkpt lat="-8.095943" lon="-34.909476">
    <ele>6.2</ele>
    <time>2019-09-25T00:46:16.000Z</time>
   </trkpt>
   <trkpt lat="-8.095912" lon="-34.909466">
    <ele>6.2</ele>
    <time>2019-09-25T00:46:17.000Z</time>
   </trkpt>
   <trkpt lat="-8.095864" lon="-34.909458">
    <ele>6.2</ele>
    <time>2019-09-25T00:46:18.000Z</time>
   </trkpt>
   <trkpt lat="-8.095827" lon="-34.909454">
    <ele>6.2</ele>
    <time>2019-09-25T00:46:19.000Z</time>
   </trkpt>
   <trkpt lat="-8.09578" lon="-34.90944">
    <ele>6.2</ele>
    <time>2019-09-25T00:46:20.000Z</time>
   </trkpt>
   <trkpt lat="-8.095736" lon="-34.909437">
    <ele>6.1</ele>
    <time>2019-09-25T00:46:21.000Z</time>
   </trkpt>
   <trkpt lat="-8.095702" lon="-34.909422">
    <ele>6.1</ele>
    <time>2019-09-25T00:46:22.000Z</time>
   </trkpt>
   <trkpt lat="-8.095655" lon="-34.909404">
    <ele>6.1</ele>
    <time>2019-09-25T00:46:23.000Z</time>
   </trkpt>
   <trkpt lat="-8.095617" lon="-34.909391">
    <ele>6.1</ele>
    <time>2019-09-25T00:46:24.000Z</time>
   </trkpt>
   <trkpt lat="-8.095571" lon="-34.909377">
    <ele>6.1</ele>
    <time>2019-09-25T00:46:25.000Z</time>
   </trkpt>
   <trkpt lat="-8.095529" lon="-34.909361">
    <ele>6</ele>
    <time>2019-09-25T00:46:26.000Z</time>
   </trkpt>
   <trkpt lat="-8.095486" lon="-34.90935">
    <ele>6</ele>
    <time>2019-09-25T00:46:27.000Z</time>
   </trkpt>
   <trkpt lat="-8.095445" lon="-34.909343">
    <ele>5.9</ele>
    <time>2019-09-25T00:46:28.000Z</time>
   </trkpt>
   <trkpt lat="-8.095414" lon="-34.909339">
    <ele>5.9</ele>
    <time>2019-09-25T00:46:29.000Z</time>
   </trkpt>
   <trkpt lat="-8.09538" lon="-34.909342">
    <ele>5.9</ele>
    <time>2019-09-25T00:46:30.000Z</time>
   </trkpt>
   <trkpt lat="-8.095347" lon="-34.909333">
    <ele>5.8</ele>
    <time>2019-09-25T00:46:31.000Z</time>
   </trkpt>
   <trkpt lat="-8.095306" lon="-34.909321">
    <ele>5.8</ele>
    <time>2019-09-25T00:46:32.000Z</time>
   </trkpt>
   <trkpt lat="-8.095261" lon="-34.909307">
    <ele>5.7</ele>
    <time>2019-09-25T00:46:33.000Z</time>
   </trkpt>
   <trkpt lat="-8.095224" lon="-34.909297">
    <ele>5.6</ele>
    <time>2019-09-25T00:46:34.000Z</time>
   </trkpt>
   <trkpt lat="-8.095179" lon="-34.909289">
    <ele>5.5</ele>
    <time>2019-09-25T00:46:35.000Z</time>
   </trkpt>
   <trkpt lat="-8.095144" lon="-34.909276">
    <ele>5.4</ele>
    <time>2019-09-25T00:46:36.000Z</time>
   </trkpt>
   <trkpt lat="-8.095083" lon="-34.909264">
    <ele>5.2</ele>
    <time>2019-09-25T00:46:37.000Z</time>
   </trkpt>
   <trkpt lat="-8.095042" lon="-34.90925">
    <ele>5.1</ele>
    <time>2019-09-25T00:46:38.000Z</time>
   </trkpt>
   <trkpt lat="-8.094989" lon="-34.909239">
    <ele>5</ele>
    <time>2019-09-25T00:46:39.000Z</time>
   </trkpt>
   <trkpt lat="-8.094954" lon="-34.909225">
    <ele>5</ele>
    <time>2019-09-25T00:46:40.000Z</time>
   </trkpt>
   <trkpt lat="-8.094915" lon="-34.909216">
    <ele>4.9</ele>
    <time>2019-09-25T00:46:41.000Z</time>
   </trkpt>
   <trkpt lat="-8.09487" lon="-34.909208">
    <ele>4.9</ele>
    <time>2019-09-25T00:46:42.000Z</time>
   </trkpt>
   <trkpt lat="-8.094831" lon="-34.909201">
    <ele>4.9</ele>
    <time>2019-09-25T00:46:43.000Z</time>
   </trkpt>
   <trkpt lat="-8.09479" lon="-34.909196">
    <ele>4.9</ele>
    <time>2019-09-25T00:46:44.000Z</time>
   </trkpt>
   <trkpt lat="-8.094746" lon="-34.909181">
    <ele>4.8</ele>
    <time>2019-09-25T00:46:45.000Z</time>
   </trkpt>
   <trkpt lat="-8.09471" lon="-34.909167">
    <ele>4.8</ele>
    <time>2019-09-25T00:46:46.000Z</time>
   </trkpt>
   <trkpt lat="-8.094674" lon="-34.90916">
    <ele>4.7</ele>
    <time>2019-09-25T00:46:47.000Z</time>
   </trkpt>
   <trkpt lat="-8.094633" lon="-34.909154">
    <ele>4.7</ele>
    <time>2019-09-25T00:46:48.000Z</time>
   </trkpt>
   <trkpt lat="-8.094587" lon="-34.909139">
    <ele>4.7</ele>
    <time>2019-09-25T00:46:49.000Z</time>
   </trkpt>
   <trkpt lat="-8.094541" lon="-34.90914">
    <ele>4.6</ele>
    <time>2019-09-25T00:46:50.000Z</time>
   </trkpt>
   <trkpt lat="-8.094495" lon="-34.909131">
    <ele>4.5</ele>
    <time>2019-09-25T00:46:51.000Z</time>
   </trkpt>
   <trkpt lat="-8.094457" lon="-34.909124">
    <ele>4.5</ele>
    <time>2019-09-25T00:46:52.000Z</time>
   </trkpt>
   <trkpt lat="-8.094401" lon="-34.909115">
    <ele>4.4</ele>
    <time>2019-09-25T00:46:53.000Z</time>
   </trkpt>
   <trkpt lat="-8.094363" lon="-34.909104">
    <ele>4.4</ele>
    <time>2019-09-25T00:46:54.000Z</time>
   </trkpt>
   <trkpt lat="-8.094319" lon="-34.909104">
    <ele>4.3</ele>
    <time>2019-09-25T00:46:55.000Z</time>
   </trkpt>
   <trkpt lat="-8.094285" lon="-34.909099">
    <ele>4.3</ele>
    <time>2019-09-25T00:46:56.000Z</time>
   </trkpt>
   <trkpt lat="-8.094243" lon="-34.909085">
    <ele>4.2</ele>
    <time>2019-09-25T00:46:57.000Z</time>
   </trkpt>
   <trkpt lat="-8.094198" lon="-34.909075">
    <ele>4.2</ele>
    <time>2019-09-25T00:46:58.000Z</time>
   </trkpt>
   <trkpt lat="-8.09415" lon="-34.90907">
    <ele>4.1</ele>
    <time>2019-09-25T00:46:59.000Z</time>
   </trkpt>
   <trkpt lat="-8.094109" lon="-34.909062">
    <ele>4</ele>
    <time>2019-09-25T00:47:00.000Z</time>
   </trkpt>
   <trkpt lat="-8.094068" lon="-34.909051">
    <ele>4</ele>
    <time>2019-09-25T00:47:01.000Z</time>
   </trkpt>
   <trkpt lat="-8.094026" lon="-34.909048">
    <ele>3.9</ele>
    <time>2019-09-25T00:47:02.000Z</time>
   </trkpt>
   <trkpt lat="-8.093991" lon="-34.909044">
    <ele>3.8</ele>
    <time>2019-09-25T00:47:03.000Z</time>
   </trkpt>
   <trkpt lat="-8.093951" lon="-34.909035">
    <ele>3.8</ele>
    <time>2019-09-25T00:47:04.000Z</time>
   </trkpt>
   <trkpt lat="-8.093907" lon="-34.90902">
    <ele>3.7</ele>
    <time>2019-09-25T00:47:05.000Z</time>
   </trkpt>
   <trkpt lat="-8.093866" lon="-34.909014">
    <ele>3.6</ele>
    <time>2019-09-25T00:47:06.000Z</time>
   </trkpt>
   <trkpt lat="-8.093827" lon="-34.909007">
    <ele>3.6</ele>
    <time>2019-09-25T00:47:07.000Z</time>
   </trkpt>
   <trkpt lat="-8.093785" lon="-34.908999">
    <ele>3.5</ele>
    <time>2019-09-25T00:47:08.000Z</time>
   </trkpt>
   <trkpt lat="-8.093749" lon="-34.908982">
    <ele>3.5</ele>
    <time>2019-09-25T00:47:09.000Z</time>
   </trkpt>
   <trkpt lat="-8.093715" lon="-34.908965">
    <ele>3.4</ele>
    <time>2019-09-25T00:47:10.000Z</time>
   </trkpt>
   <trkpt lat="-8.093677" lon="-34.908953">
    <ele>3.3</ele>
    <time>2019-09-25T00:47:11.000Z</time>
   </trkpt>
   <trkpt lat="-8.093633" lon="-34.908941">
    <ele>3.3</ele>
    <time>2019-09-25T00:47:12.000Z</time>
   </trkpt>
   <trkpt lat="-8.093587" lon="-34.908926">
    <ele>3.2</ele>
    <time>2019-09-25T00:47:13.000Z</time>
   </trkpt>
   <trkpt lat="-8.093542" lon="-34.908918">
    <ele>3.2</ele>
    <time>2019-09-25T00:47:14.000Z</time>
   </trkpt>
   <trkpt lat="-8.0935" lon="-34.908911">
    <ele>3.1</ele>
    <time>2019-09-25T00:47:15.000Z</time>
   </trkpt>
   <trkpt lat="-8.093455" lon="-34.908904">
    <ele>3.1</ele>
    <time>2019-09-25T00:47:16.000Z</time>
   </trkpt>
   <trkpt lat="-8.09341" lon="-34.9089">
    <ele>3</ele>
    <time>2019-09-25T00:47:17.000Z</time>
   </trkpt>
   <trkpt lat="-8.093369" lon="-34.908894">
    <ele>3</ele>
    <time>2019-09-25T00:47:18.000Z</time>
   </trkpt>
   <trkpt lat="-8.093329" lon="-34.908883">
    <ele>3</ele>
    <time>2019-09-25T00:47:19.000Z</time>
   </trkpt>
   <trkpt lat="-8.093291" lon="-34.908879">
    <ele>2.9</ele>
    <time>2019-09-25T00:47:20.000Z</time>
   </trkpt>
   <trkpt lat="-8.093249" lon="-34.908869">
    <ele>3</ele>
    <time>2019-09-25T00:47:21.000Z</time>
   </trkpt>
   <trkpt lat="-8.093204" lon="-34.908854">
    <ele>3</ele>
    <time>2019-09-25T00:47:22.000Z</time>
   </trkpt>
   <trkpt lat="-8.093168" lon="-34.908844">
    <ele>3</ele>
    <time>2019-09-25T00:47:23.000Z</time>
   </trkpt>
   <trkpt lat="-8.093132" lon="-34.908836">
    <ele>3</ele>
    <time>2019-09-25T00:47:24.000Z</time>
   </trkpt>
   <trkpt lat="-8.093091" lon="-34.908817">
    <ele>3.1</ele>
    <time>2019-09-25T00:47:25.000Z</time>
   </trkpt>
   <trkpt lat="-8.093052" lon="-34.908809">
    <ele>3.1</ele>
    <time>2019-09-25T00:47:26.000Z</time>
   </trkpt>
   <trkpt lat="-8.093008" lon="-34.908805">
    <ele>3.1</ele>
    <time>2019-09-25T00:47:27.000Z</time>
   </trkpt>
   <trkpt lat="-8.09297" lon="-34.908795">
    <ele>3.2</ele>
    <time>2019-09-25T00:47:28.000Z</time>
   </trkpt>
   <trkpt lat="-8.09293" lon="-34.908791">
    <ele>3.2</ele>
    <time>2019-09-25T00:47:29.000Z</time>
   </trkpt>
   <trkpt lat="-8.092893" lon="-34.908785">
    <ele>3.3</ele>
    <time>2019-09-25T00:47:30.000Z</time>
   </trkpt>
   <trkpt lat="-8.092863" lon="-34.908774">
    <ele>3.4</ele>
    <time>2019-09-25T00:47:31.000Z</time>
   </trkpt>
   <trkpt lat="-8.092823" lon="-34.908767">
    <ele>3.4</ele>
    <time>2019-09-25T00:47:32.000Z</time>
   </trkpt>
   <trkpt lat="-8.092785" lon="-34.908754">
    <ele>3.5</ele>
    <time>2019-09-25T00:47:33.000Z</time>
   </trkpt>
   <trkpt lat="-8.092746" lon="-34.908747">
    <ele>3.6</ele>
    <time>2019-09-25T00:47:34.000Z</time>
   </trkpt>
   <trkpt lat="-8.092711" lon="-34.90874">
    <ele>3.7</ele>
    <time>2019-09-25T00:47:35.000Z</time>
   </trkpt>
   <trkpt lat="-8.092677" lon="-34.908733">
    <ele>3.8</ele>
    <time>2019-09-25T00:47:36.000Z</time>
   </trkpt>
   <trkpt lat="-8.092638" lon="-34.908731">
    <ele>3.8</ele>
    <time>2019-09-25T00:47:37.000Z</time>
   </trkpt>
   <trkpt lat="-8.092595" lon="-34.908735">
    <ele>3.9</ele>
    <time>2019-09-25T00:47:38.000Z</time>
   </trkpt>
   <trkpt lat="-8.092554" lon="-34.908747">
    <ele>4</ele>
    <time>2019-09-25T00:47:39.000Z</time>
   </trkpt>
   <trkpt lat="-8.092511" lon="-34.908751">
    <ele>4.1</ele>
    <time>2019-09-25T00:47:40.000Z</time>
   </trkpt>
   <trkpt lat="-8.092472" lon="-34.90875">
    <ele>4.2</ele>
    <time>2019-09-25T00:47:41.000Z</time>
   </trkpt>
   <trkpt lat="-8.092444" lon="-34.908749">
    <ele>4.2</ele>
    <time>2019-09-25T00:47:42.000Z</time>
   </trkpt>
   <trkpt lat="-8.092379" lon="-34.908737">
    <ele>4.4</ele>
    <time>2019-09-25T00:47:44.000Z</time>
   </trkpt>
   <trkpt lat="-8.092327" lon="-34.908725">
    <ele>4.5</ele>
    <time>2019-09-25T00:47:45.000Z</time>
   </trkpt>
   <trkpt lat="-8.092287" lon="-34.908719">
    <ele>4.5</ele>
    <time>2019-09-25T00:47:46.000Z</time>
   </trkpt>
   <trkpt lat="-8.092245" lon="-34.908714">
    <ele>4.6</ele>
    <time>2019-09-25T00:47:47.000Z</time>
   </trkpt>
   <trkpt lat="-8.092204" lon="-34.908706">
    <ele>4.7</ele>
    <time>2019-09-25T00:47:48.000Z</time>
   </trkpt>
   <trkpt lat="-8.092158" lon="-34.908699">
    <ele>4.8</ele>
    <time>2019-09-25T00:47:49.000Z</time>
   </trkpt>
   <trkpt lat="-8.092117" lon="-34.908689">
    <ele>4.8</ele>
    <time>2019-09-25T00:47:50.000Z</time>
   </trkpt>
   <trkpt lat="-8.092073" lon="-34.908681">
    <ele>5</ele>
    <time>2019-09-25T00:47:51.000Z</time>
   </trkpt>
   <trkpt lat="-8.092034" lon="-34.908681">
    <ele>5</ele>
    <time>2019-09-25T00:47:52.000Z</time>
   </trkpt>
   <trkpt lat="-8.091993" lon="-34.908684">
    <ele>5.1</ele>
    <time>2019-09-25T00:47:53.000Z</time>
   </trkpt>
   <trkpt lat="-8.091951" lon="-34.908672">
    <ele>5.3</ele>
    <time>2019-09-25T00:47:54.000Z</time>
   </trkpt>
   <trkpt lat="-8.091913" lon="-34.908651">
    <ele>5.4</ele>
    <time>2019-09-25T00:47:55.000Z</time>
   </trkpt>
   <trkpt lat="-8.091867" lon="-34.908642">
    <ele>5.5</ele>
    <time>2019-09-25T00:47:56.000Z</time>
   </trkpt>
   <trkpt lat="-8.091829" lon="-34.908638">
    <ele>5.6</ele>
    <time>2019-09-25T00:47:57.000Z</time>
   </trkpt>
   <trkpt lat="-8.09178" lon="-34.90862">
    <ele>5.9</ele>
    <time>2019-09-25T00:47:58.000Z</time>
   </trkpt>
   <trkpt lat="-8.091727" lon="-34.908602">
    <ele>6.1</ele>
    <time>2019-09-25T00:47:59.000Z</time>
   </trkpt>
   <trkpt lat="-8.091679" lon="-34.908602">
    <ele>6.3</ele>
    <time>2019-09-25T00:48:00.000Z</time>
   </trkpt>
   <trkpt lat="-8.091634" lon="-34.90859">
    <ele>6.6</ele>
    <time>2019-09-25T00:48:01.000Z</time>
   </trkpt>
   <trkpt lat="-8.091587" lon="-34.908571">
    <ele>6.9</ele>
    <time>2019-09-25T00:48:02.000Z</time>
   </trkpt>
   <trkpt lat="-8.091547" lon="-34.908558">
    <ele>7.1</ele>
    <time>2019-09-25T00:48:03.000Z</time>
   </trkpt>
   <trkpt lat="-8.091514" lon="-34.908548">
    <ele>7.4</ele>
    <time>2019-09-25T00:48:04.000Z</time>
   </trkpt>
   <trkpt lat="-8.091469" lon="-34.908548">
    <ele>7.8</ele>
    <time>2019-09-25T00:48:05.000Z</time>
   </trkpt>
   <trkpt lat="-8.091423" lon="-34.908537">
    <ele>8.2</ele>
    <time>2019-09-25T00:48:06.000Z</time>
   </trkpt>
   <trkpt lat="-8.091368" lon="-34.90853">
    <ele>8.7</ele>
    <time>2019-09-25T00:48:07.000Z</time>
   </trkpt>
   <trkpt lat="-8.091329" lon="-34.908532">
    <ele>8.9</ele>
    <time>2019-09-25T00:48:08.000Z</time>
   </trkpt>
   <trkpt lat="-8.091287" lon="-34.908517">
    <ele>9.2</ele>
    <time>2019-09-25T00:48:09.000Z</time>
   </trkpt>
   <trkpt lat="-8.09124" lon="-34.908495">
    <ele>9.6</ele>
    <time>2019-09-25T00:48:10.000Z</time>
   </trkpt>
   <trkpt lat="-8.091193" lon="-34.908493">
    <ele>9.8</ele>
    <time>2019-09-25T00:48:11.000Z</time>
   </trkpt>
   <trkpt lat="-8.09115" lon="-34.90848">
    <ele>10.1</ele>
    <time>2019-09-25T00:48:12.000Z</time>
   </trkpt>
   <trkpt lat="-8.091113" lon="-34.908479">
    <ele>10.3</ele>
    <time>2019-09-25T00:48:13.000Z</time>
   </trkpt>
   <trkpt lat="-8.091073" lon="-34.908478">
    <ele>9.9</ele>
    <time>2019-09-25T00:48:14.000Z</time>
   </trkpt>
   <trkpt lat="-8.091031" lon="-34.908463">
    <ele>9.7</ele>
    <time>2019-09-25T00:48:15.000Z</time>
   </trkpt>
   <trkpt lat="-8.090987" lon="-34.908462">
    <ele>9.4</ele>
    <time>2019-09-25T00:48:16.000Z</time>
   </trkpt>
   <trkpt lat="-8.090943" lon="-34.908451">
    <ele>9.2</ele>
    <time>2019-09-25T00:48:17.000Z</time>
   </trkpt>
   <trkpt lat="-8.090892" lon="-34.908434">
    <ele>8.9</ele>
    <time>2019-09-25T00:48:18.000Z</time>
   </trkpt>
   <trkpt lat="-8.090845" lon="-34.908424">
    <ele>8.6</ele>
    <time>2019-09-25T00:48:19.000Z</time>
   </trkpt>
   <trkpt lat="-8.090792" lon="-34.908419">
    <ele>8.4</ele>
    <time>2019-09-25T00:48:20.000Z</time>
   </trkpt>
   <trkpt lat="-8.090738" lon="-34.908404">
    <ele>8.1</ele>
    <time>2019-09-25T00:48:21.000Z</time>
   </trkpt>
   <trkpt lat="-8.090695" lon="-34.908395">
    <ele>7.9</ele>
    <time>2019-09-25T00:48:22.000Z</time>
   </trkpt>
   <trkpt lat="-8.090667" lon="-34.908382">
    <ele>7.8</ele>
    <time>2019-09-25T00:48:23.000Z</time>
   </trkpt>
   <trkpt lat="-8.09064" lon="-34.908369">
    <ele>7.6</ele>
    <time>2019-09-25T00:48:24.000Z</time>
   </trkpt>
   <trkpt lat="-8.090612" lon="-34.90836">
    <ele>7.5</ele>
    <time>2019-09-25T00:48:25.000Z</time>
   </trkpt>
   <trkpt lat="-8.090585" lon="-34.908375">
    <ele>7.4</ele>
    <time>2019-09-25T00:48:26.000Z</time>
   </trkpt>
   <trkpt lat="-8.090554" lon="-34.908359">
    <ele>7.3</ele>
    <time>2019-09-25T00:48:28.000Z</time>
   </trkpt>
   <trkpt lat="-8.090525" lon="-34.908346">
    <ele>7.1</ele>
    <time>2019-09-25T00:48:30.000Z</time>
   </trkpt>
   <trkpt lat="-8.090551" lon="-34.908358">
    <ele>7</ele>
    <time>2019-09-25T00:48:33.000Z</time>
   </trkpt>
   <trkpt lat="-8.090521" lon="-34.90833">
    <ele>6.8</ele>
    <time>2019-09-25T00:48:55.000Z</time>
   </trkpt>
   <trkpt lat="-8.090466" lon="-34.908325">
    <ele>6.6</ele>
    <time>2019-09-25T00:48:57.000Z</time>
   </trkpt>
   <trkpt lat="-8.09041" lon="-34.90833">
    <ele>6.4</ele>
    <time>2019-09-25T00:48:59.000Z</time>
   </trkpt>
   <trkpt lat="-8.090369" lon="-34.908321">
    <ele>6.3</ele>
    <time>2019-09-25T00:49:00.000Z</time>
   </trkpt>
   <trkpt lat="-8.090333" lon="-34.908309">
    <ele>6.2</ele>
    <time>2019-09-25T00:49:01.000Z</time>
   </trkpt>
   <trkpt lat="-8.090293" lon="-34.908294">
    <ele>6.2</ele>
    <time>2019-09-25T00:49:02.000Z</time>
   </trkpt>
   <trkpt lat="-8.090244" lon="-34.908285">
    <ele>6.2</ele>
    <time>2019-09-25T00:49:03.000Z</time>
   </trkpt>
   <trkpt lat="-8.090195" lon="-34.908273">
    <ele>6.2</ele>
    <time>2019-09-25T00:49:04.000Z</time>
   </trkpt>
   <trkpt lat="-8.090147" lon="-34.908262">
    <ele>6.2</ele>
    <time>2019-09-25T00:49:05.000Z</time>
   </trkpt>
   <trkpt lat="-8.090106" lon="-34.908253">
    <ele>6.2</ele>
    <time>2019-09-25T00:49:06.000Z</time>
   </trkpt>
   <trkpt lat="-8.090059" lon="-34.908247">
    <ele>6.2</ele>
    <time>2019-09-25T00:49:07.000Z</time>
   </trkpt>
   <trkpt lat="-8.090009" lon="-34.908244">
    <ele>6.2</ele>
    <time>2019-09-25T00:49:08.000Z</time>
   </trkpt>
   <trkpt lat="-8.089961" lon="-34.908234">
    <ele>6.2</ele>
    <time>2019-09-25T00:49:09.000Z</time>
   </trkpt>
   <trkpt lat="-8.089917" lon="-34.908226">
    <ele>6.2</ele>
    <time>2019-09-25T00:49:10.000Z</time>
   </trkpt>
   <trkpt lat="-8.089873" lon="-34.908216">
    <ele>6.2</ele>
    <time>2019-09-25T00:49:11.000Z</time>
   </trkpt>
   <trkpt lat="-8.089827" lon="-34.908207">
    <ele>6.2</ele>
    <time>2019-09-25T00:49:12.000Z</time>
   </trkpt>
   <trkpt lat="-8.089781" lon="-34.908191">
    <ele>6.1</ele>
    <time>2019-09-25T00:49:13.000Z</time>
   </trkpt>
   <trkpt lat="-8.089732" lon="-34.908181">
    <ele>6.1</ele>
    <time>2019-09-25T00:49:14.000Z</time>
   </trkpt>
   <trkpt lat="-8.08969" lon="-34.908163">
    <ele>6</ele>
    <time>2019-09-25T00:49:15.000Z</time>
   </trkpt>
   <trkpt lat="-8.089642" lon="-34.908147">
    <ele>5.8</ele>
    <time>2019-09-25T00:49:16.000Z</time>
   </trkpt>
   <trkpt lat="-8.089592" lon="-34.908132">
    <ele>5.7</ele>
    <time>2019-09-25T00:49:17.000Z</time>
   </trkpt>
   <trkpt lat="-8.089544" lon="-34.90812">
    <ele>5.6</ele>
    <time>2019-09-25T00:49:18.000Z</time>
   </trkpt>
   <trkpt lat="-8.089489" lon="-34.908114">
    <ele>5.5</ele>
    <time>2019-09-25T00:49:19.000Z</time>
   </trkpt>
   <trkpt lat="-8.089446" lon="-34.908111">
    <ele>5.4</ele>
    <time>2019-09-25T00:49:20.000Z</time>
   </trkpt>
   <trkpt lat="-8.089417" lon="-34.908108">
    <ele>5.4</ele>
    <time>2019-09-25T00:49:21.000Z</time>
   </trkpt>
   <trkpt lat="-8.089381" lon="-34.908099">
    <ele>5.4</ele>
    <time>2019-09-25T00:49:22.000Z</time>
   </trkpt>
   <trkpt lat="-8.089344" lon="-34.908085">
    <ele>5.3</ele>
    <time>2019-09-25T00:49:23.000Z</time>
   </trkpt>
   <trkpt lat="-8.089296" lon="-34.90807">
    <ele>5.3</ele>
    <time>2019-09-25T00:49:24.000Z</time>
   </trkpt>
   <trkpt lat="-8.089248" lon="-34.908059">
    <ele>5.3</ele>
    <time>2019-09-25T00:49:25.000Z</time>
   </trkpt>
   <trkpt lat="-8.089199" lon="-34.908051">
    <ele>5.3</ele>
    <time>2019-09-25T00:49:26.000Z</time>
   </trkpt>
   <trkpt lat="-8.089154" lon="-34.908042">
    <ele>5.3</ele>
    <time>2019-09-25T00:49:27.000Z</time>
   </trkpt>
   <trkpt lat="-8.089119" lon="-34.908032">
    <ele>5.3</ele>
    <time>2019-09-25T00:49:28.000Z</time>
   </trkpt>
   <trkpt lat="-8.089069" lon="-34.90802">
    <ele>5.3</ele>
    <time>2019-09-25T00:49:29.000Z</time>
   </trkpt>
   <trkpt lat="-8.089021" lon="-34.908013">
    <ele>5.3</ele>
    <time>2019-09-25T00:49:30.000Z</time>
   </trkpt>
   <trkpt lat="-8.08898" lon="-34.907998">
    <ele>5.3</ele>
    <time>2019-09-25T00:49:31.000Z</time>
   </trkpt>
   <trkpt lat="-8.088942" lon="-34.907989">
    <ele>5.3</ele>
    <time>2019-09-25T00:49:32.000Z</time>
   </trkpt>
   <trkpt lat="-8.088906" lon="-34.907988">
    <ele>5.3</ele>
    <time>2019-09-25T00:49:33.000Z</time>
   </trkpt>
   <trkpt lat="-8.088864" lon="-34.907975">
    <ele>5.3</ele>
    <time>2019-09-25T00:49:34.000Z</time>
   </trkpt>
   <trkpt lat="-8.088826" lon="-34.907966">
    <ele>5.3</ele>
    <time>2019-09-25T00:49:35.000Z</time>
   </trkpt>
   <trkpt lat="-8.088784" lon="-34.907958">
    <ele>5.3</ele>
    <time>2019-09-25T00:49:36.000Z</time>
   </trkpt>
   <trkpt lat="-8.088742" lon="-34.907947">
    <ele>5.3</ele>
    <time>2019-09-25T00:49:37.000Z</time>
   </trkpt>
   <trkpt lat="-8.088702" lon="-34.907935">
    <ele>5.3</ele>
    <time>2019-09-25T00:49:38.000Z</time>
   </trkpt>
   <trkpt lat="-8.088661" lon="-34.907921">
    <ele>5.3</ele>
    <time>2019-09-25T00:49:39.000Z</time>
   </trkpt>
   <trkpt lat="-8.088619" lon="-34.907913">
    <ele>5.3</ele>
    <time>2019-09-25T00:49:40.000Z</time>
   </trkpt>
   <trkpt lat="-8.088575" lon="-34.907906">
    <ele>5.3</ele>
    <time>2019-09-25T00:49:41.000Z</time>
   </trkpt>
   <trkpt lat="-8.088532" lon="-34.907886">
    <ele>5.6</ele>
    <time>2019-09-25T00:49:42.000Z</time>
   </trkpt>
   <trkpt lat="-8.088488" lon="-34.907877">
    <ele>5.8</ele>
    <time>2019-09-25T00:49:43.000Z</time>
   </trkpt>
   <trkpt lat="-8.088452" lon="-34.907865">
    <ele>6</ele>
    <time>2019-09-25T00:49:44.000Z</time>
   </trkpt>
   <trkpt lat="-8.088407" lon="-34.907854">
    <ele>6.2</ele>
    <time>2019-09-25T00:49:45.000Z</time>
   </trkpt>
   <trkpt lat="-8.088368" lon="-34.90785">
    <ele>6.3</ele>
    <time>2019-09-25T00:49:46.000Z</time>
   </trkpt>
   <trkpt lat="-8.088333" lon="-34.907842">
    <ele>6.4</ele>
    <time>2019-09-25T00:49:47.000Z</time>
   </trkpt>
   <trkpt lat="-8.088307" lon="-34.907832">
    <ele>6.5</ele>
    <time>2019-09-25T00:49:48.000Z</time>
   </trkpt>
   <trkpt lat="-8.088274" lon="-34.907824">
    <ele>6.7</ele>
    <time>2019-09-25T00:49:49.000Z</time>
   </trkpt>
   <trkpt lat="-8.088247" lon="-34.907816">
    <ele>6.7</ele>
    <time>2019-09-25T00:49:51.000Z</time>
   </trkpt>
   <trkpt lat="-8.088212" lon="-34.907803">
    <ele>6.9</ele>
    <time>2019-09-25T00:50:17.000Z</time>
   </trkpt>
   <trkpt lat="-8.088172" lon="-34.907793">
    <ele>7</ele>
    <time>2019-09-25T00:50:19.000Z</time>
   </trkpt>
   <trkpt lat="-8.088142" lon="-34.907791">
    <ele>7</ele>
    <time>2019-09-25T00:50:20.000Z</time>
   </trkpt>
   <trkpt lat="-8.088107" lon="-34.907788">
    <ele>7.1</ele>
    <time>2019-09-25T00:50:21.000Z</time>
   </trkpt>
   <trkpt lat="-8.088071" lon="-34.907784">
    <ele>7.2</ele>
    <time>2019-09-25T00:50:22.000Z</time>
   </trkpt>
   <trkpt lat="-8.088027" lon="-34.907776">
    <ele>7.2</ele>
    <time>2019-09-25T00:50:23.000Z</time>
   </trkpt>
   <trkpt lat="-8.087988" lon="-34.907767">
    <ele>7.3</ele>
    <time>2019-09-25T00:50:24.000Z</time>
   </trkpt>
   <trkpt lat="-8.087944" lon="-34.907762">
    <ele>7.3</ele>
    <time>2019-09-25T00:50:25.000Z</time>
   </trkpt>
   <trkpt lat="-8.087903" lon="-34.907755">
    <ele>7.3</ele>
    <time>2019-09-25T00:50:26.000Z</time>
   </trkpt>
   <trkpt lat="-8.087859" lon="-34.907749">
    <ele>7.2</ele>
    <time>2019-09-25T00:50:27.000Z</time>
   </trkpt>
   <trkpt lat="-8.08781" lon="-34.907743">
    <ele>7.1</ele>
    <time>2019-09-25T00:50:28.000Z</time>
   </trkpt>
   <trkpt lat="-8.087766" lon="-34.907737">
    <ele>6.9</ele>
    <time>2019-09-25T00:50:29.000Z</time>
   </trkpt>
   <trkpt lat="-8.087721" lon="-34.907726">
    <ele>6.8</ele>
    <time>2019-09-25T00:50:30.000Z</time>
   </trkpt>
   <trkpt lat="-8.087679" lon="-34.907717">
    <ele>6.7</ele>
    <time>2019-09-25T00:50:31.000Z</time>
   </trkpt>
   <trkpt lat="-8.087636" lon="-34.907705">
    <ele>6.8</ele>
    <time>2019-09-25T00:50:32.000Z</time>
   </trkpt>
   <trkpt lat="-8.087592" lon="-34.907693">
    <ele>6.9</ele>
    <time>2019-09-25T00:50:33.000Z</time>
   </trkpt>
   <trkpt lat="-8.087548" lon="-34.907686">
    <ele>6.9</ele>
    <time>2019-09-25T00:50:34.000Z</time>
   </trkpt>
   <trkpt lat="-8.087499" lon="-34.907675">
    <ele>7</ele>
    <time>2019-09-25T00:50:35.000Z</time>
   </trkpt>
   <trkpt lat="-8.087454" lon="-34.907657">
    <ele>7</ele>
    <time>2019-09-25T00:50:36.000Z</time>
   </trkpt>
   <trkpt lat="-8.087401" lon="-34.907644">
    <ele>7.1</ele>
    <time>2019-09-25T00:50:37.000Z</time>
   </trkpt>
   <trkpt lat="-8.08735" lon="-34.907627">
    <ele>7.1</ele>
    <time>2019-09-25T00:50:38.000Z</time>
   </trkpt>
   <trkpt lat="-8.087301" lon="-34.907612">
    <ele>7.2</ele>
    <time>2019-09-25T00:50:39.000Z</time>
   </trkpt>
   <trkpt lat="-8.087257" lon="-34.907607">
    <ele>7.2</ele>
    <time>2019-09-25T00:50:40.000Z</time>
   </trkpt>
   <trkpt lat="-8.087219" lon="-34.9076">
    <ele>7.2</ele>
    <time>2019-09-25T00:50:41.000Z</time>
   </trkpt>
   <trkpt lat="-8.087178" lon="-34.907593">
    <ele>7.2</ele>
    <time>2019-09-25T00:50:42.000Z</time>
   </trkpt>
   <trkpt lat="-8.087135" lon="-34.907582">
    <ele>7.2</ele>
    <time>2019-09-25T00:50:43.000Z</time>
   </trkpt>
   <trkpt lat="-8.087099" lon="-34.907573">
    <ele>7.2</ele>
    <time>2019-09-25T00:50:44.000Z</time>
   </trkpt>
   <trkpt lat="-8.087056" lon="-34.907564">
    <ele>7.2</ele>
    <time>2019-09-25T00:50:45.000Z</time>
   </trkpt>
   <trkpt lat="-8.087014" lon="-34.907557">
    <ele>7.2</ele>
    <time>2019-09-25T00:50:46.000Z</time>
   </trkpt>
   <trkpt lat="-8.086976" lon="-34.907549">
    <ele>7.3</ele>
    <time>2019-09-25T00:50:47.000Z</time>
   </trkpt>
   <trkpt lat="-8.086945" lon="-34.907537">
    <ele>7.3</ele>
    <time>2019-09-25T00:50:48.000Z</time>
   </trkpt>
   <trkpt lat="-8.086913" lon="-34.907533">
    <ele>7.4</ele>
    <time>2019-09-25T00:50:49.000Z</time>
   </trkpt>
   <trkpt lat="-8.086874" lon="-34.907526">
    <ele>7.5</ele>
    <time>2019-09-25T00:50:51.000Z</time>
   </trkpt>
   <trkpt lat="-8.086843" lon="-34.90752">
    <ele>7.5</ele>
    <time>2019-09-25T00:50:52.000Z</time>
   </trkpt>
   <trkpt lat="-8.086806" lon="-34.907508">
    <ele>7.6</ele>
    <time>2019-09-25T00:50:53.000Z</time>
   </trkpt>
   <trkpt lat="-8.086772" lon="-34.907495">
    <ele>7.7</ele>
    <time>2019-09-25T00:50:54.000Z</time>
   </trkpt>
   <trkpt lat="-8.086735" lon="-34.907486">
    <ele>7.8</ele>
    <time>2019-09-25T00:50:55.000Z</time>
   </trkpt>
   <trkpt lat="-8.086695" lon="-34.907477">
    <ele>7.9</ele>
    <time>2019-09-25T00:50:56.000Z</time>
   </trkpt>
   <trkpt lat="-8.086654" lon="-34.907471">
    <ele>8</ele>
    <time>2019-09-25T00:50:57.000Z</time>
   </trkpt>
   <trkpt lat="-8.086612" lon="-34.90746">
    <ele>8.1</ele>
    <time>2019-09-25T00:50:58.000Z</time>
   </trkpt>
   <trkpt lat="-8.086576" lon="-34.907451">
    <ele>8.2</ele>
    <time>2019-09-25T00:50:59.000Z</time>
   </trkpt>
   <trkpt lat="-8.086538" lon="-34.907441">
    <ele>8.2</ele>
    <time>2019-09-25T00:51:00.000Z</time>
   </trkpt>
   <trkpt lat="-8.086492" lon="-34.90743">
    <ele>8.3</ele>
    <time>2019-09-25T00:51:01.000Z</time>
   </trkpt>
   <trkpt lat="-8.086441" lon="-34.907421">
    <ele>8.3</ele>
    <time>2019-09-25T00:51:02.000Z</time>
   </trkpt>
   <trkpt lat="-8.086395" lon="-34.907411">
    <ele>8.4</ele>
    <time>2019-09-25T00:51:03.000Z</time>
   </trkpt>
   <trkpt lat="-8.086345" lon="-34.907403">
    <ele>8.4</ele>
    <time>2019-09-25T00:51:04.000Z</time>
   </trkpt>
   <trkpt lat="-8.086296" lon="-34.90739">
    <ele>8.4</ele>
    <time>2019-09-25T00:51:05.000Z</time>
   </trkpt>
   <trkpt lat="-8.086254" lon="-34.907377">
    <ele>8.4</ele>
    <time>2019-09-25T00:51:06.000Z</time>
   </trkpt>
   <trkpt lat="-8.086209" lon="-34.907357">
    <ele>8.4</ele>
    <time>2019-09-25T00:51:07.000Z</time>
   </trkpt>
   <trkpt lat="-8.086159" lon="-34.907352">
    <ele>8.4</ele>
    <time>2019-09-25T00:51:08.000Z</time>
   </trkpt>
   <trkpt lat="-8.086108" lon="-34.907342">
    <ele>8.4</ele>
    <time>2019-09-25T00:51:09.000Z</time>
   </trkpt>
   <trkpt lat="-8.086062" lon="-34.907331">
    <ele>8.4</ele>
    <time>2019-09-25T00:51:10.000Z</time>
   </trkpt>
   <trkpt lat="-8.086019" lon="-34.907323">
    <ele>8.4</ele>
    <time>2019-09-25T00:51:11.000Z</time>
   </trkpt>
   <trkpt lat="-8.08597" lon="-34.907315">
    <ele>8.4</ele>
    <time>2019-09-25T00:51:12.000Z</time>
   </trkpt>
   <trkpt lat="-8.085915" lon="-34.907311">
    <ele>8.4</ele>
    <time>2019-09-25T00:51:13.000Z</time>
   </trkpt>
   <trkpt lat="-8.085864" lon="-34.907307">
    <ele>8.4</ele>
    <time>2019-09-25T00:51:14.000Z</time>
   </trkpt>
   <trkpt lat="-8.085815" lon="-34.907299">
    <ele>8.4</ele>
    <time>2019-09-25T00:51:15.000Z</time>
   </trkpt>
   <trkpt lat="-8.085769" lon="-34.907281">
    <ele>8.4</ele>
    <time>2019-09-25T00:51:16.000Z</time>
   </trkpt>
   <trkpt lat="-8.08574" lon="-34.907263">
    <ele>8.4</ele>
    <time>2019-09-25T00:51:17.000Z</time>
   </trkpt>
   <trkpt lat="-8.085691" lon="-34.907248">
    <ele>8.4</ele>
    <time>2019-09-25T00:51:18.000Z</time>
   </trkpt>
   <trkpt lat="-8.085641" lon="-34.907231">
    <ele>8.4</ele>
    <time>2019-09-25T00:51:19.000Z</time>
   </trkpt>
   <trkpt lat="-8.085591" lon="-34.907222">
    <ele>8.4</ele>
    <time>2019-09-25T00:51:20.000Z</time>
   </trkpt>
   <trkpt lat="-8.085548" lon="-34.907213">
    <ele>8.4</ele>
    <time>2019-09-25T00:51:21.000Z</time>
   </trkpt>
   <trkpt lat="-8.085501" lon="-34.907205">
    <ele>8.4</ele>
    <time>2019-09-25T00:51:22.000Z</time>
   </trkpt>
   <trkpt lat="-8.085459" lon="-34.907196">
    <ele>8.4</ele>
    <time>2019-09-25T00:51:23.000Z</time>
   </trkpt>
   <trkpt lat="-8.085421" lon="-34.907187">
    <ele>8.4</ele>
    <time>2019-09-25T00:51:24.000Z</time>
   </trkpt>
   <trkpt lat="-8.085386" lon="-34.90718">
    <ele>8.4</ele>
    <time>2019-09-25T00:51:25.000Z</time>
   </trkpt>
   <trkpt lat="-8.085344" lon="-34.907167">
    <ele>8.4</ele>
    <time>2019-09-25T00:51:26.000Z</time>
   </trkpt>
   <trkpt lat="-8.085297" lon="-34.907152">
    <ele>8.4</ele>
    <time>2019-09-25T00:51:27.000Z</time>
   </trkpt>
   <trkpt lat="-8.085255" lon="-34.90714">
    <ele>8.4</ele>
    <time>2019-09-25T00:51:28.000Z</time>
   </trkpt>
   <trkpt lat="-8.085204" lon="-34.907131">
    <ele>8.4</ele>
    <time>2019-09-25T00:51:29.000Z</time>
   </trkpt>
   <trkpt lat="-8.085157" lon="-34.907123">
    <ele>8.4</ele>
    <time>2019-09-25T00:51:30.000Z</time>
   </trkpt>
   <trkpt lat="-8.085111" lon="-34.907115">
    <ele>8.4</ele>
    <time>2019-09-25T00:51:31.000Z</time>
   </trkpt>
   <trkpt lat="-8.085071" lon="-34.907105">
    <ele>8.3</ele>
    <time>2019-09-25T00:51:32.000Z</time>
   </trkpt>
   <trkpt lat="-8.085029" lon="-34.907095">
    <ele>8.2</ele>
    <time>2019-09-25T00:51:33.000Z</time>
   </trkpt>
   <trkpt lat="-8.084985" lon="-34.907091">
    <ele>8.1</ele>
    <time>2019-09-25T00:51:34.000Z</time>
   </trkpt>
   <trkpt lat="-8.084944" lon="-34.907082">
    <ele>8</ele>
    <time>2019-09-25T00:51:35.000Z</time>
   </trkpt>
   <trkpt lat="-8.084897" lon="-34.907079">
    <ele>7.8</ele>
    <time>2019-09-25T00:51:36.000Z</time>
   </trkpt>
   <trkpt lat="-8.084861" lon="-34.90707">
    <ele>7.7</ele>
    <time>2019-09-25T00:51:37.000Z</time>
   </trkpt>
   <trkpt lat="-8.084811" lon="-34.907063">
    <ele>7.4</ele>
    <time>2019-09-25T00:51:38.000Z</time>
   </trkpt>
   <trkpt lat="-8.084764" lon="-34.907057">
    <ele>7.1</ele>
    <time>2019-09-25T00:51:39.000Z</time>
   </trkpt>
   <trkpt lat="-8.084725" lon="-34.907051">
    <ele>6.9</ele>
    <time>2019-09-25T00:51:40.000Z</time>
   </trkpt>
   <trkpt lat="-8.084683" lon="-34.907043">
    <ele>6.7</ele>
    <time>2019-09-25T00:51:41.000Z</time>
   </trkpt>
   <trkpt lat="-8.084649" lon="-34.907038">
    <ele>6.5</ele>
    <time>2019-09-25T00:51:42.000Z</time>
   </trkpt>
   <trkpt lat="-8.084605" lon="-34.907032">
    <ele>6.3</ele>
    <time>2019-09-25T00:51:43.000Z</time>
   </trkpt>
   <trkpt lat="-8.084566" lon="-34.907024">
    <ele>6</ele>
    <time>2019-09-25T00:51:44.000Z</time>
   </trkpt>
   <trkpt lat="-8.084503" lon="-34.907012">
    <ele>5.7</ele>
    <time>2019-09-25T00:51:46.000Z</time>
   </trkpt>
   <trkpt lat="-8.084461" lon="-34.906999">
    <ele>5.5</ele>
    <time>2019-09-25T00:51:47.000Z</time>
   </trkpt>
   <trkpt lat="-8.084428" lon="-34.906994">
    <ele>5.4</ele>
    <time>2019-09-25T00:51:48.000Z</time>
   </trkpt>
   <trkpt lat="-8.084392" lon="-34.906988">
    <ele>5.2</ele>
    <time>2019-09-25T00:51:49.000Z</time>
   </trkpt>
   <trkpt lat="-8.084355" lon="-34.90698">
    <ele>5.1</ele>
    <time>2019-09-25T00:51:50.000Z</time>
   </trkpt>
   <trkpt lat="-8.084316" lon="-34.906971">
    <ele>5</ele>
    <time>2019-09-25T00:51:51.000Z</time>
   </trkpt>
   <trkpt lat="-8.084284" lon="-34.906961">
    <ele>4.9</ele>
    <time>2019-09-25T00:51:52.000Z</time>
   </trkpt>
   <trkpt lat="-8.084252" lon="-34.906951">
    <ele>4.8</ele>
    <time>2019-09-25T00:51:53.000Z</time>
   </trkpt>
   <trkpt lat="-8.084225" lon="-34.906944">
    <ele>4.8</ele>
    <time>2019-09-25T00:51:54.000Z</time>
   </trkpt>
   <trkpt lat="-8.084188" lon="-34.906936">
    <ele>4.7</ele>
    <time>2019-09-25T00:51:55.000Z</time>
   </trkpt>
   <trkpt lat="-8.084158" lon="-34.90693">
    <ele>4.7</ele>
    <time>2019-09-25T00:51:56.000Z</time>
   </trkpt>
   <trkpt lat="-8.084127" lon="-34.906923">
    <ele>4.7</ele>
    <time>2019-09-25T00:51:57.000Z</time>
   </trkpt>
   <trkpt lat="-8.0841" lon="-34.906924">
    <ele>4.6</ele>
    <time>2019-09-25T00:51:58.000Z</time>
   </trkpt>
   <trkpt lat="-8.084068" lon="-34.906917">
    <ele>4.6</ele>
    <time>2019-09-25T00:51:59.000Z</time>
   </trkpt>
   <trkpt lat="-8.08404" lon="-34.906911">
    <ele>4.6</ele>
    <time>2019-09-25T00:52:00.000Z</time>
   </trkpt>
   <trkpt lat="-8.083979" lon="-34.906904">
    <ele>4.5</ele>
    <time>2019-09-25T00:52:02.000Z</time>
   </trkpt>
   <trkpt lat="-8.08395" lon="-34.906891">
    <ele>4.5</ele>
    <time>2019-09-25T00:52:03.000Z</time>
   </trkpt>
   <trkpt lat="-8.083905" lon="-34.906883">
    <ele>4.4</ele>
    <time>2019-09-25T00:52:04.000Z</time>
   </trkpt>
   <trkpt lat="-8.083866" lon="-34.906873">
    <ele>4.4</ele>
    <time>2019-09-25T00:52:05.000Z</time>
   </trkpt>
   <trkpt lat="-8.083831" lon="-34.90687">
    <ele>4.4</ele>
    <time>2019-09-25T00:52:06.000Z</time>
   </trkpt>
   <trkpt lat="-8.083794" lon="-34.906858">
    <ele>4.3</ele>
    <time>2019-09-25T00:52:07.000Z</time>
   </trkpt>
   <trkpt lat="-8.083754" lon="-34.906841">
    <ele>4.3</ele>
    <time>2019-09-25T00:52:08.000Z</time>
   </trkpt>
   <trkpt lat="-8.083708" lon="-34.906827">
    <ele>4.2</ele>
    <time>2019-09-25T00:52:09.000Z</time>
   </trkpt>
   <trkpt lat="-8.083665" lon="-34.906814">
    <ele>4.1</ele>
    <time>2019-09-25T00:52:10.000Z</time>
   </trkpt>
   <trkpt lat="-8.083624" lon="-34.906804">
    <ele>4</ele>
    <time>2019-09-25T00:52:11.000Z</time>
   </trkpt>
   <trkpt lat="-8.083581" lon="-34.906797">
    <ele>3.9</ele>
    <time>2019-09-25T00:52:12.000Z</time>
   </trkpt>
   <trkpt lat="-8.083537" lon="-34.906788">
    <ele>3.8</ele>
    <time>2019-09-25T00:52:13.000Z</time>
   </trkpt>
   <trkpt lat="-8.0835" lon="-34.906785">
    <ele>3.7</ele>
    <time>2019-09-25T00:52:14.000Z</time>
   </trkpt>
   <trkpt lat="-8.083463" lon="-34.906777">
    <ele>3.5</ele>
    <time>2019-09-25T00:52:15.000Z</time>
   </trkpt>
   <trkpt lat="-8.083428" lon="-34.906768">
    <ele>3.4</ele>
    <time>2019-09-25T00:52:16.000Z</time>
   </trkpt>
   <trkpt lat="-8.083387" lon="-34.906761">
    <ele>3.3</ele>
    <time>2019-09-25T00:52:17.000Z</time>
   </trkpt>
   <trkpt lat="-8.083355" lon="-34.906752">
    <ele>3.2</ele>
    <time>2019-09-25T00:52:18.000Z</time>
   </trkpt>
   <trkpt lat="-8.083327" lon="-34.906745">
    <ele>3.1</ele>
    <time>2019-09-25T00:52:19.000Z</time>
   </trkpt>
   <trkpt lat="-8.08329" lon="-34.906732">
    <ele>3</ele>
    <time>2019-09-25T00:52:20.000Z</time>
   </trkpt>
   <trkpt lat="-8.083248" lon="-34.90672">
    <ele>2.9</ele>
    <time>2019-09-25T00:52:21.000Z</time>
   </trkpt>
   <trkpt lat="-8.083205" lon="-34.906702">
    <ele>2.7</ele>
    <time>2019-09-25T00:52:22.000Z</time>
   </trkpt>
   <trkpt lat="-8.083164" lon="-34.906683">
    <ele>2.5</ele>
    <time>2019-09-25T00:52:23.000Z</time>
   </trkpt>
   <trkpt lat="-8.083119" lon="-34.90666">
    <ele>2.3</ele>
    <time>2019-09-25T00:52:24.000Z</time>
   </trkpt>
   <trkpt lat="-8.08308" lon="-34.90663">
    <ele>2.1</ele>
    <time>2019-09-25T00:52:25.000Z</time>
   </trkpt>
   <trkpt lat="-8.083055" lon="-34.906597">
    <ele>2.4</ele>
    <time>2019-09-25T00:52:26.000Z</time>
   </trkpt>
   <trkpt lat="-8.083028" lon="-34.906563">
    <ele>2.6</ele>
    <time>2019-09-25T00:52:27.000Z</time>
   </trkpt>
   <trkpt lat="-8.083" lon="-34.906527">
    <ele>2.9</ele>
    <time>2019-09-25T00:52:28.000Z</time>
   </trkpt>
   <trkpt lat="-8.08297" lon="-34.906488">
    <ele>3.2</ele>
    <time>2019-09-25T00:52:29.000Z</time>
   </trkpt>
   <trkpt lat="-8.082944" lon="-34.90645">
    <ele>3.5</ele>
    <time>2019-09-25T00:52:30.000Z</time>
   </trkpt>
   <trkpt lat="-8.08292" lon="-34.906411">
    <ele>3.8</ele>
    <time>2019-09-25T00:52:31.000Z</time>
   </trkpt>
   <trkpt lat="-8.082895" lon="-34.906372">
    <ele>4.1</ele>
    <time>2019-09-25T00:52:32.000Z</time>
   </trkpt>
   <trkpt lat="-8.082871" lon="-34.90633">
    <ele>4.5</ele>
    <time>2019-09-25T00:52:33.000Z</time>
   </trkpt>
   <trkpt lat="-8.082853" lon="-34.906289">
    <ele>4.8</ele>
    <time>2019-09-25T00:52:34.000Z</time>
   </trkpt>
   <trkpt lat="-8.082834" lon="-34.906251">
    <ele>5</ele>
    <time>2019-09-25T00:52:35.000Z</time>
   </trkpt>
   <trkpt lat="-8.082813" lon="-34.906211">
    <ele>5.3</ele>
    <time>2019-09-25T00:52:36.000Z</time>
   </trkpt>
   <trkpt lat="-8.082782" lon="-34.906175">
    <ele>5.6</ele>
    <time>2019-09-25T00:52:37.000Z</time>
   </trkpt>
   <trkpt lat="-8.082762" lon="-34.906142">
    <ele>5.9</ele>
    <time>2019-09-25T00:52:38.000Z</time>
   </trkpt>
   <trkpt lat="-8.082736" lon="-34.906105">
    <ele>6.2</ele>
    <time>2019-09-25T00:52:39.000Z</time>
   </trkpt>
   <trkpt lat="-8.082707" lon="-34.906079">
    <ele>6.4</ele>
    <time>2019-09-25T00:52:40.000Z</time>
   </trkpt>
   <trkpt lat="-8.082684" lon="-34.906051">
    <ele>6.6</ele>
    <time>2019-09-25T00:52:41.000Z</time>
   </trkpt>
   <trkpt lat="-8.082659" lon="-34.906021">
    <ele>6.9</ele>
    <time>2019-09-25T00:52:42.000Z</time>
   </trkpt>
   <trkpt lat="-8.08263" lon="-34.906005">
    <ele>7.1</ele>
    <time>2019-09-25T00:52:43.000Z</time>
   </trkpt>
   <trkpt lat="-8.082593" lon="-34.905994">
    <ele>7.5</ele>
    <time>2019-09-25T00:52:44.000Z</time>
   </trkpt>
   <trkpt lat="-8.082554" lon="-34.905982">
    <ele>7.5</ele>
    <time>2019-09-25T00:52:45.000Z</time>
   </trkpt>
   <trkpt lat="-8.08251" lon="-34.905968">
    <ele>7.5</ele>
    <time>2019-09-25T00:52:46.000Z</time>
   </trkpt>
   <trkpt lat="-8.082475" lon="-34.905944">
    <ele>7.1</ele>
    <time>2019-09-25T00:52:47.000Z</time>
   </trkpt>
   <trkpt lat="-8.082432" lon="-34.905926">
    <ele>6.9</ele>
    <time>2019-09-25T00:52:48.000Z</time>
   </trkpt>
   <trkpt lat="-8.082391" lon="-34.905908">
    <ele>6.7</ele>
    <time>2019-09-25T00:52:49.000Z</time>
   </trkpt>
   <trkpt lat="-8.082353" lon="-34.905892">
    <ele>6.5</ele>
    <time>2019-09-25T00:52:50.000Z</time>
   </trkpt>
   <trkpt lat="-8.08232" lon="-34.905879">
    <ele>6.4</ele>
    <time>2019-09-25T00:52:51.000Z</time>
   </trkpt>
   <trkpt lat="-8.082283" lon="-34.905859">
    <ele>6.2</ele>
    <time>2019-09-25T00:52:52.000Z</time>
   </trkpt>
   <trkpt lat="-8.082236" lon="-34.905837">
    <ele>6</ele>
    <time>2019-09-25T00:52:53.000Z</time>
   </trkpt>
   <trkpt lat="-8.082208" lon="-34.90581">
    <ele>5.8</ele>
    <time>2019-09-25T00:52:54.000Z</time>
   </trkpt>
   <trkpt lat="-8.082158" lon="-34.905785">
    <ele>5.6</ele>
    <time>2019-09-25T00:52:55.000Z</time>
   </trkpt>
   <trkpt lat="-8.082118" lon="-34.905766">
    <ele>5.4</ele>
    <time>2019-09-25T00:52:56.000Z</time>
   </trkpt>
   <trkpt lat="-8.08208" lon="-34.905745">
    <ele>5.4</ele>
    <time>2019-09-25T00:52:57.000Z</time>
   </trkpt>
   <trkpt lat="-8.082039" lon="-34.905725">
    <ele>5.6</ele>
    <time>2019-09-25T00:52:58.000Z</time>
   </trkpt>
   <trkpt lat="-8.082001" lon="-34.905708">
    <ele>5.9</ele>
    <time>2019-09-25T00:52:59.000Z</time>
   </trkpt>
   <trkpt lat="-8.081965" lon="-34.905689">
    <ele>6.1</ele>
    <time>2019-09-25T00:53:00.000Z</time>
   </trkpt>
   <trkpt lat="-8.081927" lon="-34.905666">
    <ele>6.3</ele>
    <time>2019-09-25T00:53:01.000Z</time>
   </trkpt>
   <trkpt lat="-8.081889" lon="-34.905642">
    <ele>6.5</ele>
    <time>2019-09-25T00:53:02.000Z</time>
   </trkpt>
   <trkpt lat="-8.081848" lon="-34.905623">
    <ele>6.6</ele>
    <time>2019-09-25T00:53:03.000Z</time>
   </trkpt>
   <trkpt lat="-8.08182" lon="-34.9056">
    <ele>6.7</ele>
    <time>2019-09-25T00:53:04.000Z</time>
   </trkpt>
   <trkpt lat="-8.081779" lon="-34.905581">
    <ele>6.7</ele>
    <time>2019-09-25T00:53:05.000Z</time>
   </trkpt>
   <trkpt lat="-8.081744" lon="-34.905568">
    <ele>6.8</ele>
    <time>2019-09-25T00:53:06.000Z</time>
   </trkpt>
   <trkpt lat="-8.081714" lon="-34.905548">
    <ele>6.8</ele>
    <time>2019-09-25T00:53:07.000Z</time>
   </trkpt>
   <trkpt lat="-8.081678" lon="-34.905525">
    <ele>6.8</ele>
    <time>2019-09-25T00:53:08.000Z</time>
   </trkpt>
   <trkpt lat="-8.081636" lon="-34.905495">
    <ele>6.8</ele>
    <time>2019-09-25T00:53:09.000Z</time>
   </trkpt>
   <trkpt lat="-8.081603" lon="-34.905469">
    <ele>6.9</ele>
    <time>2019-09-25T00:53:10.000Z</time>
   </trkpt>
   <trkpt lat="-8.08157" lon="-34.90545">
    <ele>6.9</ele>
    <time>2019-09-25T00:53:11.000Z</time>
   </trkpt>
   <trkpt lat="-8.081535" lon="-34.905431">
    <ele>7</ele>
    <time>2019-09-25T00:53:12.000Z</time>
   </trkpt>
   <trkpt lat="-8.081505" lon="-34.905417">
    <ele>7.1</ele>
    <time>2019-09-25T00:53:13.000Z</time>
   </trkpt>
   <trkpt lat="-8.08147" lon="-34.905391">
    <ele>7.4</ele>
    <time>2019-09-25T00:53:14.000Z</time>
   </trkpt>
   <trkpt lat="-8.081444" lon="-34.905363">
    <ele>7.6</ele>
    <time>2019-09-25T00:53:15.000Z</time>
   </trkpt>
   <trkpt lat="-8.081416" lon="-34.905335">
    <ele>7.8</ele>
    <time>2019-09-25T00:53:16.000Z</time>
   </trkpt>
   <trkpt lat="-8.081383" lon="-34.905301">
    <ele>7.8</ele>
    <time>2019-09-25T00:53:17.000Z</time>
   </trkpt>
   <trkpt lat="-8.081345" lon="-34.905273">
    <ele>7.8</ele>
    <time>2019-09-25T00:53:18.000Z</time>
   </trkpt>
   <trkpt lat="-8.08131" lon="-34.905241">
    <ele>7.8</ele>
    <time>2019-09-25T00:53:19.000Z</time>
   </trkpt>
   <trkpt lat="-8.081282" lon="-34.905211">
    <ele>7.8</ele>
    <time>2019-09-25T00:53:20.000Z</time>
   </trkpt>
   <trkpt lat="-8.081257" lon="-34.905187">
    <ele>7.9</ele>
    <time>2019-09-25T00:53:21.000Z</time>
   </trkpt>
   <trkpt lat="-8.081228" lon="-34.905157">
    <ele>8</ele>
    <time>2019-09-25T00:53:22.000Z</time>
   </trkpt>
   <trkpt lat="-8.081193" lon="-34.905132">
    <ele>8.2</ele>
    <time>2019-09-25T00:53:23.000Z</time>
   </trkpt>
   <trkpt lat="-8.081156" lon="-34.905106">
    <ele>8.4</ele>
    <time>2019-09-25T00:53:24.000Z</time>
   </trkpt>
   <trkpt lat="-8.081123" lon="-34.905071">
    <ele>8.6</ele>
    <time>2019-09-25T00:53:25.000Z</time>
   </trkpt>
   <trkpt lat="-8.081094" lon="-34.905044">
    <ele>8.7</ele>
    <time>2019-09-25T00:53:26.000Z</time>
   </trkpt>
   <trkpt lat="-8.081062" lon="-34.905018">
    <ele>8.7</ele>
    <time>2019-09-25T00:53:27.000Z</time>
   </trkpt>
   <trkpt lat="-8.081033" lon="-34.904987">
    <ele>8.6</ele>
    <time>2019-09-25T00:53:28.000Z</time>
   </trkpt>
   <trkpt lat="-8.080997" lon="-34.904958">
    <ele>8.6</ele>
    <time>2019-09-25T00:53:29.000Z</time>
   </trkpt>
   <trkpt lat="-8.080961" lon="-34.904932">
    <ele>8.7</ele>
    <time>2019-09-25T00:53:30.000Z</time>
   </trkpt>
   <trkpt lat="-8.080922" lon="-34.904899">
    <ele>8.7</ele>
    <time>2019-09-25T00:53:31.000Z</time>
   </trkpt>
   <trkpt lat="-8.080888" lon="-34.904869">
    <ele>8.8</ele>
    <time>2019-09-25T00:53:32.000Z</time>
   </trkpt>
   <trkpt lat="-8.080854" lon="-34.904838">
    <ele>8.6</ele>
    <time>2019-09-25T00:53:33.000Z</time>
   </trkpt>
   <trkpt lat="-8.080798" lon="-34.904801">
    <ele>8.3</ele>
    <time>2019-09-25T00:53:35.000Z</time>
   </trkpt>
   <trkpt lat="-8.080759" lon="-34.90477">
    <ele>8.2</ele>
    <time>2019-09-25T00:53:36.000Z</time>
   </trkpt>
   <trkpt lat="-8.080728" lon="-34.904749">
    <ele>8.1</ele>
    <time>2019-09-25T00:53:37.000Z</time>
   </trkpt>
   <trkpt lat="-8.080692" lon="-34.90472">
    <ele>7.9</ele>
    <time>2019-09-25T00:53:38.000Z</time>
   </trkpt>
   <trkpt lat="-8.080656" lon="-34.904685">
    <ele>7.6</ele>
    <time>2019-09-25T00:53:39.000Z</time>
   </trkpt>
   <trkpt lat="-8.080627" lon="-34.904656">
    <ele>7.3</ele>
    <time>2019-09-25T00:53:40.000Z</time>
   </trkpt>
   <trkpt lat="-8.080601" lon="-34.90463">
    <ele>7.3</ele>
    <time>2019-09-25T00:53:41.000Z</time>
   </trkpt>
   <trkpt lat="-8.08057" lon="-34.904598">
    <ele>7.3</ele>
    <time>2019-09-25T00:53:42.000Z</time>
   </trkpt>
   <trkpt lat="-8.080539" lon="-34.904569">
    <ele>7.2</ele>
    <time>2019-09-25T00:53:43.000Z</time>
   </trkpt>
   <trkpt lat="-8.080505" lon="-34.904537">
    <ele>7.2</ele>
    <time>2019-09-25T00:53:44.000Z</time>
   </trkpt>
   <trkpt lat="-8.080474" lon="-34.90451">
    <ele>7.2</ele>
    <time>2019-09-25T00:53:45.000Z</time>
   </trkpt>
   <trkpt lat="-8.08044" lon="-34.904479">
    <ele>7.2</ele>
    <time>2019-09-25T00:53:46.000Z</time>
   </trkpt>
   <trkpt lat="-8.080416" lon="-34.904447">
    <ele>7.1</ele>
    <time>2019-09-25T00:53:47.000Z</time>
   </trkpt>
   <trkpt lat="-8.080392" lon="-34.904418">
    <ele>7.4</ele>
    <time>2019-09-25T00:53:48.000Z</time>
   </trkpt>
   <trkpt lat="-8.08037" lon="-34.904393">
    <ele>7.3</ele>
    <time>2019-09-25T00:53:49.000Z</time>
   </trkpt>
   <trkpt lat="-8.080348" lon="-34.904368">
    <ele>7.3</ele>
    <time>2019-09-25T00:53:50.000Z</time>
   </trkpt>
   <trkpt lat="-8.080325" lon="-34.904339">
    <ele>7.2</ele>
    <time>2019-09-25T00:53:51.000Z</time>
   </trkpt>
   <trkpt lat="-8.080294" lon="-34.904306">
    <ele>7.1</ele>
    <time>2019-09-25T00:53:52.000Z</time>
   </trkpt>
   <trkpt lat="-8.080269" lon="-34.904275">
    <ele>7.1</ele>
    <time>2019-09-25T00:53:53.000Z</time>
   </trkpt>
   <trkpt lat="-8.080241" lon="-34.904245">
    <ele>7</ele>
    <time>2019-09-25T00:53:54.000Z</time>
   </trkpt>
   <trkpt lat="-8.080214" lon="-34.904212">
    <ele>6.8</ele>
    <time>2019-09-25T00:53:55.000Z</time>
   </trkpt>
   <trkpt lat="-8.080182" lon="-34.90417">
    <ele>6.5</ele>
    <time>2019-09-25T00:53:56.000Z</time>
   </trkpt>
   <trkpt lat="-8.080159" lon="-34.904139">
    <ele>6.3</ele>
    <time>2019-09-25T00:53:57.000Z</time>
   </trkpt>
   <trkpt lat="-8.080139" lon="-34.904113">
    <ele>6.1</ele>
    <time>2019-09-25T00:53:58.000Z</time>
   </trkpt>
   <trkpt lat="-8.080111" lon="-34.904083">
    <ele>5.9</ele>
    <time>2019-09-25T00:53:59.000Z</time>
   </trkpt>
   <trkpt lat="-8.080081" lon="-34.904059">
    <ele>5.7</ele>
    <time>2019-09-25T00:54:00.000Z</time>
   </trkpt>
   <trkpt lat="-8.080047" lon="-34.904047">
    <ele>5.5</ele>
    <time>2019-09-25T00:54:01.000Z</time>
   </trkpt>
   <trkpt lat="-8.080012" lon="-34.904048">
    <ele>5.5</ele>
    <time>2019-09-25T00:54:02.000Z</time>
   </trkpt>
   <trkpt lat="-8.079976" lon="-34.904048">
    <ele>5.6</ele>
    <time>2019-09-25T00:54:03.000Z</time>
   </trkpt>
   <trkpt lat="-8.079937" lon="-34.904054">
    <ele>5.6</ele>
    <time>2019-09-25T00:54:04.000Z</time>
   </trkpt>
   <trkpt lat="-8.079901" lon="-34.904066">
    <ele>5.7</ele>
    <time>2019-09-25T00:54:05.000Z</time>
   </trkpt>
   <trkpt lat="-8.07986" lon="-34.904076">
    <ele>5.7</ele>
    <time>2019-09-25T00:54:06.000Z</time>
   </trkpt>
   <trkpt lat="-8.079819" lon="-34.904083">
    <ele>5.7</ele>
    <time>2019-09-25T00:54:07.000Z</time>
   </trkpt>
   <trkpt lat="-8.079772" lon="-34.904109">
    <ele>5.7</ele>
    <time>2019-09-25T00:54:08.000Z</time>
   </trkpt>
   <trkpt lat="-8.07974" lon="-34.904127">
    <ele>5.8</ele>
    <time>2019-09-25T00:54:09.000Z</time>
   </trkpt>
   <trkpt lat="-8.079705" lon="-34.904149">
    <ele>5.8</ele>
    <time>2019-09-25T00:54:10.000Z</time>
   </trkpt>
   <trkpt lat="-8.079666" lon="-34.904177">
    <ele>5.8</ele>
    <time>2019-09-25T00:54:11.000Z</time>
   </trkpt>
   <trkpt lat="-8.079636" lon="-34.904202">
    <ele>5.9</ele>
    <time>2019-09-25T00:54:12.000Z</time>
   </trkpt>
   <trkpt lat="-8.079593" lon="-34.904225">
    <ele>5.9</ele>
    <time>2019-09-25T00:54:14.000Z</time>
   </trkpt>
   <trkpt lat="-8.079569" lon="-34.904237">
    <ele>5.9</ele>
    <time>2019-09-25T00:54:15.000Z</time>
   </trkpt>
   <trkpt lat="-8.079597" lon="-34.90422">
    <ele>5.9</ele>
    <time>2019-09-25T00:54:21.000Z</time>
   </trkpt>
   <trkpt lat="-8.079559" lon="-34.904276">
    <ele>6</ele>
    <time>2019-09-25T00:55:17.000Z</time>
   </trkpt>
   <trkpt lat="-8.079527" lon="-34.90432">
    <ele>6</ele>
    <time>2019-09-25T00:55:19.000Z</time>
   </trkpt>
   <trkpt lat="-8.079499" lon="-34.904345">
    <ele>6</ele>
    <time>2019-09-25T00:55:20.000Z</time>
   </trkpt>
   <trkpt lat="-8.079464" lon="-34.904375">
    <ele>6</ele>
    <time>2019-09-25T00:55:21.000Z</time>
   </trkpt>
   <trkpt lat="-8.07943" lon="-34.904401">
    <ele>6</ele>
    <time>2019-09-25T00:55:22.000Z</time>
   </trkpt>
   <trkpt lat="-8.079411" lon="-34.90443">
    <ele>6</ele>
    <time>2019-09-25T00:55:23.000Z</time>
   </trkpt>
   <trkpt lat="-8.079388" lon="-34.904458">
    <ele>6</ele>
    <time>2019-09-25T00:55:24.000Z</time>
   </trkpt>
   <trkpt lat="-8.079362" lon="-34.904484">
    <ele>6</ele>
    <time>2019-09-25T00:55:25.000Z</time>
   </trkpt>
   <trkpt lat="-8.079338" lon="-34.904511">
    <ele>6</ele>
    <time>2019-09-25T00:55:26.000Z</time>
   </trkpt>
   <trkpt lat="-8.079316" lon="-34.904539">
    <ele>6</ele>
    <time>2019-09-25T00:55:27.000Z</time>
   </trkpt>
   <trkpt lat="-8.079288" lon="-34.904569">
    <ele>6</ele>
    <time>2019-09-25T00:55:28.000Z</time>
   </trkpt>
   <trkpt lat="-8.079258" lon="-34.904594">
    <ele>6</ele>
    <time>2019-09-25T00:55:29.000Z</time>
   </trkpt>
   <trkpt lat="-8.079222" lon="-34.904616">
    <ele>6</ele>
    <time>2019-09-25T00:55:30.000Z</time>
   </trkpt>
   <trkpt lat="-8.079184" lon="-34.904652">
    <ele>6</ele>
    <time>2019-09-25T00:55:31.000Z</time>
   </trkpt>
   <trkpt lat="-8.079149" lon="-34.904678">
    <ele>6</ele>
    <time>2019-09-25T00:55:32.000Z</time>
   </trkpt>
   <trkpt lat="-8.079108" lon="-34.904702">
    <ele>6</ele>
    <time>2019-09-25T00:55:33.000Z</time>
   </trkpt>
   <trkpt lat="-8.079071" lon="-34.90473">
    <ele>6</ele>
    <time>2019-09-25T00:55:34.000Z</time>
   </trkpt>
   <trkpt lat="-8.079032" lon="-34.904762">
    <ele>6</ele>
    <time>2019-09-25T00:55:35.000Z</time>
   </trkpt>
   <trkpt lat="-8.078993" lon="-34.904792">
    <ele>6</ele>
    <time>2019-09-25T00:55:36.000Z</time>
   </trkpt>
   <trkpt lat="-8.078953" lon="-34.904818">
    <ele>6</ele>
    <time>2019-09-25T00:55:37.000Z</time>
   </trkpt>
   <trkpt lat="-8.078916" lon="-34.904855">
    <ele>6</ele>
    <time>2019-09-25T00:55:38.000Z</time>
   </trkpt>
   <trkpt lat="-8.078881" lon="-34.904885">
    <ele>6</ele>
    <time>2019-09-25T00:55:39.000Z</time>
   </trkpt>
   <trkpt lat="-8.078842" lon="-34.904915">
    <ele>6.1</ele>
    <time>2019-09-25T00:55:40.000Z</time>
   </trkpt>
   <trkpt lat="-8.078803" lon="-34.904942">
    <ele>6.1</ele>
    <time>2019-09-25T00:55:41.000Z</time>
   </trkpt>
   <trkpt lat="-8.078783" lon="-34.904985">
    <ele>6.2</ele>
    <time>2019-09-25T00:55:42.000Z</time>
   </trkpt>
   <trkpt lat="-8.07875" lon="-34.905018">
    <ele>6.3</ele>
    <time>2019-09-25T00:55:43.000Z</time>
   </trkpt>
   <trkpt lat="-8.078718" lon="-34.90505">
    <ele>6.4</ele>
    <time>2019-09-25T00:55:44.000Z</time>
   </trkpt>
   <trkpt lat="-8.078676" lon="-34.905073">
    <ele>6.5</ele>
    <time>2019-09-25T00:55:45.000Z</time>
   </trkpt>
   <trkpt lat="-8.078633" lon="-34.905104">
    <ele>6.6</ele>
    <time>2019-09-25T00:55:46.000Z</time>
   </trkpt>
   <trkpt lat="-8.078601" lon="-34.905135">
    <ele>6.7</ele>
    <time>2019-09-25T00:55:47.000Z</time>
   </trkpt>
   <trkpt lat="-8.078568" lon="-34.905167">
    <ele>6.7</ele>
    <time>2019-09-25T00:55:48.000Z</time>
   </trkpt>
   <trkpt lat="-8.078537" lon="-34.905198">
    <ele>6.8</ele>
    <time>2019-09-25T00:55:49.000Z</time>
   </trkpt>
   <trkpt lat="-8.0785" lon="-34.905234">
    <ele>6.8</ele>
    <time>2019-09-25T00:55:50.000Z</time>
   </trkpt>
   <trkpt lat="-8.078463" lon="-34.905272">
    <ele>6.9</ele>
    <time>2019-09-25T00:55:51.000Z</time>
   </trkpt>
   <trkpt lat="-8.078429" lon="-34.905298">
    <ele>6.9</ele>
    <time>2019-09-25T00:55:52.000Z</time>
   </trkpt>
   <trkpt lat="-8.078403" lon="-34.905317">
    <ele>6.9</ele>
    <time>2019-09-25T00:55:53.000Z</time>
   </trkpt>
   <trkpt lat="-8.078369" lon="-34.905343">
    <ele>6.9</ele>
    <time>2019-09-25T00:55:54.000Z</time>
   </trkpt>
   <trkpt lat="-8.078341" lon="-34.905379">
    <ele>6.9</ele>
    <time>2019-09-25T00:55:55.000Z</time>
   </trkpt>
   <trkpt lat="-8.078312" lon="-34.905416">
    <ele>6.9</ele>
    <time>2019-09-25T00:55:56.000Z</time>
   </trkpt>
   <trkpt lat="-8.078277" lon="-34.905439">
    <ele>6.9</ele>
    <time>2019-09-25T00:55:57.000Z</time>
   </trkpt>
   <trkpt lat="-8.078242" lon="-34.905463">
    <ele>6.9</ele>
    <time>2019-09-25T00:55:58.000Z</time>
   </trkpt>
   <trkpt lat="-8.078205" lon="-34.905488">
    <ele>6.9</ele>
    <time>2019-09-25T00:55:59.000Z</time>
   </trkpt>
   <trkpt lat="-8.078168" lon="-34.905506">
    <ele>6.8</ele>
    <time>2019-09-25T00:56:00.000Z</time>
   </trkpt>
   <trkpt lat="-8.07814" lon="-34.905546">
    <ele>6.8</ele>
    <time>2019-09-25T00:56:01.000Z</time>
   </trkpt>
   <trkpt lat="-8.078102" lon="-34.905575">
    <ele>6.8</ele>
    <time>2019-09-25T00:56:02.000Z</time>
   </trkpt>
   <trkpt lat="-8.078066" lon="-34.905596">
    <ele>6.9</ele>
    <time>2019-09-25T00:56:03.000Z</time>
   </trkpt>
   <trkpt lat="-8.078035" lon="-34.905619">
    <ele>6.9</ele>
    <time>2019-09-25T00:56:04.000Z</time>
   </trkpt>
   <trkpt lat="-8.077998" lon="-34.905647">
    <ele>6.9</ele>
    <time>2019-09-25T00:56:05.000Z</time>
   </trkpt>
   <trkpt lat="-8.077956" lon="-34.905674">
    <ele>7</ele>
    <time>2019-09-25T00:56:06.000Z</time>
   </trkpt>
   <trkpt lat="-8.077926" lon="-34.905719">
    <ele>7</ele>
    <time>2019-09-25T00:56:07.000Z</time>
   </trkpt>
   <trkpt lat="-8.077902" lon="-34.905748">
    <ele>7.1</ele>
    <time>2019-09-25T00:56:08.000Z</time>
   </trkpt>
   <trkpt lat="-8.077874" lon="-34.905773">
    <ele>7.1</ele>
    <time>2019-09-25T00:56:09.000Z</time>
   </trkpt>
   <trkpt lat="-8.077843" lon="-34.9058">
    <ele>7.2</ele>
    <time>2019-09-25T00:56:10.000Z</time>
   </trkpt>
   <trkpt lat="-8.07781" lon="-34.905825">
    <ele>7.2</ele>
    <time>2019-09-25T00:56:11.000Z</time>
   </trkpt>
   <trkpt lat="-8.077779" lon="-34.905848">
    <ele>7.2</ele>
    <time>2019-09-25T00:56:12.000Z</time>
   </trkpt>
   <trkpt lat="-8.077745" lon="-34.905875">
    <ele>7.3</ele>
    <time>2019-09-25T00:56:13.000Z</time>
   </trkpt>
   <trkpt lat="-8.077715" lon="-34.905904">
    <ele>7.3</ele>
    <time>2019-09-25T00:56:14.000Z</time>
   </trkpt>
   <trkpt lat="-8.077677" lon="-34.905935">
    <ele>7.4</ele>
    <time>2019-09-25T00:56:15.000Z</time>
   </trkpt>
   <trkpt lat="-8.07764" lon="-34.905962">
    <ele>7.5</ele>
    <time>2019-09-25T00:56:16.000Z</time>
   </trkpt>
   <trkpt lat="-8.077604" lon="-34.90599">
    <ele>7.6</ele>
    <time>2019-09-25T00:56:17.000Z</time>
   </trkpt>
   <trkpt lat="-8.077567" lon="-34.906012">
    <ele>7.6</ele>
    <time>2019-09-25T00:56:18.000Z</time>
   </trkpt>
   <trkpt lat="-8.077533" lon="-34.906027">
    <ele>7.7</ele>
    <time>2019-09-25T00:56:19.000Z</time>
   </trkpt>
   <trkpt lat="-8.077507" lon="-34.906052">
    <ele>7.7</ele>
    <time>2019-09-25T00:56:20.000Z</time>
   </trkpt>
   <trkpt lat="-8.077482" lon="-34.906079">
    <ele>7.8</ele>
    <time>2019-09-25T00:56:21.000Z</time>
   </trkpt>
   <trkpt lat="-8.077453" lon="-34.906095">
    <ele>7.9</ele>
    <time>2019-09-25T00:56:22.000Z</time>
   </trkpt>
   <trkpt lat="-8.077422" lon="-34.906121">
    <ele>8</ele>
    <time>2019-09-25T00:56:23.000Z</time>
   </trkpt>
   <trkpt lat="-8.077392" lon="-34.90615">
    <ele>8</ele>
    <time>2019-09-25T00:56:24.000Z</time>
   </trkpt>
   <trkpt lat="-8.077358" lon="-34.906176">
    <ele>8.1</ele>
    <time>2019-09-25T00:56:25.000Z</time>
   </trkpt>
   <trkpt lat="-8.077334" lon="-34.906219">
    <ele>8.2</ele>
    <time>2019-09-25T00:56:26.000Z</time>
   </trkpt>
   <trkpt lat="-8.077303" lon="-34.906243">
    <ele>8.2</ele>
    <time>2019-09-25T00:56:27.000Z</time>
   </trkpt>
   <trkpt lat="-8.077276" lon="-34.906262">
    <ele>8.3</ele>
    <time>2019-09-25T00:56:28.000Z</time>
   </trkpt>
   <trkpt lat="-8.07725" lon="-34.906281">
    <ele>8.3</ele>
    <time>2019-09-25T00:56:29.000Z</time>
   </trkpt>
   <trkpt lat="-8.077213" lon="-34.906317">
    <ele>8.4</ele>
    <time>2019-09-25T00:56:31.000Z</time>
   </trkpt>
   <trkpt lat="-8.07719" lon="-34.906343">
    <ele>8.5</ele>
    <time>2019-09-25T00:56:32.000Z</time>
   </trkpt>
   <trkpt lat="-8.077192" lon="-34.90638">
    <ele>8.5</ele>
    <time>2019-09-25T00:56:33.000Z</time>
   </trkpt>
   <trkpt lat="-8.077176" lon="-34.906405">
    <ele>8.6</ele>
    <time>2019-09-25T00:56:34.000Z</time>
   </trkpt>
   <trkpt lat="-8.077152" lon="-34.906426">
    <ele>8.5</ele>
    <time>2019-09-25T00:56:35.000Z</time>
   </trkpt>
   <trkpt lat="-8.077112" lon="-34.906448">
    <ele>8.5</ele>
    <time>2019-09-25T00:56:36.000Z</time>
   </trkpt>
   <trkpt lat="-8.07708" lon="-34.906486">
    <ele>8.5</ele>
    <time>2019-09-25T00:56:37.000Z</time>
   </trkpt>
   <trkpt lat="-8.077048" lon="-34.90651">
    <ele>8.5</ele>
    <time>2019-09-25T00:56:38.000Z</time>
   </trkpt>
   <trkpt lat="-8.077018" lon="-34.906532">
    <ele>8.5</ele>
    <time>2019-09-25T00:56:39.000Z</time>
   </trkpt>
   <trkpt lat="-8.076975" lon="-34.906545">
    <ele>8.5</ele>
    <time>2019-09-25T00:56:40.000Z</time>
   </trkpt>
   <trkpt lat="-8.076927" lon="-34.906565">
    <ele>8.5</ele>
    <time>2019-09-25T00:56:41.000Z</time>
   </trkpt>
   <trkpt lat="-8.076875" lon="-34.906597">
    <ele>8.2</ele>
    <time>2019-09-25T00:56:42.000Z</time>
   </trkpt>
   <trkpt lat="-8.076843" lon="-34.90663">
    <ele>8</ele>
    <time>2019-09-25T00:56:43.000Z</time>
   </trkpt>
   <trkpt lat="-8.076812" lon="-34.906666">
    <ele>7.9</ele>
    <time>2019-09-25T00:56:44.000Z</time>
   </trkpt>
   <trkpt lat="-8.076781" lon="-34.906692">
    <ele>7.8</ele>
    <time>2019-09-25T00:56:45.000Z</time>
   </trkpt>
   <trkpt lat="-8.076751" lon="-34.906728">
    <ele>7.6</ele>
    <time>2019-09-25T00:56:46.000Z</time>
   </trkpt>
   <trkpt lat="-8.076712" lon="-34.906748">
    <ele>7.5</ele>
    <time>2019-09-25T00:56:47.000Z</time>
   </trkpt>
   <trkpt lat="-8.076675" lon="-34.906764">
    <ele>7.4</ele>
    <time>2019-09-25T00:56:48.000Z</time>
   </trkpt>
   <trkpt lat="-8.076641" lon="-34.906782">
    <ele>7.3</ele>
    <time>2019-09-25T00:56:49.000Z</time>
   </trkpt>
   <trkpt lat="-8.076601" lon="-34.906804">
    <ele>7.2</ele>
    <time>2019-09-25T00:56:50.000Z</time>
   </trkpt>
   <trkpt lat="-8.076562" lon="-34.906828">
    <ele>7</ele>
    <time>2019-09-25T00:56:51.000Z</time>
   </trkpt>
   <trkpt lat="-8.076525" lon="-34.906853">
    <ele>6.9</ele>
    <time>2019-09-25T00:56:52.000Z</time>
   </trkpt>
   <trkpt lat="-8.076494" lon="-34.906876">
    <ele>6.7</ele>
    <time>2019-09-25T00:56:53.000Z</time>
   </trkpt>
   <trkpt lat="-8.076465" lon="-34.906903">
    <ele>6.6</ele>
    <time>2019-09-25T00:56:54.000Z</time>
   </trkpt>
   <trkpt lat="-8.076439" lon="-34.906923">
    <ele>6.5</ele>
    <time>2019-09-25T00:56:55.000Z</time>
   </trkpt>
   <trkpt lat="-8.076411" lon="-34.906938">
    <ele>6.4</ele>
    <time>2019-09-25T00:56:56.000Z</time>
   </trkpt>
   <trkpt lat="-8.076383" lon="-34.906948">
    <ele>6.3</ele>
    <time>2019-09-25T00:56:57.000Z</time>
   </trkpt>
   <trkpt lat="-8.076356" lon="-34.90696">
    <ele>6.2</ele>
    <time>2019-09-25T00:56:58.000Z</time>
   </trkpt>
   <trkpt lat="-8.076328" lon="-34.906981">
    <ele>6.1</ele>
    <time>2019-09-25T00:56:59.000Z</time>
   </trkpt>
   <trkpt lat="-8.076288" lon="-34.907008">
    <ele>5.9</ele>
    <time>2019-09-25T00:57:01.000Z</time>
   </trkpt>
   <trkpt lat="-8.076255" lon="-34.907025">
    <ele>5.8</ele>
    <time>2019-09-25T00:57:03.000Z</time>
   </trkpt>
   <trkpt lat="-8.076216" lon="-34.907049">
    <ele>5.6</ele>
    <time>2019-09-25T00:57:05.000Z</time>
   </trkpt>
   <trkpt lat="-8.076183" lon="-34.907079">
    <ele>5.5</ele>
    <time>2019-09-25T00:57:07.000Z</time>
   </trkpt>
   <trkpt lat="-8.076157" lon="-34.907091">
    <ele>5.4</ele>
    <time>2019-09-25T00:57:08.000Z</time>
   </trkpt>
   <trkpt lat="-8.076134" lon="-34.907108">
    <ele>5.3</ele>
    <time>2019-09-25T00:57:09.000Z</time>
   </trkpt>
   <trkpt lat="-8.076107" lon="-34.907129">
    <ele>5.1</ele>
    <time>2019-09-25T00:57:10.000Z</time>
   </trkpt>
   <trkpt lat="-8.076069" lon="-34.907154">
    <ele>5</ele>
    <time>2019-09-25T00:57:11.000Z</time>
   </trkpt>
   <trkpt lat="-8.076033" lon="-34.907175">
    <ele>4.8</ele>
    <time>2019-09-25T00:57:12.000Z</time>
   </trkpt>
   <trkpt lat="-8.075998" lon="-34.907207">
    <ele>4.7</ele>
    <time>2019-09-25T00:57:13.000Z</time>
   </trkpt>
   <trkpt lat="-8.07597" lon="-34.907234">
    <ele>4.6</ele>
    <time>2019-09-25T00:57:14.000Z</time>
   </trkpt>
   <trkpt lat="-8.075942" lon="-34.907266">
    <ele>4.4</ele>
    <time>2019-09-25T00:57:15.000Z</time>
   </trkpt>
   <trkpt lat="-8.075907" lon="-34.907294">
    <ele>4.4</ele>
    <time>2019-09-25T00:57:16.000Z</time>
   </trkpt>
   <trkpt lat="-8.075873" lon="-34.907322">
    <ele>4.4</ele>
    <time>2019-09-25T00:57:17.000Z</time>
   </trkpt>
   <trkpt lat="-8.075838" lon="-34.907326">
    <ele>4.4</ele>
    <time>2019-09-25T00:57:18.000Z</time>
   </trkpt>
   <trkpt lat="-8.075798" lon="-34.90734">
    <ele>4.6</ele>
    <time>2019-09-25T00:57:19.000Z</time>
   </trkpt>
   <trkpt lat="-8.07576" lon="-34.907341">
    <ele>4.9</ele>
    <time>2019-09-25T00:57:20.000Z</time>
   </trkpt>
   <trkpt lat="-8.075719" lon="-34.907346">
    <ele>5.1</ele>
    <time>2019-09-25T00:57:21.000Z</time>
   </trkpt>
   <trkpt lat="-8.075675" lon="-34.907362">
    <ele>5.5</ele>
    <time>2019-09-25T00:57:22.000Z</time>
   </trkpt>
   <trkpt lat="-8.075632" lon="-34.90737">
    <ele>5.5</ele>
    <time>2019-09-25T00:57:23.000Z</time>
   </trkpt>
   <trkpt lat="-8.075589" lon="-34.907379">
    <ele>5.4</ele>
    <time>2019-09-25T00:57:24.000Z</time>
   </trkpt>
   <trkpt lat="-8.075541" lon="-34.90738">
    <ele>5.4</ele>
    <time>2019-09-25T00:57:25.000Z</time>
   </trkpt>
   <trkpt lat="-8.075492" lon="-34.907373">
    <ele>5.3</ele>
    <time>2019-09-25T00:57:26.000Z</time>
   </trkpt>
   <trkpt lat="-8.075448" lon="-34.907379">
    <ele>5.3</ele>
    <time>2019-09-25T00:57:27.000Z</time>
   </trkpt>
   <trkpt lat="-8.075407" lon="-34.907382">
    <ele>5.3</ele>
    <time>2019-09-25T00:57:28.000Z</time>
   </trkpt>
   <trkpt lat="-8.075368" lon="-34.907395">
    <ele>5.3</ele>
    <time>2019-09-25T00:57:29.000Z</time>
   </trkpt>
   <trkpt lat="-8.075333" lon="-34.907398">
    <ele>5.2</ele>
    <time>2019-09-25T00:57:30.000Z</time>
   </trkpt>
   <trkpt lat="-8.0753" lon="-34.907404">
    <ele>5.2</ele>
    <time>2019-09-25T00:57:31.000Z</time>
   </trkpt>
   <trkpt lat="-8.07527" lon="-34.907408">
    <ele>5.2</ele>
    <time>2019-09-25T00:57:32.000Z</time>
   </trkpt>
   <trkpt lat="-8.075232" lon="-34.907412">
    <ele>5.2</ele>
    <time>2019-09-25T00:57:33.000Z</time>
   </trkpt>
   <trkpt lat="-8.0752" lon="-34.907416">
    <ele>5.2</ele>
    <time>2019-09-25T00:57:34.000Z</time>
   </trkpt>
   <trkpt lat="-8.075163" lon="-34.907428">
    <ele>5.1</ele>
    <time>2019-09-25T00:57:35.000Z</time>
   </trkpt>
   <trkpt lat="-8.075129" lon="-34.90744">
    <ele>5.1</ele>
    <time>2019-09-25T00:57:36.000Z</time>
   </trkpt>
   <trkpt lat="-8.075102" lon="-34.907449">
    <ele>5.1</ele>
    <time>2019-09-25T00:57:37.000Z</time>
   </trkpt>
   <trkpt lat="-8.075069" lon="-34.907452">
    <ele>5.1</ele>
    <time>2019-09-25T00:57:38.000Z</time>
   </trkpt>
   <trkpt lat="-8.075036" lon="-34.907464">
    <ele>5.1</ele>
    <time>2019-09-25T00:57:39.000Z</time>
   </trkpt>
   <trkpt lat="-8.074997" lon="-34.907474">
    <ele>5.1</ele>
    <time>2019-09-25T00:57:40.000Z</time>
   </trkpt>
   <trkpt lat="-8.074959" lon="-34.907487">
    <ele>5</ele>
    <time>2019-09-25T00:57:41.000Z</time>
   </trkpt>
   <trkpt lat="-8.074919" lon="-34.907498">
    <ele>5</ele>
    <time>2019-09-25T00:57:42.000Z</time>
   </trkpt>
   <trkpt lat="-8.07488" lon="-34.907499">
    <ele>5</ele>
    <time>2019-09-25T00:57:43.000Z</time>
   </trkpt>
   <trkpt lat="-8.074837" lon="-34.907507">
    <ele>5.1</ele>
    <time>2019-09-25T00:57:44.000Z</time>
   </trkpt>
   <trkpt lat="-8.07479" lon="-34.907516">
    <ele>5.1</ele>
    <time>2019-09-25T00:57:45.000Z</time>
   </trkpt>
   <trkpt lat="-8.074747" lon="-34.907521">
    <ele>5.1</ele>
    <time>2019-09-25T00:57:46.000Z</time>
   </trkpt>
   <trkpt lat="-8.074706" lon="-34.90753">
    <ele>5.2</ele>
    <time>2019-09-25T00:57:47.000Z</time>
   </trkpt>
   <trkpt lat="-8.074666" lon="-34.907541">
    <ele>5.2</ele>
    <time>2019-09-25T00:57:48.000Z</time>
   </trkpt>
   <trkpt lat="-8.07462" lon="-34.907547">
    <ele>5.2</ele>
    <time>2019-09-25T00:57:49.000Z</time>
   </trkpt>
   <trkpt lat="-8.074576" lon="-34.907551">
    <ele>5.3</ele>
    <time>2019-09-25T00:57:50.000Z</time>
   </trkpt>
   <trkpt lat="-8.074533" lon="-34.907559">
    <ele>5.3</ele>
    <time>2019-09-25T00:57:51.000Z</time>
   </trkpt>
   <trkpt lat="-8.074489" lon="-34.907568">
    <ele>5.3</ele>
    <time>2019-09-25T00:57:52.000Z</time>
   </trkpt>
   <trkpt lat="-8.074448" lon="-34.90757">
    <ele>5.4</ele>
    <time>2019-09-25T00:57:53.000Z</time>
   </trkpt>
   <trkpt lat="-8.074402" lon="-34.907578">
    <ele>5.4</ele>
    <time>2019-09-25T00:57:54.000Z</time>
   </trkpt>
   <trkpt lat="-8.074358" lon="-34.907583">
    <ele>5.5</ele>
    <time>2019-09-25T00:57:55.000Z</time>
   </trkpt>
   <trkpt lat="-8.074313" lon="-34.907585">
    <ele>5.5</ele>
    <time>2019-09-25T00:57:56.000Z</time>
   </trkpt>
   <trkpt lat="-8.074269" lon="-34.90759">
    <ele>5.6</ele>
    <time>2019-09-25T00:57:57.000Z</time>
   </trkpt>
   <trkpt lat="-8.074219" lon="-34.90759">
    <ele>5.6</ele>
    <time>2019-09-25T00:57:58.000Z</time>
   </trkpt>
   <trkpt lat="-8.074176" lon="-34.907593">
    <ele>5.7</ele>
    <time>2019-09-25T00:57:59.000Z</time>
   </trkpt>
   <trkpt lat="-8.074135" lon="-34.9076">
    <ele>5.7</ele>
    <time>2019-09-25T00:58:00.000Z</time>
   </trkpt>
   <trkpt lat="-8.074091" lon="-34.907606">
    <ele>5.7</ele>
    <time>2019-09-25T00:58:01.000Z</time>
   </trkpt>
   <trkpt lat="-8.07405" lon="-34.90762">
    <ele>5.8</ele>
    <time>2019-09-25T00:58:02.000Z</time>
   </trkpt>
   <trkpt lat="-8.073996" lon="-34.907621">
    <ele>5.8</ele>
    <time>2019-09-25T00:58:03.000Z</time>
   </trkpt>
   <trkpt lat="-8.073942" lon="-34.907638">
    <ele>5.8</ele>
    <time>2019-09-25T00:58:04.000Z</time>
   </trkpt>
   <trkpt lat="-8.073899" lon="-34.907635">
    <ele>5.8</ele>
    <time>2019-09-25T00:58:05.000Z</time>
   </trkpt>
   <trkpt lat="-8.073853" lon="-34.907646">
    <ele>5.9</ele>
    <time>2019-09-25T00:58:06.000Z</time>
   </trkpt>
   <trkpt lat="-8.073796" lon="-34.907655">
    <ele>5.9</ele>
    <time>2019-09-25T00:58:07.000Z</time>
   </trkpt>
   <trkpt lat="-8.073753" lon="-34.907661">
    <ele>5.9</ele>
    <time>2019-09-25T00:58:08.000Z</time>
   </trkpt>
   <trkpt lat="-8.073714" lon="-34.907671">
    <ele>5.9</ele>
    <time>2019-09-25T00:58:09.000Z</time>
   </trkpt>
   <trkpt lat="-8.073674" lon="-34.907679">
    <ele>6</ele>
    <time>2019-09-25T00:58:10.000Z</time>
   </trkpt>
   <trkpt lat="-8.073628" lon="-34.907686">
    <ele>6</ele>
    <time>2019-09-25T00:58:11.000Z</time>
   </trkpt>
   <trkpt lat="-8.073582" lon="-34.907687">
    <ele>6.1</ele>
    <time>2019-09-25T00:58:12.000Z</time>
   </trkpt>
   <trkpt lat="-8.073541" lon="-34.907691">
    <ele>6.1</ele>
    <time>2019-09-25T00:58:13.000Z</time>
   </trkpt>
   <trkpt lat="-8.073502" lon="-34.907699">
    <ele>6.2</ele>
    <time>2019-09-25T00:58:14.000Z</time>
   </trkpt>
   <trkpt lat="-8.073459" lon="-34.907707">
    <ele>6.3</ele>
    <time>2019-09-25T00:58:15.000Z</time>
   </trkpt>
   <trkpt lat="-8.073422" lon="-34.907714">
    <ele>6.4</ele>
    <time>2019-09-25T00:58:16.000Z</time>
   </trkpt>
   <trkpt lat="-8.073384" lon="-34.907719">
    <ele>6.5</ele>
    <time>2019-09-25T00:58:17.000Z</time>
   </trkpt>
   <trkpt lat="-8.073338" lon="-34.907724">
    <ele>6.6</ele>
    <time>2019-09-25T00:58:18.000Z</time>
   </trkpt>
   <trkpt lat="-8.073293" lon="-34.907729">
    <ele>6.7</ele>
    <time>2019-09-25T00:58:19.000Z</time>
   </trkpt>
   <trkpt lat="-8.073247" lon="-34.90773">
    <ele>6.8</ele>
    <time>2019-09-25T00:58:20.000Z</time>
   </trkpt>
   <trkpt lat="-8.073204" lon="-34.907734">
    <ele>6.8</ele>
    <time>2019-09-25T00:58:21.000Z</time>
   </trkpt>
   <trkpt lat="-8.073164" lon="-34.907743">
    <ele>6.9</ele>
    <time>2019-09-25T00:58:22.000Z</time>
   </trkpt>
   <trkpt lat="-8.073121" lon="-34.907761">
    <ele>6.9</ele>
    <time>2019-09-25T00:58:23.000Z</time>
   </trkpt>
   <trkpt lat="-8.07308" lon="-34.907771">
    <ele>6.9</ele>
    <time>2019-09-25T00:58:24.000Z</time>
   </trkpt>
   <trkpt lat="-8.073038" lon="-34.90777">
    <ele>7</ele>
    <time>2019-09-25T00:58:25.000Z</time>
   </trkpt>
   <trkpt lat="-8.072994" lon="-34.907772">
    <ele>7</ele>
    <time>2019-09-25T00:58:26.000Z</time>
   </trkpt>
   <trkpt lat="-8.072958" lon="-34.907775">
    <ele>7</ele>
    <time>2019-09-25T00:58:27.000Z</time>
   </trkpt>
   <trkpt lat="-8.072924" lon="-34.907781">
    <ele>7.1</ele>
    <time>2019-09-25T00:58:28.000Z</time>
   </trkpt>
   <trkpt lat="-8.072888" lon="-34.907795">
    <ele>7.1</ele>
    <time>2019-09-25T00:58:29.000Z</time>
   </trkpt>
   <trkpt lat="-8.072844" lon="-34.907804">
    <ele>7.2</ele>
    <time>2019-09-25T00:58:30.000Z</time>
   </trkpt>
   <trkpt lat="-8.072808" lon="-34.907814">
    <ele>7.3</ele>
    <time>2019-09-25T00:58:31.000Z</time>
   </trkpt>
   <trkpt lat="-8.07277" lon="-34.90782">
    <ele>7.4</ele>
    <time>2019-09-25T00:58:32.000Z</time>
   </trkpt>
   <trkpt lat="-8.07273" lon="-34.907832">
    <ele>7.4</ele>
    <time>2019-09-25T00:58:33.000Z</time>
   </trkpt>
   <trkpt lat="-8.072691" lon="-34.907845">
    <ele>7.5</ele>
    <time>2019-09-25T00:58:34.000Z</time>
   </trkpt>
   <trkpt lat="-8.072649" lon="-34.907856">
    <ele>7.6</ele>
    <time>2019-09-25T00:58:35.000Z</time>
   </trkpt>
   <trkpt lat="-8.072607" lon="-34.907861">
    <ele>7.7</ele>
    <time>2019-09-25T00:58:36.000Z</time>
   </trkpt>
   <trkpt lat="-8.072562" lon="-34.90787">
    <ele>7.8</ele>
    <time>2019-09-25T00:58:37.000Z</time>
   </trkpt>
   <trkpt lat="-8.072522" lon="-34.907879">
    <ele>7.8</ele>
    <time>2019-09-25T00:58:38.000Z</time>
   </trkpt>
   <trkpt lat="-8.072477" lon="-34.907886">
    <ele>7.9</ele>
    <time>2019-09-25T00:58:39.000Z</time>
   </trkpt>
   <trkpt lat="-8.072427" lon="-34.907891">
    <ele>7.9</ele>
    <time>2019-09-25T00:58:40.000Z</time>
   </trkpt>
   <trkpt lat="-8.072384" lon="-34.907889">
    <ele>7.9</ele>
    <time>2019-09-25T00:58:41.000Z</time>
   </trkpt>
   <trkpt lat="-8.072343" lon="-34.907893">
    <ele>7.9</ele>
    <time>2019-09-25T00:58:42.000Z</time>
   </trkpt>
   <trkpt lat="-8.0723" lon="-34.907901">
    <ele>7.9</ele>
    <time>2019-09-25T00:58:43.000Z</time>
   </trkpt>
   <trkpt lat="-8.072256" lon="-34.907908">
    <ele>7.9</ele>
    <time>2019-09-25T00:58:44.000Z</time>
   </trkpt>
   <trkpt lat="-8.072215" lon="-34.907916">
    <ele>7.9</ele>
    <time>2019-09-25T00:58:45.000Z</time>
   </trkpt>
   <trkpt lat="-8.07217" lon="-34.907922">
    <ele>7.9</ele>
    <time>2019-09-25T00:58:46.000Z</time>
   </trkpt>
   <trkpt lat="-8.072128" lon="-34.907923">
    <ele>7.9</ele>
    <time>2019-09-25T00:58:47.000Z</time>
   </trkpt>
   <trkpt lat="-8.07209" lon="-34.907937">
    <ele>7.9</ele>
    <time>2019-09-25T00:58:48.000Z</time>
   </trkpt>
   <trkpt lat="-8.072051" lon="-34.907938">
    <ele>8.1</ele>
    <time>2019-09-25T00:58:49.000Z</time>
   </trkpt>
   <trkpt lat="-8.072012" lon="-34.907941">
    <ele>8.2</ele>
    <time>2019-09-25T00:58:50.000Z</time>
   </trkpt>
   <trkpt lat="-8.071964" lon="-34.907949">
    <ele>8.7</ele>
    <time>2019-09-25T00:58:51.000Z</time>
   </trkpt>
   <trkpt lat="-8.071924" lon="-34.907959">
    <ele>8.5</ele>
    <time>2019-09-25T00:58:52.000Z</time>
   </trkpt>
   <trkpt lat="-8.071879" lon="-34.907963">
    <ele>8.4</ele>
    <time>2019-09-25T00:58:53.000Z</time>
   </trkpt>
   <trkpt lat="-8.071837" lon="-34.907972">
    <ele>8.2</ele>
    <time>2019-09-25T00:58:54.000Z</time>
   </trkpt>
   <trkpt lat="-8.071792" lon="-34.907981">
    <ele>8.1</ele>
    <time>2019-09-25T00:58:55.000Z</time>
   </trkpt>
   <trkpt lat="-8.071744" lon="-34.907989">
    <ele>8</ele>
    <time>2019-09-25T00:58:56.000Z</time>
   </trkpt>
   <trkpt lat="-8.071698" lon="-34.907996">
    <ele>7.8</ele>
    <time>2019-09-25T00:58:57.000Z</time>
   </trkpt>
   <trkpt lat="-8.071652" lon="-34.908004">
    <ele>7.7</ele>
    <time>2019-09-25T00:58:58.000Z</time>
   </trkpt>
   <trkpt lat="-8.071605" lon="-34.908012">
    <ele>7.6</ele>
    <time>2019-09-25T00:58:59.000Z</time>
   </trkpt>
   <trkpt lat="-8.071559" lon="-34.908015">
    <ele>7.5</ele>
    <time>2019-09-25T00:59:00.000Z</time>
   </trkpt>
   <trkpt lat="-8.071513" lon="-34.908013">
    <ele>7.4</ele>
    <time>2019-09-25T00:59:01.000Z</time>
   </trkpt>
   <trkpt lat="-8.071469" lon="-34.908024">
    <ele>7.3</ele>
    <time>2019-09-25T00:59:02.000Z</time>
   </trkpt>
   <trkpt lat="-8.07143" lon="-34.908025">
    <ele>7.2</ele>
    <time>2019-09-25T00:59:03.000Z</time>
   </trkpt>
   <trkpt lat="-8.071387" lon="-34.908032">
    <ele>7.1</ele>
    <time>2019-09-25T00:59:04.000Z</time>
   </trkpt>
   <trkpt lat="-8.071348" lon="-34.908046">
    <ele>7</ele>
    <time>2019-09-25T00:59:05.000Z</time>
   </trkpt>
   <trkpt lat="-8.071307" lon="-34.908058">
    <ele>6.9</ele>
    <time>2019-09-25T00:59:06.000Z</time>
   </trkpt>
   <trkpt lat="-8.071271" lon="-34.908068">
    <ele>6.9</ele>
    <time>2019-09-25T00:59:07.000Z</time>
   </trkpt>
   <trkpt lat="-8.07123" lon="-34.908071">
    <ele>6.9</ele>
    <time>2019-09-25T00:59:08.000Z</time>
   </trkpt>
   <trkpt lat="-8.071197" lon="-34.908072">
    <ele>6.8</ele>
    <time>2019-09-25T00:59:09.000Z</time>
   </trkpt>
   <trkpt lat="-8.071153" lon="-34.908074">
    <ele>6.5</ele>
    <time>2019-09-25T00:59:10.000Z</time>
   </trkpt>
   <trkpt lat="-8.071104" lon="-34.908078">
    <ele>6.3</ele>
    <time>2019-09-25T00:59:11.000Z</time>
   </trkpt>
   <trkpt lat="-8.071066" lon="-34.908094">
    <ele>6</ele>
    <time>2019-09-25T00:59:12.000Z</time>
   </trkpt>
   <trkpt lat="-8.071024" lon="-34.9081">
    <ele>5.7</ele>
    <time>2019-09-25T00:59:13.000Z</time>
   </trkpt>
   <trkpt lat="-8.070985" lon="-34.908101">
    <ele>5.5</ele>
    <time>2019-09-25T00:59:14.000Z</time>
   </trkpt>
   <trkpt lat="-8.07094" lon="-34.908104">
    <ele>5.2</ele>
    <time>2019-09-25T00:59:15.000Z</time>
   </trkpt>
   <trkpt lat="-8.070898" lon="-34.908107">
    <ele>5</ele>
    <time>2019-09-25T00:59:16.000Z</time>
   </trkpt>
   <trkpt lat="-8.070856" lon="-34.908111">
    <ele>4.8</ele>
    <time>2019-09-25T00:59:17.000Z</time>
   </trkpt>
   <trkpt lat="-8.07082" lon="-34.908122">
    <ele>4.6</ele>
    <time>2019-09-25T00:59:18.000Z</time>
   </trkpt>
   <trkpt lat="-8.070783" lon="-34.90813">
    <ele>4.5</ele>
    <time>2019-09-25T00:59:19.000Z</time>
   </trkpt>
   <trkpt lat="-8.070745" lon="-34.908137">
    <ele>4.3</ele>
    <time>2019-09-25T00:59:20.000Z</time>
   </trkpt>
   <trkpt lat="-8.070713" lon="-34.908149">
    <ele>4.1</ele>
    <time>2019-09-25T00:59:21.000Z</time>
   </trkpt>
   <trkpt lat="-8.07067" lon="-34.908169">
    <ele>4.1</ele>
    <time>2019-09-25T00:59:22.000Z</time>
   </trkpt>
   <trkpt lat="-8.070629" lon="-34.908177">
    <ele>4.1</ele>
    <time>2019-09-25T00:59:23.000Z</time>
   </trkpt>
   <trkpt lat="-8.070584" lon="-34.908197">
    <ele>4.1</ele>
    <time>2019-09-25T00:59:24.000Z</time>
   </trkpt>
   <trkpt lat="-8.070543" lon="-34.908203">
    <ele>4.1</ele>
    <time>2019-09-25T00:59:25.000Z</time>
   </trkpt>
   <trkpt lat="-8.070505" lon="-34.908211">
    <ele>4.1</ele>
    <time>2019-09-25T00:59:26.000Z</time>
   </trkpt>
   <trkpt lat="-8.070465" lon="-34.908227">
    <ele>4</ele>
    <time>2019-09-25T00:59:27.000Z</time>
   </trkpt>
   <trkpt lat="-8.070426" lon="-34.908234">
    <ele>4</ele>
    <time>2019-09-25T00:59:28.000Z</time>
   </trkpt>
   <trkpt lat="-8.070388" lon="-34.908233">
    <ele>4</ele>
    <time>2019-09-25T00:59:29.000Z</time>
   </trkpt>
   <trkpt lat="-8.070351" lon="-34.90823">
    <ele>4</ele>
    <time>2019-09-25T00:59:30.000Z</time>
   </trkpt>
   <trkpt lat="-8.070308" lon="-34.90824">
    <ele>4</ele>
    <time>2019-09-25T00:59:31.000Z</time>
   </trkpt>
   <trkpt lat="-8.070267" lon="-34.908258">
    <ele>4</ele>
    <time>2019-09-25T00:59:32.000Z</time>
   </trkpt>
   <trkpt lat="-8.070228" lon="-34.908257">
    <ele>4</ele>
    <time>2019-09-25T00:59:33.000Z</time>
   </trkpt>
   <trkpt lat="-8.070177" lon="-34.908266">
    <ele>4</ele>
    <time>2019-09-25T00:59:34.000Z</time>
   </trkpt>
   <trkpt lat="-8.070138" lon="-34.908273">
    <ele>4</ele>
    <time>2019-09-25T00:59:35.000Z</time>
   </trkpt>
   <trkpt lat="-8.070094" lon="-34.908284">
    <ele>4</ele>
    <time>2019-09-25T00:59:36.000Z</time>
   </trkpt>
   <trkpt lat="-8.070053" lon="-34.908301">
    <ele>4.3</ele>
    <time>2019-09-25T00:59:37.000Z</time>
   </trkpt>
   <trkpt lat="-8.070018" lon="-34.908305">
    <ele>4.4</ele>
    <time>2019-09-25T00:59:38.000Z</time>
   </trkpt>
   <trkpt lat="-8.069987" lon="-34.908302">
    <ele>4.6</ele>
    <time>2019-09-25T00:59:39.000Z</time>
   </trkpt>
   <trkpt lat="-8.069941" lon="-34.9083">
    <ele>4.8</ele>
    <time>2019-09-25T00:59:40.000Z</time>
   </trkpt>
   <trkpt lat="-8.069903" lon="-34.908311">
    <ele>5</ele>
    <time>2019-09-25T00:59:41.000Z</time>
   </trkpt>
   <trkpt lat="-8.069863" lon="-34.908315">
    <ele>5.2</ele>
    <time>2019-09-25T00:59:42.000Z</time>
   </trkpt>
   <trkpt lat="-8.069829" lon="-34.908303">
    <ele>5.4</ele>
    <time>2019-09-25T00:59:43.000Z</time>
   </trkpt>
   <trkpt lat="-8.069787" lon="-34.908309">
    <ele>5.6</ele>
    <time>2019-09-25T00:59:44.000Z</time>
   </trkpt>
   <trkpt lat="-8.069744" lon="-34.908316">
    <ele>5.8</ele>
    <time>2019-09-25T00:59:45.000Z</time>
   </trkpt>
   <trkpt lat="-8.069701" lon="-34.908323">
    <ele>6.3</ele>
    <time>2019-09-25T00:59:46.000Z</time>
   </trkpt>
   <trkpt lat="-8.069663" lon="-34.908329">
    <ele>6.5</ele>
    <time>2019-09-25T00:59:47.000Z</time>
   </trkpt>
   <trkpt lat="-8.069617" lon="-34.908344">
    <ele>6.7</ele>
    <time>2019-09-25T00:59:48.000Z</time>
   </trkpt>
   <trkpt lat="-8.069572" lon="-34.908363">
    <ele>7</ele>
    <time>2019-09-25T00:59:49.000Z</time>
   </trkpt>
   <trkpt lat="-8.069525" lon="-34.908373">
    <ele>7.3</ele>
    <time>2019-09-25T00:59:50.000Z</time>
   </trkpt>
   <trkpt lat="-8.069478" lon="-34.908382">
    <ele>7.6</ele>
    <time>2019-09-25T00:59:51.000Z</time>
   </trkpt>
   <trkpt lat="-8.069431" lon="-34.90839">
    <ele>7.8</ele>
    <time>2019-09-25T00:59:52.000Z</time>
   </trkpt>
   <trkpt lat="-8.06939" lon="-34.908394">
    <ele>7.6</ele>
    <time>2019-09-25T00:59:53.000Z</time>
   </trkpt>
   <trkpt lat="-8.069345" lon="-34.908396">
    <ele>7.4</ele>
    <time>2019-09-25T00:59:54.000Z</time>
   </trkpt>
   <trkpt lat="-8.069292" lon="-34.908397">
    <ele>7.2</ele>
    <time>2019-09-25T00:59:55.000Z</time>
   </trkpt>
   <trkpt lat="-8.069252" lon="-34.908401">
    <ele>7.1</ele>
    <time>2019-09-25T00:59:56.000Z</time>
   </trkpt>
   <trkpt lat="-8.069209" lon="-34.90841">
    <ele>6.9</ele>
    <time>2019-09-25T00:59:57.000Z</time>
   </trkpt>
   <trkpt lat="-8.069167" lon="-34.908417">
    <ele>6.8</ele>
    <time>2019-09-25T00:59:58.000Z</time>
   </trkpt>
   <trkpt lat="-8.069129" lon="-34.908422">
    <ele>6.6</ele>
    <time>2019-09-25T00:59:59.000Z</time>
   </trkpt>
   <trkpt lat="-8.069096" lon="-34.908429">
    <ele>6.4</ele>
    <time>2019-09-25T01:00:00.000Z</time>
   </trkpt>
   <trkpt lat="-8.069059" lon="-34.908422">
    <ele>6.3</ele>
    <time>2019-09-25T01:00:01.000Z</time>
   </trkpt>
   <trkpt lat="-8.069027" lon="-34.908426">
    <ele>6.1</ele>
    <time>2019-09-25T01:00:02.000Z</time>
   </trkpt>
   <trkpt lat="-8.068993" lon="-34.90843">
    <ele>6</ele>
    <time>2019-09-25T01:00:03.000Z</time>
   </trkpt>
   <trkpt lat="-8.068938" lon="-34.908431">
    <ele>5.9</ele>
    <time>2019-09-25T01:00:04.000Z</time>
   </trkpt>
   <trkpt lat="-8.068901" lon="-34.908434">
    <ele>5.9</ele>
    <time>2019-09-25T01:00:05.000Z</time>
   </trkpt>
   <trkpt lat="-8.068867" lon="-34.908436">
    <ele>5.9</ele>
    <time>2019-09-25T01:00:06.000Z</time>
   </trkpt>
   <trkpt lat="-8.06883" lon="-34.908432">
    <ele>5.9</ele>
    <time>2019-09-25T01:00:07.000Z</time>
   </trkpt>
   <trkpt lat="-8.068787" lon="-34.908434">
    <ele>5.9</ele>
    <time>2019-09-25T01:00:08.000Z</time>
   </trkpt>
   <trkpt lat="-8.068749" lon="-34.908438">
    <ele>6</ele>
    <time>2019-09-25T01:00:09.000Z</time>
   </trkpt>
   <trkpt lat="-8.068724" lon="-34.908424">
    <ele>6</ele>
    <time>2019-09-25T01:00:10.000Z</time>
   </trkpt>
   <trkpt lat="-8.06868" lon="-34.908418">
    <ele>6</ele>
    <time>2019-09-25T01:00:11.000Z</time>
   </trkpt>
   <trkpt lat="-8.068641" lon="-34.908421">
    <ele>6</ele>
    <time>2019-09-25T01:00:12.000Z</time>
   </trkpt>
   <trkpt lat="-8.0686" lon="-34.908416">
    <ele>6</ele>
    <time>2019-09-25T01:00:13.000Z</time>
   </trkpt>
   <trkpt lat="-8.068557" lon="-34.908411">
    <ele>6</ele>
    <time>2019-09-25T01:00:14.000Z</time>
   </trkpt>
   <trkpt lat="-8.068515" lon="-34.908411">
    <ele>6</ele>
    <time>2019-09-25T01:00:15.000Z</time>
   </trkpt>
   <trkpt lat="-8.068472" lon="-34.908409">
    <ele>6</ele>
    <time>2019-09-25T01:00:16.000Z</time>
   </trkpt>
   <trkpt lat="-8.068436" lon="-34.908409">
    <ele>6</ele>
    <time>2019-09-25T01:00:17.000Z</time>
   </trkpt>
   <trkpt lat="-8.068387" lon="-34.908406">
    <ele>6.1</ele>
    <time>2019-09-25T01:00:18.000Z</time>
   </trkpt>
   <trkpt lat="-8.06834" lon="-34.908401">
    <ele>6.3</ele>
    <time>2019-09-25T01:00:19.000Z</time>
   </trkpt>
   <trkpt lat="-8.068292" lon="-34.908405">
    <ele>6.5</ele>
    <time>2019-09-25T01:00:20.000Z</time>
   </trkpt>
   <trkpt lat="-8.068249" lon="-34.90839">
    <ele>6.7</ele>
    <time>2019-09-25T01:00:21.000Z</time>
   </trkpt>
   <trkpt lat="-8.068207" lon="-34.908379">
    <ele>6.8</ele>
    <time>2019-09-25T01:00:22.000Z</time>
   </trkpt>
   <trkpt lat="-8.068163" lon="-34.908379">
    <ele>6.9</ele>
    <time>2019-09-25T01:00:23.000Z</time>
   </trkpt>
   <trkpt lat="-8.068115" lon="-34.908374">
    <ele>7</ele>
    <time>2019-09-25T01:00:24.000Z</time>
   </trkpt>
   <trkpt lat="-8.068062" lon="-34.908372">
    <ele>7.1</ele>
    <time>2019-09-25T01:00:25.000Z</time>
   </trkpt>
   <trkpt lat="-8.06801" lon="-34.90837">
    <ele>7.2</ele>
    <time>2019-09-25T01:00:26.000Z</time>
   </trkpt>
   <trkpt lat="-8.067964" lon="-34.908365">
    <ele>7.4</ele>
    <time>2019-09-25T01:00:27.000Z</time>
   </trkpt>
   <trkpt lat="-8.067919" lon="-34.908358">
    <ele>7.6</ele>
    <time>2019-09-25T01:00:28.000Z</time>
   </trkpt>
   <trkpt lat="-8.067871" lon="-34.908347">
    <ele>7.8</ele>
    <time>2019-09-25T01:00:29.000Z</time>
   </trkpt>
   <trkpt lat="-8.067813" lon="-34.908334">
    <ele>8</ele>
    <time>2019-09-25T01:00:30.000Z</time>
   </trkpt>
   <trkpt lat="-8.067769" lon="-34.908339">
    <ele>8.2</ele>
    <time>2019-09-25T01:00:31.000Z</time>
   </trkpt>
   <trkpt lat="-8.067737" lon="-34.908341">
    <ele>8.3</ele>
    <time>2019-09-25T01:00:32.000Z</time>
   </trkpt>
   <trkpt lat="-8.067699" lon="-34.90834">
    <ele>8.4</ele>
    <time>2019-09-25T01:00:33.000Z</time>
   </trkpt>
   <trkpt lat="-8.067653" lon="-34.908337">
    <ele>8.5</ele>
    <time>2019-09-25T01:00:34.000Z</time>
   </trkpt>
   <trkpt lat="-8.067609" lon="-34.908339">
    <ele>8.6</ele>
    <time>2019-09-25T01:00:35.000Z</time>
   </trkpt>
   <trkpt lat="-8.067565" lon="-34.908337">
    <ele>8.7</ele>
    <time>2019-09-25T01:00:36.000Z</time>
   </trkpt>
   <trkpt lat="-8.067522" lon="-34.90832">
    <ele>8.8</ele>
    <time>2019-09-25T01:00:37.000Z</time>
   </trkpt>
   <trkpt lat="-8.067481" lon="-34.908299">
    <ele>8.9</ele>
    <time>2019-09-25T01:00:38.000Z</time>
   </trkpt>
   <trkpt lat="-8.067439" lon="-34.908288">
    <ele>9</ele>
    <time>2019-09-25T01:00:39.000Z</time>
   </trkpt>
   <trkpt lat="-8.067395" lon="-34.908278">
    <ele>9</ele>
    <time>2019-09-25T01:00:40.000Z</time>
   </trkpt>
   <trkpt lat="-8.067348" lon="-34.90827">
    <ele>9</ele>
    <time>2019-09-25T01:00:41.000Z</time>
   </trkpt>
   <trkpt lat="-8.067307" lon="-34.908266">
    <ele>9</ele>
    <time>2019-09-25T01:00:42.000Z</time>
   </trkpt>
   <trkpt lat="-8.067265" lon="-34.908267">
    <ele>9</ele>
    <time>2019-09-25T01:00:43.000Z</time>
   </trkpt>
   <trkpt lat="-8.067228" lon="-34.908262">
    <ele>9</ele>
    <time>2019-09-25T01:00:44.000Z</time>
   </trkpt>
   <trkpt lat="-8.067189" lon="-34.908254">
    <ele>9</ele>
    <time>2019-09-25T01:00:45.000Z</time>
   </trkpt>
   <trkpt lat="-8.067149" lon="-34.908246">
    <ele>9</ele>
    <time>2019-09-25T01:00:46.000Z</time>
   </trkpt>
   <trkpt lat="-8.067107" lon="-34.908251">
    <ele>9</ele>
    <time>2019-09-25T01:00:47.000Z</time>
   </trkpt>
   <trkpt lat="-8.067064" lon="-34.908242">
    <ele>9</ele>
    <time>2019-09-25T01:00:48.000Z</time>
   </trkpt>
   <trkpt lat="-8.067021" lon="-34.908227">
    <ele>9.1</ele>
    <time>2019-09-25T01:00:49.000Z</time>
   </trkpt>
   <trkpt lat="-8.066979" lon="-34.908228">
    <ele>9.1</ele>
    <time>2019-09-25T01:00:50.000Z</time>
   </trkpt>
   <trkpt lat="-8.06694" lon="-34.908226">
    <ele>9.1</ele>
    <time>2019-09-25T01:00:51.000Z</time>
   </trkpt>
   <trkpt lat="-8.066903" lon="-34.90822">
    <ele>9.1</ele>
    <time>2019-09-25T01:00:52.000Z</time>
   </trkpt>
   <trkpt lat="-8.066871" lon="-34.908218">
    <ele>9.2</ele>
    <time>2019-09-25T01:00:53.000Z</time>
   </trkpt>
   <trkpt lat="-8.066829" lon="-34.908211">
    <ele>9.3</ele>
    <time>2019-09-25T01:00:54.000Z</time>
   </trkpt>
   <trkpt lat="-8.066787" lon="-34.9082">
    <ele>9.3</ele>
    <time>2019-09-25T01:00:55.000Z</time>
   </trkpt>
   <trkpt lat="-8.066751" lon="-34.908188">
    <ele>9.4</ele>
    <time>2019-09-25T01:00:56.000Z</time>
   </trkpt>
   <trkpt lat="-8.066705" lon="-34.908178">
    <ele>9.4</ele>
    <time>2019-09-25T01:00:57.000Z</time>
   </trkpt>
   <trkpt lat="-8.066663" lon="-34.908169">
    <ele>9.4</ele>
    <time>2019-09-25T01:00:58.000Z</time>
   </trkpt>
   <trkpt lat="-8.066616" lon="-34.908161">
    <ele>9.4</ele>
    <time>2019-09-25T01:00:59.000Z</time>
   </trkpt>
   <trkpt lat="-8.066577" lon="-34.908158">
    <ele>9.6</ele>
    <time>2019-09-25T01:01:00.000Z</time>
   </trkpt>
   <trkpt lat="-8.066543" lon="-34.908148">
    <ele>9.6</ele>
    <time>2019-09-25T01:01:01.000Z</time>
   </trkpt>
   <trkpt lat="-8.06651" lon="-34.908143">
    <ele>9.6</ele>
    <time>2019-09-25T01:01:02.000Z</time>
   </trkpt>
   <trkpt lat="-8.066476" lon="-34.908135">
    <ele>9.6</ele>
    <time>2019-09-25T01:01:03.000Z</time>
   </trkpt>
   <trkpt lat="-8.066442" lon="-34.908128">
    <ele>9.6</ele>
    <time>2019-09-25T01:01:04.000Z</time>
   </trkpt>
   <trkpt lat="-8.066404" lon="-34.908121">
    <ele>9.6</ele>
    <time>2019-09-25T01:01:05.000Z</time>
   </trkpt>
   <trkpt lat="-8.066364" lon="-34.908119">
    <ele>9.6</ele>
    <time>2019-09-25T01:01:06.000Z</time>
   </trkpt>
   <trkpt lat="-8.066334" lon="-34.908125">
    <ele>9.6</ele>
    <time>2019-09-25T01:01:07.000Z</time>
   </trkpt>
   <trkpt lat="-8.066303" lon="-34.908129">
    <ele>9.6</ele>
    <time>2019-09-25T01:01:08.000Z</time>
   </trkpt>
   <trkpt lat="-8.066262" lon="-34.908134">
    <ele>9.5</ele>
    <time>2019-09-25T01:01:09.000Z</time>
   </trkpt>
   <trkpt lat="-8.066228" lon="-34.908141">
    <ele>9.4</ele>
    <time>2019-09-25T01:01:10.000Z</time>
   </trkpt>
   <trkpt lat="-8.066188" lon="-34.908134">
    <ele>9.4</ele>
    <time>2019-09-25T01:01:11.000Z</time>
   </trkpt>
   <trkpt lat="-8.066155" lon="-34.908131">
    <ele>9.5</ele>
    <time>2019-09-25T01:01:12.000Z</time>
   </trkpt>
   <trkpt lat="-8.066115" lon="-34.90813">
    <ele>9.6</ele>
    <time>2019-09-25T01:01:13.000Z</time>
   </trkpt>
   <trkpt lat="-8.066071" lon="-34.908123">
    <ele>9.4</ele>
    <time>2019-09-25T01:01:14.000Z</time>
   </trkpt>
   <trkpt lat="-8.06603" lon="-34.908115">
    <ele>9.2</ele>
    <time>2019-09-25T01:01:15.000Z</time>
   </trkpt>
   <trkpt lat="-8.065987" lon="-34.908114">
    <ele>9</ele>
    <time>2019-09-25T01:01:16.000Z</time>
   </trkpt>
   <trkpt lat="-8.065942" lon="-34.90811">
    <ele>8.8</ele>
    <time>2019-09-25T01:01:17.000Z</time>
   </trkpt>
   <trkpt lat="-8.065896" lon="-34.908107">
    <ele>8.5</ele>
    <time>2019-09-25T01:01:18.000Z</time>
   </trkpt>
   <trkpt lat="-8.065845" lon="-34.908103">
    <ele>8.3</ele>
    <time>2019-09-25T01:01:19.000Z</time>
   </trkpt>
   <trkpt lat="-8.065799" lon="-34.908087">
    <ele>8.1</ele>
    <time>2019-09-25T01:01:20.000Z</time>
   </trkpt>
   <trkpt lat="-8.065757" lon="-34.908077">
    <ele>8.1</ele>
    <time>2019-09-25T01:01:21.000Z</time>
   </trkpt>
   <trkpt lat="-8.065711" lon="-34.908065">
    <ele>8.5</ele>
    <time>2019-09-25T01:01:22.000Z</time>
   </trkpt>
   <trkpt lat="-8.065666" lon="-34.908057">
    <ele>8.8</ele>
    <time>2019-09-25T01:01:23.000Z</time>
   </trkpt>
   <trkpt lat="-8.065632" lon="-34.908056">
    <ele>8.9</ele>
    <time>2019-09-25T01:01:24.000Z</time>
   </trkpt>
   <trkpt lat="-8.065597" lon="-34.908053">
    <ele>9</ele>
    <time>2019-09-25T01:01:25.000Z</time>
   </trkpt>
   <trkpt lat="-8.065558" lon="-34.90805">
    <ele>9.1</ele>
    <time>2019-09-25T01:01:26.000Z</time>
   </trkpt>
   <trkpt lat="-8.065528" lon="-34.908049">
    <ele>9.1</ele>
    <time>2019-09-25T01:01:27.000Z</time>
   </trkpt>
   <trkpt lat="-8.065499" lon="-34.908042">
    <ele>9.1</ele>
    <time>2019-09-25T01:01:28.000Z</time>
   </trkpt>
   <trkpt lat="-8.065449" lon="-34.90803">
    <ele>9.2</ele>
    <time>2019-09-25T01:01:30.000Z</time>
   </trkpt>
   <trkpt lat="-8.065408" lon="-34.908006">
    <ele>9.5</ele>
    <time>2019-09-25T01:01:32.000Z</time>
   </trkpt>
   <trkpt lat="-8.065377" lon="-34.908002">
    <ele>9.7</ele>
    <time>2019-09-25T01:01:34.000Z</time>
   </trkpt>
   <trkpt lat="-8.065344" lon="-34.907997">
    <ele>9.9</ele>
    <time>2019-09-25T01:01:49.000Z</time>
   </trkpt>
   <trkpt lat="-8.065369" lon="-34.907982">
    <ele>9.7</ele>
    <time>2019-09-25T01:01:55.000Z</time>
   </trkpt>
   <trkpt lat="-8.065351" lon="-34.908005">
    <ele>9.9</ele>
    <time>2019-09-25T01:01:59.000Z</time>
   </trkpt>
   <trkpt lat="-8.065298" lon="-34.908001">
    <ele>10.2</ele>
    <time>2019-09-25T01:02:01.000Z</time>
   </trkpt>
   <trkpt lat="-8.065266" lon="-34.907996">
    <ele>10.4</ele>
    <time>2019-09-25T01:02:02.000Z</time>
   </trkpt>
   <trkpt lat="-8.065227" lon="-34.908004">
    <ele>10.4</ele>
    <time>2019-09-25T01:02:03.000Z</time>
   </trkpt>
   <trkpt lat="-8.065185" lon="-34.908001">
    <ele>10.2</ele>
    <time>2019-09-25T01:02:04.000Z</time>
   </trkpt>
   <trkpt lat="-8.065141" lon="-34.908">
    <ele>10</ele>
    <time>2019-09-25T01:02:05.000Z</time>
   </trkpt>
   <trkpt lat="-8.065091" lon="-34.907993">
    <ele>9.8</ele>
    <time>2019-09-25T01:02:06.000Z</time>
   </trkpt>
   <trkpt lat="-8.065038" lon="-34.907975">
    <ele>9.6</ele>
    <time>2019-09-25T01:02:07.000Z</time>
   </trkpt>
   <trkpt lat="-8.064983" lon="-34.907956">
    <ele>9.4</ele>
    <time>2019-09-25T01:02:08.000Z</time>
   </trkpt>
   <trkpt lat="-8.064928" lon="-34.907947">
    <ele>9.3</ele>
    <time>2019-09-25T01:02:09.000Z</time>
   </trkpt>
   <trkpt lat="-8.064879" lon="-34.907934">
    <ele>9.1</ele>
    <time>2019-09-25T01:02:10.000Z</time>
   </trkpt>
   <trkpt lat="-8.06483" lon="-34.907925">
    <ele>8.9</ele>
    <time>2019-09-25T01:02:11.000Z</time>
   </trkpt>
   <trkpt lat="-8.064782" lon="-34.907919">
    <ele>8.7</ele>
    <time>2019-09-25T01:02:12.000Z</time>
   </trkpt>
   <trkpt lat="-8.064736" lon="-34.907917">
    <ele>8.6</ele>
    <time>2019-09-25T01:02:13.000Z</time>
   </trkpt>
   <trkpt lat="-8.064704" lon="-34.907915">
    <ele>8.5</ele>
    <time>2019-09-25T01:02:14.000Z</time>
   </trkpt>
   <trkpt lat="-8.064666" lon="-34.907911">
    <ele>8.4</ele>
    <time>2019-09-25T01:02:15.000Z</time>
   </trkpt>
   <trkpt lat="-8.064622" lon="-34.907907">
    <ele>8.2</ele>
    <time>2019-09-25T01:02:16.000Z</time>
   </trkpt>
   <trkpt lat="-8.064573" lon="-34.907896">
    <ele>8.1</ele>
    <time>2019-09-25T01:02:17.000Z</time>
   </trkpt>
   <trkpt lat="-8.064528" lon="-34.907893">
    <ele>7.9</ele>
    <time>2019-09-25T01:02:18.000Z</time>
   </trkpt>
   <trkpt lat="-8.064481" lon="-34.907893">
    <ele>7.8</ele>
    <time>2019-09-25T01:02:19.000Z</time>
   </trkpt>
   <trkpt lat="-8.064434" lon="-34.90789">
    <ele>7.6</ele>
    <time>2019-09-25T01:02:20.000Z</time>
   </trkpt>
   <trkpt lat="-8.064388" lon="-34.907874">
    <ele>7.5</ele>
    <time>2019-09-25T01:02:21.000Z</time>
   </trkpt>
   <trkpt lat="-8.064347" lon="-34.90788">
    <ele>7.3</ele>
    <time>2019-09-25T01:02:22.000Z</time>
   </trkpt>
   <trkpt lat="-8.064308" lon="-34.907876">
    <ele>7</ele>
    <time>2019-09-25T01:02:23.000Z</time>
   </trkpt>
   <trkpt lat="-8.064274" lon="-34.907879">
    <ele>7</ele>
    <time>2019-09-25T01:02:24.000Z</time>
   </trkpt>
   <trkpt lat="-8.064237" lon="-34.907875">
    <ele>7</ele>
    <time>2019-09-25T01:02:25.000Z</time>
   </trkpt>
   <trkpt lat="-8.064199" lon="-34.907869">
    <ele>7</ele>
    <time>2019-09-25T01:02:26.000Z</time>
   </trkpt>
   <trkpt lat="-8.064164" lon="-34.907866">
    <ele>7</ele>
    <time>2019-09-25T01:02:27.000Z</time>
   </trkpt>
   <trkpt lat="-8.064127" lon="-34.907865">
    <ele>7</ele>
    <time>2019-09-25T01:02:28.000Z</time>
   </trkpt>
   <trkpt lat="-8.06409" lon="-34.907869">
    <ele>7.1</ele>
    <time>2019-09-25T01:02:29.000Z</time>
   </trkpt>
   <trkpt lat="-8.064049" lon="-34.907872">
    <ele>7.1</ele>
    <time>2019-09-25T01:02:30.000Z</time>
   </trkpt>
   <trkpt lat="-8.064002" lon="-34.907868">
    <ele>7.1</ele>
    <time>2019-09-25T01:02:31.000Z</time>
   </trkpt>
   <trkpt lat="-8.063962" lon="-34.907866">
    <ele>7.2</ele>
    <time>2019-09-25T01:02:32.000Z</time>
   </trkpt>
   <trkpt lat="-8.063917" lon="-34.907847">
    <ele>7.3</ele>
    <time>2019-09-25T01:02:33.000Z</time>
   </trkpt>
   <trkpt lat="-8.063872" lon="-34.907845">
    <ele>7.4</ele>
    <time>2019-09-25T01:02:34.000Z</time>
   </trkpt>
   <trkpt lat="-8.063826" lon="-34.907843">
    <ele>7.6</ele>
    <time>2019-09-25T01:02:35.000Z</time>
   </trkpt>
   <trkpt lat="-8.06378" lon="-34.90784">
    <ele>7.9</ele>
    <time>2019-09-25T01:02:36.000Z</time>
   </trkpt>
   <trkpt lat="-8.063743" lon="-34.907835">
    <ele>8.1</ele>
    <time>2019-09-25T01:02:37.000Z</time>
   </trkpt>
   <trkpt lat="-8.063705" lon="-34.907828">
    <ele>8.3</ele>
    <time>2019-09-25T01:02:38.000Z</time>
   </trkpt>
   <trkpt lat="-8.063666" lon="-34.90782">
    <ele>8.6</ele>
    <time>2019-09-25T01:02:39.000Z</time>
   </trkpt>
   <trkpt lat="-8.063629" lon="-34.907814">
    <ele>8.9</ele>
    <time>2019-09-25T01:02:40.000Z</time>
   </trkpt>
   <trkpt lat="-8.06359" lon="-34.907814">
    <ele>9.2</ele>
    <time>2019-09-25T01:02:41.000Z</time>
   </trkpt>
   <trkpt lat="-8.06355" lon="-34.907807">
    <ele>9.4</ele>
    <time>2019-09-25T01:02:42.000Z</time>
   </trkpt>
   <trkpt lat="-8.063521" lon="-34.907804">
    <ele>9.5</ele>
    <time>2019-09-25T01:02:43.000Z</time>
   </trkpt>
   <trkpt lat="-8.06349" lon="-34.907809">
    <ele>9.6</ele>
    <time>2019-09-25T01:02:44.000Z</time>
   </trkpt>
   <trkpt lat="-8.063462" lon="-34.907814">
    <ele>9.7</ele>
    <time>2019-09-25T01:02:45.000Z</time>
   </trkpt>
   <trkpt lat="-8.063431" lon="-34.907798">
    <ele>9.8</ele>
    <time>2019-09-25T01:02:46.000Z</time>
   </trkpt>
   <trkpt lat="-8.063395" lon="-34.907789">
    <ele>9.9</ele>
    <time>2019-09-25T01:02:47.000Z</time>
   </trkpt>
   <trkpt lat="-8.063362" lon="-34.907778">
    <ele>9.9</ele>
    <time>2019-09-25T01:02:48.000Z</time>
   </trkpt>
   <trkpt lat="-8.063326" lon="-34.907776">
    <ele>10</ele>
    <time>2019-09-25T01:02:49.000Z</time>
   </trkpt>
   <trkpt lat="-8.063289" lon="-34.907762">
    <ele>10</ele>
    <time>2019-09-25T01:02:50.000Z</time>
   </trkpt>
   <trkpt lat="-8.063259" lon="-34.907759">
    <ele>10.1</ele>
    <time>2019-09-25T01:02:51.000Z</time>
   </trkpt>
   <trkpt lat="-8.063221" lon="-34.907762">
    <ele>10.1</ele>
    <time>2019-09-25T01:02:52.000Z</time>
   </trkpt>
   <trkpt lat="-8.06318" lon="-34.907766">
    <ele>10.1</ele>
    <time>2019-09-25T01:02:53.000Z</time>
   </trkpt>
   <trkpt lat="-8.063135" lon="-34.907753">
    <ele>10.1</ele>
    <time>2019-09-25T01:02:54.000Z</time>
   </trkpt>
   <trkpt lat="-8.063079" lon="-34.907744">
    <ele>10</ele>
    <time>2019-09-25T01:02:55.000Z</time>
   </trkpt>
   <trkpt lat="-8.063039" lon="-34.907753">
    <ele>9.9</ele>
    <time>2019-09-25T01:02:56.000Z</time>
   </trkpt>
   <trkpt lat="-8.062991" lon="-34.907749">
    <ele>9.8</ele>
    <time>2019-09-25T01:02:57.000Z</time>
   </trkpt>
   <trkpt lat="-8.062945" lon="-34.907726">
    <ele>9.7</ele>
    <time>2019-09-25T01:02:58.000Z</time>
   </trkpt>
   <trkpt lat="-8.062896" lon="-34.907714">
    <ele>9.5</ele>
    <time>2019-09-25T01:02:59.000Z</time>
   </trkpt>
   <trkpt lat="-8.062853" lon="-34.907711">
    <ele>9.4</ele>
    <time>2019-09-25T01:03:00.000Z</time>
   </trkpt>
   <trkpt lat="-8.06281" lon="-34.907709">
    <ele>9.3</ele>
    <time>2019-09-25T01:03:01.000Z</time>
   </trkpt>
   <trkpt lat="-8.062769" lon="-34.907704">
    <ele>9.1</ele>
    <time>2019-09-25T01:03:02.000Z</time>
   </trkpt>
   <trkpt lat="-8.062735" lon="-34.907685">
    <ele>9</ele>
    <time>2019-09-25T01:03:03.000Z</time>
   </trkpt>
   <trkpt lat="-8.062706" lon="-34.90767">
    <ele>8.9</ele>
    <time>2019-09-25T01:03:04.000Z</time>
   </trkpt>
   <trkpt lat="-8.062667" lon="-34.907655">
    <ele>8.8</ele>
    <time>2019-09-25T01:03:05.000Z</time>
   </trkpt>
   <trkpt lat="-8.062632" lon="-34.907648">
    <ele>8.6</ele>
    <time>2019-09-25T01:03:06.000Z</time>
   </trkpt>
   <trkpt lat="-8.062597" lon="-34.907634">
    <ele>8.5</ele>
    <time>2019-09-25T01:03:07.000Z</time>
   </trkpt>
   <trkpt lat="-8.062561" lon="-34.90762">
    <ele>8.3</ele>
    <time>2019-09-25T01:03:08.000Z</time>
   </trkpt>
   <trkpt lat="-8.062518" lon="-34.907615">
    <ele>8.1</ele>
    <time>2019-09-25T01:03:09.000Z</time>
   </trkpt>
   <trkpt lat="-8.062475" lon="-34.907601">
    <ele>7.9</ele>
    <time>2019-09-25T01:03:10.000Z</time>
   </trkpt>
   <trkpt lat="-8.062439" lon="-34.907584">
    <ele>7.7</ele>
    <time>2019-09-25T01:03:11.000Z</time>
   </trkpt>
   <trkpt lat="-8.062406" lon="-34.907591">
    <ele>7.5</ele>
    <time>2019-09-25T01:03:12.000Z</time>
   </trkpt>
   <trkpt lat="-8.062372" lon="-34.907593">
    <ele>7.4</ele>
    <time>2019-09-25T01:03:13.000Z</time>
   </trkpt>
   <trkpt lat="-8.062341" lon="-34.907598">
    <ele>7.2</ele>
    <time>2019-09-25T01:03:14.000Z</time>
   </trkpt>
   <trkpt lat="-8.06231" lon="-34.907603">
    <ele>7</ele>
    <time>2019-09-25T01:03:15.000Z</time>
   </trkpt>
   <trkpt lat="-8.062275" lon="-34.9076">
    <ele>6.8</ele>
    <time>2019-09-25T01:03:16.000Z</time>
   </trkpt>
   <trkpt lat="-8.062237" lon="-34.907586">
    <ele>6.6</ele>
    <time>2019-09-25T01:03:17.000Z</time>
   </trkpt>
   <trkpt lat="-8.062204" lon="-34.907593">
    <ele>6.5</ele>
    <time>2019-09-25T01:03:18.000Z</time>
   </trkpt>
   <trkpt lat="-8.062167" lon="-34.907594">
    <ele>6.5</ele>
    <time>2019-09-25T01:03:19.000Z</time>
   </trkpt>
   <trkpt lat="-8.06214" lon="-34.907598">
    <ele>6.4</ele>
    <time>2019-09-25T01:03:20.000Z</time>
   </trkpt>
   <trkpt lat="-8.062111" lon="-34.907598">
    <ele>6.4</ele>
    <time>2019-09-25T01:03:21.000Z</time>
   </trkpt>
   <trkpt lat="-8.062076" lon="-34.907593">
    <ele>6.3</ele>
    <time>2019-09-25T01:03:22.000Z</time>
   </trkpt>
   <trkpt lat="-8.06204" lon="-34.907582">
    <ele>6.3</ele>
    <time>2019-09-25T01:03:23.000Z</time>
   </trkpt>
   <trkpt lat="-8.062002" lon="-34.907569">
    <ele>6.3</ele>
    <time>2019-09-25T01:03:24.000Z</time>
   </trkpt>
   <trkpt lat="-8.061961" lon="-34.907555">
    <ele>6.2</ele>
    <time>2019-09-25T01:03:25.000Z</time>
   </trkpt>
   <trkpt lat="-8.061918" lon="-34.907545">
    <ele>6.2</ele>
    <time>2019-09-25T01:03:26.000Z</time>
   </trkpt>
   <trkpt lat="-8.061878" lon="-34.907536">
    <ele>6.2</ele>
    <time>2019-09-25T01:03:27.000Z</time>
   </trkpt>
   <trkpt lat="-8.061839" lon="-34.907519">
    <ele>6.2</ele>
    <time>2019-09-25T01:03:28.000Z</time>
   </trkpt>
   <trkpt lat="-8.061803" lon="-34.907526">
    <ele>6.2</ele>
    <time>2019-09-25T01:03:29.000Z</time>
   </trkpt>
   <trkpt lat="-8.061773" lon="-34.907533">
    <ele>6.1</ele>
    <time>2019-09-25T01:03:30.000Z</time>
   </trkpt>
   <trkpt lat="-8.061736" lon="-34.907532">
    <ele>6.1</ele>
    <time>2019-09-25T01:03:31.000Z</time>
   </trkpt>
   <trkpt lat="-8.061704" lon="-34.907527">
    <ele>6.3</ele>
    <time>2019-09-25T01:03:32.000Z</time>
   </trkpt>
   <trkpt lat="-8.061669" lon="-34.90752">
    <ele>6.5</ele>
    <time>2019-09-25T01:03:33.000Z</time>
   </trkpt>
   <trkpt lat="-8.06163" lon="-34.907513">
    <ele>6.8</ele>
    <time>2019-09-25T01:03:34.000Z</time>
   </trkpt>
   <trkpt lat="-8.061591" lon="-34.907506">
    <ele>7</ele>
    <time>2019-09-25T01:03:35.000Z</time>
   </trkpt>
   <trkpt lat="-8.061549" lon="-34.9075">
    <ele>7.2</ele>
    <time>2019-09-25T01:03:36.000Z</time>
   </trkpt>
   <trkpt lat="-8.061501" lon="-34.907502">
    <ele>7.5</ele>
    <time>2019-09-25T01:03:37.000Z</time>
   </trkpt>
   <trkpt lat="-8.061449" lon="-34.907503">
    <ele>8</ele>
    <time>2019-09-25T01:03:38.000Z</time>
   </trkpt>
   <trkpt lat="-8.061403" lon="-34.907506">
    <ele>8.5</ele>
    <time>2019-09-25T01:03:39.000Z</time>
   </trkpt>
   <trkpt lat="-8.061363" lon="-34.907498">
    <ele>8.9</ele>
    <time>2019-09-25T01:03:40.000Z</time>
   </trkpt>
   <trkpt lat="-8.0613" lon="-34.907499">
    <ele>9.3</ele>
    <time>2019-09-25T01:03:42.000Z</time>
   </trkpt>
   <trkpt lat="-8.061272" lon="-34.907498">
    <ele>9.4</ele>
    <time>2019-09-25T01:03:43.000Z</time>
   </trkpt>
   <trkpt lat="-8.061246" lon="-34.907506">
    <ele>9.5</ele>
    <time>2019-09-25T01:03:44.000Z</time>
   </trkpt>
   <trkpt lat="-8.061208" lon="-34.907513">
    <ele>9.6</ele>
    <time>2019-09-25T01:03:45.000Z</time>
   </trkpt>
   <trkpt lat="-8.061174" lon="-34.907504">
    <ele>9.6</ele>
    <time>2019-09-25T01:03:46.000Z</time>
   </trkpt>
   <trkpt lat="-8.061117" lon="-34.907492">
    <ele>9.7</ele>
    <time>2019-09-25T01:03:47.000Z</time>
   </trkpt>
   <trkpt lat="-8.061067" lon="-34.90748">
    <ele>9.8</ele>
    <time>2019-09-25T01:03:48.000Z</time>
   </trkpt>
   <trkpt lat="-8.061011" lon="-34.907473">
    <ele>9.9</ele>
    <time>2019-09-25T01:03:49.000Z</time>
   </trkpt>
   <trkpt lat="-8.06096" lon="-34.907466">
    <ele>10</ele>
    <time>2019-09-25T01:03:50.000Z</time>
   </trkpt>
   <trkpt lat="-8.060917" lon="-34.907459">
    <ele>10.1</ele>
    <time>2019-09-25T01:03:51.000Z</time>
   </trkpt>
   <trkpt lat="-8.060875" lon="-34.907456">
    <ele>10.3</ele>
    <time>2019-09-25T01:03:52.000Z</time>
   </trkpt>
   <trkpt lat="-8.060838" lon="-34.907454">
    <ele>10.4</ele>
    <time>2019-09-25T01:03:53.000Z</time>
   </trkpt>
   <trkpt lat="-8.060804" lon="-34.907456">
    <ele>10.5</ele>
    <time>2019-09-25T01:03:54.000Z</time>
   </trkpt>
   <trkpt lat="-8.060776" lon="-34.907442">
    <ele>10.5</ele>
    <time>2019-09-25T01:03:55.000Z</time>
   </trkpt>
   <trkpt lat="-8.060747" lon="-34.907421">
    <ele>10.5</ele>
    <time>2019-09-25T01:03:56.000Z</time>
   </trkpt>
   <trkpt lat="-8.060693" lon="-34.907422">
    <ele>10.4</ele>
    <time>2019-09-25T01:03:57.000Z</time>
   </trkpt>
   <trkpt lat="-8.060656" lon="-34.907424">
    <ele>10.2</ele>
    <time>2019-09-25T01:03:58.000Z</time>
   </trkpt>
   <trkpt lat="-8.06061" lon="-34.907423">
    <ele>10.1</ele>
    <time>2019-09-25T01:03:59.000Z</time>
   </trkpt>
   <trkpt lat="-8.06057" lon="-34.907414">
    <ele>10.1</ele>
    <time>2019-09-25T01:04:00.000Z</time>
   </trkpt>
   <trkpt lat="-8.060526" lon="-34.907402">
    <ele>10</ele>
    <time>2019-09-25T01:04:01.000Z</time>
   </trkpt>
   <trkpt lat="-8.060484" lon="-34.907387">
    <ele>9.9</ele>
    <time>2019-09-25T01:04:02.000Z</time>
   </trkpt>
   <trkpt lat="-8.060444" lon="-34.907383">
    <ele>9.8</ele>
    <time>2019-09-25T01:04:03.000Z</time>
   </trkpt>
   <trkpt lat="-8.060405" lon="-34.907373">
    <ele>9.6</ele>
    <time>2019-09-25T01:04:04.000Z</time>
   </trkpt>
   <trkpt lat="-8.060357" lon="-34.907368">
    <ele>9.4</ele>
    <time>2019-09-25T01:04:05.000Z</time>
   </trkpt>
   <trkpt lat="-8.060321" lon="-34.907356">
    <ele>9.3</ele>
    <time>2019-09-25T01:04:06.000Z</time>
   </trkpt>
   <trkpt lat="-8.060272" lon="-34.907355">
    <ele>9.1</ele>
    <time>2019-09-25T01:04:07.000Z</time>
   </trkpt>
   <trkpt lat="-8.060231" lon="-34.907361">
    <ele>9</ele>
    <time>2019-09-25T01:04:08.000Z</time>
   </trkpt>
   <trkpt lat="-8.06018" lon="-34.907346">
    <ele>8.9</ele>
    <time>2019-09-25T01:04:09.000Z</time>
   </trkpt>
   <trkpt lat="-8.060122" lon="-34.907342">
    <ele>8.9</ele>
    <time>2019-09-25T01:04:10.000Z</time>
   </trkpt>
   <trkpt lat="-8.060066" lon="-34.907335">
    <ele>8.9</ele>
    <time>2019-09-25T01:04:11.000Z</time>
   </trkpt>
   <trkpt lat="-8.060007" lon="-34.907325">
    <ele>9</ele>
    <time>2019-09-25T01:04:12.000Z</time>
   </trkpt>
   <trkpt lat="-8.059948" lon="-34.907319">
    <ele>9.2</ele>
    <time>2019-09-25T01:04:13.000Z</time>
   </trkpt>
   <trkpt lat="-8.059894" lon="-34.907307">
    <ele>9</ele>
    <time>2019-09-25T01:04:14.000Z</time>
   </trkpt>
   <trkpt lat="-8.059844" lon="-34.907303">
    <ele>8.8</ele>
    <time>2019-09-25T01:04:15.000Z</time>
   </trkpt>
   <trkpt lat="-8.059791" lon="-34.907302">
    <ele>8.6</ele>
    <time>2019-09-25T01:04:16.000Z</time>
   </trkpt>
   <trkpt lat="-8.059745" lon="-34.907309">
    <ele>8.5</ele>
    <time>2019-09-25T01:04:17.000Z</time>
   </trkpt>
   <trkpt lat="-8.059688" lon="-34.907304">
    <ele>8.4</ele>
    <time>2019-09-25T01:04:18.000Z</time>
   </trkpt>
   <trkpt lat="-8.059633" lon="-34.90729">
    <ele>8.2</ele>
    <time>2019-09-25T01:04:19.000Z</time>
   </trkpt>
   <trkpt lat="-8.059586" lon="-34.907284">
    <ele>8.1</ele>
    <time>2019-09-25T01:04:20.000Z</time>
   </trkpt>
   <trkpt lat="-8.059544" lon="-34.907264">
    <ele>8</ele>
    <time>2019-09-25T01:04:21.000Z</time>
   </trkpt>
   <trkpt lat="-8.059504" lon="-34.90726">
    <ele>7.9</ele>
    <time>2019-09-25T01:04:23.000Z</time>
   </trkpt>
   <trkpt lat="-8.059461" lon="-34.907268">
    <ele>7.8</ele>
    <time>2019-09-25T01:04:25.000Z</time>
   </trkpt>
   <trkpt lat="-8.059429" lon="-34.907269">
    <ele>7.7</ele>
    <time>2019-09-25T01:04:27.000Z</time>
   </trkpt>
   <trkpt lat="-8.05939" lon="-34.907271">
    <ele>7.6</ele>
    <time>2019-09-25T01:04:29.000Z</time>
   </trkpt>
   <trkpt lat="-8.059358" lon="-34.907258">
    <ele>7.5</ele>
    <time>2019-09-25T01:04:31.000Z</time>
   </trkpt>
   <trkpt lat="-8.0593" lon="-34.907241">
    <ele>7.3</ele>
    <time>2019-09-25T01:05:07.000Z</time>
   </trkpt>
   <trkpt lat="-8.059248" lon="-34.907236">
    <ele>7.1</ele>
    <time>2019-09-25T01:05:09.000Z</time>
   </trkpt>
   <trkpt lat="-8.059218" lon="-34.907242">
    <ele>7</ele>
    <time>2019-09-25T01:05:10.000Z</time>
   </trkpt>
   <trkpt lat="-8.059185" lon="-34.907245">
    <ele>6.9</ele>
    <time>2019-09-25T01:05:11.000Z</time>
   </trkpt>
   <trkpt lat="-8.059146" lon="-34.907238">
    <ele>6.8</ele>
    <time>2019-09-25T01:05:12.000Z</time>
   </trkpt>
   <trkpt lat="-8.059094" lon="-34.907231">
    <ele>6.5</ele>
    <time>2019-09-25T01:05:13.000Z</time>
   </trkpt>
   <trkpt lat="-8.059049" lon="-34.90721">
    <ele>6.3</ele>
    <time>2019-09-25T01:05:14.000Z</time>
   </trkpt>
   <trkpt lat="-8.059019" lon="-34.907224">
    <ele>6.2</ele>
    <time>2019-09-25T01:05:15.000Z</time>
   </trkpt>
   <trkpt lat="-8.058973" lon="-34.90722">
    <ele>5.8</ele>
    <time>2019-09-25T01:05:16.000Z</time>
   </trkpt>
   <trkpt lat="-8.058934" lon="-34.907219">
    <ele>5.8</ele>
    <time>2019-09-25T01:05:17.000Z</time>
   </trkpt>
   <trkpt lat="-8.058896" lon="-34.907209">
    <ele>5.8</ele>
    <time>2019-09-25T01:05:18.000Z</time>
   </trkpt>
   <trkpt lat="-8.058849" lon="-34.907193">
    <ele>5.8</ele>
    <time>2019-09-25T01:05:19.000Z</time>
   </trkpt>
   <trkpt lat="-8.058812" lon="-34.907194">
    <ele>5.8</ele>
    <time>2019-09-25T01:05:20.000Z</time>
   </trkpt>
   <trkpt lat="-8.058771" lon="-34.907192">
    <ele>5.7</ele>
    <time>2019-09-25T01:05:21.000Z</time>
   </trkpt>
   <trkpt lat="-8.058735" lon="-34.90719">
    <ele>5.7</ele>
    <time>2019-09-25T01:05:22.000Z</time>
   </trkpt>
   <trkpt lat="-8.058699" lon="-34.907189">
    <ele>5.7</ele>
    <time>2019-09-25T01:05:23.000Z</time>
   </trkpt>
   <trkpt lat="-8.058654" lon="-34.907184">
    <ele>5.7</ele>
    <time>2019-09-25T01:05:24.000Z</time>
   </trkpt>
   <trkpt lat="-8.058615" lon="-34.907182">
    <ele>5.6</ele>
    <time>2019-09-25T01:05:25.000Z</time>
   </trkpt>
   <trkpt lat="-8.058575" lon="-34.907173">
    <ele>5.6</ele>
    <time>2019-09-25T01:05:26.000Z</time>
   </trkpt>
   <trkpt lat="-8.058529" lon="-34.90716">
    <ele>5.5</ele>
    <time>2019-09-25T01:05:27.000Z</time>
   </trkpt>
   <trkpt lat="-8.058488" lon="-34.907156">
    <ele>5.5</ele>
    <time>2019-09-25T01:05:28.000Z</time>
   </trkpt>
   <trkpt lat="-8.05843" lon="-34.907144">
    <ele>5.7</ele>
    <time>2019-09-25T01:05:29.000Z</time>
   </trkpt>
   <trkpt lat="-8.058387" lon="-34.907125">
    <ele>5.7</ele>
    <time>2019-09-25T01:05:30.000Z</time>
   </trkpt>
   <trkpt lat="-8.058344" lon="-34.907118">
    <ele>5.8</ele>
    <time>2019-09-25T01:05:31.000Z</time>
   </trkpt>
   <trkpt lat="-8.0583" lon="-34.907119">
    <ele>5.8</ele>
    <time>2019-09-25T01:05:32.000Z</time>
   </trkpt>
   <trkpt lat="-8.058248" lon="-34.907114">
    <ele>5.8</ele>
    <time>2019-09-25T01:05:33.000Z</time>
   </trkpt>
   <trkpt lat="-8.058195" lon="-34.907103">
    <ele>5.9</ele>
    <time>2019-09-25T01:05:34.000Z</time>
   </trkpt>
   <trkpt lat="-8.058148" lon="-34.907093">
    <ele>6</ele>
    <time>2019-09-25T01:05:35.000Z</time>
   </trkpt>
   <trkpt lat="-8.058099" lon="-34.907084">
    <ele>6.2</ele>
    <time>2019-09-25T01:05:36.000Z</time>
   </trkpt>
   <trkpt lat="-8.058058" lon="-34.907089">
    <ele>6.5</ele>
    <time>2019-09-25T01:05:37.000Z</time>
   </trkpt>
   <trkpt lat="-8.058008" lon="-34.907089">
    <ele>6.7</ele>
    <time>2019-09-25T01:05:38.000Z</time>
   </trkpt>
   <trkpt lat="-8.057962" lon="-34.907091">
    <ele>6.9</ele>
    <time>2019-09-25T01:05:39.000Z</time>
   </trkpt>
   <trkpt lat="-8.05791" lon="-34.9071">
    <ele>7</ele>
    <time>2019-09-25T01:05:40.000Z</time>
   </trkpt>
   <trkpt lat="-8.057868" lon="-34.907106">
    <ele>7.2</ele>
    <time>2019-09-25T01:05:41.000Z</time>
   </trkpt>
   <trkpt lat="-8.057834" lon="-34.907102">
    <ele>7.3</ele>
    <time>2019-09-25T01:05:42.000Z</time>
   </trkpt>
   <trkpt lat="-8.057801" lon="-34.907103">
    <ele>7.3</ele>
    <time>2019-09-25T01:05:43.000Z</time>
   </trkpt>
   <trkpt lat="-8.057767" lon="-34.907099">
    <ele>7.4</ele>
    <time>2019-09-25T01:05:44.000Z</time>
   </trkpt>
   <trkpt lat="-8.05773" lon="-34.907084">
    <ele>7.6</ele>
    <time>2019-09-25T01:05:45.000Z</time>
   </trkpt>
   <trkpt lat="-8.057685" lon="-34.907079">
    <ele>7.7</ele>
    <time>2019-09-25T01:05:46.000Z</time>
   </trkpt>
   <trkpt lat="-8.057638" lon="-34.907068">
    <ele>7.8</ele>
    <time>2019-09-25T01:05:47.000Z</time>
   </trkpt>
   <trkpt lat="-8.057587" lon="-34.907078">
    <ele>8</ele>
    <time>2019-09-25T01:05:48.000Z</time>
   </trkpt>
   <trkpt lat="-8.057537" lon="-34.90707">
    <ele>8.1</ele>
    <time>2019-09-25T01:05:49.000Z</time>
   </trkpt>
   <trkpt lat="-8.05749" lon="-34.907073">
    <ele>8.3</ele>
    <time>2019-09-25T01:05:50.000Z</time>
   </trkpt>
   <trkpt lat="-8.057451" lon="-34.907071">
    <ele>8.4</ele>
    <time>2019-09-25T01:05:51.000Z</time>
   </trkpt>
   <trkpt lat="-8.057417" lon="-34.907072">
    <ele>8.5</ele>
    <time>2019-09-25T01:05:52.000Z</time>
   </trkpt>
   <trkpt lat="-8.057375" lon="-34.907069">
    <ele>8.7</ele>
    <time>2019-09-25T01:05:53.000Z</time>
   </trkpt>
   <trkpt lat="-8.057338" lon="-34.907062">
    <ele>8.8</ele>
    <time>2019-09-25T01:05:54.000Z</time>
   </trkpt>
   <trkpt lat="-8.057306" lon="-34.907063">
    <ele>8.9</ele>
    <time>2019-09-25T01:05:55.000Z</time>
   </trkpt>
   <trkpt lat="-8.057261" lon="-34.907059">
    <ele>9</ele>
    <time>2019-09-25T01:05:56.000Z</time>
   </trkpt>
   <trkpt lat="-8.057213" lon="-34.907049">
    <ele>9.2</ele>
    <time>2019-09-25T01:05:57.000Z</time>
   </trkpt>
   <trkpt lat="-8.057168" lon="-34.907044">
    <ele>9.3</ele>
    <time>2019-09-25T01:05:58.000Z</time>
   </trkpt>
   <trkpt lat="-8.057123" lon="-34.907045">
    <ele>9.4</ele>
    <time>2019-09-25T01:05:59.000Z</time>
   </trkpt>
   <trkpt lat="-8.057082" lon="-34.907038">
    <ele>9.5</ele>
    <time>2019-09-25T01:06:00.000Z</time>
   </trkpt>
   <trkpt lat="-8.05704" lon="-34.907031">
    <ele>9.7</ele>
    <time>2019-09-25T01:06:01.000Z</time>
   </trkpt>
   <trkpt lat="-8.056997" lon="-34.907028">
    <ele>9.8</ele>
    <time>2019-09-25T01:06:02.000Z</time>
   </trkpt>
   <trkpt lat="-8.056956" lon="-34.907025">
    <ele>9.9</ele>
    <time>2019-09-25T01:06:03.000Z</time>
   </trkpt>
   <trkpt lat="-8.056912" lon="-34.907026">
    <ele>10</ele>
    <time>2019-09-25T01:06:04.000Z</time>
   </trkpt>
   <trkpt lat="-8.056878" lon="-34.907025">
    <ele>10.1</ele>
    <time>2019-09-25T01:06:05.000Z</time>
   </trkpt>
   <trkpt lat="-8.056839" lon="-34.907022">
    <ele>10.2</ele>
    <time>2019-09-25T01:06:06.000Z</time>
   </trkpt>
   <trkpt lat="-8.0568" lon="-34.907024">
    <ele>10.2</ele>
    <time>2019-09-25T01:06:07.000Z</time>
   </trkpt>
   <trkpt lat="-8.05676" lon="-34.907029">
    <ele>10.3</ele>
    <time>2019-09-25T01:06:08.000Z</time>
   </trkpt>
   <trkpt lat="-8.056721" lon="-34.907027">
    <ele>10.4</ele>
    <time>2019-09-25T01:06:09.000Z</time>
   </trkpt>
   <trkpt lat="-8.056684" lon="-34.90702">
    <ele>10.5</ele>
    <time>2019-09-25T01:06:10.000Z</time>
   </trkpt>
   <trkpt lat="-8.056647" lon="-34.907013">
    <ele>10.5</ele>
    <time>2019-09-25T01:06:11.000Z</time>
   </trkpt>
   <trkpt lat="-8.056608" lon="-34.907006">
    <ele>10.6</ele>
    <time>2019-09-25T01:06:12.000Z</time>
   </trkpt>
   <trkpt lat="-8.056564" lon="-34.907">
    <ele>10.7</ele>
    <time>2019-09-25T01:06:13.000Z</time>
   </trkpt>
   <trkpt lat="-8.056517" lon="-34.906994">
    <ele>10.7</ele>
    <time>2019-09-25T01:06:14.000Z</time>
   </trkpt>
   <trkpt lat="-8.056476" lon="-34.906995">
    <ele>10.8</ele>
    <time>2019-09-25T01:06:15.000Z</time>
   </trkpt>
   <trkpt lat="-8.056434" lon="-34.906996">
    <ele>10.8</ele>
    <time>2019-09-25T01:06:16.000Z</time>
   </trkpt>
   <trkpt lat="-8.056392" lon="-34.906988">
    <ele>10.9</ele>
    <time>2019-09-25T01:06:17.000Z</time>
   </trkpt>
   <trkpt lat="-8.056349" lon="-34.90698">
    <ele>10.9</ele>
    <time>2019-09-25T01:06:18.000Z</time>
   </trkpt>
   <trkpt lat="-8.056312" lon="-34.906976">
    <ele>11</ele>
    <time>2019-09-25T01:06:19.000Z</time>
   </trkpt>
   <trkpt lat="-8.056271" lon="-34.906971">
    <ele>11</ele>
    <time>2019-09-25T01:06:20.000Z</time>
   </trkpt>
   <trkpt lat="-8.056216" lon="-34.906975">
    <ele>10.9</ele>
    <time>2019-09-25T01:06:21.000Z</time>
   </trkpt>
   <trkpt lat="-8.056172" lon="-34.906972">
    <ele>10.8</ele>
    <time>2019-09-25T01:06:22.000Z</time>
   </trkpt>
   <trkpt lat="-8.056125" lon="-34.906968">
    <ele>10.8</ele>
    <time>2019-09-25T01:06:23.000Z</time>
   </trkpt>
   <trkpt lat="-8.056089" lon="-34.906967">
    <ele>10.7</ele>
    <time>2019-09-25T01:06:24.000Z</time>
   </trkpt>
   <trkpt lat="-8.056048" lon="-34.906954">
    <ele>10.7</ele>
    <time>2019-09-25T01:06:25.000Z</time>
   </trkpt>
   <trkpt lat="-8.055992" lon="-34.906951">
    <ele>10.6</ele>
    <time>2019-09-25T01:06:26.000Z</time>
   </trkpt>
   <trkpt lat="-8.055944" lon="-34.906947">
    <ele>10.5</ele>
    <time>2019-09-25T01:06:27.000Z</time>
   </trkpt>
   <trkpt lat="-8.055893" lon="-34.906934">
    <ele>10.5</ele>
    <time>2019-09-25T01:06:28.000Z</time>
   </trkpt>
   <trkpt lat="-8.055845" lon="-34.906928">
    <ele>10.4</ele>
    <time>2019-09-25T01:06:29.000Z</time>
   </trkpt>
   <trkpt lat="-8.0558" lon="-34.906925">
    <ele>10.4</ele>
    <time>2019-09-25T01:06:30.000Z</time>
   </trkpt>
   <trkpt lat="-8.055758" lon="-34.906929">
    <ele>10.3</ele>
    <time>2019-09-25T01:06:31.000Z</time>
   </trkpt>
   <trkpt lat="-8.055713" lon="-34.906933">
    <ele>10.3</ele>
    <time>2019-09-25T01:06:32.000Z</time>
   </trkpt>
   <trkpt lat="-8.055669" lon="-34.906926">
    <ele>10.2</ele>
    <time>2019-09-25T01:06:33.000Z</time>
   </trkpt>
   <trkpt lat="-8.055623" lon="-34.906923">
    <ele>10.2</ele>
    <time>2019-09-25T01:06:34.000Z</time>
   </trkpt>
   <trkpt lat="-8.055574" lon="-34.906909">
    <ele>10.2</ele>
    <time>2019-09-25T01:06:35.000Z</time>
   </trkpt>
   <trkpt lat="-8.055533" lon="-34.906902">
    <ele>10.2</ele>
    <time>2019-09-25T01:06:36.000Z</time>
   </trkpt>
   <trkpt lat="-8.055488" lon="-34.906906">
    <ele>10.1</ele>
    <time>2019-09-25T01:06:37.000Z</time>
   </trkpt>
   <trkpt lat="-8.055449" lon="-34.906905">
    <ele>10.1</ele>
    <time>2019-09-25T01:06:38.000Z</time>
   </trkpt>
   <trkpt lat="-8.055417" lon="-34.906909">
    <ele>10.1</ele>
    <time>2019-09-25T01:06:39.000Z</time>
   </trkpt>
   <trkpt lat="-8.055374" lon="-34.906908">
    <ele>10.1</ele>
    <time>2019-09-25T01:06:40.000Z</time>
   </trkpt>
   <trkpt lat="-8.05533" lon="-34.906908">
    <ele>10.1</ele>
    <time>2019-09-25T01:06:41.000Z</time>
   </trkpt>
   <trkpt lat="-8.055298" lon="-34.906893">
    <ele>10.2</ele>
    <time>2019-09-25T01:06:42.000Z</time>
   </trkpt>
   <trkpt lat="-8.055258" lon="-34.906884">
    <ele>10.3</ele>
    <time>2019-09-25T01:06:43.000Z</time>
   </trkpt>
   <trkpt lat="-8.055218" lon="-34.90688">
    <ele>10.3</ele>
    <time>2019-09-25T01:06:44.000Z</time>
   </trkpt>
   <trkpt lat="-8.055172" lon="-34.906868">
    <ele>10.4</ele>
    <time>2019-09-25T01:06:45.000Z</time>
   </trkpt>
   <trkpt lat="-8.055126" lon="-34.906866">
    <ele>10.5</ele>
    <time>2019-09-25T01:06:46.000Z</time>
   </trkpt>
   <trkpt lat="-8.055083" lon="-34.90686">
    <ele>10.5</ele>
    <time>2019-09-25T01:06:47.000Z</time>
   </trkpt>
   <trkpt lat="-8.055026" lon="-34.906866">
    <ele>10.6</ele>
    <time>2019-09-25T01:06:48.000Z</time>
   </trkpt>
   <trkpt lat="-8.054983" lon="-34.906876">
    <ele>10.7</ele>
    <time>2019-09-25T01:06:49.000Z</time>
   </trkpt>
   <trkpt lat="-8.054936" lon="-34.906879">
    <ele>10.7</ele>
    <time>2019-09-25T01:06:50.000Z</time>
   </trkpt>
   <trkpt lat="-8.054891" lon="-34.906883">
    <ele>10.8</ele>
    <time>2019-09-25T01:06:51.000Z</time>
   </trkpt>
   <trkpt lat="-8.054842" lon="-34.906895">
    <ele>10.9</ele>
    <time>2019-09-25T01:06:52.000Z</time>
   </trkpt>
   <trkpt lat="-8.054795" lon="-34.906906">
    <ele>10.9</ele>
    <time>2019-09-25T01:06:53.000Z</time>
   </trkpt>
   <trkpt lat="-8.05475" lon="-34.906908">
    <ele>10.7</ele>
    <time>2019-09-25T01:06:54.000Z</time>
   </trkpt>
   <trkpt lat="-8.054698" lon="-34.906889">
    <ele>10.4</ele>
    <time>2019-09-25T01:06:55.000Z</time>
   </trkpt>
   <trkpt lat="-8.054646" lon="-34.906873">
    <ele>10.2</ele>
    <time>2019-09-25T01:06:56.000Z</time>
   </trkpt>
   <trkpt lat="-8.05459" lon="-34.906874">
    <ele>10</ele>
    <time>2019-09-25T01:06:57.000Z</time>
   </trkpt>
   <trkpt lat="-8.054536" lon="-34.906868">
    <ele>9.8</ele>
    <time>2019-09-25T01:06:58.000Z</time>
   </trkpt>
   <trkpt lat="-8.054486" lon="-34.906868">
    <ele>9.7</ele>
    <time>2019-09-25T01:06:59.000Z</time>
   </trkpt>
   <trkpt lat="-8.054441" lon="-34.906866">
    <ele>9.6</ele>
    <time>2019-09-25T01:07:00.000Z</time>
   </trkpt>
   <trkpt lat="-8.054393" lon="-34.906858">
    <ele>9.4</ele>
    <time>2019-09-25T01:07:01.000Z</time>
   </trkpt>
   <trkpt lat="-8.054357" lon="-34.906833">
    <ele>9.3</ele>
    <time>2019-09-25T01:07:02.000Z</time>
   </trkpt>
   <trkpt lat="-8.054314" lon="-34.906831">
    <ele>9.2</ele>
    <time>2019-09-25T01:07:03.000Z</time>
   </trkpt>
   <trkpt lat="-8.05427" lon="-34.906831">
    <ele>9.1</ele>
    <time>2019-09-25T01:07:04.000Z</time>
   </trkpt>
   <trkpt lat="-8.054228" lon="-34.90683">
    <ele>8.9</ele>
    <time>2019-09-25T01:07:05.000Z</time>
   </trkpt>
   <trkpt lat="-8.054186" lon="-34.906828">
    <ele>8.8</ele>
    <time>2019-09-25T01:07:06.000Z</time>
   </trkpt>
   <trkpt lat="-8.054157" lon="-34.90683">
    <ele>8.8</ele>
    <time>2019-09-25T01:07:07.000Z</time>
   </trkpt>
   <trkpt lat="-8.054087" lon="-34.906816">
    <ele>8.5</ele>
    <time>2019-09-25T01:07:09.000Z</time>
   </trkpt>
   <trkpt lat="-8.054052" lon="-34.906818">
    <ele>8.3</ele>
    <time>2019-09-25T01:07:10.000Z</time>
   </trkpt>
   <trkpt lat="-8.054018" lon="-34.906806">
    <ele>8.3</ele>
    <time>2019-09-25T01:07:11.000Z</time>
   </trkpt>
   <trkpt lat="-8.053973" lon="-34.9068">
    <ele>8.4</ele>
    <time>2019-09-25T01:07:12.000Z</time>
   </trkpt>
   <trkpt lat="-8.053925" lon="-34.906797">
    <ele>8.5</ele>
    <time>2019-09-25T01:07:14.000Z</time>
   </trkpt>
   <trkpt lat="-8.05389" lon="-34.906788">
    <ele>8.5</ele>
    <time>2019-09-25T01:07:15.000Z</time>
   </trkpt>
   <trkpt lat="-8.053857" lon="-34.906783">
    <ele>8.6</ele>
    <time>2019-09-25T01:07:16.000Z</time>
   </trkpt>
   <trkpt lat="-8.053821" lon="-34.906783">
    <ele>8.6</ele>
    <time>2019-09-25T01:07:17.000Z</time>
   </trkpt>
   <trkpt lat="-8.053779" lon="-34.906768">
    <ele>8.7</ele>
    <time>2019-09-25T01:07:18.000Z</time>
   </trkpt>
   <trkpt lat="-8.053736" lon="-34.906756">
    <ele>8.8</ele>
    <time>2019-09-25T01:07:19.000Z</time>
   </trkpt>
   <trkpt lat="-8.053695" lon="-34.906759">
    <ele>8.9</ele>
    <time>2019-09-25T01:07:20.000Z</time>
   </trkpt>
   <trkpt lat="-8.053659" lon="-34.90676">
    <ele>8.9</ele>
    <time>2019-09-25T01:07:21.000Z</time>
   </trkpt>
   <trkpt lat="-8.053616" lon="-34.906754">
    <ele>9</ele>
    <time>2019-09-25T01:07:22.000Z</time>
   </trkpt>
   <trkpt lat="-8.053574" lon="-34.906759">
    <ele>9.1</ele>
    <time>2019-09-25T01:07:23.000Z</time>
   </trkpt>
   <trkpt lat="-8.053531" lon="-34.906757">
    <ele>9.2</ele>
    <time>2019-09-25T01:07:24.000Z</time>
   </trkpt>
   <trkpt lat="-8.053499" lon="-34.906763">
    <ele>9.2</ele>
    <time>2019-09-25T01:07:25.000Z</time>
   </trkpt>
   <trkpt lat="-8.053461" lon="-34.906754">
    <ele>9.4</ele>
    <time>2019-09-25T01:07:26.000Z</time>
   </trkpt>
   <trkpt lat="-8.053415" lon="-34.906753">
    <ele>9.6</ele>
    <time>2019-09-25T01:07:27.000Z</time>
   </trkpt>
   <trkpt lat="-8.053371" lon="-34.906751">
    <ele>9.8</ele>
    <time>2019-09-25T01:07:28.000Z</time>
   </trkpt>
   <trkpt lat="-8.053334" lon="-34.90675">
    <ele>9.9</ele>
    <time>2019-09-25T01:07:29.000Z</time>
   </trkpt>
   <trkpt lat="-8.053294" lon="-34.906748">
    <ele>10</ele>
    <time>2019-09-25T01:07:30.000Z</time>
   </trkpt>
   <trkpt lat="-8.053254" lon="-34.906733">
    <ele>10.1</ele>
    <time>2019-09-25T01:07:31.000Z</time>
   </trkpt>
   <trkpt lat="-8.053219" lon="-34.906724">
    <ele>10.1</ele>
    <time>2019-09-25T01:07:32.000Z</time>
   </trkpt>
   <trkpt lat="-8.053167" lon="-34.906717">
    <ele>10.1</ele>
    <time>2019-09-25T01:07:33.000Z</time>
   </trkpt>
   <trkpt lat="-8.053117" lon="-34.906712">
    <ele>10.1</ele>
    <time>2019-09-25T01:07:34.000Z</time>
   </trkpt>
   <trkpt lat="-8.053064" lon="-34.906713">
    <ele>10.2</ele>
    <time>2019-09-25T01:07:35.000Z</time>
   </trkpt>
   <trkpt lat="-8.053013" lon="-34.906707">
    <ele>10.2</ele>
    <time>2019-09-25T01:07:36.000Z</time>
   </trkpt>
   <trkpt lat="-8.052955" lon="-34.906716">
    <ele>10.2</ele>
    <time>2019-09-25T01:07:37.000Z</time>
   </trkpt>
   <trkpt lat="-8.052896" lon="-34.906724">
    <ele>10.2</ele>
    <time>2019-09-25T01:07:38.000Z</time>
   </trkpt>
   <trkpt lat="-8.052836" lon="-34.906715">
    <ele>10.3</ele>
    <time>2019-09-25T01:07:39.000Z</time>
   </trkpt>
   <trkpt lat="-8.052788" lon="-34.906713">
    <ele>10.3</ele>
    <time>2019-09-25T01:07:40.000Z</time>
   </trkpt>
   <trkpt lat="-8.05275" lon="-34.906705">
    <ele>10.3</ele>
    <time>2019-09-25T01:07:41.000Z</time>
   </trkpt>
   <trkpt lat="-8.052717" lon="-34.906686">
    <ele>10.3</ele>
    <time>2019-09-25T01:07:42.000Z</time>
   </trkpt>
   <trkpt lat="-8.052666" lon="-34.906668">
    <ele>10.4</ele>
    <time>2019-09-25T01:07:43.000Z</time>
   </trkpt>
   <trkpt lat="-8.052625" lon="-34.906656">
    <ele>10.4</ele>
    <time>2019-09-25T01:07:44.000Z</time>
   </trkpt>
   <trkpt lat="-8.052579" lon="-34.906652">
    <ele>10.4</ele>
    <time>2019-09-25T01:07:45.000Z</time>
   </trkpt>
   <trkpt lat="-8.052528" lon="-34.906665">
    <ele>10.4</ele>
    <time>2019-09-25T01:07:46.000Z</time>
   </trkpt>
   <trkpt lat="-8.052494" lon="-34.906653">
    <ele>10.4</ele>
    <time>2019-09-25T01:07:47.000Z</time>
   </trkpt>
   <trkpt lat="-8.052454" lon="-34.906654">
    <ele>10.4</ele>
    <time>2019-09-25T01:07:48.000Z</time>
   </trkpt>
   <trkpt lat="-8.052412" lon="-34.906648">
    <ele>10.4</ele>
    <time>2019-09-25T01:07:49.000Z</time>
   </trkpt>
   <trkpt lat="-8.052362" lon="-34.906651">
    <ele>10.4</ele>
    <time>2019-09-25T01:07:50.000Z</time>
   </trkpt>
   <trkpt lat="-8.052313" lon="-34.906665">
    <ele>10.4</ele>
    <time>2019-09-25T01:07:51.000Z</time>
   </trkpt>
   <trkpt lat="-8.052269" lon="-34.906658">
    <ele>10.4</ele>
    <time>2019-09-25T01:07:52.000Z</time>
   </trkpt>
   <trkpt lat="-8.052227" lon="-34.906675">
    <ele>10.4</ele>
    <time>2019-09-25T01:07:53.000Z</time>
   </trkpt>
   <trkpt lat="-8.052179" lon="-34.906691">
    <ele>10.4</ele>
    <time>2019-09-25T01:07:54.000Z</time>
   </trkpt>
   <trkpt lat="-8.052135" lon="-34.906698">
    <ele>10.5</ele>
    <time>2019-09-25T01:07:55.000Z</time>
   </trkpt>
   <trkpt lat="-8.052107" lon="-34.906691">
    <ele>10.5</ele>
    <time>2019-09-25T01:07:56.000Z</time>
   </trkpt>
   <trkpt lat="-8.052071" lon="-34.906691">
    <ele>10.5</ele>
    <time>2019-09-25T01:07:57.000Z</time>
   </trkpt>
   <trkpt lat="-8.052034" lon="-34.906683">
    <ele>10.5</ele>
    <time>2019-09-25T01:07:58.000Z</time>
   </trkpt>
   <trkpt lat="-8.051994" lon="-34.906678">
    <ele>10.5</ele>
    <time>2019-09-25T01:07:59.000Z</time>
   </trkpt>
   <trkpt lat="-8.051944" lon="-34.906668">
    <ele>10.6</ele>
    <time>2019-09-25T01:08:00.000Z</time>
   </trkpt>
   <trkpt lat="-8.051905" lon="-34.906666">
    <ele>10.6</ele>
    <time>2019-09-25T01:08:01.000Z</time>
   </trkpt>
   <trkpt lat="-8.051859" lon="-34.906664">
    <ele>10.6</ele>
    <time>2019-09-25T01:08:02.000Z</time>
   </trkpt>
   <trkpt lat="-8.051815" lon="-34.906659">
    <ele>10.7</ele>
    <time>2019-09-25T01:08:03.000Z</time>
   </trkpt>
   <trkpt lat="-8.051772" lon="-34.906643">
    <ele>10.7</ele>
    <time>2019-09-25T01:08:04.000Z</time>
   </trkpt>
   <trkpt lat="-8.051725" lon="-34.906634">
    <ele>10.8</ele>
    <time>2019-09-25T01:08:05.000Z</time>
   </trkpt>
   <trkpt lat="-8.051673" lon="-34.906628">
    <ele>10.8</ele>
    <time>2019-09-25T01:08:06.000Z</time>
   </trkpt>
   <trkpt lat="-8.051622" lon="-34.906625">
    <ele>10.9</ele>
    <time>2019-09-25T01:08:07.000Z</time>
   </trkpt>
   <trkpt lat="-8.051571" lon="-34.906617">
    <ele>10.9</ele>
    <time>2019-09-25T01:08:08.000Z</time>
   </trkpt>
   <trkpt lat="-8.051521" lon="-34.90663">
    <ele>11</ele>
    <time>2019-09-25T01:08:09.000Z</time>
   </trkpt>
   <trkpt lat="-8.051475" lon="-34.90662">
    <ele>11.1</ele>
    <time>2019-09-25T01:08:10.000Z</time>
   </trkpt>
   <trkpt lat="-8.051438" lon="-34.906627">
    <ele>11.2</ele>
    <time>2019-09-25T01:08:11.000Z</time>
   </trkpt>
   <trkpt lat="-8.05139" lon="-34.90663">
    <ele>11.3</ele>
    <time>2019-09-25T01:08:12.000Z</time>
   </trkpt>
   <trkpt lat="-8.051349" lon="-34.906614">
    <ele>11.3</ele>
    <time>2019-09-25T01:08:13.000Z</time>
   </trkpt>
   <trkpt lat="-8.051303" lon="-34.906607">
    <ele>11.4</ele>
    <time>2019-09-25T01:08:14.000Z</time>
   </trkpt>
   <trkpt lat="-8.051255" lon="-34.906609">
    <ele>11.5</ele>
    <time>2019-09-25T01:08:15.000Z</time>
   </trkpt>
   <trkpt lat="-8.051212" lon="-34.90661">
    <ele>11.6</ele>
    <time>2019-09-25T01:08:16.000Z</time>
   </trkpt>
   <trkpt lat="-8.051166" lon="-34.906617">
    <ele>11.7</ele>
    <time>2019-09-25T01:08:17.000Z</time>
   </trkpt>
   <trkpt lat="-8.051124" lon="-34.906604">
    <ele>11.7</ele>
    <time>2019-09-25T01:08:18.000Z</time>
   </trkpt>
   <trkpt lat="-8.051094" lon="-34.906604">
    <ele>11.8</ele>
    <time>2019-09-25T01:08:19.000Z</time>
   </trkpt>
   <trkpt lat="-8.051065" lon="-34.906601">
    <ele>11.8</ele>
    <time>2019-09-25T01:08:20.000Z</time>
   </trkpt>
   <trkpt lat="-8.051032" lon="-34.906594">
    <ele>11.9</ele>
    <time>2019-09-25T01:08:21.000Z</time>
   </trkpt>
   <trkpt lat="-8.050993" lon="-34.906586">
    <ele>11.9</ele>
    <time>2019-09-25T01:08:22.000Z</time>
   </trkpt>
   <trkpt lat="-8.050951" lon="-34.906591">
    <ele>12</ele>
    <time>2019-09-25T01:08:23.000Z</time>
   </trkpt>
   <trkpt lat="-8.050903" lon="-34.906573">
    <ele>12.1</ele>
    <time>2019-09-25T01:08:24.000Z</time>
   </trkpt>
   <trkpt lat="-8.050845" lon="-34.906562">
    <ele>12.2</ele>
    <time>2019-09-25T01:08:25.000Z</time>
   </trkpt>
   <trkpt lat="-8.050781" lon="-34.906552">
    <ele>12.3</ele>
    <time>2019-09-25T01:08:26.000Z</time>
   </trkpt>
   <trkpt lat="-8.050719" lon="-34.906539">
    <ele>12.4</ele>
    <time>2019-09-25T01:08:27.000Z</time>
   </trkpt>
   <trkpt lat="-8.050673" lon="-34.906539">
    <ele>12.4</ele>
    <time>2019-09-25T01:08:28.000Z</time>
   </trkpt>
   <trkpt lat="-8.050626" lon="-34.906536">
    <ele>12.5</ele>
    <time>2019-09-25T01:08:29.000Z</time>
   </trkpt>
   <trkpt lat="-8.050575" lon="-34.906535">
    <ele>12.5</ele>
    <time>2019-09-25T01:08:30.000Z</time>
   </trkpt>
   <trkpt lat="-8.050533" lon="-34.906534">
    <ele>12.4</ele>
    <time>2019-09-25T01:08:31.000Z</time>
   </trkpt>
   <trkpt lat="-8.050484" lon="-34.906529">
    <ele>12.3</ele>
    <time>2019-09-25T01:08:32.000Z</time>
   </trkpt>
   <trkpt lat="-8.050436" lon="-34.906526">
    <ele>12.3</ele>
    <time>2019-09-25T01:08:33.000Z</time>
   </trkpt>
   <trkpt lat="-8.050371" lon="-34.906518">
    <ele>12.2</ele>
    <time>2019-09-25T01:08:34.000Z</time>
   </trkpt>
   <trkpt lat="-8.050323" lon="-34.906516">
    <ele>12.1</ele>
    <time>2019-09-25T01:08:35.000Z</time>
   </trkpt>
   <trkpt lat="-8.050277" lon="-34.906502">
    <ele>12.1</ele>
    <time>2019-09-25T01:08:36.000Z</time>
   </trkpt>
   <trkpt lat="-8.050231" lon="-34.906502">
    <ele>12</ele>
    <time>2019-09-25T01:08:37.000Z</time>
   </trkpt>
   <trkpt lat="-8.050184" lon="-34.906514">
    <ele>12</ele>
    <time>2019-09-25T01:08:38.000Z</time>
   </trkpt>
   <trkpt lat="-8.050133" lon="-34.906521">
    <ele>12</ele>
    <time>2019-09-25T01:08:39.000Z</time>
   </trkpt>
   <trkpt lat="-8.050077" lon="-34.906512">
    <ele>11.9</ele>
    <time>2019-09-25T01:08:40.000Z</time>
   </trkpt>
   <trkpt lat="-8.050024" lon="-34.906499">
    <ele>11.9</ele>
    <time>2019-09-25T01:08:41.000Z</time>
   </trkpt>
   <trkpt lat="-8.049974" lon="-34.906497">
    <ele>11.9</ele>
    <time>2019-09-25T01:08:42.000Z</time>
   </trkpt>
   <trkpt lat="-8.04993" lon="-34.906478">
    <ele>11.8</ele>
    <time>2019-09-25T01:08:43.000Z</time>
   </trkpt>
   <trkpt lat="-8.049878" lon="-34.906478">
    <ele>11.8</ele>
    <time>2019-09-25T01:08:44.000Z</time>
   </trkpt>
   <trkpt lat="-8.049837" lon="-34.906477">
    <ele>11.8</ele>
    <time>2019-09-25T01:08:45.000Z</time>
   </trkpt>
   <trkpt lat="-8.049789" lon="-34.906473">
    <ele>11.8</ele>
    <time>2019-09-25T01:08:46.000Z</time>
   </trkpt>
   <trkpt lat="-8.049746" lon="-34.906474">
    <ele>11.8</ele>
    <time>2019-09-25T01:08:47.000Z</time>
   </trkpt>
   <trkpt lat="-8.049701" lon="-34.906471">
    <ele>11.8</ele>
    <time>2019-09-25T01:08:48.000Z</time>
   </trkpt>
   <trkpt lat="-8.049663" lon="-34.906474">
    <ele>11.8</ele>
    <time>2019-09-25T01:08:49.000Z</time>
   </trkpt>
   <trkpt lat="-8.049619" lon="-34.906466">
    <ele>11.8</ele>
    <time>2019-09-25T01:08:50.000Z</time>
   </trkpt>
   <trkpt lat="-8.049581" lon="-34.906474">
    <ele>11.8</ele>
    <time>2019-09-25T01:08:51.000Z</time>
   </trkpt>
   <trkpt lat="-8.049537" lon="-34.906472">
    <ele>11.8</ele>
    <time>2019-09-25T01:08:52.000Z</time>
   </trkpt>
   <trkpt lat="-8.049493" lon="-34.906474">
    <ele>11.8</ele>
    <time>2019-09-25T01:08:53.000Z</time>
   </trkpt>
   <trkpt lat="-8.049441" lon="-34.906463">
    <ele>11.8</ele>
    <time>2019-09-25T01:08:54.000Z</time>
   </trkpt>
   <trkpt lat="-8.049399" lon="-34.906463">
    <ele>11.8</ele>
    <time>2019-09-25T01:08:55.000Z</time>
   </trkpt>
   <trkpt lat="-8.049362" lon="-34.90646">
    <ele>11.8</ele>
    <time>2019-09-25T01:08:56.000Z</time>
   </trkpt>
   <trkpt lat="-8.049327" lon="-34.906447">
    <ele>11.9</ele>
    <time>2019-09-25T01:08:57.000Z</time>
   </trkpt>
   <trkpt lat="-8.049274" lon="-34.906434">
    <ele>11.6</ele>
    <time>2019-09-25T01:08:58.000Z</time>
   </trkpt>
   <trkpt lat="-8.049223" lon="-34.906428">
    <ele>11.4</ele>
    <time>2019-09-25T01:08:59.000Z</time>
   </trkpt>
   <trkpt lat="-8.049178" lon="-34.906422">
    <ele>11.3</ele>
    <time>2019-09-25T01:09:00.000Z</time>
   </trkpt>
   <trkpt lat="-8.049133" lon="-34.906438">
    <ele>11.1</ele>
    <time>2019-09-25T01:09:01.000Z</time>
   </trkpt>
   <trkpt lat="-8.049086" lon="-34.906442">
    <ele>11</ele>
    <time>2019-09-25T01:09:02.000Z</time>
   </trkpt>
   <trkpt lat="-8.049041" lon="-34.906437">
    <ele>10.9</ele>
    <time>2019-09-25T01:09:03.000Z</time>
   </trkpt>
   <trkpt lat="-8.048998" lon="-34.906439">
    <ele>10.9</ele>
    <time>2019-09-25T01:09:04.000Z</time>
   </trkpt>
   <trkpt lat="-8.048954" lon="-34.906439">
    <ele>10.8</ele>
    <time>2019-09-25T01:09:05.000Z</time>
   </trkpt>
   <trkpt lat="-8.048912" lon="-34.906438">
    <ele>10.8</ele>
    <time>2019-09-25T01:09:06.000Z</time>
   </trkpt>
   <trkpt lat="-8.048872" lon="-34.906439">
    <ele>10.7</ele>
    <time>2019-09-25T01:09:07.000Z</time>
   </trkpt>
   <trkpt lat="-8.048839" lon="-34.906435">
    <ele>10.7</ele>
    <time>2019-09-25T01:09:08.000Z</time>
   </trkpt>
   <trkpt lat="-8.048803" lon="-34.906416">
    <ele>10.7</ele>
    <time>2019-09-25T01:09:09.000Z</time>
   </trkpt>
   <trkpt lat="-8.048761" lon="-34.906413">
    <ele>10.7</ele>
    <time>2019-09-25T01:09:10.000Z</time>
   </trkpt>
   <trkpt lat="-8.048718" lon="-34.906411">
    <ele>10.6</ele>
    <time>2019-09-25T01:09:11.000Z</time>
   </trkpt>
   <trkpt lat="-8.04867" lon="-34.906419">
    <ele>10.6</ele>
    <time>2019-09-25T01:09:12.000Z</time>
   </trkpt>
   <trkpt lat="-8.048628" lon="-34.906413">
    <ele>10.6</ele>
    <time>2019-09-25T01:09:13.000Z</time>
   </trkpt>
   <trkpt lat="-8.04858" lon="-34.906413">
    <ele>10.6</ele>
    <time>2019-09-25T01:09:14.000Z</time>
   </trkpt>
   <trkpt lat="-8.048535" lon="-34.906408">
    <ele>10.5</ele>
    <time>2019-09-25T01:09:15.000Z</time>
   </trkpt>
   <trkpt lat="-8.048492" lon="-34.906399">
    <ele>10.5</ele>
    <time>2019-09-25T01:09:16.000Z</time>
   </trkpt>
   <trkpt lat="-8.048438" lon="-34.906389">
    <ele>10.5</ele>
    <time>2019-09-25T01:09:17.000Z</time>
   </trkpt>
   <trkpt lat="-8.048386" lon="-34.906377">
    <ele>10.4</ele>
    <time>2019-09-25T01:09:18.000Z</time>
   </trkpt>
   <trkpt lat="-8.048337" lon="-34.906378">
    <ele>10.4</ele>
    <time>2019-09-25T01:09:19.000Z</time>
   </trkpt>
   <trkpt lat="-8.048286" lon="-34.906376">
    <ele>10.3</ele>
    <time>2019-09-25T01:09:20.000Z</time>
   </trkpt>
   <trkpt lat="-8.048239" lon="-34.906376">
    <ele>10.1</ele>
    <time>2019-09-25T01:09:21.000Z</time>
   </trkpt>
   <trkpt lat="-8.048191" lon="-34.906393">
    <ele>9.9</ele>
    <time>2019-09-25T01:09:22.000Z</time>
   </trkpt>
   <trkpt lat="-8.048149" lon="-34.906399">
    <ele>9.7</ele>
    <time>2019-09-25T01:09:23.000Z</time>
   </trkpt>
   <trkpt lat="-8.048108" lon="-34.906377">
    <ele>9.5</ele>
    <time>2019-09-25T01:09:24.000Z</time>
   </trkpt>
   <trkpt lat="-8.048067" lon="-34.906381">
    <ele>9.9</ele>
    <time>2019-09-25T01:09:25.000Z</time>
   </trkpt>
   <trkpt lat="-8.048015" lon="-34.906384">
    <ele>10.1</ele>
    <time>2019-09-25T01:09:26.000Z</time>
   </trkpt>
   <trkpt lat="-8.047968" lon="-34.906391">
    <ele>10.2</ele>
    <time>2019-09-25T01:09:27.000Z</time>
   </trkpt>
   <trkpt lat="-8.047927" lon="-34.9064">
    <ele>10.3</ele>
    <time>2019-09-25T01:09:28.000Z</time>
   </trkpt>
   <trkpt lat="-8.04789" lon="-34.906411">
    <ele>10.5</ele>
    <time>2019-09-25T01:09:29.000Z</time>
   </trkpt>
   <trkpt lat="-8.047847" lon="-34.906425">
    <ele>10.6</ele>
    <time>2019-09-25T01:09:30.000Z</time>
   </trkpt>
   <trkpt lat="-8.047799" lon="-34.906437">
    <ele>10.8</ele>
    <time>2019-09-25T01:09:31.000Z</time>
   </trkpt>
   <trkpt lat="-8.047762" lon="-34.906448">
    <ele>10.9</ele>
    <time>2019-09-25T01:09:32.000Z</time>
   </trkpt>
   <trkpt lat="-8.047719" lon="-34.906471">
    <ele>11.1</ele>
    <time>2019-09-25T01:09:33.000Z</time>
   </trkpt>
   <trkpt lat="-8.047678" lon="-34.906479">
    <ele>11.3</ele>
    <time>2019-09-25T01:09:34.000Z</time>
   </trkpt>
   <trkpt lat="-8.047643" lon="-34.906483">
    <ele>11.4</ele>
    <time>2019-09-25T01:09:35.000Z</time>
   </trkpt>
   <trkpt lat="-8.047592" lon="-34.906505">
    <ele>10.7</ele>
    <time>2019-09-25T01:09:37.000Z</time>
   </trkpt>
   <trkpt lat="-8.047553" lon="-34.906524">
    <ele>10.3</ele>
    <time>2019-09-25T01:09:39.000Z</time>
   </trkpt>
   <trkpt lat="-8.047531" lon="-34.906541">
    <ele>10</ele>
    <time>2019-09-25T01:09:41.000Z</time>
   </trkpt>
   <trkpt lat="-8.047507" lon="-34.906527">
    <ele>9.7</ele>
    <time>2019-09-25T01:09:43.000Z</time>
   </trkpt>
   <trkpt lat="-8.047491" lon="-34.906551">
    <ele>9.5</ele>
    <time>2019-09-25T01:09:47.000Z</time>
   </trkpt>
   <trkpt lat="-8.047506" lon="-34.906518">
    <ele>9.2</ele>
    <time>2019-09-25T01:09:57.000Z</time>
   </trkpt>
   <trkpt lat="-8.047485" lon="-34.906536">
    <ele>9</ele>
    <time>2019-09-25T01:10:02.000Z</time>
   </trkpt>
   <trkpt lat="-8.047464" lon="-34.906555">
    <ele>8.8</ele>
    <time>2019-09-25T01:10:03.000Z</time>
   </trkpt>
   <trkpt lat="-8.047436" lon="-34.906556">
    <ele>8.6</ele>
    <time>2019-09-25T01:10:04.000Z</time>
   </trkpt>
   <trkpt lat="-8.047382" lon="-34.906571">
    <ele>8.1</ele>
    <time>2019-09-25T01:10:06.000Z</time>
   </trkpt>
   <trkpt lat="-8.047356" lon="-34.906582">
    <ele>7.9</ele>
    <time>2019-09-25T01:10:07.000Z</time>
   </trkpt>
   <trkpt lat="-8.047327" lon="-34.906591">
    <ele>7.7</ele>
    <time>2019-09-25T01:10:08.000Z</time>
   </trkpt>
   <trkpt lat="-8.047293" lon="-34.906601">
    <ele>7.4</ele>
    <time>2019-09-25T01:10:09.000Z</time>
   </trkpt>
   <trkpt lat="-8.047257" lon="-34.906605">
    <ele>7.1</ele>
    <time>2019-09-25T01:10:10.000Z</time>
   </trkpt>
   <trkpt lat="-8.047208" lon="-34.906628">
    <ele>6.2</ele>
    <time>2019-09-25T01:10:11.000Z</time>
   </trkpt>
   <trkpt lat="-8.047166" lon="-34.906645">
    <ele>6.6</ele>
    <time>2019-09-25T01:10:12.000Z</time>
   </trkpt>
   <trkpt lat="-8.047127" lon="-34.906661">
    <ele>7</ele>
    <time>2019-09-25T01:10:13.000Z</time>
   </trkpt>
   <trkpt lat="-8.047084" lon="-34.906679">
    <ele>7.5</ele>
    <time>2019-09-25T01:10:14.000Z</time>
   </trkpt>
   <trkpt lat="-8.047049" lon="-34.906694">
    <ele>7.9</ele>
    <time>2019-09-25T01:10:15.000Z</time>
   </trkpt>
   <trkpt lat="-8.047002" lon="-34.906715">
    <ele>8.4</ele>
    <time>2019-09-25T01:10:16.000Z</time>
   </trkpt>
   <trkpt lat="-8.046969" lon="-34.906728">
    <ele>8.7</ele>
    <time>2019-09-25T01:10:17.000Z</time>
   </trkpt>
   <trkpt lat="-8.046938" lon="-34.906736">
    <ele>9</ele>
    <time>2019-09-25T01:10:18.000Z</time>
   </trkpt>
   <trkpt lat="-8.046911" lon="-34.906747">
    <ele>9.3</ele>
    <time>2019-09-25T01:10:19.000Z</time>
   </trkpt>
   <trkpt lat="-8.046876" lon="-34.906758">
    <ele>9.6</ele>
    <time>2019-09-25T01:10:20.000Z</time>
   </trkpt>
   <trkpt lat="-8.046845" lon="-34.906771">
    <ele>9.9</ele>
    <time>2019-09-25T01:10:21.000Z</time>
   </trkpt>
   <trkpt lat="-8.046791" lon="-34.906797">
    <ele>10.5</ele>
    <time>2019-09-25T01:10:23.000Z</time>
   </trkpt>
   <trkpt lat="-8.046756" lon="-34.906818">
    <ele>10.9</ele>
    <time>2019-09-25T01:10:24.000Z</time>
   </trkpt>
   <trkpt lat="-8.046719" lon="-34.906839">
    <ele>11.3</ele>
    <time>2019-09-25T01:10:25.000Z</time>
   </trkpt>
   <trkpt lat="-8.046684" lon="-34.906856">
    <ele>11.6</ele>
    <time>2019-09-25T01:10:26.000Z</time>
   </trkpt>
   <trkpt lat="-8.046638" lon="-34.906874">
    <ele>12.2</ele>
    <time>2019-09-25T01:10:27.000Z</time>
   </trkpt>
   <trkpt lat="-8.0466" lon="-34.906897">
    <ele>12.9</ele>
    <time>2019-09-25T01:10:28.000Z</time>
   </trkpt>
   <trkpt lat="-8.046554" lon="-34.906905">
    <ele>13.1</ele>
    <time>2019-09-25T01:10:29.000Z</time>
   </trkpt>
   <trkpt lat="-8.046517" lon="-34.906907">
    <ele>12.9</ele>
    <time>2019-09-25T01:10:30.000Z</time>
   </trkpt>
   <trkpt lat="-8.04647" lon="-34.906914">
    <ele>12.8</ele>
    <time>2019-09-25T01:10:31.000Z</time>
   </trkpt>
   <trkpt lat="-8.046439" lon="-34.906923">
    <ele>12.7</ele>
    <time>2019-09-25T01:10:32.000Z</time>
   </trkpt>
   <trkpt lat="-8.046404" lon="-34.906944">
    <ele>12.6</ele>
    <time>2019-09-25T01:10:33.000Z</time>
   </trkpt>
   <trkpt lat="-8.046371" lon="-34.906959">
    <ele>12.6</ele>
    <time>2019-09-25T01:10:34.000Z</time>
   </trkpt>
   <trkpt lat="-8.046339" lon="-34.906975">
    <ele>12.5</ele>
    <time>2019-09-25T01:10:35.000Z</time>
   </trkpt>
   <trkpt lat="-8.046305" lon="-34.906987">
    <ele>12.5</ele>
    <time>2019-09-25T01:10:36.000Z</time>
   </trkpt>
   <trkpt lat="-8.046276" lon="-34.906997">
    <ele>12.5</ele>
    <time>2019-09-25T01:10:37.000Z</time>
   </trkpt>
   <trkpt lat="-8.046235" lon="-34.907">
    <ele>12.5</ele>
    <time>2019-09-25T01:10:38.000Z</time>
   </trkpt>
   <trkpt lat="-8.046202" lon="-34.906996">
    <ele>12.5</ele>
    <time>2019-09-25T01:10:41.000Z</time>
   </trkpt>
   <trkpt lat="-8.046171" lon="-34.907015">
    <ele>12.5</ele>
    <time>2019-09-25T01:10:44.000Z</time>
   </trkpt>
   <trkpt lat="-8.046143" lon="-34.907013">
    <ele>12.5</ele>
    <time>2019-09-25T01:10:47.000Z</time>
   </trkpt>
   <trkpt lat="-8.046172" lon="-34.907005">
    <ele>12.6</ele>
    <time>2019-09-25T01:10:49.000Z</time>
   </trkpt>
   <trkpt lat="-8.046154" lon="-34.906983">
    <ele>12.6</ele>
    <time>2019-09-25T01:10:53.000Z</time>
   </trkpt>
   <trkpt lat="-8.0461" lon="-34.907022">
    <ele>12.6</ele>
    <time>2019-09-25T01:11:09.000Z</time>
   </trkpt>
   <trkpt lat="-8.046054" lon="-34.907038">
    <ele>12.6</ele>
    <time>2019-09-25T01:11:11.000Z</time>
   </trkpt>
   <trkpt lat="-8.046004" lon="-34.907056">
    <ele>12.7</ele>
    <time>2019-09-25T01:11:13.000Z</time>
   </trkpt>
   <trkpt lat="-8.045969" lon="-34.907068">
    <ele>12.7</ele>
    <time>2019-09-25T01:11:14.000Z</time>
   </trkpt>
   <trkpt lat="-8.045937" lon="-34.907074">
    <ele>12.5</ele>
    <time>2019-09-25T01:11:15.000Z</time>
   </trkpt>
   <trkpt lat="-8.045902" lon="-34.907088">
    <ele>12.3</ele>
    <time>2019-09-25T01:11:16.000Z</time>
   </trkpt>
   <trkpt lat="-8.04586" lon="-34.907115">
    <ele>12.1</ele>
    <time>2019-09-25T01:11:17.000Z</time>
   </trkpt>
   <trkpt lat="-8.045814" lon="-34.907119">
    <ele>11.9</ele>
    <time>2019-09-25T01:11:18.000Z</time>
   </trkpt>
   <trkpt lat="-8.045766" lon="-34.907127">
    <ele>11.8</ele>
    <time>2019-09-25T01:11:19.000Z</time>
   </trkpt>
   <trkpt lat="-8.045723" lon="-34.907143">
    <ele>11.6</ele>
    <time>2019-09-25T01:11:20.000Z</time>
   </trkpt>
   <trkpt lat="-8.045678" lon="-34.907167">
    <ele>11.4</ele>
    <time>2019-09-25T01:11:21.000Z</time>
   </trkpt>
   <trkpt lat="-8.045633" lon="-34.907193">
    <ele>11.2</ele>
    <time>2019-09-25T01:11:22.000Z</time>
   </trkpt>
   <trkpt lat="-8.045584" lon="-34.907212">
    <ele>11</ele>
    <time>2019-09-25T01:11:23.000Z</time>
   </trkpt>
   <trkpt lat="-8.045541" lon="-34.907222">
    <ele>10.8</ele>
    <time>2019-09-25T01:11:24.000Z</time>
   </trkpt>
   <trkpt lat="-8.045512" lon="-34.907233">
    <ele>10.6</ele>
    <time>2019-09-25T01:11:25.000Z</time>
   </trkpt>
   <trkpt lat="-8.045462" lon="-34.907249">
    <ele>10.1</ele>
    <time>2019-09-25T01:11:27.000Z</time>
   </trkpt>
   <trkpt lat="-8.04541" lon="-34.90728">
    <ele>10.1</ele>
    <time>2019-09-25T01:11:29.000Z</time>
   </trkpt>
   <trkpt lat="-8.045378" lon="-34.907292">
    <ele>10.1</ele>
    <time>2019-09-25T01:11:30.000Z</time>
   </trkpt>
   <trkpt lat="-8.045335" lon="-34.907297">
    <ele>10.1</ele>
    <time>2019-09-25T01:11:31.000Z</time>
   </trkpt>
   <trkpt lat="-8.045295" lon="-34.907318">
    <ele>10.1</ele>
    <time>2019-09-25T01:11:32.000Z</time>
   </trkpt>
   <trkpt lat="-8.045249" lon="-34.90733">
    <ele>10.1</ele>
    <time>2019-09-25T01:11:33.000Z</time>
   </trkpt>
   <trkpt lat="-8.045202" lon="-34.907341">
    <ele>10.1</ele>
    <time>2019-09-25T01:11:34.000Z</time>
   </trkpt>
   <trkpt lat="-8.045151" lon="-34.907355">
    <ele>10.1</ele>
    <time>2019-09-25T01:11:35.000Z</time>
   </trkpt>
   <trkpt lat="-8.045105" lon="-34.907378">
    <ele>10.4</ele>
    <time>2019-09-25T01:11:36.000Z</time>
   </trkpt>
   <trkpt lat="-8.045058" lon="-34.90738">
    <ele>10.7</ele>
    <time>2019-09-25T01:11:37.000Z</time>
   </trkpt>
   <trkpt lat="-8.045028" lon="-34.90739">
    <ele>10.9</ele>
    <time>2019-09-25T01:11:38.000Z</time>
   </trkpt>
   <trkpt lat="-8.044991" lon="-34.907405">
    <ele>11.2</ele>
    <time>2019-09-25T01:11:39.000Z</time>
   </trkpt>
   <trkpt lat="-8.044955" lon="-34.907418">
    <ele>11.5</ele>
    <time>2019-09-25T01:11:40.000Z</time>
   </trkpt>
   <trkpt lat="-8.044918" lon="-34.907432">
    <ele>11.9</ele>
    <time>2019-09-25T01:11:41.000Z</time>
   </trkpt>
   <trkpt lat="-8.044877" lon="-34.907451">
    <ele>12.4</ele>
    <time>2019-09-25T01:11:42.000Z</time>
   </trkpt>
   <trkpt lat="-8.04484" lon="-34.907474">
    <ele>12.9</ele>
    <time>2019-09-25T01:11:43.000Z</time>
   </trkpt>
   <trkpt lat="-8.044809" lon="-34.907494">
    <ele>13.4</ele>
    <time>2019-09-25T01:11:44.000Z</time>
   </trkpt>
   <trkpt lat="-8.044768" lon="-34.907512">
    <ele>13.9</ele>
    <time>2019-09-25T01:11:45.000Z</time>
   </trkpt>
   <trkpt lat="-8.04473" lon="-34.907519">
    <ele>14.4</ele>
    <time>2019-09-25T01:11:46.000Z</time>
   </trkpt>
   <trkpt lat="-8.044694" lon="-34.907522">
    <ele>14.8</ele>
    <time>2019-09-25T01:11:47.000Z</time>
   </trkpt>
   <trkpt lat="-8.044659" lon="-34.907523">
    <ele>14.9</ele>
    <time>2019-09-25T01:11:48.000Z</time>
   </trkpt>
   <trkpt lat="-8.044616" lon="-34.907531">
    <ele>15</ele>
    <time>2019-09-25T01:11:49.000Z</time>
   </trkpt>
   <trkpt lat="-8.044579" lon="-34.907546">
    <ele>15.3</ele>
    <time>2019-09-25T01:11:50.000Z</time>
   </trkpt>
   <trkpt lat="-8.044539" lon="-34.907558">
    <ele>15.6</ele>
    <time>2019-09-25T01:11:51.000Z</time>
   </trkpt>
   <trkpt lat="-8.044505" lon="-34.907566">
    <ele>15.6</ele>
    <time>2019-09-25T01:11:52.000Z</time>
   </trkpt>
   <trkpt lat="-8.044452" lon="-34.907587">
    <ele>15.6</ele>
    <time>2019-09-25T01:11:53.000Z</time>
   </trkpt>
   <trkpt lat="-8.044406" lon="-34.907607">
    <ele>15.7</ele>
    <time>2019-09-25T01:11:54.000Z</time>
   </trkpt>
   <trkpt lat="-8.044353" lon="-34.907621">
    <ele>15.9</ele>
    <time>2019-09-25T01:11:55.000Z</time>
   </trkpt>
   <trkpt lat="-8.044307" lon="-34.907631">
    <ele>15.8</ele>
    <time>2019-09-25T01:11:56.000Z</time>
   </trkpt>
   <trkpt lat="-8.044265" lon="-34.907641">
    <ele>15.7</ele>
    <time>2019-09-25T01:11:57.000Z</time>
   </trkpt>
   <trkpt lat="-8.044212" lon="-34.907654">
    <ele>15.6</ele>
    <time>2019-09-25T01:11:58.000Z</time>
   </trkpt>
   <trkpt lat="-8.044167" lon="-34.90767">
    <ele>15.5</ele>
    <time>2019-09-25T01:11:59.000Z</time>
   </trkpt>
   <trkpt lat="-8.044136" lon="-34.907685">
    <ele>15.3</ele>
    <time>2019-09-25T01:12:00.000Z</time>
   </trkpt>
   <trkpt lat="-8.044092" lon="-34.907693">
    <ele>15.1</ele>
    <time>2019-09-25T01:12:01.000Z</time>
   </trkpt>
   <trkpt lat="-8.044053" lon="-34.907697">
    <ele>15.1</ele>
    <time>2019-09-25T01:12:02.000Z</time>
   </trkpt>
   <trkpt lat="-8.04401" lon="-34.907704">
    <ele>15.1</ele>
    <time>2019-09-25T01:12:03.000Z</time>
   </trkpt>
   <trkpt lat="-8.043973" lon="-34.907716">
    <ele>14.7</ele>
    <time>2019-09-25T01:12:04.000Z</time>
   </trkpt>
   <trkpt lat="-8.043942" lon="-34.90772">
    <ele>14.6</ele>
    <time>2019-09-25T01:12:05.000Z</time>
   </trkpt>
   <trkpt lat="-8.043897" lon="-34.907749">
    <ele>14.4</ele>
    <time>2019-09-25T01:12:06.000Z</time>
   </trkpt>
   <trkpt lat="-8.04387" lon="-34.907766">
    <ele>14.2</ele>
    <time>2019-09-25T01:12:07.000Z</time>
   </trkpt>
   <trkpt lat="-8.043841" lon="-34.907779">
    <ele>14.1</ele>
    <time>2019-09-25T01:12:08.000Z</time>
   </trkpt>
   <trkpt lat="-8.043807" lon="-34.907789">
    <ele>13.9</ele>
    <time>2019-09-25T01:12:09.000Z</time>
   </trkpt>
   <trkpt lat="-8.043771" lon="-34.9078">
    <ele>13.8</ele>
    <time>2019-09-25T01:12:10.000Z</time>
   </trkpt>
   <trkpt lat="-8.043735" lon="-34.907808">
    <ele>13.6</ele>
    <time>2019-09-25T01:12:11.000Z</time>
   </trkpt>
   <trkpt lat="-8.043706" lon="-34.907813">
    <ele>13.4</ele>
    <time>2019-09-25T01:12:12.000Z</time>
   </trkpt>
   <trkpt lat="-8.043663" lon="-34.907831">
    <ele>13.2</ele>
    <time>2019-09-25T01:12:14.000Z</time>
   </trkpt>
   <trkpt lat="-8.043621" lon="-34.907851">
    <ele>13</ele>
    <time>2019-09-25T01:12:16.000Z</time>
   </trkpt>
   <trkpt lat="-8.043589" lon="-34.907865">
    <ele>12.8</ele>
    <time>2019-09-25T01:12:17.000Z</time>
   </trkpt>
   <trkpt lat="-8.043556" lon="-34.907888">
    <ele>12.6</ele>
    <time>2019-09-25T01:12:18.000Z</time>
   </trkpt>
   <trkpt lat="-8.043517" lon="-34.907903">
    <ele>12.4</ele>
    <time>2019-09-25T01:12:19.000Z</time>
   </trkpt>
   <trkpt lat="-8.04348" lon="-34.907924">
    <ele>12.2</ele>
    <time>2019-09-25T01:12:20.000Z</time>
   </trkpt>
   <trkpt lat="-8.043441" lon="-34.90793">
    <ele>12.6</ele>
    <time>2019-09-25T01:12:21.000Z</time>
   </trkpt>
   <trkpt lat="-8.043407" lon="-34.907932">
    <ele>12.8</ele>
    <time>2019-09-25T01:12:22.000Z</time>
   </trkpt>
   <trkpt lat="-8.043366" lon="-34.907941">
    <ele>13.1</ele>
    <time>2019-09-25T01:12:23.000Z</time>
   </trkpt>
   <trkpt lat="-8.043321" lon="-34.907953">
    <ele>13.4</ele>
    <time>2019-09-25T01:12:24.000Z</time>
   </trkpt>
   <trkpt lat="-8.043284" lon="-34.907969">
    <ele>13.6</ele>
    <time>2019-09-25T01:12:25.000Z</time>
   </trkpt>
   <trkpt lat="-8.043249" lon="-34.907977">
    <ele>13.8</ele>
    <time>2019-09-25T01:12:26.000Z</time>
   </trkpt>
   <trkpt lat="-8.043219" lon="-34.908006">
    <ele>14</ele>
    <time>2019-09-25T01:12:27.000Z</time>
   </trkpt>
   <trkpt lat="-8.043174" lon="-34.908031">
    <ele>14.1</ele>
    <time>2019-09-25T01:12:28.000Z</time>
   </trkpt>
   <trkpt lat="-8.043125" lon="-34.908052">
    <ele>14</ele>
    <time>2019-09-25T01:12:29.000Z</time>
   </trkpt>
   <trkpt lat="-8.043076" lon="-34.908062">
    <ele>13.9</ele>
    <time>2019-09-25T01:12:30.000Z</time>
   </trkpt>
   <trkpt lat="-8.043026" lon="-34.908084">
    <ele>13.7</ele>
    <time>2019-09-25T01:12:31.000Z</time>
   </trkpt>
   <trkpt lat="-8.042978" lon="-34.908099">
    <ele>13.6</ele>
    <time>2019-09-25T01:12:32.000Z</time>
   </trkpt>
   <trkpt lat="-8.042928" lon="-34.908107">
    <ele>13.6</ele>
    <time>2019-09-25T01:12:33.000Z</time>
   </trkpt>
   <trkpt lat="-8.042893" lon="-34.908112">
    <ele>13.6</ele>
    <time>2019-09-25T01:12:34.000Z</time>
   </trkpt>
   <trkpt lat="-8.042849" lon="-34.90813">
    <ele>13.7</ele>
    <time>2019-09-25T01:12:35.000Z</time>
   </trkpt>
   <trkpt lat="-8.042803" lon="-34.90815">
    <ele>13.8</ele>
    <time>2019-09-25T01:12:36.000Z</time>
   </trkpt>
   <trkpt lat="-8.042765" lon="-34.908172">
    <ele>14</ele>
    <time>2019-09-25T01:12:37.000Z</time>
   </trkpt>
   <trkpt lat="-8.042722" lon="-34.908187">
    <ele>14.3</ele>
    <time>2019-09-25T01:12:38.000Z</time>
   </trkpt>
   <trkpt lat="-8.042676" lon="-34.908203">
    <ele>14.6</ele>
    <time>2019-09-25T01:12:39.000Z</time>
   </trkpt>
   <trkpt lat="-8.042631" lon="-34.908227">
    <ele>15.4</ele>
    <time>2019-09-25T01:12:40.000Z</time>
   </trkpt>
   <trkpt lat="-8.042583" lon="-34.908244">
    <ele>15.5</ele>
    <time>2019-09-25T01:12:41.000Z</time>
   </trkpt>
   <trkpt lat="-8.042532" lon="-34.908259">
    <ele>15.6</ele>
    <time>2019-09-25T01:12:42.000Z</time>
   </trkpt>
   <trkpt lat="-8.042478" lon="-34.908275">
    <ele>15.7</ele>
    <time>2019-09-25T01:12:43.000Z</time>
   </trkpt>
   <trkpt lat="-8.042424" lon="-34.908286">
    <ele>15.8</ele>
    <time>2019-09-25T01:12:44.000Z</time>
   </trkpt>
   <trkpt lat="-8.042375" lon="-34.9083">
    <ele>15.9</ele>
    <time>2019-09-25T01:12:45.000Z</time>
   </trkpt>
   <trkpt lat="-8.042324" lon="-34.908308">
    <ele>16</ele>
    <time>2019-09-25T01:12:46.000Z</time>
   </trkpt>
   <trkpt lat="-8.042278" lon="-34.908319">
    <ele>15.9</ele>
    <time>2019-09-25T01:12:47.000Z</time>
   </trkpt>
   <trkpt lat="-8.042229" lon="-34.908325">
    <ele>15.8</ele>
    <time>2019-09-25T01:12:48.000Z</time>
   </trkpt>
   <trkpt lat="-8.042172" lon="-34.908339">
    <ele>15.6</ele>
    <time>2019-09-25T01:12:49.000Z</time>
   </trkpt>
   <trkpt lat="-8.0421" lon="-34.908341">
    <ele>15.4</ele>
    <time>2019-09-25T01:12:50.000Z</time>
   </trkpt>
   <trkpt lat="-8.042038" lon="-34.908337">
    <ele>15.3</ele>
    <time>2019-09-25T01:12:51.000Z</time>
   </trkpt>
   <trkpt lat="-8.041985" lon="-34.908348">
    <ele>15.1</ele>
    <time>2019-09-25T01:12:52.000Z</time>
   </trkpt>
   <trkpt lat="-8.041935" lon="-34.90836">
    <ele>15</ele>
    <time>2019-09-25T01:12:53.000Z</time>
   </trkpt>
   <trkpt lat="-8.041888" lon="-34.908374">
    <ele>15</ele>
    <time>2019-09-25T01:12:54.000Z</time>
   </trkpt>
   <trkpt lat="-8.041847" lon="-34.90839">
    <ele>14.9</ele>
    <time>2019-09-25T01:12:55.000Z</time>
   </trkpt>
   <trkpt lat="-8.041816" lon="-34.908405">
    <ele>14.9</ele>
    <time>2019-09-25T01:12:56.000Z</time>
   </trkpt>
   <trkpt lat="-8.041785" lon="-34.90842">
    <ele>14.9</ele>
    <time>2019-09-25T01:12:57.000Z</time>
   </trkpt>
   <trkpt lat="-8.041755" lon="-34.90843">
    <ele>14.8</ele>
    <time>2019-09-25T01:12:58.000Z</time>
   </trkpt>
   <trkpt lat="-8.041728" lon="-34.908438">
    <ele>14.7</ele>
    <time>2019-09-25T01:12:59.000Z</time>
   </trkpt>
   <trkpt lat="-8.041697" lon="-34.90844">
    <ele>14.6</ele>
    <time>2019-09-25T01:13:00.000Z</time>
   </trkpt>
   <trkpt lat="-8.041654" lon="-34.908456">
    <ele>14.4</ele>
    <time>2019-09-25T01:13:02.000Z</time>
   </trkpt>
   <trkpt lat="-8.041634" lon="-34.908484">
    <ele>14.4</ele>
    <time>2019-09-25T01:13:03.000Z</time>
   </trkpt>
   <trkpt lat="-8.041602" lon="-34.908496">
    <ele>14.4</ele>
    <time>2019-09-25T01:13:04.000Z</time>
   </trkpt>
   <trkpt lat="-8.041563" lon="-34.908494">
    <ele>14.3</ele>
    <time>2019-09-25T01:13:05.000Z</time>
   </trkpt>
   <trkpt lat="-8.041524" lon="-34.908499">
    <ele>14.3</ele>
    <time>2019-09-25T01:13:06.000Z</time>
   </trkpt>
   <trkpt lat="-8.041479" lon="-34.908507">
    <ele>14.3</ele>
    <time>2019-09-25T01:13:07.000Z</time>
   </trkpt>
   <trkpt lat="-8.041442" lon="-34.908521">
    <ele>14.2</ele>
    <time>2019-09-25T01:13:08.000Z</time>
   </trkpt>
   <trkpt lat="-8.041404" lon="-34.908535">
    <ele>14.2</ele>
    <time>2019-09-25T01:13:09.000Z</time>
   </trkpt>
   <trkpt lat="-8.041367" lon="-34.908549">
    <ele>14.1</ele>
    <time>2019-09-25T01:13:10.000Z</time>
   </trkpt>
   <trkpt lat="-8.041332" lon="-34.908556">
    <ele>14.1</ele>
    <time>2019-09-25T01:13:11.000Z</time>
   </trkpt>
   <trkpt lat="-8.041294" lon="-34.908573">
    <ele>14</ele>
    <time>2019-09-25T01:13:12.000Z</time>
   </trkpt>
   <trkpt lat="-8.041256" lon="-34.908584">
    <ele>14</ele>
    <time>2019-09-25T01:13:13.000Z</time>
   </trkpt>
   <trkpt lat="-8.041225" lon="-34.908594">
    <ele>14</ele>
    <time>2019-09-25T01:13:14.000Z</time>
   </trkpt>
   <trkpt lat="-8.041197" lon="-34.9086">
    <ele>14</ele>
    <time>2019-09-25T01:13:15.000Z</time>
   </trkpt>
   <trkpt lat="-8.041171" lon="-34.908585">
    <ele>13.9</ele>
    <time>2019-09-25T01:13:22.000Z</time>
   </trkpt>
   <trkpt lat="-8.041115" lon="-34.908589">
    <ele>13.9</ele>
    <time>2019-09-25T01:13:49.000Z</time>
   </trkpt>
   <trkpt lat="-8.041082" lon="-34.908617">
    <ele>13.9</ele>
    <time>2019-09-25T01:13:51.000Z</time>
   </trkpt>
   <trkpt lat="-8.041031" lon="-34.908647">
    <ele>13.9</ele>
    <time>2019-09-25T01:13:53.000Z</time>
   </trkpt>
   <trkpt lat="-8.040993" lon="-34.90866">
    <ele>13.9</ele>
    <time>2019-09-25T01:13:54.000Z</time>
   </trkpt>
   <trkpt lat="-8.040963" lon="-34.908675">
    <ele>14</ele>
    <time>2019-09-25T01:13:55.000Z</time>
   </trkpt>
   <trkpt lat="-8.04093" lon="-34.908693">
    <ele>14.2</ele>
    <time>2019-09-25T01:13:56.000Z</time>
   </trkpt>
   <trkpt lat="-8.040901" lon="-34.908702">
    <ele>14.3</ele>
    <time>2019-09-25T01:13:57.000Z</time>
   </trkpt>
   <trkpt lat="-8.040867" lon="-34.90871">
    <ele>14.4</ele>
    <time>2019-09-25T01:13:58.000Z</time>
   </trkpt>
   <trkpt lat="-8.04082" lon="-34.908723">
    <ele>14.6</ele>
    <time>2019-09-25T01:13:59.000Z</time>
   </trkpt>
   <trkpt lat="-8.040779" lon="-34.908737">
    <ele>14.7</ele>
    <time>2019-09-25T01:14:00.000Z</time>
   </trkpt>
   <trkpt lat="-8.040735" lon="-34.908755">
    <ele>14.8</ele>
    <time>2019-09-25T01:14:01.000Z</time>
   </trkpt>
   <trkpt lat="-8.040692" lon="-34.908767">
    <ele>14.9</ele>
    <time>2019-09-25T01:14:02.000Z</time>
   </trkpt>
   <trkpt lat="-8.040656" lon="-34.908781">
    <ele>14.9</ele>
    <time>2019-09-25T01:14:03.000Z</time>
   </trkpt>
   <trkpt lat="-8.040617" lon="-34.908792">
    <ele>14.9</ele>
    <time>2019-09-25T01:14:04.000Z</time>
   </trkpt>
   <trkpt lat="-8.040575" lon="-34.908803">
    <ele>14.9</ele>
    <time>2019-09-25T01:14:05.000Z</time>
   </trkpt>
   <trkpt lat="-8.040532" lon="-34.908816">
    <ele>15</ele>
    <time>2019-09-25T01:14:06.000Z</time>
   </trkpt>
   <trkpt lat="-8.040488" lon="-34.908832">
    <ele>15</ele>
    <time>2019-09-25T01:14:07.000Z</time>
   </trkpt>
   <trkpt lat="-8.040442" lon="-34.908848">
    <ele>15</ele>
    <time>2019-09-25T01:14:08.000Z</time>
   </trkpt>
   <trkpt lat="-8.040393" lon="-34.908866">
    <ele>15</ele>
    <time>2019-09-25T01:14:09.000Z</time>
   </trkpt>
   <trkpt lat="-8.040347" lon="-34.908889">
    <ele>15</ele>
    <time>2019-09-25T01:14:10.000Z</time>
   </trkpt>
   <trkpt lat="-8.040291" lon="-34.908905">
    <ele>15</ele>
    <time>2019-09-25T01:14:11.000Z</time>
   </trkpt>
   <trkpt lat="-8.040241" lon="-34.908919">
    <ele>15</ele>
    <time>2019-09-25T01:14:12.000Z</time>
   </trkpt>
   <trkpt lat="-8.040191" lon="-34.908936">
    <ele>15</ele>
    <time>2019-09-25T01:14:13.000Z</time>
   </trkpt>
   <trkpt lat="-8.040143" lon="-34.908961">
    <ele>15</ele>
    <time>2019-09-25T01:14:14.000Z</time>
   </trkpt>
   <trkpt lat="-8.040082" lon="-34.908987">
    <ele>15</ele>
    <time>2019-09-25T01:14:15.000Z</time>
   </trkpt>
   <trkpt lat="-8.04003" lon="-34.909008">
    <ele>15</ele>
    <time>2019-09-25T01:14:16.000Z</time>
   </trkpt>
   <trkpt lat="-8.039979" lon="-34.909029">
    <ele>15.1</ele>
    <time>2019-09-25T01:14:17.000Z</time>
   </trkpt>
   <trkpt lat="-8.039925" lon="-34.90905">
    <ele>16</ele>
    <time>2019-09-25T01:14:18.000Z</time>
   </trkpt>
   <trkpt lat="-8.03987" lon="-34.90906">
    <ele>17.1</ele>
    <time>2019-09-25T01:14:19.000Z</time>
   </trkpt>
   <trkpt lat="-8.039819" lon="-34.909074">
    <ele>18.1</ele>
    <time>2019-09-25T01:14:20.000Z</time>
   </trkpt>
   <trkpt lat="-8.039765" lon="-34.909083">
    <ele>19.2</ele>
    <time>2019-09-25T01:14:21.000Z</time>
   </trkpt>
   <trkpt lat="-8.039706" lon="-34.90909">
    <ele>20.4</ele>
    <time>2019-09-25T01:14:22.000Z</time>
   </trkpt>
   <trkpt lat="-8.039652" lon="-34.9091">
    <ele>21.4</ele>
    <time>2019-09-25T01:14:23.000Z</time>
   </trkpt>
   <trkpt lat="-8.039596" lon="-34.909127">
    <ele>21.7</ele>
    <time>2019-09-25T01:14:24.000Z</time>
   </trkpt>
   <trkpt lat="-8.039552" lon="-34.909142">
    <ele>21.5</ele>
    <time>2019-09-25T01:14:25.000Z</time>
   </trkpt>
   <trkpt lat="-8.039509" lon="-34.909155">
    <ele>21.4</ele>
    <time>2019-09-25T01:14:26.000Z</time>
   </trkpt>
   <trkpt lat="-8.039462" lon="-34.90916">
    <ele>21.2</ele>
    <time>2019-09-25T01:14:27.000Z</time>
   </trkpt>
   <trkpt lat="-8.039417" lon="-34.909188">
    <ele>21</ele>
    <time>2019-09-25T01:14:28.000Z</time>
   </trkpt>
   <trkpt lat="-8.039349" lon="-34.909212">
    <ele>20.6</ele>
    <time>2019-09-25T01:14:29.000Z</time>
   </trkpt>
   <trkpt lat="-8.0393" lon="-34.90924">
    <ele>20.3</ele>
    <time>2019-09-25T01:14:30.000Z</time>
   </trkpt>
   <trkpt lat="-8.039258" lon="-34.909258">
    <ele>19.9</ele>
    <time>2019-09-25T01:14:31.000Z</time>
   </trkpt>
   <trkpt lat="-8.039221" lon="-34.909269">
    <ele>19.5</ele>
    <time>2019-09-25T01:14:32.000Z</time>
   </trkpt>
   <trkpt lat="-8.039192" lon="-34.909285">
    <ele>19.2</ele>
    <time>2019-09-25T01:14:33.000Z</time>
   </trkpt>
   <trkpt lat="-8.039159" lon="-34.909295">
    <ele>18.8</ele>
    <time>2019-09-25T01:14:34.000Z</time>
   </trkpt>
   <trkpt lat="-8.039122" lon="-34.909304">
    <ele>18.3</ele>
    <time>2019-09-25T01:14:35.000Z</time>
   </trkpt>
   <trkpt lat="-8.039088" lon="-34.90932">
    <ele>17.8</ele>
    <time>2019-09-25T01:14:36.000Z</time>
   </trkpt>
   <trkpt lat="-8.039047" lon="-34.909342">
    <ele>17</ele>
    <time>2019-09-25T01:14:37.000Z</time>
   </trkpt>
   <trkpt lat="-8.039006" lon="-34.909364">
    <ele>16.3</ele>
    <time>2019-09-25T01:14:38.000Z</time>
   </trkpt>
   <trkpt lat="-8.038971" lon="-34.90939">
    <ele>15.2</ele>
    <time>2019-09-25T01:14:39.000Z</time>
   </trkpt>
   <trkpt lat="-8.038936" lon="-34.909423">
    <ele>15.4</ele>
    <time>2019-09-25T01:14:40.000Z</time>
   </trkpt>
   <trkpt lat="-8.038907" lon="-34.909451">
    <ele>15.6</ele>
    <time>2019-09-25T01:14:41.000Z</time>
   </trkpt>
   <trkpt lat="-8.038882" lon="-34.909487">
    <ele>15.8</ele>
    <time>2019-09-25T01:14:42.000Z</time>
   </trkpt>
   <trkpt lat="-8.038847" lon="-34.909517">
    <ele>16</ele>
    <time>2019-09-25T01:14:43.000Z</time>
   </trkpt>
   <trkpt lat="-8.038809" lon="-34.90954">
    <ele>16.2</ele>
    <time>2019-09-25T01:14:44.000Z</time>
   </trkpt>
   <trkpt lat="-8.038765" lon="-34.909556">
    <ele>16.4</ele>
    <time>2019-09-25T01:14:45.000Z</time>
   </trkpt>
   <trkpt lat="-8.038727" lon="-34.909579">
    <ele>16.7</ele>
    <time>2019-09-25T01:14:46.000Z</time>
   </trkpt>
   <trkpt lat="-8.038687" lon="-34.909601">
    <ele>16.8</ele>
    <time>2019-09-25T01:14:47.000Z</time>
   </trkpt>
   <trkpt lat="-8.038642" lon="-34.909626">
    <ele>17.1</ele>
    <time>2019-09-25T01:14:48.000Z</time>
   </trkpt>
   <trkpt lat="-8.038606" lon="-34.909655">
    <ele>17.2</ele>
    <time>2019-09-25T01:14:49.000Z</time>
   </trkpt>
   <trkpt lat="-8.038567" lon="-34.909681">
    <ele>17.3</ele>
    <time>2019-09-25T01:14:50.000Z</time>
   </trkpt>
   <trkpt lat="-8.03853" lon="-34.909702">
    <ele>17.4</ele>
    <time>2019-09-25T01:14:51.000Z</time>
   </trkpt>
   <trkpt lat="-8.038496" lon="-34.909721">
    <ele>17.5</ele>
    <time>2019-09-25T01:14:52.000Z</time>
   </trkpt>
   <trkpt lat="-8.038466" lon="-34.90975">
    <ele>17.6</ele>
    <time>2019-09-25T01:14:53.000Z</time>
   </trkpt>
   <trkpt lat="-8.03844" lon="-34.909782">
    <ele>17.6</ele>
    <time>2019-09-25T01:14:54.000Z</time>
   </trkpt>
   <trkpt lat="-8.038407" lon="-34.909806">
    <ele>17.7</ele>
    <time>2019-09-25T01:14:55.000Z</time>
   </trkpt>
   <trkpt lat="-8.038368" lon="-34.909822">
    <ele>17.7</ele>
    <time>2019-09-25T01:14:56.000Z</time>
   </trkpt>
   <trkpt lat="-8.03833" lon="-34.909839">
    <ele>17.8</ele>
    <time>2019-09-25T01:14:57.000Z</time>
   </trkpt>
   <trkpt lat="-8.038276" lon="-34.909829">
    <ele>17.8</ele>
    <time>2019-09-25T01:14:58.000Z</time>
   </trkpt>
   <trkpt lat="-8.038228" lon="-34.909831">
    <ele>17.8</ele>
    <time>2019-09-25T01:14:59.000Z</time>
   </trkpt>
   <trkpt lat="-8.038195" lon="-34.909839">
    <ele>17.8</ele>
    <time>2019-09-25T01:15:00.000Z</time>
   </trkpt>
   <trkpt lat="-8.038162" lon="-34.909849">
    <ele>17.8</ele>
    <time>2019-09-25T01:15:01.000Z</time>
   </trkpt>
   <trkpt lat="-8.038132" lon="-34.909865">
    <ele>17.8</ele>
    <time>2019-09-25T01:15:02.000Z</time>
   </trkpt>
   <trkpt lat="-8.038103" lon="-34.909889">
    <ele>17.8</ele>
    <time>2019-09-25T01:15:03.000Z</time>
   </trkpt>
   <trkpt lat="-8.03807" lon="-34.909911">
    <ele>17.7</ele>
    <time>2019-09-25T01:15:04.000Z</time>
   </trkpt>
   <trkpt lat="-8.03803" lon="-34.909934">
    <ele>17.7</ele>
    <time>2019-09-25T01:15:05.000Z</time>
   </trkpt>
   <trkpt lat="-8.037989" lon="-34.909964">
    <ele>17.6</ele>
    <time>2019-09-25T01:15:06.000Z</time>
   </trkpt>
   <trkpt lat="-8.037955" lon="-34.909987">
    <ele>17.5</ele>
    <time>2019-09-25T01:15:07.000Z</time>
   </trkpt>
   <trkpt lat="-8.037915" lon="-34.910012">
    <ele>17.5</ele>
    <time>2019-09-25T01:15:08.000Z</time>
   </trkpt>
   <trkpt lat="-8.037875" lon="-34.910037">
    <ele>17.4</ele>
    <time>2019-09-25T01:15:09.000Z</time>
   </trkpt>
   <trkpt lat="-8.037836" lon="-34.910062">
    <ele>17.2</ele>
    <time>2019-09-25T01:15:10.000Z</time>
   </trkpt>
   <trkpt lat="-8.037795" lon="-34.910087">
    <ele>17.1</ele>
    <time>2019-09-25T01:15:11.000Z</time>
   </trkpt>
   <trkpt lat="-8.037756" lon="-34.910109">
    <ele>17</ele>
    <time>2019-09-25T01:15:12.000Z</time>
   </trkpt>
   <trkpt lat="-8.037719" lon="-34.910138">
    <ele>16.8</ele>
    <time>2019-09-25T01:15:13.000Z</time>
   </trkpt>
   <trkpt lat="-8.037683" lon="-34.910167">
    <ele>16.7</ele>
    <time>2019-09-25T01:15:14.000Z</time>
   </trkpt>
   <trkpt lat="-8.037644" lon="-34.910204">
    <ele>16.5</ele>
    <time>2019-09-25T01:15:15.000Z</time>
   </trkpt>
   <trkpt lat="-8.0376" lon="-34.910231">
    <ele>16.3</ele>
    <time>2019-09-25T01:15:16.000Z</time>
   </trkpt>
   <trkpt lat="-8.03756" lon="-34.910247">
    <ele>16.1</ele>
    <time>2019-09-25T01:15:17.000Z</time>
   </trkpt>
   <trkpt lat="-8.037505" lon="-34.910266">
    <ele>15.9</ele>
    <time>2019-09-25T01:15:18.000Z</time>
   </trkpt>
   <trkpt lat="-8.037448" lon="-34.910289">
    <ele>15.6</ele>
    <time>2019-09-25T01:15:19.000Z</time>
   </trkpt>
   <trkpt lat="-8.037387" lon="-34.910317">
    <ele>15.3</ele>
    <time>2019-09-25T01:15:20.000Z</time>
   </trkpt>
   <trkpt lat="-8.037325" lon="-34.910343">
    <ele>15</ele>
    <time>2019-09-25T01:15:21.000Z</time>
   </trkpt>
   <trkpt lat="-8.037264" lon="-34.910368">
    <ele>14.7</ele>
    <time>2019-09-25T01:15:22.000Z</time>
   </trkpt>
   <trkpt lat="-8.037199" lon="-34.910385">
    <ele>14.4</ele>
    <time>2019-09-25T01:15:23.000Z</time>
   </trkpt>
   <trkpt lat="-8.03714" lon="-34.91039">
    <ele>14.1</ele>
    <time>2019-09-25T01:15:24.000Z</time>
   </trkpt>
   <trkpt lat="-8.037091" lon="-34.910395">
    <ele>13.9</ele>
    <time>2019-09-25T01:15:25.000Z</time>
   </trkpt>
   <trkpt lat="-8.037032" lon="-34.910385">
    <ele>13.6</ele>
    <time>2019-09-25T01:15:26.000Z</time>
   </trkpt>
   <trkpt lat="-8.036972" lon="-34.910371">
    <ele>13.3</ele>
    <time>2019-09-25T01:15:27.000Z</time>
   </trkpt>
   <trkpt lat="-8.036913" lon="-34.910351">
    <ele>13</ele>
    <time>2019-09-25T01:15:28.000Z</time>
   </trkpt>
   <trkpt lat="-8.036856" lon="-34.910328">
    <ele>12.7</ele>
    <time>2019-09-25T01:15:29.000Z</time>
   </trkpt>
   <trkpt lat="-8.036802" lon="-34.910293">
    <ele>12.4</ele>
    <time>2019-09-25T01:15:30.000Z</time>
   </trkpt>
   <trkpt lat="-8.036746" lon="-34.910252">
    <ele>12.1</ele>
    <time>2019-09-25T01:15:31.000Z</time>
   </trkpt>
   <trkpt lat="-8.036696" lon="-34.910214">
    <ele>11.7</ele>
    <time>2019-09-25T01:15:32.000Z</time>
   </trkpt>
   <trkpt lat="-8.036657" lon="-34.910188">
    <ele>11.5</ele>
    <time>2019-09-25T01:15:33.000Z</time>
   </trkpt>
   <trkpt lat="-8.036626" lon="-34.910158">
    <ele>11.3</ele>
    <time>2019-09-25T01:15:34.000Z</time>
   </trkpt>
   <trkpt lat="-8.036584" lon="-34.910117">
    <ele>11</ele>
    <time>2019-09-25T01:15:35.000Z</time>
   </trkpt>
   <trkpt lat="-8.036538" lon="-34.910076">
    <ele>10.7</ele>
    <time>2019-09-25T01:15:36.000Z</time>
   </trkpt>
   <trkpt lat="-8.036485" lon="-34.91003">
    <ele>10.3</ele>
    <time>2019-09-25T01:15:37.000Z</time>
   </trkpt>
   <trkpt lat="-8.036442" lon="-34.909982">
    <ele>9.8</ele>
    <time>2019-09-25T01:15:38.000Z</time>
   </trkpt>
   <trkpt lat="-8.036379" lon="-34.909916">
    <ele>11.9</ele>
    <time>2019-09-25T01:15:39.000Z</time>
   </trkpt>
   <trkpt lat="-8.036335" lon="-34.909867">
    <ele>12.8</ele>
    <time>2019-09-25T01:15:40.000Z</time>
   </trkpt>
   <trkpt lat="-8.03628" lon="-34.909812">
    <ele>14</ele>
    <time>2019-09-25T01:15:41.000Z</time>
   </trkpt>
   <trkpt lat="-8.036236" lon="-34.909774">
    <ele>14.6</ele>
    <time>2019-09-25T01:15:42.000Z</time>
   </trkpt>
   <trkpt lat="-8.036197" lon="-34.909739">
    <ele>14.3</ele>
    <time>2019-09-25T01:15:43.000Z</time>
   </trkpt>
   <trkpt lat="-8.036164" lon="-34.909716">
    <ele>14</ele>
    <time>2019-09-25T01:15:44.000Z</time>
   </trkpt>
   <trkpt lat="-8.036136" lon="-34.909692">
    <ele>13.8</ele>
    <time>2019-09-25T01:15:45.000Z</time>
   </trkpt>
   <trkpt lat="-8.036102" lon="-34.909667">
    <ele>13.5</ele>
    <time>2019-09-25T01:15:46.000Z</time>
   </trkpt>
   <trkpt lat="-8.036056" lon="-34.909618">
    <ele>13.1</ele>
    <time>2019-09-25T01:15:47.000Z</time>
   </trkpt>
   <trkpt lat="-8.036034" lon="-34.909574">
    <ele>12.8</ele>
    <time>2019-09-25T01:15:48.000Z</time>
   </trkpt>
   <trkpt lat="-8.035983" lon="-34.909529">
    <ele>11.8</ele>
    <time>2019-09-25T01:15:49.000Z</time>
   </trkpt>
   <trkpt lat="-8.035943" lon="-34.909484">
    <ele>11.7</ele>
    <time>2019-09-25T01:15:50.000Z</time>
   </trkpt>
   <trkpt lat="-8.035903" lon="-34.909445">
    <ele>11.9</ele>
    <time>2019-09-25T01:15:51.000Z</time>
   </trkpt>
   <trkpt lat="-8.035863" lon="-34.909404">
    <ele>12.6</ele>
    <time>2019-09-25T01:15:52.000Z</time>
   </trkpt>
   <trkpt lat="-8.035821" lon="-34.909361">
    <ele>13.6</ele>
    <time>2019-09-25T01:15:53.000Z</time>
   </trkpt>
   <trkpt lat="-8.035778" lon="-34.909325">
    <ele>14.2</ele>
    <time>2019-09-25T01:15:54.000Z</time>
   </trkpt>
   <trkpt lat="-8.035733" lon="-34.909289">
    <ele>13.4</ele>
    <time>2019-09-25T01:15:55.000Z</time>
   </trkpt>
   <trkpt lat="-8.035688" lon="-34.909253">
    <ele>12.8</ele>
    <time>2019-09-25T01:15:56.000Z</time>
   </trkpt>
   <trkpt lat="-8.035646" lon="-34.90922">
    <ele>12.3</ele>
    <time>2019-09-25T01:15:57.000Z</time>
   </trkpt>
   <trkpt lat="-8.03562" lon="-34.909185">
    <ele>12.3</ele>
    <time>2019-09-25T01:15:58.000Z</time>
   </trkpt>
   <trkpt lat="-8.03558" lon="-34.909144">
    <ele>12.2</ele>
    <time>2019-09-25T01:15:59.000Z</time>
   </trkpt>
   <trkpt lat="-8.035548" lon="-34.909114">
    <ele>12</ele>
    <time>2019-09-25T01:16:00.000Z</time>
   </trkpt>
   <trkpt lat="-8.035497" lon="-34.909053">
    <ele>11.6</ele>
    <time>2019-09-25T01:16:01.000Z</time>
   </trkpt>
   <trkpt lat="-8.03547" lon="-34.90903">
    <ele>11.5</ele>
    <time>2019-09-25T01:16:02.000Z</time>
   </trkpt>
   <trkpt lat="-8.035444" lon="-34.909011">
    <ele>11.3</ele>
    <time>2019-09-25T01:16:03.000Z</time>
   </trkpt>
   <trkpt lat="-8.035415" lon="-34.908974">
    <ele>11</ele>
    <time>2019-09-25T01:16:04.000Z</time>
   </trkpt>
   <trkpt lat="-8.035395" lon="-34.908932">
    <ele>10.8</ele>
    <time>2019-09-25T01:16:05.000Z</time>
   </trkpt>
   <trkpt lat="-8.035355" lon="-34.908885">
    <ele>10.4</ele>
    <time>2019-09-25T01:16:06.000Z</time>
   </trkpt>
   <trkpt lat="-8.035329" lon="-34.908849">
    <ele>10.2</ele>
    <time>2019-09-25T01:16:07.000Z</time>
   </trkpt>
   <trkpt lat="-8.03531" lon="-34.908825">
    <ele>10.1</ele>
    <time>2019-09-25T01:16:08.000Z</time>
   </trkpt>
   <trkpt lat="-8.03529" lon="-34.9088">
    <ele>9.9</ele>
    <time>2019-09-25T01:16:09.000Z</time>
   </trkpt>
   <trkpt lat="-8.035263" lon="-34.908756">
    <ele>9.7</ele>
    <time>2019-09-25T01:16:10.000Z</time>
   </trkpt>
   <trkpt lat="-8.035232" lon="-34.908699">
    <ele>9.4</ele>
    <time>2019-09-25T01:16:11.000Z</time>
   </trkpt>
   <trkpt lat="-8.035202" lon="-34.908646">
    <ele>9.1</ele>
    <time>2019-09-25T01:16:12.000Z</time>
   </trkpt>
   <trkpt lat="-8.035177" lon="-34.90861">
    <ele>8.9</ele>
    <time>2019-09-25T01:16:13.000Z</time>
   </trkpt>
   <trkpt lat="-8.035152" lon="-34.908571">
    <ele>8.5</ele>
    <time>2019-09-25T01:16:14.000Z</time>
   </trkpt>
   <trkpt lat="-8.035133" lon="-34.908547">
    <ele>8.7</ele>
    <time>2019-09-25T01:16:15.000Z</time>
   </trkpt>
   <trkpt lat="-8.035109" lon="-34.908523">
    <ele>8.9</ele>
    <time>2019-09-25T01:16:16.000Z</time>
   </trkpt>
   <trkpt lat="-8.035089" lon="-34.908493">
    <ele>9.2</ele>
    <time>2019-09-25T01:16:17.000Z</time>
   </trkpt>
   <trkpt lat="-8.035055" lon="-34.908451">
    <ele>9.5</ele>
    <time>2019-09-25T01:16:19.000Z</time>
   </trkpt>
   <trkpt lat="-8.035035" lon="-34.908431">
    <ele>9.7</ele>
    <time>2019-09-25T01:16:20.000Z</time>
   </trkpt>
   <trkpt lat="-8.034983" lon="-34.908403">
    <ele>10.1</ele>
    <time>2019-09-25T01:16:22.000Z</time>
   </trkpt>
   <trkpt lat="-8.034963" lon="-34.908368">
    <ele>10.3</ele>
    <time>2019-09-25T01:16:23.000Z</time>
   </trkpt>
   <trkpt lat="-8.034969" lon="-34.908334">
    <ele>10.6</ele>
    <time>2019-09-25T01:16:24.000Z</time>
   </trkpt>
   <trkpt lat="-8.034962" lon="-34.908301">
    <ele>10.8</ele>
    <time>2019-09-25T01:16:25.000Z</time>
   </trkpt>
   <trkpt lat="-8.034955" lon="-34.908271">
    <ele>11</ele>
    <time>2019-09-25T01:16:26.000Z</time>
   </trkpt>
   <trkpt lat="-8.034924" lon="-34.908234">
    <ele>11.3</ele>
    <time>2019-09-25T01:16:28.000Z</time>
   </trkpt>
   <trkpt lat="-8.034908" lon="-34.908204">
    <ele>11.6</ele>
    <time>2019-09-25T01:16:29.000Z</time>
   </trkpt>
   <trkpt lat="-8.034892" lon="-34.908181">
    <ele>11.9</ele>
    <time>2019-09-25T01:16:30.000Z</time>
   </trkpt>
   <trkpt lat="-8.034887" lon="-34.908154">
    <ele>12.2</ele>
    <time>2019-09-25T01:16:31.000Z</time>
   </trkpt>
   <trkpt lat="-8.03489" lon="-34.90812">
    <ele>12.8</ele>
    <time>2019-09-25T01:16:32.000Z</time>
   </trkpt>
   <trkpt lat="-8.034901" lon="-34.908091">
    <ele>12.8</ele>
    <time>2019-09-25T01:16:33.000Z</time>
   </trkpt>
   <trkpt lat="-8.03492" lon="-34.908056">
    <ele>12.8</ele>
    <time>2019-09-25T01:16:34.000Z</time>
   </trkpt>
   <trkpt lat="-8.03493" lon="-34.908009">
    <ele>12.9</ele>
    <time>2019-09-25T01:16:36.000Z</time>
   </trkpt>
   <trkpt lat="-8.034946" lon="-34.907978">
    <ele>13.4</ele>
    <time>2019-09-25T01:16:38.000Z</time>
   </trkpt>
   <trkpt lat="-8.034968" lon="-34.907937">
    <ele>13.6</ele>
    <time>2019-09-25T01:16:41.000Z</time>
   </trkpt>
   <trkpt lat="-8.034987" lon="-34.907905">
    <ele>13.7</ele>
    <time>2019-09-25T01:16:42.000Z</time>
   </trkpt>
   <trkpt lat="-8.035003" lon="-34.907881">
    <ele>13.8</ele>
    <time>2019-09-25T01:16:43.000Z</time>
   </trkpt>
   <trkpt lat="-8.035023" lon="-34.907835">
    <ele>14</ele>
    <time>2019-09-25T01:16:45.000Z</time>
   </trkpt>
   <trkpt lat="-8.035049" lon="-34.907789">
    <ele>14.2</ele>
    <time>2019-09-25T01:16:47.000Z</time>
   </trkpt>
   <trkpt lat="-8.035075" lon="-34.907763">
    <ele>14.3</ele>
    <time>2019-09-25T01:16:48.000Z</time>
   </trkpt>
   <trkpt lat="-8.035121" lon="-34.907712">
    <ele>14.5</ele>
    <time>2019-09-25T01:16:50.000Z</time>
   </trkpt>
   <trkpt lat="-8.035146" lon="-34.907684">
    <ele>14.6</ele>
    <time>2019-09-25T01:16:51.000Z</time>
   </trkpt>
   <trkpt lat="-8.035172" lon="-34.907642">
    <ele>14.7</ele>
    <time>2019-09-25T01:16:53.000Z</time>
   </trkpt>
   <trkpt lat="-8.035199" lon="-34.90761">
    <ele>14.8</ele>
    <time>2019-09-25T01:16:55.000Z</time>
   </trkpt>
   <trkpt lat="-8.035242" lon="-34.907567">
    <ele>15</ele>
    <time>2019-09-25T01:16:57.000Z</time>
   </trkpt>
   <trkpt lat="-8.03527" lon="-34.907532">
    <ele>15.1</ele>
    <time>2019-09-25T01:16:58.000Z</time>
   </trkpt>
   <trkpt lat="-8.035302" lon="-34.907501">
    <ele>15.2</ele>
    <time>2019-09-25T01:16:59.000Z</time>
   </trkpt>
   <trkpt lat="-8.03533" lon="-34.90748">
    <ele>15.3</ele>
    <time>2019-09-25T01:17:00.000Z</time>
   </trkpt>
   <trkpt lat="-8.035348" lon="-34.907454">
    <ele>15.4</ele>
    <time>2019-09-25T01:17:01.000Z</time>
   </trkpt>
   <trkpt lat="-8.035388" lon="-34.907417">
    <ele>15.5</ele>
    <time>2019-09-25T01:17:03.000Z</time>
   </trkpt>
   <trkpt lat="-8.035407" lon="-34.907388">
    <ele>15.6</ele>
    <time>2019-09-25T01:17:04.000Z</time>
   </trkpt>
   <trkpt lat="-8.035429" lon="-34.907362">
    <ele>15.7</ele>
    <time>2019-09-25T01:17:05.000Z</time>
   </trkpt>
   <trkpt lat="-8.035451" lon="-34.907336">
    <ele>15.9</ele>
    <time>2019-09-25T01:17:06.000Z</time>
   </trkpt>
   <trkpt lat="-8.035471" lon="-34.907303">
    <ele>16</ele>
    <time>2019-09-25T01:17:07.000Z</time>
   </trkpt>
   <trkpt lat="-8.035495" lon="-34.907276">
    <ele>16</ele>
    <time>2019-09-25T01:17:08.000Z</time>
   </trkpt>
   <trkpt lat="-8.035512" lon="-34.907253">
    <ele>16.1</ele>
    <time>2019-09-25T01:17:09.000Z</time>
   </trkpt>
   <trkpt lat="-8.035542" lon="-34.907226">
    <ele>16.1</ele>
    <time>2019-09-25T01:17:11.000Z</time>
   </trkpt>
   <trkpt lat="-8.035572" lon="-34.907202">
    <ele>16.2</ele>
    <time>2019-09-25T01:17:13.000Z</time>
   </trkpt>
   <trkpt lat="-8.035578" lon="-34.907173">
    <ele>16.2</ele>
    <time>2019-09-25T01:17:15.000Z</time>
   </trkpt>
   <trkpt lat="-8.035602" lon="-34.907151">
    <ele>16.2</ele>
    <time>2019-09-25T01:17:16.000Z</time>
   </trkpt>
   <trkpt lat="-8.035628" lon="-34.907125">
    <ele>16.3</ele>
    <time>2019-09-25T01:17:17.000Z</time>
   </trkpt>
   <trkpt lat="-8.035642" lon="-34.907087">
    <ele>16.3</ele>
    <time>2019-09-25T01:17:18.000Z</time>
   </trkpt>
   <trkpt lat="-8.035666" lon="-34.907033">
    <ele>16.3</ele>
    <time>2019-09-25T01:17:19.000Z</time>
   </trkpt>
   <trkpt lat="-8.035679" lon="-34.906973">
    <ele>16.4</ele>
    <time>2019-09-25T01:17:20.000Z</time>
   </trkpt>
   <trkpt lat="-8.035687" lon="-34.906933">
    <ele>16.4</ele>
    <time>2019-09-25T01:17:21.000Z</time>
   </trkpt>
   <trkpt lat="-8.035689" lon="-34.906906">
    <ele>16.4</ele>
    <time>2019-09-25T01:17:22.000Z</time>
   </trkpt>
   <trkpt lat="-8.035727" lon="-34.906892">
    <ele>16.4</ele>
    <time>2019-09-25T01:17:24.000Z</time>
   </trkpt>
   <trkpt lat="-8.035757" lon="-34.906891">
    <ele>16.4</ele>
    <time>2019-09-25T01:17:26.000Z</time>
   </trkpt>
   <trkpt lat="-8.035778" lon="-34.906866">
    <ele>16.4</ele>
    <time>2019-09-25T01:17:29.000Z</time>
   </trkpt>
   <trkpt lat="-8.035834" lon="-34.906876">
    <ele>16.5</ele>
    <time>2019-09-25T01:17:31.000Z</time>
   </trkpt>
   <trkpt lat="-8.035868" lon="-34.906867">
    <ele>16.5</ele>
    <time>2019-09-25T01:17:32.000Z</time>
   </trkpt>
   <trkpt lat="-8.035898" lon="-34.906855">
    <ele>16.5</ele>
    <time>2019-09-25T01:17:33.000Z</time>
   </trkpt>
   <trkpt lat="-8.035922" lon="-34.906818">
    <ele>16.5</ele>
    <time>2019-09-25T01:17:34.000Z</time>
   </trkpt>
   <trkpt lat="-8.035942" lon="-34.90678">
    <ele>16.5</ele>
    <time>2019-09-25T01:17:35.000Z</time>
   </trkpt>
   <trkpt lat="-8.035967" lon="-34.90675">
    <ele>16.5</ele>
    <time>2019-09-25T01:17:36.000Z</time>
   </trkpt>
   <trkpt lat="-8.03599" lon="-34.906718">
    <ele>16.5</ele>
    <time>2019-09-25T01:17:37.000Z</time>
   </trkpt>
   <trkpt lat="-8.036019" lon="-34.906699">
    <ele>16.5</ele>
    <time>2019-09-25T01:17:38.000Z</time>
   </trkpt>
   <trkpt lat="-8.036052" lon="-34.906691">
    <ele>16.5</ele>
    <time>2019-09-25T01:17:39.000Z</time>
   </trkpt>
   <trkpt lat="-8.036082" lon="-34.906679">
    <ele>16.4</ele>
    <time>2019-09-25T01:17:40.000Z</time>
   </trkpt>
   <trkpt lat="-8.036116" lon="-34.906669">
    <ele>16.4</ele>
    <time>2019-09-25T01:17:41.000Z</time>
   </trkpt>
   <trkpt lat="-8.036157" lon="-34.90668">
    <ele>16.4</ele>
    <time>2019-09-25T01:17:42.000Z</time>
   </trkpt>
   <trkpt lat="-8.036193" lon="-34.906661">
    <ele>16.4</ele>
    <time>2019-09-25T01:17:43.000Z</time>
   </trkpt>
   <trkpt lat="-8.03622" lon="-34.906632">
    <ele>16.3</ele>
    <time>2019-09-25T01:17:44.000Z</time>
   </trkpt>
   <trkpt lat="-8.036239" lon="-34.906601">
    <ele>16.3</ele>
    <time>2019-09-25T01:17:45.000Z</time>
   </trkpt>
   <trkpt lat="-8.03627" lon="-34.906583">
    <ele>16.3</ele>
    <time>2019-09-25T01:17:48.000Z</time>
   </trkpt>
   <trkpt lat="-8.036318" lon="-34.906582">
    <ele>16.2</ele>
    <time>2019-09-25T01:17:50.000Z</time>
   </trkpt>
   <trkpt lat="-8.036349" lon="-34.906573">
    <ele>16.2</ele>
    <time>2019-09-25T01:17:51.000Z</time>
   </trkpt>
   <trkpt lat="-8.036374" lon="-34.906564">
    <ele>16.2</ele>
    <time>2019-09-25T01:17:52.000Z</time>
   </trkpt>
   <trkpt lat="-8.036403" lon="-34.906556">
    <ele>16.1</ele>
    <time>2019-09-25T01:17:53.000Z</time>
   </trkpt>
   <trkpt lat="-8.036424" lon="-34.906538">
    <ele>16.1</ele>
    <time>2019-09-25T01:17:54.000Z</time>
   </trkpt>
   <trkpt lat="-8.036434" lon="-34.906493">
    <ele>16</ele>
    <time>2019-09-25T01:17:55.000Z</time>
   </trkpt>
   <trkpt lat="-8.036469" lon="-34.90647">
    <ele>16</ele>
    <time>2019-09-25T01:17:56.000Z</time>
   </trkpt>
   <trkpt lat="-8.036499" lon="-34.906459">
    <ele>16</ele>
    <time>2019-09-25T01:17:57.000Z</time>
   </trkpt>
   <trkpt lat="-8.036529" lon="-34.906445">
    <ele>15.9</ele>
    <time>2019-09-25T01:17:58.000Z</time>
   </trkpt>
   <trkpt lat="-8.036556" lon="-34.906433">
    <ele>15.9</ele>
    <time>2019-09-25T01:17:59.000Z</time>
   </trkpt>
   <trkpt lat="-8.036588" lon="-34.906429">
    <ele>15.9</ele>
    <time>2019-09-25T01:18:00.000Z</time>
   </trkpt>
   <trkpt lat="-8.036614" lon="-34.906414">
    <ele>15.9</ele>
    <time>2019-09-25T01:18:01.000Z</time>
   </trkpt>
   <trkpt lat="-8.036646" lon="-34.906403">
    <ele>15.9</ele>
    <time>2019-09-25T01:18:02.000Z</time>
   </trkpt>
   <trkpt lat="-8.036674" lon="-34.906378">
    <ele>15.8</ele>
    <time>2019-09-25T01:18:03.000Z</time>
   </trkpt>
   <trkpt lat="-8.036703" lon="-34.90636">
    <ele>15.8</ele>
    <time>2019-09-25T01:18:04.000Z</time>
   </trkpt>
   <trkpt lat="-8.03673" lon="-34.906338">
    <ele>15.8</ele>
    <time>2019-09-25T01:18:05.000Z</time>
   </trkpt>
   <trkpt lat="-8.036762" lon="-34.906296">
    <ele>15.8</ele>
    <time>2019-09-25T01:18:07.000Z</time>
   </trkpt>
   <trkpt lat="-8.036807" lon="-34.906272">
    <ele>15.8</ele>
    <time>2019-09-25T01:18:09.000Z</time>
   </trkpt>
   <trkpt lat="-8.036833" lon="-34.906264">
    <ele>15.8</ele>
    <time>2019-09-25T01:18:10.000Z</time>
   </trkpt>
   <trkpt lat="-8.036886" lon="-34.906231">
    <ele>15.8</ele>
    <time>2019-09-25T01:18:12.000Z</time>
   </trkpt>
   <trkpt lat="-8.036913" lon="-34.906218">
    <ele>15.8</ele>
    <time>2019-09-25T01:18:13.000Z</time>
   </trkpt>
   <trkpt lat="-8.036948" lon="-34.906194">
    <ele>15.8</ele>
    <time>2019-09-25T01:18:14.000Z</time>
   </trkpt>
   <trkpt lat="-8.036972" lon="-34.906172">
    <ele>15.8</ele>
    <time>2019-09-25T01:18:15.000Z</time>
   </trkpt>
   <trkpt lat="-8.037019" lon="-34.906139">
    <ele>15.8</ele>
    <time>2019-09-25T01:18:17.000Z</time>
   </trkpt>
   <trkpt lat="-8.037047" lon="-34.906119">
    <ele>15.8</ele>
    <time>2019-09-25T01:18:18.000Z</time>
   </trkpt>
   <trkpt lat="-8.037082" lon="-34.906108">
    <ele>15.8</ele>
    <time>2019-09-25T01:18:19.000Z</time>
   </trkpt>
   <trkpt lat="-8.037114" lon="-34.906087">
    <ele>15.8</ele>
    <time>2019-09-25T01:18:20.000Z</time>
   </trkpt>
   <trkpt lat="-8.037147" lon="-34.906051">
    <ele>15.8</ele>
    <time>2019-09-25T01:18:21.000Z</time>
   </trkpt>
   <trkpt lat="-8.037167" lon="-34.906008">
    <ele>15.8</ele>
    <time>2019-09-25T01:18:23.000Z</time>
   </trkpt>
   <trkpt lat="-8.037215" lon="-34.905981">
    <ele>15.8</ele>
    <time>2019-09-25T01:18:25.000Z</time>
   </trkpt>
   <trkpt lat="-8.037242" lon="-34.905964">
    <ele>15.8</ele>
    <time>2019-09-25T01:18:26.000Z</time>
   </trkpt>
   <trkpt lat="-8.03728" lon="-34.905937">
    <ele>15.8</ele>
    <time>2019-09-25T01:18:28.000Z</time>
   </trkpt>
   <trkpt lat="-8.037316" lon="-34.905922">
    <ele>15.8</ele>
    <time>2019-09-25T01:18:29.000Z</time>
   </trkpt>
   <trkpt lat="-8.037359" lon="-34.905901">
    <ele>15.8</ele>
    <time>2019-09-25T01:18:30.000Z</time>
   </trkpt>
   <trkpt lat="-8.037393" lon="-34.905888">
    <ele>15.8</ele>
    <time>2019-09-25T01:18:31.000Z</time>
   </trkpt>
   <trkpt lat="-8.037425" lon="-34.905849">
    <ele>15.8</ele>
    <time>2019-09-25T01:18:33.000Z</time>
   </trkpt>
   <trkpt lat="-8.037455" lon="-34.905833">
    <ele>15.8</ele>
    <time>2019-09-25T01:18:34.000Z</time>
   </trkpt>
   <trkpt lat="-8.037484" lon="-34.905833">
    <ele>15.8</ele>
    <time>2019-09-25T01:18:35.000Z</time>
   </trkpt>
   <trkpt lat="-8.037511" lon="-34.905839">
    <ele>15.8</ele>
    <time>2019-09-25T01:18:36.000Z</time>
   </trkpt>
   <trkpt lat="-8.037554" lon="-34.905837">
    <ele>15.7</ele>
    <time>2019-09-25T01:18:38.000Z</time>
   </trkpt>
   <trkpt lat="-8.037595" lon="-34.905821">
    <ele>15.6</ele>
    <time>2019-09-25T01:18:40.000Z</time>
   </trkpt>
   <trkpt lat="-8.037643" lon="-34.905794">
    <ele>15.6</ele>
    <time>2019-09-25T01:18:42.000Z</time>
   </trkpt>
   <trkpt lat="-8.037667" lon="-34.905775">
    <ele>15.5</ele>
    <time>2019-09-25T01:18:43.000Z</time>
   </trkpt>
   <trkpt lat="-8.037692" lon="-34.905764">
    <ele>15.5</ele>
    <time>2019-09-25T01:18:44.000Z</time>
   </trkpt>
   <trkpt lat="-8.037724" lon="-34.905747">
    <ele>15.4</ele>
    <time>2019-09-25T01:18:45.000Z</time>
   </trkpt>
   <trkpt lat="-8.03776" lon="-34.905729">
    <ele>15.4</ele>
    <time>2019-09-25T01:18:46.000Z</time>
   </trkpt>
   <trkpt lat="-8.037789" lon="-34.905731">
    <ele>15.3</ele>
    <time>2019-09-25T01:18:47.000Z</time>
   </trkpt>
   <trkpt lat="-8.037827" lon="-34.905704">
    <ele>15.2</ele>
    <time>2019-09-25T01:18:49.000Z</time>
   </trkpt>
   <trkpt lat="-8.037846" lon="-34.905683">
    <ele>15.1</ele>
    <time>2019-09-25T01:18:50.000Z</time>
   </trkpt>
   <trkpt lat="-8.037882" lon="-34.905635">
    <ele>14.9</ele>
    <time>2019-09-25T01:18:52.000Z</time>
   </trkpt>
   <trkpt lat="-8.03791" lon="-34.905609">
    <ele>14.7</ele>
    <time>2019-09-25T01:18:53.000Z</time>
   </trkpt>
   <trkpt lat="-8.037927" lon="-34.905568">
    <ele>14.5</ele>
    <time>2019-09-25T01:18:54.000Z</time>
   </trkpt>
   <trkpt lat="-8.037943" lon="-34.905532">
    <ele>14.3</ele>
    <time>2019-09-25T01:18:55.000Z</time>
   </trkpt>
   <trkpt lat="-8.037962" lon="-34.905511">
    <ele>14.1</ele>
    <time>2019-09-25T01:18:56.000Z</time>
   </trkpt>
   <trkpt lat="-8.037975" lon="-34.90548">
    <ele>13.9</ele>
    <time>2019-09-25T01:18:57.000Z</time>
   </trkpt>
   <trkpt lat="-8.037983" lon="-34.90545">
    <ele>13.8</ele>
    <time>2019-09-25T01:18:58.000Z</time>
   </trkpt>
   <trkpt lat="-8.037993" lon="-34.905423">
    <ele>13.7</ele>
    <time>2019-09-25T01:18:59.000Z</time>
   </trkpt>
   <trkpt lat="-8.038006" lon="-34.905399">
    <ele>13.7</ele>
    <time>2019-09-25T01:19:00.000Z</time>
   </trkpt>
   <trkpt lat="-8.038021" lon="-34.905375">
    <ele>13.6</ele>
    <time>2019-09-25T01:19:02.000Z</time>
   </trkpt>
   <trkpt lat="-8.038002" lon="-34.905351">
    <ele>13.6</ele>
    <time>2019-09-25T01:19:09.000Z</time>
   </trkpt>
   <trkpt lat="-8.037972" lon="-34.905339">
    <ele>13.6</ele>
    <time>2019-09-25T01:19:21.000Z</time>
   </trkpt>
   <trkpt lat="-8.037956" lon="-34.905362">
    <ele>13.5</ele>
    <time>2019-09-25T01:19:28.000Z</time>
   </trkpt>
   <trkpt lat="-8.038055" lon="-34.905308">
    <ele>13.3</ele>
    <time>2019-09-25T01:20:46.000Z</time>
   </trkpt>
   <trkpt lat="-8.038103" lon="-34.905299">
    <ele>13.3</ele>
    <time>2019-09-25T01:20:48.000Z</time>
   </trkpt>
   <trkpt lat="-8.038127" lon="-34.905285">
    <ele>13</ele>
    <time>2019-09-25T01:20:49.000Z</time>
   </trkpt>
   <trkpt lat="-8.038156" lon="-34.905265">
    <ele>12.8</ele>
    <time>2019-09-25T01:20:50.000Z</time>
   </trkpt>
   <trkpt lat="-8.038185" lon="-34.905256">
    <ele>12.7</ele>
    <time>2019-09-25T01:20:51.000Z</time>
   </trkpt>
   <trkpt lat="-8.03821" lon="-34.905246">
    <ele>12.6</ele>
    <time>2019-09-25T01:20:52.000Z</time>
   </trkpt>
   <trkpt lat="-8.038236" lon="-34.905233">
    <ele>12.5</ele>
    <time>2019-09-25T01:20:53.000Z</time>
   </trkpt>
   <trkpt lat="-8.038269" lon="-34.905215">
    <ele>12.4</ele>
    <time>2019-09-25T01:20:54.000Z</time>
   </trkpt>
   <trkpt lat="-8.038299" lon="-34.905196">
    <ele>12.2</ele>
    <time>2019-09-25T01:20:55.000Z</time>
   </trkpt>
   <trkpt lat="-8.038332" lon="-34.905185">
    <ele>12</ele>
    <time>2019-09-25T01:20:56.000Z</time>
   </trkpt>
   <trkpt lat="-8.03837" lon="-34.90517">
    <ele>11.9</ele>
    <time>2019-09-25T01:20:58.000Z</time>
   </trkpt>
   <trkpt lat="-8.038394" lon="-34.905141">
    <ele>11.7</ele>
    <time>2019-09-25T01:20:59.000Z</time>
   </trkpt>
   <trkpt lat="-8.038438" lon="-34.905124">
    <ele>11.5</ele>
    <time>2019-09-25T01:21:01.000Z</time>
   </trkpt>
   <trkpt lat="-8.038461" lon="-34.905095">
    <ele>11.3</ele>
    <time>2019-09-25T01:21:02.000Z</time>
   </trkpt>
   <trkpt lat="-8.038504" lon="-34.905061">
    <ele>10.9</ele>
    <time>2019-09-25T01:21:04.000Z</time>
   </trkpt>
   <trkpt lat="-8.038521" lon="-34.905037">
    <ele>10.8</ele>
    <time>2019-09-25T01:21:05.000Z</time>
   </trkpt>
   <trkpt lat="-8.038531" lon="-34.905008">
    <ele>10.6</ele>
    <time>2019-09-25T01:21:06.000Z</time>
   </trkpt>
   <trkpt lat="-8.038534" lon="-34.904971">
    <ele>10.4</ele>
    <time>2019-09-25T01:21:07.000Z</time>
   </trkpt>
   <trkpt lat="-8.038526" lon="-34.904929">
    <ele>10.1</ele>
    <time>2019-09-25T01:21:08.000Z</time>
   </trkpt>
   <trkpt lat="-8.038521" lon="-34.904886">
    <ele>10.1</ele>
    <time>2019-09-25T01:21:09.000Z</time>
   </trkpt>
   <trkpt lat="-8.038515" lon="-34.904851">
    <ele>10.1</ele>
    <time>2019-09-25T01:21:10.000Z</time>
   </trkpt>
   <trkpt lat="-8.038501" lon="-34.904819">
    <ele>10.1</ele>
    <time>2019-09-25T01:21:11.000Z</time>
   </trkpt>
   <trkpt lat="-8.038494" lon="-34.904781">
    <ele>10.2</ele>
    <time>2019-09-25T01:21:12.000Z</time>
   </trkpt>
   <trkpt lat="-8.038485" lon="-34.904746">
    <ele>10.2</ele>
    <time>2019-09-25T01:21:13.000Z</time>
   </trkpt>
   <trkpt lat="-8.038476" lon="-34.904716">
    <ele>10.2</ele>
    <time>2019-09-25T01:21:14.000Z</time>
   </trkpt>
   <trkpt lat="-8.038461" lon="-34.904678">
    <ele>10.2</ele>
    <time>2019-09-25T01:21:15.000Z</time>
   </trkpt>
   <trkpt lat="-8.03845" lon="-34.904648">
    <ele>10.2</ele>
    <time>2019-09-25T01:21:16.000Z</time>
   </trkpt>
   <trkpt lat="-8.038444" lon="-34.904611">
    <ele>10.2</ele>
    <time>2019-09-25T01:21:17.000Z</time>
   </trkpt>
   <trkpt lat="-8.038431" lon="-34.904574">
    <ele>10.2</ele>
    <time>2019-09-25T01:21:18.000Z</time>
   </trkpt>
   <trkpt lat="-8.038425" lon="-34.904533">
    <ele>10.2</ele>
    <time>2019-09-25T01:21:20.000Z</time>
   </trkpt>
   <trkpt lat="-8.038415" lon="-34.904505">
    <ele>10.3</ele>
    <time>2019-09-25T01:21:21.000Z</time>
   </trkpt>
   <trkpt lat="-8.038403" lon="-34.904474">
    <ele>10.3</ele>
    <time>2019-09-25T01:21:22.000Z</time>
   </trkpt>
   <trkpt lat="-8.038381" lon="-34.904442">
    <ele>10.3</ele>
    <time>2019-09-25T01:21:23.000Z</time>
   </trkpt>
   <trkpt lat="-8.038366" lon="-34.904411">
    <ele>10.3</ele>
    <time>2019-09-25T01:21:24.000Z</time>
   </trkpt>
   <trkpt lat="-8.038348" lon="-34.904371">
    <ele>10.3</ele>
    <time>2019-09-25T01:21:25.000Z</time>
   </trkpt>
   <trkpt lat="-8.038326" lon="-34.904342">
    <ele>10.3</ele>
    <time>2019-09-25T01:21:26.000Z</time>
   </trkpt>
   <trkpt lat="-8.038304" lon="-34.904309">
    <ele>10.3</ele>
    <time>2019-09-25T01:21:27.000Z</time>
   </trkpt>
   <trkpt lat="-8.038287" lon="-34.904274">
    <ele>10.3</ele>
    <time>2019-09-25T01:21:28.000Z</time>
   </trkpt>
   <trkpt lat="-8.038259" lon="-34.90424">
    <ele>10.3</ele>
    <time>2019-09-25T01:21:29.000Z</time>
   </trkpt>
   <trkpt lat="-8.03824" lon="-34.904203">
    <ele>10.3</ele>
    <time>2019-09-25T01:21:30.000Z</time>
   </trkpt>
   <trkpt lat="-8.038206" lon="-34.904173">
    <ele>10.3</ele>
    <time>2019-09-25T01:21:31.000Z</time>
   </trkpt>
   <trkpt lat="-8.038197" lon="-34.904128">
    <ele>10.3</ele>
    <time>2019-09-25T01:21:32.000Z</time>
   </trkpt>
   <trkpt lat="-8.038189" lon="-34.904091">
    <ele>10.3</ele>
    <time>2019-09-25T01:21:33.000Z</time>
   </trkpt>
   <trkpt lat="-8.038178" lon="-34.904063">
    <ele>10.3</ele>
    <time>2019-09-25T01:21:34.000Z</time>
   </trkpt>
   <trkpt lat="-8.038157" lon="-34.904038">
    <ele>10.3</ele>
    <time>2019-09-25T01:21:35.000Z</time>
   </trkpt>
   <trkpt lat="-8.038123" lon="-34.903978">
    <ele>10.3</ele>
    <time>2019-09-25T01:21:37.000Z</time>
   </trkpt>
   <trkpt lat="-8.038105" lon="-34.903949">
    <ele>10.3</ele>
    <time>2019-09-25T01:21:38.000Z</time>
   </trkpt>
   <trkpt lat="-8.038089" lon="-34.903917">
    <ele>10.3</ele>
    <time>2019-09-25T01:21:39.000Z</time>
   </trkpt>
   <trkpt lat="-8.03808" lon="-34.903887">
    <ele>10.3</ele>
    <time>2019-09-25T01:21:40.000Z</time>
   </trkpt>
   <trkpt lat="-8.038057" lon="-34.903857">
    <ele>10.3</ele>
    <time>2019-09-25T01:21:41.000Z</time>
   </trkpt>
   <trkpt lat="-8.038039" lon="-34.903815">
    <ele>10.4</ele>
    <time>2019-09-25T01:21:42.000Z</time>
   </trkpt>
   <trkpt lat="-8.03803" lon="-34.903774">
    <ele>10.4</ele>
    <time>2019-09-25T01:21:43.000Z</time>
   </trkpt>
   <trkpt lat="-8.038012" lon="-34.903714">
    <ele>10.5</ele>
    <time>2019-09-25T01:21:45.000Z</time>
   </trkpt>
   <trkpt lat="-8.038003" lon="-34.903676">
    <ele>10.5</ele>
    <time>2019-09-25T01:21:46.000Z</time>
   </trkpt>
   <trkpt lat="-8.037976" lon="-34.903645">
    <ele>10.6</ele>
    <time>2019-09-25T01:21:47.000Z</time>
   </trkpt>
   <trkpt lat="-8.037959" lon="-34.903616">
    <ele>10.7</ele>
    <time>2019-09-25T01:21:48.000Z</time>
   </trkpt>
   <trkpt lat="-8.037938" lon="-34.903594">
    <ele>10.7</ele>
    <time>2019-09-25T01:21:49.000Z</time>
   </trkpt>
   <trkpt lat="-8.037913" lon="-34.903579">
    <ele>10.8</ele>
    <time>2019-09-25T01:21:50.000Z</time>
   </trkpt>
   <trkpt lat="-8.037892" lon="-34.903557">
    <ele>10.9</ele>
    <time>2019-09-25T01:21:51.000Z</time>
   </trkpt>
   <trkpt lat="-8.037869" lon="-34.903538">
    <ele>10.9</ele>
    <time>2019-09-25T01:21:52.000Z</time>
   </trkpt>
   <trkpt lat="-8.037844" lon="-34.903513">
    <ele>11</ele>
    <time>2019-09-25T01:21:53.000Z</time>
   </trkpt>
   <trkpt lat="-8.037854" lon="-34.903465">
    <ele>11.1</ele>
    <time>2019-09-25T01:21:54.000Z</time>
   </trkpt>
   <trkpt lat="-8.037854" lon="-34.903431">
    <ele>11</ele>
    <time>2019-09-25T01:21:55.000Z</time>
   </trkpt>
   <trkpt lat="-8.037847" lon="-34.903387">
    <ele>11</ele>
    <time>2019-09-25T01:21:56.000Z</time>
   </trkpt>
   <trkpt lat="-8.037817" lon="-34.903352">
    <ele>10.9</ele>
    <time>2019-09-25T01:21:57.000Z</time>
   </trkpt>
   <trkpt lat="-8.037793" lon="-34.90331">
    <ele>10.9</ele>
    <time>2019-09-25T01:21:58.000Z</time>
   </trkpt>
   <trkpt lat="-8.037766" lon="-34.903274">
    <ele>10.9</ele>
    <time>2019-09-25T01:21:59.000Z</time>
   </trkpt>
   <trkpt lat="-8.037749" lon="-34.90324">
    <ele>10.9</ele>
    <time>2019-09-25T01:22:00.000Z</time>
   </trkpt>
   <trkpt lat="-8.037734" lon="-34.903211">
    <ele>10.9</ele>
    <time>2019-09-25T01:22:01.000Z</time>
   </trkpt>
   <trkpt lat="-8.037726" lon="-34.903177">
    <ele>10.9</ele>
    <time>2019-09-25T01:22:02.000Z</time>
   </trkpt>
   <trkpt lat="-8.037713" lon="-34.903136">
    <ele>11</ele>
    <time>2019-09-25T01:22:03.000Z</time>
   </trkpt>
   <trkpt lat="-8.037696" lon="-34.903093">
    <ele>11</ele>
    <time>2019-09-25T01:22:05.000Z</time>
   </trkpt>
   <trkpt lat="-8.037688" lon="-34.903062">
    <ele>11</ele>
    <time>2019-09-25T01:22:06.000Z</time>
   </trkpt>
   <trkpt lat="-8.037672" lon="-34.903038">
    <ele>11</ele>
    <time>2019-09-25T01:22:07.000Z</time>
   </trkpt>
   <trkpt lat="-8.03765" lon="-34.902999">
    <ele>11</ele>
    <time>2019-09-25T01:22:08.000Z</time>
   </trkpt>
   <trkpt lat="-8.037635" lon="-34.902963">
    <ele>11</ele>
    <time>2019-09-25T01:22:09.000Z</time>
   </trkpt>
   <trkpt lat="-8.037622" lon="-34.902936">
    <ele>11</ele>
    <time>2019-09-25T01:22:10.000Z</time>
   </trkpt>
   <trkpt lat="-8.037587" lon="-34.902907">
    <ele>11</ele>
    <time>2019-09-25T01:22:11.000Z</time>
   </trkpt>
   <trkpt lat="-8.037574" lon="-34.902869">
    <ele>11</ele>
    <time>2019-09-25T01:22:12.000Z</time>
   </trkpt>
   <trkpt lat="-8.037595" lon="-34.902846">
    <ele>11</ele>
    <time>2019-09-25T01:22:13.000Z</time>
   </trkpt>
   <trkpt lat="-8.037619" lon="-34.902817">
    <ele>11.4</ele>
    <time>2019-09-25T01:22:14.000Z</time>
   </trkpt>
   <trkpt lat="-8.037641" lon="-34.902788">
    <ele>11.6</ele>
    <time>2019-09-25T01:22:15.000Z</time>
   </trkpt>
   <trkpt lat="-8.037668" lon="-34.902772">
    <ele>11.7</ele>
    <time>2019-09-25T01:22:16.000Z</time>
   </trkpt>
   <trkpt lat="-8.037697" lon="-34.902749">
    <ele>11.8</ele>
    <time>2019-09-25T01:22:17.000Z</time>
   </trkpt>
   <trkpt lat="-8.037723" lon="-34.902725">
    <ele>12</ele>
    <time>2019-09-25T01:22:18.000Z</time>
   </trkpt>
   <trkpt lat="-8.037748" lon="-34.902702">
    <ele>12.1</ele>
    <time>2019-09-25T01:22:19.000Z</time>
   </trkpt>
   <trkpt lat="-8.037777" lon="-34.902653">
    <ele>12.4</ele>
    <time>2019-09-25T01:22:20.000Z</time>
   </trkpt>
   <trkpt lat="-8.037803" lon="-34.90261">
    <ele>12.6</ele>
    <time>2019-09-25T01:22:21.000Z</time>
   </trkpt>
   <trkpt lat="-8.03782" lon="-34.902586">
    <ele>12.7</ele>
    <time>2019-09-25T01:22:22.000Z</time>
   </trkpt>
   <trkpt lat="-8.037845" lon="-34.902557">
    <ele>12.9</ele>
    <time>2019-09-25T01:22:23.000Z</time>
   </trkpt>
   <trkpt lat="-8.037873" lon="-34.902528">
    <ele>13.1</ele>
    <time>2019-09-25T01:22:24.000Z</time>
   </trkpt>
   <trkpt lat="-8.037893" lon="-34.902505">
    <ele>13.2</ele>
    <time>2019-09-25T01:22:25.000Z</time>
   </trkpt>
   <trkpt lat="-8.037923" lon="-34.902473">
    <ele>13.4</ele>
    <time>2019-09-25T01:22:26.000Z</time>
   </trkpt>
   <trkpt lat="-8.037953" lon="-34.902432">
    <ele>13.7</ele>
    <time>2019-09-25T01:22:27.000Z</time>
   </trkpt>
   <trkpt lat="-8.037987" lon="-34.902405">
    <ele>13.9</ele>
    <time>2019-09-25T01:22:28.000Z</time>
   </trkpt>
   <trkpt lat="-8.037998" lon="-34.902364">
    <ele>14.1</ele>
    <time>2019-09-25T01:22:29.000Z</time>
   </trkpt>
   <trkpt lat="-8.038042" lon="-34.902344">
    <ele>14.3</ele>
    <time>2019-09-25T01:22:30.000Z</time>
   </trkpt>
   <trkpt lat="-8.038071" lon="-34.902318">
    <ele>14.5</ele>
    <time>2019-09-25T01:22:31.000Z</time>
   </trkpt>
   <trkpt lat="-8.038098" lon="-34.902292">
    <ele>14.7</ele>
    <time>2019-09-25T01:22:32.000Z</time>
   </trkpt>
   <trkpt lat="-8.038127" lon="-34.902253">
    <ele>15.3</ele>
    <time>2019-09-25T01:22:33.000Z</time>
   </trkpt>
   <trkpt lat="-8.038172" lon="-34.902216">
    <ele>15.4</ele>
    <time>2019-09-25T01:22:34.000Z</time>
   </trkpt>
   <trkpt lat="-8.038207" lon="-34.902196">
    <ele>15.4</ele>
    <time>2019-09-25T01:22:35.000Z</time>
   </trkpt>
   <trkpt lat="-8.038248" lon="-34.90219">
    <ele>15.4</ele>
    <time>2019-09-25T01:22:36.000Z</time>
   </trkpt>
   <trkpt lat="-8.038297" lon="-34.902196">
    <ele>15.5</ele>
    <time>2019-09-25T01:22:38.000Z</time>
   </trkpt>
   <trkpt lat="-8.038345" lon="-34.902218">
    <ele>15.5</ele>
    <time>2019-09-25T01:22:40.000Z</time>
   </trkpt>
   <trkpt lat="-8.038376" lon="-34.902208">
    <ele>15.5</ele>
    <time>2019-09-25T01:22:41.000Z</time>
   </trkpt>
   <trkpt lat="-8.038406" lon="-34.902206">
    <ele>15.6</ele>
    <time>2019-09-25T01:22:42.000Z</time>
   </trkpt>
   <trkpt lat="-8.03844" lon="-34.90218">
    <ele>15.6</ele>
    <time>2019-09-25T01:22:43.000Z</time>
   </trkpt>
   <trkpt lat="-8.038469" lon="-34.902163">
    <ele>15.6</ele>
    <time>2019-09-25T01:22:44.000Z</time>
   </trkpt>
   <trkpt lat="-8.038493" lon="-34.902146">
    <ele>15.7</ele>
    <time>2019-09-25T01:22:45.000Z</time>
   </trkpt>
   <trkpt lat="-8.03852" lon="-34.902113">
    <ele>15.7</ele>
    <time>2019-09-25T01:22:46.000Z</time>
   </trkpt>
   <trkpt lat="-8.038552" lon="-34.902093">
    <ele>15.8</ele>
    <time>2019-09-25T01:22:48.000Z</time>
   </trkpt>
   <trkpt lat="-8.03857" lon="-34.902063">
    <ele>15.8</ele>
    <time>2019-09-25T01:22:50.000Z</time>
   </trkpt>
   <trkpt lat="-8.0386" lon="-34.902023">
    <ele>15.9</ele>
    <time>2019-09-25T01:22:52.000Z</time>
   </trkpt>
   <trkpt lat="-8.03862" lon="-34.90198">
    <ele>16</ele>
    <time>2019-09-25T01:22:54.000Z</time>
   </trkpt>
   <trkpt lat="-8.038615" lon="-34.901951">
    <ele>16</ele>
    <time>2019-09-25T01:22:56.000Z</time>
   </trkpt>
   <trkpt lat="-8.038603" lon="-34.901915">
    <ele>16.1</ele>
    <time>2019-09-25T01:22:58.000Z</time>
   </trkpt>
   <trkpt lat="-8.038634" lon="-34.901857">
    <ele>16.2</ele>
    <time>2019-09-25T01:23:13.000Z</time>
   </trkpt>
   <trkpt lat="-8.038652" lon="-34.901825">
    <ele>16.3</ele>
    <time>2019-09-25T01:23:15.000Z</time>
   </trkpt>
   <trkpt lat="-8.038668" lon="-34.901799">
    <ele>16.3</ele>
    <time>2019-09-25T01:23:16.000Z</time>
   </trkpt>
   <trkpt lat="-8.038701" lon="-34.901779">
    <ele>16.4</ele>
    <time>2019-09-25T01:23:17.000Z</time>
   </trkpt>
   <trkpt lat="-8.038743" lon="-34.901754">
    <ele>16.6</ele>
    <time>2019-09-25T01:23:18.000Z</time>
   </trkpt>
   <trkpt lat="-8.038776" lon="-34.901738">
    <ele>16.9</ele>
    <time>2019-09-25T01:23:19.000Z</time>
   </trkpt>
   <trkpt lat="-8.038803" lon="-34.901718">
    <ele>17.2</ele>
    <time>2019-09-25T01:23:20.000Z</time>
   </trkpt>
   <trkpt lat="-8.038832" lon="-34.901698">
    <ele>17.6</ele>
    <time>2019-09-25T01:23:21.000Z</time>
   </trkpt>
   <trkpt lat="-8.038855" lon="-34.901682">
    <ele>17.8</ele>
    <time>2019-09-25T01:23:22.000Z</time>
   </trkpt>
   <trkpt lat="-8.038888" lon="-34.901668">
    <ele>18.2</ele>
    <time>2019-09-25T01:23:23.000Z</time>
   </trkpt>
   <trkpt lat="-8.038916" lon="-34.901646">
    <ele>18.3</ele>
    <time>2019-09-25T01:23:24.000Z</time>
   </trkpt>
   <trkpt lat="-8.038944" lon="-34.901603">
    <ele>18.5</ele>
    <time>2019-09-25T01:23:25.000Z</time>
   </trkpt>
   <trkpt lat="-8.038959" lon="-34.901561">
    <ele>18.6</ele>
    <time>2019-09-25T01:23:26.000Z</time>
   </trkpt>
   <trkpt lat="-8.038991" lon="-34.901538">
    <ele>18.7</ele>
    <time>2019-09-25T01:23:27.000Z</time>
   </trkpt>
   <trkpt lat="-8.039031" lon="-34.901503">
    <ele>18.6</ele>
    <time>2019-09-25T01:23:28.000Z</time>
   </trkpt>
   <trkpt lat="-8.039066" lon="-34.901463">
    <ele>18.3</ele>
    <time>2019-09-25T01:23:29.000Z</time>
   </trkpt>
   <trkpt lat="-8.039103" lon="-34.901423">
    <ele>17.9</ele>
    <time>2019-09-25T01:23:30.000Z</time>
   </trkpt>
   <trkpt lat="-8.039133" lon="-34.901397">
    <ele>17.4</ele>
    <time>2019-09-25T01:23:31.000Z</time>
   </trkpt>
   <trkpt lat="-8.039168" lon="-34.90138">
    <ele>16.8</ele>
    <time>2019-09-25T01:23:32.000Z</time>
   </trkpt>
   <trkpt lat="-8.039203" lon="-34.901373">
    <ele>16.4</ele>
    <time>2019-09-25T01:23:33.000Z</time>
   </trkpt>
   <trkpt lat="-8.03926" lon="-34.901336">
    <ele>15.6</ele>
    <time>2019-09-25T01:23:35.000Z</time>
   </trkpt>
   <trkpt lat="-8.039284" lon="-34.901306">
    <ele>15.1</ele>
    <time>2019-09-25T01:23:36.000Z</time>
   </trkpt>
   <trkpt lat="-8.039315" lon="-34.901281">
    <ele>14.6</ele>
    <time>2019-09-25T01:23:38.000Z</time>
   </trkpt>
   <trkpt lat="-8.039354" lon="-34.901275">
    <ele>14</ele>
    <time>2019-09-25T01:23:39.000Z</time>
   </trkpt>
   <trkpt lat="-8.039381" lon="-34.901238">
    <ele>13.5</ele>
    <time>2019-09-25T01:23:40.000Z</time>
   </trkpt>
   <trkpt lat="-8.039414" lon="-34.901202">
    <ele>12.9</ele>
    <time>2019-09-25T01:23:41.000Z</time>
   </trkpt>
   <trkpt lat="-8.039444" lon="-34.901155">
    <ele>12.8</ele>
    <time>2019-09-25T01:23:42.000Z</time>
   </trkpt>
   <trkpt lat="-8.039473" lon="-34.901127">
    <ele>12.9</ele>
    <time>2019-09-25T01:23:43.000Z</time>
   </trkpt>
   <trkpt lat="-8.039501" lon="-34.9011">
    <ele>12.9</ele>
    <time>2019-09-25T01:23:44.000Z</time>
   </trkpt>
   <trkpt lat="-8.039525" lon="-34.901078">
    <ele>12.9</ele>
    <time>2019-09-25T01:23:45.000Z</time>
   </trkpt>
   <trkpt lat="-8.039556" lon="-34.901059">
    <ele>13</ele>
    <time>2019-09-25T01:23:46.000Z</time>
   </trkpt>
   <trkpt lat="-8.039598" lon="-34.901051">
    <ele>13</ele>
    <time>2019-09-25T01:23:47.000Z</time>
   </trkpt>
   <trkpt lat="-8.039627" lon="-34.901026">
    <ele>13</ele>
    <time>2019-09-25T01:23:48.000Z</time>
   </trkpt>
   <trkpt lat="-8.039667" lon="-34.901004">
    <ele>13</ele>
    <time>2019-09-25T01:23:49.000Z</time>
   </trkpt>
   <trkpt lat="-8.039702" lon="-34.900986">
    <ele>13.1</ele>
    <time>2019-09-25T01:23:50.000Z</time>
   </trkpt>
   <trkpt lat="-8.03973" lon="-34.900972">
    <ele>13.1</ele>
    <time>2019-09-25T01:23:51.000Z</time>
   </trkpt>
   <trkpt lat="-8.03976" lon="-34.900957">
    <ele>13.1</ele>
    <time>2019-09-25T01:23:52.000Z</time>
   </trkpt>
   <trkpt lat="-8.039788" lon="-34.900949">
    <ele>13.1</ele>
    <time>2019-09-25T01:23:53.000Z</time>
   </trkpt>
   <trkpt lat="-8.039813" lon="-34.900933">
    <ele>13.1</ele>
    <time>2019-09-25T01:23:54.000Z</time>
   </trkpt>
   <trkpt lat="-8.03984" lon="-34.900904">
    <ele>13.1</ele>
    <time>2019-09-25T01:23:56.000Z</time>
   </trkpt>
   <trkpt lat="-8.03986" lon="-34.900837">
    <ele>13.1</ele>
    <time>2019-09-25T01:23:57.000Z</time>
   </trkpt>
   <trkpt lat="-8.039873" lon="-34.900806">
    <ele>13.1</ele>
    <time>2019-09-25T01:23:58.000Z</time>
   </trkpt>
   <trkpt lat="-8.039926" lon="-34.900759">
    <ele>13.2</ele>
    <time>2019-09-25T01:23:59.000Z</time>
   </trkpt>
   <trkpt lat="-8.039954" lon="-34.90072">
    <ele>13.2</ele>
    <time>2019-09-25T01:24:00.000Z</time>
   </trkpt>
   <trkpt lat="-8.039993" lon="-34.900694">
    <ele>13.2</ele>
    <time>2019-09-25T01:24:01.000Z</time>
   </trkpt>
   <trkpt lat="-8.040037" lon="-34.900683">
    <ele>13.2</ele>
    <time>2019-09-25T01:24:02.000Z</time>
   </trkpt>
   <trkpt lat="-8.040093" lon="-34.900673">
    <ele>13.2</ele>
    <time>2019-09-25T01:24:03.000Z</time>
   </trkpt>
   <trkpt lat="-8.040135" lon="-34.900666">
    <ele>13.2</ele>
    <time>2019-09-25T01:24:04.000Z</time>
   </trkpt>
   <trkpt lat="-8.040165" lon="-34.900639">
    <ele>13.2</ele>
    <time>2019-09-25T01:24:05.000Z</time>
   </trkpt>
   <trkpt lat="-8.040196" lon="-34.900572">
    <ele>13.2</ele>
    <time>2019-09-25T01:24:06.000Z</time>
   </trkpt>
   <trkpt lat="-8.040238" lon="-34.900512">
    <ele>13.3</ele>
    <time>2019-09-25T01:24:07.000Z</time>
   </trkpt>
   <trkpt lat="-8.040271" lon="-34.900458">
    <ele>13.3</ele>
    <time>2019-09-25T01:24:08.000Z</time>
   </trkpt>
   <trkpt lat="-8.04031" lon="-34.900417">
    <ele>13.3</ele>
    <time>2019-09-25T01:24:09.000Z</time>
   </trkpt>
   <trkpt lat="-8.040343" lon="-34.900381">
    <ele>13.3</ele>
    <time>2019-09-25T01:24:10.000Z</time>
   </trkpt>
   <trkpt lat="-8.040373" lon="-34.900349">
    <ele>13.3</ele>
    <time>2019-09-25T01:24:11.000Z</time>
   </trkpt>
   <trkpt lat="-8.040398" lon="-34.90031">
    <ele>13.2</ele>
    <time>2019-09-25T01:24:12.000Z</time>
   </trkpt>
   <trkpt lat="-8.04043" lon="-34.900286">
    <ele>13.2</ele>
    <time>2019-09-25T01:24:13.000Z</time>
   </trkpt>
   <trkpt lat="-8.040472" lon="-34.900279">
    <ele>13.2</ele>
    <time>2019-09-25T01:24:14.000Z</time>
   </trkpt>
   <trkpt lat="-8.040514" lon="-34.900272">
    <ele>13.2</ele>
    <time>2019-09-25T01:24:15.000Z</time>
   </trkpt>
   <trkpt lat="-8.040564" lon="-34.900259">
    <ele>13.2</ele>
    <time>2019-09-25T01:24:16.000Z</time>
   </trkpt>
   <trkpt lat="-8.040606" lon="-34.900245">
    <ele>13.1</ele>
    <time>2019-09-25T01:24:17.000Z</time>
   </trkpt>
   <trkpt lat="-8.040653" lon="-34.900233">
    <ele>13.1</ele>
    <time>2019-09-25T01:24:19.000Z</time>
   </trkpt>
   <trkpt lat="-8.040691" lon="-34.900171">
    <ele>13</ele>
    <time>2019-09-25T01:24:20.000Z</time>
   </trkpt>
   <trkpt lat="-8.04072" lon="-34.900125">
    <ele>12.9</ele>
    <time>2019-09-25T01:24:21.000Z</time>
   </trkpt>
   <trkpt lat="-8.040753" lon="-34.900078">
    <ele>12.8</ele>
    <time>2019-09-25T01:24:22.000Z</time>
   </trkpt>
   <trkpt lat="-8.040763" lon="-34.900024">
    <ele>12.7</ele>
    <time>2019-09-25T01:24:23.000Z</time>
   </trkpt>
   <trkpt lat="-8.040781" lon="-34.89999">
    <ele>12.6</ele>
    <time>2019-09-25T01:24:24.000Z</time>
   </trkpt>
   <trkpt lat="-8.040803" lon="-34.899975">
    <ele>12.5</ele>
    <time>2019-09-25T01:24:25.000Z</time>
   </trkpt>
   <trkpt lat="-8.040838" lon="-34.899948">
    <ele>12.3</ele>
    <time>2019-09-25T01:24:26.000Z</time>
   </trkpt>
   <trkpt lat="-8.040871" lon="-34.899913">
    <ele>12</ele>
    <time>2019-09-25T01:24:27.000Z</time>
   </trkpt>
   <trkpt lat="-8.040914" lon="-34.899881">
    <ele>11.8</ele>
    <time>2019-09-25T01:24:28.000Z</time>
   </trkpt>
   <trkpt lat="-8.040964" lon="-34.899863">
    <ele>11.5</ele>
    <time>2019-09-25T01:24:29.000Z</time>
   </trkpt>
   <trkpt lat="-8.040996" lon="-34.899829">
    <ele>11.4</ele>
    <time>2019-09-25T01:24:30.000Z</time>
   </trkpt>
   <trkpt lat="-8.041031" lon="-34.899796">
    <ele>11.2</ele>
    <time>2019-09-25T01:24:31.000Z</time>
   </trkpt>
   <trkpt lat="-8.041067" lon="-34.899756">
    <ele>11</ele>
    <time>2019-09-25T01:24:32.000Z</time>
   </trkpt>
   <trkpt lat="-8.041114" lon="-34.899716">
    <ele>10.9</ele>
    <time>2019-09-25T01:24:33.000Z</time>
   </trkpt>
   <trkpt lat="-8.041157" lon="-34.899681">
    <ele>10.7</ele>
    <time>2019-09-25T01:24:34.000Z</time>
   </trkpt>
   <trkpt lat="-8.041195" lon="-34.899655">
    <ele>10.5</ele>
    <time>2019-09-25T01:24:35.000Z</time>
   </trkpt>
   <trkpt lat="-8.041238" lon="-34.899627">
    <ele>10.3</ele>
    <time>2019-09-25T01:24:36.000Z</time>
   </trkpt>
   <trkpt lat="-8.041273" lon="-34.899591">
    <ele>10.1</ele>
    <time>2019-09-25T01:24:37.000Z</time>
   </trkpt>
   <trkpt lat="-8.04132" lon="-34.899569">
    <ele>9.8</ele>
    <time>2019-09-25T01:24:38.000Z</time>
   </trkpt>
   <trkpt lat="-8.041358" lon="-34.899542">
    <ele>9.6</ele>
    <time>2019-09-25T01:24:39.000Z</time>
   </trkpt>
   <trkpt lat="-8.041396" lon="-34.899514">
    <ele>10.4</ele>
    <time>2019-09-25T01:24:40.000Z</time>
   </trkpt>
   <trkpt lat="-8.041443" lon="-34.89949">
    <ele>10.7</ele>
    <time>2019-09-25T01:24:41.000Z</time>
   </trkpt>
   <trkpt lat="-8.041474" lon="-34.899462">
    <ele>10.9</ele>
    <time>2019-09-25T01:24:42.000Z</time>
   </trkpt>
   <trkpt lat="-8.041507" lon="-34.899428">
    <ele>11.2</ele>
    <time>2019-09-25T01:24:43.000Z</time>
   </trkpt>
   <trkpt lat="-8.041556" lon="-34.899412">
    <ele>11.4</ele>
    <time>2019-09-25T01:24:44.000Z</time>
   </trkpt>
   <trkpt lat="-8.0416" lon="-34.899388">
    <ele>11.7</ele>
    <time>2019-09-25T01:24:45.000Z</time>
   </trkpt>
   <trkpt lat="-8.04163" lon="-34.89936">
    <ele>11.9</ele>
    <time>2019-09-25T01:24:46.000Z</time>
   </trkpt>
   <trkpt lat="-8.041652" lon="-34.899324">
    <ele>12.1</ele>
    <time>2019-09-25T01:24:47.000Z</time>
   </trkpt>
   <trkpt lat="-8.041697" lon="-34.899291">
    <ele>12.4</ele>
    <time>2019-09-25T01:24:48.000Z</time>
   </trkpt>
   <trkpt lat="-8.041742" lon="-34.899262">
    <ele>12.7</ele>
    <time>2019-09-25T01:24:49.000Z</time>
   </trkpt>
   <trkpt lat="-8.041787" lon="-34.899243">
    <ele>13</ele>
    <time>2019-09-25T01:24:50.000Z</time>
   </trkpt>
   <trkpt lat="-8.041831" lon="-34.899236">
    <ele>13.2</ele>
    <time>2019-09-25T01:24:52.000Z</time>
   </trkpt>
   <trkpt lat="-8.041857" lon="-34.899249">
    <ele>13.4</ele>
    <time>2019-09-25T01:24:53.000Z</time>
   </trkpt>
   <trkpt lat="-8.041885" lon="-34.899254">
    <ele>13.5</ele>
    <time>2019-09-25T01:24:54.000Z</time>
   </trkpt>
   <trkpt lat="-8.041919" lon="-34.899233">
    <ele>13.7</ele>
    <time>2019-09-25T01:24:55.000Z</time>
   </trkpt>
   <trkpt lat="-8.041952" lon="-34.899166">
    <ele>14.2</ele>
    <time>2019-09-25T01:24:56.000Z</time>
   </trkpt>
   <trkpt lat="-8.041984" lon="-34.899111">
    <ele>14.8</ele>
    <time>2019-09-25T01:24:57.000Z</time>
   </trkpt>
   <trkpt lat="-8.042029" lon="-34.899067">
    <ele>15.3</ele>
    <time>2019-09-25T01:24:58.000Z</time>
   </trkpt>
   <trkpt lat="-8.042073" lon="-34.899035">
    <ele>15.7</ele>
    <time>2019-09-25T01:24:59.000Z</time>
   </trkpt>
   <trkpt lat="-8.04212" lon="-34.899018">
    <ele>15.6</ele>
    <time>2019-09-25T01:25:00.000Z</time>
   </trkpt>
   <trkpt lat="-8.042166" lon="-34.899001">
    <ele>15.4</ele>
    <time>2019-09-25T01:25:01.000Z</time>
   </trkpt>
   <trkpt lat="-8.042195" lon="-34.899006">
    <ele>15.3</ele>
    <time>2019-09-25T01:25:02.000Z</time>
   </trkpt>
   <trkpt lat="-8.042237" lon="-34.898981">
    <ele>15.2</ele>
    <time>2019-09-25T01:25:06.000Z</time>
   </trkpt>
   <trkpt lat="-8.042266" lon="-34.898972">
    <ele>15.1</ele>
    <time>2019-09-25T01:25:07.000Z</time>
   </trkpt>
   <trkpt lat="-8.042295" lon="-34.898958">
    <ele>15.1</ele>
    <time>2019-09-25T01:25:08.000Z</time>
   </trkpt>
   <trkpt lat="-8.042325" lon="-34.898931">
    <ele>15</ele>
    <time>2019-09-25T01:25:09.000Z</time>
   </trkpt>
   <trkpt lat="-8.042355" lon="-34.898908">
    <ele>14.9</ele>
    <time>2019-09-25T01:25:10.000Z</time>
   </trkpt>
   <trkpt lat="-8.042386" lon="-34.898868">
    <ele>14.7</ele>
    <time>2019-09-25T01:25:11.000Z</time>
   </trkpt>
   <trkpt lat="-8.042411" lon="-34.898815">
    <ele>14.7</ele>
    <time>2019-09-25T01:25:12.000Z</time>
   </trkpt>
   <trkpt lat="-8.042434" lon="-34.898791">
    <ele>14.8</ele>
    <time>2019-09-25T01:25:13.000Z</time>
   </trkpt>
   <trkpt lat="-8.042457" lon="-34.898766">
    <ele>14.8</ele>
    <time>2019-09-25T01:25:14.000Z</time>
   </trkpt>
   <trkpt lat="-8.042477" lon="-34.898728">
    <ele>14.9</ele>
    <time>2019-09-25T01:25:15.000Z</time>
   </trkpt>
   <trkpt lat="-8.042502" lon="-34.898707">
    <ele>14.9</ele>
    <time>2019-09-25T01:25:16.000Z</time>
   </trkpt>
   <trkpt lat="-8.04255" lon="-34.898709">
    <ele>14.9</ele>
    <time>2019-09-25T01:25:18.000Z</time>
   </trkpt>
   <trkpt lat="-8.042579" lon="-34.898708">
    <ele>15</ele>
    <time>2019-09-25T01:25:19.000Z</time>
   </trkpt>
   <trkpt lat="-8.042607" lon="-34.898693">
    <ele>15</ele>
    <time>2019-09-25T01:25:20.000Z</time>
   </trkpt>
   <trkpt lat="-8.042643" lon="-34.898686">
    <ele>15.1</ele>
    <time>2019-09-25T01:25:21.000Z</time>
   </trkpt>
   <trkpt lat="-8.042682" lon="-34.898647">
    <ele>15.2</ele>
    <time>2019-09-25T01:25:22.000Z</time>
   </trkpt>
   <trkpt lat="-8.042721" lon="-34.898637">
    <ele>15.3</ele>
    <time>2019-09-25T01:25:23.000Z</time>
   </trkpt>
   <trkpt lat="-8.042763" lon="-34.898631">
    <ele>15.4</ele>
    <time>2019-09-25T01:25:24.000Z</time>
   </trkpt>
   <trkpt lat="-8.042801" lon="-34.898603">
    <ele>15.6</ele>
    <time>2019-09-25T01:25:25.000Z</time>
   </trkpt>
   <trkpt lat="-8.042848" lon="-34.898584">
    <ele>15.7</ele>
    <time>2019-09-25T01:25:26.000Z</time>
   </trkpt>
   <trkpt lat="-8.04288" lon="-34.898569">
    <ele>15.9</ele>
    <time>2019-09-25T01:25:27.000Z</time>
   </trkpt>
   <trkpt lat="-8.042916" lon="-34.898552">
    <ele>15.9</ele>
    <time>2019-09-25T01:25:28.000Z</time>
   </trkpt>
   <trkpt lat="-8.042962" lon="-34.898544">
    <ele>15.8</ele>
    <time>2019-09-25T01:25:29.000Z</time>
   </trkpt>
   <trkpt lat="-8.043001" lon="-34.898541">
    <ele>15.8</ele>
    <time>2019-09-25T01:25:30.000Z</time>
   </trkpt>
   <trkpt lat="-8.04304" lon="-34.89854">
    <ele>15.8</ele>
    <time>2019-09-25T01:25:31.000Z</time>
   </trkpt>
   <trkpt lat="-8.043075" lon="-34.898538">
    <ele>15.8</ele>
    <time>2019-09-25T01:25:32.000Z</time>
   </trkpt>
   <trkpt lat="-8.04314" lon="-34.898527">
    <ele>15.8</ele>
    <time>2019-09-25T01:25:34.000Z</time>
   </trkpt>
   <trkpt lat="-8.043174" lon="-34.898521">
    <ele>15.8</ele>
    <time>2019-09-25T01:25:35.000Z</time>
   </trkpt>
   <trkpt lat="-8.043198" lon="-34.898501">
    <ele>15.8</ele>
    <time>2019-09-25T01:25:36.000Z</time>
   </trkpt>
   <trkpt lat="-8.043226" lon="-34.898478">
    <ele>15.7</ele>
    <time>2019-09-25T01:25:37.000Z</time>
   </trkpt>
   <trkpt lat="-8.043286" lon="-34.898467">
    <ele>15.7</ele>
    <time>2019-09-25T01:25:39.000Z</time>
   </trkpt>
   <trkpt lat="-8.043319" lon="-34.898442">
    <ele>15.7</ele>
    <time>2019-09-25T01:25:40.000Z</time>
   </trkpt>
   <trkpt lat="-8.043349" lon="-34.898438">
    <ele>15.7</ele>
    <time>2019-09-25T01:25:41.000Z</time>
   </trkpt>
   <trkpt lat="-8.04339" lon="-34.89845">
    <ele>15.6</ele>
    <time>2019-09-25T01:25:42.000Z</time>
   </trkpt>
   <trkpt lat="-8.043431" lon="-34.898442">
    <ele>15.6</ele>
    <time>2019-09-25T01:25:43.000Z</time>
   </trkpt>
   <trkpt lat="-8.043471" lon="-34.898437">
    <ele>15.5</ele>
    <time>2019-09-25T01:25:44.000Z</time>
   </trkpt>
   <trkpt lat="-8.043505" lon="-34.898433">
    <ele>15.5</ele>
    <time>2019-09-25T01:25:45.000Z</time>
   </trkpt>
   <trkpt lat="-8.043539" lon="-34.89843">
    <ele>15.4</ele>
    <time>2019-09-25T01:25:46.000Z</time>
   </trkpt>
   <trkpt lat="-8.04357" lon="-34.898436">
    <ele>15.4</ele>
    <time>2019-09-25T01:25:47.000Z</time>
   </trkpt>
   <trkpt lat="-8.043629" lon="-34.898432">
    <ele>15.3</ele>
    <time>2019-09-25T01:25:49.000Z</time>
   </trkpt>
   <trkpt lat="-8.043664" lon="-34.898415">
    <ele>15.2</ele>
    <time>2019-09-25T01:25:50.000Z</time>
   </trkpt>
   <trkpt lat="-8.0437" lon="-34.898395">
    <ele>15.2</ele>
    <time>2019-09-25T01:25:51.000Z</time>
   </trkpt>
   <trkpt lat="-8.043733" lon="-34.898374">
    <ele>15.1</ele>
    <time>2019-09-25T01:25:52.000Z</time>
   </trkpt>
   <trkpt lat="-8.043769" lon="-34.898331">
    <ele>15</ele>
    <time>2019-09-25T01:25:53.000Z</time>
   </trkpt>
   <trkpt lat="-8.043776" lon="-34.898291">
    <ele>14.9</ele>
    <time>2019-09-25T01:25:54.000Z</time>
   </trkpt>
   <trkpt lat="-8.043785" lon="-34.89826">
    <ele>14.8</ele>
    <time>2019-09-25T01:25:55.000Z</time>
   </trkpt>
   <trkpt lat="-8.043793" lon="-34.898206">
    <ele>14.4</ele>
    <time>2019-09-25T01:25:57.000Z</time>
   </trkpt>
   <trkpt lat="-8.043802" lon="-34.898178">
    <ele>14.4</ele>
    <time>2019-09-25T01:25:58.000Z</time>
   </trkpt>
   <trkpt lat="-8.043827" lon="-34.898141">
    <ele>14.4</ele>
    <time>2019-09-25T01:25:59.000Z</time>
   </trkpt>
   <trkpt lat="-8.043824" lon="-34.898072">
    <ele>14.4</ele>
    <time>2019-09-25T01:26:01.000Z</time>
   </trkpt>
   <trkpt lat="-8.043804" lon="-34.898008">
    <ele>14.4</ele>
    <time>2019-09-25T01:26:03.000Z</time>
   </trkpt>
   <trkpt lat="-8.043799" lon="-34.897971">
    <ele>14.4</ele>
    <time>2019-09-25T01:26:04.000Z</time>
   </trkpt>
   <trkpt lat="-8.043801" lon="-34.897934">
    <ele>14.4</ele>
    <time>2019-09-25T01:26:05.000Z</time>
   </trkpt>
   <trkpt lat="-8.043791" lon="-34.897906">
    <ele>14.4</ele>
    <time>2019-09-25T01:26:06.000Z</time>
   </trkpt>
   <trkpt lat="-8.043776" lon="-34.897861">
    <ele>14.3</ele>
    <time>2019-09-25T01:26:08.000Z</time>
   </trkpt>
   <trkpt lat="-8.043748" lon="-34.897812">
    <ele>14.3</ele>
    <time>2019-09-25T01:26:10.000Z</time>
   </trkpt>
   <trkpt lat="-8.043729" lon="-34.897777">
    <ele>14.3</ele>
    <time>2019-09-25T01:26:11.000Z</time>
   </trkpt>
   <trkpt lat="-8.043714" lon="-34.897733">
    <ele>14.2</ele>
    <time>2019-09-25T01:26:13.000Z</time>
   </trkpt>
   <trkpt lat="-8.043702" lon="-34.897706">
    <ele>14.2</ele>
    <time>2019-09-25T01:26:15.000Z</time>
   </trkpt>
   <trkpt lat="-8.043696" lon="-34.897673">
    <ele>14.2</ele>
    <time>2019-09-25T01:26:16.000Z</time>
   </trkpt>
   <trkpt lat="-8.043689" lon="-34.897645">
    <ele>14.1</ele>
    <time>2019-09-25T01:26:17.000Z</time>
   </trkpt>
   <trkpt lat="-8.04367" lon="-34.897626">
    <ele>14</ele>
    <time>2019-09-25T01:26:18.000Z</time>
   </trkpt>
   <trkpt lat="-8.043676" lon="-34.897597">
    <ele>14</ele>
    <time>2019-09-25T01:26:20.000Z</time>
   </trkpt>
   <trkpt lat="-8.043698" lon="-34.897573">
    <ele>13.9</ele>
    <time>2019-09-25T01:26:26.000Z</time>
   </trkpt>
   <trkpt lat="-8.043652" lon="-34.897503">
    <ele>13.6</ele>
    <time>2019-09-25T01:27:34.000Z</time>
   </trkpt>
   <trkpt lat="-8.04363" lon="-34.89752">
    <ele>13.5</ele>
    <time>2019-09-25T01:27:39.000Z</time>
   </trkpt>
   <trkpt lat="-8.04363" lon="-34.897549">
    <ele>13.4</ele>
    <time>2019-09-25T01:27:47.000Z</time>
   </trkpt>
   <trkpt lat="-8.043606" lon="-34.897532">
    <ele>12.7</ele>
    <time>2019-09-25T01:27:53.000Z</time>
   </trkpt>
   <trkpt lat="-8.04358" lon="-34.89754">
    <ele>12.7</ele>
    <time>2019-09-25T01:27:56.000Z</time>
   </trkpt>
   <trkpt lat="-8.043558" lon="-34.897558">
    <ele>12.8</ele>
    <time>2019-09-25T01:28:05.000Z</time>
   </trkpt>
   <trkpt lat="-8.043563" lon="-34.897527">
    <ele>12.8</ele>
    <time>2019-09-25T01:30:41.000Z</time>
   </trkpt>
   <trkpt lat="-8.043534" lon="-34.897501">
    <ele>12.9</ele>
    <time>2019-09-25T01:30:48.000Z</time>
   </trkpt>
   <trkpt lat="-8.043508" lon="-34.897516">
    <ele>13</ele>
    <time>2019-09-25T01:30:57.000Z</time>
   </trkpt>
   <trkpt lat="-8.043478" lon="-34.897516">
    <ele>13</ele>
    <time>2019-09-25T01:31:00.000Z</time>
   </trkpt>
   <trkpt lat="-8.043454" lon="-34.897536">
    <ele>13.1</ele>
    <time>2019-09-25T01:31:04.000Z</time>
   </trkpt>
   <trkpt lat="-8.043447" lon="-34.897566">
    <ele>13.1</ele>
    <time>2019-09-25T01:31:09.000Z</time>
   </trkpt>
   <trkpt lat="-8.043462" lon="-34.89759">
    <ele>13.2</ele>
    <time>2019-09-25T01:31:18.000Z</time>
   </trkpt>
   <trkpt lat="-8.043446" lon="-34.897521">
    <ele>13.3</ele>
    <time>2019-09-25T01:32:07.000Z</time>
   </trkpt>
   <trkpt lat="-8.043434" lon="-34.897496">
    <ele>13.4</ele>
    <time>2019-09-25T01:32:17.000Z</time>
   </trkpt>
   <trkpt lat="-8.043406" lon="-34.89749">
    <ele>13.5</ele>
    <time>2019-09-25T01:32:21.000Z</time>
   </trkpt>
   <trkpt lat="-8.043373" lon="-34.89748">
    <ele>13.6</ele>
    <time>2019-09-25T01:32:25.000Z</time>
   </trkpt>
   <trkpt lat="-8.043393" lon="-34.897499">
    <ele>13.7</ele>
    <time>2019-09-25T01:32:31.000Z</time>
   </trkpt>
   <trkpt lat="-8.043393" lon="-34.897528">
    <ele>13.8</ele>
    <time>2019-09-25T01:32:35.000Z</time>
   </trkpt>
   <trkpt lat="-8.043418" lon="-34.897545">
    <ele>13.9</ele>
    <time>2019-09-25T01:32:40.000Z</time>
   </trkpt>
   <trkpt lat="-8.043427" lon="-34.897571">
    <ele>13.9</ele>
    <time>2019-09-25T01:32:45.000Z</time>
   </trkpt>
   <trkpt lat="-8.043373" lon="-34.897575">
    <ele>14.1</ele>
    <time>2019-09-25T01:32:54.000Z</time>
   </trkpt>
   <trkpt lat="-8.043342" lon="-34.897575">
    <ele>14.2</ele>
    <time>2019-09-25T01:32:57.000Z</time>
   </trkpt>
   <trkpt lat="-8.043304" lon="-34.897577">
    <ele>14.3</ele>
    <time>2019-09-25T01:32:59.000Z</time>
   </trkpt>
   <trkpt lat="-8.043276" lon="-34.897571">
    <ele>14.4</ele>
    <time>2019-09-25T01:33:01.000Z</time>
   </trkpt>
   <trkpt lat="-8.043177" lon="-34.897579">
    <ele>15.4</ele>
    <time>2019-09-25T01:33:05.000Z</time>
   </trkpt>
   <trkpt lat="-8.043139" lon="-34.897591">
    <ele>15.4</ele>
    <time>2019-09-25T01:33:06.000Z</time>
   </trkpt>
   <trkpt lat="-8.043221" lon="-34.897598">
    <ele>15.4</ele>
    <time>2019-09-25T01:33:07.000Z</time>
   </trkpt>
   <trkpt lat="-8.043086" lon="-34.897605">
    <ele>15.5</ele>
    <time>2019-09-25T01:33:11.000Z</time>
   </trkpt>
   <trkpt lat="-8.043378" lon="-34.897512">
    <ele>13.6</ele>
    <time>2019-09-25T01:33:17.000Z</time>
   </trkpt>
   <trkpt lat="-8.043546" lon="-34.897569">
    <ele>13.1</ele>
    <time>2019-09-25T01:33:20.000Z</time>
   </trkpt>
   <trkpt lat="-8.043519" lon="-34.897553">
    <ele>13</ele>
    <time>2019-09-25T01:33:34.000Z</time>
   </trkpt>
   <trkpt lat="-8.04353" lon="-34.897527">
    <ele>12.9</ele>
    <time>2019-09-25T01:33:39.000Z</time>
   </trkpt>
   <trkpt lat="-8.04354" lon="-34.8975">
    <ele>12.9</ele>
    <time>2019-09-25T01:33:48.000Z</time>
   </trkpt>
   <trkpt lat="-8.043551" lon="-34.897473">
    <ele>12.8</ele>
    <time>2019-09-25T01:33:59.000Z</time>
   </trkpt>
   <trkpt lat="-8.043561" lon="-34.897447">
    <ele>12.7</ele>
    <time>2019-09-25T01:34:05.000Z</time>
   </trkpt>
   <trkpt lat="-8.043572" lon="-34.89742">
    <ele>12.6</ele>
    <time>2019-09-25T01:34:10.000Z</time>
   </trkpt>
   <trkpt lat="-8.043582" lon="-34.897393">
    <ele>12.6</ele>
    <time>2019-09-25T01:34:13.000Z</time>
   </trkpt>
   <trkpt lat="-8.043593" lon="-34.897367">
    <ele>12.5</ele>
    <time>2019-09-25T01:34:51.000Z</time>
   </trkpt>
   <trkpt lat="-8.043603" lon="-34.89734">
    <ele>12.4</ele>
    <time>2019-09-25T01:34:54.000Z</time>
   </trkpt>
   <trkpt lat="-8.043721" lon="-34.897215">
    <ele>13.8</ele>
    <time>2019-09-25T01:34:58.000Z</time>
   </trkpt>
   <trkpt lat="-8.043736" lon="-34.897167">
    <ele>14</ele>
    <time>2019-09-25T01:34:59.000Z</time>
   </trkpt>
   <trkpt lat="-8.043745" lon="-34.89713">
    <ele>14</ele>
    <time>2019-09-25T01:35:00.000Z</time>
   </trkpt>
   <trkpt lat="-8.043741" lon="-34.896934">
    <ele>14.4</ele>
    <time>2019-09-25T01:35:07.000Z</time>
   </trkpt>
   <trkpt lat="-8.043746" lon="-34.8969">
    <ele>14.5</ele>
    <time>2019-09-25T01:35:10.000Z</time>
   </trkpt>
   <trkpt lat="-8.043686" lon="-34.896966">
    <ele>14.7</ele>
    <time>2019-09-25T01:35:14.000Z</time>
   </trkpt>
   <trkpt lat="-8.043681" lon="-34.897023">
    <ele>14.7</ele>
    <time>2019-09-25T01:35:17.000Z</time>
   </trkpt>
   <trkpt lat="-8.04369" lon="-34.897066">
    <ele>14.8</ele>
    <time>2019-09-25T01:35:19.000Z</time>
   </trkpt>
  </trkseg>
 </trk>
</gpx>
