<?xml version="1.0" encoding="UTF-8"?>
<gpx creator="StravaGPX" version="1.1" xmlns="http://www.topografix.com/GPX/1/1">
 <metadata>
  <time>2020-02-12T23:01:29Z</time>
 </metadata>
 <trk>
  <name>Bike Escola</name>
  <type>1</type>
  <trkseg>
   <trkpt lat="-8.036654" lon="-34.892655">
    <ele>7.1</ele>
    <time>2020-02-12T23:01:29.000Z</time>
   </trkpt>
   <trkpt lat="-8.036608" lon="-34.892648">
    <ele>7.1</ele>
    <time>2020-02-12T23:01:30.000Z</time>
   </trkpt>
   <trkpt lat="-8.036571" lon="-34.892633">
    <ele>7.1</ele>
    <time>2020-02-12T23:01:31.000Z</time>
   </trkpt>
   <trkpt lat="-8.036523" lon="-34.892616">
    <ele>7.1</ele>
    <time>2020-02-12T23:01:32.000Z</time>
   </trkpt>
   <trkpt lat="-8.036474" lon="-34.8926">
    <ele>7</ele>
    <time>2020-02-12T23:01:33.000Z</time>
   </trkpt>
   <trkpt lat="-8.036434" lon="-34.892576">
    <ele>6.7</ele>
    <time>2020-02-12T23:01:34.000Z</time>
   </trkpt>
   <trkpt lat="-8.036396" lon="-34.892556">
    <ele>6.5</ele>
    <time>2020-02-12T23:01:35.000Z</time>
   </trkpt>
   <trkpt lat="-8.036357" lon="-34.892538">
    <ele>6.3</ele>
    <time>2020-02-12T23:01:36.000Z</time>
   </trkpt>
   <trkpt lat="-8.036314" lon="-34.892512">
    <ele>6.1</ele>
    <time>2020-02-12T23:01:37.000Z</time>
   </trkpt>
   <trkpt lat="-8.03627" lon="-34.892511">
    <ele>5.8</ele>
    <time>2020-02-12T23:01:38.000Z</time>
   </trkpt>
   <trkpt lat="-8.036213" lon="-34.892488">
    <ele>5.8</ele>
    <time>2020-02-12T23:01:39.000Z</time>
   </trkpt>
   <trkpt lat="-8.036163" lon="-34.892488">
    <ele>5.8</ele>
    <time>2020-02-12T23:01:40.000Z</time>
   </trkpt>
   <trkpt lat="-8.036115" lon="-34.892499">
    <ele>5.8</ele>
    <time>2020-02-12T23:01:41.000Z</time>
   </trkpt>
   <trkpt lat="-8.036063" lon="-34.892519">
    <ele>5.8</ele>
    <time>2020-02-12T23:01:42.000Z</time>
   </trkpt>
   <trkpt lat="-8.036017" lon="-34.892553">
    <ele>5.9</ele>
    <time>2020-02-12T23:01:43.000Z</time>
   </trkpt>
   <trkpt lat="-8.035976" lon="-34.892581">
    <ele>5.9</ele>
    <time>2020-02-12T23:01:44.000Z</time>
   </trkpt>
   <trkpt lat="-8.035929" lon="-34.892613">
    <ele>6</ele>
    <time>2020-02-12T23:01:45.000Z</time>
   </trkpt>
   <trkpt lat="-8.035884" lon="-34.892652">
    <ele>6</ele>
    <time>2020-02-12T23:01:46.000Z</time>
   </trkpt>
   <trkpt lat="-8.035842" lon="-34.892694">
    <ele>6.2</ele>
    <time>2020-02-12T23:01:47.000Z</time>
   </trkpt>
   <trkpt lat="-8.03579" lon="-34.892728">
    <ele>6.3</ele>
    <time>2020-02-12T23:01:48.000Z</time>
   </trkpt>
   <trkpt lat="-8.035748" lon="-34.892762">
    <ele>6.5</ele>
    <time>2020-02-12T23:01:49.000Z</time>
   </trkpt>
   <trkpt lat="-8.035707" lon="-34.892794">
    <ele>6.7</ele>
    <time>2020-02-12T23:01:50.000Z</time>
   </trkpt>
   <trkpt lat="-8.035664" lon="-34.892828">
    <ele>6.9</ele>
    <time>2020-02-12T23:01:51.000Z</time>
   </trkpt>
   <trkpt lat="-8.035614" lon="-34.892869">
    <ele>7.2</ele>
    <time>2020-02-12T23:01:52.000Z</time>
   </trkpt>
   <trkpt lat="-8.035572" lon="-34.892908">
    <ele>7.4</ele>
    <time>2020-02-12T23:01:53.000Z</time>
   </trkpt>
   <trkpt lat="-8.03554" lon="-34.892957">
    <ele>7.6</ele>
    <time>2020-02-12T23:01:54.000Z</time>
   </trkpt>
   <trkpt lat="-8.035493" lon="-34.892996">
    <ele>7.8</ele>
    <time>2020-02-12T23:01:55.000Z</time>
   </trkpt>
   <trkpt lat="-8.035444" lon="-34.893043">
    <ele>7.9</ele>
    <time>2020-02-12T23:01:56.000Z</time>
   </trkpt>
   <trkpt lat="-8.035393" lon="-34.893093">
    <ele>8</ele>
    <time>2020-02-12T23:01:57.000Z</time>
   </trkpt>
   <trkpt lat="-8.035344" lon="-34.89314">
    <ele>8.3</ele>
    <time>2020-02-12T23:01:58.000Z</time>
   </trkpt>
   <trkpt lat="-8.035293" lon="-34.893185">
    <ele>8.5</ele>
    <time>2020-02-12T23:01:59.000Z</time>
   </trkpt>
   <trkpt lat="-8.035245" lon="-34.893239">
    <ele>8.7</ele>
    <time>2020-02-12T23:02:00.000Z</time>
   </trkpt>
   <trkpt lat="-8.035192" lon="-34.893289">
    <ele>8.9</ele>
    <time>2020-02-12T23:02:01.000Z</time>
   </trkpt>
   <trkpt lat="-8.035146" lon="-34.893336">
    <ele>9.1</ele>
    <time>2020-02-12T23:02:02.000Z</time>
   </trkpt>
   <trkpt lat="-8.035104" lon="-34.893384">
    <ele>9.2</ele>
    <time>2020-02-12T23:02:03.000Z</time>
   </trkpt>
   <trkpt lat="-8.035059" lon="-34.89343">
    <ele>9.3</ele>
    <time>2020-02-12T23:02:04.000Z</time>
   </trkpt>
   <trkpt lat="-8.035015" lon="-34.893478">
    <ele>9.5</ele>
    <time>2020-02-12T23:02:05.000Z</time>
   </trkpt>
   <trkpt lat="-8.034974" lon="-34.893528">
    <ele>9.5</ele>
    <time>2020-02-12T23:02:06.000Z</time>
   </trkpt>
   <trkpt lat="-8.034932" lon="-34.893557">
    <ele>9.6</ele>
    <time>2020-02-12T23:02:07.000Z</time>
   </trkpt>
   <trkpt lat="-8.034884" lon="-34.893595">
    <ele>9.6</ele>
    <time>2020-02-12T23:02:08.000Z</time>
   </trkpt>
   <trkpt lat="-8.034837" lon="-34.89363">
    <ele>9.6</ele>
    <time>2020-02-12T23:02:09.000Z</time>
   </trkpt>
   <trkpt lat="-8.034814" lon="-34.893666">
    <ele>9.6</ele>
    <time>2020-02-12T23:02:10.000Z</time>
   </trkpt>
   <trkpt lat="-8.034766" lon="-34.893717">
    <ele>9.7</ele>
    <time>2020-02-12T23:02:11.000Z</time>
   </trkpt>
   <trkpt lat="-8.034719" lon="-34.89377">
    <ele>9.7</ele>
    <time>2020-02-12T23:02:12.000Z</time>
   </trkpt>
   <trkpt lat="-8.034667" lon="-34.893808">
    <ele>9.8</ele>
    <time>2020-02-12T23:02:13.000Z</time>
   </trkpt>
   <trkpt lat="-8.034613" lon="-34.893871">
    <ele>9.8</ele>
    <time>2020-02-12T23:02:14.000Z</time>
   </trkpt>
   <trkpt lat="-8.034573" lon="-34.893906">
    <ele>9.8</ele>
    <time>2020-02-12T23:02:15.000Z</time>
   </trkpt>
   <trkpt lat="-8.034524" lon="-34.893951">
    <ele>9.8</ele>
    <time>2020-02-12T23:02:16.000Z</time>
   </trkpt>
   <trkpt lat="-8.034482" lon="-34.893994">
    <ele>9.8</ele>
    <time>2020-02-12T23:02:17.000Z</time>
   </trkpt>
   <trkpt lat="-8.034441" lon="-34.894044">
    <ele>9.7</ele>
    <time>2020-02-12T23:02:18.000Z</time>
   </trkpt>
   <trkpt lat="-8.034397" lon="-34.894088">
    <ele>9.7</ele>
    <time>2020-02-12T23:02:19.000Z</time>
   </trkpt>
   <trkpt lat="-8.034363" lon="-34.894132">
    <ele>9.6</ele>
    <time>2020-02-12T23:02:20.000Z</time>
   </trkpt>
   <trkpt lat="-8.034309" lon="-34.894184">
    <ele>9.6</ele>
    <time>2020-02-12T23:02:21.000Z</time>
   </trkpt>
   <trkpt lat="-8.034268" lon="-34.894232">
    <ele>9.6</ele>
    <time>2020-02-12T23:02:22.000Z</time>
   </trkpt>
   <trkpt lat="-8.034219" lon="-34.89428">
    <ele>9.6</ele>
    <time>2020-02-12T23:02:23.000Z</time>
   </trkpt>
   <trkpt lat="-8.034175" lon="-34.894321">
    <ele>9.5</ele>
    <time>2020-02-12T23:02:24.000Z</time>
   </trkpt>
   <trkpt lat="-8.034127" lon="-34.894364">
    <ele>9.4</ele>
    <time>2020-02-12T23:02:25.000Z</time>
   </trkpt>
   <trkpt lat="-8.03409" lon="-34.89442">
    <ele>9.3</ele>
    <time>2020-02-12T23:02:26.000Z</time>
   </trkpt>
   <trkpt lat="-8.034045" lon="-34.89447">
    <ele>9.1</ele>
    <time>2020-02-12T23:02:27.000Z</time>
   </trkpt>
   <trkpt lat="-8.033985" lon="-34.894512">
    <ele>8.9</ele>
    <time>2020-02-12T23:02:28.000Z</time>
   </trkpt>
   <trkpt lat="-8.033937" lon="-34.894549">
    <ele>8.8</ele>
    <time>2020-02-12T23:02:29.000Z</time>
   </trkpt>
   <trkpt lat="-8.033885" lon="-34.89459">
    <ele>8.7</ele>
    <time>2020-02-12T23:02:30.000Z</time>
   </trkpt>
   <trkpt lat="-8.03384" lon="-34.894637">
    <ele>8.7</ele>
    <time>2020-02-12T23:02:31.000Z</time>
   </trkpt>
   <trkpt lat="-8.033804" lon="-34.894681">
    <ele>8.6</ele>
    <time>2020-02-12T23:02:32.000Z</time>
   </trkpt>
   <trkpt lat="-8.033766" lon="-34.894718">
    <ele>8.7</ele>
    <time>2020-02-12T23:02:33.000Z</time>
   </trkpt>
   <trkpt lat="-8.03372" lon="-34.894764">
    <ele>8.7</ele>
    <time>2020-02-12T23:02:34.000Z</time>
   </trkpt>
   <trkpt lat="-8.03365" lon="-34.894809">
    <ele>8.9</ele>
    <time>2020-02-12T23:02:35.000Z</time>
   </trkpt>
   <trkpt lat="-8.033594" lon="-34.894846">
    <ele>9</ele>
    <time>2020-02-12T23:02:36.000Z</time>
   </trkpt>
   <trkpt lat="-8.033538" lon="-34.894879">
    <ele>9.3</ele>
    <time>2020-02-12T23:02:37.000Z</time>
   </trkpt>
   <trkpt lat="-8.033476" lon="-34.894926">
    <ele>9.5</ele>
    <time>2020-02-12T23:02:38.000Z</time>
   </trkpt>
   <trkpt lat="-8.033422" lon="-34.894971">
    <ele>9.8</ele>
    <time>2020-02-12T23:02:39.000Z</time>
   </trkpt>
   <trkpt lat="-8.033379" lon="-34.895019">
    <ele>10.1</ele>
    <time>2020-02-12T23:02:40.000Z</time>
   </trkpt>
   <trkpt lat="-8.033322" lon="-34.895069">
    <ele>10.4</ele>
    <time>2020-02-12T23:02:41.000Z</time>
   </trkpt>
   <trkpt lat="-8.033268" lon="-34.895112">
    <ele>10.5</ele>
    <time>2020-02-12T23:02:42.000Z</time>
   </trkpt>
   <trkpt lat="-8.033215" lon="-34.895153">
    <ele>10.3</ele>
    <time>2020-02-12T23:02:43.000Z</time>
   </trkpt>
   <trkpt lat="-8.033171" lon="-34.895191">
    <ele>10.1</ele>
    <time>2020-02-12T23:02:44.000Z</time>
   </trkpt>
   <trkpt lat="-8.033141" lon="-34.895241">
    <ele>10</ele>
    <time>2020-02-12T23:02:45.000Z</time>
   </trkpt>
   <trkpt lat="-8.033121" lon="-34.895304">
    <ele>10</ele>
    <time>2020-02-12T23:02:46.000Z</time>
   </trkpt>
   <trkpt lat="-8.033083" lon="-34.895358">
    <ele>10</ele>
    <time>2020-02-12T23:02:47.000Z</time>
   </trkpt>
   <trkpt lat="-8.033044" lon="-34.895419">
    <ele>10</ele>
    <time>2020-02-12T23:02:48.000Z</time>
   </trkpt>
   <trkpt lat="-8.033015" lon="-34.895469">
    <ele>10</ele>
    <time>2020-02-12T23:02:49.000Z</time>
   </trkpt>
   <trkpt lat="-8.032978" lon="-34.895525">
    <ele>10</ele>
    <time>2020-02-12T23:02:50.000Z</time>
   </trkpt>
   <trkpt lat="-8.032935" lon="-34.895579">
    <ele>10</ele>
    <time>2020-02-12T23:02:51.000Z</time>
   </trkpt>
   <trkpt lat="-8.032891" lon="-34.89564">
    <ele>10</ele>
    <time>2020-02-12T23:02:52.000Z</time>
   </trkpt>
   <trkpt lat="-8.032857" lon="-34.895692">
    <ele>10</ele>
    <time>2020-02-12T23:02:53.000Z</time>
   </trkpt>
   <trkpt lat="-8.032827" lon="-34.895733">
    <ele>10.1</ele>
    <time>2020-02-12T23:02:54.000Z</time>
   </trkpt>
   <trkpt lat="-8.032803" lon="-34.895765">
    <ele>10.2</ele>
    <time>2020-02-12T23:02:55.000Z</time>
   </trkpt>
   <trkpt lat="-8.032779" lon="-34.895783">
    <ele>10.3</ele>
    <time>2020-02-12T23:02:56.000Z</time>
   </trkpt>
   <trkpt lat="-8.032747" lon="-34.89582">
    <ele>10.5</ele>
    <time>2020-02-12T23:02:58.000Z</time>
   </trkpt>
   <trkpt lat="-8.03273" lon="-34.89585">
    <ele>10.3</ele>
    <time>2020-02-12T23:02:59.000Z</time>
   </trkpt>
   <trkpt lat="-8.032696" lon="-34.895873">
    <ele>10.1</ele>
    <time>2020-02-12T23:03:01.000Z</time>
   </trkpt>
   <trkpt lat="-8.032658" lon="-34.895866">
    <ele>10</ele>
    <time>2020-02-12T23:03:03.000Z</time>
   </trkpt>
   <trkpt lat="-8.032642" lon="-34.895832">
    <ele>9.9</ele>
    <time>2020-02-12T23:03:04.000Z</time>
   </trkpt>
   <trkpt lat="-8.032625" lon="-34.895804">
    <ele>9.8</ele>
    <time>2020-02-12T23:03:05.000Z</time>
   </trkpt>
   <trkpt lat="-8.032593" lon="-34.895771">
    <ele>9.6</ele>
    <time>2020-02-12T23:03:06.000Z</time>
   </trkpt>
   <trkpt lat="-8.032567" lon="-34.895729">
    <ele>9.4</ele>
    <time>2020-02-12T23:03:07.000Z</time>
   </trkpt>
   <trkpt lat="-8.032544" lon="-34.895694">
    <ele>9.3</ele>
    <time>2020-02-12T23:03:08.000Z</time>
   </trkpt>
   <trkpt lat="-8.032518" lon="-34.895649">
    <ele>9.2</ele>
    <time>2020-02-12T23:03:09.000Z</time>
   </trkpt>
   <trkpt lat="-8.032483" lon="-34.895601">
    <ele>9.1</ele>
    <time>2020-02-12T23:03:10.000Z</time>
   </trkpt>
   <trkpt lat="-8.03244" lon="-34.895535">
    <ele>9</ele>
    <time>2020-02-12T23:03:11.000Z</time>
   </trkpt>
   <trkpt lat="-8.032399" lon="-34.895476">
    <ele>9</ele>
    <time>2020-02-12T23:03:12.000Z</time>
   </trkpt>
   <trkpt lat="-8.032341" lon="-34.895438">
    <ele>8.9</ele>
    <time>2020-02-12T23:03:13.000Z</time>
   </trkpt>
   <trkpt lat="-8.032279" lon="-34.895408">
    <ele>8.8</ele>
    <time>2020-02-12T23:03:14.000Z</time>
   </trkpt>
   <trkpt lat="-8.032187" lon="-34.895395">
    <ele>8.5</ele>
    <time>2020-02-12T23:03:15.000Z</time>
   </trkpt>
   <trkpt lat="-8.032119" lon="-34.895363">
    <ele>8.4</ele>
    <time>2020-02-12T23:03:16.000Z</time>
   </trkpt>
   <trkpt lat="-8.03204" lon="-34.895317">
    <ele>8.3</ele>
    <time>2020-02-12T23:03:17.000Z</time>
   </trkpt>
   <trkpt lat="-8.031965" lon="-34.895281">
    <ele>8.2</ele>
    <time>2020-02-12T23:03:18.000Z</time>
   </trkpt>
   <trkpt lat="-8.031902" lon="-34.895249">
    <ele>8.1</ele>
    <time>2020-02-12T23:03:19.000Z</time>
   </trkpt>
   <trkpt lat="-8.03184" lon="-34.895227">
    <ele>7.9</ele>
    <time>2020-02-12T23:03:20.000Z</time>
   </trkpt>
   <trkpt lat="-8.031752" lon="-34.895196">
    <ele>7.7</ele>
    <time>2020-02-12T23:03:21.000Z</time>
   </trkpt>
   <trkpt lat="-8.031627" lon="-34.895224">
    <ele>7.4</ele>
    <time>2020-02-12T23:03:22.000Z</time>
   </trkpt>
   <trkpt lat="-8.031538" lon="-34.895187">
    <ele>7.3</ele>
    <time>2020-02-12T23:03:23.000Z</time>
   </trkpt>
   <trkpt lat="-8.031466" lon="-34.89515">
    <ele>7.3</ele>
    <time>2020-02-12T23:03:24.000Z</time>
   </trkpt>
   <trkpt lat="-8.031403" lon="-34.895134">
    <ele>7.2</ele>
    <time>2020-02-12T23:03:25.000Z</time>
   </trkpt>
   <trkpt lat="-8.031356" lon="-34.895154">
    <ele>7.2</ele>
    <time>2020-02-12T23:03:26.000Z</time>
   </trkpt>
   <trkpt lat="-8.031325" lon="-34.895198">
    <ele>6.5</ele>
    <time>2020-02-12T23:03:27.000Z</time>
   </trkpt>
   <trkpt lat="-8.031324" lon="-34.895259">
    <ele>6.5</ele>
    <time>2020-02-12T23:03:28.000Z</time>
   </trkpt>
   <trkpt lat="-8.031327" lon="-34.895331">
    <ele>6.4</ele>
    <time>2020-02-12T23:03:29.000Z</time>
   </trkpt>
   <trkpt lat="-8.031324" lon="-34.895397">
    <ele>6.4</ele>
    <time>2020-02-12T23:03:30.000Z</time>
   </trkpt>
   <trkpt lat="-8.031318" lon="-34.895453">
    <ele>6.4</ele>
    <time>2020-02-12T23:03:31.000Z</time>
   </trkpt>
   <trkpt lat="-8.031299" lon="-34.895516">
    <ele>6.3</ele>
    <time>2020-02-12T23:03:32.000Z</time>
   </trkpt>
   <trkpt lat="-8.031279" lon="-34.895584">
    <ele>6.2</ele>
    <time>2020-02-12T23:03:34.000Z</time>
   </trkpt>
   <trkpt lat="-8.031285" lon="-34.895629">
    <ele>6.2</ele>
    <time>2020-02-12T23:03:35.000Z</time>
   </trkpt>
   <trkpt lat="-8.0313" lon="-34.895682">
    <ele>6.1</ele>
    <time>2020-02-12T23:03:36.000Z</time>
   </trkpt>
   <trkpt lat="-8.031316" lon="-34.895727">
    <ele>6.1</ele>
    <time>2020-02-12T23:03:37.000Z</time>
   </trkpt>
   <trkpt lat="-8.031333" lon="-34.895778">
    <ele>6.2</ele>
    <time>2020-02-12T23:03:38.000Z</time>
   </trkpt>
   <trkpt lat="-8.031344" lon="-34.895842">
    <ele>6.2</ele>
    <time>2020-02-12T23:03:39.000Z</time>
   </trkpt>
   <trkpt lat="-8.03134" lon="-34.895914">
    <ele>6.2</ele>
    <time>2020-02-12T23:03:40.000Z</time>
   </trkpt>
   <trkpt lat="-8.031329" lon="-34.895959">
    <ele>6.2</ele>
    <time>2020-02-12T23:03:41.000Z</time>
   </trkpt>
   <trkpt lat="-8.031312" lon="-34.896026">
    <ele>6.3</ele>
    <time>2020-02-12T23:03:42.000Z</time>
   </trkpt>
   <trkpt lat="-8.031301" lon="-34.896083">
    <ele>6.4</ele>
    <time>2020-02-12T23:03:43.000Z</time>
   </trkpt>
   <trkpt lat="-8.031299" lon="-34.896139">
    <ele>6.5</ele>
    <time>2020-02-12T23:03:44.000Z</time>
   </trkpt>
   <trkpt lat="-8.031304" lon="-34.896194">
    <ele>6.7</ele>
    <time>2020-02-12T23:03:45.000Z</time>
   </trkpt>
   <trkpt lat="-8.031308" lon="-34.896251">
    <ele>6.8</ele>
    <time>2020-02-12T23:03:46.000Z</time>
   </trkpt>
   <trkpt lat="-8.031302" lon="-34.896325">
    <ele>7</ele>
    <time>2020-02-12T23:03:47.000Z</time>
   </trkpt>
   <trkpt lat="-8.031311" lon="-34.896388">
    <ele>7.1</ele>
    <time>2020-02-12T23:03:48.000Z</time>
   </trkpt>
   <trkpt lat="-8.03131" lon="-34.896452">
    <ele>7.3</ele>
    <time>2020-02-12T23:03:49.000Z</time>
   </trkpt>
   <trkpt lat="-8.031299" lon="-34.896525">
    <ele>7.5</ele>
    <time>2020-02-12T23:03:50.000Z</time>
   </trkpt>
   <trkpt lat="-8.031286" lon="-34.896587">
    <ele>7.7</ele>
    <time>2020-02-12T23:03:51.000Z</time>
   </trkpt>
   <trkpt lat="-8.031277" lon="-34.896653">
    <ele>7.9</ele>
    <time>2020-02-12T23:03:52.000Z</time>
   </trkpt>
   <trkpt lat="-8.031248" lon="-34.896731">
    <ele>8.1</ele>
    <time>2020-02-12T23:03:53.000Z</time>
   </trkpt>
   <trkpt lat="-8.031233" lon="-34.896797">
    <ele>8.1</ele>
    <time>2020-02-12T23:03:54.000Z</time>
   </trkpt>
   <trkpt lat="-8.031225" lon="-34.896862">
    <ele>8.2</ele>
    <time>2020-02-12T23:03:55.000Z</time>
   </trkpt>
   <trkpt lat="-8.031215" lon="-34.896947">
    <ele>8.2</ele>
    <time>2020-02-12T23:03:56.000Z</time>
   </trkpt>
   <trkpt lat="-8.031224" lon="-34.897028">
    <ele>8.2</ele>
    <time>2020-02-12T23:03:57.000Z</time>
   </trkpt>
   <trkpt lat="-8.031234" lon="-34.897104">
    <ele>8.2</ele>
    <time>2020-02-12T23:03:58.000Z</time>
   </trkpt>
   <trkpt lat="-8.031246" lon="-34.897182">
    <ele>8.2</ele>
    <time>2020-02-12T23:03:59.000Z</time>
   </trkpt>
   <trkpt lat="-8.031254" lon="-34.897253">
    <ele>8.2</ele>
    <time>2020-02-12T23:04:00.000Z</time>
   </trkpt>
   <trkpt lat="-8.031256" lon="-34.897326">
    <ele>8.2</ele>
    <time>2020-02-12T23:04:01.000Z</time>
   </trkpt>
   <trkpt lat="-8.03125" lon="-34.897388">
    <ele>8.2</ele>
    <time>2020-02-12T23:04:02.000Z</time>
   </trkpt>
   <trkpt lat="-8.031242" lon="-34.89745">
    <ele>8.3</ele>
    <time>2020-02-12T23:04:03.000Z</time>
   </trkpt>
   <trkpt lat="-8.031241" lon="-34.897505">
    <ele>8.3</ele>
    <time>2020-02-12T23:04:04.000Z</time>
   </trkpt>
   <trkpt lat="-8.031251" lon="-34.897557">
    <ele>8.4</ele>
    <time>2020-02-12T23:04:05.000Z</time>
   </trkpt>
   <trkpt lat="-8.031266" lon="-34.897621">
    <ele>8.5</ele>
    <time>2020-02-12T23:04:06.000Z</time>
   </trkpt>
   <trkpt lat="-8.031283" lon="-34.897682">
    <ele>8.7</ele>
    <time>2020-02-12T23:04:07.000Z</time>
   </trkpt>
   <trkpt lat="-8.031294" lon="-34.89773">
    <ele>8.9</ele>
    <time>2020-02-12T23:04:08.000Z</time>
   </trkpt>
   <trkpt lat="-8.031307" lon="-34.897782">
    <ele>8.9</ele>
    <time>2020-02-12T23:04:09.000Z</time>
   </trkpt>
   <trkpt lat="-8.031326" lon="-34.897821">
    <ele>8.6</ele>
    <time>2020-02-12T23:04:10.000Z</time>
   </trkpt>
   <trkpt lat="-8.031355" lon="-34.897848">
    <ele>8.2</ele>
    <time>2020-02-12T23:04:11.000Z</time>
   </trkpt>
   <trkpt lat="-8.031372" lon="-34.89788">
    <ele>7.9</ele>
    <time>2020-02-12T23:04:13.000Z</time>
   </trkpt>
   <trkpt lat="-8.031382" lon="-34.897916">
    <ele>7.5</ele>
    <time>2020-02-12T23:04:15.000Z</time>
   </trkpt>
   <trkpt lat="-8.031385" lon="-34.897933">
    <ele>7.4</ele>
    <time>2020-02-12T23:04:20.000Z</time>
   </trkpt>
   <trkpt lat="-8.031439" lon="-34.897998">
    <ele>6.6</ele>
    <time>2020-02-12T23:04:32.000Z</time>
   </trkpt>
   <trkpt lat="-8.031441" lon="-34.89804">
    <ele>6.2</ele>
    <time>2020-02-12T23:04:34.000Z</time>
   </trkpt>
   <trkpt lat="-8.03147" lon="-34.89806">
    <ele>6.1</ele>
    <time>2020-02-12T23:04:35.000Z</time>
   </trkpt>
   <trkpt lat="-8.031508" lon="-34.898073">
    <ele>6.1</ele>
    <time>2020-02-12T23:04:36.000Z</time>
   </trkpt>
   <trkpt lat="-8.03154" lon="-34.89809">
    <ele>6.1</ele>
    <time>2020-02-12T23:04:37.000Z</time>
   </trkpt>
   <trkpt lat="-8.031587" lon="-34.898128">
    <ele>6.5</ele>
    <time>2020-02-12T23:04:38.000Z</time>
   </trkpt>
   <trkpt lat="-8.031635" lon="-34.898165">
    <ele>6.8</ele>
    <time>2020-02-12T23:04:39.000Z</time>
   </trkpt>
   <trkpt lat="-8.031681" lon="-34.898191">
    <ele>7</ele>
    <time>2020-02-12T23:04:40.000Z</time>
   </trkpt>
   <trkpt lat="-8.03173" lon="-34.898222">
    <ele>7.3</ele>
    <time>2020-02-12T23:04:41.000Z</time>
   </trkpt>
   <trkpt lat="-8.031779" lon="-34.898249">
    <ele>7.5</ele>
    <time>2020-02-12T23:04:42.000Z</time>
   </trkpt>
   <trkpt lat="-8.031835" lon="-34.898276">
    <ele>7.8</ele>
    <time>2020-02-12T23:04:43.000Z</time>
   </trkpt>
   <trkpt lat="-8.031891" lon="-34.898304">
    <ele>7.9</ele>
    <time>2020-02-12T23:04:44.000Z</time>
   </trkpt>
   <trkpt lat="-8.031946" lon="-34.898332">
    <ele>8</ele>
    <time>2020-02-12T23:04:45.000Z</time>
   </trkpt>
   <trkpt lat="-8.032" lon="-34.898369">
    <ele>8.3</ele>
    <time>2020-02-12T23:04:46.000Z</time>
   </trkpt>
   <trkpt lat="-8.032048" lon="-34.898411">
    <ele>8.5</ele>
    <time>2020-02-12T23:04:47.000Z</time>
   </trkpt>
   <trkpt lat="-8.032085" lon="-34.898439">
    <ele>8.5</ele>
    <time>2020-02-12T23:04:48.000Z</time>
   </trkpt>
   <trkpt lat="-8.032129" lon="-34.89847">
    <ele>8.4</ele>
    <time>2020-02-12T23:04:49.000Z</time>
   </trkpt>
   <trkpt lat="-8.03217" lon="-34.898498">
    <ele>8.3</ele>
    <time>2020-02-12T23:04:50.000Z</time>
   </trkpt>
   <trkpt lat="-8.032225" lon="-34.898528">
    <ele>8.1</ele>
    <time>2020-02-12T23:04:51.000Z</time>
   </trkpt>
   <trkpt lat="-8.032293" lon="-34.898554">
    <ele>8</ele>
    <time>2020-02-12T23:04:52.000Z</time>
   </trkpt>
   <trkpt lat="-8.032356" lon="-34.898588">
    <ele>8</ele>
    <time>2020-02-12T23:04:53.000Z</time>
   </trkpt>
   <trkpt lat="-8.032411" lon="-34.89862">
    <ele>8</ele>
    <time>2020-02-12T23:04:54.000Z</time>
   </trkpt>
   <trkpt lat="-8.032465" lon="-34.898653">
    <ele>8</ele>
    <time>2020-02-12T23:04:55.000Z</time>
   </trkpt>
   <trkpt lat="-8.032511" lon="-34.898681">
    <ele>7.9</ele>
    <time>2020-02-12T23:04:56.000Z</time>
   </trkpt>
   <trkpt lat="-8.032563" lon="-34.898709">
    <ele>7.8</ele>
    <time>2020-02-12T23:04:57.000Z</time>
   </trkpt>
   <trkpt lat="-8.032621" lon="-34.898747">
    <ele>7.7</ele>
    <time>2020-02-12T23:04:58.000Z</time>
   </trkpt>
   <trkpt lat="-8.032667" lon="-34.898783">
    <ele>7.5</ele>
    <time>2020-02-12T23:04:59.000Z</time>
   </trkpt>
   <trkpt lat="-8.03272" lon="-34.898806">
    <ele>7.3</ele>
    <time>2020-02-12T23:05:00.000Z</time>
   </trkpt>
   <trkpt lat="-8.032782" lon="-34.898842">
    <ele>7.1</ele>
    <time>2020-02-12T23:05:01.000Z</time>
   </trkpt>
   <trkpt lat="-8.032826" lon="-34.898872">
    <ele>7</ele>
    <time>2020-02-12T23:05:02.000Z</time>
   </trkpt>
   <trkpt lat="-8.032887" lon="-34.898905">
    <ele>7</ele>
    <time>2020-02-12T23:05:03.000Z</time>
   </trkpt>
   <trkpt lat="-8.032951" lon="-34.898922">
    <ele>7</ele>
    <time>2020-02-12T23:05:04.000Z</time>
   </trkpt>
   <trkpt lat="-8.033018" lon="-34.898944">
    <ele>7.2</ele>
    <time>2020-02-12T23:05:05.000Z</time>
   </trkpt>
   <trkpt lat="-8.033088" lon="-34.898971">
    <ele>7.5</ele>
    <time>2020-02-12T23:05:06.000Z</time>
   </trkpt>
   <trkpt lat="-8.033144" lon="-34.898999">
    <ele>7.8</ele>
    <time>2020-02-12T23:05:07.000Z</time>
   </trkpt>
   <trkpt lat="-8.033205" lon="-34.899028">
    <ele>8.2</ele>
    <time>2020-02-12T23:05:08.000Z</time>
   </trkpt>
   <trkpt lat="-8.033245" lon="-34.899067">
    <ele>8.6</ele>
    <time>2020-02-12T23:05:09.000Z</time>
   </trkpt>
   <trkpt lat="-8.033294" lon="-34.899113">
    <ele>9.1</ele>
    <time>2020-02-12T23:05:10.000Z</time>
   </trkpt>
   <trkpt lat="-8.033355" lon="-34.899168">
    <ele>9.9</ele>
    <time>2020-02-12T23:05:11.000Z</time>
   </trkpt>
   <trkpt lat="-8.033416" lon="-34.899212">
    <ele>10.8</ele>
    <time>2020-02-12T23:05:12.000Z</time>
   </trkpt>
   <trkpt lat="-8.033475" lon="-34.899254">
    <ele>11.7</ele>
    <time>2020-02-12T23:05:13.000Z</time>
   </trkpt>
   <trkpt lat="-8.033538" lon="-34.8993">
    <ele>12.7</ele>
    <time>2020-02-12T23:05:14.000Z</time>
   </trkpt>
   <trkpt lat="-8.033594" lon="-34.899339">
    <ele>13.7</ele>
    <time>2020-02-12T23:05:15.000Z</time>
   </trkpt>
   <trkpt lat="-8.033654" lon="-34.899382">
    <ele>13.6</ele>
    <time>2020-02-12T23:05:16.000Z</time>
   </trkpt>
   <trkpt lat="-8.033718" lon="-34.899425">
    <ele>13.6</ele>
    <time>2020-02-12T23:05:17.000Z</time>
   </trkpt>
   <trkpt lat="-8.033781" lon="-34.899454">
    <ele>13.6</ele>
    <time>2020-02-12T23:05:18.000Z</time>
   </trkpt>
   <trkpt lat="-8.033833" lon="-34.89949">
    <ele>13.6</ele>
    <time>2020-02-12T23:05:19.000Z</time>
   </trkpt>
   <trkpt lat="-8.033887" lon="-34.899525">
    <ele>13.6</ele>
    <time>2020-02-12T23:05:20.000Z</time>
   </trkpt>
   <trkpt lat="-8.033953" lon="-34.899559">
    <ele>13.7</ele>
    <time>2020-02-12T23:05:21.000Z</time>
   </trkpt>
   <trkpt lat="-8.034026" lon="-34.899589">
    <ele>13.7</ele>
    <time>2020-02-12T23:05:22.000Z</time>
   </trkpt>
   <trkpt lat="-8.034091" lon="-34.899621">
    <ele>13.8</ele>
    <time>2020-02-12T23:05:23.000Z</time>
   </trkpt>
   <trkpt lat="-8.034164" lon="-34.899634">
    <ele>13.9</ele>
    <time>2020-02-12T23:05:24.000Z</time>
   </trkpt>
   <trkpt lat="-8.034234" lon="-34.899666">
    <ele>14</ele>
    <time>2020-02-12T23:05:25.000Z</time>
   </trkpt>
   <trkpt lat="-8.034304" lon="-34.899697">
    <ele>14</ele>
    <time>2020-02-12T23:05:26.000Z</time>
   </trkpt>
   <trkpt lat="-8.034371" lon="-34.899725">
    <ele>14.2</ele>
    <time>2020-02-12T23:05:27.000Z</time>
   </trkpt>
   <trkpt lat="-8.034435" lon="-34.899758">
    <ele>13.5</ele>
    <time>2020-02-12T23:05:28.000Z</time>
   </trkpt>
   <trkpt lat="-8.034455" lon="-34.899797">
    <ele>13.2</ele>
    <time>2020-02-12T23:05:29.000Z</time>
   </trkpt>
   <trkpt lat="-8.03451" lon="-34.899813">
    <ele>12.9</ele>
    <time>2020-02-12T23:05:30.000Z</time>
   </trkpt>
   <trkpt lat="-8.034576" lon="-34.899827">
    <ele>12.6</ele>
    <time>2020-02-12T23:05:31.000Z</time>
   </trkpt>
   <trkpt lat="-8.034634" lon="-34.899848">
    <ele>12.6</ele>
    <time>2020-02-12T23:05:32.000Z</time>
   </trkpt>
   <trkpt lat="-8.034678" lon="-34.89988">
    <ele>12.7</ele>
    <time>2020-02-12T23:05:33.000Z</time>
   </trkpt>
   <trkpt lat="-8.034727" lon="-34.899919">
    <ele>13.2</ele>
    <time>2020-02-12T23:05:34.000Z</time>
   </trkpt>
   <trkpt lat="-8.034786" lon="-34.899947">
    <ele>13.6</ele>
    <time>2020-02-12T23:05:35.000Z</time>
   </trkpt>
   <trkpt lat="-8.034823" lon="-34.900027">
    <ele>14</ele>
    <time>2020-02-12T23:05:36.000Z</time>
   </trkpt>
   <trkpt lat="-8.034858" lon="-34.900071">
    <ele>14.2</ele>
    <time>2020-02-12T23:05:37.000Z</time>
   </trkpt>
   <trkpt lat="-8.034905" lon="-34.900094">
    <ele>14.2</ele>
    <time>2020-02-12T23:05:38.000Z</time>
   </trkpt>
   <trkpt lat="-8.034946" lon="-34.900126">
    <ele>14.2</ele>
    <time>2020-02-12T23:05:39.000Z</time>
   </trkpt>
   <trkpt lat="-8.034978" lon="-34.900158">
    <ele>14.1</ele>
    <time>2020-02-12T23:05:40.000Z</time>
   </trkpt>
   <trkpt lat="-8.035005" lon="-34.900178">
    <ele>14.1</ele>
    <time>2020-02-12T23:05:41.000Z</time>
   </trkpt>
   <trkpt lat="-8.035039" lon="-34.900197">
    <ele>14.1</ele>
    <time>2020-02-12T23:05:42.000Z</time>
   </trkpt>
   <trkpt lat="-8.035082" lon="-34.900202">
    <ele>13.7</ele>
    <time>2020-02-12T23:05:44.000Z</time>
   </trkpt>
   <trkpt lat="-8.035102" lon="-34.900224">
    <ele>13.4</ele>
    <time>2020-02-12T23:05:45.000Z</time>
   </trkpt>
   <trkpt lat="-8.035107" lon="-34.900254">
    <ele>13.1</ele>
    <time>2020-02-12T23:05:46.000Z</time>
   </trkpt>
   <trkpt lat="-8.035095" lon="-34.900291">
    <ele>12.7</ele>
    <time>2020-02-12T23:05:47.000Z</time>
   </trkpt>
   <trkpt lat="-8.035078" lon="-34.900341">
    <ele>12.1</ele>
    <time>2020-02-12T23:05:48.000Z</time>
   </trkpt>
   <trkpt lat="-8.035058" lon="-34.900419">
    <ele>11.2</ele>
    <time>2020-02-12T23:05:49.000Z</time>
   </trkpt>
   <trkpt lat="-8.035034" lon="-34.900498">
    <ele>10.2</ele>
    <time>2020-02-12T23:05:50.000Z</time>
   </trkpt>
   <trkpt lat="-8.034994" lon="-34.900576">
    <ele>9.2</ele>
    <time>2020-02-12T23:05:51.000Z</time>
   </trkpt>
   <trkpt lat="-8.034968" lon="-34.900638">
    <ele>8.6</ele>
    <time>2020-02-12T23:05:52.000Z</time>
   </trkpt>
   <trkpt lat="-8.034942" lon="-34.900701">
    <ele>8.2</ele>
    <time>2020-02-12T23:05:53.000Z</time>
   </trkpt>
   <trkpt lat="-8.034921" lon="-34.900769">
    <ele>7.8</ele>
    <time>2020-02-12T23:05:54.000Z</time>
   </trkpt>
   <trkpt lat="-8.03491" lon="-34.900844">
    <ele>7.5</ele>
    <time>2020-02-12T23:05:55.000Z</time>
   </trkpt>
   <trkpt lat="-8.034895" lon="-34.900912">
    <ele>7.3</ele>
    <time>2020-02-12T23:05:56.000Z</time>
   </trkpt>
   <trkpt lat="-8.034881" lon="-34.90098">
    <ele>7.1</ele>
    <time>2020-02-12T23:05:57.000Z</time>
   </trkpt>
   <trkpt lat="-8.034868" lon="-34.901044">
    <ele>7</ele>
    <time>2020-02-12T23:05:58.000Z</time>
   </trkpt>
   <trkpt lat="-8.034854" lon="-34.90111">
    <ele>6.9</ele>
    <time>2020-02-12T23:05:59.000Z</time>
   </trkpt>
   <trkpt lat="-8.034847" lon="-34.901176">
    <ele>6.8</ele>
    <time>2020-02-12T23:06:00.000Z</time>
   </trkpt>
   <trkpt lat="-8.034831" lon="-34.901242">
    <ele>7.2</ele>
    <time>2020-02-12T23:06:01.000Z</time>
   </trkpt>
   <trkpt lat="-8.034819" lon="-34.901304">
    <ele>7.6</ele>
    <time>2020-02-12T23:06:02.000Z</time>
   </trkpt>
   <trkpt lat="-8.034802" lon="-34.901359">
    <ele>8</ele>
    <time>2020-02-12T23:06:03.000Z</time>
   </trkpt>
   <trkpt lat="-8.034791" lon="-34.901417">
    <ele>8.3</ele>
    <time>2020-02-12T23:06:04.000Z</time>
   </trkpt>
   <trkpt lat="-8.034782" lon="-34.901485">
    <ele>8.6</ele>
    <time>2020-02-12T23:06:05.000Z</time>
   </trkpt>
   <trkpt lat="-8.034767" lon="-34.901563">
    <ele>8.9</ele>
    <time>2020-02-12T23:06:06.000Z</time>
   </trkpt>
   <trkpt lat="-8.034757" lon="-34.901626">
    <ele>9.2</ele>
    <time>2020-02-12T23:06:07.000Z</time>
   </trkpt>
   <trkpt lat="-8.034745" lon="-34.901684">
    <ele>9.4</ele>
    <time>2020-02-12T23:06:08.000Z</time>
   </trkpt>
   <trkpt lat="-8.03474" lon="-34.901738">
    <ele>9.5</ele>
    <time>2020-02-12T23:06:09.000Z</time>
   </trkpt>
   <trkpt lat="-8.034728" lon="-34.901789">
    <ele>9.7</ele>
    <time>2020-02-12T23:06:10.000Z</time>
   </trkpt>
   <trkpt lat="-8.034728" lon="-34.901848">
    <ele>9.8</ele>
    <time>2020-02-12T23:06:11.000Z</time>
   </trkpt>
   <trkpt lat="-8.034724" lon="-34.901911">
    <ele>10</ele>
    <time>2020-02-12T23:06:12.000Z</time>
   </trkpt>
   <trkpt lat="-8.034699" lon="-34.901968">
    <ele>10.1</ele>
    <time>2020-02-12T23:06:13.000Z</time>
   </trkpt>
   <trkpt lat="-8.034671" lon="-34.902015">
    <ele>10.3</ele>
    <time>2020-02-12T23:06:14.000Z</time>
   </trkpt>
   <trkpt lat="-8.034645" lon="-34.902056">
    <ele>10.4</ele>
    <time>2020-02-12T23:06:15.000Z</time>
   </trkpt>
   <trkpt lat="-8.034621" lon="-34.902097">
    <ele>10.6</ele>
    <time>2020-02-12T23:06:16.000Z</time>
   </trkpt>
   <trkpt lat="-8.034608" lon="-34.902146">
    <ele>10.7</ele>
    <time>2020-02-12T23:06:17.000Z</time>
   </trkpt>
   <trkpt lat="-8.034616" lon="-34.902195">
    <ele>10.8</ele>
    <time>2020-02-12T23:06:18.000Z</time>
   </trkpt>
   <trkpt lat="-8.034627" lon="-34.902242">
    <ele>11</ele>
    <time>2020-02-12T23:06:19.000Z</time>
   </trkpt>
   <trkpt lat="-8.034625" lon="-34.902286">
    <ele>11.1</ele>
    <time>2020-02-12T23:06:20.000Z</time>
   </trkpt>
   <trkpt lat="-8.034631" lon="-34.902325">
    <ele>11.2</ele>
    <time>2020-02-12T23:06:21.000Z</time>
   </trkpt>
   <trkpt lat="-8.034653" lon="-34.902361">
    <ele>11.3</ele>
    <time>2020-02-12T23:06:22.000Z</time>
   </trkpt>
   <trkpt lat="-8.034679" lon="-34.902422">
    <ele>11.5</ele>
    <time>2020-02-12T23:06:23.000Z</time>
   </trkpt>
   <trkpt lat="-8.034711" lon="-34.902497">
    <ele>11.8</ele>
    <time>2020-02-12T23:06:24.000Z</time>
   </trkpt>
   <trkpt lat="-8.034736" lon="-34.902566">
    <ele>12.1</ele>
    <time>2020-02-12T23:06:25.000Z</time>
   </trkpt>
   <trkpt lat="-8.03477" lon="-34.902615">
    <ele>13.5</ele>
    <time>2020-02-12T23:06:26.000Z</time>
   </trkpt>
   <trkpt lat="-8.034813" lon="-34.902673">
    <ele>15.6</ele>
    <time>2020-02-12T23:06:27.000Z</time>
   </trkpt>
   <trkpt lat="-8.034838" lon="-34.90272">
    <ele>17.4</ele>
    <time>2020-02-12T23:06:28.000Z</time>
   </trkpt>
   <trkpt lat="-8.034866" lon="-34.902771">
    <ele>19.4</ele>
    <time>2020-02-12T23:06:29.000Z</time>
   </trkpt>
   <trkpt lat="-8.034901" lon="-34.90282">
    <ele>21.6</ele>
    <time>2020-02-12T23:06:30.000Z</time>
   </trkpt>
   <trkpt lat="-8.034936" lon="-34.90288">
    <ele>24.4</ele>
    <time>2020-02-12T23:06:31.000Z</time>
   </trkpt>
   <trkpt lat="-8.034965" lon="-34.902928">
    <ele>26.8</ele>
    <time>2020-02-12T23:06:32.000Z</time>
   </trkpt>
   <trkpt lat="-8.035004" lon="-34.902986">
    <ele>29.1</ele>
    <time>2020-02-12T23:06:33.000Z</time>
   </trkpt>
   <trkpt lat="-8.035034" lon="-34.903068">
    <ele>32.3</ele>
    <time>2020-02-12T23:06:34.000Z</time>
   </trkpt>
   <trkpt lat="-8.035071" lon="-34.903134">
    <ele>34.8</ele>
    <time>2020-02-12T23:06:35.000Z</time>
   </trkpt>
   <trkpt lat="-8.035104" lon="-34.903188">
    <ele>36.7</ele>
    <time>2020-02-12T23:06:36.000Z</time>
   </trkpt>
   <trkpt lat="-8.035135" lon="-34.903247">
    <ele>39.1</ele>
    <time>2020-02-12T23:06:37.000Z</time>
   </trkpt>
   <trkpt lat="-8.035157" lon="-34.903299">
    <ele>41.1</ele>
    <time>2020-02-12T23:06:38.000Z</time>
   </trkpt>
   <trkpt lat="-8.035186" lon="-34.903357">
    <ele>40.6</ele>
    <time>2020-02-12T23:06:39.000Z</time>
   </trkpt>
   <trkpt lat="-8.035203" lon="-34.903425">
    <ele>40.1</ele>
    <time>2020-02-12T23:06:40.000Z</time>
   </trkpt>
   <trkpt lat="-8.035236" lon="-34.903481">
    <ele>39.5</ele>
    <time>2020-02-12T23:06:41.000Z</time>
   </trkpt>
   <trkpt lat="-8.035257" lon="-34.903537">
    <ele>39</ele>
    <time>2020-02-12T23:06:42.000Z</time>
   </trkpt>
   <trkpt lat="-8.035284" lon="-34.903589">
    <ele>38.5</ele>
    <time>2020-02-12T23:06:43.000Z</time>
   </trkpt>
   <trkpt lat="-8.035305" lon="-34.903617">
    <ele>38.2</ele>
    <time>2020-02-12T23:06:44.000Z</time>
   </trkpt>
   <trkpt lat="-8.035345" lon="-34.90366">
    <ele>37.5</ele>
    <time>2020-02-12T23:06:46.000Z</time>
   </trkpt>
   <trkpt lat="-8.035373" lon="-34.903704">
    <ele>36.9</ele>
    <time>2020-02-12T23:06:47.000Z</time>
   </trkpt>
   <trkpt lat="-8.035387" lon="-34.903728">
    <ele>36.7</ele>
    <time>2020-02-12T23:06:48.000Z</time>
   </trkpt>
   <trkpt lat="-8.035434" lon="-34.903778">
    <ele>35.9</ele>
    <time>2020-02-12T23:06:49.000Z</time>
   </trkpt>
   <trkpt lat="-8.03547" lon="-34.903833">
    <ele>35.1</ele>
    <time>2020-02-12T23:06:50.000Z</time>
   </trkpt>
   <trkpt lat="-8.035487" lon="-34.903862">
    <ele>34.7</ele>
    <time>2020-02-12T23:06:51.000Z</time>
   </trkpt>
   <trkpt lat="-8.035485" lon="-34.903895">
    <ele>34.3</ele>
    <time>2020-02-12T23:06:52.000Z</time>
   </trkpt>
   <trkpt lat="-8.0355" lon="-34.903929">
    <ele>33.8</ele>
    <time>2020-02-12T23:06:53.000Z</time>
   </trkpt>
   <trkpt lat="-8.035527" lon="-34.903979">
    <ele>33.1</ele>
    <time>2020-02-12T23:06:54.000Z</time>
   </trkpt>
   <trkpt lat="-8.035567" lon="-34.904028">
    <ele>32.4</ele>
    <time>2020-02-12T23:06:55.000Z</time>
   </trkpt>
   <trkpt lat="-8.035624" lon="-34.904077">
    <ele>31.3</ele>
    <time>2020-02-12T23:06:56.000Z</time>
   </trkpt>
   <trkpt lat="-8.035654" lon="-34.90412">
    <ele>30.5</ele>
    <time>2020-02-12T23:06:58.000Z</time>
   </trkpt>
   <trkpt lat="-8.035675" lon="-34.904174">
    <ele>29.6</ele>
    <time>2020-02-12T23:07:00.000Z</time>
   </trkpt>
   <trkpt lat="-8.035636" lon="-34.904178">
    <ele>29.1</ele>
    <time>2020-02-12T23:07:01.000Z</time>
   </trkpt>
   <trkpt lat="-8.035639" lon="-34.904198">
    <ele>28.8</ele>
    <time>2020-02-12T23:07:04.000Z</time>
   </trkpt>
   <trkpt lat="-8.035707" lon="-34.904215">
    <ele>28</ele>
    <time>2020-02-12T23:07:06.000Z</time>
   </trkpt>
   <trkpt lat="-8.035751" lon="-34.904214">
    <ele>27.4</ele>
    <time>2020-02-12T23:07:07.000Z</time>
   </trkpt>
   <trkpt lat="-8.035808" lon="-34.904215">
    <ele>26.3</ele>
    <time>2020-02-12T23:07:08.000Z</time>
   </trkpt>
   <trkpt lat="-8.035862" lon="-34.904228">
    <ele>26.7</ele>
    <time>2020-02-12T23:07:09.000Z</time>
   </trkpt>
   <trkpt lat="-8.035896" lon="-34.904247">
    <ele>26.8</ele>
    <time>2020-02-12T23:07:10.000Z</time>
   </trkpt>
   <trkpt lat="-8.03594" lon="-34.904232">
    <ele>26.9</ele>
    <time>2020-02-12T23:07:11.000Z</time>
   </trkpt>
   <trkpt lat="-8.035973" lon="-34.904221">
    <ele>27.1</ele>
    <time>2020-02-12T23:07:12.000Z</time>
   </trkpt>
   <trkpt lat="-8.036033" lon="-34.904219">
    <ele>27.4</ele>
    <time>2020-02-12T23:07:14.000Z</time>
   </trkpt>
   <trkpt lat="-8.036083" lon="-34.904202">
    <ele>27.6</ele>
    <time>2020-02-12T23:07:15.000Z</time>
   </trkpt>
   <trkpt lat="-8.036132" lon="-34.904176">
    <ele>27.8</ele>
    <time>2020-02-12T23:07:16.000Z</time>
   </trkpt>
   <trkpt lat="-8.036183" lon="-34.904152">
    <ele>28</ele>
    <time>2020-02-12T23:07:17.000Z</time>
   </trkpt>
   <trkpt lat="-8.036206" lon="-34.904083">
    <ele>28.3</ele>
    <time>2020-02-12T23:07:18.000Z</time>
   </trkpt>
   <trkpt lat="-8.036252" lon="-34.904036">
    <ele>27.9</ele>
    <time>2020-02-12T23:07:19.000Z</time>
   </trkpt>
   <trkpt lat="-8.036284" lon="-34.904003">
    <ele>27.4</ele>
    <time>2020-02-12T23:07:20.000Z</time>
   </trkpt>
   <trkpt lat="-8.036313" lon="-34.903994">
    <ele>27.1</ele>
    <time>2020-02-12T23:07:21.000Z</time>
   </trkpt>
   <trkpt lat="-8.03635" lon="-34.903976">
    <ele>26.7</ele>
    <time>2020-02-12T23:07:22.000Z</time>
   </trkpt>
   <trkpt lat="-8.036378" lon="-34.903933">
    <ele>26.1</ele>
    <time>2020-02-12T23:07:23.000Z</time>
   </trkpt>
   <trkpt lat="-8.03641" lon="-34.903889">
    <ele>25</ele>
    <time>2020-02-12T23:07:24.000Z</time>
   </trkpt>
   <trkpt lat="-8.036448" lon="-34.903858">
    <ele>23.7</ele>
    <time>2020-02-12T23:07:25.000Z</time>
   </trkpt>
   <trkpt lat="-8.036486" lon="-34.903808">
    <ele>22.2</ele>
    <time>2020-02-12T23:07:26.000Z</time>
   </trkpt>
   <trkpt lat="-8.036519" lon="-34.90375">
    <ele>20.5</ele>
    <time>2020-02-12T23:07:27.000Z</time>
   </trkpt>
   <trkpt lat="-8.036554" lon="-34.903708">
    <ele>19.2</ele>
    <time>2020-02-12T23:07:28.000Z</time>
   </trkpt>
   <trkpt lat="-8.036591" lon="-34.903666">
    <ele>17.8</ele>
    <time>2020-02-12T23:07:29.000Z</time>
   </trkpt>
   <trkpt lat="-8.036629" lon="-34.903641">
    <ele>16.7</ele>
    <time>2020-02-12T23:07:30.000Z</time>
   </trkpt>
   <trkpt lat="-8.036667" lon="-34.903606">
    <ele>16.3</ele>
    <time>2020-02-12T23:07:31.000Z</time>
   </trkpt>
   <trkpt lat="-8.036718" lon="-34.90358">
    <ele>15.9</ele>
    <time>2020-02-12T23:07:32.000Z</time>
   </trkpt>
   <trkpt lat="-8.036754" lon="-34.90354">
    <ele>15.4</ele>
    <time>2020-02-12T23:07:33.000Z</time>
   </trkpt>
   <trkpt lat="-8.036802" lon="-34.903492">
    <ele>14.8</ele>
    <time>2020-02-12T23:07:34.000Z</time>
   </trkpt>
   <trkpt lat="-8.036856" lon="-34.903457">
    <ele>13.8</ele>
    <time>2020-02-12T23:07:35.000Z</time>
   </trkpt>
   <trkpt lat="-8.036919" lon="-34.903436">
    <ele>12.7</ele>
    <time>2020-02-12T23:07:36.000Z</time>
   </trkpt>
   <trkpt lat="-8.036983" lon="-34.903389">
    <ele>11.3</ele>
    <time>2020-02-12T23:07:37.000Z</time>
   </trkpt>
   <trkpt lat="-8.037032" lon="-34.903321">
    <ele>10.3</ele>
    <time>2020-02-12T23:07:38.000Z</time>
   </trkpt>
   <trkpt lat="-8.037083" lon="-34.903265">
    <ele>9.6</ele>
    <time>2020-02-12T23:07:39.000Z</time>
   </trkpt>
   <trkpt lat="-8.037133" lon="-34.903218">
    <ele>9.2</ele>
    <time>2020-02-12T23:07:40.000Z</time>
   </trkpt>
   <trkpt lat="-8.03718" lon="-34.903169">
    <ele>9</ele>
    <time>2020-02-12T23:07:41.000Z</time>
   </trkpt>
   <trkpt lat="-8.037219" lon="-34.903125">
    <ele>9</ele>
    <time>2020-02-12T23:07:42.000Z</time>
   </trkpt>
   <trkpt lat="-8.037248" lon="-34.903086">
    <ele>9</ele>
    <time>2020-02-12T23:07:43.000Z</time>
   </trkpt>
   <trkpt lat="-8.037282" lon="-34.903043">
    <ele>9.1</ele>
    <time>2020-02-12T23:07:44.000Z</time>
   </trkpt>
   <trkpt lat="-8.037311" lon="-34.903021">
    <ele>9.3</ele>
    <time>2020-02-12T23:07:45.000Z</time>
   </trkpt>
   <trkpt lat="-8.037344" lon="-34.902993">
    <ele>9.5</ele>
    <time>2020-02-12T23:07:46.000Z</time>
   </trkpt>
   <trkpt lat="-8.037371" lon="-34.902966">
    <ele>9.8</ele>
    <time>2020-02-12T23:07:47.000Z</time>
   </trkpt>
   <trkpt lat="-8.037405" lon="-34.902935">
    <ele>10.1</ele>
    <time>2020-02-12T23:07:48.000Z</time>
   </trkpt>
   <trkpt lat="-8.037444" lon="-34.902924">
    <ele>10.3</ele>
    <time>2020-02-12T23:07:49.000Z</time>
   </trkpt>
   <trkpt lat="-8.037479" lon="-34.902933">
    <ele>10.5</ele>
    <time>2020-02-12T23:07:51.000Z</time>
   </trkpt>
   <trkpt lat="-8.037522" lon="-34.902971">
    <ele>11</ele>
    <time>2020-02-12T23:07:53.000Z</time>
   </trkpt>
   <trkpt lat="-8.037569" lon="-34.903009">
    <ele>11</ele>
    <time>2020-02-12T23:07:54.000Z</time>
   </trkpt>
   <trkpt lat="-8.037608" lon="-34.903056">
    <ele>11</ele>
    <time>2020-02-12T23:07:55.000Z</time>
   </trkpt>
   <trkpt lat="-8.037632" lon="-34.903099">
    <ele>11</ele>
    <time>2020-02-12T23:07:56.000Z</time>
   </trkpt>
   <trkpt lat="-8.037658" lon="-34.903145">
    <ele>11</ele>
    <time>2020-02-12T23:07:57.000Z</time>
   </trkpt>
   <trkpt lat="-8.037682" lon="-34.903189">
    <ele>10.9</ele>
    <time>2020-02-12T23:07:58.000Z</time>
   </trkpt>
   <trkpt lat="-8.037704" lon="-34.903234">
    <ele>10.9</ele>
    <time>2020-02-12T23:07:59.000Z</time>
   </trkpt>
   <trkpt lat="-8.037696" lon="-34.903294">
    <ele>10.9</ele>
    <time>2020-02-12T23:08:00.000Z</time>
   </trkpt>
   <trkpt lat="-8.03772" lon="-34.90334">
    <ele>10.9</ele>
    <time>2020-02-12T23:08:01.000Z</time>
   </trkpt>
   <trkpt lat="-8.037748" lon="-34.903411">
    <ele>11</ele>
    <time>2020-02-12T23:08:02.000Z</time>
   </trkpt>
   <trkpt lat="-8.037764" lon="-34.903458">
    <ele>11</ele>
    <time>2020-02-12T23:08:03.000Z</time>
   </trkpt>
   <trkpt lat="-8.037782" lon="-34.903507">
    <ele>11.1</ele>
    <time>2020-02-12T23:08:04.000Z</time>
   </trkpt>
   <trkpt lat="-8.037807" lon="-34.903559">
    <ele>11</ele>
    <time>2020-02-12T23:08:05.000Z</time>
   </trkpt>
   <trkpt lat="-8.037805" lon="-34.903612">
    <ele>10.9</ele>
    <time>2020-02-12T23:08:06.000Z</time>
   </trkpt>
   <trkpt lat="-8.037833" lon="-34.903673">
    <ele>10.8</ele>
    <time>2020-02-12T23:08:07.000Z</time>
   </trkpt>
   <trkpt lat="-8.037852" lon="-34.903739">
    <ele>10.6</ele>
    <time>2020-02-12T23:08:08.000Z</time>
   </trkpt>
   <trkpt lat="-8.037919" lon="-34.903858">
    <ele>10.4</ele>
    <time>2020-02-12T23:08:09.000Z</time>
   </trkpt>
   <trkpt lat="-8.037945" lon="-34.903944">
    <ele>10.3</ele>
    <time>2020-02-12T23:08:10.000Z</time>
   </trkpt>
   <trkpt lat="-8.037961" lon="-34.904013">
    <ele>10.3</ele>
    <time>2020-02-12T23:08:11.000Z</time>
   </trkpt>
   <trkpt lat="-8.037961" lon="-34.904075">
    <ele>10.3</ele>
    <time>2020-02-12T23:08:12.000Z</time>
   </trkpt>
   <trkpt lat="-8.037975" lon="-34.904132">
    <ele>10.3</ele>
    <time>2020-02-12T23:08:13.000Z</time>
   </trkpt>
   <trkpt lat="-8.038023" lon="-34.904204">
    <ele>10.3</ele>
    <time>2020-02-12T23:08:14.000Z</time>
   </trkpt>
   <trkpt lat="-8.038064" lon="-34.904259">
    <ele>10.3</ele>
    <time>2020-02-12T23:08:15.000Z</time>
   </trkpt>
   <trkpt lat="-8.038133" lon="-34.904361">
    <ele>10.3</ele>
    <time>2020-02-12T23:08:16.000Z</time>
   </trkpt>
   <trkpt lat="-8.038186" lon="-34.904437">
    <ele>10.3</ele>
    <time>2020-02-12T23:08:17.000Z</time>
   </trkpt>
   <trkpt lat="-8.038227" lon="-34.904493">
    <ele>10.3</ele>
    <time>2020-02-12T23:08:18.000Z</time>
   </trkpt>
   <trkpt lat="-8.038255" lon="-34.904555">
    <ele>10.3</ele>
    <time>2020-02-12T23:08:19.000Z</time>
   </trkpt>
   <trkpt lat="-8.038285" lon="-34.9046">
    <ele>10.3</ele>
    <time>2020-02-12T23:08:20.000Z</time>
   </trkpt>
   <trkpt lat="-8.038328" lon="-34.904656">
    <ele>10.2</ele>
    <time>2020-02-12T23:08:21.000Z</time>
   </trkpt>
   <trkpt lat="-8.038372" lon="-34.904697">
    <ele>10.2</ele>
    <time>2020-02-12T23:08:22.000Z</time>
   </trkpt>
   <trkpt lat="-8.038407" lon="-34.904735">
    <ele>10.2</ele>
    <time>2020-02-12T23:08:23.000Z</time>
   </trkpt>
   <trkpt lat="-8.038451" lon="-34.9048">
    <ele>10.2</ele>
    <time>2020-02-12T23:08:24.000Z</time>
   </trkpt>
   <trkpt lat="-8.038481" lon="-34.904845">
    <ele>10.1</ele>
    <time>2020-02-12T23:08:25.000Z</time>
   </trkpt>
   <trkpt lat="-8.03852" lon="-34.904864">
    <ele>10.1</ele>
    <time>2020-02-12T23:08:27.000Z</time>
   </trkpt>
   <trkpt lat="-8.038518" lon="-34.904901">
    <ele>10.1</ele>
    <time>2020-02-12T23:08:29.000Z</time>
   </trkpt>
   <trkpt lat="-8.038496" lon="-34.904939">
    <ele>10.5</ele>
    <time>2020-02-12T23:08:30.000Z</time>
   </trkpt>
   <trkpt lat="-8.038439" lon="-34.90497">
    <ele>10.8</ele>
    <time>2020-02-12T23:08:31.000Z</time>
   </trkpt>
   <trkpt lat="-8.03841" lon="-34.905014">
    <ele>11.2</ele>
    <time>2020-02-12T23:08:32.000Z</time>
   </trkpt>
   <trkpt lat="-8.038392" lon="-34.905045">
    <ele>11.4</ele>
    <time>2020-02-12T23:08:33.000Z</time>
   </trkpt>
   <trkpt lat="-8.038371" lon="-34.905073">
    <ele>11.5</ele>
    <time>2020-02-12T23:08:34.000Z</time>
   </trkpt>
   <trkpt lat="-8.038341" lon="-34.905117">
    <ele>11.8</ele>
    <time>2020-02-12T23:08:36.000Z</time>
   </trkpt>
   <trkpt lat="-8.038315" lon="-34.905138">
    <ele>11.9</ele>
    <time>2020-02-12T23:08:37.000Z</time>
   </trkpt>
   <trkpt lat="-8.038294" lon="-34.905189">
    <ele>12.2</ele>
    <time>2020-02-12T23:08:39.000Z</time>
   </trkpt>
   <trkpt lat="-8.038263" lon="-34.905234">
    <ele>12.4</ele>
    <time>2020-02-12T23:08:41.000Z</time>
   </trkpt>
   <trkpt lat="-8.038242" lon="-34.905266">
    <ele>12.6</ele>
    <time>2020-02-12T23:08:42.000Z</time>
   </trkpt>
   <trkpt lat="-8.038184" lon="-34.905306">
    <ele>12.8</ele>
    <time>2020-02-12T23:08:44.000Z</time>
   </trkpt>
   <trkpt lat="-8.038139" lon="-34.905334">
    <ele>13</ele>
    <time>2020-02-12T23:08:47.000Z</time>
   </trkpt>
   <trkpt lat="-8.038113" lon="-34.905349">
    <ele>13.2</ele>
    <time>2020-02-12T23:08:50.000Z</time>
   </trkpt>
   <trkpt lat="-8.038115" lon="-34.905393">
    <ele>13</ele>
    <time>2020-02-12T23:08:55.000Z</time>
   </trkpt>
   <trkpt lat="-8.038117" lon="-34.905434">
    <ele>12.9</ele>
    <time>2020-02-12T23:08:58.000Z</time>
   </trkpt>
   <trkpt lat="-8.03813" lon="-34.905443">
    <ele>12.8</ele>
    <time>2020-02-12T23:09:01.000Z</time>
   </trkpt>
   <trkpt lat="-8.038206" lon="-34.905406">
    <ele>12.6</ele>
    <time>2020-02-12T23:10:08.000Z</time>
   </trkpt>
   <trkpt lat="-8.038225" lon="-34.905386">
    <ele>12.5</ele>
    <time>2020-02-12T23:10:09.000Z</time>
   </trkpt>
   <trkpt lat="-8.038251" lon="-34.905362">
    <ele>12.4</ele>
    <time>2020-02-12T23:10:10.000Z</time>
   </trkpt>
   <trkpt lat="-8.038277" lon="-34.905342">
    <ele>12.3</ele>
    <time>2020-02-12T23:10:11.000Z</time>
   </trkpt>
   <trkpt lat="-8.038312" lon="-34.905301">
    <ele>12.1</ele>
    <time>2020-02-12T23:10:13.000Z</time>
   </trkpt>
   <trkpt lat="-8.03832" lon="-34.905274">
    <ele>12</ele>
    <time>2020-02-12T23:10:14.000Z</time>
   </trkpt>
   <trkpt lat="-8.038346" lon="-34.905258">
    <ele>11.9</ele>
    <time>2020-02-12T23:10:15.000Z</time>
   </trkpt>
   <trkpt lat="-8.038384" lon="-34.905228">
    <ele>11.7</ele>
    <time>2020-02-12T23:10:17.000Z</time>
   </trkpt>
   <trkpt lat="-8.038434" lon="-34.905184">
    <ele>11.4</ele>
    <time>2020-02-12T23:10:19.000Z</time>
   </trkpt>
   <trkpt lat="-8.038441" lon="-34.90515">
    <ele>11.3</ele>
    <time>2020-02-12T23:10:21.000Z</time>
   </trkpt>
   <trkpt lat="-8.038483" lon="-34.905115">
    <ele>11</ele>
    <time>2020-02-12T23:10:23.000Z</time>
   </trkpt>
   <trkpt lat="-8.038502" lon="-34.905091">
    <ele>10.9</ele>
    <time>2020-02-12T23:10:24.000Z</time>
   </trkpt>
   <trkpt lat="-8.038524" lon="-34.905071">
    <ele>10.7</ele>
    <time>2020-02-12T23:10:25.000Z</time>
   </trkpt>
   <trkpt lat="-8.038558" lon="-34.905031">
    <ele>10.5</ele>
    <time>2020-02-12T23:10:27.000Z</time>
   </trkpt>
   <trkpt lat="-8.038565" lon="-34.904998">
    <ele>10.3</ele>
    <time>2020-02-12T23:10:28.000Z</time>
   </trkpt>
   <trkpt lat="-8.038598" lon="-34.904966">
    <ele>10.1</ele>
    <time>2020-02-12T23:10:30.000Z</time>
   </trkpt>
   <trkpt lat="-8.038635" lon="-34.904927">
    <ele>10.4</ele>
    <time>2020-02-12T23:10:32.000Z</time>
   </trkpt>
   <trkpt lat="-8.038676" lon="-34.90491">
    <ele>10.6</ele>
    <time>2020-02-12T23:10:33.000Z</time>
   </trkpt>
   <trkpt lat="-8.038702" lon="-34.904896">
    <ele>10.7</ele>
    <time>2020-02-12T23:10:34.000Z</time>
   </trkpt>
   <trkpt lat="-8.038732" lon="-34.904894">
    <ele>10.8</ele>
    <time>2020-02-12T23:10:35.000Z</time>
   </trkpt>
   <trkpt lat="-8.038763" lon="-34.904871">
    <ele>11</ele>
    <time>2020-02-12T23:10:36.000Z</time>
   </trkpt>
   <trkpt lat="-8.038805" lon="-34.90484">
    <ele>11.2</ele>
    <time>2020-02-12T23:10:38.000Z</time>
   </trkpt>
   <trkpt lat="-8.038833" lon="-34.904819">
    <ele>11.3</ele>
    <time>2020-02-12T23:10:39.000Z</time>
   </trkpt>
   <trkpt lat="-8.038857" lon="-34.904796">
    <ele>11.4</ele>
    <time>2020-02-12T23:10:40.000Z</time>
   </trkpt>
   <trkpt lat="-8.038891" lon="-34.90478">
    <ele>11.5</ele>
    <time>2020-02-12T23:10:41.000Z</time>
   </trkpt>
   <trkpt lat="-8.038936" lon="-34.904755">
    <ele>11.7</ele>
    <time>2020-02-12T23:10:42.000Z</time>
   </trkpt>
   <trkpt lat="-8.038969" lon="-34.904743">
    <ele>11.9</ele>
    <time>2020-02-12T23:10:43.000Z</time>
   </trkpt>
   <trkpt lat="-8.039002" lon="-34.904722">
    <ele>12.1</ele>
    <time>2020-02-12T23:10:44.000Z</time>
   </trkpt>
   <trkpt lat="-8.03903" lon="-34.904705">
    <ele>12.2</ele>
    <time>2020-02-12T23:10:45.000Z</time>
   </trkpt>
   <trkpt lat="-8.039063" lon="-34.904673">
    <ele>12.4</ele>
    <time>2020-02-12T23:10:46.000Z</time>
   </trkpt>
   <trkpt lat="-8.039102" lon="-34.904649">
    <ele>12.6</ele>
    <time>2020-02-12T23:10:47.000Z</time>
   </trkpt>
   <trkpt lat="-8.039131" lon="-34.904631">
    <ele>12.8</ele>
    <time>2020-02-12T23:10:48.000Z</time>
   </trkpt>
   <trkpt lat="-8.039152" lon="-34.904608">
    <ele>12.9</ele>
    <time>2020-02-12T23:10:49.000Z</time>
   </trkpt>
   <trkpt lat="-8.03918" lon="-34.904575">
    <ele>13.1</ele>
    <time>2020-02-12T23:10:50.000Z</time>
   </trkpt>
   <trkpt lat="-8.039201" lon="-34.904555">
    <ele>13.1</ele>
    <time>2020-02-12T23:10:51.000Z</time>
   </trkpt>
   <trkpt lat="-8.039251" lon="-34.904511">
    <ele>13.3</ele>
    <time>2020-02-12T23:10:53.000Z</time>
   </trkpt>
   <trkpt lat="-8.039281" lon="-34.90449">
    <ele>13.4</ele>
    <time>2020-02-12T23:10:54.000Z</time>
   </trkpt>
   <trkpt lat="-8.039312" lon="-34.90447">
    <ele>13.5</ele>
    <time>2020-02-12T23:10:55.000Z</time>
   </trkpt>
   <trkpt lat="-8.03934" lon="-34.90445">
    <ele>13.6</ele>
    <time>2020-02-12T23:10:56.000Z</time>
   </trkpt>
   <trkpt lat="-8.039369" lon="-34.904434">
    <ele>13.6</ele>
    <time>2020-02-12T23:10:57.000Z</time>
   </trkpt>
   <trkpt lat="-8.03939" lon="-34.904405">
    <ele>13.7</ele>
    <time>2020-02-12T23:10:58.000Z</time>
   </trkpt>
   <trkpt lat="-8.039425" lon="-34.90439">
    <ele>13.8</ele>
    <time>2020-02-12T23:10:59.000Z</time>
   </trkpt>
   <trkpt lat="-8.039457" lon="-34.904373">
    <ele>13.9</ele>
    <time>2020-02-12T23:11:00.000Z</time>
   </trkpt>
   <trkpt lat="-8.03949" lon="-34.904361">
    <ele>13.9</ele>
    <time>2020-02-12T23:11:01.000Z</time>
   </trkpt>
   <trkpt lat="-8.039515" lon="-34.904339">
    <ele>14</ele>
    <time>2020-02-12T23:11:02.000Z</time>
   </trkpt>
   <trkpt lat="-8.039542" lon="-34.90432">
    <ele>14</ele>
    <time>2020-02-12T23:11:03.000Z</time>
   </trkpt>
   <trkpt lat="-8.039571" lon="-34.904293">
    <ele>14</ele>
    <time>2020-02-12T23:11:04.000Z</time>
   </trkpt>
   <trkpt lat="-8.039601" lon="-34.904274">
    <ele>14</ele>
    <time>2020-02-12T23:11:05.000Z</time>
   </trkpt>
   <trkpt lat="-8.039634" lon="-34.90425">
    <ele>13.9</ele>
    <time>2020-02-12T23:11:06.000Z</time>
   </trkpt>
   <trkpt lat="-8.039657" lon="-34.90422">
    <ele>13.7</ele>
    <time>2020-02-12T23:11:07.000Z</time>
   </trkpt>
   <trkpt lat="-8.039683" lon="-34.904201">
    <ele>13.5</ele>
    <time>2020-02-12T23:11:08.000Z</time>
   </trkpt>
   <trkpt lat="-8.039714" lon="-34.904164">
    <ele>13.3</ele>
    <time>2020-02-12T23:11:09.000Z</time>
   </trkpt>
   <trkpt lat="-8.039742" lon="-34.904133">
    <ele>13</ele>
    <time>2020-02-12T23:11:10.000Z</time>
   </trkpt>
   <trkpt lat="-8.039763" lon="-34.904104">
    <ele>12.7</ele>
    <time>2020-02-12T23:11:11.000Z</time>
   </trkpt>
   <trkpt lat="-8.039791" lon="-34.904079">
    <ele>12.3</ele>
    <time>2020-02-12T23:11:12.000Z</time>
   </trkpt>
   <trkpt lat="-8.039826" lon="-34.904048">
    <ele>12.1</ele>
    <time>2020-02-12T23:11:13.000Z</time>
   </trkpt>
   <trkpt lat="-8.039858" lon="-34.904017">
    <ele>12.1</ele>
    <time>2020-02-12T23:11:14.000Z</time>
   </trkpt>
   <trkpt lat="-8.039892" lon="-34.903988">
    <ele>12.1</ele>
    <time>2020-02-12T23:11:15.000Z</time>
   </trkpt>
   <trkpt lat="-8.039919" lon="-34.903954">
    <ele>11.8</ele>
    <time>2020-02-12T23:11:16.000Z</time>
   </trkpt>
   <trkpt lat="-8.039959" lon="-34.903929">
    <ele>11.6</ele>
    <time>2020-02-12T23:11:17.000Z</time>
   </trkpt>
   <trkpt lat="-8.039987" lon="-34.903903">
    <ele>11.4</ele>
    <time>2020-02-12T23:11:18.000Z</time>
   </trkpt>
   <trkpt lat="-8.040016" lon="-34.903882">
    <ele>11.3</ele>
    <time>2020-02-12T23:11:19.000Z</time>
   </trkpt>
   <trkpt lat="-8.040053" lon="-34.903873">
    <ele>11.1</ele>
    <time>2020-02-12T23:11:20.000Z</time>
   </trkpt>
   <trkpt lat="-8.040081" lon="-34.903856">
    <ele>11.1</ele>
    <time>2020-02-12T23:11:21.000Z</time>
   </trkpt>
   <trkpt lat="-8.040106" lon="-34.903844">
    <ele>11</ele>
    <time>2020-02-12T23:11:22.000Z</time>
   </trkpt>
   <trkpt lat="-8.04015" lon="-34.903802">
    <ele>10.8</ele>
    <time>2020-02-12T23:11:24.000Z</time>
   </trkpt>
   <trkpt lat="-8.04018" lon="-34.903776">
    <ele>10.7</ele>
    <time>2020-02-12T23:11:25.000Z</time>
   </trkpt>
   <trkpt lat="-8.040209" lon="-34.903738">
    <ele>10.6</ele>
    <time>2020-02-12T23:11:26.000Z</time>
   </trkpt>
   <trkpt lat="-8.040237" lon="-34.903723">
    <ele>10.6</ele>
    <time>2020-02-12T23:11:27.000Z</time>
   </trkpt>
   <trkpt lat="-8.040257" lon="-34.903704">
    <ele>10.5</ele>
    <time>2020-02-12T23:11:28.000Z</time>
   </trkpt>
   <trkpt lat="-8.040283" lon="-34.903681">
    <ele>10.5</ele>
    <time>2020-02-12T23:11:29.000Z</time>
   </trkpt>
   <trkpt lat="-8.040316" lon="-34.90366">
    <ele>10.4</ele>
    <time>2020-02-12T23:11:30.000Z</time>
   </trkpt>
   <trkpt lat="-8.040357" lon="-34.903637">
    <ele>10.4</ele>
    <time>2020-02-12T23:11:31.000Z</time>
   </trkpt>
   <trkpt lat="-8.040403" lon="-34.903612">
    <ele>10.4</ele>
    <time>2020-02-12T23:11:32.000Z</time>
   </trkpt>
   <trkpt lat="-8.040449" lon="-34.903592">
    <ele>10.4</ele>
    <time>2020-02-12T23:11:33.000Z</time>
   </trkpt>
   <trkpt lat="-8.040483" lon="-34.903573">
    <ele>10.4</ele>
    <time>2020-02-12T23:11:34.000Z</time>
   </trkpt>
   <trkpt lat="-8.040514" lon="-34.903569">
    <ele>10.4</ele>
    <time>2020-02-12T23:11:35.000Z</time>
   </trkpt>
   <trkpt lat="-8.040546" lon="-34.90356">
    <ele>10.4</ele>
    <time>2020-02-12T23:11:36.000Z</time>
   </trkpt>
   <trkpt lat="-8.040583" lon="-34.903553">
    <ele>10.4</ele>
    <time>2020-02-12T23:11:37.000Z</time>
   </trkpt>
   <trkpt lat="-8.04062" lon="-34.903536">
    <ele>10.4</ele>
    <time>2020-02-12T23:11:38.000Z</time>
   </trkpt>
   <trkpt lat="-8.040667" lon="-34.903516">
    <ele>10.4</ele>
    <time>2020-02-12T23:11:39.000Z</time>
   </trkpt>
   <trkpt lat="-8.040704" lon="-34.903502">
    <ele>10.3</ele>
    <time>2020-02-12T23:11:40.000Z</time>
   </trkpt>
   <trkpt lat="-8.040747" lon="-34.903484">
    <ele>10.1</ele>
    <time>2020-02-12T23:11:41.000Z</time>
   </trkpt>
   <trkpt lat="-8.040785" lon="-34.903463">
    <ele>9.9</ele>
    <time>2020-02-12T23:11:42.000Z</time>
   </trkpt>
   <trkpt lat="-8.040823" lon="-34.903451">
    <ele>9.8</ele>
    <time>2020-02-12T23:11:43.000Z</time>
   </trkpt>
   <trkpt lat="-8.04086" lon="-34.903443">
    <ele>9.7</ele>
    <time>2020-02-12T23:11:44.000Z</time>
   </trkpt>
   <trkpt lat="-8.040901" lon="-34.903439">
    <ele>9.5</ele>
    <time>2020-02-12T23:11:45.000Z</time>
   </trkpt>
   <trkpt lat="-8.040943" lon="-34.903429">
    <ele>9.3</ele>
    <time>2020-02-12T23:11:46.000Z</time>
   </trkpt>
   <trkpt lat="-8.040987" lon="-34.903417">
    <ele>9.2</ele>
    <time>2020-02-12T23:11:47.000Z</time>
   </trkpt>
   <trkpt lat="-8.041023" lon="-34.903404">
    <ele>9.1</ele>
    <time>2020-02-12T23:11:48.000Z</time>
   </trkpt>
   <trkpt lat="-8.041063" lon="-34.903392">
    <ele>9.1</ele>
    <time>2020-02-12T23:11:49.000Z</time>
   </trkpt>
   <trkpt lat="-8.041101" lon="-34.90338">
    <ele>9</ele>
    <time>2020-02-12T23:11:50.000Z</time>
   </trkpt>
   <trkpt lat="-8.041147" lon="-34.903366">
    <ele>9.1</ele>
    <time>2020-02-12T23:11:51.000Z</time>
   </trkpt>
   <trkpt lat="-8.041186" lon="-34.903354">
    <ele>9.1</ele>
    <time>2020-02-12T23:11:52.000Z</time>
   </trkpt>
   <trkpt lat="-8.041218" lon="-34.903337">
    <ele>9.2</ele>
    <time>2020-02-12T23:11:53.000Z</time>
   </trkpt>
   <trkpt lat="-8.041248" lon="-34.903325">
    <ele>9.3</ele>
    <time>2020-02-12T23:11:54.000Z</time>
   </trkpt>
   <trkpt lat="-8.041282" lon="-34.903316">
    <ele>9.4</ele>
    <time>2020-02-12T23:11:55.000Z</time>
   </trkpt>
   <trkpt lat="-8.041318" lon="-34.903292">
    <ele>9.6</ele>
    <time>2020-02-12T23:11:56.000Z</time>
   </trkpt>
   <trkpt lat="-8.041355" lon="-34.903268">
    <ele>9.8</ele>
    <time>2020-02-12T23:11:57.000Z</time>
   </trkpt>
   <trkpt lat="-8.041395" lon="-34.903242">
    <ele>10</ele>
    <time>2020-02-12T23:11:58.000Z</time>
   </trkpt>
   <trkpt lat="-8.041438" lon="-34.903216">
    <ele>10.2</ele>
    <time>2020-02-12T23:11:59.000Z</time>
   </trkpt>
   <trkpt lat="-8.041466" lon="-34.903199">
    <ele>10.3</ele>
    <time>2020-02-12T23:12:00.000Z</time>
   </trkpt>
   <trkpt lat="-8.041494" lon="-34.903172">
    <ele>10.5</ele>
    <time>2020-02-12T23:12:01.000Z</time>
   </trkpt>
   <trkpt lat="-8.041527" lon="-34.903157">
    <ele>10.6</ele>
    <time>2020-02-12T23:12:02.000Z</time>
   </trkpt>
   <trkpt lat="-8.041568" lon="-34.903139">
    <ele>10.8</ele>
    <time>2020-02-12T23:12:03.000Z</time>
   </trkpt>
   <trkpt lat="-8.041608" lon="-34.90313">
    <ele>11</ele>
    <time>2020-02-12T23:12:04.000Z</time>
   </trkpt>
   <trkpt lat="-8.041652" lon="-34.903121">
    <ele>11.2</ele>
    <time>2020-02-12T23:12:05.000Z</time>
   </trkpt>
   <trkpt lat="-8.041688" lon="-34.903105">
    <ele>11.5</ele>
    <time>2020-02-12T23:12:06.000Z</time>
   </trkpt>
   <trkpt lat="-8.041721" lon="-34.903086">
    <ele>11.7</ele>
    <time>2020-02-12T23:12:07.000Z</time>
   </trkpt>
   <trkpt lat="-8.041757" lon="-34.903063">
    <ele>12</ele>
    <time>2020-02-12T23:12:08.000Z</time>
   </trkpt>
   <trkpt lat="-8.041794" lon="-34.903038">
    <ele>12.4</ele>
    <time>2020-02-12T23:12:09.000Z</time>
   </trkpt>
   <trkpt lat="-8.041827" lon="-34.903005">
    <ele>12</ele>
    <time>2020-02-12T23:12:10.000Z</time>
   </trkpt>
   <trkpt lat="-8.041864" lon="-34.902974">
    <ele>11.6</ele>
    <time>2020-02-12T23:12:11.000Z</time>
   </trkpt>
   <trkpt lat="-8.041894" lon="-34.902943">
    <ele>11.2</ele>
    <time>2020-02-12T23:12:12.000Z</time>
   </trkpt>
   <trkpt lat="-8.041926" lon="-34.902912">
    <ele>10.8</ele>
    <time>2020-02-12T23:12:13.000Z</time>
   </trkpt>
   <trkpt lat="-8.041952" lon="-34.90288">
    <ele>10.4</ele>
    <time>2020-02-12T23:12:14.000Z</time>
   </trkpt>
   <trkpt lat="-8.041986" lon="-34.902857">
    <ele>10</ele>
    <time>2020-02-12T23:12:15.000Z</time>
   </trkpt>
   <trkpt lat="-8.042019" lon="-34.902828">
    <ele>9.6</ele>
    <time>2020-02-12T23:12:16.000Z</time>
   </trkpt>
   <trkpt lat="-8.042049" lon="-34.902801">
    <ele>9.2</ele>
    <time>2020-02-12T23:12:17.000Z</time>
   </trkpt>
   <trkpt lat="-8.042083" lon="-34.902769">
    <ele>8.7</ele>
    <time>2020-02-12T23:12:18.000Z</time>
   </trkpt>
   <trkpt lat="-8.042109" lon="-34.902749">
    <ele>8.4</ele>
    <time>2020-02-12T23:12:19.000Z</time>
   </trkpt>
   <trkpt lat="-8.042135" lon="-34.902723">
    <ele>8.2</ele>
    <time>2020-02-12T23:12:20.000Z</time>
   </trkpt>
   <trkpt lat="-8.042164" lon="-34.9027">
    <ele>8.2</ele>
    <time>2020-02-12T23:12:21.000Z</time>
   </trkpt>
   <trkpt lat="-8.042195" lon="-34.90268">
    <ele>8.2</ele>
    <time>2020-02-12T23:12:22.000Z</time>
   </trkpt>
   <trkpt lat="-8.042228" lon="-34.902656">
    <ele>8.2</ele>
    <time>2020-02-12T23:12:23.000Z</time>
   </trkpt>
   <trkpt lat="-8.042256" lon="-34.902635">
    <ele>8.2</ele>
    <time>2020-02-12T23:12:24.000Z</time>
   </trkpt>
   <trkpt lat="-8.042299" lon="-34.9026">
    <ele>8.2</ele>
    <time>2020-02-12T23:12:25.000Z</time>
   </trkpt>
   <trkpt lat="-8.042326" lon="-34.902579">
    <ele>8.2</ele>
    <time>2020-02-12T23:12:26.000Z</time>
   </trkpt>
   <trkpt lat="-8.042356" lon="-34.902555">
    <ele>8.2</ele>
    <time>2020-02-12T23:12:27.000Z</time>
   </trkpt>
   <trkpt lat="-8.042393" lon="-34.902536">
    <ele>8.3</ele>
    <time>2020-02-12T23:12:28.000Z</time>
   </trkpt>
   <trkpt lat="-8.042434" lon="-34.902528">
    <ele>8.4</ele>
    <time>2020-02-12T23:12:29.000Z</time>
   </trkpt>
   <trkpt lat="-8.042472" lon="-34.902519">
    <ele>8.5</ele>
    <time>2020-02-12T23:12:30.000Z</time>
   </trkpt>
   <trkpt lat="-8.042505" lon="-34.902503">
    <ele>8.7</ele>
    <time>2020-02-12T23:12:31.000Z</time>
   </trkpt>
   <trkpt lat="-8.04254" lon="-34.902486">
    <ele>8.9</ele>
    <time>2020-02-12T23:12:32.000Z</time>
   </trkpt>
   <trkpt lat="-8.042584" lon="-34.902473">
    <ele>9.1</ele>
    <time>2020-02-12T23:12:33.000Z</time>
   </trkpt>
   <trkpt lat="-8.042633" lon="-34.902458">
    <ele>9.5</ele>
    <time>2020-02-12T23:12:34.000Z</time>
   </trkpt>
   <trkpt lat="-8.042675" lon="-34.902451">
    <ele>9.8</ele>
    <time>2020-02-12T23:12:35.000Z</time>
   </trkpt>
   <trkpt lat="-8.042717" lon="-34.902441">
    <ele>10.1</ele>
    <time>2020-02-12T23:12:36.000Z</time>
   </trkpt>
   <trkpt lat="-8.042763" lon="-34.902432">
    <ele>10.5</ele>
    <time>2020-02-12T23:12:37.000Z</time>
   </trkpt>
   <trkpt lat="-8.042809" lon="-34.902421">
    <ele>10.9</ele>
    <time>2020-02-12T23:12:38.000Z</time>
   </trkpt>
   <trkpt lat="-8.042849" lon="-34.902415">
    <ele>11.2</ele>
    <time>2020-02-12T23:12:39.000Z</time>
   </trkpt>
   <trkpt lat="-8.042881" lon="-34.902406">
    <ele>11.5</ele>
    <time>2020-02-12T23:12:40.000Z</time>
   </trkpt>
   <trkpt lat="-8.042919" lon="-34.902391">
    <ele>11.7</ele>
    <time>2020-02-12T23:12:41.000Z</time>
   </trkpt>
   <trkpt lat="-8.042954" lon="-34.902372">
    <ele>12</ele>
    <time>2020-02-12T23:12:42.000Z</time>
   </trkpt>
   <trkpt lat="-8.042989" lon="-34.902351">
    <ele>12.2</ele>
    <time>2020-02-12T23:12:43.000Z</time>
   </trkpt>
   <trkpt lat="-8.043017" lon="-34.90234">
    <ele>12.3</ele>
    <time>2020-02-12T23:12:44.000Z</time>
   </trkpt>
   <trkpt lat="-8.043081" lon="-34.902322">
    <ele>12.5</ele>
    <time>2020-02-12T23:12:46.000Z</time>
   </trkpt>
   <trkpt lat="-8.043127" lon="-34.902321">
    <ele>12.7</ele>
    <time>2020-02-12T23:12:47.000Z</time>
   </trkpt>
   <trkpt lat="-8.043171" lon="-34.902317">
    <ele>12.8</ele>
    <time>2020-02-12T23:12:48.000Z</time>
   </trkpt>
   <trkpt lat="-8.043208" lon="-34.902327">
    <ele>12.9</ele>
    <time>2020-02-12T23:12:49.000Z</time>
   </trkpt>
   <trkpt lat="-8.043241" lon="-34.902329">
    <ele>13</ele>
    <time>2020-02-12T23:12:50.000Z</time>
   </trkpt>
   <trkpt lat="-8.043273" lon="-34.902329">
    <ele>13</ele>
    <time>2020-02-12T23:12:51.000Z</time>
   </trkpt>
   <trkpt lat="-8.043308" lon="-34.902322">
    <ele>13.1</ele>
    <time>2020-02-12T23:12:52.000Z</time>
   </trkpt>
   <trkpt lat="-8.043343" lon="-34.902318">
    <ele>13.2</ele>
    <time>2020-02-12T23:12:53.000Z</time>
   </trkpt>
   <trkpt lat="-8.043375" lon="-34.902306">
    <ele>13.3</ele>
    <time>2020-02-12T23:12:54.000Z</time>
   </trkpt>
   <trkpt lat="-8.043407" lon="-34.902301">
    <ele>13.4</ele>
    <time>2020-02-12T23:12:55.000Z</time>
   </trkpt>
   <trkpt lat="-8.043463" lon="-34.902289">
    <ele>13.5</ele>
    <time>2020-02-12T23:12:57.000Z</time>
   </trkpt>
   <trkpt lat="-8.043492" lon="-34.902287">
    <ele>13.6</ele>
    <time>2020-02-12T23:12:58.000Z</time>
   </trkpt>
   <trkpt lat="-8.043519" lon="-34.90228">
    <ele>13.6</ele>
    <time>2020-02-12T23:12:59.000Z</time>
   </trkpt>
   <trkpt lat="-8.043554" lon="-34.902277">
    <ele>13.7</ele>
    <time>2020-02-12T23:13:01.000Z</time>
   </trkpt>
   <trkpt lat="-8.043598" lon="-34.902266">
    <ele>13.8</ele>
    <time>2020-02-12T23:13:03.000Z</time>
   </trkpt>
   <trkpt lat="-8.043636" lon="-34.902263">
    <ele>13.8</ele>
    <time>2020-02-12T23:13:05.000Z</time>
   </trkpt>
   <trkpt lat="-8.043666" lon="-34.90225">
    <ele>13.9</ele>
    <time>2020-02-12T23:13:07.000Z</time>
   </trkpt>
   <trkpt lat="-8.043696" lon="-34.902252">
    <ele>13.9</ele>
    <time>2020-02-12T23:13:09.000Z</time>
   </trkpt>
   <trkpt lat="-8.043727" lon="-34.902247">
    <ele>13.9</ele>
    <time>2020-02-12T23:13:12.000Z</time>
   </trkpt>
   <trkpt lat="-8.043715" lon="-34.902261">
    <ele>13.8</ele>
    <time>2020-02-12T23:13:16.000Z</time>
   </trkpt>
   <trkpt lat="-8.043904" lon="-34.902212">
    <ele>13.3</ele>
    <time>2020-02-12T23:13:42.000Z</time>
   </trkpt>
   <trkpt lat="-8.043945" lon="-34.902238">
    <ele>13.2</ele>
    <time>2020-02-12T23:13:44.000Z</time>
   </trkpt>
   <trkpt lat="-8.043959" lon="-34.902262">
    <ele>12.9</ele>
    <time>2020-02-12T23:13:45.000Z</time>
   </trkpt>
   <trkpt lat="-8.043983" lon="-34.902295">
    <ele>12.6</ele>
    <time>2020-02-12T23:13:46.000Z</time>
   </trkpt>
   <trkpt lat="-8.044009" lon="-34.902331">
    <ele>12.3</ele>
    <time>2020-02-12T23:13:47.000Z</time>
   </trkpt>
   <trkpt lat="-8.044038" lon="-34.90236">
    <ele>12.1</ele>
    <time>2020-02-12T23:13:48.000Z</time>
   </trkpt>
   <trkpt lat="-8.044061" lon="-34.902407">
    <ele>11.8</ele>
    <time>2020-02-12T23:13:49.000Z</time>
   </trkpt>
   <trkpt lat="-8.044076" lon="-34.902449">
    <ele>11.6</ele>
    <time>2020-02-12T23:13:50.000Z</time>
   </trkpt>
   <trkpt lat="-8.044094" lon="-34.902492">
    <ele>11.4</ele>
    <time>2020-02-12T23:13:51.000Z</time>
   </trkpt>
   <trkpt lat="-8.044106" lon="-34.902535">
    <ele>11.2</ele>
    <time>2020-02-12T23:13:52.000Z</time>
   </trkpt>
   <trkpt lat="-8.044113" lon="-34.90257">
    <ele>11.1</ele>
    <time>2020-02-12T23:13:53.000Z</time>
   </trkpt>
   <trkpt lat="-8.04414" lon="-34.902603">
    <ele>10.9</ele>
    <time>2020-02-12T23:13:54.000Z</time>
   </trkpt>
   <trkpt lat="-8.044154" lon="-34.902644">
    <ele>10.7</ele>
    <time>2020-02-12T23:13:55.000Z</time>
   </trkpt>
   <trkpt lat="-8.044175" lon="-34.902692">
    <ele>10.4</ele>
    <time>2020-02-12T23:13:56.000Z</time>
   </trkpt>
   <trkpt lat="-8.0442" lon="-34.90274">
    <ele>10.2</ele>
    <time>2020-02-12T23:13:57.000Z</time>
   </trkpt>
   <trkpt lat="-8.044227" lon="-34.902784">
    <ele>10</ele>
    <time>2020-02-12T23:13:58.000Z</time>
   </trkpt>
   <trkpt lat="-8.044261" lon="-34.902835">
    <ele>9.7</ele>
    <time>2020-02-12T23:13:59.000Z</time>
   </trkpt>
   <trkpt lat="-8.0443" lon="-34.902873">
    <ele>9.5</ele>
    <time>2020-02-12T23:14:00.000Z</time>
   </trkpt>
   <trkpt lat="-8.044324" lon="-34.90292">
    <ele>9.3</ele>
    <time>2020-02-12T23:14:01.000Z</time>
   </trkpt>
   <trkpt lat="-8.044346" lon="-34.90297">
    <ele>9.1</ele>
    <time>2020-02-12T23:14:02.000Z</time>
   </trkpt>
   <trkpt lat="-8.044361" lon="-34.903003">
    <ele>9</ele>
    <time>2020-02-12T23:14:03.000Z</time>
   </trkpt>
   <trkpt lat="-8.044381" lon="-34.903036">
    <ele>8.8</ele>
    <time>2020-02-12T23:14:04.000Z</time>
   </trkpt>
   <trkpt lat="-8.044405" lon="-34.903072">
    <ele>8.7</ele>
    <time>2020-02-12T23:14:05.000Z</time>
   </trkpt>
   <trkpt lat="-8.044426" lon="-34.903108">
    <ele>8.5</ele>
    <time>2020-02-12T23:14:06.000Z</time>
   </trkpt>
   <trkpt lat="-8.044448" lon="-34.903145">
    <ele>8.4</ele>
    <time>2020-02-12T23:14:07.000Z</time>
   </trkpt>
   <trkpt lat="-8.044479" lon="-34.903174">
    <ele>8.2</ele>
    <time>2020-02-12T23:14:08.000Z</time>
   </trkpt>
   <trkpt lat="-8.04451" lon="-34.903195">
    <ele>8.1</ele>
    <time>2020-02-12T23:14:09.000Z</time>
   </trkpt>
   <trkpt lat="-8.044547" lon="-34.903207">
    <ele>8</ele>
    <time>2020-02-12T23:14:10.000Z</time>
   </trkpt>
   <trkpt lat="-8.044592" lon="-34.903207">
    <ele>8</ele>
    <time>2020-02-12T23:14:11.000Z</time>
   </trkpt>
   <trkpt lat="-8.044633" lon="-34.903184">
    <ele>8</ele>
    <time>2020-02-12T23:14:12.000Z</time>
   </trkpt>
   <trkpt lat="-8.044676" lon="-34.903172">
    <ele>8.1</ele>
    <time>2020-02-12T23:14:13.000Z</time>
   </trkpt>
   <trkpt lat="-8.044721" lon="-34.903157">
    <ele>8.1</ele>
    <time>2020-02-12T23:14:14.000Z</time>
   </trkpt>
   <trkpt lat="-8.044764" lon="-34.903149">
    <ele>8.2</ele>
    <time>2020-02-12T23:14:15.000Z</time>
   </trkpt>
   <trkpt lat="-8.044802" lon="-34.90313">
    <ele>8.2</ele>
    <time>2020-02-12T23:14:16.000Z</time>
   </trkpt>
   <trkpt lat="-8.044835" lon="-34.903105">
    <ele>8.3</ele>
    <time>2020-02-12T23:14:17.000Z</time>
   </trkpt>
   <trkpt lat="-8.044861" lon="-34.903076">
    <ele>8.4</ele>
    <time>2020-02-12T23:14:18.000Z</time>
   </trkpt>
   <trkpt lat="-8.044887" lon="-34.903055">
    <ele>8.4</ele>
    <time>2020-02-12T23:14:19.000Z</time>
   </trkpt>
   <trkpt lat="-8.044933" lon="-34.903031">
    <ele>8.5</ele>
    <time>2020-02-12T23:14:21.000Z</time>
   </trkpt>
   <trkpt lat="-8.044961" lon="-34.903017">
    <ele>8.6</ele>
    <time>2020-02-12T23:14:22.000Z</time>
   </trkpt>
   <trkpt lat="-8.044993" lon="-34.902998">
    <ele>8.6</ele>
    <time>2020-02-12T23:14:23.000Z</time>
   </trkpt>
   <trkpt lat="-8.045032" lon="-34.902977">
    <ele>8.7</ele>
    <time>2020-02-12T23:14:24.000Z</time>
   </trkpt>
   <trkpt lat="-8.045076" lon="-34.902962">
    <ele>8.7</ele>
    <time>2020-02-12T23:14:25.000Z</time>
   </trkpt>
   <trkpt lat="-8.045113" lon="-34.90295">
    <ele>8.8</ele>
    <time>2020-02-12T23:14:26.000Z</time>
   </trkpt>
   <trkpt lat="-8.045149" lon="-34.902948">
    <ele>8.8</ele>
    <time>2020-02-12T23:14:27.000Z</time>
   </trkpt>
   <trkpt lat="-8.045176" lon="-34.902965">
    <ele>8.4</ele>
    <time>2020-02-12T23:14:28.000Z</time>
   </trkpt>
   <trkpt lat="-8.045209" lon="-34.90298">
    <ele>7.9</ele>
    <time>2020-02-12T23:14:29.000Z</time>
   </trkpt>
   <trkpt lat="-8.045238" lon="-34.903001">
    <ele>7.4</ele>
    <time>2020-02-12T23:14:30.000Z</time>
   </trkpt>
   <trkpt lat="-8.045266" lon="-34.903033">
    <ele>6.9</ele>
    <time>2020-02-12T23:14:31.000Z</time>
   </trkpt>
   <trkpt lat="-8.045287" lon="-34.903069">
    <ele>6.3</ele>
    <time>2020-02-12T23:14:32.000Z</time>
   </trkpt>
   <trkpt lat="-8.045293" lon="-34.903107">
    <ele>6.3</ele>
    <time>2020-02-12T23:14:33.000Z</time>
   </trkpt>
   <trkpt lat="-8.045298" lon="-34.903145">
    <ele>6.4</ele>
    <time>2020-02-12T23:14:34.000Z</time>
   </trkpt>
   <trkpt lat="-8.04531" lon="-34.903185">
    <ele>6.5</ele>
    <time>2020-02-12T23:14:35.000Z</time>
   </trkpt>
   <trkpt lat="-8.045322" lon="-34.903218">
    <ele>6.6</ele>
    <time>2020-02-12T23:14:36.000Z</time>
   </trkpt>
   <trkpt lat="-8.045335" lon="-34.90325">
    <ele>6.6</ele>
    <time>2020-02-12T23:14:37.000Z</time>
   </trkpt>
   <trkpt lat="-8.045339" lon="-34.90328">
    <ele>6.7</ele>
    <time>2020-02-12T23:14:38.000Z</time>
   </trkpt>
   <trkpt lat="-8.045345" lon="-34.903312">
    <ele>6.7</ele>
    <time>2020-02-12T23:14:39.000Z</time>
   </trkpt>
   <trkpt lat="-8.045356" lon="-34.903343">
    <ele>6.8</ele>
    <time>2020-02-12T23:14:40.000Z</time>
   </trkpt>
   <trkpt lat="-8.045367" lon="-34.903378">
    <ele>6.8</ele>
    <time>2020-02-12T23:14:41.000Z</time>
   </trkpt>
   <trkpt lat="-8.045374" lon="-34.903412">
    <ele>6.9</ele>
    <time>2020-02-12T23:14:42.000Z</time>
   </trkpt>
   <trkpt lat="-8.045385" lon="-34.903449">
    <ele>6.9</ele>
    <time>2020-02-12T23:14:43.000Z</time>
   </trkpt>
   <trkpt lat="-8.045394" lon="-34.90348">
    <ele>6.9</ele>
    <time>2020-02-12T23:14:44.000Z</time>
   </trkpt>
   <trkpt lat="-8.045407" lon="-34.903538">
    <ele>6.9</ele>
    <time>2020-02-12T23:14:46.000Z</time>
   </trkpt>
   <trkpt lat="-8.045411" lon="-34.903565">
    <ele>6.9</ele>
    <time>2020-02-12T23:14:47.000Z</time>
   </trkpt>
   <trkpt lat="-8.045427" lon="-34.903588">
    <ele>6.9</ele>
    <time>2020-02-12T23:14:48.000Z</time>
   </trkpt>
   <trkpt lat="-8.045443" lon="-34.903636">
    <ele>6.8</ele>
    <time>2020-02-12T23:14:50.000Z</time>
   </trkpt>
   <trkpt lat="-8.045449" lon="-34.903663">
    <ele>6.8</ele>
    <time>2020-02-12T23:14:51.000Z</time>
   </trkpt>
   <trkpt lat="-8.045452" lon="-34.903701">
    <ele>6.8</ele>
    <time>2020-02-12T23:14:53.000Z</time>
   </trkpt>
   <trkpt lat="-8.045469" lon="-34.903771">
    <ele>6.7</ele>
    <time>2020-02-12T23:14:57.000Z</time>
   </trkpt>
   <trkpt lat="-8.045485" lon="-34.903815">
    <ele>6.6</ele>
    <time>2020-02-12T23:15:02.000Z</time>
   </trkpt>
   <trkpt lat="-8.045501" lon="-34.903858">
    <ele>6.6</ele>
    <time>2020-02-12T23:15:12.000Z</time>
   </trkpt>
   <trkpt lat="-8.045517" lon="-34.903902">
    <ele>6.5</ele>
    <time>2020-02-12T23:15:13.000Z</time>
   </trkpt>
   <trkpt lat="-8.045529" lon="-34.903954">
    <ele>6.3</ele>
    <time>2020-02-12T23:15:14.000Z</time>
   </trkpt>
   <trkpt lat="-8.045536" lon="-34.904002">
    <ele>6.2</ele>
    <time>2020-02-12T23:15:15.000Z</time>
   </trkpt>
   <trkpt lat="-8.045543" lon="-34.904049">
    <ele>6.1</ele>
    <time>2020-02-12T23:15:16.000Z</time>
   </trkpt>
   <trkpt lat="-8.045549" lon="-34.904097">
    <ele>5.9</ele>
    <time>2020-02-12T23:15:17.000Z</time>
   </trkpt>
   <trkpt lat="-8.045546" lon="-34.904158">
    <ele>6.2</ele>
    <time>2020-02-12T23:15:18.000Z</time>
   </trkpt>
   <trkpt lat="-8.045541" lon="-34.904207">
    <ele>6.4</ele>
    <time>2020-02-12T23:15:19.000Z</time>
   </trkpt>
   <trkpt lat="-8.045547" lon="-34.904266">
    <ele>6.7</ele>
    <time>2020-02-12T23:15:20.000Z</time>
   </trkpt>
   <trkpt lat="-8.045553" lon="-34.904332">
    <ele>7</ele>
    <time>2020-02-12T23:15:21.000Z</time>
   </trkpt>
   <trkpt lat="-8.045568" lon="-34.904392">
    <ele>7.2</ele>
    <time>2020-02-12T23:15:22.000Z</time>
   </trkpt>
   <trkpt lat="-8.045575" lon="-34.90445">
    <ele>7.2</ele>
    <time>2020-02-12T23:15:23.000Z</time>
   </trkpt>
   <trkpt lat="-8.045584" lon="-34.904499">
    <ele>7.1</ele>
    <time>2020-02-12T23:15:24.000Z</time>
   </trkpt>
   <trkpt lat="-8.045587" lon="-34.904546">
    <ele>7.1</ele>
    <time>2020-02-12T23:15:25.000Z</time>
   </trkpt>
   <trkpt lat="-8.045594" lon="-34.904596">
    <ele>7</ele>
    <time>2020-02-12T23:15:26.000Z</time>
   </trkpt>
   <trkpt lat="-8.045603" lon="-34.90464">
    <ele>7</ele>
    <time>2020-02-12T23:15:27.000Z</time>
   </trkpt>
   <trkpt lat="-8.045609" lon="-34.904678">
    <ele>7</ele>
    <time>2020-02-12T23:15:28.000Z</time>
   </trkpt>
   <trkpt lat="-8.045618" lon="-34.90471">
    <ele>6.9</ele>
    <time>2020-02-12T23:15:29.000Z</time>
   </trkpt>
   <trkpt lat="-8.045623" lon="-34.90475">
    <ele>6.9</ele>
    <time>2020-02-12T23:15:30.000Z</time>
   </trkpt>
   <trkpt lat="-8.045636" lon="-34.904788">
    <ele>6.9</ele>
    <time>2020-02-12T23:15:31.000Z</time>
   </trkpt>
   <trkpt lat="-8.045648" lon="-34.904834">
    <ele>6.8</ele>
    <time>2020-02-12T23:15:32.000Z</time>
   </trkpt>
   <trkpt lat="-8.045656" lon="-34.904873">
    <ele>6.8</ele>
    <time>2020-02-12T23:15:33.000Z</time>
   </trkpt>
   <trkpt lat="-8.04567" lon="-34.904911">
    <ele>6.7</ele>
    <time>2020-02-12T23:15:34.000Z</time>
   </trkpt>
   <trkpt lat="-8.045685" lon="-34.904942">
    <ele>6.7</ele>
    <time>2020-02-12T23:15:35.000Z</time>
   </trkpt>
   <trkpt lat="-8.045705" lon="-34.904991">
    <ele>6.6</ele>
    <time>2020-02-12T23:15:37.000Z</time>
   </trkpt>
   <trkpt lat="-8.045707" lon="-34.905038">
    <ele>6.6</ele>
    <time>2020-02-12T23:15:38.000Z</time>
   </trkpt>
   <trkpt lat="-8.045706" lon="-34.905084">
    <ele>6.6</ele>
    <time>2020-02-12T23:15:39.000Z</time>
   </trkpt>
   <trkpt lat="-8.045708" lon="-34.905128">
    <ele>6.5</ele>
    <time>2020-02-12T23:15:40.000Z</time>
   </trkpt>
   <trkpt lat="-8.045724" lon="-34.905165">
    <ele>6.5</ele>
    <time>2020-02-12T23:15:41.000Z</time>
   </trkpt>
   <trkpt lat="-8.045744" lon="-34.905209">
    <ele>6.5</ele>
    <time>2020-02-12T23:15:42.000Z</time>
   </trkpt>
   <trkpt lat="-8.045747" lon="-34.905254">
    <ele>6.5</ele>
    <time>2020-02-12T23:15:43.000Z</time>
   </trkpt>
   <trkpt lat="-8.045764" lon="-34.905287">
    <ele>6.5</ele>
    <time>2020-02-12T23:15:44.000Z</time>
   </trkpt>
   <trkpt lat="-8.045773" lon="-34.90532">
    <ele>6.5</ele>
    <time>2020-02-12T23:15:45.000Z</time>
   </trkpt>
   <trkpt lat="-8.045787" lon="-34.905353">
    <ele>6.5</ele>
    <time>2020-02-12T23:15:46.000Z</time>
   </trkpt>
   <trkpt lat="-8.045808" lon="-34.905388">
    <ele>6.7</ele>
    <time>2020-02-12T23:15:47.000Z</time>
   </trkpt>
   <trkpt lat="-8.045822" lon="-34.905418">
    <ele>6.8</ele>
    <time>2020-02-12T23:15:49.000Z</time>
   </trkpt>
   <trkpt lat="-8.045834" lon="-34.905458">
    <ele>6.9</ele>
    <time>2020-02-12T23:15:51.000Z</time>
   </trkpt>
   <trkpt lat="-8.045856" lon="-34.905482">
    <ele>7.1</ele>
    <time>2020-02-12T23:15:52.000Z</time>
   </trkpt>
   <trkpt lat="-8.045872" lon="-34.905506">
    <ele>7.2</ele>
    <time>2020-02-12T23:15:53.000Z</time>
   </trkpt>
   <trkpt lat="-8.045874" lon="-34.905545">
    <ele>7.4</ele>
    <time>2020-02-12T23:15:54.000Z</time>
   </trkpt>
   <trkpt lat="-8.045887" lon="-34.905578">
    <ele>7.5</ele>
    <time>2020-02-12T23:15:55.000Z</time>
   </trkpt>
   <trkpt lat="-8.045885" lon="-34.905614">
    <ele>7.7</ele>
    <time>2020-02-12T23:15:56.000Z</time>
   </trkpt>
   <trkpt lat="-8.045895" lon="-34.905668">
    <ele>7.8</ele>
    <time>2020-02-12T23:15:58.000Z</time>
   </trkpt>
   <trkpt lat="-8.045889" lon="-34.905711">
    <ele>7.9</ele>
    <time>2020-02-12T23:15:59.000Z</time>
   </trkpt>
   <trkpt lat="-8.045906" lon="-34.905776">
    <ele>8.1</ele>
    <time>2020-02-12T23:16:01.000Z</time>
   </trkpt>
   <trkpt lat="-8.045898" lon="-34.905834">
    <ele>8.3</ele>
    <time>2020-02-12T23:16:02.000Z</time>
   </trkpt>
   <trkpt lat="-8.045895" lon="-34.905869">
    <ele>8.4</ele>
    <time>2020-02-12T23:16:03.000Z</time>
   </trkpt>
   <trkpt lat="-8.045897" lon="-34.905908">
    <ele>8.5</ele>
    <time>2020-02-12T23:16:04.000Z</time>
   </trkpt>
   <trkpt lat="-8.0459" lon="-34.905946">
    <ele>8.7</ele>
    <time>2020-02-12T23:16:05.000Z</time>
   </trkpt>
   <trkpt lat="-8.045901" lon="-34.905993">
    <ele>9</ele>
    <time>2020-02-12T23:16:06.000Z</time>
   </trkpt>
   <trkpt lat="-8.045906" lon="-34.906039">
    <ele>9.2</ele>
    <time>2020-02-12T23:16:07.000Z</time>
   </trkpt>
   <trkpt lat="-8.045899" lon="-34.906084">
    <ele>9.4</ele>
    <time>2020-02-12T23:16:08.000Z</time>
   </trkpt>
   <trkpt lat="-8.045904" lon="-34.906123">
    <ele>9.5</ele>
    <time>2020-02-12T23:16:09.000Z</time>
   </trkpt>
   <trkpt lat="-8.04589" lon="-34.906175">
    <ele>9.7</ele>
    <time>2020-02-12T23:16:10.000Z</time>
   </trkpt>
   <trkpt lat="-8.045892" lon="-34.906212">
    <ele>9.8</ele>
    <time>2020-02-12T23:16:11.000Z</time>
   </trkpt>
   <trkpt lat="-8.045919" lon="-34.906274">
    <ele>10.1</ele>
    <time>2020-02-12T23:16:13.000Z</time>
   </trkpt>
   <trkpt lat="-8.045933" lon="-34.9063">
    <ele>10.2</ele>
    <time>2020-02-12T23:16:14.000Z</time>
   </trkpt>
   <trkpt lat="-8.04593" lon="-34.906345">
    <ele>10.4</ele>
    <time>2020-02-12T23:16:15.000Z</time>
   </trkpt>
   <trkpt lat="-8.045944" lon="-34.906387">
    <ele>10.6</ele>
    <time>2020-02-12T23:16:16.000Z</time>
   </trkpt>
   <trkpt lat="-8.045949" lon="-34.906443">
    <ele>10.8</ele>
    <time>2020-02-12T23:16:17.000Z</time>
   </trkpt>
   <trkpt lat="-8.045953" lon="-34.906498">
    <ele>10.9</ele>
    <time>2020-02-12T23:16:18.000Z</time>
   </trkpt>
   <trkpt lat="-8.045951" lon="-34.906556">
    <ele>11</ele>
    <time>2020-02-12T23:16:19.000Z</time>
   </trkpt>
   <trkpt lat="-8.045949" lon="-34.906599">
    <ele>11.1</ele>
    <time>2020-02-12T23:16:20.000Z</time>
   </trkpt>
   <trkpt lat="-8.045955" lon="-34.906634">
    <ele>11.2</ele>
    <time>2020-02-12T23:16:21.000Z</time>
   </trkpt>
   <trkpt lat="-8.045959" lon="-34.906669">
    <ele>11.2</ele>
    <time>2020-02-12T23:16:22.000Z</time>
   </trkpt>
   <trkpt lat="-8.045967" lon="-34.906709">
    <ele>11.3</ele>
    <time>2020-02-12T23:16:23.000Z</time>
   </trkpt>
   <trkpt lat="-8.045981" lon="-34.906742">
    <ele>11.4</ele>
    <time>2020-02-12T23:16:24.000Z</time>
   </trkpt>
   <trkpt lat="-8.045994" lon="-34.90677">
    <ele>11.6</ele>
    <time>2020-02-12T23:16:25.000Z</time>
   </trkpt>
   <trkpt lat="-8.046013" lon="-34.9068">
    <ele>11.7</ele>
    <time>2020-02-12T23:16:26.000Z</time>
   </trkpt>
   <trkpt lat="-8.046036" lon="-34.906856">
    <ele>12</ele>
    <time>2020-02-12T23:16:27.000Z</time>
   </trkpt>
   <trkpt lat="-8.046042" lon="-34.906892">
    <ele>12.1</ele>
    <time>2020-02-12T23:16:28.000Z</time>
   </trkpt>
   <trkpt lat="-8.046035" lon="-34.906939">
    <ele>12.3</ele>
    <time>2020-02-12T23:16:29.000Z</time>
   </trkpt>
   <trkpt lat="-8.046024" lon="-34.906986">
    <ele>12.5</ele>
    <time>2020-02-12T23:16:30.000Z</time>
   </trkpt>
   <trkpt lat="-8.04602" lon="-34.907032">
    <ele>12.6</ele>
    <time>2020-02-12T23:16:31.000Z</time>
   </trkpt>
   <trkpt lat="-8.046032" lon="-34.907072">
    <ele>12.7</ele>
    <time>2020-02-12T23:16:32.000Z</time>
   </trkpt>
   <trkpt lat="-8.046048" lon="-34.907102">
    <ele>12.7</ele>
    <time>2020-02-12T23:16:33.000Z</time>
   </trkpt>
   <trkpt lat="-8.046057" lon="-34.907138">
    <ele>12.7</ele>
    <time>2020-02-12T23:16:34.000Z</time>
   </trkpt>
   <trkpt lat="-8.046059" lon="-34.907182">
    <ele>12.7</ele>
    <time>2020-02-12T23:16:35.000Z</time>
   </trkpt>
   <trkpt lat="-8.046061" lon="-34.907223">
    <ele>12.7</ele>
    <time>2020-02-12T23:16:36.000Z</time>
   </trkpt>
   <trkpt lat="-8.04606" lon="-34.90726">
    <ele>12.7</ele>
    <time>2020-02-12T23:16:37.000Z</time>
   </trkpt>
   <trkpt lat="-8.046064" lon="-34.907303">
    <ele>12.7</ele>
    <time>2020-02-12T23:16:38.000Z</time>
   </trkpt>
   <trkpt lat="-8.046077" lon="-34.90734">
    <ele>12.7</ele>
    <time>2020-02-12T23:16:39.000Z</time>
   </trkpt>
   <trkpt lat="-8.046061" lon="-34.907364">
    <ele>12.7</ele>
    <time>2020-02-12T23:16:40.000Z</time>
   </trkpt>
   <trkpt lat="-8.046075" lon="-34.907398">
    <ele>12.7</ele>
    <time>2020-02-12T23:16:42.000Z</time>
   </trkpt>
   <trkpt lat="-8.04608" lon="-34.907433">
    <ele>12.7</ele>
    <time>2020-02-12T23:16:43.000Z</time>
   </trkpt>
   <trkpt lat="-8.046077" lon="-34.90747">
    <ele>12.7</ele>
    <time>2020-02-12T23:16:44.000Z</time>
   </trkpt>
   <trkpt lat="-8.046066" lon="-34.907522">
    <ele>12.7</ele>
    <time>2020-02-12T23:16:45.000Z</time>
   </trkpt>
   <trkpt lat="-8.046064" lon="-34.907563">
    <ele>12.8</ele>
    <time>2020-02-12T23:16:46.000Z</time>
   </trkpt>
   <trkpt lat="-8.046059" lon="-34.907593">
    <ele>12.8</ele>
    <time>2020-02-12T23:16:47.000Z</time>
   </trkpt>
   <trkpt lat="-8.046058" lon="-34.90763">
    <ele>12.8</ele>
    <time>2020-02-12T23:16:48.000Z</time>
   </trkpt>
   <trkpt lat="-8.046061" lon="-34.907668">
    <ele>12.8</ele>
    <time>2020-02-12T23:16:49.000Z</time>
   </trkpt>
   <trkpt lat="-8.046063" lon="-34.907705">
    <ele>12.9</ele>
    <time>2020-02-12T23:16:50.000Z</time>
   </trkpt>
   <trkpt lat="-8.046064" lon="-34.90775">
    <ele>13</ele>
    <time>2020-02-12T23:16:52.000Z</time>
   </trkpt>
   <trkpt lat="-8.046073" lon="-34.90779">
    <ele>13</ele>
    <time>2020-02-12T23:16:54.000Z</time>
   </trkpt>
   <trkpt lat="-8.046093" lon="-34.907828">
    <ele>13.1</ele>
    <time>2020-02-12T23:16:56.000Z</time>
   </trkpt>
   <trkpt lat="-8.046088" lon="-34.907838">
    <ele>13.1</ele>
    <time>2020-02-12T23:17:00.000Z</time>
   </trkpt>
   <trkpt lat="-8.046079" lon="-34.907879">
    <ele>13.2</ele>
    <time>2020-02-12T23:17:02.000Z</time>
   </trkpt>
   <trkpt lat="-8.046081" lon="-34.907916">
    <ele>13.3</ele>
    <time>2020-02-12T23:17:03.000Z</time>
   </trkpt>
   <trkpt lat="-8.046099" lon="-34.907964">
    <ele>13.5</ele>
    <time>2020-02-12T23:17:04.000Z</time>
   </trkpt>
   <trkpt lat="-8.04613" lon="-34.908004">
    <ele>13.6</ele>
    <time>2020-02-12T23:17:05.000Z</time>
   </trkpt>
   <trkpt lat="-8.046141" lon="-34.908045">
    <ele>13.6</ele>
    <time>2020-02-12T23:17:06.000Z</time>
   </trkpt>
   <trkpt lat="-8.046162" lon="-34.908091">
    <ele>13.6</ele>
    <time>2020-02-12T23:17:07.000Z</time>
   </trkpt>
   <trkpt lat="-8.046182" lon="-34.908141">
    <ele>13.7</ele>
    <time>2020-02-12T23:17:08.000Z</time>
   </trkpt>
   <trkpt lat="-8.046192" lon="-34.90818">
    <ele>13.7</ele>
    <time>2020-02-12T23:17:09.000Z</time>
   </trkpt>
   <trkpt lat="-8.046203" lon="-34.908221">
    <ele>13.7</ele>
    <time>2020-02-12T23:17:10.000Z</time>
   </trkpt>
   <trkpt lat="-8.046205" lon="-34.908273">
    <ele>13.7</ele>
    <time>2020-02-12T23:17:11.000Z</time>
   </trkpt>
   <trkpt lat="-8.046208" lon="-34.908316">
    <ele>13.8</ele>
    <time>2020-02-12T23:17:12.000Z</time>
   </trkpt>
   <trkpt lat="-8.046201" lon="-34.908357">
    <ele>13.8</ele>
    <time>2020-02-12T23:17:13.000Z</time>
   </trkpt>
   <trkpt lat="-8.046209" lon="-34.908399">
    <ele>13.8</ele>
    <time>2020-02-12T23:17:14.000Z</time>
   </trkpt>
   <trkpt lat="-8.046209" lon="-34.908439">
    <ele>13.8</ele>
    <time>2020-02-12T23:17:15.000Z</time>
   </trkpt>
   <trkpt lat="-8.046207" lon="-34.908479">
    <ele>13.9</ele>
    <time>2020-02-12T23:17:16.000Z</time>
   </trkpt>
   <trkpt lat="-8.04622" lon="-34.908524">
    <ele>13.9</ele>
    <time>2020-02-12T23:17:17.000Z</time>
   </trkpt>
   <trkpt lat="-8.046242" lon="-34.908568">
    <ele>13.9</ele>
    <time>2020-02-12T23:17:18.000Z</time>
   </trkpt>
   <trkpt lat="-8.046251" lon="-34.908605">
    <ele>14</ele>
    <time>2020-02-12T23:17:19.000Z</time>
   </trkpt>
   <trkpt lat="-8.046229" lon="-34.908661">
    <ele>14</ele>
    <time>2020-02-12T23:17:21.000Z</time>
   </trkpt>
   <trkpt lat="-8.046222" lon="-34.908699">
    <ele>14</ele>
    <time>2020-02-12T23:17:22.000Z</time>
   </trkpt>
   <trkpt lat="-8.046216" lon="-34.908745">
    <ele>14.1</ele>
    <time>2020-02-12T23:17:23.000Z</time>
   </trkpt>
   <trkpt lat="-8.046207" lon="-34.908781">
    <ele>14.1</ele>
    <time>2020-02-12T23:17:24.000Z</time>
   </trkpt>
   <trkpt lat="-8.046199" lon="-34.908821">
    <ele>14.2</ele>
    <time>2020-02-12T23:17:25.000Z</time>
   </trkpt>
   <trkpt lat="-8.046193" lon="-34.908852">
    <ele>14.2</ele>
    <time>2020-02-12T23:17:26.000Z</time>
   </trkpt>
   <trkpt lat="-8.046184" lon="-34.908879">
    <ele>14.3</ele>
    <time>2020-02-12T23:17:28.000Z</time>
   </trkpt>
   <trkpt lat="-8.046213" lon="-34.908898">
    <ele>14.3</ele>
    <time>2020-02-12T23:17:31.000Z</time>
   </trkpt>
   <trkpt lat="-8.046221" lon="-34.908875">
    <ele>14.3</ele>
    <time>2020-02-12T23:17:35.000Z</time>
   </trkpt>
   <trkpt lat="-8.046231" lon="-34.908858">
    <ele>14.3</ele>
    <time>2020-02-12T23:17:38.000Z</time>
   </trkpt>
   <trkpt lat="-8.046203" lon="-34.908848">
    <ele>14.3</ele>
    <time>2020-02-12T23:17:40.000Z</time>
   </trkpt>
   <trkpt lat="-8.046239" lon="-34.90902">
    <ele>14.4</ele>
    <time>2020-02-12T23:18:15.000Z</time>
   </trkpt>
   <trkpt lat="-8.046217" lon="-34.909062">
    <ele>14.4</ele>
    <time>2020-02-12T23:18:17.000Z</time>
   </trkpt>
   <trkpt lat="-8.046236" lon="-34.909093">
    <ele>14.4</ele>
    <time>2020-02-12T23:18:18.000Z</time>
   </trkpt>
   <trkpt lat="-8.046244" lon="-34.909121">
    <ele>14.3</ele>
    <time>2020-02-12T23:18:19.000Z</time>
   </trkpt>
   <trkpt lat="-8.04626" lon="-34.909164">
    <ele>14.3</ele>
    <time>2020-02-12T23:18:21.000Z</time>
   </trkpt>
   <trkpt lat="-8.046273" lon="-34.909196">
    <ele>14.3</ele>
    <time>2020-02-12T23:18:22.000Z</time>
   </trkpt>
   <trkpt lat="-8.046283" lon="-34.909231">
    <ele>14.3</ele>
    <time>2020-02-12T23:18:23.000Z</time>
   </trkpt>
   <trkpt lat="-8.046299" lon="-34.909263">
    <ele>14.3</ele>
    <time>2020-02-12T23:18:24.000Z</time>
   </trkpt>
   <trkpt lat="-8.046303" lon="-34.909292">
    <ele>14.3</ele>
    <time>2020-02-12T23:18:25.000Z</time>
   </trkpt>
   <trkpt lat="-8.046259" lon="-34.909336">
    <ele>14.2</ele>
    <time>2020-02-12T23:18:26.000Z</time>
   </trkpt>
   <trkpt lat="-8.046277" lon="-34.90936">
    <ele>14.2</ele>
    <time>2020-02-12T23:18:27.000Z</time>
   </trkpt>
   <trkpt lat="-8.046314" lon="-34.909385">
    <ele>14.2</ele>
    <time>2020-02-12T23:18:28.000Z</time>
   </trkpt>
   <trkpt lat="-8.046357" lon="-34.909407">
    <ele>13.7</ele>
    <time>2020-02-12T23:18:29.000Z</time>
   </trkpt>
   <trkpt lat="-8.0464" lon="-34.909403">
    <ele>13.6</ele>
    <time>2020-02-12T23:18:30.000Z</time>
   </trkpt>
   <trkpt lat="-8.046439" lon="-34.909392">
    <ele>13.5</ele>
    <time>2020-02-12T23:18:31.000Z</time>
   </trkpt>
   <trkpt lat="-8.046484" lon="-34.909384">
    <ele>13.4</ele>
    <time>2020-02-12T23:18:32.000Z</time>
   </trkpt>
   <trkpt lat="-8.046533" lon="-34.909385">
    <ele>13.3</ele>
    <time>2020-02-12T23:18:33.000Z</time>
   </trkpt>
   <trkpt lat="-8.046577" lon="-34.909391">
    <ele>13.2</ele>
    <time>2020-02-12T23:18:34.000Z</time>
   </trkpt>
   <trkpt lat="-8.046617" lon="-34.909382">
    <ele>13.1</ele>
    <time>2020-02-12T23:18:35.000Z</time>
   </trkpt>
   <trkpt lat="-8.046656" lon="-34.909388">
    <ele>13.1</ele>
    <time>2020-02-12T23:18:36.000Z</time>
   </trkpt>
   <trkpt lat="-8.046692" lon="-34.90937">
    <ele>13</ele>
    <time>2020-02-12T23:18:37.000Z</time>
   </trkpt>
   <trkpt lat="-8.04672" lon="-34.909366">
    <ele>13</ele>
    <time>2020-02-12T23:18:38.000Z</time>
   </trkpt>
   <trkpt lat="-8.046755" lon="-34.909356">
    <ele>12.8</ele>
    <time>2020-02-12T23:18:39.000Z</time>
   </trkpt>
   <trkpt lat="-8.046796" lon="-34.909337">
    <ele>12.6</ele>
    <time>2020-02-12T23:18:40.000Z</time>
   </trkpt>
   <trkpt lat="-8.046838" lon="-34.909313">
    <ele>12.3</ele>
    <time>2020-02-12T23:18:41.000Z</time>
   </trkpt>
   <trkpt lat="-8.046872" lon="-34.909299">
    <ele>12.2</ele>
    <time>2020-02-12T23:18:42.000Z</time>
   </trkpt>
   <trkpt lat="-8.046903" lon="-34.909291">
    <ele>12</ele>
    <time>2020-02-12T23:18:43.000Z</time>
   </trkpt>
   <trkpt lat="-8.046941" lon="-34.909282">
    <ele>11.9</ele>
    <time>2020-02-12T23:18:44.000Z</time>
   </trkpt>
   <trkpt lat="-8.046981" lon="-34.909292">
    <ele>11.7</ele>
    <time>2020-02-12T23:18:46.000Z</time>
   </trkpt>
   <trkpt lat="-8.047022" lon="-34.909263">
    <ele>11.6</ele>
    <time>2020-02-12T23:18:48.000Z</time>
   </trkpt>
   <trkpt lat="-8.047062" lon="-34.909268">
    <ele>11.4</ele>
    <time>2020-02-12T23:18:51.000Z</time>
   </trkpt>
   <trkpt lat="-8.047092" lon="-34.909271">
    <ele>11.3</ele>
    <time>2020-02-12T23:18:53.000Z</time>
   </trkpt>
   <trkpt lat="-8.047119" lon="-34.90927">
    <ele>11.2</ele>
    <time>2020-02-12T23:18:55.000Z</time>
   </trkpt>
   <trkpt lat="-8.047138" lon="-34.909259">
    <ele>11.1</ele>
    <time>2020-02-12T23:19:00.000Z</time>
   </trkpt>
   <trkpt lat="-8.047156" lon="-34.909252">
    <ele>11.1</ele>
    <time>2020-02-12T23:19:04.000Z</time>
   </trkpt>
   <trkpt lat="-8.047236" lon="-34.909226">
    <ele>11</ele>
    <time>2020-02-12T23:19:14.000Z</time>
   </trkpt>
   <trkpt lat="-8.047268" lon="-34.909216">
    <ele>10.9</ele>
    <time>2020-02-12T23:19:15.000Z</time>
   </trkpt>
   <trkpt lat="-8.047299" lon="-34.909198">
    <ele>10.9</ele>
    <time>2020-02-12T23:19:16.000Z</time>
   </trkpt>
   <trkpt lat="-8.047343" lon="-34.909184">
    <ele>10.9</ele>
    <time>2020-02-12T23:19:17.000Z</time>
   </trkpt>
   <trkpt lat="-8.047384" lon="-34.909173">
    <ele>10.8</ele>
    <time>2020-02-12T23:19:18.000Z</time>
   </trkpt>
   <trkpt lat="-8.047426" lon="-34.909164">
    <ele>10.8</ele>
    <time>2020-02-12T23:19:19.000Z</time>
   </trkpt>
   <trkpt lat="-8.047462" lon="-34.909156">
    <ele>10.8</ele>
    <time>2020-02-12T23:19:20.000Z</time>
   </trkpt>
   <trkpt lat="-8.047499" lon="-34.909142">
    <ele>10.8</ele>
    <time>2020-02-12T23:19:21.000Z</time>
   </trkpt>
   <trkpt lat="-8.047537" lon="-34.909138">
    <ele>10.7</ele>
    <time>2020-02-12T23:19:22.000Z</time>
   </trkpt>
   <trkpt lat="-8.047575" lon="-34.90913">
    <ele>10.7</ele>
    <time>2020-02-12T23:19:23.000Z</time>
   </trkpt>
   <trkpt lat="-8.047616" lon="-34.909113">
    <ele>10.7</ele>
    <time>2020-02-12T23:19:24.000Z</time>
   </trkpt>
   <trkpt lat="-8.047653" lon="-34.909096">
    <ele>10.6</ele>
    <time>2020-02-12T23:19:25.000Z</time>
   </trkpt>
   <trkpt lat="-8.047686" lon="-34.90909">
    <ele>10.6</ele>
    <time>2020-02-12T23:19:26.000Z</time>
   </trkpt>
   <trkpt lat="-8.047719" lon="-34.909078">
    <ele>10.5</ele>
    <time>2020-02-12T23:19:27.000Z</time>
   </trkpt>
   <trkpt lat="-8.047756" lon="-34.909067">
    <ele>10.5</ele>
    <time>2020-02-12T23:19:28.000Z</time>
   </trkpt>
   <trkpt lat="-8.047795" lon="-34.909052">
    <ele>10.3</ele>
    <time>2020-02-12T23:19:29.000Z</time>
   </trkpt>
   <trkpt lat="-8.047835" lon="-34.909042">
    <ele>10.2</ele>
    <time>2020-02-12T23:19:30.000Z</time>
   </trkpt>
   <trkpt lat="-8.047876" lon="-34.909032">
    <ele>10.1</ele>
    <time>2020-02-12T23:19:31.000Z</time>
   </trkpt>
   <trkpt lat="-8.047918" lon="-34.909019">
    <ele>9.9</ele>
    <time>2020-02-12T23:19:32.000Z</time>
   </trkpt>
   <trkpt lat="-8.047954" lon="-34.909007">
    <ele>9.8</ele>
    <time>2020-02-12T23:19:33.000Z</time>
   </trkpt>
   <trkpt lat="-8.047987" lon="-34.908995">
    <ele>9.7</ele>
    <time>2020-02-12T23:19:34.000Z</time>
   </trkpt>
   <trkpt lat="-8.048016" lon="-34.90898">
    <ele>9.6</ele>
    <time>2020-02-12T23:19:35.000Z</time>
   </trkpt>
   <trkpt lat="-8.048045" lon="-34.908965">
    <ele>9.5</ele>
    <time>2020-02-12T23:19:36.000Z</time>
   </trkpt>
   <trkpt lat="-8.048076" lon="-34.908949">
    <ele>9.5</ele>
    <time>2020-02-12T23:19:37.000Z</time>
   </trkpt>
   <trkpt lat="-8.048107" lon="-34.908945">
    <ele>9.5</ele>
    <time>2020-02-12T23:19:38.000Z</time>
   </trkpt>
   <trkpt lat="-8.048141" lon="-34.908937">
    <ele>9.5</ele>
    <time>2020-02-12T23:19:39.000Z</time>
   </trkpt>
   <trkpt lat="-8.048188" lon="-34.908916">
    <ele>9.6</ele>
    <time>2020-02-12T23:19:40.000Z</time>
   </trkpt>
   <trkpt lat="-8.048226" lon="-34.908884">
    <ele>9.6</ele>
    <time>2020-02-12T23:19:41.000Z</time>
   </trkpt>
   <trkpt lat="-8.048264" lon="-34.908865">
    <ele>9.7</ele>
    <time>2020-02-12T23:19:42.000Z</time>
   </trkpt>
   <trkpt lat="-8.048316" lon="-34.90886">
    <ele>9.7</ele>
    <time>2020-02-12T23:19:43.000Z</time>
   </trkpt>
   <trkpt lat="-8.04836" lon="-34.908838">
    <ele>9.7</ele>
    <time>2020-02-12T23:19:44.000Z</time>
   </trkpt>
   <trkpt lat="-8.048398" lon="-34.908819">
    <ele>9.8</ele>
    <time>2020-02-12T23:19:45.000Z</time>
   </trkpt>
   <trkpt lat="-8.048434" lon="-34.908802">
    <ele>9.8</ele>
    <time>2020-02-12T23:19:46.000Z</time>
   </trkpt>
   <trkpt lat="-8.048473" lon="-34.908793">
    <ele>10.4</ele>
    <time>2020-02-12T23:19:47.000Z</time>
   </trkpt>
   <trkpt lat="-8.048516" lon="-34.908778">
    <ele>10.8</ele>
    <time>2020-02-12T23:19:48.000Z</time>
   </trkpt>
   <trkpt lat="-8.048573" lon="-34.908743">
    <ele>11.3</ele>
    <time>2020-02-12T23:19:49.000Z</time>
   </trkpt>
   <trkpt lat="-8.048627" lon="-34.908738">
    <ele>11.7</ele>
    <time>2020-02-12T23:19:50.000Z</time>
   </trkpt>
   <trkpt lat="-8.048686" lon="-34.908729">
    <ele>12.2</ele>
    <time>2020-02-12T23:19:51.000Z</time>
   </trkpt>
   <trkpt lat="-8.048725" lon="-34.908715">
    <ele>12.5</ele>
    <time>2020-02-12T23:19:52.000Z</time>
   </trkpt>
   <trkpt lat="-8.048774" lon="-34.908697">
    <ele>12.9</ele>
    <time>2020-02-12T23:19:53.000Z</time>
   </trkpt>
   <trkpt lat="-8.048814" lon="-34.90868">
    <ele>13.1</ele>
    <time>2020-02-12T23:19:54.000Z</time>
   </trkpt>
   <trkpt lat="-8.048862" lon="-34.908672">
    <ele>13.4</ele>
    <time>2020-02-12T23:19:55.000Z</time>
   </trkpt>
   <trkpt lat="-8.048907" lon="-34.908663">
    <ele>13.6</ele>
    <time>2020-02-12T23:19:56.000Z</time>
   </trkpt>
   <trkpt lat="-8.048959" lon="-34.908651">
    <ele>14</ele>
    <time>2020-02-12T23:19:57.000Z</time>
   </trkpt>
   <trkpt lat="-8.049008" lon="-34.908636">
    <ele>13.7</ele>
    <time>2020-02-12T23:19:58.000Z</time>
   </trkpt>
   <trkpt lat="-8.049043" lon="-34.908625">
    <ele>13.6</ele>
    <time>2020-02-12T23:19:59.000Z</time>
   </trkpt>
   <trkpt lat="-8.049091" lon="-34.908611">
    <ele>13.4</ele>
    <time>2020-02-12T23:20:00.000Z</time>
   </trkpt>
   <trkpt lat="-8.049129" lon="-34.908595">
    <ele>13.3</ele>
    <time>2020-02-12T23:20:01.000Z</time>
   </trkpt>
   <trkpt lat="-8.049183" lon="-34.908583">
    <ele>13.1</ele>
    <time>2020-02-12T23:20:02.000Z</time>
   </trkpt>
   <trkpt lat="-8.049226" lon="-34.908574">
    <ele>12.9</ele>
    <time>2020-02-12T23:20:03.000Z</time>
   </trkpt>
   <trkpt lat="-8.049269" lon="-34.908561">
    <ele>12.7</ele>
    <time>2020-02-12T23:20:04.000Z</time>
   </trkpt>
   <trkpt lat="-8.049311" lon="-34.908548">
    <ele>12.6</ele>
    <time>2020-02-12T23:20:05.000Z</time>
   </trkpt>
   <trkpt lat="-8.049351" lon="-34.908544">
    <ele>12.5</ele>
    <time>2020-02-12T23:20:06.000Z</time>
   </trkpt>
   <trkpt lat="-8.049394" lon="-34.908534">
    <ele>12.3</ele>
    <time>2020-02-12T23:20:07.000Z</time>
   </trkpt>
   <trkpt lat="-8.049439" lon="-34.9085">
    <ele>12.1</ele>
    <time>2020-02-12T23:20:08.000Z</time>
   </trkpt>
   <trkpt lat="-8.049488" lon="-34.908486">
    <ele>11.9</ele>
    <time>2020-02-12T23:20:09.000Z</time>
   </trkpt>
   <trkpt lat="-8.04953" lon="-34.908464">
    <ele>11.8</ele>
    <time>2020-02-12T23:20:10.000Z</time>
   </trkpt>
   <trkpt lat="-8.049577" lon="-34.908448">
    <ele>11.6</ele>
    <time>2020-02-12T23:20:11.000Z</time>
   </trkpt>
   <trkpt lat="-8.049618" lon="-34.90843">
    <ele>11.5</ele>
    <time>2020-02-12T23:20:12.000Z</time>
   </trkpt>
   <trkpt lat="-8.049656" lon="-34.908409">
    <ele>11.3</ele>
    <time>2020-02-12T23:20:13.000Z</time>
   </trkpt>
   <trkpt lat="-8.049694" lon="-34.908396">
    <ele>11.2</ele>
    <time>2020-02-12T23:20:14.000Z</time>
   </trkpt>
   <trkpt lat="-8.049749" lon="-34.908387">
    <ele>11</ele>
    <time>2020-02-12T23:20:15.000Z</time>
   </trkpt>
   <trkpt lat="-8.049793" lon="-34.908371">
    <ele>10.8</ele>
    <time>2020-02-12T23:20:16.000Z</time>
   </trkpt>
   <trkpt lat="-8.049837" lon="-34.908341">
    <ele>10.7</ele>
    <time>2020-02-12T23:20:17.000Z</time>
   </trkpt>
   <trkpt lat="-8.049889" lon="-34.908328">
    <ele>10.5</ele>
    <time>2020-02-12T23:20:18.000Z</time>
   </trkpt>
   <trkpt lat="-8.049931" lon="-34.90832">
    <ele>10.3</ele>
    <time>2020-02-12T23:20:19.000Z</time>
   </trkpt>
   <trkpt lat="-8.049966" lon="-34.908294">
    <ele>10.2</ele>
    <time>2020-02-12T23:20:20.000Z</time>
   </trkpt>
   <trkpt lat="-8.050009" lon="-34.908274">
    <ele>10.1</ele>
    <time>2020-02-12T23:20:21.000Z</time>
   </trkpt>
   <trkpt lat="-8.050045" lon="-34.908254">
    <ele>10</ele>
    <time>2020-02-12T23:20:22.000Z</time>
   </trkpt>
   <trkpt lat="-8.050085" lon="-34.908232">
    <ele>9.9</ele>
    <time>2020-02-12T23:20:23.000Z</time>
   </trkpt>
   <trkpt lat="-8.050127" lon="-34.908215">
    <ele>9.8</ele>
    <time>2020-02-12T23:20:24.000Z</time>
   </trkpt>
   <trkpt lat="-8.050169" lon="-34.908215">
    <ele>9.7</ele>
    <time>2020-02-12T23:20:25.000Z</time>
   </trkpt>
   <trkpt lat="-8.050211" lon="-34.908195">
    <ele>9.6</ele>
    <time>2020-02-12T23:20:26.000Z</time>
   </trkpt>
   <trkpt lat="-8.050253" lon="-34.90818">
    <ele>9.5</ele>
    <time>2020-02-12T23:20:27.000Z</time>
   </trkpt>
   <trkpt lat="-8.050307" lon="-34.908167">
    <ele>9.3</ele>
    <time>2020-02-12T23:20:28.000Z</time>
   </trkpt>
   <trkpt lat="-8.050358" lon="-34.908164">
    <ele>9.2</ele>
    <time>2020-02-12T23:20:29.000Z</time>
   </trkpt>
   <trkpt lat="-8.050405" lon="-34.90816">
    <ele>9</ele>
    <time>2020-02-12T23:20:30.000Z</time>
   </trkpt>
   <trkpt lat="-8.050456" lon="-34.908172">
    <ele>8.9</ele>
    <time>2020-02-12T23:20:31.000Z</time>
   </trkpt>
   <trkpt lat="-8.050507" lon="-34.908167">
    <ele>8.7</ele>
    <time>2020-02-12T23:20:32.000Z</time>
   </trkpt>
   <trkpt lat="-8.050552" lon="-34.908162">
    <ele>8.6</ele>
    <time>2020-02-12T23:20:33.000Z</time>
   </trkpt>
   <trkpt lat="-8.050587" lon="-34.908157">
    <ele>8.5</ele>
    <time>2020-02-12T23:20:34.000Z</time>
   </trkpt>
   <trkpt lat="-8.050625" lon="-34.908153">
    <ele>8.4</ele>
    <time>2020-02-12T23:20:35.000Z</time>
   </trkpt>
   <trkpt lat="-8.050664" lon="-34.908152">
    <ele>8.2</ele>
    <time>2020-02-12T23:20:36.000Z</time>
   </trkpt>
   <trkpt lat="-8.0507" lon="-34.908166">
    <ele>8.1</ele>
    <time>2020-02-12T23:20:37.000Z</time>
   </trkpt>
   <trkpt lat="-8.050737" lon="-34.908178">
    <ele>7.9</ele>
    <time>2020-02-12T23:20:38.000Z</time>
   </trkpt>
   <trkpt lat="-8.050788" lon="-34.908175">
    <ele>7.7</ele>
    <time>2020-02-12T23:20:39.000Z</time>
   </trkpt>
   <trkpt lat="-8.05083" lon="-34.908184">
    <ele>7.6</ele>
    <time>2020-02-12T23:20:40.000Z</time>
   </trkpt>
   <trkpt lat="-8.050871" lon="-34.908181">
    <ele>7.5</ele>
    <time>2020-02-12T23:20:41.000Z</time>
   </trkpt>
   <trkpt lat="-8.05092" lon="-34.908191">
    <ele>7.7</ele>
    <time>2020-02-12T23:20:42.000Z</time>
   </trkpt>
   <trkpt lat="-8.05096" lon="-34.908206">
    <ele>7.8</ele>
    <time>2020-02-12T23:20:43.000Z</time>
   </trkpt>
   <trkpt lat="-8.051009" lon="-34.908221">
    <ele>8</ele>
    <time>2020-02-12T23:20:44.000Z</time>
   </trkpt>
   <trkpt lat="-8.051053" lon="-34.908235">
    <ele>8.1</ele>
    <time>2020-02-12T23:20:45.000Z</time>
   </trkpt>
   <trkpt lat="-8.051101" lon="-34.908248">
    <ele>8.3</ele>
    <time>2020-02-12T23:20:46.000Z</time>
   </trkpt>
   <trkpt lat="-8.051138" lon="-34.908248">
    <ele>8.4</ele>
    <time>2020-02-12T23:20:47.000Z</time>
   </trkpt>
   <trkpt lat="-8.051194" lon="-34.908252">
    <ele>8.6</ele>
    <time>2020-02-12T23:20:48.000Z</time>
   </trkpt>
   <trkpt lat="-8.051235" lon="-34.908256">
    <ele>8.7</ele>
    <time>2020-02-12T23:20:49.000Z</time>
   </trkpt>
   <trkpt lat="-8.051285" lon="-34.908262">
    <ele>8.8</ele>
    <time>2020-02-12T23:20:50.000Z</time>
   </trkpt>
   <trkpt lat="-8.051337" lon="-34.908266">
    <ele>9</ele>
    <time>2020-02-12T23:20:51.000Z</time>
   </trkpt>
   <trkpt lat="-8.051388" lon="-34.908283">
    <ele>8.7</ele>
    <time>2020-02-12T23:20:52.000Z</time>
   </trkpt>
   <trkpt lat="-8.051436" lon="-34.908292">
    <ele>8.5</ele>
    <time>2020-02-12T23:20:53.000Z</time>
   </trkpt>
   <trkpt lat="-8.051478" lon="-34.908297">
    <ele>8.4</ele>
    <time>2020-02-12T23:20:54.000Z</time>
   </trkpt>
   <trkpt lat="-8.051524" lon="-34.9083">
    <ele>8.3</ele>
    <time>2020-02-12T23:20:55.000Z</time>
   </trkpt>
   <trkpt lat="-8.051572" lon="-34.908305">
    <ele>8.2</ele>
    <time>2020-02-12T23:20:56.000Z</time>
   </trkpt>
   <trkpt lat="-8.051611" lon="-34.908317">
    <ele>8.2</ele>
    <time>2020-02-12T23:20:57.000Z</time>
   </trkpt>
   <trkpt lat="-8.051655" lon="-34.908332">
    <ele>8.1</ele>
    <time>2020-02-12T23:20:58.000Z</time>
   </trkpt>
   <trkpt lat="-8.051698" lon="-34.908335">
    <ele>8.1</ele>
    <time>2020-02-12T23:20:59.000Z</time>
   </trkpt>
   <trkpt lat="-8.05175" lon="-34.908331">
    <ele>8.1</ele>
    <time>2020-02-12T23:21:00.000Z</time>
   </trkpt>
   <trkpt lat="-8.051796" lon="-34.908334">
    <ele>8</ele>
    <time>2020-02-12T23:21:01.000Z</time>
   </trkpt>
   <trkpt lat="-8.051842" lon="-34.908337">
    <ele>8</ele>
    <time>2020-02-12T23:21:02.000Z</time>
   </trkpt>
   <trkpt lat="-8.051876" lon="-34.908341">
    <ele>8</ele>
    <time>2020-02-12T23:21:03.000Z</time>
   </trkpt>
   <trkpt lat="-8.051916" lon="-34.908363">
    <ele>8</ele>
    <time>2020-02-12T23:21:04.000Z</time>
   </trkpt>
   <trkpt lat="-8.051963" lon="-34.908363">
    <ele>8</ele>
    <time>2020-02-12T23:21:05.000Z</time>
   </trkpt>
   <trkpt lat="-8.052007" lon="-34.90837">
    <ele>8</ele>
    <time>2020-02-12T23:21:06.000Z</time>
   </trkpt>
   <trkpt lat="-8.052047" lon="-34.908376">
    <ele>8</ele>
    <time>2020-02-12T23:21:07.000Z</time>
   </trkpt>
   <trkpt lat="-8.052079" lon="-34.908379">
    <ele>8</ele>
    <time>2020-02-12T23:21:08.000Z</time>
   </trkpt>
   <trkpt lat="-8.052112" lon="-34.908389">
    <ele>8</ele>
    <time>2020-02-12T23:21:09.000Z</time>
   </trkpt>
   <trkpt lat="-8.052146" lon="-34.908407">
    <ele>8</ele>
    <time>2020-02-12T23:21:10.000Z</time>
   </trkpt>
   <trkpt lat="-8.052186" lon="-34.908425">
    <ele>8.1</ele>
    <time>2020-02-12T23:21:11.000Z</time>
   </trkpt>
   <trkpt lat="-8.052228" lon="-34.90843">
    <ele>8.2</ele>
    <time>2020-02-12T23:21:12.000Z</time>
   </trkpt>
   <trkpt lat="-8.052274" lon="-34.908441">
    <ele>8.3</ele>
    <time>2020-02-12T23:21:13.000Z</time>
   </trkpt>
   <trkpt lat="-8.052313" lon="-34.90845">
    <ele>8.3</ele>
    <time>2020-02-12T23:21:14.000Z</time>
   </trkpt>
   <trkpt lat="-8.052355" lon="-34.908458">
    <ele>8.4</ele>
    <time>2020-02-12T23:21:15.000Z</time>
   </trkpt>
   <trkpt lat="-8.052399" lon="-34.908462">
    <ele>8.5</ele>
    <time>2020-02-12T23:21:16.000Z</time>
   </trkpt>
   <trkpt lat="-8.052447" lon="-34.908466">
    <ele>8.6</ele>
    <time>2020-02-12T23:21:17.000Z</time>
   </trkpt>
   <trkpt lat="-8.052493" lon="-34.908464">
    <ele>8.7</ele>
    <time>2020-02-12T23:21:18.000Z</time>
   </trkpt>
   <trkpt lat="-8.052531" lon="-34.908471">
    <ele>8.7</ele>
    <time>2020-02-12T23:21:19.000Z</time>
   </trkpt>
   <trkpt lat="-8.052573" lon="-34.908474">
    <ele>8.7</ele>
    <time>2020-02-12T23:21:20.000Z</time>
   </trkpt>
   <trkpt lat="-8.052614" lon="-34.908493">
    <ele>8.7</ele>
    <time>2020-02-12T23:21:21.000Z</time>
   </trkpt>
   <trkpt lat="-8.052661" lon="-34.908502">
    <ele>8.7</ele>
    <time>2020-02-12T23:21:22.000Z</time>
   </trkpt>
   <trkpt lat="-8.052705" lon="-34.908498">
    <ele>8.7</ele>
    <time>2020-02-12T23:21:23.000Z</time>
   </trkpt>
   <trkpt lat="-8.052746" lon="-34.908505">
    <ele>8.6</ele>
    <time>2020-02-12T23:21:24.000Z</time>
   </trkpt>
   <trkpt lat="-8.05278" lon="-34.908513">
    <ele>8.6</ele>
    <time>2020-02-12T23:21:25.000Z</time>
   </trkpt>
   <trkpt lat="-8.052812" lon="-34.908518">
    <ele>8.6</ele>
    <time>2020-02-12T23:21:26.000Z</time>
   </trkpt>
   <trkpt lat="-8.052841" lon="-34.908521">
    <ele>8.6</ele>
    <time>2020-02-12T23:21:27.000Z</time>
   </trkpt>
   <trkpt lat="-8.052889" lon="-34.908531">
    <ele>8.6</ele>
    <time>2020-02-12T23:21:29.000Z</time>
   </trkpt>
   <trkpt lat="-8.052926" lon="-34.908544">
    <ele>8.6</ele>
    <time>2020-02-12T23:21:31.000Z</time>
   </trkpt>
   <trkpt lat="-8.052964" lon="-34.908546">
    <ele>8.5</ele>
    <time>2020-02-12T23:21:33.000Z</time>
   </trkpt>
   <trkpt lat="-8.052999" lon="-34.908556">
    <ele>8.5</ele>
    <time>2020-02-12T23:21:35.000Z</time>
   </trkpt>
   <trkpt lat="-8.053046" lon="-34.908564">
    <ele>8.5</ele>
    <time>2020-02-12T23:21:38.000Z</time>
   </trkpt>
   <trkpt lat="-8.053068" lon="-34.908566">
    <ele>8.5</ele>
    <time>2020-02-12T23:21:41.000Z</time>
   </trkpt>
   <trkpt lat="-8.05309" lon="-34.908567">
    <ele>8.5</ele>
    <time>2020-02-12T23:21:44.000Z</time>
   </trkpt>
   <trkpt lat="-8.053112" lon="-34.908569">
    <ele>8.5</ele>
    <time>2020-02-12T23:21:48.000Z</time>
   </trkpt>
   <trkpt lat="-8.053134" lon="-34.90857">
    <ele>8.5</ele>
    <time>2020-02-12T23:22:24.000Z</time>
   </trkpt>
   <trkpt lat="-8.053156" lon="-34.908572">
    <ele>8.5</ele>
    <time>2020-02-12T23:22:25.000Z</time>
   </trkpt>
   <trkpt lat="-8.053197" lon="-34.908576">
    <ele>8.4</ele>
    <time>2020-02-12T23:22:26.000Z</time>
   </trkpt>
   <trkpt lat="-8.053236" lon="-34.908576">
    <ele>8.4</ele>
    <time>2020-02-12T23:22:27.000Z</time>
   </trkpt>
   <trkpt lat="-8.053273" lon="-34.908575">
    <ele>8.4</ele>
    <time>2020-02-12T23:22:28.000Z</time>
   </trkpt>
   <trkpt lat="-8.053318" lon="-34.908586">
    <ele>8.4</ele>
    <time>2020-02-12T23:22:29.000Z</time>
   </trkpt>
   <trkpt lat="-8.053366" lon="-34.908594">
    <ele>8.4</ele>
    <time>2020-02-12T23:22:30.000Z</time>
   </trkpt>
   <trkpt lat="-8.053411" lon="-34.90862">
    <ele>8.4</ele>
    <time>2020-02-12T23:22:31.000Z</time>
   </trkpt>
   <trkpt lat="-8.053454" lon="-34.908631">
    <ele>8.4</ele>
    <time>2020-02-12T23:22:32.000Z</time>
   </trkpt>
   <trkpt lat="-8.053484" lon="-34.908632">
    <ele>8.4</ele>
    <time>2020-02-12T23:22:33.000Z</time>
   </trkpt>
   <trkpt lat="-8.053524" lon="-34.908637">
    <ele>8.4</ele>
    <time>2020-02-12T23:22:34.000Z</time>
   </trkpt>
   <trkpt lat="-8.053554" lon="-34.90863">
    <ele>8.4</ele>
    <time>2020-02-12T23:22:35.000Z</time>
   </trkpt>
   <trkpt lat="-8.053606" lon="-34.908636">
    <ele>8.4</ele>
    <time>2020-02-12T23:22:36.000Z</time>
   </trkpt>
   <trkpt lat="-8.05365" lon="-34.90864">
    <ele>8.5</ele>
    <time>2020-02-12T23:22:37.000Z</time>
   </trkpt>
   <trkpt lat="-8.053689" lon="-34.908646">
    <ele>8.5</ele>
    <time>2020-02-12T23:22:38.000Z</time>
   </trkpt>
   <trkpt lat="-8.053736" lon="-34.90865">
    <ele>8.5</ele>
    <time>2020-02-12T23:22:39.000Z</time>
   </trkpt>
   <trkpt lat="-8.053776" lon="-34.908663">
    <ele>8.5</ele>
    <time>2020-02-12T23:22:40.000Z</time>
   </trkpt>
   <trkpt lat="-8.05382" lon="-34.908679">
    <ele>8.6</ele>
    <time>2020-02-12T23:22:41.000Z</time>
   </trkpt>
   <trkpt lat="-8.053864" lon="-34.908688">
    <ele>8.6</ele>
    <time>2020-02-12T23:22:42.000Z</time>
   </trkpt>
   <trkpt lat="-8.053904" lon="-34.908693">
    <ele>8.6</ele>
    <time>2020-02-12T23:22:43.000Z</time>
   </trkpt>
   <trkpt lat="-8.05394" lon="-34.908709">
    <ele>8.6</ele>
    <time>2020-02-12T23:22:44.000Z</time>
   </trkpt>
   <trkpt lat="-8.053972" lon="-34.908725">
    <ele>8.6</ele>
    <time>2020-02-12T23:22:45.000Z</time>
   </trkpt>
   <trkpt lat="-8.054006" lon="-34.908742">
    <ele>8.7</ele>
    <time>2020-02-12T23:22:46.000Z</time>
   </trkpt>
   <trkpt lat="-8.054054" lon="-34.908748">
    <ele>8.7</ele>
    <time>2020-02-12T23:22:48.000Z</time>
   </trkpt>
   <trkpt lat="-8.054096" lon="-34.908752">
    <ele>8.8</ele>
    <time>2020-02-12T23:22:49.000Z</time>
   </trkpt>
   <trkpt lat="-8.054144" lon="-34.908768">
    <ele>8.8</ele>
    <time>2020-02-12T23:22:50.000Z</time>
   </trkpt>
   <trkpt lat="-8.05419" lon="-34.908775">
    <ele>8.8</ele>
    <time>2020-02-12T23:22:51.000Z</time>
   </trkpt>
   <trkpt lat="-8.054233" lon="-34.908777">
    <ele>8.9</ele>
    <time>2020-02-12T23:22:52.000Z</time>
   </trkpt>
   <trkpt lat="-8.054273" lon="-34.90878">
    <ele>8.9</ele>
    <time>2020-02-12T23:22:53.000Z</time>
   </trkpt>
   <trkpt lat="-8.054309" lon="-34.90878">
    <ele>8.9</ele>
    <time>2020-02-12T23:22:54.000Z</time>
   </trkpt>
   <trkpt lat="-8.054343" lon="-34.90878">
    <ele>9</ele>
    <time>2020-02-12T23:22:55.000Z</time>
   </trkpt>
   <trkpt lat="-8.054383" lon="-34.908803">
    <ele>9</ele>
    <time>2020-02-12T23:22:56.000Z</time>
   </trkpt>
   <trkpt lat="-8.054428" lon="-34.908814">
    <ele>9</ele>
    <time>2020-02-12T23:22:58.000Z</time>
   </trkpt>
   <trkpt lat="-8.054462" lon="-34.908824">
    <ele>9.1</ele>
    <time>2020-02-12T23:22:59.000Z</time>
   </trkpt>
   <trkpt lat="-8.054502" lon="-34.908828">
    <ele>9.1</ele>
    <time>2020-02-12T23:23:00.000Z</time>
   </trkpt>
   <trkpt lat="-8.054533" lon="-34.908818">
    <ele>9.2</ele>
    <time>2020-02-12T23:23:01.000Z</time>
   </trkpt>
   <trkpt lat="-8.054568" lon="-34.908831">
    <ele>9.2</ele>
    <time>2020-02-12T23:23:02.000Z</time>
   </trkpt>
   <trkpt lat="-8.054604" lon="-34.908837">
    <ele>9.3</ele>
    <time>2020-02-12T23:23:03.000Z</time>
   </trkpt>
   <trkpt lat="-8.05465" lon="-34.90884">
    <ele>9.4</ele>
    <time>2020-02-12T23:23:04.000Z</time>
   </trkpt>
   <trkpt lat="-8.054696" lon="-34.908837">
    <ele>9.5</ele>
    <time>2020-02-12T23:23:05.000Z</time>
   </trkpt>
   <trkpt lat="-8.054756" lon="-34.908838">
    <ele>9.8</ele>
    <time>2020-02-12T23:23:06.000Z</time>
   </trkpt>
   <trkpt lat="-8.05482" lon="-34.908837">
    <ele>10.1</ele>
    <time>2020-02-12T23:23:07.000Z</time>
   </trkpt>
   <trkpt lat="-8.054868" lon="-34.908846">
    <ele>10.3</ele>
    <time>2020-02-12T23:23:08.000Z</time>
   </trkpt>
   <trkpt lat="-8.054913" lon="-34.908848">
    <ele>10.6</ele>
    <time>2020-02-12T23:23:09.000Z</time>
   </trkpt>
   <trkpt lat="-8.054951" lon="-34.908847">
    <ele>10.8</ele>
    <time>2020-02-12T23:23:10.000Z</time>
   </trkpt>
   <trkpt lat="-8.054987" lon="-34.908849">
    <ele>11.1</ele>
    <time>2020-02-12T23:23:11.000Z</time>
   </trkpt>
   <trkpt lat="-8.05503" lon="-34.908859">
    <ele>11.5</ele>
    <time>2020-02-12T23:23:12.000Z</time>
   </trkpt>
   <trkpt lat="-8.055073" lon="-34.908863">
    <ele>11.7</ele>
    <time>2020-02-12T23:23:13.000Z</time>
   </trkpt>
   <trkpt lat="-8.055134" lon="-34.908891">
    <ele>12</ele>
    <time>2020-02-12T23:23:14.000Z</time>
   </trkpt>
   <trkpt lat="-8.055172" lon="-34.908905">
    <ele>12.2</ele>
    <time>2020-02-12T23:23:15.000Z</time>
   </trkpt>
   <trkpt lat="-8.055211" lon="-34.90892">
    <ele>12.4</ele>
    <time>2020-02-12T23:23:16.000Z</time>
   </trkpt>
   <trkpt lat="-8.05526" lon="-34.908934">
    <ele>12.7</ele>
    <time>2020-02-12T23:23:17.000Z</time>
   </trkpt>
   <trkpt lat="-8.055295" lon="-34.908943">
    <ele>12.9</ele>
    <time>2020-02-12T23:23:18.000Z</time>
   </trkpt>
   <trkpt lat="-8.055328" lon="-34.908944">
    <ele>13.1</ele>
    <time>2020-02-12T23:23:19.000Z</time>
   </trkpt>
   <trkpt lat="-8.055371" lon="-34.908947">
    <ele>12.9</ele>
    <time>2020-02-12T23:23:20.000Z</time>
   </trkpt>
   <trkpt lat="-8.055411" lon="-34.90897">
    <ele>12.7</ele>
    <time>2020-02-12T23:23:21.000Z</time>
   </trkpt>
   <trkpt lat="-8.055451" lon="-34.908969">
    <ele>12.3</ele>
    <time>2020-02-12T23:23:22.000Z</time>
   </trkpt>
   <trkpt lat="-8.0555" lon="-34.90898">
    <ele>12.1</ele>
    <time>2020-02-12T23:23:23.000Z</time>
   </trkpt>
   <trkpt lat="-8.055549" lon="-34.90899">
    <ele>11.9</ele>
    <time>2020-02-12T23:23:24.000Z</time>
   </trkpt>
   <trkpt lat="-8.055585" lon="-34.908995">
    <ele>11.8</ele>
    <time>2020-02-12T23:23:25.000Z</time>
   </trkpt>
   <trkpt lat="-8.055625" lon="-34.908999">
    <ele>11.7</ele>
    <time>2020-02-12T23:23:26.000Z</time>
   </trkpt>
   <trkpt lat="-8.05566" lon="-34.908992">
    <ele>11.5</ele>
    <time>2020-02-12T23:23:27.000Z</time>
   </trkpt>
   <trkpt lat="-8.0557" lon="-34.908997">
    <ele>11.4</ele>
    <time>2020-02-12T23:23:28.000Z</time>
   </trkpt>
   <trkpt lat="-8.055739" lon="-34.909001">
    <ele>11.4</ele>
    <time>2020-02-12T23:23:29.000Z</time>
   </trkpt>
   <trkpt lat="-8.055785" lon="-34.909009">
    <ele>11.3</ele>
    <time>2020-02-12T23:23:30.000Z</time>
   </trkpt>
   <trkpt lat="-8.055822" lon="-34.909017">
    <ele>11.2</ele>
    <time>2020-02-12T23:23:31.000Z</time>
   </trkpt>
   <trkpt lat="-8.055868" lon="-34.909023">
    <ele>11.1</ele>
    <time>2020-02-12T23:23:32.000Z</time>
   </trkpt>
   <trkpt lat="-8.05591" lon="-34.909029">
    <ele>11</ele>
    <time>2020-02-12T23:23:33.000Z</time>
   </trkpt>
   <trkpt lat="-8.055953" lon="-34.909027">
    <ele>10.9</ele>
    <time>2020-02-12T23:23:34.000Z</time>
   </trkpt>
   <trkpt lat="-8.055991" lon="-34.90904">
    <ele>10.8</ele>
    <time>2020-02-12T23:23:35.000Z</time>
   </trkpt>
   <trkpt lat="-8.056033" lon="-34.909048">
    <ele>10.6</ele>
    <time>2020-02-12T23:23:36.000Z</time>
   </trkpt>
   <trkpt lat="-8.056076" lon="-34.909058">
    <ele>10.5</ele>
    <time>2020-02-12T23:23:37.000Z</time>
   </trkpt>
   <trkpt lat="-8.05612" lon="-34.909067">
    <ele>10.2</ele>
    <time>2020-02-12T23:23:38.000Z</time>
   </trkpt>
   <trkpt lat="-8.056163" lon="-34.909075">
    <ele>10</ele>
    <time>2020-02-12T23:23:39.000Z</time>
   </trkpt>
   <trkpt lat="-8.056209" lon="-34.909084">
    <ele>9.8</ele>
    <time>2020-02-12T23:23:40.000Z</time>
   </trkpt>
   <trkpt lat="-8.05626" lon="-34.909091">
    <ele>9.5</ele>
    <time>2020-02-12T23:23:41.000Z</time>
   </trkpt>
   <trkpt lat="-8.056297" lon="-34.909099">
    <ele>9.3</ele>
    <time>2020-02-12T23:23:42.000Z</time>
   </trkpt>
   <trkpt lat="-8.05635" lon="-34.909108">
    <ele>9</ele>
    <time>2020-02-12T23:23:43.000Z</time>
   </trkpt>
   <trkpt lat="-8.056412" lon="-34.909117">
    <ele>8.7</ele>
    <time>2020-02-12T23:23:44.000Z</time>
   </trkpt>
   <trkpt lat="-8.056454" lon="-34.909129">
    <ele>8.4</ele>
    <time>2020-02-12T23:23:45.000Z</time>
   </trkpt>
   <trkpt lat="-8.056509" lon="-34.909141">
    <ele>8.1</ele>
    <time>2020-02-12T23:23:46.000Z</time>
   </trkpt>
   <trkpt lat="-8.056555" lon="-34.909163">
    <ele>7.7</ele>
    <time>2020-02-12T23:23:47.000Z</time>
   </trkpt>
   <trkpt lat="-8.056603" lon="-34.909183">
    <ele>7.4</ele>
    <time>2020-02-12T23:23:48.000Z</time>
   </trkpt>
   <trkpt lat="-8.056646" lon="-34.909195">
    <ele>7.1</ele>
    <time>2020-02-12T23:23:49.000Z</time>
   </trkpt>
   <trkpt lat="-8.05668" lon="-34.909213">
    <ele>6.9</ele>
    <time>2020-02-12T23:23:50.000Z</time>
   </trkpt>
   <trkpt lat="-8.056713" lon="-34.909219">
    <ele>6.7</ele>
    <time>2020-02-12T23:23:51.000Z</time>
   </trkpt>
   <trkpt lat="-8.05675" lon="-34.909226">
    <ele>6.5</ele>
    <time>2020-02-12T23:23:52.000Z</time>
   </trkpt>
   <trkpt lat="-8.05678" lon="-34.909231">
    <ele>6.3</ele>
    <time>2020-02-12T23:23:53.000Z</time>
   </trkpt>
   <trkpt lat="-8.056812" lon="-34.909236">
    <ele>6.2</ele>
    <time>2020-02-12T23:23:54.000Z</time>
   </trkpt>
   <trkpt lat="-8.056845" lon="-34.909241">
    <ele>6</ele>
    <time>2020-02-12T23:23:55.000Z</time>
   </trkpt>
   <trkpt lat="-8.056879" lon="-34.909247">
    <ele>5.8</ele>
    <time>2020-02-12T23:23:56.000Z</time>
   </trkpt>
   <trkpt lat="-8.056908" lon="-34.909253">
    <ele>5.7</ele>
    <time>2020-02-12T23:23:57.000Z</time>
   </trkpt>
   <trkpt lat="-8.057104" lon="-34.909318">
    <ele>5.2</ele>
    <time>2020-02-12T23:24:03.000Z</time>
   </trkpt>
   <trkpt lat="-8.057162" lon="-34.909334">
    <ele>5.1</ele>
    <time>2020-02-12T23:24:04.000Z</time>
   </trkpt>
   <trkpt lat="-8.057228" lon="-34.909349">
    <ele>5.1</ele>
    <time>2020-02-12T23:24:05.000Z</time>
   </trkpt>
   <trkpt lat="-8.057313" lon="-34.909368">
    <ele>5.1</ele>
    <time>2020-02-12T23:24:06.000Z</time>
   </trkpt>
   <trkpt lat="-8.057381" lon="-34.909372">
    <ele>5</ele>
    <time>2020-02-12T23:24:07.000Z</time>
   </trkpt>
   <trkpt lat="-8.057445" lon="-34.909383">
    <ele>5.1</ele>
    <time>2020-02-12T23:24:08.000Z</time>
   </trkpt>
   <trkpt lat="-8.0575" lon="-34.909391">
    <ele>5.1</ele>
    <time>2020-02-12T23:24:09.000Z</time>
   </trkpt>
   <trkpt lat="-8.057543" lon="-34.9094">
    <ele>5.1</ele>
    <time>2020-02-12T23:24:10.000Z</time>
   </trkpt>
   <trkpt lat="-8.057588" lon="-34.909406">
    <ele>5.2</ele>
    <time>2020-02-12T23:24:11.000Z</time>
   </trkpt>
   <trkpt lat="-8.057628" lon="-34.90941">
    <ele>5.3</ele>
    <time>2020-02-12T23:24:12.000Z</time>
   </trkpt>
   <trkpt lat="-8.057665" lon="-34.909415">
    <ele>5.4</ele>
    <time>2020-02-12T23:24:13.000Z</time>
   </trkpt>
   <trkpt lat="-8.057701" lon="-34.90942">
    <ele>5.5</ele>
    <time>2020-02-12T23:24:14.000Z</time>
   </trkpt>
   <trkpt lat="-8.057737" lon="-34.909428">
    <ele>5.7</ele>
    <time>2020-02-12T23:24:15.000Z</time>
   </trkpt>
   <trkpt lat="-8.057775" lon="-34.909436">
    <ele>5.9</ele>
    <time>2020-02-12T23:24:16.000Z</time>
   </trkpt>
   <trkpt lat="-8.057812" lon="-34.909444">
    <ele>6.1</ele>
    <time>2020-02-12T23:24:17.000Z</time>
   </trkpt>
   <trkpt lat="-8.057862" lon="-34.909451">
    <ele>6.4</ele>
    <time>2020-02-12T23:24:18.000Z</time>
   </trkpt>
   <trkpt lat="-8.057896" lon="-34.909448">
    <ele>6.6</ele>
    <time>2020-02-12T23:24:19.000Z</time>
   </trkpt>
   <trkpt lat="-8.057939" lon="-34.909458">
    <ele>6.8</ele>
    <time>2020-02-12T23:24:20.000Z</time>
   </trkpt>
   <trkpt lat="-8.057974" lon="-34.909461">
    <ele>7.1</ele>
    <time>2020-02-12T23:24:21.000Z</time>
   </trkpt>
   <trkpt lat="-8.058012" lon="-34.909467">
    <ele>7.3</ele>
    <time>2020-02-12T23:24:22.000Z</time>
   </trkpt>
   <trkpt lat="-8.058054" lon="-34.909482">
    <ele>7.6</ele>
    <time>2020-02-12T23:24:23.000Z</time>
   </trkpt>
   <trkpt lat="-8.058103" lon="-34.909494">
    <ele>7.8</ele>
    <time>2020-02-12T23:24:24.000Z</time>
   </trkpt>
   <trkpt lat="-8.058145" lon="-34.909502">
    <ele>8</ele>
    <time>2020-02-12T23:24:25.000Z</time>
   </trkpt>
   <trkpt lat="-8.058185" lon="-34.909501">
    <ele>8.1</ele>
    <time>2020-02-12T23:24:26.000Z</time>
   </trkpt>
   <trkpt lat="-8.058225" lon="-34.909501">
    <ele>8.3</ele>
    <time>2020-02-12T23:24:27.000Z</time>
   </trkpt>
   <trkpt lat="-8.058266" lon="-34.90951">
    <ele>8.4</ele>
    <time>2020-02-12T23:24:28.000Z</time>
   </trkpt>
   <trkpt lat="-8.058314" lon="-34.909516">
    <ele>8.6</ele>
    <time>2020-02-12T23:24:29.000Z</time>
   </trkpt>
   <trkpt lat="-8.058354" lon="-34.909524">
    <ele>8.7</ele>
    <time>2020-02-12T23:24:30.000Z</time>
   </trkpt>
   <trkpt lat="-8.05838" lon="-34.909536">
    <ele>8.7</ele>
    <time>2020-02-12T23:24:31.000Z</time>
   </trkpt>
   <trkpt lat="-8.058422" lon="-34.909536">
    <ele>8.8</ele>
    <time>2020-02-12T23:24:32.000Z</time>
   </trkpt>
   <trkpt lat="-8.058453" lon="-34.909546">
    <ele>8.8</ele>
    <time>2020-02-12T23:24:33.000Z</time>
   </trkpt>
   <trkpt lat="-8.058488" lon="-34.90955">
    <ele>8.8</ele>
    <time>2020-02-12T23:24:34.000Z</time>
   </trkpt>
   <trkpt lat="-8.058534" lon="-34.909559">
    <ele>8.9</ele>
    <time>2020-02-12T23:24:35.000Z</time>
   </trkpt>
   <trkpt lat="-8.058579" lon="-34.909566">
    <ele>8.9</ele>
    <time>2020-02-12T23:24:36.000Z</time>
   </trkpt>
   <trkpt lat="-8.058627" lon="-34.90958">
    <ele>8.9</ele>
    <time>2020-02-12T23:24:37.000Z</time>
   </trkpt>
   <trkpt lat="-8.058676" lon="-34.909594">
    <ele>8.8</ele>
    <time>2020-02-12T23:24:38.000Z</time>
   </trkpt>
   <trkpt lat="-8.058721" lon="-34.909597">
    <ele>8.7</ele>
    <time>2020-02-12T23:24:39.000Z</time>
   </trkpt>
   <trkpt lat="-8.058762" lon="-34.90961">
    <ele>8.6</ele>
    <time>2020-02-12T23:24:40.000Z</time>
   </trkpt>
   <trkpt lat="-8.058809" lon="-34.909621">
    <ele>8.5</ele>
    <time>2020-02-12T23:24:41.000Z</time>
   </trkpt>
   <trkpt lat="-8.058859" lon="-34.909627">
    <ele>8.4</ele>
    <time>2020-02-12T23:24:42.000Z</time>
   </trkpt>
   <trkpt lat="-8.058911" lon="-34.909631">
    <ele>8.4</ele>
    <time>2020-02-12T23:24:43.000Z</time>
   </trkpt>
   <trkpt lat="-8.058951" lon="-34.909636">
    <ele>8.3</ele>
    <time>2020-02-12T23:24:44.000Z</time>
   </trkpt>
   <trkpt lat="-8.05899" lon="-34.909642">
    <ele>8.3</ele>
    <time>2020-02-12T23:24:45.000Z</time>
   </trkpt>
   <trkpt lat="-8.059033" lon="-34.909642">
    <ele>8.2</ele>
    <time>2020-02-12T23:24:46.000Z</time>
   </trkpt>
   <trkpt lat="-8.059074" lon="-34.909644">
    <ele>8.2</ele>
    <time>2020-02-12T23:24:47.000Z</time>
   </trkpt>
   <trkpt lat="-8.059113" lon="-34.909651">
    <ele>8.1</ele>
    <time>2020-02-12T23:24:48.000Z</time>
   </trkpt>
   <trkpt lat="-8.059155" lon="-34.909657">
    <ele>8</ele>
    <time>2020-02-12T23:24:49.000Z</time>
   </trkpt>
   <trkpt lat="-8.059193" lon="-34.909659">
    <ele>7.9</ele>
    <time>2020-02-12T23:24:50.000Z</time>
   </trkpt>
   <trkpt lat="-8.05923" lon="-34.909671">
    <ele>7.8</ele>
    <time>2020-02-12T23:24:51.000Z</time>
   </trkpt>
   <trkpt lat="-8.059277" lon="-34.909681">
    <ele>7.7</ele>
    <time>2020-02-12T23:24:52.000Z</time>
   </trkpt>
   <trkpt lat="-8.059328" lon="-34.909686">
    <ele>7.6</ele>
    <time>2020-02-12T23:24:53.000Z</time>
   </trkpt>
   <trkpt lat="-8.059371" lon="-34.909703">
    <ele>7.5</ele>
    <time>2020-02-12T23:24:54.000Z</time>
   </trkpt>
   <trkpt lat="-8.059412" lon="-34.909707">
    <ele>7.4</ele>
    <time>2020-02-12T23:24:55.000Z</time>
   </trkpt>
   <trkpt lat="-8.059463" lon="-34.909712">
    <ele>7.2</ele>
    <time>2020-02-12T23:24:56.000Z</time>
   </trkpt>
   <trkpt lat="-8.059502" lon="-34.909713">
    <ele>7.1</ele>
    <time>2020-02-12T23:24:57.000Z</time>
   </trkpt>
   <trkpt lat="-8.059543" lon="-34.909719">
    <ele>6.9</ele>
    <time>2020-02-12T23:24:58.000Z</time>
   </trkpt>
   <trkpt lat="-8.059593" lon="-34.909723">
    <ele>6.7</ele>
    <time>2020-02-12T23:24:59.000Z</time>
   </trkpt>
   <trkpt lat="-8.059638" lon="-34.909733">
    <ele>6.6</ele>
    <time>2020-02-12T23:25:00.000Z</time>
   </trkpt>
   <trkpt lat="-8.05968" lon="-34.909749">
    <ele>6.3</ele>
    <time>2020-02-12T23:25:01.000Z</time>
   </trkpt>
   <trkpt lat="-8.059722" lon="-34.909766">
    <ele>5.9</ele>
    <time>2020-02-12T23:25:02.000Z</time>
   </trkpt>
   <trkpt lat="-8.059766" lon="-34.90977">
    <ele>5.5</ele>
    <time>2020-02-12T23:25:03.000Z</time>
   </trkpt>
   <trkpt lat="-8.059807" lon="-34.909778">
    <ele>5.2</ele>
    <time>2020-02-12T23:25:04.000Z</time>
   </trkpt>
   <trkpt lat="-8.059849" lon="-34.909779">
    <ele>5</ele>
    <time>2020-02-12T23:25:05.000Z</time>
   </trkpt>
   <trkpt lat="-8.059889" lon="-34.909788">
    <ele>4.8</ele>
    <time>2020-02-12T23:25:06.000Z</time>
   </trkpt>
   <trkpt lat="-8.059927" lon="-34.909796">
    <ele>4.6</ele>
    <time>2020-02-12T23:25:07.000Z</time>
   </trkpt>
   <trkpt lat="-8.059972" lon="-34.909799">
    <ele>4.4</ele>
    <time>2020-02-12T23:25:08.000Z</time>
   </trkpt>
   <trkpt lat="-8.06002" lon="-34.909808">
    <ele>4.2</ele>
    <time>2020-02-12T23:25:09.000Z</time>
   </trkpt>
   <trkpt lat="-8.06005" lon="-34.909826">
    <ele>4.1</ele>
    <time>2020-02-12T23:25:10.000Z</time>
   </trkpt>
   <trkpt lat="-8.060097" lon="-34.909839">
    <ele>4</ele>
    <time>2020-02-12T23:25:11.000Z</time>
   </trkpt>
   <trkpt lat="-8.06015" lon="-34.90984">
    <ele>3.9</ele>
    <time>2020-02-12T23:25:12.000Z</time>
   </trkpt>
   <trkpt lat="-8.060203" lon="-34.909854">
    <ele>3.8</ele>
    <time>2020-02-12T23:25:13.000Z</time>
   </trkpt>
   <trkpt lat="-8.060255" lon="-34.909852">
    <ele>3.8</ele>
    <time>2020-02-12T23:25:14.000Z</time>
   </trkpt>
   <trkpt lat="-8.0603" lon="-34.909851">
    <ele>3.8</ele>
    <time>2020-02-12T23:25:15.000Z</time>
   </trkpt>
   <trkpt lat="-8.06034" lon="-34.909855">
    <ele>3.8</ele>
    <time>2020-02-12T23:25:16.000Z</time>
   </trkpt>
   <trkpt lat="-8.060401" lon="-34.909852">
    <ele>3.8</ele>
    <time>2020-02-12T23:25:17.000Z</time>
   </trkpt>
   <trkpt lat="-8.060453" lon="-34.909856">
    <ele>3.8</ele>
    <time>2020-02-12T23:25:18.000Z</time>
   </trkpt>
   <trkpt lat="-8.06049" lon="-34.909854">
    <ele>3.8</ele>
    <time>2020-02-12T23:25:19.000Z</time>
   </trkpt>
   <trkpt lat="-8.060537" lon="-34.909846">
    <ele>3.7</ele>
    <time>2020-02-12T23:25:20.000Z</time>
   </trkpt>
   <trkpt lat="-8.06058" lon="-34.909841">
    <ele>3.7</ele>
    <time>2020-02-12T23:25:21.000Z</time>
   </trkpt>
   <trkpt lat="-8.060637" lon="-34.909835">
    <ele>3.7</ele>
    <time>2020-02-12T23:25:22.000Z</time>
   </trkpt>
   <trkpt lat="-8.060689" lon="-34.909832">
    <ele>3.7</ele>
    <time>2020-02-12T23:25:23.000Z</time>
   </trkpt>
   <trkpt lat="-8.060744" lon="-34.909811">
    <ele>3.7</ele>
    <time>2020-02-12T23:25:24.000Z</time>
   </trkpt>
   <trkpt lat="-8.060789" lon="-34.909805">
    <ele>3.7</ele>
    <time>2020-02-12T23:25:25.000Z</time>
   </trkpt>
   <trkpt lat="-8.060834" lon="-34.909798">
    <ele>3.7</ele>
    <time>2020-02-12T23:25:26.000Z</time>
   </trkpt>
   <trkpt lat="-8.060876" lon="-34.909793">
    <ele>3.7</ele>
    <time>2020-02-12T23:25:27.000Z</time>
   </trkpt>
   <trkpt lat="-8.060922" lon="-34.909791">
    <ele>3.7</ele>
    <time>2020-02-12T23:25:28.000Z</time>
   </trkpt>
   <trkpt lat="-8.060967" lon="-34.909785">
    <ele>3.7</ele>
    <time>2020-02-12T23:25:29.000Z</time>
   </trkpt>
   <trkpt lat="-8.061013" lon="-34.909778">
    <ele>3.6</ele>
    <time>2020-02-12T23:25:30.000Z</time>
   </trkpt>
   <trkpt lat="-8.061062" lon="-34.90977">
    <ele>3.6</ele>
    <time>2020-02-12T23:25:31.000Z</time>
   </trkpt>
   <trkpt lat="-8.061115" lon="-34.909766">
    <ele>3.6</ele>
    <time>2020-02-12T23:25:32.000Z</time>
   </trkpt>
   <trkpt lat="-8.061161" lon="-34.909762">
    <ele>3.6</ele>
    <time>2020-02-12T23:25:33.000Z</time>
   </trkpt>
   <trkpt lat="-8.061204" lon="-34.909756">
    <ele>3.6</ele>
    <time>2020-02-12T23:25:34.000Z</time>
   </trkpt>
   <trkpt lat="-8.061247" lon="-34.909743">
    <ele>3.6</ele>
    <time>2020-02-12T23:25:35.000Z</time>
   </trkpt>
   <trkpt lat="-8.061286" lon="-34.909739">
    <ele>3.6</ele>
    <time>2020-02-12T23:25:36.000Z</time>
   </trkpt>
   <trkpt lat="-8.061327" lon="-34.909728">
    <ele>3.6</ele>
    <time>2020-02-12T23:25:37.000Z</time>
   </trkpt>
   <trkpt lat="-8.061368" lon="-34.909724">
    <ele>3.6</ele>
    <time>2020-02-12T23:25:38.000Z</time>
   </trkpt>
   <trkpt lat="-8.061407" lon="-34.909724">
    <ele>3.6</ele>
    <time>2020-02-12T23:25:39.000Z</time>
   </trkpt>
   <trkpt lat="-8.061452" lon="-34.909715">
    <ele>3.6</ele>
    <time>2020-02-12T23:25:40.000Z</time>
   </trkpt>
   <trkpt lat="-8.06149" lon="-34.909708">
    <ele>3.6</ele>
    <time>2020-02-12T23:25:41.000Z</time>
   </trkpt>
   <trkpt lat="-8.061527" lon="-34.909698">
    <ele>3.5</ele>
    <time>2020-02-12T23:25:42.000Z</time>
   </trkpt>
   <trkpt lat="-8.061565" lon="-34.909699">
    <ele>3.5</ele>
    <time>2020-02-12T23:25:43.000Z</time>
   </trkpt>
   <trkpt lat="-8.061597" lon="-34.909687">
    <ele>3.5</ele>
    <time>2020-02-12T23:25:44.000Z</time>
   </trkpt>
   <trkpt lat="-8.061636" lon="-34.90968">
    <ele>3.5</ele>
    <time>2020-02-12T23:25:46.000Z</time>
   </trkpt>
   <trkpt lat="-8.061676" lon="-34.909661">
    <ele>3.5</ele>
    <time>2020-02-12T23:25:48.000Z</time>
   </trkpt>
   <trkpt lat="-8.061705" lon="-34.90965">
    <ele>3.5</ele>
    <time>2020-02-12T23:25:51.000Z</time>
   </trkpt>
   <trkpt lat="-8.061734" lon="-34.909645">
    <ele>3.5</ele>
    <time>2020-02-12T23:25:53.000Z</time>
   </trkpt>
   <trkpt lat="-8.061751" lon="-34.909652">
    <ele>3.5</ele>
    <time>2020-02-12T23:25:56.000Z</time>
   </trkpt>
   <trkpt lat="-8.061761" lon="-34.909626">
    <ele>3.5</ele>
    <time>2020-02-12T23:25:59.000Z</time>
   </trkpt>
   <trkpt lat="-8.061752" lon="-34.909604">
    <ele>3.5</ele>
    <time>2020-02-12T23:26:02.000Z</time>
   </trkpt>
   <trkpt lat="-8.061842" lon="-34.909584">
    <ele>3.5</ele>
    <time>2020-02-12T23:26:14.000Z</time>
   </trkpt>
   <trkpt lat="-8.06187" lon="-34.90958">
    <ele>3.5</ele>
    <time>2020-02-12T23:26:15.000Z</time>
   </trkpt>
   <trkpt lat="-8.061901" lon="-34.90959">
    <ele>3.5</ele>
    <time>2020-02-12T23:26:16.000Z</time>
   </trkpt>
   <trkpt lat="-8.06194" lon="-34.909589">
    <ele>3.4</ele>
    <time>2020-02-12T23:26:17.000Z</time>
   </trkpt>
   <trkpt lat="-8.061977" lon="-34.909578">
    <ele>3.4</ele>
    <time>2020-02-12T23:26:18.000Z</time>
   </trkpt>
   <trkpt lat="-8.062018" lon="-34.909565">
    <ele>3.4</ele>
    <time>2020-02-12T23:26:19.000Z</time>
   </trkpt>
   <trkpt lat="-8.062054" lon="-34.90955">
    <ele>3.6</ele>
    <time>2020-02-12T23:26:20.000Z</time>
   </trkpt>
   <trkpt lat="-8.062098" lon="-34.909541">
    <ele>3.8</ele>
    <time>2020-02-12T23:26:21.000Z</time>
   </trkpt>
   <trkpt lat="-8.062126" lon="-34.909545">
    <ele>4</ele>
    <time>2020-02-12T23:26:22.000Z</time>
   </trkpt>
   <trkpt lat="-8.062166" lon="-34.909539">
    <ele>4.5</ele>
    <time>2020-02-12T23:26:23.000Z</time>
   </trkpt>
   <trkpt lat="-8.062203" lon="-34.909535">
    <ele>4.9</ele>
    <time>2020-02-12T23:26:24.000Z</time>
   </trkpt>
   <trkpt lat="-8.062244" lon="-34.909528">
    <ele>5.4</ele>
    <time>2020-02-12T23:26:25.000Z</time>
   </trkpt>
   <trkpt lat="-8.06228" lon="-34.909519">
    <ele>5.8</ele>
    <time>2020-02-12T23:26:26.000Z</time>
   </trkpt>
   <trkpt lat="-8.062324" lon="-34.909515">
    <ele>6.3</ele>
    <time>2020-02-12T23:26:27.000Z</time>
   </trkpt>
   <trkpt lat="-8.062366" lon="-34.909512">
    <ele>6.8</ele>
    <time>2020-02-12T23:26:28.000Z</time>
   </trkpt>
   <trkpt lat="-8.062409" lon="-34.909506">
    <ele>7.3</ele>
    <time>2020-02-12T23:26:29.000Z</time>
   </trkpt>
   <trkpt lat="-8.062453" lon="-34.909496">
    <ele>7.8</ele>
    <time>2020-02-12T23:26:30.000Z</time>
   </trkpt>
   <trkpt lat="-8.062502" lon="-34.909484">
    <ele>8.4</ele>
    <time>2020-02-12T23:26:31.000Z</time>
   </trkpt>
   <trkpt lat="-8.062551" lon="-34.909482">
    <ele>8.9</ele>
    <time>2020-02-12T23:26:32.000Z</time>
   </trkpt>
   <trkpt lat="-8.062609" lon="-34.909475">
    <ele>9.5</ele>
    <time>2020-02-12T23:26:33.000Z</time>
   </trkpt>
   <trkpt lat="-8.062666" lon="-34.909471">
    <ele>9.5</ele>
    <time>2020-02-12T23:26:34.000Z</time>
   </trkpt>
   <trkpt lat="-8.062725" lon="-34.909448">
    <ele>9.4</ele>
    <time>2020-02-12T23:26:35.000Z</time>
   </trkpt>
   <trkpt lat="-8.062776" lon="-34.909444">
    <ele>9.4</ele>
    <time>2020-02-12T23:26:36.000Z</time>
   </trkpt>
   <trkpt lat="-8.062823" lon="-34.909436">
    <ele>9.4</ele>
    <time>2020-02-12T23:26:37.000Z</time>
   </trkpt>
   <trkpt lat="-8.062878" lon="-34.909421">
    <ele>9.4</ele>
    <time>2020-02-12T23:26:38.000Z</time>
   </trkpt>
   <trkpt lat="-8.062921" lon="-34.909417">
    <ele>9.4</ele>
    <time>2020-02-12T23:26:39.000Z</time>
   </trkpt>
   <trkpt lat="-8.06297" lon="-34.909404">
    <ele>9.4</ele>
    <time>2020-02-12T23:26:40.000Z</time>
   </trkpt>
   <trkpt lat="-8.063029" lon="-34.909389">
    <ele>9.4</ele>
    <time>2020-02-12T23:26:41.000Z</time>
   </trkpt>
   <trkpt lat="-8.063088" lon="-34.90938">
    <ele>9.4</ele>
    <time>2020-02-12T23:26:42.000Z</time>
   </trkpt>
   <trkpt lat="-8.063142" lon="-34.909367">
    <ele>9.4</ele>
    <time>2020-02-12T23:26:43.000Z</time>
   </trkpt>
   <trkpt lat="-8.063185" lon="-34.909368">
    <ele>9.4</ele>
    <time>2020-02-12T23:26:44.000Z</time>
   </trkpt>
   <trkpt lat="-8.063239" lon="-34.909368">
    <ele>9.4</ele>
    <time>2020-02-12T23:26:45.000Z</time>
   </trkpt>
   <trkpt lat="-8.063292" lon="-34.909344">
    <ele>9.4</ele>
    <time>2020-02-12T23:26:46.000Z</time>
   </trkpt>
   <trkpt lat="-8.063339" lon="-34.909331">
    <ele>9.4</ele>
    <time>2020-02-12T23:26:47.000Z</time>
   </trkpt>
   <trkpt lat="-8.063387" lon="-34.909329">
    <ele>9.4</ele>
    <time>2020-02-12T23:26:48.000Z</time>
   </trkpt>
   <trkpt lat="-8.063427" lon="-34.909323">
    <ele>9.4</ele>
    <time>2020-02-12T23:26:49.000Z</time>
   </trkpt>
   <trkpt lat="-8.063486" lon="-34.9093">
    <ele>9.4</ele>
    <time>2020-02-12T23:26:50.000Z</time>
   </trkpt>
   <trkpt lat="-8.063523" lon="-34.909296">
    <ele>9.4</ele>
    <time>2020-02-12T23:26:51.000Z</time>
   </trkpt>
   <trkpt lat="-8.063572" lon="-34.909286">
    <ele>9.4</ele>
    <time>2020-02-12T23:26:52.000Z</time>
   </trkpt>
   <trkpt lat="-8.063617" lon="-34.909276">
    <ele>9.4</ele>
    <time>2020-02-12T23:26:53.000Z</time>
   </trkpt>
   <trkpt lat="-8.063668" lon="-34.909265">
    <ele>9.4</ele>
    <time>2020-02-12T23:26:54.000Z</time>
   </trkpt>
   <trkpt lat="-8.063713" lon="-34.909265">
    <ele>9.4</ele>
    <time>2020-02-12T23:26:55.000Z</time>
   </trkpt>
   <trkpt lat="-8.063757" lon="-34.909254">
    <ele>9.4</ele>
    <time>2020-02-12T23:26:56.000Z</time>
   </trkpt>
   <trkpt lat="-8.063795" lon="-34.909234">
    <ele>9.4</ele>
    <time>2020-02-12T23:26:57.000Z</time>
   </trkpt>
   <trkpt lat="-8.063844" lon="-34.909221">
    <ele>9.4</ele>
    <time>2020-02-12T23:26:58.000Z</time>
   </trkpt>
   <trkpt lat="-8.063886" lon="-34.909209">
    <ele>9.4</ele>
    <time>2020-02-12T23:26:59.000Z</time>
   </trkpt>
   <trkpt lat="-8.063938" lon="-34.909204">
    <ele>9.3</ele>
    <time>2020-02-12T23:27:00.000Z</time>
   </trkpt>
   <trkpt lat="-8.063976" lon="-34.9092">
    <ele>9.3</ele>
    <time>2020-02-12T23:27:01.000Z</time>
   </trkpt>
   <trkpt lat="-8.06402" lon="-34.909197">
    <ele>9.3</ele>
    <time>2020-02-12T23:27:02.000Z</time>
   </trkpt>
   <trkpt lat="-8.064059" lon="-34.909185">
    <ele>9.3</ele>
    <time>2020-02-12T23:27:03.000Z</time>
   </trkpt>
   <trkpt lat="-8.064109" lon="-34.909173">
    <ele>9.3</ele>
    <time>2020-02-12T23:27:04.000Z</time>
   </trkpt>
   <trkpt lat="-8.064156" lon="-34.90916">
    <ele>9.2</ele>
    <time>2020-02-12T23:27:05.000Z</time>
   </trkpt>
   <trkpt lat="-8.064205" lon="-34.909145">
    <ele>9.2</ele>
    <time>2020-02-12T23:27:06.000Z</time>
   </trkpt>
   <trkpt lat="-8.064253" lon="-34.909138">
    <ele>9.1</ele>
    <time>2020-02-12T23:27:07.000Z</time>
   </trkpt>
   <trkpt lat="-8.064295" lon="-34.909141">
    <ele>9.1</ele>
    <time>2020-02-12T23:27:08.000Z</time>
   </trkpt>
   <trkpt lat="-8.064347" lon="-34.909125">
    <ele>9</ele>
    <time>2020-02-12T23:27:09.000Z</time>
   </trkpt>
   <trkpt lat="-8.064389" lon="-34.909113">
    <ele>9</ele>
    <time>2020-02-12T23:27:10.000Z</time>
   </trkpt>
   <trkpt lat="-8.064432" lon="-34.909102">
    <ele>8.9</ele>
    <time>2020-02-12T23:27:11.000Z</time>
   </trkpt>
   <trkpt lat="-8.064469" lon="-34.909092">
    <ele>8.9</ele>
    <time>2020-02-12T23:27:12.000Z</time>
   </trkpt>
   <trkpt lat="-8.0645" lon="-34.909081">
    <ele>8.8</ele>
    <time>2020-02-12T23:27:13.000Z</time>
   </trkpt>
   <trkpt lat="-8.064551" lon="-34.909081">
    <ele>8.8</ele>
    <time>2020-02-12T23:27:15.000Z</time>
   </trkpt>
   <trkpt lat="-8.0646" lon="-34.90907">
    <ele>8.7</ele>
    <time>2020-02-12T23:27:17.000Z</time>
   </trkpt>
   <trkpt lat="-8.064624" lon="-34.909058">
    <ele>8.7</ele>
    <time>2020-02-12T23:27:18.000Z</time>
   </trkpt>
   <trkpt lat="-8.064656" lon="-34.909048">
    <ele>8.7</ele>
    <time>2020-02-12T23:27:20.000Z</time>
   </trkpt>
   <trkpt lat="-8.064687" lon="-34.909037">
    <ele>8.6</ele>
    <time>2020-02-12T23:27:21.000Z</time>
   </trkpt>
   <trkpt lat="-8.064716" lon="-34.909025">
    <ele>8.6</ele>
    <time>2020-02-12T23:27:22.000Z</time>
   </trkpt>
   <trkpt lat="-8.064749" lon="-34.909017">
    <ele>8.6</ele>
    <time>2020-02-12T23:27:23.000Z</time>
   </trkpt>
   <trkpt lat="-8.064787" lon="-34.909008">
    <ele>8.5</ele>
    <time>2020-02-12T23:27:24.000Z</time>
   </trkpt>
   <trkpt lat="-8.064828" lon="-34.909002">
    <ele>8.5</ele>
    <time>2020-02-12T23:27:25.000Z</time>
   </trkpt>
   <trkpt lat="-8.064862" lon="-34.909003">
    <ele>8.5</ele>
    <time>2020-02-12T23:27:26.000Z</time>
   </trkpt>
   <trkpt lat="-8.064901" lon="-34.908999">
    <ele>8.5</ele>
    <time>2020-02-12T23:27:27.000Z</time>
   </trkpt>
   <trkpt lat="-8.064944" lon="-34.90899">
    <ele>8.4</ele>
    <time>2020-02-12T23:27:28.000Z</time>
   </trkpt>
   <trkpt lat="-8.064988" lon="-34.908985">
    <ele>8.4</ele>
    <time>2020-02-12T23:27:29.000Z</time>
   </trkpt>
   <trkpt lat="-8.065038" lon="-34.908976">
    <ele>8.2</ele>
    <time>2020-02-12T23:27:30.000Z</time>
   </trkpt>
   <trkpt lat="-8.065086" lon="-34.90897">
    <ele>8</ele>
    <time>2020-02-12T23:27:31.000Z</time>
   </trkpt>
   <trkpt lat="-8.065125" lon="-34.90896">
    <ele>7.5</ele>
    <time>2020-02-12T23:27:32.000Z</time>
   </trkpt>
   <trkpt lat="-8.06517" lon="-34.908958">
    <ele>7</ele>
    <time>2020-02-12T23:27:33.000Z</time>
   </trkpt>
   <trkpt lat="-8.06522" lon="-34.908948">
    <ele>6.3</ele>
    <time>2020-02-12T23:27:34.000Z</time>
   </trkpt>
   <trkpt lat="-8.065269" lon="-34.908939">
    <ele>6.1</ele>
    <time>2020-02-12T23:27:35.000Z</time>
   </trkpt>
   <trkpt lat="-8.065317" lon="-34.908932">
    <ele>6.1</ele>
    <time>2020-02-12T23:27:36.000Z</time>
   </trkpt>
   <trkpt lat="-8.065359" lon="-34.908929">
    <ele>6.1</ele>
    <time>2020-02-12T23:27:37.000Z</time>
   </trkpt>
   <trkpt lat="-8.065399" lon="-34.908927">
    <ele>6.1</ele>
    <time>2020-02-12T23:27:38.000Z</time>
   </trkpt>
   <trkpt lat="-8.065444" lon="-34.908943">
    <ele>6.1</ele>
    <time>2020-02-12T23:27:39.000Z</time>
   </trkpt>
   <trkpt lat="-8.065487" lon="-34.908952">
    <ele>6.2</ele>
    <time>2020-02-12T23:27:40.000Z</time>
   </trkpt>
   <trkpt lat="-8.065529" lon="-34.908961">
    <ele>6.2</ele>
    <time>2020-02-12T23:27:41.000Z</time>
   </trkpt>
   <trkpt lat="-8.065576" lon="-34.908971">
    <ele>6.2</ele>
    <time>2020-02-12T23:27:42.000Z</time>
   </trkpt>
   <trkpt lat="-8.065626" lon="-34.908983">
    <ele>6.3</ele>
    <time>2020-02-12T23:27:43.000Z</time>
   </trkpt>
   <trkpt lat="-8.065676" lon="-34.90899">
    <ele>6.3</ele>
    <time>2020-02-12T23:27:44.000Z</time>
   </trkpt>
   <trkpt lat="-8.065732" lon="-34.908997">
    <ele>6.3</ele>
    <time>2020-02-12T23:27:45.000Z</time>
   </trkpt>
   <trkpt lat="-8.065786" lon="-34.908995">
    <ele>6.3</ele>
    <time>2020-02-12T23:27:46.000Z</time>
   </trkpt>
   <trkpt lat="-8.065838" lon="-34.908993">
    <ele>6.3</ele>
    <time>2020-02-12T23:27:47.000Z</time>
   </trkpt>
   <trkpt lat="-8.065881" lon="-34.908987">
    <ele>6.3</ele>
    <time>2020-02-12T23:27:48.000Z</time>
   </trkpt>
   <trkpt lat="-8.065929" lon="-34.908987">
    <ele>6.2</ele>
    <time>2020-02-12T23:27:49.000Z</time>
   </trkpt>
   <trkpt lat="-8.065976" lon="-34.908985">
    <ele>6.2</ele>
    <time>2020-02-12T23:27:50.000Z</time>
   </trkpt>
   <trkpt lat="-8.066029" lon="-34.908979">
    <ele>6.2</ele>
    <time>2020-02-12T23:27:51.000Z</time>
   </trkpt>
   <trkpt lat="-8.066082" lon="-34.908977">
    <ele>6.3</ele>
    <time>2020-02-12T23:27:52.000Z</time>
   </trkpt>
   <trkpt lat="-8.066125" lon="-34.908973">
    <ele>6.3</ele>
    <time>2020-02-12T23:27:53.000Z</time>
   </trkpt>
   <trkpt lat="-8.066167" lon="-34.908994">
    <ele>6.4</ele>
    <time>2020-02-12T23:27:54.000Z</time>
   </trkpt>
   <trkpt lat="-8.066215" lon="-34.909002">
    <ele>6.5</ele>
    <time>2020-02-12T23:27:55.000Z</time>
   </trkpt>
   <trkpt lat="-8.066265" lon="-34.909009">
    <ele>6.7</ele>
    <time>2020-02-12T23:27:56.000Z</time>
   </trkpt>
   <trkpt lat="-8.066311" lon="-34.909036">
    <ele>6.8</ele>
    <time>2020-02-12T23:27:57.000Z</time>
   </trkpt>
   <trkpt lat="-8.066357" lon="-34.909042">
    <ele>6.9</ele>
    <time>2020-02-12T23:27:58.000Z</time>
   </trkpt>
   <trkpt lat="-8.066409" lon="-34.909034">
    <ele>7</ele>
    <time>2020-02-12T23:27:59.000Z</time>
   </trkpt>
   <trkpt lat="-8.066454" lon="-34.909036">
    <ele>6.9</ele>
    <time>2020-02-12T23:28:00.000Z</time>
   </trkpt>
   <trkpt lat="-8.066497" lon="-34.909042">
    <ele>6.7</ele>
    <time>2020-02-12T23:28:01.000Z</time>
   </trkpt>
   <trkpt lat="-8.06654" lon="-34.909053">
    <ele>6.5</ele>
    <time>2020-02-12T23:28:02.000Z</time>
   </trkpt>
   <trkpt lat="-8.066589" lon="-34.909077">
    <ele>6.3</ele>
    <time>2020-02-12T23:28:03.000Z</time>
   </trkpt>
   <trkpt lat="-8.066626" lon="-34.909088">
    <ele>6.1</ele>
    <time>2020-02-12T23:28:04.000Z</time>
   </trkpt>
   <trkpt lat="-8.066665" lon="-34.90911">
    <ele>5.8</ele>
    <time>2020-02-12T23:28:05.000Z</time>
   </trkpt>
   <trkpt lat="-8.066698" lon="-34.909119">
    <ele>5.7</ele>
    <time>2020-02-12T23:28:06.000Z</time>
   </trkpt>
   <trkpt lat="-8.06673" lon="-34.909126">
    <ele>5.5</ele>
    <time>2020-02-12T23:28:07.000Z</time>
   </trkpt>
   <trkpt lat="-8.066783" lon="-34.90914">
    <ele>5.1</ele>
    <time>2020-02-12T23:28:08.000Z</time>
   </trkpt>
   <trkpt lat="-8.066825" lon="-34.909153">
    <ele>5.2</ele>
    <time>2020-02-12T23:28:09.000Z</time>
   </trkpt>
   <trkpt lat="-8.06687" lon="-34.909171">
    <ele>5.3</ele>
    <time>2020-02-12T23:28:10.000Z</time>
   </trkpt>
   <trkpt lat="-8.066911" lon="-34.90919">
    <ele>5.4</ele>
    <time>2020-02-12T23:28:11.000Z</time>
   </trkpt>
   <trkpt lat="-8.066945" lon="-34.90921">
    <ele>5.5</ele>
    <time>2020-02-12T23:28:12.000Z</time>
   </trkpt>
   <trkpt lat="-8.066982" lon="-34.909235">
    <ele>5.6</ele>
    <time>2020-02-12T23:28:13.000Z</time>
   </trkpt>
   <trkpt lat="-8.067026" lon="-34.909246">
    <ele>5.7</ele>
    <time>2020-02-12T23:28:14.000Z</time>
   </trkpt>
   <trkpt lat="-8.067062" lon="-34.909268">
    <ele>5.8</ele>
    <time>2020-02-12T23:28:15.000Z</time>
   </trkpt>
   <trkpt lat="-8.067104" lon="-34.909291">
    <ele>6</ele>
    <time>2020-02-12T23:28:16.000Z</time>
   </trkpt>
   <trkpt lat="-8.067151" lon="-34.909312">
    <ele>6</ele>
    <time>2020-02-12T23:28:17.000Z</time>
   </trkpt>
   <trkpt lat="-8.067186" lon="-34.909332">
    <ele>6.1</ele>
    <time>2020-02-12T23:28:18.000Z</time>
   </trkpt>
   <trkpt lat="-8.067231" lon="-34.909345">
    <ele>6.2</ele>
    <time>2020-02-12T23:28:19.000Z</time>
   </trkpt>
   <trkpt lat="-8.067267" lon="-34.909351">
    <ele>6.3</ele>
    <time>2020-02-12T23:28:20.000Z</time>
   </trkpt>
   <trkpt lat="-8.067301" lon="-34.909377">
    <ele>6.3</ele>
    <time>2020-02-12T23:28:21.000Z</time>
   </trkpt>
   <trkpt lat="-8.067343" lon="-34.909396">
    <ele>6.4</ele>
    <time>2020-02-12T23:28:22.000Z</time>
   </trkpt>
   <trkpt lat="-8.067383" lon="-34.909417">
    <ele>6.5</ele>
    <time>2020-02-12T23:28:23.000Z</time>
   </trkpt>
   <trkpt lat="-8.067417" lon="-34.909438">
    <ele>6.6</ele>
    <time>2020-02-12T23:28:24.000Z</time>
   </trkpt>
   <trkpt lat="-8.067444" lon="-34.909452">
    <ele>6.6</ele>
    <time>2020-02-12T23:28:25.000Z</time>
   </trkpt>
   <trkpt lat="-8.067495" lon="-34.909466">
    <ele>6.7</ele>
    <time>2020-02-12T23:28:27.000Z</time>
   </trkpt>
   <trkpt lat="-8.067561" lon="-34.909494">
    <ele>6.8</ele>
    <time>2020-02-12T23:28:29.000Z</time>
   </trkpt>
   <trkpt lat="-8.067596" lon="-34.909504">
    <ele>6.8</ele>
    <time>2020-02-12T23:28:30.000Z</time>
   </trkpt>
   <trkpt lat="-8.067635" lon="-34.90952">
    <ele>6.9</ele>
    <time>2020-02-12T23:28:31.000Z</time>
   </trkpt>
   <trkpt lat="-8.067687" lon="-34.909532">
    <ele>7</ele>
    <time>2020-02-12T23:28:32.000Z</time>
   </trkpt>
   <trkpt lat="-8.06773" lon="-34.909543">
    <ele>7</ele>
    <time>2020-02-12T23:28:33.000Z</time>
   </trkpt>
   <trkpt lat="-8.06776" lon="-34.90956">
    <ele>7.2</ele>
    <time>2020-02-12T23:28:34.000Z</time>
   </trkpt>
   <trkpt lat="-8.067792" lon="-34.909575">
    <ele>7.3</ele>
    <time>2020-02-12T23:28:35.000Z</time>
   </trkpt>
   <trkpt lat="-8.067826" lon="-34.909588">
    <ele>7.4</ele>
    <time>2020-02-12T23:28:36.000Z</time>
   </trkpt>
   <trkpt lat="-8.067861" lon="-34.909597">
    <ele>7.5</ele>
    <time>2020-02-12T23:28:37.000Z</time>
   </trkpt>
   <trkpt lat="-8.067888" lon="-34.909605">
    <ele>7.6</ele>
    <time>2020-02-12T23:28:38.000Z</time>
   </trkpt>
   <trkpt lat="-8.067928" lon="-34.909624">
    <ele>7.7</ele>
    <time>2020-02-12T23:28:40.000Z</time>
   </trkpt>
   <trkpt lat="-8.067972" lon="-34.909644">
    <ele>7.8</ele>
    <time>2020-02-12T23:28:43.000Z</time>
   </trkpt>
   <trkpt lat="-8.068028" lon="-34.909656">
    <ele>8</ele>
    <time>2020-02-12T23:28:45.000Z</time>
   </trkpt>
   <trkpt lat="-8.068082" lon="-34.909683">
    <ele>8.3</ele>
    <time>2020-02-12T23:28:47.000Z</time>
   </trkpt>
   <trkpt lat="-8.068112" lon="-34.909695">
    <ele>8.4</ele>
    <time>2020-02-12T23:28:48.000Z</time>
   </trkpt>
   <trkpt lat="-8.068141" lon="-34.909707">
    <ele>8.6</ele>
    <time>2020-02-12T23:28:49.000Z</time>
   </trkpt>
   <trkpt lat="-8.068172" lon="-34.909721">
    <ele>8.8</ele>
    <time>2020-02-12T23:28:50.000Z</time>
   </trkpt>
   <trkpt lat="-8.068208" lon="-34.909735">
    <ele>9</ele>
    <time>2020-02-12T23:28:51.000Z</time>
   </trkpt>
   <trkpt lat="-8.068246" lon="-34.909749">
    <ele>9.6</ele>
    <time>2020-02-12T23:28:52.000Z</time>
   </trkpt>
   <trkpt lat="-8.068282" lon="-34.90976">
    <ele>9.3</ele>
    <time>2020-02-12T23:28:53.000Z</time>
   </trkpt>
   <trkpt lat="-8.068324" lon="-34.909769">
    <ele>8.9</ele>
    <time>2020-02-12T23:28:54.000Z</time>
   </trkpt>
   <trkpt lat="-8.06837" lon="-34.909777">
    <ele>8.6</ele>
    <time>2020-02-12T23:28:55.000Z</time>
   </trkpt>
   <trkpt lat="-8.068408" lon="-34.909784">
    <ele>8.3</ele>
    <time>2020-02-12T23:28:56.000Z</time>
   </trkpt>
   <trkpt lat="-8.068446" lon="-34.90979">
    <ele>8</ele>
    <time>2020-02-12T23:28:57.000Z</time>
   </trkpt>
   <trkpt lat="-8.068481" lon="-34.909791">
    <ele>7.8</ele>
    <time>2020-02-12T23:28:58.000Z</time>
   </trkpt>
   <trkpt lat="-8.068525" lon="-34.909792">
    <ele>7.5</ele>
    <time>2020-02-12T23:28:59.000Z</time>
   </trkpt>
   <trkpt lat="-8.068569" lon="-34.909796">
    <ele>7.2</ele>
    <time>2020-02-12T23:29:00.000Z</time>
   </trkpt>
   <trkpt lat="-8.068602" lon="-34.909797">
    <ele>7</ele>
    <time>2020-02-12T23:29:01.000Z</time>
   </trkpt>
   <trkpt lat="-8.068639" lon="-34.909801">
    <ele>6.7</ele>
    <time>2020-02-12T23:29:02.000Z</time>
   </trkpt>
   <trkpt lat="-8.068685" lon="-34.909809">
    <ele>6.5</ele>
    <time>2020-02-12T23:29:03.000Z</time>
   </trkpt>
   <trkpt lat="-8.068732" lon="-34.909805">
    <ele>6.3</ele>
    <time>2020-02-12T23:29:04.000Z</time>
   </trkpt>
   <trkpt lat="-8.068774" lon="-34.909806">
    <ele>6.1</ele>
    <time>2020-02-12T23:29:05.000Z</time>
   </trkpt>
   <trkpt lat="-8.068814" lon="-34.909803">
    <ele>6</ele>
    <time>2020-02-12T23:29:06.000Z</time>
   </trkpt>
   <trkpt lat="-8.068883" lon="-34.909799">
    <ele>5.9</ele>
    <time>2020-02-12T23:29:08.000Z</time>
   </trkpt>
   <trkpt lat="-8.068911" lon="-34.909803">
    <ele>5.9</ele>
    <time>2020-02-12T23:29:09.000Z</time>
   </trkpt>
   <trkpt lat="-8.068941" lon="-34.909802">
    <ele>5.9</ele>
    <time>2020-02-12T23:29:10.000Z</time>
   </trkpt>
   <trkpt lat="-8.068999" lon="-34.909792">
    <ele>5.9</ele>
    <time>2020-02-12T23:29:12.000Z</time>
   </trkpt>
   <trkpt lat="-8.06904" lon="-34.909784">
    <ele>5.9</ele>
    <time>2020-02-12T23:29:13.000Z</time>
   </trkpt>
   <trkpt lat="-8.069073" lon="-34.909775">
    <ele>5.9</ele>
    <time>2020-02-12T23:29:14.000Z</time>
   </trkpt>
   <trkpt lat="-8.069118" lon="-34.90977">
    <ele>5.8</ele>
    <time>2020-02-12T23:29:15.000Z</time>
   </trkpt>
   <trkpt lat="-8.069159" lon="-34.90977">
    <ele>5.8</ele>
    <time>2020-02-12T23:29:16.000Z</time>
   </trkpt>
   <trkpt lat="-8.069201" lon="-34.909767">
    <ele>5.8</ele>
    <time>2020-02-12T23:29:17.000Z</time>
   </trkpt>
   <trkpt lat="-8.06924" lon="-34.909764">
    <ele>5.7</ele>
    <time>2020-02-12T23:29:18.000Z</time>
   </trkpt>
   <trkpt lat="-8.069282" lon="-34.909758">
    <ele>5.7</ele>
    <time>2020-02-12T23:29:19.000Z</time>
   </trkpt>
   <trkpt lat="-8.069325" lon="-34.909754">
    <ele>5.7</ele>
    <time>2020-02-12T23:29:20.000Z</time>
   </trkpt>
   <trkpt lat="-8.069363" lon="-34.909749">
    <ele>5.7</ele>
    <time>2020-02-12T23:29:21.000Z</time>
   </trkpt>
   <trkpt lat="-8.069407" lon="-34.909735">
    <ele>5.6</ele>
    <time>2020-02-12T23:29:22.000Z</time>
   </trkpt>
   <trkpt lat="-8.069449" lon="-34.909728">
    <ele>5.6</ele>
    <time>2020-02-12T23:29:23.000Z</time>
   </trkpt>
   <trkpt lat="-8.06949" lon="-34.909722">
    <ele>5.7</ele>
    <time>2020-02-12T23:29:24.000Z</time>
   </trkpt>
   <trkpt lat="-8.069529" lon="-34.90971">
    <ele>5.7</ele>
    <time>2020-02-12T23:29:25.000Z</time>
   </trkpt>
   <trkpt lat="-8.069567" lon="-34.909704">
    <ele>5.8</ele>
    <time>2020-02-12T23:29:26.000Z</time>
   </trkpt>
   <trkpt lat="-8.069608" lon="-34.909707">
    <ele>5.9</ele>
    <time>2020-02-12T23:29:27.000Z</time>
   </trkpt>
   <trkpt lat="-8.069641" lon="-34.909698">
    <ele>5.9</ele>
    <time>2020-02-12T23:29:28.000Z</time>
   </trkpt>
   <trkpt lat="-8.069683" lon="-34.909695">
    <ele>6</ele>
    <time>2020-02-12T23:29:29.000Z</time>
   </trkpt>
   <trkpt lat="-8.069729" lon="-34.909683">
    <ele>6.1</ele>
    <time>2020-02-12T23:29:30.000Z</time>
   </trkpt>
   <trkpt lat="-8.069781" lon="-34.909672">
    <ele>6.2</ele>
    <time>2020-02-12T23:29:31.000Z</time>
   </trkpt>
   <trkpt lat="-8.069822" lon="-34.909661">
    <ele>6.2</ele>
    <time>2020-02-12T23:29:32.000Z</time>
   </trkpt>
   <trkpt lat="-8.069865" lon="-34.909653">
    <ele>6.3</ele>
    <time>2020-02-12T23:29:33.000Z</time>
   </trkpt>
   <trkpt lat="-8.069918" lon="-34.909651">
    <ele>6.4</ele>
    <time>2020-02-12T23:29:34.000Z</time>
   </trkpt>
   <trkpt lat="-8.069971" lon="-34.909639">
    <ele>6.5</ele>
    <time>2020-02-12T23:29:35.000Z</time>
   </trkpt>
   <trkpt lat="-8.070024" lon="-34.909626">
    <ele>6.4</ele>
    <time>2020-02-12T23:29:36.000Z</time>
   </trkpt>
   <trkpt lat="-8.070084" lon="-34.909615">
    <ele>6.4</ele>
    <time>2020-02-12T23:29:37.000Z</time>
   </trkpt>
   <trkpt lat="-8.07014" lon="-34.909608">
    <ele>6.3</ele>
    <time>2020-02-12T23:29:38.000Z</time>
   </trkpt>
   <trkpt lat="-8.070196" lon="-34.909599">
    <ele>6.3</ele>
    <time>2020-02-12T23:29:39.000Z</time>
   </trkpt>
   <trkpt lat="-8.070248" lon="-34.90959">
    <ele>6.2</ele>
    <time>2020-02-12T23:29:40.000Z</time>
   </trkpt>
   <trkpt lat="-8.070294" lon="-34.909582">
    <ele>6.2</ele>
    <time>2020-02-12T23:29:41.000Z</time>
   </trkpt>
   <trkpt lat="-8.070337" lon="-34.909579">
    <ele>6.1</ele>
    <time>2020-02-12T23:29:42.000Z</time>
   </trkpt>
   <trkpt lat="-8.070386" lon="-34.909564">
    <ele>6.1</ele>
    <time>2020-02-12T23:29:43.000Z</time>
   </trkpt>
   <trkpt lat="-8.070431" lon="-34.909554">
    <ele>6</ele>
    <time>2020-02-12T23:29:44.000Z</time>
   </trkpt>
   <trkpt lat="-8.070475" lon="-34.909557">
    <ele>6</ele>
    <time>2020-02-12T23:29:45.000Z</time>
   </trkpt>
   <trkpt lat="-8.070519" lon="-34.909551">
    <ele>5.9</ele>
    <time>2020-02-12T23:29:46.000Z</time>
   </trkpt>
   <trkpt lat="-8.070561" lon="-34.909544">
    <ele>5.9</ele>
    <time>2020-02-12T23:29:47.000Z</time>
   </trkpt>
   <trkpt lat="-8.070602" lon="-34.909531">
    <ele>5.9</ele>
    <time>2020-02-12T23:29:48.000Z</time>
   </trkpt>
   <trkpt lat="-8.070636" lon="-34.909522">
    <ele>5.8</ele>
    <time>2020-02-12T23:29:49.000Z</time>
   </trkpt>
   <trkpt lat="-8.070674" lon="-34.909535">
    <ele>5.8</ele>
    <time>2020-02-12T23:29:50.000Z</time>
   </trkpt>
   <trkpt lat="-8.070709" lon="-34.909531">
    <ele>5.8</ele>
    <time>2020-02-12T23:29:51.000Z</time>
   </trkpt>
   <trkpt lat="-8.070742" lon="-34.909533">
    <ele>5.7</ele>
    <time>2020-02-12T23:29:52.000Z</time>
   </trkpt>
   <trkpt lat="-8.070785" lon="-34.909528">
    <ele>5.7</ele>
    <time>2020-02-12T23:29:54.000Z</time>
   </trkpt>
   <trkpt lat="-8.070812" lon="-34.90952">
    <ele>5.7</ele>
    <time>2020-02-12T23:29:55.000Z</time>
   </trkpt>
   <trkpt lat="-8.070854" lon="-34.909515">
    <ele>5.6</ele>
    <time>2020-02-12T23:29:57.000Z</time>
   </trkpt>
   <trkpt lat="-8.070887" lon="-34.909523">
    <ele>5.6</ele>
    <time>2020-02-12T23:29:59.000Z</time>
   </trkpt>
   <trkpt lat="-8.070919" lon="-34.909524">
    <ele>5.5</ele>
    <time>2020-02-12T23:30:01.000Z</time>
   </trkpt>
   <trkpt lat="-8.070943" lon="-34.909512">
    <ele>5.5</ele>
    <time>2020-02-12T23:30:03.000Z</time>
   </trkpt>
   <trkpt lat="-8.07097" lon="-34.909504">
    <ele>5.5</ele>
    <time>2020-02-12T23:30:07.000Z</time>
   </trkpt>
   <trkpt lat="-8.071009" lon="-34.9095">
    <ele>5.4</ele>
    <time>2020-02-12T23:30:09.000Z</time>
   </trkpt>
   <trkpt lat="-8.071045" lon="-34.909505">
    <ele>5.3</ele>
    <time>2020-02-12T23:30:12.000Z</time>
   </trkpt>
   <trkpt lat="-8.071083" lon="-34.909495">
    <ele>5.2</ele>
    <time>2020-02-12T23:30:15.000Z</time>
   </trkpt>
   <trkpt lat="-8.071137" lon="-34.909482">
    <ele>5.1</ele>
    <time>2020-02-12T23:30:17.000Z</time>
   </trkpt>
   <trkpt lat="-8.07117" lon="-34.909472">
    <ele>4.9</ele>
    <time>2020-02-12T23:30:18.000Z</time>
   </trkpt>
   <trkpt lat="-8.0712" lon="-34.909465">
    <ele>4.8</ele>
    <time>2020-02-12T23:30:19.000Z</time>
   </trkpt>
   <trkpt lat="-8.071233" lon="-34.909461">
    <ele>4.6</ele>
    <time>2020-02-12T23:30:20.000Z</time>
   </trkpt>
   <trkpt lat="-8.071264" lon="-34.909453">
    <ele>4.4</ele>
    <time>2020-02-12T23:30:21.000Z</time>
   </trkpt>
   <trkpt lat="-8.071298" lon="-34.909443">
    <ele>4.2</ele>
    <time>2020-02-12T23:30:22.000Z</time>
   </trkpt>
   <trkpt lat="-8.07133" lon="-34.909435">
    <ele>3.9</ele>
    <time>2020-02-12T23:30:23.000Z</time>
   </trkpt>
   <trkpt lat="-8.071368" lon="-34.909408">
    <ele>3.5</ele>
    <time>2020-02-12T23:30:24.000Z</time>
   </trkpt>
   <trkpt lat="-8.071414" lon="-34.909396">
    <ele>3.1</ele>
    <time>2020-02-12T23:30:25.000Z</time>
   </trkpt>
   <trkpt lat="-8.071449" lon="-34.909385">
    <ele>2.6</ele>
    <time>2020-02-12T23:30:26.000Z</time>
   </trkpt>
   <trkpt lat="-8.071497" lon="-34.909381">
    <ele>2.4</ele>
    <time>2020-02-12T23:30:27.000Z</time>
   </trkpt>
   <trkpt lat="-8.071545" lon="-34.909371">
    <ele>2.3</ele>
    <time>2020-02-12T23:30:28.000Z</time>
   </trkpt>
   <trkpt lat="-8.071597" lon="-34.909361">
    <ele>2.8</ele>
    <time>2020-02-12T23:30:29.000Z</time>
   </trkpt>
   <trkpt lat="-8.071634" lon="-34.909348">
    <ele>3</ele>
    <time>2020-02-12T23:30:30.000Z</time>
   </trkpt>
   <trkpt lat="-8.07168" lon="-34.90934">
    <ele>3.2</ele>
    <time>2020-02-12T23:30:31.000Z</time>
   </trkpt>
   <trkpt lat="-8.071725" lon="-34.909332">
    <ele>3.4</ele>
    <time>2020-02-12T23:30:32.000Z</time>
   </trkpt>
   <trkpt lat="-8.071771" lon="-34.909326">
    <ele>3.7</ele>
    <time>2020-02-12T23:30:33.000Z</time>
   </trkpt>
   <trkpt lat="-8.071818" lon="-34.909319">
    <ele>3.9</ele>
    <time>2020-02-12T23:30:34.000Z</time>
   </trkpt>
   <trkpt lat="-8.071861" lon="-34.909313">
    <ele>4.1</ele>
    <time>2020-02-12T23:30:35.000Z</time>
   </trkpt>
   <trkpt lat="-8.0719" lon="-34.909312">
    <ele>4.2</ele>
    <time>2020-02-12T23:30:36.000Z</time>
   </trkpt>
   <trkpt lat="-8.071944" lon="-34.909305">
    <ele>4.4</ele>
    <time>2020-02-12T23:30:37.000Z</time>
   </trkpt>
   <trkpt lat="-8.071986" lon="-34.909296">
    <ele>4.6</ele>
    <time>2020-02-12T23:30:38.000Z</time>
   </trkpt>
   <trkpt lat="-8.072026" lon="-34.909285">
    <ele>4.7</ele>
    <time>2020-02-12T23:30:39.000Z</time>
   </trkpt>
   <trkpt lat="-8.072071" lon="-34.909271">
    <ele>4.9</ele>
    <time>2020-02-12T23:30:40.000Z</time>
   </trkpt>
   <trkpt lat="-8.072108" lon="-34.909262">
    <ele>5.1</ele>
    <time>2020-02-12T23:30:41.000Z</time>
   </trkpt>
   <trkpt lat="-8.072153" lon="-34.909262">
    <ele>5.3</ele>
    <time>2020-02-12T23:30:42.000Z</time>
   </trkpt>
   <trkpt lat="-8.072189" lon="-34.909263">
    <ele>5.5</ele>
    <time>2020-02-12T23:30:43.000Z</time>
   </trkpt>
   <trkpt lat="-8.072223" lon="-34.909268">
    <ele>5.7</ele>
    <time>2020-02-12T23:30:44.000Z</time>
   </trkpt>
   <trkpt lat="-8.072268" lon="-34.909266">
    <ele>6</ele>
    <time>2020-02-12T23:30:45.000Z</time>
   </trkpt>
   <trkpt lat="-8.072309" lon="-34.909259">
    <ele>6.3</ele>
    <time>2020-02-12T23:30:46.000Z</time>
   </trkpt>
   <trkpt lat="-8.072345" lon="-34.909247">
    <ele>6.6</ele>
    <time>2020-02-12T23:30:47.000Z</time>
   </trkpt>
   <trkpt lat="-8.072381" lon="-34.909247">
    <ele>7.1</ele>
    <time>2020-02-12T23:30:48.000Z</time>
   </trkpt>
   <trkpt lat="-8.072424" lon="-34.909239">
    <ele>6.9</ele>
    <time>2020-02-12T23:30:49.000Z</time>
   </trkpt>
   <trkpt lat="-8.072458" lon="-34.909235">
    <ele>6.8</ele>
    <time>2020-02-12T23:30:50.000Z</time>
   </trkpt>
   <trkpt lat="-8.072498" lon="-34.90922">
    <ele>6.5</ele>
    <time>2020-02-12T23:30:51.000Z</time>
   </trkpt>
   <trkpt lat="-8.072544" lon="-34.909208">
    <ele>6.3</ele>
    <time>2020-02-12T23:30:52.000Z</time>
   </trkpt>
   <trkpt lat="-8.072582" lon="-34.909198">
    <ele>6.1</ele>
    <time>2020-02-12T23:30:53.000Z</time>
   </trkpt>
   <trkpt lat="-8.072638" lon="-34.90919">
    <ele>5.3</ele>
    <time>2020-02-12T23:30:54.000Z</time>
   </trkpt>
   <trkpt lat="-8.07269" lon="-34.909181">
    <ele>4.8</ele>
    <time>2020-02-12T23:30:55.000Z</time>
   </trkpt>
   <trkpt lat="-8.072743" lon="-34.909176">
    <ele>4.4</ele>
    <time>2020-02-12T23:30:56.000Z</time>
   </trkpt>
   <trkpt lat="-8.072797" lon="-34.909175">
    <ele>4.3</ele>
    <time>2020-02-12T23:30:57.000Z</time>
   </trkpt>
   <trkpt lat="-8.07284" lon="-34.909169">
    <ele>4.2</ele>
    <time>2020-02-12T23:30:58.000Z</time>
   </trkpt>
   <trkpt lat="-8.072885" lon="-34.909165">
    <ele>4.1</ele>
    <time>2020-02-12T23:30:59.000Z</time>
   </trkpt>
   <trkpt lat="-8.072934" lon="-34.909162">
    <ele>4</ele>
    <time>2020-02-12T23:31:00.000Z</time>
   </trkpt>
   <trkpt lat="-8.072982" lon="-34.909159">
    <ele>4</ele>
    <time>2020-02-12T23:31:01.000Z</time>
   </trkpt>
   <trkpt lat="-8.073028" lon="-34.909148">
    <ele>4</ele>
    <time>2020-02-12T23:31:02.000Z</time>
   </trkpt>
   <trkpt lat="-8.073069" lon="-34.909138">
    <ele>4</ele>
    <time>2020-02-12T23:31:03.000Z</time>
   </trkpt>
   <trkpt lat="-8.07312" lon="-34.909135">
    <ele>4.2</ele>
    <time>2020-02-12T23:31:04.000Z</time>
   </trkpt>
   <trkpt lat="-8.073158" lon="-34.90914">
    <ele>4.4</ele>
    <time>2020-02-12T23:31:05.000Z</time>
   </trkpt>
   <trkpt lat="-8.073199" lon="-34.909134">
    <ele>4.6</ele>
    <time>2020-02-12T23:31:06.000Z</time>
   </trkpt>
   <trkpt lat="-8.073241" lon="-34.909123">
    <ele>4.8</ele>
    <time>2020-02-12T23:31:07.000Z</time>
   </trkpt>
   <trkpt lat="-8.07328" lon="-34.909113">
    <ele>4.9</ele>
    <time>2020-02-12T23:31:08.000Z</time>
   </trkpt>
   <trkpt lat="-8.073328" lon="-34.9091">
    <ele>5</ele>
    <time>2020-02-12T23:31:09.000Z</time>
   </trkpt>
   <trkpt lat="-8.07337" lon="-34.909084">
    <ele>5.1</ele>
    <time>2020-02-12T23:31:10.000Z</time>
   </trkpt>
   <trkpt lat="-8.073405" lon="-34.909074">
    <ele>5.1</ele>
    <time>2020-02-12T23:31:11.000Z</time>
   </trkpt>
   <trkpt lat="-8.073446" lon="-34.909061">
    <ele>5.1</ele>
    <time>2020-02-12T23:31:12.000Z</time>
   </trkpt>
   <trkpt lat="-8.073495" lon="-34.909055">
    <ele>5.1</ele>
    <time>2020-02-12T23:31:13.000Z</time>
   </trkpt>
   <trkpt lat="-8.073535" lon="-34.909049">
    <ele>5.1</ele>
    <time>2020-02-12T23:31:14.000Z</time>
   </trkpt>
   <trkpt lat="-8.073579" lon="-34.909042">
    <ele>5</ele>
    <time>2020-02-12T23:31:15.000Z</time>
   </trkpt>
   <trkpt lat="-8.073626" lon="-34.909013">
    <ele>4.8</ele>
    <time>2020-02-12T23:31:16.000Z</time>
   </trkpt>
   <trkpt lat="-8.073665" lon="-34.909006">
    <ele>4.5</ele>
    <time>2020-02-12T23:31:17.000Z</time>
   </trkpt>
   <trkpt lat="-8.073702" lon="-34.909002">
    <ele>4.4</ele>
    <time>2020-02-12T23:31:18.000Z</time>
   </trkpt>
   <trkpt lat="-8.073744" lon="-34.908988">
    <ele>4.2</ele>
    <time>2020-02-12T23:31:19.000Z</time>
   </trkpt>
   <trkpt lat="-8.073784" lon="-34.908985">
    <ele>4.2</ele>
    <time>2020-02-12T23:31:20.000Z</time>
   </trkpt>
   <trkpt lat="-8.073826" lon="-34.908983">
    <ele>4.2</ele>
    <time>2020-02-12T23:31:21.000Z</time>
   </trkpt>
   <trkpt lat="-8.073865" lon="-34.908987">
    <ele>4.2</ele>
    <time>2020-02-12T23:31:22.000Z</time>
   </trkpt>
   <trkpt lat="-8.07391" lon="-34.908985">
    <ele>4.2</ele>
    <time>2020-02-12T23:31:23.000Z</time>
   </trkpt>
   <trkpt lat="-8.073954" lon="-34.90898">
    <ele>4.2</ele>
    <time>2020-02-12T23:31:24.000Z</time>
   </trkpt>
   <trkpt lat="-8.073999" lon="-34.908975">
    <ele>4.2</ele>
    <time>2020-02-12T23:31:25.000Z</time>
   </trkpt>
   <trkpt lat="-8.074037" lon="-34.908971">
    <ele>4.2</ele>
    <time>2020-02-12T23:31:26.000Z</time>
   </trkpt>
   <trkpt lat="-8.074075" lon="-34.908966">
    <ele>4.3</ele>
    <time>2020-02-12T23:31:27.000Z</time>
   </trkpt>
   <trkpt lat="-8.074111" lon="-34.908961">
    <ele>4.5</ele>
    <time>2020-02-12T23:31:28.000Z</time>
   </trkpt>
   <trkpt lat="-8.074148" lon="-34.908952">
    <ele>4.7</ele>
    <time>2020-02-12T23:31:29.000Z</time>
   </trkpt>
   <trkpt lat="-8.074195" lon="-34.908948">
    <ele>5</ele>
    <time>2020-02-12T23:31:31.000Z</time>
   </trkpt>
   <trkpt lat="-8.074237" lon="-34.908936">
    <ele>5.2</ele>
    <time>2020-02-12T23:31:33.000Z</time>
   </trkpt>
   <trkpt lat="-8.074266" lon="-34.90893">
    <ele>5.4</ele>
    <time>2020-02-12T23:31:34.000Z</time>
   </trkpt>
   <trkpt lat="-8.074302" lon="-34.908925">
    <ele>5.6</ele>
    <time>2020-02-12T23:31:35.000Z</time>
   </trkpt>
   <trkpt lat="-8.074354" lon="-34.908915">
    <ele>5.9</ele>
    <time>2020-02-12T23:31:36.000Z</time>
   </trkpt>
   <trkpt lat="-8.074398" lon="-34.908908">
    <ele>6.2</ele>
    <time>2020-02-12T23:31:37.000Z</time>
   </trkpt>
   <trkpt lat="-8.074439" lon="-34.908905">
    <ele>6.4</ele>
    <time>2020-02-12T23:31:38.000Z</time>
   </trkpt>
   <trkpt lat="-8.074475" lon="-34.908902">
    <ele>6.4</ele>
    <time>2020-02-12T23:31:39.000Z</time>
   </trkpt>
   <trkpt lat="-8.074517" lon="-34.908899">
    <ele>6.4</ele>
    <time>2020-02-12T23:31:40.000Z</time>
   </trkpt>
   <trkpt lat="-8.074569" lon="-34.908896">
    <ele>6.7</ele>
    <time>2020-02-12T23:31:41.000Z</time>
   </trkpt>
   <trkpt lat="-8.07461" lon="-34.908895">
    <ele>6.9</ele>
    <time>2020-02-12T23:31:42.000Z</time>
   </trkpt>
   <trkpt lat="-8.074657" lon="-34.908894">
    <ele>7</ele>
    <time>2020-02-12T23:31:43.000Z</time>
   </trkpt>
   <trkpt lat="-8.074699" lon="-34.908892">
    <ele>7.1</ele>
    <time>2020-02-12T23:31:44.000Z</time>
   </trkpt>
   <trkpt lat="-8.07475" lon="-34.9089">
    <ele>7.1</ele>
    <time>2020-02-12T23:31:45.000Z</time>
   </trkpt>
   <trkpt lat="-8.0748" lon="-34.908907">
    <ele>7.1</ele>
    <time>2020-02-12T23:31:46.000Z</time>
   </trkpt>
   <trkpt lat="-8.074845" lon="-34.908911">
    <ele>7</ele>
    <time>2020-02-12T23:31:47.000Z</time>
   </trkpt>
   <trkpt lat="-8.074897" lon="-34.908914">
    <ele>6.8</ele>
    <time>2020-02-12T23:31:48.000Z</time>
   </trkpt>
   <trkpt lat="-8.074941" lon="-34.908921">
    <ele>6.6</ele>
    <time>2020-02-12T23:31:49.000Z</time>
   </trkpt>
   <trkpt lat="-8.074977" lon="-34.90893">
    <ele>6.5</ele>
    <time>2020-02-12T23:31:50.000Z</time>
   </trkpt>
   <trkpt lat="-8.075022" lon="-34.908937">
    <ele>6.3</ele>
    <time>2020-02-12T23:31:51.000Z</time>
   </trkpt>
   <trkpt lat="-8.075061" lon="-34.908939">
    <ele>6.2</ele>
    <time>2020-02-12T23:31:52.000Z</time>
   </trkpt>
   <trkpt lat="-8.075096" lon="-34.908949">
    <ele>6.2</ele>
    <time>2020-02-12T23:31:53.000Z</time>
   </trkpt>
   <trkpt lat="-8.075133" lon="-34.908955">
    <ele>6.3</ele>
    <time>2020-02-12T23:31:54.000Z</time>
   </trkpt>
   <trkpt lat="-8.075176" lon="-34.908963">
    <ele>6.3</ele>
    <time>2020-02-12T23:31:55.000Z</time>
   </trkpt>
   <trkpt lat="-8.075217" lon="-34.908964">
    <ele>6.3</ele>
    <time>2020-02-12T23:31:56.000Z</time>
   </trkpt>
   <trkpt lat="-8.075257" lon="-34.908957">
    <ele>6.5</ele>
    <time>2020-02-12T23:31:57.000Z</time>
   </trkpt>
   <trkpt lat="-8.075294" lon="-34.908973">
    <ele>6.7</ele>
    <time>2020-02-12T23:31:58.000Z</time>
   </trkpt>
   <trkpt lat="-8.07533" lon="-34.908976">
    <ele>6.9</ele>
    <time>2020-02-12T23:31:59.000Z</time>
   </trkpt>
   <trkpt lat="-8.075366" lon="-34.908988">
    <ele>7.1</ele>
    <time>2020-02-12T23:32:00.000Z</time>
   </trkpt>
   <trkpt lat="-8.0754" lon="-34.908994">
    <ele>7.3</ele>
    <time>2020-02-12T23:32:01.000Z</time>
   </trkpt>
   <trkpt lat="-8.075465" lon="-34.908987">
    <ele>7.7</ele>
    <time>2020-02-12T23:32:03.000Z</time>
   </trkpt>
   <trkpt lat="-8.075495" lon="-34.908979">
    <ele>7.9</ele>
    <time>2020-02-12T23:32:05.000Z</time>
   </trkpt>
   <trkpt lat="-8.075531" lon="-34.90898">
    <ele>8.1</ele>
    <time>2020-02-12T23:32:07.000Z</time>
   </trkpt>
   <trkpt lat="-8.075575" lon="-34.908983">
    <ele>8.4</ele>
    <time>2020-02-12T23:32:09.000Z</time>
   </trkpt>
   <trkpt lat="-8.075603" lon="-34.909002">
    <ele>8.6</ele>
    <time>2020-02-12T23:32:12.000Z</time>
   </trkpt>
   <trkpt lat="-8.075648" lon="-34.909003">
    <ele>8.9</ele>
    <time>2020-02-12T23:32:16.000Z</time>
   </trkpt>
   <trkpt lat="-8.075687" lon="-34.909014">
    <ele>9.2</ele>
    <time>2020-02-12T23:32:18.000Z</time>
   </trkpt>
   <trkpt lat="-8.075719" lon="-34.909019">
    <ele>9.3</ele>
    <time>2020-02-12T23:32:19.000Z</time>
   </trkpt>
   <trkpt lat="-8.075751" lon="-34.909018">
    <ele>9.5</ele>
    <time>2020-02-12T23:32:20.000Z</time>
   </trkpt>
   <trkpt lat="-8.075787" lon="-34.909024">
    <ele>9.7</ele>
    <time>2020-02-12T23:32:21.000Z</time>
   </trkpt>
   <trkpt lat="-8.075832" lon="-34.909026">
    <ele>9.9</ele>
    <time>2020-02-12T23:32:22.000Z</time>
   </trkpt>
   <trkpt lat="-8.075869" lon="-34.90903">
    <ele>10</ele>
    <time>2020-02-12T23:32:23.000Z</time>
   </trkpt>
   <trkpt lat="-8.075901" lon="-34.909038">
    <ele>10</ele>
    <time>2020-02-12T23:32:24.000Z</time>
   </trkpt>
   <trkpt lat="-8.075936" lon="-34.909038">
    <ele>10</ele>
    <time>2020-02-12T23:32:25.000Z</time>
   </trkpt>
   <trkpt lat="-8.075976" lon="-34.909051">
    <ele>10</ele>
    <time>2020-02-12T23:32:26.000Z</time>
   </trkpt>
   <trkpt lat="-8.076012" lon="-34.909064">
    <ele>10</ele>
    <time>2020-02-12T23:32:27.000Z</time>
   </trkpt>
   <trkpt lat="-8.076053" lon="-34.909066">
    <ele>10</ele>
    <time>2020-02-12T23:32:28.000Z</time>
   </trkpt>
   <trkpt lat="-8.076085" lon="-34.909074">
    <ele>10</ele>
    <time>2020-02-12T23:32:29.000Z</time>
   </trkpt>
   <trkpt lat="-8.076121" lon="-34.909075">
    <ele>10</ele>
    <time>2020-02-12T23:32:30.000Z</time>
   </trkpt>
   <trkpt lat="-8.076155" lon="-34.909083">
    <ele>10</ele>
    <time>2020-02-12T23:32:31.000Z</time>
   </trkpt>
   <trkpt lat="-8.076192" lon="-34.909078">
    <ele>10</ele>
    <time>2020-02-12T23:32:32.000Z</time>
   </trkpt>
   <trkpt lat="-8.076224" lon="-34.909087">
    <ele>10</ele>
    <time>2020-02-12T23:32:33.000Z</time>
   </trkpt>
   <trkpt lat="-8.076252" lon="-34.909096">
    <ele>10</ele>
    <time>2020-02-12T23:32:34.000Z</time>
   </trkpt>
   <trkpt lat="-8.076285" lon="-34.909092">
    <ele>10</ele>
    <time>2020-02-12T23:32:35.000Z</time>
   </trkpt>
   <trkpt lat="-8.076326" lon="-34.909094">
    <ele>10</ele>
    <time>2020-02-12T23:32:36.000Z</time>
   </trkpt>
   <trkpt lat="-8.076357" lon="-34.909103">
    <ele>10</ele>
    <time>2020-02-12T23:32:37.000Z</time>
   </trkpt>
   <trkpt lat="-8.076416" lon="-34.909104">
    <ele>10</ele>
    <time>2020-02-12T23:32:39.000Z</time>
   </trkpt>
   <trkpt lat="-8.076448" lon="-34.909116">
    <ele>10</ele>
    <time>2020-02-12T23:32:40.000Z</time>
   </trkpt>
   <trkpt lat="-8.076505" lon="-34.909117">
    <ele>10</ele>
    <time>2020-02-12T23:32:42.000Z</time>
   </trkpt>
   <trkpt lat="-8.076533" lon="-34.909126">
    <ele>10</ele>
    <time>2020-02-12T23:32:43.000Z</time>
   </trkpt>
   <trkpt lat="-8.076572" lon="-34.909131">
    <ele>9.9</ele>
    <time>2020-02-12T23:32:45.000Z</time>
   </trkpt>
   <trkpt lat="-8.076612" lon="-34.909138">
    <ele>9.9</ele>
    <time>2020-02-12T23:32:47.000Z</time>
   </trkpt>
   <trkpt lat="-8.076645" lon="-34.909133">
    <ele>9.8</ele>
    <time>2020-02-12T23:32:49.000Z</time>
   </trkpt>
   <trkpt lat="-8.076668" lon="-34.909147">
    <ele>9.7</ele>
    <time>2020-02-12T23:32:51.000Z</time>
   </trkpt>
   <trkpt lat="-8.076699" lon="-34.909144">
    <ele>9.6</ele>
    <time>2020-02-12T23:32:54.000Z</time>
   </trkpt>
   <trkpt lat="-8.076743" lon="-34.909146">
    <ele>9.4</ele>
    <time>2020-02-12T23:32:56.000Z</time>
   </trkpt>
   <trkpt lat="-8.07677" lon="-34.90915">
    <ele>9.3</ele>
    <time>2020-02-12T23:32:57.000Z</time>
   </trkpt>
   <trkpt lat="-8.076806" lon="-34.909147">
    <ele>9.1</ele>
    <time>2020-02-12T23:32:59.000Z</time>
   </trkpt>
   <trkpt lat="-8.076842" lon="-34.909147">
    <ele>8.9</ele>
    <time>2020-02-12T23:33:00.000Z</time>
   </trkpt>
   <trkpt lat="-8.076886" lon="-34.90916">
    <ele>8.7</ele>
    <time>2020-02-12T23:33:01.000Z</time>
   </trkpt>
   <trkpt lat="-8.07693" lon="-34.909165">
    <ele>8.4</ele>
    <time>2020-02-12T23:33:02.000Z</time>
   </trkpt>
   <trkpt lat="-8.076968" lon="-34.909161">
    <ele>8.2</ele>
    <time>2020-02-12T23:33:03.000Z</time>
   </trkpt>
   <trkpt lat="-8.077008" lon="-34.909175">
    <ele>8</ele>
    <time>2020-02-12T23:33:04.000Z</time>
   </trkpt>
   <trkpt lat="-8.077039" lon="-34.909188">
    <ele>7.8</ele>
    <time>2020-02-12T23:33:05.000Z</time>
   </trkpt>
   <trkpt lat="-8.077067" lon="-34.909194">
    <ele>7.7</ele>
    <time>2020-02-12T23:33:06.000Z</time>
   </trkpt>
   <trkpt lat="-8.077094" lon="-34.909199">
    <ele>7.6</ele>
    <time>2020-02-12T23:33:07.000Z</time>
   </trkpt>
   <trkpt lat="-8.077128" lon="-34.909213">
    <ele>7.4</ele>
    <time>2020-02-12T23:33:09.000Z</time>
   </trkpt>
   <trkpt lat="-8.077174" lon="-34.90923">
    <ele>7.2</ele>
    <time>2020-02-12T23:33:11.000Z</time>
   </trkpt>
   <trkpt lat="-8.077214" lon="-34.909235">
    <ele>7</ele>
    <time>2020-02-12T23:33:12.000Z</time>
   </trkpt>
   <trkpt lat="-8.077261" lon="-34.909254">
    <ele>6.8</ele>
    <time>2020-02-12T23:33:13.000Z</time>
   </trkpt>
   <trkpt lat="-8.077307" lon="-34.909265">
    <ele>6.7</ele>
    <time>2020-02-12T23:33:14.000Z</time>
   </trkpt>
   <trkpt lat="-8.077349" lon="-34.909272">
    <ele>6.6</ele>
    <time>2020-02-12T23:33:15.000Z</time>
   </trkpt>
   <trkpt lat="-8.077402" lon="-34.90928">
    <ele>6.5</ele>
    <time>2020-02-12T23:33:16.000Z</time>
   </trkpt>
   <trkpt lat="-8.077454" lon="-34.90929">
    <ele>6.4</ele>
    <time>2020-02-12T23:33:17.000Z</time>
   </trkpt>
   <trkpt lat="-8.077504" lon="-34.909303">
    <ele>6.4</ele>
    <time>2020-02-12T23:33:18.000Z</time>
   </trkpt>
   <trkpt lat="-8.077541" lon="-34.909314">
    <ele>6.4</ele>
    <time>2020-02-12T23:33:19.000Z</time>
   </trkpt>
   <trkpt lat="-8.077578" lon="-34.909322">
    <ele>6.4</ele>
    <time>2020-02-12T23:33:20.000Z</time>
   </trkpt>
   <trkpt lat="-8.077618" lon="-34.909328">
    <ele>6.4</ele>
    <time>2020-02-12T23:33:21.000Z</time>
   </trkpt>
   <trkpt lat="-8.077656" lon="-34.909355">
    <ele>6.5</ele>
    <time>2020-02-12T23:33:22.000Z</time>
   </trkpt>
   <trkpt lat="-8.077692" lon="-34.909366">
    <ele>6.5</ele>
    <time>2020-02-12T23:33:23.000Z</time>
   </trkpt>
   <trkpt lat="-8.077739" lon="-34.909368">
    <ele>6.6</ele>
    <time>2020-02-12T23:33:24.000Z</time>
   </trkpt>
   <trkpt lat="-8.077774" lon="-34.909366">
    <ele>6.7</ele>
    <time>2020-02-12T23:33:25.000Z</time>
   </trkpt>
   <trkpt lat="-8.077801" lon="-34.909366">
    <ele>6.7</ele>
    <time>2020-02-12T23:33:26.000Z</time>
   </trkpt>
   <trkpt lat="-8.077849" lon="-34.909375">
    <ele>6.8</ele>
    <time>2020-02-12T23:33:28.000Z</time>
   </trkpt>
   <trkpt lat="-8.077894" lon="-34.909385">
    <ele>6.9</ele>
    <time>2020-02-12T23:33:30.000Z</time>
   </trkpt>
   <trkpt lat="-8.077923" lon="-34.90939">
    <ele>6.9</ele>
    <time>2020-02-12T23:33:31.000Z</time>
   </trkpt>
   <trkpt lat="-8.077963" lon="-34.909395">
    <ele>6.9</ele>
    <time>2020-02-12T23:33:33.000Z</time>
   </trkpt>
   <trkpt lat="-8.078006" lon="-34.909409">
    <ele>6.9</ele>
    <time>2020-02-12T23:33:36.000Z</time>
   </trkpt>
   <trkpt lat="-8.078053" lon="-34.909414">
    <ele>6.9</ele>
    <time>2020-02-12T23:33:38.000Z</time>
   </trkpt>
   <trkpt lat="-8.078113" lon="-34.909418">
    <ele>6.9</ele>
    <time>2020-02-12T23:33:40.000Z</time>
   </trkpt>
   <trkpt lat="-8.07815" lon="-34.909418">
    <ele>6.9</ele>
    <time>2020-02-12T23:33:41.000Z</time>
   </trkpt>
   <trkpt lat="-8.078185" lon="-34.909417">
    <ele>6.9</ele>
    <time>2020-02-12T23:33:42.000Z</time>
   </trkpt>
   <trkpt lat="-8.078216" lon="-34.909423">
    <ele>6.9</ele>
    <time>2020-02-12T23:33:43.000Z</time>
   </trkpt>
   <trkpt lat="-8.078278" lon="-34.909423">
    <ele>6.6</ele>
    <time>2020-02-12T23:33:45.000Z</time>
   </trkpt>
   <trkpt lat="-8.078324" lon="-34.90943">
    <ele>6.3</ele>
    <time>2020-02-12T23:33:47.000Z</time>
   </trkpt>
   <trkpt lat="-8.078356" lon="-34.909424">
    <ele>6</ele>
    <time>2020-02-12T23:33:48.000Z</time>
   </trkpt>
   <trkpt lat="-8.078389" lon="-34.909424">
    <ele>6</ele>
    <time>2020-02-12T23:33:49.000Z</time>
   </trkpt>
   <trkpt lat="-8.07843" lon="-34.909437">
    <ele>6</ele>
    <time>2020-02-12T23:33:50.000Z</time>
   </trkpt>
   <trkpt lat="-8.078494" lon="-34.909451">
    <ele>6</ele>
    <time>2020-02-12T23:33:51.000Z</time>
   </trkpt>
   <trkpt lat="-8.078553" lon="-34.909464">
    <ele>6.3</ele>
    <time>2020-02-12T23:33:52.000Z</time>
   </trkpt>
   <trkpt lat="-8.078609" lon="-34.909476">
    <ele>6.6</ele>
    <time>2020-02-12T23:33:53.000Z</time>
   </trkpt>
   <trkpt lat="-8.078661" lon="-34.90948">
    <ele>6.9</ele>
    <time>2020-02-12T23:33:54.000Z</time>
   </trkpt>
   <trkpt lat="-8.078712" lon="-34.909484">
    <ele>7.1</ele>
    <time>2020-02-12T23:33:55.000Z</time>
   </trkpt>
   <trkpt lat="-8.078752" lon="-34.909479">
    <ele>7.3</ele>
    <time>2020-02-12T23:33:56.000Z</time>
   </trkpt>
   <trkpt lat="-8.078794" lon="-34.909481">
    <ele>7.4</ele>
    <time>2020-02-12T23:33:57.000Z</time>
   </trkpt>
   <trkpt lat="-8.078838" lon="-34.909497">
    <ele>7.6</ele>
    <time>2020-02-12T23:33:58.000Z</time>
   </trkpt>
   <trkpt lat="-8.078883" lon="-34.909496">
    <ele>7.8</ele>
    <time>2020-02-12T23:33:59.000Z</time>
   </trkpt>
   <trkpt lat="-8.078925" lon="-34.909495">
    <ele>7.9</ele>
    <time>2020-02-12T23:34:00.000Z</time>
   </trkpt>
   <trkpt lat="-8.078985" lon="-34.909493">
    <ele>8.2</ele>
    <time>2020-02-12T23:34:01.000Z</time>
   </trkpt>
   <trkpt lat="-8.07904" lon="-34.909497">
    <ele>8.4</ele>
    <time>2020-02-12T23:34:02.000Z</time>
   </trkpt>
   <trkpt lat="-8.079088" lon="-34.9095">
    <ele>8.7</ele>
    <time>2020-02-12T23:34:03.000Z</time>
   </trkpt>
   <trkpt lat="-8.079135" lon="-34.909503">
    <ele>8.9</ele>
    <time>2020-02-12T23:34:04.000Z</time>
   </trkpt>
   <trkpt lat="-8.079174" lon="-34.909504">
    <ele>8.9</ele>
    <time>2020-02-12T23:34:05.000Z</time>
   </trkpt>
   <trkpt lat="-8.079205" lon="-34.909496">
    <ele>8.9</ele>
    <time>2020-02-12T23:34:06.000Z</time>
   </trkpt>
   <trkpt lat="-8.079245" lon="-34.909495">
    <ele>8.9</ele>
    <time>2020-02-12T23:34:07.000Z</time>
   </trkpt>
   <trkpt lat="-8.079287" lon="-34.909487">
    <ele>8.9</ele>
    <time>2020-02-12T23:34:08.000Z</time>
   </trkpt>
   <trkpt lat="-8.079314" lon="-34.909486">
    <ele>8.8</ele>
    <time>2020-02-12T23:34:09.000Z</time>
   </trkpt>
   <trkpt lat="-8.079351" lon="-34.909489">
    <ele>8.8</ele>
    <time>2020-02-12T23:34:10.000Z</time>
   </trkpt>
   <trkpt lat="-8.079391" lon="-34.909493">
    <ele>8.8</ele>
    <time>2020-02-12T23:34:11.000Z</time>
   </trkpt>
   <trkpt lat="-8.079429" lon="-34.909498">
    <ele>8.8</ele>
    <time>2020-02-12T23:34:12.000Z</time>
   </trkpt>
   <trkpt lat="-8.079466" lon="-34.909493">
    <ele>8.7</ele>
    <time>2020-02-12T23:34:13.000Z</time>
   </trkpt>
   <trkpt lat="-8.079495" lon="-34.909494">
    <ele>8.7</ele>
    <time>2020-02-12T23:34:14.000Z</time>
   </trkpt>
   <trkpt lat="-8.079546" lon="-34.909487">
    <ele>8.7</ele>
    <time>2020-02-12T23:34:16.000Z</time>
   </trkpt>
   <trkpt lat="-8.079578" lon="-34.909494">
    <ele>8.7</ele>
    <time>2020-02-12T23:34:17.000Z</time>
   </trkpt>
   <trkpt lat="-8.079612" lon="-34.909496">
    <ele>8.7</ele>
    <time>2020-02-12T23:34:18.000Z</time>
   </trkpt>
   <trkpt lat="-8.07965" lon="-34.909496">
    <ele>8.6</ele>
    <time>2020-02-12T23:34:19.000Z</time>
   </trkpt>
   <trkpt lat="-8.079684" lon="-34.909494">
    <ele>8.6</ele>
    <time>2020-02-12T23:34:20.000Z</time>
   </trkpt>
   <trkpt lat="-8.079724" lon="-34.909512">
    <ele>8.6</ele>
    <time>2020-02-12T23:34:21.000Z</time>
   </trkpt>
   <trkpt lat="-8.079763" lon="-34.909518">
    <ele>8.6</ele>
    <time>2020-02-12T23:34:22.000Z</time>
   </trkpt>
   <trkpt lat="-8.079798" lon="-34.909526">
    <ele>8.6</ele>
    <time>2020-02-12T23:34:23.000Z</time>
   </trkpt>
   <trkpt lat="-8.079826" lon="-34.909537">
    <ele>8.5</ele>
    <time>2020-02-12T23:34:24.000Z</time>
   </trkpt>
   <trkpt lat="-8.079858" lon="-34.909536">
    <ele>8.5</ele>
    <time>2020-02-12T23:34:25.000Z</time>
   </trkpt>
   <trkpt lat="-8.079908" lon="-34.909533">
    <ele>8.5</ele>
    <time>2020-02-12T23:34:26.000Z</time>
   </trkpt>
   <trkpt lat="-8.079947" lon="-34.909535">
    <ele>8.4</ele>
    <time>2020-02-12T23:34:27.000Z</time>
   </trkpt>
   <trkpt lat="-8.079988" lon="-34.909537">
    <ele>8.3</ele>
    <time>2020-02-12T23:34:28.000Z</time>
   </trkpt>
   <trkpt lat="-8.080024" lon="-34.909539">
    <ele>8.3</ele>
    <time>2020-02-12T23:34:29.000Z</time>
   </trkpt>
   <trkpt lat="-8.080063" lon="-34.90954">
    <ele>8.1</ele>
    <time>2020-02-12T23:34:30.000Z</time>
   </trkpt>
   <trkpt lat="-8.080109" lon="-34.909536">
    <ele>7.9</ele>
    <time>2020-02-12T23:34:31.000Z</time>
   </trkpt>
   <trkpt lat="-8.08015" lon="-34.909534">
    <ele>7.6</ele>
    <time>2020-02-12T23:34:32.000Z</time>
   </trkpt>
   <trkpt lat="-8.080195" lon="-34.909531">
    <ele>7.1</ele>
    <time>2020-02-12T23:34:33.000Z</time>
   </trkpt>
   <trkpt lat="-8.08023" lon="-34.90953">
    <ele>6.7</ele>
    <time>2020-02-12T23:34:34.000Z</time>
   </trkpt>
   <trkpt lat="-8.080261" lon="-34.909533">
    <ele>6.4</ele>
    <time>2020-02-12T23:34:35.000Z</time>
   </trkpt>
   <trkpt lat="-8.08029" lon="-34.909528">
    <ele>5.8</ele>
    <time>2020-02-12T23:34:36.000Z</time>
   </trkpt>
   <trkpt lat="-8.080326" lon="-34.909518">
    <ele>5.8</ele>
    <time>2020-02-12T23:34:37.000Z</time>
   </trkpt>
   <trkpt lat="-8.08036" lon="-34.909502">
    <ele>5.7</ele>
    <time>2020-02-12T23:34:38.000Z</time>
   </trkpt>
   <trkpt lat="-8.080402" lon="-34.909494">
    <ele>5.6</ele>
    <time>2020-02-12T23:34:39.000Z</time>
   </trkpt>
   <trkpt lat="-8.080457" lon="-34.909494">
    <ele>5.5</ele>
    <time>2020-02-12T23:34:40.000Z</time>
   </trkpt>
   <trkpt lat="-8.080507" lon="-34.909479">
    <ele>5.4</ele>
    <time>2020-02-12T23:34:41.000Z</time>
   </trkpt>
   <trkpt lat="-8.080557" lon="-34.909462">
    <ele>5.3</ele>
    <time>2020-02-12T23:34:42.000Z</time>
   </trkpt>
   <trkpt lat="-8.080606" lon="-34.909443">
    <ele>5.2</ele>
    <time>2020-02-12T23:34:43.000Z</time>
   </trkpt>
   <trkpt lat="-8.08066" lon="-34.909425">
    <ele>5.1</ele>
    <time>2020-02-12T23:34:44.000Z</time>
   </trkpt>
   <trkpt lat="-8.080707" lon="-34.909403">
    <ele>5.1</ele>
    <time>2020-02-12T23:34:45.000Z</time>
   </trkpt>
   <trkpt lat="-8.080764" lon="-34.909385">
    <ele>5</ele>
    <time>2020-02-12T23:34:46.000Z</time>
   </trkpt>
   <trkpt lat="-8.080818" lon="-34.909367">
    <ele>4.9</ele>
    <time>2020-02-12T23:34:47.000Z</time>
   </trkpt>
   <trkpt lat="-8.080873" lon="-34.909348">
    <ele>4.9</ele>
    <time>2020-02-12T23:34:48.000Z</time>
   </trkpt>
   <trkpt lat="-8.080924" lon="-34.909334">
    <ele>4.8</ele>
    <time>2020-02-12T23:34:49.000Z</time>
   </trkpt>
   <trkpt lat="-8.080972" lon="-34.909338">
    <ele>4.8</ele>
    <time>2020-02-12T23:34:50.000Z</time>
   </trkpt>
   <trkpt lat="-8.081024" lon="-34.909318">
    <ele>4.7</ele>
    <time>2020-02-12T23:34:51.000Z</time>
   </trkpt>
   <trkpt lat="-8.081072" lon="-34.909305">
    <ele>4.7</ele>
    <time>2020-02-12T23:34:52.000Z</time>
   </trkpt>
   <trkpt lat="-8.081114" lon="-34.909287">
    <ele>4.7</ele>
    <time>2020-02-12T23:34:53.000Z</time>
   </trkpt>
   <trkpt lat="-8.081159" lon="-34.909268">
    <ele>4.6</ele>
    <time>2020-02-12T23:34:54.000Z</time>
   </trkpt>
   <trkpt lat="-8.081203" lon="-34.909249">
    <ele>4.5</ele>
    <time>2020-02-12T23:34:55.000Z</time>
   </trkpt>
   <trkpt lat="-8.08125" lon="-34.909231">
    <ele>4.4</ele>
    <time>2020-02-12T23:34:56.000Z</time>
   </trkpt>
   <trkpt lat="-8.081296" lon="-34.909209">
    <ele>4.6</ele>
    <time>2020-02-12T23:34:57.000Z</time>
   </trkpt>
   <trkpt lat="-8.081347" lon="-34.909188">
    <ele>4.7</ele>
    <time>2020-02-12T23:34:58.000Z</time>
   </trkpt>
   <trkpt lat="-8.081399" lon="-34.909175">
    <ele>4.8</ele>
    <time>2020-02-12T23:34:59.000Z</time>
   </trkpt>
   <trkpt lat="-8.081447" lon="-34.909156">
    <ele>4.8</ele>
    <time>2020-02-12T23:35:00.000Z</time>
   </trkpt>
   <trkpt lat="-8.081488" lon="-34.909142">
    <ele>4.9</ele>
    <time>2020-02-12T23:35:01.000Z</time>
   </trkpt>
   <trkpt lat="-8.081528" lon="-34.909136">
    <ele>4.9</ele>
    <time>2020-02-12T23:35:02.000Z</time>
   </trkpt>
   <trkpt lat="-8.081567" lon="-34.909117">
    <ele>5</ele>
    <time>2020-02-12T23:35:03.000Z</time>
   </trkpt>
   <trkpt lat="-8.081605" lon="-34.909099">
    <ele>5.1</ele>
    <time>2020-02-12T23:35:04.000Z</time>
   </trkpt>
   <trkpt lat="-8.081644" lon="-34.909085">
    <ele>5.1</ele>
    <time>2020-02-12T23:35:05.000Z</time>
   </trkpt>
   <trkpt lat="-8.081689" lon="-34.909073">
    <ele>5.2</ele>
    <time>2020-02-12T23:35:06.000Z</time>
   </trkpt>
   <trkpt lat="-8.081731" lon="-34.909057">
    <ele>5.2</ele>
    <time>2020-02-12T23:35:07.000Z</time>
   </trkpt>
   <trkpt lat="-8.081777" lon="-34.909047">
    <ele>5.3</ele>
    <time>2020-02-12T23:35:08.000Z</time>
   </trkpt>
   <trkpt lat="-8.081819" lon="-34.909033">
    <ele>5.7</ele>
    <time>2020-02-12T23:35:09.000Z</time>
   </trkpt>
   <trkpt lat="-8.081877" lon="-34.909017">
    <ele>5.5</ele>
    <time>2020-02-12T23:35:10.000Z</time>
   </trkpt>
   <trkpt lat="-8.08191" lon="-34.909005">
    <ele>5.3</ele>
    <time>2020-02-12T23:35:11.000Z</time>
   </trkpt>
   <trkpt lat="-8.081952" lon="-34.908999">
    <ele>5.2</ele>
    <time>2020-02-12T23:35:12.000Z</time>
   </trkpt>
   <trkpt lat="-8.081989" lon="-34.908985">
    <ele>5</ele>
    <time>2020-02-12T23:35:13.000Z</time>
   </trkpt>
   <trkpt lat="-8.082027" lon="-34.908968">
    <ele>4.9</ele>
    <time>2020-02-12T23:35:14.000Z</time>
   </trkpt>
   <trkpt lat="-8.082061" lon="-34.908959">
    <ele>4.8</ele>
    <time>2020-02-12T23:35:15.000Z</time>
   </trkpt>
   <trkpt lat="-8.082094" lon="-34.908951">
    <ele>4.7</ele>
    <time>2020-02-12T23:35:16.000Z</time>
   </trkpt>
   <trkpt lat="-8.082133" lon="-34.908949">
    <ele>4.6</ele>
    <time>2020-02-12T23:35:17.000Z</time>
   </trkpt>
   <trkpt lat="-8.082168" lon="-34.908944">
    <ele>4.5</ele>
    <time>2020-02-12T23:35:18.000Z</time>
   </trkpt>
   <trkpt lat="-8.082219" lon="-34.908933">
    <ele>4.4</ele>
    <time>2020-02-12T23:35:19.000Z</time>
   </trkpt>
   <trkpt lat="-8.082254" lon="-34.908924">
    <ele>4.3</ele>
    <time>2020-02-12T23:35:20.000Z</time>
   </trkpt>
   <trkpt lat="-8.082293" lon="-34.908907">
    <ele>4.2</ele>
    <time>2020-02-12T23:35:21.000Z</time>
   </trkpt>
   <trkpt lat="-8.082341" lon="-34.908896">
    <ele>4.1</ele>
    <time>2020-02-12T23:35:22.000Z</time>
   </trkpt>
   <trkpt lat="-8.082388" lon="-34.908885">
    <ele>4.1</ele>
    <time>2020-02-12T23:35:23.000Z</time>
   </trkpt>
   <trkpt lat="-8.082432" lon="-34.908876">
    <ele>4</ele>
    <time>2020-02-12T23:35:24.000Z</time>
   </trkpt>
   <trkpt lat="-8.082471" lon="-34.908873">
    <ele>4</ele>
    <time>2020-02-12T23:35:25.000Z</time>
   </trkpt>
   <trkpt lat="-8.082506" lon="-34.908872">
    <ele>4</ele>
    <time>2020-02-12T23:35:26.000Z</time>
   </trkpt>
   <trkpt lat="-8.082548" lon="-34.908865">
    <ele>4</ele>
    <time>2020-02-12T23:35:27.000Z</time>
   </trkpt>
   <trkpt lat="-8.082596" lon="-34.90887">
    <ele>4</ele>
    <time>2020-02-12T23:35:28.000Z</time>
   </trkpt>
   <trkpt lat="-8.082645" lon="-34.908887">
    <ele>4</ele>
    <time>2020-02-12T23:35:29.000Z</time>
   </trkpt>
   <trkpt lat="-8.082684" lon="-34.908897">
    <ele>4</ele>
    <time>2020-02-12T23:35:30.000Z</time>
   </trkpt>
   <trkpt lat="-8.082711" lon="-34.9089">
    <ele>4.2</ele>
    <time>2020-02-12T23:35:31.000Z</time>
   </trkpt>
   <trkpt lat="-8.082739" lon="-34.908903">
    <ele>4.3</ele>
    <time>2020-02-12T23:35:32.000Z</time>
   </trkpt>
   <trkpt lat="-8.082768" lon="-34.908901">
    <ele>4.3</ele>
    <time>2020-02-12T23:35:33.000Z</time>
   </trkpt>
   <trkpt lat="-8.082796" lon="-34.908907">
    <ele>4.4</ele>
    <time>2020-02-12T23:35:34.000Z</time>
   </trkpt>
   <trkpt lat="-8.082827" lon="-34.908917">
    <ele>4.5</ele>
    <time>2020-02-12T23:35:35.000Z</time>
   </trkpt>
   <trkpt lat="-8.082854" lon="-34.908929">
    <ele>4.6</ele>
    <time>2020-02-12T23:35:36.000Z</time>
   </trkpt>
   <trkpt lat="-8.082897" lon="-34.908941">
    <ele>4.7</ele>
    <time>2020-02-12T23:35:37.000Z</time>
   </trkpt>
   <trkpt lat="-8.082936" lon="-34.90895">
    <ele>4.8</ele>
    <time>2020-02-12T23:35:38.000Z</time>
   </trkpt>
   <trkpt lat="-8.082977" lon="-34.90897">
    <ele>4.8</ele>
    <time>2020-02-12T23:35:39.000Z</time>
   </trkpt>
   <trkpt lat="-8.083013" lon="-34.908975">
    <ele>4.8</ele>
    <time>2020-02-12T23:35:40.000Z</time>
   </trkpt>
   <trkpt lat="-8.083046" lon="-34.908982">
    <ele>4.9</ele>
    <time>2020-02-12T23:35:41.000Z</time>
   </trkpt>
   <trkpt lat="-8.083074" lon="-34.90899">
    <ele>4.9</ele>
    <time>2020-02-12T23:35:42.000Z</time>
   </trkpt>
   <trkpt lat="-8.083106" lon="-34.908992">
    <ele>4.9</ele>
    <time>2020-02-12T23:35:43.000Z</time>
   </trkpt>
   <trkpt lat="-8.083138" lon="-34.909002">
    <ele>5</ele>
    <time>2020-02-12T23:35:44.000Z</time>
   </trkpt>
   <trkpt lat="-8.083173" lon="-34.909018">
    <ele>5</ele>
    <time>2020-02-12T23:35:45.000Z</time>
   </trkpt>
   <trkpt lat="-8.083209" lon="-34.909029">
    <ele>5.1</ele>
    <time>2020-02-12T23:35:46.000Z</time>
   </trkpt>
   <trkpt lat="-8.083247" lon="-34.909032">
    <ele>5</ele>
    <time>2020-02-12T23:35:47.000Z</time>
   </trkpt>
   <trkpt lat="-8.083283" lon="-34.909038">
    <ele>5</ele>
    <time>2020-02-12T23:35:48.000Z</time>
   </trkpt>
   <trkpt lat="-8.083324" lon="-34.909048">
    <ele>4.9</ele>
    <time>2020-02-12T23:35:49.000Z</time>
   </trkpt>
   <trkpt lat="-8.083359" lon="-34.909054">
    <ele>4.8</ele>
    <time>2020-02-12T23:35:50.000Z</time>
   </trkpt>
   <trkpt lat="-8.083395" lon="-34.909067">
    <ele>4.8</ele>
    <time>2020-02-12T23:35:51.000Z</time>
   </trkpt>
   <trkpt lat="-8.08344" lon="-34.909079">
    <ele>4.7</ele>
    <time>2020-02-12T23:35:52.000Z</time>
   </trkpt>
   <trkpt lat="-8.083493" lon="-34.909087">
    <ele>4.6</ele>
    <time>2020-02-12T23:35:53.000Z</time>
   </trkpt>
   <trkpt lat="-8.083545" lon="-34.909096">
    <ele>4.4</ele>
    <time>2020-02-12T23:35:54.000Z</time>
   </trkpt>
   <trkpt lat="-8.083594" lon="-34.909105">
    <ele>4.2</ele>
    <time>2020-02-12T23:35:55.000Z</time>
   </trkpt>
   <trkpt lat="-8.08364" lon="-34.909116">
    <ele>4</ele>
    <time>2020-02-12T23:35:56.000Z</time>
   </trkpt>
   <trkpt lat="-8.083689" lon="-34.909122">
    <ele>3.8</ele>
    <time>2020-02-12T23:35:57.000Z</time>
   </trkpt>
   <trkpt lat="-8.083736" lon="-34.909129">
    <ele>3.5</ele>
    <time>2020-02-12T23:35:58.000Z</time>
   </trkpt>
   <trkpt lat="-8.083785" lon="-34.909142">
    <ele>3.3</ele>
    <time>2020-02-12T23:35:59.000Z</time>
   </trkpt>
   <trkpt lat="-8.083835" lon="-34.90915">
    <ele>3</ele>
    <time>2020-02-12T23:36:00.000Z</time>
   </trkpt>
   <trkpt lat="-8.083893" lon="-34.909158">
    <ele>3.1</ele>
    <time>2020-02-12T23:36:01.000Z</time>
   </trkpt>
   <trkpt lat="-8.083951" lon="-34.909167">
    <ele>3.4</ele>
    <time>2020-02-12T23:36:02.000Z</time>
   </trkpt>
   <trkpt lat="-8.084014" lon="-34.909187">
    <ele>3.9</ele>
    <time>2020-02-12T23:36:03.000Z</time>
   </trkpt>
   <trkpt lat="-8.084076" lon="-34.90919">
    <ele>4.3</ele>
    <time>2020-02-12T23:36:04.000Z</time>
   </trkpt>
   <trkpt lat="-8.084151" lon="-34.909203">
    <ele>5</ele>
    <time>2020-02-12T23:36:05.000Z</time>
   </trkpt>
   <trkpt lat="-8.084221" lon="-34.909217">
    <ele>5.4</ele>
    <time>2020-02-12T23:36:06.000Z</time>
   </trkpt>
   <trkpt lat="-8.084292" lon="-34.909231">
    <ele>5.8</ele>
    <time>2020-02-12T23:36:07.000Z</time>
   </trkpt>
   <trkpt lat="-8.084364" lon="-34.909246">
    <ele>6.5</ele>
    <time>2020-02-12T23:36:08.000Z</time>
   </trkpt>
   <trkpt lat="-8.084431" lon="-34.909246">
    <ele>6.7</ele>
    <time>2020-02-12T23:36:09.000Z</time>
   </trkpt>
   <trkpt lat="-8.084499" lon="-34.909261">
    <ele>6.9</ele>
    <time>2020-02-12T23:36:10.000Z</time>
   </trkpt>
   <trkpt lat="-8.084565" lon="-34.909279">
    <ele>7.1</ele>
    <time>2020-02-12T23:36:11.000Z</time>
   </trkpt>
   <trkpt lat="-8.084619" lon="-34.909288">
    <ele>7.3</ele>
    <time>2020-02-12T23:36:12.000Z</time>
   </trkpt>
   <trkpt lat="-8.084674" lon="-34.909302">
    <ele>7.5</ele>
    <time>2020-02-12T23:36:13.000Z</time>
   </trkpt>
   <trkpt lat="-8.084713" lon="-34.909314">
    <ele>7.6</ele>
    <time>2020-02-12T23:36:14.000Z</time>
   </trkpt>
   <trkpt lat="-8.084756" lon="-34.909325">
    <ele>7.7</ele>
    <time>2020-02-12T23:36:15.000Z</time>
   </trkpt>
   <trkpt lat="-8.084796" lon="-34.909337">
    <ele>7.8</ele>
    <time>2020-02-12T23:36:16.000Z</time>
   </trkpt>
   <trkpt lat="-8.084853" lon="-34.909347">
    <ele>7.9</ele>
    <time>2020-02-12T23:36:17.000Z</time>
   </trkpt>
   <trkpt lat="-8.084886" lon="-34.909354">
    <ele>8</ele>
    <time>2020-02-12T23:36:18.000Z</time>
   </trkpt>
   <trkpt lat="-8.084917" lon="-34.909365">
    <ele>8.1</ele>
    <time>2020-02-12T23:36:19.000Z</time>
   </trkpt>
   <trkpt lat="-8.084961" lon="-34.909382">
    <ele>8.2</ele>
    <time>2020-02-12T23:36:20.000Z</time>
   </trkpt>
   <trkpt lat="-8.085007" lon="-34.909399">
    <ele>8.3</ele>
    <time>2020-02-12T23:36:21.000Z</time>
   </trkpt>
   <trkpt lat="-8.085046" lon="-34.909411">
    <ele>8.4</ele>
    <time>2020-02-12T23:36:22.000Z</time>
   </trkpt>
   <trkpt lat="-8.085077" lon="-34.909419">
    <ele>8.4</ele>
    <time>2020-02-12T23:36:23.000Z</time>
   </trkpt>
   <trkpt lat="-8.085108" lon="-34.909428">
    <ele>8.5</ele>
    <time>2020-02-12T23:36:24.000Z</time>
   </trkpt>
   <trkpt lat="-8.085148" lon="-34.909442">
    <ele>8.6</ele>
    <time>2020-02-12T23:36:25.000Z</time>
   </trkpt>
   <trkpt lat="-8.085182" lon="-34.909448">
    <ele>8.7</ele>
    <time>2020-02-12T23:36:26.000Z</time>
   </trkpt>
   <trkpt lat="-8.085213" lon="-34.909458">
    <ele>8.8</ele>
    <time>2020-02-12T23:36:27.000Z</time>
   </trkpt>
   <trkpt lat="-8.085254" lon="-34.909463">
    <ele>8.9</ele>
    <time>2020-02-12T23:36:28.000Z</time>
   </trkpt>
   <trkpt lat="-8.085296" lon="-34.909466">
    <ele>8.9</ele>
    <time>2020-02-12T23:36:29.000Z</time>
   </trkpt>
   <trkpt lat="-8.08534" lon="-34.909479">
    <ele>8.9</ele>
    <time>2020-02-12T23:36:30.000Z</time>
   </trkpt>
   <trkpt lat="-8.085377" lon="-34.909486">
    <ele>8.9</ele>
    <time>2020-02-12T23:36:31.000Z</time>
   </trkpt>
   <trkpt lat="-8.085408" lon="-34.909494">
    <ele>8.9</ele>
    <time>2020-02-12T23:36:32.000Z</time>
   </trkpt>
   <trkpt lat="-8.085453" lon="-34.909502">
    <ele>8.9</ele>
    <time>2020-02-12T23:36:33.000Z</time>
   </trkpt>
   <trkpt lat="-8.085491" lon="-34.90951">
    <ele>8.9</ele>
    <time>2020-02-12T23:36:34.000Z</time>
   </trkpt>
   <trkpt lat="-8.08553" lon="-34.909519">
    <ele>8.9</ele>
    <time>2020-02-12T23:36:35.000Z</time>
   </trkpt>
   <trkpt lat="-8.085567" lon="-34.909536">
    <ele>9</ele>
    <time>2020-02-12T23:36:36.000Z</time>
   </trkpt>
   <trkpt lat="-8.085606" lon="-34.909549">
    <ele>9</ele>
    <time>2020-02-12T23:36:37.000Z</time>
   </trkpt>
   <trkpt lat="-8.085662" lon="-34.909566">
    <ele>9.2</ele>
    <time>2020-02-12T23:36:38.000Z</time>
   </trkpt>
   <trkpt lat="-8.085703" lon="-34.909576">
    <ele>9.3</ele>
    <time>2020-02-12T23:36:39.000Z</time>
   </trkpt>
   <trkpt lat="-8.085751" lon="-34.909591">
    <ele>9.4</ele>
    <time>2020-02-12T23:36:40.000Z</time>
   </trkpt>
   <trkpt lat="-8.085786" lon="-34.909599">
    <ele>9.6</ele>
    <time>2020-02-12T23:36:41.000Z</time>
   </trkpt>
   <trkpt lat="-8.085826" lon="-34.909602">
    <ele>9.5</ele>
    <time>2020-02-12T23:36:42.000Z</time>
   </trkpt>
   <trkpt lat="-8.085859" lon="-34.909604">
    <ele>9.4</ele>
    <time>2020-02-12T23:36:43.000Z</time>
   </trkpt>
   <trkpt lat="-8.085898" lon="-34.909607">
    <ele>9.2</ele>
    <time>2020-02-12T23:36:44.000Z</time>
   </trkpt>
   <trkpt lat="-8.085937" lon="-34.909615">
    <ele>9</ele>
    <time>2020-02-12T23:36:45.000Z</time>
   </trkpt>
   <trkpt lat="-8.085982" lon="-34.909622">
    <ele>8.7</ele>
    <time>2020-02-12T23:36:46.000Z</time>
   </trkpt>
   <trkpt lat="-8.086021" lon="-34.909628">
    <ele>8.5</ele>
    <time>2020-02-12T23:36:47.000Z</time>
   </trkpt>
   <trkpt lat="-8.086075" lon="-34.909631">
    <ele>8.2</ele>
    <time>2020-02-12T23:36:48.000Z</time>
   </trkpt>
   <trkpt lat="-8.086117" lon="-34.909641">
    <ele>7.9</ele>
    <time>2020-02-12T23:36:49.000Z</time>
   </trkpt>
   <trkpt lat="-8.086161" lon="-34.909658">
    <ele>7.6</ele>
    <time>2020-02-12T23:36:50.000Z</time>
   </trkpt>
   <trkpt lat="-8.086197" lon="-34.909668">
    <ele>7.4</ele>
    <time>2020-02-12T23:36:51.000Z</time>
   </trkpt>
   <trkpt lat="-8.086235" lon="-34.909678">
    <ele>7.1</ele>
    <time>2020-02-12T23:36:52.000Z</time>
   </trkpt>
   <trkpt lat="-8.086294" lon="-34.909694">
    <ele>6.8</ele>
    <time>2020-02-12T23:36:53.000Z</time>
   </trkpt>
   <trkpt lat="-8.086343" lon="-34.909708">
    <ele>6.5</ele>
    <time>2020-02-12T23:36:54.000Z</time>
   </trkpt>
   <trkpt lat="-8.086386" lon="-34.90972">
    <ele>6.2</ele>
    <time>2020-02-12T23:36:55.000Z</time>
   </trkpt>
   <trkpt lat="-8.086417" lon="-34.909729">
    <ele>6</ele>
    <time>2020-02-12T23:36:56.000Z</time>
   </trkpt>
   <trkpt lat="-8.086458" lon="-34.909747">
    <ele>6</ele>
    <time>2020-02-12T23:36:57.000Z</time>
   </trkpt>
   <trkpt lat="-8.086497" lon="-34.909755">
    <ele>6</ele>
    <time>2020-02-12T23:36:58.000Z</time>
   </trkpt>
   <trkpt lat="-8.086542" lon="-34.909767">
    <ele>6</ele>
    <time>2020-02-12T23:36:59.000Z</time>
   </trkpt>
   <trkpt lat="-8.08658" lon="-34.909779">
    <ele>6</ele>
    <time>2020-02-12T23:37:00.000Z</time>
   </trkpt>
   <trkpt lat="-8.086621" lon="-34.909791">
    <ele>6</ele>
    <time>2020-02-12T23:37:01.000Z</time>
   </trkpt>
   <trkpt lat="-8.086661" lon="-34.909798">
    <ele>6</ele>
    <time>2020-02-12T23:37:02.000Z</time>
   </trkpt>
   <trkpt lat="-8.086709" lon="-34.909809">
    <ele>6</ele>
    <time>2020-02-12T23:37:03.000Z</time>
   </trkpt>
   <trkpt lat="-8.086755" lon="-34.909819">
    <ele>6</ele>
    <time>2020-02-12T23:37:04.000Z</time>
   </trkpt>
   <trkpt lat="-8.086811" lon="-34.909834">
    <ele>6</ele>
    <time>2020-02-12T23:37:05.000Z</time>
   </trkpt>
   <trkpt lat="-8.086858" lon="-34.909843">
    <ele>5.9</ele>
    <time>2020-02-12T23:37:06.000Z</time>
   </trkpt>
   <trkpt lat="-8.086901" lon="-34.909852">
    <ele>5.9</ele>
    <time>2020-02-12T23:37:07.000Z</time>
   </trkpt>
   <trkpt lat="-8.086938" lon="-34.90986">
    <ele>5.9</ele>
    <time>2020-02-12T23:37:08.000Z</time>
   </trkpt>
   <trkpt lat="-8.086977" lon="-34.90986">
    <ele>5.9</ele>
    <time>2020-02-12T23:37:09.000Z</time>
   </trkpt>
   <trkpt lat="-8.087008" lon="-34.909868">
    <ele>5.9</ele>
    <time>2020-02-12T23:37:10.000Z</time>
   </trkpt>
   <trkpt lat="-8.087053" lon="-34.909877">
    <ele>5.9</ele>
    <time>2020-02-12T23:37:11.000Z</time>
   </trkpt>
   <trkpt lat="-8.087102" lon="-34.909884">
    <ele>5.9</ele>
    <time>2020-02-12T23:37:12.000Z</time>
   </trkpt>
   <trkpt lat="-8.087151" lon="-34.909893">
    <ele>5.9</ele>
    <time>2020-02-12T23:37:13.000Z</time>
   </trkpt>
   <trkpt lat="-8.087188" lon="-34.909901">
    <ele>5.9</ele>
    <time>2020-02-12T23:37:14.000Z</time>
   </trkpt>
   <trkpt lat="-8.087223" lon="-34.909908">
    <ele>5.8</ele>
    <time>2020-02-12T23:37:15.000Z</time>
   </trkpt>
   <trkpt lat="-8.087254" lon="-34.909918">
    <ele>5.8</ele>
    <time>2020-02-12T23:37:16.000Z</time>
   </trkpt>
   <trkpt lat="-8.087286" lon="-34.909927">
    <ele>5.7</ele>
    <time>2020-02-12T23:37:17.000Z</time>
   </trkpt>
   <trkpt lat="-8.087333" lon="-34.909934">
    <ele>5.7</ele>
    <time>2020-02-12T23:37:18.000Z</time>
   </trkpt>
   <trkpt lat="-8.087381" lon="-34.909946">
    <ele>5.6</ele>
    <time>2020-02-12T23:37:19.000Z</time>
   </trkpt>
   <trkpt lat="-8.087437" lon="-34.909958">
    <ele>5.4</ele>
    <time>2020-02-12T23:37:20.000Z</time>
   </trkpt>
   <trkpt lat="-8.087491" lon="-34.909964">
    <ele>5.3</ele>
    <time>2020-02-12T23:37:21.000Z</time>
   </trkpt>
   <trkpt lat="-8.087523" lon="-34.909973">
    <ele>5.2</ele>
    <time>2020-02-12T23:37:22.000Z</time>
   </trkpt>
   <trkpt lat="-8.08758" lon="-34.909984">
    <ele>5.3</ele>
    <time>2020-02-12T23:37:23.000Z</time>
   </trkpt>
   <trkpt lat="-8.08762" lon="-34.909995">
    <ele>5.4</ele>
    <time>2020-02-12T23:37:24.000Z</time>
   </trkpt>
   <trkpt lat="-8.087675" lon="-34.910008">
    <ele>5.5</ele>
    <time>2020-02-12T23:37:25.000Z</time>
   </trkpt>
   <trkpt lat="-8.087721" lon="-34.910016">
    <ele>5.6</ele>
    <time>2020-02-12T23:37:26.000Z</time>
   </trkpt>
   <trkpt lat="-8.087767" lon="-34.910026">
    <ele>5.7</ele>
    <time>2020-02-12T23:37:27.000Z</time>
   </trkpt>
   <trkpt lat="-8.087811" lon="-34.910045">
    <ele>5.8</ele>
    <time>2020-02-12T23:37:28.000Z</time>
   </trkpt>
   <trkpt lat="-8.08786" lon="-34.910063">
    <ele>5.9</ele>
    <time>2020-02-12T23:37:29.000Z</time>
   </trkpt>
   <trkpt lat="-8.08792" lon="-34.910078">
    <ele>6</ele>
    <time>2020-02-12T23:37:30.000Z</time>
   </trkpt>
   <trkpt lat="-8.087971" lon="-34.910092">
    <ele>6.1</ele>
    <time>2020-02-12T23:37:31.000Z</time>
   </trkpt>
   <trkpt lat="-8.088015" lon="-34.910102">
    <ele>6.1</ele>
    <time>2020-02-12T23:37:32.000Z</time>
   </trkpt>
   <trkpt lat="-8.088056" lon="-34.910105">
    <ele>6.2</ele>
    <time>2020-02-12T23:37:33.000Z</time>
   </trkpt>
   <trkpt lat="-8.088095" lon="-34.910113">
    <ele>6.2</ele>
    <time>2020-02-12T23:37:34.000Z</time>
   </trkpt>
   <trkpt lat="-8.088137" lon="-34.910125">
    <ele>6.2</ele>
    <time>2020-02-12T23:37:35.000Z</time>
   </trkpt>
   <trkpt lat="-8.088191" lon="-34.910133">
    <ele>6.3</ele>
    <time>2020-02-12T23:37:36.000Z</time>
   </trkpt>
   <trkpt lat="-8.088235" lon="-34.910143">
    <ele>6.4</ele>
    <time>2020-02-12T23:37:37.000Z</time>
   </trkpt>
   <trkpt lat="-8.08828" lon="-34.910157">
    <ele>6.5</ele>
    <time>2020-02-12T23:37:38.000Z</time>
   </trkpt>
   <trkpt lat="-8.088328" lon="-34.910169">
    <ele>6.6</ele>
    <time>2020-02-12T23:37:39.000Z</time>
   </trkpt>
   <trkpt lat="-8.08838" lon="-34.910174">
    <ele>6.8</ele>
    <time>2020-02-12T23:37:40.000Z</time>
   </trkpt>
   <trkpt lat="-8.088427" lon="-34.910182">
    <ele>6.9</ele>
    <time>2020-02-12T23:37:41.000Z</time>
   </trkpt>
   <trkpt lat="-8.088476" lon="-34.910189">
    <ele>7</ele>
    <time>2020-02-12T23:37:42.000Z</time>
   </trkpt>
   <trkpt lat="-8.088534" lon="-34.910199">
    <ele>7.2</ele>
    <time>2020-02-12T23:37:43.000Z</time>
   </trkpt>
   <trkpt lat="-8.088574" lon="-34.910206">
    <ele>7.3</ele>
    <time>2020-02-12T23:37:44.000Z</time>
   </trkpt>
   <trkpt lat="-8.088609" lon="-34.910212">
    <ele>7.4</ele>
    <time>2020-02-12T23:37:45.000Z</time>
   </trkpt>
   <trkpt lat="-8.088643" lon="-34.910216">
    <ele>7.5</ele>
    <time>2020-02-12T23:37:46.000Z</time>
   </trkpt>
   <trkpt lat="-8.088683" lon="-34.910217">
    <ele>7.6</ele>
    <time>2020-02-12T23:37:47.000Z</time>
   </trkpt>
   <trkpt lat="-8.088727" lon="-34.910222">
    <ele>7.7</ele>
    <time>2020-02-12T23:37:48.000Z</time>
   </trkpt>
   <trkpt lat="-8.08877" lon="-34.910228">
    <ele>7.8</ele>
    <time>2020-02-12T23:37:49.000Z</time>
   </trkpt>
   <trkpt lat="-8.088816" lon="-34.910236">
    <ele>7.9</ele>
    <time>2020-02-12T23:37:50.000Z</time>
   </trkpt>
   <trkpt lat="-8.088862" lon="-34.910235">
    <ele>7.9</ele>
    <time>2020-02-12T23:37:51.000Z</time>
   </trkpt>
   <trkpt lat="-8.088896" lon="-34.910241">
    <ele>8</ele>
    <time>2020-02-12T23:37:52.000Z</time>
   </trkpt>
   <trkpt lat="-8.088933" lon="-34.910247">
    <ele>8</ele>
    <time>2020-02-12T23:37:53.000Z</time>
   </trkpt>
   <trkpt lat="-8.088968" lon="-34.910254">
    <ele>8</ele>
    <time>2020-02-12T23:37:54.000Z</time>
   </trkpt>
   <trkpt lat="-8.089014" lon="-34.910266">
    <ele>8.1</ele>
    <time>2020-02-12T23:37:55.000Z</time>
   </trkpt>
   <trkpt lat="-8.089056" lon="-34.910277">
    <ele>8.1</ele>
    <time>2020-02-12T23:37:56.000Z</time>
   </trkpt>
   <trkpt lat="-8.08909" lon="-34.910277">
    <ele>8.1</ele>
    <time>2020-02-12T23:37:57.000Z</time>
   </trkpt>
   <trkpt lat="-8.089144" lon="-34.910299">
    <ele>8.1</ele>
    <time>2020-02-12T23:37:58.000Z</time>
   </trkpt>
   <trkpt lat="-8.089188" lon="-34.910316">
    <ele>8.1</ele>
    <time>2020-02-12T23:37:59.000Z</time>
   </trkpt>
   <trkpt lat="-8.089222" lon="-34.910329">
    <ele>8.1</ele>
    <time>2020-02-12T23:38:00.000Z</time>
   </trkpt>
   <trkpt lat="-8.089265" lon="-34.91034">
    <ele>8.2</ele>
    <time>2020-02-12T23:38:01.000Z</time>
   </trkpt>
   <trkpt lat="-8.0893" lon="-34.910353">
    <ele>8.2</ele>
    <time>2020-02-12T23:38:02.000Z</time>
   </trkpt>
   <trkpt lat="-8.089342" lon="-34.910363">
    <ele>8.3</ele>
    <time>2020-02-12T23:38:03.000Z</time>
   </trkpt>
   <trkpt lat="-8.089389" lon="-34.910383">
    <ele>8.4</ele>
    <time>2020-02-12T23:38:04.000Z</time>
   </trkpt>
   <trkpt lat="-8.089435" lon="-34.910398">
    <ele>8.5</ele>
    <time>2020-02-12T23:38:05.000Z</time>
   </trkpt>
   <trkpt lat="-8.089477" lon="-34.910409">
    <ele>8.6</ele>
    <time>2020-02-12T23:38:06.000Z</time>
   </trkpt>
   <trkpt lat="-8.089524" lon="-34.910423">
    <ele>8.7</ele>
    <time>2020-02-12T23:38:07.000Z</time>
   </trkpt>
   <trkpt lat="-8.089581" lon="-34.910433">
    <ele>8.8</ele>
    <time>2020-02-12T23:38:08.000Z</time>
   </trkpt>
   <trkpt lat="-8.089634" lon="-34.910434">
    <ele>8.9</ele>
    <time>2020-02-12T23:38:09.000Z</time>
   </trkpt>
   <trkpt lat="-8.089686" lon="-34.910446">
    <ele>9</ele>
    <time>2020-02-12T23:38:10.000Z</time>
   </trkpt>
   <trkpt lat="-8.089729" lon="-34.910456">
    <ele>9</ele>
    <time>2020-02-12T23:38:11.000Z</time>
   </trkpt>
   <trkpt lat="-8.089769" lon="-34.910468">
    <ele>9</ele>
    <time>2020-02-12T23:38:12.000Z</time>
   </trkpt>
   <trkpt lat="-8.089822" lon="-34.910486">
    <ele>9</ele>
    <time>2020-02-12T23:38:13.000Z</time>
   </trkpt>
   <trkpt lat="-8.089851" lon="-34.910501">
    <ele>9</ele>
    <time>2020-02-12T23:38:14.000Z</time>
   </trkpt>
   <trkpt lat="-8.089888" lon="-34.910508">
    <ele>9</ele>
    <time>2020-02-12T23:38:15.000Z</time>
   </trkpt>
   <trkpt lat="-8.089932" lon="-34.910513">
    <ele>9</ele>
    <time>2020-02-12T23:38:16.000Z</time>
   </trkpt>
   <trkpt lat="-8.089975" lon="-34.910523">
    <ele>9</ele>
    <time>2020-02-12T23:38:17.000Z</time>
   </trkpt>
   <trkpt lat="-8.090006" lon="-34.910539">
    <ele>9</ele>
    <time>2020-02-12T23:38:18.000Z</time>
   </trkpt>
   <trkpt lat="-8.090057" lon="-34.910552">
    <ele>9</ele>
    <time>2020-02-12T23:38:19.000Z</time>
   </trkpt>
   <trkpt lat="-8.090108" lon="-34.910558">
    <ele>9</ele>
    <time>2020-02-12T23:38:20.000Z</time>
   </trkpt>
   <trkpt lat="-8.090159" lon="-34.91057">
    <ele>9</ele>
    <time>2020-02-12T23:38:21.000Z</time>
   </trkpt>
   <trkpt lat="-8.090218" lon="-34.910571">
    <ele>9</ele>
    <time>2020-02-12T23:38:22.000Z</time>
   </trkpt>
   <trkpt lat="-8.09025" lon="-34.910574">
    <ele>9</ele>
    <time>2020-02-12T23:38:23.000Z</time>
   </trkpt>
   <trkpt lat="-8.090301" lon="-34.910587">
    <ele>9</ele>
    <time>2020-02-12T23:38:24.000Z</time>
   </trkpt>
   <trkpt lat="-8.090344" lon="-34.9106">
    <ele>9</ele>
    <time>2020-02-12T23:38:25.000Z</time>
   </trkpt>
   <trkpt lat="-8.090383" lon="-34.910608">
    <ele>9</ele>
    <time>2020-02-12T23:38:26.000Z</time>
   </trkpt>
   <trkpt lat="-8.090429" lon="-34.910613">
    <ele>8.9</ele>
    <time>2020-02-12T23:38:27.000Z</time>
   </trkpt>
   <trkpt lat="-8.090471" lon="-34.91062">
    <ele>8.9</ele>
    <time>2020-02-12T23:38:28.000Z</time>
   </trkpt>
   <trkpt lat="-8.090505" lon="-34.910632">
    <ele>8.9</ele>
    <time>2020-02-12T23:38:29.000Z</time>
   </trkpt>
   <trkpt lat="-8.090537" lon="-34.910638">
    <ele>8.8</ele>
    <time>2020-02-12T23:38:30.000Z</time>
   </trkpt>
   <trkpt lat="-8.090575" lon="-34.91065">
    <ele>8.7</ele>
    <time>2020-02-12T23:38:31.000Z</time>
   </trkpt>
   <trkpt lat="-8.090613" lon="-34.910667">
    <ele>8.6</ele>
    <time>2020-02-12T23:38:34.000Z</time>
   </trkpt>
   <trkpt lat="-8.090656" lon="-34.910688">
    <ele>8.5</ele>
    <time>2020-02-12T23:38:36.000Z</time>
   </trkpt>
   <trkpt lat="-8.090697" lon="-34.910693">
    <ele>8.3</ele>
    <time>2020-02-12T23:38:37.000Z</time>
   </trkpt>
   <trkpt lat="-8.090735" lon="-34.910712">
    <ele>8.1</ele>
    <time>2020-02-12T23:38:39.000Z</time>
   </trkpt>
   <trkpt lat="-8.090761" lon="-34.910715">
    <ele>8</ele>
    <time>2020-02-12T23:38:41.000Z</time>
   </trkpt>
   <trkpt lat="-8.09079" lon="-34.910711">
    <ele>7.9</ele>
    <time>2020-02-12T23:38:49.000Z</time>
   </trkpt>
   <trkpt lat="-8.09083" lon="-34.910724">
    <ele>7.7</ele>
    <time>2020-02-12T23:38:51.000Z</time>
   </trkpt>
   <trkpt lat="-8.090856" lon="-34.910734">
    <ele>7.5</ele>
    <time>2020-02-12T23:38:52.000Z</time>
   </trkpt>
   <trkpt lat="-8.090896" lon="-34.910748">
    <ele>7.3</ele>
    <time>2020-02-12T23:38:54.000Z</time>
   </trkpt>
   <trkpt lat="-8.090943" lon="-34.910756">
    <ele>7</ele>
    <time>2020-02-12T23:38:56.000Z</time>
   </trkpt>
   <trkpt lat="-8.090974" lon="-34.910763">
    <ele>7</ele>
    <time>2020-02-12T23:38:57.000Z</time>
   </trkpt>
   <trkpt lat="-8.091004" lon="-34.910764">
    <ele>7</ele>
    <time>2020-02-12T23:38:58.000Z</time>
   </trkpt>
   <trkpt lat="-8.091046" lon="-34.91076">
    <ele>7</ele>
    <time>2020-02-12T23:38:59.000Z</time>
   </trkpt>
   <trkpt lat="-8.091076" lon="-34.910778">
    <ele>7</ele>
    <time>2020-02-12T23:39:00.000Z</time>
   </trkpt>
   <trkpt lat="-8.091109" lon="-34.910792">
    <ele>7</ele>
    <time>2020-02-12T23:39:01.000Z</time>
   </trkpt>
   <trkpt lat="-8.091136" lon="-34.910802">
    <ele>7</ele>
    <time>2020-02-12T23:39:02.000Z</time>
   </trkpt>
   <trkpt lat="-8.091169" lon="-34.910808">
    <ele>7</ele>
    <time>2020-02-12T23:39:03.000Z</time>
   </trkpt>
   <trkpt lat="-8.091196" lon="-34.910815">
    <ele>7</ele>
    <time>2020-02-12T23:39:04.000Z</time>
   </trkpt>
   <trkpt lat="-8.091225" lon="-34.910826">
    <ele>7</ele>
    <time>2020-02-12T23:39:05.000Z</time>
   </trkpt>
   <trkpt lat="-8.091273" lon="-34.910834">
    <ele>7</ele>
    <time>2020-02-12T23:39:07.000Z</time>
   </trkpt>
   <trkpt lat="-8.091302" lon="-34.910851">
    <ele>6.9</ele>
    <time>2020-02-12T23:39:08.000Z</time>
   </trkpt>
   <trkpt lat="-8.091342" lon="-34.910861">
    <ele>6.9</ele>
    <time>2020-02-12T23:39:10.000Z</time>
   </trkpt>
   <trkpt lat="-8.091386" lon="-34.91087">
    <ele>6.9</ele>
    <time>2020-02-12T23:39:11.000Z</time>
   </trkpt>
   <trkpt lat="-8.091437" lon="-34.910877">
    <ele>6.9</ele>
    <time>2020-02-12T23:39:12.000Z</time>
   </trkpt>
   <trkpt lat="-8.091486" lon="-34.910884">
    <ele>6.9</ele>
    <time>2020-02-12T23:39:13.000Z</time>
   </trkpt>
   <trkpt lat="-8.091527" lon="-34.91089">
    <ele>7</ele>
    <time>2020-02-12T23:39:14.000Z</time>
   </trkpt>
   <trkpt lat="-8.091565" lon="-34.910896">
    <ele>7</ele>
    <time>2020-02-12T23:39:15.000Z</time>
   </trkpt>
   <trkpt lat="-8.091603" lon="-34.910907">
    <ele>7</ele>
    <time>2020-02-12T23:39:16.000Z</time>
   </trkpt>
   <trkpt lat="-8.091638" lon="-34.910916">
    <ele>7.1</ele>
    <time>2020-02-12T23:39:17.000Z</time>
   </trkpt>
   <trkpt lat="-8.091667" lon="-34.910919">
    <ele>7.2</ele>
    <time>2020-02-12T23:39:18.000Z</time>
   </trkpt>
   <trkpt lat="-8.091704" lon="-34.910932">
    <ele>7.2</ele>
    <time>2020-02-12T23:39:19.000Z</time>
   </trkpt>
   <trkpt lat="-8.091743" lon="-34.910939">
    <ele>7.3</ele>
    <time>2020-02-12T23:39:20.000Z</time>
   </trkpt>
   <trkpt lat="-8.091811" lon="-34.910953">
    <ele>7.4</ele>
    <time>2020-02-12T23:39:22.000Z</time>
   </trkpt>
   <trkpt lat="-8.091841" lon="-34.910959">
    <ele>7.3</ele>
    <time>2020-02-12T23:39:23.000Z</time>
   </trkpt>
   <trkpt lat="-8.091898" lon="-34.910975">
    <ele>7.2</ele>
    <time>2020-02-12T23:39:25.000Z</time>
   </trkpt>
   <trkpt lat="-8.091947" lon="-34.910986">
    <ele>7.1</ele>
    <time>2020-02-12T23:39:26.000Z</time>
   </trkpt>
   <trkpt lat="-8.091978" lon="-34.910993">
    <ele>7.1</ele>
    <time>2020-02-12T23:39:27.000Z</time>
   </trkpt>
   <trkpt lat="-8.092011" lon="-34.911">
    <ele>7</ele>
    <time>2020-02-12T23:39:28.000Z</time>
   </trkpt>
   <trkpt lat="-8.092048" lon="-34.911011">
    <ele>6.9</ele>
    <time>2020-02-12T23:39:29.000Z</time>
   </trkpt>
   <trkpt lat="-8.092086" lon="-34.911016">
    <ele>6.9</ele>
    <time>2020-02-12T23:39:30.000Z</time>
   </trkpt>
   <trkpt lat="-8.092133" lon="-34.911022">
    <ele>6.9</ele>
    <time>2020-02-12T23:39:31.000Z</time>
   </trkpt>
   <trkpt lat="-8.092166" lon="-34.911025">
    <ele>6.9</ele>
    <time>2020-02-12T23:39:32.000Z</time>
   </trkpt>
   <trkpt lat="-8.092196" lon="-34.911034">
    <ele>6.8</ele>
    <time>2020-02-12T23:39:33.000Z</time>
   </trkpt>
   <trkpt lat="-8.092257" lon="-34.911041">
    <ele>6.8</ele>
    <time>2020-02-12T23:39:34.000Z</time>
   </trkpt>
   <trkpt lat="-8.092288" lon="-34.91104">
    <ele>6.9</ele>
    <time>2020-02-12T23:39:35.000Z</time>
   </trkpt>
   <trkpt lat="-8.092336" lon="-34.911049">
    <ele>6.9</ele>
    <time>2020-02-12T23:39:36.000Z</time>
   </trkpt>
   <trkpt lat="-8.092371" lon="-34.911058">
    <ele>6.9</ele>
    <time>2020-02-12T23:39:37.000Z</time>
   </trkpt>
   <trkpt lat="-8.092408" lon="-34.911064">
    <ele>7</ele>
    <time>2020-02-12T23:39:38.000Z</time>
   </trkpt>
   <trkpt lat="-8.092438" lon="-34.911081">
    <ele>7.1</ele>
    <time>2020-02-12T23:39:39.000Z</time>
   </trkpt>
   <trkpt lat="-8.092468" lon="-34.911099">
    <ele>7.2</ele>
    <time>2020-02-12T23:39:40.000Z</time>
   </trkpt>
   <trkpt lat="-8.092501" lon="-34.91111">
    <ele>7.3</ele>
    <time>2020-02-12T23:39:41.000Z</time>
   </trkpt>
   <trkpt lat="-8.092553" lon="-34.91112">
    <ele>7.4</ele>
    <time>2020-02-12T23:39:42.000Z</time>
   </trkpt>
   <trkpt lat="-8.092587" lon="-34.911127">
    <ele>7.5</ele>
    <time>2020-02-12T23:39:43.000Z</time>
   </trkpt>
   <trkpt lat="-8.092649" lon="-34.911153">
    <ele>7.6</ele>
    <time>2020-02-12T23:39:44.000Z</time>
   </trkpt>
   <trkpt lat="-8.09268" lon="-34.91116">
    <ele>7.6</ele>
    <time>2020-02-12T23:39:45.000Z</time>
   </trkpt>
   <trkpt lat="-8.09271" lon="-34.911159">
    <ele>7.7</ele>
    <time>2020-02-12T23:39:46.000Z</time>
   </trkpt>
   <trkpt lat="-8.092741" lon="-34.911174">
    <ele>7.7</ele>
    <time>2020-02-12T23:39:47.000Z</time>
   </trkpt>
   <trkpt lat="-8.092806" lon="-34.911183">
    <ele>7.7</ele>
    <time>2020-02-12T23:39:49.000Z</time>
   </trkpt>
   <trkpt lat="-8.092845" lon="-34.911185">
    <ele>7.6</ele>
    <time>2020-02-12T23:39:50.000Z</time>
   </trkpt>
   <trkpt lat="-8.092872" lon="-34.911189">
    <ele>7.5</ele>
    <time>2020-02-12T23:39:51.000Z</time>
   </trkpt>
   <trkpt lat="-8.092907" lon="-34.911195">
    <ele>7.5</ele>
    <time>2020-02-12T23:39:52.000Z</time>
   </trkpt>
   <trkpt lat="-8.092948" lon="-34.911202">
    <ele>7.4</ele>
    <time>2020-02-12T23:39:53.000Z</time>
   </trkpt>
   <trkpt lat="-8.09298" lon="-34.911207">
    <ele>7.4</ele>
    <time>2020-02-12T23:39:54.000Z</time>
   </trkpt>
   <trkpt lat="-8.093027" lon="-34.911219">
    <ele>7.3</ele>
    <time>2020-02-12T23:39:55.000Z</time>
   </trkpt>
   <trkpt lat="-8.093075" lon="-34.911234">
    <ele>7.3</ele>
    <time>2020-02-12T23:39:56.000Z</time>
   </trkpt>
   <trkpt lat="-8.09315" lon="-34.911258">
    <ele>7.2</ele>
    <time>2020-02-12T23:39:57.000Z</time>
   </trkpt>
   <trkpt lat="-8.093211" lon="-34.911272">
    <ele>7.2</ele>
    <time>2020-02-12T23:39:58.000Z</time>
   </trkpt>
   <trkpt lat="-8.093262" lon="-34.911283">
    <ele>7.1</ele>
    <time>2020-02-12T23:39:59.000Z</time>
   </trkpt>
   <trkpt lat="-8.093313" lon="-34.911292">
    <ele>7.1</ele>
    <time>2020-02-12T23:40:00.000Z</time>
   </trkpt>
   <trkpt lat="-8.09337" lon="-34.911295">
    <ele>7</ele>
    <time>2020-02-12T23:40:01.000Z</time>
   </trkpt>
   <trkpt lat="-8.093414" lon="-34.911304">
    <ele>7</ele>
    <time>2020-02-12T23:40:02.000Z</time>
   </trkpt>
   <trkpt lat="-8.09346" lon="-34.911313">
    <ele>7</ele>
    <time>2020-02-12T23:40:03.000Z</time>
   </trkpt>
   <trkpt lat="-8.093506" lon="-34.911315">
    <ele>7</ele>
    <time>2020-02-12T23:40:04.000Z</time>
   </trkpt>
   <trkpt lat="-8.093551" lon="-34.91133">
    <ele>7.1</ele>
    <time>2020-02-12T23:40:05.000Z</time>
   </trkpt>
   <trkpt lat="-8.093587" lon="-34.911334">
    <ele>7.1</ele>
    <time>2020-02-12T23:40:06.000Z</time>
   </trkpt>
   <trkpt lat="-8.093627" lon="-34.911342">
    <ele>7.1</ele>
    <time>2020-02-12T23:40:07.000Z</time>
   </trkpt>
   <trkpt lat="-8.093663" lon="-34.911349">
    <ele>7.1</ele>
    <time>2020-02-12T23:40:08.000Z</time>
   </trkpt>
   <trkpt lat="-8.0937" lon="-34.911358">
    <ele>7.1</ele>
    <time>2020-02-12T23:40:09.000Z</time>
   </trkpt>
   <trkpt lat="-8.093731" lon="-34.911364">
    <ele>7.1</ele>
    <time>2020-02-12T23:40:10.000Z</time>
   </trkpt>
   <trkpt lat="-8.093759" lon="-34.911372">
    <ele>7.1</ele>
    <time>2020-02-12T23:40:11.000Z</time>
   </trkpt>
   <trkpt lat="-8.09379" lon="-34.911381">
    <ele>7.2</ele>
    <time>2020-02-12T23:40:12.000Z</time>
   </trkpt>
   <trkpt lat="-8.09382" lon="-34.911388">
    <ele>7.2</ele>
    <time>2020-02-12T23:40:13.000Z</time>
   </trkpt>
   <trkpt lat="-8.093853" lon="-34.911389">
    <ele>7.2</ele>
    <time>2020-02-12T23:40:14.000Z</time>
   </trkpt>
   <trkpt lat="-8.093889" lon="-34.911392">
    <ele>7.2</ele>
    <time>2020-02-12T23:40:15.000Z</time>
   </trkpt>
   <trkpt lat="-8.093928" lon="-34.911401">
    <ele>7.2</ele>
    <time>2020-02-12T23:40:17.000Z</time>
   </trkpt>
   <trkpt lat="-8.093977" lon="-34.911398">
    <ele>7.3</ele>
    <time>2020-02-12T23:40:19.000Z</time>
   </trkpt>
   <trkpt lat="-8.094013" lon="-34.911412">
    <ele>7.3</ele>
    <time>2020-02-12T23:40:20.000Z</time>
   </trkpt>
   <trkpt lat="-8.094041" lon="-34.911415">
    <ele>7.3</ele>
    <time>2020-02-12T23:40:21.000Z</time>
   </trkpt>
   <trkpt lat="-8.094076" lon="-34.911422">
    <ele>7.2</ele>
    <time>2020-02-12T23:40:22.000Z</time>
   </trkpt>
   <trkpt lat="-8.094109" lon="-34.911427">
    <ele>7</ele>
    <time>2020-02-12T23:40:23.000Z</time>
   </trkpt>
   <trkpt lat="-8.094163" lon="-34.911449">
    <ele>6.8</ele>
    <time>2020-02-12T23:40:25.000Z</time>
   </trkpt>
   <trkpt lat="-8.094222" lon="-34.911475">
    <ele>6.7</ele>
    <time>2020-02-12T23:40:27.000Z</time>
   </trkpt>
   <trkpt lat="-8.094272" lon="-34.911472">
    <ele>6.6</ele>
    <time>2020-02-12T23:40:28.000Z</time>
   </trkpt>
   <trkpt lat="-8.094324" lon="-34.911499">
    <ele>6.5</ele>
    <time>2020-02-12T23:40:29.000Z</time>
   </trkpt>
   <trkpt lat="-8.094374" lon="-34.911508">
    <ele>6.5</ele>
    <time>2020-02-12T23:40:30.000Z</time>
   </trkpt>
   <trkpt lat="-8.094426" lon="-34.911512">
    <ele>6.5</ele>
    <time>2020-02-12T23:40:31.000Z</time>
   </trkpt>
   <trkpt lat="-8.094474" lon="-34.911527">
    <ele>6.5</ele>
    <time>2020-02-12T23:40:32.000Z</time>
   </trkpt>
   <trkpt lat="-8.094519" lon="-34.911541">
    <ele>6.5</ele>
    <time>2020-02-12T23:40:33.000Z</time>
   </trkpt>
   <trkpt lat="-8.094554" lon="-34.911557">
    <ele>6.5</ele>
    <time>2020-02-12T23:40:34.000Z</time>
   </trkpt>
   <trkpt lat="-8.094599" lon="-34.91159">
    <ele>6.5</ele>
    <time>2020-02-12T23:40:35.000Z</time>
   </trkpt>
   <trkpt lat="-8.094637" lon="-34.911609">
    <ele>6.5</ele>
    <time>2020-02-12T23:40:36.000Z</time>
   </trkpt>
   <trkpt lat="-8.094646" lon="-34.91165">
    <ele>6.5</ele>
    <time>2020-02-12T23:40:38.000Z</time>
   </trkpt>
   <trkpt lat="-8.094649" lon="-34.911677">
    <ele>6.5</ele>
    <time>2020-02-12T23:40:39.000Z</time>
   </trkpt>
   <trkpt lat="-8.094651" lon="-34.911709">
    <ele>6.5</ele>
    <time>2020-02-12T23:40:40.000Z</time>
   </trkpt>
   <trkpt lat="-8.094661" lon="-34.911742">
    <ele>6.5</ele>
    <time>2020-02-12T23:40:41.000Z</time>
   </trkpt>
   <trkpt lat="-8.094672" lon="-34.911778">
    <ele>6.5</ele>
    <time>2020-02-12T23:40:42.000Z</time>
   </trkpt>
   <trkpt lat="-8.094677" lon="-34.911812">
    <ele>6.5</ele>
    <time>2020-02-12T23:40:43.000Z</time>
   </trkpt>
   <trkpt lat="-8.094669" lon="-34.91185">
    <ele>6.5</ele>
    <time>2020-02-12T23:40:44.000Z</time>
   </trkpt>
   <trkpt lat="-8.094646" lon="-34.911888">
    <ele>6.5</ele>
    <time>2020-02-12T23:40:45.000Z</time>
   </trkpt>
   <trkpt lat="-8.094618" lon="-34.911924">
    <ele>6.5</ele>
    <time>2020-02-12T23:40:46.000Z</time>
   </trkpt>
   <trkpt lat="-8.094607" lon="-34.911969">
    <ele>6.5</ele>
    <time>2020-02-12T23:40:47.000Z</time>
   </trkpt>
   <trkpt lat="-8.094602" lon="-34.912006">
    <ele>6.5</ele>
    <time>2020-02-12T23:40:48.000Z</time>
   </trkpt>
   <trkpt lat="-8.094598" lon="-34.912033">
    <ele>6.5</ele>
    <time>2020-02-12T23:40:49.000Z</time>
   </trkpt>
   <trkpt lat="-8.094593" lon="-34.912073">
    <ele>6.5</ele>
    <time>2020-02-12T23:40:50.000Z</time>
   </trkpt>
   <trkpt lat="-8.094579" lon="-34.912123">
    <ele>6.5</ele>
    <time>2020-02-12T23:40:52.000Z</time>
   </trkpt>
   <trkpt lat="-8.094576" lon="-34.912167">
    <ele>6.5</ele>
    <time>2020-02-12T23:40:53.000Z</time>
   </trkpt>
   <trkpt lat="-8.09457" lon="-34.912202">
    <ele>6.6</ele>
    <time>2020-02-12T23:40:54.000Z</time>
   </trkpt>
   <trkpt lat="-8.094564" lon="-34.912235">
    <ele>6.6</ele>
    <time>2020-02-12T23:40:55.000Z</time>
   </trkpt>
   <trkpt lat="-8.094555" lon="-34.912271">
    <ele>6.6</ele>
    <time>2020-02-12T23:40:56.000Z</time>
   </trkpt>
   <trkpt lat="-8.094546" lon="-34.912305">
    <ele>6.6</ele>
    <time>2020-02-12T23:40:57.000Z</time>
   </trkpt>
   <trkpt lat="-8.09454" lon="-34.912339">
    <ele>6.6</ele>
    <time>2020-02-12T23:40:58.000Z</time>
   </trkpt>
   <trkpt lat="-8.094533" lon="-34.912382">
    <ele>6.5</ele>
    <time>2020-02-12T23:40:59.000Z</time>
   </trkpt>
   <trkpt lat="-8.094525" lon="-34.912409">
    <ele>6.5</ele>
    <time>2020-02-12T23:41:00.000Z</time>
   </trkpt>
   <trkpt lat="-8.094516" lon="-34.91244">
    <ele>6.5</ele>
    <time>2020-02-12T23:41:01.000Z</time>
   </trkpt>
   <trkpt lat="-8.09451" lon="-34.912472">
    <ele>6.5</ele>
    <time>2020-02-12T23:41:02.000Z</time>
   </trkpt>
   <trkpt lat="-8.094503" lon="-34.912509">
    <ele>6.5</ele>
    <time>2020-02-12T23:41:03.000Z</time>
   </trkpt>
   <trkpt lat="-8.094499" lon="-34.912549">
    <ele>6.5</ele>
    <time>2020-02-12T23:41:04.000Z</time>
   </trkpt>
   <trkpt lat="-8.094493" lon="-34.912591">
    <ele>6.5</ele>
    <time>2020-02-12T23:41:05.000Z</time>
   </trkpt>
   <trkpt lat="-8.094483" lon="-34.912633">
    <ele>6.5</ele>
    <time>2020-02-12T23:41:06.000Z</time>
   </trkpt>
   <trkpt lat="-8.094475" lon="-34.912679">
    <ele>6.4</ele>
    <time>2020-02-12T23:41:07.000Z</time>
   </trkpt>
   <trkpt lat="-8.094458" lon="-34.912725">
    <ele>6.4</ele>
    <time>2020-02-12T23:41:08.000Z</time>
   </trkpt>
   <trkpt lat="-8.094446" lon="-34.912754">
    <ele>6.4</ele>
    <time>2020-02-12T23:41:09.000Z</time>
   </trkpt>
   <trkpt lat="-8.094429" lon="-34.912809">
    <ele>6.4</ele>
    <time>2020-02-12T23:41:11.000Z</time>
   </trkpt>
   <trkpt lat="-8.094422" lon="-34.912844">
    <ele>6.3</ele>
    <time>2020-02-12T23:41:12.000Z</time>
   </trkpt>
   <trkpt lat="-8.094415" lon="-34.912873">
    <ele>6.3</ele>
    <time>2020-02-12T23:41:13.000Z</time>
   </trkpt>
   <trkpt lat="-8.09441" lon="-34.912915">
    <ele>6.3</ele>
    <time>2020-02-12T23:41:14.000Z</time>
   </trkpt>
   <trkpt lat="-8.094398" lon="-34.912953">
    <ele>6.3</ele>
    <time>2020-02-12T23:41:15.000Z</time>
   </trkpt>
   <trkpt lat="-8.094394" lon="-34.912983">
    <ele>6.3</ele>
    <time>2020-02-12T23:41:16.000Z</time>
   </trkpt>
   <trkpt lat="-8.094387" lon="-34.913013">
    <ele>6.3</ele>
    <time>2020-02-12T23:41:17.000Z</time>
   </trkpt>
   <trkpt lat="-8.094377" lon="-34.91305">
    <ele>6.2</ele>
    <time>2020-02-12T23:41:18.000Z</time>
   </trkpt>
   <trkpt lat="-8.09436" lon="-34.913087">
    <ele>6.2</ele>
    <time>2020-02-12T23:41:19.000Z</time>
   </trkpt>
   <trkpt lat="-8.094344" lon="-34.913115">
    <ele>6.1</ele>
    <time>2020-02-12T23:41:20.000Z</time>
   </trkpt>
   <trkpt lat="-8.094332" lon="-34.913143">
    <ele>6.1</ele>
    <time>2020-02-12T23:41:21.000Z</time>
   </trkpt>
   <trkpt lat="-8.094302" lon="-34.913166">
    <ele>6.1</ele>
    <time>2020-02-12T23:41:22.000Z</time>
   </trkpt>
   <trkpt lat="-8.09428" lon="-34.913194">
    <ele>6</ele>
    <time>2020-02-12T23:41:23.000Z</time>
   </trkpt>
   <trkpt lat="-8.094279" lon="-34.913228">
    <ele>5.9</ele>
    <time>2020-02-12T23:41:24.000Z</time>
   </trkpt>
   <trkpt lat="-8.094272" lon="-34.913255">
    <ele>5.9</ele>
    <time>2020-02-12T23:41:25.000Z</time>
   </trkpt>
   <trkpt lat="-8.094294" lon="-34.91329">
    <ele>5.8</ele>
    <time>2020-02-12T23:41:27.000Z</time>
   </trkpt>
   <trkpt lat="-8.094281" lon="-34.913328">
    <ele>5.7</ele>
    <time>2020-02-12T23:41:29.000Z</time>
   </trkpt>
   <trkpt lat="-8.094243" lon="-34.913338">
    <ele>5.7</ele>
    <time>2020-02-12T23:41:31.000Z</time>
   </trkpt>
   <trkpt lat="-8.094195" lon="-34.913334">
    <ele>5.8</ele>
    <time>2020-02-12T23:41:33.000Z</time>
   </trkpt>
   <trkpt lat="-8.094144" lon="-34.913321">
    <ele>5.8</ele>
    <time>2020-02-12T23:41:35.000Z</time>
   </trkpt>
   <trkpt lat="-8.094102" lon="-34.91332">
    <ele>5.8</ele>
    <time>2020-02-12T23:41:36.000Z</time>
   </trkpt>
   <trkpt lat="-8.094068" lon="-34.913313">
    <ele>5.8</ele>
    <time>2020-02-12T23:41:37.000Z</time>
   </trkpt>
   <trkpt lat="-8.094036" lon="-34.9133">
    <ele>5.8</ele>
    <time>2020-02-12T23:41:38.000Z</time>
   </trkpt>
   <trkpt lat="-8.093996" lon="-34.913299">
    <ele>5.5</ele>
    <time>2020-02-12T23:41:39.000Z</time>
   </trkpt>
   <trkpt lat="-8.093961" lon="-34.913293">
    <ele>5.3</ele>
    <time>2020-02-12T23:41:40.000Z</time>
   </trkpt>
   <trkpt lat="-8.093921" lon="-34.913287">
    <ele>5</ele>
    <time>2020-02-12T23:41:41.000Z</time>
   </trkpt>
   <trkpt lat="-8.093882" lon="-34.913281">
    <ele>4.8</ele>
    <time>2020-02-12T23:41:42.000Z</time>
   </trkpt>
   <trkpt lat="-8.093839" lon="-34.913268">
    <ele>4.5</ele>
    <time>2020-02-12T23:41:43.000Z</time>
   </trkpt>
   <trkpt lat="-8.093792" lon="-34.913258">
    <ele>4.2</ele>
    <time>2020-02-12T23:41:44.000Z</time>
   </trkpt>
   <trkpt lat="-8.093744" lon="-34.913253">
    <ele>3.9</ele>
    <time>2020-02-12T23:41:45.000Z</time>
   </trkpt>
   <trkpt lat="-8.093696" lon="-34.913247">
    <ele>3.6</ele>
    <time>2020-02-12T23:41:46.000Z</time>
   </trkpt>
   <trkpt lat="-8.093661" lon="-34.913234">
    <ele>3.3</ele>
    <time>2020-02-12T23:41:47.000Z</time>
   </trkpt>
   <trkpt lat="-8.093631" lon="-34.913223">
    <ele>3.8</ele>
    <time>2020-02-12T23:41:48.000Z</time>
   </trkpt>
   <trkpt lat="-8.093605" lon="-34.913211">
    <ele>4.1</ele>
    <time>2020-02-12T23:41:49.000Z</time>
   </trkpt>
   <trkpt lat="-8.093569" lon="-34.913208">
    <ele>4.5</ele>
    <time>2020-02-12T23:41:50.000Z</time>
   </trkpt>
   <trkpt lat="-8.093532" lon="-34.913199">
    <ele>5</ele>
    <time>2020-02-12T23:41:51.000Z</time>
   </trkpt>
   <trkpt lat="-8.093495" lon="-34.913195">
    <ele>5.3</ele>
    <time>2020-02-12T23:41:52.000Z</time>
   </trkpt>
   <trkpt lat="-8.093465" lon="-34.913191">
    <ele>5.6</ele>
    <time>2020-02-12T23:41:53.000Z</time>
   </trkpt>
   <trkpt lat="-8.093421" lon="-34.913188">
    <ele>5.8</ele>
    <time>2020-02-12T23:41:54.000Z</time>
   </trkpt>
   <trkpt lat="-8.093384" lon="-34.913165">
    <ele>6.1</ele>
    <time>2020-02-12T23:41:55.000Z</time>
   </trkpt>
   <trkpt lat="-8.093335" lon="-34.91316">
    <ele>6.3</ele>
    <time>2020-02-12T23:41:56.000Z</time>
   </trkpt>
   <trkpt lat="-8.093289" lon="-34.913149">
    <ele>6.5</ele>
    <time>2020-02-12T23:41:57.000Z</time>
   </trkpt>
   <trkpt lat="-8.093243" lon="-34.913134">
    <ele>6.7</ele>
    <time>2020-02-12T23:41:58.000Z</time>
   </trkpt>
   <trkpt lat="-8.093183" lon="-34.913115">
    <ele>6.8</ele>
    <time>2020-02-12T23:41:59.000Z</time>
   </trkpt>
   <trkpt lat="-8.093131" lon="-34.913102">
    <ele>6.9</ele>
    <time>2020-02-12T23:42:00.000Z</time>
   </trkpt>
   <trkpt lat="-8.093094" lon="-34.913105">
    <ele>7</ele>
    <time>2020-02-12T23:42:01.000Z</time>
   </trkpt>
   <trkpt lat="-8.093053" lon="-34.913109">
    <ele>7</ele>
    <time>2020-02-12T23:42:02.000Z</time>
   </trkpt>
   <trkpt lat="-8.093003" lon="-34.913104">
    <ele>7.1</ele>
    <time>2020-02-12T23:42:03.000Z</time>
   </trkpt>
   <trkpt lat="-8.092961" lon="-34.913102">
    <ele>7.1</ele>
    <time>2020-02-12T23:42:04.000Z</time>
   </trkpt>
   <trkpt lat="-8.092902" lon="-34.913118">
    <ele>7.2</ele>
    <time>2020-02-12T23:42:05.000Z</time>
   </trkpt>
   <trkpt lat="-8.09285" lon="-34.913132">
    <ele>7.3</ele>
    <time>2020-02-12T23:42:06.000Z</time>
   </trkpt>
   <trkpt lat="-8.092804" lon="-34.913136">
    <ele>7.4</ele>
    <time>2020-02-12T23:42:07.000Z</time>
   </trkpt>
   <trkpt lat="-8.092758" lon="-34.913132">
    <ele>7.4</ele>
    <time>2020-02-12T23:42:08.000Z</time>
   </trkpt>
   <trkpt lat="-8.092718" lon="-34.913134">
    <ele>7.5</ele>
    <time>2020-02-12T23:42:09.000Z</time>
   </trkpt>
   <trkpt lat="-8.09268" lon="-34.913132">
    <ele>7.5</ele>
    <time>2020-02-12T23:42:10.000Z</time>
   </trkpt>
   <trkpt lat="-8.092635" lon="-34.913125">
    <ele>7.5</ele>
    <time>2020-02-12T23:42:11.000Z</time>
   </trkpt>
   <trkpt lat="-8.092591" lon="-34.913132">
    <ele>7.6</ele>
    <time>2020-02-12T23:42:12.000Z</time>
   </trkpt>
   <trkpt lat="-8.092557" lon="-34.913147">
    <ele>7.6</ele>
    <time>2020-02-12T23:42:13.000Z</time>
   </trkpt>
   <trkpt lat="-8.092499" lon="-34.913181">
    <ele>7.6</ele>
    <time>2020-02-12T23:42:14.000Z</time>
   </trkpt>
   <trkpt lat="-8.092455" lon="-34.913217">
    <ele>7.7</ele>
    <time>2020-02-12T23:42:15.000Z</time>
   </trkpt>
   <trkpt lat="-8.092413" lon="-34.913248">
    <ele>7.7</ele>
    <time>2020-02-12T23:42:16.000Z</time>
   </trkpt>
   <trkpt lat="-8.092377" lon="-34.913274">
    <ele>7.7</ele>
    <time>2020-02-12T23:42:17.000Z</time>
   </trkpt>
   <trkpt lat="-8.092345" lon="-34.913301">
    <ele>7.9</ele>
    <time>2020-02-12T23:42:18.000Z</time>
   </trkpt>
   <trkpt lat="-8.092334" lon="-34.913344">
    <ele>8</ele>
    <time>2020-02-12T23:42:19.000Z</time>
   </trkpt>
   <trkpt lat="-8.092327" lon="-34.913393">
    <ele>8.1</ele>
    <time>2020-02-12T23:42:20.000Z</time>
   </trkpt>
   <trkpt lat="-8.092325" lon="-34.913438">
    <ele>8.1</ele>
    <time>2020-02-12T23:42:21.000Z</time>
   </trkpt>
   <trkpt lat="-8.092312" lon="-34.91349">
    <ele>8.1</ele>
    <time>2020-02-12T23:42:22.000Z</time>
   </trkpt>
   <trkpt lat="-8.092306" lon="-34.913537">
    <ele>8.1</ele>
    <time>2020-02-12T23:42:23.000Z</time>
   </trkpt>
   <trkpt lat="-8.092282" lon="-34.913582">
    <ele>7.9</ele>
    <time>2020-02-12T23:42:24.000Z</time>
   </trkpt>
   <trkpt lat="-8.092275" lon="-34.913632">
    <ele>7.7</ele>
    <time>2020-02-12T23:42:25.000Z</time>
   </trkpt>
   <trkpt lat="-8.092281" lon="-34.913676">
    <ele>7.6</ele>
    <time>2020-02-12T23:42:26.000Z</time>
   </trkpt>
   <trkpt lat="-8.092277" lon="-34.913726">
    <ele>7.5</ele>
    <time>2020-02-12T23:42:27.000Z</time>
   </trkpt>
   <trkpt lat="-8.092278" lon="-34.913771">
    <ele>7.5</ele>
    <time>2020-02-12T23:42:28.000Z</time>
   </trkpt>
   <trkpt lat="-8.092281" lon="-34.913825">
    <ele>7.5</ele>
    <time>2020-02-12T23:42:29.000Z</time>
   </trkpt>
   <trkpt lat="-8.092278" lon="-34.913876">
    <ele>7.6</ele>
    <time>2020-02-12T23:42:30.000Z</time>
   </trkpt>
   <trkpt lat="-8.092277" lon="-34.913925">
    <ele>7.7</ele>
    <time>2020-02-12T23:42:31.000Z</time>
   </trkpt>
   <trkpt lat="-8.092283" lon="-34.913967">
    <ele>7.8</ele>
    <time>2020-02-12T23:42:32.000Z</time>
   </trkpt>
   <trkpt lat="-8.092286" lon="-34.914011">
    <ele>8</ele>
    <time>2020-02-12T23:42:33.000Z</time>
   </trkpt>
   <trkpt lat="-8.092282" lon="-34.914054">
    <ele>8.2</ele>
    <time>2020-02-12T23:42:34.000Z</time>
   </trkpt>
   <trkpt lat="-8.092278" lon="-34.914101">
    <ele>8.5</ele>
    <time>2020-02-12T23:42:35.000Z</time>
   </trkpt>
   <trkpt lat="-8.092276" lon="-34.914154">
    <ele>8.9</ele>
    <time>2020-02-12T23:42:36.000Z</time>
   </trkpt>
   <trkpt lat="-8.092279" lon="-34.914207">
    <ele>9.2</ele>
    <time>2020-02-12T23:42:37.000Z</time>
   </trkpt>
   <trkpt lat="-8.092283" lon="-34.91426">
    <ele>9.6</ele>
    <time>2020-02-12T23:42:38.000Z</time>
   </trkpt>
   <trkpt lat="-8.092287" lon="-34.914308">
    <ele>9.9</ele>
    <time>2020-02-12T23:42:39.000Z</time>
   </trkpt>
   <trkpt lat="-8.09229" lon="-34.91436">
    <ele>10.2</ele>
    <time>2020-02-12T23:42:40.000Z</time>
   </trkpt>
   <trkpt lat="-8.092296" lon="-34.914413">
    <ele>10.4</ele>
    <time>2020-02-12T23:42:41.000Z</time>
   </trkpt>
   <trkpt lat="-8.092302" lon="-34.914465">
    <ele>10.5</ele>
    <time>2020-02-12T23:42:42.000Z</time>
   </trkpt>
   <trkpt lat="-8.092288" lon="-34.91451">
    <ele>10.4</ele>
    <time>2020-02-12T23:42:43.000Z</time>
   </trkpt>
   <trkpt lat="-8.092288" lon="-34.914561">
    <ele>10.3</ele>
    <time>2020-02-12T23:42:44.000Z</time>
   </trkpt>
   <trkpt lat="-8.092293" lon="-34.914602">
    <ele>10.1</ele>
    <time>2020-02-12T23:42:45.000Z</time>
   </trkpt>
   <trkpt lat="-8.092304" lon="-34.914646">
    <ele>9.9</ele>
    <time>2020-02-12T23:42:46.000Z</time>
   </trkpt>
   <trkpt lat="-8.092304" lon="-34.914691">
    <ele>9.7</ele>
    <time>2020-02-12T23:42:47.000Z</time>
   </trkpt>
   <trkpt lat="-8.092304" lon="-34.914734">
    <ele>9.5</ele>
    <time>2020-02-12T23:42:48.000Z</time>
   </trkpt>
   <trkpt lat="-8.092303" lon="-34.914767">
    <ele>9.4</ele>
    <time>2020-02-12T23:42:49.000Z</time>
   </trkpt>
   <trkpt lat="-8.092302" lon="-34.914825">
    <ele>9.2</ele>
    <time>2020-02-12T23:42:51.000Z</time>
   </trkpt>
   <trkpt lat="-8.09232" lon="-34.914874">
    <ele>9</ele>
    <time>2020-02-12T23:42:52.000Z</time>
   </trkpt>
   <trkpt lat="-8.09233" lon="-34.914922">
    <ele>8.9</ele>
    <time>2020-02-12T23:42:53.000Z</time>
   </trkpt>
   <trkpt lat="-8.09234" lon="-34.91498">
    <ele>8.8</ele>
    <time>2020-02-12T23:42:54.000Z</time>
   </trkpt>
   <trkpt lat="-8.092354" lon="-34.91503">
    <ele>8.8</ele>
    <time>2020-02-12T23:42:55.000Z</time>
   </trkpt>
   <trkpt lat="-8.092352" lon="-34.915074">
    <ele>8.7</ele>
    <time>2020-02-12T23:42:56.000Z</time>
   </trkpt>
   <trkpt lat="-8.092355" lon="-34.915115">
    <ele>8.6</ele>
    <time>2020-02-12T23:42:57.000Z</time>
   </trkpt>
   <trkpt lat="-8.092358" lon="-34.915158">
    <ele>8.4</ele>
    <time>2020-02-12T23:42:58.000Z</time>
   </trkpt>
   <trkpt lat="-8.092367" lon="-34.915201">
    <ele>8.1</ele>
    <time>2020-02-12T23:42:59.000Z</time>
   </trkpt>
   <trkpt lat="-8.092383" lon="-34.915247">
    <ele>7.6</ele>
    <time>2020-02-12T23:43:00.000Z</time>
   </trkpt>
   <trkpt lat="-8.092395" lon="-34.915302">
    <ele>6.9</ele>
    <time>2020-02-12T23:43:01.000Z</time>
   </trkpt>
   <trkpt lat="-8.092413" lon="-34.915352">
    <ele>6.3</ele>
    <time>2020-02-12T23:43:02.000Z</time>
   </trkpt>
   <trkpt lat="-8.092432" lon="-34.915398">
    <ele>5.5</ele>
    <time>2020-02-12T23:43:03.000Z</time>
   </trkpt>
   <trkpt lat="-8.092447" lon="-34.915437">
    <ele>5.6</ele>
    <time>2020-02-12T23:43:04.000Z</time>
   </trkpt>
   <trkpt lat="-8.092447" lon="-34.915478">
    <ele>5.8</ele>
    <time>2020-02-12T23:43:05.000Z</time>
   </trkpt>
   <trkpt lat="-8.092446" lon="-34.915517">
    <ele>5.9</ele>
    <time>2020-02-12T23:43:06.000Z</time>
   </trkpt>
   <trkpt lat="-8.092458" lon="-34.915569">
    <ele>6.1</ele>
    <time>2020-02-12T23:43:07.000Z</time>
   </trkpt>
   <trkpt lat="-8.092457" lon="-34.915608">
    <ele>6.2</ele>
    <time>2020-02-12T23:43:08.000Z</time>
   </trkpt>
   <trkpt lat="-8.092458" lon="-34.915647">
    <ele>6.4</ele>
    <time>2020-02-12T23:43:09.000Z</time>
   </trkpt>
   <trkpt lat="-8.092461" lon="-34.915688">
    <ele>6.5</ele>
    <time>2020-02-12T23:43:10.000Z</time>
   </trkpt>
   <trkpt lat="-8.092459" lon="-34.91573">
    <ele>6.7</ele>
    <time>2020-02-12T23:43:11.000Z</time>
   </trkpt>
   <trkpt lat="-8.092464" lon="-34.915775">
    <ele>6.9</ele>
    <time>2020-02-12T23:43:12.000Z</time>
   </trkpt>
   <trkpt lat="-8.092464" lon="-34.915813">
    <ele>6.9</ele>
    <time>2020-02-12T23:43:13.000Z</time>
   </trkpt>
   <trkpt lat="-8.092464" lon="-34.915856">
    <ele>7</ele>
    <time>2020-02-12T23:43:14.000Z</time>
   </trkpt>
   <trkpt lat="-8.092476" lon="-34.915898">
    <ele>7</ele>
    <time>2020-02-12T23:43:15.000Z</time>
   </trkpt>
   <trkpt lat="-8.092492" lon="-34.915942">
    <ele>7</ele>
    <time>2020-02-12T23:43:16.000Z</time>
   </trkpt>
   <trkpt lat="-8.092499" lon="-34.915992">
    <ele>7</ele>
    <time>2020-02-12T23:43:17.000Z</time>
   </trkpt>
   <trkpt lat="-8.092509" lon="-34.916037">
    <ele>7</ele>
    <time>2020-02-12T23:43:18.000Z</time>
   </trkpt>
   <trkpt lat="-8.092534" lon="-34.91608">
    <ele>7</ele>
    <time>2020-02-12T23:43:19.000Z</time>
   </trkpt>
   <trkpt lat="-8.092567" lon="-34.916115">
    <ele>7.2</ele>
    <time>2020-02-12T23:43:20.000Z</time>
   </trkpt>
   <trkpt lat="-8.092602" lon="-34.91614">
    <ele>7.4</ele>
    <time>2020-02-12T23:43:21.000Z</time>
   </trkpt>
   <trkpt lat="-8.092637" lon="-34.916169">
    <ele>7.6</ele>
    <time>2020-02-12T23:43:22.000Z</time>
   </trkpt>
   <trkpt lat="-8.092673" lon="-34.916196">
    <ele>7.8</ele>
    <time>2020-02-12T23:43:23.000Z</time>
   </trkpt>
   <trkpt lat="-8.092701" lon="-34.916223">
    <ele>8.1</ele>
    <time>2020-02-12T23:43:24.000Z</time>
   </trkpt>
   <trkpt lat="-8.09274" lon="-34.91625">
    <ele>8.3</ele>
    <time>2020-02-12T23:43:25.000Z</time>
   </trkpt>
   <trkpt lat="-8.092778" lon="-34.916264">
    <ele>8.5</ele>
    <time>2020-02-12T23:43:26.000Z</time>
   </trkpt>
   <trkpt lat="-8.092822" lon="-34.916288">
    <ele>8.9</ele>
    <time>2020-02-12T23:43:27.000Z</time>
   </trkpt>
   <trkpt lat="-8.09287" lon="-34.916309">
    <ele>9.2</ele>
    <time>2020-02-12T23:43:28.000Z</time>
   </trkpt>
   <trkpt lat="-8.092912" lon="-34.916332">
    <ele>9.5</ele>
    <time>2020-02-12T23:43:29.000Z</time>
   </trkpt>
   <trkpt lat="-8.092963" lon="-34.916354">
    <ele>9.8</ele>
    <time>2020-02-12T23:43:30.000Z</time>
   </trkpt>
   <trkpt lat="-8.093015" lon="-34.916373">
    <ele>10.1</ele>
    <time>2020-02-12T23:43:31.000Z</time>
   </trkpt>
   <trkpt lat="-8.093065" lon="-34.916388">
    <ele>10.4</ele>
    <time>2020-02-12T23:43:32.000Z</time>
   </trkpt>
   <trkpt lat="-8.093121" lon="-34.916405">
    <ele>10.6</ele>
    <time>2020-02-12T23:43:33.000Z</time>
   </trkpt>
   <trkpt lat="-8.093169" lon="-34.916412">
    <ele>10.3</ele>
    <time>2020-02-12T23:43:34.000Z</time>
   </trkpt>
   <trkpt lat="-8.093216" lon="-34.916424">
    <ele>10.1</ele>
    <time>2020-02-12T23:43:35.000Z</time>
   </trkpt>
   <trkpt lat="-8.093255" lon="-34.916429">
    <ele>9.9</ele>
    <time>2020-02-12T23:43:36.000Z</time>
   </trkpt>
   <trkpt lat="-8.093307" lon="-34.916443">
    <ele>9.6</ele>
    <time>2020-02-12T23:43:37.000Z</time>
   </trkpt>
   <trkpt lat="-8.093348" lon="-34.916454">
    <ele>9.4</ele>
    <time>2020-02-12T23:43:38.000Z</time>
   </trkpt>
   <trkpt lat="-8.093401" lon="-34.916463">
    <ele>9.4</ele>
    <time>2020-02-12T23:43:39.000Z</time>
   </trkpt>
   <trkpt lat="-8.09344" lon="-34.916481">
    <ele>9.4</ele>
    <time>2020-02-12T23:43:40.000Z</time>
   </trkpt>
   <trkpt lat="-8.093472" lon="-34.916494">
    <ele>9.4</ele>
    <time>2020-02-12T23:43:41.000Z</time>
   </trkpt>
   <trkpt lat="-8.093504" lon="-34.916504">
    <ele>9.4</ele>
    <time>2020-02-12T23:43:42.000Z</time>
   </trkpt>
   <trkpt lat="-8.093539" lon="-34.916516">
    <ele>9.4</ele>
    <time>2020-02-12T23:43:43.000Z</time>
   </trkpt>
   <trkpt lat="-8.093575" lon="-34.916529">
    <ele>9.4</ele>
    <time>2020-02-12T23:43:44.000Z</time>
   </trkpt>
   <trkpt lat="-8.093621" lon="-34.916531">
    <ele>9.3</ele>
    <time>2020-02-12T23:43:45.000Z</time>
   </trkpt>
   <trkpt lat="-8.09367" lon="-34.916536">
    <ele>9.3</ele>
    <time>2020-02-12T23:43:46.000Z</time>
   </trkpt>
   <trkpt lat="-8.093715" lon="-34.916547">
    <ele>9.3</ele>
    <time>2020-02-12T23:43:47.000Z</time>
   </trkpt>
   <trkpt lat="-8.09376" lon="-34.916554">
    <ele>9.3</ele>
    <time>2020-02-12T23:43:48.000Z</time>
   </trkpt>
   <trkpt lat="-8.093821" lon="-34.916564">
    <ele>9.3</ele>
    <time>2020-02-12T23:43:49.000Z</time>
   </trkpt>
   <trkpt lat="-8.093869" lon="-34.91656">
    <ele>9.3</ele>
    <time>2020-02-12T23:43:50.000Z</time>
   </trkpt>
   <trkpt lat="-8.093902" lon="-34.91656">
    <ele>9.3</ele>
    <time>2020-02-12T23:43:51.000Z</time>
   </trkpt>
   <trkpt lat="-8.093941" lon="-34.916553">
    <ele>9.3</ele>
    <time>2020-02-12T23:43:52.000Z</time>
   </trkpt>
   <trkpt lat="-8.093985" lon="-34.916548">
    <ele>9.3</ele>
    <time>2020-02-12T23:43:53.000Z</time>
   </trkpt>
   <trkpt lat="-8.094034" lon="-34.916545">
    <ele>9.3</ele>
    <time>2020-02-12T23:43:54.000Z</time>
   </trkpt>
   <trkpt lat="-8.094091" lon="-34.916539">
    <ele>9.3</ele>
    <time>2020-02-12T23:43:55.000Z</time>
   </trkpt>
   <trkpt lat="-8.094141" lon="-34.916537">
    <ele>9.2</ele>
    <time>2020-02-12T23:43:56.000Z</time>
   </trkpt>
   <trkpt lat="-8.0942" lon="-34.916535">
    <ele>9.2</ele>
    <time>2020-02-12T23:43:58.000Z</time>
   </trkpt>
   <trkpt lat="-8.094243" lon="-34.916536">
    <ele>9.2</ele>
    <time>2020-02-12T23:43:59.000Z</time>
   </trkpt>
   <trkpt lat="-8.094289" lon="-34.916538">
    <ele>9.2</ele>
    <time>2020-02-12T23:44:00.000Z</time>
   </trkpt>
   <trkpt lat="-8.094336" lon="-34.916544">
    <ele>9.2</ele>
    <time>2020-02-12T23:44:01.000Z</time>
   </trkpt>
   <trkpt lat="-8.094377" lon="-34.916573">
    <ele>9.2</ele>
    <time>2020-02-12T23:44:02.000Z</time>
   </trkpt>
   <trkpt lat="-8.094416" lon="-34.916587">
    <ele>9.2</ele>
    <time>2020-02-12T23:44:03.000Z</time>
   </trkpt>
   <trkpt lat="-8.094463" lon="-34.916604">
    <ele>9.2</ele>
    <time>2020-02-12T23:44:04.000Z</time>
   </trkpt>
   <trkpt lat="-8.094507" lon="-34.91662">
    <ele>9.2</ele>
    <time>2020-02-12T23:44:05.000Z</time>
   </trkpt>
   <trkpt lat="-8.094558" lon="-34.91664">
    <ele>9.3</ele>
    <time>2020-02-12T23:44:06.000Z</time>
   </trkpt>
   <trkpt lat="-8.094604" lon="-34.916658">
    <ele>9.3</ele>
    <time>2020-02-12T23:44:07.000Z</time>
   </trkpt>
   <trkpt lat="-8.094643" lon="-34.916679">
    <ele>9.3</ele>
    <time>2020-02-12T23:44:08.000Z</time>
   </trkpt>
   <trkpt lat="-8.094684" lon="-34.916685">
    <ele>9.4</ele>
    <time>2020-02-12T23:44:09.000Z</time>
   </trkpt>
   <trkpt lat="-8.094718" lon="-34.916693">
    <ele>9.3</ele>
    <time>2020-02-12T23:44:10.000Z</time>
   </trkpt>
   <trkpt lat="-8.094758" lon="-34.916703">
    <ele>9.3</ele>
    <time>2020-02-12T23:44:11.000Z</time>
   </trkpt>
   <trkpt lat="-8.094796" lon="-34.916718">
    <ele>9.3</ele>
    <time>2020-02-12T23:44:12.000Z</time>
   </trkpt>
   <trkpt lat="-8.09483" lon="-34.916732">
    <ele>9.3</ele>
    <time>2020-02-12T23:44:13.000Z</time>
   </trkpt>
   <trkpt lat="-8.094855" lon="-34.916752">
    <ele>9.3</ele>
    <time>2020-02-12T23:44:14.000Z</time>
   </trkpt>
   <trkpt lat="-8.094881" lon="-34.91676">
    <ele>9.3</ele>
    <time>2020-02-12T23:44:15.000Z</time>
   </trkpt>
   <trkpt lat="-8.094908" lon="-34.916772">
    <ele>9.2</ele>
    <time>2020-02-12T23:44:16.000Z</time>
   </trkpt>
   <trkpt lat="-8.094952" lon="-34.916794">
    <ele>9.2</ele>
    <time>2020-02-12T23:44:18.000Z</time>
   </trkpt>
   <trkpt lat="-8.095003" lon="-34.916806">
    <ele>9.3</ele>
    <time>2020-02-12T23:44:20.000Z</time>
   </trkpt>
   <trkpt lat="-8.095061" lon="-34.916852">
    <ele>9.3</ele>
    <time>2020-02-12T23:44:22.000Z</time>
   </trkpt>
   <trkpt lat="-8.09511" lon="-34.916865">
    <ele>9.4</ele>
    <time>2020-02-12T23:44:23.000Z</time>
   </trkpt>
   <trkpt lat="-8.095167" lon="-34.916879">
    <ele>9.5</ele>
    <time>2020-02-12T23:44:24.000Z</time>
   </trkpt>
   <trkpt lat="-8.095215" lon="-34.91688">
    <ele>9.6</ele>
    <time>2020-02-12T23:44:25.000Z</time>
   </trkpt>
   <trkpt lat="-8.095265" lon="-34.916868">
    <ele>9.7</ele>
    <time>2020-02-12T23:44:26.000Z</time>
   </trkpt>
   <trkpt lat="-8.095315" lon="-34.916879">
    <ele>9.7</ele>
    <time>2020-02-12T23:44:27.000Z</time>
   </trkpt>
   <trkpt lat="-8.095365" lon="-34.9169">
    <ele>9.6</ele>
    <time>2020-02-12T23:44:28.000Z</time>
   </trkpt>
   <trkpt lat="-8.095412" lon="-34.916914">
    <ele>9.6</ele>
    <time>2020-02-12T23:44:29.000Z</time>
   </trkpt>
   <trkpt lat="-8.095467" lon="-34.916912">
    <ele>9.5</ele>
    <time>2020-02-12T23:44:30.000Z</time>
   </trkpt>
   <trkpt lat="-8.095514" lon="-34.916897">
    <ele>9.4</ele>
    <time>2020-02-12T23:44:31.000Z</time>
   </trkpt>
   <trkpt lat="-8.095558" lon="-34.916854">
    <ele>9.3</ele>
    <time>2020-02-12T23:44:32.000Z</time>
   </trkpt>
   <trkpt lat="-8.095587" lon="-34.916826">
    <ele>9.2</ele>
    <time>2020-02-12T23:44:33.000Z</time>
   </trkpt>
   <trkpt lat="-8.095611" lon="-34.916793">
    <ele>9.1</ele>
    <time>2020-02-12T23:44:34.000Z</time>
   </trkpt>
   <trkpt lat="-8.095637" lon="-34.916766">
    <ele>9</ele>
    <time>2020-02-12T23:44:35.000Z</time>
   </trkpt>
   <trkpt lat="-8.095663" lon="-34.916734">
    <ele>8.9</ele>
    <time>2020-02-12T23:44:36.000Z</time>
   </trkpt>
   <trkpt lat="-8.095691" lon="-34.916693">
    <ele>8.8</ele>
    <time>2020-02-12T23:44:37.000Z</time>
   </trkpt>
   <trkpt lat="-8.095722" lon="-34.916655">
    <ele>8.7</ele>
    <time>2020-02-12T23:44:38.000Z</time>
   </trkpt>
   <trkpt lat="-8.09573" lon="-34.916611">
    <ele>8.6</ele>
    <time>2020-02-12T23:44:39.000Z</time>
   </trkpt>
   <trkpt lat="-8.095744" lon="-34.916561">
    <ele>8.6</ele>
    <time>2020-02-12T23:44:40.000Z</time>
   </trkpt>
   <trkpt lat="-8.095757" lon="-34.916518">
    <ele>8.5</ele>
    <time>2020-02-12T23:44:41.000Z</time>
   </trkpt>
   <trkpt lat="-8.095773" lon="-34.916473">
    <ele>8.4</ele>
    <time>2020-02-12T23:44:42.000Z</time>
   </trkpt>
   <trkpt lat="-8.095786" lon="-34.916424">
    <ele>8.2</ele>
    <time>2020-02-12T23:44:43.000Z</time>
   </trkpt>
   <trkpt lat="-8.095796" lon="-34.916374">
    <ele>8</ele>
    <time>2020-02-12T23:44:44.000Z</time>
   </trkpt>
   <trkpt lat="-8.095822" lon="-34.916339">
    <ele>7.8</ele>
    <time>2020-02-12T23:44:45.000Z</time>
   </trkpt>
   <trkpt lat="-8.095839" lon="-34.916289">
    <ele>7.7</ele>
    <time>2020-02-12T23:44:46.000Z</time>
   </trkpt>
   <trkpt lat="-8.095854" lon="-34.916238">
    <ele>7.6</ele>
    <time>2020-02-12T23:44:47.000Z</time>
   </trkpt>
   <trkpt lat="-8.09587" lon="-34.916195">
    <ele>7.5</ele>
    <time>2020-02-12T23:44:48.000Z</time>
   </trkpt>
   <trkpt lat="-8.095893" lon="-34.916156">
    <ele>7.4</ele>
    <time>2020-02-12T23:44:49.000Z</time>
   </trkpt>
   <trkpt lat="-8.095908" lon="-34.916127">
    <ele>7.3</ele>
    <time>2020-02-12T23:44:50.000Z</time>
   </trkpt>
   <trkpt lat="-8.09593" lon="-34.916097">
    <ele>7.3</ele>
    <time>2020-02-12T23:44:51.000Z</time>
   </trkpt>
   <trkpt lat="-8.095955" lon="-34.916065">
    <ele>7.2</ele>
    <time>2020-02-12T23:44:52.000Z</time>
   </trkpt>
   <trkpt lat="-8.095973" lon="-34.91603">
    <ele>7.1</ele>
    <time>2020-02-12T23:44:53.000Z</time>
   </trkpt>
   <trkpt lat="-8.095997" lon="-34.915987">
    <ele>7</ele>
    <time>2020-02-12T23:44:54.000Z</time>
   </trkpt>
   <trkpt lat="-8.096017" lon="-34.915957">
    <ele>6.9</ele>
    <time>2020-02-12T23:44:55.000Z</time>
   </trkpt>
   <trkpt lat="-8.096046" lon="-34.915924">
    <ele>6.8</ele>
    <time>2020-02-12T23:44:56.000Z</time>
   </trkpt>
   <trkpt lat="-8.096078" lon="-34.915894">
    <ele>6.7</ele>
    <time>2020-02-12T23:44:57.000Z</time>
   </trkpt>
   <trkpt lat="-8.096102" lon="-34.915859">
    <ele>6.6</ele>
    <time>2020-02-12T23:44:58.000Z</time>
   </trkpt>
   <trkpt lat="-8.096119" lon="-34.91583">
    <ele>6.5</ele>
    <time>2020-02-12T23:44:59.000Z</time>
   </trkpt>
   <trkpt lat="-8.096139" lon="-34.9158">
    <ele>6.4</ele>
    <time>2020-02-12T23:45:00.000Z</time>
   </trkpt>
   <trkpt lat="-8.096172" lon="-34.915761">
    <ele>6.3</ele>
    <time>2020-02-12T23:45:01.000Z</time>
   </trkpt>
   <trkpt lat="-8.096197" lon="-34.915735">
    <ele>6.2</ele>
    <time>2020-02-12T23:45:02.000Z</time>
   </trkpt>
   <trkpt lat="-8.096227" lon="-34.915717">
    <ele>6.1</ele>
    <time>2020-02-12T23:45:03.000Z</time>
   </trkpt>
   <trkpt lat="-8.09626" lon="-34.915696">
    <ele>6.1</ele>
    <time>2020-02-12T23:45:05.000Z</time>
   </trkpt>
   <trkpt lat="-8.096292" lon="-34.915701">
    <ele>6</ele>
    <time>2020-02-12T23:45:06.000Z</time>
   </trkpt>
   <trkpt lat="-8.096332" lon="-34.915708">
    <ele>6</ele>
    <time>2020-02-12T23:45:07.000Z</time>
   </trkpt>
   <trkpt lat="-8.096375" lon="-34.915712">
    <ele>6</ele>
    <time>2020-02-12T23:45:08.000Z</time>
   </trkpt>
   <trkpt lat="-8.096415" lon="-34.915722">
    <ele>5.9</ele>
    <time>2020-02-12T23:45:09.000Z</time>
   </trkpt>
   <trkpt lat="-8.09647" lon="-34.915726">
    <ele>5.9</ele>
    <time>2020-02-12T23:45:10.000Z</time>
   </trkpt>
   <trkpt lat="-8.0965" lon="-34.915717">
    <ele>5.9</ele>
    <time>2020-02-12T23:45:11.000Z</time>
   </trkpt>
   <trkpt lat="-8.096534" lon="-34.915703">
    <ele>5.9</ele>
    <time>2020-02-12T23:45:12.000Z</time>
   </trkpt>
   <trkpt lat="-8.096547" lon="-34.915669">
    <ele>5.9</ele>
    <time>2020-02-12T23:45:13.000Z</time>
   </trkpt>
   <trkpt lat="-8.096563" lon="-34.915634">
    <ele>5.8</ele>
    <time>2020-02-12T23:45:14.000Z</time>
   </trkpt>
   <trkpt lat="-8.096582" lon="-34.915604">
    <ele>5.8</ele>
    <time>2020-02-12T23:45:15.000Z</time>
   </trkpt>
   <trkpt lat="-8.096592" lon="-34.915567">
    <ele>5.9</ele>
    <time>2020-02-12T23:45:16.000Z</time>
   </trkpt>
   <trkpt lat="-8.096603" lon="-34.915533">
    <ele>5.9</ele>
    <time>2020-02-12T23:45:17.000Z</time>
   </trkpt>
   <trkpt lat="-8.096609" lon="-34.915497">
    <ele>5.9</ele>
    <time>2020-02-12T23:45:18.000Z</time>
   </trkpt>
   <trkpt lat="-8.096613" lon="-34.91544">
    <ele>5.9</ele>
    <time>2020-02-12T23:45:19.000Z</time>
   </trkpt>
   <trkpt lat="-8.096617" lon="-34.915389">
    <ele>5.9</ele>
    <time>2020-02-12T23:45:20.000Z</time>
   </trkpt>
   <trkpt lat="-8.096628" lon="-34.915343">
    <ele>6</ele>
    <time>2020-02-12T23:45:21.000Z</time>
   </trkpt>
   <trkpt lat="-8.096632" lon="-34.915292">
    <ele>6</ele>
    <time>2020-02-12T23:45:22.000Z</time>
   </trkpt>
   <trkpt lat="-8.096642" lon="-34.915244">
    <ele>6</ele>
    <time>2020-02-12T23:45:23.000Z</time>
   </trkpt>
   <trkpt lat="-8.096648" lon="-34.915203">
    <ele>6</ele>
    <time>2020-02-12T23:45:24.000Z</time>
   </trkpt>
   <trkpt lat="-8.096659" lon="-34.91516">
    <ele>6</ele>
    <time>2020-02-12T23:45:25.000Z</time>
   </trkpt>
   <trkpt lat="-8.096665" lon="-34.915123">
    <ele>6.2</ele>
    <time>2020-02-12T23:45:26.000Z</time>
   </trkpt>
   <trkpt lat="-8.096683" lon="-34.915083">
    <ele>6.3</ele>
    <time>2020-02-12T23:45:27.000Z</time>
   </trkpt>
   <trkpt lat="-8.096694" lon="-34.915032">
    <ele>6.3</ele>
    <time>2020-02-12T23:45:29.000Z</time>
   </trkpt>
   <trkpt lat="-8.096698" lon="-34.915003">
    <ele>6.4</ele>
    <time>2020-02-12T23:45:31.000Z</time>
   </trkpt>
   <trkpt lat="-8.096703" lon="-34.914969">
    <ele>6.4</ele>
    <time>2020-02-12T23:45:33.000Z</time>
   </trkpt>
   <trkpt lat="-8.096701" lon="-34.914938">
    <ele>6.5</ele>
    <time>2020-02-12T23:45:34.000Z</time>
   </trkpt>
   <trkpt lat="-8.096688" lon="-34.914907">
    <ele>6.5</ele>
    <time>2020-02-12T23:45:37.000Z</time>
   </trkpt>
   <trkpt lat="-8.096679" lon="-34.914871">
    <ele>6.5</ele>
    <time>2020-02-12T23:45:40.000Z</time>
   </trkpt>
   <trkpt lat="-8.096653" lon="-34.914861">
    <ele>6.5</ele>
    <time>2020-02-12T23:45:44.000Z</time>
   </trkpt>
   <trkpt lat="-8.096636" lon="-34.914859">
    <ele>6.5</ele>
    <time>2020-02-12T23:45:46.000Z</time>
   </trkpt>
   <trkpt lat="-8.094051" lon="-34.911366">
    <ele>7.3</ele>
    <time>2020-02-13T00:16:17.000Z</time>
   </trkpt>
   <trkpt lat="-8.094012" lon="-34.911354">
    <ele>7.3</ele>
    <time>2020-02-13T00:16:19.000Z</time>
   </trkpt>
   <trkpt lat="-8.093979" lon="-34.911337">
    <ele>7.3</ele>
    <time>2020-02-13T00:16:21.000Z</time>
   </trkpt>
   <trkpt lat="-8.093943" lon="-34.911316">
    <ele>7.2</ele>
    <time>2020-02-13T00:16:23.000Z</time>
   </trkpt>
   <trkpt lat="-8.093913" lon="-34.911318">
    <ele>7.2</ele>
    <time>2020-02-13T00:16:24.000Z</time>
   </trkpt>
   <trkpt lat="-8.093882" lon="-34.911323">
    <ele>7.2</ele>
    <time>2020-02-13T00:16:25.000Z</time>
   </trkpt>
   <trkpt lat="-8.093839" lon="-34.911322">
    <ele>7.2</ele>
    <time>2020-02-13T00:16:27.000Z</time>
   </trkpt>
   <trkpt lat="-8.093806" lon="-34.911313">
    <ele>7.2</ele>
    <time>2020-02-13T00:16:28.000Z</time>
   </trkpt>
   <trkpt lat="-8.093763" lon="-34.911301">
    <ele>7.1</ele>
    <time>2020-02-13T00:16:29.000Z</time>
   </trkpt>
   <trkpt lat="-8.09373" lon="-34.911289">
    <ele>7.1</ele>
    <time>2020-02-13T00:16:30.000Z</time>
   </trkpt>
   <trkpt lat="-8.093697" lon="-34.911284">
    <ele>7.1</ele>
    <time>2020-02-13T00:16:31.000Z</time>
   </trkpt>
   <trkpt lat="-8.093657" lon="-34.911281">
    <ele>7.1</ele>
    <time>2020-02-13T00:16:32.000Z</time>
   </trkpt>
   <trkpt lat="-8.093616" lon="-34.911273">
    <ele>7.1</ele>
    <time>2020-02-13T00:16:33.000Z</time>
   </trkpt>
   <trkpt lat="-8.093583" lon="-34.911256">
    <ele>7.1</ele>
    <time>2020-02-13T00:16:34.000Z</time>
   </trkpt>
   <trkpt lat="-8.093541" lon="-34.911253">
    <ele>7</ele>
    <time>2020-02-13T00:16:35.000Z</time>
   </trkpt>
   <trkpt lat="-8.093506" lon="-34.911246">
    <ele>7</ele>
    <time>2020-02-13T00:16:36.000Z</time>
   </trkpt>
   <trkpt lat="-8.093471" lon="-34.911246">
    <ele>7</ele>
    <time>2020-02-13T00:16:37.000Z</time>
   </trkpt>
   <trkpt lat="-8.093436" lon="-34.911243">
    <ele>7</ele>
    <time>2020-02-13T00:16:38.000Z</time>
   </trkpt>
   <trkpt lat="-8.093395" lon="-34.911234">
    <ele>7</ele>
    <time>2020-02-13T00:16:39.000Z</time>
   </trkpt>
   <trkpt lat="-8.093359" lon="-34.911229">
    <ele>7.1</ele>
    <time>2020-02-13T00:16:40.000Z</time>
   </trkpt>
   <trkpt lat="-8.093324" lon="-34.911214">
    <ele>7.1</ele>
    <time>2020-02-13T00:16:41.000Z</time>
   </trkpt>
   <trkpt lat="-8.093288" lon="-34.911186">
    <ele>7.1</ele>
    <time>2020-02-13T00:16:42.000Z</time>
   </trkpt>
   <trkpt lat="-8.093252" lon="-34.911177">
    <ele>7.2</ele>
    <time>2020-02-13T00:16:43.000Z</time>
   </trkpt>
   <trkpt lat="-8.093209" lon="-34.911168">
    <ele>7.2</ele>
    <time>2020-02-13T00:16:44.000Z</time>
   </trkpt>
   <trkpt lat="-8.093171" lon="-34.911168">
    <ele>7.2</ele>
    <time>2020-02-13T00:16:45.000Z</time>
   </trkpt>
   <trkpt lat="-8.093126" lon="-34.911162">
    <ele>7.3</ele>
    <time>2020-02-13T00:16:46.000Z</time>
   </trkpt>
   <trkpt lat="-8.093092" lon="-34.91115">
    <ele>7.3</ele>
    <time>2020-02-13T00:16:47.000Z</time>
   </trkpt>
   <trkpt lat="-8.093056" lon="-34.911141">
    <ele>7.3</ele>
    <time>2020-02-13T00:16:48.000Z</time>
   </trkpt>
   <trkpt lat="-8.093019" lon="-34.911131">
    <ele>7.3</ele>
    <time>2020-02-13T00:16:49.000Z</time>
   </trkpt>
   <trkpt lat="-8.09298" lon="-34.911124">
    <ele>7.4</ele>
    <time>2020-02-13T00:16:50.000Z</time>
   </trkpt>
   <trkpt lat="-8.09294" lon="-34.911113">
    <ele>7.5</ele>
    <time>2020-02-13T00:16:51.000Z</time>
   </trkpt>
   <trkpt lat="-8.092903" lon="-34.911103">
    <ele>7.5</ele>
    <time>2020-02-13T00:16:52.000Z</time>
   </trkpt>
   <trkpt lat="-8.092871" lon="-34.911092">
    <ele>7.6</ele>
    <time>2020-02-13T00:16:53.000Z</time>
   </trkpt>
   <trkpt lat="-8.092839" lon="-34.91108">
    <ele>7.6</ele>
    <time>2020-02-13T00:16:54.000Z</time>
   </trkpt>
   <trkpt lat="-8.092791" lon="-34.911072">
    <ele>7.7</ele>
    <time>2020-02-13T00:16:55.000Z</time>
   </trkpt>
   <trkpt lat="-8.092754" lon="-34.911058">
    <ele>7.7</ele>
    <time>2020-02-13T00:16:56.000Z</time>
   </trkpt>
   <trkpt lat="-8.09271" lon="-34.911054">
    <ele>7.7</ele>
    <time>2020-02-13T00:16:57.000Z</time>
   </trkpt>
   <trkpt lat="-8.092673" lon="-34.911049">
    <ele>7.6</ele>
    <time>2020-02-13T00:16:58.000Z</time>
   </trkpt>
   <trkpt lat="-8.092636" lon="-34.911041">
    <ele>7.6</ele>
    <time>2020-02-13T00:16:59.000Z</time>
   </trkpt>
   <trkpt lat="-8.092597" lon="-34.911021">
    <ele>7.5</ele>
    <time>2020-02-13T00:17:00.000Z</time>
   </trkpt>
   <trkpt lat="-8.092558" lon="-34.911013">
    <ele>7.4</ele>
    <time>2020-02-13T00:17:01.000Z</time>
   </trkpt>
   <trkpt lat="-8.092528" lon="-34.911001">
    <ele>7.3</ele>
    <time>2020-02-13T00:17:02.000Z</time>
   </trkpt>
   <trkpt lat="-8.092483" lon="-34.911005">
    <ele>7.2</ele>
    <time>2020-02-13T00:17:03.000Z</time>
   </trkpt>
   <trkpt lat="-8.09244" lon="-34.910987">
    <ele>7</ele>
    <time>2020-02-13T00:17:04.000Z</time>
   </trkpt>
   <trkpt lat="-8.0924" lon="-34.910982">
    <ele>7</ele>
    <time>2020-02-13T00:17:05.000Z</time>
   </trkpt>
   <trkpt lat="-8.092364" lon="-34.910966">
    <ele>6.9</ele>
    <time>2020-02-13T00:17:06.000Z</time>
   </trkpt>
   <trkpt lat="-8.092332" lon="-34.910965">
    <ele>6.9</ele>
    <time>2020-02-13T00:17:07.000Z</time>
   </trkpt>
   <trkpt lat="-8.092302" lon="-34.910967">
    <ele>6.9</ele>
    <time>2020-02-13T00:17:08.000Z</time>
   </trkpt>
   <trkpt lat="-8.092265" lon="-34.910963">
    <ele>6.8</ele>
    <time>2020-02-13T00:17:09.000Z</time>
   </trkpt>
   <trkpt lat="-8.092227" lon="-34.910952">
    <ele>6.8</ele>
    <time>2020-02-13T00:17:10.000Z</time>
   </trkpt>
   <trkpt lat="-8.092198" lon="-34.910946">
    <ele>6.8</ele>
    <time>2020-02-13T00:17:11.000Z</time>
   </trkpt>
   <trkpt lat="-8.092164" lon="-34.910936">
    <ele>6.9</ele>
    <time>2020-02-13T00:17:12.000Z</time>
   </trkpt>
   <trkpt lat="-8.092136" lon="-34.910931">
    <ele>6.9</ele>
    <time>2020-02-13T00:17:13.000Z</time>
   </trkpt>
   <trkpt lat="-8.092095" lon="-34.910912">
    <ele>6.9</ele>
    <time>2020-02-13T00:17:14.000Z</time>
   </trkpt>
   <trkpt lat="-8.092059" lon="-34.9109">
    <ele>6.9</ele>
    <time>2020-02-13T00:17:15.000Z</time>
   </trkpt>
   <trkpt lat="-8.092024" lon="-34.910889">
    <ele>7</ele>
    <time>2020-02-13T00:17:16.000Z</time>
   </trkpt>
   <trkpt lat="-8.091989" lon="-34.910881">
    <ele>7.1</ele>
    <time>2020-02-13T00:17:17.000Z</time>
   </trkpt>
   <trkpt lat="-8.091956" lon="-34.910876">
    <ele>7.1</ele>
    <time>2020-02-13T00:17:18.000Z</time>
   </trkpt>
   <trkpt lat="-8.091919" lon="-34.910875">
    <ele>7.2</ele>
    <time>2020-02-13T00:17:19.000Z</time>
   </trkpt>
   <trkpt lat="-8.091876" lon="-34.910863">
    <ele>7.3</ele>
    <time>2020-02-13T00:17:20.000Z</time>
   </trkpt>
   <trkpt lat="-8.091844" lon="-34.910854">
    <ele>7.3</ele>
    <time>2020-02-13T00:17:21.000Z</time>
   </trkpt>
   <trkpt lat="-8.091809" lon="-34.910856">
    <ele>7.4</ele>
    <time>2020-02-13T00:17:22.000Z</time>
   </trkpt>
   <trkpt lat="-8.091777" lon="-34.910839">
    <ele>7.3</ele>
    <time>2020-02-13T00:17:23.000Z</time>
   </trkpt>
   <trkpt lat="-8.091744" lon="-34.91083">
    <ele>7.3</ele>
    <time>2020-02-13T00:17:24.000Z</time>
   </trkpt>
   <trkpt lat="-8.091707" lon="-34.91082">
    <ele>7.2</ele>
    <time>2020-02-13T00:17:25.000Z</time>
   </trkpt>
   <trkpt lat="-8.091668" lon="-34.910812">
    <ele>7.1</ele>
    <time>2020-02-13T00:17:26.000Z</time>
   </trkpt>
   <trkpt lat="-8.091613" lon="-34.910815">
    <ele>7.1</ele>
    <time>2020-02-13T00:17:27.000Z</time>
   </trkpt>
   <trkpt lat="-8.091571" lon="-34.910802">
    <ele>7</ele>
    <time>2020-02-13T00:17:28.000Z</time>
   </trkpt>
   <trkpt lat="-8.091533" lon="-34.910779">
    <ele>7</ele>
    <time>2020-02-13T00:17:29.000Z</time>
   </trkpt>
   <trkpt lat="-8.0915" lon="-34.91077">
    <ele>6.9</ele>
    <time>2020-02-13T00:17:30.000Z</time>
   </trkpt>
   <trkpt lat="-8.091463" lon="-34.910763">
    <ele>6.9</ele>
    <time>2020-02-13T00:17:31.000Z</time>
   </trkpt>
   <trkpt lat="-8.091429" lon="-34.910759">
    <ele>6.9</ele>
    <time>2020-02-13T00:17:32.000Z</time>
   </trkpt>
   <trkpt lat="-8.0914" lon="-34.910753">
    <ele>6.9</ele>
    <time>2020-02-13T00:17:33.000Z</time>
   </trkpt>
   <trkpt lat="-8.091362" lon="-34.910742">
    <ele>6.9</ele>
    <time>2020-02-13T00:17:34.000Z</time>
   </trkpt>
   <trkpt lat="-8.091329" lon="-34.910731">
    <ele>6.9</ele>
    <time>2020-02-13T00:17:35.000Z</time>
   </trkpt>
   <trkpt lat="-8.091293" lon="-34.910724">
    <ele>7</ele>
    <time>2020-02-13T00:17:36.000Z</time>
   </trkpt>
   <trkpt lat="-8.091257" lon="-34.910722">
    <ele>7</ele>
    <time>2020-02-13T00:17:37.000Z</time>
   </trkpt>
   <trkpt lat="-8.091217" lon="-34.910728">
    <ele>7</ele>
    <time>2020-02-13T00:17:38.000Z</time>
   </trkpt>
   <trkpt lat="-8.091181" lon="-34.910721">
    <ele>7</ele>
    <time>2020-02-13T00:17:39.000Z</time>
   </trkpt>
   <trkpt lat="-8.091143" lon="-34.910715">
    <ele>7</ele>
    <time>2020-02-13T00:17:40.000Z</time>
   </trkpt>
   <trkpt lat="-8.091103" lon="-34.910703">
    <ele>7</ele>
    <time>2020-02-13T00:17:41.000Z</time>
   </trkpt>
   <trkpt lat="-8.091059" lon="-34.910689">
    <ele>7</ele>
    <time>2020-02-13T00:17:42.000Z</time>
   </trkpt>
   <trkpt lat="-8.091014" lon="-34.910674">
    <ele>7</ele>
    <time>2020-02-13T00:17:43.000Z</time>
   </trkpt>
   <trkpt lat="-8.090972" lon="-34.91066">
    <ele>7</ele>
    <time>2020-02-13T00:17:44.000Z</time>
   </trkpt>
   <trkpt lat="-8.090933" lon="-34.910653">
    <ele>7</ele>
    <time>2020-02-13T00:17:45.000Z</time>
   </trkpt>
   <trkpt lat="-8.090881" lon="-34.91065">
    <ele>7.4</ele>
    <time>2020-02-13T00:17:46.000Z</time>
   </trkpt>
   <trkpt lat="-8.090841" lon="-34.910643">
    <ele>7.7</ele>
    <time>2020-02-13T00:17:47.000Z</time>
   </trkpt>
   <trkpt lat="-8.090801" lon="-34.910627">
    <ele>7.9</ele>
    <time>2020-02-13T00:17:48.000Z</time>
   </trkpt>
   <trkpt lat="-8.090758" lon="-34.91062">
    <ele>8.1</ele>
    <time>2020-02-13T00:17:49.000Z</time>
   </trkpt>
   <trkpt lat="-8.090702" lon="-34.910608">
    <ele>8.3</ele>
    <time>2020-02-13T00:17:50.000Z</time>
   </trkpt>
   <trkpt lat="-8.090664" lon="-34.910601">
    <ele>8.5</ele>
    <time>2020-02-13T00:17:51.000Z</time>
   </trkpt>
   <trkpt lat="-8.090627" lon="-34.910594">
    <ele>8.6</ele>
    <time>2020-02-13T00:17:52.000Z</time>
   </trkpt>
   <trkpt lat="-8.090591" lon="-34.910587">
    <ele>8.7</ele>
    <time>2020-02-13T00:17:53.000Z</time>
   </trkpt>
   <trkpt lat="-8.090552" lon="-34.910577">
    <ele>8.8</ele>
    <time>2020-02-13T00:17:54.000Z</time>
   </trkpt>
   <trkpt lat="-8.090516" lon="-34.910566">
    <ele>8.8</ele>
    <time>2020-02-13T00:17:55.000Z</time>
   </trkpt>
   <trkpt lat="-8.090483" lon="-34.910559">
    <ele>8.9</ele>
    <time>2020-02-13T00:17:56.000Z</time>
   </trkpt>
   <trkpt lat="-8.090446" lon="-34.910553">
    <ele>8.9</ele>
    <time>2020-02-13T00:17:57.000Z</time>
   </trkpt>
   <trkpt lat="-8.090411" lon="-34.910548">
    <ele>9</ele>
    <time>2020-02-13T00:17:58.000Z</time>
   </trkpt>
   <trkpt lat="-8.090374" lon="-34.910553">
    <ele>9</ele>
    <time>2020-02-13T00:17:59.000Z</time>
   </trkpt>
   <trkpt lat="-8.090337" lon="-34.910542">
    <ele>9</ele>
    <time>2020-02-13T00:18:00.000Z</time>
   </trkpt>
   <trkpt lat="-8.090295" lon="-34.910532">
    <ele>9</ele>
    <time>2020-02-13T00:18:01.000Z</time>
   </trkpt>
   <trkpt lat="-8.090252" lon="-34.910521">
    <ele>9</ele>
    <time>2020-02-13T00:18:02.000Z</time>
   </trkpt>
   <trkpt lat="-8.090211" lon="-34.910511">
    <ele>9</ele>
    <time>2020-02-13T00:18:03.000Z</time>
   </trkpt>
   <trkpt lat="-8.090171" lon="-34.910512">
    <ele>9</ele>
    <time>2020-02-13T00:18:04.000Z</time>
   </trkpt>
   <trkpt lat="-8.090128" lon="-34.910501">
    <ele>9</ele>
    <time>2020-02-13T00:18:05.000Z</time>
   </trkpt>
   <trkpt lat="-8.090092" lon="-34.910487">
    <ele>9</ele>
    <time>2020-02-13T00:18:06.000Z</time>
   </trkpt>
   <trkpt lat="-8.090058" lon="-34.910483">
    <ele>9</ele>
    <time>2020-02-13T00:18:07.000Z</time>
   </trkpt>
   <trkpt lat="-8.090014" lon="-34.910462">
    <ele>9</ele>
    <time>2020-02-13T00:18:08.000Z</time>
   </trkpt>
   <trkpt lat="-8.089972" lon="-34.910457">
    <ele>9</ele>
    <time>2020-02-13T00:18:09.000Z</time>
   </trkpt>
   <trkpt lat="-8.089936" lon="-34.910451">
    <ele>9</ele>
    <time>2020-02-13T00:18:10.000Z</time>
   </trkpt>
   <trkpt lat="-8.089901" lon="-34.910434">
    <ele>9</ele>
    <time>2020-02-13T00:18:11.000Z</time>
   </trkpt>
   <trkpt lat="-8.089865" lon="-34.910426">
    <ele>9</ele>
    <time>2020-02-13T00:18:12.000Z</time>
   </trkpt>
   <trkpt lat="-8.089818" lon="-34.910422">
    <ele>9</ele>
    <time>2020-02-13T00:18:13.000Z</time>
   </trkpt>
   <trkpt lat="-8.089778" lon="-34.910402">
    <ele>9</ele>
    <time>2020-02-13T00:18:14.000Z</time>
   </trkpt>
   <trkpt lat="-8.089744" lon="-34.910397">
    <ele>9</ele>
    <time>2020-02-13T00:18:15.000Z</time>
   </trkpt>
   <trkpt lat="-8.089708" lon="-34.910385">
    <ele>9</ele>
    <time>2020-02-13T00:18:16.000Z</time>
   </trkpt>
   <trkpt lat="-8.089674" lon="-34.910378">
    <ele>9</ele>
    <time>2020-02-13T00:18:17.000Z</time>
   </trkpt>
   <trkpt lat="-8.089641" lon="-34.910375">
    <ele>9</ele>
    <time>2020-02-13T00:18:18.000Z</time>
   </trkpt>
   <trkpt lat="-8.089602" lon="-34.910345">
    <ele>9</ele>
    <time>2020-02-13T00:18:19.000Z</time>
   </trkpt>
   <trkpt lat="-8.089563" lon="-34.910325">
    <ele>8.9</ele>
    <time>2020-02-13T00:18:20.000Z</time>
   </trkpt>
   <trkpt lat="-8.089534" lon="-34.910301">
    <ele>9</ele>
    <time>2020-02-13T00:18:21.000Z</time>
   </trkpt>
   <trkpt lat="-8.089523" lon="-34.910262">
    <ele>9</ele>
    <time>2020-02-13T00:18:22.000Z</time>
   </trkpt>
   <trkpt lat="-8.089529" lon="-34.910223">
    <ele>9</ele>
    <time>2020-02-13T00:18:23.000Z</time>
   </trkpt>
   <trkpt lat="-8.089548" lon="-34.910186">
    <ele>8.9</ele>
    <time>2020-02-13T00:18:24.000Z</time>
   </trkpt>
   <trkpt lat="-8.089573" lon="-34.910153">
    <ele>8.9</ele>
    <time>2020-02-13T00:18:25.000Z</time>
   </trkpt>
   <trkpt lat="-8.089596" lon="-34.910116">
    <ele>8.9</ele>
    <time>2020-02-13T00:18:26.000Z</time>
   </trkpt>
   <trkpt lat="-8.089624" lon="-34.91009">
    <ele>8.9</ele>
    <time>2020-02-13T00:18:27.000Z</time>
   </trkpt>
   <trkpt lat="-8.089655" lon="-34.910062">
    <ele>8.8</ele>
    <time>2020-02-13T00:18:28.000Z</time>
   </trkpt>
   <trkpt lat="-8.089684" lon="-34.910034">
    <ele>8.7</ele>
    <time>2020-02-13T00:18:29.000Z</time>
   </trkpt>
   <trkpt lat="-8.089711" lon="-34.91001">
    <ele>8.7</ele>
    <time>2020-02-13T00:18:30.000Z</time>
   </trkpt>
   <trkpt lat="-8.089744" lon="-34.909981">
    <ele>8.6</ele>
    <time>2020-02-13T00:18:31.000Z</time>
   </trkpt>
   <trkpt lat="-8.089781" lon="-34.909962">
    <ele>8.5</ele>
    <time>2020-02-13T00:18:32.000Z</time>
   </trkpt>
   <trkpt lat="-8.089815" lon="-34.909942">
    <ele>8.4</ele>
    <time>2020-02-13T00:18:33.000Z</time>
   </trkpt>
   <trkpt lat="-8.089842" lon="-34.909906">
    <ele>8.3</ele>
    <time>2020-02-13T00:18:34.000Z</time>
   </trkpt>
   <trkpt lat="-8.089878" lon="-34.90988">
    <ele>8.2</ele>
    <time>2020-02-13T00:18:35.000Z</time>
   </trkpt>
   <trkpt lat="-8.089909" lon="-34.90985">
    <ele>8.1</ele>
    <time>2020-02-13T00:18:36.000Z</time>
   </trkpt>
   <trkpt lat="-8.089944" lon="-34.909819">
    <ele>8</ele>
    <time>2020-02-13T00:18:37.000Z</time>
   </trkpt>
   <trkpt lat="-8.089969" lon="-34.909784">
    <ele>7.9</ele>
    <time>2020-02-13T00:18:38.000Z</time>
   </trkpt>
   <trkpt lat="-8.089994" lon="-34.909759">
    <ele>7.8</ele>
    <time>2020-02-13T00:18:39.000Z</time>
   </trkpt>
   <trkpt lat="-8.090046" lon="-34.909718">
    <ele>7.7</ele>
    <time>2020-02-13T00:18:41.000Z</time>
   </trkpt>
   <trkpt lat="-8.090078" lon="-34.909688">
    <ele>7.7</ele>
    <time>2020-02-13T00:18:42.000Z</time>
   </trkpt>
   <trkpt lat="-8.090111" lon="-34.909658">
    <ele>7.6</ele>
    <time>2020-02-13T00:18:43.000Z</time>
   </trkpt>
   <trkpt lat="-8.090144" lon="-34.909628">
    <ele>7.6</ele>
    <time>2020-02-13T00:18:44.000Z</time>
   </trkpt>
   <trkpt lat="-8.090171" lon="-34.909614">
    <ele>7.5</ele>
    <time>2020-02-13T00:18:45.000Z</time>
   </trkpt>
   <trkpt lat="-8.090203" lon="-34.909588">
    <ele>7.4</ele>
    <time>2020-02-13T00:18:46.000Z</time>
   </trkpt>
   <trkpt lat="-8.090228" lon="-34.909555">
    <ele>7.4</ele>
    <time>2020-02-13T00:18:47.000Z</time>
   </trkpt>
   <trkpt lat="-8.090259" lon="-34.909523">
    <ele>7.5</ele>
    <time>2020-02-13T00:18:48.000Z</time>
   </trkpt>
   <trkpt lat="-8.090291" lon="-34.909491">
    <ele>7.5</ele>
    <time>2020-02-13T00:18:49.000Z</time>
   </trkpt>
   <trkpt lat="-8.090319" lon="-34.909458">
    <ele>7.5</ele>
    <time>2020-02-13T00:18:50.000Z</time>
   </trkpt>
   <trkpt lat="-8.090345" lon="-34.90943">
    <ele>7.6</ele>
    <time>2020-02-13T00:18:51.000Z</time>
   </trkpt>
   <trkpt lat="-8.090379" lon="-34.9094">
    <ele>7.7</ele>
    <time>2020-02-13T00:18:52.000Z</time>
   </trkpt>
   <trkpt lat="-8.090416" lon="-34.90937">
    <ele>7.7</ele>
    <time>2020-02-13T00:18:53.000Z</time>
   </trkpt>
   <trkpt lat="-8.09045" lon="-34.909342">
    <ele>7.5</ele>
    <time>2020-02-13T00:18:54.000Z</time>
   </trkpt>
   <trkpt lat="-8.09048" lon="-34.90931">
    <ele>7.6</ele>
    <time>2020-02-13T00:18:55.000Z</time>
   </trkpt>
   <trkpt lat="-8.090513" lon="-34.909289">
    <ele>7.7</ele>
    <time>2020-02-13T00:18:56.000Z</time>
   </trkpt>
   <trkpt lat="-8.090542" lon="-34.909266">
    <ele>7.8</ele>
    <time>2020-02-13T00:18:57.000Z</time>
   </trkpt>
   <trkpt lat="-8.090573" lon="-34.909241">
    <ele>8</ele>
    <time>2020-02-13T00:18:58.000Z</time>
   </trkpt>
   <trkpt lat="-8.090605" lon="-34.909217">
    <ele>8</ele>
    <time>2020-02-13T00:18:59.000Z</time>
   </trkpt>
   <trkpt lat="-8.090633" lon="-34.909196">
    <ele>8.1</ele>
    <time>2020-02-13T00:19:00.000Z</time>
   </trkpt>
   <trkpt lat="-8.090657" lon="-34.909176">
    <ele>8.1</ele>
    <time>2020-02-13T00:19:01.000Z</time>
   </trkpt>
   <trkpt lat="-8.09069" lon="-34.909148">
    <ele>8</ele>
    <time>2020-02-13T00:19:02.000Z</time>
   </trkpt>
   <trkpt lat="-8.09072" lon="-34.909126">
    <ele>8</ele>
    <time>2020-02-13T00:19:03.000Z</time>
   </trkpt>
   <trkpt lat="-8.090744" lon="-34.9091">
    <ele>7.9</ele>
    <time>2020-02-13T00:19:04.000Z</time>
   </trkpt>
   <trkpt lat="-8.090774" lon="-34.909077">
    <ele>7.7</ele>
    <time>2020-02-13T00:19:05.000Z</time>
   </trkpt>
   <trkpt lat="-8.090824" lon="-34.909035">
    <ele>7.5</ele>
    <time>2020-02-13T00:19:07.000Z</time>
   </trkpt>
   <trkpt lat="-8.090844" lon="-34.909012">
    <ele>7.5</ele>
    <time>2020-02-13T00:19:08.000Z</time>
   </trkpt>
   <trkpt lat="-8.090871" lon="-34.908985">
    <ele>7.4</ele>
    <time>2020-02-13T00:19:09.000Z</time>
   </trkpt>
   <trkpt lat="-8.090896" lon="-34.908966">
    <ele>7.4</ele>
    <time>2020-02-13T00:19:10.000Z</time>
   </trkpt>
   <trkpt lat="-8.090921" lon="-34.90895">
    <ele>7.4</ele>
    <time>2020-02-13T00:19:11.000Z</time>
   </trkpt>
   <trkpt lat="-8.090951" lon="-34.908928">
    <ele>7.3</ele>
    <time>2020-02-13T00:19:12.000Z</time>
   </trkpt>
   <trkpt lat="-8.090976" lon="-34.908905">
    <ele>7.3</ele>
    <time>2020-02-13T00:19:13.000Z</time>
   </trkpt>
   <trkpt lat="-8.091002" lon="-34.908882">
    <ele>7.2</ele>
    <time>2020-02-13T00:19:14.000Z</time>
   </trkpt>
   <trkpt lat="-8.091026" lon="-34.908862">
    <ele>7.2</ele>
    <time>2020-02-13T00:19:15.000Z</time>
   </trkpt>
   <trkpt lat="-8.091047" lon="-34.90884">
    <ele>7.3</ele>
    <time>2020-02-13T00:19:16.000Z</time>
   </trkpt>
   <trkpt lat="-8.091069" lon="-34.908822">
    <ele>7.3</ele>
    <time>2020-02-13T00:19:17.000Z</time>
   </trkpt>
   <trkpt lat="-8.091096" lon="-34.908805">
    <ele>7.3</ele>
    <time>2020-02-13T00:19:19.000Z</time>
   </trkpt>
   <trkpt lat="-8.091091" lon="-34.908776">
    <ele>7.3</ele>
    <time>2020-02-13T00:19:20.000Z</time>
   </trkpt>
   <trkpt lat="-8.091121" lon="-34.908731">
    <ele>7.3</ele>
    <time>2020-02-13T00:19:22.000Z</time>
   </trkpt>
   <trkpt lat="-8.091125" lon="-34.908706">
    <ele>7.6</ele>
    <time>2020-02-13T00:19:24.000Z</time>
   </trkpt>
   <trkpt lat="-8.09113" lon="-34.908682">
    <ele>7.9</ele>
    <time>2020-02-13T00:19:26.000Z</time>
   </trkpt>
   <trkpt lat="-8.091135" lon="-34.908657">
    <ele>8.3</ele>
    <time>2020-02-13T00:19:28.000Z</time>
   </trkpt>
   <trkpt lat="-8.091139" lon="-34.908633">
    <ele>8.6</ele>
    <time>2020-02-13T00:19:33.000Z</time>
   </trkpt>
   <trkpt lat="-8.091144" lon="-34.908608">
    <ele>8.9</ele>
    <time>2020-02-13T00:19:37.000Z</time>
   </trkpt>
   <trkpt lat="-8.091148" lon="-34.908584">
    <ele>9.2</ele>
    <time>2020-02-13T00:20:02.000Z</time>
   </trkpt>
   <trkpt lat="-8.091153" lon="-34.908559">
    <ele>9.7</ele>
    <time>2020-02-13T00:20:03.000Z</time>
   </trkpt>
   <trkpt lat="-8.091136" lon="-34.908526">
    <ele>9.8</ele>
    <time>2020-02-13T00:20:04.000Z</time>
   </trkpt>
   <trkpt lat="-8.091119" lon="-34.908499">
    <ele>10</ele>
    <time>2020-02-13T00:20:05.000Z</time>
   </trkpt>
   <trkpt lat="-8.091091" lon="-34.908483">
    <ele>10.1</ele>
    <time>2020-02-13T00:20:06.000Z</time>
   </trkpt>
   <trkpt lat="-8.091062" lon="-34.908461">
    <ele>9.8</ele>
    <time>2020-02-13T00:20:07.000Z</time>
   </trkpt>
   <trkpt lat="-8.091021" lon="-34.908455">
    <ele>9.6</ele>
    <time>2020-02-13T00:20:08.000Z</time>
   </trkpt>
   <trkpt lat="-8.090981" lon="-34.908445">
    <ele>9.3</ele>
    <time>2020-02-13T00:20:09.000Z</time>
   </trkpt>
   <trkpt lat="-8.090941" lon="-34.908445">
    <ele>9.1</ele>
    <time>2020-02-13T00:20:10.000Z</time>
   </trkpt>
   <trkpt lat="-8.090901" lon="-34.908435">
    <ele>8.9</ele>
    <time>2020-02-13T00:20:11.000Z</time>
   </trkpt>
   <trkpt lat="-8.090874" lon="-34.908428">
    <ele>8.7</ele>
    <time>2020-02-13T00:20:12.000Z</time>
   </trkpt>
   <trkpt lat="-8.090837" lon="-34.908412">
    <ele>8.5</ele>
    <time>2020-02-13T00:20:13.000Z</time>
   </trkpt>
   <trkpt lat="-8.0908" lon="-34.908416">
    <ele>8.3</ele>
    <time>2020-02-13T00:20:14.000Z</time>
   </trkpt>
   <trkpt lat="-8.090767" lon="-34.908403">
    <ele>8.1</ele>
    <time>2020-02-13T00:20:15.000Z</time>
   </trkpt>
   <trkpt lat="-8.09074" lon="-34.908391">
    <ele>7.9</ele>
    <time>2020-02-13T00:20:16.000Z</time>
   </trkpt>
   <trkpt lat="-8.090708" lon="-34.908376">
    <ele>7.8</ele>
    <time>2020-02-13T00:20:17.000Z</time>
   </trkpt>
   <trkpt lat="-8.090653" lon="-34.908366">
    <ele>7.5</ele>
    <time>2020-02-13T00:20:19.000Z</time>
   </trkpt>
   <trkpt lat="-8.090609" lon="-34.908363">
    <ele>7.3</ele>
    <time>2020-02-13T00:20:21.000Z</time>
   </trkpt>
   <trkpt lat="-8.090554" lon="-34.908345">
    <ele>7.1</ele>
    <time>2020-02-13T00:20:23.000Z</time>
   </trkpt>
   <trkpt lat="-8.090515" lon="-34.908332">
    <ele>6.9</ele>
    <time>2020-02-13T00:20:24.000Z</time>
   </trkpt>
   <trkpt lat="-8.090477" lon="-34.908325">
    <ele>6.7</ele>
    <time>2020-02-13T00:20:25.000Z</time>
   </trkpt>
   <trkpt lat="-8.09044" lon="-34.908321">
    <ele>6.5</ele>
    <time>2020-02-13T00:20:26.000Z</time>
   </trkpt>
   <trkpt lat="-8.090397" lon="-34.908314">
    <ele>6.4</ele>
    <time>2020-02-13T00:20:27.000Z</time>
   </trkpt>
   <trkpt lat="-8.09035" lon="-34.908301">
    <ele>6.2</ele>
    <time>2020-02-13T00:20:28.000Z</time>
   </trkpt>
   <trkpt lat="-8.090304" lon="-34.908289">
    <ele>6.2</ele>
    <time>2020-02-13T00:20:29.000Z</time>
   </trkpt>
   <trkpt lat="-8.090258" lon="-34.908277">
    <ele>6.2</ele>
    <time>2020-02-13T00:20:30.000Z</time>
   </trkpt>
   <trkpt lat="-8.090216" lon="-34.908266">
    <ele>6.2</ele>
    <time>2020-02-13T00:20:31.000Z</time>
   </trkpt>
   <trkpt lat="-8.090177" lon="-34.908253">
    <ele>6.2</ele>
    <time>2020-02-13T00:20:32.000Z</time>
   </trkpt>
   <trkpt lat="-8.090127" lon="-34.908248">
    <ele>6.2</ele>
    <time>2020-02-13T00:20:33.000Z</time>
   </trkpt>
   <trkpt lat="-8.090082" lon="-34.90824">
    <ele>6.2</ele>
    <time>2020-02-13T00:20:34.000Z</time>
   </trkpt>
   <trkpt lat="-8.090036" lon="-34.908234">
    <ele>6.2</ele>
    <time>2020-02-13T00:20:35.000Z</time>
   </trkpt>
   <trkpt lat="-8.090001" lon="-34.908204">
    <ele>6.2</ele>
    <time>2020-02-13T00:20:36.000Z</time>
   </trkpt>
   <trkpt lat="-8.089955" lon="-34.908192">
    <ele>6.2</ele>
    <time>2020-02-13T00:20:37.000Z</time>
   </trkpt>
   <trkpt lat="-8.089901" lon="-34.908181">
    <ele>6.2</ele>
    <time>2020-02-13T00:20:38.000Z</time>
   </trkpt>
   <trkpt lat="-8.089851" lon="-34.908184">
    <ele>6.2</ele>
    <time>2020-02-13T00:20:39.000Z</time>
   </trkpt>
   <trkpt lat="-8.089814" lon="-34.908177">
    <ele>6.2</ele>
    <time>2020-02-13T00:20:40.000Z</time>
   </trkpt>
   <trkpt lat="-8.089772" lon="-34.908168">
    <ele>6.1</ele>
    <time>2020-02-13T00:20:41.000Z</time>
   </trkpt>
   <trkpt lat="-8.089736" lon="-34.908164">
    <ele>6</ele>
    <time>2020-02-13T00:20:42.000Z</time>
   </trkpt>
   <trkpt lat="-8.089693" lon="-34.908144">
    <ele>5.9</ele>
    <time>2020-02-13T00:20:43.000Z</time>
   </trkpt>
   <trkpt lat="-8.08965" lon="-34.908133">
    <ele>5.8</ele>
    <time>2020-02-13T00:20:44.000Z</time>
   </trkpt>
   <trkpt lat="-8.089606" lon="-34.908122">
    <ele>5.7</ele>
    <time>2020-02-13T00:20:45.000Z</time>
   </trkpt>
   <trkpt lat="-8.089565" lon="-34.908109">
    <ele>5.6</ele>
    <time>2020-02-13T00:20:46.000Z</time>
   </trkpt>
   <trkpt lat="-8.089519" lon="-34.908105">
    <ele>5.5</ele>
    <time>2020-02-13T00:20:47.000Z</time>
   </trkpt>
   <trkpt lat="-8.08948" lon="-34.908098">
    <ele>5.5</ele>
    <time>2020-02-13T00:20:48.000Z</time>
   </trkpt>
   <trkpt lat="-8.089442" lon="-34.908083">
    <ele>5.4</ele>
    <time>2020-02-13T00:20:49.000Z</time>
   </trkpt>
   <trkpt lat="-8.089395" lon="-34.908079">
    <ele>5.4</ele>
    <time>2020-02-13T00:20:50.000Z</time>
   </trkpt>
   <trkpt lat="-8.089353" lon="-34.908075">
    <ele>5.3</ele>
    <time>2020-02-13T00:20:51.000Z</time>
   </trkpt>
   <trkpt lat="-8.089312" lon="-34.908062">
    <ele>5.3</ele>
    <time>2020-02-13T00:20:52.000Z</time>
   </trkpt>
   <trkpt lat="-8.089273" lon="-34.908055">
    <ele>5.3</ele>
    <time>2020-02-13T00:20:53.000Z</time>
   </trkpt>
   <trkpt lat="-8.089234" lon="-34.908043">
    <ele>5.3</ele>
    <time>2020-02-13T00:20:54.000Z</time>
   </trkpt>
   <trkpt lat="-8.089192" lon="-34.908029">
    <ele>5.3</ele>
    <time>2020-02-13T00:20:55.000Z</time>
   </trkpt>
   <trkpt lat="-8.089139" lon="-34.90803">
    <ele>5.3</ele>
    <time>2020-02-13T00:20:56.000Z</time>
   </trkpt>
   <trkpt lat="-8.08909" lon="-34.908025">
    <ele>5.3</ele>
    <time>2020-02-13T00:20:57.000Z</time>
   </trkpt>
   <trkpt lat="-8.089048" lon="-34.908015">
    <ele>5.3</ele>
    <time>2020-02-13T00:20:58.000Z</time>
   </trkpt>
   <trkpt lat="-8.089003" lon="-34.908006">
    <ele>5.3</ele>
    <time>2020-02-13T00:20:59.000Z</time>
   </trkpt>
   <trkpt lat="-8.088957" lon="-34.907988">
    <ele>5.3</ele>
    <time>2020-02-13T00:21:00.000Z</time>
   </trkpt>
   <trkpt lat="-8.0889" lon="-34.907986">
    <ele>5.3</ele>
    <time>2020-02-13T00:21:01.000Z</time>
   </trkpt>
   <trkpt lat="-8.088855" lon="-34.907975">
    <ele>5.3</ele>
    <time>2020-02-13T00:21:02.000Z</time>
   </trkpt>
   <trkpt lat="-8.088811" lon="-34.907962">
    <ele>5.3</ele>
    <time>2020-02-13T00:21:03.000Z</time>
   </trkpt>
   <trkpt lat="-8.088766" lon="-34.907946">
    <ele>5.3</ele>
    <time>2020-02-13T00:21:04.000Z</time>
   </trkpt>
   <trkpt lat="-8.088723" lon="-34.907932">
    <ele>5.3</ele>
    <time>2020-02-13T00:21:05.000Z</time>
   </trkpt>
   <trkpt lat="-8.08868" lon="-34.907927">
    <ele>5.3</ele>
    <time>2020-02-13T00:21:06.000Z</time>
   </trkpt>
   <trkpt lat="-8.088648" lon="-34.90792">
    <ele>5.3</ele>
    <time>2020-02-13T00:21:07.000Z</time>
   </trkpt>
   <trkpt lat="-8.088608" lon="-34.907916">
    <ele>5.3</ele>
    <time>2020-02-13T00:21:08.000Z</time>
   </trkpt>
   <trkpt lat="-8.088566" lon="-34.907909">
    <ele>5.3</ele>
    <time>2020-02-13T00:21:09.000Z</time>
   </trkpt>
   <trkpt lat="-8.088525" lon="-34.907905">
    <ele>5.5</ele>
    <time>2020-02-13T00:21:10.000Z</time>
   </trkpt>
   <trkpt lat="-8.088482" lon="-34.907898">
    <ele>5.7</ele>
    <time>2020-02-13T00:21:11.000Z</time>
   </trkpt>
   <trkpt lat="-8.08843" lon="-34.907888">
    <ele>6</ele>
    <time>2020-02-13T00:21:12.000Z</time>
   </trkpt>
   <trkpt lat="-8.08839" lon="-34.90789">
    <ele>6.1</ele>
    <time>2020-02-13T00:21:13.000Z</time>
   </trkpt>
   <trkpt lat="-8.088349" lon="-34.90788">
    <ele>6.3</ele>
    <time>2020-02-13T00:21:14.000Z</time>
   </trkpt>
   <trkpt lat="-8.088311" lon="-34.907867">
    <ele>6.4</ele>
    <time>2020-02-13T00:21:15.000Z</time>
   </trkpt>
   <trkpt lat="-8.088268" lon="-34.907854">
    <ele>6.6</ele>
    <time>2020-02-13T00:21:17.000Z</time>
   </trkpt>
   <trkpt lat="-8.088238" lon="-34.907845">
    <ele>6.7</ele>
    <time>2020-02-13T00:21:20.000Z</time>
   </trkpt>
   <trkpt lat="-8.088211" lon="-34.907836">
    <ele>6.8</ele>
    <time>2020-02-13T00:21:22.000Z</time>
   </trkpt>
   <trkpt lat="-8.088191" lon="-34.90783">
    <ele>6.8</ele>
    <time>2020-02-13T00:21:26.000Z</time>
   </trkpt>
   <trkpt lat="-8.088193" lon="-34.907837">
    <ele>6.9</ele>
    <time>2020-02-13T00:21:28.000Z</time>
   </trkpt>
   <trkpt lat="-8.088191" lon="-34.907854">
    <ele>6.9</ele>
    <time>2020-02-13T00:21:30.000Z</time>
   </trkpt>
   <trkpt lat="-8.088104" lon="-34.907822">
    <ele>7.1</ele>
    <time>2020-02-13T00:21:49.000Z</time>
   </trkpt>
   <trkpt lat="-8.088068" lon="-34.907809">
    <ele>7.2</ele>
    <time>2020-02-13T00:21:50.000Z</time>
   </trkpt>
   <trkpt lat="-8.088034" lon="-34.907795">
    <ele>7.2</ele>
    <time>2020-02-13T00:21:51.000Z</time>
   </trkpt>
   <trkpt lat="-8.087999" lon="-34.907786">
    <ele>7.3</ele>
    <time>2020-02-13T00:21:52.000Z</time>
   </trkpt>
   <trkpt lat="-8.087962" lon="-34.907775">
    <ele>7.3</ele>
    <time>2020-02-13T00:21:53.000Z</time>
   </trkpt>
   <trkpt lat="-8.087913" lon="-34.907766">
    <ele>7.4</ele>
    <time>2020-02-13T00:21:54.000Z</time>
   </trkpt>
   <trkpt lat="-8.087865" lon="-34.907744">
    <ele>7.2</ele>
    <time>2020-02-13T00:21:55.000Z</time>
   </trkpt>
   <trkpt lat="-8.087818" lon="-34.907736">
    <ele>7.1</ele>
    <time>2020-02-13T00:21:56.000Z</time>
   </trkpt>
   <trkpt lat="-8.087775" lon="-34.907728">
    <ele>6.9</ele>
    <time>2020-02-13T00:21:57.000Z</time>
   </trkpt>
   <trkpt lat="-8.087734" lon="-34.907715">
    <ele>6.8</ele>
    <time>2020-02-13T00:21:58.000Z</time>
   </trkpt>
   <trkpt lat="-8.087704" lon="-34.907708">
    <ele>6.7</ele>
    <time>2020-02-13T00:21:59.000Z</time>
   </trkpt>
   <trkpt lat="-8.087663" lon="-34.907694">
    <ele>6.8</ele>
    <time>2020-02-13T00:22:00.000Z</time>
   </trkpt>
   <trkpt lat="-8.087614" lon="-34.907693">
    <ele>6.9</ele>
    <time>2020-02-13T00:22:01.000Z</time>
   </trkpt>
   <trkpt lat="-8.087559" lon="-34.907674">
    <ele>6.9</ele>
    <time>2020-02-13T00:22:02.000Z</time>
   </trkpt>
   <trkpt lat="-8.087515" lon="-34.907672">
    <ele>7</ele>
    <time>2020-02-13T00:22:03.000Z</time>
   </trkpt>
   <trkpt lat="-8.087478" lon="-34.90766">
    <ele>7</ele>
    <time>2020-02-13T00:22:04.000Z</time>
   </trkpt>
   <trkpt lat="-8.087436" lon="-34.907653">
    <ele>7.1</ele>
    <time>2020-02-13T00:22:05.000Z</time>
   </trkpt>
   <trkpt lat="-8.087398" lon="-34.907642">
    <ele>7.1</ele>
    <time>2020-02-13T00:22:06.000Z</time>
   </trkpt>
   <trkpt lat="-8.087361" lon="-34.907635">
    <ele>7.1</ele>
    <time>2020-02-13T00:22:07.000Z</time>
   </trkpt>
   <trkpt lat="-8.087326" lon="-34.907628">
    <ele>7.1</ele>
    <time>2020-02-13T00:22:08.000Z</time>
   </trkpt>
   <trkpt lat="-8.08729" lon="-34.907619">
    <ele>7.2</ele>
    <time>2020-02-13T00:22:09.000Z</time>
   </trkpt>
   <trkpt lat="-8.087251" lon="-34.907605">
    <ele>7.2</ele>
    <time>2020-02-13T00:22:10.000Z</time>
   </trkpt>
   <trkpt lat="-8.087208" lon="-34.907596">
    <ele>7.2</ele>
    <time>2020-02-13T00:22:11.000Z</time>
   </trkpt>
   <trkpt lat="-8.087166" lon="-34.907588">
    <ele>7.2</ele>
    <time>2020-02-13T00:22:12.000Z</time>
   </trkpt>
   <trkpt lat="-8.087126" lon="-34.907578">
    <ele>7.2</ele>
    <time>2020-02-13T00:22:13.000Z</time>
   </trkpt>
   <trkpt lat="-8.087089" lon="-34.907567">
    <ele>7.2</ele>
    <time>2020-02-13T00:22:14.000Z</time>
   </trkpt>
   <trkpt lat="-8.087052" lon="-34.907559">
    <ele>7.2</ele>
    <time>2020-02-13T00:22:15.000Z</time>
   </trkpt>
   <trkpt lat="-8.087018" lon="-34.907552">
    <ele>7.2</ele>
    <time>2020-02-13T00:22:16.000Z</time>
   </trkpt>
   <trkpt lat="-8.086979" lon="-34.907548">
    <ele>7.3</ele>
    <time>2020-02-13T00:22:17.000Z</time>
   </trkpt>
   <trkpt lat="-8.086951" lon="-34.90754">
    <ele>7.3</ele>
    <time>2020-02-13T00:22:18.000Z</time>
   </trkpt>
   <trkpt lat="-8.086917" lon="-34.907529">
    <ele>7.4</ele>
    <time>2020-02-13T00:22:19.000Z</time>
   </trkpt>
   <trkpt lat="-8.086881" lon="-34.907526">
    <ele>7.4</ele>
    <time>2020-02-13T00:22:20.000Z</time>
   </trkpt>
   <trkpt lat="-8.086842" lon="-34.907516">
    <ele>7.5</ele>
    <time>2020-02-13T00:22:21.000Z</time>
   </trkpt>
   <trkpt lat="-8.086795" lon="-34.907505">
    <ele>7.7</ele>
    <time>2020-02-13T00:22:22.000Z</time>
   </trkpt>
   <trkpt lat="-8.086746" lon="-34.907496">
    <ele>7.8</ele>
    <time>2020-02-13T00:22:23.000Z</time>
   </trkpt>
   <trkpt lat="-8.086696" lon="-34.907485">
    <ele>7.9</ele>
    <time>2020-02-13T00:22:24.000Z</time>
   </trkpt>
   <trkpt lat="-8.086646" lon="-34.907474">
    <ele>8</ele>
    <time>2020-02-13T00:22:25.000Z</time>
   </trkpt>
   <trkpt lat="-8.086601" lon="-34.907461">
    <ele>8.1</ele>
    <time>2020-02-13T00:22:26.000Z</time>
   </trkpt>
   <trkpt lat="-8.086559" lon="-34.907457">
    <ele>8.2</ele>
    <time>2020-02-13T00:22:27.000Z</time>
   </trkpt>
   <trkpt lat="-8.086517" lon="-34.907447">
    <ele>8.3</ele>
    <time>2020-02-13T00:22:28.000Z</time>
   </trkpt>
   <trkpt lat="-8.086473" lon="-34.907438">
    <ele>8.3</ele>
    <time>2020-02-13T00:22:29.000Z</time>
   </trkpt>
   <trkpt lat="-8.086439" lon="-34.907424">
    <ele>8.3</ele>
    <time>2020-02-13T00:22:30.000Z</time>
   </trkpt>
   <trkpt lat="-8.086387" lon="-34.907413">
    <ele>8.4</ele>
    <time>2020-02-13T00:22:31.000Z</time>
   </trkpt>
   <trkpt lat="-8.08634" lon="-34.9074">
    <ele>8.4</ele>
    <time>2020-02-13T00:22:32.000Z</time>
   </trkpt>
   <trkpt lat="-8.086296" lon="-34.907401">
    <ele>8.4</ele>
    <time>2020-02-13T00:22:33.000Z</time>
   </trkpt>
   <trkpt lat="-8.086251" lon="-34.907393">
    <ele>8.4</ele>
    <time>2020-02-13T00:22:34.000Z</time>
   </trkpt>
   <trkpt lat="-8.086207" lon="-34.907385">
    <ele>8.4</ele>
    <time>2020-02-13T00:22:35.000Z</time>
   </trkpt>
   <trkpt lat="-8.086165" lon="-34.907376">
    <ele>8.4</ele>
    <time>2020-02-13T00:22:36.000Z</time>
   </trkpt>
   <trkpt lat="-8.086121" lon="-34.907366">
    <ele>8.4</ele>
    <time>2020-02-13T00:22:37.000Z</time>
   </trkpt>
   <trkpt lat="-8.086079" lon="-34.907353">
    <ele>8.4</ele>
    <time>2020-02-13T00:22:38.000Z</time>
   </trkpt>
   <trkpt lat="-8.086038" lon="-34.907342">
    <ele>8.4</ele>
    <time>2020-02-13T00:22:39.000Z</time>
   </trkpt>
   <trkpt lat="-8.085999" lon="-34.907326">
    <ele>8.4</ele>
    <time>2020-02-13T00:22:40.000Z</time>
   </trkpt>
   <trkpt lat="-8.085955" lon="-34.907317">
    <ele>8.4</ele>
    <time>2020-02-13T00:22:41.000Z</time>
   </trkpt>
   <trkpt lat="-8.085909" lon="-34.907308">
    <ele>8.4</ele>
    <time>2020-02-13T00:22:42.000Z</time>
   </trkpt>
   <trkpt lat="-8.085861" lon="-34.907297">
    <ele>8.4</ele>
    <time>2020-02-13T00:22:43.000Z</time>
   </trkpt>
   <trkpt lat="-8.085817" lon="-34.907287">
    <ele>8.4</ele>
    <time>2020-02-13T00:22:44.000Z</time>
   </trkpt>
   <trkpt lat="-8.085775" lon="-34.907281">
    <ele>8.4</ele>
    <time>2020-02-13T00:22:45.000Z</time>
   </trkpt>
   <trkpt lat="-8.085729" lon="-34.907275">
    <ele>8.4</ele>
    <time>2020-02-13T00:22:46.000Z</time>
   </trkpt>
   <trkpt lat="-8.085683" lon="-34.907265">
    <ele>8.4</ele>
    <time>2020-02-13T00:22:47.000Z</time>
   </trkpt>
   <trkpt lat="-8.08564" lon="-34.907255">
    <ele>8.4</ele>
    <time>2020-02-13T00:22:48.000Z</time>
   </trkpt>
   <trkpt lat="-8.0856" lon="-34.907248">
    <ele>8.4</ele>
    <time>2020-02-13T00:22:49.000Z</time>
   </trkpt>
   <trkpt lat="-8.085555" lon="-34.907233">
    <ele>8.4</ele>
    <time>2020-02-13T00:22:50.000Z</time>
   </trkpt>
   <trkpt lat="-8.085514" lon="-34.90722">
    <ele>8.4</ele>
    <time>2020-02-13T00:22:51.000Z</time>
   </trkpt>
   <trkpt lat="-8.085473" lon="-34.907211">
    <ele>8.4</ele>
    <time>2020-02-13T00:22:52.000Z</time>
   </trkpt>
   <trkpt lat="-8.085431" lon="-34.907208">
    <ele>8.4</ele>
    <time>2020-02-13T00:22:53.000Z</time>
   </trkpt>
   <trkpt lat="-8.08539" lon="-34.907204">
    <ele>8.4</ele>
    <time>2020-02-13T00:22:54.000Z</time>
   </trkpt>
   <trkpt lat="-8.085339" lon="-34.907197">
    <ele>8.4</ele>
    <time>2020-02-13T00:22:55.000Z</time>
   </trkpt>
   <trkpt lat="-8.08529" lon="-34.907175">
    <ele>8.4</ele>
    <time>2020-02-13T00:22:56.000Z</time>
   </trkpt>
   <trkpt lat="-8.085239" lon="-34.90716">
    <ele>8.4</ele>
    <time>2020-02-13T00:22:57.000Z</time>
   </trkpt>
   <trkpt lat="-8.085189" lon="-34.907142">
    <ele>8.4</ele>
    <time>2020-02-13T00:22:58.000Z</time>
   </trkpt>
   <trkpt lat="-8.085137" lon="-34.907131">
    <ele>8.4</ele>
    <time>2020-02-13T00:22:59.000Z</time>
   </trkpt>
   <trkpt lat="-8.085083" lon="-34.907124">
    <ele>8.3</ele>
    <time>2020-02-13T00:23:00.000Z</time>
   </trkpt>
   <trkpt lat="-8.085041" lon="-34.907111">
    <ele>8.3</ele>
    <time>2020-02-13T00:23:01.000Z</time>
   </trkpt>
   <trkpt lat="-8.084992" lon="-34.907096">
    <ele>8.2</ele>
    <time>2020-02-13T00:23:02.000Z</time>
   </trkpt>
   <trkpt lat="-8.084951" lon="-34.90708">
    <ele>8</ele>
    <time>2020-02-13T00:23:03.000Z</time>
   </trkpt>
   <trkpt lat="-8.084908" lon="-34.907064">
    <ele>7.9</ele>
    <time>2020-02-13T00:23:04.000Z</time>
   </trkpt>
   <trkpt lat="-8.084861" lon="-34.907056">
    <ele>7.7</ele>
    <time>2020-02-13T00:23:05.000Z</time>
   </trkpt>
   <trkpt lat="-8.084819" lon="-34.907052">
    <ele>7.4</ele>
    <time>2020-02-13T00:23:06.000Z</time>
   </trkpt>
   <trkpt lat="-8.084765" lon="-34.907039">
    <ele>7.1</ele>
    <time>2020-02-13T00:23:07.000Z</time>
   </trkpt>
   <trkpt lat="-8.084718" lon="-34.907031">
    <ele>6.9</ele>
    <time>2020-02-13T00:23:08.000Z</time>
   </trkpt>
   <trkpt lat="-8.084669" lon="-34.907024">
    <ele>6.6</ele>
    <time>2020-02-13T00:23:09.000Z</time>
   </trkpt>
   <trkpt lat="-8.08463" lon="-34.907015">
    <ele>6.4</ele>
    <time>2020-02-13T00:23:10.000Z</time>
   </trkpt>
   <trkpt lat="-8.08459" lon="-34.907014">
    <ele>6.2</ele>
    <time>2020-02-13T00:23:11.000Z</time>
   </trkpt>
   <trkpt lat="-8.08455" lon="-34.907013">
    <ele>5.9</ele>
    <time>2020-02-13T00:23:12.000Z</time>
   </trkpt>
   <trkpt lat="-8.084514" lon="-34.907009">
    <ele>5.8</ele>
    <time>2020-02-13T00:23:13.000Z</time>
   </trkpt>
   <trkpt lat="-8.084474" lon="-34.907">
    <ele>5.6</ele>
    <time>2020-02-13T00:23:14.000Z</time>
   </trkpt>
   <trkpt lat="-8.084446" lon="-34.906993">
    <ele>5.4</ele>
    <time>2020-02-13T00:23:15.000Z</time>
   </trkpt>
   <trkpt lat="-8.084406" lon="-34.906984">
    <ele>5.3</ele>
    <time>2020-02-13T00:23:16.000Z</time>
   </trkpt>
   <trkpt lat="-8.084368" lon="-34.906979">
    <ele>5.1</ele>
    <time>2020-02-13T00:23:17.000Z</time>
   </trkpt>
   <trkpt lat="-8.084326" lon="-34.906971">
    <ele>5</ele>
    <time>2020-02-13T00:23:18.000Z</time>
   </trkpt>
   <trkpt lat="-8.084289" lon="-34.906962">
    <ele>4.9</ele>
    <time>2020-02-13T00:23:19.000Z</time>
   </trkpt>
   <trkpt lat="-8.084256" lon="-34.906949">
    <ele>4.8</ele>
    <time>2020-02-13T00:23:20.000Z</time>
   </trkpt>
   <trkpt lat="-8.084219" lon="-34.906933">
    <ele>4.8</ele>
    <time>2020-02-13T00:23:21.000Z</time>
   </trkpt>
   <trkpt lat="-8.084174" lon="-34.906926">
    <ele>4.7</ele>
    <time>2020-02-13T00:23:22.000Z</time>
   </trkpt>
   <trkpt lat="-8.084138" lon="-34.906917">
    <ele>4.7</ele>
    <time>2020-02-13T00:23:23.000Z</time>
   </trkpt>
   <trkpt lat="-8.084098" lon="-34.906915">
    <ele>4.6</ele>
    <time>2020-02-13T00:23:24.000Z</time>
   </trkpt>
   <trkpt lat="-8.084064" lon="-34.906913">
    <ele>4.6</ele>
    <time>2020-02-13T00:23:25.000Z</time>
   </trkpt>
   <trkpt lat="-8.084029" lon="-34.906908">
    <ele>4.6</ele>
    <time>2020-02-13T00:23:26.000Z</time>
   </trkpt>
   <trkpt lat="-8.08399" lon="-34.906901">
    <ele>4.5</ele>
    <time>2020-02-13T00:23:27.000Z</time>
   </trkpt>
   <trkpt lat="-8.083954" lon="-34.906894">
    <ele>4.5</ele>
    <time>2020-02-13T00:23:28.000Z</time>
   </trkpt>
   <trkpt lat="-8.083908" lon="-34.906884">
    <ele>4.4</ele>
    <time>2020-02-13T00:23:29.000Z</time>
   </trkpt>
   <trkpt lat="-8.083862" lon="-34.906874">
    <ele>4.4</ele>
    <time>2020-02-13T00:23:30.000Z</time>
   </trkpt>
   <trkpt lat="-8.083822" lon="-34.90686">
    <ele>4.3</ele>
    <time>2020-02-13T00:23:31.000Z</time>
   </trkpt>
   <trkpt lat="-8.083779" lon="-34.906851">
    <ele>4.3</ele>
    <time>2020-02-13T00:23:32.000Z</time>
   </trkpt>
   <trkpt lat="-8.083735" lon="-34.906844">
    <ele>4.2</ele>
    <time>2020-02-13T00:23:33.000Z</time>
   </trkpt>
   <trkpt lat="-8.08369" lon="-34.906837">
    <ele>4.2</ele>
    <time>2020-02-13T00:23:34.000Z</time>
   </trkpt>
   <trkpt lat="-8.083643" lon="-34.906834">
    <ele>4.1</ele>
    <time>2020-02-13T00:23:35.000Z</time>
   </trkpt>
   <trkpt lat="-8.083598" lon="-34.906822">
    <ele>4</ele>
    <time>2020-02-13T00:23:36.000Z</time>
   </trkpt>
   <trkpt lat="-8.08355" lon="-34.906808">
    <ele>3.8</ele>
    <time>2020-02-13T00:23:37.000Z</time>
   </trkpt>
   <trkpt lat="-8.083506" lon="-34.906794">
    <ele>3.7</ele>
    <time>2020-02-13T00:23:38.000Z</time>
   </trkpt>
   <trkpt lat="-8.083469" lon="-34.906784">
    <ele>3.6</ele>
    <time>2020-02-13T00:23:39.000Z</time>
   </trkpt>
   <trkpt lat="-8.083429" lon="-34.906773">
    <ele>3.4</ele>
    <time>2020-02-13T00:23:40.000Z</time>
   </trkpt>
   <trkpt lat="-8.083387" lon="-34.906763">
    <ele>3.3</ele>
    <time>2020-02-13T00:23:41.000Z</time>
   </trkpt>
   <trkpt lat="-8.083344" lon="-34.906756">
    <ele>3.2</ele>
    <time>2020-02-13T00:23:42.000Z</time>
   </trkpt>
   <trkpt lat="-8.083305" lon="-34.906744">
    <ele>3</ele>
    <time>2020-02-13T00:23:43.000Z</time>
   </trkpt>
   <trkpt lat="-8.083268" lon="-34.906731">
    <ele>2.9</ele>
    <time>2020-02-13T00:23:44.000Z</time>
   </trkpt>
   <trkpt lat="-8.08322" lon="-34.906717">
    <ele>2.7</ele>
    <time>2020-02-13T00:23:45.000Z</time>
   </trkpt>
   <trkpt lat="-8.083168" lon="-34.906706">
    <ele>2.6</ele>
    <time>2020-02-13T00:23:46.000Z</time>
   </trkpt>
   <trkpt lat="-8.083124" lon="-34.906688">
    <ele>2.5</ele>
    <time>2020-02-13T00:23:47.000Z</time>
   </trkpt>
   <trkpt lat="-8.083078" lon="-34.906653">
    <ele>2.3</ele>
    <time>2020-02-13T00:23:48.000Z</time>
   </trkpt>
   <trkpt lat="-8.083042" lon="-34.906602">
    <ele>2.1</ele>
    <time>2020-02-13T00:23:49.000Z</time>
   </trkpt>
   <trkpt lat="-8.083008" lon="-34.906548">
    <ele>2.7</ele>
    <time>2020-02-13T00:23:50.000Z</time>
   </trkpt>
   <trkpt lat="-8.082972" lon="-34.906486">
    <ele>3.2</ele>
    <time>2020-02-13T00:23:51.000Z</time>
   </trkpt>
   <trkpt lat="-8.082944" lon="-34.906427">
    <ele>3.7</ele>
    <time>2020-02-13T00:23:52.000Z</time>
   </trkpt>
   <trkpt lat="-8.082915" lon="-34.906371">
    <ele>4.1</ele>
    <time>2020-02-13T00:23:53.000Z</time>
   </trkpt>
   <trkpt lat="-8.082878" lon="-34.906314">
    <ele>4.5</ele>
    <time>2020-02-13T00:23:54.000Z</time>
   </trkpt>
   <trkpt lat="-8.082848" lon="-34.906256">
    <ele>4.9</ele>
    <time>2020-02-13T00:23:55.000Z</time>
   </trkpt>
   <trkpt lat="-8.082819" lon="-34.906205">
    <ele>5.3</ele>
    <time>2020-02-13T00:23:56.000Z</time>
   </trkpt>
   <trkpt lat="-8.08278" lon="-34.906157">
    <ele>5.7</ele>
    <time>2020-02-13T00:23:57.000Z</time>
   </trkpt>
   <trkpt lat="-8.082749" lon="-34.906109">
    <ele>6.1</ele>
    <time>2020-02-13T00:23:58.000Z</time>
   </trkpt>
   <trkpt lat="-8.082713" lon="-34.906045">
    <ele>6.5</ele>
    <time>2020-02-13T00:23:59.000Z</time>
   </trkpt>
   <trkpt lat="-8.082681" lon="-34.905989">
    <ele>6.9</ele>
    <time>2020-02-13T00:24:00.000Z</time>
   </trkpt>
   <trkpt lat="-8.082638" lon="-34.905945">
    <ele>7.7</ele>
    <time>2020-02-13T00:24:01.000Z</time>
   </trkpt>
   <trkpt lat="-8.082596" lon="-34.905926">
    <ele>7.6</ele>
    <time>2020-02-13T00:24:02.000Z</time>
   </trkpt>
   <trkpt lat="-8.082544" lon="-34.905932">
    <ele>7.6</ele>
    <time>2020-02-13T00:24:03.000Z</time>
   </trkpt>
   <trkpt lat="-8.082498" lon="-34.905917">
    <ele>7.6</ele>
    <time>2020-02-13T00:24:04.000Z</time>
   </trkpt>
   <trkpt lat="-8.082456" lon="-34.905894">
    <ele>7.6</ele>
    <time>2020-02-13T00:24:05.000Z</time>
   </trkpt>
   <trkpt lat="-8.082416" lon="-34.90588">
    <ele>7.6</ele>
    <time>2020-02-13T00:24:06.000Z</time>
   </trkpt>
   <trkpt lat="-8.082368" lon="-34.90585">
    <ele>7.6</ele>
    <time>2020-02-13T00:24:07.000Z</time>
   </trkpt>
   <trkpt lat="-8.082333" lon="-34.905832">
    <ele>7.6</ele>
    <time>2020-02-13T00:24:08.000Z</time>
   </trkpt>
   <trkpt lat="-8.082297" lon="-34.905831">
    <ele>7.6</ele>
    <time>2020-02-13T00:24:09.000Z</time>
   </trkpt>
   <trkpt lat="-8.082257" lon="-34.905809">
    <ele>7.4</ele>
    <time>2020-02-13T00:24:10.000Z</time>
   </trkpt>
   <trkpt lat="-8.082218" lon="-34.905787">
    <ele>7.1</ele>
    <time>2020-02-13T00:24:11.000Z</time>
   </trkpt>
   <trkpt lat="-8.082176" lon="-34.905764">
    <ele>6.9</ele>
    <time>2020-02-13T00:24:12.000Z</time>
   </trkpt>
   <trkpt lat="-8.082136" lon="-34.905739">
    <ele>6.6</ele>
    <time>2020-02-13T00:24:13.000Z</time>
   </trkpt>
   <trkpt lat="-8.082087" lon="-34.905709">
    <ele>6.3</ele>
    <time>2020-02-13T00:24:14.000Z</time>
   </trkpt>
   <trkpt lat="-8.082046" lon="-34.905686">
    <ele>5.8</ele>
    <time>2020-02-13T00:24:15.000Z</time>
   </trkpt>
   <trkpt lat="-8.082004" lon="-34.905665">
    <ele>5.9</ele>
    <time>2020-02-13T00:24:16.000Z</time>
   </trkpt>
   <trkpt lat="-8.08196" lon="-34.905642">
    <ele>6</ele>
    <time>2020-02-13T00:24:17.000Z</time>
   </trkpt>
   <trkpt lat="-8.081916" lon="-34.905636">
    <ele>6.2</ele>
    <time>2020-02-13T00:24:18.000Z</time>
   </trkpt>
   <trkpt lat="-8.081885" lon="-34.905626">
    <ele>6.3</ele>
    <time>2020-02-13T00:24:19.000Z</time>
   </trkpt>
   <trkpt lat="-8.081842" lon="-34.90559">
    <ele>6.4</ele>
    <time>2020-02-13T00:24:20.000Z</time>
   </trkpt>
   <trkpt lat="-8.081795" lon="-34.905573">
    <ele>6.6</ele>
    <time>2020-02-13T00:24:21.000Z</time>
   </trkpt>
   <trkpt lat="-8.081761" lon="-34.905558">
    <ele>6.7</ele>
    <time>2020-02-13T00:24:22.000Z</time>
   </trkpt>
   <trkpt lat="-8.081722" lon="-34.905545">
    <ele>6.7</ele>
    <time>2020-02-13T00:24:23.000Z</time>
   </trkpt>
   <trkpt lat="-8.081678" lon="-34.905529">
    <ele>6.8</ele>
    <time>2020-02-13T00:24:24.000Z</time>
   </trkpt>
   <trkpt lat="-8.081635" lon="-34.905501">
    <ele>6.9</ele>
    <time>2020-02-13T00:24:25.000Z</time>
   </trkpt>
   <trkpt lat="-8.081603" lon="-34.905472">
    <ele>6.9</ele>
    <time>2020-02-13T00:24:26.000Z</time>
   </trkpt>
   <trkpt lat="-8.081559" lon="-34.905441">
    <ele>6.9</ele>
    <time>2020-02-13T00:24:27.000Z</time>
   </trkpt>
   <trkpt lat="-8.081522" lon="-34.905411">
    <ele>6.9</ele>
    <time>2020-02-13T00:24:28.000Z</time>
   </trkpt>
   <trkpt lat="-8.081482" lon="-34.905377">
    <ele>7</ele>
    <time>2020-02-13T00:24:29.000Z</time>
   </trkpt>
   <trkpt lat="-8.081443" lon="-34.905339">
    <ele>7</ele>
    <time>2020-02-13T00:24:30.000Z</time>
   </trkpt>
   <trkpt lat="-8.081404" lon="-34.905306">
    <ele>7</ele>
    <time>2020-02-13T00:24:31.000Z</time>
   </trkpt>
   <trkpt lat="-8.081371" lon="-34.905275">
    <ele>7</ele>
    <time>2020-02-13T00:24:32.000Z</time>
   </trkpt>
   <trkpt lat="-8.081351" lon="-34.905245">
    <ele>7</ele>
    <time>2020-02-13T00:24:33.000Z</time>
   </trkpt>
   <trkpt lat="-8.081325" lon="-34.905215">
    <ele>7</ele>
    <time>2020-02-13T00:24:34.000Z</time>
   </trkpt>
   <trkpt lat="-8.081296" lon="-34.905199">
    <ele>7</ele>
    <time>2020-02-13T00:24:35.000Z</time>
   </trkpt>
   <trkpt lat="-8.081268" lon="-34.905173">
    <ele>7</ele>
    <time>2020-02-13T00:24:36.000Z</time>
   </trkpt>
   <trkpt lat="-8.081229" lon="-34.905154">
    <ele>7</ele>
    <time>2020-02-13T00:24:37.000Z</time>
   </trkpt>
   <trkpt lat="-8.081194" lon="-34.905128">
    <ele>7.1</ele>
    <time>2020-02-13T00:24:38.000Z</time>
   </trkpt>
   <trkpt lat="-8.081167" lon="-34.905095">
    <ele>7.1</ele>
    <time>2020-02-13T00:24:39.000Z</time>
   </trkpt>
   <trkpt lat="-8.081127" lon="-34.905069">
    <ele>7.1</ele>
    <time>2020-02-13T00:24:40.000Z</time>
   </trkpt>
   <trkpt lat="-8.081088" lon="-34.905042">
    <ele>7.1</ele>
    <time>2020-02-13T00:24:41.000Z</time>
   </trkpt>
   <trkpt lat="-8.081049" lon="-34.905015">
    <ele>7.1</ele>
    <time>2020-02-13T00:24:42.000Z</time>
   </trkpt>
   <trkpt lat="-8.081009" lon="-34.90499">
    <ele>7.1</ele>
    <time>2020-02-13T00:24:43.000Z</time>
   </trkpt>
   <trkpt lat="-8.080969" lon="-34.904956">
    <ele>7.1</ele>
    <time>2020-02-13T00:24:44.000Z</time>
   </trkpt>
   <trkpt lat="-8.080933" lon="-34.904919">
    <ele>7.1</ele>
    <time>2020-02-13T00:24:45.000Z</time>
   </trkpt>
   <trkpt lat="-8.080899" lon="-34.904888">
    <ele>7.2</ele>
    <time>2020-02-13T00:24:46.000Z</time>
   </trkpt>
   <trkpt lat="-8.080863" lon="-34.904856">
    <ele>7.2</ele>
    <time>2020-02-13T00:24:47.000Z</time>
   </trkpt>
   <trkpt lat="-8.080825" lon="-34.904826">
    <ele>7.2</ele>
    <time>2020-02-13T00:24:48.000Z</time>
   </trkpt>
   <trkpt lat="-8.0808" lon="-34.904803">
    <ele>7.2</ele>
    <time>2020-02-13T00:24:49.000Z</time>
   </trkpt>
   <trkpt lat="-8.080765" lon="-34.904771">
    <ele>7.2</ele>
    <time>2020-02-13T00:24:50.000Z</time>
   </trkpt>
   <trkpt lat="-8.080729" lon="-34.90473">
    <ele>7.2</ele>
    <time>2020-02-13T00:24:51.000Z</time>
   </trkpt>
   <trkpt lat="-8.08069" lon="-34.9047">
    <ele>7.2</ele>
    <time>2020-02-13T00:24:52.000Z</time>
   </trkpt>
   <trkpt lat="-8.080655" lon="-34.904673">
    <ele>7.2</ele>
    <time>2020-02-13T00:24:53.000Z</time>
   </trkpt>
   <trkpt lat="-8.080625" lon="-34.904643">
    <ele>7.2</ele>
    <time>2020-02-13T00:24:54.000Z</time>
   </trkpt>
   <trkpt lat="-8.080595" lon="-34.904608">
    <ele>7.2</ele>
    <time>2020-02-13T00:24:55.000Z</time>
   </trkpt>
   <trkpt lat="-8.080564" lon="-34.904575">
    <ele>7.3</ele>
    <time>2020-02-13T00:24:56.000Z</time>
   </trkpt>
   <trkpt lat="-8.080535" lon="-34.904545">
    <ele>7.2</ele>
    <time>2020-02-13T00:24:57.000Z</time>
   </trkpt>
   <trkpt lat="-8.080498" lon="-34.90451">
    <ele>7.2</ele>
    <time>2020-02-13T00:24:58.000Z</time>
   </trkpt>
   <trkpt lat="-8.080463" lon="-34.904476">
    <ele>7.1</ele>
    <time>2020-02-13T00:24:59.000Z</time>
   </trkpt>
   <trkpt lat="-8.080429" lon="-34.904445">
    <ele>7.3</ele>
    <time>2020-02-13T00:25:00.000Z</time>
   </trkpt>
   <trkpt lat="-8.080401" lon="-34.904414">
    <ele>7.4</ele>
    <time>2020-02-13T00:25:01.000Z</time>
   </trkpt>
   <trkpt lat="-8.080374" lon="-34.904381">
    <ele>7.3</ele>
    <time>2020-02-13T00:25:02.000Z</time>
   </trkpt>
   <trkpt lat="-8.08034" lon="-34.904348">
    <ele>7.2</ele>
    <time>2020-02-13T00:25:03.000Z</time>
   </trkpt>
   <trkpt lat="-8.080313" lon="-34.904306">
    <ele>7.1</ele>
    <time>2020-02-13T00:25:04.000Z</time>
   </trkpt>
   <trkpt lat="-8.080288" lon="-34.904285">
    <ele>7.1</ele>
    <time>2020-02-13T00:25:05.000Z</time>
   </trkpt>
   <trkpt lat="-8.080261" lon="-34.904253">
    <ele>7</ele>
    <time>2020-02-13T00:25:06.000Z</time>
   </trkpt>
   <trkpt lat="-8.080235" lon="-34.904222">
    <ele>6.9</ele>
    <time>2020-02-13T00:25:07.000Z</time>
   </trkpt>
   <trkpt lat="-8.080212" lon="-34.904188">
    <ele>6.7</ele>
    <time>2020-02-13T00:25:08.000Z</time>
   </trkpt>
   <trkpt lat="-8.080188" lon="-34.904149">
    <ele>6.5</ele>
    <time>2020-02-13T00:25:09.000Z</time>
   </trkpt>
   <trkpt lat="-8.080165" lon="-34.904117">
    <ele>6.3</ele>
    <time>2020-02-13T00:25:10.000Z</time>
   </trkpt>
   <trkpt lat="-8.080139" lon="-34.904092">
    <ele>6.1</ele>
    <time>2020-02-13T00:25:11.000Z</time>
   </trkpt>
   <trkpt lat="-8.080113" lon="-34.904066">
    <ele>5.9</ele>
    <time>2020-02-13T00:25:12.000Z</time>
   </trkpt>
   <trkpt lat="-8.080103" lon="-34.90404">
    <ele>5.7</ele>
    <time>2020-02-13T00:25:13.000Z</time>
   </trkpt>
   <trkpt lat="-8.080077" lon="-34.904016">
    <ele>5.5</ele>
    <time>2020-02-13T00:25:14.000Z</time>
   </trkpt>
   <trkpt lat="-8.080045" lon="-34.904005">
    <ele>5.3</ele>
    <time>2020-02-13T00:25:15.000Z</time>
   </trkpt>
   <trkpt lat="-8.080009" lon="-34.904001">
    <ele>5.5</ele>
    <time>2020-02-13T00:25:16.000Z</time>
   </trkpt>
   <trkpt lat="-8.079977" lon="-34.904004">
    <ele>5.5</ele>
    <time>2020-02-13T00:25:17.000Z</time>
   </trkpt>
   <trkpt lat="-8.079941" lon="-34.904024">
    <ele>5.6</ele>
    <time>2020-02-13T00:25:18.000Z</time>
   </trkpt>
   <trkpt lat="-8.079906" lon="-34.904047">
    <ele>5.6</ele>
    <time>2020-02-13T00:25:19.000Z</time>
   </trkpt>
   <trkpt lat="-8.07987" lon="-34.904072">
    <ele>5.7</ele>
    <time>2020-02-13T00:25:20.000Z</time>
   </trkpt>
   <trkpt lat="-8.079839" lon="-34.904104">
    <ele>5.7</ele>
    <time>2020-02-13T00:25:21.000Z</time>
   </trkpt>
   <trkpt lat="-8.079809" lon="-34.904124">
    <ele>5.7</ele>
    <time>2020-02-13T00:25:22.000Z</time>
   </trkpt>
   <trkpt lat="-8.079761" lon="-34.904138">
    <ele>5.8</ele>
    <time>2020-02-13T00:25:23.000Z</time>
   </trkpt>
   <trkpt lat="-8.079733" lon="-34.904163">
    <ele>5.8</ele>
    <time>2020-02-13T00:25:24.000Z</time>
   </trkpt>
   <trkpt lat="-8.079711" lon="-34.904186">
    <ele>5.8</ele>
    <time>2020-02-13T00:25:25.000Z</time>
   </trkpt>
   <trkpt lat="-8.079682" lon="-34.904211">
    <ele>5.9</ele>
    <time>2020-02-13T00:25:26.000Z</time>
   </trkpt>
   <trkpt lat="-8.079646" lon="-34.904242">
    <ele>5.9</ele>
    <time>2020-02-13T00:25:27.000Z</time>
   </trkpt>
   <trkpt lat="-8.079595" lon="-34.904271">
    <ele>5.9</ele>
    <time>2020-02-13T00:25:28.000Z</time>
   </trkpt>
   <trkpt lat="-8.079547" lon="-34.904308">
    <ele>6</ele>
    <time>2020-02-13T00:25:29.000Z</time>
   </trkpt>
   <trkpt lat="-8.079509" lon="-34.904338">
    <ele>6</ele>
    <time>2020-02-13T00:25:30.000Z</time>
   </trkpt>
   <trkpt lat="-8.079484" lon="-34.904371">
    <ele>6</ele>
    <time>2020-02-13T00:25:31.000Z</time>
   </trkpt>
   <trkpt lat="-8.079456" lon="-34.904398">
    <ele>6</ele>
    <time>2020-02-13T00:25:32.000Z</time>
   </trkpt>
   <trkpt lat="-8.079433" lon="-34.904444">
    <ele>6</ele>
    <time>2020-02-13T00:25:33.000Z</time>
   </trkpt>
   <trkpt lat="-8.079402" lon="-34.904469">
    <ele>6</ele>
    <time>2020-02-13T00:25:34.000Z</time>
   </trkpt>
   <trkpt lat="-8.079366" lon="-34.904502">
    <ele>6</ele>
    <time>2020-02-13T00:25:35.000Z</time>
   </trkpt>
   <trkpt lat="-8.079334" lon="-34.904536">
    <ele>6</ele>
    <time>2020-02-13T00:25:36.000Z</time>
   </trkpt>
   <trkpt lat="-8.079298" lon="-34.904573">
    <ele>6</ele>
    <time>2020-02-13T00:25:37.000Z</time>
   </trkpt>
   <trkpt lat="-8.079267" lon="-34.904603">
    <ele>6</ele>
    <time>2020-02-13T00:25:38.000Z</time>
   </trkpt>
   <trkpt lat="-8.079235" lon="-34.904641">
    <ele>6</ele>
    <time>2020-02-13T00:25:39.000Z</time>
   </trkpt>
   <trkpt lat="-8.079194" lon="-34.904672">
    <ele>6</ele>
    <time>2020-02-13T00:25:40.000Z</time>
   </trkpt>
   <trkpt lat="-8.079153" lon="-34.904705">
    <ele>6</ele>
    <time>2020-02-13T00:25:41.000Z</time>
   </trkpt>
   <trkpt lat="-8.079112" lon="-34.904734">
    <ele>6</ele>
    <time>2020-02-13T00:25:42.000Z</time>
   </trkpt>
   <trkpt lat="-8.079076" lon="-34.904758">
    <ele>6</ele>
    <time>2020-02-13T00:25:43.000Z</time>
   </trkpt>
   <trkpt lat="-8.079034" lon="-34.904779">
    <ele>6</ele>
    <time>2020-02-13T00:25:44.000Z</time>
   </trkpt>
   <trkpt lat="-8.079004" lon="-34.904802">
    <ele>6</ele>
    <time>2020-02-13T00:25:45.000Z</time>
   </trkpt>
   <trkpt lat="-8.07897" lon="-34.904833">
    <ele>6</ele>
    <time>2020-02-13T00:25:46.000Z</time>
   </trkpt>
   <trkpt lat="-8.078934" lon="-34.904862">
    <ele>6</ele>
    <time>2020-02-13T00:25:47.000Z</time>
   </trkpt>
   <trkpt lat="-8.078899" lon="-34.904884">
    <ele>6</ele>
    <time>2020-02-13T00:25:48.000Z</time>
   </trkpt>
   <trkpt lat="-8.078863" lon="-34.90491">
    <ele>6.1</ele>
    <time>2020-02-13T00:25:49.000Z</time>
   </trkpt>
   <trkpt lat="-8.078829" lon="-34.904936">
    <ele>6.1</ele>
    <time>2020-02-13T00:25:50.000Z</time>
   </trkpt>
   <trkpt lat="-8.078799" lon="-34.90496">
    <ele>6.2</ele>
    <time>2020-02-13T00:25:51.000Z</time>
   </trkpt>
   <trkpt lat="-8.078765" lon="-34.904984">
    <ele>6.2</ele>
    <time>2020-02-13T00:25:52.000Z</time>
   </trkpt>
   <trkpt lat="-8.078731" lon="-34.905009">
    <ele>6.3</ele>
    <time>2020-02-13T00:25:53.000Z</time>
   </trkpt>
   <trkpt lat="-8.078696" lon="-34.905039">
    <ele>6.4</ele>
    <time>2020-02-13T00:25:54.000Z</time>
   </trkpt>
   <trkpt lat="-8.078659" lon="-34.905074">
    <ele>6.5</ele>
    <time>2020-02-13T00:25:55.000Z</time>
   </trkpt>
   <trkpt lat="-8.078619" lon="-34.905109">
    <ele>6.6</ele>
    <time>2020-02-13T00:25:56.000Z</time>
   </trkpt>
   <trkpt lat="-8.078584" lon="-34.905138">
    <ele>6.7</ele>
    <time>2020-02-13T00:25:57.000Z</time>
   </trkpt>
   <trkpt lat="-8.078547" lon="-34.905162">
    <ele>6.8</ele>
    <time>2020-02-13T00:25:58.000Z</time>
   </trkpt>
   <trkpt lat="-8.07851" lon="-34.905188">
    <ele>6.8</ele>
    <time>2020-02-13T00:25:59.000Z</time>
   </trkpt>
   <trkpt lat="-8.078476" lon="-34.905216">
    <ele>6.8</ele>
    <time>2020-02-13T00:26:00.000Z</time>
   </trkpt>
   <trkpt lat="-8.078445" lon="-34.905249">
    <ele>6.9</ele>
    <time>2020-02-13T00:26:01.000Z</time>
   </trkpt>
   <trkpt lat="-8.078411" lon="-34.905274">
    <ele>6.9</ele>
    <time>2020-02-13T00:26:02.000Z</time>
   </trkpt>
   <trkpt lat="-8.078388" lon="-34.905308">
    <ele>6.9</ele>
    <time>2020-02-13T00:26:03.000Z</time>
   </trkpt>
   <trkpt lat="-8.078343" lon="-34.905334">
    <ele>6.9</ele>
    <time>2020-02-13T00:26:04.000Z</time>
   </trkpt>
   <trkpt lat="-8.078303" lon="-34.905364">
    <ele>6.9</ele>
    <time>2020-02-13T00:26:05.000Z</time>
   </trkpt>
   <trkpt lat="-8.07827" lon="-34.905384">
    <ele>6.9</ele>
    <time>2020-02-13T00:26:06.000Z</time>
   </trkpt>
   <trkpt lat="-8.078236" lon="-34.905416">
    <ele>6.9</ele>
    <time>2020-02-13T00:26:07.000Z</time>
   </trkpt>
   <trkpt lat="-8.078202" lon="-34.905452">
    <ele>6.9</ele>
    <time>2020-02-13T00:26:08.000Z</time>
   </trkpt>
   <trkpt lat="-8.078176" lon="-34.905502">
    <ele>6.8</ele>
    <time>2020-02-13T00:26:09.000Z</time>
   </trkpt>
   <trkpt lat="-8.078148" lon="-34.905533">
    <ele>6.8</ele>
    <time>2020-02-13T00:26:10.000Z</time>
   </trkpt>
   <trkpt lat="-8.078111" lon="-34.905563">
    <ele>6.8</ele>
    <time>2020-02-13T00:26:11.000Z</time>
   </trkpt>
   <trkpt lat="-8.078077" lon="-34.905593">
    <ele>6.9</ele>
    <time>2020-02-13T00:26:12.000Z</time>
   </trkpt>
   <trkpt lat="-8.078031" lon="-34.905617">
    <ele>6.9</ele>
    <time>2020-02-13T00:26:13.000Z</time>
   </trkpt>
   <trkpt lat="-8.077995" lon="-34.905651">
    <ele>7</ele>
    <time>2020-02-13T00:26:14.000Z</time>
   </trkpt>
   <trkpt lat="-8.077963" lon="-34.90569">
    <ele>7</ele>
    <time>2020-02-13T00:26:15.000Z</time>
   </trkpt>
   <trkpt lat="-8.077925" lon="-34.905723">
    <ele>7.1</ele>
    <time>2020-02-13T00:26:16.000Z</time>
   </trkpt>
   <trkpt lat="-8.077889" lon="-34.905749">
    <ele>7.1</ele>
    <time>2020-02-13T00:26:17.000Z</time>
   </trkpt>
   <trkpt lat="-8.077846" lon="-34.90578">
    <ele>7.2</ele>
    <time>2020-02-13T00:26:18.000Z</time>
   </trkpt>
   <trkpt lat="-8.077819" lon="-34.905816">
    <ele>7.2</ele>
    <time>2020-02-13T00:26:19.000Z</time>
   </trkpt>
   <trkpt lat="-8.077794" lon="-34.905844">
    <ele>7.2</ele>
    <time>2020-02-13T00:26:20.000Z</time>
   </trkpt>
   <trkpt lat="-8.077762" lon="-34.905872">
    <ele>7.3</ele>
    <time>2020-02-13T00:26:21.000Z</time>
   </trkpt>
   <trkpt lat="-8.077719" lon="-34.905899">
    <ele>7.4</ele>
    <time>2020-02-13T00:26:22.000Z</time>
   </trkpt>
   <trkpt lat="-8.077682" lon="-34.905928">
    <ele>7.4</ele>
    <time>2020-02-13T00:26:23.000Z</time>
   </trkpt>
   <trkpt lat="-8.077643" lon="-34.905957">
    <ele>7.5</ele>
    <time>2020-02-13T00:26:24.000Z</time>
   </trkpt>
   <trkpt lat="-8.0776" lon="-34.905988">
    <ele>7.6</ele>
    <time>2020-02-13T00:26:25.000Z</time>
   </trkpt>
   <trkpt lat="-8.077564" lon="-34.906011">
    <ele>7.6</ele>
    <time>2020-02-13T00:26:26.000Z</time>
   </trkpt>
   <trkpt lat="-8.077537" lon="-34.906047">
    <ele>7.7</ele>
    <time>2020-02-13T00:26:27.000Z</time>
   </trkpt>
   <trkpt lat="-8.077505" lon="-34.906068">
    <ele>7.8</ele>
    <time>2020-02-13T00:26:28.000Z</time>
   </trkpt>
   <trkpt lat="-8.077472" lon="-34.906098">
    <ele>7.8</ele>
    <time>2020-02-13T00:26:29.000Z</time>
   </trkpt>
   <trkpt lat="-8.077424" lon="-34.906133">
    <ele>7.9</ele>
    <time>2020-02-13T00:26:30.000Z</time>
   </trkpt>
   <trkpt lat="-8.077398" lon="-34.906157">
    <ele>8</ele>
    <time>2020-02-13T00:26:31.000Z</time>
   </trkpt>
   <trkpt lat="-8.077366" lon="-34.906187">
    <ele>8.1</ele>
    <time>2020-02-13T00:26:32.000Z</time>
   </trkpt>
   <trkpt lat="-8.077335" lon="-34.906221">
    <ele>8.2</ele>
    <time>2020-02-13T00:26:33.000Z</time>
   </trkpt>
   <trkpt lat="-8.077292" lon="-34.906243">
    <ele>8.3</ele>
    <time>2020-02-13T00:26:34.000Z</time>
   </trkpt>
   <trkpt lat="-8.077257" lon="-34.906269">
    <ele>8.3</ele>
    <time>2020-02-13T00:26:35.000Z</time>
   </trkpt>
   <trkpt lat="-8.077218" lon="-34.906297">
    <ele>8.4</ele>
    <time>2020-02-13T00:26:36.000Z</time>
   </trkpt>
   <trkpt lat="-8.077175" lon="-34.906322">
    <ele>8.5</ele>
    <time>2020-02-13T00:26:37.000Z</time>
   </trkpt>
   <trkpt lat="-8.07713" lon="-34.906344">
    <ele>8.6</ele>
    <time>2020-02-13T00:26:38.000Z</time>
   </trkpt>
   <trkpt lat="-8.077095" lon="-34.906384">
    <ele>8.5</ele>
    <time>2020-02-13T00:26:39.000Z</time>
   </trkpt>
   <trkpt lat="-8.077054" lon="-34.906406">
    <ele>8.5</ele>
    <time>2020-02-13T00:26:40.000Z</time>
   </trkpt>
   <trkpt lat="-8.077017" lon="-34.906428">
    <ele>8.5</ele>
    <time>2020-02-13T00:26:41.000Z</time>
   </trkpt>
   <trkpt lat="-8.076977" lon="-34.906444">
    <ele>8.5</ele>
    <time>2020-02-13T00:26:42.000Z</time>
   </trkpt>
   <trkpt lat="-8.076938" lon="-34.906484">
    <ele>8.5</ele>
    <time>2020-02-13T00:26:43.000Z</time>
   </trkpt>
   <trkpt lat="-8.076909" lon="-34.906513">
    <ele>8.4</ele>
    <time>2020-02-13T00:26:44.000Z</time>
   </trkpt>
   <trkpt lat="-8.076883" lon="-34.906552">
    <ele>8.3</ele>
    <time>2020-02-13T00:26:45.000Z</time>
   </trkpt>
   <trkpt lat="-8.076854" lon="-34.906579">
    <ele>8.1</ele>
    <time>2020-02-13T00:26:46.000Z</time>
   </trkpt>
   <trkpt lat="-8.076827" lon="-34.906604">
    <ele>8</ele>
    <time>2020-02-13T00:26:47.000Z</time>
   </trkpt>
   <trkpt lat="-8.076799" lon="-34.906621">
    <ele>7.9</ele>
    <time>2020-02-13T00:26:48.000Z</time>
   </trkpt>
   <trkpt lat="-8.076778" lon="-34.906638">
    <ele>7.9</ele>
    <time>2020-02-13T00:26:49.000Z</time>
   </trkpt>
   <trkpt lat="-8.076734" lon="-34.90666">
    <ele>7.7</ele>
    <time>2020-02-13T00:26:50.000Z</time>
   </trkpt>
   <trkpt lat="-8.076691" lon="-34.906681">
    <ele>7.6</ele>
    <time>2020-02-13T00:26:51.000Z</time>
   </trkpt>
   <trkpt lat="-8.076645" lon="-34.906709">
    <ele>7.4</ele>
    <time>2020-02-13T00:26:52.000Z</time>
   </trkpt>
   <trkpt lat="-8.076618" lon="-34.906728">
    <ele>7.3</ele>
    <time>2020-02-13T00:26:53.000Z</time>
   </trkpt>
   <trkpt lat="-8.076588" lon="-34.906757">
    <ele>7.2</ele>
    <time>2020-02-13T00:26:54.000Z</time>
   </trkpt>
   <trkpt lat="-8.076559" lon="-34.906785">
    <ele>7.1</ele>
    <time>2020-02-13T00:26:55.000Z</time>
   </trkpt>
   <trkpt lat="-8.076533" lon="-34.906796">
    <ele>7</ele>
    <time>2020-02-13T00:26:56.000Z</time>
   </trkpt>
   <trkpt lat="-8.076502" lon="-34.906817">
    <ele>6.9</ele>
    <time>2020-02-13T00:26:57.000Z</time>
   </trkpt>
   <trkpt lat="-8.076475" lon="-34.906834">
    <ele>6.8</ele>
    <time>2020-02-13T00:26:58.000Z</time>
   </trkpt>
   <trkpt lat="-8.076446" lon="-34.906845">
    <ele>6.7</ele>
    <time>2020-02-13T00:26:59.000Z</time>
   </trkpt>
   <trkpt lat="-8.076414" lon="-34.90688">
    <ele>6.5</ele>
    <time>2020-02-13T00:27:00.000Z</time>
   </trkpt>
   <trkpt lat="-8.076389" lon="-34.906904">
    <ele>6.4</ele>
    <time>2020-02-13T00:27:01.000Z</time>
   </trkpt>
   <trkpt lat="-8.076362" lon="-34.906923">
    <ele>6.3</ele>
    <time>2020-02-13T00:27:02.000Z</time>
   </trkpt>
   <trkpt lat="-8.076341" lon="-34.906949">
    <ele>6.2</ele>
    <time>2020-02-13T00:27:03.000Z</time>
   </trkpt>
   <trkpt lat="-8.076312" lon="-34.906964">
    <ele>6.1</ele>
    <time>2020-02-13T00:27:04.000Z</time>
   </trkpt>
   <trkpt lat="-8.07629" lon="-34.906988">
    <ele>6</ele>
    <time>2020-02-13T00:27:05.000Z</time>
   </trkpt>
   <trkpt lat="-8.076277" lon="-34.90701">
    <ele>5.9</ele>
    <time>2020-02-13T00:27:07.000Z</time>
   </trkpt>
   <trkpt lat="-8.076266" lon="-34.907027">
    <ele>5.8</ele>
    <time>2020-02-13T00:27:12.000Z</time>
   </trkpt>
   <trkpt lat="-8.076232" lon="-34.907045">
    <ele>5.7</ele>
    <time>2020-02-13T00:27:15.000Z</time>
   </trkpt>
   <trkpt lat="-8.076196" lon="-34.907076">
    <ele>5.5</ele>
    <time>2020-02-13T00:27:17.000Z</time>
   </trkpt>
   <trkpt lat="-8.076169" lon="-34.907089">
    <ele>5.4</ele>
    <time>2020-02-13T00:27:18.000Z</time>
   </trkpt>
   <trkpt lat="-8.07611" lon="-34.907113">
    <ele>5.2</ele>
    <time>2020-02-13T00:27:20.000Z</time>
   </trkpt>
   <trkpt lat="-8.076082" lon="-34.907126">
    <ele>5.1</ele>
    <time>2020-02-13T00:27:21.000Z</time>
   </trkpt>
   <trkpt lat="-8.076054" lon="-34.907146">
    <ele>5</ele>
    <time>2020-02-13T00:27:22.000Z</time>
   </trkpt>
   <trkpt lat="-8.076022" lon="-34.907172">
    <ele>4.8</ele>
    <time>2020-02-13T00:27:23.000Z</time>
   </trkpt>
   <trkpt lat="-8.075991" lon="-34.907194">
    <ele>4.7</ele>
    <time>2020-02-13T00:27:24.000Z</time>
   </trkpt>
   <trkpt lat="-8.075957" lon="-34.907218">
    <ele>4.4</ele>
    <time>2020-02-13T00:27:25.000Z</time>
   </trkpt>
   <trkpt lat="-8.075923" lon="-34.90725">
    <ele>4.4</ele>
    <time>2020-02-13T00:27:26.000Z</time>
   </trkpt>
   <trkpt lat="-8.075888" lon="-34.907308">
    <ele>4.4</ele>
    <time>2020-02-13T00:27:27.000Z</time>
   </trkpt>
   <trkpt lat="-8.075851" lon="-34.907322">
    <ele>4.4</ele>
    <time>2020-02-13T00:27:28.000Z</time>
   </trkpt>
   <trkpt lat="-8.075816" lon="-34.907324">
    <ele>4.4</ele>
    <time>2020-02-13T00:27:29.000Z</time>
   </trkpt>
   <trkpt lat="-8.075773" lon="-34.907331">
    <ele>4.8</ele>
    <time>2020-02-13T00:27:30.000Z</time>
   </trkpt>
   <trkpt lat="-8.075729" lon="-34.907341">
    <ele>5.1</ele>
    <time>2020-02-13T00:27:31.000Z</time>
   </trkpt>
   <trkpt lat="-8.075687" lon="-34.907344">
    <ele>5.3</ele>
    <time>2020-02-13T00:27:32.000Z</time>
   </trkpt>
   <trkpt lat="-8.075647" lon="-34.907347">
    <ele>5.5</ele>
    <time>2020-02-13T00:27:33.000Z</time>
   </trkpt>
   <trkpt lat="-8.07561" lon="-34.907357">
    <ele>5.5</ele>
    <time>2020-02-13T00:27:34.000Z</time>
   </trkpt>
   <trkpt lat="-8.075568" lon="-34.907369">
    <ele>5.4</ele>
    <time>2020-02-13T00:27:35.000Z</time>
   </trkpt>
   <trkpt lat="-8.075525" lon="-34.907377">
    <ele>5.4</ele>
    <time>2020-02-13T00:27:36.000Z</time>
   </trkpt>
   <trkpt lat="-8.075486" lon="-34.907384">
    <ele>5.3</ele>
    <time>2020-02-13T00:27:37.000Z</time>
   </trkpt>
   <trkpt lat="-8.075446" lon="-34.907385">
    <ele>5.3</ele>
    <time>2020-02-13T00:27:38.000Z</time>
   </trkpt>
   <trkpt lat="-8.075402" lon="-34.907391">
    <ele>5.3</ele>
    <time>2020-02-13T00:27:39.000Z</time>
   </trkpt>
   <trkpt lat="-8.075361" lon="-34.907394">
    <ele>5.2</ele>
    <time>2020-02-13T00:27:40.000Z</time>
   </trkpt>
   <trkpt lat="-8.075313" lon="-34.907404">
    <ele>5.2</ele>
    <time>2020-02-13T00:27:41.000Z</time>
   </trkpt>
   <trkpt lat="-8.075268" lon="-34.907412">
    <ele>5.2</ele>
    <time>2020-02-13T00:27:42.000Z</time>
   </trkpt>
   <trkpt lat="-8.075224" lon="-34.907422">
    <ele>5.2</ele>
    <time>2020-02-13T00:27:43.000Z</time>
   </trkpt>
   <trkpt lat="-8.075174" lon="-34.907419">
    <ele>5.1</ele>
    <time>2020-02-13T00:27:44.000Z</time>
   </trkpt>
   <trkpt lat="-8.075118" lon="-34.907425">
    <ele>5.1</ele>
    <time>2020-02-13T00:27:45.000Z</time>
   </trkpt>
   <trkpt lat="-8.075063" lon="-34.907431">
    <ele>5.1</ele>
    <time>2020-02-13T00:27:46.000Z</time>
   </trkpt>
   <trkpt lat="-8.075005" lon="-34.907457">
    <ele>5</ele>
    <time>2020-02-13T00:27:47.000Z</time>
   </trkpt>
   <trkpt lat="-8.074938" lon="-34.907466">
    <ele>5</ele>
    <time>2020-02-13T00:27:48.000Z</time>
   </trkpt>
   <trkpt lat="-8.074869" lon="-34.907478">
    <ele>5</ele>
    <time>2020-02-13T00:27:49.000Z</time>
   </trkpt>
   <trkpt lat="-8.074812" lon="-34.907484">
    <ele>5.1</ele>
    <time>2020-02-13T00:27:50.000Z</time>
   </trkpt>
   <trkpt lat="-8.074764" lon="-34.907499">
    <ele>5.1</ele>
    <time>2020-02-13T00:27:51.000Z</time>
   </trkpt>
   <trkpt lat="-8.074722" lon="-34.907505">
    <ele>5.1</ele>
    <time>2020-02-13T00:27:52.000Z</time>
   </trkpt>
   <trkpt lat="-8.074677" lon="-34.907506">
    <ele>5.2</ele>
    <time>2020-02-13T00:27:53.000Z</time>
   </trkpt>
   <trkpt lat="-8.074629" lon="-34.907512">
    <ele>5.2</ele>
    <time>2020-02-13T00:27:54.000Z</time>
   </trkpt>
   <trkpt lat="-8.074578" lon="-34.907514">
    <ele>5.3</ele>
    <time>2020-02-13T00:27:55.000Z</time>
   </trkpt>
   <trkpt lat="-8.074525" lon="-34.90752">
    <ele>5.3</ele>
    <time>2020-02-13T00:27:56.000Z</time>
   </trkpt>
   <trkpt lat="-8.074481" lon="-34.90753">
    <ele>5.4</ele>
    <time>2020-02-13T00:27:57.000Z</time>
   </trkpt>
   <trkpt lat="-8.074438" lon="-34.907542">
    <ele>5.4</ele>
    <time>2020-02-13T00:27:58.000Z</time>
   </trkpt>
   <trkpt lat="-8.074398" lon="-34.907548">
    <ele>5.4</ele>
    <time>2020-02-13T00:27:59.000Z</time>
   </trkpt>
   <trkpt lat="-8.074356" lon="-34.907555">
    <ele>5.5</ele>
    <time>2020-02-13T00:28:00.000Z</time>
   </trkpt>
   <trkpt lat="-8.074305" lon="-34.907567">
    <ele>5.5</ele>
    <time>2020-02-13T00:28:01.000Z</time>
   </trkpt>
   <trkpt lat="-8.074261" lon="-34.907575">
    <ele>5.6</ele>
    <time>2020-02-13T00:28:02.000Z</time>
   </trkpt>
   <trkpt lat="-8.074211" lon="-34.907574">
    <ele>5.6</ele>
    <time>2020-02-13T00:28:03.000Z</time>
   </trkpt>
   <trkpt lat="-8.074164" lon="-34.907582">
    <ele>5.7</ele>
    <time>2020-02-13T00:28:04.000Z</time>
   </trkpt>
   <trkpt lat="-8.074116" lon="-34.907586">
    <ele>5.7</ele>
    <time>2020-02-13T00:28:05.000Z</time>
   </trkpt>
   <trkpt lat="-8.074065" lon="-34.907595">
    <ele>5.8</ele>
    <time>2020-02-13T00:28:06.000Z</time>
   </trkpt>
   <trkpt lat="-8.074017" lon="-34.907608">
    <ele>5.8</ele>
    <time>2020-02-13T00:28:07.000Z</time>
   </trkpt>
   <trkpt lat="-8.073963" lon="-34.907619">
    <ele>5.8</ele>
    <time>2020-02-13T00:28:08.000Z</time>
   </trkpt>
   <trkpt lat="-8.073913" lon="-34.907627">
    <ele>5.8</ele>
    <time>2020-02-13T00:28:09.000Z</time>
   </trkpt>
   <trkpt lat="-8.073859" lon="-34.907639">
    <ele>5.8</ele>
    <time>2020-02-13T00:28:10.000Z</time>
   </trkpt>
   <trkpt lat="-8.073811" lon="-34.907645">
    <ele>5.9</ele>
    <time>2020-02-13T00:28:11.000Z</time>
   </trkpt>
   <trkpt lat="-8.073762" lon="-34.90765">
    <ele>5.9</ele>
    <time>2020-02-13T00:28:12.000Z</time>
   </trkpt>
   <trkpt lat="-8.07371" lon="-34.907664">
    <ele>5.9</ele>
    <time>2020-02-13T00:28:13.000Z</time>
   </trkpt>
   <trkpt lat="-8.073665" lon="-34.907671">
    <ele>6</ele>
    <time>2020-02-13T00:28:14.000Z</time>
   </trkpt>
   <trkpt lat="-8.07362" lon="-34.907678">
    <ele>6</ele>
    <time>2020-02-13T00:28:15.000Z</time>
   </trkpt>
   <trkpt lat="-8.073576" lon="-34.907686">
    <ele>6</ele>
    <time>2020-02-13T00:28:16.000Z</time>
   </trkpt>
   <trkpt lat="-8.073531" lon="-34.907688">
    <ele>6.1</ele>
    <time>2020-02-13T00:28:17.000Z</time>
   </trkpt>
   <trkpt lat="-8.073486" lon="-34.907688">
    <ele>6.2</ele>
    <time>2020-02-13T00:28:18.000Z</time>
   </trkpt>
   <trkpt lat="-8.073442" lon="-34.907691">
    <ele>6.3</ele>
    <time>2020-02-13T00:28:19.000Z</time>
   </trkpt>
   <trkpt lat="-8.073397" lon="-34.907693">
    <ele>6.4</ele>
    <time>2020-02-13T00:28:20.000Z</time>
   </trkpt>
   <trkpt lat="-8.073352" lon="-34.907691">
    <ele>6.5</ele>
    <time>2020-02-13T00:28:21.000Z</time>
   </trkpt>
   <trkpt lat="-8.073307" lon="-34.907696">
    <ele>6.6</ele>
    <time>2020-02-13T00:28:22.000Z</time>
   </trkpt>
   <trkpt lat="-8.073264" lon="-34.907714">
    <ele>6.7</ele>
    <time>2020-02-13T00:28:23.000Z</time>
   </trkpt>
   <trkpt lat="-8.073221" lon="-34.907722">
    <ele>6.8</ele>
    <time>2020-02-13T00:28:24.000Z</time>
   </trkpt>
   <trkpt lat="-8.073179" lon="-34.907732">
    <ele>6.8</ele>
    <time>2020-02-13T00:28:25.000Z</time>
   </trkpt>
   <trkpt lat="-8.073142" lon="-34.90774">
    <ele>6.9</ele>
    <time>2020-02-13T00:28:26.000Z</time>
   </trkpt>
   <trkpt lat="-8.073099" lon="-34.907742">
    <ele>6.9</ele>
    <time>2020-02-13T00:28:27.000Z</time>
   </trkpt>
   <trkpt lat="-8.073062" lon="-34.907748">
    <ele>6.9</ele>
    <time>2020-02-13T00:28:28.000Z</time>
   </trkpt>
   <trkpt lat="-8.073028" lon="-34.907762">
    <ele>7</ele>
    <time>2020-02-13T00:28:29.000Z</time>
   </trkpt>
   <trkpt lat="-8.072986" lon="-34.90777">
    <ele>7</ele>
    <time>2020-02-13T00:28:30.000Z</time>
   </trkpt>
   <trkpt lat="-8.072944" lon="-34.907785">
    <ele>7.1</ele>
    <time>2020-02-13T00:28:31.000Z</time>
   </trkpt>
   <trkpt lat="-8.072895" lon="-34.907794">
    <ele>7.1</ele>
    <time>2020-02-13T00:28:32.000Z</time>
   </trkpt>
   <trkpt lat="-8.072847" lon="-34.907803">
    <ele>7.2</ele>
    <time>2020-02-13T00:28:33.000Z</time>
   </trkpt>
   <trkpt lat="-8.072804" lon="-34.90781">
    <ele>7.3</ele>
    <time>2020-02-13T00:28:34.000Z</time>
   </trkpt>
   <trkpt lat="-8.072758" lon="-34.907817">
    <ele>7.4</ele>
    <time>2020-02-13T00:28:35.000Z</time>
   </trkpt>
   <trkpt lat="-8.072714" lon="-34.907823">
    <ele>7.5</ele>
    <time>2020-02-13T00:28:36.000Z</time>
   </trkpt>
   <trkpt lat="-8.072665" lon="-34.907834">
    <ele>7.6</ele>
    <time>2020-02-13T00:28:37.000Z</time>
   </trkpt>
   <trkpt lat="-8.072616" lon="-34.907842">
    <ele>7.7</ele>
    <time>2020-02-13T00:28:38.000Z</time>
   </trkpt>
   <trkpt lat="-8.072566" lon="-34.907851">
    <ele>7.8</ele>
    <time>2020-02-13T00:28:39.000Z</time>
   </trkpt>
   <trkpt lat="-8.072527" lon="-34.907857">
    <ele>7.8</ele>
    <time>2020-02-13T00:28:40.000Z</time>
   </trkpt>
   <trkpt lat="-8.072485" lon="-34.907862">
    <ele>7.9</ele>
    <time>2020-02-13T00:28:41.000Z</time>
   </trkpt>
   <trkpt lat="-8.072452" lon="-34.907869">
    <ele>7.9</ele>
    <time>2020-02-13T00:28:42.000Z</time>
   </trkpt>
   <trkpt lat="-8.072417" lon="-34.90787">
    <ele>7.9</ele>
    <time>2020-02-13T00:28:43.000Z</time>
   </trkpt>
   <trkpt lat="-8.072367" lon="-34.907874">
    <ele>7.9</ele>
    <time>2020-02-13T00:28:44.000Z</time>
   </trkpt>
   <trkpt lat="-8.072319" lon="-34.907884">
    <ele>7.9</ele>
    <time>2020-02-13T00:28:45.000Z</time>
   </trkpt>
   <trkpt lat="-8.072269" lon="-34.907891">
    <ele>7.9</ele>
    <time>2020-02-13T00:28:46.000Z</time>
   </trkpt>
   <trkpt lat="-8.072219" lon="-34.907906">
    <ele>7.9</ele>
    <time>2020-02-13T00:28:47.000Z</time>
   </trkpt>
   <trkpt lat="-8.072172" lon="-34.90792">
    <ele>7.9</ele>
    <time>2020-02-13T00:28:48.000Z</time>
   </trkpt>
   <trkpt lat="-8.072128" lon="-34.907932">
    <ele>7.9</ele>
    <time>2020-02-13T00:28:49.000Z</time>
   </trkpt>
   <trkpt lat="-8.072081" lon="-34.907939">
    <ele>7.9</ele>
    <time>2020-02-13T00:28:50.000Z</time>
   </trkpt>
   <trkpt lat="-8.072038" lon="-34.907943">
    <ele>8.1</ele>
    <time>2020-02-13T00:28:51.000Z</time>
   </trkpt>
   <trkpt lat="-8.072" lon="-34.907949">
    <ele>8.3</ele>
    <time>2020-02-13T00:28:52.000Z</time>
   </trkpt>
   <trkpt lat="-8.071955" lon="-34.90796">
    <ele>8.7</ele>
    <time>2020-02-13T00:28:53.000Z</time>
   </trkpt>
   <trkpt lat="-8.071911" lon="-34.907966">
    <ele>8.5</ele>
    <time>2020-02-13T00:28:54.000Z</time>
   </trkpt>
   <trkpt lat="-8.071865" lon="-34.907981">
    <ele>8.3</ele>
    <time>2020-02-13T00:28:55.000Z</time>
   </trkpt>
   <trkpt lat="-8.071816" lon="-34.907988">
    <ele>8.2</ele>
    <time>2020-02-13T00:28:56.000Z</time>
   </trkpt>
   <trkpt lat="-8.07177" lon="-34.907999">
    <ele>8</ele>
    <time>2020-02-13T00:28:57.000Z</time>
   </trkpt>
   <trkpt lat="-8.07172" lon="-34.908008">
    <ele>7.9</ele>
    <time>2020-02-13T00:28:58.000Z</time>
   </trkpt>
   <trkpt lat="-8.071673" lon="-34.908021">
    <ele>7.8</ele>
    <time>2020-02-13T00:28:59.000Z</time>
   </trkpt>
   <trkpt lat="-8.071617" lon="-34.908023">
    <ele>7.6</ele>
    <time>2020-02-13T00:29:00.000Z</time>
   </trkpt>
   <trkpt lat="-8.071566" lon="-34.908024">
    <ele>7.5</ele>
    <time>2020-02-13T00:29:01.000Z</time>
   </trkpt>
   <trkpt lat="-8.071524" lon="-34.90803">
    <ele>7.4</ele>
    <time>2020-02-13T00:29:02.000Z</time>
   </trkpt>
   <trkpt lat="-8.071474" lon="-34.908026">
    <ele>7.3</ele>
    <time>2020-02-13T00:29:03.000Z</time>
   </trkpt>
   <trkpt lat="-8.071433" lon="-34.908029">
    <ele>7.2</ele>
    <time>2020-02-13T00:29:04.000Z</time>
   </trkpt>
   <trkpt lat="-8.071392" lon="-34.908029">
    <ele>7.1</ele>
    <time>2020-02-13T00:29:05.000Z</time>
   </trkpt>
   <trkpt lat="-8.071345" lon="-34.908042">
    <ele>7</ele>
    <time>2020-02-13T00:29:06.000Z</time>
   </trkpt>
   <trkpt lat="-8.071293" lon="-34.908043">
    <ele>6.9</ele>
    <time>2020-02-13T00:29:07.000Z</time>
   </trkpt>
   <trkpt lat="-8.071249" lon="-34.908064">
    <ele>6.9</ele>
    <time>2020-02-13T00:29:08.000Z</time>
   </trkpt>
   <trkpt lat="-8.071199" lon="-34.908075">
    <ele>6.8</ele>
    <time>2020-02-13T00:29:09.000Z</time>
   </trkpt>
   <trkpt lat="-8.07115" lon="-34.908078">
    <ele>6.7</ele>
    <time>2020-02-13T00:29:10.000Z</time>
   </trkpt>
   <trkpt lat="-8.071102" lon="-34.908084">
    <ele>6.4</ele>
    <time>2020-02-13T00:29:11.000Z</time>
   </trkpt>
   <trkpt lat="-8.071054" lon="-34.908089">
    <ele>6.1</ele>
    <time>2020-02-13T00:29:12.000Z</time>
   </trkpt>
   <trkpt lat="-8.071007" lon="-34.908094">
    <ele>5.8</ele>
    <time>2020-02-13T00:29:13.000Z</time>
   </trkpt>
   <trkpt lat="-8.070959" lon="-34.908102">
    <ele>5.4</ele>
    <time>2020-02-13T00:29:14.000Z</time>
   </trkpt>
   <trkpt lat="-8.070906" lon="-34.90812">
    <ele>5.1</ele>
    <time>2020-02-13T00:29:15.000Z</time>
   </trkpt>
   <trkpt lat="-8.070851" lon="-34.908125">
    <ele>4.8</ele>
    <time>2020-02-13T00:29:16.000Z</time>
   </trkpt>
   <trkpt lat="-8.070806" lon="-34.90813">
    <ele>4.6</ele>
    <time>2020-02-13T00:29:17.000Z</time>
   </trkpt>
   <trkpt lat="-8.070761" lon="-34.908139">
    <ele>4.4</ele>
    <time>2020-02-13T00:29:18.000Z</time>
   </trkpt>
   <trkpt lat="-8.070719" lon="-34.908149">
    <ele>4.1</ele>
    <time>2020-02-13T00:29:19.000Z</time>
   </trkpt>
   <trkpt lat="-8.070667" lon="-34.908163">
    <ele>4.1</ele>
    <time>2020-02-13T00:29:20.000Z</time>
   </trkpt>
   <trkpt lat="-8.070625" lon="-34.908173">
    <ele>4.1</ele>
    <time>2020-02-13T00:29:21.000Z</time>
   </trkpt>
   <trkpt lat="-8.070582" lon="-34.908176">
    <ele>4.1</ele>
    <time>2020-02-13T00:29:22.000Z</time>
   </trkpt>
   <trkpt lat="-8.070541" lon="-34.908185">
    <ele>4.1</ele>
    <time>2020-02-13T00:29:23.000Z</time>
   </trkpt>
   <trkpt lat="-8.070495" lon="-34.908188">
    <ele>4.1</ele>
    <time>2020-02-13T00:29:24.000Z</time>
   </trkpt>
   <trkpt lat="-8.070452" lon="-34.9082">
    <ele>4</ele>
    <time>2020-02-13T00:29:25.000Z</time>
   </trkpt>
   <trkpt lat="-8.070418" lon="-34.908205">
    <ele>4</ele>
    <time>2020-02-13T00:29:26.000Z</time>
   </trkpt>
   <trkpt lat="-8.070378" lon="-34.908204">
    <ele>4</ele>
    <time>2020-02-13T00:29:27.000Z</time>
   </trkpt>
   <trkpt lat="-8.070326" lon="-34.908212">
    <ele>4</ele>
    <time>2020-02-13T00:29:28.000Z</time>
   </trkpt>
   <trkpt lat="-8.070279" lon="-34.908215">
    <ele>4</ele>
    <time>2020-02-13T00:29:29.000Z</time>
   </trkpt>
   <trkpt lat="-8.070234" lon="-34.908228">
    <ele>4</ele>
    <time>2020-02-13T00:29:30.000Z</time>
   </trkpt>
   <trkpt lat="-8.070185" lon="-34.908229">
    <ele>4</ele>
    <time>2020-02-13T00:29:31.000Z</time>
   </trkpt>
   <trkpt lat="-8.070141" lon="-34.90824">
    <ele>4</ele>
    <time>2020-02-13T00:29:32.000Z</time>
   </trkpt>
   <trkpt lat="-8.070103" lon="-34.908253">
    <ele>4</ele>
    <time>2020-02-13T00:29:33.000Z</time>
   </trkpt>
   <trkpt lat="-8.070058" lon="-34.908259">
    <ele>4.2</ele>
    <time>2020-02-13T00:29:34.000Z</time>
   </trkpt>
   <trkpt lat="-8.070009" lon="-34.90827">
    <ele>4.5</ele>
    <time>2020-02-13T00:29:35.000Z</time>
   </trkpt>
   <trkpt lat="-8.069959" lon="-34.908278">
    <ele>4.8</ele>
    <time>2020-02-13T00:29:36.000Z</time>
   </trkpt>
   <trkpt lat="-8.069911" lon="-34.908286">
    <ele>5</ele>
    <time>2020-02-13T00:29:37.000Z</time>
   </trkpt>
   <trkpt lat="-8.06986" lon="-34.908296">
    <ele>5.3</ele>
    <time>2020-02-13T00:29:38.000Z</time>
   </trkpt>
   <trkpt lat="-8.06981" lon="-34.908302">
    <ele>5.6</ele>
    <time>2020-02-13T00:29:39.000Z</time>
   </trkpt>
   <trkpt lat="-8.069768" lon="-34.908317">
    <ele>5.8</ele>
    <time>2020-02-13T00:29:40.000Z</time>
   </trkpt>
   <trkpt lat="-8.06973" lon="-34.908319">
    <ele>6.1</ele>
    <time>2020-02-13T00:29:41.000Z</time>
   </trkpt>
   <trkpt lat="-8.069688" lon="-34.908315">
    <ele>6.3</ele>
    <time>2020-02-13T00:29:42.000Z</time>
   </trkpt>
   <trkpt lat="-8.069639" lon="-34.908321">
    <ele>6.6</ele>
    <time>2020-02-13T00:29:43.000Z</time>
   </trkpt>
   <trkpt lat="-8.069599" lon="-34.908328">
    <ele>6.8</ele>
    <time>2020-02-13T00:29:44.000Z</time>
   </trkpt>
   <trkpt lat="-8.069556" lon="-34.908335">
    <ele>7.1</ele>
    <time>2020-02-13T00:29:45.000Z</time>
   </trkpt>
   <trkpt lat="-8.069517" lon="-34.908346">
    <ele>7.3</ele>
    <time>2020-02-13T00:29:46.000Z</time>
   </trkpt>
   <trkpt lat="-8.069475" lon="-34.908348">
    <ele>7.6</ele>
    <time>2020-02-13T00:29:47.000Z</time>
   </trkpt>
   <trkpt lat="-8.069434" lon="-34.908358">
    <ele>7.8</ele>
    <time>2020-02-13T00:29:48.000Z</time>
   </trkpt>
   <trkpt lat="-8.069406" lon="-34.908367">
    <ele>7.7</ele>
    <time>2020-02-13T00:29:49.000Z</time>
   </trkpt>
   <trkpt lat="-8.069371" lon="-34.908373">
    <ele>7.6</ele>
    <time>2020-02-13T00:29:50.000Z</time>
   </trkpt>
   <trkpt lat="-8.069327" lon="-34.908379">
    <ele>7.4</ele>
    <time>2020-02-13T00:29:51.000Z</time>
   </trkpt>
   <trkpt lat="-8.069287" lon="-34.908378">
    <ele>7.2</ele>
    <time>2020-02-13T00:29:52.000Z</time>
   </trkpt>
   <trkpt lat="-8.069242" lon="-34.908382">
    <ele>7</ele>
    <time>2020-02-13T00:29:53.000Z</time>
   </trkpt>
   <trkpt lat="-8.069194" lon="-34.908387">
    <ele>6.9</ele>
    <time>2020-02-13T00:29:54.000Z</time>
   </trkpt>
   <trkpt lat="-8.069149" lon="-34.908392">
    <ele>6.7</ele>
    <time>2020-02-13T00:29:55.000Z</time>
   </trkpt>
   <trkpt lat="-8.06911" lon="-34.90841">
    <ele>6.5</ele>
    <time>2020-02-13T00:29:56.000Z</time>
   </trkpt>
   <trkpt lat="-8.069062" lon="-34.90842">
    <ele>6.3</ele>
    <time>2020-02-13T00:29:57.000Z</time>
   </trkpt>
   <trkpt lat="-8.069014" lon="-34.908427">
    <ele>6.1</ele>
    <time>2020-02-13T00:29:58.000Z</time>
   </trkpt>
   <trkpt lat="-8.068964" lon="-34.908431">
    <ele>5.9</ele>
    <time>2020-02-13T00:29:59.000Z</time>
   </trkpt>
   <trkpt lat="-8.06892" lon="-34.908431">
    <ele>5.9</ele>
    <time>2020-02-13T00:30:00.000Z</time>
   </trkpt>
   <trkpt lat="-8.068875" lon="-34.90843">
    <ele>5.9</ele>
    <time>2020-02-13T00:30:01.000Z</time>
   </trkpt>
   <trkpt lat="-8.068832" lon="-34.908431">
    <ele>5.9</ele>
    <time>2020-02-13T00:30:02.000Z</time>
   </trkpt>
   <trkpt lat="-8.068793" lon="-34.908429">
    <ele>6</ele>
    <time>2020-02-13T00:30:03.000Z</time>
   </trkpt>
   <trkpt lat="-8.068743" lon="-34.908421">
    <ele>6</ele>
    <time>2020-02-13T00:30:04.000Z</time>
   </trkpt>
   <trkpt lat="-8.068691" lon="-34.908415">
    <ele>6</ele>
    <time>2020-02-13T00:30:05.000Z</time>
   </trkpt>
   <trkpt lat="-8.06864" lon="-34.908413">
    <ele>6</ele>
    <time>2020-02-13T00:30:06.000Z</time>
   </trkpt>
   <trkpt lat="-8.068587" lon="-34.908412">
    <ele>6</ele>
    <time>2020-02-13T00:30:07.000Z</time>
   </trkpt>
   <trkpt lat="-8.068543" lon="-34.908408">
    <ele>6</ele>
    <time>2020-02-13T00:30:08.000Z</time>
   </trkpt>
   <trkpt lat="-8.068494" lon="-34.90841">
    <ele>6</ele>
    <time>2020-02-13T00:30:09.000Z</time>
   </trkpt>
   <trkpt lat="-8.068438" lon="-34.908402">
    <ele>6</ele>
    <time>2020-02-13T00:30:10.000Z</time>
   </trkpt>
   <trkpt lat="-8.068393" lon="-34.9084">
    <ele>6.2</ele>
    <time>2020-02-13T00:30:11.000Z</time>
   </trkpt>
   <trkpt lat="-8.068348" lon="-34.908398">
    <ele>6.4</ele>
    <time>2020-02-13T00:30:12.000Z</time>
   </trkpt>
   <trkpt lat="-8.068308" lon="-34.908394">
    <ele>6.5</ele>
    <time>2020-02-13T00:30:13.000Z</time>
   </trkpt>
   <trkpt lat="-8.068264" lon="-34.908392">
    <ele>6.7</ele>
    <time>2020-02-13T00:30:14.000Z</time>
   </trkpt>
   <trkpt lat="-8.068216" lon="-34.90839">
    <ele>6.8</ele>
    <time>2020-02-13T00:30:15.000Z</time>
   </trkpt>
   <trkpt lat="-8.068181" lon="-34.90839">
    <ele>6.9</ele>
    <time>2020-02-13T00:30:16.000Z</time>
   </trkpt>
   <trkpt lat="-8.068128" lon="-34.908379">
    <ele>7</ele>
    <time>2020-02-13T00:30:17.000Z</time>
   </trkpt>
   <trkpt lat="-8.068085" lon="-34.908365">
    <ele>7.1</ele>
    <time>2020-02-13T00:30:18.000Z</time>
   </trkpt>
   <trkpt lat="-8.068041" lon="-34.908359">
    <ele>7.2</ele>
    <time>2020-02-13T00:30:19.000Z</time>
   </trkpt>
   <trkpt lat="-8.067992" lon="-34.908349">
    <ele>7.3</ele>
    <time>2020-02-13T00:30:20.000Z</time>
   </trkpt>
   <trkpt lat="-8.067943" lon="-34.908341">
    <ele>7.4</ele>
    <time>2020-02-13T00:30:21.000Z</time>
   </trkpt>
   <trkpt lat="-8.0679" lon="-34.908335">
    <ele>7.6</ele>
    <time>2020-02-13T00:30:22.000Z</time>
   </trkpt>
   <trkpt lat="-8.067858" lon="-34.908334">
    <ele>7.8</ele>
    <time>2020-02-13T00:30:23.000Z</time>
   </trkpt>
   <trkpt lat="-8.067808" lon="-34.908332">
    <ele>8</ele>
    <time>2020-02-13T00:30:24.000Z</time>
   </trkpt>
   <trkpt lat="-8.067758" lon="-34.908323">
    <ele>8.2</ele>
    <time>2020-02-13T00:30:25.000Z</time>
   </trkpt>
   <trkpt lat="-8.067713" lon="-34.908317">
    <ele>8.3</ele>
    <time>2020-02-13T00:30:26.000Z</time>
   </trkpt>
   <trkpt lat="-8.06767" lon="-34.908318">
    <ele>8.4</ele>
    <time>2020-02-13T00:30:27.000Z</time>
   </trkpt>
   <trkpt lat="-8.067625" lon="-34.908312">
    <ele>8.5</ele>
    <time>2020-02-13T00:30:28.000Z</time>
   </trkpt>
   <trkpt lat="-8.067581" lon="-34.908301">
    <ele>8.6</ele>
    <time>2020-02-13T00:30:29.000Z</time>
   </trkpt>
   <trkpt lat="-8.067542" lon="-34.908302">
    <ele>8.7</ele>
    <time>2020-02-13T00:30:30.000Z</time>
   </trkpt>
   <trkpt lat="-8.067498" lon="-34.908302">
    <ele>8.8</ele>
    <time>2020-02-13T00:30:31.000Z</time>
   </trkpt>
   <trkpt lat="-8.067458" lon="-34.908296">
    <ele>8.9</ele>
    <time>2020-02-13T00:30:32.000Z</time>
   </trkpt>
   <trkpt lat="-8.067409" lon="-34.908291">
    <ele>9</ele>
    <time>2020-02-13T00:30:33.000Z</time>
   </trkpt>
   <trkpt lat="-8.06736" lon="-34.908298">
    <ele>9</ele>
    <time>2020-02-13T00:30:34.000Z</time>
   </trkpt>
   <trkpt lat="-8.067316" lon="-34.908291">
    <ele>9</ele>
    <time>2020-02-13T00:30:35.000Z</time>
   </trkpt>
   <trkpt lat="-8.067273" lon="-34.908283">
    <ele>9</ele>
    <time>2020-02-13T00:30:36.000Z</time>
   </trkpt>
   <trkpt lat="-8.067231" lon="-34.908263">
    <ele>9</ele>
    <time>2020-02-13T00:30:37.000Z</time>
   </trkpt>
   <trkpt lat="-8.067173" lon="-34.908237">
    <ele>9</ele>
    <time>2020-02-13T00:30:38.000Z</time>
   </trkpt>
   <trkpt lat="-8.067122" lon="-34.908249">
    <ele>9</ele>
    <time>2020-02-13T00:30:39.000Z</time>
   </trkpt>
   <trkpt lat="-8.067076" lon="-34.908234">
    <ele>9</ele>
    <time>2020-02-13T00:30:40.000Z</time>
   </trkpt>
   <trkpt lat="-8.067028" lon="-34.908229">
    <ele>9.1</ele>
    <time>2020-02-13T00:30:41.000Z</time>
   </trkpt>
   <trkpt lat="-8.066982" lon="-34.908231">
    <ele>9.1</ele>
    <time>2020-02-13T00:30:42.000Z</time>
   </trkpt>
   <trkpt lat="-8.066933" lon="-34.908207">
    <ele>9.1</ele>
    <time>2020-02-13T00:30:43.000Z</time>
   </trkpt>
   <trkpt lat="-8.066887" lon="-34.908199">
    <ele>9.1</ele>
    <time>2020-02-13T00:30:44.000Z</time>
   </trkpt>
   <trkpt lat="-8.066846" lon="-34.908199">
    <ele>9.2</ele>
    <time>2020-02-13T00:30:45.000Z</time>
   </trkpt>
   <trkpt lat="-8.066798" lon="-34.908197">
    <ele>9.3</ele>
    <time>2020-02-13T00:30:46.000Z</time>
   </trkpt>
   <trkpt lat="-8.066759" lon="-34.90819">
    <ele>9.3</ele>
    <time>2020-02-13T00:30:47.000Z</time>
   </trkpt>
   <trkpt lat="-8.066715" lon="-34.908183">
    <ele>9.4</ele>
    <time>2020-02-13T00:30:48.000Z</time>
   </trkpt>
   <trkpt lat="-8.066672" lon="-34.908179">
    <ele>9.4</ele>
    <time>2020-02-13T00:30:49.000Z</time>
   </trkpt>
   <trkpt lat="-8.066635" lon="-34.90817">
    <ele>9.4</ele>
    <time>2020-02-13T00:30:50.000Z</time>
   </trkpt>
   <trkpt lat="-8.066594" lon="-34.908164">
    <ele>9.5</ele>
    <time>2020-02-13T00:30:51.000Z</time>
   </trkpt>
   <trkpt lat="-8.066552" lon="-34.908165">
    <ele>9.6</ele>
    <time>2020-02-13T00:30:52.000Z</time>
   </trkpt>
   <trkpt lat="-8.06651" lon="-34.908164">
    <ele>9.6</ele>
    <time>2020-02-13T00:30:53.000Z</time>
   </trkpt>
   <trkpt lat="-8.066463" lon="-34.90816">
    <ele>9.6</ele>
    <time>2020-02-13T00:30:54.000Z</time>
   </trkpt>
   <trkpt lat="-8.066419" lon="-34.908156">
    <ele>9.6</ele>
    <time>2020-02-13T00:30:55.000Z</time>
   </trkpt>
   <trkpt lat="-8.066375" lon="-34.90815">
    <ele>9.6</ele>
    <time>2020-02-13T00:30:56.000Z</time>
   </trkpt>
   <trkpt lat="-8.066327" lon="-34.908142">
    <ele>9.6</ele>
    <time>2020-02-13T00:30:57.000Z</time>
   </trkpt>
   <trkpt lat="-8.066288" lon="-34.908143">
    <ele>9.6</ele>
    <time>2020-02-13T00:30:58.000Z</time>
   </trkpt>
   <trkpt lat="-8.066251" lon="-34.90814">
    <ele>9.5</ele>
    <time>2020-02-13T00:30:59.000Z</time>
   </trkpt>
   <trkpt lat="-8.066206" lon="-34.908131">
    <ele>9.4</ele>
    <time>2020-02-13T00:31:00.000Z</time>
   </trkpt>
   <trkpt lat="-8.066164" lon="-34.908123">
    <ele>9.5</ele>
    <time>2020-02-13T00:31:01.000Z</time>
   </trkpt>
   <trkpt lat="-8.066117" lon="-34.908122">
    <ele>9.6</ele>
    <time>2020-02-13T00:31:02.000Z</time>
   </trkpt>
   <trkpt lat="-8.066076" lon="-34.908121">
    <ele>9.5</ele>
    <time>2020-02-13T00:31:03.000Z</time>
   </trkpt>
   <trkpt lat="-8.066033" lon="-34.908114">
    <ele>9.3</ele>
    <time>2020-02-13T00:31:04.000Z</time>
   </trkpt>
   <trkpt lat="-8.065997" lon="-34.908127">
    <ele>9.1</ele>
    <time>2020-02-13T00:31:05.000Z</time>
   </trkpt>
   <trkpt lat="-8.065967" lon="-34.908116">
    <ele>9</ele>
    <time>2020-02-13T00:31:06.000Z</time>
   </trkpt>
   <trkpt lat="-8.065935" lon="-34.9081">
    <ele>8.8</ele>
    <time>2020-02-13T00:31:07.000Z</time>
   </trkpt>
   <trkpt lat="-8.065906" lon="-34.908098">
    <ele>8.6</ele>
    <time>2020-02-13T00:31:08.000Z</time>
   </trkpt>
   <trkpt lat="-8.065869" lon="-34.908096">
    <ele>8.4</ele>
    <time>2020-02-13T00:31:09.000Z</time>
   </trkpt>
   <trkpt lat="-8.065836" lon="-34.90808">
    <ele>8.2</ele>
    <time>2020-02-13T00:31:10.000Z</time>
   </trkpt>
   <trkpt lat="-8.065805" lon="-34.908076">
    <ele>8.2</ele>
    <time>2020-02-13T00:31:11.000Z</time>
   </trkpt>
   <trkpt lat="-8.065774" lon="-34.908072">
    <ele>8.1</ele>
    <time>2020-02-13T00:31:12.000Z</time>
   </trkpt>
   <trkpt lat="-8.065744" lon="-34.908065">
    <ele>8.2</ele>
    <time>2020-02-13T00:31:13.000Z</time>
   </trkpt>
   <trkpt lat="-8.065702" lon="-34.908047">
    <ele>8.5</ele>
    <time>2020-02-13T00:31:15.000Z</time>
   </trkpt>
   <trkpt lat="-8.065676" lon="-34.908039">
    <ele>8.7</ele>
    <time>2020-02-13T00:31:16.000Z</time>
   </trkpt>
   <trkpt lat="-8.065631" lon="-34.90804">
    <ele>8.9</ele>
    <time>2020-02-13T00:31:18.000Z</time>
   </trkpt>
   <trkpt lat="-8.0656" lon="-34.908028">
    <ele>9</ele>
    <time>2020-02-13T00:31:20.000Z</time>
   </trkpt>
   <trkpt lat="-8.065568" lon="-34.908018">
    <ele>9.1</ele>
    <time>2020-02-13T00:31:22.000Z</time>
   </trkpt>
   <trkpt lat="-8.065528" lon="-34.908013">
    <ele>9.1</ele>
    <time>2020-02-13T00:31:24.000Z</time>
   </trkpt>
   <trkpt lat="-8.065484" lon="-34.908017">
    <ele>9.1</ele>
    <time>2020-02-13T00:31:26.000Z</time>
   </trkpt>
   <trkpt lat="-8.065453" lon="-34.908021">
    <ele>9.2</ele>
    <time>2020-02-13T00:31:28.000Z</time>
   </trkpt>
   <trkpt lat="-8.065422" lon="-34.90802">
    <ele>9.2</ele>
    <time>2020-02-13T00:31:30.000Z</time>
   </trkpt>
   <trkpt lat="-8.065374" lon="-34.908005">
    <ele>9.8</ele>
    <time>2020-02-13T00:31:32.000Z</time>
   </trkpt>
   <trkpt lat="-8.065336" lon="-34.907993">
    <ele>10</ele>
    <time>2020-02-13T00:31:33.000Z</time>
   </trkpt>
   <trkpt lat="-8.065297" lon="-34.907987">
    <ele>10.2</ele>
    <time>2020-02-13T00:31:34.000Z</time>
   </trkpt>
   <trkpt lat="-8.065254" lon="-34.907984">
    <ele>10.4</ele>
    <time>2020-02-13T00:31:35.000Z</time>
   </trkpt>
   <trkpt lat="-8.065204" lon="-34.907982">
    <ele>10.2</ele>
    <time>2020-02-13T00:31:36.000Z</time>
   </trkpt>
   <trkpt lat="-8.065157" lon="-34.907978">
    <ele>10</ele>
    <time>2020-02-13T00:31:37.000Z</time>
   </trkpt>
   <trkpt lat="-8.065103" lon="-34.907976">
    <ele>9.8</ele>
    <time>2020-02-13T00:31:38.000Z</time>
   </trkpt>
   <trkpt lat="-8.065054" lon="-34.907967">
    <ele>9.6</ele>
    <time>2020-02-13T00:31:39.000Z</time>
   </trkpt>
   <trkpt lat="-8.06501" lon="-34.907957">
    <ele>9.5</ele>
    <time>2020-02-13T00:31:40.000Z</time>
   </trkpt>
   <trkpt lat="-8.064957" lon="-34.907939">
    <ele>9.3</ele>
    <time>2020-02-13T00:31:41.000Z</time>
   </trkpt>
   <trkpt lat="-8.064905" lon="-34.907933">
    <ele>9.1</ele>
    <time>2020-02-13T00:31:42.000Z</time>
   </trkpt>
   <trkpt lat="-8.064852" lon="-34.907927">
    <ele>8.9</ele>
    <time>2020-02-13T00:31:43.000Z</time>
   </trkpt>
   <trkpt lat="-8.064799" lon="-34.907921">
    <ele>8.8</ele>
    <time>2020-02-13T00:31:44.000Z</time>
   </trkpt>
   <trkpt lat="-8.064749" lon="-34.907915">
    <ele>8.6</ele>
    <time>2020-02-13T00:31:45.000Z</time>
   </trkpt>
   <trkpt lat="-8.0647" lon="-34.907907">
    <ele>8.4</ele>
    <time>2020-02-13T00:31:46.000Z</time>
   </trkpt>
   <trkpt lat="-8.064668" lon="-34.907908">
    <ele>8.3</ele>
    <time>2020-02-13T00:31:47.000Z</time>
   </trkpt>
   <trkpt lat="-8.064617" lon="-34.907899">
    <ele>8.2</ele>
    <time>2020-02-13T00:31:48.000Z</time>
   </trkpt>
   <trkpt lat="-8.064571" lon="-34.907893">
    <ele>8</ele>
    <time>2020-02-13T00:31:49.000Z</time>
   </trkpt>
   <trkpt lat="-8.064527" lon="-34.907889">
    <ele>7.9</ele>
    <time>2020-02-13T00:31:50.000Z</time>
   </trkpt>
   <trkpt lat="-8.064492" lon="-34.907888">
    <ele>7.8</ele>
    <time>2020-02-13T00:31:51.000Z</time>
   </trkpt>
   <trkpt lat="-8.064446" lon="-34.907883">
    <ele>7.7</ele>
    <time>2020-02-13T00:31:52.000Z</time>
   </trkpt>
   <trkpt lat="-8.064409" lon="-34.90787">
    <ele>7.5</ele>
    <time>2020-02-13T00:31:53.000Z</time>
   </trkpt>
   <trkpt lat="-8.064368" lon="-34.907871">
    <ele>7.4</ele>
    <time>2020-02-13T00:31:54.000Z</time>
   </trkpt>
   <trkpt lat="-8.06434" lon="-34.907858">
    <ele>7.3</ele>
    <time>2020-02-13T00:31:55.000Z</time>
   </trkpt>
   <trkpt lat="-8.064306" lon="-34.90785">
    <ele>7.1</ele>
    <time>2020-02-13T00:31:56.000Z</time>
   </trkpt>
   <trkpt lat="-8.064271" lon="-34.907851">
    <ele>7</ele>
    <time>2020-02-13T00:31:57.000Z</time>
   </trkpt>
   <trkpt lat="-8.064227" lon="-34.90785">
    <ele>7</ele>
    <time>2020-02-13T00:31:58.000Z</time>
   </trkpt>
   <trkpt lat="-8.064172" lon="-34.907849">
    <ele>7</ele>
    <time>2020-02-13T00:31:59.000Z</time>
   </trkpt>
   <trkpt lat="-8.064134" lon="-34.907851">
    <ele>7</ele>
    <time>2020-02-13T00:32:00.000Z</time>
   </trkpt>
   <trkpt lat="-8.064099" lon="-34.907859">
    <ele>7.1</ele>
    <time>2020-02-13T00:32:01.000Z</time>
   </trkpt>
   <trkpt lat="-8.064064" lon="-34.907862">
    <ele>7.1</ele>
    <time>2020-02-13T00:32:02.000Z</time>
   </trkpt>
   <trkpt lat="-8.064" lon="-34.907861">
    <ele>7.1</ele>
    <time>2020-02-13T00:32:04.000Z</time>
   </trkpt>
   <trkpt lat="-8.063969" lon="-34.90786">
    <ele>7.2</ele>
    <time>2020-02-13T00:32:05.000Z</time>
   </trkpt>
   <trkpt lat="-8.063941" lon="-34.907856">
    <ele>7.2</ele>
    <time>2020-02-13T00:32:06.000Z</time>
   </trkpt>
   <trkpt lat="-8.063911" lon="-34.907856">
    <ele>7.3</ele>
    <time>2020-02-13T00:32:07.000Z</time>
   </trkpt>
   <trkpt lat="-8.063878" lon="-34.90786">
    <ele>7.3</ele>
    <time>2020-02-13T00:32:08.000Z</time>
   </trkpt>
   <trkpt lat="-8.063848" lon="-34.907861">
    <ele>7.4</ele>
    <time>2020-02-13T00:32:09.000Z</time>
   </trkpt>
   <trkpt lat="-8.063815" lon="-34.907856">
    <ele>7.6</ele>
    <time>2020-02-13T00:32:10.000Z</time>
   </trkpt>
   <trkpt lat="-8.063776" lon="-34.907853">
    <ele>7.8</ele>
    <time>2020-02-13T00:32:11.000Z</time>
   </trkpt>
   <trkpt lat="-8.063736" lon="-34.907848">
    <ele>8</ele>
    <time>2020-02-13T00:32:12.000Z</time>
   </trkpt>
   <trkpt lat="-8.063691" lon="-34.907841">
    <ele>8.3</ele>
    <time>2020-02-13T00:32:13.000Z</time>
   </trkpt>
   <trkpt lat="-8.063648" lon="-34.907835">
    <ele>8.6</ele>
    <time>2020-02-13T00:32:14.000Z</time>
   </trkpt>
   <trkpt lat="-8.06361" lon="-34.90783">
    <ele>8.9</ele>
    <time>2020-02-13T00:32:15.000Z</time>
   </trkpt>
   <trkpt lat="-8.063564" lon="-34.907823">
    <ele>9.2</ele>
    <time>2020-02-13T00:32:16.000Z</time>
   </trkpt>
   <trkpt lat="-8.063517" lon="-34.907818">
    <ele>9.5</ele>
    <time>2020-02-13T00:32:17.000Z</time>
   </trkpt>
   <trkpt lat="-8.063484" lon="-34.907806">
    <ele>9.6</ele>
    <time>2020-02-13T00:32:18.000Z</time>
   </trkpt>
   <trkpt lat="-8.063424" lon="-34.90778">
    <ele>9.8</ele>
    <time>2020-02-13T00:32:19.000Z</time>
   </trkpt>
   <trkpt lat="-8.063382" lon="-34.907772">
    <ele>9.9</ele>
    <time>2020-02-13T00:32:20.000Z</time>
   </trkpt>
   <trkpt lat="-8.063347" lon="-34.907772">
    <ele>9.9</ele>
    <time>2020-02-13T00:32:21.000Z</time>
   </trkpt>
   <trkpt lat="-8.063297" lon="-34.907768">
    <ele>10</ele>
    <time>2020-02-13T00:32:22.000Z</time>
   </trkpt>
   <trkpt lat="-8.063254" lon="-34.907754">
    <ele>10.1</ele>
    <time>2020-02-13T00:32:23.000Z</time>
   </trkpt>
   <trkpt lat="-8.063213" lon="-34.907753">
    <ele>10.1</ele>
    <time>2020-02-13T00:32:24.000Z</time>
   </trkpt>
   <trkpt lat="-8.063167" lon="-34.907744">
    <ele>10.1</ele>
    <time>2020-02-13T00:32:25.000Z</time>
   </trkpt>
   <trkpt lat="-8.063124" lon="-34.907732">
    <ele>10.1</ele>
    <time>2020-02-13T00:32:26.000Z</time>
   </trkpt>
   <trkpt lat="-8.063073" lon="-34.907722">
    <ele>10</ele>
    <time>2020-02-13T00:32:27.000Z</time>
   </trkpt>
   <trkpt lat="-8.063016" lon="-34.907707">
    <ele>9.8</ele>
    <time>2020-02-13T00:32:28.000Z</time>
   </trkpt>
   <trkpt lat="-8.062959" lon="-34.907694">
    <ele>9.7</ele>
    <time>2020-02-13T00:32:29.000Z</time>
   </trkpt>
   <trkpt lat="-8.06291" lon="-34.907687">
    <ele>9.6</ele>
    <time>2020-02-13T00:32:30.000Z</time>
   </trkpt>
   <trkpt lat="-8.062869" lon="-34.907684">
    <ele>9.4</ele>
    <time>2020-02-13T00:32:31.000Z</time>
   </trkpt>
   <trkpt lat="-8.062828" lon="-34.907683">
    <ele>9.3</ele>
    <time>2020-02-13T00:32:32.000Z</time>
   </trkpt>
   <trkpt lat="-8.062788" lon="-34.907687">
    <ele>9.2</ele>
    <time>2020-02-13T00:32:33.000Z</time>
   </trkpt>
   <trkpt lat="-8.062753" lon="-34.90769">
    <ele>9.1</ele>
    <time>2020-02-13T00:32:34.000Z</time>
   </trkpt>
   <trkpt lat="-8.062721" lon="-34.907685">
    <ele>9</ele>
    <time>2020-02-13T00:32:35.000Z</time>
   </trkpt>
   <trkpt lat="-8.062688" lon="-34.907692">
    <ele>8.9</ele>
    <time>2020-02-13T00:32:36.000Z</time>
   </trkpt>
   <trkpt lat="-8.062654" lon="-34.907696">
    <ele>8.7</ele>
    <time>2020-02-13T00:32:37.000Z</time>
   </trkpt>
   <trkpt lat="-8.062622" lon="-34.907693">
    <ele>8.6</ele>
    <time>2020-02-13T00:32:38.000Z</time>
   </trkpt>
   <trkpt lat="-8.062585" lon="-34.90768">
    <ele>8.5</ele>
    <time>2020-02-13T00:32:39.000Z</time>
   </trkpt>
   <trkpt lat="-8.062551" lon="-34.907673">
    <ele>8.3</ele>
    <time>2020-02-13T00:32:40.000Z</time>
   </trkpt>
   <trkpt lat="-8.062511" lon="-34.907666">
    <ele>8.2</ele>
    <time>2020-02-13T00:32:41.000Z</time>
   </trkpt>
   <trkpt lat="-8.062476" lon="-34.907676">
    <ele>8</ele>
    <time>2020-02-13T00:32:42.000Z</time>
   </trkpt>
   <trkpt lat="-8.062442" lon="-34.907659">
    <ele>7.8</ele>
    <time>2020-02-13T00:32:43.000Z</time>
   </trkpt>
   <trkpt lat="-8.062409" lon="-34.907658">
    <ele>7.6</ele>
    <time>2020-02-13T00:32:44.000Z</time>
   </trkpt>
   <trkpt lat="-8.062382" lon="-34.907658">
    <ele>7.5</ele>
    <time>2020-02-13T00:32:45.000Z</time>
   </trkpt>
   <trkpt lat="-8.062357" lon="-34.907636">
    <ele>7.3</ele>
    <time>2020-02-13T00:32:46.000Z</time>
   </trkpt>
   <trkpt lat="-8.062325" lon="-34.907627">
    <ele>7.1</ele>
    <time>2020-02-13T00:32:47.000Z</time>
   </trkpt>
   <trkpt lat="-8.06229" lon="-34.907622">
    <ele>6.9</ele>
    <time>2020-02-13T00:32:48.000Z</time>
   </trkpt>
   <trkpt lat="-8.062258" lon="-34.907613">
    <ele>6.6</ele>
    <time>2020-02-13T00:32:49.000Z</time>
   </trkpt>
   <trkpt lat="-8.062221" lon="-34.907611">
    <ele>6.5</ele>
    <time>2020-02-13T00:32:51.000Z</time>
   </trkpt>
   <trkpt lat="-8.062188" lon="-34.907622">
    <ele>6.5</ele>
    <time>2020-02-13T00:32:53.000Z</time>
   </trkpt>
   <trkpt lat="-8.062132" lon="-34.907611">
    <ele>6.4</ele>
    <time>2020-02-13T00:32:55.000Z</time>
   </trkpt>
   <trkpt lat="-8.062109" lon="-34.907596">
    <ele>6.4</ele>
    <time>2020-02-13T00:32:56.000Z</time>
   </trkpt>
   <trkpt lat="-8.062081" lon="-34.907595">
    <ele>6.3</ele>
    <time>2020-02-13T00:32:57.000Z</time>
   </trkpt>
   <trkpt lat="-8.062043" lon="-34.907585">
    <ele>6.3</ele>
    <time>2020-02-13T00:32:59.000Z</time>
   </trkpt>
   <trkpt lat="-8.062015" lon="-34.907602">
    <ele>6.2</ele>
    <time>2020-02-13T00:33:01.000Z</time>
   </trkpt>
   <trkpt lat="-8.061981" lon="-34.907585">
    <ele>6.2</ele>
    <time>2020-02-13T00:33:03.000Z</time>
   </trkpt>
   <trkpt lat="-8.061952" lon="-34.907582">
    <ele>6.2</ele>
    <time>2020-02-13T00:33:04.000Z</time>
   </trkpt>
   <trkpt lat="-8.06192" lon="-34.907571">
    <ele>6.2</ele>
    <time>2020-02-13T00:33:05.000Z</time>
   </trkpt>
   <trkpt lat="-8.061883" lon="-34.907562">
    <ele>6.2</ele>
    <time>2020-02-13T00:33:06.000Z</time>
   </trkpt>
   <trkpt lat="-8.061845" lon="-34.907568">
    <ele>6.2</ele>
    <time>2020-02-13T00:33:07.000Z</time>
   </trkpt>
   <trkpt lat="-8.061802" lon="-34.907561">
    <ele>6.2</ele>
    <time>2020-02-13T00:33:08.000Z</time>
   </trkpt>
   <trkpt lat="-8.061759" lon="-34.907555">
    <ele>6.1</ele>
    <time>2020-02-13T00:33:09.000Z</time>
   </trkpt>
   <trkpt lat="-8.061717" lon="-34.90755">
    <ele>6.2</ele>
    <time>2020-02-13T00:33:10.000Z</time>
   </trkpt>
   <trkpt lat="-8.061676" lon="-34.907545">
    <ele>6.5</ele>
    <time>2020-02-13T00:33:11.000Z</time>
   </trkpt>
   <trkpt lat="-8.061631" lon="-34.907542">
    <ele>6.8</ele>
    <time>2020-02-13T00:33:12.000Z</time>
   </trkpt>
   <trkpt lat="-8.061579" lon="-34.907538">
    <ele>7</ele>
    <time>2020-02-13T00:33:13.000Z</time>
   </trkpt>
   <trkpt lat="-8.061526" lon="-34.907534">
    <ele>7.4</ele>
    <time>2020-02-13T00:33:14.000Z</time>
   </trkpt>
   <trkpt lat="-8.061475" lon="-34.90753">
    <ele>7.7</ele>
    <time>2020-02-13T00:33:15.000Z</time>
   </trkpt>
   <trkpt lat="-8.061424" lon="-34.907522">
    <ele>8.3</ele>
    <time>2020-02-13T00:33:16.000Z</time>
   </trkpt>
   <trkpt lat="-8.061369" lon="-34.907513">
    <ele>8.9</ele>
    <time>2020-02-13T00:33:17.000Z</time>
   </trkpt>
   <trkpt lat="-8.061332" lon="-34.907505">
    <ele>9.2</ele>
    <time>2020-02-13T00:33:18.000Z</time>
   </trkpt>
   <trkpt lat="-8.061293" lon="-34.907497">
    <ele>9.3</ele>
    <time>2020-02-13T00:33:19.000Z</time>
   </trkpt>
   <trkpt lat="-8.06125" lon="-34.907495">
    <ele>9.5</ele>
    <time>2020-02-13T00:33:20.000Z</time>
   </trkpt>
   <trkpt lat="-8.061215" lon="-34.907494">
    <ele>9.6</ele>
    <time>2020-02-13T00:33:21.000Z</time>
   </trkpt>
   <trkpt lat="-8.061177" lon="-34.907484">
    <ele>9.7</ele>
    <time>2020-02-13T00:33:22.000Z</time>
   </trkpt>
   <trkpt lat="-8.061141" lon="-34.907469">
    <ele>9.7</ele>
    <time>2020-02-13T00:33:23.000Z</time>
   </trkpt>
   <trkpt lat="-8.061096" lon="-34.907464">
    <ele>9.8</ele>
    <time>2020-02-13T00:33:24.000Z</time>
   </trkpt>
   <trkpt lat="-8.061048" lon="-34.907459">
    <ele>9.9</ele>
    <time>2020-02-13T00:33:25.000Z</time>
   </trkpt>
   <trkpt lat="-8.060995" lon="-34.907462">
    <ele>10</ele>
    <time>2020-02-13T00:33:26.000Z</time>
   </trkpt>
   <trkpt lat="-8.060946" lon="-34.907455">
    <ele>10</ele>
    <time>2020-02-13T00:33:27.000Z</time>
   </trkpt>
   <trkpt lat="-8.060893" lon="-34.907454">
    <ele>10.2</ele>
    <time>2020-02-13T00:33:28.000Z</time>
   </trkpt>
   <trkpt lat="-8.060853" lon="-34.907453">
    <ele>10.4</ele>
    <time>2020-02-13T00:33:29.000Z</time>
   </trkpt>
   <trkpt lat="-8.06081" lon="-34.907449">
    <ele>10.5</ele>
    <time>2020-02-13T00:33:30.000Z</time>
   </trkpt>
   <trkpt lat="-8.060767" lon="-34.907442">
    <ele>10.5</ele>
    <time>2020-02-13T00:33:31.000Z</time>
   </trkpt>
   <trkpt lat="-8.06072" lon="-34.907437">
    <ele>10.5</ele>
    <time>2020-02-13T00:33:32.000Z</time>
   </trkpt>
   <trkpt lat="-8.060674" lon="-34.907426">
    <ele>10.3</ele>
    <time>2020-02-13T00:33:33.000Z</time>
   </trkpt>
   <trkpt lat="-8.060632" lon="-34.907417">
    <ele>10.1</ele>
    <time>2020-02-13T00:33:34.000Z</time>
   </trkpt>
   <trkpt lat="-8.060582" lon="-34.907412">
    <ele>10.1</ele>
    <time>2020-02-13T00:33:35.000Z</time>
   </trkpt>
   <trkpt lat="-8.060537" lon="-34.907402">
    <ele>9.9</ele>
    <time>2020-02-13T00:33:36.000Z</time>
   </trkpt>
   <trkpt lat="-8.060497" lon="-34.907387">
    <ele>9.8</ele>
    <time>2020-02-13T00:33:37.000Z</time>
   </trkpt>
   <trkpt lat="-8.060448" lon="-34.907393">
    <ele>9.7</ele>
    <time>2020-02-13T00:33:38.000Z</time>
   </trkpt>
   <trkpt lat="-8.060395" lon="-34.907389">
    <ele>9.5</ele>
    <time>2020-02-13T00:33:39.000Z</time>
   </trkpt>
   <trkpt lat="-8.060344" lon="-34.907375">
    <ele>9.3</ele>
    <time>2020-02-13T00:33:40.000Z</time>
   </trkpt>
   <trkpt lat="-8.060302" lon="-34.907367">
    <ele>9.1</ele>
    <time>2020-02-13T00:33:41.000Z</time>
   </trkpt>
   <trkpt lat="-8.060257" lon="-34.907358">
    <ele>9</ele>
    <time>2020-02-13T00:33:42.000Z</time>
   </trkpt>
   <trkpt lat="-8.060212" lon="-34.907353">
    <ele>8.9</ele>
    <time>2020-02-13T00:33:43.000Z</time>
   </trkpt>
   <trkpt lat="-8.060161" lon="-34.90736">
    <ele>8.9</ele>
    <time>2020-02-13T00:33:44.000Z</time>
   </trkpt>
   <trkpt lat="-8.060118" lon="-34.907359">
    <ele>8.9</ele>
    <time>2020-02-13T00:33:45.000Z</time>
   </trkpt>
   <trkpt lat="-8.060079" lon="-34.907352">
    <ele>8.9</ele>
    <time>2020-02-13T00:33:46.000Z</time>
   </trkpt>
   <trkpt lat="-8.060036" lon="-34.907345">
    <ele>9</ele>
    <time>2020-02-13T00:33:47.000Z</time>
   </trkpt>
   <trkpt lat="-8.06" lon="-34.907327">
    <ele>9</ele>
    <time>2020-02-13T00:33:48.000Z</time>
   </trkpt>
   <trkpt lat="-8.059962" lon="-34.907323">
    <ele>9.1</ele>
    <time>2020-02-13T00:33:49.000Z</time>
   </trkpt>
   <trkpt lat="-8.059918" lon="-34.90732">
    <ele>9.2</ele>
    <time>2020-02-13T00:33:50.000Z</time>
   </trkpt>
   <trkpt lat="-8.059881" lon="-34.907318">
    <ele>9</ele>
    <time>2020-02-13T00:33:51.000Z</time>
   </trkpt>
   <trkpt lat="-8.059833" lon="-34.907304">
    <ele>8.8</ele>
    <time>2020-02-13T00:33:52.000Z</time>
   </trkpt>
   <trkpt lat="-8.05979" lon="-34.907298">
    <ele>8.7</ele>
    <time>2020-02-13T00:33:53.000Z</time>
   </trkpt>
   <trkpt lat="-8.059741" lon="-34.907281">
    <ele>8.6</ele>
    <time>2020-02-13T00:33:54.000Z</time>
   </trkpt>
   <trkpt lat="-8.05969" lon="-34.907281">
    <ele>8.4</ele>
    <time>2020-02-13T00:33:55.000Z</time>
   </trkpt>
   <trkpt lat="-8.059639" lon="-34.907268">
    <ele>8.3</ele>
    <time>2020-02-13T00:33:56.000Z</time>
   </trkpt>
   <trkpt lat="-8.059586" lon="-34.907264">
    <ele>8.2</ele>
    <time>2020-02-13T00:33:57.000Z</time>
   </trkpt>
   <trkpt lat="-8.059537" lon="-34.90726">
    <ele>8</ele>
    <time>2020-02-13T00:33:58.000Z</time>
   </trkpt>
   <trkpt lat="-8.059487" lon="-34.907253">
    <ele>7.9</ele>
    <time>2020-02-13T00:33:59.000Z</time>
   </trkpt>
   <trkpt lat="-8.059447" lon="-34.907249">
    <ele>7.7</ele>
    <time>2020-02-13T00:34:00.000Z</time>
   </trkpt>
   <trkpt lat="-8.059416" lon="-34.907238">
    <ele>7.7</ele>
    <time>2020-02-13T00:34:01.000Z</time>
   </trkpt>
   <trkpt lat="-8.05937" lon="-34.907234">
    <ele>7.5</ele>
    <time>2020-02-13T00:34:02.000Z</time>
   </trkpt>
   <trkpt lat="-8.059328" lon="-34.907231">
    <ele>7.4</ele>
    <time>2020-02-13T00:34:03.000Z</time>
   </trkpt>
   <trkpt lat="-8.059286" lon="-34.907228">
    <ele>7.2</ele>
    <time>2020-02-13T00:34:04.000Z</time>
   </trkpt>
   <trkpt lat="-8.059247" lon="-34.907222">
    <ele>7.1</ele>
    <time>2020-02-13T00:34:05.000Z</time>
   </trkpt>
   <trkpt lat="-8.059211" lon="-34.907219">
    <ele>7</ele>
    <time>2020-02-13T00:34:06.000Z</time>
   </trkpt>
   <trkpt lat="-8.05917" lon="-34.907221">
    <ele>6.7</ele>
    <time>2020-02-13T00:34:07.000Z</time>
   </trkpt>
   <trkpt lat="-8.059119" lon="-34.907211">
    <ele>6.5</ele>
    <time>2020-02-13T00:34:08.000Z</time>
   </trkpt>
   <trkpt lat="-8.059078" lon="-34.907208">
    <ele>6.3</ele>
    <time>2020-02-13T00:34:09.000Z</time>
   </trkpt>
   <trkpt lat="-8.05904" lon="-34.907211">
    <ele>6.2</ele>
    <time>2020-02-13T00:34:10.000Z</time>
   </trkpt>
   <trkpt lat="-8.058998" lon="-34.907213">
    <ele>6</ele>
    <time>2020-02-13T00:34:11.000Z</time>
   </trkpt>
   <trkpt lat="-8.058957" lon="-34.907208">
    <ele>5.9</ele>
    <time>2020-02-13T00:34:12.000Z</time>
   </trkpt>
   <trkpt lat="-8.058911" lon="-34.907197">
    <ele>5.8</ele>
    <time>2020-02-13T00:34:13.000Z</time>
   </trkpt>
   <trkpt lat="-8.058868" lon="-34.90719">
    <ele>5.8</ele>
    <time>2020-02-13T00:34:14.000Z</time>
   </trkpt>
   <trkpt lat="-8.058828" lon="-34.90719">
    <ele>5.8</ele>
    <time>2020-02-13T00:34:15.000Z</time>
   </trkpt>
   <trkpt lat="-8.058782" lon="-34.907196">
    <ele>5.7</ele>
    <time>2020-02-13T00:34:16.000Z</time>
   </trkpt>
   <trkpt lat="-8.058738" lon="-34.90719">
    <ele>5.7</ele>
    <time>2020-02-13T00:34:17.000Z</time>
   </trkpt>
   <trkpt lat="-8.058698" lon="-34.907182">
    <ele>5.7</ele>
    <time>2020-02-13T00:34:18.000Z</time>
   </trkpt>
   <trkpt lat="-8.058647" lon="-34.907183">
    <ele>5.7</ele>
    <time>2020-02-13T00:34:19.000Z</time>
   </trkpt>
   <trkpt lat="-8.058598" lon="-34.907185">
    <ele>5.6</ele>
    <time>2020-02-13T00:34:20.000Z</time>
   </trkpt>
   <trkpt lat="-8.058554" lon="-34.90717">
    <ele>5.6</ele>
    <time>2020-02-13T00:34:21.000Z</time>
   </trkpt>
   <trkpt lat="-8.058515" lon="-34.907166">
    <ele>5.6</ele>
    <time>2020-02-13T00:34:22.000Z</time>
   </trkpt>
   <trkpt lat="-8.058466" lon="-34.90714">
    <ele>5.5</ele>
    <time>2020-02-13T00:34:24.000Z</time>
   </trkpt>
   <trkpt lat="-8.058424" lon="-34.907136">
    <ele>5.6</ele>
    <time>2020-02-13T00:34:25.000Z</time>
   </trkpt>
   <trkpt lat="-8.058391" lon="-34.907131">
    <ele>5.7</ele>
    <time>2020-02-13T00:34:26.000Z</time>
   </trkpt>
   <trkpt lat="-8.058362" lon="-34.907128">
    <ele>5.7</ele>
    <time>2020-02-13T00:34:27.000Z</time>
   </trkpt>
   <trkpt lat="-8.058303" lon="-34.907118">
    <ele>5.8</ele>
    <time>2020-02-13T00:34:29.000Z</time>
   </trkpt>
   <trkpt lat="-8.058276" lon="-34.907119">
    <ele>5.8</ele>
    <time>2020-02-13T00:34:32.000Z</time>
   </trkpt>
   <trkpt lat="-8.058249" lon="-34.90712">
    <ele>5.8</ele>
    <time>2020-02-13T00:34:35.000Z</time>
   </trkpt>
   <trkpt lat="-8.058222" lon="-34.90712">
    <ele>5.8</ele>
    <time>2020-02-13T00:34:39.000Z</time>
   </trkpt>
   <trkpt lat="-8.058195" lon="-34.907121">
    <ele>5.8</ele>
    <time>2020-02-13T00:34:54.000Z</time>
   </trkpt>
   <trkpt lat="-8.058168" lon="-34.907122">
    <ele>6</ele>
    <time>2020-02-13T00:34:55.000Z</time>
   </trkpt>
   <trkpt lat="-8.058124" lon="-34.907125">
    <ele>6.1</ele>
    <time>2020-02-13T00:34:56.000Z</time>
   </trkpt>
   <trkpt lat="-8.058091" lon="-34.907127">
    <ele>6.2</ele>
    <time>2020-02-13T00:34:57.000Z</time>
   </trkpt>
   <trkpt lat="-8.058059" lon="-34.90712">
    <ele>6.4</ele>
    <time>2020-02-13T00:34:58.000Z</time>
   </trkpt>
   <trkpt lat="-8.058021" lon="-34.907114">
    <ele>6.6</ele>
    <time>2020-02-13T00:34:59.000Z</time>
   </trkpt>
   <trkpt lat="-8.057984" lon="-34.907107">
    <ele>6.7</ele>
    <time>2020-02-13T00:35:00.000Z</time>
   </trkpt>
   <trkpt lat="-8.057948" lon="-34.907103">
    <ele>6.9</ele>
    <time>2020-02-13T00:35:01.000Z</time>
   </trkpt>
   <trkpt lat="-8.057911" lon="-34.907095">
    <ele>7</ele>
    <time>2020-02-13T00:35:02.000Z</time>
   </trkpt>
   <trkpt lat="-8.057869" lon="-34.90709">
    <ele>7.2</ele>
    <time>2020-02-13T00:35:03.000Z</time>
   </trkpt>
   <trkpt lat="-8.057825" lon="-34.907086">
    <ele>7.3</ele>
    <time>2020-02-13T00:35:04.000Z</time>
   </trkpt>
   <trkpt lat="-8.057778" lon="-34.907076">
    <ele>7.4</ele>
    <time>2020-02-13T00:35:05.000Z</time>
   </trkpt>
   <trkpt lat="-8.057745" lon="-34.907072">
    <ele>7.5</ele>
    <time>2020-02-13T00:35:06.000Z</time>
   </trkpt>
   <trkpt lat="-8.057705" lon="-34.907063">
    <ele>7.6</ele>
    <time>2020-02-13T00:35:07.000Z</time>
   </trkpt>
   <trkpt lat="-8.057671" lon="-34.907057">
    <ele>7.7</ele>
    <time>2020-02-13T00:35:08.000Z</time>
   </trkpt>
   <trkpt lat="-8.057633" lon="-34.907055">
    <ele>7.8</ele>
    <time>2020-02-13T00:35:09.000Z</time>
   </trkpt>
   <trkpt lat="-8.057596" lon="-34.907051">
    <ele>7.9</ele>
    <time>2020-02-13T00:35:10.000Z</time>
   </trkpt>
   <trkpt lat="-8.057568" lon="-34.907059">
    <ele>8</ele>
    <time>2020-02-13T00:35:11.000Z</time>
   </trkpt>
   <trkpt lat="-8.057532" lon="-34.907061">
    <ele>8.1</ele>
    <time>2020-02-13T00:35:12.000Z</time>
   </trkpt>
   <trkpt lat="-8.057493" lon="-34.907068">
    <ele>8.3</ele>
    <time>2020-02-13T00:35:13.000Z</time>
   </trkpt>
   <trkpt lat="-8.057451" lon="-34.907075">
    <ele>8.4</ele>
    <time>2020-02-13T00:35:14.000Z</time>
   </trkpt>
   <trkpt lat="-8.057396" lon="-34.907075">
    <ele>8.6</ele>
    <time>2020-02-13T00:35:15.000Z</time>
   </trkpt>
   <trkpt lat="-8.057357" lon="-34.907071">
    <ele>8.7</ele>
    <time>2020-02-13T00:35:16.000Z</time>
   </trkpt>
   <trkpt lat="-8.0573" lon="-34.907082">
    <ele>8.9</ele>
    <time>2020-02-13T00:35:18.000Z</time>
   </trkpt>
   <trkpt lat="-8.057259" lon="-34.907082">
    <ele>9</ele>
    <time>2020-02-13T00:35:19.000Z</time>
   </trkpt>
   <trkpt lat="-8.057216" lon="-34.907075">
    <ele>9.1</ele>
    <time>2020-02-13T00:35:20.000Z</time>
   </trkpt>
   <trkpt lat="-8.05718" lon="-34.907066">
    <ele>9.2</ele>
    <time>2020-02-13T00:35:21.000Z</time>
   </trkpt>
   <trkpt lat="-8.057134" lon="-34.907063">
    <ele>9.4</ele>
    <time>2020-02-13T00:35:22.000Z</time>
   </trkpt>
   <trkpt lat="-8.057088" lon="-34.907063">
    <ele>9.5</ele>
    <time>2020-02-13T00:35:23.000Z</time>
   </trkpt>
   <trkpt lat="-8.057051" lon="-34.907063">
    <ele>9.6</ele>
    <time>2020-02-13T00:35:24.000Z</time>
   </trkpt>
   <trkpt lat="-8.057012" lon="-34.907061">
    <ele>9.7</ele>
    <time>2020-02-13T00:35:25.000Z</time>
   </trkpt>
   <trkpt lat="-8.056968" lon="-34.907056">
    <ele>9.8</ele>
    <time>2020-02-13T00:35:26.000Z</time>
   </trkpt>
   <trkpt lat="-8.056917" lon="-34.907044">
    <ele>10</ele>
    <time>2020-02-13T00:35:27.000Z</time>
   </trkpt>
   <trkpt lat="-8.056884" lon="-34.907044">
    <ele>10</ele>
    <time>2020-02-13T00:35:28.000Z</time>
   </trkpt>
   <trkpt lat="-8.056837" lon="-34.907037">
    <ele>10.2</ele>
    <time>2020-02-13T00:35:29.000Z</time>
   </trkpt>
   <trkpt lat="-8.056801" lon="-34.907047">
    <ele>10.2</ele>
    <time>2020-02-13T00:35:30.000Z</time>
   </trkpt>
   <trkpt lat="-8.056762" lon="-34.907048">
    <ele>10.3</ele>
    <time>2020-02-13T00:35:31.000Z</time>
   </trkpt>
   <trkpt lat="-8.056719" lon="-34.907047">
    <ele>10.4</ele>
    <time>2020-02-13T00:35:32.000Z</time>
   </trkpt>
   <trkpt lat="-8.056666" lon="-34.907029">
    <ele>10.5</ele>
    <time>2020-02-13T00:35:33.000Z</time>
   </trkpt>
   <trkpt lat="-8.056615" lon="-34.907023">
    <ele>10.6</ele>
    <time>2020-02-13T00:35:34.000Z</time>
   </trkpt>
   <trkpt lat="-8.056553" lon="-34.907015">
    <ele>10.7</ele>
    <time>2020-02-13T00:35:35.000Z</time>
   </trkpt>
   <trkpt lat="-8.056501" lon="-34.907006">
    <ele>10.7</ele>
    <time>2020-02-13T00:35:36.000Z</time>
   </trkpt>
   <trkpt lat="-8.056453" lon="-34.907005">
    <ele>10.8</ele>
    <time>2020-02-13T00:35:37.000Z</time>
   </trkpt>
   <trkpt lat="-8.056402" lon="-34.906993">
    <ele>10.9</ele>
    <time>2020-02-13T00:35:38.000Z</time>
   </trkpt>
   <trkpt lat="-8.05635" lon="-34.906982">
    <ele>10.9</ele>
    <time>2020-02-13T00:35:39.000Z</time>
   </trkpt>
   <trkpt lat="-8.056297" lon="-34.906971">
    <ele>11</ele>
    <time>2020-02-13T00:35:40.000Z</time>
   </trkpt>
   <trkpt lat="-8.056245" lon="-34.906966">
    <ele>10.9</ele>
    <time>2020-02-13T00:35:41.000Z</time>
   </trkpt>
   <trkpt lat="-8.056194" lon="-34.906957">
    <ele>10.8</ele>
    <time>2020-02-13T00:35:42.000Z</time>
   </trkpt>
   <trkpt lat="-8.056136" lon="-34.906951">
    <ele>10.7</ele>
    <time>2020-02-13T00:35:43.000Z</time>
   </trkpt>
   <trkpt lat="-8.056079" lon="-34.906948">
    <ele>10.7</ele>
    <time>2020-02-13T00:35:44.000Z</time>
   </trkpt>
   <trkpt lat="-8.056026" lon="-34.906936">
    <ele>10.6</ele>
    <time>2020-02-13T00:35:45.000Z</time>
   </trkpt>
   <trkpt lat="-8.055979" lon="-34.906941">
    <ele>10.5</ele>
    <time>2020-02-13T00:35:46.000Z</time>
   </trkpt>
   <trkpt lat="-8.055935" lon="-34.906946">
    <ele>10.5</ele>
    <time>2020-02-13T00:35:47.000Z</time>
   </trkpt>
   <trkpt lat="-8.0559" lon="-34.906942">
    <ele>10.4</ele>
    <time>2020-02-13T00:35:48.000Z</time>
   </trkpt>
   <trkpt lat="-8.055849" lon="-34.906931">
    <ele>10.4</ele>
    <time>2020-02-13T00:35:49.000Z</time>
   </trkpt>
   <trkpt lat="-8.055801" lon="-34.906937">
    <ele>10.4</ele>
    <time>2020-02-13T00:35:50.000Z</time>
   </trkpt>
   <trkpt lat="-8.055752" lon="-34.906928">
    <ele>10.3</ele>
    <time>2020-02-13T00:35:51.000Z</time>
   </trkpt>
   <trkpt lat="-8.055715" lon="-34.906924">
    <ele>10.3</ele>
    <time>2020-02-13T00:35:52.000Z</time>
   </trkpt>
   <trkpt lat="-8.055663" lon="-34.906921">
    <ele>10.2</ele>
    <time>2020-02-13T00:35:53.000Z</time>
   </trkpt>
   <trkpt lat="-8.055622" lon="-34.906919">
    <ele>10.2</ele>
    <time>2020-02-13T00:35:54.000Z</time>
   </trkpt>
   <trkpt lat="-8.055581" lon="-34.906925">
    <ele>10.2</ele>
    <time>2020-02-13T00:35:55.000Z</time>
   </trkpt>
   <trkpt lat="-8.055545" lon="-34.906936">
    <ele>10.2</ele>
    <time>2020-02-13T00:35:56.000Z</time>
   </trkpt>
   <trkpt lat="-8.055507" lon="-34.90694">
    <ele>10.1</ele>
    <time>2020-02-13T00:35:57.000Z</time>
   </trkpt>
   <trkpt lat="-8.055463" lon="-34.906936">
    <ele>10.1</ele>
    <time>2020-02-13T00:35:58.000Z</time>
   </trkpt>
   <trkpt lat="-8.05541" lon="-34.906921">
    <ele>10.1</ele>
    <time>2020-02-13T00:35:59.000Z</time>
   </trkpt>
   <trkpt lat="-8.055363" lon="-34.906913">
    <ele>10.1</ele>
    <time>2020-02-13T00:36:00.000Z</time>
   </trkpt>
   <trkpt lat="-8.055323" lon="-34.906915">
    <ele>10.1</ele>
    <time>2020-02-13T00:36:01.000Z</time>
   </trkpt>
   <trkpt lat="-8.05529" lon="-34.906954">
    <ele>10.2</ele>
    <time>2020-02-13T00:36:02.000Z</time>
   </trkpt>
   <trkpt lat="-8.055237" lon="-34.906953">
    <ele>10.3</ele>
    <time>2020-02-13T00:36:03.000Z</time>
   </trkpt>
   <trkpt lat="-8.055189" lon="-34.906929">
    <ele>10.4</ele>
    <time>2020-02-13T00:36:04.000Z</time>
   </trkpt>
   <trkpt lat="-8.055144" lon="-34.906918">
    <ele>10.4</ele>
    <time>2020-02-13T00:36:05.000Z</time>
   </trkpt>
   <trkpt lat="-8.05511" lon="-34.906904">
    <ele>10.5</ele>
    <time>2020-02-13T00:36:06.000Z</time>
   </trkpt>
   <trkpt lat="-8.055066" lon="-34.906896">
    <ele>10.6</ele>
    <time>2020-02-13T00:36:07.000Z</time>
   </trkpt>
   <trkpt lat="-8.05502" lon="-34.90689">
    <ele>10.6</ele>
    <time>2020-02-13T00:36:08.000Z</time>
   </trkpt>
   <trkpt lat="-8.054974" lon="-34.906877">
    <ele>10.7</ele>
    <time>2020-02-13T00:36:09.000Z</time>
   </trkpt>
   <trkpt lat="-8.054932" lon="-34.906864">
    <ele>10.8</ele>
    <time>2020-02-13T00:36:10.000Z</time>
   </trkpt>
   <trkpt lat="-8.054891" lon="-34.906862">
    <ele>10.8</ele>
    <time>2020-02-13T00:36:11.000Z</time>
   </trkpt>
   <trkpt lat="-8.054851" lon="-34.906857">
    <ele>10.9</ele>
    <time>2020-02-13T00:36:12.000Z</time>
   </trkpt>
   <trkpt lat="-8.054813" lon="-34.906847">
    <ele>10.9</ele>
    <time>2020-02-13T00:36:13.000Z</time>
   </trkpt>
   <trkpt lat="-8.054775" lon="-34.906858">
    <ele>10.8</ele>
    <time>2020-02-13T00:36:14.000Z</time>
   </trkpt>
   <trkpt lat="-8.05473" lon="-34.906856">
    <ele>10.6</ele>
    <time>2020-02-13T00:36:15.000Z</time>
   </trkpt>
   <trkpt lat="-8.054682" lon="-34.906849">
    <ele>10.4</ele>
    <time>2020-02-13T00:36:16.000Z</time>
   </trkpt>
   <trkpt lat="-8.054634" lon="-34.90685">
    <ele>10.2</ele>
    <time>2020-02-13T00:36:17.000Z</time>
   </trkpt>
   <trkpt lat="-8.054588" lon="-34.906842">
    <ele>10</ele>
    <time>2020-02-13T00:36:18.000Z</time>
   </trkpt>
   <trkpt lat="-8.054538" lon="-34.906842">
    <ele>9.8</ele>
    <time>2020-02-13T00:36:19.000Z</time>
   </trkpt>
   <trkpt lat="-8.054499" lon="-34.906839">
    <ele>9.7</ele>
    <time>2020-02-13T00:36:20.000Z</time>
   </trkpt>
   <trkpt lat="-8.054464" lon="-34.906836">
    <ele>9.6</ele>
    <time>2020-02-13T00:36:21.000Z</time>
   </trkpt>
   <trkpt lat="-8.054416" lon="-34.906826">
    <ele>9.4</ele>
    <time>2020-02-13T00:36:22.000Z</time>
   </trkpt>
   <trkpt lat="-8.054376" lon="-34.906824">
    <ele>9.3</ele>
    <time>2020-02-13T00:36:23.000Z</time>
   </trkpt>
   <trkpt lat="-8.054331" lon="-34.906823">
    <ele>9.2</ele>
    <time>2020-02-13T00:36:24.000Z</time>
   </trkpt>
   <trkpt lat="-8.054295" lon="-34.906822">
    <ele>9.1</ele>
    <time>2020-02-13T00:36:25.000Z</time>
   </trkpt>
   <trkpt lat="-8.054256" lon="-34.906818">
    <ele>9</ele>
    <time>2020-02-13T00:36:26.000Z</time>
   </trkpt>
   <trkpt lat="-8.05422" lon="-34.906823">
    <ele>8.9</ele>
    <time>2020-02-13T00:36:27.000Z</time>
   </trkpt>
   <trkpt lat="-8.054182" lon="-34.906828">
    <ele>8.8</ele>
    <time>2020-02-13T00:36:28.000Z</time>
   </trkpt>
   <trkpt lat="-8.054146" lon="-34.906832">
    <ele>8.7</ele>
    <time>2020-02-13T00:36:29.000Z</time>
   </trkpt>
   <trkpt lat="-8.054108" lon="-34.906827">
    <ele>8.3</ele>
    <time>2020-02-13T00:36:30.000Z</time>
   </trkpt>
   <trkpt lat="-8.054064" lon="-34.906802">
    <ele>8.3</ele>
    <time>2020-02-13T00:36:31.000Z</time>
   </trkpt>
   <trkpt lat="-8.054027" lon="-34.906808">
    <ele>8.4</ele>
    <time>2020-02-13T00:36:32.000Z</time>
   </trkpt>
   <trkpt lat="-8.053997" lon="-34.906808">
    <ele>8.4</ele>
    <time>2020-02-13T00:36:33.000Z</time>
   </trkpt>
   <trkpt lat="-8.053961" lon="-34.906806">
    <ele>8.4</ele>
    <time>2020-02-13T00:36:34.000Z</time>
   </trkpt>
   <trkpt lat="-8.053908" lon="-34.906785">
    <ele>8.5</ele>
    <time>2020-02-13T00:36:35.000Z</time>
   </trkpt>
   <trkpt lat="-8.053856" lon="-34.906781">
    <ele>8.6</ele>
    <time>2020-02-13T00:36:36.000Z</time>
   </trkpt>
   <trkpt lat="-8.053802" lon="-34.90678">
    <ele>8.7</ele>
    <time>2020-02-13T00:36:37.000Z</time>
   </trkpt>
   <trkpt lat="-8.053748" lon="-34.906787">
    <ele>8.8</ele>
    <time>2020-02-13T00:36:38.000Z</time>
   </trkpt>
   <trkpt lat="-8.05371" lon="-34.906772">
    <ele>8.9</ele>
    <time>2020-02-13T00:36:39.000Z</time>
   </trkpt>
   <trkpt lat="-8.05367" lon="-34.906768">
    <ele>8.9</ele>
    <time>2020-02-13T00:36:40.000Z</time>
   </trkpt>
   <trkpt lat="-8.053626" lon="-34.906772">
    <ele>9</ele>
    <time>2020-02-13T00:36:41.000Z</time>
   </trkpt>
   <trkpt lat="-8.053583" lon="-34.906778">
    <ele>9</ele>
    <time>2020-02-13T00:36:42.000Z</time>
   </trkpt>
   <trkpt lat="-8.053528" lon="-34.90677">
    <ele>9.2</ele>
    <time>2020-02-13T00:36:43.000Z</time>
   </trkpt>
   <trkpt lat="-8.05348" lon="-34.906775">
    <ele>9.3</ele>
    <time>2020-02-13T00:36:44.000Z</time>
   </trkpt>
   <trkpt lat="-8.053436" lon="-34.90677">
    <ele>9.4</ele>
    <time>2020-02-13T00:36:45.000Z</time>
   </trkpt>
   <trkpt lat="-8.053385" lon="-34.906769">
    <ele>9.6</ele>
    <time>2020-02-13T00:36:46.000Z</time>
   </trkpt>
   <trkpt lat="-8.053341" lon="-34.90677">
    <ele>9.8</ele>
    <time>2020-02-13T00:36:47.000Z</time>
   </trkpt>
   <trkpt lat="-8.053304" lon="-34.90676">
    <ele>10</ele>
    <time>2020-02-13T00:36:48.000Z</time>
   </trkpt>
   <trkpt lat="-8.053245" lon="-34.906756">
    <ele>10.1</ele>
    <time>2020-02-13T00:36:49.000Z</time>
   </trkpt>
   <trkpt lat="-8.0532" lon="-34.906748">
    <ele>10.1</ele>
    <time>2020-02-13T00:36:50.000Z</time>
   </trkpt>
   <trkpt lat="-8.053154" lon="-34.906741">
    <ele>10.1</ele>
    <time>2020-02-13T00:36:51.000Z</time>
   </trkpt>
   <trkpt lat="-8.053108" lon="-34.90674">
    <ele>10.1</ele>
    <time>2020-02-13T00:36:52.000Z</time>
   </trkpt>
   <trkpt lat="-8.053058" lon="-34.906737">
    <ele>10.2</ele>
    <time>2020-02-13T00:36:53.000Z</time>
   </trkpt>
   <trkpt lat="-8.053012" lon="-34.906723">
    <ele>10.2</ele>
    <time>2020-02-13T00:36:54.000Z</time>
   </trkpt>
   <trkpt lat="-8.052968" lon="-34.906717">
    <ele>10.2</ele>
    <time>2020-02-13T00:36:55.000Z</time>
   </trkpt>
   <trkpt lat="-8.052926" lon="-34.906709">
    <ele>10.2</ele>
    <time>2020-02-13T00:36:56.000Z</time>
   </trkpt>
   <trkpt lat="-8.052881" lon="-34.906705">
    <ele>10.2</ele>
    <time>2020-02-13T00:36:57.000Z</time>
   </trkpt>
   <trkpt lat="-8.052834" lon="-34.906705">
    <ele>10.3</ele>
    <time>2020-02-13T00:36:58.000Z</time>
   </trkpt>
   <trkpt lat="-8.052791" lon="-34.906704">
    <ele>10.3</ele>
    <time>2020-02-13T00:36:59.000Z</time>
   </trkpt>
   <trkpt lat="-8.052747" lon="-34.906703">
    <ele>10.3</ele>
    <time>2020-02-13T00:37:00.000Z</time>
   </trkpt>
   <trkpt lat="-8.052695" lon="-34.906701">
    <ele>10.3</ele>
    <time>2020-02-13T00:37:01.000Z</time>
   </trkpt>
   <trkpt lat="-8.052645" lon="-34.906701">
    <ele>10.4</ele>
    <time>2020-02-13T00:37:02.000Z</time>
   </trkpt>
   <trkpt lat="-8.0526" lon="-34.906699">
    <ele>10.4</ele>
    <time>2020-02-13T00:37:03.000Z</time>
   </trkpt>
   <trkpt lat="-8.052552" lon="-34.906702">
    <ele>10.4</ele>
    <time>2020-02-13T00:37:04.000Z</time>
   </trkpt>
   <trkpt lat="-8.052507" lon="-34.906706">
    <ele>10.4</ele>
    <time>2020-02-13T00:37:05.000Z</time>
   </trkpt>
   <trkpt lat="-8.052477" lon="-34.906716">
    <ele>10.4</ele>
    <time>2020-02-13T00:37:06.000Z</time>
   </trkpt>
   <trkpt lat="-8.052433" lon="-34.906719">
    <ele>10.4</ele>
    <time>2020-02-13T00:37:07.000Z</time>
   </trkpt>
   <trkpt lat="-8.052375" lon="-34.906721">
    <ele>10.4</ele>
    <time>2020-02-13T00:37:09.000Z</time>
   </trkpt>
   <trkpt lat="-8.052333" lon="-34.906714">
    <ele>10.4</ele>
    <time>2020-02-13T00:37:10.000Z</time>
   </trkpt>
   <trkpt lat="-8.052289" lon="-34.9067">
    <ele>10.4</ele>
    <time>2020-02-13T00:37:11.000Z</time>
   </trkpt>
   <trkpt lat="-8.05223" lon="-34.906667">
    <ele>10.4</ele>
    <time>2020-02-13T00:37:12.000Z</time>
   </trkpt>
   <trkpt lat="-8.052182" lon="-34.906663">
    <ele>10.4</ele>
    <time>2020-02-13T00:37:13.000Z</time>
   </trkpt>
   <trkpt lat="-8.052139" lon="-34.906667">
    <ele>10.5</ele>
    <time>2020-02-13T00:37:14.000Z</time>
   </trkpt>
   <trkpt lat="-8.052099" lon="-34.906663">
    <ele>10.5</ele>
    <time>2020-02-13T00:37:15.000Z</time>
   </trkpt>
   <trkpt lat="-8.052059" lon="-34.90666">
    <ele>10.5</ele>
    <time>2020-02-13T00:37:16.000Z</time>
   </trkpt>
   <trkpt lat="-8.052029" lon="-34.906654">
    <ele>10.5</ele>
    <time>2020-02-13T00:37:17.000Z</time>
   </trkpt>
   <trkpt lat="-8.051971" lon="-34.906656">
    <ele>10.6</ele>
    <time>2020-02-13T00:37:19.000Z</time>
   </trkpt>
   <trkpt lat="-8.05193" lon="-34.906661">
    <ele>10.6</ele>
    <time>2020-02-13T00:37:20.000Z</time>
   </trkpt>
   <trkpt lat="-8.051884" lon="-34.906674">
    <ele>10.6</ele>
    <time>2020-02-13T00:37:21.000Z</time>
   </trkpt>
   <trkpt lat="-8.051833" lon="-34.906672">
    <ele>10.7</ele>
    <time>2020-02-13T00:37:22.000Z</time>
   </trkpt>
   <trkpt lat="-8.051779" lon="-34.906665">
    <ele>10.7</ele>
    <time>2020-02-13T00:37:23.000Z</time>
   </trkpt>
   <trkpt lat="-8.051733" lon="-34.906662">
    <ele>10.8</ele>
    <time>2020-02-13T00:37:24.000Z</time>
   </trkpt>
   <trkpt lat="-8.051685" lon="-34.906651">
    <ele>10.8</ele>
    <time>2020-02-13T00:37:25.000Z</time>
   </trkpt>
   <trkpt lat="-8.05164" lon="-34.906647">
    <ele>10.8</ele>
    <time>2020-02-13T00:37:26.000Z</time>
   </trkpt>
   <trkpt lat="-8.051599" lon="-34.906648">
    <ele>10.9</ele>
    <time>2020-02-13T00:37:27.000Z</time>
   </trkpt>
   <trkpt lat="-8.051564" lon="-34.906649">
    <ele>10.9</ele>
    <time>2020-02-13T00:37:28.000Z</time>
   </trkpt>
   <trkpt lat="-8.051531" lon="-34.906639">
    <ele>11</ele>
    <time>2020-02-13T00:37:29.000Z</time>
   </trkpt>
   <trkpt lat="-8.051494" lon="-34.906619">
    <ele>11.1</ele>
    <time>2020-02-13T00:37:30.000Z</time>
   </trkpt>
   <trkpt lat="-8.051455" lon="-34.90662">
    <ele>11.1</ele>
    <time>2020-02-13T00:37:31.000Z</time>
   </trkpt>
   <trkpt lat="-8.051404" lon="-34.90661">
    <ele>11.2</ele>
    <time>2020-02-13T00:37:32.000Z</time>
   </trkpt>
   <trkpt lat="-8.051361" lon="-34.9066">
    <ele>11.3</ele>
    <time>2020-02-13T00:37:33.000Z</time>
   </trkpt>
   <trkpt lat="-8.051312" lon="-34.906592">
    <ele>11.4</ele>
    <time>2020-02-13T00:37:34.000Z</time>
   </trkpt>
   <trkpt lat="-8.051263" lon="-34.90661">
    <ele>11.5</ele>
    <time>2020-02-13T00:37:35.000Z</time>
   </trkpt>
   <trkpt lat="-8.051218" lon="-34.906594">
    <ele>11.6</ele>
    <time>2020-02-13T00:37:36.000Z</time>
   </trkpt>
   <trkpt lat="-8.051166" lon="-34.906583">
    <ele>11.7</ele>
    <time>2020-02-13T00:37:37.000Z</time>
   </trkpt>
   <trkpt lat="-8.051116" lon="-34.906572">
    <ele>11.7</ele>
    <time>2020-02-13T00:37:38.000Z</time>
   </trkpt>
   <trkpt lat="-8.05107" lon="-34.906568">
    <ele>11.8</ele>
    <time>2020-02-13T00:37:39.000Z</time>
   </trkpt>
   <trkpt lat="-8.051026" lon="-34.906562">
    <ele>11.9</ele>
    <time>2020-02-13T00:37:40.000Z</time>
   </trkpt>
   <trkpt lat="-8.050976" lon="-34.906554">
    <ele>12</ele>
    <time>2020-02-13T00:37:41.000Z</time>
   </trkpt>
   <trkpt lat="-8.050928" lon="-34.906552">
    <ele>12.1</ele>
    <time>2020-02-13T00:37:42.000Z</time>
   </trkpt>
   <trkpt lat="-8.050883" lon="-34.906545">
    <ele>12.1</ele>
    <time>2020-02-13T00:37:43.000Z</time>
   </trkpt>
   <trkpt lat="-8.050838" lon="-34.906552">
    <ele>12.2</ele>
    <time>2020-02-13T00:37:44.000Z</time>
   </trkpt>
   <trkpt lat="-8.050787" lon="-34.906572">
    <ele>12.3</ele>
    <time>2020-02-13T00:37:45.000Z</time>
   </trkpt>
   <trkpt lat="-8.050745" lon="-34.906556">
    <ele>12.3</ele>
    <time>2020-02-13T00:37:46.000Z</time>
   </trkpt>
   <trkpt lat="-8.050703" lon="-34.906547">
    <ele>12.4</ele>
    <time>2020-02-13T00:37:47.000Z</time>
   </trkpt>
   <trkpt lat="-8.050656" lon="-34.906538">
    <ele>12.5</ele>
    <time>2020-02-13T00:37:48.000Z</time>
   </trkpt>
   <trkpt lat="-8.050597" lon="-34.906528">
    <ele>12.5</ele>
    <time>2020-02-13T00:37:49.000Z</time>
   </trkpt>
   <trkpt lat="-8.050549" lon="-34.906527">
    <ele>12.4</ele>
    <time>2020-02-13T00:37:50.000Z</time>
   </trkpt>
   <trkpt lat="-8.050496" lon="-34.906536">
    <ele>12.3</ele>
    <time>2020-02-13T00:37:51.000Z</time>
   </trkpt>
   <trkpt lat="-8.050445" lon="-34.90652">
    <ele>12.3</ele>
    <time>2020-02-13T00:37:52.000Z</time>
   </trkpt>
   <trkpt lat="-8.050393" lon="-34.906506">
    <ele>12.2</ele>
    <time>2020-02-13T00:37:53.000Z</time>
   </trkpt>
   <trkpt lat="-8.050337" lon="-34.906498">
    <ele>12.1</ele>
    <time>2020-02-13T00:37:54.000Z</time>
   </trkpt>
   <trkpt lat="-8.050287" lon="-34.906498">
    <ele>12.1</ele>
    <time>2020-02-13T00:37:55.000Z</time>
   </trkpt>
   <trkpt lat="-8.050248" lon="-34.906491">
    <ele>12</ele>
    <time>2020-02-13T00:37:56.000Z</time>
   </trkpt>
   <trkpt lat="-8.050203" lon="-34.906488">
    <ele>12</ele>
    <time>2020-02-13T00:37:57.000Z</time>
   </trkpt>
   <trkpt lat="-8.050146" lon="-34.906485">
    <ele>12</ele>
    <time>2020-02-13T00:37:58.000Z</time>
   </trkpt>
   <trkpt lat="-8.050102" lon="-34.906485">
    <ele>11.9</ele>
    <time>2020-02-13T00:37:59.000Z</time>
   </trkpt>
   <trkpt lat="-8.050054" lon="-34.906481">
    <ele>11.9</ele>
    <time>2020-02-13T00:38:00.000Z</time>
   </trkpt>
   <trkpt lat="-8.050006" lon="-34.906492">
    <ele>11.9</ele>
    <time>2020-02-13T00:38:01.000Z</time>
   </trkpt>
   <trkpt lat="-8.049966" lon="-34.906489">
    <ele>11.9</ele>
    <time>2020-02-13T00:38:02.000Z</time>
   </trkpt>
   <trkpt lat="-8.049923" lon="-34.906485">
    <ele>11.8</ele>
    <time>2020-02-13T00:38:03.000Z</time>
   </trkpt>
   <trkpt lat="-8.049886" lon="-34.906496">
    <ele>11.8</ele>
    <time>2020-02-13T00:38:04.000Z</time>
   </trkpt>
   <trkpt lat="-8.049853" lon="-34.906501">
    <ele>11.8</ele>
    <time>2020-02-13T00:38:05.000Z</time>
   </trkpt>
   <trkpt lat="-8.049814" lon="-34.906493">
    <ele>11.8</ele>
    <time>2020-02-13T00:38:06.000Z</time>
   </trkpt>
   <trkpt lat="-8.049788" lon="-34.906475">
    <ele>11.8</ele>
    <time>2020-02-13T00:38:07.000Z</time>
   </trkpt>
   <trkpt lat="-8.049748" lon="-34.906479">
    <ele>11.8</ele>
    <time>2020-02-13T00:38:08.000Z</time>
   </trkpt>
   <trkpt lat="-8.049713" lon="-34.906469">
    <ele>11.8</ele>
    <time>2020-02-13T00:38:09.000Z</time>
   </trkpt>
   <trkpt lat="-8.049656" lon="-34.906465">
    <ele>11.8</ele>
    <time>2020-02-13T00:38:11.000Z</time>
   </trkpt>
   <trkpt lat="-8.049605" lon="-34.906469">
    <ele>11.8</ele>
    <time>2020-02-13T00:38:13.000Z</time>
   </trkpt>
   <trkpt lat="-8.04958" lon="-34.906453">
    <ele>11.8</ele>
    <time>2020-02-13T00:38:14.000Z</time>
   </trkpt>
   <trkpt lat="-8.049552" lon="-34.906457">
    <ele>11.8</ele>
    <time>2020-02-13T00:38:18.000Z</time>
   </trkpt>
   <trkpt lat="-8.049521" lon="-34.906459">
    <ele>11.8</ele>
    <time>2020-02-13T00:38:22.000Z</time>
   </trkpt>
   <trkpt lat="-8.049521" lon="-34.906444">
    <ele>11.8</ele>
    <time>2020-02-13T00:38:25.000Z</time>
   </trkpt>
   <trkpt lat="-8.049492" lon="-34.906456">
    <ele>11.8</ele>
    <time>2020-02-13T00:38:26.000Z</time>
   </trkpt>
   <trkpt lat="-8.049456" lon="-34.906465">
    <ele>11.8</ele>
    <time>2020-02-13T00:38:27.000Z</time>
   </trkpt>
   <trkpt lat="-8.049434" lon="-34.90648">
    <ele>11.8</ele>
    <time>2020-02-13T00:38:30.000Z</time>
   </trkpt>
   <trkpt lat="-8.049406" lon="-34.906477">
    <ele>11.8</ele>
    <time>2020-02-13T00:38:33.000Z</time>
   </trkpt>
   <trkpt lat="-8.049382" lon="-34.906465">
    <ele>11.8</ele>
    <time>2020-02-13T00:38:34.000Z</time>
   </trkpt>
   <trkpt lat="-8.04933" lon="-34.906459">
    <ele>11.9</ele>
    <time>2020-02-13T00:38:36.000Z</time>
   </trkpt>
   <trkpt lat="-8.049305" lon="-34.906447">
    <ele>11.9</ele>
    <time>2020-02-13T00:38:37.000Z</time>
   </trkpt>
   <trkpt lat="-8.049273" lon="-34.90645">
    <ele>11.8</ele>
    <time>2020-02-13T00:38:38.000Z</time>
   </trkpt>
   <trkpt lat="-8.049234" lon="-34.906452">
    <ele>11.6</ele>
    <time>2020-02-13T00:38:39.000Z</time>
   </trkpt>
   <trkpt lat="-8.049196" lon="-34.906446">
    <ele>11.4</ele>
    <time>2020-02-13T00:38:40.000Z</time>
   </trkpt>
   <trkpt lat="-8.049161" lon="-34.906443">
    <ele>11.3</ele>
    <time>2020-02-13T00:38:41.000Z</time>
   </trkpt>
   <trkpt lat="-8.049123" lon="-34.90644">
    <ele>11.2</ele>
    <time>2020-02-13T00:38:42.000Z</time>
   </trkpt>
   <trkpt lat="-8.049079" lon="-34.90643">
    <ele>11.1</ele>
    <time>2020-02-13T00:38:43.000Z</time>
   </trkpt>
   <trkpt lat="-8.049026" lon="-34.906413">
    <ele>10.9</ele>
    <time>2020-02-13T00:38:44.000Z</time>
   </trkpt>
   <trkpt lat="-8.04898" lon="-34.906407">
    <ele>10.9</ele>
    <time>2020-02-13T00:38:45.000Z</time>
   </trkpt>
   <trkpt lat="-8.048931" lon="-34.906385">
    <ele>10.8</ele>
    <time>2020-02-13T00:38:46.000Z</time>
   </trkpt>
   <trkpt lat="-8.048888" lon="-34.906376">
    <ele>10.8</ele>
    <time>2020-02-13T00:38:47.000Z</time>
   </trkpt>
   <trkpt lat="-8.048859" lon="-34.906378">
    <ele>10.7</ele>
    <time>2020-02-13T00:38:48.000Z</time>
   </trkpt>
   <trkpt lat="-8.04883" lon="-34.906384">
    <ele>10.7</ele>
    <time>2020-02-13T00:38:49.000Z</time>
   </trkpt>
   <trkpt lat="-8.048796" lon="-34.906382">
    <ele>10.7</ele>
    <time>2020-02-13T00:38:50.000Z</time>
   </trkpt>
   <trkpt lat="-8.048765" lon="-34.906371">
    <ele>10.7</ele>
    <time>2020-02-13T00:38:51.000Z</time>
   </trkpt>
   <trkpt lat="-8.048718" lon="-34.906376">
    <ele>10.6</ele>
    <time>2020-02-13T00:38:52.000Z</time>
   </trkpt>
   <trkpt lat="-8.048676" lon="-34.906375">
    <ele>10.6</ele>
    <time>2020-02-13T00:38:53.000Z</time>
   </trkpt>
   <trkpt lat="-8.048633" lon="-34.906367">
    <ele>10.6</ele>
    <time>2020-02-13T00:38:54.000Z</time>
   </trkpt>
   <trkpt lat="-8.048578" lon="-34.906374">
    <ele>10.6</ele>
    <time>2020-02-13T00:38:55.000Z</time>
   </trkpt>
   <trkpt lat="-8.048537" lon="-34.906359">
    <ele>10.5</ele>
    <time>2020-02-13T00:38:56.000Z</time>
   </trkpt>
   <trkpt lat="-8.048477" lon="-34.906351">
    <ele>10.5</ele>
    <time>2020-02-13T00:38:57.000Z</time>
   </trkpt>
   <trkpt lat="-8.048429" lon="-34.90635">
    <ele>10.5</ele>
    <time>2020-02-13T00:38:58.000Z</time>
   </trkpt>
   <trkpt lat="-8.048373" lon="-34.906333">
    <ele>10.4</ele>
    <time>2020-02-13T00:38:59.000Z</time>
   </trkpt>
   <trkpt lat="-8.048318" lon="-34.906326">
    <ele>10.3</ele>
    <time>2020-02-13T00:39:00.000Z</time>
   </trkpt>
   <trkpt lat="-8.048268" lon="-34.906324">
    <ele>10.1</ele>
    <time>2020-02-13T00:39:01.000Z</time>
   </trkpt>
   <trkpt lat="-8.048224" lon="-34.906326">
    <ele>9.9</ele>
    <time>2020-02-13T00:39:02.000Z</time>
   </trkpt>
   <trkpt lat="-8.048174" lon="-34.90633">
    <ele>9.7</ele>
    <time>2020-02-13T00:39:03.000Z</time>
   </trkpt>
   <trkpt lat="-8.048134" lon="-34.906329">
    <ele>9.5</ele>
    <time>2020-02-13T00:39:04.000Z</time>
   </trkpt>
   <trkpt lat="-8.048099" lon="-34.90634">
    <ele>9.7</ele>
    <time>2020-02-13T00:39:05.000Z</time>
   </trkpt>
   <trkpt lat="-8.04805" lon="-34.906367">
    <ele>9.9</ele>
    <time>2020-02-13T00:39:06.000Z</time>
   </trkpt>
   <trkpt lat="-8.047998" lon="-34.906385">
    <ele>10.1</ele>
    <time>2020-02-13T00:39:07.000Z</time>
   </trkpt>
   <trkpt lat="-8.047951" lon="-34.906406">
    <ele>10.3</ele>
    <time>2020-02-13T00:39:08.000Z</time>
   </trkpt>
   <trkpt lat="-8.047901" lon="-34.906414">
    <ele>10.4</ele>
    <time>2020-02-13T00:39:09.000Z</time>
   </trkpt>
   <trkpt lat="-8.047858" lon="-34.906424">
    <ele>10.5</ele>
    <time>2020-02-13T00:39:10.000Z</time>
   </trkpt>
   <trkpt lat="-8.04783" lon="-34.90643">
    <ele>10.6</ele>
    <time>2020-02-13T00:39:11.000Z</time>
   </trkpt>
   <trkpt lat="-8.047796" lon="-34.906428">
    <ele>10.7</ele>
    <time>2020-02-13T00:39:12.000Z</time>
   </trkpt>
   <trkpt lat="-8.047761" lon="-34.906444">
    <ele>10.8</ele>
    <time>2020-02-13T00:39:13.000Z</time>
   </trkpt>
   <trkpt lat="-8.047726" lon="-34.90645">
    <ele>11</ele>
    <time>2020-02-13T00:39:14.000Z</time>
   </trkpt>
   <trkpt lat="-8.047696" lon="-34.906452">
    <ele>11.1</ele>
    <time>2020-02-13T00:39:15.000Z</time>
   </trkpt>
   <trkpt lat="-8.047676" lon="-34.906474">
    <ele>11.2</ele>
    <time>2020-02-13T00:39:16.000Z</time>
   </trkpt>
   <trkpt lat="-8.047625" lon="-34.906492">
    <ele>11.4</ele>
    <time>2020-02-13T00:39:18.000Z</time>
   </trkpt>
   <trkpt lat="-8.047538" lon="-34.906517">
    <ele>10</ele>
    <time>2020-02-13T00:39:20.000Z</time>
   </trkpt>
   <trkpt lat="-8.047482" lon="-34.906538">
    <ele>9.4</ele>
    <time>2020-02-13T00:39:24.000Z</time>
   </trkpt>
   <trkpt lat="-8.047427" lon="-34.906559">
    <ele>8.8</ele>
    <time>2020-02-13T00:39:26.000Z</time>
   </trkpt>
   <trkpt lat="-8.047371" lon="-34.90658">
    <ele>8.2</ele>
    <time>2020-02-13T00:39:28.000Z</time>
   </trkpt>
   <trkpt lat="-8.047316" lon="-34.906601">
    <ele>7.7</ele>
    <time>2020-02-13T00:39:31.000Z</time>
   </trkpt>
   <trkpt lat="-8.04726" lon="-34.906622">
    <ele>7.1</ele>
    <time>2020-02-13T00:39:35.000Z</time>
   </trkpt>
   <trkpt lat="-8.047205" lon="-34.906643">
    <ele>6.5</ele>
    <time>2020-02-13T00:39:37.000Z</time>
   </trkpt>
   <trkpt lat="-8.047149" lon="-34.906664">
    <ele>6.5</ele>
    <time>2020-02-13T00:40:14.000Z</time>
   </trkpt>
   <trkpt lat="-8.047094" lon="-34.906685">
    <ele>7.1</ele>
    <time>2020-02-13T00:40:15.000Z</time>
   </trkpt>
   <trkpt lat="-8.047034" lon="-34.906693">
    <ele>7.7</ele>
    <time>2020-02-13T00:40:16.000Z</time>
   </trkpt>
   <trkpt lat="-8.046979" lon="-34.906709">
    <ele>8.3</ele>
    <time>2020-02-13T00:40:17.000Z</time>
   </trkpt>
   <trkpt lat="-8.046922" lon="-34.906719">
    <ele>8.9</ele>
    <time>2020-02-13T00:40:18.000Z</time>
   </trkpt>
   <trkpt lat="-8.04688" lon="-34.906736">
    <ele>9.3</ele>
    <time>2020-02-13T00:40:19.000Z</time>
   </trkpt>
   <trkpt lat="-8.046836" lon="-34.906748">
    <ele>9.7</ele>
    <time>2020-02-13T00:40:20.000Z</time>
   </trkpt>
   <trkpt lat="-8.046802" lon="-34.906756">
    <ele>10.1</ele>
    <time>2020-02-13T00:40:21.000Z</time>
   </trkpt>
   <trkpt lat="-8.046768" lon="-34.906768">
    <ele>10.4</ele>
    <time>2020-02-13T00:40:22.000Z</time>
   </trkpt>
   <trkpt lat="-8.046733" lon="-34.906803">
    <ele>10.9</ele>
    <time>2020-02-13T00:40:23.000Z</time>
   </trkpt>
   <trkpt lat="-8.046695" lon="-34.906826">
    <ele>11.3</ele>
    <time>2020-02-13T00:40:24.000Z</time>
   </trkpt>
   <trkpt lat="-8.046657" lon="-34.906835">
    <ele>11.7</ele>
    <time>2020-02-13T00:40:25.000Z</time>
   </trkpt>
   <trkpt lat="-8.046606" lon="-34.906855">
    <ele>12.5</ele>
    <time>2020-02-13T00:40:26.000Z</time>
   </trkpt>
   <trkpt lat="-8.046566" lon="-34.906865">
    <ele>13.2</ele>
    <time>2020-02-13T00:40:27.000Z</time>
   </trkpt>
   <trkpt lat="-8.046524" lon="-34.906881">
    <ele>13</ele>
    <time>2020-02-13T00:40:28.000Z</time>
   </trkpt>
   <trkpt lat="-8.046483" lon="-34.906894">
    <ele>12.8</ele>
    <time>2020-02-13T00:40:29.000Z</time>
   </trkpt>
   <trkpt lat="-8.046444" lon="-34.906905">
    <ele>12.7</ele>
    <time>2020-02-13T00:40:30.000Z</time>
   </trkpt>
   <trkpt lat="-8.046402" lon="-34.90692">
    <ele>12.6</ele>
    <time>2020-02-13T00:40:31.000Z</time>
   </trkpt>
   <trkpt lat="-8.046355" lon="-34.906935">
    <ele>12.5</ele>
    <time>2020-02-13T00:40:32.000Z</time>
   </trkpt>
   <trkpt lat="-8.046305" lon="-34.906945">
    <ele>12.5</ele>
    <time>2020-02-13T00:40:33.000Z</time>
   </trkpt>
   <trkpt lat="-8.046257" lon="-34.906959">
    <ele>12.5</ele>
    <time>2020-02-13T00:40:34.000Z</time>
   </trkpt>
   <trkpt lat="-8.046214" lon="-34.906965">
    <ele>12.5</ele>
    <time>2020-02-13T00:40:35.000Z</time>
   </trkpt>
   <trkpt lat="-8.046156" lon="-34.906969">
    <ele>12.6</ele>
    <time>2020-02-13T00:40:36.000Z</time>
   </trkpt>
   <trkpt lat="-8.046105" lon="-34.906984">
    <ele>12.6</ele>
    <time>2020-02-13T00:40:37.000Z</time>
   </trkpt>
   <trkpt lat="-8.046047" lon="-34.907013">
    <ele>12.6</ele>
    <time>2020-02-13T00:40:38.000Z</time>
   </trkpt>
   <trkpt lat="-8.046015" lon="-34.907035">
    <ele>12.6</ele>
    <time>2020-02-13T00:40:39.000Z</time>
   </trkpt>
   <trkpt lat="-8.045978" lon="-34.907059">
    <ele>12.6</ele>
    <time>2020-02-13T00:40:40.000Z</time>
   </trkpt>
   <trkpt lat="-8.045936" lon="-34.907086">
    <ele>12.4</ele>
    <time>2020-02-13T00:40:41.000Z</time>
   </trkpt>
   <trkpt lat="-8.045902" lon="-34.907106">
    <ele>12.3</ele>
    <time>2020-02-13T00:40:42.000Z</time>
   </trkpt>
   <trkpt lat="-8.045857" lon="-34.907119">
    <ele>12.1</ele>
    <time>2020-02-13T00:40:43.000Z</time>
   </trkpt>
   <trkpt lat="-8.045819" lon="-34.907133">
    <ele>12</ele>
    <time>2020-02-13T00:40:44.000Z</time>
   </trkpt>
   <trkpt lat="-8.045777" lon="-34.90715">
    <ele>11.8</ele>
    <time>2020-02-13T00:40:45.000Z</time>
   </trkpt>
   <trkpt lat="-8.045735" lon="-34.907164">
    <ele>11.6</ele>
    <time>2020-02-13T00:40:46.000Z</time>
   </trkpt>
   <trkpt lat="-8.045698" lon="-34.907186">
    <ele>11.5</ele>
    <time>2020-02-13T00:40:47.000Z</time>
   </trkpt>
   <trkpt lat="-8.045664" lon="-34.907201">
    <ele>11.4</ele>
    <time>2020-02-13T00:40:48.000Z</time>
   </trkpt>
   <trkpt lat="-8.04563" lon="-34.907212">
    <ele>11.2</ele>
    <time>2020-02-13T00:40:49.000Z</time>
   </trkpt>
   <trkpt lat="-8.045593" lon="-34.907217">
    <ele>11.1</ele>
    <time>2020-02-13T00:40:50.000Z</time>
   </trkpt>
   <trkpt lat="-8.045549" lon="-34.90724">
    <ele>10.8</ele>
    <time>2020-02-13T00:40:51.000Z</time>
   </trkpt>
   <trkpt lat="-8.045513" lon="-34.907255">
    <ele>10.6</ele>
    <time>2020-02-13T00:40:52.000Z</time>
   </trkpt>
   <trkpt lat="-8.045487" lon="-34.907272">
    <ele>10.4</ele>
    <time>2020-02-13T00:40:53.000Z</time>
   </trkpt>
   <trkpt lat="-8.045439" lon="-34.907282">
    <ele>10.2</ele>
    <time>2020-02-13T00:40:54.000Z</time>
   </trkpt>
   <trkpt lat="-8.045388" lon="-34.907287">
    <ele>10.1</ele>
    <time>2020-02-13T00:40:55.000Z</time>
   </trkpt>
   <trkpt lat="-8.045343" lon="-34.907294">
    <ele>10.1</ele>
    <time>2020-02-13T00:40:56.000Z</time>
   </trkpt>
   <trkpt lat="-8.045303" lon="-34.907305">
    <ele>10.1</ele>
    <time>2020-02-13T00:40:57.000Z</time>
   </trkpt>
   <trkpt lat="-8.045259" lon="-34.90732">
    <ele>10.1</ele>
    <time>2020-02-13T00:40:58.000Z</time>
   </trkpt>
   <trkpt lat="-8.045207" lon="-34.90732">
    <ele>10.1</ele>
    <time>2020-02-13T00:40:59.000Z</time>
   </trkpt>
   <trkpt lat="-8.045161" lon="-34.907327">
    <ele>10.1</ele>
    <time>2020-02-13T00:41:00.000Z</time>
   </trkpt>
   <trkpt lat="-8.045121" lon="-34.907337">
    <ele>10.1</ele>
    <time>2020-02-13T00:41:01.000Z</time>
   </trkpt>
   <trkpt lat="-8.045082" lon="-34.907351">
    <ele>10.5</ele>
    <time>2020-02-13T00:41:02.000Z</time>
   </trkpt>
   <trkpt lat="-8.045043" lon="-34.907365">
    <ele>10.7</ele>
    <time>2020-02-13T00:41:03.000Z</time>
   </trkpt>
   <trkpt lat="-8.045008" lon="-34.907381">
    <ele>11</ele>
    <time>2020-02-13T00:41:04.000Z</time>
   </trkpt>
   <trkpt lat="-8.044971" lon="-34.907393">
    <ele>11.3</ele>
    <time>2020-02-13T00:41:05.000Z</time>
   </trkpt>
   <trkpt lat="-8.044938" lon="-34.907411">
    <ele>11.6</ele>
    <time>2020-02-13T00:41:06.000Z</time>
   </trkpt>
   <trkpt lat="-8.0449" lon="-34.907431">
    <ele>12.1</ele>
    <time>2020-02-13T00:41:07.000Z</time>
   </trkpt>
   <trkpt lat="-8.04487" lon="-34.907444">
    <ele>12.4</ele>
    <time>2020-02-13T00:41:08.000Z</time>
   </trkpt>
   <trkpt lat="-8.044836" lon="-34.90745">
    <ele>12.8</ele>
    <time>2020-02-13T00:41:09.000Z</time>
   </trkpt>
   <trkpt lat="-8.044797" lon="-34.90746">
    <ele>13.3</ele>
    <time>2020-02-13T00:41:10.000Z</time>
   </trkpt>
   <trkpt lat="-8.044757" lon="-34.907463">
    <ele>13.9</ele>
    <time>2020-02-13T00:41:11.000Z</time>
   </trkpt>
   <trkpt lat="-8.044721" lon="-34.907475">
    <ele>14.3</ele>
    <time>2020-02-13T00:41:12.000Z</time>
   </trkpt>
   <trkpt lat="-8.044689" lon="-34.907479">
    <ele>14.7</ele>
    <time>2020-02-13T00:41:13.000Z</time>
   </trkpt>
   <trkpt lat="-8.044655" lon="-34.907484">
    <ele>14.9</ele>
    <time>2020-02-13T00:41:14.000Z</time>
   </trkpt>
   <trkpt lat="-8.044617" lon="-34.907506">
    <ele>15</ele>
    <time>2020-02-13T00:41:15.000Z</time>
   </trkpt>
   <trkpt lat="-8.044571" lon="-34.907526">
    <ele>15.3</ele>
    <time>2020-02-13T00:41:16.000Z</time>
   </trkpt>
   <trkpt lat="-8.044537" lon="-34.907538">
    <ele>15.6</ele>
    <time>2020-02-13T00:41:17.000Z</time>
   </trkpt>
   <trkpt lat="-8.044506" lon="-34.907553">
    <ele>15.6</ele>
    <time>2020-02-13T00:41:18.000Z</time>
   </trkpt>
   <trkpt lat="-8.044474" lon="-34.907567">
    <ele>15.6</ele>
    <time>2020-02-13T00:41:19.000Z</time>
   </trkpt>
   <trkpt lat="-8.044433" lon="-34.907571">
    <ele>15.6</ele>
    <time>2020-02-13T00:41:20.000Z</time>
   </trkpt>
   <trkpt lat="-8.044394" lon="-34.907587">
    <ele>15.8</ele>
    <time>2020-02-13T00:41:21.000Z</time>
   </trkpt>
   <trkpt lat="-8.044355" lon="-34.907598">
    <ele>15.8</ele>
    <time>2020-02-13T00:41:22.000Z</time>
   </trkpt>
   <trkpt lat="-8.044315" lon="-34.907631">
    <ele>15.8</ele>
    <time>2020-02-13T00:41:23.000Z</time>
   </trkpt>
   <trkpt lat="-8.044279" lon="-34.907645">
    <ele>15.7</ele>
    <time>2020-02-13T00:41:24.000Z</time>
   </trkpt>
   <trkpt lat="-8.044243" lon="-34.90765">
    <ele>15.6</ele>
    <time>2020-02-13T00:41:25.000Z</time>
   </trkpt>
   <trkpt lat="-8.044214" lon="-34.907661">
    <ele>15.6</ele>
    <time>2020-02-13T00:41:26.000Z</time>
   </trkpt>
   <trkpt lat="-8.044177" lon="-34.907669">
    <ele>15.4</ele>
    <time>2020-02-13T00:41:27.000Z</time>
   </trkpt>
   <trkpt lat="-8.044124" lon="-34.907669">
    <ele>15.1</ele>
    <time>2020-02-13T00:41:28.000Z</time>
   </trkpt>
   <trkpt lat="-8.044092" lon="-34.907682">
    <ele>15.1</ele>
    <time>2020-02-13T00:41:29.000Z</time>
   </trkpt>
   <trkpt lat="-8.044059" lon="-34.907696">
    <ele>15.1</ele>
    <time>2020-02-13T00:41:30.000Z</time>
   </trkpt>
   <trkpt lat="-8.04402" lon="-34.907712">
    <ele>14.9</ele>
    <time>2020-02-13T00:41:31.000Z</time>
   </trkpt>
   <trkpt lat="-8.043973" lon="-34.907719">
    <ele>14.7</ele>
    <time>2020-02-13T00:41:32.000Z</time>
   </trkpt>
   <trkpt lat="-8.043928" lon="-34.907721">
    <ele>14.5</ele>
    <time>2020-02-13T00:41:33.000Z</time>
   </trkpt>
   <trkpt lat="-8.04389" lon="-34.907728">
    <ele>14.4</ele>
    <time>2020-02-13T00:41:34.000Z</time>
   </trkpt>
   <trkpt lat="-8.043851" lon="-34.907754">
    <ele>14.2</ele>
    <time>2020-02-13T00:41:35.000Z</time>
   </trkpt>
   <trkpt lat="-8.043813" lon="-34.907764">
    <ele>14</ele>
    <time>2020-02-13T00:41:36.000Z</time>
   </trkpt>
   <trkpt lat="-8.04378" lon="-34.907772">
    <ele>13.9</ele>
    <time>2020-02-13T00:41:37.000Z</time>
   </trkpt>
   <trkpt lat="-8.043742" lon="-34.907775">
    <ele>13.7</ele>
    <time>2020-02-13T00:41:39.000Z</time>
   </trkpt>
   <trkpt lat="-8.043713" lon="-34.907785">
    <ele>13.5</ele>
    <time>2020-02-13T00:41:40.000Z</time>
   </trkpt>
   <trkpt lat="-8.043677" lon="-34.907793">
    <ele>13.3</ele>
    <time>2020-02-13T00:41:42.000Z</time>
   </trkpt>
   <trkpt lat="-8.04364" lon="-34.907807">
    <ele>13.1</ele>
    <time>2020-02-13T00:41:44.000Z</time>
   </trkpt>
   <trkpt lat="-8.043606" lon="-34.907819">
    <ele>12.9</ele>
    <time>2020-02-13T00:41:47.000Z</time>
   </trkpt>
   <trkpt lat="-8.04357" lon="-34.907844">
    <ele>12.7</ele>
    <time>2020-02-13T00:41:49.000Z</time>
   </trkpt>
   <trkpt lat="-8.043542" lon="-34.907857">
    <ele>12.5</ele>
    <time>2020-02-13T00:41:50.000Z</time>
   </trkpt>
   <trkpt lat="-8.043515" lon="-34.907865">
    <ele>12.4</ele>
    <time>2020-02-13T00:41:51.000Z</time>
   </trkpt>
   <trkpt lat="-8.043487" lon="-34.907871">
    <ele>12.3</ele>
    <time>2020-02-13T00:41:52.000Z</time>
   </trkpt>
   <trkpt lat="-8.043449" lon="-34.907878">
    <ele>12.4</ele>
    <time>2020-02-13T00:41:53.000Z</time>
   </trkpt>
   <trkpt lat="-8.043412" lon="-34.907895">
    <ele>12.7</ele>
    <time>2020-02-13T00:41:54.000Z</time>
   </trkpt>
   <trkpt lat="-8.043372" lon="-34.907907">
    <ele>13</ele>
    <time>2020-02-13T00:41:55.000Z</time>
   </trkpt>
   <trkpt lat="-8.04334" lon="-34.907921">
    <ele>13.2</ele>
    <time>2020-02-13T00:41:56.000Z</time>
   </trkpt>
   <trkpt lat="-8.043311" lon="-34.907942">
    <ele>13.4</ele>
    <time>2020-02-13T00:41:57.000Z</time>
   </trkpt>
   <trkpt lat="-8.043276" lon="-34.90795">
    <ele>13.6</ele>
    <time>2020-02-13T00:41:58.000Z</time>
   </trkpt>
   <trkpt lat="-8.043236" lon="-34.90796">
    <ele>13.9</ele>
    <time>2020-02-13T00:41:59.000Z</time>
   </trkpt>
   <trkpt lat="-8.043195" lon="-34.907971">
    <ele>14</ele>
    <time>2020-02-13T00:42:00.000Z</time>
   </trkpt>
   <trkpt lat="-8.04315" lon="-34.907976">
    <ele>14.1</ele>
    <time>2020-02-13T00:42:01.000Z</time>
   </trkpt>
   <trkpt lat="-8.043104" lon="-34.907983">
    <ele>14</ele>
    <time>2020-02-13T00:42:02.000Z</time>
   </trkpt>
   <trkpt lat="-8.04306" lon="-34.908011">
    <ele>13.9</ele>
    <time>2020-02-13T00:42:03.000Z</time>
   </trkpt>
   <trkpt lat="-8.043007" lon="-34.908022">
    <ele>13.7</ele>
    <time>2020-02-13T00:42:04.000Z</time>
   </trkpt>
   <trkpt lat="-8.042975" lon="-34.908035">
    <ele>13.7</ele>
    <time>2020-02-13T00:42:05.000Z</time>
   </trkpt>
   <trkpt lat="-8.04294" lon="-34.908048">
    <ele>13.6</ele>
    <time>2020-02-13T00:42:06.000Z</time>
   </trkpt>
   <trkpt lat="-8.042907" lon="-34.908062">
    <ele>13.6</ele>
    <time>2020-02-13T00:42:07.000Z</time>
   </trkpt>
   <trkpt lat="-8.042866" lon="-34.90808">
    <ele>13.6</ele>
    <time>2020-02-13T00:42:08.000Z</time>
   </trkpt>
   <trkpt lat="-8.042819" lon="-34.908102">
    <ele>13.7</ele>
    <time>2020-02-13T00:42:09.000Z</time>
   </trkpt>
   <trkpt lat="-8.042772" lon="-34.908122">
    <ele>13.9</ele>
    <time>2020-02-13T00:42:10.000Z</time>
   </trkpt>
   <trkpt lat="-8.042726" lon="-34.908139">
    <ele>14.1</ele>
    <time>2020-02-13T00:42:11.000Z</time>
   </trkpt>
   <trkpt lat="-8.042687" lon="-34.908157">
    <ele>14.4</ele>
    <time>2020-02-13T00:42:12.000Z</time>
   </trkpt>
   <trkpt lat="-8.042644" lon="-34.908201">
    <ele>14.9</ele>
    <time>2020-02-13T00:42:13.000Z</time>
   </trkpt>
   <trkpt lat="-8.042599" lon="-34.908205">
    <ele>15.3</ele>
    <time>2020-02-13T00:42:14.000Z</time>
   </trkpt>
   <trkpt lat="-8.042558" lon="-34.908243">
    <ele>15.5</ele>
    <time>2020-02-13T00:42:15.000Z</time>
   </trkpt>
   <trkpt lat="-8.042509" lon="-34.908251">
    <ele>15.6</ele>
    <time>2020-02-13T00:42:16.000Z</time>
   </trkpt>
   <trkpt lat="-8.042463" lon="-34.908259">
    <ele>15.7</ele>
    <time>2020-02-13T00:42:17.000Z</time>
   </trkpt>
   <trkpt lat="-8.042409" lon="-34.908275">
    <ele>15.8</ele>
    <time>2020-02-13T00:42:18.000Z</time>
   </trkpt>
   <trkpt lat="-8.042352" lon="-34.908275">
    <ele>15.9</ele>
    <time>2020-02-13T00:42:19.000Z</time>
   </trkpt>
   <trkpt lat="-8.04229" lon="-34.908278">
    <ele>15.9</ele>
    <time>2020-02-13T00:42:20.000Z</time>
   </trkpt>
   <trkpt lat="-8.042244" lon="-34.908285">
    <ele>15.8</ele>
    <time>2020-02-13T00:42:21.000Z</time>
   </trkpt>
   <trkpt lat="-8.042196" lon="-34.908284">
    <ele>15.7</ele>
    <time>2020-02-13T00:42:22.000Z</time>
   </trkpt>
   <trkpt lat="-8.042151" lon="-34.908281">
    <ele>15.6</ele>
    <time>2020-02-13T00:42:23.000Z</time>
   </trkpt>
   <trkpt lat="-8.042102" lon="-34.908284">
    <ele>15.5</ele>
    <time>2020-02-13T00:42:24.000Z</time>
   </trkpt>
   <trkpt lat="-8.04205" lon="-34.908311">
    <ele>15.4</ele>
    <time>2020-02-13T00:42:25.000Z</time>
   </trkpt>
   <trkpt lat="-8.042003" lon="-34.908331">
    <ele>15.2</ele>
    <time>2020-02-13T00:42:26.000Z</time>
   </trkpt>
   <trkpt lat="-8.041963" lon="-34.90836">
    <ele>15.1</ele>
    <time>2020-02-13T00:42:27.000Z</time>
   </trkpt>
   <trkpt lat="-8.041913" lon="-34.908376">
    <ele>15</ele>
    <time>2020-02-13T00:42:28.000Z</time>
   </trkpt>
   <trkpt lat="-8.041856" lon="-34.90838">
    <ele>14.9</ele>
    <time>2020-02-13T00:42:29.000Z</time>
   </trkpt>
   <trkpt lat="-8.041818" lon="-34.908392">
    <ele>14.9</ele>
    <time>2020-02-13T00:42:30.000Z</time>
   </trkpt>
   <trkpt lat="-8.041783" lon="-34.908398">
    <ele>14.9</ele>
    <time>2020-02-13T00:42:31.000Z</time>
   </trkpt>
   <trkpt lat="-8.04172" lon="-34.908397">
    <ele>14.7</ele>
    <time>2020-02-13T00:42:32.000Z</time>
   </trkpt>
   <trkpt lat="-8.041665" lon="-34.908408">
    <ele>14.5</ele>
    <time>2020-02-13T00:42:33.000Z</time>
   </trkpt>
   <trkpt lat="-8.041628" lon="-34.908414">
    <ele>14.4</ele>
    <time>2020-02-13T00:42:34.000Z</time>
   </trkpt>
   <trkpt lat="-8.041586" lon="-34.90842">
    <ele>14.4</ele>
    <time>2020-02-13T00:42:35.000Z</time>
   </trkpt>
   <trkpt lat="-8.041547" lon="-34.908453">
    <ele>14.3</ele>
    <time>2020-02-13T00:42:36.000Z</time>
   </trkpt>
   <trkpt lat="-8.041503" lon="-34.908477">
    <ele>14.3</ele>
    <time>2020-02-13T00:42:37.000Z</time>
   </trkpt>
   <trkpt lat="-8.041463" lon="-34.908497">
    <ele>14.2</ele>
    <time>2020-02-13T00:42:38.000Z</time>
   </trkpt>
   <trkpt lat="-8.041421" lon="-34.908519">
    <ele>14.2</ele>
    <time>2020-02-13T00:42:39.000Z</time>
   </trkpt>
   <trkpt lat="-8.04138" lon="-34.908534">
    <ele>14.2</ele>
    <time>2020-02-13T00:42:40.000Z</time>
   </trkpt>
   <trkpt lat="-8.041336" lon="-34.908545">
    <ele>14.1</ele>
    <time>2020-02-13T00:42:41.000Z</time>
   </trkpt>
   <trkpt lat="-8.041296" lon="-34.908556">
    <ele>14.1</ele>
    <time>2020-02-13T00:42:42.000Z</time>
   </trkpt>
   <trkpt lat="-8.041257" lon="-34.908559">
    <ele>14</ele>
    <time>2020-02-13T00:42:43.000Z</time>
   </trkpt>
   <trkpt lat="-8.041223" lon="-34.908565">
    <ele>14</ele>
    <time>2020-02-13T00:42:44.000Z</time>
   </trkpt>
   <trkpt lat="-8.041194" lon="-34.90858">
    <ele>14</ele>
    <time>2020-02-13T00:42:45.000Z</time>
   </trkpt>
   <trkpt lat="-8.04116" lon="-34.908596">
    <ele>13.9</ele>
    <time>2020-02-13T00:42:46.000Z</time>
   </trkpt>
   <trkpt lat="-8.041113" lon="-34.908612">
    <ele>13.9</ele>
    <time>2020-02-13T00:42:47.000Z</time>
   </trkpt>
   <trkpt lat="-8.041067" lon="-34.908617">
    <ele>13.9</ele>
    <time>2020-02-13T00:42:48.000Z</time>
   </trkpt>
   <trkpt lat="-8.041019" lon="-34.908646">
    <ele>13.9</ele>
    <time>2020-02-13T00:42:49.000Z</time>
   </trkpt>
   <trkpt lat="-8.040968" lon="-34.908666">
    <ele>14.1</ele>
    <time>2020-02-13T00:42:50.000Z</time>
   </trkpt>
   <trkpt lat="-8.040919" lon="-34.908682">
    <ele>14.2</ele>
    <time>2020-02-13T00:42:51.000Z</time>
   </trkpt>
   <trkpt lat="-8.04086" lon="-34.908697">
    <ele>14.5</ele>
    <time>2020-02-13T00:42:52.000Z</time>
   </trkpt>
   <trkpt lat="-8.040815" lon="-34.908713">
    <ele>14.6</ele>
    <time>2020-02-13T00:42:53.000Z</time>
   </trkpt>
   <trkpt lat="-8.040773" lon="-34.908737">
    <ele>14.7</ele>
    <time>2020-02-13T00:42:54.000Z</time>
   </trkpt>
   <trkpt lat="-8.040729" lon="-34.908744">
    <ele>14.8</ele>
    <time>2020-02-13T00:42:55.000Z</time>
   </trkpt>
   <trkpt lat="-8.040683" lon="-34.908753">
    <ele>14.9</ele>
    <time>2020-02-13T00:42:56.000Z</time>
   </trkpt>
   <trkpt lat="-8.040638" lon="-34.908759">
    <ele>14.9</ele>
    <time>2020-02-13T00:42:57.000Z</time>
   </trkpt>
   <trkpt lat="-8.040592" lon="-34.908758">
    <ele>14.9</ele>
    <time>2020-02-13T00:42:58.000Z</time>
   </trkpt>
   <trkpt lat="-8.040552" lon="-34.908789">
    <ele>14.9</ele>
    <time>2020-02-13T00:42:59.000Z</time>
   </trkpt>
   <trkpt lat="-8.040498" lon="-34.908803">
    <ele>15</ele>
    <time>2020-02-13T00:43:00.000Z</time>
   </trkpt>
   <trkpt lat="-8.040441" lon="-34.908816">
    <ele>15</ele>
    <time>2020-02-13T00:43:01.000Z</time>
   </trkpt>
   <trkpt lat="-8.040389" lon="-34.908837">
    <ele>15</ele>
    <time>2020-02-13T00:43:02.000Z</time>
   </trkpt>
   <trkpt lat="-8.040341" lon="-34.908859">
    <ele>15</ele>
    <time>2020-02-13T00:43:03.000Z</time>
   </trkpt>
   <trkpt lat="-8.040291" lon="-34.908885">
    <ele>15</ele>
    <time>2020-02-13T00:43:04.000Z</time>
   </trkpt>
   <trkpt lat="-8.04024" lon="-34.908902">
    <ele>15</ele>
    <time>2020-02-13T00:43:05.000Z</time>
   </trkpt>
   <trkpt lat="-8.040199" lon="-34.908932">
    <ele>15</ele>
    <time>2020-02-13T00:43:06.000Z</time>
   </trkpt>
   <trkpt lat="-8.040155" lon="-34.908948">
    <ele>15</ele>
    <time>2020-02-13T00:43:07.000Z</time>
   </trkpt>
   <trkpt lat="-8.040104" lon="-34.908958">
    <ele>15</ele>
    <time>2020-02-13T00:43:08.000Z</time>
   </trkpt>
   <trkpt lat="-8.04006" lon="-34.908976">
    <ele>15</ele>
    <time>2020-02-13T00:43:09.000Z</time>
   </trkpt>
   <trkpt lat="-8.040014" lon="-34.908991">
    <ele>15.1</ele>
    <time>2020-02-13T00:43:10.000Z</time>
   </trkpt>
   <trkpt lat="-8.039967" lon="-34.909006">
    <ele>15.1</ele>
    <time>2020-02-13T00:43:11.000Z</time>
   </trkpt>
   <trkpt lat="-8.03992" lon="-34.909021">
    <ele>16</ele>
    <time>2020-02-13T00:43:12.000Z</time>
   </trkpt>
   <trkpt lat="-8.039872" lon="-34.909041">
    <ele>17</ele>
    <time>2020-02-13T00:43:13.000Z</time>
   </trkpt>
   <trkpt lat="-8.039822" lon="-34.909052">
    <ele>18</ele>
    <time>2020-02-13T00:43:14.000Z</time>
   </trkpt>
   <trkpt lat="-8.039763" lon="-34.909071">
    <ele>19.2</ele>
    <time>2020-02-13T00:43:15.000Z</time>
   </trkpt>
   <trkpt lat="-8.039708" lon="-34.909091">
    <ele>20.3</ele>
    <time>2020-02-13T00:43:16.000Z</time>
   </trkpt>
   <trkpt lat="-8.03966" lon="-34.909112">
    <ele>21.8</ele>
    <time>2020-02-13T00:43:17.000Z</time>
   </trkpt>
   <trkpt lat="-8.039613" lon="-34.909133">
    <ele>21.6</ele>
    <time>2020-02-13T00:43:18.000Z</time>
   </trkpt>
   <trkpt lat="-8.039566" lon="-34.909146">
    <ele>21.5</ele>
    <time>2020-02-13T00:43:19.000Z</time>
   </trkpt>
   <trkpt lat="-8.039515" lon="-34.909158">
    <ele>21.3</ele>
    <time>2020-02-13T00:43:20.000Z</time>
   </trkpt>
   <trkpt lat="-8.039466" lon="-34.909168">
    <ele>21.1</ele>
    <time>2020-02-13T00:43:21.000Z</time>
   </trkpt>
   <trkpt lat="-8.039411" lon="-34.909184">
    <ele>20.9</ele>
    <time>2020-02-13T00:43:22.000Z</time>
   </trkpt>
   <trkpt lat="-8.039362" lon="-34.909209">
    <ele>20.6</ele>
    <time>2020-02-13T00:43:23.000Z</time>
   </trkpt>
   <trkpt lat="-8.039313" lon="-34.909217">
    <ele>20.4</ele>
    <time>2020-02-13T00:43:24.000Z</time>
   </trkpt>
   <trkpt lat="-8.03927" lon="-34.909239">
    <ele>20</ele>
    <time>2020-02-13T00:43:25.000Z</time>
   </trkpt>
   <trkpt lat="-8.039231" lon="-34.909253">
    <ele>19.6</ele>
    <time>2020-02-13T00:43:26.000Z</time>
   </trkpt>
   <trkpt lat="-8.039192" lon="-34.909259">
    <ele>19.2</ele>
    <time>2020-02-13T00:43:27.000Z</time>
   </trkpt>
   <trkpt lat="-8.039155" lon="-34.90927">
    <ele>18.8</ele>
    <time>2020-02-13T00:43:28.000Z</time>
   </trkpt>
   <trkpt lat="-8.039118" lon="-34.909285">
    <ele>18.3</ele>
    <time>2020-02-13T00:43:29.000Z</time>
   </trkpt>
   <trkpt lat="-8.03908" lon="-34.909296">
    <ele>17.8</ele>
    <time>2020-02-13T00:43:30.000Z</time>
   </trkpt>
   <trkpt lat="-8.039049" lon="-34.909315">
    <ele>17.3</ele>
    <time>2020-02-13T00:43:31.000Z</time>
   </trkpt>
   <trkpt lat="-8.039011" lon="-34.909337">
    <ele>16.6</ele>
    <time>2020-02-13T00:43:32.000Z</time>
   </trkpt>
   <trkpt lat="-8.038984" lon="-34.909367">
    <ele>16</ele>
    <time>2020-02-13T00:43:33.000Z</time>
   </trkpt>
   <trkpt lat="-8.038941" lon="-34.909383">
    <ele>15.2</ele>
    <time>2020-02-13T00:43:34.000Z</time>
   </trkpt>
   <trkpt lat="-8.038904" lon="-34.909395">
    <ele>15.4</ele>
    <time>2020-02-13T00:43:35.000Z</time>
   </trkpt>
   <trkpt lat="-8.038877" lon="-34.909418">
    <ele>15.6</ele>
    <time>2020-02-13T00:43:36.000Z</time>
   </trkpt>
   <trkpt lat="-8.038849" lon="-34.909441">
    <ele>15.8</ele>
    <time>2020-02-13T00:43:37.000Z</time>
   </trkpt>
   <trkpt lat="-8.038821" lon="-34.909468">
    <ele>16</ele>
    <time>2020-02-13T00:43:38.000Z</time>
   </trkpt>
   <trkpt lat="-8.038783" lon="-34.909486">
    <ele>16.2</ele>
    <time>2020-02-13T00:43:39.000Z</time>
   </trkpt>
   <trkpt lat="-8.038746" lon="-34.909501">
    <ele>16.4</ele>
    <time>2020-02-13T00:43:40.000Z</time>
   </trkpt>
   <trkpt lat="-8.038704" lon="-34.909521">
    <ele>16.6</ele>
    <time>2020-02-13T00:43:41.000Z</time>
   </trkpt>
   <trkpt lat="-8.038666" lon="-34.909551">
    <ele>16.8</ele>
    <time>2020-02-13T00:43:42.000Z</time>
   </trkpt>
   <trkpt lat="-8.03864" lon="-34.909584">
    <ele>17</ele>
    <time>2020-02-13T00:43:43.000Z</time>
   </trkpt>
   <trkpt lat="-8.038604" lon="-34.909607">
    <ele>17.2</ele>
    <time>2020-02-13T00:43:44.000Z</time>
   </trkpt>
   <trkpt lat="-8.038566" lon="-34.909628">
    <ele>17.3</ele>
    <time>2020-02-13T00:43:45.000Z</time>
   </trkpt>
   <trkpt lat="-8.038529" lon="-34.90965">
    <ele>17.4</ele>
    <time>2020-02-13T00:43:46.000Z</time>
   </trkpt>
   <trkpt lat="-8.038489" lon="-34.909675">
    <ele>17.5</ele>
    <time>2020-02-13T00:43:47.000Z</time>
   </trkpt>
   <trkpt lat="-8.038442" lon="-34.909696">
    <ele>17.6</ele>
    <time>2020-02-13T00:43:48.000Z</time>
   </trkpt>
   <trkpt lat="-8.038415" lon="-34.909714">
    <ele>17.6</ele>
    <time>2020-02-13T00:43:49.000Z</time>
   </trkpt>
   <trkpt lat="-8.038373" lon="-34.909737">
    <ele>17.7</ele>
    <time>2020-02-13T00:43:50.000Z</time>
   </trkpt>
   <trkpt lat="-8.038329" lon="-34.909765">
    <ele>17.7</ele>
    <time>2020-02-13T00:43:51.000Z</time>
   </trkpt>
   <trkpt lat="-8.038294" lon="-34.909791">
    <ele>17.8</ele>
    <time>2020-02-13T00:43:52.000Z</time>
   </trkpt>
   <trkpt lat="-8.038249" lon="-34.909821">
    <ele>17.8</ele>
    <time>2020-02-13T00:43:53.000Z</time>
   </trkpt>
   <trkpt lat="-8.038217" lon="-34.909843">
    <ele>17.8</ele>
    <time>2020-02-13T00:43:54.000Z</time>
   </trkpt>
   <trkpt lat="-8.038183" lon="-34.909865">
    <ele>17.8</ele>
    <time>2020-02-13T00:43:55.000Z</time>
   </trkpt>
   <trkpt lat="-8.038148" lon="-34.909886">
    <ele>17.8</ele>
    <time>2020-02-13T00:43:56.000Z</time>
   </trkpt>
   <trkpt lat="-8.038111" lon="-34.909905">
    <ele>17.8</ele>
    <time>2020-02-13T00:43:57.000Z</time>
   </trkpt>
   <trkpt lat="-8.038075" lon="-34.909928">
    <ele>17.7</ele>
    <time>2020-02-13T00:43:58.000Z</time>
   </trkpt>
   <trkpt lat="-8.038039" lon="-34.909953">
    <ele>17.7</ele>
    <time>2020-02-13T00:43:59.000Z</time>
   </trkpt>
   <trkpt lat="-8.038005" lon="-34.909977">
    <ele>17.6</ele>
    <time>2020-02-13T00:44:00.000Z</time>
   </trkpt>
   <trkpt lat="-8.037968" lon="-34.909997">
    <ele>17.5</ele>
    <time>2020-02-13T00:44:01.000Z</time>
   </trkpt>
   <trkpt lat="-8.037937" lon="-34.910017">
    <ele>17.5</ele>
    <time>2020-02-13T00:44:02.000Z</time>
   </trkpt>
   <trkpt lat="-8.037899" lon="-34.910038">
    <ele>17.4</ele>
    <time>2020-02-13T00:44:03.000Z</time>
   </trkpt>
   <trkpt lat="-8.037867" lon="-34.910062">
    <ele>17.3</ele>
    <time>2020-02-13T00:44:04.000Z</time>
   </trkpt>
   <trkpt lat="-8.037837" lon="-34.910069">
    <ele>17.2</ele>
    <time>2020-02-13T00:44:05.000Z</time>
   </trkpt>
   <trkpt lat="-8.037801" lon="-34.910087">
    <ele>17</ele>
    <time>2020-02-13T00:44:06.000Z</time>
   </trkpt>
   <trkpt lat="-8.037771" lon="-34.910104">
    <ele>16.9</ele>
    <time>2020-02-13T00:44:07.000Z</time>
   </trkpt>
   <trkpt lat="-8.03774" lon="-34.910128">
    <ele>16.8</ele>
    <time>2020-02-13T00:44:08.000Z</time>
   </trkpt>
   <trkpt lat="-8.037708" lon="-34.910154">
    <ele>16.7</ele>
    <time>2020-02-13T00:44:09.000Z</time>
   </trkpt>
   <trkpt lat="-8.037679" lon="-34.910178">
    <ele>16.5</ele>
    <time>2020-02-13T00:44:10.000Z</time>
   </trkpt>
   <trkpt lat="-8.037649" lon="-34.910196">
    <ele>16.4</ele>
    <time>2020-02-13T00:44:11.000Z</time>
   </trkpt>
   <trkpt lat="-8.037609" lon="-34.910218">
    <ele>16.2</ele>
    <time>2020-02-13T00:44:12.000Z</time>
   </trkpt>
   <trkpt lat="-8.037568" lon="-34.910234">
    <ele>16</ele>
    <time>2020-02-13T00:44:13.000Z</time>
   </trkpt>
   <trkpt lat="-8.03753" lon="-34.910252">
    <ele>15.8</ele>
    <time>2020-02-13T00:44:14.000Z</time>
   </trkpt>
   <trkpt lat="-8.037492" lon="-34.910275">
    <ele>15.6</ele>
    <time>2020-02-13T00:44:15.000Z</time>
   </trkpt>
   <trkpt lat="-8.037456" lon="-34.910286">
    <ele>15.4</ele>
    <time>2020-02-13T00:44:16.000Z</time>
   </trkpt>
   <trkpt lat="-8.037415" lon="-34.910303">
    <ele>15.2</ele>
    <time>2020-02-13T00:44:17.000Z</time>
   </trkpt>
   <trkpt lat="-8.03736" lon="-34.910325">
    <ele>14.9</ele>
    <time>2020-02-13T00:44:18.000Z</time>
   </trkpt>
   <trkpt lat="-8.037309" lon="-34.910344">
    <ele>14.7</ele>
    <time>2020-02-13T00:44:19.000Z</time>
   </trkpt>
   <trkpt lat="-8.037269" lon="-34.910354">
    <ele>14.5</ele>
    <time>2020-02-13T00:44:20.000Z</time>
   </trkpt>
   <trkpt lat="-8.037224" lon="-34.910362">
    <ele>14.3</ele>
    <time>2020-02-13T00:44:21.000Z</time>
   </trkpt>
   <trkpt lat="-8.037173" lon="-34.910372">
    <ele>14.1</ele>
    <time>2020-02-13T00:44:22.000Z</time>
   </trkpt>
   <trkpt lat="-8.037128" lon="-34.910372">
    <ele>13.8</ele>
    <time>2020-02-13T00:44:23.000Z</time>
   </trkpt>
   <trkpt lat="-8.037087" lon="-34.910374">
    <ele>13.6</ele>
    <time>2020-02-13T00:44:24.000Z</time>
   </trkpt>
   <trkpt lat="-8.037043" lon="-34.910367">
    <ele>13.4</ele>
    <time>2020-02-13T00:44:25.000Z</time>
   </trkpt>
   <trkpt lat="-8.036993" lon="-34.910353">
    <ele>13.1</ele>
    <time>2020-02-13T00:44:26.000Z</time>
   </trkpt>
   <trkpt lat="-8.03695" lon="-34.910335">
    <ele>12.9</ele>
    <time>2020-02-13T00:44:27.000Z</time>
   </trkpt>
   <trkpt lat="-8.036907" lon="-34.910313">
    <ele>12.6</ele>
    <time>2020-02-13T00:44:28.000Z</time>
   </trkpt>
   <trkpt lat="-8.036867" lon="-34.910289">
    <ele>12.4</ele>
    <time>2020-02-13T00:44:29.000Z</time>
   </trkpt>
   <trkpt lat="-8.036824" lon="-34.910273">
    <ele>12.2</ele>
    <time>2020-02-13T00:44:30.000Z</time>
   </trkpt>
   <trkpt lat="-8.036784" lon="-34.910255">
    <ele>12</ele>
    <time>2020-02-13T00:44:31.000Z</time>
   </trkpt>
   <trkpt lat="-8.036751" lon="-34.910233">
    <ele>11.8</ele>
    <time>2020-02-13T00:44:32.000Z</time>
   </trkpt>
   <trkpt lat="-8.036717" lon="-34.910205">
    <ele>11.5</ele>
    <time>2020-02-13T00:44:33.000Z</time>
   </trkpt>
   <trkpt lat="-8.036685" lon="-34.910178">
    <ele>11.3</ele>
    <time>2020-02-13T00:44:34.000Z</time>
   </trkpt>
   <trkpt lat="-8.036651" lon="-34.910151">
    <ele>11.1</ele>
    <time>2020-02-13T00:44:35.000Z</time>
   </trkpt>
   <trkpt lat="-8.03662" lon="-34.910121">
    <ele>10.8</ele>
    <time>2020-02-13T00:44:36.000Z</time>
   </trkpt>
   <trkpt lat="-8.036594" lon="-34.910093">
    <ele>10.6</ele>
    <time>2020-02-13T00:44:37.000Z</time>
   </trkpt>
   <trkpt lat="-8.036561" lon="-34.91006">
    <ele>10.4</ele>
    <time>2020-02-13T00:44:38.000Z</time>
   </trkpt>
   <trkpt lat="-8.036523" lon="-34.910027">
    <ele>9.8</ele>
    <time>2020-02-13T00:44:39.000Z</time>
   </trkpt>
   <trkpt lat="-8.036486" lon="-34.909997">
    <ele>10.4</ele>
    <time>2020-02-13T00:44:40.000Z</time>
   </trkpt>
   <trkpt lat="-8.036444" lon="-34.90996">
    <ele>11.1</ele>
    <time>2020-02-13T00:44:41.000Z</time>
   </trkpt>
   <trkpt lat="-8.036413" lon="-34.909924">
    <ele>11.7</ele>
    <time>2020-02-13T00:44:42.000Z</time>
   </trkpt>
   <trkpt lat="-8.036382" lon="-34.909888">
    <ele>12.3</ele>
    <time>2020-02-13T00:44:43.000Z</time>
   </trkpt>
   <trkpt lat="-8.036345" lon="-34.909859">
    <ele>12.9</ele>
    <time>2020-02-13T00:44:44.000Z</time>
   </trkpt>
   <trkpt lat="-8.036315" lon="-34.909822">
    <ele>13.5</ele>
    <time>2020-02-13T00:44:45.000Z</time>
   </trkpt>
   <trkpt lat="-8.036271" lon="-34.9098">
    <ele>14.1</ele>
    <time>2020-02-13T00:44:46.000Z</time>
   </trkpt>
   <trkpt lat="-8.036237" lon="-34.909769">
    <ele>14.7</ele>
    <time>2020-02-13T00:44:47.000Z</time>
   </trkpt>
   <trkpt lat="-8.036207" lon="-34.909746">
    <ele>14.4</ele>
    <time>2020-02-13T00:44:48.000Z</time>
   </trkpt>
   <trkpt lat="-8.036176" lon="-34.909719">
    <ele>14.1</ele>
    <time>2020-02-13T00:44:49.000Z</time>
   </trkpt>
   <trkpt lat="-8.036142" lon="-34.909691">
    <ele>13.9</ele>
    <time>2020-02-13T00:44:50.000Z</time>
   </trkpt>
   <trkpt lat="-8.036111" lon="-34.909667">
    <ele>13.6</ele>
    <time>2020-02-13T00:44:51.000Z</time>
   </trkpt>
   <trkpt lat="-8.036078" lon="-34.909642">
    <ele>13.4</ele>
    <time>2020-02-13T00:44:52.000Z</time>
   </trkpt>
   <trkpt lat="-8.036049" lon="-34.909622">
    <ele>13.2</ele>
    <time>2020-02-13T00:44:53.000Z</time>
   </trkpt>
   <trkpt lat="-8.036017" lon="-34.909586">
    <ele>12.9</ele>
    <time>2020-02-13T00:44:54.000Z</time>
   </trkpt>
   <trkpt lat="-8.035993" lon="-34.909566">
    <ele>12.7</ele>
    <time>2020-02-13T00:44:55.000Z</time>
   </trkpt>
   <trkpt lat="-8.035965" lon="-34.909537">
    <ele>12.5</ele>
    <time>2020-02-13T00:44:56.000Z</time>
   </trkpt>
   <trkpt lat="-8.035939" lon="-34.909509">
    <ele>11.8</ele>
    <time>2020-02-13T00:44:57.000Z</time>
   </trkpt>
   <trkpt lat="-8.035912" lon="-34.909484">
    <ele>11.7</ele>
    <time>2020-02-13T00:44:58.000Z</time>
   </trkpt>
   <trkpt lat="-8.035881" lon="-34.909454">
    <ele>11.6</ele>
    <time>2020-02-13T00:44:59.000Z</time>
   </trkpt>
   <trkpt lat="-8.03585" lon="-34.909424">
    <ele>12.1</ele>
    <time>2020-02-13T00:45:00.000Z</time>
   </trkpt>
   <trkpt lat="-8.035813" lon="-34.909396">
    <ele>12.7</ele>
    <time>2020-02-13T00:45:01.000Z</time>
   </trkpt>
   <trkpt lat="-8.035769" lon="-34.909372">
    <ele>13.7</ele>
    <time>2020-02-13T00:45:02.000Z</time>
   </trkpt>
   <trkpt lat="-8.035727" lon="-34.909342">
    <ele>14.1</ele>
    <time>2020-02-13T00:45:03.000Z</time>
   </trkpt>
   <trkpt lat="-8.035683" lon="-34.909316">
    <ele>13.4</ele>
    <time>2020-02-13T00:45:04.000Z</time>
   </trkpt>
   <trkpt lat="-8.035637" lon="-34.909294">
    <ele>12.8</ele>
    <time>2020-02-13T00:45:05.000Z</time>
   </trkpt>
   <trkpt lat="-8.035594" lon="-34.90926">
    <ele>12.3</ele>
    <time>2020-02-13T00:45:06.000Z</time>
   </trkpt>
   <trkpt lat="-8.035565" lon="-34.909234">
    <ele>12.3</ele>
    <time>2020-02-13T00:45:07.000Z</time>
   </trkpt>
   <trkpt lat="-8.035541" lon="-34.909202">
    <ele>12.3</ele>
    <time>2020-02-13T00:45:08.000Z</time>
   </trkpt>
   <trkpt lat="-8.035511" lon="-34.909165">
    <ele>12.1</ele>
    <time>2020-02-13T00:45:09.000Z</time>
   </trkpt>
   <trkpt lat="-8.035478" lon="-34.909129">
    <ele>11.9</ele>
    <time>2020-02-13T00:45:10.000Z</time>
   </trkpt>
   <trkpt lat="-8.035458" lon="-34.909098">
    <ele>11.7</ele>
    <time>2020-02-13T00:45:11.000Z</time>
   </trkpt>
   <trkpt lat="-8.035432" lon="-34.909066">
    <ele>11.5</ele>
    <time>2020-02-13T00:45:12.000Z</time>
   </trkpt>
   <trkpt lat="-8.035412" lon="-34.909032">
    <ele>11.3</ele>
    <time>2020-02-13T00:45:13.000Z</time>
   </trkpt>
   <trkpt lat="-8.035382" lon="-34.909005">
    <ele>11.1</ele>
    <time>2020-02-13T00:45:14.000Z</time>
   </trkpt>
   <trkpt lat="-8.035355" lon="-34.908968">
    <ele>10.8</ele>
    <time>2020-02-13T00:45:15.000Z</time>
   </trkpt>
   <trkpt lat="-8.035331" lon="-34.908931">
    <ele>10.6</ele>
    <time>2020-02-13T00:45:16.000Z</time>
   </trkpt>
   <trkpt lat="-8.035305" lon="-34.908894">
    <ele>10.3</ele>
    <time>2020-02-13T00:45:17.000Z</time>
   </trkpt>
   <trkpt lat="-8.035282" lon="-34.908859">
    <ele>10.1</ele>
    <time>2020-02-13T00:45:18.000Z</time>
   </trkpt>
   <trkpt lat="-8.035256" lon="-34.908829">
    <ele>10</ele>
    <time>2020-02-13T00:45:19.000Z</time>
   </trkpt>
   <trkpt lat="-8.035239" lon="-34.908805">
    <ele>9.8</ele>
    <time>2020-02-13T00:45:20.000Z</time>
   </trkpt>
   <trkpt lat="-8.035219" lon="-34.908768">
    <ele>9.7</ele>
    <time>2020-02-13T00:45:21.000Z</time>
   </trkpt>
   <trkpt lat="-8.035194" lon="-34.908715">
    <ele>9.4</ele>
    <time>2020-02-13T00:45:22.000Z</time>
   </trkpt>
   <trkpt lat="-8.035179" lon="-34.908663">
    <ele>9.1</ele>
    <time>2020-02-13T00:45:23.000Z</time>
   </trkpt>
   <trkpt lat="-8.035157" lon="-34.908615">
    <ele>8.8</ele>
    <time>2020-02-13T00:45:24.000Z</time>
   </trkpt>
   <trkpt lat="-8.03513" lon="-34.908575">
    <ele>8.6</ele>
    <time>2020-02-13T00:45:25.000Z</time>
   </trkpt>
   <trkpt lat="-8.035104" lon="-34.908544">
    <ele>8.7</ele>
    <time>2020-02-13T00:45:26.000Z</time>
   </trkpt>
   <trkpt lat="-8.03509" lon="-34.90852">
    <ele>8.9</ele>
    <time>2020-02-13T00:45:27.000Z</time>
   </trkpt>
   <trkpt lat="-8.03508" lon="-34.908494">
    <ele>9</ele>
    <time>2020-02-13T00:45:28.000Z</time>
   </trkpt>
   <trkpt lat="-8.035062" lon="-34.908457">
    <ele>9.2</ele>
    <time>2020-02-13T00:45:30.000Z</time>
   </trkpt>
   <trkpt lat="-8.035048" lon="-34.908431">
    <ele>9.4</ele>
    <time>2020-02-13T00:45:31.000Z</time>
   </trkpt>
   <trkpt lat="-8.035018" lon="-34.908405">
    <ele>9.6</ele>
    <time>2020-02-13T00:45:33.000Z</time>
   </trkpt>
   <trkpt lat="-8.034997" lon="-34.908382">
    <ele>9.7</ele>
    <time>2020-02-13T00:45:35.000Z</time>
   </trkpt>
   <trkpt lat="-8.034963" lon="-34.90837">
    <ele>9.9</ele>
    <time>2020-02-13T00:45:38.000Z</time>
   </trkpt>
   <trkpt lat="-8.034932" lon="-34.908356">
    <ele>10.1</ele>
    <time>2020-02-13T00:45:41.000Z</time>
   </trkpt>
   <trkpt lat="-8.034926" lon="-34.908332">
    <ele>10.2</ele>
    <time>2020-02-13T00:45:44.000Z</time>
   </trkpt>
   <trkpt lat="-8.034963" lon="-34.908299">
    <ele>10.5</ele>
    <time>2020-02-13T00:45:46.000Z</time>
   </trkpt>
   <trkpt lat="-8.034971" lon="-34.908292">
    <ele>10.5</ele>
    <time>2020-02-13T00:45:48.000Z</time>
   </trkpt>
   <trkpt lat="-8.034986" lon="-34.908306">
    <ele>10.6</ele>
    <time>2020-02-13T00:45:52.000Z</time>
   </trkpt>
   <trkpt lat="-8.034947" lon="-34.908227">
    <ele>11.6</ele>
    <time>2020-02-13T00:46:11.000Z</time>
   </trkpt>
   <trkpt lat="-8.034947" lon="-34.908187">
    <ele>11.6</ele>
    <time>2020-02-13T00:46:13.000Z</time>
   </trkpt>
   <trkpt lat="-8.034936" lon="-34.908138">
    <ele>12.8</ele>
    <time>2020-02-13T00:46:15.000Z</time>
   </trkpt>
   <trkpt lat="-8.034929" lon="-34.908103">
    <ele>12.9</ele>
    <time>2020-02-13T00:46:16.000Z</time>
   </trkpt>
   <trkpt lat="-8.034932" lon="-34.908049">
    <ele>13.1</ele>
    <time>2020-02-13T00:46:18.000Z</time>
   </trkpt>
   <trkpt lat="-8.034945" lon="-34.908012">
    <ele>13.3</ele>
    <time>2020-02-13T00:46:19.000Z</time>
   </trkpt>
   <trkpt lat="-8.034969" lon="-34.907974">
    <ele>13.5</ele>
    <time>2020-02-13T00:46:20.000Z</time>
   </trkpt>
   <trkpt lat="-8.034991" lon="-34.907934">
    <ele>13.6</ele>
    <time>2020-02-13T00:46:21.000Z</time>
   </trkpt>
   <trkpt lat="-8.035019" lon="-34.907913">
    <ele>13.8</ele>
    <time>2020-02-13T00:46:22.000Z</time>
   </trkpt>
   <trkpt lat="-8.035044" lon="-34.907882">
    <ele>13.9</ele>
    <time>2020-02-13T00:46:23.000Z</time>
   </trkpt>
   <trkpt lat="-8.035068" lon="-34.907841">
    <ele>14.1</ele>
    <time>2020-02-13T00:46:24.000Z</time>
   </trkpt>
   <trkpt lat="-8.035083" lon="-34.907804">
    <ele>14.3</ele>
    <time>2020-02-13T00:46:25.000Z</time>
   </trkpt>
   <trkpt lat="-8.0351" lon="-34.907771">
    <ele>14.4</ele>
    <time>2020-02-13T00:46:26.000Z</time>
   </trkpt>
   <trkpt lat="-8.03512" lon="-34.907742">
    <ele>14.5</ele>
    <time>2020-02-13T00:46:27.000Z</time>
   </trkpt>
   <trkpt lat="-8.035142" lon="-34.907707">
    <ele>14.6</ele>
    <time>2020-02-13T00:46:28.000Z</time>
   </trkpt>
   <trkpt lat="-8.035163" lon="-34.907661">
    <ele>14.7</ele>
    <time>2020-02-13T00:46:29.000Z</time>
   </trkpt>
   <trkpt lat="-8.035192" lon="-34.907629">
    <ele>14.8</ele>
    <time>2020-02-13T00:46:30.000Z</time>
   </trkpt>
   <trkpt lat="-8.035208" lon="-34.907594">
    <ele>14.9</ele>
    <time>2020-02-13T00:46:31.000Z</time>
   </trkpt>
   <trkpt lat="-8.035233" lon="-34.907563">
    <ele>15</ele>
    <time>2020-02-13T00:46:32.000Z</time>
   </trkpt>
   <trkpt lat="-8.035258" lon="-34.907524">
    <ele>15.1</ele>
    <time>2020-02-13T00:46:33.000Z</time>
   </trkpt>
   <trkpt lat="-8.035279" lon="-34.907487">
    <ele>15.2</ele>
    <time>2020-02-13T00:46:34.000Z</time>
   </trkpt>
   <trkpt lat="-8.0353" lon="-34.90746">
    <ele>15.3</ele>
    <time>2020-02-13T00:46:35.000Z</time>
   </trkpt>
   <trkpt lat="-8.035324" lon="-34.90744">
    <ele>15.4</ele>
    <time>2020-02-13T00:46:36.000Z</time>
   </trkpt>
   <trkpt lat="-8.035342" lon="-34.907413">
    <ele>15.5</ele>
    <time>2020-02-13T00:46:37.000Z</time>
   </trkpt>
   <trkpt lat="-8.035366" lon="-34.907382">
    <ele>15.6</ele>
    <time>2020-02-13T00:46:38.000Z</time>
   </trkpt>
   <trkpt lat="-8.035399" lon="-34.907353">
    <ele>15.8</ele>
    <time>2020-02-13T00:46:39.000Z</time>
   </trkpt>
   <trkpt lat="-8.035418" lon="-34.907308">
    <ele>15.9</ele>
    <time>2020-02-13T00:46:40.000Z</time>
   </trkpt>
   <trkpt lat="-8.035448" lon="-34.907275">
    <ele>16</ele>
    <time>2020-02-13T00:46:41.000Z</time>
   </trkpt>
   <trkpt lat="-8.035472" lon="-34.907243">
    <ele>16.1</ele>
    <time>2020-02-13T00:46:42.000Z</time>
   </trkpt>
   <trkpt lat="-8.035499" lon="-34.907214">
    <ele>16.1</ele>
    <time>2020-02-13T00:46:43.000Z</time>
   </trkpt>
   <trkpt lat="-8.035524" lon="-34.907185">
    <ele>16.2</ele>
    <time>2020-02-13T00:46:44.000Z</time>
   </trkpt>
   <trkpt lat="-8.035548" lon="-34.907156">
    <ele>16.2</ele>
    <time>2020-02-13T00:46:45.000Z</time>
   </trkpt>
   <trkpt lat="-8.035567" lon="-34.907129">
    <ele>16.2</ele>
    <time>2020-02-13T00:46:46.000Z</time>
   </trkpt>
   <trkpt lat="-8.035587" lon="-34.907101">
    <ele>16.3</ele>
    <time>2020-02-13T00:46:47.000Z</time>
   </trkpt>
   <trkpt lat="-8.035613" lon="-34.907053">
    <ele>16.3</ele>
    <time>2020-02-13T00:46:49.000Z</time>
   </trkpt>
   <trkpt lat="-8.035626" lon="-34.907023">
    <ele>16.3</ele>
    <time>2020-02-13T00:46:50.000Z</time>
   </trkpt>
   <trkpt lat="-8.035639" lon="-34.906999">
    <ele>16.4</ele>
    <time>2020-02-13T00:46:51.000Z</time>
   </trkpt>
   <trkpt lat="-8.035683" lon="-34.906963">
    <ele>16.4</ele>
    <time>2020-02-13T00:46:53.000Z</time>
   </trkpt>
   <trkpt lat="-8.035712" lon="-34.906935">
    <ele>16.4</ele>
    <time>2020-02-13T00:46:55.000Z</time>
   </trkpt>
   <trkpt lat="-8.035738" lon="-34.906905">
    <ele>16.4</ele>
    <time>2020-02-13T00:46:57.000Z</time>
   </trkpt>
   <trkpt lat="-8.03575" lon="-34.906862">
    <ele>16.4</ele>
    <time>2020-02-13T00:46:59.000Z</time>
   </trkpt>
   <trkpt lat="-8.035775" lon="-34.906833">
    <ele>16.5</ele>
    <time>2020-02-13T00:47:01.000Z</time>
   </trkpt>
   <trkpt lat="-8.035799" lon="-34.906813">
    <ele>16.5</ele>
    <time>2020-02-13T00:47:03.000Z</time>
   </trkpt>
   <trkpt lat="-8.035843" lon="-34.906761">
    <ele>16.5</ele>
    <time>2020-02-13T00:47:05.000Z</time>
   </trkpt>
   <trkpt lat="-8.035867" lon="-34.906735">
    <ele>16.5</ele>
    <time>2020-02-13T00:47:06.000Z</time>
   </trkpt>
   <trkpt lat="-8.035914" lon="-34.90672">
    <ele>16.5</ele>
    <time>2020-02-13T00:47:08.000Z</time>
   </trkpt>
   <trkpt lat="-8.035946" lon="-34.906715">
    <ele>16.5</ele>
    <time>2020-02-13T00:47:09.000Z</time>
   </trkpt>
   <trkpt lat="-8.035997" lon="-34.906688">
    <ele>16.5</ele>
    <time>2020-02-13T00:47:11.000Z</time>
   </trkpt>
   <trkpt lat="-8.036029" lon="-34.906671">
    <ele>16.5</ele>
    <time>2020-02-13T00:47:12.000Z</time>
   </trkpt>
   <trkpt lat="-8.036064" lon="-34.906655">
    <ele>16.4</ele>
    <time>2020-02-13T00:47:13.000Z</time>
   </trkpt>
   <trkpt lat="-8.03609" lon="-34.906633">
    <ele>16.4</ele>
    <time>2020-02-13T00:47:14.000Z</time>
   </trkpt>
   <trkpt lat="-8.036119" lon="-34.906616">
    <ele>16.4</ele>
    <time>2020-02-13T00:47:15.000Z</time>
   </trkpt>
   <trkpt lat="-8.036148" lon="-34.906601">
    <ele>16.4</ele>
    <time>2020-02-13T00:47:16.000Z</time>
   </trkpt>
   <trkpt lat="-8.036172" lon="-34.906582">
    <ele>16.4</ele>
    <time>2020-02-13T00:47:17.000Z</time>
   </trkpt>
   <trkpt lat="-8.036204" lon="-34.906561">
    <ele>16.3</ele>
    <time>2020-02-13T00:47:18.000Z</time>
   </trkpt>
   <trkpt lat="-8.03624" lon="-34.906541">
    <ele>16.3</ele>
    <time>2020-02-13T00:47:19.000Z</time>
   </trkpt>
   <trkpt lat="-8.036274" lon="-34.906527">
    <ele>16.3</ele>
    <time>2020-02-13T00:47:20.000Z</time>
   </trkpt>
   <trkpt lat="-8.036315" lon="-34.906525">
    <ele>16.2</ele>
    <time>2020-02-13T00:47:21.000Z</time>
   </trkpt>
   <trkpt lat="-8.036353" lon="-34.906515">
    <ele>16.2</ele>
    <time>2020-02-13T00:47:22.000Z</time>
   </trkpt>
   <trkpt lat="-8.036388" lon="-34.906497">
    <ele>16.1</ele>
    <time>2020-02-13T00:47:23.000Z</time>
   </trkpt>
   <trkpt lat="-8.036419" lon="-34.906477">
    <ele>16.1</ele>
    <time>2020-02-13T00:47:24.000Z</time>
   </trkpt>
   <trkpt lat="-8.036458" lon="-34.906458">
    <ele>16</ele>
    <time>2020-02-13T00:47:25.000Z</time>
   </trkpt>
   <trkpt lat="-8.036485" lon="-34.906442">
    <ele>16</ele>
    <time>2020-02-13T00:47:26.000Z</time>
   </trkpt>
   <trkpt lat="-8.036513" lon="-34.906428">
    <ele>16</ele>
    <time>2020-02-13T00:47:27.000Z</time>
   </trkpt>
   <trkpt lat="-8.036541" lon="-34.906384">
    <ele>15.9</ele>
    <time>2020-02-13T00:47:28.000Z</time>
   </trkpt>
   <trkpt lat="-8.036575" lon="-34.906359">
    <ele>15.9</ele>
    <time>2020-02-13T00:47:29.000Z</time>
   </trkpt>
   <trkpt lat="-8.036607" lon="-34.90633">
    <ele>15.9</ele>
    <time>2020-02-13T00:47:30.000Z</time>
   </trkpt>
   <trkpt lat="-8.036638" lon="-34.906348">
    <ele>15.8</ele>
    <time>2020-02-13T00:47:31.000Z</time>
   </trkpt>
   <trkpt lat="-8.03667" lon="-34.906321">
    <ele>15.8</ele>
    <time>2020-02-13T00:47:32.000Z</time>
   </trkpt>
   <trkpt lat="-8.036701" lon="-34.906309">
    <ele>15.8</ele>
    <time>2020-02-13T00:47:33.000Z</time>
   </trkpt>
   <trkpt lat="-8.036727" lon="-34.906302">
    <ele>15.8</ele>
    <time>2020-02-13T00:47:34.000Z</time>
   </trkpt>
   <trkpt lat="-8.036774" lon="-34.906278">
    <ele>15.8</ele>
    <time>2020-02-13T00:47:36.000Z</time>
   </trkpt>
   <trkpt lat="-8.036804" lon="-34.906266">
    <ele>15.8</ele>
    <time>2020-02-13T00:47:37.000Z</time>
   </trkpt>
   <trkpt lat="-8.03683" lon="-34.906253">
    <ele>15.8</ele>
    <time>2020-02-13T00:47:38.000Z</time>
   </trkpt>
   <trkpt lat="-8.036864" lon="-34.906235">
    <ele>15.8</ele>
    <time>2020-02-13T00:47:39.000Z</time>
   </trkpt>
   <trkpt lat="-8.036893" lon="-34.906217">
    <ele>15.8</ele>
    <time>2020-02-13T00:47:40.000Z</time>
   </trkpt>
   <trkpt lat="-8.036921" lon="-34.906208">
    <ele>15.8</ele>
    <time>2020-02-13T00:47:41.000Z</time>
   </trkpt>
   <trkpt lat="-8.03698" lon="-34.90618">
    <ele>15.8</ele>
    <time>2020-02-13T00:47:43.000Z</time>
   </trkpt>
   <trkpt lat="-8.037018" lon="-34.906138">
    <ele>15.8</ele>
    <time>2020-02-13T00:47:44.000Z</time>
   </trkpt>
   <trkpt lat="-8.037064" lon="-34.906106">
    <ele>15.8</ele>
    <time>2020-02-13T00:47:45.000Z</time>
   </trkpt>
   <trkpt lat="-8.037106" lon="-34.906083">
    <ele>15.8</ele>
    <time>2020-02-13T00:47:46.000Z</time>
   </trkpt>
   <trkpt lat="-8.037142" lon="-34.906067">
    <ele>15.8</ele>
    <time>2020-02-13T00:47:47.000Z</time>
   </trkpt>
   <trkpt lat="-8.037176" lon="-34.906048">
    <ele>15.8</ele>
    <time>2020-02-13T00:47:48.000Z</time>
   </trkpt>
   <trkpt lat="-8.037199" lon="-34.90603">
    <ele>15.8</ele>
    <time>2020-02-13T00:47:49.000Z</time>
   </trkpt>
   <trkpt lat="-8.037236" lon="-34.906004">
    <ele>15.8</ele>
    <time>2020-02-13T00:47:50.000Z</time>
   </trkpt>
   <trkpt lat="-8.037259" lon="-34.905971">
    <ele>15.8</ele>
    <time>2020-02-13T00:47:51.000Z</time>
   </trkpt>
   <trkpt lat="-8.037283" lon="-34.90594">
    <ele>15.8</ele>
    <time>2020-02-13T00:47:52.000Z</time>
   </trkpt>
   <trkpt lat="-8.037318" lon="-34.905922">
    <ele>15.8</ele>
    <time>2020-02-13T00:47:53.000Z</time>
   </trkpt>
   <trkpt lat="-8.037351" lon="-34.905901">
    <ele>15.8</ele>
    <time>2020-02-13T00:47:54.000Z</time>
   </trkpt>
   <trkpt lat="-8.03738" lon="-34.905878">
    <ele>15.8</ele>
    <time>2020-02-13T00:47:55.000Z</time>
   </trkpt>
   <trkpt lat="-8.037411" lon="-34.905863">
    <ele>15.8</ele>
    <time>2020-02-13T00:47:56.000Z</time>
   </trkpt>
   <trkpt lat="-8.037444" lon="-34.905851">
    <ele>15.8</ele>
    <time>2020-02-13T00:47:57.000Z</time>
   </trkpt>
   <trkpt lat="-8.037466" lon="-34.905829">
    <ele>15.8</ele>
    <time>2020-02-13T00:47:58.000Z</time>
   </trkpt>
   <trkpt lat="-8.037502" lon="-34.905807">
    <ele>15.7</ele>
    <time>2020-02-13T00:47:59.000Z</time>
   </trkpt>
   <trkpt lat="-8.037537" lon="-34.90578">
    <ele>15.7</ele>
    <time>2020-02-13T00:48:00.000Z</time>
   </trkpt>
   <trkpt lat="-8.037573" lon="-34.905758">
    <ele>15.6</ele>
    <time>2020-02-13T00:48:01.000Z</time>
   </trkpt>
   <trkpt lat="-8.037611" lon="-34.905737">
    <ele>15.6</ele>
    <time>2020-02-13T00:48:02.000Z</time>
   </trkpt>
   <trkpt lat="-8.037644" lon="-34.905714">
    <ele>15.5</ele>
    <time>2020-02-13T00:48:03.000Z</time>
   </trkpt>
   <trkpt lat="-8.037674" lon="-34.905689">
    <ele>15.5</ele>
    <time>2020-02-13T00:48:04.000Z</time>
   </trkpt>
   <trkpt lat="-8.037703" lon="-34.905673">
    <ele>15.4</ele>
    <time>2020-02-13T00:48:05.000Z</time>
   </trkpt>
   <trkpt lat="-8.037736" lon="-34.90565">
    <ele>15.3</ele>
    <time>2020-02-13T00:48:06.000Z</time>
   </trkpt>
   <trkpt lat="-8.03777" lon="-34.905629">
    <ele>15.2</ele>
    <time>2020-02-13T00:48:07.000Z</time>
   </trkpt>
   <trkpt lat="-8.037805" lon="-34.905596">
    <ele>15</ele>
    <time>2020-02-13T00:48:08.000Z</time>
   </trkpt>
   <trkpt lat="-8.037836" lon="-34.905578">
    <ele>14.9</ele>
    <time>2020-02-13T00:48:09.000Z</time>
   </trkpt>
   <trkpt lat="-8.037861" lon="-34.905556">
    <ele>14.7</ele>
    <time>2020-02-13T00:48:10.000Z</time>
   </trkpt>
   <trkpt lat="-8.037888" lon="-34.90554">
    <ele>14.6</ele>
    <time>2020-02-13T00:48:11.000Z</time>
   </trkpt>
   <trkpt lat="-8.037916" lon="-34.905519">
    <ele>14.4</ele>
    <time>2020-02-13T00:48:12.000Z</time>
   </trkpt>
   <trkpt lat="-8.037956" lon="-34.90549">
    <ele>14.1</ele>
    <time>2020-02-13T00:48:14.000Z</time>
   </trkpt>
   <trkpt lat="-8.037977" lon="-34.905468">
    <ele>13.8</ele>
    <time>2020-02-13T00:48:15.000Z</time>
   </trkpt>
   <trkpt lat="-8.038001" lon="-34.905438">
    <ele>13.7</ele>
    <time>2020-02-13T00:48:16.000Z</time>
   </trkpt>
   <trkpt lat="-8.038025" lon="-34.905419">
    <ele>13.6</ele>
    <time>2020-02-13T00:48:17.000Z</time>
   </trkpt>
   <trkpt lat="-8.038061" lon="-34.905376">
    <ele>13.5</ele>
    <time>2020-02-13T00:48:19.000Z</time>
   </trkpt>
   <trkpt lat="-8.038088" lon="-34.905347">
    <ele>13.5</ele>
    <time>2020-02-13T00:48:21.000Z</time>
   </trkpt>
   <trkpt lat="-8.038096" lon="-34.905323">
    <ele>13.4</ele>
    <time>2020-02-13T00:48:23.000Z</time>
   </trkpt>
   <trkpt lat="-8.038094" lon="-34.905338">
    <ele>13.4</ele>
    <time>2020-02-13T00:48:27.000Z</time>
   </trkpt>
   <trkpt lat="-8.038092" lon="-34.905323">
    <ele>13.3</ele>
    <time>2020-02-13T00:48:29.000Z</time>
   </trkpt>
   <trkpt lat="-8.03809" lon="-34.905289">
    <ele>13.3</ele>
    <time>2020-02-13T00:48:32.000Z</time>
   </trkpt>
   <trkpt lat="-8.038184" lon="-34.905312">
    <ele>12.8</ele>
    <time>2020-02-13T00:49:48.000Z</time>
   </trkpt>
   <trkpt lat="-8.038209" lon="-34.905297">
    <ele>12.7</ele>
    <time>2020-02-13T00:49:49.000Z</time>
   </trkpt>
   <trkpt lat="-8.038263" lon="-34.905266">
    <ele>12.5</ele>
    <time>2020-02-13T00:49:51.000Z</time>
   </trkpt>
   <trkpt lat="-8.038287" lon="-34.90525">
    <ele>12.4</ele>
    <time>2020-02-13T00:49:52.000Z</time>
   </trkpt>
   <trkpt lat="-8.038309" lon="-34.905227">
    <ele>12.2</ele>
    <time>2020-02-13T00:49:53.000Z</time>
   </trkpt>
   <trkpt lat="-8.038338" lon="-34.905202">
    <ele>12</ele>
    <time>2020-02-13T00:49:54.000Z</time>
   </trkpt>
   <trkpt lat="-8.038359" lon="-34.905179">
    <ele>11.9</ele>
    <time>2020-02-13T00:49:55.000Z</time>
   </trkpt>
   <trkpt lat="-8.038378" lon="-34.905155">
    <ele>11.8</ele>
    <time>2020-02-13T00:49:56.000Z</time>
   </trkpt>
   <trkpt lat="-8.038404" lon="-34.905133">
    <ele>11.6</ele>
    <time>2020-02-13T00:49:57.000Z</time>
   </trkpt>
   <trkpt lat="-8.038427" lon="-34.905109">
    <ele>11.4</ele>
    <time>2020-02-13T00:49:58.000Z</time>
   </trkpt>
   <trkpt lat="-8.038454" lon="-34.905083">
    <ele>11.2</ele>
    <time>2020-02-13T00:49:59.000Z</time>
   </trkpt>
   <trkpt lat="-8.038482" lon="-34.905067">
    <ele>11</ele>
    <time>2020-02-13T00:50:00.000Z</time>
   </trkpt>
   <trkpt lat="-8.038512" lon="-34.905043">
    <ele>10.8</ele>
    <time>2020-02-13T00:50:01.000Z</time>
   </trkpt>
   <trkpt lat="-8.038542" lon="-34.905021">
    <ele>10.5</ele>
    <time>2020-02-13T00:50:02.000Z</time>
   </trkpt>
   <trkpt lat="-8.038561" lon="-34.904985">
    <ele>10.3</ele>
    <time>2020-02-13T00:50:03.000Z</time>
   </trkpt>
   <trkpt lat="-8.038584" lon="-34.904941">
    <ele>10.1</ele>
    <time>2020-02-13T00:50:05.000Z</time>
   </trkpt>
   <trkpt lat="-8.038595" lon="-34.904909">
    <ele>10.1</ele>
    <time>2020-02-13T00:50:06.000Z</time>
   </trkpt>
   <trkpt lat="-8.038576" lon="-34.904862">
    <ele>10.1</ele>
    <time>2020-02-13T00:50:07.000Z</time>
   </trkpt>
   <trkpt lat="-8.038561" lon="-34.904826">
    <ele>10.1</ele>
    <time>2020-02-13T00:50:08.000Z</time>
   </trkpt>
   <trkpt lat="-8.038541" lon="-34.90479">
    <ele>10.1</ele>
    <time>2020-02-13T00:50:09.000Z</time>
   </trkpt>
   <trkpt lat="-8.038525" lon="-34.904753">
    <ele>10.2</ele>
    <time>2020-02-13T00:50:10.000Z</time>
   </trkpt>
   <trkpt lat="-8.038504" lon="-34.904731">
    <ele>10.2</ele>
    <time>2020-02-13T00:50:11.000Z</time>
   </trkpt>
   <trkpt lat="-8.038491" lon="-34.904703">
    <ele>10.2</ele>
    <time>2020-02-13T00:50:12.000Z</time>
   </trkpt>
   <trkpt lat="-8.038476" lon="-34.904675">
    <ele>10.2</ele>
    <time>2020-02-13T00:50:13.000Z</time>
   </trkpt>
   <trkpt lat="-8.038459" lon="-34.904645">
    <ele>10.2</ele>
    <time>2020-02-13T00:50:14.000Z</time>
   </trkpt>
   <trkpt lat="-8.038439" lon="-34.904591">
    <ele>10.2</ele>
    <time>2020-02-13T00:50:16.000Z</time>
   </trkpt>
   <trkpt lat="-8.038413" lon="-34.904578">
    <ele>10.2</ele>
    <time>2020-02-13T00:50:17.000Z</time>
   </trkpt>
   <trkpt lat="-8.038412" lon="-34.904546">
    <ele>10.2</ele>
    <time>2020-02-13T00:50:18.000Z</time>
   </trkpt>
   <trkpt lat="-8.038414" lon="-34.904512">
    <ele>10.3</ele>
    <time>2020-02-13T00:50:19.000Z</time>
   </trkpt>
   <trkpt lat="-8.038409" lon="-34.904457">
    <ele>10.3</ele>
    <time>2020-02-13T00:50:21.000Z</time>
   </trkpt>
   <trkpt lat="-8.038382" lon="-34.904406">
    <ele>10.3</ele>
    <time>2020-02-13T00:50:23.000Z</time>
   </trkpt>
   <trkpt lat="-8.038373" lon="-34.904378">
    <ele>10.3</ele>
    <time>2020-02-13T00:50:24.000Z</time>
   </trkpt>
   <trkpt lat="-8.038349" lon="-34.904345">
    <ele>10.3</ele>
    <time>2020-02-13T00:50:25.000Z</time>
   </trkpt>
   <trkpt lat="-8.03833" lon="-34.904315">
    <ele>10.3</ele>
    <time>2020-02-13T00:50:26.000Z</time>
   </trkpt>
   <trkpt lat="-8.038307" lon="-34.904285">
    <ele>10.3</ele>
    <time>2020-02-13T00:50:27.000Z</time>
   </trkpt>
   <trkpt lat="-8.038288" lon="-34.904256">
    <ele>10.3</ele>
    <time>2020-02-13T00:50:28.000Z</time>
   </trkpt>
   <trkpt lat="-8.03825" lon="-34.904237">
    <ele>10.3</ele>
    <time>2020-02-13T00:50:29.000Z</time>
   </trkpt>
   <trkpt lat="-8.038225" lon="-34.904217">
    <ele>10.3</ele>
    <time>2020-02-13T00:50:30.000Z</time>
   </trkpt>
   <trkpt lat="-8.038198" lon="-34.904193">
    <ele>10.3</ele>
    <time>2020-02-13T00:50:31.000Z</time>
   </trkpt>
   <trkpt lat="-8.038197" lon="-34.904145">
    <ele>10.3</ele>
    <time>2020-02-13T00:50:32.000Z</time>
   </trkpt>
   <trkpt lat="-8.038196" lon="-34.904111">
    <ele>10.3</ele>
    <time>2020-02-13T00:50:33.000Z</time>
   </trkpt>
   <trkpt lat="-8.038174" lon="-34.904072">
    <ele>10.3</ele>
    <time>2020-02-13T00:50:34.000Z</time>
   </trkpt>
   <trkpt lat="-8.038127" lon="-34.904063">
    <ele>10.3</ele>
    <time>2020-02-13T00:50:35.000Z</time>
   </trkpt>
   <trkpt lat="-8.0381" lon="-34.904036">
    <ele>10.3</ele>
    <time>2020-02-13T00:50:36.000Z</time>
   </trkpt>
   <trkpt lat="-8.038082" lon="-34.904008">
    <ele>10.3</ele>
    <time>2020-02-13T00:50:37.000Z</time>
   </trkpt>
   <trkpt lat="-8.038065" lon="-34.903974">
    <ele>10.3</ele>
    <time>2020-02-13T00:50:38.000Z</time>
   </trkpt>
   <trkpt lat="-8.038049" lon="-34.903936">
    <ele>10.3</ele>
    <time>2020-02-13T00:50:39.000Z</time>
   </trkpt>
   <trkpt lat="-8.038035" lon="-34.903904">
    <ele>10.3</ele>
    <time>2020-02-13T00:50:40.000Z</time>
   </trkpt>
   <trkpt lat="-8.038027" lon="-34.903863">
    <ele>10.4</ele>
    <time>2020-02-13T00:50:41.000Z</time>
   </trkpt>
   <trkpt lat="-8.038027" lon="-34.903812">
    <ele>10.4</ele>
    <time>2020-02-13T00:50:42.000Z</time>
   </trkpt>
   <trkpt lat="-8.03804" lon="-34.903772">
    <ele>10.4</ele>
    <time>2020-02-13T00:50:43.000Z</time>
   </trkpt>
   <trkpt lat="-8.038029" lon="-34.903736">
    <ele>10.5</ele>
    <time>2020-02-13T00:50:44.000Z</time>
   </trkpt>
   <trkpt lat="-8.038013" lon="-34.903701">
    <ele>10.6</ele>
    <time>2020-02-13T00:50:45.000Z</time>
   </trkpt>
   <trkpt lat="-8.037991" lon="-34.903669">
    <ele>10.6</ele>
    <time>2020-02-13T00:50:46.000Z</time>
   </trkpt>
   <trkpt lat="-8.037959" lon="-34.903655">
    <ele>10.7</ele>
    <time>2020-02-13T00:50:47.000Z</time>
   </trkpt>
   <trkpt lat="-8.037939" lon="-34.903636">
    <ele>10.7</ele>
    <time>2020-02-13T00:50:48.000Z</time>
   </trkpt>
   <trkpt lat="-8.037908" lon="-34.903586">
    <ele>10.9</ele>
    <time>2020-02-13T00:50:50.000Z</time>
   </trkpt>
   <trkpt lat="-8.037885" lon="-34.903557">
    <ele>10.9</ele>
    <time>2020-02-13T00:50:51.000Z</time>
   </trkpt>
   <trkpt lat="-8.037858" lon="-34.903504">
    <ele>11.1</ele>
    <time>2020-02-13T00:50:53.000Z</time>
   </trkpt>
   <trkpt lat="-8.037864" lon="-34.903476">
    <ele>11.1</ele>
    <time>2020-02-13T00:50:54.000Z</time>
   </trkpt>
   <trkpt lat="-8.037857" lon="-34.903448">
    <ele>11</ele>
    <time>2020-02-13T00:50:55.000Z</time>
   </trkpt>
   <trkpt lat="-8.037837" lon="-34.903412">
    <ele>11</ele>
    <time>2020-02-13T00:50:56.000Z</time>
   </trkpt>
   <trkpt lat="-8.037812" lon="-34.903364">
    <ele>10.9</ele>
    <time>2020-02-13T00:50:57.000Z</time>
   </trkpt>
   <trkpt lat="-8.037785" lon="-34.903309">
    <ele>10.9</ele>
    <time>2020-02-13T00:50:58.000Z</time>
   </trkpt>
   <trkpt lat="-8.037754" lon="-34.903277">
    <ele>10.9</ele>
    <time>2020-02-13T00:50:59.000Z</time>
   </trkpt>
   <trkpt lat="-8.037736" lon="-34.903232">
    <ele>10.9</ele>
    <time>2020-02-13T00:51:00.000Z</time>
   </trkpt>
   <trkpt lat="-8.037721" lon="-34.903199">
    <ele>10.9</ele>
    <time>2020-02-13T00:51:01.000Z</time>
   </trkpt>
   <trkpt lat="-8.037708" lon="-34.903167">
    <ele>11</ele>
    <time>2020-02-13T00:51:02.000Z</time>
   </trkpt>
   <trkpt lat="-8.037692" lon="-34.90314">
    <ele>11</ele>
    <time>2020-02-13T00:51:03.000Z</time>
   </trkpt>
   <trkpt lat="-8.037672" lon="-34.90311">
    <ele>11</ele>
    <time>2020-02-13T00:51:04.000Z</time>
   </trkpt>
   <trkpt lat="-8.037645" lon="-34.903067">
    <ele>11</ele>
    <time>2020-02-13T00:51:06.000Z</time>
   </trkpt>
   <trkpt lat="-8.037632" lon="-34.903038">
    <ele>11</ele>
    <time>2020-02-13T00:51:07.000Z</time>
   </trkpt>
   <trkpt lat="-8.037621" lon="-34.903012">
    <ele>11</ele>
    <time>2020-02-13T00:51:08.000Z</time>
   </trkpt>
   <trkpt lat="-8.037599" lon="-34.902984">
    <ele>11</ele>
    <time>2020-02-13T00:51:10.000Z</time>
   </trkpt>
   <trkpt lat="-8.037579" lon="-34.902963">
    <ele>11</ele>
    <time>2020-02-13T00:51:12.000Z</time>
   </trkpt>
   <trkpt lat="-8.037567" lon="-34.902924">
    <ele>11</ele>
    <time>2020-02-13T00:51:14.000Z</time>
   </trkpt>
   <trkpt lat="-8.037584" lon="-34.90286">
    <ele>11</ele>
    <time>2020-02-13T00:51:16.000Z</time>
   </trkpt>
   <trkpt lat="-8.03756" lon="-34.90282">
    <ele>11</ele>
    <time>2020-02-13T00:51:19.000Z</time>
   </trkpt>
   <trkpt lat="-8.03754" lon="-34.902793">
    <ele>10.9</ele>
    <time>2020-02-13T00:51:20.000Z</time>
   </trkpt>
   <trkpt lat="-8.037519" lon="-34.902766">
    <ele>10.5</ele>
    <time>2020-02-13T00:51:21.000Z</time>
   </trkpt>
   <trkpt lat="-8.037492" lon="-34.90275">
    <ele>10.2</ele>
    <time>2020-02-13T00:51:22.000Z</time>
   </trkpt>
   <trkpt lat="-8.037462" lon="-34.902732">
    <ele>9.9</ele>
    <time>2020-02-13T00:51:23.000Z</time>
   </trkpt>
   <trkpt lat="-8.037448" lon="-34.902703">
    <ele>9.6</ele>
    <time>2020-02-13T00:51:24.000Z</time>
   </trkpt>
   <trkpt lat="-8.037438" lon="-34.902673">
    <ele>9.3</ele>
    <time>2020-02-13T00:51:25.000Z</time>
   </trkpt>
   <trkpt lat="-8.037444" lon="-34.902624">
    <ele>8.8</ele>
    <time>2020-02-13T00:51:26.000Z</time>
   </trkpt>
   <trkpt lat="-8.037437" lon="-34.902581">
    <ele>8.4</ele>
    <time>2020-02-13T00:51:27.000Z</time>
   </trkpt>
   <trkpt lat="-8.037417" lon="-34.902547">
    <ele>8</ele>
    <time>2020-02-13T00:51:28.000Z</time>
   </trkpt>
   <trkpt lat="-8.037397" lon="-34.902514">
    <ele>7.6</ele>
    <time>2020-02-13T00:51:29.000Z</time>
   </trkpt>
   <trkpt lat="-8.03738" lon="-34.902473">
    <ele>7.1</ele>
    <time>2020-02-13T00:51:30.000Z</time>
   </trkpt>
   <trkpt lat="-8.037358" lon="-34.902435">
    <ele>6.6</ele>
    <time>2020-02-13T00:51:31.000Z</time>
   </trkpt>
   <trkpt lat="-8.037341" lon="-34.902397">
    <ele>6.2</ele>
    <time>2020-02-13T00:51:32.000Z</time>
   </trkpt>
   <trkpt lat="-8.037325" lon="-34.902363">
    <ele>5.8</ele>
    <time>2020-02-13T00:51:33.000Z</time>
   </trkpt>
   <trkpt lat="-8.037309" lon="-34.902324">
    <ele>5.3</ele>
    <time>2020-02-13T00:51:34.000Z</time>
   </trkpt>
   <trkpt lat="-8.037297" lon="-34.902292">
    <ele>4.9</ele>
    <time>2020-02-13T00:51:35.000Z</time>
   </trkpt>
   <trkpt lat="-8.037282" lon="-34.902256">
    <ele>4.5</ele>
    <time>2020-02-13T00:51:36.000Z</time>
   </trkpt>
   <trkpt lat="-8.037266" lon="-34.902221">
    <ele>4.1</ele>
    <time>2020-02-13T00:51:37.000Z</time>
   </trkpt>
   <trkpt lat="-8.037255" lon="-34.902187">
    <ele>3.8</ele>
    <time>2020-02-13T00:51:38.000Z</time>
   </trkpt>
   <trkpt lat="-8.037241" lon="-34.902152">
    <ele>3.5</ele>
    <time>2020-02-13T00:51:39.000Z</time>
   </trkpt>
   <trkpt lat="-8.03722" lon="-34.902118">
    <ele>3.2</ele>
    <time>2020-02-13T00:51:40.000Z</time>
   </trkpt>
   <trkpt lat="-8.037207" lon="-34.90208">
    <ele>3</ele>
    <time>2020-02-13T00:51:41.000Z</time>
   </trkpt>
   <trkpt lat="-8.037194" lon="-34.902043">
    <ele>2.8</ele>
    <time>2020-02-13T00:51:42.000Z</time>
   </trkpt>
   <trkpt lat="-8.037179" lon="-34.90201">
    <ele>2.6</ele>
    <time>2020-02-13T00:51:43.000Z</time>
   </trkpt>
   <trkpt lat="-8.037174" lon="-34.901981">
    <ele>2.5</ele>
    <time>2020-02-13T00:51:44.000Z</time>
   </trkpt>
   <trkpt lat="-8.037163" lon="-34.901954">
    <ele>2.5</ele>
    <time>2020-02-13T00:51:45.000Z</time>
   </trkpt>
   <trkpt lat="-8.037132" lon="-34.901908">
    <ele>2.4</ele>
    <time>2020-02-13T00:51:47.000Z</time>
   </trkpt>
   <trkpt lat="-8.037121" lon="-34.901876">
    <ele>2.5</ele>
    <time>2020-02-13T00:51:48.000Z</time>
   </trkpt>
   <trkpt lat="-8.037115" lon="-34.901848">
    <ele>2.5</ele>
    <time>2020-02-13T00:51:49.000Z</time>
   </trkpt>
   <trkpt lat="-8.037103" lon="-34.901823">
    <ele>2.6</ele>
    <time>2020-02-13T00:51:50.000Z</time>
   </trkpt>
   <trkpt lat="-8.037077" lon="-34.901777">
    <ele>2.9</ele>
    <time>2020-02-13T00:51:52.000Z</time>
   </trkpt>
   <trkpt lat="-8.03706" lon="-34.901752">
    <ele>3.2</ele>
    <time>2020-02-13T00:51:53.000Z</time>
   </trkpt>
   <trkpt lat="-8.037047" lon="-34.901706">
    <ele>3.8</ele>
    <time>2020-02-13T00:51:55.000Z</time>
   </trkpt>
   <trkpt lat="-8.037029" lon="-34.901672">
    <ele>4.4</ele>
    <time>2020-02-13T00:51:57.000Z</time>
   </trkpt>
   <trkpt lat="-8.037007" lon="-34.901651">
    <ele>4.9</ele>
    <time>2020-02-13T00:52:00.000Z</time>
   </trkpt>
   <trkpt lat="-8.036988" lon="-34.901675">
    <ele>5.7</ele>
    <time>2020-02-13T00:52:04.000Z</time>
   </trkpt>
   <trkpt lat="-8.03696" lon="-34.90159">
    <ele>8.2</ele>
    <time>2020-02-13T00:52:40.000Z</time>
   </trkpt>
   <trkpt lat="-8.036944" lon="-34.90156">
    <ele>8.2</ele>
    <time>2020-02-13T00:52:41.000Z</time>
   </trkpt>
   <trkpt lat="-8.036927" lon="-34.901531">
    <ele>8.2</ele>
    <time>2020-02-13T00:52:42.000Z</time>
   </trkpt>
   <trkpt lat="-8.036913" lon="-34.901503">
    <ele>8.2</ele>
    <time>2020-02-13T00:52:43.000Z</time>
   </trkpt>
   <trkpt lat="-8.036888" lon="-34.901473">
    <ele>8.2</ele>
    <time>2020-02-13T00:52:44.000Z</time>
   </trkpt>
   <trkpt lat="-8.036864" lon="-34.901441">
    <ele>8.2</ele>
    <time>2020-02-13T00:52:45.000Z</time>
   </trkpt>
   <trkpt lat="-8.036847" lon="-34.901415">
    <ele>8.2</ele>
    <time>2020-02-13T00:52:46.000Z</time>
   </trkpt>
   <trkpt lat="-8.03682" lon="-34.901396">
    <ele>8.2</ele>
    <time>2020-02-13T00:52:47.000Z</time>
   </trkpt>
   <trkpt lat="-8.036805" lon="-34.901368">
    <ele>8.2</ele>
    <time>2020-02-13T00:52:48.000Z</time>
   </trkpt>
   <trkpt lat="-8.036785" lon="-34.901338">
    <ele>8.2</ele>
    <time>2020-02-13T00:52:49.000Z</time>
   </trkpt>
   <trkpt lat="-8.036753" lon="-34.901313">
    <ele>8.2</ele>
    <time>2020-02-13T00:52:50.000Z</time>
   </trkpt>
   <trkpt lat="-8.03672" lon="-34.901279">
    <ele>8.2</ele>
    <time>2020-02-13T00:52:51.000Z</time>
   </trkpt>
   <trkpt lat="-8.036679" lon="-34.90123">
    <ele>8.5</ele>
    <time>2020-02-13T00:52:52.000Z</time>
   </trkpt>
   <trkpt lat="-8.036649" lon="-34.901187">
    <ele>8.9</ele>
    <time>2020-02-13T00:52:53.000Z</time>
   </trkpt>
   <trkpt lat="-8.036609" lon="-34.901155">
    <ele>9.2</ele>
    <time>2020-02-13T00:52:54.000Z</time>
   </trkpt>
   <trkpt lat="-8.036571" lon="-34.90112">
    <ele>9.5</ele>
    <time>2020-02-13T00:52:55.000Z</time>
   </trkpt>
   <trkpt lat="-8.036554" lon="-34.901069">
    <ele>9.6</ele>
    <time>2020-02-13T00:52:56.000Z</time>
   </trkpt>
   <trkpt lat="-8.036528" lon="-34.901025">
    <ele>9.6</ele>
    <time>2020-02-13T00:52:57.000Z</time>
   </trkpt>
   <trkpt lat="-8.036493" lon="-34.900987">
    <ele>9.5</ele>
    <time>2020-02-13T00:52:58.000Z</time>
   </trkpt>
   <trkpt lat="-8.036466" lon="-34.90096">
    <ele>9.4</ele>
    <time>2020-02-13T00:52:59.000Z</time>
   </trkpt>
   <trkpt lat="-8.036445" lon="-34.900921">
    <ele>9.3</ele>
    <time>2020-02-13T00:53:00.000Z</time>
   </trkpt>
   <trkpt lat="-8.036442" lon="-34.900869">
    <ele>9.2</ele>
    <time>2020-02-13T00:53:01.000Z</time>
   </trkpt>
   <trkpt lat="-8.03641" lon="-34.900841">
    <ele>9.1</ele>
    <time>2020-02-13T00:53:02.000Z</time>
   </trkpt>
   <trkpt lat="-8.036403" lon="-34.900798">
    <ele>9.1</ele>
    <time>2020-02-13T00:53:03.000Z</time>
   </trkpt>
   <trkpt lat="-8.036381" lon="-34.90076">
    <ele>9.1</ele>
    <time>2020-02-13T00:53:04.000Z</time>
   </trkpt>
   <trkpt lat="-8.036359" lon="-34.90073">
    <ele>9.2</ele>
    <time>2020-02-13T00:53:05.000Z</time>
   </trkpt>
   <trkpt lat="-8.036338" lon="-34.900693">
    <ele>9.2</ele>
    <time>2020-02-13T00:53:06.000Z</time>
   </trkpt>
   <trkpt lat="-8.036313" lon="-34.900666">
    <ele>9.3</ele>
    <time>2020-02-13T00:53:07.000Z</time>
   </trkpt>
   <trkpt lat="-8.036284" lon="-34.90064">
    <ele>9.3</ele>
    <time>2020-02-13T00:53:08.000Z</time>
   </trkpt>
   <trkpt lat="-8.036253" lon="-34.900615">
    <ele>9.3</ele>
    <time>2020-02-13T00:53:09.000Z</time>
   </trkpt>
   <trkpt lat="-8.036228" lon="-34.900591">
    <ele>9.4</ele>
    <time>2020-02-13T00:53:10.000Z</time>
   </trkpt>
   <trkpt lat="-8.036212" lon="-34.900559">
    <ele>9.6</ele>
    <time>2020-02-13T00:53:11.000Z</time>
   </trkpt>
   <trkpt lat="-8.036228" lon="-34.900516">
    <ele>9.8</ele>
    <time>2020-02-13T00:53:12.000Z</time>
   </trkpt>
   <trkpt lat="-8.036218" lon="-34.90048">
    <ele>9.7</ele>
    <time>2020-02-13T00:53:13.000Z</time>
   </trkpt>
   <trkpt lat="-8.036202" lon="-34.900439">
    <ele>9.6</ele>
    <time>2020-02-13T00:53:14.000Z</time>
   </trkpt>
   <trkpt lat="-8.036182" lon="-34.900403">
    <ele>9.5</ele>
    <time>2020-02-13T00:53:15.000Z</time>
   </trkpt>
   <trkpt lat="-8.036165" lon="-34.90037">
    <ele>9.4</ele>
    <time>2020-02-13T00:53:16.000Z</time>
   </trkpt>
   <trkpt lat="-8.03618" lon="-34.90031">
    <ele>9.3</ele>
    <time>2020-02-13T00:53:17.000Z</time>
   </trkpt>
   <trkpt lat="-8.036176" lon="-34.900269">
    <ele>9.3</ele>
    <time>2020-02-13T00:53:18.000Z</time>
   </trkpt>
   <trkpt lat="-8.036178" lon="-34.90022">
    <ele>9.2</ele>
    <time>2020-02-13T00:53:19.000Z</time>
   </trkpt>
   <trkpt lat="-8.036188" lon="-34.900168">
    <ele>9</ele>
    <time>2020-02-13T00:53:20.000Z</time>
   </trkpt>
   <trkpt lat="-8.036186" lon="-34.900118">
    <ele>9</ele>
    <time>2020-02-13T00:53:21.000Z</time>
   </trkpt>
   <trkpt lat="-8.036188" lon="-34.900064">
    <ele>9</ele>
    <time>2020-02-13T00:53:22.000Z</time>
   </trkpt>
   <trkpt lat="-8.0362" lon="-34.90002">
    <ele>9</ele>
    <time>2020-02-13T00:53:23.000Z</time>
   </trkpt>
   <trkpt lat="-8.036214" lon="-34.899975">
    <ele>8.9</ele>
    <time>2020-02-13T00:53:24.000Z</time>
   </trkpt>
   <trkpt lat="-8.036225" lon="-34.899933">
    <ele>8.9</ele>
    <time>2020-02-13T00:53:25.000Z</time>
   </trkpt>
   <trkpt lat="-8.036214" lon="-34.899888">
    <ele>8.9</ele>
    <time>2020-02-13T00:53:26.000Z</time>
   </trkpt>
   <trkpt lat="-8.036215" lon="-34.899843">
    <ele>8.9</ele>
    <time>2020-02-13T00:53:27.000Z</time>
   </trkpt>
   <trkpt lat="-8.036231" lon="-34.899797">
    <ele>8.8</ele>
    <time>2020-02-13T00:53:28.000Z</time>
   </trkpt>
   <trkpt lat="-8.03624" lon="-34.89976">
    <ele>8.8</ele>
    <time>2020-02-13T00:53:29.000Z</time>
   </trkpt>
   <trkpt lat="-8.036224" lon="-34.899726">
    <ele>8.7</ele>
    <time>2020-02-13T00:53:30.000Z</time>
   </trkpt>
   <trkpt lat="-8.036238" lon="-34.899697">
    <ele>8.7</ele>
    <time>2020-02-13T00:53:31.000Z</time>
   </trkpt>
   <trkpt lat="-8.036262" lon="-34.899653">
    <ele>8.5</ele>
    <time>2020-02-13T00:53:32.000Z</time>
   </trkpt>
   <trkpt lat="-8.036285" lon="-34.899601">
    <ele>8.4</ele>
    <time>2020-02-13T00:53:33.000Z</time>
   </trkpt>
   <trkpt lat="-8.036292" lon="-34.899546">
    <ele>8.2</ele>
    <time>2020-02-13T00:53:34.000Z</time>
   </trkpt>
   <trkpt lat="-8.036304" lon="-34.899496">
    <ele>8.1</ele>
    <time>2020-02-13T00:53:35.000Z</time>
   </trkpt>
   <trkpt lat="-8.036317" lon="-34.899473">
    <ele>8.1</ele>
    <time>2020-02-13T00:53:37.000Z</time>
   </trkpt>
   <trkpt lat="-8.036332" lon="-34.899437">
    <ele>8</ele>
    <time>2020-02-13T00:53:39.000Z</time>
   </trkpt>
   <trkpt lat="-8.036339" lon="-34.899405">
    <ele>8.1</ele>
    <time>2020-02-13T00:53:41.000Z</time>
   </trkpt>
   <trkpt lat="-8.036367" lon="-34.89938">
    <ele>8.2</ele>
    <time>2020-02-13T00:53:42.000Z</time>
   </trkpt>
   <trkpt lat="-8.036391" lon="-34.899349">
    <ele>8.3</ele>
    <time>2020-02-13T00:53:43.000Z</time>
   </trkpt>
   <trkpt lat="-8.036408" lon="-34.899327">
    <ele>8.4</ele>
    <time>2020-02-13T00:53:44.000Z</time>
   </trkpt>
   <trkpt lat="-8.036422" lon="-34.89928">
    <ele>8.6</ele>
    <time>2020-02-13T00:53:46.000Z</time>
   </trkpt>
   <trkpt lat="-8.036445" lon="-34.899237">
    <ele>8.8</ele>
    <time>2020-02-13T00:53:47.000Z</time>
   </trkpt>
   <trkpt lat="-8.036467" lon="-34.899183">
    <ele>9</ele>
    <time>2020-02-13T00:53:48.000Z</time>
   </trkpt>
   <trkpt lat="-8.036494" lon="-34.899137">
    <ele>9.2</ele>
    <time>2020-02-13T00:53:49.000Z</time>
   </trkpt>
   <trkpt lat="-8.036522" lon="-34.899095">
    <ele>9.3</ele>
    <time>2020-02-13T00:53:50.000Z</time>
   </trkpt>
   <trkpt lat="-8.036547" lon="-34.899057">
    <ele>9.5</ele>
    <time>2020-02-13T00:53:51.000Z</time>
   </trkpt>
   <trkpt lat="-8.036558" lon="-34.899007">
    <ele>9.6</ele>
    <time>2020-02-13T00:53:52.000Z</time>
   </trkpt>
   <trkpt lat="-8.036551" lon="-34.898963">
    <ele>9.7</ele>
    <time>2020-02-13T00:53:53.000Z</time>
   </trkpt>
   <trkpt lat="-8.036549" lon="-34.898924">
    <ele>9.8</ele>
    <time>2020-02-13T00:53:54.000Z</time>
   </trkpt>
   <trkpt lat="-8.036554" lon="-34.89889">
    <ele>10</ele>
    <time>2020-02-13T00:53:56.000Z</time>
   </trkpt>
   <trkpt lat="-8.036556" lon="-34.89885">
    <ele>10</ele>
    <time>2020-02-13T00:53:58.000Z</time>
   </trkpt>
   <trkpt lat="-8.036596" lon="-34.898819">
    <ele>10</ele>
    <time>2020-02-13T00:54:00.000Z</time>
   </trkpt>
   <trkpt lat="-8.036631" lon="-34.898814">
    <ele>10</ele>
    <time>2020-02-13T00:54:01.000Z</time>
   </trkpt>
   <trkpt lat="-8.036635" lon="-34.898782">
    <ele>10</ele>
    <time>2020-02-13T00:54:02.000Z</time>
   </trkpt>
   <trkpt lat="-8.036663" lon="-34.89876">
    <ele>10</ele>
    <time>2020-02-13T00:54:03.000Z</time>
   </trkpt>
   <trkpt lat="-8.03668" lon="-34.898726">
    <ele>10</ele>
    <time>2020-02-13T00:54:04.000Z</time>
   </trkpt>
   <trkpt lat="-8.036698" lon="-34.898684">
    <ele>9.9</ele>
    <time>2020-02-13T00:54:05.000Z</time>
   </trkpt>
   <trkpt lat="-8.036719" lon="-34.898637">
    <ele>9.9</ele>
    <time>2020-02-13T00:54:07.000Z</time>
   </trkpt>
   <trkpt lat="-8.036738" lon="-34.898605">
    <ele>9.9</ele>
    <time>2020-02-13T00:54:08.000Z</time>
   </trkpt>
   <trkpt lat="-8.036761" lon="-34.898573">
    <ele>9.9</ele>
    <time>2020-02-13T00:54:09.000Z</time>
   </trkpt>
   <trkpt lat="-8.036782" lon="-34.898542">
    <ele>9.9</ele>
    <time>2020-02-13T00:54:10.000Z</time>
   </trkpt>
   <trkpt lat="-8.036804" lon="-34.898508">
    <ele>9.9</ele>
    <time>2020-02-13T00:54:11.000Z</time>
   </trkpt>
   <trkpt lat="-8.036824" lon="-34.898473">
    <ele>9.9</ele>
    <time>2020-02-13T00:54:12.000Z</time>
   </trkpt>
   <trkpt lat="-8.036835" lon="-34.898441">
    <ele>9.9</ele>
    <time>2020-02-13T00:54:13.000Z</time>
   </trkpt>
   <trkpt lat="-8.036839" lon="-34.898409">
    <ele>10</ele>
    <time>2020-02-13T00:54:14.000Z</time>
   </trkpt>
   <trkpt lat="-8.036827" lon="-34.898379">
    <ele>10</ele>
    <time>2020-02-13T00:54:15.000Z</time>
   </trkpt>
   <trkpt lat="-8.036843" lon="-34.898343">
    <ele>10</ele>
    <time>2020-02-13T00:54:16.000Z</time>
   </trkpt>
   <trkpt lat="-8.036865" lon="-34.898305">
    <ele>10.1</ele>
    <time>2020-02-13T00:54:17.000Z</time>
   </trkpt>
   <trkpt lat="-8.036874" lon="-34.898277">
    <ele>10.2</ele>
    <time>2020-02-13T00:54:19.000Z</time>
   </trkpt>
   <trkpt lat="-8.036885" lon="-34.898249">
    <ele>10.2</ele>
    <time>2020-02-13T00:54:20.000Z</time>
   </trkpt>
   <trkpt lat="-8.036911" lon="-34.898208">
    <ele>10.4</ele>
    <time>2020-02-13T00:54:22.000Z</time>
   </trkpt>
   <trkpt lat="-8.036926" lon="-34.898184">
    <ele>10.4</ele>
    <time>2020-02-13T00:54:24.000Z</time>
   </trkpt>
   <trkpt lat="-8.036939" lon="-34.898156">
    <ele>10.6</ele>
    <time>2020-02-13T00:54:27.000Z</time>
   </trkpt>
   <trkpt lat="-8.036922" lon="-34.898138">
    <ele>10.6</ele>
    <time>2020-02-13T00:54:30.000Z</time>
   </trkpt>
   <trkpt lat="-8.036865" lon="-34.898104">
    <ele>10.8</ele>
    <time>2020-02-13T00:54:32.000Z</time>
   </trkpt>
   <trkpt lat="-8.036827" lon="-34.89809">
    <ele>10.7</ele>
    <time>2020-02-13T00:54:33.000Z</time>
   </trkpt>
   <trkpt lat="-8.036785" lon="-34.898068">
    <ele>10.6</ele>
    <time>2020-02-13T00:54:34.000Z</time>
   </trkpt>
   <trkpt lat="-8.036748" lon="-34.898052">
    <ele>10.5</ele>
    <time>2020-02-13T00:54:35.000Z</time>
   </trkpt>
   <trkpt lat="-8.036705" lon="-34.898051">
    <ele>10.4</ele>
    <time>2020-02-13T00:54:36.000Z</time>
   </trkpt>
   <trkpt lat="-8.036656" lon="-34.898051">
    <ele>10.3</ele>
    <time>2020-02-13T00:54:37.000Z</time>
   </trkpt>
   <trkpt lat="-8.036624" lon="-34.898037">
    <ele>10.1</ele>
    <time>2020-02-13T00:54:38.000Z</time>
   </trkpt>
   <trkpt lat="-8.036594" lon="-34.898035">
    <ele>10</ele>
    <time>2020-02-13T00:54:39.000Z</time>
   </trkpt>
   <trkpt lat="-8.036565" lon="-34.898025">
    <ele>9.9</ele>
    <time>2020-02-13T00:54:40.000Z</time>
   </trkpt>
   <trkpt lat="-8.036535" lon="-34.898015">
    <ele>9.7</ele>
    <time>2020-02-13T00:54:41.000Z</time>
   </trkpt>
   <trkpt lat="-8.036496" lon="-34.898001">
    <ele>9.5</ele>
    <time>2020-02-13T00:54:42.000Z</time>
   </trkpt>
   <trkpt lat="-8.036467" lon="-34.897991">
    <ele>9.4</ele>
    <time>2020-02-13T00:54:43.000Z</time>
   </trkpt>
   <trkpt lat="-8.036436" lon="-34.897979">
    <ele>9.2</ele>
    <time>2020-02-13T00:54:44.000Z</time>
   </trkpt>
   <trkpt lat="-8.036406" lon="-34.897963">
    <ele>9.2</ele>
    <time>2020-02-13T00:54:45.000Z</time>
   </trkpt>
   <trkpt lat="-8.036378" lon="-34.897948">
    <ele>9.2</ele>
    <time>2020-02-13T00:54:46.000Z</time>
   </trkpt>
   <trkpt lat="-8.036354" lon="-34.897933">
    <ele>9.2</ele>
    <time>2020-02-13T00:54:47.000Z</time>
   </trkpt>
   <trkpt lat="-8.036311" lon="-34.897912">
    <ele>9.2</ele>
    <time>2020-02-13T00:54:49.000Z</time>
   </trkpt>
   <trkpt lat="-8.036285" lon="-34.897899">
    <ele>9.2</ele>
    <time>2020-02-13T00:54:50.000Z</time>
   </trkpt>
   <trkpt lat="-8.036257" lon="-34.897878">
    <ele>9.2</ele>
    <time>2020-02-13T00:54:51.000Z</time>
   </trkpt>
   <trkpt lat="-8.036232" lon="-34.897847">
    <ele>9.2</ele>
    <time>2020-02-13T00:54:52.000Z</time>
   </trkpt>
   <trkpt lat="-8.036206" lon="-34.897822">
    <ele>9.2</ele>
    <time>2020-02-13T00:54:53.000Z</time>
   </trkpt>
   <trkpt lat="-8.036174" lon="-34.897797">
    <ele>9.2</ele>
    <time>2020-02-13T00:54:54.000Z</time>
   </trkpt>
   <trkpt lat="-8.036139" lon="-34.89777">
    <ele>9.2</ele>
    <time>2020-02-13T00:54:55.000Z</time>
   </trkpt>
   <trkpt lat="-8.036109" lon="-34.897739">
    <ele>9.2</ele>
    <time>2020-02-13T00:54:56.000Z</time>
   </trkpt>
   <trkpt lat="-8.036075" lon="-34.897709">
    <ele>9.2</ele>
    <time>2020-02-13T00:54:57.000Z</time>
   </trkpt>
   <trkpt lat="-8.036046" lon="-34.897684">
    <ele>9.3</ele>
    <time>2020-02-13T00:54:58.000Z</time>
   </trkpt>
   <trkpt lat="-8.036019" lon="-34.897665">
    <ele>9.3</ele>
    <time>2020-02-13T00:54:59.000Z</time>
   </trkpt>
   <trkpt lat="-8.03598" lon="-34.897647">
    <ele>9.3</ele>
    <time>2020-02-13T00:55:01.000Z</time>
   </trkpt>
   <trkpt lat="-8.035952" lon="-34.897649">
    <ele>9.4</ele>
    <time>2020-02-13T00:55:02.000Z</time>
   </trkpt>
   <trkpt lat="-8.035917" lon="-34.897653">
    <ele>9.4</ele>
    <time>2020-02-13T00:55:03.000Z</time>
   </trkpt>
   <trkpt lat="-8.035876" lon="-34.897644">
    <ele>9.5</ele>
    <time>2020-02-13T00:55:05.000Z</time>
   </trkpt>
   <trkpt lat="-8.035843" lon="-34.897639">
    <ele>9.5</ele>
    <time>2020-02-13T00:55:07.000Z</time>
   </trkpt>
   <trkpt lat="-8.035825" lon="-34.89763">
    <ele>9.5</ele>
    <time>2020-02-13T00:55:11.000Z</time>
   </trkpt>
   <trkpt lat="-8.035784" lon="-34.897598">
    <ele>9.6</ele>
    <time>2020-02-13T00:55:13.000Z</time>
   </trkpt>
   <trkpt lat="-8.035758" lon="-34.897559">
    <ele>9.7</ele>
    <time>2020-02-13T00:55:15.000Z</time>
   </trkpt>
   <trkpt lat="-8.035735" lon="-34.897521">
    <ele>9.8</ele>
    <time>2020-02-13T00:55:17.000Z</time>
   </trkpt>
   <trkpt lat="-8.0357" lon="-34.897501">
    <ele>9.9</ele>
    <time>2020-02-13T00:55:19.000Z</time>
   </trkpt>
   <trkpt lat="-8.035664" lon="-34.897518">
    <ele>9.9</ele>
    <time>2020-02-13T00:55:21.000Z</time>
   </trkpt>
   <trkpt lat="-8.035623" lon="-34.897504">
    <ele>10</ele>
    <time>2020-02-13T00:55:23.000Z</time>
   </trkpt>
   <trkpt lat="-8.035594" lon="-34.89748">
    <ele>10</ele>
    <time>2020-02-13T00:55:24.000Z</time>
   </trkpt>
   <trkpt lat="-8.035564" lon="-34.897474">
    <ele>10.1</ele>
    <time>2020-02-13T00:55:25.000Z</time>
   </trkpt>
   <trkpt lat="-8.035521" lon="-34.897451">
    <ele>10.2</ele>
    <time>2020-02-13T00:55:27.000Z</time>
   </trkpt>
   <trkpt lat="-8.035467" lon="-34.897433">
    <ele>10.2</ele>
    <time>2020-02-13T00:55:29.000Z</time>
   </trkpt>
   <trkpt lat="-8.035456" lon="-34.897408">
    <ele>10.2</ele>
    <time>2020-02-13T00:55:30.000Z</time>
   </trkpt>
   <trkpt lat="-8.035439" lon="-34.897365">
    <ele>10.1</ele>
    <time>2020-02-13T00:55:32.000Z</time>
   </trkpt>
   <trkpt lat="-8.035406" lon="-34.897354">
    <ele>10.1</ele>
    <time>2020-02-13T00:55:34.000Z</time>
   </trkpt>
   <trkpt lat="-8.035381" lon="-34.897337">
    <ele>10</ele>
    <time>2020-02-13T00:55:35.000Z</time>
   </trkpt>
   <trkpt lat="-8.035337" lon="-34.897325">
    <ele>9.9</ele>
    <time>2020-02-13T00:55:37.000Z</time>
   </trkpt>
   <trkpt lat="-8.03531" lon="-34.897321">
    <ele>9.9</ele>
    <time>2020-02-13T00:55:38.000Z</time>
   </trkpt>
   <trkpt lat="-8.035285" lon="-34.897304">
    <ele>9.9</ele>
    <time>2020-02-13T00:55:39.000Z</time>
   </trkpt>
   <trkpt lat="-8.03525" lon="-34.897278">
    <ele>9.9</ele>
    <time>2020-02-13T00:55:41.000Z</time>
   </trkpt>
   <trkpt lat="-8.035211" lon="-34.89727">
    <ele>9.8</ele>
    <time>2020-02-13T00:55:43.000Z</time>
   </trkpt>
   <trkpt lat="-8.035169" lon="-34.897255">
    <ele>9.8</ele>
    <time>2020-02-13T00:55:45.000Z</time>
   </trkpt>
   <trkpt lat="-8.035144" lon="-34.897233">
    <ele>9.8</ele>
    <time>2020-02-13T00:55:47.000Z</time>
   </trkpt>
   <trkpt lat="-8.035121" lon="-34.897222">
    <ele>9.8</ele>
    <time>2020-02-13T00:55:50.000Z</time>
   </trkpt>
   <trkpt lat="-8.035087" lon="-34.897206">
    <ele>9.8</ele>
    <time>2020-02-13T00:55:52.000Z</time>
   </trkpt>
   <trkpt lat="-8.03504" lon="-34.89719">
    <ele>9.8</ele>
    <time>2020-02-13T00:55:54.000Z</time>
   </trkpt>
   <trkpt lat="-8.035008" lon="-34.897187">
    <ele>9.8</ele>
    <time>2020-02-13T00:55:55.000Z</time>
   </trkpt>
   <trkpt lat="-8.034953" lon="-34.897168">
    <ele>9.7</ele>
    <time>2020-02-13T00:55:57.000Z</time>
   </trkpt>
   <trkpt lat="-8.034905" lon="-34.897156">
    <ele>9.7</ele>
    <time>2020-02-13T00:55:59.000Z</time>
   </trkpt>
   <trkpt lat="-8.034861" lon="-34.897128">
    <ele>9.7</ele>
    <time>2020-02-13T00:56:01.000Z</time>
   </trkpt>
   <trkpt lat="-8.034863" lon="-34.897097">
    <ele>9.7</ele>
    <time>2020-02-13T00:56:02.000Z</time>
   </trkpt>
   <trkpt lat="-8.034831" lon="-34.897075">
    <ele>9.7</ele>
    <time>2020-02-13T00:56:03.000Z</time>
   </trkpt>
   <trkpt lat="-8.0348" lon="-34.897043">
    <ele>9.7</ele>
    <time>2020-02-13T00:56:04.000Z</time>
   </trkpt>
   <trkpt lat="-8.034747" lon="-34.897019">
    <ele>9.7</ele>
    <time>2020-02-13T00:56:05.000Z</time>
   </trkpt>
   <trkpt lat="-8.034716" lon="-34.897001">
    <ele>9.7</ele>
    <time>2020-02-13T00:56:06.000Z</time>
   </trkpt>
   <trkpt lat="-8.034681" lon="-34.896983">
    <ele>9.7</ele>
    <time>2020-02-13T00:56:07.000Z</time>
   </trkpt>
   <trkpt lat="-8.034647" lon="-34.89697">
    <ele>9.7</ele>
    <time>2020-02-13T00:56:08.000Z</time>
   </trkpt>
   <trkpt lat="-8.034618" lon="-34.896975">
    <ele>9.7</ele>
    <time>2020-02-13T00:56:09.000Z</time>
   </trkpt>
   <trkpt lat="-8.034592" lon="-34.896962">
    <ele>9.7</ele>
    <time>2020-02-13T00:56:10.000Z</time>
   </trkpt>
   <trkpt lat="-8.034562" lon="-34.896956">
    <ele>9.7</ele>
    <time>2020-02-13T00:56:11.000Z</time>
   </trkpt>
   <trkpt lat="-8.034528" lon="-34.896947">
    <ele>9.7</ele>
    <time>2020-02-13T00:56:12.000Z</time>
   </trkpt>
   <trkpt lat="-8.0345" lon="-34.896938">
    <ele>9.7</ele>
    <time>2020-02-13T00:56:13.000Z</time>
   </trkpt>
   <trkpt lat="-8.03447" lon="-34.896925">
    <ele>9.7</ele>
    <time>2020-02-13T00:56:14.000Z</time>
   </trkpt>
   <trkpt lat="-8.034441" lon="-34.896914">
    <ele>9.7</ele>
    <time>2020-02-13T00:56:15.000Z</time>
   </trkpt>
   <trkpt lat="-8.034406" lon="-34.896902">
    <ele>9.6</ele>
    <time>2020-02-13T00:56:16.000Z</time>
   </trkpt>
   <trkpt lat="-8.034372" lon="-34.896896">
    <ele>9.6</ele>
    <time>2020-02-13T00:56:17.000Z</time>
   </trkpt>
   <trkpt lat="-8.03434" lon="-34.896889">
    <ele>9.6</ele>
    <time>2020-02-13T00:56:18.000Z</time>
   </trkpt>
   <trkpt lat="-8.034312" lon="-34.896885">
    <ele>9.6</ele>
    <time>2020-02-13T00:56:19.000Z</time>
   </trkpt>
   <trkpt lat="-8.03428" lon="-34.896878">
    <ele>9.5</ele>
    <time>2020-02-13T00:56:20.000Z</time>
   </trkpt>
   <trkpt lat="-8.034252" lon="-34.896868">
    <ele>9.5</ele>
    <time>2020-02-13T00:56:21.000Z</time>
   </trkpt>
   <trkpt lat="-8.034211" lon="-34.896845">
    <ele>9.4</ele>
    <time>2020-02-13T00:56:23.000Z</time>
   </trkpt>
   <trkpt lat="-8.034186" lon="-34.896834">
    <ele>9.4</ele>
    <time>2020-02-13T00:56:24.000Z</time>
   </trkpt>
   <trkpt lat="-8.03414" lon="-34.896805">
    <ele>9.3</ele>
    <time>2020-02-13T00:56:26.000Z</time>
   </trkpt>
   <trkpt lat="-8.034114" lon="-34.896789">
    <ele>9.2</ele>
    <time>2020-02-13T00:56:27.000Z</time>
   </trkpt>
   <trkpt lat="-8.034071" lon="-34.896767">
    <ele>9.1</ele>
    <time>2020-02-13T00:56:29.000Z</time>
   </trkpt>
   <trkpt lat="-8.034028" lon="-34.896741">
    <ele>9.1</ele>
    <time>2020-02-13T00:56:31.000Z</time>
   </trkpt>
   <trkpt lat="-8.033983" lon="-34.896707">
    <ele>9.2</ele>
    <time>2020-02-13T00:56:33.000Z</time>
   </trkpt>
   <trkpt lat="-8.03395" lon="-34.896707">
    <ele>9.3</ele>
    <time>2020-02-13T00:56:35.000Z</time>
   </trkpt>
   <trkpt lat="-8.033956" lon="-34.896692">
    <ele>9.4</ele>
    <time>2020-02-13T00:56:39.000Z</time>
   </trkpt>
   <trkpt lat="-8.033985" lon="-34.8967">
    <ele>9.4</ele>
    <time>2020-02-13T00:56:42.000Z</time>
   </trkpt>
   <trkpt lat="-8.033951" lon="-34.896688">
    <ele>9.5</ele>
    <time>2020-02-13T00:56:44.000Z</time>
   </trkpt>
   <trkpt lat="-8.033925" lon="-34.896675">
    <ele>9.6</ele>
    <time>2020-02-13T00:56:45.000Z</time>
   </trkpt>
   <trkpt lat="-8.033877" lon="-34.896659">
    <ele>9.7</ele>
    <time>2020-02-13T00:56:47.000Z</time>
   </trkpt>
   <trkpt lat="-8.033824" lon="-34.89664">
    <ele>9.7</ele>
    <time>2020-02-13T00:56:49.000Z</time>
   </trkpt>
   <trkpt lat="-8.033792" lon="-34.89664">
    <ele>9.6</ele>
    <time>2020-02-13T00:56:50.000Z</time>
   </trkpt>
   <trkpt lat="-8.03376" lon="-34.896642">
    <ele>9.5</ele>
    <time>2020-02-13T00:56:51.000Z</time>
   </trkpt>
   <trkpt lat="-8.033726" lon="-34.896651">
    <ele>9.3</ele>
    <time>2020-02-13T00:56:52.000Z</time>
   </trkpt>
   <trkpt lat="-8.033697" lon="-34.896615">
    <ele>9.2</ele>
    <time>2020-02-13T00:56:53.000Z</time>
   </trkpt>
   <trkpt lat="-8.033652" lon="-34.896602">
    <ele>9.1</ele>
    <time>2020-02-13T00:56:54.000Z</time>
   </trkpt>
   <trkpt lat="-8.033616" lon="-34.896572">
    <ele>9</ele>
    <time>2020-02-13T00:56:56.000Z</time>
   </trkpt>
   <trkpt lat="-8.03357" lon="-34.896538">
    <ele>9</ele>
    <time>2020-02-13T00:56:58.000Z</time>
   </trkpt>
   <trkpt lat="-8.033539" lon="-34.896526">
    <ele>9</ele>
    <time>2020-02-13T00:56:59.000Z</time>
   </trkpt>
   <trkpt lat="-8.033504" lon="-34.896509">
    <ele>9</ele>
    <time>2020-02-13T00:57:00.000Z</time>
   </trkpt>
   <trkpt lat="-8.033457" lon="-34.896487">
    <ele>9</ele>
    <time>2020-02-13T00:57:01.000Z</time>
   </trkpt>
   <trkpt lat="-8.03342" lon="-34.896454">
    <ele>9</ele>
    <time>2020-02-13T00:57:02.000Z</time>
   </trkpt>
   <trkpt lat="-8.033382" lon="-34.896428">
    <ele>9</ele>
    <time>2020-02-13T00:57:03.000Z</time>
   </trkpt>
   <trkpt lat="-8.033354" lon="-34.896369">
    <ele>9</ele>
    <time>2020-02-13T00:57:04.000Z</time>
   </trkpt>
   <trkpt lat="-8.033319" lon="-34.896361">
    <ele>9</ele>
    <time>2020-02-13T00:57:05.000Z</time>
   </trkpt>
   <trkpt lat="-8.033286" lon="-34.896329">
    <ele>8.9</ele>
    <time>2020-02-13T00:57:06.000Z</time>
   </trkpt>
   <trkpt lat="-8.033254" lon="-34.896307">
    <ele>8.9</ele>
    <time>2020-02-13T00:57:07.000Z</time>
   </trkpt>
   <trkpt lat="-8.033227" lon="-34.896295">
    <ele>9</ele>
    <time>2020-02-13T00:57:08.000Z</time>
   </trkpt>
   <trkpt lat="-8.033196" lon="-34.896278">
    <ele>9</ele>
    <time>2020-02-13T00:57:09.000Z</time>
   </trkpt>
   <trkpt lat="-8.033178" lon="-34.896254">
    <ele>9</ele>
    <time>2020-02-13T00:57:10.000Z</time>
   </trkpt>
   <trkpt lat="-8.033153" lon="-34.896231">
    <ele>9</ele>
    <time>2020-02-13T00:57:11.000Z</time>
   </trkpt>
   <trkpt lat="-8.033127" lon="-34.896219">
    <ele>9.1</ele>
    <time>2020-02-13T00:57:12.000Z</time>
   </trkpt>
   <trkpt lat="-8.033099" lon="-34.896202">
    <ele>9.1</ele>
    <time>2020-02-13T00:57:13.000Z</time>
   </trkpt>
   <trkpt lat="-8.03306" lon="-34.896181">
    <ele>9.2</ele>
    <time>2020-02-13T00:57:14.000Z</time>
   </trkpt>
   <trkpt lat="-8.033022" lon="-34.896157">
    <ele>9.4</ele>
    <time>2020-02-13T00:57:15.000Z</time>
   </trkpt>
   <trkpt lat="-8.032999" lon="-34.896142">
    <ele>9.4</ele>
    <time>2020-02-13T00:57:16.000Z</time>
   </trkpt>
   <trkpt lat="-8.032972" lon="-34.896125">
    <ele>9.5</ele>
    <time>2020-02-13T00:57:17.000Z</time>
   </trkpt>
   <trkpt lat="-8.032948" lon="-34.896109">
    <ele>9.6</ele>
    <time>2020-02-13T00:57:18.000Z</time>
   </trkpt>
   <trkpt lat="-8.032921" lon="-34.896095">
    <ele>9.7</ele>
    <time>2020-02-13T00:57:19.000Z</time>
   </trkpt>
   <trkpt lat="-8.032888" lon="-34.896085">
    <ele>9.8</ele>
    <time>2020-02-13T00:57:20.000Z</time>
   </trkpt>
   <trkpt lat="-8.03286" lon="-34.89607">
    <ele>9.9</ele>
    <time>2020-02-13T00:57:21.000Z</time>
   </trkpt>
   <trkpt lat="-8.032833" lon="-34.896058">
    <ele>10</ele>
    <time>2020-02-13T00:57:22.000Z</time>
   </trkpt>
   <trkpt lat="-8.032791" lon="-34.896022">
    <ele>10.3</ele>
    <time>2020-02-13T00:57:24.000Z</time>
   </trkpt>
   <trkpt lat="-8.032758" lon="-34.895995">
    <ele>10.5</ele>
    <time>2020-02-13T00:57:25.000Z</time>
   </trkpt>
   <trkpt lat="-8.032709" lon="-34.895995">
    <ele>10.7</ele>
    <time>2020-02-13T00:57:27.000Z</time>
   </trkpt>
   <trkpt lat="-8.03267" lon="-34.895977">
    <ele>10.5</ele>
    <time>2020-02-13T00:57:29.000Z</time>
   </trkpt>
   <trkpt lat="-8.032626" lon="-34.895965">
    <ele>10.2</ele>
    <time>2020-02-13T00:57:31.000Z</time>
   </trkpt>
   <trkpt lat="-8.032598" lon="-34.895965">
    <ele>10.1</ele>
    <time>2020-02-13T00:57:32.000Z</time>
   </trkpt>
   <trkpt lat="-8.032571" lon="-34.895937">
    <ele>9.9</ele>
    <time>2020-02-13T00:57:34.000Z</time>
   </trkpt>
   <trkpt lat="-8.032543" lon="-34.895921">
    <ele>9.8</ele>
    <time>2020-02-13T00:57:35.000Z</time>
   </trkpt>
   <trkpt lat="-8.032498" lon="-34.895887">
    <ele>9.6</ele>
    <time>2020-02-13T00:57:37.000Z</time>
   </trkpt>
   <trkpt lat="-8.032484" lon="-34.895861">
    <ele>9.5</ele>
    <time>2020-02-13T00:57:38.000Z</time>
   </trkpt>
   <trkpt lat="-8.032492" lon="-34.895831">
    <ele>9.4</ele>
    <time>2020-02-13T00:57:39.000Z</time>
   </trkpt>
   <trkpt lat="-8.032499" lon="-34.895829">
    <ele>9.4</ele>
    <time>2020-02-13T00:57:42.000Z</time>
   </trkpt>
   <trkpt lat="-8.03247" lon="-34.895818">
    <ele>9.3</ele>
    <time>2020-02-13T00:57:48.000Z</time>
   </trkpt>
   <trkpt lat="-8.03239" lon="-34.895754">
    <ele>9.1</ele>
    <time>2020-02-13T00:58:45.000Z</time>
   </trkpt>
   <trkpt lat="-8.032351" lon="-34.895713">
    <ele>9.1</ele>
    <time>2020-02-13T00:58:47.000Z</time>
   </trkpt>
   <trkpt lat="-8.032327" lon="-34.895691">
    <ele>9</ele>
    <time>2020-02-13T00:58:48.000Z</time>
   </trkpt>
   <trkpt lat="-8.032295" lon="-34.895684">
    <ele>9</ele>
    <time>2020-02-13T00:58:49.000Z</time>
   </trkpt>
   <trkpt lat="-8.032262" lon="-34.89566">
    <ele>9</ele>
    <time>2020-02-13T00:58:50.000Z</time>
   </trkpt>
   <trkpt lat="-8.032221" lon="-34.895639">
    <ele>8.9</ele>
    <time>2020-02-13T00:58:51.000Z</time>
   </trkpt>
   <trkpt lat="-8.032179" lon="-34.895609">
    <ele>8.8</ele>
    <time>2020-02-13T00:58:52.000Z</time>
   </trkpt>
   <trkpt lat="-8.032148" lon="-34.895586">
    <ele>8.7</ele>
    <time>2020-02-13T00:58:53.000Z</time>
   </trkpt>
   <trkpt lat="-8.032123" lon="-34.895564">
    <ele>8.6</ele>
    <time>2020-02-13T00:58:54.000Z</time>
   </trkpt>
   <trkpt lat="-8.032086" lon="-34.895549">
    <ele>8.5</ele>
    <time>2020-02-13T00:58:55.000Z</time>
   </trkpt>
   <trkpt lat="-8.032052" lon="-34.895529">
    <ele>8.5</ele>
    <time>2020-02-13T00:58:56.000Z</time>
   </trkpt>
   <trkpt lat="-8.032017" lon="-34.895514">
    <ele>8.4</ele>
    <time>2020-02-13T00:58:57.000Z</time>
   </trkpt>
   <trkpt lat="-8.031982" lon="-34.8955">
    <ele>8.3</ele>
    <time>2020-02-13T00:58:58.000Z</time>
   </trkpt>
   <trkpt lat="-8.031936" lon="-34.895486">
    <ele>8.3</ele>
    <time>2020-02-13T00:58:59.000Z</time>
   </trkpt>
   <trkpt lat="-8.031896" lon="-34.89547">
    <ele>8.3</ele>
    <time>2020-02-13T00:59:00.000Z</time>
   </trkpt>
   <trkpt lat="-8.031853" lon="-34.89545">
    <ele>8.2</ele>
    <time>2020-02-13T00:59:01.000Z</time>
   </trkpt>
   <trkpt lat="-8.031822" lon="-34.895424">
    <ele>8.1</ele>
    <time>2020-02-13T00:59:02.000Z</time>
   </trkpt>
   <trkpt lat="-8.031789" lon="-34.895407">
    <ele>8</ele>
    <time>2020-02-13T00:59:03.000Z</time>
   </trkpt>
   <trkpt lat="-8.031758" lon="-34.89539">
    <ele>7.9</ele>
    <time>2020-02-13T00:59:04.000Z</time>
   </trkpt>
   <trkpt lat="-8.031735" lon="-34.895371">
    <ele>7.9</ele>
    <time>2020-02-13T00:59:05.000Z</time>
   </trkpt>
   <trkpt lat="-8.031707" lon="-34.895351">
    <ele>7.8</ele>
    <time>2020-02-13T00:59:06.000Z</time>
   </trkpt>
   <trkpt lat="-8.03168" lon="-34.895333">
    <ele>7.7</ele>
    <time>2020-02-13T00:59:07.000Z</time>
   </trkpt>
   <trkpt lat="-8.031654" lon="-34.89531">
    <ele>7.6</ele>
    <time>2020-02-13T00:59:08.000Z</time>
   </trkpt>
   <trkpt lat="-8.031632" lon="-34.89528">
    <ele>7.5</ele>
    <time>2020-02-13T00:59:09.000Z</time>
   </trkpt>
   <trkpt lat="-8.031592" lon="-34.895256">
    <ele>7.4</ele>
    <time>2020-02-13T00:59:10.000Z</time>
   </trkpt>
   <trkpt lat="-8.031563" lon="-34.895233">
    <ele>7.4</ele>
    <time>2020-02-13T00:59:11.000Z</time>
   </trkpt>
   <trkpt lat="-8.031528" lon="-34.895209">
    <ele>7.3</ele>
    <time>2020-02-13T00:59:12.000Z</time>
   </trkpt>
   <trkpt lat="-8.031487" lon="-34.89519">
    <ele>7.3</ele>
    <time>2020-02-13T00:59:13.000Z</time>
   </trkpt>
   <trkpt lat="-8.031453" lon="-34.895177">
    <ele>7.3</ele>
    <time>2020-02-13T00:59:14.000Z</time>
   </trkpt>
   <trkpt lat="-8.031423" lon="-34.895157">
    <ele>7.3</ele>
    <time>2020-02-13T00:59:15.000Z</time>
   </trkpt>
   <trkpt lat="-8.031394" lon="-34.895135">
    <ele>7.2</ele>
    <time>2020-02-13T00:59:16.000Z</time>
   </trkpt>
   <trkpt lat="-8.031357" lon="-34.895106">
    <ele>7.2</ele>
    <time>2020-02-13T00:59:17.000Z</time>
   </trkpt>
   <trkpt lat="-8.03132" lon="-34.89509">
    <ele>7.3</ele>
    <time>2020-02-13T00:59:18.000Z</time>
   </trkpt>
   <trkpt lat="-8.031287" lon="-34.895071">
    <ele>7.3</ele>
    <time>2020-02-13T00:59:19.000Z</time>
   </trkpt>
   <trkpt lat="-8.031257" lon="-34.895044">
    <ele>7.4</ele>
    <time>2020-02-13T00:59:20.000Z</time>
   </trkpt>
   <trkpt lat="-8.031228" lon="-34.895021">
    <ele>7.4</ele>
    <time>2020-02-13T00:59:21.000Z</time>
   </trkpt>
   <trkpt lat="-8.031198" lon="-34.894996">
    <ele>7.5</ele>
    <time>2020-02-13T00:59:22.000Z</time>
   </trkpt>
   <trkpt lat="-8.031172" lon="-34.894971">
    <ele>7.6</ele>
    <time>2020-02-13T00:59:23.000Z</time>
   </trkpt>
   <trkpt lat="-8.031133" lon="-34.894944">
    <ele>7.7</ele>
    <time>2020-02-13T00:59:24.000Z</time>
   </trkpt>
   <trkpt lat="-8.031099" lon="-34.894918">
    <ele>7.9</ele>
    <time>2020-02-13T00:59:25.000Z</time>
   </trkpt>
   <trkpt lat="-8.031069" lon="-34.894898">
    <ele>8.1</ele>
    <time>2020-02-13T00:59:26.000Z</time>
   </trkpt>
   <trkpt lat="-8.031028" lon="-34.894886">
    <ele>8.2</ele>
    <time>2020-02-13T00:59:27.000Z</time>
   </trkpt>
   <trkpt lat="-8.030986" lon="-34.894855">
    <ele>8.4</ele>
    <time>2020-02-13T00:59:28.000Z</time>
   </trkpt>
   <trkpt lat="-8.030938" lon="-34.894829">
    <ele>8.6</ele>
    <time>2020-02-13T00:59:29.000Z</time>
   </trkpt>
   <trkpt lat="-8.030905" lon="-34.89481">
    <ele>8.7</ele>
    <time>2020-02-13T00:59:30.000Z</time>
   </trkpt>
   <trkpt lat="-8.030868" lon="-34.894794">
    <ele>8.8</ele>
    <time>2020-02-13T00:59:31.000Z</time>
   </trkpt>
   <trkpt lat="-8.030836" lon="-34.894774">
    <ele>9</ele>
    <time>2020-02-13T00:59:32.000Z</time>
   </trkpt>
   <trkpt lat="-8.030804" lon="-34.894753">
    <ele>9.1</ele>
    <time>2020-02-13T00:59:33.000Z</time>
   </trkpt>
   <trkpt lat="-8.030774" lon="-34.89474">
    <ele>9.2</ele>
    <time>2020-02-13T00:59:34.000Z</time>
   </trkpt>
   <trkpt lat="-8.030748" lon="-34.89472">
    <ele>9.3</ele>
    <time>2020-02-13T00:59:35.000Z</time>
   </trkpt>
   <trkpt lat="-8.030715" lon="-34.894706">
    <ele>9.4</ele>
    <time>2020-02-13T00:59:36.000Z</time>
   </trkpt>
   <trkpt lat="-8.030671" lon="-34.894697">
    <ele>9.6</ele>
    <time>2020-02-13T00:59:37.000Z</time>
   </trkpt>
   <trkpt lat="-8.030638" lon="-34.894676">
    <ele>9.6</ele>
    <time>2020-02-13T00:59:38.000Z</time>
   </trkpt>
   <trkpt lat="-8.030605" lon="-34.894652">
    <ele>9.6</ele>
    <time>2020-02-13T00:59:39.000Z</time>
   </trkpt>
   <trkpt lat="-8.030571" lon="-34.894638">
    <ele>9.5</ele>
    <time>2020-02-13T00:59:40.000Z</time>
   </trkpt>
   <trkpt lat="-8.030546" lon="-34.894617">
    <ele>9.4</ele>
    <time>2020-02-13T00:59:41.000Z</time>
   </trkpt>
   <trkpt lat="-8.030518" lon="-34.894603">
    <ele>9.4</ele>
    <time>2020-02-13T00:59:42.000Z</time>
   </trkpt>
   <trkpt lat="-8.030484" lon="-34.894606">
    <ele>9.3</ele>
    <time>2020-02-13T00:59:43.000Z</time>
   </trkpt>
   <trkpt lat="-8.030454" lon="-34.89462">
    <ele>9.3</ele>
    <time>2020-02-13T00:59:44.000Z</time>
   </trkpt>
   <trkpt lat="-8.030439" lon="-34.894648">
    <ele>9.2</ele>
    <time>2020-02-13T00:59:45.000Z</time>
   </trkpt>
   <trkpt lat="-8.030426" lon="-34.894682">
    <ele>9.2</ele>
    <time>2020-02-13T00:59:46.000Z</time>
   </trkpt>
   <trkpt lat="-8.030422" lon="-34.894719">
    <ele>9.1</ele>
    <time>2020-02-13T00:59:47.000Z</time>
   </trkpt>
   <trkpt lat="-8.030423" lon="-34.894758">
    <ele>9</ele>
    <time>2020-02-13T00:59:48.000Z</time>
   </trkpt>
   <trkpt lat="-8.030424" lon="-34.894796">
    <ele>8.9</ele>
    <time>2020-02-13T00:59:49.000Z</time>
   </trkpt>
   <trkpt lat="-8.030424" lon="-34.894834">
    <ele>8.8</ele>
    <time>2020-02-13T00:59:50.000Z</time>
   </trkpt>
   <trkpt lat="-8.030429" lon="-34.894872">
    <ele>8.8</ele>
    <time>2020-02-13T00:59:51.000Z</time>
   </trkpt>
   <trkpt lat="-8.03043" lon="-34.894902">
    <ele>8.7</ele>
    <time>2020-02-13T00:59:52.000Z</time>
   </trkpt>
   <trkpt lat="-8.030412" lon="-34.894954">
    <ele>8.4</ele>
    <time>2020-02-13T00:59:54.000Z</time>
   </trkpt>
   <trkpt lat="-8.030392" lon="-34.894979">
    <ele>8.3</ele>
    <time>2020-02-13T00:59:55.000Z</time>
   </trkpt>
   <trkpt lat="-8.030367" lon="-34.894994">
    <ele>8.3</ele>
    <time>2020-02-13T00:59:56.000Z</time>
   </trkpt>
   <trkpt lat="-8.030338" lon="-34.895005">
    <ele>8.2</ele>
    <time>2020-02-13T00:59:57.000Z</time>
   </trkpt>
   <trkpt lat="-8.030301" lon="-34.895014">
    <ele>8.1</ele>
    <time>2020-02-13T00:59:58.000Z</time>
   </trkpt>
   <trkpt lat="-8.030269" lon="-34.895014">
    <ele>8.1</ele>
    <time>2020-02-13T00:59:59.000Z</time>
   </trkpt>
   <trkpt lat="-8.03022" lon="-34.895012">
    <ele>8</ele>
    <time>2020-02-13T01:00:00.000Z</time>
   </trkpt>
   <trkpt lat="-8.030182" lon="-34.895018">
    <ele>7.9</ele>
    <time>2020-02-13T01:00:01.000Z</time>
   </trkpt>
   <trkpt lat="-8.030148" lon="-34.895021">
    <ele>7.9</ele>
    <time>2020-02-13T01:00:02.000Z</time>
   </trkpt>
   <trkpt lat="-8.030116" lon="-34.895025">
    <ele>7.9</ele>
    <time>2020-02-13T01:00:03.000Z</time>
   </trkpt>
   <trkpt lat="-8.030082" lon="-34.895029">
    <ele>7.9</ele>
    <time>2020-02-13T01:00:04.000Z</time>
   </trkpt>
   <trkpt lat="-8.030045" lon="-34.895026">
    <ele>8</ele>
    <time>2020-02-13T01:00:05.000Z</time>
   </trkpt>
   <trkpt lat="-8.030012" lon="-34.895048">
    <ele>8.1</ele>
    <time>2020-02-13T01:00:06.000Z</time>
   </trkpt>
   <trkpt lat="-8.029973" lon="-34.895052">
    <ele>8.2</ele>
    <time>2020-02-13T01:00:07.000Z</time>
   </trkpt>
   <trkpt lat="-8.029942" lon="-34.895056">
    <ele>8.2</ele>
    <time>2020-02-13T01:00:08.000Z</time>
   </trkpt>
   <trkpt lat="-8.029882" lon="-34.895048">
    <ele>8.4</ele>
    <time>2020-02-13T01:00:09.000Z</time>
   </trkpt>
   <trkpt lat="-8.029852" lon="-34.895051">
    <ele>8.4</ele>
    <time>2020-02-13T01:00:10.000Z</time>
   </trkpt>
   <trkpt lat="-8.029808" lon="-34.895061">
    <ele>8.5</ele>
    <time>2020-02-13T01:00:11.000Z</time>
   </trkpt>
   <trkpt lat="-8.029777" lon="-34.895058">
    <ele>8.6</ele>
    <time>2020-02-13T01:00:12.000Z</time>
   </trkpt>
   <trkpt lat="-8.029737" lon="-34.89506">
    <ele>8.6</ele>
    <time>2020-02-13T01:00:13.000Z</time>
   </trkpt>
   <trkpt lat="-8.029698" lon="-34.895066">
    <ele>8.7</ele>
    <time>2020-02-13T01:00:14.000Z</time>
   </trkpt>
   <trkpt lat="-8.029662" lon="-34.895069">
    <ele>8.6</ele>
    <time>2020-02-13T01:00:15.000Z</time>
   </trkpt>
   <trkpt lat="-8.029616" lon="-34.89507">
    <ele>8.6</ele>
    <time>2020-02-13T01:00:16.000Z</time>
   </trkpt>
   <trkpt lat="-8.02958" lon="-34.89507">
    <ele>8.5</ele>
    <time>2020-02-13T01:00:17.000Z</time>
   </trkpt>
   <trkpt lat="-8.029547" lon="-34.895077">
    <ele>8.4</ele>
    <time>2020-02-13T01:00:18.000Z</time>
   </trkpt>
   <trkpt lat="-8.029507" lon="-34.895085">
    <ele>8.3</ele>
    <time>2020-02-13T01:00:19.000Z</time>
   </trkpt>
   <trkpt lat="-8.029468" lon="-34.895076">
    <ele>8.2</ele>
    <time>2020-02-13T01:00:20.000Z</time>
   </trkpt>
   <trkpt lat="-8.029431" lon="-34.895072">
    <ele>8.1</ele>
    <time>2020-02-13T01:00:21.000Z</time>
   </trkpt>
   <trkpt lat="-8.029401" lon="-34.89507">
    <ele>8.1</ele>
    <time>2020-02-13T01:00:22.000Z</time>
   </trkpt>
   <trkpt lat="-8.029359" lon="-34.895075">
    <ele>8</ele>
    <time>2020-02-13T01:00:23.000Z</time>
   </trkpt>
   <trkpt lat="-8.02933" lon="-34.895075">
    <ele>7.9</ele>
    <time>2020-02-13T01:00:24.000Z</time>
   </trkpt>
   <trkpt lat="-8.029293" lon="-34.895082">
    <ele>7.8</ele>
    <time>2020-02-13T01:00:25.000Z</time>
   </trkpt>
   <trkpt lat="-8.029259" lon="-34.895093">
    <ele>7.8</ele>
    <time>2020-02-13T01:00:26.000Z</time>
   </trkpt>
   <trkpt lat="-8.029213" lon="-34.895101">
    <ele>7.7</ele>
    <time>2020-02-13T01:00:27.000Z</time>
   </trkpt>
   <trkpt lat="-8.02918" lon="-34.895108">
    <ele>7.6</ele>
    <time>2020-02-13T01:00:28.000Z</time>
   </trkpt>
   <trkpt lat="-8.029146" lon="-34.895106">
    <ele>7.5</ele>
    <time>2020-02-13T01:00:29.000Z</time>
   </trkpt>
   <trkpt lat="-8.029119" lon="-34.895096">
    <ele>7.5</ele>
    <time>2020-02-13T01:00:30.000Z</time>
   </trkpt>
   <trkpt lat="-8.029089" lon="-34.895092">
    <ele>7.4</ele>
    <time>2020-02-13T01:00:31.000Z</time>
   </trkpt>
   <trkpt lat="-8.029057" lon="-34.89508">
    <ele>7.3</ele>
    <time>2020-02-13T01:00:33.000Z</time>
   </trkpt>
   <trkpt lat="-8.029029" lon="-34.895079">
    <ele>7.2</ele>
    <time>2020-02-13T01:00:34.000Z</time>
   </trkpt>
   <trkpt lat="-8.028995" lon="-34.895078">
    <ele>7.2</ele>
    <time>2020-02-13T01:00:35.000Z</time>
   </trkpt>
   <trkpt lat="-8.028963" lon="-34.895075">
    <ele>7.1</ele>
    <time>2020-02-13T01:00:36.000Z</time>
   </trkpt>
   <trkpt lat="-8.02892" lon="-34.895075">
    <ele>7</ele>
    <time>2020-02-13T01:00:37.000Z</time>
   </trkpt>
   <trkpt lat="-8.02887" lon="-34.895064">
    <ele>7</ele>
    <time>2020-02-13T01:00:39.000Z</time>
   </trkpt>
   <trkpt lat="-8.028837" lon="-34.895076">
    <ele>6.9</ele>
    <time>2020-02-13T01:00:41.000Z</time>
   </trkpt>
   <trkpt lat="-8.028803" lon="-34.895088">
    <ele>6.9</ele>
    <time>2020-02-13T01:00:43.000Z</time>
   </trkpt>
   <trkpt lat="-8.028757" lon="-34.895066">
    <ele>6.9</ele>
    <time>2020-02-13T01:00:45.000Z</time>
   </trkpt>
   <trkpt lat="-8.028729" lon="-34.895058">
    <ele>6.9</ele>
    <time>2020-02-13T01:00:46.000Z</time>
   </trkpt>
   <trkpt lat="-8.028682" lon="-34.895064">
    <ele>6.9</ele>
    <time>2020-02-13T01:00:48.000Z</time>
   </trkpt>
   <trkpt lat="-8.028655" lon="-34.895086">
    <ele>6.9</ele>
    <time>2020-02-13T01:00:49.000Z</time>
   </trkpt>
   <trkpt lat="-8.028614" lon="-34.895088">
    <ele>6.9</ele>
    <time>2020-02-13T01:00:52.000Z</time>
   </trkpt>
   <trkpt lat="-8.028566" lon="-34.895081">
    <ele>6.9</ele>
    <time>2020-02-13T01:00:54.000Z</time>
   </trkpt>
   <trkpt lat="-8.02855" lon="-34.89505">
    <ele>6.9</ele>
    <time>2020-02-13T01:00:57.000Z</time>
   </trkpt>
   <trkpt lat="-8.028521" lon="-34.895004">
    <ele>7</ele>
    <time>2020-02-13T01:00:59.000Z</time>
   </trkpt>
   <trkpt lat="-8.028504" lon="-34.894978">
    <ele>7</ele>
    <time>2020-02-13T01:01:00.000Z</time>
   </trkpt>
   <trkpt lat="-8.028487" lon="-34.894954">
    <ele>7</ele>
    <time>2020-02-13T01:01:01.000Z</time>
   </trkpt>
   <trkpt lat="-8.028467" lon="-34.894884">
    <ele>7</ele>
    <time>2020-02-13T01:01:03.000Z</time>
   </trkpt>
   <trkpt lat="-8.02844" lon="-34.894856">
    <ele>7</ele>
    <time>2020-02-13T01:01:04.000Z</time>
   </trkpt>
   <trkpt lat="-8.028428" lon="-34.894816">
    <ele>7</ele>
    <time>2020-02-13T01:01:05.000Z</time>
   </trkpt>
   <trkpt lat="-8.028413" lon="-34.894778">
    <ele>7</ele>
    <time>2020-02-13T01:01:06.000Z</time>
   </trkpt>
   <trkpt lat="-8.028393" lon="-34.894744">
    <ele>7</ele>
    <time>2020-02-13T01:01:07.000Z</time>
   </trkpt>
   <trkpt lat="-8.028377" lon="-34.894717">
    <ele>7.3</ele>
    <time>2020-02-13T01:01:08.000Z</time>
   </trkpt>
   <trkpt lat="-8.028357" lon="-34.894686">
    <ele>7.4</ele>
    <time>2020-02-13T01:01:09.000Z</time>
   </trkpt>
   <trkpt lat="-8.028339" lon="-34.89466">
    <ele>7.5</ele>
    <time>2020-02-13T01:01:10.000Z</time>
   </trkpt>
   <trkpt lat="-8.028323" lon="-34.894634">
    <ele>7.6</ele>
    <time>2020-02-13T01:01:11.000Z</time>
   </trkpt>
   <trkpt lat="-8.028306" lon="-34.894612">
    <ele>7.7</ele>
    <time>2020-02-13T01:01:12.000Z</time>
   </trkpt>
   <trkpt lat="-8.028299" lon="-34.894581">
    <ele>7.8</ele>
    <time>2020-02-13T01:01:13.000Z</time>
   </trkpt>
   <trkpt lat="-8.028299" lon="-34.894541">
    <ele>7.8</ele>
    <time>2020-02-13T01:01:14.000Z</time>
   </trkpt>
   <trkpt lat="-8.028284" lon="-34.894492">
    <ele>7.9</ele>
    <time>2020-02-13T01:01:16.000Z</time>
   </trkpt>
   <trkpt lat="-8.028288" lon="-34.894448">
    <ele>7.9</ele>
    <time>2020-02-13T01:01:17.000Z</time>
   </trkpt>
   <trkpt lat="-8.028282" lon="-34.894416">
    <ele>7.9</ele>
    <time>2020-02-13T01:01:18.000Z</time>
   </trkpt>
   <trkpt lat="-8.02827" lon="-34.894379">
    <ele>8</ele>
    <time>2020-02-13T01:01:19.000Z</time>
   </trkpt>
   <trkpt lat="-8.028264" lon="-34.894334">
    <ele>8</ele>
    <time>2020-02-13T01:01:20.000Z</time>
   </trkpt>
   <trkpt lat="-8.028266" lon="-34.89429">
    <ele>8</ele>
    <time>2020-02-13T01:01:21.000Z</time>
   </trkpt>
   <trkpt lat="-8.028251" lon="-34.894247">
    <ele>7.9</ele>
    <time>2020-02-13T01:01:22.000Z</time>
   </trkpt>
   <trkpt lat="-8.028245" lon="-34.894204">
    <ele>7.8</ele>
    <time>2020-02-13T01:01:23.000Z</time>
   </trkpt>
   <trkpt lat="-8.028239" lon="-34.894168">
    <ele>7.7</ele>
    <time>2020-02-13T01:01:24.000Z</time>
   </trkpt>
   <trkpt lat="-8.028232" lon="-34.894133">
    <ele>7.6</ele>
    <time>2020-02-13T01:01:25.000Z</time>
   </trkpt>
   <trkpt lat="-8.028237" lon="-34.894087">
    <ele>7.5</ele>
    <time>2020-02-13T01:01:26.000Z</time>
   </trkpt>
   <trkpt lat="-8.028228" lon="-34.894044">
    <ele>7.4</ele>
    <time>2020-02-13T01:01:27.000Z</time>
   </trkpt>
   <trkpt lat="-8.02822" lon="-34.894002">
    <ele>7.2</ele>
    <time>2020-02-13T01:01:28.000Z</time>
   </trkpt>
   <trkpt lat="-8.028213" lon="-34.893955">
    <ele>7</ele>
    <time>2020-02-13T01:01:29.000Z</time>
   </trkpt>
   <trkpt lat="-8.0282" lon="-34.893919">
    <ele>6.9</ele>
    <time>2020-02-13T01:01:30.000Z</time>
   </trkpt>
   <trkpt lat="-8.028196" lon="-34.893883">
    <ele>6.9</ele>
    <time>2020-02-13T01:01:31.000Z</time>
   </trkpt>
   <trkpt lat="-8.028192" lon="-34.893844">
    <ele>6.8</ele>
    <time>2020-02-13T01:01:32.000Z</time>
   </trkpt>
   <trkpt lat="-8.028192" lon="-34.893794">
    <ele>6.8</ele>
    <time>2020-02-13T01:01:33.000Z</time>
   </trkpt>
   <trkpt lat="-8.02819" lon="-34.893746">
    <ele>6.7</ele>
    <time>2020-02-13T01:01:34.000Z</time>
   </trkpt>
   <trkpt lat="-8.028178" lon="-34.893706">
    <ele>6.7</ele>
    <time>2020-02-13T01:01:35.000Z</time>
   </trkpt>
   <trkpt lat="-8.028173" lon="-34.893668">
    <ele>6.6</ele>
    <time>2020-02-13T01:01:36.000Z</time>
   </trkpt>
   <trkpt lat="-8.028165" lon="-34.893628">
    <ele>6.6</ele>
    <time>2020-02-13T01:01:37.000Z</time>
   </trkpt>
   <trkpt lat="-8.028165" lon="-34.893585">
    <ele>6.5</ele>
    <time>2020-02-13T01:01:38.000Z</time>
   </trkpt>
   <trkpt lat="-8.028172" lon="-34.893545">
    <ele>6.5</ele>
    <time>2020-02-13T01:01:39.000Z</time>
   </trkpt>
   <trkpt lat="-8.02817" lon="-34.893501">
    <ele>6.5</ele>
    <time>2020-02-13T01:01:40.000Z</time>
   </trkpt>
   <trkpt lat="-8.028167" lon="-34.893462">
    <ele>6.4</ele>
    <time>2020-02-13T01:01:41.000Z</time>
   </trkpt>
   <trkpt lat="-8.028156" lon="-34.893418">
    <ele>6.4</ele>
    <time>2020-02-13T01:01:42.000Z</time>
   </trkpt>
   <trkpt lat="-8.028154" lon="-34.893361">
    <ele>6.4</ele>
    <time>2020-02-13T01:01:44.000Z</time>
   </trkpt>
   <trkpt lat="-8.028148" lon="-34.89333">
    <ele>6.4</ele>
    <time>2020-02-13T01:01:45.000Z</time>
   </trkpt>
   <trkpt lat="-8.028151" lon="-34.893289">
    <ele>6.4</ele>
    <time>2020-02-13T01:01:46.000Z</time>
   </trkpt>
   <trkpt lat="-8.028157" lon="-34.893255">
    <ele>6.3</ele>
    <time>2020-02-13T01:01:47.000Z</time>
   </trkpt>
   <trkpt lat="-8.028155" lon="-34.893211">
    <ele>6.3</ele>
    <time>2020-02-13T01:01:48.000Z</time>
   </trkpt>
   <trkpt lat="-8.028152" lon="-34.893154">
    <ele>6.2</ele>
    <time>2020-02-13T01:01:50.000Z</time>
   </trkpt>
   <trkpt lat="-8.028148" lon="-34.893126">
    <ele>6.1</ele>
    <time>2020-02-13T01:01:51.000Z</time>
   </trkpt>
   <trkpt lat="-8.028147" lon="-34.893092">
    <ele>6</ele>
    <time>2020-02-13T01:01:52.000Z</time>
   </trkpt>
   <trkpt lat="-8.02814" lon="-34.893057">
    <ele>5.9</ele>
    <time>2020-02-13T01:01:53.000Z</time>
   </trkpt>
   <trkpt lat="-8.028142" lon="-34.893022">
    <ele>5.8</ele>
    <time>2020-02-13T01:01:54.000Z</time>
   </trkpt>
   <trkpt lat="-8.028144" lon="-34.892995">
    <ele>5.7</ele>
    <time>2020-02-13T01:01:55.000Z</time>
   </trkpt>
   <trkpt lat="-8.028149" lon="-34.892965">
    <ele>5.8</ele>
    <time>2020-02-13T01:01:56.000Z</time>
   </trkpt>
   <trkpt lat="-8.028173" lon="-34.892939">
    <ele>6</ele>
    <time>2020-02-13T01:01:58.000Z</time>
   </trkpt>
   <trkpt lat="-8.02822" lon="-34.892942">
    <ele>6.3</ele>
    <time>2020-02-13T01:01:59.000Z</time>
   </trkpt>
   <trkpt lat="-8.028266" lon="-34.89293">
    <ele>6.5</ele>
    <time>2020-02-13T01:02:00.000Z</time>
   </trkpt>
   <trkpt lat="-8.02831" lon="-34.892921">
    <ele>6.7</ele>
    <time>2020-02-13T01:02:01.000Z</time>
   </trkpt>
   <trkpt lat="-8.028346" lon="-34.892907">
    <ele>6.8</ele>
    <time>2020-02-13T01:02:02.000Z</time>
   </trkpt>
   <trkpt lat="-8.028383" lon="-34.892894">
    <ele>6.9</ele>
    <time>2020-02-13T01:02:03.000Z</time>
   </trkpt>
   <trkpt lat="-8.028421" lon="-34.892889">
    <ele>7</ele>
    <time>2020-02-13T01:02:04.000Z</time>
   </trkpt>
   <trkpt lat="-8.028457" lon="-34.892887">
    <ele>7.1</ele>
    <time>2020-02-13T01:02:05.000Z</time>
   </trkpt>
   <trkpt lat="-8.028494" lon="-34.892882">
    <ele>7.2</ele>
    <time>2020-02-13T01:02:06.000Z</time>
   </trkpt>
   <trkpt lat="-8.028531" lon="-34.892872">
    <ele>7.3</ele>
    <time>2020-02-13T01:02:07.000Z</time>
   </trkpt>
   <trkpt lat="-8.028572" lon="-34.892863">
    <ele>7.5</ele>
    <time>2020-02-13T01:02:08.000Z</time>
   </trkpt>
   <trkpt lat="-8.028618" lon="-34.892853">
    <ele>7.6</ele>
    <time>2020-02-13T01:02:09.000Z</time>
   </trkpt>
   <trkpt lat="-8.028661" lon="-34.892838">
    <ele>7.7</ele>
    <time>2020-02-13T01:02:10.000Z</time>
   </trkpt>
   <trkpt lat="-8.028704" lon="-34.892829">
    <ele>7.8</ele>
    <time>2020-02-13T01:02:11.000Z</time>
   </trkpt>
   <trkpt lat="-8.028733" lon="-34.892816">
    <ele>7.8</ele>
    <time>2020-02-13T01:02:12.000Z</time>
   </trkpt>
   <trkpt lat="-8.028776" lon="-34.892826">
    <ele>7.8</ele>
    <time>2020-02-13T01:02:13.000Z</time>
   </trkpt>
   <trkpt lat="-8.028816" lon="-34.892818">
    <ele>7.9</ele>
    <time>2020-02-13T01:02:14.000Z</time>
   </trkpt>
   <trkpt lat="-8.028852" lon="-34.892804">
    <ele>7.9</ele>
    <time>2020-02-13T01:02:15.000Z</time>
   </trkpt>
   <trkpt lat="-8.02889" lon="-34.892802">
    <ele>7.9</ele>
    <time>2020-02-13T01:02:16.000Z</time>
   </trkpt>
   <trkpt lat="-8.028919" lon="-34.892782">
    <ele>7.9</ele>
    <time>2020-02-13T01:02:17.000Z</time>
   </trkpt>
   <trkpt lat="-8.028957" lon="-34.892772">
    <ele>8</ele>
    <time>2020-02-13T01:02:18.000Z</time>
   </trkpt>
   <trkpt lat="-8.028997" lon="-34.892763">
    <ele>8</ele>
    <time>2020-02-13T01:02:19.000Z</time>
   </trkpt>
   <trkpt lat="-8.029041" lon="-34.892755">
    <ele>8.1</ele>
    <time>2020-02-13T01:02:20.000Z</time>
   </trkpt>
   <trkpt lat="-8.029084" lon="-34.892747">
    <ele>8.2</ele>
    <time>2020-02-13T01:02:21.000Z</time>
   </trkpt>
   <trkpt lat="-8.029129" lon="-34.892751">
    <ele>8.3</ele>
    <time>2020-02-13T01:02:22.000Z</time>
   </trkpt>
   <trkpt lat="-8.029169" lon="-34.892755">
    <ele>8.4</ele>
    <time>2020-02-13T01:02:23.000Z</time>
   </trkpt>
   <trkpt lat="-8.029204" lon="-34.892759">
    <ele>8.5</ele>
    <time>2020-02-13T01:02:24.000Z</time>
   </trkpt>
   <trkpt lat="-8.029235" lon="-34.892757">
    <ele>8.6</ele>
    <time>2020-02-13T01:02:25.000Z</time>
   </trkpt>
   <trkpt lat="-8.029273" lon="-34.892749">
    <ele>8.7</ele>
    <time>2020-02-13T01:02:26.000Z</time>
   </trkpt>
   <trkpt lat="-8.029317" lon="-34.892739">
    <ele>8.8</ele>
    <time>2020-02-13T01:02:27.000Z</time>
   </trkpt>
   <trkpt lat="-8.029364" lon="-34.892722">
    <ele>9</ele>
    <time>2020-02-13T01:02:28.000Z</time>
   </trkpt>
   <trkpt lat="-8.029411" lon="-34.8927">
    <ele>9.1</ele>
    <time>2020-02-13T01:02:29.000Z</time>
   </trkpt>
   <trkpt lat="-8.029442" lon="-34.892697">
    <ele>9.2</ele>
    <time>2020-02-13T01:02:30.000Z</time>
   </trkpt>
   <trkpt lat="-8.029481" lon="-34.892698">
    <ele>9.2</ele>
    <time>2020-02-13T01:02:31.000Z</time>
   </trkpt>
   <trkpt lat="-8.029525" lon="-34.892694">
    <ele>9.1</ele>
    <time>2020-02-13T01:02:32.000Z</time>
   </trkpt>
   <trkpt lat="-8.029567" lon="-34.892678">
    <ele>9.1</ele>
    <time>2020-02-13T01:02:33.000Z</time>
   </trkpt>
   <trkpt lat="-8.029607" lon="-34.892687">
    <ele>9.1</ele>
    <time>2020-02-13T01:02:34.000Z</time>
   </trkpt>
   <trkpt lat="-8.029645" lon="-34.89267">
    <ele>9.1</ele>
    <time>2020-02-13T01:02:35.000Z</time>
   </trkpt>
   <trkpt lat="-8.029694" lon="-34.89266">
    <ele>9.1</ele>
    <time>2020-02-13T01:02:36.000Z</time>
   </trkpt>
   <trkpt lat="-8.029735" lon="-34.892655">
    <ele>9.1</ele>
    <time>2020-02-13T01:02:37.000Z</time>
   </trkpt>
   <trkpt lat="-8.029771" lon="-34.892653">
    <ele>9.1</ele>
    <time>2020-02-13T01:02:38.000Z</time>
   </trkpt>
   <trkpt lat="-8.029804" lon="-34.892645">
    <ele>9.1</ele>
    <time>2020-02-13T01:02:39.000Z</time>
   </trkpt>
   <trkpt lat="-8.029846" lon="-34.892628">
    <ele>9.1</ele>
    <time>2020-02-13T01:02:40.000Z</time>
   </trkpt>
   <trkpt lat="-8.029886" lon="-34.892616">
    <ele>9.1</ele>
    <time>2020-02-13T01:02:41.000Z</time>
   </trkpt>
   <trkpt lat="-8.029931" lon="-34.892613">
    <ele>9</ele>
    <time>2020-02-13T01:02:42.000Z</time>
   </trkpt>
   <trkpt lat="-8.029966" lon="-34.892605">
    <ele>9</ele>
    <time>2020-02-13T01:02:43.000Z</time>
   </trkpt>
   <trkpt lat="-8.030007" lon="-34.892591">
    <ele>9</ele>
    <time>2020-02-13T01:02:44.000Z</time>
   </trkpt>
   <trkpt lat="-8.030046" lon="-34.892583">
    <ele>9</ele>
    <time>2020-02-13T01:02:45.000Z</time>
   </trkpt>
   <trkpt lat="-8.030087" lon="-34.892569">
    <ele>8.9</ele>
    <time>2020-02-13T01:02:46.000Z</time>
   </trkpt>
   <trkpt lat="-8.030127" lon="-34.892553">
    <ele>8.8</ele>
    <time>2020-02-13T01:02:47.000Z</time>
   </trkpt>
   <trkpt lat="-8.030166" lon="-34.892546">
    <ele>8.6</ele>
    <time>2020-02-13T01:02:48.000Z</time>
   </trkpt>
   <trkpt lat="-8.030207" lon="-34.892534">
    <ele>8.3</ele>
    <time>2020-02-13T01:02:49.000Z</time>
   </trkpt>
   <trkpt lat="-8.030245" lon="-34.892528">
    <ele>8.1</ele>
    <time>2020-02-13T01:02:50.000Z</time>
   </trkpt>
   <trkpt lat="-8.030279" lon="-34.892518">
    <ele>7.9</ele>
    <time>2020-02-13T01:02:51.000Z</time>
   </trkpt>
   <trkpt lat="-8.03032" lon="-34.892517">
    <ele>7.6</ele>
    <time>2020-02-13T01:02:52.000Z</time>
   </trkpt>
   <trkpt lat="-8.030364" lon="-34.892513">
    <ele>7.3</ele>
    <time>2020-02-13T01:02:53.000Z</time>
   </trkpt>
   <trkpt lat="-8.030411" lon="-34.892507">
    <ele>7.1</ele>
    <time>2020-02-13T01:02:54.000Z</time>
   </trkpt>
   <trkpt lat="-8.030456" lon="-34.892497">
    <ele>6.9</ele>
    <time>2020-02-13T01:02:55.000Z</time>
   </trkpt>
   <trkpt lat="-8.030501" lon="-34.892488">
    <ele>6.6</ele>
    <time>2020-02-13T01:02:56.000Z</time>
   </trkpt>
   <trkpt lat="-8.030539" lon="-34.892476">
    <ele>6.4</ele>
    <time>2020-02-13T01:02:57.000Z</time>
   </trkpt>
   <trkpt lat="-8.030577" lon="-34.892467">
    <ele>6.3</ele>
    <time>2020-02-13T01:02:58.000Z</time>
   </trkpt>
   <trkpt lat="-8.030617" lon="-34.892461">
    <ele>6.1</ele>
    <time>2020-02-13T01:02:59.000Z</time>
   </trkpt>
   <trkpt lat="-8.030654" lon="-34.892451">
    <ele>5.9</ele>
    <time>2020-02-13T01:03:00.000Z</time>
   </trkpt>
   <trkpt lat="-8.030698" lon="-34.89244">
    <ele>5.8</ele>
    <time>2020-02-13T01:03:01.000Z</time>
   </trkpt>
   <trkpt lat="-8.030748" lon="-34.892435">
    <ele>5.6</ele>
    <time>2020-02-13T01:03:02.000Z</time>
   </trkpt>
   <trkpt lat="-8.030794" lon="-34.892424">
    <ele>5.4</ele>
    <time>2020-02-13T01:03:03.000Z</time>
   </trkpt>
   <trkpt lat="-8.03084" lon="-34.892416">
    <ele>5.2</ele>
    <time>2020-02-13T01:03:04.000Z</time>
   </trkpt>
   <trkpt lat="-8.03089" lon="-34.892406">
    <ele>5.1</ele>
    <time>2020-02-13T01:03:05.000Z</time>
   </trkpt>
   <trkpt lat="-8.030937" lon="-34.892397">
    <ele>4.9</ele>
    <time>2020-02-13T01:03:06.000Z</time>
   </trkpt>
   <trkpt lat="-8.03099" lon="-34.892386">
    <ele>4.8</ele>
    <time>2020-02-13T01:03:07.000Z</time>
   </trkpt>
   <trkpt lat="-8.031035" lon="-34.892359">
    <ele>4.7</ele>
    <time>2020-02-13T01:03:08.000Z</time>
   </trkpt>
   <trkpt lat="-8.031076" lon="-34.892354">
    <ele>4.6</ele>
    <time>2020-02-13T01:03:09.000Z</time>
   </trkpt>
   <trkpt lat="-8.031118" lon="-34.892345">
    <ele>4.5</ele>
    <time>2020-02-13T01:03:10.000Z</time>
   </trkpt>
   <trkpt lat="-8.031156" lon="-34.892328">
    <ele>4.5</ele>
    <time>2020-02-13T01:03:11.000Z</time>
   </trkpt>
   <trkpt lat="-8.031201" lon="-34.892336">
    <ele>4.4</ele>
    <time>2020-02-13T01:03:12.000Z</time>
   </trkpt>
   <trkpt lat="-8.031249" lon="-34.892325">
    <ele>4.2</ele>
    <time>2020-02-13T01:03:13.000Z</time>
   </trkpt>
   <trkpt lat="-8.031295" lon="-34.892323">
    <ele>4.1</ele>
    <time>2020-02-13T01:03:14.000Z</time>
   </trkpt>
   <trkpt lat="-8.031345" lon="-34.892307">
    <ele>4.4</ele>
    <time>2020-02-13T01:03:15.000Z</time>
   </trkpt>
   <trkpt lat="-8.031384" lon="-34.892288">
    <ele>4.5</ele>
    <time>2020-02-13T01:03:16.000Z</time>
   </trkpt>
   <trkpt lat="-8.031433" lon="-34.892268">
    <ele>4.8</ele>
    <time>2020-02-13T01:03:17.000Z</time>
   </trkpt>
   <trkpt lat="-8.031492" lon="-34.892247">
    <ele>5.1</ele>
    <time>2020-02-13T01:03:18.000Z</time>
   </trkpt>
   <trkpt lat="-8.031546" lon="-34.892229">
    <ele>5.3</ele>
    <time>2020-02-13T01:03:19.000Z</time>
   </trkpt>
   <trkpt lat="-8.031594" lon="-34.892209">
    <ele>5.5</ele>
    <time>2020-02-13T01:03:20.000Z</time>
   </trkpt>
   <trkpt lat="-8.031644" lon="-34.892203">
    <ele>5.8</ele>
    <time>2020-02-13T01:03:21.000Z</time>
   </trkpt>
   <trkpt lat="-8.031691" lon="-34.892186">
    <ele>6</ele>
    <time>2020-02-13T01:03:22.000Z</time>
   </trkpt>
   <trkpt lat="-8.031732" lon="-34.892184">
    <ele>6.2</ele>
    <time>2020-02-13T01:03:23.000Z</time>
   </trkpt>
   <trkpt lat="-8.031772" lon="-34.89217">
    <ele>6.4</ele>
    <time>2020-02-13T01:03:24.000Z</time>
   </trkpt>
   <trkpt lat="-8.031812" lon="-34.892157">
    <ele>6.5</ele>
    <time>2020-02-13T01:03:25.000Z</time>
   </trkpt>
   <trkpt lat="-8.03186" lon="-34.892159">
    <ele>6.7</ele>
    <time>2020-02-13T01:03:26.000Z</time>
   </trkpt>
   <trkpt lat="-8.031905" lon="-34.892153">
    <ele>6.9</ele>
    <time>2020-02-13T01:03:27.000Z</time>
   </trkpt>
   <trkpt lat="-8.031943" lon="-34.892138">
    <ele>7.1</ele>
    <time>2020-02-13T01:03:28.000Z</time>
   </trkpt>
   <trkpt lat="-8.031987" lon="-34.892138">
    <ele>7.4</ele>
    <time>2020-02-13T01:03:29.000Z</time>
   </trkpt>
   <trkpt lat="-8.032021" lon="-34.892141">
    <ele>7.6</ele>
    <time>2020-02-13T01:03:30.000Z</time>
   </trkpt>
   <trkpt lat="-8.032059" lon="-34.892139">
    <ele>7.7</ele>
    <time>2020-02-13T01:03:31.000Z</time>
   </trkpt>
   <trkpt lat="-8.032097" lon="-34.892136">
    <ele>7.7</ele>
    <time>2020-02-13T01:03:32.000Z</time>
   </trkpt>
   <trkpt lat="-8.032139" lon="-34.892129">
    <ele>7.7</ele>
    <time>2020-02-13T01:03:33.000Z</time>
   </trkpt>
   <trkpt lat="-8.03218" lon="-34.892113">
    <ele>7.8</ele>
    <time>2020-02-13T01:03:34.000Z</time>
   </trkpt>
   <trkpt lat="-8.032219" lon="-34.8921">
    <ele>7.8</ele>
    <time>2020-02-13T01:03:35.000Z</time>
   </trkpt>
   <trkpt lat="-8.032264" lon="-34.892095">
    <ele>7.9</ele>
    <time>2020-02-13T01:03:36.000Z</time>
   </trkpt>
   <trkpt lat="-8.032311" lon="-34.892089">
    <ele>7.9</ele>
    <time>2020-02-13T01:03:37.000Z</time>
   </trkpt>
   <trkpt lat="-8.032352" lon="-34.892071">
    <ele>7.9</ele>
    <time>2020-02-13T01:03:38.000Z</time>
   </trkpt>
   <trkpt lat="-8.032402" lon="-34.89207">
    <ele>8</ele>
    <time>2020-02-13T01:03:39.000Z</time>
   </trkpt>
   <trkpt lat="-8.03245" lon="-34.892055">
    <ele>8</ele>
    <time>2020-02-13T01:03:40.000Z</time>
   </trkpt>
   <trkpt lat="-8.032496" lon="-34.89204">
    <ele>8</ele>
    <time>2020-02-13T01:03:41.000Z</time>
   </trkpt>
   <trkpt lat="-8.032543" lon="-34.892031">
    <ele>8.1</ele>
    <time>2020-02-13T01:03:42.000Z</time>
   </trkpt>
   <trkpt lat="-8.032587" lon="-34.892025">
    <ele>8.1</ele>
    <time>2020-02-13T01:03:43.000Z</time>
   </trkpt>
   <trkpt lat="-8.032626" lon="-34.892017">
    <ele>8.2</ele>
    <time>2020-02-13T01:03:44.000Z</time>
   </trkpt>
   <trkpt lat="-8.032669" lon="-34.892014">
    <ele>8.3</ele>
    <time>2020-02-13T01:03:45.000Z</time>
   </trkpt>
   <trkpt lat="-8.032701" lon="-34.892008">
    <ele>8.4</ele>
    <time>2020-02-13T01:03:46.000Z</time>
   </trkpt>
   <trkpt lat="-8.032745" lon="-34.891997">
    <ele>8.5</ele>
    <time>2020-02-13T01:03:47.000Z</time>
   </trkpt>
   <trkpt lat="-8.032777" lon="-34.891987">
    <ele>8.5</ele>
    <time>2020-02-13T01:03:48.000Z</time>
   </trkpt>
   <trkpt lat="-8.032816" lon="-34.891986">
    <ele>8.5</ele>
    <time>2020-02-13T01:03:49.000Z</time>
   </trkpt>
   <trkpt lat="-8.032864" lon="-34.891958">
    <ele>8.4</ele>
    <time>2020-02-13T01:03:50.000Z</time>
   </trkpt>
   <trkpt lat="-8.032908" lon="-34.891951">
    <ele>8.4</ele>
    <time>2020-02-13T01:03:51.000Z</time>
   </trkpt>
   <trkpt lat="-8.032947" lon="-34.891943">
    <ele>8.4</ele>
    <time>2020-02-13T01:03:52.000Z</time>
   </trkpt>
   <trkpt lat="-8.032981" lon="-34.891941">
    <ele>8.4</ele>
    <time>2020-02-13T01:03:53.000Z</time>
   </trkpt>
   <trkpt lat="-8.033036" lon="-34.891929">
    <ele>8.3</ele>
    <time>2020-02-13T01:03:55.000Z</time>
   </trkpt>
   <trkpt lat="-8.033074" lon="-34.891912">
    <ele>8.3</ele>
    <time>2020-02-13T01:03:56.000Z</time>
   </trkpt>
   <trkpt lat="-8.03311" lon="-34.891904">
    <ele>8.3</ele>
    <time>2020-02-13T01:03:57.000Z</time>
   </trkpt>
   <trkpt lat="-8.033149" lon="-34.891886">
    <ele>8.1</ele>
    <time>2020-02-13T01:03:58.000Z</time>
   </trkpt>
   <trkpt lat="-8.033189" lon="-34.891882">
    <ele>7.9</ele>
    <time>2020-02-13T01:03:59.000Z</time>
   </trkpt>
   <trkpt lat="-8.03323" lon="-34.891888">
    <ele>7.7</ele>
    <time>2020-02-13T01:04:00.000Z</time>
   </trkpt>
   <trkpt lat="-8.033265" lon="-34.891884">
    <ele>7.5</ele>
    <time>2020-02-13T01:04:01.000Z</time>
   </trkpt>
   <trkpt lat="-8.033302" lon="-34.891878">
    <ele>7.3</ele>
    <time>2020-02-13T01:04:02.000Z</time>
   </trkpt>
   <trkpt lat="-8.033339" lon="-34.891878">
    <ele>7.2</ele>
    <time>2020-02-13T01:04:03.000Z</time>
   </trkpt>
   <trkpt lat="-8.033383" lon="-34.89187">
    <ele>7.2</ele>
    <time>2020-02-13T01:04:04.000Z</time>
   </trkpt>
   <trkpt lat="-8.033423" lon="-34.891856">
    <ele>7.3</ele>
    <time>2020-02-13T01:04:05.000Z</time>
   </trkpt>
   <trkpt lat="-8.033472" lon="-34.891846">
    <ele>7.5</ele>
    <time>2020-02-13T01:04:06.000Z</time>
   </trkpt>
   <trkpt lat="-8.033514" lon="-34.89183">
    <ele>7.8</ele>
    <time>2020-02-13T01:04:07.000Z</time>
   </trkpt>
   <trkpt lat="-8.033554" lon="-34.891818">
    <ele>8</ele>
    <time>2020-02-13T01:04:08.000Z</time>
   </trkpt>
   <trkpt lat="-8.033602" lon="-34.891804">
    <ele>8.3</ele>
    <time>2020-02-13T01:04:09.000Z</time>
   </trkpt>
   <trkpt lat="-8.033641" lon="-34.891787">
    <ele>8.5</ele>
    <time>2020-02-13T01:04:10.000Z</time>
   </trkpt>
   <trkpt lat="-8.033668" lon="-34.891778">
    <ele>8.6</ele>
    <time>2020-02-13T01:04:11.000Z</time>
   </trkpt>
   <trkpt lat="-8.033702" lon="-34.891769">
    <ele>8.6</ele>
    <time>2020-02-13T01:04:12.000Z</time>
   </trkpt>
   <trkpt lat="-8.033737" lon="-34.891761">
    <ele>8.7</ele>
    <time>2020-02-13T01:04:13.000Z</time>
   </trkpt>
   <trkpt lat="-8.03378" lon="-34.891759">
    <ele>8.7</ele>
    <time>2020-02-13T01:04:14.000Z</time>
   </trkpt>
   <trkpt lat="-8.033814" lon="-34.891756">
    <ele>8.7</ele>
    <time>2020-02-13T01:04:15.000Z</time>
   </trkpt>
   <trkpt lat="-8.033851" lon="-34.891741">
    <ele>8.7</ele>
    <time>2020-02-13T01:04:16.000Z</time>
   </trkpt>
   <trkpt lat="-8.033884" lon="-34.891729">
    <ele>8.7</ele>
    <time>2020-02-13T01:04:17.000Z</time>
   </trkpt>
   <trkpt lat="-8.033921" lon="-34.891719">
    <ele>8.7</ele>
    <time>2020-02-13T01:04:18.000Z</time>
   </trkpt>
   <trkpt lat="-8.033963" lon="-34.891731">
    <ele>8.7</ele>
    <time>2020-02-13T01:04:19.000Z</time>
   </trkpt>
   <trkpt lat="-8.034001" lon="-34.891737">
    <ele>8.7</ele>
    <time>2020-02-13T01:04:20.000Z</time>
   </trkpt>
   <trkpt lat="-8.034036" lon="-34.891731">
    <ele>8.5</ele>
    <time>2020-02-13T01:04:21.000Z</time>
   </trkpt>
   <trkpt lat="-8.034073" lon="-34.891723">
    <ele>8.3</ele>
    <time>2020-02-13T01:04:22.000Z</time>
   </trkpt>
   <trkpt lat="-8.034108" lon="-34.891716">
    <ele>8.2</ele>
    <time>2020-02-13T01:04:23.000Z</time>
   </trkpt>
   <trkpt lat="-8.034136" lon="-34.891705">
    <ele>8</ele>
    <time>2020-02-13T01:04:24.000Z</time>
   </trkpt>
   <trkpt lat="-8.034168" lon="-34.891696">
    <ele>7.8</ele>
    <time>2020-02-13T01:04:25.000Z</time>
   </trkpt>
   <trkpt lat="-8.034196" lon="-34.891689">
    <ele>7.7</ele>
    <time>2020-02-13T01:04:26.000Z</time>
   </trkpt>
   <trkpt lat="-8.03424" lon="-34.891682">
    <ele>7.5</ele>
    <time>2020-02-13T01:04:28.000Z</time>
   </trkpt>
   <trkpt lat="-8.034269" lon="-34.891682">
    <ele>7.3</ele>
    <time>2020-02-13T01:04:29.000Z</time>
   </trkpt>
   <trkpt lat="-8.03431" lon="-34.891682">
    <ele>7.2</ele>
    <time>2020-02-13T01:04:30.000Z</time>
   </trkpt>
   <trkpt lat="-8.034351" lon="-34.891677">
    <ele>7.1</ele>
    <time>2020-02-13T01:04:31.000Z</time>
   </trkpt>
   <trkpt lat="-8.034392" lon="-34.891671">
    <ele>7.2</ele>
    <time>2020-02-13T01:04:32.000Z</time>
   </trkpt>
   <trkpt lat="-8.034433" lon="-34.891659">
    <ele>7.2</ele>
    <time>2020-02-13T01:04:33.000Z</time>
   </trkpt>
   <trkpt lat="-8.034474" lon="-34.891649">
    <ele>7.2</ele>
    <time>2020-02-13T01:04:34.000Z</time>
   </trkpt>
   <trkpt lat="-8.034516" lon="-34.891637">
    <ele>7.2</ele>
    <time>2020-02-13T01:04:35.000Z</time>
   </trkpt>
   <trkpt lat="-8.034561" lon="-34.891626">
    <ele>7.2</ele>
    <time>2020-02-13T01:04:36.000Z</time>
   </trkpt>
   <trkpt lat="-8.034605" lon="-34.891615">
    <ele>7.2</ele>
    <time>2020-02-13T01:04:37.000Z</time>
   </trkpt>
   <trkpt lat="-8.034646" lon="-34.891603">
    <ele>7.1</ele>
    <time>2020-02-13T01:04:38.000Z</time>
   </trkpt>
   <trkpt lat="-8.034689" lon="-34.891601">
    <ele>7.1</ele>
    <time>2020-02-13T01:04:39.000Z</time>
   </trkpt>
   <trkpt lat="-8.034727" lon="-34.891592">
    <ele>7.1</ele>
    <time>2020-02-13T01:04:40.000Z</time>
   </trkpt>
   <trkpt lat="-8.034762" lon="-34.891579">
    <ele>7.1</ele>
    <time>2020-02-13T01:04:41.000Z</time>
   </trkpt>
   <trkpt lat="-8.0348" lon="-34.891567">
    <ele>7.1</ele>
    <time>2020-02-13T01:04:42.000Z</time>
   </trkpt>
   <trkpt lat="-8.034833" lon="-34.891569">
    <ele>7.1</ele>
    <time>2020-02-13T01:04:43.000Z</time>
   </trkpt>
   <trkpt lat="-8.034873" lon="-34.891566">
    <ele>7.1</ele>
    <time>2020-02-13T01:04:44.000Z</time>
   </trkpt>
   <trkpt lat="-8.034904" lon="-34.891556">
    <ele>7.1</ele>
    <time>2020-02-13T01:04:45.000Z</time>
   </trkpt>
   <trkpt lat="-8.034937" lon="-34.891548">
    <ele>7.2</ele>
    <time>2020-02-13T01:04:46.000Z</time>
   </trkpt>
   <trkpt lat="-8.034968" lon="-34.891538">
    <ele>7.2</ele>
    <time>2020-02-13T01:04:47.000Z</time>
   </trkpt>
   <trkpt lat="-8.035006" lon="-34.891538">
    <ele>7.2</ele>
    <time>2020-02-13T01:04:48.000Z</time>
   </trkpt>
   <trkpt lat="-8.035044" lon="-34.891535">
    <ele>7.3</ele>
    <time>2020-02-13T01:04:49.000Z</time>
   </trkpt>
   <trkpt lat="-8.03508" lon="-34.891521">
    <ele>7.4</ele>
    <time>2020-02-13T01:04:50.000Z</time>
   </trkpt>
   <trkpt lat="-8.035133" lon="-34.891523">
    <ele>7.5</ele>
    <time>2020-02-13T01:04:51.000Z</time>
   </trkpt>
   <trkpt lat="-8.035174" lon="-34.89151">
    <ele>7.6</ele>
    <time>2020-02-13T01:04:52.000Z</time>
   </trkpt>
   <trkpt lat="-8.035205" lon="-34.891497">
    <ele>7.7</ele>
    <time>2020-02-13T01:04:53.000Z</time>
   </trkpt>
   <trkpt lat="-8.035247" lon="-34.891491">
    <ele>7.8</ele>
    <time>2020-02-13T01:04:54.000Z</time>
   </trkpt>
   <trkpt lat="-8.035286" lon="-34.891487">
    <ele>7.9</ele>
    <time>2020-02-13T01:04:55.000Z</time>
   </trkpt>
   <trkpt lat="-8.035328" lon="-34.891475">
    <ele>8</ele>
    <time>2020-02-13T01:04:56.000Z</time>
   </trkpt>
   <trkpt lat="-8.035385" lon="-34.891464">
    <ele>8.1</ele>
    <time>2020-02-13T01:04:57.000Z</time>
   </trkpt>
   <trkpt lat="-8.035433" lon="-34.891449">
    <ele>8.2</ele>
    <time>2020-02-13T01:04:58.000Z</time>
   </trkpt>
   <trkpt lat="-8.035483" lon="-34.891438">
    <ele>8.3</ele>
    <time>2020-02-13T01:04:59.000Z</time>
   </trkpt>
   <trkpt lat="-8.035535" lon="-34.891436">
    <ele>8.3</ele>
    <time>2020-02-13T01:05:00.000Z</time>
   </trkpt>
   <trkpt lat="-8.035588" lon="-34.891424">
    <ele>8.4</ele>
    <time>2020-02-13T01:05:01.000Z</time>
   </trkpt>
   <trkpt lat="-8.035636" lon="-34.891416">
    <ele>8.5</ele>
    <time>2020-02-13T01:05:02.000Z</time>
   </trkpt>
   <trkpt lat="-8.035681" lon="-34.891401">
    <ele>8.6</ele>
    <time>2020-02-13T01:05:03.000Z</time>
   </trkpt>
   <trkpt lat="-8.035725" lon="-34.891394">
    <ele>8.6</ele>
    <time>2020-02-13T01:05:04.000Z</time>
   </trkpt>
   <trkpt lat="-8.035777" lon="-34.891384">
    <ele>8.7</ele>
    <time>2020-02-13T01:05:05.000Z</time>
   </trkpt>
   <trkpt lat="-8.035825" lon="-34.891371">
    <ele>8.7</ele>
    <time>2020-02-13T01:05:06.000Z</time>
   </trkpt>
   <trkpt lat="-8.035869" lon="-34.891363">
    <ele>8.8</ele>
    <time>2020-02-13T01:05:07.000Z</time>
   </trkpt>
   <trkpt lat="-8.035907" lon="-34.891356">
    <ele>8.8</ele>
    <time>2020-02-13T01:05:08.000Z</time>
   </trkpt>
   <trkpt lat="-8.035955" lon="-34.891344">
    <ele>8.9</ele>
    <time>2020-02-13T01:05:09.000Z</time>
   </trkpt>
   <trkpt lat="-8.035998" lon="-34.891329">
    <ele>8.9</ele>
    <time>2020-02-13T01:05:10.000Z</time>
   </trkpt>
   <trkpt lat="-8.03605" lon="-34.891331">
    <ele>9</ele>
    <time>2020-02-13T01:05:11.000Z</time>
   </trkpt>
   <trkpt lat="-8.036092" lon="-34.891347">
    <ele>9</ele>
    <time>2020-02-13T01:05:12.000Z</time>
   </trkpt>
   <trkpt lat="-8.036103" lon="-34.891376">
    <ele>9.2</ele>
    <time>2020-02-13T01:05:13.000Z</time>
   </trkpt>
   <trkpt lat="-8.036094" lon="-34.891415">
    <ele>9.2</ele>
    <time>2020-02-13T01:05:14.000Z</time>
   </trkpt>
   <trkpt lat="-8.036094" lon="-34.891464">
    <ele>9.2</ele>
    <time>2020-02-13T01:05:15.000Z</time>
   </trkpt>
   <trkpt lat="-8.036091" lon="-34.891515">
    <ele>9.1</ele>
    <time>2020-02-13T01:05:16.000Z</time>
   </trkpt>
   <trkpt lat="-8.036089" lon="-34.891562">
    <ele>9</ele>
    <time>2020-02-13T01:05:17.000Z</time>
   </trkpt>
   <trkpt lat="-8.036092" lon="-34.891613">
    <ele>8.8</ele>
    <time>2020-02-13T01:05:18.000Z</time>
   </trkpt>
   <trkpt lat="-8.036099" lon="-34.89166">
    <ele>8.6</ele>
    <time>2020-02-13T01:05:19.000Z</time>
   </trkpt>
   <trkpt lat="-8.036101" lon="-34.891714">
    <ele>8.2</ele>
    <time>2020-02-13T01:05:20.000Z</time>
   </trkpt>
   <trkpt lat="-8.036103" lon="-34.891768">
    <ele>7.9</ele>
    <time>2020-02-13T01:05:21.000Z</time>
   </trkpt>
   <trkpt lat="-8.036104" lon="-34.89182">
    <ele>7.6</ele>
    <time>2020-02-13T01:05:22.000Z</time>
   </trkpt>
   <trkpt lat="-8.036108" lon="-34.891857">
    <ele>7.3</ele>
    <time>2020-02-13T01:05:23.000Z</time>
   </trkpt>
   <trkpt lat="-8.036113" lon="-34.891902">
    <ele>7.1</ele>
    <time>2020-02-13T01:05:24.000Z</time>
   </trkpt>
   <trkpt lat="-8.036117" lon="-34.891953">
    <ele>6.8</ele>
    <time>2020-02-13T01:05:25.000Z</time>
   </trkpt>
   <trkpt lat="-8.036126" lon="-34.891998">
    <ele>6.5</ele>
    <time>2020-02-13T01:05:26.000Z</time>
   </trkpt>
   <trkpt lat="-8.036134" lon="-34.892042">
    <ele>6.3</ele>
    <time>2020-02-13T01:05:27.000Z</time>
   </trkpt>
   <trkpt lat="-8.036128" lon="-34.892076">
    <ele>6.1</ele>
    <time>2020-02-13T01:05:28.000Z</time>
   </trkpt>
   <trkpt lat="-8.036131" lon="-34.892103">
    <ele>6</ele>
    <time>2020-02-13T01:05:29.000Z</time>
   </trkpt>
   <trkpt lat="-8.036129" lon="-34.892134">
    <ele>5.9</ele>
    <time>2020-02-13T01:05:31.000Z</time>
   </trkpt>
   <trkpt lat="-8.036121" lon="-34.892171">
    <ele>5.8</ele>
    <time>2020-02-13T01:05:33.000Z</time>
   </trkpt>
   <trkpt lat="-8.036131" lon="-34.892224">
    <ele>5.6</ele>
    <time>2020-02-13T01:05:35.000Z</time>
   </trkpt>
   <trkpt lat="-8.036149" lon="-34.892247">
    <ele>5.6</ele>
    <time>2020-02-13T01:05:36.000Z</time>
   </trkpt>
   <trkpt lat="-8.036172" lon="-34.89227">
    <ele>5.5</ele>
    <time>2020-02-13T01:05:37.000Z</time>
   </trkpt>
   <trkpt lat="-8.036203" lon="-34.892281">
    <ele>5.3</ele>
    <time>2020-02-13T01:05:38.000Z</time>
   </trkpt>
   <trkpt lat="-8.036231" lon="-34.892285">
    <ele>5.3</ele>
    <time>2020-02-13T01:05:39.000Z</time>
   </trkpt>
   <trkpt lat="-8.036251" lon="-34.892312">
    <ele>5.3</ele>
    <time>2020-02-13T01:05:41.000Z</time>
   </trkpt>
   <trkpt lat="-8.036271" lon="-34.892366">
    <ele>5.5</ele>
    <time>2020-02-13T01:05:43.000Z</time>
   </trkpt>
   <trkpt lat="-8.036288" lon="-34.8924">
    <ele>5.6</ele>
    <time>2020-02-13T01:05:44.000Z</time>
   </trkpt>
   <trkpt lat="-8.036302" lon="-34.892444">
    <ele>5.9</ele>
    <time>2020-02-13T01:05:46.000Z</time>
   </trkpt>
   <trkpt lat="-8.03634" lon="-34.892482">
    <ele>6.2</ele>
    <time>2020-02-13T01:05:48.000Z</time>
   </trkpt>
   <trkpt lat="-8.036364" lon="-34.892502">
    <ele>6.3</ele>
    <time>2020-02-13T01:05:49.000Z</time>
   </trkpt>
   <trkpt lat="-8.036402" lon="-34.892529">
    <ele>6.5</ele>
    <time>2020-02-13T01:05:51.000Z</time>
   </trkpt>
   <trkpt lat="-8.036438" lon="-34.892541">
    <ele>6.7</ele>
    <time>2020-02-13T01:05:53.000Z</time>
   </trkpt>
   <trkpt lat="-8.036485" lon="-34.892561">
    <ele>7</ele>
    <time>2020-02-13T01:05:55.000Z</time>
   </trkpt>
   <trkpt lat="-8.036513" lon="-34.892576">
    <ele>7.1</ele>
    <time>2020-02-13T01:05:56.000Z</time>
   </trkpt>
   <trkpt lat="-8.036551" lon="-34.892587">
    <ele>7.1</ele>
    <time>2020-02-13T01:05:57.000Z</time>
   </trkpt>
   <trkpt lat="-8.03659" lon="-34.892601">
    <ele>7.1</ele>
    <time>2020-02-13T01:05:58.000Z</time>
   </trkpt>
   <trkpt lat="-8.036624" lon="-34.892611">
    <ele>7.1</ele>
    <time>2020-02-13T01:05:59.000Z</time>
   </trkpt>
   <trkpt lat="-8.036658" lon="-34.892635">
    <ele>7.1</ele>
    <time>2020-02-13T01:06:00.000Z</time>
   </trkpt>
   <trkpt lat="-8.036696" lon="-34.892678">
    <ele>7.1</ele>
    <time>2020-02-13T01:06:01.000Z</time>
   </trkpt>
   <trkpt lat="-8.036735" lon="-34.892712">
    <ele>7.1</ele>
    <time>2020-02-13T01:06:02.000Z</time>
   </trkpt>
   <trkpt lat="-8.036773" lon="-34.892741">
    <ele>7.1</ele>
    <time>2020-02-13T01:06:04.000Z</time>
   </trkpt>
   <trkpt lat="-8.03681" lon="-34.89274">
    <ele>7.1</ele>
    <time>2020-02-13T01:06:05.000Z</time>
   </trkpt>
   <trkpt lat="-8.036839" lon="-34.892743">
    <ele>7.1</ele>
    <time>2020-02-13T01:06:06.000Z</time>
   </trkpt>
   <trkpt lat="-8.036827" lon="-34.892772">
    <ele>7.1</ele>
    <time>2020-02-13T01:06:09.000Z</time>
   </trkpt>
   <trkpt lat="-8.036801" lon="-34.892789">
    <ele>7.1</ele>
    <time>2020-02-13T01:06:12.000Z</time>
   </trkpt>
   <trkpt lat="-8.036774" lon="-34.892805">
    <ele>7.1</ele>
    <time>2020-02-13T01:06:18.000Z</time>
   </trkpt>
   <trkpt lat="-8.036748" lon="-34.892821">
    <ele>7.1</ele>
    <time>2020-02-13T01:06:21.000Z</time>
   </trkpt>
   <trkpt lat="-8.036721" lon="-34.892838">
    <ele>7.1</ele>
    <time>2020-02-13T01:06:56.000Z</time>
   </trkpt>
   <trkpt lat="-8.036695" lon="-34.892854">
    <ele>7.1</ele>
    <time>2020-02-13T01:06:58.000Z</time>
   </trkpt>
   <trkpt lat="-8.036668" lon="-34.89287">
    <ele>7.1</ele>
    <time>2020-02-13T01:07:26.000Z</time>
   </trkpt>
   <trkpt lat="-8.036642" lon="-34.892887">
    <ele>7.1</ele>
    <time>2020-02-13T01:07:54.000Z</time>
   </trkpt>
   <trkpt lat="-8.036615" lon="-34.892903">
    <ele>7.1</ele>
    <time>2020-02-13T01:07:55.000Z</time>
   </trkpt>
   <trkpt lat="-8.03665" lon="-34.892887">
    <ele>7.1</ele>
    <time>2020-02-13T01:07:57.000Z</time>
   </trkpt>
   <trkpt lat="-8.036646" lon="-34.892893">
    <ele>7.1</ele>
    <time>2020-02-13T01:08:00.000Z</time>
   </trkpt>
   <trkpt lat="-8.036646" lon="-34.892898">
    <ele>7.1</ele>
    <time>2020-02-13T01:08:03.000Z</time>
   </trkpt>
   <trkpt lat="-8.036591" lon="-34.892761">
    <ele>7.2</ele>
    <time>2020-02-13T01:08:39.000Z</time>
   </trkpt>
   <trkpt lat="-8.036818" lon="-34.892746">
    <ele>7.3</ele>
    <time>2020-02-13T01:09:20.000Z</time>
   </trkpt>
   <trkpt lat="-8.03679" lon="-34.892746">
    <ele>7.3</ele>
    <time>2020-02-13T01:09:21.000Z</time>
   </trkpt>
   <trkpt lat="-8.036749" lon="-34.892716">
    <ele>7.3</ele>
    <time>2020-02-13T01:09:22.000Z</time>
   </trkpt>
   <trkpt lat="-8.036721" lon="-34.892707">
    <ele>7.3</ele>
    <time>2020-02-13T01:09:23.000Z</time>
   </trkpt>
   <trkpt lat="-8.036597" lon="-34.892691">
    <ele>7.4</ele>
    <time>2020-02-13T01:09:24.000Z</time>
   </trkpt>
   <trkpt lat="-8.036602" lon="-34.89269">
    <ele>7.4</ele>
    <time>2020-02-13T01:09:26.000Z</time>
   </trkpt>
   <trkpt lat="-8.036636" lon="-34.892668">
    <ele>7.4</ele>
    <time>2020-02-13T01:09:28.000Z</time>
   </trkpt>
   <trkpt lat="-8.036672" lon="-34.892632">
    <ele>7.5</ele>
    <time>2020-02-13T01:09:29.000Z</time>
   </trkpt>
   <trkpt lat="-8.036714" lon="-34.892603">
    <ele>7.5</ele>
    <time>2020-02-13T01:09:30.000Z</time>
   </trkpt>
   <trkpt lat="-8.036794" lon="-34.89257">
    <ele>7.6</ele>
    <time>2020-02-13T01:09:31.000Z</time>
   </trkpt>
   <trkpt lat="-8.036861" lon="-34.892583">
    <ele>7.6</ele>
    <time>2020-02-13T01:09:32.000Z</time>
   </trkpt>
   <trkpt lat="-8.036882" lon="-34.892631">
    <ele>7.6</ele>
    <time>2020-02-13T01:09:33.000Z</time>
   </trkpt>
   <trkpt lat="-8.036886" lon="-34.892672">
    <ele>7.7</ele>
    <time>2020-02-13T01:09:36.000Z</time>
   </trkpt>
  </trkseg>
 </trk>
</gpx>
