<?xml version="1.0" encoding="UTF-8"?>
<gpx creator="StravaGPX" version="1.1" xmlns="http://www.topografix.com/GPX/1/1">
 <metadata>
  <time>2020-09-20T14:17:39Z</time>
 </metadata>
 <trk>
  <name>Rolê na Ciclofaixa</name>
  <type>1</type>
  <trkseg>
   <trkpt lat="-8.037062" lon="-34.892823">
    <ele>9.1</ele>
    <time>2020-09-20T14:17:39.000Z</time>
   </trkpt>
   <trkpt lat="-8.037092" lon="-34.892834">
    <ele>9.1</ele>
    <time>2020-09-20T14:17:40.000Z</time>
   </trkpt>
   <trkpt lat="-8.037136" lon="-34.892841">
    <ele>9.1</ele>
    <time>2020-09-20T14:17:41.000Z</time>
   </trkpt>
   <trkpt lat="-8.037171" lon="-34.892845">
    <ele>9.2</ele>
    <time>2020-09-20T14:17:42.000Z</time>
   </trkpt>
   <trkpt lat="-8.037215" lon="-34.892853">
    <ele>9.2</ele>
    <time>2020-09-20T14:17:43.000Z</time>
   </trkpt>
   <trkpt lat="-8.037251" lon="-34.892863">
    <ele>9.2</ele>
    <time>2020-09-20T14:17:44.000Z</time>
   </trkpt>
   <trkpt lat="-8.037284" lon="-34.892871">
    <ele>9.3</ele>
    <time>2020-09-20T14:17:45.000Z</time>
   </trkpt>
   <trkpt lat="-8.037315" lon="-34.892875">
    <ele>9.3</ele>
    <time>2020-09-20T14:17:46.000Z</time>
   </trkpt>
   <trkpt lat="-8.037348" lon="-34.892869">
    <ele>9.3</ele>
    <time>2020-09-20T14:17:47.000Z</time>
   </trkpt>
   <trkpt lat="-8.037373" lon="-34.892841">
    <ele>9.4</ele>
    <time>2020-09-20T14:17:48.000Z</time>
   </trkpt>
   <trkpt lat="-8.037384" lon="-34.892803">
    <ele>9.4</ele>
    <time>2020-09-20T14:17:49.000Z</time>
   </trkpt>
   <trkpt lat="-8.037397" lon="-34.892754">
    <ele>9.4</ele>
    <time>2020-09-20T14:17:50.000Z</time>
   </trkpt>
   <trkpt lat="-8.037403" lon="-34.892703">
    <ele>9.5</ele>
    <time>2020-09-20T14:17:51.000Z</time>
   </trkpt>
   <trkpt lat="-8.037418" lon="-34.892656">
    <ele>9.5</ele>
    <time>2020-09-20T14:17:52.000Z</time>
   </trkpt>
   <trkpt lat="-8.037429" lon="-34.892601">
    <ele>9.5</ele>
    <time>2020-09-20T14:17:53.000Z</time>
   </trkpt>
   <trkpt lat="-8.03743" lon="-34.892552">
    <ele>9.5</ele>
    <time>2020-09-20T14:17:54.000Z</time>
   </trkpt>
   <trkpt lat="-8.037429" lon="-34.892502">
    <ele>9.6</ele>
    <time>2020-09-20T14:17:55.000Z</time>
   </trkpt>
   <trkpt lat="-8.037427" lon="-34.892453">
    <ele>9.6</ele>
    <time>2020-09-20T14:17:56.000Z</time>
   </trkpt>
   <trkpt lat="-8.037428" lon="-34.892401">
    <ele>9.7</ele>
    <time>2020-09-20T14:17:57.000Z</time>
   </trkpt>
   <trkpt lat="-8.037426" lon="-34.892355">
    <ele>9.7</ele>
    <time>2020-09-20T14:17:58.000Z</time>
   </trkpt>
   <trkpt lat="-8.037433" lon="-34.892304">
    <ele>9.8</ele>
    <time>2020-09-20T14:17:59.000Z</time>
   </trkpt>
   <trkpt lat="-8.037437" lon="-34.892261">
    <ele>9.9</ele>
    <time>2020-09-20T14:18:00.000Z</time>
   </trkpt>
   <trkpt lat="-8.037434" lon="-34.892214">
    <ele>9.9</ele>
    <time>2020-09-20T14:18:01.000Z</time>
   </trkpt>
   <trkpt lat="-8.037438" lon="-34.892168">
    <ele>10</ele>
    <time>2020-09-20T14:18:02.000Z</time>
   </trkpt>
   <trkpt lat="-8.037445" lon="-34.892129">
    <ele>10.2</ele>
    <time>2020-09-20T14:18:03.000Z</time>
   </trkpt>
   <trkpt lat="-8.037456" lon="-34.892088">
    <ele>10.3</ele>
    <time>2020-09-20T14:18:04.000Z</time>
   </trkpt>
   <trkpt lat="-8.03748" lon="-34.892046">
    <ele>10.5</ele>
    <time>2020-09-20T14:18:05.000Z</time>
   </trkpt>
   <trkpt lat="-8.037506" lon="-34.892007">
    <ele>10.6</ele>
    <time>2020-09-20T14:18:06.000Z</time>
   </trkpt>
   <trkpt lat="-8.03753" lon="-34.89197">
    <ele>10.7</ele>
    <time>2020-09-20T14:18:07.000Z</time>
   </trkpt>
   <trkpt lat="-8.037553" lon="-34.891938">
    <ele>10.7</ele>
    <time>2020-09-20T14:18:08.000Z</time>
   </trkpt>
   <trkpt lat="-8.037577" lon="-34.891912">
    <ele>10.7</ele>
    <time>2020-09-20T14:18:09.000Z</time>
   </trkpt>
   <trkpt lat="-8.037606" lon="-34.891884">
    <ele>10.8</ele>
    <time>2020-09-20T14:18:10.000Z</time>
   </trkpt>
   <trkpt lat="-8.037638" lon="-34.891857">
    <ele>10.9</ele>
    <time>2020-09-20T14:18:11.000Z</time>
   </trkpt>
   <trkpt lat="-8.037663" lon="-34.891828">
    <ele>11</ele>
    <time>2020-09-20T14:18:12.000Z</time>
   </trkpt>
   <trkpt lat="-8.037685" lon="-34.891793">
    <ele>11</ele>
    <time>2020-09-20T14:18:13.000Z</time>
   </trkpt>
   <trkpt lat="-8.037712" lon="-34.891765">
    <ele>11.1</ele>
    <time>2020-09-20T14:18:14.000Z</time>
   </trkpt>
   <trkpt lat="-8.037737" lon="-34.891739">
    <ele>11.1</ele>
    <time>2020-09-20T14:18:15.000Z</time>
   </trkpt>
   <trkpt lat="-8.037757" lon="-34.891711">
    <ele>11.2</ele>
    <time>2020-09-20T14:18:16.000Z</time>
   </trkpt>
   <trkpt lat="-8.037785" lon="-34.891671">
    <ele>11.2</ele>
    <time>2020-09-20T14:18:17.000Z</time>
   </trkpt>
   <trkpt lat="-8.037814" lon="-34.891645">
    <ele>11.2</ele>
    <time>2020-09-20T14:18:18.000Z</time>
   </trkpt>
   <trkpt lat="-8.037847" lon="-34.891635">
    <ele>11.2</ele>
    <time>2020-09-20T14:18:19.000Z</time>
   </trkpt>
   <trkpt lat="-8.037882" lon="-34.891628">
    <ele>11.4</ele>
    <time>2020-09-20T14:18:20.000Z</time>
   </trkpt>
   <trkpt lat="-8.037907" lon="-34.891644">
    <ele>11.4</ele>
    <time>2020-09-20T14:18:21.000Z</time>
   </trkpt>
   <trkpt lat="-8.037933" lon="-34.891657">
    <ele>11.4</ele>
    <time>2020-09-20T14:18:22.000Z</time>
   </trkpt>
   <trkpt lat="-8.037955" lon="-34.891663">
    <ele>11.4</ele>
    <time>2020-09-20T14:18:23.000Z</time>
   </trkpt>
   <trkpt lat="-8.038015" lon="-34.891658">
    <ele>11.4</ele>
    <time>2020-09-20T14:18:25.000Z</time>
   </trkpt>
   <trkpt lat="-8.038042" lon="-34.891659">
    <ele>11.5</ele>
    <time>2020-09-20T14:18:26.000Z</time>
   </trkpt>
   <trkpt lat="-8.038085" lon="-34.89168">
    <ele>11.5</ele>
    <time>2020-09-20T14:18:28.000Z</time>
   </trkpt>
   <trkpt lat="-8.038131" lon="-34.891708">
    <ele>11.5</ele>
    <time>2020-09-20T14:18:30.000Z</time>
   </trkpt>
   <trkpt lat="-8.038156" lon="-34.891718">
    <ele>11.6</ele>
    <time>2020-09-20T14:18:31.000Z</time>
   </trkpt>
   <trkpt lat="-8.038203" lon="-34.891747">
    <ele>11.6</ele>
    <time>2020-09-20T14:18:33.000Z</time>
   </trkpt>
   <trkpt lat="-8.038237" lon="-34.891776">
    <ele>11.7</ele>
    <time>2020-09-20T14:18:35.000Z</time>
   </trkpt>
   <trkpt lat="-8.038273" lon="-34.891799">
    <ele>11.8</ele>
    <time>2020-09-20T14:18:37.000Z</time>
   </trkpt>
   <trkpt lat="-8.0383" lon="-34.891813">
    <ele>11.8</ele>
    <time>2020-09-20T14:18:39.000Z</time>
   </trkpt>
   <trkpt lat="-8.038326" lon="-34.891834">
    <ele>11.9</ele>
    <time>2020-09-20T14:18:41.000Z</time>
   </trkpt>
   <trkpt lat="-8.03835" lon="-34.891852">
    <ele>12</ele>
    <time>2020-09-20T14:18:43.000Z</time>
   </trkpt>
   <trkpt lat="-8.038378" lon="-34.89187">
    <ele>12</ele>
    <time>2020-09-20T14:18:46.000Z</time>
   </trkpt>
   <trkpt lat="-8.038403" lon="-34.89188">
    <ele>12.1</ele>
    <time>2020-09-20T14:18:48.000Z</time>
   </trkpt>
   <trkpt lat="-8.038428" lon="-34.891906">
    <ele>12.2</ele>
    <time>2020-09-20T14:18:51.000Z</time>
   </trkpt>
   <trkpt lat="-8.038461" lon="-34.891938">
    <ele>12.3</ele>
    <time>2020-09-20T14:18:53.000Z</time>
   </trkpt>
   <trkpt lat="-8.03849" lon="-34.89197">
    <ele>12.4</ele>
    <time>2020-09-20T14:18:55.000Z</time>
   </trkpt>
   <trkpt lat="-8.038517" lon="-34.891992">
    <ele>12.4</ele>
    <time>2020-09-20T14:18:57.000Z</time>
   </trkpt>
   <trkpt lat="-8.038555" lon="-34.891994">
    <ele>12.5</ele>
    <time>2020-09-20T14:18:59.000Z</time>
   </trkpt>
   <trkpt lat="-8.038563" lon="-34.891998">
    <ele>12.5</ele>
    <time>2020-09-20T14:19:01.000Z</time>
   </trkpt>
   <trkpt lat="-8.038602" lon="-34.892006">
    <ele>12.5</ele>
    <time>2020-09-20T14:19:06.000Z</time>
   </trkpt>
   <trkpt lat="-8.038642" lon="-34.892035">
    <ele>12.5</ele>
    <time>2020-09-20T14:19:08.000Z</time>
   </trkpt>
   <trkpt lat="-8.038688" lon="-34.892063">
    <ele>12.5</ele>
    <time>2020-09-20T14:19:10.000Z</time>
   </trkpt>
   <trkpt lat="-8.038721" lon="-34.892078">
    <ele>12.5</ele>
    <time>2020-09-20T14:19:11.000Z</time>
   </trkpt>
   <trkpt lat="-8.038757" lon="-34.892093">
    <ele>12.5</ele>
    <time>2020-09-20T14:19:12.000Z</time>
   </trkpt>
   <trkpt lat="-8.038795" lon="-34.892107">
    <ele>12.5</ele>
    <time>2020-09-20T14:19:13.000Z</time>
   </trkpt>
   <trkpt lat="-8.038846" lon="-34.892124">
    <ele>12.5</ele>
    <time>2020-09-20T14:19:14.000Z</time>
   </trkpt>
   <trkpt lat="-8.038891" lon="-34.892143">
    <ele>12.5</ele>
    <time>2020-09-20T14:19:15.000Z</time>
   </trkpt>
   <trkpt lat="-8.03894" lon="-34.892162">
    <ele>12.5</ele>
    <time>2020-09-20T14:19:16.000Z</time>
   </trkpt>
   <trkpt lat="-8.038993" lon="-34.89218">
    <ele>12.5</ele>
    <time>2020-09-20T14:19:17.000Z</time>
   </trkpt>
   <trkpt lat="-8.039048" lon="-34.892185">
    <ele>12.5</ele>
    <time>2020-09-20T14:19:18.000Z</time>
   </trkpt>
   <trkpt lat="-8.039109" lon="-34.892195">
    <ele>12.5</ele>
    <time>2020-09-20T14:19:19.000Z</time>
   </trkpt>
   <trkpt lat="-8.039169" lon="-34.892199">
    <ele>12.5</ele>
    <time>2020-09-20T14:19:20.000Z</time>
   </trkpt>
   <trkpt lat="-8.039222" lon="-34.892209">
    <ele>12.5</ele>
    <time>2020-09-20T14:19:21.000Z</time>
   </trkpt>
   <trkpt lat="-8.039276" lon="-34.892218">
    <ele>12.5</ele>
    <time>2020-09-20T14:19:22.000Z</time>
   </trkpt>
   <trkpt lat="-8.039333" lon="-34.892228">
    <ele>12.4</ele>
    <time>2020-09-20T14:19:23.000Z</time>
   </trkpt>
   <trkpt lat="-8.039388" lon="-34.892229">
    <ele>12.4</ele>
    <time>2020-09-20T14:19:24.000Z</time>
   </trkpt>
   <trkpt lat="-8.039449" lon="-34.892229">
    <ele>12.4</ele>
    <time>2020-09-20T14:19:25.000Z</time>
   </trkpt>
   <trkpt lat="-8.039503" lon="-34.892231">
    <ele>12.4</ele>
    <time>2020-09-20T14:19:26.000Z</time>
   </trkpt>
   <trkpt lat="-8.039544" lon="-34.892241">
    <ele>12.4</ele>
    <time>2020-09-20T14:19:27.000Z</time>
   </trkpt>
   <trkpt lat="-8.039585" lon="-34.892252">
    <ele>12.4</ele>
    <time>2020-09-20T14:19:28.000Z</time>
   </trkpt>
   <trkpt lat="-8.039628" lon="-34.892261">
    <ele>12.5</ele>
    <time>2020-09-20T14:19:29.000Z</time>
   </trkpt>
   <trkpt lat="-8.039674" lon="-34.892267">
    <ele>12.5</ele>
    <time>2020-09-20T14:19:30.000Z</time>
   </trkpt>
   <trkpt lat="-8.039719" lon="-34.892266">
    <ele>12.5</ele>
    <time>2020-09-20T14:19:31.000Z</time>
   </trkpt>
   <trkpt lat="-8.039764" lon="-34.89227">
    <ele>12.5</ele>
    <time>2020-09-20T14:19:32.000Z</time>
   </trkpt>
   <trkpt lat="-8.0398" lon="-34.892296">
    <ele>12.6</ele>
    <time>2020-09-20T14:19:33.000Z</time>
   </trkpt>
   <trkpt lat="-8.039834" lon="-34.892331">
    <ele>12.6</ele>
    <time>2020-09-20T14:19:34.000Z</time>
   </trkpt>
   <trkpt lat="-8.03987" lon="-34.892361">
    <ele>12.6</ele>
    <time>2020-09-20T14:19:35.000Z</time>
   </trkpt>
   <trkpt lat="-8.039913" lon="-34.892391">
    <ele>12.6</ele>
    <time>2020-09-20T14:19:36.000Z</time>
   </trkpt>
   <trkpt lat="-8.039955" lon="-34.892419">
    <ele>12.6</ele>
    <time>2020-09-20T14:19:37.000Z</time>
   </trkpt>
   <trkpt lat="-8.039993" lon="-34.892447">
    <ele>12.6</ele>
    <time>2020-09-20T14:19:38.000Z</time>
   </trkpt>
   <trkpt lat="-8.040031" lon="-34.892481">
    <ele>12.6</ele>
    <time>2020-09-20T14:19:39.000Z</time>
   </trkpt>
   <trkpt lat="-8.040069" lon="-34.892513">
    <ele>12.6</ele>
    <time>2020-09-20T14:19:40.000Z</time>
   </trkpt>
   <trkpt lat="-8.04011" lon="-34.892542">
    <ele>12.5</ele>
    <time>2020-09-20T14:19:41.000Z</time>
   </trkpt>
   <trkpt lat="-8.040146" lon="-34.892574">
    <ele>12.5</ele>
    <time>2020-09-20T14:19:42.000Z</time>
   </trkpt>
   <trkpt lat="-8.040179" lon="-34.892604">
    <ele>12.5</ele>
    <time>2020-09-20T14:19:43.000Z</time>
   </trkpt>
   <trkpt lat="-8.040214" lon="-34.892635">
    <ele>12.5</ele>
    <time>2020-09-20T14:19:44.000Z</time>
   </trkpt>
   <trkpt lat="-8.040249" lon="-34.892659">
    <ele>12.5</ele>
    <time>2020-09-20T14:19:45.000Z</time>
   </trkpt>
   <trkpt lat="-8.040283" lon="-34.892691">
    <ele>12.5</ele>
    <time>2020-09-20T14:19:46.000Z</time>
   </trkpt>
   <trkpt lat="-8.040316" lon="-34.892721">
    <ele>12.5</ele>
    <time>2020-09-20T14:19:47.000Z</time>
   </trkpt>
   <trkpt lat="-8.040352" lon="-34.892753">
    <ele>12.5</ele>
    <time>2020-09-20T14:19:48.000Z</time>
   </trkpt>
   <trkpt lat="-8.040385" lon="-34.892781">
    <ele>12.5</ele>
    <time>2020-09-20T14:19:49.000Z</time>
   </trkpt>
   <trkpt lat="-8.040418" lon="-34.892812">
    <ele>12.5</ele>
    <time>2020-09-20T14:19:50.000Z</time>
   </trkpt>
   <trkpt lat="-8.040451" lon="-34.892842">
    <ele>12.5</ele>
    <time>2020-09-20T14:19:51.000Z</time>
   </trkpt>
   <trkpt lat="-8.040485" lon="-34.892875">
    <ele>12.5</ele>
    <time>2020-09-20T14:19:52.000Z</time>
   </trkpt>
   <trkpt lat="-8.040521" lon="-34.892906">
    <ele>12.5</ele>
    <time>2020-09-20T14:19:53.000Z</time>
   </trkpt>
   <trkpt lat="-8.040557" lon="-34.892934">
    <ele>12.5</ele>
    <time>2020-09-20T14:19:54.000Z</time>
   </trkpt>
   <trkpt lat="-8.040593" lon="-34.892972">
    <ele>12.5</ele>
    <time>2020-09-20T14:19:55.000Z</time>
   </trkpt>
   <trkpt lat="-8.040624" lon="-34.893007">
    <ele>12.5</ele>
    <time>2020-09-20T14:19:56.000Z</time>
   </trkpt>
   <trkpt lat="-8.040655" lon="-34.893045">
    <ele>12.5</ele>
    <time>2020-09-20T14:19:57.000Z</time>
   </trkpt>
   <trkpt lat="-8.040694" lon="-34.893085">
    <ele>12.5</ele>
    <time>2020-09-20T14:19:58.000Z</time>
   </trkpt>
   <trkpt lat="-8.04073" lon="-34.893122">
    <ele>12.5</ele>
    <time>2020-09-20T14:19:59.000Z</time>
   </trkpt>
   <trkpt lat="-8.040772" lon="-34.893154">
    <ele>12.5</ele>
    <time>2020-09-20T14:20:00.000Z</time>
   </trkpt>
   <trkpt lat="-8.040806" lon="-34.893183">
    <ele>12.5</ele>
    <time>2020-09-20T14:20:01.000Z</time>
   </trkpt>
   <trkpt lat="-8.040836" lon="-34.89321">
    <ele>12.5</ele>
    <time>2020-09-20T14:20:02.000Z</time>
   </trkpt>
   <trkpt lat="-8.040871" lon="-34.89324">
    <ele>12.5</ele>
    <time>2020-09-20T14:20:03.000Z</time>
   </trkpt>
   <trkpt lat="-8.040906" lon="-34.893272">
    <ele>12.6</ele>
    <time>2020-09-20T14:20:04.000Z</time>
   </trkpt>
   <trkpt lat="-8.040927" lon="-34.893302">
    <ele>12.6</ele>
    <time>2020-09-20T14:20:05.000Z</time>
   </trkpt>
   <trkpt lat="-8.040947" lon="-34.893322">
    <ele>12.6</ele>
    <time>2020-09-20T14:20:06.000Z</time>
   </trkpt>
   <trkpt lat="-8.040967" lon="-34.893343">
    <ele>12.6</ele>
    <time>2020-09-20T14:20:07.000Z</time>
   </trkpt>
   <trkpt lat="-8.040976" lon="-34.893373">
    <ele>12.6</ele>
    <time>2020-09-20T14:20:08.000Z</time>
   </trkpt>
   <trkpt lat="-8.040993" lon="-34.89341">
    <ele>12.6</ele>
    <time>2020-09-20T14:20:09.000Z</time>
   </trkpt>
   <trkpt lat="-8.041011" lon="-34.893441">
    <ele>12.6</ele>
    <time>2020-09-20T14:20:10.000Z</time>
   </trkpt>
   <trkpt lat="-8.041027" lon="-34.893478">
    <ele>12.6</ele>
    <time>2020-09-20T14:20:11.000Z</time>
   </trkpt>
   <trkpt lat="-8.04105" lon="-34.893519">
    <ele>12.7</ele>
    <time>2020-09-20T14:20:12.000Z</time>
   </trkpt>
   <trkpt lat="-8.04107" lon="-34.893552">
    <ele>12.7</ele>
    <time>2020-09-20T14:20:13.000Z</time>
   </trkpt>
   <trkpt lat="-8.041088" lon="-34.893576">
    <ele>12.7</ele>
    <time>2020-09-20T14:20:14.000Z</time>
   </trkpt>
   <trkpt lat="-8.041111" lon="-34.893592">
    <ele>12.7</ele>
    <time>2020-09-20T14:20:15.000Z</time>
   </trkpt>
   <trkpt lat="-8.041144" lon="-34.893617">
    <ele>12.7</ele>
    <time>2020-09-20T14:20:16.000Z</time>
   </trkpt>
   <trkpt lat="-8.041177" lon="-34.893637">
    <ele>12.7</ele>
    <time>2020-09-20T14:20:17.000Z</time>
   </trkpt>
   <trkpt lat="-8.041209" lon="-34.893654">
    <ele>12.8</ele>
    <time>2020-09-20T14:20:18.000Z</time>
   </trkpt>
   <trkpt lat="-8.041246" lon="-34.893681">
    <ele>12.8</ele>
    <time>2020-09-20T14:20:19.000Z</time>
   </trkpt>
   <trkpt lat="-8.041293" lon="-34.893708">
    <ele>12.8</ele>
    <time>2020-09-20T14:20:20.000Z</time>
   </trkpt>
   <trkpt lat="-8.041339" lon="-34.893727">
    <ele>12.8</ele>
    <time>2020-09-20T14:20:21.000Z</time>
   </trkpt>
   <trkpt lat="-8.041397" lon="-34.893728">
    <ele>12.8</ele>
    <time>2020-09-20T14:20:22.000Z</time>
   </trkpt>
   <trkpt lat="-8.041447" lon="-34.893724">
    <ele>12.9</ele>
    <time>2020-09-20T14:20:23.000Z</time>
   </trkpt>
   <trkpt lat="-8.041487" lon="-34.89371">
    <ele>12.9</ele>
    <time>2020-09-20T14:20:24.000Z</time>
   </trkpt>
   <trkpt lat="-8.041505" lon="-34.893673">
    <ele>12.9</ele>
    <time>2020-09-20T14:20:25.000Z</time>
   </trkpt>
   <trkpt lat="-8.041529" lon="-34.893631">
    <ele>13</ele>
    <time>2020-09-20T14:20:26.000Z</time>
   </trkpt>
   <trkpt lat="-8.041549" lon="-34.893591">
    <ele>13</ele>
    <time>2020-09-20T14:20:27.000Z</time>
   </trkpt>
   <trkpt lat="-8.041572" lon="-34.893547">
    <ele>13</ele>
    <time>2020-09-20T14:20:28.000Z</time>
   </trkpt>
   <trkpt lat="-8.0416" lon="-34.893504">
    <ele>13.1</ele>
    <time>2020-09-20T14:20:29.000Z</time>
   </trkpt>
   <trkpt lat="-8.041638" lon="-34.893463">
    <ele>13.1</ele>
    <time>2020-09-20T14:20:30.000Z</time>
   </trkpt>
   <trkpt lat="-8.041672" lon="-34.893419">
    <ele>13.2</ele>
    <time>2020-09-20T14:20:31.000Z</time>
   </trkpt>
   <trkpt lat="-8.041712" lon="-34.893373">
    <ele>13.2</ele>
    <time>2020-09-20T14:20:32.000Z</time>
   </trkpt>
   <trkpt lat="-8.041752" lon="-34.893327">
    <ele>13.3</ele>
    <time>2020-09-20T14:20:33.000Z</time>
   </trkpt>
   <trkpt lat="-8.041793" lon="-34.893276">
    <ele>13.3</ele>
    <time>2020-09-20T14:20:34.000Z</time>
   </trkpt>
   <trkpt lat="-8.04183" lon="-34.893227">
    <ele>13.4</ele>
    <time>2020-09-20T14:20:35.000Z</time>
   </trkpt>
   <trkpt lat="-8.041871" lon="-34.89318">
    <ele>13.4</ele>
    <time>2020-09-20T14:20:36.000Z</time>
   </trkpt>
   <trkpt lat="-8.041902" lon="-34.89312">
    <ele>13.4</ele>
    <time>2020-09-20T14:20:37.000Z</time>
   </trkpt>
   <trkpt lat="-8.041929" lon="-34.89307">
    <ele>13.4</ele>
    <time>2020-09-20T14:20:38.000Z</time>
   </trkpt>
   <trkpt lat="-8.041958" lon="-34.893024">
    <ele>13.4</ele>
    <time>2020-09-20T14:20:39.000Z</time>
   </trkpt>
   <trkpt lat="-8.041983" lon="-34.892982">
    <ele>13.5</ele>
    <time>2020-09-20T14:20:40.000Z</time>
   </trkpt>
   <trkpt lat="-8.042003" lon="-34.892943">
    <ele>13.5</ele>
    <time>2020-09-20T14:20:41.000Z</time>
   </trkpt>
   <trkpt lat="-8.042017" lon="-34.8929">
    <ele>13.5</ele>
    <time>2020-09-20T14:20:42.000Z</time>
   </trkpt>
   <trkpt lat="-8.04203" lon="-34.892869">
    <ele>13.5</ele>
    <time>2020-09-20T14:20:43.000Z</time>
   </trkpt>
   <trkpt lat="-8.042043" lon="-34.892843">
    <ele>13.5</ele>
    <time>2020-09-20T14:20:44.000Z</time>
   </trkpt>
   <trkpt lat="-8.042061" lon="-34.892813">
    <ele>13.5</ele>
    <time>2020-09-20T14:20:45.000Z</time>
   </trkpt>
   <trkpt lat="-8.042092" lon="-34.892771">
    <ele>13.5</ele>
    <time>2020-09-20T14:20:46.000Z</time>
   </trkpt>
   <trkpt lat="-8.042111" lon="-34.892746">
    <ele>13.5</ele>
    <time>2020-09-20T14:20:47.000Z</time>
   </trkpt>
   <trkpt lat="-8.042141" lon="-34.892719">
    <ele>13.5</ele>
    <time>2020-09-20T14:20:48.000Z</time>
   </trkpt>
   <trkpt lat="-8.042157" lon="-34.89269">
    <ele>13.5</ele>
    <time>2020-09-20T14:20:49.000Z</time>
   </trkpt>
   <trkpt lat="-8.042175" lon="-34.892639">
    <ele>13.5</ele>
    <time>2020-09-20T14:20:50.000Z</time>
   </trkpt>
   <trkpt lat="-8.042186" lon="-34.892606">
    <ele>13.6</ele>
    <time>2020-09-20T14:20:51.000Z</time>
   </trkpt>
   <trkpt lat="-8.042204" lon="-34.892578">
    <ele>13.6</ele>
    <time>2020-09-20T14:20:52.000Z</time>
   </trkpt>
   <trkpt lat="-8.042222" lon="-34.892549">
    <ele>13.6</ele>
    <time>2020-09-20T14:20:53.000Z</time>
   </trkpt>
   <trkpt lat="-8.04225" lon="-34.892509">
    <ele>13.6</ele>
    <time>2020-09-20T14:20:54.000Z</time>
   </trkpt>
   <trkpt lat="-8.042293" lon="-34.892475">
    <ele>13.6</ele>
    <time>2020-09-20T14:20:55.000Z</time>
   </trkpt>
   <trkpt lat="-8.042337" lon="-34.892437">
    <ele>13.6</ele>
    <time>2020-09-20T14:20:56.000Z</time>
   </trkpt>
   <trkpt lat="-8.042388" lon="-34.892393">
    <ele>13.5</ele>
    <time>2020-09-20T14:20:57.000Z</time>
   </trkpt>
   <trkpt lat="-8.042425" lon="-34.892358">
    <ele>13.5</ele>
    <time>2020-09-20T14:20:58.000Z</time>
   </trkpt>
   <trkpt lat="-8.042459" lon="-34.89232">
    <ele>13.5</ele>
    <time>2020-09-20T14:20:59.000Z</time>
   </trkpt>
   <trkpt lat="-8.042506" lon="-34.892285">
    <ele>13.5</ele>
    <time>2020-09-20T14:21:00.000Z</time>
   </trkpt>
   <trkpt lat="-8.042554" lon="-34.892242">
    <ele>13.5</ele>
    <time>2020-09-20T14:21:01.000Z</time>
   </trkpt>
   <trkpt lat="-8.042597" lon="-34.892206">
    <ele>13.4</ele>
    <time>2020-09-20T14:21:02.000Z</time>
   </trkpt>
   <trkpt lat="-8.042631" lon="-34.89217">
    <ele>13.4</ele>
    <time>2020-09-20T14:21:03.000Z</time>
   </trkpt>
   <trkpt lat="-8.042669" lon="-34.892137">
    <ele>13.4</ele>
    <time>2020-09-20T14:21:04.000Z</time>
   </trkpt>
   <trkpt lat="-8.042712" lon="-34.892102">
    <ele>13.4</ele>
    <time>2020-09-20T14:21:05.000Z</time>
   </trkpt>
   <trkpt lat="-8.042759" lon="-34.892058">
    <ele>13.3</ele>
    <time>2020-09-20T14:21:06.000Z</time>
   </trkpt>
   <trkpt lat="-8.04281" lon="-34.892008">
    <ele>13.3</ele>
    <time>2020-09-20T14:21:07.000Z</time>
   </trkpt>
   <trkpt lat="-8.042857" lon="-34.891974">
    <ele>13.2</ele>
    <time>2020-09-20T14:21:08.000Z</time>
   </trkpt>
   <trkpt lat="-8.042901" lon="-34.891936">
    <ele>13.2</ele>
    <time>2020-09-20T14:21:09.000Z</time>
   </trkpt>
   <trkpt lat="-8.042946" lon="-34.891894">
    <ele>13.2</ele>
    <time>2020-09-20T14:21:10.000Z</time>
   </trkpt>
   <trkpt lat="-8.042991" lon="-34.891858">
    <ele>13.1</ele>
    <time>2020-09-20T14:21:11.000Z</time>
   </trkpt>
   <trkpt lat="-8.043039" lon="-34.891809">
    <ele>13.1</ele>
    <time>2020-09-20T14:21:12.000Z</time>
   </trkpt>
   <trkpt lat="-8.043082" lon="-34.89176">
    <ele>13.1</ele>
    <time>2020-09-20T14:21:13.000Z</time>
   </trkpt>
   <trkpt lat="-8.043115" lon="-34.891714">
    <ele>13.1</ele>
    <time>2020-09-20T14:21:14.000Z</time>
   </trkpt>
   <trkpt lat="-8.043164" lon="-34.891664">
    <ele>13.1</ele>
    <time>2020-09-20T14:21:15.000Z</time>
   </trkpt>
   <trkpt lat="-8.043213" lon="-34.891619">
    <ele>13.1</ele>
    <time>2020-09-20T14:21:16.000Z</time>
   </trkpt>
   <trkpt lat="-8.043254" lon="-34.891569">
    <ele>13</ele>
    <time>2020-09-20T14:21:17.000Z</time>
   </trkpt>
   <trkpt lat="-8.043303" lon="-34.891528">
    <ele>13</ele>
    <time>2020-09-20T14:21:18.000Z</time>
   </trkpt>
   <trkpt lat="-8.043336" lon="-34.891486">
    <ele>13</ele>
    <time>2020-09-20T14:21:19.000Z</time>
   </trkpt>
   <trkpt lat="-8.043368" lon="-34.891445">
    <ele>13</ele>
    <time>2020-09-20T14:21:20.000Z</time>
   </trkpt>
   <trkpt lat="-8.043412" lon="-34.891402">
    <ele>12.9</ele>
    <time>2020-09-20T14:21:21.000Z</time>
   </trkpt>
   <trkpt lat="-8.043456" lon="-34.891363">
    <ele>12.9</ele>
    <time>2020-09-20T14:21:22.000Z</time>
   </trkpt>
   <trkpt lat="-8.043497" lon="-34.891322">
    <ele>12.8</ele>
    <time>2020-09-20T14:21:23.000Z</time>
   </trkpt>
   <trkpt lat="-8.043537" lon="-34.891281">
    <ele>12.8</ele>
    <time>2020-09-20T14:21:24.000Z</time>
   </trkpt>
   <trkpt lat="-8.043575" lon="-34.89124">
    <ele>12.7</ele>
    <time>2020-09-20T14:21:25.000Z</time>
   </trkpt>
   <trkpt lat="-8.043613" lon="-34.891185">
    <ele>12.7</ele>
    <time>2020-09-20T14:21:26.000Z</time>
   </trkpt>
   <trkpt lat="-8.043655" lon="-34.891125">
    <ele>12.7</ele>
    <time>2020-09-20T14:21:27.000Z</time>
   </trkpt>
   <trkpt lat="-8.0437" lon="-34.891075">
    <ele>12.6</ele>
    <time>2020-09-20T14:21:28.000Z</time>
   </trkpt>
   <trkpt lat="-8.043741" lon="-34.891017">
    <ele>12.6</ele>
    <time>2020-09-20T14:21:29.000Z</time>
   </trkpt>
   <trkpt lat="-8.0438" lon="-34.89097">
    <ele>12.5</ele>
    <time>2020-09-20T14:21:30.000Z</time>
   </trkpt>
   <trkpt lat="-8.043848" lon="-34.890919">
    <ele>12.4</ele>
    <time>2020-09-20T14:21:31.000Z</time>
   </trkpt>
   <trkpt lat="-8.043899" lon="-34.890874">
    <ele>12.3</ele>
    <time>2020-09-20T14:21:32.000Z</time>
   </trkpt>
   <trkpt lat="-8.043952" lon="-34.890821">
    <ele>12.1</ele>
    <time>2020-09-20T14:21:33.000Z</time>
   </trkpt>
   <trkpt lat="-8.04401" lon="-34.89077">
    <ele>12</ele>
    <time>2020-09-20T14:21:34.000Z</time>
   </trkpt>
   <trkpt lat="-8.044069" lon="-34.890716">
    <ele>11.8</ele>
    <time>2020-09-20T14:21:35.000Z</time>
   </trkpt>
   <trkpt lat="-8.04413" lon="-34.890646">
    <ele>11.6</ele>
    <time>2020-09-20T14:21:36.000Z</time>
   </trkpt>
   <trkpt lat="-8.044177" lon="-34.890591">
    <ele>11.4</ele>
    <time>2020-09-20T14:21:37.000Z</time>
   </trkpt>
   <trkpt lat="-8.044226" lon="-34.890537">
    <ele>11.3</ele>
    <time>2020-09-20T14:21:38.000Z</time>
   </trkpt>
   <trkpt lat="-8.044286" lon="-34.890497">
    <ele>11.2</ele>
    <time>2020-09-20T14:21:39.000Z</time>
   </trkpt>
   <trkpt lat="-8.044339" lon="-34.890441">
    <ele>11.1</ele>
    <time>2020-09-20T14:21:40.000Z</time>
   </trkpt>
   <trkpt lat="-8.044396" lon="-34.890386">
    <ele>11</ele>
    <time>2020-09-20T14:21:41.000Z</time>
   </trkpt>
   <trkpt lat="-8.044449" lon="-34.890331">
    <ele>10.9</ele>
    <time>2020-09-20T14:21:42.000Z</time>
   </trkpt>
   <trkpt lat="-8.044507" lon="-34.890278">
    <ele>10.8</ele>
    <time>2020-09-20T14:21:43.000Z</time>
   </trkpt>
   <trkpt lat="-8.044557" lon="-34.890228">
    <ele>10.8</ele>
    <time>2020-09-20T14:21:44.000Z</time>
   </trkpt>
   <trkpt lat="-8.044614" lon="-34.890183">
    <ele>10.8</ele>
    <time>2020-09-20T14:21:45.000Z</time>
   </trkpt>
   <trkpt lat="-8.044683" lon="-34.890149">
    <ele>10.9</ele>
    <time>2020-09-20T14:21:46.000Z</time>
   </trkpt>
   <trkpt lat="-8.044747" lon="-34.890123">
    <ele>10.9</ele>
    <time>2020-09-20T14:21:47.000Z</time>
   </trkpt>
   <trkpt lat="-8.044815" lon="-34.890102">
    <ele>10.9</ele>
    <time>2020-09-20T14:21:48.000Z</time>
   </trkpt>
   <trkpt lat="-8.04489" lon="-34.890087">
    <ele>11</ele>
    <time>2020-09-20T14:21:49.000Z</time>
   </trkpt>
   <trkpt lat="-8.044956" lon="-34.890075">
    <ele>11</ele>
    <time>2020-09-20T14:21:50.000Z</time>
   </trkpt>
   <trkpt lat="-8.045018" lon="-34.890065">
    <ele>11</ele>
    <time>2020-09-20T14:21:51.000Z</time>
   </trkpt>
   <trkpt lat="-8.045083" lon="-34.890059">
    <ele>11</ele>
    <time>2020-09-20T14:21:52.000Z</time>
   </trkpt>
   <trkpt lat="-8.045146" lon="-34.890051">
    <ele>11</ele>
    <time>2020-09-20T14:21:53.000Z</time>
   </trkpt>
   <trkpt lat="-8.045213" lon="-34.89004">
    <ele>11</ele>
    <time>2020-09-20T14:21:54.000Z</time>
   </trkpt>
   <trkpt lat="-8.045279" lon="-34.89003">
    <ele>11</ele>
    <time>2020-09-20T14:21:55.000Z</time>
   </trkpt>
   <trkpt lat="-8.045337" lon="-34.890021">
    <ele>10.9</ele>
    <time>2020-09-20T14:21:56.000Z</time>
   </trkpt>
   <trkpt lat="-8.045394" lon="-34.890017">
    <ele>10.8</ele>
    <time>2020-09-20T14:21:57.000Z</time>
   </trkpt>
   <trkpt lat="-8.045462" lon="-34.890015">
    <ele>10.7</ele>
    <time>2020-09-20T14:21:58.000Z</time>
   </trkpt>
   <trkpt lat="-8.045527" lon="-34.890009">
    <ele>10.6</ele>
    <time>2020-09-20T14:21:59.000Z</time>
   </trkpt>
   <trkpt lat="-8.045594" lon="-34.890007">
    <ele>10.5</ele>
    <time>2020-09-20T14:22:00.000Z</time>
   </trkpt>
   <trkpt lat="-8.045667" lon="-34.890009">
    <ele>10.4</ele>
    <time>2020-09-20T14:22:01.000Z</time>
   </trkpt>
   <trkpt lat="-8.045733" lon="-34.89001">
    <ele>10.3</ele>
    <time>2020-09-20T14:22:02.000Z</time>
   </trkpt>
   <trkpt lat="-8.045797" lon="-34.890005">
    <ele>10.3</ele>
    <time>2020-09-20T14:22:03.000Z</time>
   </trkpt>
   <trkpt lat="-8.045859" lon="-34.89">
    <ele>10.3</ele>
    <time>2020-09-20T14:22:04.000Z</time>
   </trkpt>
   <trkpt lat="-8.045939" lon="-34.889995">
    <ele>10.3</ele>
    <time>2020-09-20T14:22:05.000Z</time>
   </trkpt>
   <trkpt lat="-8.04601" lon="-34.889986">
    <ele>10.3</ele>
    <time>2020-09-20T14:22:06.000Z</time>
   </trkpt>
   <trkpt lat="-8.046074" lon="-34.889984">
    <ele>10.4</ele>
    <time>2020-09-20T14:22:07.000Z</time>
   </trkpt>
   <trkpt lat="-8.046141" lon="-34.889982">
    <ele>10.4</ele>
    <time>2020-09-20T14:22:08.000Z</time>
   </trkpt>
   <trkpt lat="-8.046206" lon="-34.889976">
    <ele>10.5</ele>
    <time>2020-09-20T14:22:09.000Z</time>
   </trkpt>
   <trkpt lat="-8.046285" lon="-34.88997">
    <ele>10.6</ele>
    <time>2020-09-20T14:22:10.000Z</time>
   </trkpt>
   <trkpt lat="-8.046357" lon="-34.889961">
    <ele>10.6</ele>
    <time>2020-09-20T14:22:11.000Z</time>
   </trkpt>
   <trkpt lat="-8.046423" lon="-34.889957">
    <ele>10.6</ele>
    <time>2020-09-20T14:22:12.000Z</time>
   </trkpt>
   <trkpt lat="-8.046499" lon="-34.88995">
    <ele>10.7</ele>
    <time>2020-09-20T14:22:13.000Z</time>
   </trkpt>
   <trkpt lat="-8.046571" lon="-34.889946">
    <ele>10.7</ele>
    <time>2020-09-20T14:22:14.000Z</time>
   </trkpt>
   <trkpt lat="-8.046642" lon="-34.889943">
    <ele>10.7</ele>
    <time>2020-09-20T14:22:15.000Z</time>
   </trkpt>
   <trkpt lat="-8.046717" lon="-34.889938">
    <ele>10.7</ele>
    <time>2020-09-20T14:22:16.000Z</time>
   </trkpt>
   <trkpt lat="-8.046784" lon="-34.88993">
    <ele>10.8</ele>
    <time>2020-09-20T14:22:17.000Z</time>
   </trkpt>
   <trkpt lat="-8.046851" lon="-34.889922">
    <ele>10.8</ele>
    <time>2020-09-20T14:22:18.000Z</time>
   </trkpt>
   <trkpt lat="-8.046916" lon="-34.889915">
    <ele>10.8</ele>
    <time>2020-09-20T14:22:19.000Z</time>
   </trkpt>
   <trkpt lat="-8.046984" lon="-34.88991">
    <ele>10.8</ele>
    <time>2020-09-20T14:22:20.000Z</time>
   </trkpt>
   <trkpt lat="-8.047052" lon="-34.889904">
    <ele>10.9</ele>
    <time>2020-09-20T14:22:21.000Z</time>
   </trkpt>
   <trkpt lat="-8.047116" lon="-34.889896">
    <ele>10.9</ele>
    <time>2020-09-20T14:22:22.000Z</time>
   </trkpt>
   <trkpt lat="-8.047185" lon="-34.88989">
    <ele>10.9</ele>
    <time>2020-09-20T14:22:23.000Z</time>
   </trkpt>
   <trkpt lat="-8.047259" lon="-34.889883">
    <ele>10.9</ele>
    <time>2020-09-20T14:22:24.000Z</time>
   </trkpt>
   <trkpt lat="-8.047323" lon="-34.889871">
    <ele>10.8</ele>
    <time>2020-09-20T14:22:25.000Z</time>
   </trkpt>
   <trkpt lat="-8.047401" lon="-34.889863">
    <ele>10.8</ele>
    <time>2020-09-20T14:22:26.000Z</time>
   </trkpt>
   <trkpt lat="-8.047474" lon="-34.889861">
    <ele>10.8</ele>
    <time>2020-09-20T14:22:27.000Z</time>
   </trkpt>
   <trkpt lat="-8.047538" lon="-34.889859">
    <ele>10.8</ele>
    <time>2020-09-20T14:22:28.000Z</time>
   </trkpt>
   <trkpt lat="-8.047598" lon="-34.889856">
    <ele>10.9</ele>
    <time>2020-09-20T14:22:29.000Z</time>
   </trkpt>
   <trkpt lat="-8.047663" lon="-34.889853">
    <ele>10.9</ele>
    <time>2020-09-20T14:22:30.000Z</time>
   </trkpt>
   <trkpt lat="-8.047728" lon="-34.889856">
    <ele>10.9</ele>
    <time>2020-09-20T14:22:31.000Z</time>
   </trkpt>
   <trkpt lat="-8.047794" lon="-34.889851">
    <ele>11</ele>
    <time>2020-09-20T14:22:32.000Z</time>
   </trkpt>
   <trkpt lat="-8.04786" lon="-34.889846">
    <ele>11</ele>
    <time>2020-09-20T14:22:33.000Z</time>
   </trkpt>
   <trkpt lat="-8.047921" lon="-34.889842">
    <ele>11</ele>
    <time>2020-09-20T14:22:34.000Z</time>
   </trkpt>
   <trkpt lat="-8.047976" lon="-34.889837">
    <ele>11.1</ele>
    <time>2020-09-20T14:22:35.000Z</time>
   </trkpt>
   <trkpt lat="-8.048032" lon="-34.889829">
    <ele>11.1</ele>
    <time>2020-09-20T14:22:36.000Z</time>
   </trkpt>
   <trkpt lat="-8.048092" lon="-34.88982">
    <ele>11.1</ele>
    <time>2020-09-20T14:22:37.000Z</time>
   </trkpt>
   <trkpt lat="-8.048144" lon="-34.889815">
    <ele>11.1</ele>
    <time>2020-09-20T14:22:38.000Z</time>
   </trkpt>
   <trkpt lat="-8.04819" lon="-34.889816">
    <ele>11.2</ele>
    <time>2020-09-20T14:22:39.000Z</time>
   </trkpt>
   <trkpt lat="-8.04824" lon="-34.889818">
    <ele>11.2</ele>
    <time>2020-09-20T14:22:40.000Z</time>
   </trkpt>
   <trkpt lat="-8.048297" lon="-34.889826">
    <ele>11.3</ele>
    <time>2020-09-20T14:22:41.000Z</time>
   </trkpt>
   <trkpt lat="-8.04836" lon="-34.889834">
    <ele>11.3</ele>
    <time>2020-09-20T14:22:42.000Z</time>
   </trkpt>
   <trkpt lat="-8.048424" lon="-34.889843">
    <ele>11.3</ele>
    <time>2020-09-20T14:22:43.000Z</time>
   </trkpt>
   <trkpt lat="-8.048486" lon="-34.889848">
    <ele>11.3</ele>
    <time>2020-09-20T14:22:44.000Z</time>
   </trkpt>
   <trkpt lat="-8.048542" lon="-34.889862">
    <ele>11.4</ele>
    <time>2020-09-20T14:22:45.000Z</time>
   </trkpt>
   <trkpt lat="-8.048594" lon="-34.88987">
    <ele>11.4</ele>
    <time>2020-09-20T14:22:46.000Z</time>
   </trkpt>
   <trkpt lat="-8.04864" lon="-34.889877">
    <ele>11.4</ele>
    <time>2020-09-20T14:22:47.000Z</time>
   </trkpt>
   <trkpt lat="-8.048693" lon="-34.889886">
    <ele>11.4</ele>
    <time>2020-09-20T14:22:48.000Z</time>
   </trkpt>
   <trkpt lat="-8.048738" lon="-34.889889">
    <ele>11.4</ele>
    <time>2020-09-20T14:22:49.000Z</time>
   </trkpt>
   <trkpt lat="-8.048785" lon="-34.889895">
    <ele>11.5</ele>
    <time>2020-09-20T14:22:50.000Z</time>
   </trkpt>
   <trkpt lat="-8.048832" lon="-34.889902">
    <ele>11.5</ele>
    <time>2020-09-20T14:22:51.000Z</time>
   </trkpt>
   <trkpt lat="-8.048886" lon="-34.889913">
    <ele>11.5</ele>
    <time>2020-09-20T14:22:52.000Z</time>
   </trkpt>
   <trkpt lat="-8.048945" lon="-34.889913">
    <ele>11.6</ele>
    <time>2020-09-20T14:22:53.000Z</time>
   </trkpt>
   <trkpt lat="-8.048996" lon="-34.88992">
    <ele>11.6</ele>
    <time>2020-09-20T14:22:54.000Z</time>
   </trkpt>
   <trkpt lat="-8.049034" lon="-34.889919">
    <ele>11.6</ele>
    <time>2020-09-20T14:22:55.000Z</time>
   </trkpt>
   <trkpt lat="-8.049072" lon="-34.88992">
    <ele>11.6</ele>
    <time>2020-09-20T14:22:56.000Z</time>
   </trkpt>
   <trkpt lat="-8.049117" lon="-34.889922">
    <ele>11.6</ele>
    <time>2020-09-20T14:22:57.000Z</time>
   </trkpt>
   <trkpt lat="-8.04917" lon="-34.889929">
    <ele>11.6</ele>
    <time>2020-09-20T14:22:58.000Z</time>
   </trkpt>
   <trkpt lat="-8.049226" lon="-34.889939">
    <ele>11.7</ele>
    <time>2020-09-20T14:22:59.000Z</time>
   </trkpt>
   <trkpt lat="-8.049271" lon="-34.889943">
    <ele>11.7</ele>
    <time>2020-09-20T14:23:00.000Z</time>
   </trkpt>
   <trkpt lat="-8.049311" lon="-34.889952">
    <ele>11.7</ele>
    <time>2020-09-20T14:23:01.000Z</time>
   </trkpt>
   <trkpt lat="-8.04936" lon="-34.889961">
    <ele>11.7</ele>
    <time>2020-09-20T14:23:02.000Z</time>
   </trkpt>
   <trkpt lat="-8.0494" lon="-34.889966">
    <ele>11.7</ele>
    <time>2020-09-20T14:23:03.000Z</time>
   </trkpt>
   <trkpt lat="-8.049442" lon="-34.889975">
    <ele>11.7</ele>
    <time>2020-09-20T14:23:04.000Z</time>
   </trkpt>
   <trkpt lat="-8.049454" lon="-34.889988">
    <ele>11.7</ele>
    <time>2020-09-20T14:23:05.000Z</time>
   </trkpt>
   <trkpt lat="-8.049515" lon="-34.889997">
    <ele>11.7</ele>
    <time>2020-09-20T14:23:07.000Z</time>
   </trkpt>
   <trkpt lat="-8.04954" lon="-34.89">
    <ele>11.7</ele>
    <time>2020-09-20T14:23:08.000Z</time>
   </trkpt>
   <trkpt lat="-8.0496" lon="-34.889982">
    <ele>11.8</ele>
    <time>2020-09-20T14:23:10.000Z</time>
   </trkpt>
   <trkpt lat="-8.049637" lon="-34.889968">
    <ele>11.7</ele>
    <time>2020-09-20T14:23:11.000Z</time>
   </trkpt>
   <trkpt lat="-8.049667" lon="-34.889934">
    <ele>11.7</ele>
    <time>2020-09-20T14:23:12.000Z</time>
   </trkpt>
   <trkpt lat="-8.049687" lon="-34.889895">
    <ele>11.7</ele>
    <time>2020-09-20T14:23:13.000Z</time>
   </trkpt>
   <trkpt lat="-8.0497" lon="-34.88984">
    <ele>11.6</ele>
    <time>2020-09-20T14:23:14.000Z</time>
   </trkpt>
   <trkpt lat="-8.049708" lon="-34.88979">
    <ele>11.6</ele>
    <time>2020-09-20T14:23:15.000Z</time>
   </trkpt>
   <trkpt lat="-8.049724" lon="-34.889743">
    <ele>11.6</ele>
    <time>2020-09-20T14:23:16.000Z</time>
   </trkpt>
   <trkpt lat="-8.049717" lon="-34.889693">
    <ele>11.6</ele>
    <time>2020-09-20T14:23:17.000Z</time>
   </trkpt>
   <trkpt lat="-8.049713" lon="-34.889645">
    <ele>11.6</ele>
    <time>2020-09-20T14:23:18.000Z</time>
   </trkpt>
   <trkpt lat="-8.049706" lon="-34.889603">
    <ele>11.6</ele>
    <time>2020-09-20T14:23:19.000Z</time>
   </trkpt>
   <trkpt lat="-8.049694" lon="-34.889559">
    <ele>11.5</ele>
    <time>2020-09-20T14:23:20.000Z</time>
   </trkpt>
   <trkpt lat="-8.04968" lon="-34.889512">
    <ele>11.5</ele>
    <time>2020-09-20T14:23:21.000Z</time>
   </trkpt>
   <trkpt lat="-8.049666" lon="-34.889469">
    <ele>11.5</ele>
    <time>2020-09-20T14:23:22.000Z</time>
   </trkpt>
   <trkpt lat="-8.049657" lon="-34.889424">
    <ele>11.4</ele>
    <time>2020-09-20T14:23:23.000Z</time>
   </trkpt>
   <trkpt lat="-8.049642" lon="-34.889372">
    <ele>11.4</ele>
    <time>2020-09-20T14:23:24.000Z</time>
   </trkpt>
   <trkpt lat="-8.049629" lon="-34.889323">
    <ele>11.4</ele>
    <time>2020-09-20T14:23:25.000Z</time>
   </trkpt>
   <trkpt lat="-8.049615" lon="-34.889276">
    <ele>11.3</ele>
    <time>2020-09-20T14:23:26.000Z</time>
   </trkpt>
   <trkpt lat="-8.049609" lon="-34.889235">
    <ele>11.3</ele>
    <time>2020-09-20T14:23:27.000Z</time>
   </trkpt>
   <trkpt lat="-8.049604" lon="-34.889192">
    <ele>11.3</ele>
    <time>2020-09-20T14:23:28.000Z</time>
   </trkpt>
   <trkpt lat="-8.049601" lon="-34.889146">
    <ele>11.3</ele>
    <time>2020-09-20T14:23:29.000Z</time>
   </trkpt>
   <trkpt lat="-8.049591" lon="-34.889114">
    <ele>11.2</ele>
    <time>2020-09-20T14:23:30.000Z</time>
   </trkpt>
   <trkpt lat="-8.049575" lon="-34.889077">
    <ele>11.2</ele>
    <time>2020-09-20T14:23:31.000Z</time>
   </trkpt>
   <trkpt lat="-8.049563" lon="-34.889039">
    <ele>11.2</ele>
    <time>2020-09-20T14:23:32.000Z</time>
   </trkpt>
   <trkpt lat="-8.049552" lon="-34.888996">
    <ele>11.2</ele>
    <time>2020-09-20T14:23:33.000Z</time>
   </trkpt>
   <trkpt lat="-8.049543" lon="-34.888944">
    <ele>11.1</ele>
    <time>2020-09-20T14:23:34.000Z</time>
   </trkpt>
   <trkpt lat="-8.049532" lon="-34.888897">
    <ele>11.1</ele>
    <time>2020-09-20T14:23:35.000Z</time>
   </trkpt>
   <trkpt lat="-8.049523" lon="-34.888854">
    <ele>11.1</ele>
    <time>2020-09-20T14:23:36.000Z</time>
   </trkpt>
   <trkpt lat="-8.049511" lon="-34.888812">
    <ele>11.1</ele>
    <time>2020-09-20T14:23:37.000Z</time>
   </trkpt>
   <trkpt lat="-8.049499" lon="-34.888772">
    <ele>11.1</ele>
    <time>2020-09-20T14:23:38.000Z</time>
   </trkpt>
   <trkpt lat="-8.049497" lon="-34.888732">
    <ele>11.1</ele>
    <time>2020-09-20T14:23:39.000Z</time>
   </trkpt>
   <trkpt lat="-8.049494" lon="-34.88869">
    <ele>11.1</ele>
    <time>2020-09-20T14:23:40.000Z</time>
   </trkpt>
   <trkpt lat="-8.049485" lon="-34.888648">
    <ele>11</ele>
    <time>2020-09-20T14:23:41.000Z</time>
   </trkpt>
   <trkpt lat="-8.049473" lon="-34.88862">
    <ele>11</ele>
    <time>2020-09-20T14:23:42.000Z</time>
   </trkpt>
   <trkpt lat="-8.049453" lon="-34.88858">
    <ele>11</ele>
    <time>2020-09-20T14:23:43.000Z</time>
   </trkpt>
   <trkpt lat="-8.049428" lon="-34.888533">
    <ele>10.9</ele>
    <time>2020-09-20T14:23:44.000Z</time>
   </trkpt>
   <trkpt lat="-8.049405" lon="-34.888494">
    <ele>10.9</ele>
    <time>2020-09-20T14:23:45.000Z</time>
   </trkpt>
   <trkpt lat="-8.04937" lon="-34.88845">
    <ele>10.8</ele>
    <time>2020-09-20T14:23:46.000Z</time>
   </trkpt>
   <trkpt lat="-8.049346" lon="-34.888415">
    <ele>10.8</ele>
    <time>2020-09-20T14:23:47.000Z</time>
   </trkpt>
   <trkpt lat="-8.049324" lon="-34.888378">
    <ele>10.8</ele>
    <time>2020-09-20T14:23:48.000Z</time>
   </trkpt>
   <trkpt lat="-8.049296" lon="-34.888336">
    <ele>10.7</ele>
    <time>2020-09-20T14:23:49.000Z</time>
   </trkpt>
   <trkpt lat="-8.049268" lon="-34.888291">
    <ele>10.6</ele>
    <time>2020-09-20T14:23:50.000Z</time>
   </trkpt>
   <trkpt lat="-8.049237" lon="-34.888252">
    <ele>10.6</ele>
    <time>2020-09-20T14:23:51.000Z</time>
   </trkpt>
   <trkpt lat="-8.049203" lon="-34.888206">
    <ele>10.5</ele>
    <time>2020-09-20T14:23:52.000Z</time>
   </trkpt>
   <trkpt lat="-8.049172" lon="-34.888167">
    <ele>10.5</ele>
    <time>2020-09-20T14:23:53.000Z</time>
   </trkpt>
   <trkpt lat="-8.049147" lon="-34.888128">
    <ele>10.4</ele>
    <time>2020-09-20T14:23:54.000Z</time>
   </trkpt>
   <trkpt lat="-8.04912" lon="-34.888088">
    <ele>10.4</ele>
    <time>2020-09-20T14:23:55.000Z</time>
   </trkpt>
   <trkpt lat="-8.049097" lon="-34.888052">
    <ele>10.4</ele>
    <time>2020-09-20T14:23:56.000Z</time>
   </trkpt>
   <trkpt lat="-8.049076" lon="-34.888023">
    <ele>10.3</ele>
    <time>2020-09-20T14:23:57.000Z</time>
   </trkpt>
   <trkpt lat="-8.04906" lon="-34.888">
    <ele>10.3</ele>
    <time>2020-09-20T14:23:58.000Z</time>
   </trkpt>
   <trkpt lat="-8.049049" lon="-34.887974">
    <ele>10.3</ele>
    <time>2020-09-20T14:23:59.000Z</time>
   </trkpt>
   <trkpt lat="-8.049042" lon="-34.887957">
    <ele>10.3</ele>
    <time>2020-09-20T14:24:00.000Z</time>
   </trkpt>
   <trkpt lat="-8.049022" lon="-34.887935">
    <ele>10.3</ele>
    <time>2020-09-20T14:24:02.000Z</time>
   </trkpt>
   <trkpt lat="-8.049056" lon="-34.887976">
    <ele>10.2</ele>
    <time>2020-09-20T14:24:06.000Z</time>
   </trkpt>
   <trkpt lat="-8.049073" lon="-34.888012">
    <ele>10.2</ele>
    <time>2020-09-20T14:24:07.000Z</time>
   </trkpt>
   <trkpt lat="-8.049096" lon="-34.888052">
    <ele>10.2</ele>
    <time>2020-09-20T14:24:08.000Z</time>
   </trkpt>
   <trkpt lat="-8.049128" lon="-34.888104">
    <ele>10.2</ele>
    <time>2020-09-20T14:24:09.000Z</time>
   </trkpt>
   <trkpt lat="-8.049163" lon="-34.888161">
    <ele>10.3</ele>
    <time>2020-09-20T14:24:10.000Z</time>
   </trkpt>
   <trkpt lat="-8.049195" lon="-34.88821">
    <ele>10.3</ele>
    <time>2020-09-20T14:24:11.000Z</time>
   </trkpt>
   <trkpt lat="-8.04923" lon="-34.888263">
    <ele>10.4</ele>
    <time>2020-09-20T14:24:12.000Z</time>
   </trkpt>
   <trkpt lat="-8.049254" lon="-34.888307">
    <ele>10.5</ele>
    <time>2020-09-20T14:24:13.000Z</time>
   </trkpt>
   <trkpt lat="-8.049285" lon="-34.888358">
    <ele>10.6</ele>
    <time>2020-09-20T14:24:14.000Z</time>
   </trkpt>
   <trkpt lat="-8.049314" lon="-34.888405">
    <ele>10.6</ele>
    <time>2020-09-20T14:24:15.000Z</time>
   </trkpt>
   <trkpt lat="-8.049344" lon="-34.888449">
    <ele>10.7</ele>
    <time>2020-09-20T14:24:16.000Z</time>
   </trkpt>
   <trkpt lat="-8.049368" lon="-34.88849">
    <ele>10.8</ele>
    <time>2020-09-20T14:24:17.000Z</time>
   </trkpt>
   <trkpt lat="-8.049393" lon="-34.888529">
    <ele>10.9</ele>
    <time>2020-09-20T14:24:18.000Z</time>
   </trkpt>
   <trkpt lat="-8.049417" lon="-34.888568">
    <ele>10.9</ele>
    <time>2020-09-20T14:24:19.000Z</time>
   </trkpt>
   <trkpt lat="-8.04944" lon="-34.888611">
    <ele>11</ele>
    <time>2020-09-20T14:24:20.000Z</time>
   </trkpt>
   <trkpt lat="-8.049473" lon="-34.888665">
    <ele>11</ele>
    <time>2020-09-20T14:24:21.000Z</time>
   </trkpt>
   <trkpt lat="-8.049492" lon="-34.888711">
    <ele>11.1</ele>
    <time>2020-09-20T14:24:22.000Z</time>
   </trkpt>
   <trkpt lat="-8.049512" lon="-34.888763">
    <ele>11.1</ele>
    <time>2020-09-20T14:24:23.000Z</time>
   </trkpt>
   <trkpt lat="-8.04953" lon="-34.888812">
    <ele>11.1</ele>
    <time>2020-09-20T14:24:24.000Z</time>
   </trkpt>
   <trkpt lat="-8.049539" lon="-34.888874">
    <ele>11.1</ele>
    <time>2020-09-20T14:24:25.000Z</time>
   </trkpt>
   <trkpt lat="-8.049548" lon="-34.888921">
    <ele>11.1</ele>
    <time>2020-09-20T14:24:26.000Z</time>
   </trkpt>
   <trkpt lat="-8.049557" lon="-34.888974">
    <ele>11.1</ele>
    <time>2020-09-20T14:24:27.000Z</time>
   </trkpt>
   <trkpt lat="-8.049569" lon="-34.889033">
    <ele>11.2</ele>
    <time>2020-09-20T14:24:28.000Z</time>
   </trkpt>
   <trkpt lat="-8.049587" lon="-34.889094">
    <ele>11.2</ele>
    <time>2020-09-20T14:24:29.000Z</time>
   </trkpt>
   <trkpt lat="-8.049602" lon="-34.889146">
    <ele>11.3</ele>
    <time>2020-09-20T14:24:30.000Z</time>
   </trkpt>
   <trkpt lat="-8.049621" lon="-34.889195">
    <ele>11.3</ele>
    <time>2020-09-20T14:24:31.000Z</time>
   </trkpt>
   <trkpt lat="-8.049644" lon="-34.889254">
    <ele>11.3</ele>
    <time>2020-09-20T14:24:32.000Z</time>
   </trkpt>
   <trkpt lat="-8.049654" lon="-34.889297">
    <ele>11.4</ele>
    <time>2020-09-20T14:24:33.000Z</time>
   </trkpt>
   <trkpt lat="-8.049659" lon="-34.889346">
    <ele>11.4</ele>
    <time>2020-09-20T14:24:34.000Z</time>
   </trkpt>
   <trkpt lat="-8.049674" lon="-34.8894">
    <ele>11.4</ele>
    <time>2020-09-20T14:24:35.000Z</time>
   </trkpt>
   <trkpt lat="-8.049688" lon="-34.889456">
    <ele>11.5</ele>
    <time>2020-09-20T14:24:36.000Z</time>
   </trkpt>
   <trkpt lat="-8.049706" lon="-34.889522">
    <ele>11.5</ele>
    <time>2020-09-20T14:24:37.000Z</time>
   </trkpt>
   <trkpt lat="-8.049716" lon="-34.889579">
    <ele>11.5</ele>
    <time>2020-09-20T14:24:38.000Z</time>
   </trkpt>
   <trkpt lat="-8.049726" lon="-34.889637">
    <ele>11.6</ele>
    <time>2020-09-20T14:24:39.000Z</time>
   </trkpt>
   <trkpt lat="-8.049742" lon="-34.889698">
    <ele>11.6</ele>
    <time>2020-09-20T14:24:40.000Z</time>
   </trkpt>
   <trkpt lat="-8.04976" lon="-34.88975">
    <ele>11.6</ele>
    <time>2020-09-20T14:24:41.000Z</time>
   </trkpt>
   <trkpt lat="-8.049787" lon="-34.889797">
    <ele>11.7</ele>
    <time>2020-09-20T14:24:42.000Z</time>
   </trkpt>
   <trkpt lat="-8.049808" lon="-34.88984">
    <ele>11.9</ele>
    <time>2020-09-20T14:24:43.000Z</time>
   </trkpt>
   <trkpt lat="-8.049832" lon="-34.889883">
    <ele>12.1</ele>
    <time>2020-09-20T14:24:44.000Z</time>
   </trkpt>
   <trkpt lat="-8.049873" lon="-34.889928">
    <ele>12.3</ele>
    <time>2020-09-20T14:24:45.000Z</time>
   </trkpt>
   <trkpt lat="-8.04994" lon="-34.889953">
    <ele>12.5</ele>
    <time>2020-09-20T14:24:46.000Z</time>
   </trkpt>
   <trkpt lat="-8.050004" lon="-34.889961">
    <ele>12.7</ele>
    <time>2020-09-20T14:24:47.000Z</time>
   </trkpt>
   <trkpt lat="-8.050073" lon="-34.889962">
    <ele>12.1</ele>
    <time>2020-09-20T14:24:48.000Z</time>
   </trkpt>
   <trkpt lat="-8.050133" lon="-34.889965">
    <ele>11.6</ele>
    <time>2020-09-20T14:24:49.000Z</time>
   </trkpt>
   <trkpt lat="-8.050187" lon="-34.889968">
    <ele>11.2</ele>
    <time>2020-09-20T14:24:50.000Z</time>
   </trkpt>
   <trkpt lat="-8.050246" lon="-34.889976">
    <ele>11.1</ele>
    <time>2020-09-20T14:24:51.000Z</time>
   </trkpt>
   <trkpt lat="-8.050321" lon="-34.889986">
    <ele>11.1</ele>
    <time>2020-09-20T14:24:52.000Z</time>
   </trkpt>
   <trkpt lat="-8.050392" lon="-34.889992">
    <ele>11.1</ele>
    <time>2020-09-20T14:24:53.000Z</time>
   </trkpt>
   <trkpt lat="-8.050454" lon="-34.889991">
    <ele>11.1</ele>
    <time>2020-09-20T14:24:54.000Z</time>
   </trkpt>
   <trkpt lat="-8.050516" lon="-34.889987">
    <ele>11.1</ele>
    <time>2020-09-20T14:24:55.000Z</time>
   </trkpt>
   <trkpt lat="-8.05058" lon="-34.889983">
    <ele>11.1</ele>
    <time>2020-09-20T14:24:56.000Z</time>
   </trkpt>
   <trkpt lat="-8.05064" lon="-34.889982">
    <ele>11.1</ele>
    <time>2020-09-20T14:24:57.000Z</time>
   </trkpt>
   <trkpt lat="-8.050694" lon="-34.889983">
    <ele>11.1</ele>
    <time>2020-09-20T14:24:58.000Z</time>
   </trkpt>
   <trkpt lat="-8.050752" lon="-34.889983">
    <ele>11.1</ele>
    <time>2020-09-20T14:24:59.000Z</time>
   </trkpt>
   <trkpt lat="-8.050818" lon="-34.889979">
    <ele>11.1</ele>
    <time>2020-09-20T14:25:00.000Z</time>
   </trkpt>
   <trkpt lat="-8.050866" lon="-34.889982">
    <ele>11.1</ele>
    <time>2020-09-20T14:25:01.000Z</time>
   </trkpt>
   <trkpt lat="-8.050928" lon="-34.88998">
    <ele>11.1</ele>
    <time>2020-09-20T14:25:02.000Z</time>
   </trkpt>
   <trkpt lat="-8.050989" lon="-34.88998">
    <ele>11</ele>
    <time>2020-09-20T14:25:03.000Z</time>
   </trkpt>
   <trkpt lat="-8.051049" lon="-34.889983">
    <ele>11</ele>
    <time>2020-09-20T14:25:04.000Z</time>
   </trkpt>
   <trkpt lat="-8.051113" lon="-34.889993">
    <ele>10.9</ele>
    <time>2020-09-20T14:25:05.000Z</time>
   </trkpt>
   <trkpt lat="-8.051185" lon="-34.889999">
    <ele>10.9</ele>
    <time>2020-09-20T14:25:06.000Z</time>
   </trkpt>
   <trkpt lat="-8.051255" lon="-34.890006">
    <ele>10.9</ele>
    <time>2020-09-20T14:25:07.000Z</time>
   </trkpt>
   <trkpt lat="-8.051325" lon="-34.890006">
    <ele>10.8</ele>
    <time>2020-09-20T14:25:08.000Z</time>
   </trkpt>
   <trkpt lat="-8.051394" lon="-34.890001">
    <ele>10.8</ele>
    <time>2020-09-20T14:25:09.000Z</time>
   </trkpt>
   <trkpt lat="-8.051466" lon="-34.889997">
    <ele>10.8</ele>
    <time>2020-09-20T14:25:10.000Z</time>
   </trkpt>
   <trkpt lat="-8.051531" lon="-34.889986">
    <ele>10.8</ele>
    <time>2020-09-20T14:25:11.000Z</time>
   </trkpt>
   <trkpt lat="-8.051599" lon="-34.889969">
    <ele>10.8</ele>
    <time>2020-09-20T14:25:12.000Z</time>
   </trkpt>
   <trkpt lat="-8.051666" lon="-34.889958">
    <ele>10.7</ele>
    <time>2020-09-20T14:25:13.000Z</time>
   </trkpt>
   <trkpt lat="-8.051731" lon="-34.889951">
    <ele>10.7</ele>
    <time>2020-09-20T14:25:14.000Z</time>
   </trkpt>
   <trkpt lat="-8.051789" lon="-34.889951">
    <ele>10.7</ele>
    <time>2020-09-20T14:25:15.000Z</time>
   </trkpt>
   <trkpt lat="-8.051851" lon="-34.889949">
    <ele>10.6</ele>
    <time>2020-09-20T14:25:16.000Z</time>
   </trkpt>
   <trkpt lat="-8.051919" lon="-34.889946">
    <ele>10.6</ele>
    <time>2020-09-20T14:25:17.000Z</time>
   </trkpt>
   <trkpt lat="-8.05199" lon="-34.889943">
    <ele>10.6</ele>
    <time>2020-09-20T14:25:18.000Z</time>
   </trkpt>
   <trkpt lat="-8.052054" lon="-34.889941">
    <ele>10.6</ele>
    <time>2020-09-20T14:25:19.000Z</time>
   </trkpt>
   <trkpt lat="-8.052119" lon="-34.889938">
    <ele>10.6</ele>
    <time>2020-09-20T14:25:20.000Z</time>
   </trkpt>
   <trkpt lat="-8.052181" lon="-34.889937">
    <ele>10.6</ele>
    <time>2020-09-20T14:25:21.000Z</time>
   </trkpt>
   <trkpt lat="-8.052252" lon="-34.889941">
    <ele>10.7</ele>
    <time>2020-09-20T14:25:22.000Z</time>
   </trkpt>
   <trkpt lat="-8.05232" lon="-34.889941">
    <ele>10.8</ele>
    <time>2020-09-20T14:25:23.000Z</time>
   </trkpt>
   <trkpt lat="-8.052401" lon="-34.889936">
    <ele>10.8</ele>
    <time>2020-09-20T14:25:24.000Z</time>
   </trkpt>
   <trkpt lat="-8.052482" lon="-34.889927">
    <ele>10.8</ele>
    <time>2020-09-20T14:25:25.000Z</time>
   </trkpt>
   <trkpt lat="-8.052562" lon="-34.88992">
    <ele>10.9</ele>
    <time>2020-09-20T14:25:26.000Z</time>
   </trkpt>
   <trkpt lat="-8.052629" lon="-34.889917">
    <ele>10.9</ele>
    <time>2020-09-20T14:25:27.000Z</time>
   </trkpt>
   <trkpt lat="-8.0527" lon="-34.88992">
    <ele>10.9</ele>
    <time>2020-09-20T14:25:28.000Z</time>
   </trkpt>
   <trkpt lat="-8.052774" lon="-34.889922">
    <ele>11</ele>
    <time>2020-09-20T14:25:29.000Z</time>
   </trkpt>
   <trkpt lat="-8.052842" lon="-34.889921">
    <ele>11</ele>
    <time>2020-09-20T14:25:30.000Z</time>
   </trkpt>
   <trkpt lat="-8.052909" lon="-34.889921">
    <ele>11.1</ele>
    <time>2020-09-20T14:25:31.000Z</time>
   </trkpt>
   <trkpt lat="-8.05298" lon="-34.889921">
    <ele>11.1</ele>
    <time>2020-09-20T14:25:32.000Z</time>
   </trkpt>
   <trkpt lat="-8.053044" lon="-34.889913">
    <ele>11.2</ele>
    <time>2020-09-20T14:25:33.000Z</time>
   </trkpt>
   <trkpt lat="-8.053095" lon="-34.889902">
    <ele>11.2</ele>
    <time>2020-09-20T14:25:34.000Z</time>
   </trkpt>
   <trkpt lat="-8.05315" lon="-34.889895">
    <ele>11.2</ele>
    <time>2020-09-20T14:25:35.000Z</time>
   </trkpt>
   <trkpt lat="-8.053221" lon="-34.889884">
    <ele>11.2</ele>
    <time>2020-09-20T14:25:36.000Z</time>
   </trkpt>
   <trkpt lat="-8.053287" lon="-34.889878">
    <ele>11.1</ele>
    <time>2020-09-20T14:25:37.000Z</time>
   </trkpt>
   <trkpt lat="-8.053349" lon="-34.889871">
    <ele>11.1</ele>
    <time>2020-09-20T14:25:38.000Z</time>
   </trkpt>
   <trkpt lat="-8.053417" lon="-34.88987">
    <ele>11.1</ele>
    <time>2020-09-20T14:25:39.000Z</time>
   </trkpt>
   <trkpt lat="-8.053479" lon="-34.889865">
    <ele>11.1</ele>
    <time>2020-09-20T14:25:40.000Z</time>
   </trkpt>
   <trkpt lat="-8.053546" lon="-34.889871">
    <ele>11.1</ele>
    <time>2020-09-20T14:25:41.000Z</time>
   </trkpt>
   <trkpt lat="-8.053609" lon="-34.889876">
    <ele>11.1</ele>
    <time>2020-09-20T14:25:42.000Z</time>
   </trkpt>
   <trkpt lat="-8.053678" lon="-34.889878">
    <ele>11.1</ele>
    <time>2020-09-20T14:25:43.000Z</time>
   </trkpt>
   <trkpt lat="-8.053746" lon="-34.889872">
    <ele>11.1</ele>
    <time>2020-09-20T14:25:44.000Z</time>
   </trkpt>
   <trkpt lat="-8.053816" lon="-34.889869">
    <ele>11.1</ele>
    <time>2020-09-20T14:25:45.000Z</time>
   </trkpt>
   <trkpt lat="-8.053873" lon="-34.889866">
    <ele>11.1</ele>
    <time>2020-09-20T14:25:46.000Z</time>
   </trkpt>
   <trkpt lat="-8.053924" lon="-34.88986">
    <ele>11.1</ele>
    <time>2020-09-20T14:25:47.000Z</time>
   </trkpt>
   <trkpt lat="-8.053973" lon="-34.889855">
    <ele>11.1</ele>
    <time>2020-09-20T14:25:48.000Z</time>
   </trkpt>
   <trkpt lat="-8.054021" lon="-34.889852">
    <ele>11</ele>
    <time>2020-09-20T14:25:49.000Z</time>
   </trkpt>
   <trkpt lat="-8.054083" lon="-34.889851">
    <ele>11</ele>
    <time>2020-09-20T14:25:50.000Z</time>
   </trkpt>
   <trkpt lat="-8.05414" lon="-34.889847">
    <ele>10.9</ele>
    <time>2020-09-20T14:25:51.000Z</time>
   </trkpt>
   <trkpt lat="-8.054196" lon="-34.889839">
    <ele>10.9</ele>
    <time>2020-09-20T14:25:52.000Z</time>
   </trkpt>
   <trkpt lat="-8.054242" lon="-34.889838">
    <ele>10.8</ele>
    <time>2020-09-20T14:25:53.000Z</time>
   </trkpt>
   <trkpt lat="-8.054293" lon="-34.889828">
    <ele>10.8</ele>
    <time>2020-09-20T14:25:54.000Z</time>
   </trkpt>
   <trkpt lat="-8.054351" lon="-34.889824">
    <ele>10.8</ele>
    <time>2020-09-20T14:25:55.000Z</time>
   </trkpt>
   <trkpt lat="-8.054404" lon="-34.889815">
    <ele>10.8</ele>
    <time>2020-09-20T14:25:56.000Z</time>
   </trkpt>
   <trkpt lat="-8.054457" lon="-34.889799">
    <ele>10.8</ele>
    <time>2020-09-20T14:25:57.000Z</time>
   </trkpt>
   <trkpt lat="-8.05451" lon="-34.889783">
    <ele>10.8</ele>
    <time>2020-09-20T14:25:58.000Z</time>
   </trkpt>
   <trkpt lat="-8.05458" lon="-34.889743">
    <ele>10.8</ele>
    <time>2020-09-20T14:25:59.000Z</time>
   </trkpt>
   <trkpt lat="-8.05463" lon="-34.889713">
    <ele>10.8</ele>
    <time>2020-09-20T14:26:00.000Z</time>
   </trkpt>
   <trkpt lat="-8.054685" lon="-34.88968">
    <ele>10.8</ele>
    <time>2020-09-20T14:26:01.000Z</time>
   </trkpt>
   <trkpt lat="-8.054726" lon="-34.889654">
    <ele>10.8</ele>
    <time>2020-09-20T14:26:02.000Z</time>
   </trkpt>
   <trkpt lat="-8.054765" lon="-34.889632">
    <ele>10.8</ele>
    <time>2020-09-20T14:26:03.000Z</time>
   </trkpt>
   <trkpt lat="-8.054813" lon="-34.889622">
    <ele>10.9</ele>
    <time>2020-09-20T14:26:04.000Z</time>
   </trkpt>
   <trkpt lat="-8.054856" lon="-34.889601">
    <ele>10.9</ele>
    <time>2020-09-20T14:26:05.000Z</time>
   </trkpt>
   <trkpt lat="-8.054886" lon="-34.889579">
    <ele>10.9</ele>
    <time>2020-09-20T14:26:06.000Z</time>
   </trkpt>
   <trkpt lat="-8.054914" lon="-34.889551">
    <ele>10.9</ele>
    <time>2020-09-20T14:26:07.000Z</time>
   </trkpt>
   <trkpt lat="-8.054937" lon="-34.889518">
    <ele>10.9</ele>
    <time>2020-09-20T14:26:08.000Z</time>
   </trkpt>
   <trkpt lat="-8.054955" lon="-34.889471">
    <ele>10.9</ele>
    <time>2020-09-20T14:26:09.000Z</time>
   </trkpt>
   <trkpt lat="-8.054975" lon="-34.889419">
    <ele>10.9</ele>
    <time>2020-09-20T14:26:10.000Z</time>
   </trkpt>
   <trkpt lat="-8.055003" lon="-34.889378">
    <ele>10.9</ele>
    <time>2020-09-20T14:26:11.000Z</time>
   </trkpt>
   <trkpt lat="-8.055021" lon="-34.889345">
    <ele>10.9</ele>
    <time>2020-09-20T14:26:12.000Z</time>
   </trkpt>
   <trkpt lat="-8.055044" lon="-34.889306">
    <ele>10.9</ele>
    <time>2020-09-20T14:26:13.000Z</time>
   </trkpt>
   <trkpt lat="-8.055071" lon="-34.889261">
    <ele>10.9</ele>
    <time>2020-09-20T14:26:14.000Z</time>
   </trkpt>
   <trkpt lat="-8.055101" lon="-34.88922">
    <ele>10.9</ele>
    <time>2020-09-20T14:26:15.000Z</time>
   </trkpt>
   <trkpt lat="-8.055133" lon="-34.889171">
    <ele>10.9</ele>
    <time>2020-09-20T14:26:16.000Z</time>
   </trkpt>
   <trkpt lat="-8.055164" lon="-34.889125">
    <ele>10.9</ele>
    <time>2020-09-20T14:26:17.000Z</time>
   </trkpt>
   <trkpt lat="-8.055195" lon="-34.889076">
    <ele>10.9</ele>
    <time>2020-09-20T14:26:18.000Z</time>
   </trkpt>
   <trkpt lat="-8.055227" lon="-34.889037">
    <ele>10.9</ele>
    <time>2020-09-20T14:26:19.000Z</time>
   </trkpt>
   <trkpt lat="-8.055251" lon="-34.888985">
    <ele>10.8</ele>
    <time>2020-09-20T14:26:20.000Z</time>
   </trkpt>
   <trkpt lat="-8.055268" lon="-34.888923">
    <ele>10.8</ele>
    <time>2020-09-20T14:26:21.000Z</time>
   </trkpt>
   <trkpt lat="-8.055292" lon="-34.888866">
    <ele>10.8</ele>
    <time>2020-09-20T14:26:22.000Z</time>
   </trkpt>
   <trkpt lat="-8.055319" lon="-34.888806">
    <ele>10.8</ele>
    <time>2020-09-20T14:26:23.000Z</time>
   </trkpt>
   <trkpt lat="-8.055344" lon="-34.888753">
    <ele>10.8</ele>
    <time>2020-09-20T14:26:24.000Z</time>
   </trkpt>
   <trkpt lat="-8.055371" lon="-34.888694">
    <ele>10.8</ele>
    <time>2020-09-20T14:26:25.000Z</time>
   </trkpt>
   <trkpt lat="-8.055411" lon="-34.888653">
    <ele>10.8</ele>
    <time>2020-09-20T14:26:26.000Z</time>
   </trkpt>
   <trkpt lat="-8.055441" lon="-34.888599">
    <ele>10.8</ele>
    <time>2020-09-20T14:26:27.000Z</time>
   </trkpt>
   <trkpt lat="-8.055474" lon="-34.888549">
    <ele>10.8</ele>
    <time>2020-09-20T14:26:28.000Z</time>
   </trkpt>
   <trkpt lat="-8.055505" lon="-34.888501">
    <ele>10.8</ele>
    <time>2020-09-20T14:26:29.000Z</time>
   </trkpt>
   <trkpt lat="-8.055533" lon="-34.888441">
    <ele>10.7</ele>
    <time>2020-09-20T14:26:30.000Z</time>
   </trkpt>
   <trkpt lat="-8.05556" lon="-34.888386">
    <ele>10.7</ele>
    <time>2020-09-20T14:26:31.000Z</time>
   </trkpt>
   <trkpt lat="-8.055588" lon="-34.888307">
    <ele>10.7</ele>
    <time>2020-09-20T14:26:32.000Z</time>
   </trkpt>
   <trkpt lat="-8.055611" lon="-34.888251">
    <ele>10.7</ele>
    <time>2020-09-20T14:26:33.000Z</time>
   </trkpt>
   <trkpt lat="-8.055624" lon="-34.888221">
    <ele>10.7</ele>
    <time>2020-09-20T14:26:34.000Z</time>
   </trkpt>
   <trkpt lat="-8.055635" lon="-34.888187">
    <ele>10.6</ele>
    <time>2020-09-20T14:26:35.000Z</time>
   </trkpt>
   <trkpt lat="-8.055651" lon="-34.888144">
    <ele>10.6</ele>
    <time>2020-09-20T14:26:36.000Z</time>
   </trkpt>
   <trkpt lat="-8.05568" lon="-34.888091">
    <ele>10.6</ele>
    <time>2020-09-20T14:26:37.000Z</time>
   </trkpt>
   <trkpt lat="-8.055699" lon="-34.888043">
    <ele>10.5</ele>
    <time>2020-09-20T14:26:38.000Z</time>
   </trkpt>
   <trkpt lat="-8.055721" lon="-34.887994">
    <ele>10.5</ele>
    <time>2020-09-20T14:26:39.000Z</time>
   </trkpt>
   <trkpt lat="-8.055748" lon="-34.887948">
    <ele>10.5</ele>
    <time>2020-09-20T14:26:40.000Z</time>
   </trkpt>
   <trkpt lat="-8.055771" lon="-34.887895">
    <ele>10.4</ele>
    <time>2020-09-20T14:26:41.000Z</time>
   </trkpt>
   <trkpt lat="-8.055813" lon="-34.887848">
    <ele>10.4</ele>
    <time>2020-09-20T14:26:42.000Z</time>
   </trkpt>
   <trkpt lat="-8.055842" lon="-34.887801">
    <ele>10.4</ele>
    <time>2020-09-20T14:26:43.000Z</time>
   </trkpt>
   <trkpt lat="-8.055875" lon="-34.887746">
    <ele>10.3</ele>
    <time>2020-09-20T14:26:44.000Z</time>
   </trkpt>
   <trkpt lat="-8.055893" lon="-34.887699">
    <ele>10.3</ele>
    <time>2020-09-20T14:26:45.000Z</time>
   </trkpt>
   <trkpt lat="-8.05592" lon="-34.887642">
    <ele>10.3</ele>
    <time>2020-09-20T14:26:46.000Z</time>
   </trkpt>
   <trkpt lat="-8.055947" lon="-34.887582">
    <ele>10.2</ele>
    <time>2020-09-20T14:26:47.000Z</time>
   </trkpt>
   <trkpt lat="-8.055982" lon="-34.887523">
    <ele>10.2</ele>
    <time>2020-09-20T14:26:48.000Z</time>
   </trkpt>
   <trkpt lat="-8.056015" lon="-34.88746">
    <ele>10.2</ele>
    <time>2020-09-20T14:26:49.000Z</time>
   </trkpt>
   <trkpt lat="-8.056045" lon="-34.887398">
    <ele>10.2</ele>
    <time>2020-09-20T14:26:50.000Z</time>
   </trkpt>
   <trkpt lat="-8.056076" lon="-34.887337">
    <ele>10.2</ele>
    <time>2020-09-20T14:26:51.000Z</time>
   </trkpt>
   <trkpt lat="-8.056107" lon="-34.887271">
    <ele>10.2</ele>
    <time>2020-09-20T14:26:52.000Z</time>
   </trkpt>
   <trkpt lat="-8.056144" lon="-34.887205">
    <ele>10.2</ele>
    <time>2020-09-20T14:26:53.000Z</time>
   </trkpt>
   <trkpt lat="-8.056173" lon="-34.887142">
    <ele>10.2</ele>
    <time>2020-09-20T14:26:54.000Z</time>
   </trkpt>
   <trkpt lat="-8.056208" lon="-34.887082">
    <ele>10.2</ele>
    <time>2020-09-20T14:26:55.000Z</time>
   </trkpt>
   <trkpt lat="-8.056243" lon="-34.887025">
    <ele>10.1</ele>
    <time>2020-09-20T14:26:56.000Z</time>
   </trkpt>
   <trkpt lat="-8.056275" lon="-34.886975">
    <ele>10.1</ele>
    <time>2020-09-20T14:26:57.000Z</time>
   </trkpt>
   <trkpt lat="-8.056305" lon="-34.886917">
    <ele>10.1</ele>
    <time>2020-09-20T14:26:58.000Z</time>
   </trkpt>
   <trkpt lat="-8.056342" lon="-34.886853">
    <ele>10</ele>
    <time>2020-09-20T14:26:59.000Z</time>
   </trkpt>
   <trkpt lat="-8.056372" lon="-34.886798">
    <ele>10</ele>
    <time>2020-09-20T14:27:00.000Z</time>
   </trkpt>
   <trkpt lat="-8.056393" lon="-34.886752">
    <ele>10</ele>
    <time>2020-09-20T14:27:01.000Z</time>
   </trkpt>
   <trkpt lat="-8.056428" lon="-34.8867">
    <ele>9.9</ele>
    <time>2020-09-20T14:27:02.000Z</time>
   </trkpt>
   <trkpt lat="-8.056457" lon="-34.886654">
    <ele>9.9</ele>
    <time>2020-09-20T14:27:03.000Z</time>
   </trkpt>
   <trkpt lat="-8.056486" lon="-34.886594">
    <ele>9.9</ele>
    <time>2020-09-20T14:27:04.000Z</time>
   </trkpt>
   <trkpt lat="-8.056511" lon="-34.886544">
    <ele>9.9</ele>
    <time>2020-09-20T14:27:05.000Z</time>
   </trkpt>
   <trkpt lat="-8.056541" lon="-34.886488">
    <ele>9.9</ele>
    <time>2020-09-20T14:27:06.000Z</time>
   </trkpt>
   <trkpt lat="-8.05657" lon="-34.886433">
    <ele>9.8</ele>
    <time>2020-09-20T14:27:07.000Z</time>
   </trkpt>
   <trkpt lat="-8.056593" lon="-34.886378">
    <ele>9.8</ele>
    <time>2020-09-20T14:27:08.000Z</time>
   </trkpt>
   <trkpt lat="-8.056619" lon="-34.886355">
    <ele>9.8</ele>
    <time>2020-09-20T14:27:09.000Z</time>
   </trkpt>
   <trkpt lat="-8.056653" lon="-34.886298">
    <ele>9.8</ele>
    <time>2020-09-20T14:27:10.000Z</time>
   </trkpt>
   <trkpt lat="-8.056687" lon="-34.886244">
    <ele>9.8</ele>
    <time>2020-09-20T14:27:11.000Z</time>
   </trkpt>
   <trkpt lat="-8.056714" lon="-34.886194">
    <ele>9.8</ele>
    <time>2020-09-20T14:27:12.000Z</time>
   </trkpt>
   <trkpt lat="-8.056741" lon="-34.886147">
    <ele>9.8</ele>
    <time>2020-09-20T14:27:13.000Z</time>
   </trkpt>
   <trkpt lat="-8.056765" lon="-34.886089">
    <ele>9.8</ele>
    <time>2020-09-20T14:27:14.000Z</time>
   </trkpt>
   <trkpt lat="-8.056803" lon="-34.88603">
    <ele>9.8</ele>
    <time>2020-09-20T14:27:15.000Z</time>
   </trkpt>
   <trkpt lat="-8.056845" lon="-34.885966">
    <ele>9.8</ele>
    <time>2020-09-20T14:27:16.000Z</time>
   </trkpt>
   <trkpt lat="-8.056877" lon="-34.885905">
    <ele>9.8</ele>
    <time>2020-09-20T14:27:17.000Z</time>
   </trkpt>
   <trkpt lat="-8.056915" lon="-34.885839">
    <ele>9.8</ele>
    <time>2020-09-20T14:27:18.000Z</time>
   </trkpt>
   <trkpt lat="-8.056953" lon="-34.885776">
    <ele>9.9</ele>
    <time>2020-09-20T14:27:19.000Z</time>
   </trkpt>
   <trkpt lat="-8.056986" lon="-34.885718">
    <ele>9.9</ele>
    <time>2020-09-20T14:27:20.000Z</time>
   </trkpt>
   <trkpt lat="-8.05702" lon="-34.885665">
    <ele>10</ele>
    <time>2020-09-20T14:27:21.000Z</time>
   </trkpt>
   <trkpt lat="-8.05705" lon="-34.885616">
    <ele>9.9</ele>
    <time>2020-09-20T14:27:22.000Z</time>
   </trkpt>
   <trkpt lat="-8.057082" lon="-34.885565">
    <ele>9.9</ele>
    <time>2020-09-20T14:27:23.000Z</time>
   </trkpt>
   <trkpt lat="-8.057114" lon="-34.885506">
    <ele>9.8</ele>
    <time>2020-09-20T14:27:24.000Z</time>
   </trkpt>
   <trkpt lat="-8.057153" lon="-34.885444">
    <ele>9.8</ele>
    <time>2020-09-20T14:27:25.000Z</time>
   </trkpt>
   <trkpt lat="-8.057188" lon="-34.885394">
    <ele>9.8</ele>
    <time>2020-09-20T14:27:26.000Z</time>
   </trkpt>
   <trkpt lat="-8.057227" lon="-34.885343">
    <ele>9.8</ele>
    <time>2020-09-20T14:27:27.000Z</time>
   </trkpt>
   <trkpt lat="-8.057267" lon="-34.885292">
    <ele>9.8</ele>
    <time>2020-09-20T14:27:28.000Z</time>
   </trkpt>
   <trkpt lat="-8.057294" lon="-34.885243">
    <ele>9.8</ele>
    <time>2020-09-20T14:27:29.000Z</time>
   </trkpt>
   <trkpt lat="-8.05732" lon="-34.88519">
    <ele>9.8</ele>
    <time>2020-09-20T14:27:30.000Z</time>
   </trkpt>
   <trkpt lat="-8.057348" lon="-34.885135">
    <ele>9.8</ele>
    <time>2020-09-20T14:27:31.000Z</time>
   </trkpt>
   <trkpt lat="-8.057373" lon="-34.88508">
    <ele>9.8</ele>
    <time>2020-09-20T14:27:32.000Z</time>
   </trkpt>
   <trkpt lat="-8.0574" lon="-34.885023">
    <ele>9.8</ele>
    <time>2020-09-20T14:27:33.000Z</time>
   </trkpt>
   <trkpt lat="-8.057423" lon="-34.884975">
    <ele>9.8</ele>
    <time>2020-09-20T14:27:34.000Z</time>
   </trkpt>
   <trkpt lat="-8.057445" lon="-34.884923">
    <ele>9.8</ele>
    <time>2020-09-20T14:27:35.000Z</time>
   </trkpt>
   <trkpt lat="-8.057484" lon="-34.884866">
    <ele>9.8</ele>
    <time>2020-09-20T14:27:36.000Z</time>
   </trkpt>
   <trkpt lat="-8.057518" lon="-34.884809">
    <ele>9.8</ele>
    <time>2020-09-20T14:27:37.000Z</time>
   </trkpt>
   <trkpt lat="-8.057553" lon="-34.884757">
    <ele>9.9</ele>
    <time>2020-09-20T14:27:38.000Z</time>
   </trkpt>
   <trkpt lat="-8.057601" lon="-34.884702">
    <ele>9.9</ele>
    <time>2020-09-20T14:27:39.000Z</time>
   </trkpt>
   <trkpt lat="-8.057653" lon="-34.884645">
    <ele>9.9</ele>
    <time>2020-09-20T14:27:40.000Z</time>
   </trkpt>
   <trkpt lat="-8.057692" lon="-34.884589">
    <ele>9.8</ele>
    <time>2020-09-20T14:27:41.000Z</time>
   </trkpt>
   <trkpt lat="-8.057722" lon="-34.884534">
    <ele>9.8</ele>
    <time>2020-09-20T14:27:42.000Z</time>
   </trkpt>
   <trkpt lat="-8.057751" lon="-34.884478">
    <ele>9.8</ele>
    <time>2020-09-20T14:27:43.000Z</time>
   </trkpt>
   <trkpt lat="-8.057776" lon="-34.884421">
    <ele>9.8</ele>
    <time>2020-09-20T14:27:44.000Z</time>
   </trkpt>
   <trkpt lat="-8.057806" lon="-34.884356">
    <ele>9.8</ele>
    <time>2020-09-20T14:27:45.000Z</time>
   </trkpt>
   <trkpt lat="-8.057835" lon="-34.884286">
    <ele>9.8</ele>
    <time>2020-09-20T14:27:46.000Z</time>
   </trkpt>
   <trkpt lat="-8.057857" lon="-34.88423">
    <ele>9.8</ele>
    <time>2020-09-20T14:27:47.000Z</time>
   </trkpt>
   <trkpt lat="-8.057879" lon="-34.884163">
    <ele>9.8</ele>
    <time>2020-09-20T14:27:48.000Z</time>
   </trkpt>
   <trkpt lat="-8.057893" lon="-34.884107">
    <ele>9.8</ele>
    <time>2020-09-20T14:27:49.000Z</time>
   </trkpt>
   <trkpt lat="-8.0579" lon="-34.884048">
    <ele>9.8</ele>
    <time>2020-09-20T14:27:50.000Z</time>
   </trkpt>
   <trkpt lat="-8.057902" lon="-34.883993">
    <ele>9.7</ele>
    <time>2020-09-20T14:27:51.000Z</time>
   </trkpt>
   <trkpt lat="-8.057897" lon="-34.883946">
    <ele>9.7</ele>
    <time>2020-09-20T14:27:52.000Z</time>
   </trkpt>
   <trkpt lat="-8.057894" lon="-34.883905">
    <ele>9.7</ele>
    <time>2020-09-20T14:27:53.000Z</time>
   </trkpt>
   <trkpt lat="-8.057894" lon="-34.883887">
    <ele>9.7</ele>
    <time>2020-09-20T14:27:54.000Z</time>
   </trkpt>
   <trkpt lat="-8.057887" lon="-34.883808">
    <ele>9.7</ele>
    <time>2020-09-20T14:27:56.000Z</time>
   </trkpt>
   <trkpt lat="-8.057879" lon="-34.883759">
    <ele>9.8</ele>
    <time>2020-09-20T14:27:57.000Z</time>
   </trkpt>
   <trkpt lat="-8.05787" lon="-34.883713">
    <ele>9.8</ele>
    <time>2020-09-20T14:27:58.000Z</time>
   </trkpt>
   <trkpt lat="-8.057867" lon="-34.883673">
    <ele>9.8</ele>
    <time>2020-09-20T14:27:59.000Z</time>
   </trkpt>
   <trkpt lat="-8.057872" lon="-34.883631">
    <ele>9.8</ele>
    <time>2020-09-20T14:28:00.000Z</time>
   </trkpt>
   <trkpt lat="-8.057873" lon="-34.883585">
    <ele>9.8</ele>
    <time>2020-09-20T14:28:01.000Z</time>
   </trkpt>
   <trkpt lat="-8.057876" lon="-34.883546">
    <ele>9.9</ele>
    <time>2020-09-20T14:28:02.000Z</time>
   </trkpt>
   <trkpt lat="-8.057876" lon="-34.883512">
    <ele>9.9</ele>
    <time>2020-09-20T14:28:03.000Z</time>
   </trkpt>
   <trkpt lat="-8.057879" lon="-34.883466">
    <ele>9.9</ele>
    <time>2020-09-20T14:28:04.000Z</time>
   </trkpt>
   <trkpt lat="-8.057885" lon="-34.883421">
    <ele>10</ele>
    <time>2020-09-20T14:28:05.000Z</time>
   </trkpt>
   <trkpt lat="-8.057889" lon="-34.88338">
    <ele>10</ele>
    <time>2020-09-20T14:28:06.000Z</time>
   </trkpt>
   <trkpt lat="-8.057892" lon="-34.883331">
    <ele>10</ele>
    <time>2020-09-20T14:28:07.000Z</time>
   </trkpt>
   <trkpt lat="-8.057893" lon="-34.883282">
    <ele>10</ele>
    <time>2020-09-20T14:28:08.000Z</time>
   </trkpt>
   <trkpt lat="-8.057884" lon="-34.883247">
    <ele>10</ele>
    <time>2020-09-20T14:28:09.000Z</time>
   </trkpt>
   <trkpt lat="-8.057877" lon="-34.883213">
    <ele>10</ele>
    <time>2020-09-20T14:28:10.000Z</time>
   </trkpt>
   <trkpt lat="-8.057867" lon="-34.883168">
    <ele>10.1</ele>
    <time>2020-09-20T14:28:11.000Z</time>
   </trkpt>
   <trkpt lat="-8.057862" lon="-34.883119">
    <ele>10.1</ele>
    <time>2020-09-20T14:28:12.000Z</time>
   </trkpt>
   <trkpt lat="-8.057861" lon="-34.883071">
    <ele>10.1</ele>
    <time>2020-09-20T14:28:13.000Z</time>
   </trkpt>
   <trkpt lat="-8.057861" lon="-34.883028">
    <ele>10.2</ele>
    <time>2020-09-20T14:28:14.000Z</time>
   </trkpt>
   <trkpt lat="-8.057862" lon="-34.882977">
    <ele>10.2</ele>
    <time>2020-09-20T14:28:15.000Z</time>
   </trkpt>
   <trkpt lat="-8.057863" lon="-34.88291">
    <ele>10.2</ele>
    <time>2020-09-20T14:28:16.000Z</time>
   </trkpt>
   <trkpt lat="-8.057856" lon="-34.88284">
    <ele>10</ele>
    <time>2020-09-20T14:28:17.000Z</time>
   </trkpt>
   <trkpt lat="-8.057857" lon="-34.882782">
    <ele>10</ele>
    <time>2020-09-20T14:28:18.000Z</time>
   </trkpt>
   <trkpt lat="-8.057856" lon="-34.88273">
    <ele>9.9</ele>
    <time>2020-09-20T14:28:19.000Z</time>
   </trkpt>
   <trkpt lat="-8.057857" lon="-34.882678">
    <ele>9.8</ele>
    <time>2020-09-20T14:28:20.000Z</time>
   </trkpt>
   <trkpt lat="-8.057858" lon="-34.882627">
    <ele>9.7</ele>
    <time>2020-09-20T14:28:21.000Z</time>
   </trkpt>
   <trkpt lat="-8.057865" lon="-34.882576">
    <ele>9.7</ele>
    <time>2020-09-20T14:28:22.000Z</time>
   </trkpt>
   <trkpt lat="-8.057894" lon="-34.882538">
    <ele>9.7</ele>
    <time>2020-09-20T14:28:23.000Z</time>
   </trkpt>
   <trkpt lat="-8.057923" lon="-34.882508">
    <ele>9.6</ele>
    <time>2020-09-20T14:28:24.000Z</time>
   </trkpt>
   <trkpt lat="-8.05795" lon="-34.882468">
    <ele>9.6</ele>
    <time>2020-09-20T14:28:25.000Z</time>
   </trkpt>
   <trkpt lat="-8.057984" lon="-34.882419">
    <ele>9.5</ele>
    <time>2020-09-20T14:28:26.000Z</time>
   </trkpt>
   <trkpt lat="-8.058011" lon="-34.882387">
    <ele>9.5</ele>
    <time>2020-09-20T14:28:27.000Z</time>
   </trkpt>
   <trkpt lat="-8.058041" lon="-34.882352">
    <ele>9.5</ele>
    <time>2020-09-20T14:28:28.000Z</time>
   </trkpt>
   <trkpt lat="-8.058075" lon="-34.8823">
    <ele>9.5</ele>
    <time>2020-09-20T14:28:29.000Z</time>
   </trkpt>
   <trkpt lat="-8.058098" lon="-34.88226">
    <ele>9.4</ele>
    <time>2020-09-20T14:28:30.000Z</time>
   </trkpt>
   <trkpt lat="-8.058131" lon="-34.882214">
    <ele>9.4</ele>
    <time>2020-09-20T14:28:31.000Z</time>
   </trkpt>
   <trkpt lat="-8.058168" lon="-34.88216">
    <ele>9.4</ele>
    <time>2020-09-20T14:28:32.000Z</time>
   </trkpt>
   <trkpt lat="-8.058207" lon="-34.882107">
    <ele>9.4</ele>
    <time>2020-09-20T14:28:33.000Z</time>
   </trkpt>
   <trkpt lat="-8.058238" lon="-34.882054">
    <ele>9.3</ele>
    <time>2020-09-20T14:28:34.000Z</time>
   </trkpt>
   <trkpt lat="-8.058269" lon="-34.882">
    <ele>9.3</ele>
    <time>2020-09-20T14:28:35.000Z</time>
   </trkpt>
   <trkpt lat="-8.058299" lon="-34.881952">
    <ele>9.3</ele>
    <time>2020-09-20T14:28:36.000Z</time>
   </trkpt>
   <trkpt lat="-8.058321" lon="-34.881901">
    <ele>9.3</ele>
    <time>2020-09-20T14:28:37.000Z</time>
   </trkpt>
   <trkpt lat="-8.05835" lon="-34.881848">
    <ele>9.2</ele>
    <time>2020-09-20T14:28:38.000Z</time>
   </trkpt>
   <trkpt lat="-8.058377" lon="-34.881803">
    <ele>9.2</ele>
    <time>2020-09-20T14:28:39.000Z</time>
   </trkpt>
   <trkpt lat="-8.058406" lon="-34.881752">
    <ele>9.2</ele>
    <time>2020-09-20T14:28:40.000Z</time>
   </trkpt>
   <trkpt lat="-8.058435" lon="-34.881705">
    <ele>9.3</ele>
    <time>2020-09-20T14:28:41.000Z</time>
   </trkpt>
   <trkpt lat="-8.058459" lon="-34.88167">
    <ele>9.3</ele>
    <time>2020-09-20T14:28:42.000Z</time>
   </trkpt>
   <trkpt lat="-8.058488" lon="-34.881641">
    <ele>9.3</ele>
    <time>2020-09-20T14:28:43.000Z</time>
   </trkpt>
   <trkpt lat="-8.058515" lon="-34.881596">
    <ele>9.3</ele>
    <time>2020-09-20T14:28:44.000Z</time>
   </trkpt>
   <trkpt lat="-8.058542" lon="-34.881559">
    <ele>9.3</ele>
    <time>2020-09-20T14:28:45.000Z</time>
   </trkpt>
   <trkpt lat="-8.058571" lon="-34.88152">
    <ele>9.3</ele>
    <time>2020-09-20T14:28:46.000Z</time>
   </trkpt>
   <trkpt lat="-8.058598" lon="-34.881483">
    <ele>9.3</ele>
    <time>2020-09-20T14:28:47.000Z</time>
   </trkpt>
   <trkpt lat="-8.058634" lon="-34.881443">
    <ele>9.3</ele>
    <time>2020-09-20T14:28:48.000Z</time>
   </trkpt>
   <trkpt lat="-8.05867" lon="-34.8814">
    <ele>9.4</ele>
    <time>2020-09-20T14:28:49.000Z</time>
   </trkpt>
   <trkpt lat="-8.058708" lon="-34.881353">
    <ele>9.4</ele>
    <time>2020-09-20T14:28:50.000Z</time>
   </trkpt>
   <trkpt lat="-8.058743" lon="-34.881306">
    <ele>9.4</ele>
    <time>2020-09-20T14:28:51.000Z</time>
   </trkpt>
   <trkpt lat="-8.058775" lon="-34.881263">
    <ele>9.4</ele>
    <time>2020-09-20T14:28:52.000Z</time>
   </trkpt>
   <trkpt lat="-8.058797" lon="-34.881223">
    <ele>9.4</ele>
    <time>2020-09-20T14:28:53.000Z</time>
   </trkpt>
   <trkpt lat="-8.058821" lon="-34.881172">
    <ele>9.4</ele>
    <time>2020-09-20T14:28:54.000Z</time>
   </trkpt>
   <trkpt lat="-8.058839" lon="-34.881125">
    <ele>9.4</ele>
    <time>2020-09-20T14:28:55.000Z</time>
   </trkpt>
   <trkpt lat="-8.058861" lon="-34.881076">
    <ele>9.4</ele>
    <time>2020-09-20T14:28:56.000Z</time>
   </trkpt>
   <trkpt lat="-8.058889" lon="-34.881023">
    <ele>9.4</ele>
    <time>2020-09-20T14:28:57.000Z</time>
   </trkpt>
   <trkpt lat="-8.058924" lon="-34.880971">
    <ele>9.4</ele>
    <time>2020-09-20T14:28:58.000Z</time>
   </trkpt>
   <trkpt lat="-8.058955" lon="-34.880924">
    <ele>9.4</ele>
    <time>2020-09-20T14:28:59.000Z</time>
   </trkpt>
   <trkpt lat="-8.058988" lon="-34.880877">
    <ele>9.4</ele>
    <time>2020-09-20T14:29:00.000Z</time>
   </trkpt>
   <trkpt lat="-8.059024" lon="-34.880831">
    <ele>9.4</ele>
    <time>2020-09-20T14:29:01.000Z</time>
   </trkpt>
   <trkpt lat="-8.059052" lon="-34.880789">
    <ele>9.4</ele>
    <time>2020-09-20T14:29:02.000Z</time>
   </trkpt>
   <trkpt lat="-8.059084" lon="-34.880729">
    <ele>9.4</ele>
    <time>2020-09-20T14:29:03.000Z</time>
   </trkpt>
   <trkpt lat="-8.059112" lon="-34.880681">
    <ele>9.4</ele>
    <time>2020-09-20T14:29:04.000Z</time>
   </trkpt>
   <trkpt lat="-8.059134" lon="-34.880638">
    <ele>9.4</ele>
    <time>2020-09-20T14:29:05.000Z</time>
   </trkpt>
   <trkpt lat="-8.059169" lon="-34.88059">
    <ele>9.4</ele>
    <time>2020-09-20T14:29:06.000Z</time>
   </trkpt>
   <trkpt lat="-8.059192" lon="-34.880549">
    <ele>9.4</ele>
    <time>2020-09-20T14:29:07.000Z</time>
   </trkpt>
   <trkpt lat="-8.059212" lon="-34.880515">
    <ele>9.4</ele>
    <time>2020-09-20T14:29:08.000Z</time>
   </trkpt>
   <trkpt lat="-8.059243" lon="-34.880468">
    <ele>9.5</ele>
    <time>2020-09-20T14:29:09.000Z</time>
   </trkpt>
   <trkpt lat="-8.059269" lon="-34.880406">
    <ele>9.5</ele>
    <time>2020-09-20T14:29:10.000Z</time>
   </trkpt>
   <trkpt lat="-8.059295" lon="-34.880349">
    <ele>9.6</ele>
    <time>2020-09-20T14:29:11.000Z</time>
   </trkpt>
   <trkpt lat="-8.059314" lon="-34.880298">
    <ele>9.7</ele>
    <time>2020-09-20T14:29:12.000Z</time>
   </trkpt>
   <trkpt lat="-8.05933" lon="-34.880257">
    <ele>9.7</ele>
    <time>2020-09-20T14:29:13.000Z</time>
   </trkpt>
   <trkpt lat="-8.059341" lon="-34.880227">
    <ele>9.8</ele>
    <time>2020-09-20T14:29:14.000Z</time>
   </trkpt>
   <trkpt lat="-8.059361" lon="-34.880189">
    <ele>9.9</ele>
    <time>2020-09-20T14:29:15.000Z</time>
   </trkpt>
   <trkpt lat="-8.05938" lon="-34.880158">
    <ele>10</ele>
    <time>2020-09-20T14:29:16.000Z</time>
   </trkpt>
   <trkpt lat="-8.059393" lon="-34.880126">
    <ele>10.1</ele>
    <time>2020-09-20T14:29:17.000Z</time>
   </trkpt>
   <trkpt lat="-8.059398" lon="-34.880098">
    <ele>10.1</ele>
    <time>2020-09-20T14:29:18.000Z</time>
   </trkpt>
   <trkpt lat="-8.059411" lon="-34.880071">
    <ele>10.2</ele>
    <time>2020-09-20T14:29:19.000Z</time>
   </trkpt>
   <trkpt lat="-8.059424" lon="-34.880062">
    <ele>10.2</ele>
    <time>2020-09-20T14:29:20.000Z</time>
   </trkpt>
   <trkpt lat="-8.059439" lon="-34.880022">
    <ele>10.4</ele>
    <time>2020-09-20T14:29:22.000Z</time>
   </trkpt>
   <trkpt lat="-8.05945" lon="-34.879977">
    <ele>10.5</ele>
    <time>2020-09-20T14:29:24.000Z</time>
   </trkpt>
   <trkpt lat="-8.05944" lon="-34.879966">
    <ele>10.6</ele>
    <time>2020-09-20T14:29:27.000Z</time>
   </trkpt>
   <trkpt lat="-8.059422" lon="-34.879959">
    <ele>10.6</ele>
    <time>2020-09-20T14:29:32.000Z</time>
   </trkpt>
   <trkpt lat="-8.059445" lon="-34.879925">
    <ele>10.7</ele>
    <time>2020-09-20T14:29:34.000Z</time>
   </trkpt>
   <trkpt lat="-8.059479" lon="-34.879879">
    <ele>10.8</ele>
    <time>2020-09-20T14:29:36.000Z</time>
   </trkpt>
   <trkpt lat="-8.059548" lon="-34.87985">
    <ele>11</ele>
    <time>2020-09-20T14:29:38.000Z</time>
   </trkpt>
   <trkpt lat="-8.059582" lon="-34.879826">
    <ele>11.1</ele>
    <time>2020-09-20T14:29:39.000Z</time>
   </trkpt>
   <trkpt lat="-8.059604" lon="-34.879798">
    <ele>11.2</ele>
    <time>2020-09-20T14:29:40.000Z</time>
   </trkpt>
   <trkpt lat="-8.059627" lon="-34.879761">
    <ele>11.4</ele>
    <time>2020-09-20T14:29:41.000Z</time>
   </trkpt>
   <trkpt lat="-8.059659" lon="-34.879718">
    <ele>11.5</ele>
    <time>2020-09-20T14:29:42.000Z</time>
   </trkpt>
   <trkpt lat="-8.059681" lon="-34.879689">
    <ele>11.7</ele>
    <time>2020-09-20T14:29:43.000Z</time>
   </trkpt>
   <trkpt lat="-8.059706" lon="-34.879664">
    <ele>11.8</ele>
    <time>2020-09-20T14:29:44.000Z</time>
   </trkpt>
   <trkpt lat="-8.059725" lon="-34.879632">
    <ele>11.9</ele>
    <time>2020-09-20T14:29:45.000Z</time>
   </trkpt>
   <trkpt lat="-8.059744" lon="-34.879593">
    <ele>12</ele>
    <time>2020-09-20T14:29:46.000Z</time>
   </trkpt>
   <trkpt lat="-8.059764" lon="-34.879561">
    <ele>12.1</ele>
    <time>2020-09-20T14:29:47.000Z</time>
   </trkpt>
   <trkpt lat="-8.059784" lon="-34.879523">
    <ele>12.3</ele>
    <time>2020-09-20T14:29:48.000Z</time>
   </trkpt>
   <trkpt lat="-8.0598" lon="-34.87949">
    <ele>12.4</ele>
    <time>2020-09-20T14:29:49.000Z</time>
   </trkpt>
   <trkpt lat="-8.059821" lon="-34.879452">
    <ele>12.5</ele>
    <time>2020-09-20T14:29:50.000Z</time>
   </trkpt>
   <trkpt lat="-8.059844" lon="-34.879411">
    <ele>12.6</ele>
    <time>2020-09-20T14:29:51.000Z</time>
   </trkpt>
   <trkpt lat="-8.059865" lon="-34.879371">
    <ele>12.7</ele>
    <time>2020-09-20T14:29:52.000Z</time>
   </trkpt>
   <trkpt lat="-8.059886" lon="-34.879334">
    <ele>12.7</ele>
    <time>2020-09-20T14:29:53.000Z</time>
   </trkpt>
   <trkpt lat="-8.059906" lon="-34.879303">
    <ele>12.7</ele>
    <time>2020-09-20T14:29:54.000Z</time>
   </trkpt>
   <trkpt lat="-8.05993" lon="-34.879269">
    <ele>12.7</ele>
    <time>2020-09-20T14:29:55.000Z</time>
   </trkpt>
   <trkpt lat="-8.059948" lon="-34.879243">
    <ele>12.6</ele>
    <time>2020-09-20T14:29:56.000Z</time>
   </trkpt>
   <trkpt lat="-8.059973" lon="-34.879203">
    <ele>12.5</ele>
    <time>2020-09-20T14:29:57.000Z</time>
   </trkpt>
   <trkpt lat="-8.060004" lon="-34.879162">
    <ele>12.4</ele>
    <time>2020-09-20T14:29:58.000Z</time>
   </trkpt>
   <trkpt lat="-8.06003" lon="-34.879119">
    <ele>12.2</ele>
    <time>2020-09-20T14:29:59.000Z</time>
   </trkpt>
   <trkpt lat="-8.060055" lon="-34.879085">
    <ele>12.1</ele>
    <time>2020-09-20T14:30:00.000Z</time>
   </trkpt>
   <trkpt lat="-8.060081" lon="-34.879043">
    <ele>12</ele>
    <time>2020-09-20T14:30:01.000Z</time>
   </trkpt>
   <trkpt lat="-8.060114" lon="-34.878992">
    <ele>11.8</ele>
    <time>2020-09-20T14:30:02.000Z</time>
   </trkpt>
   <trkpt lat="-8.060141" lon="-34.878953">
    <ele>11.6</ele>
    <time>2020-09-20T14:30:03.000Z</time>
   </trkpt>
   <trkpt lat="-8.060174" lon="-34.878904">
    <ele>11.5</ele>
    <time>2020-09-20T14:30:04.000Z</time>
   </trkpt>
   <trkpt lat="-8.060198" lon="-34.878864">
    <ele>11.3</ele>
    <time>2020-09-20T14:30:05.000Z</time>
   </trkpt>
   <trkpt lat="-8.060228" lon="-34.878807">
    <ele>11.1</ele>
    <time>2020-09-20T14:30:06.000Z</time>
   </trkpt>
   <trkpt lat="-8.060252" lon="-34.878762">
    <ele>10.9</ele>
    <time>2020-09-20T14:30:07.000Z</time>
   </trkpt>
   <trkpt lat="-8.060275" lon="-34.878716">
    <ele>10.6</ele>
    <time>2020-09-20T14:30:08.000Z</time>
   </trkpt>
   <trkpt lat="-8.060298" lon="-34.878669">
    <ele>10.4</ele>
    <time>2020-09-20T14:30:09.000Z</time>
   </trkpt>
   <trkpt lat="-8.060311" lon="-34.878617">
    <ele>10.1</ele>
    <time>2020-09-20T14:30:10.000Z</time>
   </trkpt>
   <trkpt lat="-8.06032" lon="-34.878553">
    <ele>9.8</ele>
    <time>2020-09-20T14:30:11.000Z</time>
   </trkpt>
   <trkpt lat="-8.060324" lon="-34.87848">
    <ele>9.6</ele>
    <time>2020-09-20T14:30:12.000Z</time>
   </trkpt>
   <trkpt lat="-8.060326" lon="-34.878409">
    <ele>9.4</ele>
    <time>2020-09-20T14:30:13.000Z</time>
   </trkpt>
   <trkpt lat="-8.060324" lon="-34.878341">
    <ele>9.3</ele>
    <time>2020-09-20T14:30:14.000Z</time>
   </trkpt>
   <trkpt lat="-8.060318" lon="-34.87827">
    <ele>9.3</ele>
    <time>2020-09-20T14:30:15.000Z</time>
   </trkpt>
   <trkpt lat="-8.060318" lon="-34.878204">
    <ele>9.2</ele>
    <time>2020-09-20T14:30:16.000Z</time>
   </trkpt>
   <trkpt lat="-8.060315" lon="-34.878136">
    <ele>9.2</ele>
    <time>2020-09-20T14:30:17.000Z</time>
   </trkpt>
   <trkpt lat="-8.060315" lon="-34.878073">
    <ele>9.1</ele>
    <time>2020-09-20T14:30:18.000Z</time>
   </trkpt>
   <trkpt lat="-8.06032" lon="-34.878024">
    <ele>9.1</ele>
    <time>2020-09-20T14:30:19.000Z</time>
   </trkpt>
   <trkpt lat="-8.06033" lon="-34.877977">
    <ele>9.1</ele>
    <time>2020-09-20T14:30:20.000Z</time>
   </trkpt>
   <trkpt lat="-8.06034" lon="-34.877938">
    <ele>9.1</ele>
    <time>2020-09-20T14:30:21.000Z</time>
   </trkpt>
   <trkpt lat="-8.060359" lon="-34.877908">
    <ele>9.1</ele>
    <time>2020-09-20T14:30:22.000Z</time>
   </trkpt>
   <trkpt lat="-8.060384" lon="-34.877887">
    <ele>9.1</ele>
    <time>2020-09-20T14:30:23.000Z</time>
   </trkpt>
   <trkpt lat="-8.060417" lon="-34.877876">
    <ele>9</ele>
    <time>2020-09-20T14:30:24.000Z</time>
   </trkpt>
   <trkpt lat="-8.060455" lon="-34.87787">
    <ele>9</ele>
    <time>2020-09-20T14:30:25.000Z</time>
   </trkpt>
   <trkpt lat="-8.060496" lon="-34.877871">
    <ele>9</ele>
    <time>2020-09-20T14:30:26.000Z</time>
   </trkpt>
   <trkpt lat="-8.060533" lon="-34.877885">
    <ele>9</ele>
    <time>2020-09-20T14:30:27.000Z</time>
   </trkpt>
   <trkpt lat="-8.060571" lon="-34.87789">
    <ele>9</ele>
    <time>2020-09-20T14:30:28.000Z</time>
   </trkpt>
   <trkpt lat="-8.0606" lon="-34.877893">
    <ele>9</ele>
    <time>2020-09-20T14:30:29.000Z</time>
   </trkpt>
   <trkpt lat="-8.060639" lon="-34.877899">
    <ele>8.9</ele>
    <time>2020-09-20T14:30:30.000Z</time>
   </trkpt>
   <trkpt lat="-8.060677" lon="-34.877912">
    <ele>8.9</ele>
    <time>2020-09-20T14:30:31.000Z</time>
   </trkpt>
   <trkpt lat="-8.060724" lon="-34.877922">
    <ele>8.9</ele>
    <time>2020-09-20T14:30:32.000Z</time>
   </trkpt>
   <trkpt lat="-8.060777" lon="-34.877937">
    <ele>9</ele>
    <time>2020-09-20T14:30:33.000Z</time>
   </trkpt>
   <trkpt lat="-8.06083" lon="-34.877948">
    <ele>9</ele>
    <time>2020-09-20T14:30:34.000Z</time>
   </trkpt>
   <trkpt lat="-8.060895" lon="-34.87796">
    <ele>9</ele>
    <time>2020-09-20T14:30:35.000Z</time>
   </trkpt>
   <trkpt lat="-8.060947" lon="-34.877971">
    <ele>9</ele>
    <time>2020-09-20T14:30:36.000Z</time>
   </trkpt>
   <trkpt lat="-8.060999" lon="-34.877977">
    <ele>9.1</ele>
    <time>2020-09-20T14:30:37.000Z</time>
   </trkpt>
   <trkpt lat="-8.06104" lon="-34.877984">
    <ele>9.1</ele>
    <time>2020-09-20T14:30:38.000Z</time>
   </trkpt>
   <trkpt lat="-8.061091" lon="-34.877996">
    <ele>9.1</ele>
    <time>2020-09-20T14:30:39.000Z</time>
   </trkpt>
   <trkpt lat="-8.061147" lon="-34.878001">
    <ele>9.2</ele>
    <time>2020-09-20T14:30:40.000Z</time>
   </trkpt>
   <trkpt lat="-8.061191" lon="-34.877998">
    <ele>9.2</ele>
    <time>2020-09-20T14:30:41.000Z</time>
   </trkpt>
   <trkpt lat="-8.061219" lon="-34.87796">
    <ele>9.2</ele>
    <time>2020-09-20T14:30:42.000Z</time>
   </trkpt>
   <trkpt lat="-8.061232" lon="-34.877908">
    <ele>9.2</ele>
    <time>2020-09-20T14:30:43.000Z</time>
   </trkpt>
   <trkpt lat="-8.061248" lon="-34.87787">
    <ele>9.2</ele>
    <time>2020-09-20T14:30:44.000Z</time>
   </trkpt>
   <trkpt lat="-8.061261" lon="-34.877844">
    <ele>9.2</ele>
    <time>2020-09-20T14:30:45.000Z</time>
   </trkpt>
   <trkpt lat="-8.06128" lon="-34.877803">
    <ele>9.2</ele>
    <time>2020-09-20T14:30:46.000Z</time>
   </trkpt>
   <trkpt lat="-8.061302" lon="-34.877754">
    <ele>9.2</ele>
    <time>2020-09-20T14:30:47.000Z</time>
   </trkpt>
   <trkpt lat="-8.061326" lon="-34.877697">
    <ele>9.3</ele>
    <time>2020-09-20T14:30:48.000Z</time>
   </trkpt>
   <trkpt lat="-8.06135" lon="-34.877643">
    <ele>9.3</ele>
    <time>2020-09-20T14:30:49.000Z</time>
   </trkpt>
   <trkpt lat="-8.061374" lon="-34.877596">
    <ele>9.3</ele>
    <time>2020-09-20T14:30:50.000Z</time>
   </trkpt>
   <trkpt lat="-8.061394" lon="-34.87755">
    <ele>9.3</ele>
    <time>2020-09-20T14:30:51.000Z</time>
   </trkpt>
   <trkpt lat="-8.061411" lon="-34.877511">
    <ele>9.3</ele>
    <time>2020-09-20T14:30:52.000Z</time>
   </trkpt>
   <trkpt lat="-8.061433" lon="-34.877469">
    <ele>9.3</ele>
    <time>2020-09-20T14:30:53.000Z</time>
   </trkpt>
   <trkpt lat="-8.061456" lon="-34.877428">
    <ele>9.4</ele>
    <time>2020-09-20T14:30:54.000Z</time>
   </trkpt>
   <trkpt lat="-8.061473" lon="-34.877388">
    <ele>9.4</ele>
    <time>2020-09-20T14:30:55.000Z</time>
   </trkpt>
   <trkpt lat="-8.061501" lon="-34.877336">
    <ele>9.4</ele>
    <time>2020-09-20T14:30:56.000Z</time>
   </trkpt>
   <trkpt lat="-8.061532" lon="-34.87729">
    <ele>9.4</ele>
    <time>2020-09-20T14:30:57.000Z</time>
   </trkpt>
   <trkpt lat="-8.061547" lon="-34.877244">
    <ele>9.5</ele>
    <time>2020-09-20T14:30:58.000Z</time>
   </trkpt>
   <trkpt lat="-8.061561" lon="-34.877203">
    <ele>9.5</ele>
    <time>2020-09-20T14:30:59.000Z</time>
   </trkpt>
   <trkpt lat="-8.061572" lon="-34.877165">
    <ele>9.5</ele>
    <time>2020-09-20T14:31:00.000Z</time>
   </trkpt>
   <trkpt lat="-8.061555" lon="-34.877101">
    <ele>9.5</ele>
    <time>2020-09-20T14:31:01.000Z</time>
   </trkpt>
   <trkpt lat="-8.061555" lon="-34.877008">
    <ele>9.5</ele>
    <time>2020-09-20T14:31:02.000Z</time>
   </trkpt>
   <trkpt lat="-8.061565" lon="-34.876945">
    <ele>9.6</ele>
    <time>2020-09-20T14:31:03.000Z</time>
   </trkpt>
   <trkpt lat="-8.061577" lon="-34.876882">
    <ele>9.6</ele>
    <time>2020-09-20T14:31:04.000Z</time>
   </trkpt>
   <trkpt lat="-8.061583" lon="-34.876822">
    <ele>9.6</ele>
    <time>2020-09-20T14:31:05.000Z</time>
   </trkpt>
   <trkpt lat="-8.061597" lon="-34.876764">
    <ele>9.7</ele>
    <time>2020-09-20T14:31:06.000Z</time>
   </trkpt>
   <trkpt lat="-8.061605" lon="-34.876702">
    <ele>9.7</ele>
    <time>2020-09-20T14:31:07.000Z</time>
   </trkpt>
   <trkpt lat="-8.061614" lon="-34.876657">
    <ele>9.8</ele>
    <time>2020-09-20T14:31:08.000Z</time>
   </trkpt>
   <trkpt lat="-8.061621" lon="-34.876597">
    <ele>9.8</ele>
    <time>2020-09-20T14:31:09.000Z</time>
   </trkpt>
   <trkpt lat="-8.061636" lon="-34.876536">
    <ele>9.9</ele>
    <time>2020-09-20T14:31:10.000Z</time>
   </trkpt>
   <trkpt lat="-8.061648" lon="-34.876488">
    <ele>10</ele>
    <time>2020-09-20T14:31:11.000Z</time>
   </trkpt>
   <trkpt lat="-8.061664" lon="-34.876444">
    <ele>10.1</ele>
    <time>2020-09-20T14:31:12.000Z</time>
   </trkpt>
   <trkpt lat="-8.061684" lon="-34.876385">
    <ele>10.4</ele>
    <time>2020-09-20T14:31:13.000Z</time>
   </trkpt>
   <trkpt lat="-8.061701" lon="-34.876336">
    <ele>10.5</ele>
    <time>2020-09-20T14:31:14.000Z</time>
   </trkpt>
   <trkpt lat="-8.061688" lon="-34.876289">
    <ele>10.7</ele>
    <time>2020-09-20T14:31:15.000Z</time>
   </trkpt>
   <trkpt lat="-8.061689" lon="-34.876234">
    <ele>10.9</ele>
    <time>2020-09-20T14:31:16.000Z</time>
   </trkpt>
   <trkpt lat="-8.0617" lon="-34.876185">
    <ele>11.1</ele>
    <time>2020-09-20T14:31:17.000Z</time>
   </trkpt>
   <trkpt lat="-8.061711" lon="-34.876131">
    <ele>11.2</ele>
    <time>2020-09-20T14:31:18.000Z</time>
   </trkpt>
   <trkpt lat="-8.061718" lon="-34.876083">
    <ele>11.3</ele>
    <time>2020-09-20T14:31:19.000Z</time>
   </trkpt>
   <trkpt lat="-8.061727" lon="-34.876023">
    <ele>11.4</ele>
    <time>2020-09-20T14:31:20.000Z</time>
   </trkpt>
   <trkpt lat="-8.061735" lon="-34.875969">
    <ele>11.6</ele>
    <time>2020-09-20T14:31:21.000Z</time>
   </trkpt>
   <trkpt lat="-8.06175" lon="-34.875914">
    <ele>11.7</ele>
    <time>2020-09-20T14:31:22.000Z</time>
   </trkpt>
   <trkpt lat="-8.061761" lon="-34.875866">
    <ele>11.8</ele>
    <time>2020-09-20T14:31:23.000Z</time>
   </trkpt>
   <trkpt lat="-8.061775" lon="-34.875806">
    <ele>12</ele>
    <time>2020-09-20T14:31:24.000Z</time>
   </trkpt>
   <trkpt lat="-8.061789" lon="-34.875747">
    <ele>12.1</ele>
    <time>2020-09-20T14:31:25.000Z</time>
   </trkpt>
   <trkpt lat="-8.061801" lon="-34.875698">
    <ele>12.2</ele>
    <time>2020-09-20T14:31:26.000Z</time>
   </trkpt>
   <trkpt lat="-8.061817" lon="-34.87565">
    <ele>12.2</ele>
    <time>2020-09-20T14:31:27.000Z</time>
   </trkpt>
   <trkpt lat="-8.061837" lon="-34.875599">
    <ele>12.3</ele>
    <time>2020-09-20T14:31:28.000Z</time>
   </trkpt>
   <trkpt lat="-8.061854" lon="-34.875547">
    <ele>12.4</ele>
    <time>2020-09-20T14:31:29.000Z</time>
   </trkpt>
   <trkpt lat="-8.061869" lon="-34.875494">
    <ele>12.5</ele>
    <time>2020-09-20T14:31:30.000Z</time>
   </trkpt>
   <trkpt lat="-8.06188" lon="-34.875445">
    <ele>12.5</ele>
    <time>2020-09-20T14:31:31.000Z</time>
   </trkpt>
   <trkpt lat="-8.061893" lon="-34.875401">
    <ele>12.6</ele>
    <time>2020-09-20T14:31:32.000Z</time>
   </trkpt>
   <trkpt lat="-8.06191" lon="-34.875355">
    <ele>12.6</ele>
    <time>2020-09-20T14:31:33.000Z</time>
   </trkpt>
   <trkpt lat="-8.061926" lon="-34.875282">
    <ele>12.7</ele>
    <time>2020-09-20T14:31:34.000Z</time>
   </trkpt>
   <trkpt lat="-8.061942" lon="-34.875219">
    <ele>12.7</ele>
    <time>2020-09-20T14:31:35.000Z</time>
   </trkpt>
   <trkpt lat="-8.061958" lon="-34.875155">
    <ele>12.7</ele>
    <time>2020-09-20T14:31:36.000Z</time>
   </trkpt>
   <trkpt lat="-8.061978" lon="-34.875098">
    <ele>12.8</ele>
    <time>2020-09-20T14:31:37.000Z</time>
   </trkpt>
   <trkpt lat="-8.061996" lon="-34.875035">
    <ele>12.8</ele>
    <time>2020-09-20T14:31:38.000Z</time>
   </trkpt>
   <trkpt lat="-8.062007" lon="-34.874962">
    <ele>12.8</ele>
    <time>2020-09-20T14:31:39.000Z</time>
   </trkpt>
   <trkpt lat="-8.062022" lon="-34.874908">
    <ele>12.8</ele>
    <time>2020-09-20T14:31:40.000Z</time>
   </trkpt>
   <trkpt lat="-8.062032" lon="-34.874855">
    <ele>12.8</ele>
    <time>2020-09-20T14:31:41.000Z</time>
   </trkpt>
   <trkpt lat="-8.062042" lon="-34.874814">
    <ele>12.8</ele>
    <time>2020-09-20T14:31:42.000Z</time>
   </trkpt>
   <trkpt lat="-8.062053" lon="-34.874778">
    <ele>12.7</ele>
    <time>2020-09-20T14:31:43.000Z</time>
   </trkpt>
   <trkpt lat="-8.062067" lon="-34.874739">
    <ele>12.7</ele>
    <time>2020-09-20T14:31:44.000Z</time>
   </trkpt>
   <trkpt lat="-8.062077" lon="-34.874696">
    <ele>12.6</ele>
    <time>2020-09-20T14:31:45.000Z</time>
   </trkpt>
   <trkpt lat="-8.062085" lon="-34.874648">
    <ele>12.6</ele>
    <time>2020-09-20T14:31:46.000Z</time>
   </trkpt>
   <trkpt lat="-8.062094" lon="-34.874603">
    <ele>12.5</ele>
    <time>2020-09-20T14:31:47.000Z</time>
   </trkpt>
   <trkpt lat="-8.062105" lon="-34.874562">
    <ele>12.4</ele>
    <time>2020-09-20T14:31:48.000Z</time>
   </trkpt>
   <trkpt lat="-8.062118" lon="-34.874524">
    <ele>12.4</ele>
    <time>2020-09-20T14:31:49.000Z</time>
   </trkpt>
   <trkpt lat="-8.062131" lon="-34.874478">
    <ele>12.3</ele>
    <time>2020-09-20T14:31:50.000Z</time>
   </trkpt>
   <trkpt lat="-8.062144" lon="-34.874428">
    <ele>12.2</ele>
    <time>2020-09-20T14:31:51.000Z</time>
   </trkpt>
   <trkpt lat="-8.062155" lon="-34.874378">
    <ele>12.1</ele>
    <time>2020-09-20T14:31:52.000Z</time>
   </trkpt>
   <trkpt lat="-8.062172" lon="-34.874331">
    <ele>12</ele>
    <time>2020-09-20T14:31:53.000Z</time>
   </trkpt>
   <trkpt lat="-8.062186" lon="-34.874286">
    <ele>12</ele>
    <time>2020-09-20T14:31:54.000Z</time>
   </trkpt>
   <trkpt lat="-8.062196" lon="-34.874243">
    <ele>11.9</ele>
    <time>2020-09-20T14:31:55.000Z</time>
   </trkpt>
   <trkpt lat="-8.062213" lon="-34.8742">
    <ele>11.8</ele>
    <time>2020-09-20T14:31:56.000Z</time>
   </trkpt>
   <trkpt lat="-8.062232" lon="-34.874148">
    <ele>11.6</ele>
    <time>2020-09-20T14:31:57.000Z</time>
   </trkpt>
   <trkpt lat="-8.062246" lon="-34.874092">
    <ele>11.5</ele>
    <time>2020-09-20T14:31:58.000Z</time>
   </trkpt>
   <trkpt lat="-8.062259" lon="-34.874046">
    <ele>11.4</ele>
    <time>2020-09-20T14:31:59.000Z</time>
   </trkpt>
   <trkpt lat="-8.062279" lon="-34.874003">
    <ele>11.3</ele>
    <time>2020-09-20T14:32:00.000Z</time>
   </trkpt>
   <trkpt lat="-8.062289" lon="-34.873964">
    <ele>11.2</ele>
    <time>2020-09-20T14:32:01.000Z</time>
   </trkpt>
   <trkpt lat="-8.062303" lon="-34.873922">
    <ele>11</ele>
    <time>2020-09-20T14:32:02.000Z</time>
   </trkpt>
   <trkpt lat="-8.062317" lon="-34.873876">
    <ele>10.7</ele>
    <time>2020-09-20T14:32:03.000Z</time>
   </trkpt>
   <trkpt lat="-8.062327" lon="-34.873822">
    <ele>10.5</ele>
    <time>2020-09-20T14:32:04.000Z</time>
   </trkpt>
   <trkpt lat="-8.062332" lon="-34.873778">
    <ele>10.5</ele>
    <time>2020-09-20T14:32:05.000Z</time>
   </trkpt>
   <trkpt lat="-8.062345" lon="-34.873736">
    <ele>10.5</ele>
    <time>2020-09-20T14:32:06.000Z</time>
   </trkpt>
   <trkpt lat="-8.062351" lon="-34.873703">
    <ele>10.5</ele>
    <time>2020-09-20T14:32:07.000Z</time>
   </trkpt>
   <trkpt lat="-8.062364" lon="-34.873666">
    <ele>10.5</ele>
    <time>2020-09-20T14:32:08.000Z</time>
   </trkpt>
   <trkpt lat="-8.06238" lon="-34.873627">
    <ele>10.4</ele>
    <time>2020-09-20T14:32:09.000Z</time>
   </trkpt>
   <trkpt lat="-8.062401" lon="-34.873574">
    <ele>10.4</ele>
    <time>2020-09-20T14:32:10.000Z</time>
   </trkpt>
   <trkpt lat="-8.062425" lon="-34.873516">
    <ele>10.4</ele>
    <time>2020-09-20T14:32:11.000Z</time>
   </trkpt>
   <trkpt lat="-8.062444" lon="-34.873479">
    <ele>10.4</ele>
    <time>2020-09-20T14:32:12.000Z</time>
   </trkpt>
   <trkpt lat="-8.062459" lon="-34.873445">
    <ele>10.4</ele>
    <time>2020-09-20T14:32:13.000Z</time>
   </trkpt>
   <trkpt lat="-8.062465" lon="-34.873413">
    <ele>10.4</ele>
    <time>2020-09-20T14:32:14.000Z</time>
   </trkpt>
   <trkpt lat="-8.062471" lon="-34.873376">
    <ele>10.4</ele>
    <time>2020-09-20T14:32:15.000Z</time>
   </trkpt>
   <trkpt lat="-8.06248" lon="-34.873342">
    <ele>10.4</ele>
    <time>2020-09-20T14:32:16.000Z</time>
   </trkpt>
   <trkpt lat="-8.062488" lon="-34.873305">
    <ele>10.4</ele>
    <time>2020-09-20T14:32:17.000Z</time>
   </trkpt>
   <trkpt lat="-8.062492" lon="-34.873273">
    <ele>10.4</ele>
    <time>2020-09-20T14:32:18.000Z</time>
   </trkpt>
   <trkpt lat="-8.062495" lon="-34.873235">
    <ele>10.4</ele>
    <time>2020-09-20T14:32:19.000Z</time>
   </trkpt>
   <trkpt lat="-8.062495" lon="-34.873198">
    <ele>10.4</ele>
    <time>2020-09-20T14:32:20.000Z</time>
   </trkpt>
   <trkpt lat="-8.062503" lon="-34.87316">
    <ele>10.4</ele>
    <time>2020-09-20T14:32:21.000Z</time>
   </trkpt>
   <trkpt lat="-8.062529" lon="-34.873139">
    <ele>10.4</ele>
    <time>2020-09-20T14:32:22.000Z</time>
   </trkpt>
   <trkpt lat="-8.062553" lon="-34.873118">
    <ele>10.4</ele>
    <time>2020-09-20T14:32:23.000Z</time>
   </trkpt>
   <trkpt lat="-8.062565" lon="-34.873105">
    <ele>10.4</ele>
    <time>2020-09-20T14:32:24.000Z</time>
   </trkpt>
   <trkpt lat="-8.062575" lon="-34.873053">
    <ele>10.4</ele>
    <time>2020-09-20T14:32:26.000Z</time>
   </trkpt>
   <trkpt lat="-8.062582" lon="-34.873034">
    <ele>10.4</ele>
    <time>2020-09-20T14:32:27.000Z</time>
   </trkpt>
   <trkpt lat="-8.062607" lon="-34.872999">
    <ele>10.4</ele>
    <time>2020-09-20T14:32:29.000Z</time>
   </trkpt>
   <trkpt lat="-8.062632" lon="-34.872972">
    <ele>10.4</ele>
    <time>2020-09-20T14:32:31.000Z</time>
   </trkpt>
   <trkpt lat="-8.062655" lon="-34.872958">
    <ele>10.4</ele>
    <time>2020-09-20T14:32:33.000Z</time>
   </trkpt>
   <trkpt lat="-8.062678" lon="-34.87294">
    <ele>10.4</ele>
    <time>2020-09-20T14:32:35.000Z</time>
   </trkpt>
   <trkpt lat="-8.062706" lon="-34.872916">
    <ele>10.4</ele>
    <time>2020-09-20T14:32:37.000Z</time>
   </trkpt>
   <trkpt lat="-8.06272" lon="-34.872871">
    <ele>10.3</ele>
    <time>2020-09-20T14:32:39.000Z</time>
   </trkpt>
   <trkpt lat="-8.062738" lon="-34.872825">
    <ele>10.3</ele>
    <time>2020-09-20T14:32:41.000Z</time>
   </trkpt>
   <trkpt lat="-8.062746" lon="-34.872771">
    <ele>10.3</ele>
    <time>2020-09-20T14:32:43.000Z</time>
   </trkpt>
   <trkpt lat="-8.062749" lon="-34.872758">
    <ele>10.3</ele>
    <time>2020-09-20T14:32:44.000Z</time>
   </trkpt>
   <trkpt lat="-8.062769" lon="-34.872722">
    <ele>10.3</ele>
    <time>2020-09-20T14:32:47.000Z</time>
   </trkpt>
   <trkpt lat="-8.062802" lon="-34.872711">
    <ele>10.3</ele>
    <time>2020-09-20T14:32:49.000Z</time>
   </trkpt>
   <trkpt lat="-8.06282" lon="-34.87269">
    <ele>10.3</ele>
    <time>2020-09-20T14:32:51.000Z</time>
   </trkpt>
   <trkpt lat="-8.062776" lon="-34.872658">
    <ele>10.3</ele>
    <time>2020-09-20T14:32:53.000Z</time>
   </trkpt>
   <trkpt lat="-8.062757" lon="-34.872637">
    <ele>10.3</ele>
    <time>2020-09-20T14:32:54.000Z</time>
   </trkpt>
   <trkpt lat="-8.062745" lon="-34.872624">
    <ele>10.3</ele>
    <time>2020-09-20T14:32:55.000Z</time>
   </trkpt>
   <trkpt lat="-8.06274" lon="-34.872605">
    <ele>10.3</ele>
    <time>2020-09-20T14:32:57.000Z</time>
   </trkpt>
   <trkpt lat="-8.06275" lon="-34.872565">
    <ele>10.3</ele>
    <time>2020-09-20T14:32:59.000Z</time>
   </trkpt>
   <trkpt lat="-8.062768" lon="-34.872495">
    <ele>10.3</ele>
    <time>2020-09-20T14:33:01.000Z</time>
   </trkpt>
   <trkpt lat="-8.062788" lon="-34.872465">
    <ele>10.3</ele>
    <time>2020-09-20T14:33:03.000Z</time>
   </trkpt>
   <trkpt lat="-8.062822" lon="-34.872439">
    <ele>10.3</ele>
    <time>2020-09-20T14:33:05.000Z</time>
   </trkpt>
   <trkpt lat="-8.062849" lon="-34.872409">
    <ele>10.3</ele>
    <time>2020-09-20T14:33:07.000Z</time>
   </trkpt>
   <trkpt lat="-8.062856" lon="-34.872369">
    <ele>10.2</ele>
    <time>2020-09-20T14:33:09.000Z</time>
   </trkpt>
   <trkpt lat="-8.062863" lon="-34.872314">
    <ele>10.2</ele>
    <time>2020-09-20T14:33:11.000Z</time>
   </trkpt>
   <trkpt lat="-8.062883" lon="-34.87224">
    <ele>10.2</ele>
    <time>2020-09-20T14:33:13.000Z</time>
   </trkpt>
   <trkpt lat="-8.062891" lon="-34.872185">
    <ele>10.2</ele>
    <time>2020-09-20T14:33:14.000Z</time>
   </trkpt>
   <trkpt lat="-8.062891" lon="-34.872149">
    <ele>10.2</ele>
    <time>2020-09-20T14:33:15.000Z</time>
   </trkpt>
   <trkpt lat="-8.062898" lon="-34.872109">
    <ele>10.2</ele>
    <time>2020-09-20T14:33:16.000Z</time>
   </trkpt>
   <trkpt lat="-8.062903" lon="-34.872072">
    <ele>10.1</ele>
    <time>2020-09-20T14:33:17.000Z</time>
   </trkpt>
   <trkpt lat="-8.062907" lon="-34.872035">
    <ele>10.1</ele>
    <time>2020-09-20T14:33:18.000Z</time>
   </trkpt>
   <trkpt lat="-8.062924" lon="-34.872002">
    <ele>10.1</ele>
    <time>2020-09-20T14:33:19.000Z</time>
   </trkpt>
   <trkpt lat="-8.062942" lon="-34.871968">
    <ele>10.1</ele>
    <time>2020-09-20T14:33:20.000Z</time>
   </trkpt>
   <trkpt lat="-8.062955" lon="-34.871939">
    <ele>10.1</ele>
    <time>2020-09-20T14:33:21.000Z</time>
   </trkpt>
   <trkpt lat="-8.062966" lon="-34.871917">
    <ele>10.1</ele>
    <time>2020-09-20T14:33:22.000Z</time>
   </trkpt>
   <trkpt lat="-8.062982" lon="-34.871864">
    <ele>10</ele>
    <time>2020-09-20T14:33:24.000Z</time>
   </trkpt>
   <trkpt lat="-8.06299" lon="-34.871841">
    <ele>10</ele>
    <time>2020-09-20T14:33:25.000Z</time>
   </trkpt>
   <trkpt lat="-8.063" lon="-34.871794">
    <ele>10</ele>
    <time>2020-09-20T14:33:27.000Z</time>
   </trkpt>
   <trkpt lat="-8.063032" lon="-34.871737">
    <ele>9.9</ele>
    <time>2020-09-20T14:33:29.000Z</time>
   </trkpt>
   <trkpt lat="-8.06305" lon="-34.871712">
    <ele>9.9</ele>
    <time>2020-09-20T14:33:30.000Z</time>
   </trkpt>
   <trkpt lat="-8.063074" lon="-34.871688">
    <ele>9.9</ele>
    <time>2020-09-20T14:33:31.000Z</time>
   </trkpt>
   <trkpt lat="-8.063086" lon="-34.871666">
    <ele>9.8</ele>
    <time>2020-09-20T14:33:32.000Z</time>
   </trkpt>
   <trkpt lat="-8.063116" lon="-34.871623">
    <ele>9.8</ele>
    <time>2020-09-20T14:33:34.000Z</time>
   </trkpt>
   <trkpt lat="-8.063132" lon="-34.871592">
    <ele>9.8</ele>
    <time>2020-09-20T14:33:36.000Z</time>
   </trkpt>
   <trkpt lat="-8.063121" lon="-34.871557">
    <ele>9.7</ele>
    <time>2020-09-20T14:33:39.000Z</time>
   </trkpt>
   <trkpt lat="-8.063152" lon="-34.871533">
    <ele>9.7</ele>
    <time>2020-09-20T14:33:41.000Z</time>
   </trkpt>
   <trkpt lat="-8.063156" lon="-34.871514">
    <ele>9.7</ele>
    <time>2020-09-20T14:33:43.000Z</time>
   </trkpt>
   <trkpt lat="-8.063115" lon="-34.871489">
    <ele>9.7</ele>
    <time>2020-09-20T14:33:47.000Z</time>
   </trkpt>
   <trkpt lat="-8.06309" lon="-34.87146">
    <ele>9.6</ele>
    <time>2020-09-20T14:33:49.000Z</time>
   </trkpt>
   <trkpt lat="-8.063063" lon="-34.871417">
    <ele>9.6</ele>
    <time>2020-09-20T14:33:52.000Z</time>
   </trkpt>
   <trkpt lat="-8.063033" lon="-34.871392">
    <ele>9.6</ele>
    <time>2020-09-20T14:33:54.000Z</time>
   </trkpt>
   <trkpt lat="-8.062991" lon="-34.871399">
    <ele>9.6</ele>
    <time>2020-09-20T14:33:56.000Z</time>
   </trkpt>
   <trkpt lat="-8.062943" lon="-34.871375">
    <ele>9.6</ele>
    <time>2020-09-20T14:33:58.000Z</time>
   </trkpt>
   <trkpt lat="-8.06291" lon="-34.871343">
    <ele>9.6</ele>
    <time>2020-09-20T14:34:01.000Z</time>
   </trkpt>
   <trkpt lat="-8.062878" lon="-34.871312">
    <ele>9.5</ele>
    <time>2020-09-20T14:34:41.000Z</time>
   </trkpt>
   <trkpt lat="-8.062845" lon="-34.87128">
    <ele>9.5</ele>
    <time>2020-09-20T14:34:42.000Z</time>
   </trkpt>
   <trkpt lat="-8.062814" lon="-34.871247">
    <ele>9.5</ele>
    <time>2020-09-20T14:34:43.000Z</time>
   </trkpt>
   <trkpt lat="-8.062784" lon="-34.871214">
    <ele>9.5</ele>
    <time>2020-09-20T14:34:44.000Z</time>
   </trkpt>
   <trkpt lat="-8.062734" lon="-34.871186">
    <ele>9.5</ele>
    <time>2020-09-20T14:34:45.000Z</time>
   </trkpt>
   <trkpt lat="-8.062675" lon="-34.871154">
    <ele>9.5</ele>
    <time>2020-09-20T14:34:46.000Z</time>
   </trkpt>
   <trkpt lat="-8.062623" lon="-34.871126">
    <ele>9.5</ele>
    <time>2020-09-20T14:34:47.000Z</time>
   </trkpt>
   <trkpt lat="-8.062577" lon="-34.871102">
    <ele>9.5</ele>
    <time>2020-09-20T14:34:48.000Z</time>
   </trkpt>
   <trkpt lat="-8.062523" lon="-34.871078">
    <ele>9.4</ele>
    <time>2020-09-20T14:34:49.000Z</time>
   </trkpt>
   <trkpt lat="-8.062472" lon="-34.871056">
    <ele>9.4</ele>
    <time>2020-09-20T14:34:50.000Z</time>
   </trkpt>
   <trkpt lat="-8.06242" lon="-34.87104">
    <ele>9.4</ele>
    <time>2020-09-20T14:34:51.000Z</time>
   </trkpt>
   <trkpt lat="-8.062369" lon="-34.871025">
    <ele>9.4</ele>
    <time>2020-09-20T14:34:52.000Z</time>
   </trkpt>
   <trkpt lat="-8.062312" lon="-34.871009">
    <ele>9.4</ele>
    <time>2020-09-20T14:34:53.000Z</time>
   </trkpt>
   <trkpt lat="-8.062252" lon="-34.870993">
    <ele>9.4</ele>
    <time>2020-09-20T14:34:54.000Z</time>
   </trkpt>
   <trkpt lat="-8.062189" lon="-34.870976">
    <ele>9.4</ele>
    <time>2020-09-20T14:34:55.000Z</time>
   </trkpt>
   <trkpt lat="-8.062124" lon="-34.870957">
    <ele>9.4</ele>
    <time>2020-09-20T14:34:56.000Z</time>
   </trkpt>
   <trkpt lat="-8.062062" lon="-34.870939">
    <ele>9.4</ele>
    <time>2020-09-20T14:34:57.000Z</time>
   </trkpt>
   <trkpt lat="-8.062003" lon="-34.870919">
    <ele>9.4</ele>
    <time>2020-09-20T14:34:58.000Z</time>
   </trkpt>
   <trkpt lat="-8.061934" lon="-34.870899">
    <ele>9.4</ele>
    <time>2020-09-20T14:34:59.000Z</time>
   </trkpt>
   <trkpt lat="-8.061859" lon="-34.870864">
    <ele>9.3</ele>
    <time>2020-09-20T14:35:00.000Z</time>
   </trkpt>
   <trkpt lat="-8.061795" lon="-34.870843">
    <ele>9.3</ele>
    <time>2020-09-20T14:35:01.000Z</time>
   </trkpt>
   <trkpt lat="-8.061731" lon="-34.870819">
    <ele>9.2</ele>
    <time>2020-09-20T14:35:02.000Z</time>
   </trkpt>
   <trkpt lat="-8.061671" lon="-34.870796">
    <ele>9.2</ele>
    <time>2020-09-20T14:35:03.000Z</time>
   </trkpt>
   <trkpt lat="-8.061585" lon="-34.87076">
    <ele>9.2</ele>
    <time>2020-09-20T14:35:04.000Z</time>
   </trkpt>
   <trkpt lat="-8.061508" lon="-34.870731">
    <ele>9.2</ele>
    <time>2020-09-20T14:35:05.000Z</time>
   </trkpt>
   <trkpt lat="-8.061435" lon="-34.870702">
    <ele>9.2</ele>
    <time>2020-09-20T14:35:06.000Z</time>
   </trkpt>
   <trkpt lat="-8.061357" lon="-34.870672">
    <ele>9.2</ele>
    <time>2020-09-20T14:35:07.000Z</time>
   </trkpt>
   <trkpt lat="-8.06129" lon="-34.870648">
    <ele>9.3</ele>
    <time>2020-09-20T14:35:08.000Z</time>
   </trkpt>
   <trkpt lat="-8.061224" lon="-34.870627">
    <ele>9.3</ele>
    <time>2020-09-20T14:35:09.000Z</time>
   </trkpt>
   <trkpt lat="-8.06115" lon="-34.8706">
    <ele>9.3</ele>
    <time>2020-09-20T14:35:10.000Z</time>
   </trkpt>
   <trkpt lat="-8.061079" lon="-34.870574">
    <ele>9.3</ele>
    <time>2020-09-20T14:35:11.000Z</time>
   </trkpt>
   <trkpt lat="-8.061008" lon="-34.870548">
    <ele>9.3</ele>
    <time>2020-09-20T14:35:12.000Z</time>
   </trkpt>
   <trkpt lat="-8.060944" lon="-34.870527">
    <ele>9.4</ele>
    <time>2020-09-20T14:35:13.000Z</time>
   </trkpt>
   <trkpt lat="-8.060871" lon="-34.8705">
    <ele>9.4</ele>
    <time>2020-09-20T14:35:14.000Z</time>
   </trkpt>
   <trkpt lat="-8.060799" lon="-34.870476">
    <ele>9.4</ele>
    <time>2020-09-20T14:35:15.000Z</time>
   </trkpt>
   <trkpt lat="-8.060729" lon="-34.87045">
    <ele>9.4</ele>
    <time>2020-09-20T14:35:16.000Z</time>
   </trkpt>
   <trkpt lat="-8.060658" lon="-34.870417">
    <ele>9.4</ele>
    <time>2020-09-20T14:35:17.000Z</time>
   </trkpt>
   <trkpt lat="-8.060589" lon="-34.870391">
    <ele>9.4</ele>
    <time>2020-09-20T14:35:18.000Z</time>
   </trkpt>
   <trkpt lat="-8.060523" lon="-34.870361">
    <ele>9.4</ele>
    <time>2020-09-20T14:35:19.000Z</time>
   </trkpt>
   <trkpt lat="-8.060455" lon="-34.870332">
    <ele>9.4</ele>
    <time>2020-09-20T14:35:20.000Z</time>
   </trkpt>
   <trkpt lat="-8.060393" lon="-34.87031">
    <ele>9.4</ele>
    <time>2020-09-20T14:35:21.000Z</time>
   </trkpt>
   <trkpt lat="-8.060336" lon="-34.870293">
    <ele>9.3</ele>
    <time>2020-09-20T14:35:22.000Z</time>
   </trkpt>
   <trkpt lat="-8.060281" lon="-34.870272">
    <ele>9.3</ele>
    <time>2020-09-20T14:35:23.000Z</time>
   </trkpt>
   <trkpt lat="-8.06023" lon="-34.870258">
    <ele>9.3</ele>
    <time>2020-09-20T14:35:24.000Z</time>
   </trkpt>
   <trkpt lat="-8.06017" lon="-34.870241">
    <ele>9.3</ele>
    <time>2020-09-20T14:35:25.000Z</time>
   </trkpt>
   <trkpt lat="-8.060135" lon="-34.870227">
    <ele>9.3</ele>
    <time>2020-09-20T14:35:26.000Z</time>
   </trkpt>
   <trkpt lat="-8.060097" lon="-34.870209">
    <ele>9.3</ele>
    <time>2020-09-20T14:35:27.000Z</time>
   </trkpt>
   <trkpt lat="-8.060051" lon="-34.870196">
    <ele>9.3</ele>
    <time>2020-09-20T14:35:28.000Z</time>
   </trkpt>
   <trkpt lat="-8.060012" lon="-34.870195">
    <ele>9.3</ele>
    <time>2020-09-20T14:35:29.000Z</time>
   </trkpt>
   <trkpt lat="-8.059979" lon="-34.870188">
    <ele>9.3</ele>
    <time>2020-09-20T14:35:30.000Z</time>
   </trkpt>
   <trkpt lat="-8.059947" lon="-34.87017">
    <ele>9.3</ele>
    <time>2020-09-20T14:35:31.000Z</time>
   </trkpt>
   <trkpt lat="-8.059917" lon="-34.870155">
    <ele>9.3</ele>
    <time>2020-09-20T14:35:32.000Z</time>
   </trkpt>
   <trkpt lat="-8.059874" lon="-34.870147">
    <ele>9.2</ele>
    <time>2020-09-20T14:35:33.000Z</time>
   </trkpt>
   <trkpt lat="-8.059831" lon="-34.870134">
    <ele>9.2</ele>
    <time>2020-09-20T14:35:34.000Z</time>
   </trkpt>
   <trkpt lat="-8.059801" lon="-34.870109">
    <ele>9.2</ele>
    <time>2020-09-20T14:35:35.000Z</time>
   </trkpt>
   <trkpt lat="-8.059779" lon="-34.870098">
    <ele>9.2</ele>
    <time>2020-09-20T14:35:36.000Z</time>
   </trkpt>
   <trkpt lat="-8.059725" lon="-34.870105">
    <ele>9.2</ele>
    <time>2020-09-20T14:35:38.000Z</time>
   </trkpt>
   <trkpt lat="-8.05969" lon="-34.870114">
    <ele>9.2</ele>
    <time>2020-09-20T14:35:40.000Z</time>
   </trkpt>
   <trkpt lat="-8.059713" lon="-34.870145">
    <ele>9.2</ele>
    <time>2020-09-20T14:35:44.000Z</time>
   </trkpt>
   <trkpt lat="-8.059727" lon="-34.870158">
    <ele>9.2</ele>
    <time>2020-09-20T14:35:45.000Z</time>
   </trkpt>
   <trkpt lat="-8.059782" lon="-34.870181">
    <ele>9.2</ele>
    <time>2020-09-20T14:35:47.000Z</time>
   </trkpt>
   <trkpt lat="-8.059801" lon="-34.870193">
    <ele>9.2</ele>
    <time>2020-09-20T14:35:48.000Z</time>
   </trkpt>
   <trkpt lat="-8.059847" lon="-34.870213">
    <ele>9.2</ele>
    <time>2020-09-20T14:35:50.000Z</time>
   </trkpt>
   <trkpt lat="-8.059909" lon="-34.870257">
    <ele>9.2</ele>
    <time>2020-09-20T14:35:52.000Z</time>
   </trkpt>
   <trkpt lat="-8.059938" lon="-34.870273">
    <ele>9.3</ele>
    <time>2020-09-20T14:35:53.000Z</time>
   </trkpt>
   <trkpt lat="-8.059966" lon="-34.870292">
    <ele>9.3</ele>
    <time>2020-09-20T14:35:54.000Z</time>
   </trkpt>
   <trkpt lat="-8.059999" lon="-34.870301">
    <ele>9.3</ele>
    <time>2020-09-20T14:35:55.000Z</time>
   </trkpt>
   <trkpt lat="-8.060035" lon="-34.870315">
    <ele>9.3</ele>
    <time>2020-09-20T14:35:56.000Z</time>
   </trkpt>
   <trkpt lat="-8.060071" lon="-34.870329">
    <ele>9.3</ele>
    <time>2020-09-20T14:35:57.000Z</time>
   </trkpt>
   <trkpt lat="-8.060112" lon="-34.870346">
    <ele>9.3</ele>
    <time>2020-09-20T14:35:58.000Z</time>
   </trkpt>
   <trkpt lat="-8.060145" lon="-34.870356">
    <ele>9.3</ele>
    <time>2020-09-20T14:35:59.000Z</time>
   </trkpt>
   <trkpt lat="-8.060184" lon="-34.870371">
    <ele>9.3</ele>
    <time>2020-09-20T14:36:00.000Z</time>
   </trkpt>
   <trkpt lat="-8.060218" lon="-34.870377">
    <ele>9.3</ele>
    <time>2020-09-20T14:36:01.000Z</time>
   </trkpt>
   <trkpt lat="-8.060252" lon="-34.870387">
    <ele>9.3</ele>
    <time>2020-09-20T14:36:02.000Z</time>
   </trkpt>
   <trkpt lat="-8.060284" lon="-34.870396">
    <ele>9.3</ele>
    <time>2020-09-20T14:36:03.000Z</time>
   </trkpt>
   <trkpt lat="-8.060323" lon="-34.870409">
    <ele>9.3</ele>
    <time>2020-09-20T14:36:04.000Z</time>
   </trkpt>
   <trkpt lat="-8.060357" lon="-34.870418">
    <ele>9.3</ele>
    <time>2020-09-20T14:36:05.000Z</time>
   </trkpt>
   <trkpt lat="-8.060392" lon="-34.87043">
    <ele>9.4</ele>
    <time>2020-09-20T14:36:06.000Z</time>
   </trkpt>
   <trkpt lat="-8.060427" lon="-34.870441">
    <ele>9.4</ele>
    <time>2020-09-20T14:36:07.000Z</time>
   </trkpt>
   <trkpt lat="-8.060465" lon="-34.870448">
    <ele>9.4</ele>
    <time>2020-09-20T14:36:08.000Z</time>
   </trkpt>
   <trkpt lat="-8.060502" lon="-34.870459">
    <ele>9.4</ele>
    <time>2020-09-20T14:36:09.000Z</time>
   </trkpt>
   <trkpt lat="-8.060536" lon="-34.870466">
    <ele>9.4</ele>
    <time>2020-09-20T14:36:10.000Z</time>
   </trkpt>
   <trkpt lat="-8.060571" lon="-34.870473">
    <ele>9.4</ele>
    <time>2020-09-20T14:36:11.000Z</time>
   </trkpt>
   <trkpt lat="-8.06062" lon="-34.870478">
    <ele>9.4</ele>
    <time>2020-09-20T14:36:12.000Z</time>
   </trkpt>
   <trkpt lat="-8.060669" lon="-34.870486">
    <ele>9.4</ele>
    <time>2020-09-20T14:36:13.000Z</time>
   </trkpt>
   <trkpt lat="-8.060717" lon="-34.870491">
    <ele>9.4</ele>
    <time>2020-09-20T14:36:14.000Z</time>
   </trkpt>
   <trkpt lat="-8.060764" lon="-34.870496">
    <ele>9.4</ele>
    <time>2020-09-20T14:36:15.000Z</time>
   </trkpt>
   <trkpt lat="-8.06081" lon="-34.870507">
    <ele>9.4</ele>
    <time>2020-09-20T14:36:16.000Z</time>
   </trkpt>
   <trkpt lat="-8.060842" lon="-34.8705">
    <ele>9.4</ele>
    <time>2020-09-20T14:36:17.000Z</time>
   </trkpt>
   <trkpt lat="-8.060874" lon="-34.870504">
    <ele>9.4</ele>
    <time>2020-09-20T14:36:18.000Z</time>
   </trkpt>
   <trkpt lat="-8.060908" lon="-34.87052">
    <ele>9.4</ele>
    <time>2020-09-20T14:36:19.000Z</time>
   </trkpt>
   <trkpt lat="-8.06095" lon="-34.870528">
    <ele>9.4</ele>
    <time>2020-09-20T14:36:20.000Z</time>
   </trkpt>
   <trkpt lat="-8.060998" lon="-34.870538">
    <ele>9.3</ele>
    <time>2020-09-20T14:36:21.000Z</time>
   </trkpt>
   <trkpt lat="-8.061046" lon="-34.870552">
    <ele>9.3</ele>
    <time>2020-09-20T14:36:22.000Z</time>
   </trkpt>
   <trkpt lat="-8.061082" lon="-34.870565">
    <ele>9.3</ele>
    <time>2020-09-20T14:36:23.000Z</time>
   </trkpt>
   <trkpt lat="-8.061118" lon="-34.870577">
    <ele>9.3</ele>
    <time>2020-09-20T14:36:24.000Z</time>
   </trkpt>
   <trkpt lat="-8.061151" lon="-34.870593">
    <ele>9.3</ele>
    <time>2020-09-20T14:36:25.000Z</time>
   </trkpt>
   <trkpt lat="-8.061184" lon="-34.870607">
    <ele>9.3</ele>
    <time>2020-09-20T14:36:26.000Z</time>
   </trkpt>
   <trkpt lat="-8.061216" lon="-34.870624">
    <ele>9.3</ele>
    <time>2020-09-20T14:36:27.000Z</time>
   </trkpt>
   <trkpt lat="-8.061249" lon="-34.870632">
    <ele>9.3</ele>
    <time>2020-09-20T14:36:28.000Z</time>
   </trkpt>
   <trkpt lat="-8.061282" lon="-34.870636">
    <ele>9.3</ele>
    <time>2020-09-20T14:36:29.000Z</time>
   </trkpt>
   <trkpt lat="-8.06132" lon="-34.870647">
    <ele>9.3</ele>
    <time>2020-09-20T14:36:30.000Z</time>
   </trkpt>
   <trkpt lat="-8.061353" lon="-34.870658">
    <ele>9.2</ele>
    <time>2020-09-20T14:36:31.000Z</time>
   </trkpt>
   <trkpt lat="-8.061387" lon="-34.87067">
    <ele>9.2</ele>
    <time>2020-09-20T14:36:32.000Z</time>
   </trkpt>
   <trkpt lat="-8.061416" lon="-34.870678">
    <ele>9.2</ele>
    <time>2020-09-20T14:36:33.000Z</time>
   </trkpt>
   <trkpt lat="-8.061437" lon="-34.870696">
    <ele>9.2</ele>
    <time>2020-09-20T14:36:34.000Z</time>
   </trkpt>
   <trkpt lat="-8.061462" lon="-34.870707">
    <ele>9.2</ele>
    <time>2020-09-20T14:36:35.000Z</time>
   </trkpt>
   <trkpt lat="-8.061493" lon="-34.870712">
    <ele>9.2</ele>
    <time>2020-09-20T14:36:36.000Z</time>
   </trkpt>
   <trkpt lat="-8.061523" lon="-34.870726">
    <ele>9.2</ele>
    <time>2020-09-20T14:36:37.000Z</time>
   </trkpt>
   <trkpt lat="-8.06155" lon="-34.870736">
    <ele>9.2</ele>
    <time>2020-09-20T14:36:38.000Z</time>
   </trkpt>
   <trkpt lat="-8.061569" lon="-34.870731">
    <ele>9.2</ele>
    <time>2020-09-20T14:36:39.000Z</time>
   </trkpt>
   <trkpt lat="-8.061641" lon="-34.870749">
    <ele>9.2</ele>
    <time>2020-09-20T14:36:41.000Z</time>
   </trkpt>
   <trkpt lat="-8.061671" lon="-34.870757">
    <ele>9.2</ele>
    <time>2020-09-20T14:36:42.000Z</time>
   </trkpt>
   <trkpt lat="-8.061692" lon="-34.870762">
    <ele>9.2</ele>
    <time>2020-09-20T14:36:43.000Z</time>
   </trkpt>
   <trkpt lat="-8.061726" lon="-34.870779">
    <ele>9.2</ele>
    <time>2020-09-20T14:36:45.000Z</time>
   </trkpt>
   <trkpt lat="-8.061762" lon="-34.870807">
    <ele>9.3</ele>
    <time>2020-09-20T14:36:47.000Z</time>
   </trkpt>
   <trkpt lat="-8.061777" lon="-34.87083">
    <ele>9.3</ele>
    <time>2020-09-20T14:36:49.000Z</time>
   </trkpt>
   <trkpt lat="-8.061807" lon="-34.870867">
    <ele>9.3</ele>
    <time>2020-09-20T14:36:52.000Z</time>
   </trkpt>
   <trkpt lat="-8.06185" lon="-34.870895">
    <ele>9.3</ele>
    <time>2020-09-20T14:36:54.000Z</time>
   </trkpt>
   <trkpt lat="-8.061903" lon="-34.870914">
    <ele>9.4</ele>
    <time>2020-09-20T14:36:56.000Z</time>
   </trkpt>
   <trkpt lat="-8.061954" lon="-34.870932">
    <ele>9.4</ele>
    <time>2020-09-20T14:36:58.000Z</time>
   </trkpt>
   <trkpt lat="-8.061997" lon="-34.87095">
    <ele>9.4</ele>
    <time>2020-09-20T14:37:00.000Z</time>
   </trkpt>
   <trkpt lat="-8.06205" lon="-34.870969">
    <ele>9.4</ele>
    <time>2020-09-20T14:37:02.000Z</time>
   </trkpt>
   <trkpt lat="-8.062071" lon="-34.870974">
    <ele>9.4</ele>
    <time>2020-09-20T14:37:03.000Z</time>
   </trkpt>
   <trkpt lat="-8.062106" lon="-34.870989">
    <ele>9.4</ele>
    <time>2020-09-20T14:37:05.000Z</time>
   </trkpt>
   <trkpt lat="-8.062142" lon="-34.870996">
    <ele>9.4</ele>
    <time>2020-09-20T14:37:07.000Z</time>
   </trkpt>
   <trkpt lat="-8.062185" lon="-34.871016">
    <ele>9.4</ele>
    <time>2020-09-20T14:37:09.000Z</time>
   </trkpt>
   <trkpt lat="-8.062249" lon="-34.871038">
    <ele>9.4</ele>
    <time>2020-09-20T14:37:11.000Z</time>
   </trkpt>
   <trkpt lat="-8.062279" lon="-34.871042">
    <ele>9.4</ele>
    <time>2020-09-20T14:37:12.000Z</time>
   </trkpt>
   <trkpt lat="-8.062307" lon="-34.871047">
    <ele>9.4</ele>
    <time>2020-09-20T14:37:13.000Z</time>
   </trkpt>
   <trkpt lat="-8.062339" lon="-34.871044">
    <ele>9.4</ele>
    <time>2020-09-20T14:37:14.000Z</time>
   </trkpt>
   <trkpt lat="-8.062372" lon="-34.871042">
    <ele>9.4</ele>
    <time>2020-09-20T14:37:15.000Z</time>
   </trkpt>
   <trkpt lat="-8.062408" lon="-34.871048">
    <ele>9.4</ele>
    <time>2020-09-20T14:37:16.000Z</time>
   </trkpt>
   <trkpt lat="-8.062442" lon="-34.871061">
    <ele>9.4</ele>
    <time>2020-09-20T14:37:17.000Z</time>
   </trkpt>
   <trkpt lat="-8.062473" lon="-34.871075">
    <ele>9.4</ele>
    <time>2020-09-20T14:37:18.000Z</time>
   </trkpt>
   <trkpt lat="-8.062502" lon="-34.871094">
    <ele>9.4</ele>
    <time>2020-09-20T14:37:19.000Z</time>
   </trkpt>
   <trkpt lat="-8.062531" lon="-34.871112">
    <ele>9.5</ele>
    <time>2020-09-20T14:37:20.000Z</time>
   </trkpt>
   <trkpt lat="-8.062566" lon="-34.871129">
    <ele>9.5</ele>
    <time>2020-09-20T14:37:21.000Z</time>
   </trkpt>
   <trkpt lat="-8.062601" lon="-34.871141">
    <ele>9.5</ele>
    <time>2020-09-20T14:37:22.000Z</time>
   </trkpt>
   <trkpt lat="-8.062627" lon="-34.87116">
    <ele>9.5</ele>
    <time>2020-09-20T14:37:23.000Z</time>
   </trkpt>
   <trkpt lat="-8.062657" lon="-34.871178">
    <ele>9.5</ele>
    <time>2020-09-20T14:37:24.000Z</time>
   </trkpt>
   <trkpt lat="-8.06268" lon="-34.871203">
    <ele>9.5</ele>
    <time>2020-09-20T14:37:25.000Z</time>
   </trkpt>
   <trkpt lat="-8.062702" lon="-34.871232">
    <ele>9.5</ele>
    <time>2020-09-20T14:37:26.000Z</time>
   </trkpt>
   <trkpt lat="-8.062725" lon="-34.871261">
    <ele>9.5</ele>
    <time>2020-09-20T14:37:27.000Z</time>
   </trkpt>
   <trkpt lat="-8.062745" lon="-34.871292">
    <ele>9.5</ele>
    <time>2020-09-20T14:37:28.000Z</time>
   </trkpt>
   <trkpt lat="-8.062761" lon="-34.871318">
    <ele>9.5</ele>
    <time>2020-09-20T14:37:29.000Z</time>
   </trkpt>
   <trkpt lat="-8.062784" lon="-34.871341">
    <ele>9.5</ele>
    <time>2020-09-20T14:37:30.000Z</time>
   </trkpt>
   <trkpt lat="-8.062793" lon="-34.871368">
    <ele>9.6</ele>
    <time>2020-09-20T14:37:31.000Z</time>
   </trkpt>
   <trkpt lat="-8.062797" lon="-34.871393">
    <ele>9.6</ele>
    <time>2020-09-20T14:37:32.000Z</time>
   </trkpt>
   <trkpt lat="-8.062848" lon="-34.871424">
    <ele>9.6</ele>
    <time>2020-09-20T14:37:34.000Z</time>
   </trkpt>
   <trkpt lat="-8.062865" lon="-34.871436">
    <ele>9.6</ele>
    <time>2020-09-20T14:37:35.000Z</time>
   </trkpt>
   <trkpt lat="-8.062889" lon="-34.871472">
    <ele>9.6</ele>
    <time>2020-09-20T14:37:37.000Z</time>
   </trkpt>
   <trkpt lat="-8.06293" lon="-34.871511">
    <ele>9.6</ele>
    <time>2020-09-20T14:37:39.000Z</time>
   </trkpt>
   <trkpt lat="-8.062948" lon="-34.871528">
    <ele>9.6</ele>
    <time>2020-09-20T14:37:40.000Z</time>
   </trkpt>
   <trkpt lat="-8.062973" lon="-34.871549">
    <ele>9.8</ele>
    <time>2020-09-20T14:37:42.000Z</time>
   </trkpt>
   <trkpt lat="-8.062969" lon="-34.871578">
    <ele>9.8</ele>
    <time>2020-09-20T14:37:44.000Z</time>
   </trkpt>
   <trkpt lat="-8.062957" lon="-34.87161">
    <ele>9.8</ele>
    <time>2020-09-20T14:37:46.000Z</time>
   </trkpt>
   <trkpt lat="-8.062949" lon="-34.871635">
    <ele>9.8</ele>
    <time>2020-09-20T14:37:48.000Z</time>
   </trkpt>
   <trkpt lat="-8.062936" lon="-34.871696">
    <ele>9.9</ele>
    <time>2020-09-20T14:37:51.000Z</time>
   </trkpt>
   <trkpt lat="-8.062935" lon="-34.871729">
    <ele>9.9</ele>
    <time>2020-09-20T14:37:52.000Z</time>
   </trkpt>
   <trkpt lat="-8.062924" lon="-34.87175">
    <ele>10</ele>
    <time>2020-09-20T14:37:53.000Z</time>
   </trkpt>
   <trkpt lat="-8.062919" lon="-34.871795">
    <ele>10</ele>
    <time>2020-09-20T14:37:55.000Z</time>
   </trkpt>
   <trkpt lat="-8.062911" lon="-34.87183">
    <ele>10</ele>
    <time>2020-09-20T14:37:57.000Z</time>
   </trkpt>
   <trkpt lat="-8.062899" lon="-34.871864">
    <ele>10</ele>
    <time>2020-09-20T14:37:59.000Z</time>
   </trkpt>
   <trkpt lat="-8.062883" lon="-34.871916">
    <ele>10.1</ele>
    <time>2020-09-20T14:38:01.000Z</time>
   </trkpt>
   <trkpt lat="-8.062864" lon="-34.871951">
    <ele>10.1</ele>
    <time>2020-09-20T14:38:03.000Z</time>
   </trkpt>
   <trkpt lat="-8.062835" lon="-34.87197">
    <ele>10.1</ele>
    <time>2020-09-20T14:38:05.000Z</time>
   </trkpt>
   <trkpt lat="-8.062815" lon="-34.871978">
    <ele>10.1</ele>
    <time>2020-09-20T14:38:07.000Z</time>
   </trkpt>
   <trkpt lat="-8.062787" lon="-34.871996">
    <ele>10.1</ele>
    <time>2020-09-20T14:38:10.000Z</time>
   </trkpt>
   <trkpt lat="-8.062764" lon="-34.872031">
    <ele>10.1</ele>
    <time>2020-09-20T14:38:12.000Z</time>
   </trkpt>
   <trkpt lat="-8.062748" lon="-34.872062">
    <ele>10.1</ele>
    <time>2020-09-20T14:38:14.000Z</time>
   </trkpt>
   <trkpt lat="-8.062714" lon="-34.872131">
    <ele>10.1</ele>
    <time>2020-09-20T14:38:16.000Z</time>
   </trkpt>
   <trkpt lat="-8.062711" lon="-34.872158">
    <ele>10.1</ele>
    <time>2020-09-20T14:38:17.000Z</time>
   </trkpt>
   <trkpt lat="-8.062699" lon="-34.872177">
    <ele>10.1</ele>
    <time>2020-09-20T14:38:18.000Z</time>
   </trkpt>
   <trkpt lat="-8.06268" lon="-34.872208">
    <ele>10.2</ele>
    <time>2020-09-20T14:38:20.000Z</time>
   </trkpt>
   <trkpt lat="-8.062664" lon="-34.872252">
    <ele>10.2</ele>
    <time>2020-09-20T14:38:22.000Z</time>
   </trkpt>
   <trkpt lat="-8.062662" lon="-34.872307">
    <ele>10.2</ele>
    <time>2020-09-20T14:38:24.000Z</time>
   </trkpt>
   <trkpt lat="-8.062653" lon="-34.872354">
    <ele>10.2</ele>
    <time>2020-09-20T14:38:26.000Z</time>
   </trkpt>
   <trkpt lat="-8.062663" lon="-34.872382">
    <ele>10.2</ele>
    <time>2020-09-20T14:38:28.000Z</time>
   </trkpt>
   <trkpt lat="-8.062671" lon="-34.872405">
    <ele>10.2</ele>
    <time>2020-09-20T14:38:30.000Z</time>
   </trkpt>
   <trkpt lat="-8.062688" lon="-34.872413">
    <ele>10.2</ele>
    <time>2020-09-20T14:38:33.000Z</time>
   </trkpt>
   <trkpt lat="-8.062658" lon="-34.872508">
    <ele>10.2</ele>
    <time>2020-09-20T14:39:19.000Z</time>
   </trkpt>
   <trkpt lat="-8.06266" lon="-34.872503">
    <ele>10.2</ele>
    <time>2020-09-20T14:39:22.000Z</time>
   </trkpt>
   <trkpt lat="-8.062681" lon="-34.87241">
    <ele>10.2</ele>
    <time>2020-09-20T14:40:03.000Z</time>
   </trkpt>
   <trkpt lat="-8.062711" lon="-34.872428">
    <ele>10.2</ele>
    <time>2020-09-20T14:40:09.000Z</time>
   </trkpt>
   <trkpt lat="-8.062749" lon="-34.87246">
    <ele>10.2</ele>
    <time>2020-09-20T14:40:13.000Z</time>
   </trkpt>
   <trkpt lat="-8.06275" lon="-34.872485">
    <ele>10.2</ele>
    <time>2020-09-20T14:40:17.000Z</time>
   </trkpt>
   <trkpt lat="-8.062733" lon="-34.87249">
    <ele>10.2</ele>
    <time>2020-09-20T14:40:23.000Z</time>
   </trkpt>
   <trkpt lat="-8.062637" lon="-34.87251">
    <ele>10.2</ele>
    <time>2020-09-20T14:40:50.000Z</time>
   </trkpt>
   <trkpt lat="-8.062646" lon="-34.872474">
    <ele>10.3</ele>
    <time>2020-09-20T14:40:55.000Z</time>
   </trkpt>
   <trkpt lat="-8.062704" lon="-34.872374">
    <ele>10.3</ele>
    <time>2020-09-20T14:42:20.000Z</time>
   </trkpt>
   <trkpt lat="-8.062704" lon="-34.872368">
    <ele>10.3</ele>
    <time>2020-09-20T14:42:23.000Z</time>
   </trkpt>
   <trkpt lat="-8.062728" lon="-34.87243">
    <ele>10.3</ele>
    <time>2020-09-20T14:42:46.000Z</time>
   </trkpt>
   <trkpt lat="-8.062774" lon="-34.872449">
    <ele>10.3</ele>
    <time>2020-09-20T14:42:49.000Z</time>
   </trkpt>
   <trkpt lat="-8.062798" lon="-34.872451">
    <ele>10.4</ele>
    <time>2020-09-20T14:42:50.000Z</time>
   </trkpt>
   <trkpt lat="-8.062844" lon="-34.87245">
    <ele>10.5</ele>
    <time>2020-09-20T14:42:52.000Z</time>
   </trkpt>
   <trkpt lat="-8.06289" lon="-34.872456">
    <ele>10.7</ele>
    <time>2020-09-20T14:42:54.000Z</time>
   </trkpt>
   <trkpt lat="-8.062952" lon="-34.872462">
    <ele>10.8</ele>
    <time>2020-09-20T14:42:56.000Z</time>
   </trkpt>
   <trkpt lat="-8.062985" lon="-34.872462">
    <ele>10.9</ele>
    <time>2020-09-20T14:42:57.000Z</time>
   </trkpt>
   <trkpt lat="-8.06301" lon="-34.872461">
    <ele>11</ele>
    <time>2020-09-20T14:42:58.000Z</time>
   </trkpt>
   <trkpt lat="-8.063054" lon="-34.872455">
    <ele>10.9</ele>
    <time>2020-09-20T14:43:00.000Z</time>
   </trkpt>
   <trkpt lat="-8.063089" lon="-34.872449">
    <ele>10.9</ele>
    <time>2020-09-20T14:43:02.000Z</time>
   </trkpt>
   <trkpt lat="-8.063125" lon="-34.87244">
    <ele>10.8</ele>
    <time>2020-09-20T14:43:04.000Z</time>
   </trkpt>
   <trkpt lat="-8.063168" lon="-34.872433">
    <ele>10.7</ele>
    <time>2020-09-20T14:43:06.000Z</time>
   </trkpt>
   <trkpt lat="-8.063189" lon="-34.872434">
    <ele>10.7</ele>
    <time>2020-09-20T14:43:08.000Z</time>
   </trkpt>
   <trkpt lat="-8.063234" lon="-34.872441">
    <ele>10.6</ele>
    <time>2020-09-20T14:43:10.000Z</time>
   </trkpt>
   <trkpt lat="-8.063281" lon="-34.872427">
    <ele>10.5</ele>
    <time>2020-09-20T14:43:12.000Z</time>
   </trkpt>
   <trkpt lat="-8.063319" lon="-34.872415">
    <ele>10.4</ele>
    <time>2020-09-20T14:43:14.000Z</time>
   </trkpt>
   <trkpt lat="-8.063362" lon="-34.872399">
    <ele>10.3</ele>
    <time>2020-09-20T14:43:16.000Z</time>
   </trkpt>
   <trkpt lat="-8.063396" lon="-34.872383">
    <ele>10.3</ele>
    <time>2020-09-20T14:43:18.000Z</time>
   </trkpt>
   <trkpt lat="-8.063437" lon="-34.872365">
    <ele>11</ele>
    <time>2020-09-20T14:43:20.000Z</time>
   </trkpt>
   <trkpt lat="-8.063476" lon="-34.872345">
    <ele>11.6</ele>
    <time>2020-09-20T14:43:22.000Z</time>
   </trkpt>
   <trkpt lat="-8.063538" lon="-34.872315">
    <ele>12.5</ele>
    <time>2020-09-20T14:43:24.000Z</time>
   </trkpt>
   <trkpt lat="-8.063567" lon="-34.872303">
    <ele>12.9</ele>
    <time>2020-09-20T14:43:25.000Z</time>
   </trkpt>
   <trkpt lat="-8.063598" lon="-34.872294">
    <ele>13.4</ele>
    <time>2020-09-20T14:43:26.000Z</time>
   </trkpt>
   <trkpt lat="-8.063622" lon="-34.872287">
    <ele>13.7</ele>
    <time>2020-09-20T14:43:27.000Z</time>
   </trkpt>
   <trkpt lat="-8.063662" lon="-34.87228">
    <ele>14.3</ele>
    <time>2020-09-20T14:43:29.000Z</time>
   </trkpt>
   <trkpt lat="-8.063704" lon="-34.87228">
    <ele>14.9</ele>
    <time>2020-09-20T14:43:31.000Z</time>
   </trkpt>
   <trkpt lat="-8.063757" lon="-34.872258">
    <ele>15.8</ele>
    <time>2020-09-20T14:43:33.000Z</time>
   </trkpt>
   <trkpt lat="-8.063776" lon="-34.872248">
    <ele>16.1</ele>
    <time>2020-09-20T14:43:34.000Z</time>
   </trkpt>
   <trkpt lat="-8.063815" lon="-34.872223">
    <ele>15.8</ele>
    <time>2020-09-20T14:43:36.000Z</time>
   </trkpt>
   <trkpt lat="-8.063854" lon="-34.872195">
    <ele>15.1</ele>
    <time>2020-09-20T14:43:38.000Z</time>
   </trkpt>
   <trkpt lat="-8.063902" lon="-34.872189">
    <ele>14.5</ele>
    <time>2020-09-20T14:43:40.000Z</time>
   </trkpt>
   <trkpt lat="-8.063945" lon="-34.872167">
    <ele>13.8</ele>
    <time>2020-09-20T14:43:42.000Z</time>
   </trkpt>
   <trkpt lat="-8.063984" lon="-34.87214">
    <ele>13.1</ele>
    <time>2020-09-20T14:43:44.000Z</time>
   </trkpt>
   <trkpt lat="-8.064025" lon="-34.872118">
    <ele>12.4</ele>
    <time>2020-09-20T14:43:46.000Z</time>
   </trkpt>
   <trkpt lat="-8.06407" lon="-34.872107">
    <ele>11.6</ele>
    <time>2020-09-20T14:43:48.000Z</time>
   </trkpt>
   <trkpt lat="-8.064107" lon="-34.872103">
    <ele>10.8</ele>
    <time>2020-09-20T14:43:50.000Z</time>
   </trkpt>
   <trkpt lat="-8.064153" lon="-34.872103">
    <ele>10.6</ele>
    <time>2020-09-20T14:43:52.000Z</time>
   </trkpt>
   <trkpt lat="-8.064204" lon="-34.872099">
    <ele>10.4</ele>
    <time>2020-09-20T14:43:54.000Z</time>
   </trkpt>
   <trkpt lat="-8.064255" lon="-34.872086">
    <ele>10.3</ele>
    <time>2020-09-20T14:43:56.000Z</time>
   </trkpt>
   <trkpt lat="-8.064289" lon="-34.872071">
    <ele>10.2</ele>
    <time>2020-09-20T14:43:57.000Z</time>
   </trkpt>
   <trkpt lat="-8.06432" lon="-34.872076">
    <ele>10.1</ele>
    <time>2020-09-20T14:43:58.000Z</time>
   </trkpt>
   <trkpt lat="-8.064359" lon="-34.872081">
    <ele>10</ele>
    <time>2020-09-20T14:43:59.000Z</time>
   </trkpt>
   <trkpt lat="-8.064388" lon="-34.87208">
    <ele>10</ele>
    <time>2020-09-20T14:44:00.000Z</time>
   </trkpt>
   <trkpt lat="-8.064426" lon="-34.872089">
    <ele>9.9</ele>
    <time>2020-09-20T14:44:01.000Z</time>
   </trkpt>
   <trkpt lat="-8.064454" lon="-34.872098">
    <ele>9.8</ele>
    <time>2020-09-20T14:44:02.000Z</time>
   </trkpt>
   <trkpt lat="-8.064496" lon="-34.872115">
    <ele>9.7</ele>
    <time>2020-09-20T14:44:03.000Z</time>
   </trkpt>
   <trkpt lat="-8.064535" lon="-34.87214">
    <ele>9.5</ele>
    <time>2020-09-20T14:44:04.000Z</time>
   </trkpt>
   <trkpt lat="-8.064574" lon="-34.872163">
    <ele>9.5</ele>
    <time>2020-09-20T14:44:05.000Z</time>
   </trkpt>
   <trkpt lat="-8.064612" lon="-34.872177">
    <ele>9.5</ele>
    <time>2020-09-20T14:44:06.000Z</time>
   </trkpt>
   <trkpt lat="-8.064648" lon="-34.872201">
    <ele>9.5</ele>
    <time>2020-09-20T14:44:07.000Z</time>
   </trkpt>
   <trkpt lat="-8.064682" lon="-34.872224">
    <ele>9.5</ele>
    <time>2020-09-20T14:44:08.000Z</time>
   </trkpt>
   <trkpt lat="-8.064721" lon="-34.872245">
    <ele>9.5</ele>
    <time>2020-09-20T14:44:09.000Z</time>
   </trkpt>
   <trkpt lat="-8.064759" lon="-34.872261">
    <ele>9.4</ele>
    <time>2020-09-20T14:44:10.000Z</time>
   </trkpt>
   <trkpt lat="-8.064799" lon="-34.872279">
    <ele>9.4</ele>
    <time>2020-09-20T14:44:11.000Z</time>
   </trkpt>
   <trkpt lat="-8.064846" lon="-34.872306">
    <ele>9.4</ele>
    <time>2020-09-20T14:44:12.000Z</time>
   </trkpt>
   <trkpt lat="-8.064889" lon="-34.872323">
    <ele>9.4</ele>
    <time>2020-09-20T14:44:13.000Z</time>
   </trkpt>
   <trkpt lat="-8.064932" lon="-34.872341">
    <ele>9.4</ele>
    <time>2020-09-20T14:44:14.000Z</time>
   </trkpt>
   <trkpt lat="-8.064974" lon="-34.87236">
    <ele>9.4</ele>
    <time>2020-09-20T14:44:15.000Z</time>
   </trkpt>
   <trkpt lat="-8.065016" lon="-34.872383">
    <ele>9.4</ele>
    <time>2020-09-20T14:44:16.000Z</time>
   </trkpt>
   <trkpt lat="-8.065062" lon="-34.872406">
    <ele>9.4</ele>
    <time>2020-09-20T14:44:17.000Z</time>
   </trkpt>
   <trkpt lat="-8.0651" lon="-34.872428">
    <ele>9.4</ele>
    <time>2020-09-20T14:44:18.000Z</time>
   </trkpt>
   <trkpt lat="-8.065143" lon="-34.872443">
    <ele>9.3</ele>
    <time>2020-09-20T14:44:19.000Z</time>
   </trkpt>
   <trkpt lat="-8.06519" lon="-34.872467">
    <ele>9.3</ele>
    <time>2020-09-20T14:44:20.000Z</time>
   </trkpt>
   <trkpt lat="-8.065238" lon="-34.872483">
    <ele>9.3</ele>
    <time>2020-09-20T14:44:21.000Z</time>
   </trkpt>
   <trkpt lat="-8.065286" lon="-34.872497">
    <ele>9.3</ele>
    <time>2020-09-20T14:44:22.000Z</time>
   </trkpt>
   <trkpt lat="-8.065334" lon="-34.872513">
    <ele>9.3</ele>
    <time>2020-09-20T14:44:23.000Z</time>
   </trkpt>
   <trkpt lat="-8.06538" lon="-34.872533">
    <ele>9.3</ele>
    <time>2020-09-20T14:44:24.000Z</time>
   </trkpt>
   <trkpt lat="-8.065419" lon="-34.87255">
    <ele>9.2</ele>
    <time>2020-09-20T14:44:25.000Z</time>
   </trkpt>
   <trkpt lat="-8.065463" lon="-34.872563">
    <ele>9.2</ele>
    <time>2020-09-20T14:44:26.000Z</time>
   </trkpt>
   <trkpt lat="-8.065501" lon="-34.872579">
    <ele>9.2</ele>
    <time>2020-09-20T14:44:27.000Z</time>
   </trkpt>
   <trkpt lat="-8.065533" lon="-34.872609">
    <ele>9.2</ele>
    <time>2020-09-20T14:44:28.000Z</time>
   </trkpt>
   <trkpt lat="-8.065562" lon="-34.872639">
    <ele>9.2</ele>
    <time>2020-09-20T14:44:29.000Z</time>
   </trkpt>
   <trkpt lat="-8.065595" lon="-34.872667">
    <ele>9.2</ele>
    <time>2020-09-20T14:44:30.000Z</time>
   </trkpt>
   <trkpt lat="-8.065635" lon="-34.872694">
    <ele>9.2</ele>
    <time>2020-09-20T14:44:31.000Z</time>
   </trkpt>
   <trkpt lat="-8.065672" lon="-34.872723">
    <ele>9.2</ele>
    <time>2020-09-20T14:44:32.000Z</time>
   </trkpt>
   <trkpt lat="-8.065711" lon="-34.872761">
    <ele>9.1</ele>
    <time>2020-09-20T14:44:33.000Z</time>
   </trkpt>
   <trkpt lat="-8.065739" lon="-34.872802">
    <ele>9.1</ele>
    <time>2020-09-20T14:44:34.000Z</time>
   </trkpt>
   <trkpt lat="-8.06577" lon="-34.872846">
    <ele>9.1</ele>
    <time>2020-09-20T14:44:35.000Z</time>
   </trkpt>
   <trkpt lat="-8.065801" lon="-34.872883">
    <ele>9.1</ele>
    <time>2020-09-20T14:44:36.000Z</time>
   </trkpt>
   <trkpt lat="-8.065837" lon="-34.87292">
    <ele>9.1</ele>
    <time>2020-09-20T14:44:37.000Z</time>
   </trkpt>
   <trkpt lat="-8.065874" lon="-34.872956">
    <ele>9.1</ele>
    <time>2020-09-20T14:44:38.000Z</time>
   </trkpt>
   <trkpt lat="-8.065916" lon="-34.872998">
    <ele>9.1</ele>
    <time>2020-09-20T14:44:39.000Z</time>
   </trkpt>
   <trkpt lat="-8.065959" lon="-34.873032">
    <ele>9.1</ele>
    <time>2020-09-20T14:44:40.000Z</time>
   </trkpt>
   <trkpt lat="-8.066008" lon="-34.873064">
    <ele>9.2</ele>
    <time>2020-09-20T14:44:41.000Z</time>
   </trkpt>
   <trkpt lat="-8.066045" lon="-34.873099">
    <ele>9.2</ele>
    <time>2020-09-20T14:44:42.000Z</time>
   </trkpt>
   <trkpt lat="-8.066089" lon="-34.873133">
    <ele>9.2</ele>
    <time>2020-09-20T14:44:43.000Z</time>
   </trkpt>
   <trkpt lat="-8.066138" lon="-34.873174">
    <ele>9.3</ele>
    <time>2020-09-20T14:44:44.000Z</time>
   </trkpt>
   <trkpt lat="-8.066171" lon="-34.873223">
    <ele>9.3</ele>
    <time>2020-09-20T14:44:45.000Z</time>
   </trkpt>
   <trkpt lat="-8.066202" lon="-34.873268">
    <ele>9.4</ele>
    <time>2020-09-20T14:44:46.000Z</time>
   </trkpt>
   <trkpt lat="-8.066243" lon="-34.87331">
    <ele>9.4</ele>
    <time>2020-09-20T14:44:47.000Z</time>
   </trkpt>
   <trkpt lat="-8.066289" lon="-34.873348">
    <ele>9.4</ele>
    <time>2020-09-20T14:44:48.000Z</time>
   </trkpt>
   <trkpt lat="-8.066331" lon="-34.873383">
    <ele>9.4</ele>
    <time>2020-09-20T14:44:49.000Z</time>
   </trkpt>
   <trkpt lat="-8.066375" lon="-34.873415">
    <ele>9.4</ele>
    <time>2020-09-20T14:44:50.000Z</time>
   </trkpt>
   <trkpt lat="-8.066427" lon="-34.873449">
    <ele>9.4</ele>
    <time>2020-09-20T14:44:51.000Z</time>
   </trkpt>
   <trkpt lat="-8.066475" lon="-34.873484">
    <ele>9.4</ele>
    <time>2020-09-20T14:44:52.000Z</time>
   </trkpt>
   <trkpt lat="-8.066517" lon="-34.873519">
    <ele>9.4</ele>
    <time>2020-09-20T14:44:53.000Z</time>
   </trkpt>
   <trkpt lat="-8.066556" lon="-34.873556">
    <ele>9.5</ele>
    <time>2020-09-20T14:44:54.000Z</time>
   </trkpt>
   <trkpt lat="-8.066603" lon="-34.873592">
    <ele>9.6</ele>
    <time>2020-09-20T14:44:55.000Z</time>
   </trkpt>
   <trkpt lat="-8.066651" lon="-34.873626">
    <ele>9.8</ele>
    <time>2020-09-20T14:44:56.000Z</time>
   </trkpt>
   <trkpt lat="-8.06671" lon="-34.873661">
    <ele>10</ele>
    <time>2020-09-20T14:44:57.000Z</time>
   </trkpt>
   <trkpt lat="-8.066766" lon="-34.8737">
    <ele>10.3</ele>
    <time>2020-09-20T14:44:58.000Z</time>
   </trkpt>
   <trkpt lat="-8.066821" lon="-34.873743">
    <ele>10.5</ele>
    <time>2020-09-20T14:44:59.000Z</time>
   </trkpt>
   <trkpt lat="-8.066881" lon="-34.873785">
    <ele>10.7</ele>
    <time>2020-09-20T14:45:00.000Z</time>
   </trkpt>
   <trkpt lat="-8.066944" lon="-34.873834">
    <ele>10.9</ele>
    <time>2020-09-20T14:45:01.000Z</time>
   </trkpt>
   <trkpt lat="-8.067016" lon="-34.873885">
    <ele>11.2</ele>
    <time>2020-09-20T14:45:02.000Z</time>
   </trkpt>
   <trkpt lat="-8.067087" lon="-34.873935">
    <ele>11.4</ele>
    <time>2020-09-20T14:45:03.000Z</time>
   </trkpt>
   <trkpt lat="-8.067165" lon="-34.873986">
    <ele>11.6</ele>
    <time>2020-09-20T14:45:04.000Z</time>
   </trkpt>
   <trkpt lat="-8.067235" lon="-34.87404">
    <ele>11.7</ele>
    <time>2020-09-20T14:45:05.000Z</time>
   </trkpt>
   <trkpt lat="-8.067311" lon="-34.874096">
    <ele>11.7</ele>
    <time>2020-09-20T14:45:06.000Z</time>
   </trkpt>
   <trkpt lat="-8.067382" lon="-34.874148">
    <ele>11.8</ele>
    <time>2020-09-20T14:45:07.000Z</time>
   </trkpt>
   <trkpt lat="-8.06746" lon="-34.874206">
    <ele>11.7</ele>
    <time>2020-09-20T14:45:08.000Z</time>
   </trkpt>
   <trkpt lat="-8.067538" lon="-34.87426">
    <ele>11.5</ele>
    <time>2020-09-20T14:45:09.000Z</time>
   </trkpt>
   <trkpt lat="-8.067618" lon="-34.874319">
    <ele>11.2</ele>
    <time>2020-09-20T14:45:10.000Z</time>
   </trkpt>
   <trkpt lat="-8.067698" lon="-34.874374">
    <ele>11</ele>
    <time>2020-09-20T14:45:11.000Z</time>
   </trkpt>
   <trkpt lat="-8.067771" lon="-34.874426">
    <ele>10.7</ele>
    <time>2020-09-20T14:45:12.000Z</time>
   </trkpt>
   <trkpt lat="-8.067848" lon="-34.874482">
    <ele>10.4</ele>
    <time>2020-09-20T14:45:13.000Z</time>
   </trkpt>
   <trkpt lat="-8.067929" lon="-34.87454">
    <ele>10.2</ele>
    <time>2020-09-20T14:45:14.000Z</time>
   </trkpt>
   <trkpt lat="-8.06801" lon="-34.874597">
    <ele>9.9</ele>
    <time>2020-09-20T14:45:15.000Z</time>
   </trkpt>
   <trkpt lat="-8.068085" lon="-34.874644">
    <ele>9.8</ele>
    <time>2020-09-20T14:45:16.000Z</time>
   </trkpt>
   <trkpt lat="-8.068167" lon="-34.874688">
    <ele>9.6</ele>
    <time>2020-09-20T14:45:17.000Z</time>
   </trkpt>
   <trkpt lat="-8.068254" lon="-34.874723">
    <ele>9.6</ele>
    <time>2020-09-20T14:45:18.000Z</time>
   </trkpt>
   <trkpt lat="-8.068343" lon="-34.874758">
    <ele>9.6</ele>
    <time>2020-09-20T14:45:19.000Z</time>
   </trkpt>
   <trkpt lat="-8.068425" lon="-34.874795">
    <ele>9.5</ele>
    <time>2020-09-20T14:45:20.000Z</time>
   </trkpt>
   <trkpt lat="-8.068509" lon="-34.874835">
    <ele>9.5</ele>
    <time>2020-09-20T14:45:21.000Z</time>
   </trkpt>
   <trkpt lat="-8.068588" lon="-34.874872">
    <ele>9.4</ele>
    <time>2020-09-20T14:45:22.000Z</time>
   </trkpt>
   <trkpt lat="-8.068673" lon="-34.874905">
    <ele>9.4</ele>
    <time>2020-09-20T14:45:23.000Z</time>
   </trkpt>
   <trkpt lat="-8.068766" lon="-34.874938">
    <ele>9.4</ele>
    <time>2020-09-20T14:45:24.000Z</time>
   </trkpt>
   <trkpt lat="-8.06885" lon="-34.874972">
    <ele>9.3</ele>
    <time>2020-09-20T14:45:25.000Z</time>
   </trkpt>
   <trkpt lat="-8.068925" lon="-34.875001">
    <ele>9.3</ele>
    <time>2020-09-20T14:45:26.000Z</time>
   </trkpt>
   <trkpt lat="-8.069006" lon="-34.875034">
    <ele>9.3</ele>
    <time>2020-09-20T14:45:27.000Z</time>
   </trkpt>
   <trkpt lat="-8.069086" lon="-34.875069">
    <ele>9.2</ele>
    <time>2020-09-20T14:45:28.000Z</time>
   </trkpt>
   <trkpt lat="-8.069169" lon="-34.875107">
    <ele>9.2</ele>
    <time>2020-09-20T14:45:29.000Z</time>
   </trkpt>
   <trkpt lat="-8.06925" lon="-34.875142">
    <ele>9.2</ele>
    <time>2020-09-20T14:45:30.000Z</time>
   </trkpt>
   <trkpt lat="-8.069333" lon="-34.875182">
    <ele>9.2</ele>
    <time>2020-09-20T14:45:31.000Z</time>
   </trkpt>
   <trkpt lat="-8.069412" lon="-34.875214">
    <ele>9.2</ele>
    <time>2020-09-20T14:45:32.000Z</time>
   </trkpt>
   <trkpt lat="-8.069491" lon="-34.875248">
    <ele>9.2</ele>
    <time>2020-09-20T14:45:33.000Z</time>
   </trkpt>
   <trkpt lat="-8.069565" lon="-34.875282">
    <ele>9.2</ele>
    <time>2020-09-20T14:45:34.000Z</time>
   </trkpt>
   <trkpt lat="-8.06964" lon="-34.875319">
    <ele>9.1</ele>
    <time>2020-09-20T14:45:35.000Z</time>
   </trkpt>
   <trkpt lat="-8.069711" lon="-34.875356">
    <ele>9.1</ele>
    <time>2020-09-20T14:45:36.000Z</time>
   </trkpt>
   <trkpt lat="-8.069782" lon="-34.875388">
    <ele>9.1</ele>
    <time>2020-09-20T14:45:37.000Z</time>
   </trkpt>
   <trkpt lat="-8.069856" lon="-34.875423">
    <ele>9.1</ele>
    <time>2020-09-20T14:45:38.000Z</time>
   </trkpt>
   <trkpt lat="-8.069928" lon="-34.875453">
    <ele>9.1</ele>
    <time>2020-09-20T14:45:39.000Z</time>
   </trkpt>
   <trkpt lat="-8.070001" lon="-34.875484">
    <ele>9.1</ele>
    <time>2020-09-20T14:45:40.000Z</time>
   </trkpt>
   <trkpt lat="-8.070079" lon="-34.875519">
    <ele>9.1</ele>
    <time>2020-09-20T14:45:41.000Z</time>
   </trkpt>
   <trkpt lat="-8.070155" lon="-34.875555">
    <ele>9.1</ele>
    <time>2020-09-20T14:45:42.000Z</time>
   </trkpt>
   <trkpt lat="-8.070238" lon="-34.875589">
    <ele>9</ele>
    <time>2020-09-20T14:45:43.000Z</time>
   </trkpt>
   <trkpt lat="-8.070312" lon="-34.875623">
    <ele>9</ele>
    <time>2020-09-20T14:45:44.000Z</time>
   </trkpt>
   <trkpt lat="-8.070369" lon="-34.87566">
    <ele>9.1</ele>
    <time>2020-09-20T14:45:45.000Z</time>
   </trkpt>
   <trkpt lat="-8.070432" lon="-34.875683">
    <ele>9.1</ele>
    <time>2020-09-20T14:45:46.000Z</time>
   </trkpt>
   <trkpt lat="-8.070491" lon="-34.875715">
    <ele>9.1</ele>
    <time>2020-09-20T14:45:47.000Z</time>
   </trkpt>
   <trkpt lat="-8.070548" lon="-34.875749">
    <ele>9.2</ele>
    <time>2020-09-20T14:45:48.000Z</time>
   </trkpt>
   <trkpt lat="-8.070607" lon="-34.875782">
    <ele>9.2</ele>
    <time>2020-09-20T14:45:49.000Z</time>
   </trkpt>
   <trkpt lat="-8.070667" lon="-34.87581">
    <ele>9.2</ele>
    <time>2020-09-20T14:45:50.000Z</time>
   </trkpt>
   <trkpt lat="-8.070721" lon="-34.875844">
    <ele>9.2</ele>
    <time>2020-09-20T14:45:51.000Z</time>
   </trkpt>
   <trkpt lat="-8.070786" lon="-34.875878">
    <ele>9.2</ele>
    <time>2020-09-20T14:45:52.000Z</time>
   </trkpt>
   <trkpt lat="-8.070852" lon="-34.875916">
    <ele>9.3</ele>
    <time>2020-09-20T14:45:53.000Z</time>
   </trkpt>
   <trkpt lat="-8.07092" lon="-34.875958">
    <ele>9.4</ele>
    <time>2020-09-20T14:45:54.000Z</time>
   </trkpt>
   <trkpt lat="-8.070976" lon="-34.875988">
    <ele>9.4</ele>
    <time>2020-09-20T14:45:55.000Z</time>
   </trkpt>
   <trkpt lat="-8.071024" lon="-34.876035">
    <ele>9.5</ele>
    <time>2020-09-20T14:45:56.000Z</time>
   </trkpt>
   <trkpt lat="-8.071073" lon="-34.87609">
    <ele>9.5</ele>
    <time>2020-09-20T14:45:57.000Z</time>
   </trkpt>
   <trkpt lat="-8.07112" lon="-34.876153">
    <ele>9.6</ele>
    <time>2020-09-20T14:45:58.000Z</time>
   </trkpt>
   <trkpt lat="-8.071165" lon="-34.876213">
    <ele>9.6</ele>
    <time>2020-09-20T14:45:59.000Z</time>
   </trkpt>
   <trkpt lat="-8.0712" lon="-34.876277">
    <ele>9.7</ele>
    <time>2020-09-20T14:46:00.000Z</time>
   </trkpt>
   <trkpt lat="-8.071233" lon="-34.876354">
    <ele>9.7</ele>
    <time>2020-09-20T14:46:01.000Z</time>
   </trkpt>
   <trkpt lat="-8.071268" lon="-34.876422">
    <ele>9.8</ele>
    <time>2020-09-20T14:46:02.000Z</time>
   </trkpt>
   <trkpt lat="-8.071303" lon="-34.876496">
    <ele>9.8</ele>
    <time>2020-09-20T14:46:03.000Z</time>
   </trkpt>
   <trkpt lat="-8.071333" lon="-34.876566">
    <ele>9.8</ele>
    <time>2020-09-20T14:46:04.000Z</time>
   </trkpt>
   <trkpt lat="-8.071361" lon="-34.876642">
    <ele>9.8</ele>
    <time>2020-09-20T14:46:05.000Z</time>
   </trkpt>
   <trkpt lat="-8.071392" lon="-34.876717">
    <ele>9.8</ele>
    <time>2020-09-20T14:46:06.000Z</time>
   </trkpt>
   <trkpt lat="-8.071421" lon="-34.876795">
    <ele>9.7</ele>
    <time>2020-09-20T14:46:07.000Z</time>
   </trkpt>
   <trkpt lat="-8.071451" lon="-34.876871">
    <ele>9.7</ele>
    <time>2020-09-20T14:46:08.000Z</time>
   </trkpt>
   <trkpt lat="-8.071479" lon="-34.876949">
    <ele>9.6</ele>
    <time>2020-09-20T14:46:09.000Z</time>
   </trkpt>
   <trkpt lat="-8.071511" lon="-34.877023">
    <ele>9.6</ele>
    <time>2020-09-20T14:46:10.000Z</time>
   </trkpt>
   <trkpt lat="-8.07154" lon="-34.877098">
    <ele>9.6</ele>
    <time>2020-09-20T14:46:11.000Z</time>
   </trkpt>
   <trkpt lat="-8.071563" lon="-34.877167">
    <ele>9.6</ele>
    <time>2020-09-20T14:46:12.000Z</time>
   </trkpt>
   <trkpt lat="-8.071594" lon="-34.877242">
    <ele>9.6</ele>
    <time>2020-09-20T14:46:13.000Z</time>
   </trkpt>
   <trkpt lat="-8.071626" lon="-34.87732">
    <ele>9.6</ele>
    <time>2020-09-20T14:46:14.000Z</time>
   </trkpt>
   <trkpt lat="-8.07165" lon="-34.877389">
    <ele>9.6</ele>
    <time>2020-09-20T14:46:15.000Z</time>
   </trkpt>
   <trkpt lat="-8.07168" lon="-34.877458">
    <ele>9.6</ele>
    <time>2020-09-20T14:46:16.000Z</time>
   </trkpt>
   <trkpt lat="-8.071709" lon="-34.87753">
    <ele>9.6</ele>
    <time>2020-09-20T14:46:17.000Z</time>
   </trkpt>
   <trkpt lat="-8.071737" lon="-34.877606">
    <ele>9.5</ele>
    <time>2020-09-20T14:46:18.000Z</time>
   </trkpt>
   <trkpt lat="-8.071761" lon="-34.87767">
    <ele>9.5</ele>
    <time>2020-09-20T14:46:19.000Z</time>
   </trkpt>
   <trkpt lat="-8.071789" lon="-34.877733">
    <ele>9.4</ele>
    <time>2020-09-20T14:46:20.000Z</time>
   </trkpt>
   <trkpt lat="-8.071814" lon="-34.877797">
    <ele>9.4</ele>
    <time>2020-09-20T14:46:21.000Z</time>
   </trkpt>
   <trkpt lat="-8.071841" lon="-34.877862">
    <ele>9.3</ele>
    <time>2020-09-20T14:46:22.000Z</time>
   </trkpt>
   <trkpt lat="-8.071866" lon="-34.877945">
    <ele>9.3</ele>
    <time>2020-09-20T14:46:23.000Z</time>
   </trkpt>
   <trkpt lat="-8.071891" lon="-34.877997">
    <ele>9.2</ele>
    <time>2020-09-20T14:46:24.000Z</time>
   </trkpt>
   <trkpt lat="-8.071913" lon="-34.878065">
    <ele>9.2</ele>
    <time>2020-09-20T14:46:25.000Z</time>
   </trkpt>
   <trkpt lat="-8.07194" lon="-34.878125">
    <ele>9.1</ele>
    <time>2020-09-20T14:46:26.000Z</time>
   </trkpt>
   <trkpt lat="-8.071957" lon="-34.878179">
    <ele>9.1</ele>
    <time>2020-09-20T14:46:27.000Z</time>
   </trkpt>
   <trkpt lat="-8.071982" lon="-34.878246">
    <ele>9</ele>
    <time>2020-09-20T14:46:28.000Z</time>
   </trkpt>
   <trkpt lat="-8.072011" lon="-34.878311">
    <ele>8.9</ele>
    <time>2020-09-20T14:46:29.000Z</time>
   </trkpt>
   <trkpt lat="-8.072037" lon="-34.878369">
    <ele>8.9</ele>
    <time>2020-09-20T14:46:30.000Z</time>
   </trkpt>
   <trkpt lat="-8.072065" lon="-34.878425">
    <ele>8.8</ele>
    <time>2020-09-20T14:46:31.000Z</time>
   </trkpt>
   <trkpt lat="-8.07209" lon="-34.878487">
    <ele>8.8</ele>
    <time>2020-09-20T14:46:32.000Z</time>
   </trkpt>
   <trkpt lat="-8.072115" lon="-34.878548">
    <ele>8.8</ele>
    <time>2020-09-20T14:46:33.000Z</time>
   </trkpt>
   <trkpt lat="-8.07214" lon="-34.878608">
    <ele>8.8</ele>
    <time>2020-09-20T14:46:34.000Z</time>
   </trkpt>
   <trkpt lat="-8.072163" lon="-34.878668">
    <ele>8.8</ele>
    <time>2020-09-20T14:46:35.000Z</time>
   </trkpt>
   <trkpt lat="-8.072177" lon="-34.878719">
    <ele>8.7</ele>
    <time>2020-09-20T14:46:36.000Z</time>
   </trkpt>
   <trkpt lat="-8.072189" lon="-34.878778">
    <ele>8.7</ele>
    <time>2020-09-20T14:46:37.000Z</time>
   </trkpt>
   <trkpt lat="-8.07218" lon="-34.878823">
    <ele>8.7</ele>
    <time>2020-09-20T14:46:38.000Z</time>
   </trkpt>
   <trkpt lat="-8.072163" lon="-34.87887">
    <ele>8.7</ele>
    <time>2020-09-20T14:46:39.000Z</time>
   </trkpt>
   <trkpt lat="-8.072163" lon="-34.878923">
    <ele>8.7</ele>
    <time>2020-09-20T14:46:40.000Z</time>
   </trkpt>
   <trkpt lat="-8.072157" lon="-34.878981">
    <ele>8.7</ele>
    <time>2020-09-20T14:46:41.000Z</time>
   </trkpt>
   <trkpt lat="-8.072155" lon="-34.879019">
    <ele>8.7</ele>
    <time>2020-09-20T14:46:42.000Z</time>
   </trkpt>
   <trkpt lat="-8.07215" lon="-34.879062">
    <ele>8.7</ele>
    <time>2020-09-20T14:46:43.000Z</time>
   </trkpt>
   <trkpt lat="-8.072134" lon="-34.87911">
    <ele>8.7</ele>
    <time>2020-09-20T14:46:44.000Z</time>
   </trkpt>
   <trkpt lat="-8.07212" lon="-34.879156">
    <ele>8.6</ele>
    <time>2020-09-20T14:46:45.000Z</time>
   </trkpt>
   <trkpt lat="-8.072092" lon="-34.879204">
    <ele>8.7</ele>
    <time>2020-09-20T14:46:46.000Z</time>
   </trkpt>
   <trkpt lat="-8.072061" lon="-34.879252">
    <ele>8.7</ele>
    <time>2020-09-20T14:46:47.000Z</time>
   </trkpt>
   <trkpt lat="-8.07203" lon="-34.879304">
    <ele>8.8</ele>
    <time>2020-09-20T14:46:48.000Z</time>
   </trkpt>
   <trkpt lat="-8.071995" lon="-34.879355">
    <ele>8.8</ele>
    <time>2020-09-20T14:46:49.000Z</time>
   </trkpt>
   <trkpt lat="-8.071956" lon="-34.879411">
    <ele>8.8</ele>
    <time>2020-09-20T14:46:50.000Z</time>
   </trkpt>
   <trkpt lat="-8.07192" lon="-34.879462">
    <ele>8.9</ele>
    <time>2020-09-20T14:46:51.000Z</time>
   </trkpt>
   <trkpt lat="-8.071877" lon="-34.879517">
    <ele>9</ele>
    <time>2020-09-20T14:46:52.000Z</time>
   </trkpt>
   <trkpt lat="-8.071838" lon="-34.879576">
    <ele>9.1</ele>
    <time>2020-09-20T14:46:53.000Z</time>
   </trkpt>
   <trkpt lat="-8.071809" lon="-34.87963">
    <ele>9.3</ele>
    <time>2020-09-20T14:46:54.000Z</time>
   </trkpt>
   <trkpt lat="-8.071798" lon="-34.879687">
    <ele>9.6</ele>
    <time>2020-09-20T14:46:55.000Z</time>
   </trkpt>
   <trkpt lat="-8.071793" lon="-34.879746">
    <ele>9.9</ele>
    <time>2020-09-20T14:46:56.000Z</time>
   </trkpt>
   <trkpt lat="-8.071795" lon="-34.879806">
    <ele>10.3</ele>
    <time>2020-09-20T14:46:57.000Z</time>
   </trkpt>
   <trkpt lat="-8.071794" lon="-34.879856">
    <ele>10.7</ele>
    <time>2020-09-20T14:46:58.000Z</time>
   </trkpt>
   <trkpt lat="-8.071803" lon="-34.879903">
    <ele>11.1</ele>
    <time>2020-09-20T14:46:59.000Z</time>
   </trkpt>
   <trkpt lat="-8.071818" lon="-34.879947">
    <ele>11.5</ele>
    <time>2020-09-20T14:47:00.000Z</time>
   </trkpt>
   <trkpt lat="-8.071834" lon="-34.879988">
    <ele>11.8</ele>
    <time>2020-09-20T14:47:01.000Z</time>
   </trkpt>
   <trkpt lat="-8.071859" lon="-34.880027">
    <ele>12.2</ele>
    <time>2020-09-20T14:47:02.000Z</time>
   </trkpt>
   <trkpt lat="-8.071887" lon="-34.880063">
    <ele>12.6</ele>
    <time>2020-09-20T14:47:03.000Z</time>
   </trkpt>
   <trkpt lat="-8.071917" lon="-34.880091">
    <ele>12.9</ele>
    <time>2020-09-20T14:47:04.000Z</time>
   </trkpt>
   <trkpt lat="-8.071952" lon="-34.880115">
    <ele>13.2</ele>
    <time>2020-09-20T14:47:05.000Z</time>
   </trkpt>
   <trkpt lat="-8.071991" lon="-34.880133">
    <ele>13.5</ele>
    <time>2020-09-20T14:47:06.000Z</time>
   </trkpt>
   <trkpt lat="-8.072028" lon="-34.880152">
    <ele>13.8</ele>
    <time>2020-09-20T14:47:07.000Z</time>
   </trkpt>
   <trkpt lat="-8.072064" lon="-34.880174">
    <ele>14</ele>
    <time>2020-09-20T14:47:08.000Z</time>
   </trkpt>
   <trkpt lat="-8.072102" lon="-34.880197">
    <ele>14.3</ele>
    <time>2020-09-20T14:47:09.000Z</time>
   </trkpt>
   <trkpt lat="-8.072131" lon="-34.880219">
    <ele>14.5</ele>
    <time>2020-09-20T14:47:10.000Z</time>
   </trkpt>
   <trkpt lat="-8.072179" lon="-34.880242">
    <ele>14.8</ele>
    <time>2020-09-20T14:47:11.000Z</time>
   </trkpt>
   <trkpt lat="-8.072219" lon="-34.880262">
    <ele>15.1</ele>
    <time>2020-09-20T14:47:12.000Z</time>
   </trkpt>
   <trkpt lat="-8.072264" lon="-34.880285">
    <ele>15.3</ele>
    <time>2020-09-20T14:47:13.000Z</time>
   </trkpt>
   <trkpt lat="-8.072316" lon="-34.880304">
    <ele>15.6</ele>
    <time>2020-09-20T14:47:14.000Z</time>
   </trkpt>
   <trkpt lat="-8.07235" lon="-34.880319">
    <ele>15.7</ele>
    <time>2020-09-20T14:47:15.000Z</time>
   </trkpt>
   <trkpt lat="-8.072386" lon="-34.880333">
    <ele>15.8</ele>
    <time>2020-09-20T14:47:16.000Z</time>
   </trkpt>
   <trkpt lat="-8.072422" lon="-34.880349">
    <ele>16</ele>
    <time>2020-09-20T14:47:17.000Z</time>
   </trkpt>
   <trkpt lat="-8.072451" lon="-34.880367">
    <ele>16.1</ele>
    <time>2020-09-20T14:47:18.000Z</time>
   </trkpt>
   <trkpt lat="-8.072477" lon="-34.880385">
    <ele>16.2</ele>
    <time>2020-09-20T14:47:19.000Z</time>
   </trkpt>
   <trkpt lat="-8.072512" lon="-34.880408">
    <ele>16.3</ele>
    <time>2020-09-20T14:47:20.000Z</time>
   </trkpt>
   <trkpt lat="-8.072548" lon="-34.880429">
    <ele>16.4</ele>
    <time>2020-09-20T14:47:21.000Z</time>
   </trkpt>
   <trkpt lat="-8.072585" lon="-34.880449">
    <ele>16.4</ele>
    <time>2020-09-20T14:47:22.000Z</time>
   </trkpt>
   <trkpt lat="-8.072614" lon="-34.880463">
    <ele>16.4</ele>
    <time>2020-09-20T14:47:23.000Z</time>
   </trkpt>
   <trkpt lat="-8.072636" lon="-34.880473">
    <ele>16.5</ele>
    <time>2020-09-20T14:47:24.000Z</time>
   </trkpt>
   <trkpt lat="-8.072677" lon="-34.880497">
    <ele>16.5</ele>
    <time>2020-09-20T14:47:26.000Z</time>
   </trkpt>
   <trkpt lat="-8.072711" lon="-34.880513">
    <ele>16.5</ele>
    <time>2020-09-20T14:47:28.000Z</time>
   </trkpt>
   <trkpt lat="-8.072762" lon="-34.880534">
    <ele>16.4</ele>
    <time>2020-09-20T14:47:30.000Z</time>
   </trkpt>
   <trkpt lat="-8.072794" lon="-34.880546">
    <ele>16.4</ele>
    <time>2020-09-20T14:47:32.000Z</time>
   </trkpt>
   <trkpt lat="-8.072834" lon="-34.880574">
    <ele>16.3</ele>
    <time>2020-09-20T14:47:34.000Z</time>
   </trkpt>
   <trkpt lat="-8.072883" lon="-34.880605">
    <ele>16.1</ele>
    <time>2020-09-20T14:47:36.000Z</time>
   </trkpt>
   <trkpt lat="-8.0729" lon="-34.880622">
    <ele>16</ele>
    <time>2020-09-20T14:47:37.000Z</time>
   </trkpt>
   <trkpt lat="-8.072957" lon="-34.880662">
    <ele>15.8</ele>
    <time>2020-09-20T14:47:39.000Z</time>
   </trkpt>
   <trkpt lat="-8.072982" lon="-34.880676">
    <ele>15.7</ele>
    <time>2020-09-20T14:47:40.000Z</time>
   </trkpt>
   <trkpt lat="-8.073017" lon="-34.880708">
    <ele>15.5</ele>
    <time>2020-09-20T14:47:41.000Z</time>
   </trkpt>
   <trkpt lat="-8.073051" lon="-34.880743">
    <ele>15.3</ele>
    <time>2020-09-20T14:47:42.000Z</time>
   </trkpt>
   <trkpt lat="-8.073097" lon="-34.880785">
    <ele>15</ele>
    <time>2020-09-20T14:47:43.000Z</time>
   </trkpt>
   <trkpt lat="-8.073144" lon="-34.880832">
    <ele>14.7</ele>
    <time>2020-09-20T14:47:44.000Z</time>
   </trkpt>
   <trkpt lat="-8.073181" lon="-34.880868">
    <ele>14.4</ele>
    <time>2020-09-20T14:47:45.000Z</time>
   </trkpt>
   <trkpt lat="-8.073227" lon="-34.880917">
    <ele>14</ele>
    <time>2020-09-20T14:47:46.000Z</time>
   </trkpt>
   <trkpt lat="-8.073265" lon="-34.880958">
    <ele>13.6</ele>
    <time>2020-09-20T14:47:47.000Z</time>
   </trkpt>
   <trkpt lat="-8.073307" lon="-34.881015">
    <ele>13.1</ele>
    <time>2020-09-20T14:47:48.000Z</time>
   </trkpt>
   <trkpt lat="-8.073338" lon="-34.881081">
    <ele>12.6</ele>
    <time>2020-09-20T14:47:49.000Z</time>
   </trkpt>
   <trkpt lat="-8.073367" lon="-34.881143">
    <ele>12.1</ele>
    <time>2020-09-20T14:47:50.000Z</time>
   </trkpt>
   <trkpt lat="-8.073394" lon="-34.881217">
    <ele>11.5</ele>
    <time>2020-09-20T14:47:51.000Z</time>
   </trkpt>
   <trkpt lat="-8.07342" lon="-34.881287">
    <ele>11</ele>
    <time>2020-09-20T14:47:52.000Z</time>
   </trkpt>
   <trkpt lat="-8.073445" lon="-34.881357">
    <ele>10.5</ele>
    <time>2020-09-20T14:47:53.000Z</time>
   </trkpt>
   <trkpt lat="-8.073474" lon="-34.881432">
    <ele>10</ele>
    <time>2020-09-20T14:47:54.000Z</time>
   </trkpt>
   <trkpt lat="-8.073508" lon="-34.881509">
    <ele>9.5</ele>
    <time>2020-09-20T14:47:55.000Z</time>
   </trkpt>
   <trkpt lat="-8.073544" lon="-34.881599">
    <ele>9</ele>
    <time>2020-09-20T14:47:56.000Z</time>
   </trkpt>
   <trkpt lat="-8.073578" lon="-34.881689">
    <ele>8.7</ele>
    <time>2020-09-20T14:47:57.000Z</time>
   </trkpt>
   <trkpt lat="-8.073613" lon="-34.881773">
    <ele>8.5</ele>
    <time>2020-09-20T14:47:58.000Z</time>
   </trkpt>
   <trkpt lat="-8.073646" lon="-34.881851">
    <ele>8.4</ele>
    <time>2020-09-20T14:47:59.000Z</time>
   </trkpt>
   <trkpt lat="-8.073673" lon="-34.88192">
    <ele>8.2</ele>
    <time>2020-09-20T14:48:00.000Z</time>
   </trkpt>
   <trkpt lat="-8.073699" lon="-34.881992">
    <ele>8.3</ele>
    <time>2020-09-20T14:48:01.000Z</time>
   </trkpt>
   <trkpt lat="-8.073728" lon="-34.882066">
    <ele>8.2</ele>
    <time>2020-09-20T14:48:02.000Z</time>
   </trkpt>
   <trkpt lat="-8.073756" lon="-34.882139">
    <ele>8.2</ele>
    <time>2020-09-20T14:48:03.000Z</time>
   </trkpt>
   <trkpt lat="-8.073789" lon="-34.882221">
    <ele>8.2</ele>
    <time>2020-09-20T14:48:04.000Z</time>
   </trkpt>
   <trkpt lat="-8.073816" lon="-34.882297">
    <ele>8.1</ele>
    <time>2020-09-20T14:48:05.000Z</time>
   </trkpt>
   <trkpt lat="-8.073842" lon="-34.882373">
    <ele>8.1</ele>
    <time>2020-09-20T14:48:06.000Z</time>
   </trkpt>
   <trkpt lat="-8.073872" lon="-34.882448">
    <ele>8.1</ele>
    <time>2020-09-20T14:48:07.000Z</time>
   </trkpt>
   <trkpt lat="-8.0739" lon="-34.882511">
    <ele>8.1</ele>
    <time>2020-09-20T14:48:08.000Z</time>
   </trkpt>
   <trkpt lat="-8.073928" lon="-34.882578">
    <ele>8.1</ele>
    <time>2020-09-20T14:48:09.000Z</time>
   </trkpt>
   <trkpt lat="-8.07396" lon="-34.882656">
    <ele>8.1</ele>
    <time>2020-09-20T14:48:10.000Z</time>
   </trkpt>
   <trkpt lat="-8.073992" lon="-34.882732">
    <ele>8.1</ele>
    <time>2020-09-20T14:48:11.000Z</time>
   </trkpt>
   <trkpt lat="-8.074026" lon="-34.882811">
    <ele>8.1</ele>
    <time>2020-09-20T14:48:12.000Z</time>
   </trkpt>
   <trkpt lat="-8.074061" lon="-34.882894">
    <ele>8.2</ele>
    <time>2020-09-20T14:48:13.000Z</time>
   </trkpt>
   <trkpt lat="-8.074093" lon="-34.882969">
    <ele>8.2</ele>
    <time>2020-09-20T14:48:14.000Z</time>
   </trkpt>
   <trkpt lat="-8.074116" lon="-34.883056">
    <ele>8.2</ele>
    <time>2020-09-20T14:48:15.000Z</time>
   </trkpt>
   <trkpt lat="-8.074145" lon="-34.883146">
    <ele>8.3</ele>
    <time>2020-09-20T14:48:16.000Z</time>
   </trkpt>
   <trkpt lat="-8.074176" lon="-34.883227">
    <ele>8.3</ele>
    <time>2020-09-20T14:48:17.000Z</time>
   </trkpt>
   <trkpt lat="-8.074208" lon="-34.883312">
    <ele>8.3</ele>
    <time>2020-09-20T14:48:18.000Z</time>
   </trkpt>
   <trkpt lat="-8.074239" lon="-34.883391">
    <ele>8.3</ele>
    <time>2020-09-20T14:48:19.000Z</time>
   </trkpt>
   <trkpt lat="-8.074274" lon="-34.883467">
    <ele>8.3</ele>
    <time>2020-09-20T14:48:20.000Z</time>
   </trkpt>
   <trkpt lat="-8.074305" lon="-34.883547">
    <ele>8.3</ele>
    <time>2020-09-20T14:48:21.000Z</time>
   </trkpt>
   <trkpt lat="-8.074337" lon="-34.883626">
    <ele>8.3</ele>
    <time>2020-09-20T14:48:22.000Z</time>
   </trkpt>
   <trkpt lat="-8.07437" lon="-34.883707">
    <ele>8.3</ele>
    <time>2020-09-20T14:48:23.000Z</time>
   </trkpt>
   <trkpt lat="-8.074401" lon="-34.883787">
    <ele>8.3</ele>
    <time>2020-09-20T14:48:24.000Z</time>
   </trkpt>
   <trkpt lat="-8.07443" lon="-34.883862">
    <ele>8.3</ele>
    <time>2020-09-20T14:48:25.000Z</time>
   </trkpt>
   <trkpt lat="-8.074461" lon="-34.88394">
    <ele>8.3</ele>
    <time>2020-09-20T14:48:26.000Z</time>
   </trkpt>
   <trkpt lat="-8.074497" lon="-34.884017">
    <ele>8.4</ele>
    <time>2020-09-20T14:48:27.000Z</time>
   </trkpt>
   <trkpt lat="-8.074529" lon="-34.884092">
    <ele>8.4</ele>
    <time>2020-09-20T14:48:28.000Z</time>
   </trkpt>
   <trkpt lat="-8.074563" lon="-34.884168">
    <ele>8.4</ele>
    <time>2020-09-20T14:48:29.000Z</time>
   </trkpt>
   <trkpt lat="-8.074593" lon="-34.884245">
    <ele>8.4</ele>
    <time>2020-09-20T14:48:30.000Z</time>
   </trkpt>
   <trkpt lat="-8.074624" lon="-34.884325">
    <ele>8.4</ele>
    <time>2020-09-20T14:48:31.000Z</time>
   </trkpt>
   <trkpt lat="-8.074656" lon="-34.884403">
    <ele>8.5</ele>
    <time>2020-09-20T14:48:32.000Z</time>
   </trkpt>
   <trkpt lat="-8.074691" lon="-34.88449">
    <ele>8.5</ele>
    <time>2020-09-20T14:48:33.000Z</time>
   </trkpt>
   <trkpt lat="-8.074723" lon="-34.884571">
    <ele>8.5</ele>
    <time>2020-09-20T14:48:34.000Z</time>
   </trkpt>
   <trkpt lat="-8.074756" lon="-34.884655">
    <ele>8.5</ele>
    <time>2020-09-20T14:48:35.000Z</time>
   </trkpt>
   <trkpt lat="-8.074786" lon="-34.884733">
    <ele>8.5</ele>
    <time>2020-09-20T14:48:36.000Z</time>
   </trkpt>
   <trkpt lat="-8.074814" lon="-34.88481">
    <ele>8.6</ele>
    <time>2020-09-20T14:48:37.000Z</time>
   </trkpt>
   <trkpt lat="-8.07484" lon="-34.884883">
    <ele>8.6</ele>
    <time>2020-09-20T14:48:38.000Z</time>
   </trkpt>
   <trkpt lat="-8.074868" lon="-34.884957">
    <ele>8.6</ele>
    <time>2020-09-20T14:48:39.000Z</time>
   </trkpt>
   <trkpt lat="-8.074901" lon="-34.88504">
    <ele>8.6</ele>
    <time>2020-09-20T14:48:40.000Z</time>
   </trkpt>
   <trkpt lat="-8.074927" lon="-34.885115">
    <ele>8.5</ele>
    <time>2020-09-20T14:48:41.000Z</time>
   </trkpt>
   <trkpt lat="-8.074959" lon="-34.885194">
    <ele>8.5</ele>
    <time>2020-09-20T14:48:42.000Z</time>
   </trkpt>
   <trkpt lat="-8.074984" lon="-34.885265">
    <ele>8.5</ele>
    <time>2020-09-20T14:48:43.000Z</time>
   </trkpt>
   <trkpt lat="-8.075009" lon="-34.885336">
    <ele>8.5</ele>
    <time>2020-09-20T14:48:44.000Z</time>
   </trkpt>
   <trkpt lat="-8.075043" lon="-34.885401">
    <ele>8.5</ele>
    <time>2020-09-20T14:48:45.000Z</time>
   </trkpt>
   <trkpt lat="-8.075069" lon="-34.885469">
    <ele>8.4</ele>
    <time>2020-09-20T14:48:46.000Z</time>
   </trkpt>
   <trkpt lat="-8.075099" lon="-34.885549">
    <ele>8.4</ele>
    <time>2020-09-20T14:48:47.000Z</time>
   </trkpt>
   <trkpt lat="-8.075127" lon="-34.885625">
    <ele>8.4</ele>
    <time>2020-09-20T14:48:48.000Z</time>
   </trkpt>
   <trkpt lat="-8.075155" lon="-34.885701">
    <ele>8.4</ele>
    <time>2020-09-20T14:48:49.000Z</time>
   </trkpt>
   <trkpt lat="-8.075184" lon="-34.885773">
    <ele>8.4</ele>
    <time>2020-09-20T14:48:50.000Z</time>
   </trkpt>
   <trkpt lat="-8.075213" lon="-34.885843">
    <ele>8.4</ele>
    <time>2020-09-20T14:48:51.000Z</time>
   </trkpt>
   <trkpt lat="-8.075242" lon="-34.885917">
    <ele>8.3</ele>
    <time>2020-09-20T14:48:52.000Z</time>
   </trkpt>
   <trkpt lat="-8.075271" lon="-34.885987">
    <ele>8.3</ele>
    <time>2020-09-20T14:48:53.000Z</time>
   </trkpt>
   <trkpt lat="-8.075299" lon="-34.886064">
    <ele>8.3</ele>
    <time>2020-09-20T14:48:54.000Z</time>
   </trkpt>
   <trkpt lat="-8.075329" lon="-34.886144">
    <ele>8.3</ele>
    <time>2020-09-20T14:48:55.000Z</time>
   </trkpt>
   <trkpt lat="-8.075358" lon="-34.886218">
    <ele>8.3</ele>
    <time>2020-09-20T14:48:56.000Z</time>
   </trkpt>
   <trkpt lat="-8.075386" lon="-34.886287">
    <ele>8.3</ele>
    <time>2020-09-20T14:48:57.000Z</time>
   </trkpt>
   <trkpt lat="-8.07542" lon="-34.886356">
    <ele>8.3</ele>
    <time>2020-09-20T14:48:58.000Z</time>
   </trkpt>
   <trkpt lat="-8.075443" lon="-34.886416">
    <ele>8.2</ele>
    <time>2020-09-20T14:48:59.000Z</time>
   </trkpt>
   <trkpt lat="-8.075468" lon="-34.88648">
    <ele>8.2</ele>
    <time>2020-09-20T14:49:00.000Z</time>
   </trkpt>
   <trkpt lat="-8.075492" lon="-34.886554">
    <ele>8.2</ele>
    <time>2020-09-20T14:49:01.000Z</time>
   </trkpt>
   <trkpt lat="-8.075518" lon="-34.886623">
    <ele>8.3</ele>
    <time>2020-09-20T14:49:02.000Z</time>
   </trkpt>
   <trkpt lat="-8.075553" lon="-34.886698">
    <ele>8.3</ele>
    <time>2020-09-20T14:49:03.000Z</time>
   </trkpt>
   <trkpt lat="-8.075587" lon="-34.886778">
    <ele>8.3</ele>
    <time>2020-09-20T14:49:04.000Z</time>
   </trkpt>
   <trkpt lat="-8.075618" lon="-34.886854">
    <ele>8.3</ele>
    <time>2020-09-20T14:49:05.000Z</time>
   </trkpt>
   <trkpt lat="-8.075648" lon="-34.886922">
    <ele>8.2</ele>
    <time>2020-09-20T14:49:06.000Z</time>
   </trkpt>
   <trkpt lat="-8.075675" lon="-34.886989">
    <ele>8.2</ele>
    <time>2020-09-20T14:49:07.000Z</time>
   </trkpt>
   <trkpt lat="-8.075705" lon="-34.887059">
    <ele>8.2</ele>
    <time>2020-09-20T14:49:08.000Z</time>
   </trkpt>
   <trkpt lat="-8.075734" lon="-34.887126">
    <ele>8.2</ele>
    <time>2020-09-20T14:49:09.000Z</time>
   </trkpt>
   <trkpt lat="-8.075765" lon="-34.887197">
    <ele>8.1</ele>
    <time>2020-09-20T14:49:10.000Z</time>
   </trkpt>
   <trkpt lat="-8.075794" lon="-34.887268">
    <ele>8.1</ele>
    <time>2020-09-20T14:49:11.000Z</time>
   </trkpt>
   <trkpt lat="-8.075824" lon="-34.88733">
    <ele>8.1</ele>
    <time>2020-09-20T14:49:12.000Z</time>
   </trkpt>
   <trkpt lat="-8.075848" lon="-34.88739">
    <ele>8.1</ele>
    <time>2020-09-20T14:49:13.000Z</time>
   </trkpt>
   <trkpt lat="-8.075872" lon="-34.887456">
    <ele>8.1</ele>
    <time>2020-09-20T14:49:14.000Z</time>
   </trkpt>
   <trkpt lat="-8.075896" lon="-34.887519">
    <ele>8.1</ele>
    <time>2020-09-20T14:49:15.000Z</time>
   </trkpt>
   <trkpt lat="-8.075919" lon="-34.887586">
    <ele>8.1</ele>
    <time>2020-09-20T14:49:16.000Z</time>
   </trkpt>
   <trkpt lat="-8.075946" lon="-34.887648">
    <ele>8</ele>
    <time>2020-09-20T14:49:17.000Z</time>
   </trkpt>
   <trkpt lat="-8.075972" lon="-34.887715">
    <ele>8</ele>
    <time>2020-09-20T14:49:18.000Z</time>
   </trkpt>
   <trkpt lat="-8.075998" lon="-34.887782">
    <ele>8</ele>
    <time>2020-09-20T14:49:19.000Z</time>
   </trkpt>
   <trkpt lat="-8.076026" lon="-34.88785">
    <ele>8</ele>
    <time>2020-09-20T14:49:20.000Z</time>
   </trkpt>
   <trkpt lat="-8.076056" lon="-34.887917">
    <ele>8</ele>
    <time>2020-09-20T14:49:21.000Z</time>
   </trkpt>
   <trkpt lat="-8.076081" lon="-34.887979">
    <ele>8.1</ele>
    <time>2020-09-20T14:49:22.000Z</time>
   </trkpt>
   <trkpt lat="-8.076114" lon="-34.888048">
    <ele>8.1</ele>
    <time>2020-09-20T14:49:23.000Z</time>
   </trkpt>
   <trkpt lat="-8.076141" lon="-34.888121">
    <ele>8.1</ele>
    <time>2020-09-20T14:49:24.000Z</time>
   </trkpt>
   <trkpt lat="-8.076172" lon="-34.888192">
    <ele>8.1</ele>
    <time>2020-09-20T14:49:25.000Z</time>
   </trkpt>
   <trkpt lat="-8.076191" lon="-34.888259">
    <ele>8</ele>
    <time>2020-09-20T14:49:26.000Z</time>
   </trkpt>
   <trkpt lat="-8.076218" lon="-34.888329">
    <ele>8</ele>
    <time>2020-09-20T14:49:27.000Z</time>
   </trkpt>
   <trkpt lat="-8.076243" lon="-34.888398">
    <ele>8</ele>
    <time>2020-09-20T14:49:28.000Z</time>
   </trkpt>
   <trkpt lat="-8.07627" lon="-34.88847">
    <ele>8.1</ele>
    <time>2020-09-20T14:49:29.000Z</time>
   </trkpt>
   <trkpt lat="-8.076293" lon="-34.888537">
    <ele>8</ele>
    <time>2020-09-20T14:49:30.000Z</time>
   </trkpt>
   <trkpt lat="-8.07632" lon="-34.888611">
    <ele>7.9</ele>
    <time>2020-09-20T14:49:31.000Z</time>
   </trkpt>
   <trkpt lat="-8.076348" lon="-34.888687">
    <ele>7.9</ele>
    <time>2020-09-20T14:49:32.000Z</time>
   </trkpt>
   <trkpt lat="-8.076373" lon="-34.888757">
    <ele>7.9</ele>
    <time>2020-09-20T14:49:33.000Z</time>
   </trkpt>
   <trkpt lat="-8.076395" lon="-34.888823">
    <ele>8</ele>
    <time>2020-09-20T14:49:34.000Z</time>
   </trkpt>
   <trkpt lat="-8.076421" lon="-34.88889">
    <ele>8</ele>
    <time>2020-09-20T14:49:35.000Z</time>
   </trkpt>
   <trkpt lat="-8.07645" lon="-34.888968">
    <ele>8</ele>
    <time>2020-09-20T14:49:36.000Z</time>
   </trkpt>
   <trkpt lat="-8.076478" lon="-34.889039">
    <ele>8.1</ele>
    <time>2020-09-20T14:49:37.000Z</time>
   </trkpt>
   <trkpt lat="-8.076507" lon="-34.889103">
    <ele>8.1</ele>
    <time>2020-09-20T14:49:38.000Z</time>
   </trkpt>
   <trkpt lat="-8.076536" lon="-34.889172">
    <ele>8.1</ele>
    <time>2020-09-20T14:49:39.000Z</time>
   </trkpt>
   <trkpt lat="-8.076565" lon="-34.88924">
    <ele>8.1</ele>
    <time>2020-09-20T14:49:40.000Z</time>
   </trkpt>
   <trkpt lat="-8.076594" lon="-34.889309">
    <ele>8.1</ele>
    <time>2020-09-20T14:49:41.000Z</time>
   </trkpt>
   <trkpt lat="-8.076624" lon="-34.889375">
    <ele>8.1</ele>
    <time>2020-09-20T14:49:42.000Z</time>
   </trkpt>
   <trkpt lat="-8.076646" lon="-34.889447">
    <ele>8.1</ele>
    <time>2020-09-20T14:49:43.000Z</time>
   </trkpt>
   <trkpt lat="-8.076671" lon="-34.889509">
    <ele>8.1</ele>
    <time>2020-09-20T14:49:44.000Z</time>
   </trkpt>
   <trkpt lat="-8.076698" lon="-34.889573">
    <ele>8.1</ele>
    <time>2020-09-20T14:49:45.000Z</time>
   </trkpt>
   <trkpt lat="-8.076724" lon="-34.88963">
    <ele>8.1</ele>
    <time>2020-09-20T14:49:46.000Z</time>
   </trkpt>
   <trkpt lat="-8.07675" lon="-34.889689">
    <ele>8.1</ele>
    <time>2020-09-20T14:49:47.000Z</time>
   </trkpt>
   <trkpt lat="-8.076761" lon="-34.889736">
    <ele>8.1</ele>
    <time>2020-09-20T14:49:48.000Z</time>
   </trkpt>
   <trkpt lat="-8.076786" lon="-34.889795">
    <ele>8.1</ele>
    <time>2020-09-20T14:49:49.000Z</time>
   </trkpt>
   <trkpt lat="-8.076814" lon="-34.889867">
    <ele>8.1</ele>
    <time>2020-09-20T14:49:50.000Z</time>
   </trkpt>
   <trkpt lat="-8.07684" lon="-34.889939">
    <ele>8.1</ele>
    <time>2020-09-20T14:49:51.000Z</time>
   </trkpt>
   <trkpt lat="-8.076866" lon="-34.890002">
    <ele>8.1</ele>
    <time>2020-09-20T14:49:52.000Z</time>
   </trkpt>
   <trkpt lat="-8.076895" lon="-34.890075">
    <ele>8.1</ele>
    <time>2020-09-20T14:49:53.000Z</time>
   </trkpt>
   <trkpt lat="-8.076923" lon="-34.890148">
    <ele>8.1</ele>
    <time>2020-09-20T14:49:54.000Z</time>
   </trkpt>
   <trkpt lat="-8.076952" lon="-34.890207">
    <ele>8.1</ele>
    <time>2020-09-20T14:49:55.000Z</time>
   </trkpt>
   <trkpt lat="-8.076979" lon="-34.890266">
    <ele>8.1</ele>
    <time>2020-09-20T14:49:56.000Z</time>
   </trkpt>
   <trkpt lat="-8.077007" lon="-34.890328">
    <ele>8.1</ele>
    <time>2020-09-20T14:49:57.000Z</time>
   </trkpt>
   <trkpt lat="-8.077034" lon="-34.890391">
    <ele>8.1</ele>
    <time>2020-09-20T14:49:58.000Z</time>
   </trkpt>
   <trkpt lat="-8.077059" lon="-34.890454">
    <ele>8.1</ele>
    <time>2020-09-20T14:49:59.000Z</time>
   </trkpt>
   <trkpt lat="-8.077091" lon="-34.890514">
    <ele>8.1</ele>
    <time>2020-09-20T14:50:00.000Z</time>
   </trkpt>
   <trkpt lat="-8.07713" lon="-34.890571">
    <ele>8.1</ele>
    <time>2020-09-20T14:50:01.000Z</time>
   </trkpt>
   <trkpt lat="-8.077168" lon="-34.890619">
    <ele>8.1</ele>
    <time>2020-09-20T14:50:02.000Z</time>
   </trkpt>
   <trkpt lat="-8.077209" lon="-34.890657">
    <ele>8.1</ele>
    <time>2020-09-20T14:50:03.000Z</time>
   </trkpt>
   <trkpt lat="-8.077254" lon="-34.890691">
    <ele>8.1</ele>
    <time>2020-09-20T14:50:04.000Z</time>
   </trkpt>
   <trkpt lat="-8.077298" lon="-34.890724">
    <ele>8.1</ele>
    <time>2020-09-20T14:50:05.000Z</time>
   </trkpt>
   <trkpt lat="-8.077344" lon="-34.890755">
    <ele>8.1</ele>
    <time>2020-09-20T14:50:06.000Z</time>
   </trkpt>
   <trkpt lat="-8.077392" lon="-34.890788">
    <ele>8.1</ele>
    <time>2020-09-20T14:50:07.000Z</time>
   </trkpt>
   <trkpt lat="-8.07744" lon="-34.890816">
    <ele>8</ele>
    <time>2020-09-20T14:50:08.000Z</time>
   </trkpt>
   <trkpt lat="-8.077486" lon="-34.890847">
    <ele>8</ele>
    <time>2020-09-20T14:50:09.000Z</time>
   </trkpt>
   <trkpt lat="-8.077529" lon="-34.890869">
    <ele>8</ele>
    <time>2020-09-20T14:50:10.000Z</time>
   </trkpt>
   <trkpt lat="-8.077568" lon="-34.890893">
    <ele>8</ele>
    <time>2020-09-20T14:50:11.000Z</time>
   </trkpt>
   <trkpt lat="-8.077614" lon="-34.890913">
    <ele>8</ele>
    <time>2020-09-20T14:50:12.000Z</time>
   </trkpt>
   <trkpt lat="-8.077658" lon="-34.890936">
    <ele>8</ele>
    <time>2020-09-20T14:50:13.000Z</time>
   </trkpt>
   <trkpt lat="-8.077703" lon="-34.89096">
    <ele>8</ele>
    <time>2020-09-20T14:50:14.000Z</time>
   </trkpt>
   <trkpt lat="-8.077745" lon="-34.890985">
    <ele>8</ele>
    <time>2020-09-20T14:50:15.000Z</time>
   </trkpt>
   <trkpt lat="-8.077791" lon="-34.89101">
    <ele>8</ele>
    <time>2020-09-20T14:50:16.000Z</time>
   </trkpt>
   <trkpt lat="-8.077838" lon="-34.891032">
    <ele>8</ele>
    <time>2020-09-20T14:50:17.000Z</time>
   </trkpt>
   <trkpt lat="-8.077881" lon="-34.891055">
    <ele>8</ele>
    <time>2020-09-20T14:50:18.000Z</time>
   </trkpt>
   <trkpt lat="-8.077922" lon="-34.89108">
    <ele>8</ele>
    <time>2020-09-20T14:50:19.000Z</time>
   </trkpt>
   <trkpt lat="-8.077962" lon="-34.891106">
    <ele>8</ele>
    <time>2020-09-20T14:50:20.000Z</time>
   </trkpt>
   <trkpt lat="-8.078005" lon="-34.891134">
    <ele>8</ele>
    <time>2020-09-20T14:50:21.000Z</time>
   </trkpt>
   <trkpt lat="-8.078049" lon="-34.891165">
    <ele>8</ele>
    <time>2020-09-20T14:50:22.000Z</time>
   </trkpt>
   <trkpt lat="-8.078092" lon="-34.891189">
    <ele>8</ele>
    <time>2020-09-20T14:50:23.000Z</time>
   </trkpt>
   <trkpt lat="-8.078129" lon="-34.89121">
    <ele>7.9</ele>
    <time>2020-09-20T14:50:24.000Z</time>
   </trkpt>
   <trkpt lat="-8.078163" lon="-34.891224">
    <ele>7.9</ele>
    <time>2020-09-20T14:50:25.000Z</time>
   </trkpt>
   <trkpt lat="-8.078193" lon="-34.891231">
    <ele>8</ele>
    <time>2020-09-20T14:50:26.000Z</time>
   </trkpt>
   <trkpt lat="-8.078218" lon="-34.891239">
    <ele>8</ele>
    <time>2020-09-20T14:50:27.000Z</time>
   </trkpt>
   <trkpt lat="-8.078226" lon="-34.891241">
    <ele>8</ele>
    <time>2020-09-20T14:50:29.000Z</time>
   </trkpt>
   <trkpt lat="-8.078124" lon="-34.891144">
    <ele>8</ele>
    <time>2020-09-20T14:51:10.000Z</time>
   </trkpt>
   <trkpt lat="-8.078096" lon="-34.891119">
    <ele>8</ele>
    <time>2020-09-20T14:51:11.000Z</time>
   </trkpt>
   <trkpt lat="-8.078061" lon="-34.891102">
    <ele>8</ele>
    <time>2020-09-20T14:51:12.000Z</time>
   </trkpt>
   <trkpt lat="-8.078026" lon="-34.891087">
    <ele>8</ele>
    <time>2020-09-20T14:51:13.000Z</time>
   </trkpt>
   <trkpt lat="-8.077992" lon="-34.891069">
    <ele>8</ele>
    <time>2020-09-20T14:51:14.000Z</time>
   </trkpt>
   <trkpt lat="-8.077958" lon="-34.891051">
    <ele>8</ele>
    <time>2020-09-20T14:51:15.000Z</time>
   </trkpt>
   <trkpt lat="-8.077934" lon="-34.891028">
    <ele>8</ele>
    <time>2020-09-20T14:51:16.000Z</time>
   </trkpt>
   <trkpt lat="-8.077911" lon="-34.89101">
    <ele>8</ele>
    <time>2020-09-20T14:51:17.000Z</time>
   </trkpt>
   <trkpt lat="-8.077875" lon="-34.890988">
    <ele>8</ele>
    <time>2020-09-20T14:51:18.000Z</time>
   </trkpt>
   <trkpt lat="-8.07784" lon="-34.890964">
    <ele>8</ele>
    <time>2020-09-20T14:51:19.000Z</time>
   </trkpt>
   <trkpt lat="-8.07781" lon="-34.890944">
    <ele>8</ele>
    <time>2020-09-20T14:51:20.000Z</time>
   </trkpt>
   <trkpt lat="-8.077778" lon="-34.890926">
    <ele>8</ele>
    <time>2020-09-20T14:51:21.000Z</time>
   </trkpt>
   <trkpt lat="-8.077742" lon="-34.890907">
    <ele>8</ele>
    <time>2020-09-20T14:51:22.000Z</time>
   </trkpt>
   <trkpt lat="-8.077702" lon="-34.890888">
    <ele>8</ele>
    <time>2020-09-20T14:51:23.000Z</time>
   </trkpt>
   <trkpt lat="-8.077666" lon="-34.890871">
    <ele>8</ele>
    <time>2020-09-20T14:51:24.000Z</time>
   </trkpt>
   <trkpt lat="-8.077638" lon="-34.890854">
    <ele>8</ele>
    <time>2020-09-20T14:51:25.000Z</time>
   </trkpt>
   <trkpt lat="-8.077608" lon="-34.890837">
    <ele>8</ele>
    <time>2020-09-20T14:51:26.000Z</time>
   </trkpt>
   <trkpt lat="-8.077584" lon="-34.890815">
    <ele>8</ele>
    <time>2020-09-20T14:51:27.000Z</time>
   </trkpt>
   <trkpt lat="-8.07756" lon="-34.890799">
    <ele>8</ele>
    <time>2020-09-20T14:51:28.000Z</time>
   </trkpt>
   <trkpt lat="-8.077532" lon="-34.890782">
    <ele>8</ele>
    <time>2020-09-20T14:51:29.000Z</time>
   </trkpt>
   <trkpt lat="-8.077499" lon="-34.890764">
    <ele>8</ele>
    <time>2020-09-20T14:51:30.000Z</time>
   </trkpt>
   <trkpt lat="-8.077467" lon="-34.890746">
    <ele>8</ele>
    <time>2020-09-20T14:51:31.000Z</time>
   </trkpt>
   <trkpt lat="-8.077434" lon="-34.890726">
    <ele>8.1</ele>
    <time>2020-09-20T14:51:32.000Z</time>
   </trkpt>
   <trkpt lat="-8.077407" lon="-34.890714">
    <ele>8.1</ele>
    <time>2020-09-20T14:51:33.000Z</time>
   </trkpt>
   <trkpt lat="-8.077376" lon="-34.890702">
    <ele>8.1</ele>
    <time>2020-09-20T14:51:34.000Z</time>
   </trkpt>
   <trkpt lat="-8.077348" lon="-34.890686">
    <ele>8.1</ele>
    <time>2020-09-20T14:51:35.000Z</time>
   </trkpt>
   <trkpt lat="-8.077317" lon="-34.890666">
    <ele>8.1</ele>
    <time>2020-09-20T14:51:36.000Z</time>
   </trkpt>
   <trkpt lat="-8.077291" lon="-34.890648">
    <ele>8.1</ele>
    <time>2020-09-20T14:51:37.000Z</time>
   </trkpt>
   <trkpt lat="-8.077266" lon="-34.890627">
    <ele>8.1</ele>
    <time>2020-09-20T14:51:38.000Z</time>
   </trkpt>
   <trkpt lat="-8.077239" lon="-34.890603">
    <ele>8.1</ele>
    <time>2020-09-20T14:51:39.000Z</time>
   </trkpt>
   <trkpt lat="-8.077206" lon="-34.890573">
    <ele>8.1</ele>
    <time>2020-09-20T14:51:40.000Z</time>
   </trkpt>
   <trkpt lat="-8.077178" lon="-34.890542">
    <ele>8.1</ele>
    <time>2020-09-20T14:51:41.000Z</time>
   </trkpt>
   <trkpt lat="-8.077151" lon="-34.890509">
    <ele>8.1</ele>
    <time>2020-09-20T14:51:42.000Z</time>
   </trkpt>
   <trkpt lat="-8.077123" lon="-34.890471">
    <ele>8.1</ele>
    <time>2020-09-20T14:51:43.000Z</time>
   </trkpt>
   <trkpt lat="-8.077098" lon="-34.890432">
    <ele>8.1</ele>
    <time>2020-09-20T14:51:44.000Z</time>
   </trkpt>
   <trkpt lat="-8.077056" lon="-34.890389">
    <ele>8.1</ele>
    <time>2020-09-20T14:51:45.000Z</time>
   </trkpt>
   <trkpt lat="-8.077033" lon="-34.890342">
    <ele>8.1</ele>
    <time>2020-09-20T14:51:46.000Z</time>
   </trkpt>
   <trkpt lat="-8.077022" lon="-34.890311">
    <ele>8.1</ele>
    <time>2020-09-20T14:51:47.000Z</time>
   </trkpt>
   <trkpt lat="-8.077007" lon="-34.890271">
    <ele>8.1</ele>
    <time>2020-09-20T14:51:48.000Z</time>
   </trkpt>
   <trkpt lat="-8.07699" lon="-34.890229">
    <ele>8.1</ele>
    <time>2020-09-20T14:51:49.000Z</time>
   </trkpt>
   <trkpt lat="-8.076971" lon="-34.89019">
    <ele>8.1</ele>
    <time>2020-09-20T14:51:50.000Z</time>
   </trkpt>
   <trkpt lat="-8.076951" lon="-34.89015">
    <ele>8.1</ele>
    <time>2020-09-20T14:51:51.000Z</time>
   </trkpt>
   <trkpt lat="-8.076931" lon="-34.890109">
    <ele>8.1</ele>
    <time>2020-09-20T14:51:52.000Z</time>
   </trkpt>
   <trkpt lat="-8.076912" lon="-34.890076">
    <ele>8.1</ele>
    <time>2020-09-20T14:51:53.000Z</time>
   </trkpt>
   <trkpt lat="-8.076901" lon="-34.890042">
    <ele>8.1</ele>
    <time>2020-09-20T14:51:54.000Z</time>
   </trkpt>
   <trkpt lat="-8.076887" lon="-34.890008">
    <ele>8.1</ele>
    <time>2020-09-20T14:51:55.000Z</time>
   </trkpt>
   <trkpt lat="-8.076871" lon="-34.889969">
    <ele>8.1</ele>
    <time>2020-09-20T14:51:56.000Z</time>
   </trkpt>
   <trkpt lat="-8.076856" lon="-34.889933">
    <ele>8.1</ele>
    <time>2020-09-20T14:51:57.000Z</time>
   </trkpt>
   <trkpt lat="-8.076836" lon="-34.8899">
    <ele>8.1</ele>
    <time>2020-09-20T14:51:58.000Z</time>
   </trkpt>
   <trkpt lat="-8.076819" lon="-34.889864">
    <ele>8.1</ele>
    <time>2020-09-20T14:51:59.000Z</time>
   </trkpt>
   <trkpt lat="-8.076805" lon="-34.889824">
    <ele>8.1</ele>
    <time>2020-09-20T14:52:00.000Z</time>
   </trkpt>
   <trkpt lat="-8.076793" lon="-34.889782">
    <ele>8.1</ele>
    <time>2020-09-20T14:52:01.000Z</time>
   </trkpt>
   <trkpt lat="-8.076776" lon="-34.889739">
    <ele>8.1</ele>
    <time>2020-09-20T14:52:02.000Z</time>
   </trkpt>
   <trkpt lat="-8.076757" lon="-34.889694">
    <ele>8.1</ele>
    <time>2020-09-20T14:52:03.000Z</time>
   </trkpt>
   <trkpt lat="-8.076736" lon="-34.889649">
    <ele>8.1</ele>
    <time>2020-09-20T14:52:04.000Z</time>
   </trkpt>
   <trkpt lat="-8.076711" lon="-34.889606">
    <ele>8.1</ele>
    <time>2020-09-20T14:52:05.000Z</time>
   </trkpt>
   <trkpt lat="-8.076692" lon="-34.889563">
    <ele>8.1</ele>
    <time>2020-09-20T14:52:06.000Z</time>
   </trkpt>
   <trkpt lat="-8.076675" lon="-34.88952">
    <ele>8.1</ele>
    <time>2020-09-20T14:52:07.000Z</time>
   </trkpt>
   <trkpt lat="-8.076649" lon="-34.889477">
    <ele>8.1</ele>
    <time>2020-09-20T14:52:08.000Z</time>
   </trkpt>
   <trkpt lat="-8.076632" lon="-34.889432">
    <ele>8.1</ele>
    <time>2020-09-20T14:52:09.000Z</time>
   </trkpt>
   <trkpt lat="-8.076614" lon="-34.889389">
    <ele>8.1</ele>
    <time>2020-09-20T14:52:10.000Z</time>
   </trkpt>
   <trkpt lat="-8.076603" lon="-34.889346">
    <ele>8.1</ele>
    <time>2020-09-20T14:52:11.000Z</time>
   </trkpt>
   <trkpt lat="-8.076592" lon="-34.889311">
    <ele>8.1</ele>
    <time>2020-09-20T14:52:12.000Z</time>
   </trkpt>
   <trkpt lat="-8.076575" lon="-34.889268">
    <ele>8.1</ele>
    <time>2020-09-20T14:52:13.000Z</time>
   </trkpt>
   <trkpt lat="-8.076564" lon="-34.889214">
    <ele>8.1</ele>
    <time>2020-09-20T14:52:14.000Z</time>
   </trkpt>
   <trkpt lat="-8.076548" lon="-34.889166">
    <ele>8.1</ele>
    <time>2020-09-20T14:52:15.000Z</time>
   </trkpt>
   <trkpt lat="-8.076532" lon="-34.889116">
    <ele>8.1</ele>
    <time>2020-09-20T14:52:16.000Z</time>
   </trkpt>
   <trkpt lat="-8.07652" lon="-34.889071">
    <ele>8.1</ele>
    <time>2020-09-20T14:52:17.000Z</time>
   </trkpt>
   <trkpt lat="-8.076509" lon="-34.88903">
    <ele>8.1</ele>
    <time>2020-09-20T14:52:18.000Z</time>
   </trkpt>
   <trkpt lat="-8.076486" lon="-34.888988">
    <ele>8.1</ele>
    <time>2020-09-20T14:52:19.000Z</time>
   </trkpt>
   <trkpt lat="-8.076467" lon="-34.888942">
    <ele>8</ele>
    <time>2020-09-20T14:52:20.000Z</time>
   </trkpt>
   <trkpt lat="-8.076447" lon="-34.888901">
    <ele>8</ele>
    <time>2020-09-20T14:52:21.000Z</time>
   </trkpt>
   <trkpt lat="-8.076431" lon="-34.88886">
    <ele>8</ele>
    <time>2020-09-20T14:52:22.000Z</time>
   </trkpt>
   <trkpt lat="-8.076418" lon="-34.888822">
    <ele>8</ele>
    <time>2020-09-20T14:52:23.000Z</time>
   </trkpt>
   <trkpt lat="-8.076407" lon="-34.888785">
    <ele>8</ele>
    <time>2020-09-20T14:52:24.000Z</time>
   </trkpt>
   <trkpt lat="-8.076394" lon="-34.888747">
    <ele>7.9</ele>
    <time>2020-09-20T14:52:25.000Z</time>
   </trkpt>
   <trkpt lat="-8.076383" lon="-34.888713">
    <ele>7.9</ele>
    <time>2020-09-20T14:52:26.000Z</time>
   </trkpt>
   <trkpt lat="-8.076368" lon="-34.888676">
    <ele>7.9</ele>
    <time>2020-09-20T14:52:27.000Z</time>
   </trkpt>
   <trkpt lat="-8.07635" lon="-34.888636">
    <ele>7.9</ele>
    <time>2020-09-20T14:52:28.000Z</time>
   </trkpt>
   <trkpt lat="-8.076334" lon="-34.888596">
    <ele>7.9</ele>
    <time>2020-09-20T14:52:29.000Z</time>
   </trkpt>
   <trkpt lat="-8.076318" lon="-34.888558">
    <ele>8</ele>
    <time>2020-09-20T14:52:30.000Z</time>
   </trkpt>
   <trkpt lat="-8.076299" lon="-34.888518">
    <ele>8</ele>
    <time>2020-09-20T14:52:31.000Z</time>
   </trkpt>
   <trkpt lat="-8.076276" lon="-34.888476">
    <ele>8.1</ele>
    <time>2020-09-20T14:52:32.000Z</time>
   </trkpt>
   <trkpt lat="-8.076254" lon="-34.888435">
    <ele>8.1</ele>
    <time>2020-09-20T14:52:33.000Z</time>
   </trkpt>
   <trkpt lat="-8.076233" lon="-34.888394">
    <ele>8</ele>
    <time>2020-09-20T14:52:34.000Z</time>
   </trkpt>
   <trkpt lat="-8.076215" lon="-34.888356">
    <ele>8</ele>
    <time>2020-09-20T14:52:35.000Z</time>
   </trkpt>
   <trkpt lat="-8.076205" lon="-34.888318">
    <ele>8</ele>
    <time>2020-09-20T14:52:36.000Z</time>
   </trkpt>
   <trkpt lat="-8.07619" lon="-34.888279">
    <ele>8</ele>
    <time>2020-09-20T14:52:37.000Z</time>
   </trkpt>
   <trkpt lat="-8.076178" lon="-34.888241">
    <ele>8.1</ele>
    <time>2020-09-20T14:52:38.000Z</time>
   </trkpt>
   <trkpt lat="-8.076167" lon="-34.888199">
    <ele>8.1</ele>
    <time>2020-09-20T14:52:39.000Z</time>
   </trkpt>
   <trkpt lat="-8.07615" lon="-34.888164">
    <ele>8.1</ele>
    <time>2020-09-20T14:52:40.000Z</time>
   </trkpt>
   <trkpt lat="-8.076138" lon="-34.88813">
    <ele>8.1</ele>
    <time>2020-09-20T14:52:41.000Z</time>
   </trkpt>
   <trkpt lat="-8.076123" lon="-34.888097">
    <ele>8.1</ele>
    <time>2020-09-20T14:52:42.000Z</time>
   </trkpt>
   <trkpt lat="-8.076106" lon="-34.888063">
    <ele>8.1</ele>
    <time>2020-09-20T14:52:43.000Z</time>
   </trkpt>
   <trkpt lat="-8.076098" lon="-34.888033">
    <ele>8.1</ele>
    <time>2020-09-20T14:52:44.000Z</time>
   </trkpt>
   <trkpt lat="-8.076079" lon="-34.887998">
    <ele>8.1</ele>
    <time>2020-09-20T14:52:45.000Z</time>
   </trkpt>
   <trkpt lat="-8.07606" lon="-34.88796">
    <ele>8</ele>
    <time>2020-09-20T14:52:46.000Z</time>
   </trkpt>
   <trkpt lat="-8.076042" lon="-34.887921">
    <ele>8</ele>
    <time>2020-09-20T14:52:47.000Z</time>
   </trkpt>
   <trkpt lat="-8.076031" lon="-34.88788">
    <ele>8</ele>
    <time>2020-09-20T14:52:48.000Z</time>
   </trkpt>
   <trkpt lat="-8.076011" lon="-34.887839">
    <ele>8</ele>
    <time>2020-09-20T14:52:49.000Z</time>
   </trkpt>
   <trkpt lat="-8.075995" lon="-34.887795">
    <ele>8</ele>
    <time>2020-09-20T14:52:50.000Z</time>
   </trkpt>
   <trkpt lat="-8.075979" lon="-34.887755">
    <ele>8</ele>
    <time>2020-09-20T14:52:51.000Z</time>
   </trkpt>
   <trkpt lat="-8.075964" lon="-34.887714">
    <ele>8</ele>
    <time>2020-09-20T14:52:52.000Z</time>
   </trkpt>
   <trkpt lat="-8.075947" lon="-34.887671">
    <ele>8</ele>
    <time>2020-09-20T14:52:53.000Z</time>
   </trkpt>
   <trkpt lat="-8.075929" lon="-34.887637">
    <ele>8</ele>
    <time>2020-09-20T14:52:54.000Z</time>
   </trkpt>
   <trkpt lat="-8.075918" lon="-34.8876">
    <ele>8</ele>
    <time>2020-09-20T14:52:55.000Z</time>
   </trkpt>
   <trkpt lat="-8.075908" lon="-34.887561">
    <ele>8.1</ele>
    <time>2020-09-20T14:52:56.000Z</time>
   </trkpt>
   <trkpt lat="-8.0759" lon="-34.887515">
    <ele>8.1</ele>
    <time>2020-09-20T14:52:57.000Z</time>
   </trkpt>
   <trkpt lat="-8.075888" lon="-34.887476">
    <ele>8.1</ele>
    <time>2020-09-20T14:52:58.000Z</time>
   </trkpt>
   <trkpt lat="-8.075869" lon="-34.887439">
    <ele>8.1</ele>
    <time>2020-09-20T14:52:59.000Z</time>
   </trkpt>
   <trkpt lat="-8.075853" lon="-34.887399">
    <ele>8.1</ele>
    <time>2020-09-20T14:53:00.000Z</time>
   </trkpt>
   <trkpt lat="-8.075835" lon="-34.887362">
    <ele>8.1</ele>
    <time>2020-09-20T14:53:01.000Z</time>
   </trkpt>
   <trkpt lat="-8.075818" lon="-34.887322">
    <ele>8.1</ele>
    <time>2020-09-20T14:53:02.000Z</time>
   </trkpt>
   <trkpt lat="-8.075808" lon="-34.887279">
    <ele>8.1</ele>
    <time>2020-09-20T14:53:03.000Z</time>
   </trkpt>
   <trkpt lat="-8.075797" lon="-34.887239">
    <ele>8.1</ele>
    <time>2020-09-20T14:53:04.000Z</time>
   </trkpt>
   <trkpt lat="-8.075785" lon="-34.887201">
    <ele>8.1</ele>
    <time>2020-09-20T14:53:05.000Z</time>
   </trkpt>
   <trkpt lat="-8.07577" lon="-34.887165">
    <ele>8.1</ele>
    <time>2020-09-20T14:53:06.000Z</time>
   </trkpt>
   <trkpt lat="-8.075752" lon="-34.887129">
    <ele>8.2</ele>
    <time>2020-09-20T14:53:07.000Z</time>
   </trkpt>
   <trkpt lat="-8.075737" lon="-34.887092">
    <ele>8.2</ele>
    <time>2020-09-20T14:53:08.000Z</time>
   </trkpt>
   <trkpt lat="-8.075721" lon="-34.887057">
    <ele>8.2</ele>
    <time>2020-09-20T14:53:09.000Z</time>
   </trkpt>
   <trkpt lat="-8.075708" lon="-34.887021">
    <ele>8.2</ele>
    <time>2020-09-20T14:53:10.000Z</time>
   </trkpt>
   <trkpt lat="-8.075695" lon="-34.886981">
    <ele>8.2</ele>
    <time>2020-09-20T14:53:11.000Z</time>
   </trkpt>
   <trkpt lat="-8.075681" lon="-34.886942">
    <ele>8.2</ele>
    <time>2020-09-20T14:53:12.000Z</time>
   </trkpt>
   <trkpt lat="-8.075668" lon="-34.886906">
    <ele>8.2</ele>
    <time>2020-09-20T14:53:13.000Z</time>
   </trkpt>
   <trkpt lat="-8.075652" lon="-34.88687">
    <ele>8.2</ele>
    <time>2020-09-20T14:53:14.000Z</time>
   </trkpt>
   <trkpt lat="-8.075639" lon="-34.886832">
    <ele>8.3</ele>
    <time>2020-09-20T14:53:15.000Z</time>
   </trkpt>
   <trkpt lat="-8.075629" lon="-34.886792">
    <ele>8.3</ele>
    <time>2020-09-20T14:53:16.000Z</time>
   </trkpt>
   <trkpt lat="-8.075616" lon="-34.886756">
    <ele>8.3</ele>
    <time>2020-09-20T14:53:17.000Z</time>
   </trkpt>
   <trkpt lat="-8.075606" lon="-34.886718">
    <ele>8.3</ele>
    <time>2020-09-20T14:53:18.000Z</time>
   </trkpt>
   <trkpt lat="-8.075594" lon="-34.886684">
    <ele>8.3</ele>
    <time>2020-09-20T14:53:19.000Z</time>
   </trkpt>
   <trkpt lat="-8.075579" lon="-34.886647">
    <ele>8.3</ele>
    <time>2020-09-20T14:53:20.000Z</time>
   </trkpt>
   <trkpt lat="-8.075565" lon="-34.886612">
    <ele>8.3</ele>
    <time>2020-09-20T14:53:21.000Z</time>
   </trkpt>
   <trkpt lat="-8.075549" lon="-34.886576">
    <ele>8.3</ele>
    <time>2020-09-20T14:53:22.000Z</time>
   </trkpt>
   <trkpt lat="-8.075525" lon="-34.886543">
    <ele>8.2</ele>
    <time>2020-09-20T14:53:23.000Z</time>
   </trkpt>
   <trkpt lat="-8.07551" lon="-34.886507">
    <ele>8.2</ele>
    <time>2020-09-20T14:53:24.000Z</time>
   </trkpt>
   <trkpt lat="-8.075497" lon="-34.886471">
    <ele>8.2</ele>
    <time>2020-09-20T14:53:25.000Z</time>
   </trkpt>
   <trkpt lat="-8.075483" lon="-34.886444">
    <ele>8.2</ele>
    <time>2020-09-20T14:53:26.000Z</time>
   </trkpt>
   <trkpt lat="-8.075466" lon="-34.886413">
    <ele>8.2</ele>
    <time>2020-09-20T14:53:27.000Z</time>
   </trkpt>
   <trkpt lat="-8.075449" lon="-34.886377">
    <ele>8.2</ele>
    <time>2020-09-20T14:53:28.000Z</time>
   </trkpt>
   <trkpt lat="-8.07543" lon="-34.886339">
    <ele>8.3</ele>
    <time>2020-09-20T14:53:29.000Z</time>
   </trkpt>
   <trkpt lat="-8.075413" lon="-34.886314">
    <ele>8.3</ele>
    <time>2020-09-20T14:53:30.000Z</time>
   </trkpt>
   <trkpt lat="-8.075397" lon="-34.886284">
    <ele>8.3</ele>
    <time>2020-09-20T14:53:31.000Z</time>
   </trkpt>
   <trkpt lat="-8.075384" lon="-34.886248">
    <ele>8.3</ele>
    <time>2020-09-20T14:53:32.000Z</time>
   </trkpt>
   <trkpt lat="-8.075363" lon="-34.886221">
    <ele>8.3</ele>
    <time>2020-09-20T14:53:33.000Z</time>
   </trkpt>
   <trkpt lat="-8.075351" lon="-34.886189">
    <ele>8.3</ele>
    <time>2020-09-20T14:53:34.000Z</time>
   </trkpt>
   <trkpt lat="-8.075342" lon="-34.88615">
    <ele>8.3</ele>
    <time>2020-09-20T14:53:35.000Z</time>
   </trkpt>
   <trkpt lat="-8.075332" lon="-34.886106">
    <ele>8.3</ele>
    <time>2020-09-20T14:53:36.000Z</time>
   </trkpt>
   <trkpt lat="-8.075317" lon="-34.886064">
    <ele>8.3</ele>
    <time>2020-09-20T14:53:37.000Z</time>
   </trkpt>
   <trkpt lat="-8.0753" lon="-34.886022">
    <ele>8.3</ele>
    <time>2020-09-20T14:53:38.000Z</time>
   </trkpt>
   <trkpt lat="-8.075283" lon="-34.885981">
    <ele>8.3</ele>
    <time>2020-09-20T14:53:39.000Z</time>
   </trkpt>
   <trkpt lat="-8.075267" lon="-34.885943">
    <ele>8.3</ele>
    <time>2020-09-20T14:53:40.000Z</time>
   </trkpt>
   <trkpt lat="-8.075252" lon="-34.885908">
    <ele>8.3</ele>
    <time>2020-09-20T14:53:41.000Z</time>
   </trkpt>
   <trkpt lat="-8.075234" lon="-34.885873">
    <ele>8.3</ele>
    <time>2020-09-20T14:53:42.000Z</time>
   </trkpt>
   <trkpt lat="-8.075218" lon="-34.885838">
    <ele>8.4</ele>
    <time>2020-09-20T14:53:43.000Z</time>
   </trkpt>
   <trkpt lat="-8.075206" lon="-34.8858">
    <ele>8.4</ele>
    <time>2020-09-20T14:53:44.000Z</time>
   </trkpt>
   <trkpt lat="-8.075196" lon="-34.885764">
    <ele>8.4</ele>
    <time>2020-09-20T14:53:45.000Z</time>
   </trkpt>
   <trkpt lat="-8.075178" lon="-34.885733">
    <ele>8.4</ele>
    <time>2020-09-20T14:53:46.000Z</time>
   </trkpt>
   <trkpt lat="-8.075155" lon="-34.885692">
    <ele>8.4</ele>
    <time>2020-09-20T14:53:47.000Z</time>
   </trkpt>
   <trkpt lat="-8.075143" lon="-34.885659">
    <ele>8.4</ele>
    <time>2020-09-20T14:53:48.000Z</time>
   </trkpt>
   <trkpt lat="-8.075129" lon="-34.885625">
    <ele>8.4</ele>
    <time>2020-09-20T14:53:49.000Z</time>
   </trkpt>
   <trkpt lat="-8.075114" lon="-34.885593">
    <ele>8.4</ele>
    <time>2020-09-20T14:53:50.000Z</time>
   </trkpt>
   <trkpt lat="-8.075102" lon="-34.885559">
    <ele>8.4</ele>
    <time>2020-09-20T14:53:51.000Z</time>
   </trkpt>
   <trkpt lat="-8.075091" lon="-34.885526">
    <ele>8.4</ele>
    <time>2020-09-20T14:53:52.000Z</time>
   </trkpt>
   <trkpt lat="-8.075077" lon="-34.885491">
    <ele>8.4</ele>
    <time>2020-09-20T14:53:53.000Z</time>
   </trkpt>
   <trkpt lat="-8.075066" lon="-34.885454">
    <ele>8.5</ele>
    <time>2020-09-20T14:53:54.000Z</time>
   </trkpt>
   <trkpt lat="-8.075048" lon="-34.885417">
    <ele>8.5</ele>
    <time>2020-09-20T14:53:55.000Z</time>
   </trkpt>
   <trkpt lat="-8.075033" lon="-34.885375">
    <ele>8.5</ele>
    <time>2020-09-20T14:53:56.000Z</time>
   </trkpt>
   <trkpt lat="-8.075017" lon="-34.885333">
    <ele>8.5</ele>
    <time>2020-09-20T14:53:57.000Z</time>
   </trkpt>
   <trkpt lat="-8.075002" lon="-34.885295">
    <ele>8.5</ele>
    <time>2020-09-20T14:53:58.000Z</time>
   </trkpt>
   <trkpt lat="-8.074991" lon="-34.885259">
    <ele>8.5</ele>
    <time>2020-09-20T14:53:59.000Z</time>
   </trkpt>
   <trkpt lat="-8.074978" lon="-34.885226">
    <ele>8.5</ele>
    <time>2020-09-20T14:54:00.000Z</time>
   </trkpt>
   <trkpt lat="-8.074964" lon="-34.885194">
    <ele>8.5</ele>
    <time>2020-09-20T14:54:01.000Z</time>
   </trkpt>
   <trkpt lat="-8.074953" lon="-34.885158">
    <ele>8.5</ele>
    <time>2020-09-20T14:54:02.000Z</time>
   </trkpt>
   <trkpt lat="-8.074941" lon="-34.885121">
    <ele>8.5</ele>
    <time>2020-09-20T14:54:03.000Z</time>
   </trkpt>
   <trkpt lat="-8.074924" lon="-34.885088">
    <ele>8.5</ele>
    <time>2020-09-20T14:54:04.000Z</time>
   </trkpt>
   <trkpt lat="-8.074908" lon="-34.885056">
    <ele>8.5</ele>
    <time>2020-09-20T14:54:05.000Z</time>
   </trkpt>
   <trkpt lat="-8.074889" lon="-34.885021">
    <ele>8.6</ele>
    <time>2020-09-20T14:54:06.000Z</time>
   </trkpt>
   <trkpt lat="-8.074872" lon="-34.884985">
    <ele>8.6</ele>
    <time>2020-09-20T14:54:07.000Z</time>
   </trkpt>
   <trkpt lat="-8.074855" lon="-34.884949">
    <ele>8.6</ele>
    <time>2020-09-20T14:54:08.000Z</time>
   </trkpt>
   <trkpt lat="-8.07484" lon="-34.884915">
    <ele>8.6</ele>
    <time>2020-09-20T14:54:09.000Z</time>
   </trkpt>
   <trkpt lat="-8.074823" lon="-34.884882">
    <ele>8.6</ele>
    <time>2020-09-20T14:54:10.000Z</time>
   </trkpt>
   <trkpt lat="-8.074809" lon="-34.884848">
    <ele>8.6</ele>
    <time>2020-09-20T14:54:11.000Z</time>
   </trkpt>
   <trkpt lat="-8.07479" lon="-34.884811">
    <ele>8.6</ele>
    <time>2020-09-20T14:54:12.000Z</time>
   </trkpt>
   <trkpt lat="-8.074779" lon="-34.884779">
    <ele>8.5</ele>
    <time>2020-09-20T14:54:13.000Z</time>
   </trkpt>
   <trkpt lat="-8.074771" lon="-34.884746">
    <ele>8.5</ele>
    <time>2020-09-20T14:54:14.000Z</time>
   </trkpt>
   <trkpt lat="-8.074765" lon="-34.884713">
    <ele>8.5</ele>
    <time>2020-09-20T14:54:15.000Z</time>
   </trkpt>
   <trkpt lat="-8.07475" lon="-34.884677">
    <ele>8.5</ele>
    <time>2020-09-20T14:54:16.000Z</time>
   </trkpt>
   <trkpt lat="-8.074739" lon="-34.884639">
    <ele>8.5</ele>
    <time>2020-09-20T14:54:17.000Z</time>
   </trkpt>
   <trkpt lat="-8.074729" lon="-34.884601">
    <ele>8.5</ele>
    <time>2020-09-20T14:54:18.000Z</time>
   </trkpt>
   <trkpt lat="-8.074713" lon="-34.884564">
    <ele>8.5</ele>
    <time>2020-09-20T14:54:19.000Z</time>
   </trkpt>
   <trkpt lat="-8.0747" lon="-34.884526">
    <ele>8.5</ele>
    <time>2020-09-20T14:54:20.000Z</time>
   </trkpt>
   <trkpt lat="-8.074687" lon="-34.884486">
    <ele>8.5</ele>
    <time>2020-09-20T14:54:21.000Z</time>
   </trkpt>
   <trkpt lat="-8.074672" lon="-34.884451">
    <ele>8.5</ele>
    <time>2020-09-20T14:54:22.000Z</time>
   </trkpt>
   <trkpt lat="-8.074656" lon="-34.884418">
    <ele>8.5</ele>
    <time>2020-09-20T14:54:23.000Z</time>
   </trkpt>
   <trkpt lat="-8.074642" lon="-34.884387">
    <ele>8.5</ele>
    <time>2020-09-20T14:54:24.000Z</time>
   </trkpt>
   <trkpt lat="-8.074625" lon="-34.884355">
    <ele>8.5</ele>
    <time>2020-09-20T14:54:25.000Z</time>
   </trkpt>
   <trkpt lat="-8.074608" lon="-34.884323">
    <ele>8.4</ele>
    <time>2020-09-20T14:54:26.000Z</time>
   </trkpt>
   <trkpt lat="-8.074594" lon="-34.884289">
    <ele>8.4</ele>
    <time>2020-09-20T14:54:27.000Z</time>
   </trkpt>
   <trkpt lat="-8.074581" lon="-34.884258">
    <ele>8.4</ele>
    <time>2020-09-20T14:54:28.000Z</time>
   </trkpt>
   <trkpt lat="-8.074569" lon="-34.884228">
    <ele>8.4</ele>
    <time>2020-09-20T14:54:29.000Z</time>
   </trkpt>
   <trkpt lat="-8.074556" lon="-34.884197">
    <ele>8.4</ele>
    <time>2020-09-20T14:54:30.000Z</time>
   </trkpt>
   <trkpt lat="-8.074547" lon="-34.884162">
    <ele>8.4</ele>
    <time>2020-09-20T14:54:31.000Z</time>
   </trkpt>
   <trkpt lat="-8.074533" lon="-34.884125">
    <ele>8.4</ele>
    <time>2020-09-20T14:54:32.000Z</time>
   </trkpt>
   <trkpt lat="-8.074517" lon="-34.884092">
    <ele>8.4</ele>
    <time>2020-09-20T14:54:33.000Z</time>
   </trkpt>
   <trkpt lat="-8.074499" lon="-34.884055">
    <ele>8.4</ele>
    <time>2020-09-20T14:54:34.000Z</time>
   </trkpt>
   <trkpt lat="-8.074486" lon="-34.884017">
    <ele>8.4</ele>
    <time>2020-09-20T14:54:35.000Z</time>
   </trkpt>
   <trkpt lat="-8.074475" lon="-34.88398">
    <ele>8.3</ele>
    <time>2020-09-20T14:54:36.000Z</time>
   </trkpt>
   <trkpt lat="-8.074464" lon="-34.883942">
    <ele>8.3</ele>
    <time>2020-09-20T14:54:37.000Z</time>
   </trkpt>
   <trkpt lat="-8.074449" lon="-34.883905">
    <ele>8.3</ele>
    <time>2020-09-20T14:54:38.000Z</time>
   </trkpt>
   <trkpt lat="-8.074437" lon="-34.883873">
    <ele>8.3</ele>
    <time>2020-09-20T14:54:39.000Z</time>
   </trkpt>
   <trkpt lat="-8.07442" lon="-34.883839">
    <ele>8.3</ele>
    <time>2020-09-20T14:54:40.000Z</time>
   </trkpt>
   <trkpt lat="-8.074406" lon="-34.883806">
    <ele>8.3</ele>
    <time>2020-09-20T14:54:41.000Z</time>
   </trkpt>
   <trkpt lat="-8.074392" lon="-34.883775">
    <ele>8.3</ele>
    <time>2020-09-20T14:54:42.000Z</time>
   </trkpt>
   <trkpt lat="-8.074378" lon="-34.883742">
    <ele>8.3</ele>
    <time>2020-09-20T14:54:43.000Z</time>
   </trkpt>
   <trkpt lat="-8.074366" lon="-34.883711">
    <ele>8.3</ele>
    <time>2020-09-20T14:54:44.000Z</time>
   </trkpt>
   <trkpt lat="-8.074352" lon="-34.883679">
    <ele>8.3</ele>
    <time>2020-09-20T14:54:45.000Z</time>
   </trkpt>
   <trkpt lat="-8.07434" lon="-34.883653">
    <ele>8.3</ele>
    <time>2020-09-20T14:54:46.000Z</time>
   </trkpt>
   <trkpt lat="-8.074327" lon="-34.883623">
    <ele>8.3</ele>
    <time>2020-09-20T14:54:47.000Z</time>
   </trkpt>
   <trkpt lat="-8.074317" lon="-34.883589">
    <ele>8.3</ele>
    <time>2020-09-20T14:54:48.000Z</time>
   </trkpt>
   <trkpt lat="-8.074302" lon="-34.883546">
    <ele>8.3</ele>
    <time>2020-09-20T14:54:49.000Z</time>
   </trkpt>
   <trkpt lat="-8.074289" lon="-34.883511">
    <ele>8.3</ele>
    <time>2020-09-20T14:54:50.000Z</time>
   </trkpt>
   <trkpt lat="-8.074277" lon="-34.883476">
    <ele>8.3</ele>
    <time>2020-09-20T14:54:51.000Z</time>
   </trkpt>
   <trkpt lat="-8.074267" lon="-34.883441">
    <ele>8.3</ele>
    <time>2020-09-20T14:54:52.000Z</time>
   </trkpt>
   <trkpt lat="-8.074251" lon="-34.88341">
    <ele>8.3</ele>
    <time>2020-09-20T14:54:53.000Z</time>
   </trkpt>
   <trkpt lat="-8.074237" lon="-34.88338">
    <ele>8.3</ele>
    <time>2020-09-20T14:54:54.000Z</time>
   </trkpt>
   <trkpt lat="-8.074227" lon="-34.883351">
    <ele>8.3</ele>
    <time>2020-09-20T14:54:55.000Z</time>
   </trkpt>
   <trkpt lat="-8.074214" lon="-34.883318">
    <ele>8.3</ele>
    <time>2020-09-20T14:54:56.000Z</time>
   </trkpt>
   <trkpt lat="-8.074197" lon="-34.883285">
    <ele>8.3</ele>
    <time>2020-09-20T14:54:57.000Z</time>
   </trkpt>
   <trkpt lat="-8.074191" lon="-34.883254">
    <ele>8.3</ele>
    <time>2020-09-20T14:54:58.000Z</time>
   </trkpt>
   <trkpt lat="-8.074175" lon="-34.883223">
    <ele>8.3</ele>
    <time>2020-09-20T14:54:59.000Z</time>
   </trkpt>
   <trkpt lat="-8.074159" lon="-34.88319">
    <ele>8.3</ele>
    <time>2020-09-20T14:55:00.000Z</time>
   </trkpt>
   <trkpt lat="-8.074146" lon="-34.883157">
    <ele>8.3</ele>
    <time>2020-09-20T14:55:01.000Z</time>
   </trkpt>
   <trkpt lat="-8.074133" lon="-34.883122">
    <ele>8.3</ele>
    <time>2020-09-20T14:55:02.000Z</time>
   </trkpt>
   <trkpt lat="-8.074121" lon="-34.883088">
    <ele>8.3</ele>
    <time>2020-09-20T14:55:03.000Z</time>
   </trkpt>
   <trkpt lat="-8.074108" lon="-34.883054">
    <ele>8.2</ele>
    <time>2020-09-20T14:55:04.000Z</time>
   </trkpt>
   <trkpt lat="-8.074098" lon="-34.883021">
    <ele>8.2</ele>
    <time>2020-09-20T14:55:05.000Z</time>
   </trkpt>
   <trkpt lat="-8.074086" lon="-34.882988">
    <ele>8.2</ele>
    <time>2020-09-20T14:55:06.000Z</time>
   </trkpt>
   <trkpt lat="-8.074076" lon="-34.882956">
    <ele>8.2</ele>
    <time>2020-09-20T14:55:07.000Z</time>
   </trkpt>
   <trkpt lat="-8.074063" lon="-34.882923">
    <ele>8.2</ele>
    <time>2020-09-20T14:55:08.000Z</time>
   </trkpt>
   <trkpt lat="-8.074051" lon="-34.882897">
    <ele>8.2</ele>
    <time>2020-09-20T14:55:09.000Z</time>
   </trkpt>
   <trkpt lat="-8.07404" lon="-34.882865">
    <ele>8.1</ele>
    <time>2020-09-20T14:55:10.000Z</time>
   </trkpt>
   <trkpt lat="-8.074024" lon="-34.882838">
    <ele>8.1</ele>
    <time>2020-09-20T14:55:11.000Z</time>
   </trkpt>
   <trkpt lat="-8.074008" lon="-34.882811">
    <ele>8.1</ele>
    <time>2020-09-20T14:55:12.000Z</time>
   </trkpt>
   <trkpt lat="-8.073998" lon="-34.882782">
    <ele>8.1</ele>
    <time>2020-09-20T14:55:13.000Z</time>
   </trkpt>
   <trkpt lat="-8.073986" lon="-34.882752">
    <ele>8.1</ele>
    <time>2020-09-20T14:55:14.000Z</time>
   </trkpt>
   <trkpt lat="-8.073961" lon="-34.882726">
    <ele>8.1</ele>
    <time>2020-09-20T14:55:15.000Z</time>
   </trkpt>
   <trkpt lat="-8.073947" lon="-34.8827">
    <ele>8.1</ele>
    <time>2020-09-20T14:55:16.000Z</time>
   </trkpt>
   <trkpt lat="-8.073932" lon="-34.882675">
    <ele>8.1</ele>
    <time>2020-09-20T14:55:17.000Z</time>
   </trkpt>
   <trkpt lat="-8.073922" lon="-34.882645">
    <ele>8.1</ele>
    <time>2020-09-20T14:55:18.000Z</time>
   </trkpt>
   <trkpt lat="-8.073909" lon="-34.882615">
    <ele>8.1</ele>
    <time>2020-09-20T14:55:19.000Z</time>
   </trkpt>
   <trkpt lat="-8.073898" lon="-34.882586">
    <ele>8.1</ele>
    <time>2020-09-20T14:55:20.000Z</time>
   </trkpt>
   <trkpt lat="-8.073887" lon="-34.882556">
    <ele>8.1</ele>
    <time>2020-09-20T14:55:21.000Z</time>
   </trkpt>
   <trkpt lat="-8.073876" lon="-34.882525">
    <ele>8.1</ele>
    <time>2020-09-20T14:55:22.000Z</time>
   </trkpt>
   <trkpt lat="-8.073862" lon="-34.882495">
    <ele>8.1</ele>
    <time>2020-09-20T14:55:23.000Z</time>
   </trkpt>
   <trkpt lat="-8.07385" lon="-34.882465">
    <ele>8.1</ele>
    <time>2020-09-20T14:55:24.000Z</time>
   </trkpt>
   <trkpt lat="-8.073833" lon="-34.882434">
    <ele>8.1</ele>
    <time>2020-09-20T14:55:25.000Z</time>
   </trkpt>
   <trkpt lat="-8.073823" lon="-34.882401">
    <ele>8.1</ele>
    <time>2020-09-20T14:55:26.000Z</time>
   </trkpt>
   <trkpt lat="-8.073814" lon="-34.882365">
    <ele>8.1</ele>
    <time>2020-09-20T14:55:27.000Z</time>
   </trkpt>
   <trkpt lat="-8.073803" lon="-34.882328">
    <ele>8.1</ele>
    <time>2020-09-20T14:55:28.000Z</time>
   </trkpt>
   <trkpt lat="-8.073795" lon="-34.882299">
    <ele>8.1</ele>
    <time>2020-09-20T14:55:29.000Z</time>
   </trkpt>
   <trkpt lat="-8.073783" lon="-34.882267">
    <ele>8.1</ele>
    <time>2020-09-20T14:55:30.000Z</time>
   </trkpt>
   <trkpt lat="-8.073773" lon="-34.882235">
    <ele>8.2</ele>
    <time>2020-09-20T14:55:31.000Z</time>
   </trkpt>
   <trkpt lat="-8.073764" lon="-34.882209">
    <ele>8.2</ele>
    <time>2020-09-20T14:55:32.000Z</time>
   </trkpt>
   <trkpt lat="-8.073747" lon="-34.882157">
    <ele>8.2</ele>
    <time>2020-09-20T14:55:34.000Z</time>
   </trkpt>
   <trkpt lat="-8.073738" lon="-34.882129">
    <ele>8.2</ele>
    <time>2020-09-20T14:55:35.000Z</time>
   </trkpt>
   <trkpt lat="-8.073728" lon="-34.882102">
    <ele>8.2</ele>
    <time>2020-09-20T14:55:36.000Z</time>
   </trkpt>
   <trkpt lat="-8.073716" lon="-34.882075">
    <ele>8.2</ele>
    <time>2020-09-20T14:55:37.000Z</time>
   </trkpt>
   <trkpt lat="-8.073701" lon="-34.882046">
    <ele>8.2</ele>
    <time>2020-09-20T14:55:38.000Z</time>
   </trkpt>
   <trkpt lat="-8.073686" lon="-34.882011">
    <ele>8.3</ele>
    <time>2020-09-20T14:55:39.000Z</time>
   </trkpt>
   <trkpt lat="-8.073673" lon="-34.881984">
    <ele>8.3</ele>
    <time>2020-09-20T14:55:40.000Z</time>
   </trkpt>
   <trkpt lat="-8.073658" lon="-34.881956">
    <ele>8.2</ele>
    <time>2020-09-20T14:55:41.000Z</time>
   </trkpt>
   <trkpt lat="-8.073644" lon="-34.88192">
    <ele>8.2</ele>
    <time>2020-09-20T14:55:42.000Z</time>
   </trkpt>
   <trkpt lat="-8.073629" lon="-34.881888">
    <ele>8.3</ele>
    <time>2020-09-20T14:55:43.000Z</time>
   </trkpt>
   <trkpt lat="-8.073618" lon="-34.881863">
    <ele>8.3</ele>
    <time>2020-09-20T14:55:44.000Z</time>
   </trkpt>
   <trkpt lat="-8.073607" lon="-34.881842">
    <ele>8.4</ele>
    <time>2020-09-20T14:55:45.000Z</time>
   </trkpt>
   <trkpt lat="-8.073584" lon="-34.881788">
    <ele>8.5</ele>
    <time>2020-09-20T14:55:47.000Z</time>
   </trkpt>
   <trkpt lat="-8.073561" lon="-34.881726">
    <ele>8.6</ele>
    <time>2020-09-20T14:55:49.000Z</time>
   </trkpt>
   <trkpt lat="-8.073559" lon="-34.88169">
    <ele>8.7</ele>
    <time>2020-09-20T14:55:50.000Z</time>
   </trkpt>
   <trkpt lat="-8.073549" lon="-34.881655">
    <ele>8.8</ele>
    <time>2020-09-20T14:55:51.000Z</time>
   </trkpt>
   <trkpt lat="-8.073536" lon="-34.88162">
    <ele>8.9</ele>
    <time>2020-09-20T14:55:52.000Z</time>
   </trkpt>
   <trkpt lat="-8.073528" lon="-34.881588">
    <ele>9</ele>
    <time>2020-09-20T14:55:53.000Z</time>
   </trkpt>
   <trkpt lat="-8.073521" lon="-34.881561">
    <ele>9.2</ele>
    <time>2020-09-20T14:55:54.000Z</time>
   </trkpt>
   <trkpt lat="-8.073512" lon="-34.881537">
    <ele>9.3</ele>
    <time>2020-09-20T14:55:55.000Z</time>
   </trkpt>
   <trkpt lat="-8.073482" lon="-34.881477">
    <ele>9.7</ele>
    <time>2020-09-20T14:55:57.000Z</time>
   </trkpt>
   <trkpt lat="-8.073473" lon="-34.881444">
    <ele>9.9</ele>
    <time>2020-09-20T14:55:58.000Z</time>
   </trkpt>
   <trkpt lat="-8.073461" lon="-34.881411">
    <ele>10.1</ele>
    <time>2020-09-20T14:55:59.000Z</time>
   </trkpt>
   <trkpt lat="-8.073462" lon="-34.88138">
    <ele>10.3</ele>
    <time>2020-09-20T14:56:00.000Z</time>
   </trkpt>
   <trkpt lat="-8.073456" lon="-34.881356">
    <ele>10.5</ele>
    <time>2020-09-20T14:56:01.000Z</time>
   </trkpt>
   <trkpt lat="-8.073445" lon="-34.881307">
    <ele>10.8</ele>
    <time>2020-09-20T14:56:03.000Z</time>
   </trkpt>
   <trkpt lat="-8.073433" lon="-34.881278">
    <ele>11</ele>
    <time>2020-09-20T14:56:05.000Z</time>
   </trkpt>
   <trkpt lat="-8.073413" lon="-34.881249">
    <ele>11.2</ele>
    <time>2020-09-20T14:56:07.000Z</time>
   </trkpt>
   <trkpt lat="-8.0734" lon="-34.881195">
    <ele>11.6</ele>
    <time>2020-09-20T14:56:09.000Z</time>
   </trkpt>
   <trkpt lat="-8.073393" lon="-34.881161">
    <ele>11.9</ele>
    <time>2020-09-20T14:56:10.000Z</time>
   </trkpt>
   <trkpt lat="-8.073373" lon="-34.881127">
    <ele>12.2</ele>
    <time>2020-09-20T14:56:11.000Z</time>
   </trkpt>
   <trkpt lat="-8.073353" lon="-34.881089">
    <ele>12.5</ele>
    <time>2020-09-20T14:56:12.000Z</time>
   </trkpt>
   <trkpt lat="-8.073341" lon="-34.881056">
    <ele>12.7</ele>
    <time>2020-09-20T14:56:13.000Z</time>
   </trkpt>
   <trkpt lat="-8.073323" lon="-34.88103">
    <ele>12.9</ele>
    <time>2020-09-20T14:56:14.000Z</time>
   </trkpt>
   <trkpt lat="-8.0733" lon="-34.881003">
    <ele>13.2</ele>
    <time>2020-09-20T14:56:15.000Z</time>
   </trkpt>
   <trkpt lat="-8.07328" lon="-34.880972">
    <ele>13.4</ele>
    <time>2020-09-20T14:56:16.000Z</time>
   </trkpt>
   <trkpt lat="-8.073261" lon="-34.880943">
    <ele>13.7</ele>
    <time>2020-09-20T14:56:17.000Z</time>
   </trkpt>
   <trkpt lat="-8.073245" lon="-34.880912">
    <ele>13.9</ele>
    <time>2020-09-20T14:56:18.000Z</time>
   </trkpt>
   <trkpt lat="-8.073226" lon="-34.880883">
    <ele>14.1</ele>
    <time>2020-09-20T14:56:19.000Z</time>
   </trkpt>
   <trkpt lat="-8.073202" lon="-34.880855">
    <ele>14.3</ele>
    <time>2020-09-20T14:56:20.000Z</time>
   </trkpt>
   <trkpt lat="-8.07318" lon="-34.880832">
    <ele>14.5</ele>
    <time>2020-09-20T14:56:21.000Z</time>
   </trkpt>
   <trkpt lat="-8.07316" lon="-34.880806">
    <ele>14.7</ele>
    <time>2020-09-20T14:56:22.000Z</time>
   </trkpt>
   <trkpt lat="-8.073136" lon="-34.880782">
    <ele>14.8</ele>
    <time>2020-09-20T14:56:23.000Z</time>
   </trkpt>
   <trkpt lat="-8.073115" lon="-34.880758">
    <ele>15</ele>
    <time>2020-09-20T14:56:24.000Z</time>
   </trkpt>
   <trkpt lat="-8.0731" lon="-34.88074">
    <ele>15.1</ele>
    <time>2020-09-20T14:56:25.000Z</time>
   </trkpt>
   <trkpt lat="-8.073068" lon="-34.880695">
    <ele>15.3</ele>
    <time>2020-09-20T14:56:27.000Z</time>
   </trkpt>
   <trkpt lat="-8.073038" lon="-34.880662">
    <ele>15.5</ele>
    <time>2020-09-20T14:56:29.000Z</time>
   </trkpt>
   <trkpt lat="-8.072999" lon="-34.880631">
    <ele>15.7</ele>
    <time>2020-09-20T14:56:31.000Z</time>
   </trkpt>
   <trkpt lat="-8.072969" lon="-34.880604">
    <ele>15.9</ele>
    <time>2020-09-20T14:56:33.000Z</time>
   </trkpt>
   <trkpt lat="-8.072938" lon="-34.880572">
    <ele>16</ele>
    <time>2020-09-20T14:56:35.000Z</time>
   </trkpt>
   <trkpt lat="-8.072911" lon="-34.880542">
    <ele>16.2</ele>
    <time>2020-09-20T14:56:37.000Z</time>
   </trkpt>
   <trkpt lat="-8.072876" lon="-34.880511">
    <ele>16.3</ele>
    <time>2020-09-20T14:56:39.000Z</time>
   </trkpt>
   <trkpt lat="-8.072837" lon="-34.880497">
    <ele>16.4</ele>
    <time>2020-09-20T14:56:41.000Z</time>
   </trkpt>
   <trkpt lat="-8.072789" lon="-34.880487">
    <ele>16.4</ele>
    <time>2020-09-20T14:56:43.000Z</time>
   </trkpt>
   <trkpt lat="-8.072737" lon="-34.880465">
    <ele>16.5</ele>
    <time>2020-09-20T14:56:45.000Z</time>
   </trkpt>
   <trkpt lat="-8.072716" lon="-34.880452">
    <ele>16.5</ele>
    <time>2020-09-20T14:56:46.000Z</time>
   </trkpt>
   <trkpt lat="-8.072677" lon="-34.880419">
    <ele>16.5</ele>
    <time>2020-09-20T14:56:48.000Z</time>
   </trkpt>
   <trkpt lat="-8.072625" lon="-34.880396">
    <ele>16.4</ele>
    <time>2020-09-20T14:56:50.000Z</time>
   </trkpt>
   <trkpt lat="-8.072598" lon="-34.880383">
    <ele>16.4</ele>
    <time>2020-09-20T14:56:51.000Z</time>
   </trkpt>
   <trkpt lat="-8.072563" lon="-34.880367">
    <ele>16.3</ele>
    <time>2020-09-20T14:56:52.000Z</time>
   </trkpt>
   <trkpt lat="-8.072524" lon="-34.880349">
    <ele>16.2</ele>
    <time>2020-09-20T14:56:53.000Z</time>
   </trkpt>
   <trkpt lat="-8.072485" lon="-34.880332">
    <ele>16.1</ele>
    <time>2020-09-20T14:56:54.000Z</time>
   </trkpt>
   <trkpt lat="-8.07245" lon="-34.880313">
    <ele>16</ele>
    <time>2020-09-20T14:56:55.000Z</time>
   </trkpt>
   <trkpt lat="-8.072411" lon="-34.88029">
    <ele>15.8</ele>
    <time>2020-09-20T14:56:56.000Z</time>
   </trkpt>
   <trkpt lat="-8.072372" lon="-34.880269">
    <ele>15.7</ele>
    <time>2020-09-20T14:56:57.000Z</time>
   </trkpt>
   <trkpt lat="-8.072328" lon="-34.880244">
    <ele>15.5</ele>
    <time>2020-09-20T14:56:58.000Z</time>
   </trkpt>
   <trkpt lat="-8.072286" lon="-34.880224">
    <ele>15.3</ele>
    <time>2020-09-20T14:56:59.000Z</time>
   </trkpt>
   <trkpt lat="-8.072245" lon="-34.880204">
    <ele>15</ele>
    <time>2020-09-20T14:57:00.000Z</time>
   </trkpt>
   <trkpt lat="-8.072204" lon="-34.880183">
    <ele>14.8</ele>
    <time>2020-09-20T14:57:01.000Z</time>
   </trkpt>
   <trkpt lat="-8.072151" lon="-34.880161">
    <ele>14.5</ele>
    <time>2020-09-20T14:57:02.000Z</time>
   </trkpt>
   <trkpt lat="-8.0721" lon="-34.880141">
    <ele>14.1</ele>
    <time>2020-09-20T14:57:03.000Z</time>
   </trkpt>
   <trkpt lat="-8.072047" lon="-34.880122">
    <ele>13.8</ele>
    <time>2020-09-20T14:57:04.000Z</time>
   </trkpt>
   <trkpt lat="-8.071997" lon="-34.880096">
    <ele>13.4</ele>
    <time>2020-09-20T14:57:05.000Z</time>
   </trkpt>
   <trkpt lat="-8.07194" lon="-34.880069">
    <ele>12.9</ele>
    <time>2020-09-20T14:57:06.000Z</time>
   </trkpt>
   <trkpt lat="-8.071883" lon="-34.880033">
    <ele>12.4</ele>
    <time>2020-09-20T14:57:07.000Z</time>
   </trkpt>
   <trkpt lat="-8.071832" lon="-34.879991">
    <ele>11.9</ele>
    <time>2020-09-20T14:57:08.000Z</time>
   </trkpt>
   <trkpt lat="-8.071796" lon="-34.879922">
    <ele>11.3</ele>
    <time>2020-09-20T14:57:09.000Z</time>
   </trkpt>
   <trkpt lat="-8.071777" lon="-34.879846">
    <ele>10.7</ele>
    <time>2020-09-20T14:57:10.000Z</time>
   </trkpt>
   <trkpt lat="-8.07177" lon="-34.879761">
    <ele>10.1</ele>
    <time>2020-09-20T14:57:11.000Z</time>
   </trkpt>
   <trkpt lat="-8.07178" lon="-34.879674">
    <ele>9.6</ele>
    <time>2020-09-20T14:57:12.000Z</time>
   </trkpt>
   <trkpt lat="-8.071807" lon="-34.879598">
    <ele>9.2</ele>
    <time>2020-09-20T14:57:13.000Z</time>
   </trkpt>
   <trkpt lat="-8.071851" lon="-34.879544">
    <ele>9</ele>
    <time>2020-09-20T14:57:14.000Z</time>
   </trkpt>
   <trkpt lat="-8.071892" lon="-34.879479">
    <ele>8.9</ele>
    <time>2020-09-20T14:57:15.000Z</time>
   </trkpt>
   <trkpt lat="-8.071928" lon="-34.879416">
    <ele>8.9</ele>
    <time>2020-09-20T14:57:16.000Z</time>
   </trkpt>
   <trkpt lat="-8.071964" lon="-34.879352">
    <ele>8.8</ele>
    <time>2020-09-20T14:57:17.000Z</time>
   </trkpt>
   <trkpt lat="-8.072004" lon="-34.879287">
    <ele>8.8</ele>
    <time>2020-09-20T14:57:18.000Z</time>
   </trkpt>
   <trkpt lat="-8.072041" lon="-34.87923">
    <ele>8.7</ele>
    <time>2020-09-20T14:57:19.000Z</time>
   </trkpt>
   <trkpt lat="-8.072069" lon="-34.879178">
    <ele>8.7</ele>
    <time>2020-09-20T14:57:20.000Z</time>
   </trkpt>
   <trkpt lat="-8.072095" lon="-34.879128">
    <ele>8.6</ele>
    <time>2020-09-20T14:57:21.000Z</time>
   </trkpt>
   <trkpt lat="-8.07211" lon="-34.879049">
    <ele>8.7</ele>
    <time>2020-09-20T14:57:22.000Z</time>
   </trkpt>
   <trkpt lat="-8.07213" lon="-34.87899">
    <ele>8.7</ele>
    <time>2020-09-20T14:57:23.000Z</time>
   </trkpt>
   <trkpt lat="-8.072137" lon="-34.878953">
    <ele>8.7</ele>
    <time>2020-09-20T14:57:24.000Z</time>
   </trkpt>
   <trkpt lat="-8.072149" lon="-34.878906">
    <ele>8.7</ele>
    <time>2020-09-20T14:57:25.000Z</time>
   </trkpt>
   <trkpt lat="-8.072146" lon="-34.878865">
    <ele>8.7</ele>
    <time>2020-09-20T14:57:26.000Z</time>
   </trkpt>
   <trkpt lat="-8.072147" lon="-34.878798">
    <ele>8.7</ele>
    <time>2020-09-20T14:57:27.000Z</time>
   </trkpt>
   <trkpt lat="-8.07214" lon="-34.878741">
    <ele>8.7</ele>
    <time>2020-09-20T14:57:28.000Z</time>
   </trkpt>
   <trkpt lat="-8.072124" lon="-34.878688">
    <ele>8.8</ele>
    <time>2020-09-20T14:57:29.000Z</time>
   </trkpt>
   <trkpt lat="-8.072106" lon="-34.878642">
    <ele>8.8</ele>
    <time>2020-09-20T14:57:30.000Z</time>
   </trkpt>
   <trkpt lat="-8.072083" lon="-34.878595">
    <ele>8.8</ele>
    <time>2020-09-20T14:57:31.000Z</time>
   </trkpt>
   <trkpt lat="-8.072069" lon="-34.878551">
    <ele>8.8</ele>
    <time>2020-09-20T14:57:32.000Z</time>
   </trkpt>
   <trkpt lat="-8.072054" lon="-34.878508">
    <ele>8.8</ele>
    <time>2020-09-20T14:57:33.000Z</time>
   </trkpt>
   <trkpt lat="-8.072038" lon="-34.878467">
    <ele>8.8</ele>
    <time>2020-09-20T14:57:34.000Z</time>
   </trkpt>
   <trkpt lat="-8.072028" lon="-34.878431">
    <ele>8.8</ele>
    <time>2020-09-20T14:57:35.000Z</time>
   </trkpt>
   <trkpt lat="-8.072016" lon="-34.878385">
    <ele>8.9</ele>
    <time>2020-09-20T14:57:36.000Z</time>
   </trkpt>
   <trkpt lat="-8.072001" lon="-34.878337">
    <ele>8.9</ele>
    <time>2020-09-20T14:57:37.000Z</time>
   </trkpt>
   <trkpt lat="-8.071984" lon="-34.878286">
    <ele>9</ele>
    <time>2020-09-20T14:57:38.000Z</time>
   </trkpt>
   <trkpt lat="-8.071969" lon="-34.87823">
    <ele>9</ele>
    <time>2020-09-20T14:57:39.000Z</time>
   </trkpt>
   <trkpt lat="-8.071955" lon="-34.878181">
    <ele>9.1</ele>
    <time>2020-09-20T14:57:40.000Z</time>
   </trkpt>
   <trkpt lat="-8.071943" lon="-34.878134">
    <ele>9.1</ele>
    <time>2020-09-20T14:57:41.000Z</time>
   </trkpt>
   <trkpt lat="-8.071931" lon="-34.878076">
    <ele>9.1</ele>
    <time>2020-09-20T14:57:42.000Z</time>
   </trkpt>
   <trkpt lat="-8.071915" lon="-34.878035">
    <ele>9.2</ele>
    <time>2020-09-20T14:57:43.000Z</time>
   </trkpt>
   <trkpt lat="-8.071879" lon="-34.87801">
    <ele>9.2</ele>
    <time>2020-09-20T14:57:44.000Z</time>
   </trkpt>
   <trkpt lat="-8.071861" lon="-34.877979">
    <ele>9.2</ele>
    <time>2020-09-20T14:57:45.000Z</time>
   </trkpt>
   <trkpt lat="-8.071843" lon="-34.877942">
    <ele>9.3</ele>
    <time>2020-09-20T14:57:46.000Z</time>
   </trkpt>
   <trkpt lat="-8.07182" lon="-34.877895">
    <ele>9.3</ele>
    <time>2020-09-20T14:57:47.000Z</time>
   </trkpt>
   <trkpt lat="-8.071799" lon="-34.877844">
    <ele>9.4</ele>
    <time>2020-09-20T14:57:48.000Z</time>
   </trkpt>
   <trkpt lat="-8.071786" lon="-34.8778">
    <ele>9.4</ele>
    <time>2020-09-20T14:57:49.000Z</time>
   </trkpt>
   <trkpt lat="-8.07177" lon="-34.877756">
    <ele>9.4</ele>
    <time>2020-09-20T14:57:50.000Z</time>
   </trkpt>
   <trkpt lat="-8.071753" lon="-34.877717">
    <ele>9.5</ele>
    <time>2020-09-20T14:57:51.000Z</time>
   </trkpt>
   <trkpt lat="-8.071732" lon="-34.877667">
    <ele>9.5</ele>
    <time>2020-09-20T14:57:52.000Z</time>
   </trkpt>
   <trkpt lat="-8.071712" lon="-34.87762">
    <ele>9.5</ele>
    <time>2020-09-20T14:57:53.000Z</time>
   </trkpt>
   <trkpt lat="-8.071701" lon="-34.877575">
    <ele>9.5</ele>
    <time>2020-09-20T14:57:54.000Z</time>
   </trkpt>
   <trkpt lat="-8.071681" lon="-34.877545">
    <ele>9.6</ele>
    <time>2020-09-20T14:57:55.000Z</time>
   </trkpt>
   <trkpt lat="-8.071666" lon="-34.877493">
    <ele>9.6</ele>
    <time>2020-09-20T14:57:56.000Z</time>
   </trkpt>
   <trkpt lat="-8.071649" lon="-34.877446">
    <ele>9.6</ele>
    <time>2020-09-20T14:57:57.000Z</time>
   </trkpt>
   <trkpt lat="-8.071631" lon="-34.877396">
    <ele>9.6</ele>
    <time>2020-09-20T14:57:58.000Z</time>
   </trkpt>
   <trkpt lat="-8.071616" lon="-34.877344">
    <ele>9.6</ele>
    <time>2020-09-20T14:57:59.000Z</time>
   </trkpt>
   <trkpt lat="-8.071603" lon="-34.877294">
    <ele>9.6</ele>
    <time>2020-09-20T14:58:00.000Z</time>
   </trkpt>
   <trkpt lat="-8.071595" lon="-34.87723">
    <ele>9.6</ele>
    <time>2020-09-20T14:58:01.000Z</time>
   </trkpt>
   <trkpt lat="-8.071574" lon="-34.877185">
    <ele>9.6</ele>
    <time>2020-09-20T14:58:02.000Z</time>
   </trkpt>
   <trkpt lat="-8.071565" lon="-34.877154">
    <ele>9.6</ele>
    <time>2020-09-20T14:58:03.000Z</time>
   </trkpt>
   <trkpt lat="-8.071555" lon="-34.877119">
    <ele>9.6</ele>
    <time>2020-09-20T14:58:04.000Z</time>
   </trkpt>
   <trkpt lat="-8.071544" lon="-34.877082">
    <ele>9.6</ele>
    <time>2020-09-20T14:58:05.000Z</time>
   </trkpt>
   <trkpt lat="-8.071532" lon="-34.87704">
    <ele>9.6</ele>
    <time>2020-09-20T14:58:06.000Z</time>
   </trkpt>
   <trkpt lat="-8.071517" lon="-34.876996">
    <ele>9.6</ele>
    <time>2020-09-20T14:58:07.000Z</time>
   </trkpt>
   <trkpt lat="-8.071497" lon="-34.876959">
    <ele>9.6</ele>
    <time>2020-09-20T14:58:08.000Z</time>
   </trkpt>
   <trkpt lat="-8.071481" lon="-34.876927">
    <ele>9.6</ele>
    <time>2020-09-20T14:58:09.000Z</time>
   </trkpt>
   <trkpt lat="-8.071454" lon="-34.876899">
    <ele>9.6</ele>
    <time>2020-09-20T14:58:10.000Z</time>
   </trkpt>
   <trkpt lat="-8.07143" lon="-34.876868">
    <ele>9.7</ele>
    <time>2020-09-20T14:58:11.000Z</time>
   </trkpt>
   <trkpt lat="-8.071415" lon="-34.876834">
    <ele>9.7</ele>
    <time>2020-09-20T14:58:12.000Z</time>
   </trkpt>
   <trkpt lat="-8.071398" lon="-34.8768">
    <ele>9.7</ele>
    <time>2020-09-20T14:58:13.000Z</time>
   </trkpt>
   <trkpt lat="-8.071378" lon="-34.876764">
    <ele>9.7</ele>
    <time>2020-09-20T14:58:14.000Z</time>
   </trkpt>
   <trkpt lat="-8.07137" lon="-34.87672">
    <ele>9.8</ele>
    <time>2020-09-20T14:58:15.000Z</time>
   </trkpt>
   <trkpt lat="-8.071354" lon="-34.87668">
    <ele>9.8</ele>
    <time>2020-09-20T14:58:16.000Z</time>
   </trkpt>
   <trkpt lat="-8.071361" lon="-34.876665">
    <ele>9.8</ele>
    <time>2020-09-20T14:58:17.000Z</time>
   </trkpt>
   <trkpt lat="-8.071372" lon="-34.876601">
    <ele>9.8</ele>
    <time>2020-09-20T14:58:19.000Z</time>
   </trkpt>
   <trkpt lat="-8.071371" lon="-34.876566">
    <ele>9.8</ele>
    <time>2020-09-20T14:58:20.000Z</time>
   </trkpt>
   <trkpt lat="-8.071368" lon="-34.876528">
    <ele>9.8</ele>
    <time>2020-09-20T14:58:21.000Z</time>
   </trkpt>
   <trkpt lat="-8.071356" lon="-34.876482">
    <ele>9.8</ele>
    <time>2020-09-20T14:58:22.000Z</time>
   </trkpt>
   <trkpt lat="-8.071344" lon="-34.876437">
    <ele>9.8</ele>
    <time>2020-09-20T14:58:23.000Z</time>
   </trkpt>
   <trkpt lat="-8.071329" lon="-34.876392">
    <ele>9.8</ele>
    <time>2020-09-20T14:58:24.000Z</time>
   </trkpt>
   <trkpt lat="-8.071318" lon="-34.876349">
    <ele>9.8</ele>
    <time>2020-09-20T14:58:25.000Z</time>
   </trkpt>
   <trkpt lat="-8.071294" lon="-34.876304">
    <ele>9.7</ele>
    <time>2020-09-20T14:58:26.000Z</time>
   </trkpt>
   <trkpt lat="-8.071269" lon="-34.87626">
    <ele>9.7</ele>
    <time>2020-09-20T14:58:27.000Z</time>
   </trkpt>
   <trkpt lat="-8.071246" lon="-34.876209">
    <ele>9.6</ele>
    <time>2020-09-20T14:58:28.000Z</time>
   </trkpt>
   <trkpt lat="-8.071204" lon="-34.876162">
    <ele>9.6</ele>
    <time>2020-09-20T14:58:29.000Z</time>
   </trkpt>
   <trkpt lat="-8.071165" lon="-34.876111">
    <ele>9.6</ele>
    <time>2020-09-20T14:58:30.000Z</time>
   </trkpt>
   <trkpt lat="-8.071138" lon="-34.876065">
    <ele>9.5</ele>
    <time>2020-09-20T14:58:31.000Z</time>
   </trkpt>
   <trkpt lat="-8.071098" lon="-34.876008">
    <ele>9.5</ele>
    <time>2020-09-20T14:58:32.000Z</time>
   </trkpt>
   <trkpt lat="-8.071057" lon="-34.875961">
    <ele>9.4</ele>
    <time>2020-09-20T14:58:33.000Z</time>
   </trkpt>
   <trkpt lat="-8.071013" lon="-34.875926">
    <ele>9.4</ele>
    <time>2020-09-20T14:58:34.000Z</time>
   </trkpt>
   <trkpt lat="-8.070969" lon="-34.875884">
    <ele>9.3</ele>
    <time>2020-09-20T14:58:35.000Z</time>
   </trkpt>
   <trkpt lat="-8.070924" lon="-34.875851">
    <ele>9.3</ele>
    <time>2020-09-20T14:58:36.000Z</time>
   </trkpt>
   <trkpt lat="-8.07088" lon="-34.875841">
    <ele>9.3</ele>
    <time>2020-09-20T14:58:37.000Z</time>
   </trkpt>
   <trkpt lat="-8.070839" lon="-34.875825">
    <ele>9.2</ele>
    <time>2020-09-20T14:58:38.000Z</time>
   </trkpt>
   <trkpt lat="-8.0708" lon="-34.875806">
    <ele>9.2</ele>
    <time>2020-09-20T14:58:39.000Z</time>
   </trkpt>
   <trkpt lat="-8.07076" lon="-34.875787">
    <ele>9.2</ele>
    <time>2020-09-20T14:58:40.000Z</time>
   </trkpt>
   <trkpt lat="-8.070716" lon="-34.875775">
    <ele>9.2</ele>
    <time>2020-09-20T14:58:41.000Z</time>
   </trkpt>
   <trkpt lat="-8.070672" lon="-34.875757">
    <ele>9.2</ele>
    <time>2020-09-20T14:58:42.000Z</time>
   </trkpt>
   <trkpt lat="-8.070632" lon="-34.875739">
    <ele>9.2</ele>
    <time>2020-09-20T14:58:43.000Z</time>
   </trkpt>
   <trkpt lat="-8.070587" lon="-34.875726">
    <ele>9.2</ele>
    <time>2020-09-20T14:58:44.000Z</time>
   </trkpt>
   <trkpt lat="-8.070549" lon="-34.875709">
    <ele>9.1</ele>
    <time>2020-09-20T14:58:45.000Z</time>
   </trkpt>
   <trkpt lat="-8.070512" lon="-34.875691">
    <ele>9.1</ele>
    <time>2020-09-20T14:58:46.000Z</time>
   </trkpt>
   <trkpt lat="-8.070479" lon="-34.875669">
    <ele>9.1</ele>
    <time>2020-09-20T14:58:47.000Z</time>
   </trkpt>
   <trkpt lat="-8.07044" lon="-34.875652">
    <ele>9.1</ele>
    <time>2020-09-20T14:58:48.000Z</time>
   </trkpt>
   <trkpt lat="-8.070398" lon="-34.875633">
    <ele>9.1</ele>
    <time>2020-09-20T14:58:49.000Z</time>
   </trkpt>
   <trkpt lat="-8.070357" lon="-34.875613">
    <ele>9</ele>
    <time>2020-09-20T14:58:50.000Z</time>
   </trkpt>
   <trkpt lat="-8.070317" lon="-34.875593">
    <ele>9</ele>
    <time>2020-09-20T14:58:51.000Z</time>
   </trkpt>
   <trkpt lat="-8.070279" lon="-34.875579">
    <ele>9</ele>
    <time>2020-09-20T14:58:52.000Z</time>
   </trkpt>
   <trkpt lat="-8.070244" lon="-34.875574">
    <ele>9</ele>
    <time>2020-09-20T14:58:53.000Z</time>
   </trkpt>
   <trkpt lat="-8.07021" lon="-34.875571">
    <ele>9.1</ele>
    <time>2020-09-20T14:58:54.000Z</time>
   </trkpt>
   <trkpt lat="-8.070176" lon="-34.875565">
    <ele>9.1</ele>
    <time>2020-09-20T14:58:55.000Z</time>
   </trkpt>
   <trkpt lat="-8.070148" lon="-34.875557">
    <ele>9.1</ele>
    <time>2020-09-20T14:58:56.000Z</time>
   </trkpt>
   <trkpt lat="-8.070106" lon="-34.875546">
    <ele>9.1</ele>
    <time>2020-09-20T14:58:57.000Z</time>
   </trkpt>
   <trkpt lat="-8.070066" lon="-34.87553">
    <ele>9.1</ele>
    <time>2020-09-20T14:58:58.000Z</time>
   </trkpt>
   <trkpt lat="-8.070028" lon="-34.875512">
    <ele>9.1</ele>
    <time>2020-09-20T14:58:59.000Z</time>
   </trkpt>
   <trkpt lat="-8.069992" lon="-34.875496">
    <ele>9.1</ele>
    <time>2020-09-20T14:59:00.000Z</time>
   </trkpt>
   <trkpt lat="-8.069957" lon="-34.875478">
    <ele>9.1</ele>
    <time>2020-09-20T14:59:01.000Z</time>
   </trkpt>
   <trkpt lat="-8.069919" lon="-34.875462">
    <ele>9.1</ele>
    <time>2020-09-20T14:59:02.000Z</time>
   </trkpt>
   <trkpt lat="-8.069888" lon="-34.875449">
    <ele>9.1</ele>
    <time>2020-09-20T14:59:03.000Z</time>
   </trkpt>
   <trkpt lat="-8.069855" lon="-34.875431">
    <ele>9.1</ele>
    <time>2020-09-20T14:59:04.000Z</time>
   </trkpt>
   <trkpt lat="-8.06982" lon="-34.875417">
    <ele>9.1</ele>
    <time>2020-09-20T14:59:05.000Z</time>
   </trkpt>
   <trkpt lat="-8.069788" lon="-34.875399">
    <ele>9.1</ele>
    <time>2020-09-20T14:59:06.000Z</time>
   </trkpt>
   <trkpt lat="-8.069765" lon="-34.875377">
    <ele>9.1</ele>
    <time>2020-09-20T14:59:07.000Z</time>
   </trkpt>
   <trkpt lat="-8.06973" lon="-34.875354">
    <ele>9.1</ele>
    <time>2020-09-20T14:59:08.000Z</time>
   </trkpt>
   <trkpt lat="-8.069693" lon="-34.875335">
    <ele>9.1</ele>
    <time>2020-09-20T14:59:09.000Z</time>
   </trkpt>
   <trkpt lat="-8.069653" lon="-34.875319">
    <ele>9.1</ele>
    <time>2020-09-20T14:59:10.000Z</time>
   </trkpt>
   <trkpt lat="-8.069618" lon="-34.875299">
    <ele>9.1</ele>
    <time>2020-09-20T14:59:11.000Z</time>
   </trkpt>
   <trkpt lat="-8.069577" lon="-34.87528">
    <ele>9.2</ele>
    <time>2020-09-20T14:59:12.000Z</time>
   </trkpt>
   <trkpt lat="-8.06954" lon="-34.875261">
    <ele>9.2</ele>
    <time>2020-09-20T14:59:13.000Z</time>
   </trkpt>
   <trkpt lat="-8.069512" lon="-34.875244">
    <ele>9.2</ele>
    <time>2020-09-20T14:59:14.000Z</time>
   </trkpt>
   <trkpt lat="-8.069481" lon="-34.875226">
    <ele>9.2</ele>
    <time>2020-09-20T14:59:15.000Z</time>
   </trkpt>
   <trkpt lat="-8.06945" lon="-34.875213">
    <ele>9.2</ele>
    <time>2020-09-20T14:59:16.000Z</time>
   </trkpt>
   <trkpt lat="-8.069415" lon="-34.8752">
    <ele>9.2</ele>
    <time>2020-09-20T14:59:17.000Z</time>
   </trkpt>
   <trkpt lat="-8.069379" lon="-34.875182">
    <ele>9.2</ele>
    <time>2020-09-20T14:59:18.000Z</time>
   </trkpt>
   <trkpt lat="-8.069341" lon="-34.875169">
    <ele>9.2</ele>
    <time>2020-09-20T14:59:19.000Z</time>
   </trkpt>
   <trkpt lat="-8.069306" lon="-34.87515">
    <ele>9.2</ele>
    <time>2020-09-20T14:59:20.000Z</time>
   </trkpt>
   <trkpt lat="-8.069264" lon="-34.875135">
    <ele>9.2</ele>
    <time>2020-09-20T14:59:21.000Z</time>
   </trkpt>
   <trkpt lat="-8.069232" lon="-34.875127">
    <ele>9.2</ele>
    <time>2020-09-20T14:59:22.000Z</time>
   </trkpt>
   <trkpt lat="-8.069187" lon="-34.875101">
    <ele>9.2</ele>
    <time>2020-09-20T14:59:23.000Z</time>
   </trkpt>
   <trkpt lat="-8.069147" lon="-34.87508">
    <ele>9.2</ele>
    <time>2020-09-20T14:59:24.000Z</time>
   </trkpt>
   <trkpt lat="-8.069105" lon="-34.875067">
    <ele>9.2</ele>
    <time>2020-09-20T14:59:25.000Z</time>
   </trkpt>
   <trkpt lat="-8.069065" lon="-34.875048">
    <ele>9.2</ele>
    <time>2020-09-20T14:59:26.000Z</time>
   </trkpt>
   <trkpt lat="-8.069028" lon="-34.875027">
    <ele>9.3</ele>
    <time>2020-09-20T14:59:27.000Z</time>
   </trkpt>
   <trkpt lat="-8.068989" lon="-34.875015">
    <ele>9.3</ele>
    <time>2020-09-20T14:59:28.000Z</time>
   </trkpt>
   <trkpt lat="-8.068952" lon="-34.875">
    <ele>9.3</ele>
    <time>2020-09-20T14:59:29.000Z</time>
   </trkpt>
   <trkpt lat="-8.068901" lon="-34.874978">
    <ele>9.3</ele>
    <time>2020-09-20T14:59:30.000Z</time>
   </trkpt>
   <trkpt lat="-8.068868" lon="-34.874958">
    <ele>9.3</ele>
    <time>2020-09-20T14:59:31.000Z</time>
   </trkpt>
   <trkpt lat="-8.06883" lon="-34.874934">
    <ele>9.3</ele>
    <time>2020-09-20T14:59:32.000Z</time>
   </trkpt>
   <trkpt lat="-8.068789" lon="-34.874914">
    <ele>9.4</ele>
    <time>2020-09-20T14:59:33.000Z</time>
   </trkpt>
   <trkpt lat="-8.068754" lon="-34.874895">
    <ele>9.4</ele>
    <time>2020-09-20T14:59:34.000Z</time>
   </trkpt>
   <trkpt lat="-8.068725" lon="-34.874881">
    <ele>9.4</ele>
    <time>2020-09-20T14:59:35.000Z</time>
   </trkpt>
   <trkpt lat="-8.068694" lon="-34.874865">
    <ele>9.4</ele>
    <time>2020-09-20T14:59:36.000Z</time>
   </trkpt>
   <trkpt lat="-8.068659" lon="-34.874847">
    <ele>9.4</ele>
    <time>2020-09-20T14:59:37.000Z</time>
   </trkpt>
   <trkpt lat="-8.068621" lon="-34.874829">
    <ele>9.4</ele>
    <time>2020-09-20T14:59:38.000Z</time>
   </trkpt>
   <trkpt lat="-8.068581" lon="-34.874808">
    <ele>9.5</ele>
    <time>2020-09-20T14:59:39.000Z</time>
   </trkpt>
   <trkpt lat="-8.068545" lon="-34.874787">
    <ele>9.5</ele>
    <time>2020-09-20T14:59:40.000Z</time>
   </trkpt>
   <trkpt lat="-8.068506" lon="-34.874766">
    <ele>9.5</ele>
    <time>2020-09-20T14:59:41.000Z</time>
   </trkpt>
   <trkpt lat="-8.06847" lon="-34.87475">
    <ele>9.5</ele>
    <time>2020-09-20T14:59:42.000Z</time>
   </trkpt>
   <trkpt lat="-8.068435" lon="-34.87473">
    <ele>9.5</ele>
    <time>2020-09-20T14:59:43.000Z</time>
   </trkpt>
   <trkpt lat="-8.068394" lon="-34.874712">
    <ele>9.5</ele>
    <time>2020-09-20T14:59:44.000Z</time>
   </trkpt>
   <trkpt lat="-8.068357" lon="-34.874696">
    <ele>9.6</ele>
    <time>2020-09-20T14:59:45.000Z</time>
   </trkpt>
   <trkpt lat="-8.068316" lon="-34.874678">
    <ele>9.6</ele>
    <time>2020-09-20T14:59:46.000Z</time>
   </trkpt>
   <trkpt lat="-8.068268" lon="-34.874652">
    <ele>9.6</ele>
    <time>2020-09-20T14:59:47.000Z</time>
   </trkpt>
   <trkpt lat="-8.068229" lon="-34.874629">
    <ele>9.6</ele>
    <time>2020-09-20T14:59:48.000Z</time>
   </trkpt>
   <trkpt lat="-8.06819" lon="-34.87461">
    <ele>9.6</ele>
    <time>2020-09-20T14:59:49.000Z</time>
   </trkpt>
   <trkpt lat="-8.068152" lon="-34.874589">
    <ele>9.6</ele>
    <time>2020-09-20T14:59:50.000Z</time>
   </trkpt>
   <trkpt lat="-8.068113" lon="-34.874565">
    <ele>9.7</ele>
    <time>2020-09-20T14:59:51.000Z</time>
   </trkpt>
   <trkpt lat="-8.068076" lon="-34.874539">
    <ele>9.7</ele>
    <time>2020-09-20T14:59:52.000Z</time>
   </trkpt>
   <trkpt lat="-8.068039" lon="-34.874517">
    <ele>9.8</ele>
    <time>2020-09-20T14:59:53.000Z</time>
   </trkpt>
   <trkpt lat="-8.068003" lon="-34.874497">
    <ele>9.9</ele>
    <time>2020-09-20T14:59:54.000Z</time>
   </trkpt>
   <trkpt lat="-8.067967" lon="-34.874476">
    <ele>10.1</ele>
    <time>2020-09-20T14:59:55.000Z</time>
   </trkpt>
   <trkpt lat="-8.067942" lon="-34.874453">
    <ele>10.2</ele>
    <time>2020-09-20T14:59:56.000Z</time>
   </trkpt>
   <trkpt lat="-8.067911" lon="-34.87443">
    <ele>10.4</ele>
    <time>2020-09-20T14:59:57.000Z</time>
   </trkpt>
   <trkpt lat="-8.067882" lon="-34.874408">
    <ele>10.5</ele>
    <time>2020-09-20T14:59:58.000Z</time>
   </trkpt>
   <trkpt lat="-8.067857" lon="-34.874388">
    <ele>10.6</ele>
    <time>2020-09-20T14:59:59.000Z</time>
   </trkpt>
   <trkpt lat="-8.067832" lon="-34.874371">
    <ele>10.7</ele>
    <time>2020-09-20T15:00:00.000Z</time>
   </trkpt>
   <trkpt lat="-8.067806" lon="-34.874357">
    <ele>10.8</ele>
    <time>2020-09-20T15:00:01.000Z</time>
   </trkpt>
   <trkpt lat="-8.067777" lon="-34.874342">
    <ele>10.9</ele>
    <time>2020-09-20T15:00:02.000Z</time>
   </trkpt>
   <trkpt lat="-8.067746" lon="-34.874323">
    <ele>11</ele>
    <time>2020-09-20T15:00:03.000Z</time>
   </trkpt>
   <trkpt lat="-8.067713" lon="-34.874305">
    <ele>11.1</ele>
    <time>2020-09-20T15:00:04.000Z</time>
   </trkpt>
   <trkpt lat="-8.067679" lon="-34.874282">
    <ele>11.2</ele>
    <time>2020-09-20T15:00:05.000Z</time>
   </trkpt>
   <trkpt lat="-8.067642" lon="-34.874257">
    <ele>11.4</ele>
    <time>2020-09-20T15:00:06.000Z</time>
   </trkpt>
   <trkpt lat="-8.067607" lon="-34.874229">
    <ele>11.5</ele>
    <time>2020-09-20T15:00:07.000Z</time>
   </trkpt>
   <trkpt lat="-8.06757" lon="-34.874194">
    <ele>11.6</ele>
    <time>2020-09-20T15:00:08.000Z</time>
   </trkpt>
   <trkpt lat="-8.067532" lon="-34.874159">
    <ele>11.8</ele>
    <time>2020-09-20T15:00:09.000Z</time>
   </trkpt>
   <trkpt lat="-8.067489" lon="-34.874136">
    <ele>11.9</ele>
    <time>2020-09-20T15:00:10.000Z</time>
   </trkpt>
   <trkpt lat="-8.067442" lon="-34.874115">
    <ele>11.9</ele>
    <time>2020-09-20T15:00:11.000Z</time>
   </trkpt>
   <trkpt lat="-8.067406" lon="-34.87409">
    <ele>12</ele>
    <time>2020-09-20T15:00:12.000Z</time>
   </trkpt>
   <trkpt lat="-8.067368" lon="-34.874064">
    <ele>12</ele>
    <time>2020-09-20T15:00:13.000Z</time>
   </trkpt>
   <trkpt lat="-8.067338" lon="-34.874035">
    <ele>12.1</ele>
    <time>2020-09-20T15:00:14.000Z</time>
   </trkpt>
   <trkpt lat="-8.067311" lon="-34.874007">
    <ele>12.1</ele>
    <time>2020-09-20T15:00:15.000Z</time>
   </trkpt>
   <trkpt lat="-8.067285" lon="-34.873976">
    <ele>12.1</ele>
    <time>2020-09-20T15:00:16.000Z</time>
   </trkpt>
   <trkpt lat="-8.06725" lon="-34.873945">
    <ele>12</ele>
    <time>2020-09-20T15:00:17.000Z</time>
   </trkpt>
   <trkpt lat="-8.067214" lon="-34.873907">
    <ele>11.9</ele>
    <time>2020-09-20T15:00:18.000Z</time>
   </trkpt>
   <trkpt lat="-8.067173" lon="-34.873871">
    <ele>11.8</ele>
    <time>2020-09-20T15:00:19.000Z</time>
   </trkpt>
   <trkpt lat="-8.067135" lon="-34.873837">
    <ele>11.7</ele>
    <time>2020-09-20T15:00:20.000Z</time>
   </trkpt>
   <trkpt lat="-8.067099" lon="-34.873805">
    <ele>11.6</ele>
    <time>2020-09-20T15:00:21.000Z</time>
   </trkpt>
   <trkpt lat="-8.067054" lon="-34.873775">
    <ele>11.4</ele>
    <time>2020-09-20T15:00:22.000Z</time>
   </trkpt>
   <trkpt lat="-8.067017" lon="-34.873749">
    <ele>11.3</ele>
    <time>2020-09-20T15:00:23.000Z</time>
   </trkpt>
   <trkpt lat="-8.066977" lon="-34.873725">
    <ele>11.2</ele>
    <time>2020-09-20T15:00:24.000Z</time>
   </trkpt>
   <trkpt lat="-8.066935" lon="-34.873699">
    <ele>11</ele>
    <time>2020-09-20T15:00:25.000Z</time>
   </trkpt>
   <trkpt lat="-8.066899" lon="-34.873672">
    <ele>10.9</ele>
    <time>2020-09-20T15:00:26.000Z</time>
   </trkpt>
   <trkpt lat="-8.06687" lon="-34.873648">
    <ele>10.8</ele>
    <time>2020-09-20T15:00:27.000Z</time>
   </trkpt>
   <trkpt lat="-8.066838" lon="-34.873618">
    <ele>10.7</ele>
    <time>2020-09-20T15:00:28.000Z</time>
   </trkpt>
   <trkpt lat="-8.066804" lon="-34.873589">
    <ele>10.6</ele>
    <time>2020-09-20T15:00:29.000Z</time>
   </trkpt>
   <trkpt lat="-8.066769" lon="-34.87356">
    <ele>10.4</ele>
    <time>2020-09-20T15:00:30.000Z</time>
   </trkpt>
   <trkpt lat="-8.066736" lon="-34.873526">
    <ele>10.3</ele>
    <time>2020-09-20T15:00:31.000Z</time>
   </trkpt>
   <trkpt lat="-8.0667" lon="-34.873497">
    <ele>10.2</ele>
    <time>2020-09-20T15:00:32.000Z</time>
   </trkpt>
   <trkpt lat="-8.06666" lon="-34.873467">
    <ele>10</ele>
    <time>2020-09-20T15:00:33.000Z</time>
   </trkpt>
   <trkpt lat="-8.066622" lon="-34.87344">
    <ele>9.9</ele>
    <time>2020-09-20T15:00:34.000Z</time>
   </trkpt>
   <trkpt lat="-8.066579" lon="-34.873409">
    <ele>9.8</ele>
    <time>2020-09-20T15:00:35.000Z</time>
   </trkpt>
   <trkpt lat="-8.066545" lon="-34.873376">
    <ele>9.7</ele>
    <time>2020-09-20T15:00:36.000Z</time>
   </trkpt>
   <trkpt lat="-8.066507" lon="-34.873346">
    <ele>9.6</ele>
    <time>2020-09-20T15:00:37.000Z</time>
   </trkpt>
   <trkpt lat="-8.066469" lon="-34.873311">
    <ele>9.5</ele>
    <time>2020-09-20T15:00:38.000Z</time>
   </trkpt>
   <trkpt lat="-8.066438" lon="-34.873274">
    <ele>9.3</ele>
    <time>2020-09-20T15:00:39.000Z</time>
   </trkpt>
   <trkpt lat="-8.066402" lon="-34.873241">
    <ele>9.2</ele>
    <time>2020-09-20T15:00:40.000Z</time>
   </trkpt>
   <trkpt lat="-8.066359" lon="-34.873214">
    <ele>9.2</ele>
    <time>2020-09-20T15:00:41.000Z</time>
   </trkpt>
   <trkpt lat="-8.066316" lon="-34.873186">
    <ele>9.1</ele>
    <time>2020-09-20T15:00:42.000Z</time>
   </trkpt>
   <trkpt lat="-8.066276" lon="-34.873159">
    <ele>9.1</ele>
    <time>2020-09-20T15:00:43.000Z</time>
   </trkpt>
   <trkpt lat="-8.06624" lon="-34.873129">
    <ele>9</ele>
    <time>2020-09-20T15:00:44.000Z</time>
   </trkpt>
   <trkpt lat="-8.066207" lon="-34.873099">
    <ele>9</ele>
    <time>2020-09-20T15:00:45.000Z</time>
   </trkpt>
   <trkpt lat="-8.066173" lon="-34.873077">
    <ele>9</ele>
    <time>2020-09-20T15:00:46.000Z</time>
   </trkpt>
   <trkpt lat="-8.066135" lon="-34.873056">
    <ele>9</ele>
    <time>2020-09-20T15:00:47.000Z</time>
   </trkpt>
   <trkpt lat="-8.066102" lon="-34.873032">
    <ele>9</ele>
    <time>2020-09-20T15:00:48.000Z</time>
   </trkpt>
   <trkpt lat="-8.066073" lon="-34.873006">
    <ele>9</ele>
    <time>2020-09-20T15:00:49.000Z</time>
   </trkpt>
   <trkpt lat="-8.066047" lon="-34.872975">
    <ele>9</ele>
    <time>2020-09-20T15:00:50.000Z</time>
   </trkpt>
   <trkpt lat="-8.066021" lon="-34.872947">
    <ele>9</ele>
    <time>2020-09-20T15:00:51.000Z</time>
   </trkpt>
   <trkpt lat="-8.065995" lon="-34.872921">
    <ele>9.1</ele>
    <time>2020-09-20T15:00:52.000Z</time>
   </trkpt>
   <trkpt lat="-8.065965" lon="-34.8729">
    <ele>9.1</ele>
    <time>2020-09-20T15:00:53.000Z</time>
   </trkpt>
   <trkpt lat="-8.065935" lon="-34.872879">
    <ele>9.1</ele>
    <time>2020-09-20T15:00:54.000Z</time>
   </trkpt>
   <trkpt lat="-8.065906" lon="-34.872858">
    <ele>9.1</ele>
    <time>2020-09-20T15:00:55.000Z</time>
   </trkpt>
   <trkpt lat="-8.065877" lon="-34.872833">
    <ele>9.1</ele>
    <time>2020-09-20T15:00:56.000Z</time>
   </trkpt>
   <trkpt lat="-8.065843" lon="-34.872809">
    <ele>9.1</ele>
    <time>2020-09-20T15:00:57.000Z</time>
   </trkpt>
   <trkpt lat="-8.065809" lon="-34.872783">
    <ele>9.1</ele>
    <time>2020-09-20T15:00:58.000Z</time>
   </trkpt>
   <trkpt lat="-8.065781" lon="-34.87276">
    <ele>9.1</ele>
    <time>2020-09-20T15:00:59.000Z</time>
   </trkpt>
   <trkpt lat="-8.065753" lon="-34.872737">
    <ele>9.1</ele>
    <time>2020-09-20T15:01:00.000Z</time>
   </trkpt>
   <trkpt lat="-8.065721" lon="-34.872716">
    <ele>9.1</ele>
    <time>2020-09-20T15:01:01.000Z</time>
   </trkpt>
   <trkpt lat="-8.065689" lon="-34.872694">
    <ele>9.2</ele>
    <time>2020-09-20T15:01:02.000Z</time>
   </trkpt>
   <trkpt lat="-8.06566" lon="-34.872673">
    <ele>9.2</ele>
    <time>2020-09-20T15:01:03.000Z</time>
   </trkpt>
   <trkpt lat="-8.06563" lon="-34.872654">
    <ele>9.2</ele>
    <time>2020-09-20T15:01:04.000Z</time>
   </trkpt>
   <trkpt lat="-8.065596" lon="-34.87264">
    <ele>9.2</ele>
    <time>2020-09-20T15:01:05.000Z</time>
   </trkpt>
   <trkpt lat="-8.065565" lon="-34.872618">
    <ele>9.2</ele>
    <time>2020-09-20T15:01:06.000Z</time>
   </trkpt>
   <trkpt lat="-8.065531" lon="-34.872594">
    <ele>9.2</ele>
    <time>2020-09-20T15:01:07.000Z</time>
   </trkpt>
   <trkpt lat="-8.065498" lon="-34.872571">
    <ele>9.2</ele>
    <time>2020-09-20T15:01:08.000Z</time>
   </trkpt>
   <trkpt lat="-8.065468" lon="-34.872554">
    <ele>9.2</ele>
    <time>2020-09-20T15:01:09.000Z</time>
   </trkpt>
   <trkpt lat="-8.065433" lon="-34.872538">
    <ele>9.2</ele>
    <time>2020-09-20T15:01:10.000Z</time>
   </trkpt>
   <trkpt lat="-8.065401" lon="-34.872528">
    <ele>9.3</ele>
    <time>2020-09-20T15:01:11.000Z</time>
   </trkpt>
   <trkpt lat="-8.065368" lon="-34.872519">
    <ele>9.3</ele>
    <time>2020-09-20T15:01:12.000Z</time>
   </trkpt>
   <trkpt lat="-8.065338" lon="-34.872501">
    <ele>9.3</ele>
    <time>2020-09-20T15:01:13.000Z</time>
   </trkpt>
   <trkpt lat="-8.065309" lon="-34.872489">
    <ele>9.3</ele>
    <time>2020-09-20T15:01:14.000Z</time>
   </trkpt>
   <trkpt lat="-8.065279" lon="-34.872476">
    <ele>9.3</ele>
    <time>2020-09-20T15:01:15.000Z</time>
   </trkpt>
   <trkpt lat="-8.065258" lon="-34.87246">
    <ele>9.3</ele>
    <time>2020-09-20T15:01:16.000Z</time>
   </trkpt>
   <trkpt lat="-8.065205" lon="-34.872423">
    <ele>9.3</ele>
    <time>2020-09-20T15:01:18.000Z</time>
   </trkpt>
   <trkpt lat="-8.065179" lon="-34.872408">
    <ele>9.3</ele>
    <time>2020-09-20T15:01:19.000Z</time>
   </trkpt>
   <trkpt lat="-8.06516" lon="-34.872387">
    <ele>9.4</ele>
    <time>2020-09-20T15:01:20.000Z</time>
   </trkpt>
   <trkpt lat="-8.065133" lon="-34.872363">
    <ele>9.4</ele>
    <time>2020-09-20T15:01:21.000Z</time>
   </trkpt>
   <trkpt lat="-8.0651" lon="-34.87235">
    <ele>9.4</ele>
    <time>2020-09-20T15:01:22.000Z</time>
   </trkpt>
   <trkpt lat="-8.065073" lon="-34.872336">
    <ele>9.4</ele>
    <time>2020-09-20T15:01:23.000Z</time>
   </trkpt>
   <trkpt lat="-8.065046" lon="-34.872318">
    <ele>9.4</ele>
    <time>2020-09-20T15:01:24.000Z</time>
   </trkpt>
   <trkpt lat="-8.065022" lon="-34.872303">
    <ele>9.4</ele>
    <time>2020-09-20T15:01:25.000Z</time>
   </trkpt>
   <trkpt lat="-8.064998" lon="-34.87229">
    <ele>9.4</ele>
    <time>2020-09-20T15:01:26.000Z</time>
   </trkpt>
   <trkpt lat="-8.064969" lon="-34.872273">
    <ele>9.4</ele>
    <time>2020-09-20T15:01:27.000Z</time>
   </trkpt>
   <trkpt lat="-8.064935" lon="-34.872259">
    <ele>9.4</ele>
    <time>2020-09-20T15:01:28.000Z</time>
   </trkpt>
   <trkpt lat="-8.064902" lon="-34.872243">
    <ele>9.4</ele>
    <time>2020-09-20T15:01:29.000Z</time>
   </trkpt>
   <trkpt lat="-8.064864" lon="-34.872228">
    <ele>9.4</ele>
    <time>2020-09-20T15:01:30.000Z</time>
   </trkpt>
   <trkpt lat="-8.06483" lon="-34.872218">
    <ele>9.4</ele>
    <time>2020-09-20T15:01:31.000Z</time>
   </trkpt>
   <trkpt lat="-8.064792" lon="-34.872199">
    <ele>9.4</ele>
    <time>2020-09-20T15:01:32.000Z</time>
   </trkpt>
   <trkpt lat="-8.064758" lon="-34.872183">
    <ele>9.5</ele>
    <time>2020-09-20T15:01:33.000Z</time>
   </trkpt>
   <trkpt lat="-8.064737" lon="-34.872169">
    <ele>9.5</ele>
    <time>2020-09-20T15:01:34.000Z</time>
   </trkpt>
   <trkpt lat="-8.064681" lon="-34.872134">
    <ele>9.5</ele>
    <time>2020-09-20T15:01:36.000Z</time>
   </trkpt>
   <trkpt lat="-8.064653" lon="-34.872115">
    <ele>9.5</ele>
    <time>2020-09-20T15:01:37.000Z</time>
   </trkpt>
   <trkpt lat="-8.064616" lon="-34.872094">
    <ele>9.5</ele>
    <time>2020-09-20T15:01:38.000Z</time>
   </trkpt>
   <trkpt lat="-8.06458" lon="-34.872072">
    <ele>9.5</ele>
    <time>2020-09-20T15:01:39.000Z</time>
   </trkpt>
   <trkpt lat="-8.064542" lon="-34.872053">
    <ele>9.5</ele>
    <time>2020-09-20T15:01:40.000Z</time>
   </trkpt>
   <trkpt lat="-8.064506" lon="-34.872035">
    <ele>9.6</ele>
    <time>2020-09-20T15:01:41.000Z</time>
   </trkpt>
   <trkpt lat="-8.06447" lon="-34.87202">
    <ele>9.6</ele>
    <time>2020-09-20T15:01:42.000Z</time>
   </trkpt>
   <trkpt lat="-8.064434" lon="-34.872005">
    <ele>9.6</ele>
    <time>2020-09-20T15:01:43.000Z</time>
   </trkpt>
   <trkpt lat="-8.064402" lon="-34.871989">
    <ele>9.5</ele>
    <time>2020-09-20T15:01:44.000Z</time>
   </trkpt>
   <trkpt lat="-8.064373" lon="-34.871958">
    <ele>9.5</ele>
    <time>2020-09-20T15:01:45.000Z</time>
   </trkpt>
   <trkpt lat="-8.064338" lon="-34.871936">
    <ele>9.5</ele>
    <time>2020-09-20T15:01:46.000Z</time>
   </trkpt>
   <trkpt lat="-8.064303" lon="-34.871919">
    <ele>9.5</ele>
    <time>2020-09-20T15:01:47.000Z</time>
   </trkpt>
   <trkpt lat="-8.064268" lon="-34.8719">
    <ele>9.5</ele>
    <time>2020-09-20T15:01:48.000Z</time>
   </trkpt>
   <trkpt lat="-8.064231" lon="-34.871887">
    <ele>9.5</ele>
    <time>2020-09-20T15:01:49.000Z</time>
   </trkpt>
   <trkpt lat="-8.064191" lon="-34.871871">
    <ele>9.5</ele>
    <time>2020-09-20T15:01:50.000Z</time>
   </trkpt>
   <trkpt lat="-8.064158" lon="-34.871864">
    <ele>9.5</ele>
    <time>2020-09-20T15:01:51.000Z</time>
   </trkpt>
   <trkpt lat="-8.064129" lon="-34.871852">
    <ele>9.5</ele>
    <time>2020-09-20T15:01:52.000Z</time>
   </trkpt>
   <trkpt lat="-8.064096" lon="-34.871836">
    <ele>9.5</ele>
    <time>2020-09-20T15:01:53.000Z</time>
   </trkpt>
   <trkpt lat="-8.064063" lon="-34.871819">
    <ele>9.5</ele>
    <time>2020-09-20T15:01:54.000Z</time>
   </trkpt>
   <trkpt lat="-8.064024" lon="-34.871801">
    <ele>9.4</ele>
    <time>2020-09-20T15:01:55.000Z</time>
   </trkpt>
   <trkpt lat="-8.06399" lon="-34.871779">
    <ele>9.4</ele>
    <time>2020-09-20T15:01:56.000Z</time>
   </trkpt>
   <trkpt lat="-8.063957" lon="-34.871763">
    <ele>9.4</ele>
    <time>2020-09-20T15:01:57.000Z</time>
   </trkpt>
   <trkpt lat="-8.063925" lon="-34.871741">
    <ele>9.4</ele>
    <time>2020-09-20T15:01:58.000Z</time>
   </trkpt>
   <trkpt lat="-8.063887" lon="-34.871728">
    <ele>9.4</ele>
    <time>2020-09-20T15:01:59.000Z</time>
   </trkpt>
   <trkpt lat="-8.063851" lon="-34.871713">
    <ele>9.4</ele>
    <time>2020-09-20T15:02:00.000Z</time>
   </trkpt>
   <trkpt lat="-8.06381" lon="-34.8717">
    <ele>9.4</ele>
    <time>2020-09-20T15:02:01.000Z</time>
   </trkpt>
   <trkpt lat="-8.063774" lon="-34.871691">
    <ele>9.4</ele>
    <time>2020-09-20T15:02:02.000Z</time>
   </trkpt>
   <trkpt lat="-8.063738" lon="-34.871669">
    <ele>9.4</ele>
    <time>2020-09-20T15:02:03.000Z</time>
   </trkpt>
   <trkpt lat="-8.063704" lon="-34.871638">
    <ele>9.4</ele>
    <time>2020-09-20T15:02:04.000Z</time>
   </trkpt>
   <trkpt lat="-8.063674" lon="-34.871621">
    <ele>9.4</ele>
    <time>2020-09-20T15:02:05.000Z</time>
   </trkpt>
   <trkpt lat="-8.063642" lon="-34.871601">
    <ele>9.4</ele>
    <time>2020-09-20T15:02:06.000Z</time>
   </trkpt>
   <trkpt lat="-8.063611" lon="-34.871583">
    <ele>9.4</ele>
    <time>2020-09-20T15:02:07.000Z</time>
   </trkpt>
   <trkpt lat="-8.063581" lon="-34.871569">
    <ele>9.5</ele>
    <time>2020-09-20T15:02:08.000Z</time>
   </trkpt>
   <trkpt lat="-8.063554" lon="-34.871543">
    <ele>9.5</ele>
    <time>2020-09-20T15:02:09.000Z</time>
   </trkpt>
   <trkpt lat="-8.063526" lon="-34.871527">
    <ele>9.5</ele>
    <time>2020-09-20T15:02:10.000Z</time>
   </trkpt>
   <trkpt lat="-8.063493" lon="-34.871511">
    <ele>9.6</ele>
    <time>2020-09-20T15:02:11.000Z</time>
   </trkpt>
   <trkpt lat="-8.063456" lon="-34.871497">
    <ele>9.6</ele>
    <time>2020-09-20T15:02:12.000Z</time>
   </trkpt>
   <trkpt lat="-8.063423" lon="-34.871482">
    <ele>9.6</ele>
    <time>2020-09-20T15:02:13.000Z</time>
   </trkpt>
   <trkpt lat="-8.063389" lon="-34.871464">
    <ele>9.7</ele>
    <time>2020-09-20T15:02:14.000Z</time>
   </trkpt>
   <trkpt lat="-8.063358" lon="-34.871456">
    <ele>9.7</ele>
    <time>2020-09-20T15:02:15.000Z</time>
   </trkpt>
   <trkpt lat="-8.063332" lon="-34.871453">
    <ele>9.7</ele>
    <time>2020-09-20T15:02:16.000Z</time>
   </trkpt>
   <trkpt lat="-8.063281" lon="-34.871472">
    <ele>9.8</ele>
    <time>2020-09-20T15:02:18.000Z</time>
   </trkpt>
   <trkpt lat="-8.063252" lon="-34.871484">
    <ele>9.8</ele>
    <time>2020-09-20T15:02:19.000Z</time>
   </trkpt>
   <trkpt lat="-8.063231" lon="-34.871507">
    <ele>9.8</ele>
    <time>2020-09-20T15:02:20.000Z</time>
   </trkpt>
   <trkpt lat="-8.063229" lon="-34.871542">
    <ele>9.8</ele>
    <time>2020-09-20T15:02:21.000Z</time>
   </trkpt>
   <trkpt lat="-8.06323" lon="-34.871574">
    <ele>9.8</ele>
    <time>2020-09-20T15:02:22.000Z</time>
   </trkpt>
   <trkpt lat="-8.063233" lon="-34.871608">
    <ele>9.8</ele>
    <time>2020-09-20T15:02:23.000Z</time>
   </trkpt>
   <trkpt lat="-8.063239" lon="-34.871639">
    <ele>9.8</ele>
    <time>2020-09-20T15:02:24.000Z</time>
   </trkpt>
   <trkpt lat="-8.063261" lon="-34.871689">
    <ele>9.8</ele>
    <time>2020-09-20T15:02:25.000Z</time>
   </trkpt>
   <trkpt lat="-8.063279" lon="-34.871738">
    <ele>9.9</ele>
    <time>2020-09-20T15:02:26.000Z</time>
   </trkpt>
   <trkpt lat="-8.063289" lon="-34.871768">
    <ele>9.9</ele>
    <time>2020-09-20T15:02:27.000Z</time>
   </trkpt>
   <trkpt lat="-8.063305" lon="-34.871798">
    <ele>9.9</ele>
    <time>2020-09-20T15:02:28.000Z</time>
   </trkpt>
   <trkpt lat="-8.063317" lon="-34.871818">
    <ele>9.9</ele>
    <time>2020-09-20T15:02:29.000Z</time>
   </trkpt>
   <trkpt lat="-8.063337" lon="-34.871878">
    <ele>9.9</ele>
    <time>2020-09-20T15:02:31.000Z</time>
   </trkpt>
   <trkpt lat="-8.063345" lon="-34.871886">
    <ele>9.9</ele>
    <time>2020-09-20T15:02:32.000Z</time>
   </trkpt>
   <trkpt lat="-8.063372" lon="-34.871918">
    <ele>10</ele>
    <time>2020-09-20T15:02:35.000Z</time>
   </trkpt>
   <trkpt lat="-8.063378" lon="-34.871963">
    <ele>10</ele>
    <time>2020-09-20T15:02:37.000Z</time>
   </trkpt>
   <trkpt lat="-8.06339" lon="-34.872003">
    <ele>10</ele>
    <time>2020-09-20T15:02:39.000Z</time>
   </trkpt>
   <trkpt lat="-8.063389" lon="-34.872032">
    <ele>10</ele>
    <time>2020-09-20T15:02:40.000Z</time>
   </trkpt>
   <trkpt lat="-8.063398" lon="-34.872059">
    <ele>10</ele>
    <time>2020-09-20T15:02:41.000Z</time>
   </trkpt>
   <trkpt lat="-8.06341" lon="-34.872095">
    <ele>10.1</ele>
    <time>2020-09-20T15:02:42.000Z</time>
   </trkpt>
   <trkpt lat="-8.063427" lon="-34.872133">
    <ele>10.1</ele>
    <time>2020-09-20T15:02:43.000Z</time>
   </trkpt>
   <trkpt lat="-8.063445" lon="-34.872162">
    <ele>10.1</ele>
    <time>2020-09-20T15:02:44.000Z</time>
   </trkpt>
   <trkpt lat="-8.06346" lon="-34.872197">
    <ele>10.1</ele>
    <time>2020-09-20T15:02:45.000Z</time>
   </trkpt>
   <trkpt lat="-8.063458" lon="-34.872231">
    <ele>10.1</ele>
    <time>2020-09-20T15:02:46.000Z</time>
   </trkpt>
   <trkpt lat="-8.063458" lon="-34.872267">
    <ele>10.2</ele>
    <time>2020-09-20T15:02:47.000Z</time>
   </trkpt>
   <trkpt lat="-8.06346" lon="-34.872305">
    <ele>10.2</ele>
    <time>2020-09-20T15:02:48.000Z</time>
   </trkpt>
   <trkpt lat="-8.063468" lon="-34.872336">
    <ele>10.2</ele>
    <time>2020-09-20T15:02:49.000Z</time>
   </trkpt>
   <trkpt lat="-8.063489" lon="-34.872371">
    <ele>10.2</ele>
    <time>2020-09-20T15:02:50.000Z</time>
   </trkpt>
   <trkpt lat="-8.063508" lon="-34.872403">
    <ele>10.2</ele>
    <time>2020-09-20T15:02:51.000Z</time>
   </trkpt>
   <trkpt lat="-8.063528" lon="-34.87243">
    <ele>10.2</ele>
    <time>2020-09-20T15:02:52.000Z</time>
   </trkpt>
   <trkpt lat="-8.06355" lon="-34.872469">
    <ele>10.2</ele>
    <time>2020-09-20T15:02:53.000Z</time>
   </trkpt>
   <trkpt lat="-8.06357" lon="-34.872513">
    <ele>10.2</ele>
    <time>2020-09-20T15:02:54.000Z</time>
   </trkpt>
   <trkpt lat="-8.063593" lon="-34.872557">
    <ele>10.1</ele>
    <time>2020-09-20T15:02:55.000Z</time>
   </trkpt>
   <trkpt lat="-8.063615" lon="-34.87259">
    <ele>10.1</ele>
    <time>2020-09-20T15:02:56.000Z</time>
   </trkpt>
   <trkpt lat="-8.063629" lon="-34.872627">
    <ele>10.1</ele>
    <time>2020-09-20T15:02:57.000Z</time>
   </trkpt>
   <trkpt lat="-8.063644" lon="-34.872664">
    <ele>10.1</ele>
    <time>2020-09-20T15:02:58.000Z</time>
   </trkpt>
   <trkpt lat="-8.063657" lon="-34.872699">
    <ele>10</ele>
    <time>2020-09-20T15:02:59.000Z</time>
   </trkpt>
   <trkpt lat="-8.063667" lon="-34.872751">
    <ele>10</ele>
    <time>2020-09-20T15:03:00.000Z</time>
   </trkpt>
   <trkpt lat="-8.063681" lon="-34.872788">
    <ele>10</ele>
    <time>2020-09-20T15:03:01.000Z</time>
   </trkpt>
   <trkpt lat="-8.06369" lon="-34.872822">
    <ele>10</ele>
    <time>2020-09-20T15:03:02.000Z</time>
   </trkpt>
   <trkpt lat="-8.063695" lon="-34.872854">
    <ele>9.9</ele>
    <time>2020-09-20T15:03:03.000Z</time>
   </trkpt>
   <trkpt lat="-8.063695" lon="-34.872886">
    <ele>9.9</ele>
    <time>2020-09-20T15:03:04.000Z</time>
   </trkpt>
   <trkpt lat="-8.063655" lon="-34.872925">
    <ele>9.9</ele>
    <time>2020-09-20T15:03:05.000Z</time>
   </trkpt>
   <trkpt lat="-8.063655" lon="-34.872972">
    <ele>9.9</ele>
    <time>2020-09-20T15:03:06.000Z</time>
   </trkpt>
   <trkpt lat="-8.063673" lon="-34.873021">
    <ele>9.9</ele>
    <time>2020-09-20T15:03:07.000Z</time>
   </trkpt>
   <trkpt lat="-8.063666" lon="-34.873084">
    <ele>9.8</ele>
    <time>2020-09-20T15:03:08.000Z</time>
   </trkpt>
   <trkpt lat="-8.063673" lon="-34.873143">
    <ele>9.8</ele>
    <time>2020-09-20T15:03:09.000Z</time>
   </trkpt>
   <trkpt lat="-8.063683" lon="-34.873187">
    <ele>9.8</ele>
    <time>2020-09-20T15:03:10.000Z</time>
   </trkpt>
   <trkpt lat="-8.06369" lon="-34.873223">
    <ele>9.8</ele>
    <time>2020-09-20T15:03:11.000Z</time>
   </trkpt>
   <trkpt lat="-8.063704" lon="-34.873272">
    <ele>9.8</ele>
    <time>2020-09-20T15:03:12.000Z</time>
   </trkpt>
   <trkpt lat="-8.063715" lon="-34.87331">
    <ele>9.8</ele>
    <time>2020-09-20T15:03:13.000Z</time>
   </trkpt>
   <trkpt lat="-8.063719" lon="-34.873338">
    <ele>9.8</ele>
    <time>2020-09-20T15:03:14.000Z</time>
   </trkpt>
   <trkpt lat="-8.063726" lon="-34.873374">
    <ele>9.8</ele>
    <time>2020-09-20T15:03:15.000Z</time>
   </trkpt>
   <trkpt lat="-8.063725" lon="-34.873406">
    <ele>9.7</ele>
    <time>2020-09-20T15:03:16.000Z</time>
   </trkpt>
   <trkpt lat="-8.063722" lon="-34.873455">
    <ele>9.7</ele>
    <time>2020-09-20T15:03:17.000Z</time>
   </trkpt>
   <trkpt lat="-8.063722" lon="-34.8735">
    <ele>9.7</ele>
    <time>2020-09-20T15:03:18.000Z</time>
   </trkpt>
   <trkpt lat="-8.063704" lon="-34.873549">
    <ele>9.7</ele>
    <time>2020-09-20T15:03:19.000Z</time>
   </trkpt>
   <trkpt lat="-8.063684" lon="-34.873596">
    <ele>9.7</ele>
    <time>2020-09-20T15:03:20.000Z</time>
   </trkpt>
   <trkpt lat="-8.063682" lon="-34.873638">
    <ele>9.7</ele>
    <time>2020-09-20T15:03:21.000Z</time>
   </trkpt>
   <trkpt lat="-8.06369" lon="-34.87369">
    <ele>9.7</ele>
    <time>2020-09-20T15:03:22.000Z</time>
   </trkpt>
   <trkpt lat="-8.063695" lon="-34.873739">
    <ele>9.7</ele>
    <time>2020-09-20T15:03:23.000Z</time>
   </trkpt>
   <trkpt lat="-8.063701" lon="-34.873806">
    <ele>9.7</ele>
    <time>2020-09-20T15:03:24.000Z</time>
   </trkpt>
   <trkpt lat="-8.063707" lon="-34.873856">
    <ele>9.6</ele>
    <time>2020-09-20T15:03:25.000Z</time>
   </trkpt>
   <trkpt lat="-8.063709" lon="-34.873904">
    <ele>9.6</ele>
    <time>2020-09-20T15:03:26.000Z</time>
   </trkpt>
   <trkpt lat="-8.063718" lon="-34.873946">
    <ele>9.6</ele>
    <time>2020-09-20T15:03:27.000Z</time>
   </trkpt>
   <trkpt lat="-8.06373" lon="-34.873984">
    <ele>9.6</ele>
    <time>2020-09-20T15:03:28.000Z</time>
   </trkpt>
   <trkpt lat="-8.063746" lon="-34.874029">
    <ele>9.7</ele>
    <time>2020-09-20T15:03:29.000Z</time>
   </trkpt>
   <trkpt lat="-8.063766" lon="-34.874075">
    <ele>9.7</ele>
    <time>2020-09-20T15:03:30.000Z</time>
   </trkpt>
   <trkpt lat="-8.06378" lon="-34.874121">
    <ele>9.7</ele>
    <time>2020-09-20T15:03:31.000Z</time>
   </trkpt>
   <trkpt lat="-8.063795" lon="-34.87414">
    <ele>9.7</ele>
    <time>2020-09-20T15:03:32.000Z</time>
   </trkpt>
   <trkpt lat="-8.063814" lon="-34.874215">
    <ele>9.8</ele>
    <time>2020-09-20T15:03:34.000Z</time>
   </trkpt>
   <trkpt lat="-8.063845" lon="-34.874243">
    <ele>9.8</ele>
    <time>2020-09-20T15:03:35.000Z</time>
   </trkpt>
   <trkpt lat="-8.06387" lon="-34.874278">
    <ele>9.8</ele>
    <time>2020-09-20T15:03:36.000Z</time>
   </trkpt>
   <trkpt lat="-8.063891" lon="-34.874312">
    <ele>9.8</ele>
    <time>2020-09-20T15:03:37.000Z</time>
   </trkpt>
   <trkpt lat="-8.063892" lon="-34.87436">
    <ele>9.9</ele>
    <time>2020-09-20T15:03:38.000Z</time>
   </trkpt>
   <trkpt lat="-8.063903" lon="-34.8744">
    <ele>9.9</ele>
    <time>2020-09-20T15:03:39.000Z</time>
   </trkpt>
   <trkpt lat="-8.06392" lon="-34.874435">
    <ele>10.1</ele>
    <time>2020-09-20T15:03:40.000Z</time>
   </trkpt>
   <trkpt lat="-8.063919" lon="-34.874469">
    <ele>10.3</ele>
    <time>2020-09-20T15:03:41.000Z</time>
   </trkpt>
   <trkpt lat="-8.063925" lon="-34.87451">
    <ele>10.4</ele>
    <time>2020-09-20T15:03:42.000Z</time>
   </trkpt>
   <trkpt lat="-8.063922" lon="-34.874556">
    <ele>10.5</ele>
    <time>2020-09-20T15:03:43.000Z</time>
   </trkpt>
   <trkpt lat="-8.063932" lon="-34.874603">
    <ele>10.6</ele>
    <time>2020-09-20T15:03:44.000Z</time>
   </trkpt>
   <trkpt lat="-8.063939" lon="-34.874644">
    <ele>10.8</ele>
    <time>2020-09-20T15:03:45.000Z</time>
   </trkpt>
   <trkpt lat="-8.063943" lon="-34.874682">
    <ele>10.9</ele>
    <time>2020-09-20T15:03:46.000Z</time>
   </trkpt>
   <trkpt lat="-8.063953" lon="-34.87472">
    <ele>11.1</ele>
    <time>2020-09-20T15:03:47.000Z</time>
   </trkpt>
   <trkpt lat="-8.063958" lon="-34.874759">
    <ele>11.2</ele>
    <time>2020-09-20T15:03:48.000Z</time>
   </trkpt>
   <trkpt lat="-8.063964" lon="-34.8748">
    <ele>11.3</ele>
    <time>2020-09-20T15:03:49.000Z</time>
   </trkpt>
   <trkpt lat="-8.063969" lon="-34.874839">
    <ele>11.5</ele>
    <time>2020-09-20T15:03:50.000Z</time>
   </trkpt>
   <trkpt lat="-8.063976" lon="-34.874878">
    <ele>11.6</ele>
    <time>2020-09-20T15:03:51.000Z</time>
   </trkpt>
   <trkpt lat="-8.063979" lon="-34.874913">
    <ele>11.7</ele>
    <time>2020-09-20T15:03:52.000Z</time>
   </trkpt>
   <trkpt lat="-8.06398" lon="-34.87495">
    <ele>11.8</ele>
    <time>2020-09-20T15:03:53.000Z</time>
   </trkpt>
   <trkpt lat="-8.063989" lon="-34.874993">
    <ele>11.9</ele>
    <time>2020-09-20T15:03:54.000Z</time>
   </trkpt>
   <trkpt lat="-8.06399" lon="-34.87503">
    <ele>12</ele>
    <time>2020-09-20T15:03:55.000Z</time>
   </trkpt>
   <trkpt lat="-8.063988" lon="-34.875072">
    <ele>12.1</ele>
    <time>2020-09-20T15:03:56.000Z</time>
   </trkpt>
   <trkpt lat="-8.063992" lon="-34.875119">
    <ele>12.2</ele>
    <time>2020-09-20T15:03:57.000Z</time>
   </trkpt>
   <trkpt lat="-8.064005" lon="-34.875161">
    <ele>12.3</ele>
    <time>2020-09-20T15:03:58.000Z</time>
   </trkpt>
   <trkpt lat="-8.064008" lon="-34.875196">
    <ele>12.3</ele>
    <time>2020-09-20T15:03:59.000Z</time>
   </trkpt>
   <trkpt lat="-8.064008" lon="-34.875231">
    <ele>12.4</ele>
    <time>2020-09-20T15:04:00.000Z</time>
   </trkpt>
   <trkpt lat="-8.064014" lon="-34.875268">
    <ele>12.4</ele>
    <time>2020-09-20T15:04:01.000Z</time>
   </trkpt>
   <trkpt lat="-8.064019" lon="-34.875305">
    <ele>12.4</ele>
    <time>2020-09-20T15:04:02.000Z</time>
   </trkpt>
   <trkpt lat="-8.064033" lon="-34.87534">
    <ele>12.5</ele>
    <time>2020-09-20T15:04:03.000Z</time>
   </trkpt>
   <trkpt lat="-8.064046" lon="-34.875376">
    <ele>12.5</ele>
    <time>2020-09-20T15:04:04.000Z</time>
   </trkpt>
   <trkpt lat="-8.064049" lon="-34.87542">
    <ele>12.5</ele>
    <time>2020-09-20T15:04:05.000Z</time>
   </trkpt>
   <trkpt lat="-8.064059" lon="-34.875464">
    <ele>12.5</ele>
    <time>2020-09-20T15:04:06.000Z</time>
   </trkpt>
   <trkpt lat="-8.064066" lon="-34.875505">
    <ele>12.5</ele>
    <time>2020-09-20T15:04:07.000Z</time>
   </trkpt>
   <trkpt lat="-8.064072" lon="-34.875548">
    <ele>12.5</ele>
    <time>2020-09-20T15:04:08.000Z</time>
   </trkpt>
   <trkpt lat="-8.06408" lon="-34.875593">
    <ele>12.5</ele>
    <time>2020-09-20T15:04:09.000Z</time>
   </trkpt>
   <trkpt lat="-8.064082" lon="-34.875649">
    <ele>12.4</ele>
    <time>2020-09-20T15:04:10.000Z</time>
   </trkpt>
   <trkpt lat="-8.064088" lon="-34.875686">
    <ele>12.3</ele>
    <time>2020-09-20T15:04:11.000Z</time>
   </trkpt>
   <trkpt lat="-8.064097" lon="-34.875728">
    <ele>12.2</ele>
    <time>2020-09-20T15:04:12.000Z</time>
   </trkpt>
   <trkpt lat="-8.064109" lon="-34.875777">
    <ele>12.1</ele>
    <time>2020-09-20T15:04:13.000Z</time>
   </trkpt>
   <trkpt lat="-8.064118" lon="-34.875843">
    <ele>11.9</ele>
    <time>2020-09-20T15:04:14.000Z</time>
   </trkpt>
   <trkpt lat="-8.064123" lon="-34.875912">
    <ele>11.7</ele>
    <time>2020-09-20T15:04:15.000Z</time>
   </trkpt>
   <trkpt lat="-8.064136" lon="-34.875965">
    <ele>11.5</ele>
    <time>2020-09-20T15:04:16.000Z</time>
   </trkpt>
   <trkpt lat="-8.064141" lon="-34.876018">
    <ele>11.3</ele>
    <time>2020-09-20T15:04:17.000Z</time>
   </trkpt>
   <trkpt lat="-8.064146" lon="-34.876078">
    <ele>11.1</ele>
    <time>2020-09-20T15:04:18.000Z</time>
   </trkpt>
   <trkpt lat="-8.064155" lon="-34.876138">
    <ele>10.9</ele>
    <time>2020-09-20T15:04:19.000Z</time>
   </trkpt>
   <trkpt lat="-8.064168" lon="-34.8762">
    <ele>10.7</ele>
    <time>2020-09-20T15:04:20.000Z</time>
   </trkpt>
   <trkpt lat="-8.06418" lon="-34.876253">
    <ele>10.6</ele>
    <time>2020-09-20T15:04:21.000Z</time>
   </trkpt>
   <trkpt lat="-8.064196" lon="-34.876311">
    <ele>10.5</ele>
    <time>2020-09-20T15:04:22.000Z</time>
   </trkpt>
   <trkpt lat="-8.064204" lon="-34.876376">
    <ele>10.5</ele>
    <time>2020-09-20T15:04:23.000Z</time>
   </trkpt>
   <trkpt lat="-8.064211" lon="-34.876434">
    <ele>10.5</ele>
    <time>2020-09-20T15:04:24.000Z</time>
   </trkpt>
   <trkpt lat="-8.064223" lon="-34.876494">
    <ele>10.4</ele>
    <time>2020-09-20T15:04:25.000Z</time>
   </trkpt>
   <trkpt lat="-8.064231" lon="-34.876566">
    <ele>10.3</ele>
    <time>2020-09-20T15:04:26.000Z</time>
   </trkpt>
   <trkpt lat="-8.064247" lon="-34.87663">
    <ele>10.3</ele>
    <time>2020-09-20T15:04:27.000Z</time>
   </trkpt>
   <trkpt lat="-8.064266" lon="-34.876695">
    <ele>10.2</ele>
    <time>2020-09-20T15:04:28.000Z</time>
   </trkpt>
   <trkpt lat="-8.06428" lon="-34.876763">
    <ele>10.2</ele>
    <time>2020-09-20T15:04:29.000Z</time>
   </trkpt>
   <trkpt lat="-8.064287" lon="-34.876825">
    <ele>10.1</ele>
    <time>2020-09-20T15:04:30.000Z</time>
   </trkpt>
   <trkpt lat="-8.064288" lon="-34.87688">
    <ele>10.1</ele>
    <time>2020-09-20T15:04:31.000Z</time>
   </trkpt>
   <trkpt lat="-8.064288" lon="-34.876931">
    <ele>10.1</ele>
    <time>2020-09-20T15:04:32.000Z</time>
   </trkpt>
   <trkpt lat="-8.064294" lon="-34.876974">
    <ele>10</ele>
    <time>2020-09-20T15:04:33.000Z</time>
   </trkpt>
   <trkpt lat="-8.064297" lon="-34.877021">
    <ele>10</ele>
    <time>2020-09-20T15:04:34.000Z</time>
   </trkpt>
   <trkpt lat="-8.064305" lon="-34.877069">
    <ele>10</ele>
    <time>2020-09-20T15:04:35.000Z</time>
   </trkpt>
   <trkpt lat="-8.064313" lon="-34.87712">
    <ele>9.9</ele>
    <time>2020-09-20T15:04:36.000Z</time>
   </trkpt>
   <trkpt lat="-8.064315" lon="-34.87717">
    <ele>9.9</ele>
    <time>2020-09-20T15:04:37.000Z</time>
   </trkpt>
   <trkpt lat="-8.064313" lon="-34.877226">
    <ele>9.9</ele>
    <time>2020-09-20T15:04:38.000Z</time>
   </trkpt>
   <trkpt lat="-8.064321" lon="-34.877276">
    <ele>9.9</ele>
    <time>2020-09-20T15:04:39.000Z</time>
   </trkpt>
   <trkpt lat="-8.064331" lon="-34.877331">
    <ele>9.9</ele>
    <time>2020-09-20T15:04:40.000Z</time>
   </trkpt>
   <trkpt lat="-8.064333" lon="-34.877382">
    <ele>9.9</ele>
    <time>2020-09-20T15:04:41.000Z</time>
   </trkpt>
   <trkpt lat="-8.064333" lon="-34.877426">
    <ele>9.9</ele>
    <time>2020-09-20T15:04:42.000Z</time>
   </trkpt>
   <trkpt lat="-8.06432" lon="-34.877476">
    <ele>9.9</ele>
    <time>2020-09-20T15:04:43.000Z</time>
   </trkpt>
   <trkpt lat="-8.064308" lon="-34.877524">
    <ele>9.8</ele>
    <time>2020-09-20T15:04:44.000Z</time>
   </trkpt>
   <trkpt lat="-8.064296" lon="-34.877566">
    <ele>9.8</ele>
    <time>2020-09-20T15:04:45.000Z</time>
   </trkpt>
   <trkpt lat="-8.06428" lon="-34.87761">
    <ele>9.8</ele>
    <time>2020-09-20T15:04:46.000Z</time>
   </trkpt>
   <trkpt lat="-8.064258" lon="-34.877654">
    <ele>9.8</ele>
    <time>2020-09-20T15:04:47.000Z</time>
   </trkpt>
   <trkpt lat="-8.064231" lon="-34.877703">
    <ele>9.7</ele>
    <time>2020-09-20T15:04:48.000Z</time>
   </trkpt>
   <trkpt lat="-8.064197" lon="-34.877752">
    <ele>9.7</ele>
    <time>2020-09-20T15:04:49.000Z</time>
   </trkpt>
   <trkpt lat="-8.064157" lon="-34.877813">
    <ele>9.7</ele>
    <time>2020-09-20T15:04:50.000Z</time>
   </trkpt>
   <trkpt lat="-8.064117" lon="-34.877875">
    <ele>9.7</ele>
    <time>2020-09-20T15:04:51.000Z</time>
   </trkpt>
   <trkpt lat="-8.06408" lon="-34.877927">
    <ele>9.7</ele>
    <time>2020-09-20T15:04:52.000Z</time>
   </trkpt>
   <trkpt lat="-8.064049" lon="-34.877974">
    <ele>9.7</ele>
    <time>2020-09-20T15:04:53.000Z</time>
   </trkpt>
   <trkpt lat="-8.064019" lon="-34.878015">
    <ele>9.7</ele>
    <time>2020-09-20T15:04:54.000Z</time>
   </trkpt>
   <trkpt lat="-8.063988" lon="-34.878053">
    <ele>9.7</ele>
    <time>2020-09-20T15:04:55.000Z</time>
   </trkpt>
   <trkpt lat="-8.063961" lon="-34.878085">
    <ele>9.7</ele>
    <time>2020-09-20T15:04:56.000Z</time>
   </trkpt>
   <trkpt lat="-8.063941" lon="-34.878109">
    <ele>9.7</ele>
    <time>2020-09-20T15:04:57.000Z</time>
   </trkpt>
   <trkpt lat="-8.063916" lon="-34.878143">
    <ele>9.7</ele>
    <time>2020-09-20T15:04:58.000Z</time>
   </trkpt>
   <trkpt lat="-8.063891" lon="-34.878175">
    <ele>9.8</ele>
    <time>2020-09-20T15:04:59.000Z</time>
   </trkpt>
   <trkpt lat="-8.063869" lon="-34.878217">
    <ele>9.8</ele>
    <time>2020-09-20T15:05:00.000Z</time>
   </trkpt>
   <trkpt lat="-8.063854" lon="-34.878252">
    <ele>9.8</ele>
    <time>2020-09-20T15:05:01.000Z</time>
   </trkpt>
   <trkpt lat="-8.063828" lon="-34.878294">
    <ele>9.8</ele>
    <time>2020-09-20T15:05:02.000Z</time>
   </trkpt>
   <trkpt lat="-8.063806" lon="-34.87834">
    <ele>9.8</ele>
    <time>2020-09-20T15:05:03.000Z</time>
   </trkpt>
   <trkpt lat="-8.063782" lon="-34.878387">
    <ele>9.8</ele>
    <time>2020-09-20T15:05:04.000Z</time>
   </trkpt>
   <trkpt lat="-8.063757" lon="-34.878439">
    <ele>9.8</ele>
    <time>2020-09-20T15:05:05.000Z</time>
   </trkpt>
   <trkpt lat="-8.063733" lon="-34.878495">
    <ele>9.8</ele>
    <time>2020-09-20T15:05:06.000Z</time>
   </trkpt>
   <trkpt lat="-8.063708" lon="-34.878544">
    <ele>9.8</ele>
    <time>2020-09-20T15:05:07.000Z</time>
   </trkpt>
   <trkpt lat="-8.063684" lon="-34.878584">
    <ele>9.7</ele>
    <time>2020-09-20T15:05:08.000Z</time>
   </trkpt>
   <trkpt lat="-8.063656" lon="-34.878602">
    <ele>9.7</ele>
    <time>2020-09-20T15:05:09.000Z</time>
   </trkpt>
   <trkpt lat="-8.063619" lon="-34.878646">
    <ele>9.7</ele>
    <time>2020-09-20T15:05:10.000Z</time>
   </trkpt>
   <trkpt lat="-8.063575" lon="-34.878696">
    <ele>9.7</ele>
    <time>2020-09-20T15:05:11.000Z</time>
   </trkpt>
   <trkpt lat="-8.063525" lon="-34.878754">
    <ele>9.6</ele>
    <time>2020-09-20T15:05:12.000Z</time>
   </trkpt>
   <trkpt lat="-8.063489" lon="-34.878804">
    <ele>9.6</ele>
    <time>2020-09-20T15:05:13.000Z</time>
   </trkpt>
   <trkpt lat="-8.063454" lon="-34.878857">
    <ele>9.6</ele>
    <time>2020-09-20T15:05:14.000Z</time>
   </trkpt>
   <trkpt lat="-8.063419" lon="-34.878905">
    <ele>9.6</ele>
    <time>2020-09-20T15:05:15.000Z</time>
   </trkpt>
   <trkpt lat="-8.063386" lon="-34.878946">
    <ele>9.5</ele>
    <time>2020-09-20T15:05:16.000Z</time>
   </trkpt>
   <trkpt lat="-8.063325" lon="-34.879027">
    <ele>9.5</ele>
    <time>2020-09-20T15:05:18.000Z</time>
   </trkpt>
   <trkpt lat="-8.063301" lon="-34.87908">
    <ele>9.5</ele>
    <time>2020-09-20T15:05:19.000Z</time>
   </trkpt>
   <trkpt lat="-8.063281" lon="-34.879129">
    <ele>9.4</ele>
    <time>2020-09-20T15:05:20.000Z</time>
   </trkpt>
   <trkpt lat="-8.063261" lon="-34.879181">
    <ele>9.4</ele>
    <time>2020-09-20T15:05:21.000Z</time>
   </trkpt>
   <trkpt lat="-8.063242" lon="-34.87923">
    <ele>9.4</ele>
    <time>2020-09-20T15:05:22.000Z</time>
   </trkpt>
   <trkpt lat="-8.063221" lon="-34.879281">
    <ele>9.4</ele>
    <time>2020-09-20T15:05:23.000Z</time>
   </trkpt>
   <trkpt lat="-8.063196" lon="-34.879339">
    <ele>9.4</ele>
    <time>2020-09-20T15:05:24.000Z</time>
   </trkpt>
   <trkpt lat="-8.063174" lon="-34.879387">
    <ele>9.4</ele>
    <time>2020-09-20T15:05:25.000Z</time>
   </trkpt>
   <trkpt lat="-8.063138" lon="-34.87944">
    <ele>9.4</ele>
    <time>2020-09-20T15:05:26.000Z</time>
   </trkpt>
   <trkpt lat="-8.063105" lon="-34.879488">
    <ele>9.4</ele>
    <time>2020-09-20T15:05:27.000Z</time>
   </trkpt>
   <trkpt lat="-8.063067" lon="-34.879541">
    <ele>9.4</ele>
    <time>2020-09-20T15:05:28.000Z</time>
   </trkpt>
   <trkpt lat="-8.063016" lon="-34.879597">
    <ele>9.5</ele>
    <time>2020-09-20T15:05:29.000Z</time>
   </trkpt>
   <trkpt lat="-8.062967" lon="-34.879642">
    <ele>9.5</ele>
    <time>2020-09-20T15:05:30.000Z</time>
   </trkpt>
   <trkpt lat="-8.062933" lon="-34.879665">
    <ele>9.5</ele>
    <time>2020-09-20T15:05:31.000Z</time>
   </trkpt>
   <trkpt lat="-8.062897" lon="-34.879707">
    <ele>9.5</ele>
    <time>2020-09-20T15:05:32.000Z</time>
   </trkpt>
   <trkpt lat="-8.062865" lon="-34.879749">
    <ele>9.6</ele>
    <time>2020-09-20T15:05:33.000Z</time>
   </trkpt>
   <trkpt lat="-8.062828" lon="-34.87981">
    <ele>9.6</ele>
    <time>2020-09-20T15:05:34.000Z</time>
   </trkpt>
   <trkpt lat="-8.062789" lon="-34.879855">
    <ele>9.7</ele>
    <time>2020-09-20T15:05:35.000Z</time>
   </trkpt>
   <trkpt lat="-8.062752" lon="-34.879913">
    <ele>9.7</ele>
    <time>2020-09-20T15:05:36.000Z</time>
   </trkpt>
   <trkpt lat="-8.06272" lon="-34.879958">
    <ele>9.8</ele>
    <time>2020-09-20T15:05:37.000Z</time>
   </trkpt>
   <trkpt lat="-8.062675" lon="-34.880023">
    <ele>9.9</ele>
    <time>2020-09-20T15:05:38.000Z</time>
   </trkpt>
   <trkpt lat="-8.062642" lon="-34.880059">
    <ele>9.9</ele>
    <time>2020-09-20T15:05:39.000Z</time>
   </trkpt>
   <trkpt lat="-8.062608" lon="-34.880108">
    <ele>10</ele>
    <time>2020-09-20T15:05:40.000Z</time>
   </trkpt>
   <trkpt lat="-8.062584" lon="-34.88017">
    <ele>10.1</ele>
    <time>2020-09-20T15:05:41.000Z</time>
   </trkpt>
   <trkpt lat="-8.062565" lon="-34.880226">
    <ele>10.1</ele>
    <time>2020-09-20T15:05:42.000Z</time>
   </trkpt>
   <trkpt lat="-8.062555" lon="-34.880283">
    <ele>10.3</ele>
    <time>2020-09-20T15:05:43.000Z</time>
   </trkpt>
   <trkpt lat="-8.062542" lon="-34.880331">
    <ele>10.4</ele>
    <time>2020-09-20T15:05:44.000Z</time>
   </trkpt>
   <trkpt lat="-8.062547" lon="-34.880395">
    <ele>10.6</ele>
    <time>2020-09-20T15:05:45.000Z</time>
   </trkpt>
   <trkpt lat="-8.062557" lon="-34.880445">
    <ele>10.9</ele>
    <time>2020-09-20T15:05:46.000Z</time>
   </trkpt>
   <trkpt lat="-8.062566" lon="-34.8805">
    <ele>11.1</ele>
    <time>2020-09-20T15:05:47.000Z</time>
   </trkpt>
   <trkpt lat="-8.062571" lon="-34.880539">
    <ele>11.4</ele>
    <time>2020-09-20T15:05:48.000Z</time>
   </trkpt>
   <trkpt lat="-8.062558" lon="-34.88058">
    <ele>11.5</ele>
    <time>2020-09-20T15:05:49.000Z</time>
   </trkpt>
   <trkpt lat="-8.062522" lon="-34.880622">
    <ele>11.5</ele>
    <time>2020-09-20T15:05:50.000Z</time>
   </trkpt>
   <trkpt lat="-8.062491" lon="-34.880659">
    <ele>11.6</ele>
    <time>2020-09-20T15:05:51.000Z</time>
   </trkpt>
   <trkpt lat="-8.062448" lon="-34.880722">
    <ele>11.7</ele>
    <time>2020-09-20T15:05:52.000Z</time>
   </trkpt>
   <trkpt lat="-8.062414" lon="-34.880773">
    <ele>11.8</ele>
    <time>2020-09-20T15:05:53.000Z</time>
   </trkpt>
   <trkpt lat="-8.062384" lon="-34.880824">
    <ele>11.9</ele>
    <time>2020-09-20T15:05:54.000Z</time>
   </trkpt>
   <trkpt lat="-8.062352" lon="-34.880878">
    <ele>11.9</ele>
    <time>2020-09-20T15:05:55.000Z</time>
   </trkpt>
   <trkpt lat="-8.062325" lon="-34.880926">
    <ele>12</ele>
    <time>2020-09-20T15:05:56.000Z</time>
   </trkpt>
   <trkpt lat="-8.0623" lon="-34.880968">
    <ele>12</ele>
    <time>2020-09-20T15:05:57.000Z</time>
   </trkpt>
   <trkpt lat="-8.062277" lon="-34.881012">
    <ele>12.1</ele>
    <time>2020-09-20T15:05:58.000Z</time>
   </trkpt>
   <trkpt lat="-8.062256" lon="-34.881054">
    <ele>12.1</ele>
    <time>2020-09-20T15:05:59.000Z</time>
   </trkpt>
   <trkpt lat="-8.062244" lon="-34.881085">
    <ele>12.1</ele>
    <time>2020-09-20T15:06:00.000Z</time>
   </trkpt>
   <trkpt lat="-8.062223" lon="-34.881123">
    <ele>12.1</ele>
    <time>2020-09-20T15:06:01.000Z</time>
   </trkpt>
   <trkpt lat="-8.062209" lon="-34.881161">
    <ele>12</ele>
    <time>2020-09-20T15:06:02.000Z</time>
   </trkpt>
   <trkpt lat="-8.062202" lon="-34.881202">
    <ele>12</ele>
    <time>2020-09-20T15:06:03.000Z</time>
   </trkpt>
   <trkpt lat="-8.062193" lon="-34.881236">
    <ele>11.9</ele>
    <time>2020-09-20T15:06:04.000Z</time>
   </trkpt>
   <trkpt lat="-8.062178" lon="-34.881276">
    <ele>11.9</ele>
    <time>2020-09-20T15:06:05.000Z</time>
   </trkpt>
   <trkpt lat="-8.062163" lon="-34.881317">
    <ele>11.8</ele>
    <time>2020-09-20T15:06:06.000Z</time>
   </trkpt>
   <trkpt lat="-8.062143" lon="-34.881352">
    <ele>11.7</ele>
    <time>2020-09-20T15:06:07.000Z</time>
   </trkpt>
   <trkpt lat="-8.062119" lon="-34.881388">
    <ele>11.6</ele>
    <time>2020-09-20T15:06:08.000Z</time>
   </trkpt>
   <trkpt lat="-8.062103" lon="-34.881419">
    <ele>11.6</ele>
    <time>2020-09-20T15:06:09.000Z</time>
   </trkpt>
   <trkpt lat="-8.062091" lon="-34.881444">
    <ele>11.5</ele>
    <time>2020-09-20T15:06:10.000Z</time>
   </trkpt>
   <trkpt lat="-8.062078" lon="-34.88147">
    <ele>11.5</ele>
    <time>2020-09-20T15:06:11.000Z</time>
   </trkpt>
   <trkpt lat="-8.062068" lon="-34.881501">
    <ele>11.4</ele>
    <time>2020-09-20T15:06:12.000Z</time>
   </trkpt>
   <trkpt lat="-8.062052" lon="-34.881525">
    <ele>11.4</ele>
    <time>2020-09-20T15:06:13.000Z</time>
   </trkpt>
   <trkpt lat="-8.062024" lon="-34.881547">
    <ele>11.3</ele>
    <time>2020-09-20T15:06:14.000Z</time>
   </trkpt>
   <trkpt lat="-8.061989" lon="-34.881558">
    <ele>12.9</ele>
    <time>2020-09-20T15:06:15.000Z</time>
   </trkpt>
   <trkpt lat="-8.061945" lon="-34.881562">
    <ele>14.7</ele>
    <time>2020-09-20T15:06:16.000Z</time>
   </trkpt>
   <trkpt lat="-8.061899" lon="-34.881567">
    <ele>10.5</ele>
    <time>2020-09-20T15:06:17.000Z</time>
   </trkpt>
   <trkpt lat="-8.061849" lon="-34.881564">
    <ele>10.5</ele>
    <time>2020-09-20T15:06:18.000Z</time>
   </trkpt>
   <trkpt lat="-8.061798" lon="-34.88155">
    <ele>10.4</ele>
    <time>2020-09-20T15:06:19.000Z</time>
   </trkpt>
   <trkpt lat="-8.06174" lon="-34.881532">
    <ele>10.2</ele>
    <time>2020-09-20T15:06:20.000Z</time>
   </trkpt>
   <trkpt lat="-8.061685" lon="-34.881517">
    <ele>10.1</ele>
    <time>2020-09-20T15:06:21.000Z</time>
   </trkpt>
   <trkpt lat="-8.061638" lon="-34.881489">
    <ele>9.9</ele>
    <time>2020-09-20T15:06:22.000Z</time>
   </trkpt>
   <trkpt lat="-8.061586" lon="-34.881459">
    <ele>9.8</ele>
    <time>2020-09-20T15:06:23.000Z</time>
   </trkpt>
   <trkpt lat="-8.06153" lon="-34.881428">
    <ele>9.7</ele>
    <time>2020-09-20T15:06:24.000Z</time>
   </trkpt>
   <trkpt lat="-8.061485" lon="-34.881401">
    <ele>9.6</ele>
    <time>2020-09-20T15:06:25.000Z</time>
   </trkpt>
   <trkpt lat="-8.061447" lon="-34.881366">
    <ele>9.5</ele>
    <time>2020-09-20T15:06:26.000Z</time>
   </trkpt>
   <trkpt lat="-8.061405" lon="-34.881338">
    <ele>9.4</ele>
    <time>2020-09-20T15:06:27.000Z</time>
   </trkpt>
   <trkpt lat="-8.061366" lon="-34.881313">
    <ele>9.3</ele>
    <time>2020-09-20T15:06:28.000Z</time>
   </trkpt>
   <trkpt lat="-8.061331" lon="-34.881283">
    <ele>9.3</ele>
    <time>2020-09-20T15:06:29.000Z</time>
   </trkpt>
   <trkpt lat="-8.061294" lon="-34.88126">
    <ele>9.2</ele>
    <time>2020-09-20T15:06:30.000Z</time>
   </trkpt>
   <trkpt lat="-8.061264" lon="-34.881231">
    <ele>9.1</ele>
    <time>2020-09-20T15:06:31.000Z</time>
   </trkpt>
   <trkpt lat="-8.06123" lon="-34.881202">
    <ele>9.1</ele>
    <time>2020-09-20T15:06:32.000Z</time>
   </trkpt>
   <trkpt lat="-8.0612" lon="-34.881181">
    <ele>9.1</ele>
    <time>2020-09-20T15:06:33.000Z</time>
   </trkpt>
   <trkpt lat="-8.061169" lon="-34.881161">
    <ele>9.1</ele>
    <time>2020-09-20T15:06:34.000Z</time>
   </trkpt>
   <trkpt lat="-8.061139" lon="-34.881135">
    <ele>9.1</ele>
    <time>2020-09-20T15:06:35.000Z</time>
   </trkpt>
   <trkpt lat="-8.061112" lon="-34.881116">
    <ele>9.1</ele>
    <time>2020-09-20T15:06:36.000Z</time>
   </trkpt>
   <trkpt lat="-8.06109" lon="-34.881098">
    <ele>9.1</ele>
    <time>2020-09-20T15:06:37.000Z</time>
   </trkpt>
   <trkpt lat="-8.061067" lon="-34.881085">
    <ele>9.1</ele>
    <time>2020-09-20T15:06:38.000Z</time>
   </trkpt>
   <trkpt lat="-8.061003" lon="-34.881057">
    <ele>9.1</ele>
    <time>2020-09-20T15:06:40.000Z</time>
   </trkpt>
   <trkpt lat="-8.060965" lon="-34.881051">
    <ele>9.2</ele>
    <time>2020-09-20T15:06:41.000Z</time>
   </trkpt>
   <trkpt lat="-8.060939" lon="-34.88104">
    <ele>9.2</ele>
    <time>2020-09-20T15:06:42.000Z</time>
   </trkpt>
   <trkpt lat="-8.060904" lon="-34.881031">
    <ele>9.2</ele>
    <time>2020-09-20T15:06:43.000Z</time>
   </trkpt>
   <trkpt lat="-8.060881" lon="-34.881001">
    <ele>9.2</ele>
    <time>2020-09-20T15:06:44.000Z</time>
   </trkpt>
   <trkpt lat="-8.060848" lon="-34.880988">
    <ele>9.3</ele>
    <time>2020-09-20T15:06:45.000Z</time>
   </trkpt>
   <trkpt lat="-8.06081" lon="-34.880966">
    <ele>9.3</ele>
    <time>2020-09-20T15:06:46.000Z</time>
   </trkpt>
   <trkpt lat="-8.060771" lon="-34.880945">
    <ele>9.3</ele>
    <time>2020-09-20T15:06:47.000Z</time>
   </trkpt>
   <trkpt lat="-8.060734" lon="-34.880922">
    <ele>9.4</ele>
    <time>2020-09-20T15:06:48.000Z</time>
   </trkpt>
   <trkpt lat="-8.060694" lon="-34.880896">
    <ele>9.4</ele>
    <time>2020-09-20T15:06:49.000Z</time>
   </trkpt>
   <trkpt lat="-8.06065" lon="-34.88087">
    <ele>9.4</ele>
    <time>2020-09-20T15:06:50.000Z</time>
   </trkpt>
   <trkpt lat="-8.060604" lon="-34.88084">
    <ele>9.4</ele>
    <time>2020-09-20T15:06:51.000Z</time>
   </trkpt>
   <trkpt lat="-8.060562" lon="-34.880809">
    <ele>9.3</ele>
    <time>2020-09-20T15:06:52.000Z</time>
   </trkpt>
   <trkpt lat="-8.060521" lon="-34.880781">
    <ele>9.3</ele>
    <time>2020-09-20T15:06:53.000Z</time>
   </trkpt>
   <trkpt lat="-8.060476" lon="-34.880749">
    <ele>9.3</ele>
    <time>2020-09-20T15:06:54.000Z</time>
   </trkpt>
   <trkpt lat="-8.060435" lon="-34.880724">
    <ele>9.3</ele>
    <time>2020-09-20T15:06:55.000Z</time>
   </trkpt>
   <trkpt lat="-8.060392" lon="-34.880699">
    <ele>9.3</ele>
    <time>2020-09-20T15:06:56.000Z</time>
   </trkpt>
   <trkpt lat="-8.060352" lon="-34.88067">
    <ele>9.3</ele>
    <time>2020-09-20T15:06:57.000Z</time>
   </trkpt>
   <trkpt lat="-8.060318" lon="-34.880639">
    <ele>9.3</ele>
    <time>2020-09-20T15:06:58.000Z</time>
   </trkpt>
   <trkpt lat="-8.060276" lon="-34.880607">
    <ele>9.4</ele>
    <time>2020-09-20T15:06:59.000Z</time>
   </trkpt>
   <trkpt lat="-8.060239" lon="-34.880585">
    <ele>9.4</ele>
    <time>2020-09-20T15:07:00.000Z</time>
   </trkpt>
   <trkpt lat="-8.060207" lon="-34.880556">
    <ele>9.4</ele>
    <time>2020-09-20T15:07:01.000Z</time>
   </trkpt>
   <trkpt lat="-8.060169" lon="-34.880525">
    <ele>9.4</ele>
    <time>2020-09-20T15:07:02.000Z</time>
   </trkpt>
   <trkpt lat="-8.060132" lon="-34.880494">
    <ele>9.4</ele>
    <time>2020-09-20T15:07:03.000Z</time>
   </trkpt>
   <trkpt lat="-8.060091" lon="-34.880467">
    <ele>9.4</ele>
    <time>2020-09-20T15:07:04.000Z</time>
   </trkpt>
   <trkpt lat="-8.060049" lon="-34.880436">
    <ele>9.4</ele>
    <time>2020-09-20T15:07:05.000Z</time>
   </trkpt>
   <trkpt lat="-8.059996" lon="-34.880405">
    <ele>9.4</ele>
    <time>2020-09-20T15:07:06.000Z</time>
   </trkpt>
   <trkpt lat="-8.059948" lon="-34.880379">
    <ele>9.4</ele>
    <time>2020-09-20T15:07:07.000Z</time>
   </trkpt>
   <trkpt lat="-8.059893" lon="-34.880343">
    <ele>9.4</ele>
    <time>2020-09-20T15:07:08.000Z</time>
   </trkpt>
   <trkpt lat="-8.059839" lon="-34.880313">
    <ele>9.5</ele>
    <time>2020-09-20T15:07:09.000Z</time>
   </trkpt>
   <trkpt lat="-8.059784" lon="-34.880276">
    <ele>9.6</ele>
    <time>2020-09-20T15:07:10.000Z</time>
   </trkpt>
   <trkpt lat="-8.05973" lon="-34.880243">
    <ele>9.8</ele>
    <time>2020-09-20T15:07:11.000Z</time>
   </trkpt>
   <trkpt lat="-8.05968" lon="-34.880211">
    <ele>9.9</ele>
    <time>2020-09-20T15:07:12.000Z</time>
   </trkpt>
   <trkpt lat="-8.059625" lon="-34.880176">
    <ele>10.1</ele>
    <time>2020-09-20T15:07:13.000Z</time>
   </trkpt>
   <trkpt lat="-8.059583" lon="-34.880146">
    <ele>10.3</ele>
    <time>2020-09-20T15:07:14.000Z</time>
   </trkpt>
   <trkpt lat="-8.059544" lon="-34.880116">
    <ele>10.4</ele>
    <time>2020-09-20T15:07:15.000Z</time>
   </trkpt>
   <trkpt lat="-8.059505" lon="-34.880085">
    <ele>10.5</ele>
    <time>2020-09-20T15:07:16.000Z</time>
   </trkpt>
   <trkpt lat="-8.059464" lon="-34.880063">
    <ele>10.6</ele>
    <time>2020-09-20T15:07:17.000Z</time>
   </trkpt>
   <trkpt lat="-8.059426" lon="-34.880037">
    <ele>10.6</ele>
    <time>2020-09-20T15:07:18.000Z</time>
   </trkpt>
   <trkpt lat="-8.059391" lon="-34.880004">
    <ele>10.5</ele>
    <time>2020-09-20T15:07:19.000Z</time>
   </trkpt>
   <trkpt lat="-8.059354" lon="-34.879974">
    <ele>10.4</ele>
    <time>2020-09-20T15:07:20.000Z</time>
   </trkpt>
   <trkpt lat="-8.059319" lon="-34.879945">
    <ele>10.2</ele>
    <time>2020-09-20T15:07:21.000Z</time>
   </trkpt>
   <trkpt lat="-8.059289" lon="-34.879919">
    <ele>10.1</ele>
    <time>2020-09-20T15:07:22.000Z</time>
   </trkpt>
   <trkpt lat="-8.059255" lon="-34.879896">
    <ele>9.9</ele>
    <time>2020-09-20T15:07:23.000Z</time>
   </trkpt>
   <trkpt lat="-8.059218" lon="-34.879873">
    <ele>9.8</ele>
    <time>2020-09-20T15:07:24.000Z</time>
   </trkpt>
   <trkpt lat="-8.059177" lon="-34.879847">
    <ele>9.6</ele>
    <time>2020-09-20T15:07:25.000Z</time>
   </trkpt>
   <trkpt lat="-8.059141" lon="-34.879822">
    <ele>9.4</ele>
    <time>2020-09-20T15:07:26.000Z</time>
   </trkpt>
   <trkpt lat="-8.059103" lon="-34.8798">
    <ele>9.3</ele>
    <time>2020-09-20T15:07:27.000Z</time>
   </trkpt>
   <trkpt lat="-8.059069" lon="-34.879777">
    <ele>9.2</ele>
    <time>2020-09-20T15:07:28.000Z</time>
   </trkpt>
   <trkpt lat="-8.059035" lon="-34.879749">
    <ele>9.2</ele>
    <time>2020-09-20T15:07:29.000Z</time>
   </trkpt>
   <trkpt lat="-8.059001" lon="-34.879725">
    <ele>9.1</ele>
    <time>2020-09-20T15:07:30.000Z</time>
   </trkpt>
   <trkpt lat="-8.058962" lon="-34.879706">
    <ele>9</ele>
    <time>2020-09-20T15:07:31.000Z</time>
   </trkpt>
   <trkpt lat="-8.058929" lon="-34.87968">
    <ele>9</ele>
    <time>2020-09-20T15:07:32.000Z</time>
   </trkpt>
   <trkpt lat="-8.058891" lon="-34.879659">
    <ele>8.9</ele>
    <time>2020-09-20T15:07:33.000Z</time>
   </trkpt>
   <trkpt lat="-8.058846" lon="-34.879633">
    <ele>8.9</ele>
    <time>2020-09-20T15:07:34.000Z</time>
   </trkpt>
   <trkpt lat="-8.058805" lon="-34.879603">
    <ele>8.9</ele>
    <time>2020-09-20T15:07:35.000Z</time>
   </trkpt>
   <trkpt lat="-8.058774" lon="-34.879574">
    <ele>8.9</ele>
    <time>2020-09-20T15:07:36.000Z</time>
   </trkpt>
   <trkpt lat="-8.05874" lon="-34.87954">
    <ele>8.9</ele>
    <time>2020-09-20T15:07:37.000Z</time>
   </trkpt>
   <trkpt lat="-8.058704" lon="-34.879508">
    <ele>8.8</ele>
    <time>2020-09-20T15:07:38.000Z</time>
   </trkpt>
   <trkpt lat="-8.058659" lon="-34.879482">
    <ele>8.8</ele>
    <time>2020-09-20T15:07:39.000Z</time>
   </trkpt>
   <trkpt lat="-8.058624" lon="-34.879452">
    <ele>8.8</ele>
    <time>2020-09-20T15:07:40.000Z</time>
   </trkpt>
   <trkpt lat="-8.058593" lon="-34.879417">
    <ele>8.8</ele>
    <time>2020-09-20T15:07:41.000Z</time>
   </trkpt>
   <trkpt lat="-8.058565" lon="-34.879389">
    <ele>8.9</ele>
    <time>2020-09-20T15:07:42.000Z</time>
   </trkpt>
   <trkpt lat="-8.05854" lon="-34.879356">
    <ele>8.9</ele>
    <time>2020-09-20T15:07:43.000Z</time>
   </trkpt>
   <trkpt lat="-8.058509" lon="-34.879318">
    <ele>8.9</ele>
    <time>2020-09-20T15:07:44.000Z</time>
   </trkpt>
   <trkpt lat="-8.058477" lon="-34.879277">
    <ele>8.9</ele>
    <time>2020-09-20T15:07:45.000Z</time>
   </trkpt>
   <trkpt lat="-8.058451" lon="-34.87924">
    <ele>8.9</ele>
    <time>2020-09-20T15:07:46.000Z</time>
   </trkpt>
   <trkpt lat="-8.058425" lon="-34.879194">
    <ele>9</ele>
    <time>2020-09-20T15:07:47.000Z</time>
   </trkpt>
   <trkpt lat="-8.058392" lon="-34.879168">
    <ele>9</ele>
    <time>2020-09-20T15:07:48.000Z</time>
   </trkpt>
   <trkpt lat="-8.058362" lon="-34.879134">
    <ele>9</ele>
    <time>2020-09-20T15:07:49.000Z</time>
   </trkpt>
   <trkpt lat="-8.058325" lon="-34.879119">
    <ele>9</ele>
    <time>2020-09-20T15:07:50.000Z</time>
   </trkpt>
   <trkpt lat="-8.058288" lon="-34.879098">
    <ele>9</ele>
    <time>2020-09-20T15:07:51.000Z</time>
   </trkpt>
   <trkpt lat="-8.058249" lon="-34.879075">
    <ele>9</ele>
    <time>2020-09-20T15:07:52.000Z</time>
   </trkpt>
   <trkpt lat="-8.05821" lon="-34.879052">
    <ele>9</ele>
    <time>2020-09-20T15:07:53.000Z</time>
   </trkpt>
   <trkpt lat="-8.058167" lon="-34.879022">
    <ele>9</ele>
    <time>2020-09-20T15:07:54.000Z</time>
   </trkpt>
   <trkpt lat="-8.058131" lon="-34.878997">
    <ele>9</ele>
    <time>2020-09-20T15:07:55.000Z</time>
   </trkpt>
   <trkpt lat="-8.058096" lon="-34.878974">
    <ele>9</ele>
    <time>2020-09-20T15:07:56.000Z</time>
   </trkpt>
   <trkpt lat="-8.058068" lon="-34.878956">
    <ele>9</ele>
    <time>2020-09-20T15:07:57.000Z</time>
   </trkpt>
   <trkpt lat="-8.058043" lon="-34.878935">
    <ele>9</ele>
    <time>2020-09-20T15:07:58.000Z</time>
   </trkpt>
   <trkpt lat="-8.058015" lon="-34.878915">
    <ele>9</ele>
    <time>2020-09-20T15:07:59.000Z</time>
   </trkpt>
   <trkpt lat="-8.057985" lon="-34.878899">
    <ele>9.1</ele>
    <time>2020-09-20T15:08:00.000Z</time>
   </trkpt>
   <trkpt lat="-8.057952" lon="-34.878879">
    <ele>9.1</ele>
    <time>2020-09-20T15:08:01.000Z</time>
   </trkpt>
   <trkpt lat="-8.057924" lon="-34.87886">
    <ele>9.1</ele>
    <time>2020-09-20T15:08:02.000Z</time>
   </trkpt>
   <trkpt lat="-8.057897" lon="-34.878838">
    <ele>9.1</ele>
    <time>2020-09-20T15:08:03.000Z</time>
   </trkpt>
   <trkpt lat="-8.057869" lon="-34.878821">
    <ele>9.1</ele>
    <time>2020-09-20T15:08:04.000Z</time>
   </trkpt>
   <trkpt lat="-8.057846" lon="-34.878807">
    <ele>9.1</ele>
    <time>2020-09-20T15:08:05.000Z</time>
   </trkpt>
   <trkpt lat="-8.057825" lon="-34.878792">
    <ele>9.1</ele>
    <time>2020-09-20T15:08:06.000Z</time>
   </trkpt>
   <trkpt lat="-8.057774" lon="-34.878754">
    <ele>9.2</ele>
    <time>2020-09-20T15:08:08.000Z</time>
   </trkpt>
   <trkpt lat="-8.05774" lon="-34.878737">
    <ele>9.2</ele>
    <time>2020-09-20T15:08:09.000Z</time>
   </trkpt>
   <trkpt lat="-8.057701" lon="-34.87871">
    <ele>9.2</ele>
    <time>2020-09-20T15:08:10.000Z</time>
   </trkpt>
   <trkpt lat="-8.057663" lon="-34.878686">
    <ele>9.2</ele>
    <time>2020-09-20T15:08:11.000Z</time>
   </trkpt>
   <trkpt lat="-8.057624" lon="-34.878663">
    <ele>9.2</ele>
    <time>2020-09-20T15:08:12.000Z</time>
   </trkpt>
   <trkpt lat="-8.057578" lon="-34.878644">
    <ele>9.3</ele>
    <time>2020-09-20T15:08:13.000Z</time>
   </trkpt>
   <trkpt lat="-8.057537" lon="-34.878621">
    <ele>9.3</ele>
    <time>2020-09-20T15:08:14.000Z</time>
   </trkpt>
   <trkpt lat="-8.057497" lon="-34.878603">
    <ele>9.3</ele>
    <time>2020-09-20T15:08:15.000Z</time>
   </trkpt>
   <trkpt lat="-8.057457" lon="-34.878579">
    <ele>9.3</ele>
    <time>2020-09-20T15:08:16.000Z</time>
   </trkpt>
   <trkpt lat="-8.05743" lon="-34.878558">
    <ele>9.4</ele>
    <time>2020-09-20T15:08:17.000Z</time>
   </trkpt>
   <trkpt lat="-8.057397" lon="-34.878534">
    <ele>9.4</ele>
    <time>2020-09-20T15:08:18.000Z</time>
   </trkpt>
   <trkpt lat="-8.05736" lon="-34.878508">
    <ele>9.4</ele>
    <time>2020-09-20T15:08:19.000Z</time>
   </trkpt>
   <trkpt lat="-8.057321" lon="-34.878484">
    <ele>9.4</ele>
    <time>2020-09-20T15:08:20.000Z</time>
   </trkpt>
   <trkpt lat="-8.057281" lon="-34.878461">
    <ele>9.4</ele>
    <time>2020-09-20T15:08:21.000Z</time>
   </trkpt>
   <trkpt lat="-8.057243" lon="-34.878438">
    <ele>9.4</ele>
    <time>2020-09-20T15:08:22.000Z</time>
   </trkpt>
   <trkpt lat="-8.057202" lon="-34.878412">
    <ele>9.4</ele>
    <time>2020-09-20T15:08:23.000Z</time>
   </trkpt>
   <trkpt lat="-8.057162" lon="-34.878386">
    <ele>9.4</ele>
    <time>2020-09-20T15:08:24.000Z</time>
   </trkpt>
   <trkpt lat="-8.057121" lon="-34.87836">
    <ele>9.4</ele>
    <time>2020-09-20T15:08:25.000Z</time>
   </trkpt>
   <trkpt lat="-8.057083" lon="-34.878332">
    <ele>9.4</ele>
    <time>2020-09-20T15:08:26.000Z</time>
   </trkpt>
   <trkpt lat="-8.057045" lon="-34.878312">
    <ele>9.4</ele>
    <time>2020-09-20T15:08:27.000Z</time>
   </trkpt>
   <trkpt lat="-8.057005" lon="-34.878293">
    <ele>9.5</ele>
    <time>2020-09-20T15:08:28.000Z</time>
   </trkpt>
   <trkpt lat="-8.056969" lon="-34.878275">
    <ele>9.5</ele>
    <time>2020-09-20T15:08:29.000Z</time>
   </trkpt>
   <trkpt lat="-8.056937" lon="-34.878263">
    <ele>9.5</ele>
    <time>2020-09-20T15:08:30.000Z</time>
   </trkpt>
   <trkpt lat="-8.056898" lon="-34.878241">
    <ele>9.5</ele>
    <time>2020-09-20T15:08:31.000Z</time>
   </trkpt>
   <trkpt lat="-8.056844" lon="-34.878211">
    <ele>9.5</ele>
    <time>2020-09-20T15:08:32.000Z</time>
   </trkpt>
   <trkpt lat="-8.056808" lon="-34.878188">
    <ele>9.5</ele>
    <time>2020-09-20T15:08:33.000Z</time>
   </trkpt>
   <trkpt lat="-8.056777" lon="-34.878154">
    <ele>9.6</ele>
    <time>2020-09-20T15:08:34.000Z</time>
   </trkpt>
   <trkpt lat="-8.056741" lon="-34.878139">
    <ele>9.6</ele>
    <time>2020-09-20T15:08:35.000Z</time>
   </trkpt>
   <trkpt lat="-8.056705" lon="-34.878118">
    <ele>9.6</ele>
    <time>2020-09-20T15:08:36.000Z</time>
   </trkpt>
   <trkpt lat="-8.056679" lon="-34.878112">
    <ele>9.6</ele>
    <time>2020-09-20T15:08:37.000Z</time>
   </trkpt>
   <trkpt lat="-8.056602" lon="-34.878054">
    <ele>9.7</ele>
    <time>2020-09-20T15:08:39.000Z</time>
   </trkpt>
   <trkpt lat="-8.056562" lon="-34.878021">
    <ele>9.7</ele>
    <time>2020-09-20T15:08:40.000Z</time>
   </trkpt>
   <trkpt lat="-8.056522" lon="-34.877999">
    <ele>9.7</ele>
    <time>2020-09-20T15:08:41.000Z</time>
   </trkpt>
   <trkpt lat="-8.056477" lon="-34.877978">
    <ele>9.8</ele>
    <time>2020-09-20T15:08:42.000Z</time>
   </trkpt>
   <trkpt lat="-8.056443" lon="-34.877959">
    <ele>9.8</ele>
    <time>2020-09-20T15:08:43.000Z</time>
   </trkpt>
   <trkpt lat="-8.056412" lon="-34.877952">
    <ele>9.8</ele>
    <time>2020-09-20T15:08:44.000Z</time>
   </trkpt>
   <trkpt lat="-8.056379" lon="-34.877937">
    <ele>9.9</ele>
    <time>2020-09-20T15:08:45.000Z</time>
   </trkpt>
   <trkpt lat="-8.056347" lon="-34.877944">
    <ele>9.9</ele>
    <time>2020-09-20T15:08:46.000Z</time>
   </trkpt>
   <trkpt lat="-8.056317" lon="-34.87796">
    <ele>9.9</ele>
    <time>2020-09-20T15:08:47.000Z</time>
   </trkpt>
   <trkpt lat="-8.056282" lon="-34.877975">
    <ele>9.9</ele>
    <time>2020-09-20T15:08:48.000Z</time>
   </trkpt>
   <trkpt lat="-8.056269" lon="-34.878002">
    <ele>10</ele>
    <time>2020-09-20T15:08:49.000Z</time>
   </trkpt>
   <trkpt lat="-8.056257" lon="-34.87803">
    <ele>10.1</ele>
    <time>2020-09-20T15:08:50.000Z</time>
   </trkpt>
   <trkpt lat="-8.056252" lon="-34.878068">
    <ele>10.1</ele>
    <time>2020-09-20T15:08:51.000Z</time>
   </trkpt>
   <trkpt lat="-8.056243" lon="-34.878099">
    <ele>10.2</ele>
    <time>2020-09-20T15:08:52.000Z</time>
   </trkpt>
   <trkpt lat="-8.056221" lon="-34.878129">
    <ele>10.3</ele>
    <time>2020-09-20T15:08:53.000Z</time>
   </trkpt>
   <trkpt lat="-8.056203" lon="-34.878162">
    <ele>10.3</ele>
    <time>2020-09-20T15:08:54.000Z</time>
   </trkpt>
   <trkpt lat="-8.056179" lon="-34.878206">
    <ele>10.3</ele>
    <time>2020-09-20T15:08:55.000Z</time>
   </trkpt>
   <trkpt lat="-8.056152" lon="-34.878251">
    <ele>10.3</ele>
    <time>2020-09-20T15:08:56.000Z</time>
   </trkpt>
   <trkpt lat="-8.056122" lon="-34.87829">
    <ele>10.3</ele>
    <time>2020-09-20T15:08:57.000Z</time>
   </trkpt>
   <trkpt lat="-8.056095" lon="-34.878328">
    <ele>10.3</ele>
    <time>2020-09-20T15:08:58.000Z</time>
   </trkpt>
   <trkpt lat="-8.056067" lon="-34.878369">
    <ele>10.3</ele>
    <time>2020-09-20T15:08:59.000Z</time>
   </trkpt>
   <trkpt lat="-8.056037" lon="-34.878409">
    <ele>10.3</ele>
    <time>2020-09-20T15:09:00.000Z</time>
   </trkpt>
   <trkpt lat="-8.056013" lon="-34.87845">
    <ele>10.3</ele>
    <time>2020-09-20T15:09:01.000Z</time>
   </trkpt>
   <trkpt lat="-8.055985" lon="-34.878495">
    <ele>10.3</ele>
    <time>2020-09-20T15:09:02.000Z</time>
   </trkpt>
   <trkpt lat="-8.055948" lon="-34.878535">
    <ele>10.2</ele>
    <time>2020-09-20T15:09:03.000Z</time>
   </trkpt>
   <trkpt lat="-8.055914" lon="-34.87858">
    <ele>10.2</ele>
    <time>2020-09-20T15:09:04.000Z</time>
   </trkpt>
   <trkpt lat="-8.055876" lon="-34.878621">
    <ele>10.2</ele>
    <time>2020-09-20T15:09:05.000Z</time>
   </trkpt>
   <trkpt lat="-8.055857" lon="-34.878654">
    <ele>10.2</ele>
    <time>2020-09-20T15:09:06.000Z</time>
   </trkpt>
   <trkpt lat="-8.055841" lon="-34.878689">
    <ele>10.2</ele>
    <time>2020-09-20T15:09:07.000Z</time>
   </trkpt>
   <trkpt lat="-8.055812" lon="-34.878693">
    <ele>10.2</ele>
    <time>2020-09-20T15:09:08.000Z</time>
   </trkpt>
   <trkpt lat="-8.055812" lon="-34.878714">
    <ele>10.2</ele>
    <time>2020-09-20T15:09:09.000Z</time>
   </trkpt>
   <trkpt lat="-8.055785" lon="-34.878781">
    <ele>10.2</ele>
    <time>2020-09-20T15:09:11.000Z</time>
   </trkpt>
   <trkpt lat="-8.055761" lon="-34.878808">
    <ele>10.1</ele>
    <time>2020-09-20T15:09:12.000Z</time>
   </trkpt>
   <trkpt lat="-8.05574" lon="-34.878839">
    <ele>10.1</ele>
    <time>2020-09-20T15:09:13.000Z</time>
   </trkpt>
   <trkpt lat="-8.055712" lon="-34.878873">
    <ele>10.1</ele>
    <time>2020-09-20T15:09:14.000Z</time>
   </trkpt>
   <trkpt lat="-8.055685" lon="-34.8789">
    <ele>10.1</ele>
    <time>2020-09-20T15:09:15.000Z</time>
   </trkpt>
   <trkpt lat="-8.055673" lon="-34.878931">
    <ele>10.1</ele>
    <time>2020-09-20T15:09:16.000Z</time>
   </trkpt>
   <trkpt lat="-8.055656" lon="-34.878961">
    <ele>10</ele>
    <time>2020-09-20T15:09:17.000Z</time>
   </trkpt>
   <trkpt lat="-8.055639" lon="-34.878984">
    <ele>10</ele>
    <time>2020-09-20T15:09:18.000Z</time>
   </trkpt>
   <trkpt lat="-8.055628" lon="-34.879004">
    <ele>10</ele>
    <time>2020-09-20T15:09:19.000Z</time>
   </trkpt>
   <trkpt lat="-8.055596" lon="-34.879042">
    <ele>10</ele>
    <time>2020-09-20T15:09:21.000Z</time>
   </trkpt>
   <trkpt lat="-8.055569" lon="-34.879049">
    <ele>10</ele>
    <time>2020-09-20T15:09:22.000Z</time>
   </trkpt>
   <trkpt lat="-8.055556" lon="-34.879072">
    <ele>10.1</ele>
    <time>2020-09-20T15:09:23.000Z</time>
   </trkpt>
   <trkpt lat="-8.055525" lon="-34.879124">
    <ele>10.1</ele>
    <time>2020-09-20T15:09:25.000Z</time>
   </trkpt>
   <trkpt lat="-8.055504" lon="-34.87915">
    <ele>10.1</ele>
    <time>2020-09-20T15:09:26.000Z</time>
   </trkpt>
   <trkpt lat="-8.055476" lon="-34.879172">
    <ele>10.1</ele>
    <time>2020-09-20T15:09:27.000Z</time>
   </trkpt>
   <trkpt lat="-8.055458" lon="-34.879214">
    <ele>10.1</ele>
    <time>2020-09-20T15:09:28.000Z</time>
   </trkpt>
   <trkpt lat="-8.055428" lon="-34.879242">
    <ele>10.1</ele>
    <time>2020-09-20T15:09:29.000Z</time>
   </trkpt>
   <trkpt lat="-8.055406" lon="-34.879265">
    <ele>10.1</ele>
    <time>2020-09-20T15:09:30.000Z</time>
   </trkpt>
   <trkpt lat="-8.055393" lon="-34.879305">
    <ele>10.1</ele>
    <time>2020-09-20T15:09:31.000Z</time>
   </trkpt>
   <trkpt lat="-8.055374" lon="-34.879343">
    <ele>10.1</ele>
    <time>2020-09-20T15:09:32.000Z</time>
   </trkpt>
   <trkpt lat="-8.05536" lon="-34.879371">
    <ele>10.1</ele>
    <time>2020-09-20T15:09:33.000Z</time>
   </trkpt>
   <trkpt lat="-8.055352" lon="-34.879399">
    <ele>10.1</ele>
    <time>2020-09-20T15:09:34.000Z</time>
   </trkpt>
   <trkpt lat="-8.05534" lon="-34.879428">
    <ele>10.1</ele>
    <time>2020-09-20T15:09:35.000Z</time>
   </trkpt>
   <trkpt lat="-8.055327" lon="-34.879453">
    <ele>10.1</ele>
    <time>2020-09-20T15:09:36.000Z</time>
   </trkpt>
   <trkpt lat="-8.055306" lon="-34.879483">
    <ele>10</ele>
    <time>2020-09-20T15:09:37.000Z</time>
   </trkpt>
   <trkpt lat="-8.05529" lon="-34.879512">
    <ele>10</ele>
    <time>2020-09-20T15:09:38.000Z</time>
   </trkpt>
   <trkpt lat="-8.055277" lon="-34.87954">
    <ele>10</ele>
    <time>2020-09-20T15:09:39.000Z</time>
   </trkpt>
   <trkpt lat="-8.055254" lon="-34.879578">
    <ele>10</ele>
    <time>2020-09-20T15:09:40.000Z</time>
   </trkpt>
   <trkpt lat="-8.055235" lon="-34.879617">
    <ele>10</ele>
    <time>2020-09-20T15:09:41.000Z</time>
   </trkpt>
   <trkpt lat="-8.055215" lon="-34.879649">
    <ele>10</ele>
    <time>2020-09-20T15:09:42.000Z</time>
   </trkpt>
   <trkpt lat="-8.05519" lon="-34.879678">
    <ele>9.9</ele>
    <time>2020-09-20T15:09:43.000Z</time>
   </trkpt>
   <trkpt lat="-8.055171" lon="-34.879711">
    <ele>9.9</ele>
    <time>2020-09-20T15:09:44.000Z</time>
   </trkpt>
   <trkpt lat="-8.055151" lon="-34.879745">
    <ele>9.9</ele>
    <time>2020-09-20T15:09:45.000Z</time>
   </trkpt>
   <trkpt lat="-8.055127" lon="-34.879777">
    <ele>9.9</ele>
    <time>2020-09-20T15:09:46.000Z</time>
   </trkpt>
   <trkpt lat="-8.0551" lon="-34.879807">
    <ele>9.9</ele>
    <time>2020-09-20T15:09:47.000Z</time>
   </trkpt>
   <trkpt lat="-8.055073" lon="-34.879836">
    <ele>9.9</ele>
    <time>2020-09-20T15:09:48.000Z</time>
   </trkpt>
   <trkpt lat="-8.055044" lon="-34.879872">
    <ele>9.8</ele>
    <time>2020-09-20T15:09:49.000Z</time>
   </trkpt>
   <trkpt lat="-8.05503" lon="-34.879897">
    <ele>9.8</ele>
    <time>2020-09-20T15:09:50.000Z</time>
   </trkpt>
   <trkpt lat="-8.055016" lon="-34.879926">
    <ele>9.8</ele>
    <time>2020-09-20T15:09:51.000Z</time>
   </trkpt>
   <trkpt lat="-8.054999" lon="-34.879956">
    <ele>9.8</ele>
    <time>2020-09-20T15:09:52.000Z</time>
   </trkpt>
   <trkpt lat="-8.054978" lon="-34.879984">
    <ele>9.8</ele>
    <time>2020-09-20T15:09:53.000Z</time>
   </trkpt>
   <trkpt lat="-8.054957" lon="-34.880014">
    <ele>9.8</ele>
    <time>2020-09-20T15:09:54.000Z</time>
   </trkpt>
   <trkpt lat="-8.054942" lon="-34.880041">
    <ele>9.7</ele>
    <time>2020-09-20T15:09:55.000Z</time>
   </trkpt>
   <trkpt lat="-8.054925" lon="-34.880067">
    <ele>9.7</ele>
    <time>2020-09-20T15:09:56.000Z</time>
   </trkpt>
   <trkpt lat="-8.05491" lon="-34.880086">
    <ele>9.7</ele>
    <time>2020-09-20T15:09:57.000Z</time>
   </trkpt>
   <trkpt lat="-8.054885" lon="-34.880133">
    <ele>9.7</ele>
    <time>2020-09-20T15:09:59.000Z</time>
   </trkpt>
   <trkpt lat="-8.054847" lon="-34.880189">
    <ele>9.7</ele>
    <time>2020-09-20T15:10:01.000Z</time>
   </trkpt>
   <trkpt lat="-8.054832" lon="-34.88022">
    <ele>9.7</ele>
    <time>2020-09-20T15:10:02.000Z</time>
   </trkpt>
   <trkpt lat="-8.054815" lon="-34.880249">
    <ele>9.7</ele>
    <time>2020-09-20T15:10:03.000Z</time>
   </trkpt>
   <trkpt lat="-8.054798" lon="-34.880278">
    <ele>9.7</ele>
    <time>2020-09-20T15:10:04.000Z</time>
   </trkpt>
   <trkpt lat="-8.054784" lon="-34.88031">
    <ele>9.7</ele>
    <time>2020-09-20T15:10:05.000Z</time>
   </trkpt>
   <trkpt lat="-8.054772" lon="-34.880331">
    <ele>9.7</ele>
    <time>2020-09-20T15:10:06.000Z</time>
   </trkpt>
   <trkpt lat="-8.054734" lon="-34.880364">
    <ele>9.7</ele>
    <time>2020-09-20T15:10:08.000Z</time>
   </trkpt>
   <trkpt lat="-8.054709" lon="-34.880385">
    <ele>9.7</ele>
    <time>2020-09-20T15:10:09.000Z</time>
   </trkpt>
   <trkpt lat="-8.054682" lon="-34.880408">
    <ele>9.7</ele>
    <time>2020-09-20T15:10:10.000Z</time>
   </trkpt>
   <trkpt lat="-8.054659" lon="-34.880431">
    <ele>9.7</ele>
    <time>2020-09-20T15:10:11.000Z</time>
   </trkpt>
   <trkpt lat="-8.054651" lon="-34.880466">
    <ele>9.7</ele>
    <time>2020-09-20T15:10:12.000Z</time>
   </trkpt>
   <trkpt lat="-8.054645" lon="-34.880493">
    <ele>9.7</ele>
    <time>2020-09-20T15:10:13.000Z</time>
   </trkpt>
   <trkpt lat="-8.054638" lon="-34.880517">
    <ele>9.7</ele>
    <time>2020-09-20T15:10:14.000Z</time>
   </trkpt>
   <trkpt lat="-8.054608" lon="-34.880565">
    <ele>9.7</ele>
    <time>2020-09-20T15:10:16.000Z</time>
   </trkpt>
   <trkpt lat="-8.054597" lon="-34.880593">
    <ele>9.7</ele>
    <time>2020-09-20T15:10:17.000Z</time>
   </trkpt>
   <trkpt lat="-8.054577" lon="-34.880618">
    <ele>9.7</ele>
    <time>2020-09-20T15:10:18.000Z</time>
   </trkpt>
   <trkpt lat="-8.054559" lon="-34.880633">
    <ele>9.7</ele>
    <time>2020-09-20T15:10:19.000Z</time>
   </trkpt>
   <trkpt lat="-8.054528" lon="-34.88067">
    <ele>9.7</ele>
    <time>2020-09-20T15:10:21.000Z</time>
   </trkpt>
   <trkpt lat="-8.054492" lon="-34.880723">
    <ele>9.7</ele>
    <time>2020-09-20T15:10:23.000Z</time>
   </trkpt>
   <trkpt lat="-8.054468" lon="-34.880747">
    <ele>9.7</ele>
    <time>2020-09-20T15:10:24.000Z</time>
   </trkpt>
   <trkpt lat="-8.054444" lon="-34.880782">
    <ele>9.7</ele>
    <time>2020-09-20T15:10:25.000Z</time>
   </trkpt>
   <trkpt lat="-8.054425" lon="-34.880817">
    <ele>9.7</ele>
    <time>2020-09-20T15:10:26.000Z</time>
   </trkpt>
   <trkpt lat="-8.054415" lon="-34.880855">
    <ele>9.7</ele>
    <time>2020-09-20T15:10:27.000Z</time>
   </trkpt>
   <trkpt lat="-8.054401" lon="-34.880892">
    <ele>9.7</ele>
    <time>2020-09-20T15:10:28.000Z</time>
   </trkpt>
   <trkpt lat="-8.054377" lon="-34.880938">
    <ele>9.7</ele>
    <time>2020-09-20T15:10:29.000Z</time>
   </trkpt>
   <trkpt lat="-8.054354" lon="-34.880981">
    <ele>9.8</ele>
    <time>2020-09-20T15:10:30.000Z</time>
   </trkpt>
   <trkpt lat="-8.05433" lon="-34.881026">
    <ele>9.8</ele>
    <time>2020-09-20T15:10:31.000Z</time>
   </trkpt>
   <trkpt lat="-8.054291" lon="-34.881073">
    <ele>9.8</ele>
    <time>2020-09-20T15:10:32.000Z</time>
   </trkpt>
   <trkpt lat="-8.054262" lon="-34.88112">
    <ele>9.8</ele>
    <time>2020-09-20T15:10:33.000Z</time>
   </trkpt>
   <trkpt lat="-8.054233" lon="-34.881157">
    <ele>9.8</ele>
    <time>2020-09-20T15:10:34.000Z</time>
   </trkpt>
   <trkpt lat="-8.054199" lon="-34.881198">
    <ele>9.8</ele>
    <time>2020-09-20T15:10:35.000Z</time>
   </trkpt>
   <trkpt lat="-8.054166" lon="-34.881244">
    <ele>9.9</ele>
    <time>2020-09-20T15:10:36.000Z</time>
   </trkpt>
   <trkpt lat="-8.05414" lon="-34.881285">
    <ele>9.9</ele>
    <time>2020-09-20T15:10:37.000Z</time>
   </trkpt>
   <trkpt lat="-8.054115" lon="-34.881331">
    <ele>10</ele>
    <time>2020-09-20T15:10:38.000Z</time>
   </trkpt>
   <trkpt lat="-8.05408" lon="-34.881379">
    <ele>10</ele>
    <time>2020-09-20T15:10:39.000Z</time>
   </trkpt>
   <trkpt lat="-8.05405" lon="-34.881424">
    <ele>10.1</ele>
    <time>2020-09-20T15:10:40.000Z</time>
   </trkpt>
   <trkpt lat="-8.054009" lon="-34.881478">
    <ele>10.1</ele>
    <time>2020-09-20T15:10:41.000Z</time>
   </trkpt>
   <trkpt lat="-8.053969" lon="-34.881538">
    <ele>10.1</ele>
    <time>2020-09-20T15:10:42.000Z</time>
   </trkpt>
   <trkpt lat="-8.053938" lon="-34.881591">
    <ele>10.1</ele>
    <time>2020-09-20T15:10:43.000Z</time>
   </trkpt>
   <trkpt lat="-8.053919" lon="-34.881641">
    <ele>10.1</ele>
    <time>2020-09-20T15:10:44.000Z</time>
   </trkpt>
   <trkpt lat="-8.053888" lon="-34.88169">
    <ele>10.1</ele>
    <time>2020-09-20T15:10:45.000Z</time>
   </trkpt>
   <trkpt lat="-8.053862" lon="-34.881737">
    <ele>10.1</ele>
    <time>2020-09-20T15:10:46.000Z</time>
   </trkpt>
   <trkpt lat="-8.053833" lon="-34.881779">
    <ele>10.1</ele>
    <time>2020-09-20T15:10:47.000Z</time>
   </trkpt>
   <trkpt lat="-8.053805" lon="-34.88182">
    <ele>10.1</ele>
    <time>2020-09-20T15:10:48.000Z</time>
   </trkpt>
   <trkpt lat="-8.053778" lon="-34.881859">
    <ele>10.1</ele>
    <time>2020-09-20T15:10:49.000Z</time>
   </trkpt>
   <trkpt lat="-8.053746" lon="-34.881903">
    <ele>10</ele>
    <time>2020-09-20T15:10:50.000Z</time>
   </trkpt>
   <trkpt lat="-8.053735" lon="-34.881961">
    <ele>10</ele>
    <time>2020-09-20T15:10:51.000Z</time>
   </trkpt>
   <trkpt lat="-8.053707" lon="-34.882006">
    <ele>10</ele>
    <time>2020-09-20T15:10:52.000Z</time>
   </trkpt>
   <trkpt lat="-8.053681" lon="-34.882054">
    <ele>9.9</ele>
    <time>2020-09-20T15:10:53.000Z</time>
   </trkpt>
   <trkpt lat="-8.05365" lon="-34.882109">
    <ele>9.9</ele>
    <time>2020-09-20T15:10:54.000Z</time>
   </trkpt>
   <trkpt lat="-8.053626" lon="-34.882152">
    <ele>9.9</ele>
    <time>2020-09-20T15:10:55.000Z</time>
   </trkpt>
   <trkpt lat="-8.053592" lon="-34.882193">
    <ele>9.9</ele>
    <time>2020-09-20T15:10:56.000Z</time>
   </trkpt>
   <trkpt lat="-8.053555" lon="-34.882231">
    <ele>9.9</ele>
    <time>2020-09-20T15:10:57.000Z</time>
   </trkpt>
   <trkpt lat="-8.053524" lon="-34.882273">
    <ele>9.9</ele>
    <time>2020-09-20T15:10:58.000Z</time>
   </trkpt>
   <trkpt lat="-8.053498" lon="-34.882315">
    <ele>9.9</ele>
    <time>2020-09-20T15:10:59.000Z</time>
   </trkpt>
   <trkpt lat="-8.053476" lon="-34.882364">
    <ele>9.8</ele>
    <time>2020-09-20T15:11:00.000Z</time>
   </trkpt>
   <trkpt lat="-8.053445" lon="-34.882413">
    <ele>9.8</ele>
    <time>2020-09-20T15:11:01.000Z</time>
   </trkpt>
   <trkpt lat="-8.053416" lon="-34.882455">
    <ele>9.8</ele>
    <time>2020-09-20T15:11:02.000Z</time>
   </trkpt>
   <trkpt lat="-8.053388" lon="-34.882494">
    <ele>9.8</ele>
    <time>2020-09-20T15:11:03.000Z</time>
   </trkpt>
   <trkpt lat="-8.053355" lon="-34.88254">
    <ele>9.8</ele>
    <time>2020-09-20T15:11:04.000Z</time>
   </trkpt>
   <trkpt lat="-8.053323" lon="-34.882583">
    <ele>9.7</ele>
    <time>2020-09-20T15:11:05.000Z</time>
   </trkpt>
   <trkpt lat="-8.053295" lon="-34.882628">
    <ele>9.7</ele>
    <time>2020-09-20T15:11:06.000Z</time>
   </trkpt>
   <trkpt lat="-8.053268" lon="-34.88267">
    <ele>9.7</ele>
    <time>2020-09-20T15:11:07.000Z</time>
   </trkpt>
   <trkpt lat="-8.05325" lon="-34.882706">
    <ele>9.7</ele>
    <time>2020-09-20T15:11:08.000Z</time>
   </trkpt>
   <trkpt lat="-8.053224" lon="-34.882742">
    <ele>9.7</ele>
    <time>2020-09-20T15:11:09.000Z</time>
   </trkpt>
   <trkpt lat="-8.053197" lon="-34.882777">
    <ele>9.7</ele>
    <time>2020-09-20T15:11:10.000Z</time>
   </trkpt>
   <trkpt lat="-8.053178" lon="-34.882824">
    <ele>9.7</ele>
    <time>2020-09-20T15:11:11.000Z</time>
   </trkpt>
   <trkpt lat="-8.053154" lon="-34.88287">
    <ele>9.7</ele>
    <time>2020-09-20T15:11:12.000Z</time>
   </trkpt>
   <trkpt lat="-8.053127" lon="-34.882921">
    <ele>9.7</ele>
    <time>2020-09-20T15:11:13.000Z</time>
   </trkpt>
   <trkpt lat="-8.053105" lon="-34.882963">
    <ele>9.7</ele>
    <time>2020-09-20T15:11:14.000Z</time>
   </trkpt>
   <trkpt lat="-8.053076" lon="-34.883004">
    <ele>9.7</ele>
    <time>2020-09-20T15:11:15.000Z</time>
   </trkpt>
   <trkpt lat="-8.053043" lon="-34.883039">
    <ele>9.8</ele>
    <time>2020-09-20T15:11:16.000Z</time>
   </trkpt>
   <trkpt lat="-8.053021" lon="-34.883086">
    <ele>9.8</ele>
    <time>2020-09-20T15:11:17.000Z</time>
   </trkpt>
   <trkpt lat="-8.052994" lon="-34.883124">
    <ele>9.8</ele>
    <time>2020-09-20T15:11:18.000Z</time>
   </trkpt>
   <trkpt lat="-8.052971" lon="-34.883156">
    <ele>9.8</ele>
    <time>2020-09-20T15:11:19.000Z</time>
   </trkpt>
   <trkpt lat="-8.052961" lon="-34.883181">
    <ele>9.8</ele>
    <time>2020-09-20T15:11:20.000Z</time>
   </trkpt>
   <trkpt lat="-8.052936" lon="-34.883208">
    <ele>9.8</ele>
    <time>2020-09-20T15:11:21.000Z</time>
   </trkpt>
   <trkpt lat="-8.052917" lon="-34.883244">
    <ele>9.8</ele>
    <time>2020-09-20T15:11:22.000Z</time>
   </trkpt>
   <trkpt lat="-8.052903" lon="-34.883277">
    <ele>9.8</ele>
    <time>2020-09-20T15:11:23.000Z</time>
   </trkpt>
   <trkpt lat="-8.052881" lon="-34.883308">
    <ele>9.8</ele>
    <time>2020-09-20T15:11:24.000Z</time>
   </trkpt>
   <trkpt lat="-8.052866" lon="-34.883339">
    <ele>9.8</ele>
    <time>2020-09-20T15:11:25.000Z</time>
   </trkpt>
   <trkpt lat="-8.052851" lon="-34.883371">
    <ele>9.9</ele>
    <time>2020-09-20T15:11:26.000Z</time>
   </trkpt>
   <trkpt lat="-8.052826" lon="-34.883405">
    <ele>9.9</ele>
    <time>2020-09-20T15:11:27.000Z</time>
   </trkpt>
   <trkpt lat="-8.052798" lon="-34.883436">
    <ele>9.9</ele>
    <time>2020-09-20T15:11:28.000Z</time>
   </trkpt>
   <trkpt lat="-8.052776" lon="-34.883466">
    <ele>9.9</ele>
    <time>2020-09-20T15:11:29.000Z</time>
   </trkpt>
   <trkpt lat="-8.052761" lon="-34.883488">
    <ele>9.9</ele>
    <time>2020-09-20T15:11:30.000Z</time>
   </trkpt>
   <trkpt lat="-8.052742" lon="-34.883529">
    <ele>9.9</ele>
    <time>2020-09-20T15:11:32.000Z</time>
   </trkpt>
   <trkpt lat="-8.052718" lon="-34.883547">
    <ele>9.9</ele>
    <time>2020-09-20T15:11:34.000Z</time>
   </trkpt>
   <trkpt lat="-8.0527" lon="-34.883555">
    <ele>9.9</ele>
    <time>2020-09-20T15:11:39.000Z</time>
   </trkpt>
   <trkpt lat="-8.052636" lon="-34.883646">
    <ele>10</ele>
    <time>2020-09-20T15:11:53.000Z</time>
   </trkpt>
   <trkpt lat="-8.052612" lon="-34.883686">
    <ele>10</ele>
    <time>2020-09-20T15:11:54.000Z</time>
   </trkpt>
   <trkpt lat="-8.052583" lon="-34.883728">
    <ele>10</ele>
    <time>2020-09-20T15:11:55.000Z</time>
   </trkpt>
   <trkpt lat="-8.052542" lon="-34.883774">
    <ele>10</ele>
    <time>2020-09-20T15:11:56.000Z</time>
   </trkpt>
   <trkpt lat="-8.052505" lon="-34.883824">
    <ele>10</ele>
    <time>2020-09-20T15:11:57.000Z</time>
   </trkpt>
   <trkpt lat="-8.052459" lon="-34.883867">
    <ele>10</ele>
    <time>2020-09-20T15:11:58.000Z</time>
   </trkpt>
   <trkpt lat="-8.052424" lon="-34.883907">
    <ele>10.1</ele>
    <time>2020-09-20T15:11:59.000Z</time>
   </trkpt>
   <trkpt lat="-8.052381" lon="-34.883948">
    <ele>10.1</ele>
    <time>2020-09-20T15:12:00.000Z</time>
   </trkpt>
   <trkpt lat="-8.05235" lon="-34.883988">
    <ele>10.1</ele>
    <time>2020-09-20T15:12:01.000Z</time>
   </trkpt>
   <trkpt lat="-8.052317" lon="-34.884037">
    <ele>10.2</ele>
    <time>2020-09-20T15:12:02.000Z</time>
   </trkpt>
   <trkpt lat="-8.052285" lon="-34.88408">
    <ele>10.2</ele>
    <time>2020-09-20T15:12:03.000Z</time>
   </trkpt>
   <trkpt lat="-8.05225" lon="-34.884118">
    <ele>10.3</ele>
    <time>2020-09-20T15:12:04.000Z</time>
   </trkpt>
   <trkpt lat="-8.052212" lon="-34.884169">
    <ele>10.4</ele>
    <time>2020-09-20T15:12:05.000Z</time>
   </trkpt>
   <trkpt lat="-8.052176" lon="-34.884218">
    <ele>10.4</ele>
    <time>2020-09-20T15:12:06.000Z</time>
   </trkpt>
   <trkpt lat="-8.052139" lon="-34.884273">
    <ele>10.5</ele>
    <time>2020-09-20T15:12:07.000Z</time>
   </trkpt>
   <trkpt lat="-8.052096" lon="-34.884327">
    <ele>10.6</ele>
    <time>2020-09-20T15:12:08.000Z</time>
   </trkpt>
   <trkpt lat="-8.052054" lon="-34.88439">
    <ele>10.6</ele>
    <time>2020-09-20T15:12:09.000Z</time>
   </trkpt>
   <trkpt lat="-8.05201" lon="-34.884446">
    <ele>10.7</ele>
    <time>2020-09-20T15:12:10.000Z</time>
   </trkpt>
   <trkpt lat="-8.051974" lon="-34.884498">
    <ele>10.7</ele>
    <time>2020-09-20T15:12:11.000Z</time>
   </trkpt>
   <trkpt lat="-8.051935" lon="-34.884544">
    <ele>10.7</ele>
    <time>2020-09-20T15:12:12.000Z</time>
   </trkpt>
   <trkpt lat="-8.051902" lon="-34.884583">
    <ele>10.7</ele>
    <time>2020-09-20T15:12:13.000Z</time>
   </trkpt>
   <trkpt lat="-8.051855" lon="-34.884637">
    <ele>10.8</ele>
    <time>2020-09-20T15:12:14.000Z</time>
   </trkpt>
   <trkpt lat="-8.051822" lon="-34.884692">
    <ele>10.8</ele>
    <time>2020-09-20T15:12:15.000Z</time>
   </trkpt>
   <trkpt lat="-8.051794" lon="-34.884746">
    <ele>10.8</ele>
    <time>2020-09-20T15:12:16.000Z</time>
   </trkpt>
   <trkpt lat="-8.05175" lon="-34.884805">
    <ele>10.8</ele>
    <time>2020-09-20T15:12:17.000Z</time>
   </trkpt>
   <trkpt lat="-8.051709" lon="-34.884865">
    <ele>10.8</ele>
    <time>2020-09-20T15:12:18.000Z</time>
   </trkpt>
   <trkpt lat="-8.051665" lon="-34.884934">
    <ele>10.9</ele>
    <time>2020-09-20T15:12:19.000Z</time>
   </trkpt>
   <trkpt lat="-8.051625" lon="-34.884993">
    <ele>10.9</ele>
    <time>2020-09-20T15:12:20.000Z</time>
   </trkpt>
   <trkpt lat="-8.051584" lon="-34.885048">
    <ele>11</ele>
    <time>2020-09-20T15:12:21.000Z</time>
   </trkpt>
   <trkpt lat="-8.051543" lon="-34.885089">
    <ele>11</ele>
    <time>2020-09-20T15:12:22.000Z</time>
   </trkpt>
   <trkpt lat="-8.051506" lon="-34.885139">
    <ele>11</ele>
    <time>2020-09-20T15:12:23.000Z</time>
   </trkpt>
   <trkpt lat="-8.051466" lon="-34.885191">
    <ele>11</ele>
    <time>2020-09-20T15:12:24.000Z</time>
   </trkpt>
   <trkpt lat="-8.051424" lon="-34.885247">
    <ele>11</ele>
    <time>2020-09-20T15:12:25.000Z</time>
   </trkpt>
   <trkpt lat="-8.051382" lon="-34.885303">
    <ele>11</ele>
    <time>2020-09-20T15:12:26.000Z</time>
   </trkpt>
   <trkpt lat="-8.051343" lon="-34.885358">
    <ele>11</ele>
    <time>2020-09-20T15:12:27.000Z</time>
   </trkpt>
   <trkpt lat="-8.051298" lon="-34.88541">
    <ele>11</ele>
    <time>2020-09-20T15:12:28.000Z</time>
   </trkpt>
   <trkpt lat="-8.051241" lon="-34.885472">
    <ele>11</ele>
    <time>2020-09-20T15:12:29.000Z</time>
   </trkpt>
   <trkpt lat="-8.051201" lon="-34.885528">
    <ele>11.1</ele>
    <time>2020-09-20T15:12:30.000Z</time>
   </trkpt>
   <trkpt lat="-8.051147" lon="-34.885595">
    <ele>11.1</ele>
    <time>2020-09-20T15:12:31.000Z</time>
   </trkpt>
   <trkpt lat="-8.051097" lon="-34.885667">
    <ele>11.1</ele>
    <time>2020-09-20T15:12:32.000Z</time>
   </trkpt>
   <trkpt lat="-8.051055" lon="-34.885727">
    <ele>11.1</ele>
    <time>2020-09-20T15:12:33.000Z</time>
   </trkpt>
   <trkpt lat="-8.051013" lon="-34.885789">
    <ele>11.1</ele>
    <time>2020-09-20T15:12:34.000Z</time>
   </trkpt>
   <trkpt lat="-8.050969" lon="-34.885846">
    <ele>11.2</ele>
    <time>2020-09-20T15:12:35.000Z</time>
   </trkpt>
   <trkpt lat="-8.050928" lon="-34.8859">
    <ele>11.2</ele>
    <time>2020-09-20T15:12:36.000Z</time>
   </trkpt>
   <trkpt lat="-8.050883" lon="-34.885962">
    <ele>11.2</ele>
    <time>2020-09-20T15:12:37.000Z</time>
   </trkpt>
   <trkpt lat="-8.050845" lon="-34.886015">
    <ele>11.2</ele>
    <time>2020-09-20T15:12:38.000Z</time>
   </trkpt>
   <trkpt lat="-8.050805" lon="-34.886075">
    <ele>11.2</ele>
    <time>2020-09-20T15:12:39.000Z</time>
   </trkpt>
   <trkpt lat="-8.050766" lon="-34.886133">
    <ele>11.2</ele>
    <time>2020-09-20T15:12:40.000Z</time>
   </trkpt>
   <trkpt lat="-8.050731" lon="-34.886186">
    <ele>11.2</ele>
    <time>2020-09-20T15:12:41.000Z</time>
   </trkpt>
   <trkpt lat="-8.050692" lon="-34.886247">
    <ele>11.2</ele>
    <time>2020-09-20T15:12:42.000Z</time>
   </trkpt>
   <trkpt lat="-8.050654" lon="-34.886303">
    <ele>11.2</ele>
    <time>2020-09-20T15:12:43.000Z</time>
   </trkpt>
   <trkpt lat="-8.050615" lon="-34.886342">
    <ele>11.1</ele>
    <time>2020-09-20T15:12:44.000Z</time>
   </trkpt>
   <trkpt lat="-8.050577" lon="-34.886382">
    <ele>11.1</ele>
    <time>2020-09-20T15:12:45.000Z</time>
   </trkpt>
   <trkpt lat="-8.050537" lon="-34.886431">
    <ele>11.1</ele>
    <time>2020-09-20T15:12:46.000Z</time>
   </trkpt>
   <trkpt lat="-8.050494" lon="-34.886483">
    <ele>11</ele>
    <time>2020-09-20T15:12:47.000Z</time>
   </trkpt>
   <trkpt lat="-8.050453" lon="-34.886539">
    <ele>11</ele>
    <time>2020-09-20T15:12:48.000Z</time>
   </trkpt>
   <trkpt lat="-8.050405" lon="-34.886604">
    <ele>11</ele>
    <time>2020-09-20T15:12:49.000Z</time>
   </trkpt>
   <trkpt lat="-8.050358" lon="-34.886663">
    <ele>11</ele>
    <time>2020-09-20T15:12:50.000Z</time>
   </trkpt>
   <trkpt lat="-8.050317" lon="-34.886722">
    <ele>11</ele>
    <time>2020-09-20T15:12:51.000Z</time>
   </trkpt>
   <trkpt lat="-8.050272" lon="-34.886787">
    <ele>10.9</ele>
    <time>2020-09-20T15:12:52.000Z</time>
   </trkpt>
   <trkpt lat="-8.050226" lon="-34.886849">
    <ele>10.9</ele>
    <time>2020-09-20T15:12:53.000Z</time>
   </trkpt>
   <trkpt lat="-8.05018" lon="-34.886908">
    <ele>10.8</ele>
    <time>2020-09-20T15:12:54.000Z</time>
   </trkpt>
   <trkpt lat="-8.050136" lon="-34.886969">
    <ele>10.7</ele>
    <time>2020-09-20T15:12:55.000Z</time>
   </trkpt>
   <trkpt lat="-8.050096" lon="-34.887022">
    <ele>10.7</ele>
    <time>2020-09-20T15:12:56.000Z</time>
   </trkpt>
   <trkpt lat="-8.050049" lon="-34.887081">
    <ele>10.6</ele>
    <time>2020-09-20T15:12:57.000Z</time>
   </trkpt>
   <trkpt lat="-8.050001" lon="-34.887138">
    <ele>10.6</ele>
    <time>2020-09-20T15:12:58.000Z</time>
   </trkpt>
   <trkpt lat="-8.049957" lon="-34.887194">
    <ele>10.6</ele>
    <time>2020-09-20T15:12:59.000Z</time>
   </trkpt>
   <trkpt lat="-8.049913" lon="-34.887245">
    <ele>10.5</ele>
    <time>2020-09-20T15:13:00.000Z</time>
   </trkpt>
   <trkpt lat="-8.049863" lon="-34.887302">
    <ele>10.5</ele>
    <time>2020-09-20T15:13:01.000Z</time>
   </trkpt>
   <trkpt lat="-8.049823" lon="-34.887347">
    <ele>10.5</ele>
    <time>2020-09-20T15:13:02.000Z</time>
   </trkpt>
   <trkpt lat="-8.049781" lon="-34.887394">
    <ele>10.4</ele>
    <time>2020-09-20T15:13:03.000Z</time>
   </trkpt>
   <trkpt lat="-8.049723" lon="-34.887449">
    <ele>10.4</ele>
    <time>2020-09-20T15:13:04.000Z</time>
   </trkpt>
   <trkpt lat="-8.049669" lon="-34.887487">
    <ele>10.3</ele>
    <time>2020-09-20T15:13:05.000Z</time>
   </trkpt>
   <trkpt lat="-8.049617" lon="-34.887517">
    <ele>10.2</ele>
    <time>2020-09-20T15:13:06.000Z</time>
   </trkpt>
   <trkpt lat="-8.049553" lon="-34.887559">
    <ele>10.1</ele>
    <time>2020-09-20T15:13:07.000Z</time>
   </trkpt>
   <trkpt lat="-8.049496" lon="-34.88759">
    <ele>10.1</ele>
    <time>2020-09-20T15:13:08.000Z</time>
   </trkpt>
   <trkpt lat="-8.049437" lon="-34.887615">
    <ele>10.1</ele>
    <time>2020-09-20T15:13:09.000Z</time>
   </trkpt>
   <trkpt lat="-8.049384" lon="-34.88764">
    <ele>10</ele>
    <time>2020-09-20T15:13:10.000Z</time>
   </trkpt>
   <trkpt lat="-8.04933" lon="-34.887662">
    <ele>10</ele>
    <time>2020-09-20T15:13:11.000Z</time>
   </trkpt>
   <trkpt lat="-8.04929" lon="-34.887678">
    <ele>10</ele>
    <time>2020-09-20T15:13:12.000Z</time>
   </trkpt>
   <trkpt lat="-8.049254" lon="-34.88769">
    <ele>10</ele>
    <time>2020-09-20T15:13:13.000Z</time>
   </trkpt>
   <trkpt lat="-8.04921" lon="-34.887709">
    <ele>10</ele>
    <time>2020-09-20T15:13:14.000Z</time>
   </trkpt>
   <trkpt lat="-8.049155" lon="-34.887731">
    <ele>10</ele>
    <time>2020-09-20T15:13:15.000Z</time>
   </trkpt>
   <trkpt lat="-8.049106" lon="-34.887761">
    <ele>10</ele>
    <time>2020-09-20T15:13:16.000Z</time>
   </trkpt>
   <trkpt lat="-8.049058" lon="-34.887777">
    <ele>10</ele>
    <time>2020-09-20T15:13:17.000Z</time>
   </trkpt>
   <trkpt lat="-8.049026" lon="-34.887789">
    <ele>10</ele>
    <time>2020-09-20T15:13:18.000Z</time>
   </trkpt>
   <trkpt lat="-8.049013" lon="-34.887814">
    <ele>10</ele>
    <time>2020-09-20T15:13:19.000Z</time>
   </trkpt>
   <trkpt lat="-8.049002" lon="-34.887836">
    <ele>10</ele>
    <time>2020-09-20T15:13:20.000Z</time>
   </trkpt>
   <trkpt lat="-8.049029" lon="-34.887911">
    <ele>10</ele>
    <time>2020-09-20T15:13:22.000Z</time>
   </trkpt>
   <trkpt lat="-8.049047" lon="-34.887945">
    <ele>10.1</ele>
    <time>2020-09-20T15:13:23.000Z</time>
   </trkpt>
   <trkpt lat="-8.049067" lon="-34.887979">
    <ele>10.1</ele>
    <time>2020-09-20T15:13:24.000Z</time>
   </trkpt>
   <trkpt lat="-8.049098" lon="-34.888018">
    <ele>10.1</ele>
    <time>2020-09-20T15:13:25.000Z</time>
   </trkpt>
   <trkpt lat="-8.049119" lon="-34.88805">
    <ele>10.2</ele>
    <time>2020-09-20T15:13:26.000Z</time>
   </trkpt>
   <trkpt lat="-8.049152" lon="-34.888094">
    <ele>10.2</ele>
    <time>2020-09-20T15:13:27.000Z</time>
   </trkpt>
   <trkpt lat="-8.049177" lon="-34.888129">
    <ele>10.3</ele>
    <time>2020-09-20T15:13:28.000Z</time>
   </trkpt>
   <trkpt lat="-8.049199" lon="-34.888157">
    <ele>10.3</ele>
    <time>2020-09-20T15:13:29.000Z</time>
   </trkpt>
   <trkpt lat="-8.049222" lon="-34.888199">
    <ele>10.3</ele>
    <time>2020-09-20T15:13:30.000Z</time>
   </trkpt>
   <trkpt lat="-8.04923" lon="-34.888213">
    <ele>10.4</ele>
    <time>2020-09-20T15:13:31.000Z</time>
   </trkpt>
   <trkpt lat="-8.049271" lon="-34.888275">
    <ele>10.5</ele>
    <time>2020-09-20T15:13:33.000Z</time>
   </trkpt>
   <trkpt lat="-8.049291" lon="-34.888311">
    <ele>10.5</ele>
    <time>2020-09-20T15:13:34.000Z</time>
   </trkpt>
   <trkpt lat="-8.049317" lon="-34.88835">
    <ele>10.6</ele>
    <time>2020-09-20T15:13:35.000Z</time>
   </trkpt>
   <trkpt lat="-8.04934" lon="-34.888386">
    <ele>10.6</ele>
    <time>2020-09-20T15:13:36.000Z</time>
   </trkpt>
   <trkpt lat="-8.049362" lon="-34.888421">
    <ele>10.7</ele>
    <time>2020-09-20T15:13:37.000Z</time>
   </trkpt>
   <trkpt lat="-8.049396" lon="-34.888462">
    <ele>10.8</ele>
    <time>2020-09-20T15:13:38.000Z</time>
   </trkpt>
   <trkpt lat="-8.049423" lon="-34.888504">
    <ele>10.8</ele>
    <time>2020-09-20T15:13:39.000Z</time>
   </trkpt>
   <trkpt lat="-8.049443" lon="-34.888537">
    <ele>10.9</ele>
    <time>2020-09-20T15:13:40.000Z</time>
   </trkpt>
   <trkpt lat="-8.049459" lon="-34.888572">
    <ele>11</ele>
    <time>2020-09-20T15:13:41.000Z</time>
   </trkpt>
   <trkpt lat="-8.049487" lon="-34.888612">
    <ele>11</ele>
    <time>2020-09-20T15:13:42.000Z</time>
   </trkpt>
   <trkpt lat="-8.049507" lon="-34.888651">
    <ele>11</ele>
    <time>2020-09-20T15:13:43.000Z</time>
   </trkpt>
   <trkpt lat="-8.049527" lon="-34.8887">
    <ele>11.1</ele>
    <time>2020-09-20T15:13:44.000Z</time>
   </trkpt>
   <trkpt lat="-8.049544" lon="-34.888751">
    <ele>11.1</ele>
    <time>2020-09-20T15:13:45.000Z</time>
   </trkpt>
   <trkpt lat="-8.049562" lon="-34.888804">
    <ele>11.1</ele>
    <time>2020-09-20T15:13:46.000Z</time>
   </trkpt>
   <trkpt lat="-8.049579" lon="-34.888855">
    <ele>11.1</ele>
    <time>2020-09-20T15:13:47.000Z</time>
   </trkpt>
   <trkpt lat="-8.049593" lon="-34.888905">
    <ele>11.1</ele>
    <time>2020-09-20T15:13:48.000Z</time>
   </trkpt>
   <trkpt lat="-8.049602" lon="-34.888957">
    <ele>11.1</ele>
    <time>2020-09-20T15:13:49.000Z</time>
   </trkpt>
   <trkpt lat="-8.049601" lon="-34.88901">
    <ele>11.2</ele>
    <time>2020-09-20T15:13:50.000Z</time>
   </trkpt>
   <trkpt lat="-8.049607" lon="-34.889062">
    <ele>11.2</ele>
    <time>2020-09-20T15:13:51.000Z</time>
   </trkpt>
   <trkpt lat="-8.049626" lon="-34.889118">
    <ele>11.2</ele>
    <time>2020-09-20T15:13:52.000Z</time>
   </trkpt>
   <trkpt lat="-8.049638" lon="-34.889169">
    <ele>11.3</ele>
    <time>2020-09-20T15:13:53.000Z</time>
   </trkpt>
   <trkpt lat="-8.049648" lon="-34.889216">
    <ele>11.3</ele>
    <time>2020-09-20T15:13:54.000Z</time>
   </trkpt>
   <trkpt lat="-8.049665" lon="-34.889264">
    <ele>11.3</ele>
    <time>2020-09-20T15:13:55.000Z</time>
   </trkpt>
   <trkpt lat="-8.049673" lon="-34.889298">
    <ele>11.4</ele>
    <time>2020-09-20T15:13:56.000Z</time>
   </trkpt>
   <trkpt lat="-8.049681" lon="-34.889333">
    <ele>11.4</ele>
    <time>2020-09-20T15:13:57.000Z</time>
   </trkpt>
   <trkpt lat="-8.049685" lon="-34.889372">
    <ele>11.4</ele>
    <time>2020-09-20T15:13:58.000Z</time>
   </trkpt>
   <trkpt lat="-8.049692" lon="-34.889411">
    <ele>11.4</ele>
    <time>2020-09-20T15:13:59.000Z</time>
   </trkpt>
   <trkpt lat="-8.049699" lon="-34.889449">
    <ele>11.5</ele>
    <time>2020-09-20T15:14:00.000Z</time>
   </trkpt>
   <trkpt lat="-8.049706" lon="-34.889481">
    <ele>11.5</ele>
    <time>2020-09-20T15:14:01.000Z</time>
   </trkpt>
   <trkpt lat="-8.049707" lon="-34.889517">
    <ele>11.5</ele>
    <time>2020-09-20T15:14:02.000Z</time>
   </trkpt>
   <trkpt lat="-8.049711" lon="-34.889552">
    <ele>11.5</ele>
    <time>2020-09-20T15:14:03.000Z</time>
   </trkpt>
   <trkpt lat="-8.049717" lon="-34.889586">
    <ele>11.5</ele>
    <time>2020-09-20T15:14:04.000Z</time>
   </trkpt>
   <trkpt lat="-8.049726" lon="-34.889618">
    <ele>11.6</ele>
    <time>2020-09-20T15:14:05.000Z</time>
   </trkpt>
   <trkpt lat="-8.049734" lon="-34.889645">
    <ele>11.6</ele>
    <time>2020-09-20T15:14:06.000Z</time>
   </trkpt>
   <trkpt lat="-8.04974" lon="-34.889674">
    <ele>11.6</ele>
    <time>2020-09-20T15:14:07.000Z</time>
   </trkpt>
   <trkpt lat="-8.049737" lon="-34.88971">
    <ele>11.6</ele>
    <time>2020-09-20T15:14:08.000Z</time>
   </trkpt>
   <trkpt lat="-8.049741" lon="-34.889754">
    <ele>11.6</ele>
    <time>2020-09-20T15:14:09.000Z</time>
   </trkpt>
   <trkpt lat="-8.049734" lon="-34.889806">
    <ele>11.6</ele>
    <time>2020-09-20T15:14:10.000Z</time>
   </trkpt>
   <trkpt lat="-8.049727" lon="-34.889834">
    <ele>11.7</ele>
    <time>2020-09-20T15:14:11.000Z</time>
   </trkpt>
   <trkpt lat="-8.049716" lon="-34.88986">
    <ele>11.7</ele>
    <time>2020-09-20T15:14:12.000Z</time>
   </trkpt>
   <trkpt lat="-8.049704" lon="-34.889887">
    <ele>11.7</ele>
    <time>2020-09-20T15:14:13.000Z</time>
   </trkpt>
   <trkpt lat="-8.049696" lon="-34.889912">
    <ele>11.7</ele>
    <time>2020-09-20T15:14:14.000Z</time>
   </trkpt>
   <trkpt lat="-8.049683" lon="-34.889959">
    <ele>11.7</ele>
    <time>2020-09-20T15:14:16.000Z</time>
   </trkpt>
   <trkpt lat="-8.049675" lon="-34.890017">
    <ele>11.8</ele>
    <time>2020-09-20T15:14:18.000Z</time>
   </trkpt>
   <trkpt lat="-8.049669" lon="-34.890045">
    <ele>11.7</ele>
    <time>2020-09-20T15:14:19.000Z</time>
   </trkpt>
   <trkpt lat="-8.049663" lon="-34.890081">
    <ele>11.7</ele>
    <time>2020-09-20T15:14:20.000Z</time>
   </trkpt>
   <trkpt lat="-8.049659" lon="-34.890117">
    <ele>11.7</ele>
    <time>2020-09-20T15:14:21.000Z</time>
   </trkpt>
   <trkpt lat="-8.049657" lon="-34.890148">
    <ele>11.7</ele>
    <time>2020-09-20T15:14:22.000Z</time>
   </trkpt>
   <trkpt lat="-8.049659" lon="-34.890174">
    <ele>11.7</ele>
    <time>2020-09-20T15:14:23.000Z</time>
   </trkpt>
   <trkpt lat="-8.049651" lon="-34.890242">
    <ele>11.7</ele>
    <time>2020-09-20T15:14:25.000Z</time>
   </trkpt>
   <trkpt lat="-8.049656" lon="-34.890282">
    <ele>11.6</ele>
    <time>2020-09-20T15:14:26.000Z</time>
   </trkpt>
   <trkpt lat="-8.049659" lon="-34.890317">
    <ele>11.6</ele>
    <time>2020-09-20T15:14:27.000Z</time>
   </trkpt>
   <trkpt lat="-8.049668" lon="-34.890347">
    <ele>11.6</ele>
    <time>2020-09-20T15:14:28.000Z</time>
   </trkpt>
   <trkpt lat="-8.04967" lon="-34.890369">
    <ele>11.6</ele>
    <time>2020-09-20T15:14:29.000Z</time>
   </trkpt>
   <trkpt lat="-8.049667" lon="-34.890416">
    <ele>11.6</ele>
    <time>2020-09-20T15:14:31.000Z</time>
   </trkpt>
   <trkpt lat="-8.049657" lon="-34.890462">
    <ele>11.6</ele>
    <time>2020-09-20T15:14:33.000Z</time>
   </trkpt>
   <trkpt lat="-8.049655" lon="-34.890521">
    <ele>11.5</ele>
    <time>2020-09-20T15:14:35.000Z</time>
   </trkpt>
   <trkpt lat="-8.049649" lon="-34.890554">
    <ele>11.5</ele>
    <time>2020-09-20T15:14:36.000Z</time>
   </trkpt>
   <trkpt lat="-8.049649" lon="-34.890589">
    <ele>11.5</ele>
    <time>2020-09-20T15:14:37.000Z</time>
   </trkpt>
   <trkpt lat="-8.049644" lon="-34.890626">
    <ele>11.5</ele>
    <time>2020-09-20T15:14:38.000Z</time>
   </trkpt>
   <trkpt lat="-8.049634" lon="-34.890667">
    <ele>11.5</ele>
    <time>2020-09-20T15:14:39.000Z</time>
   </trkpt>
   <trkpt lat="-8.049624" lon="-34.890704">
    <ele>11.5</ele>
    <time>2020-09-20T15:14:40.000Z</time>
   </trkpt>
   <trkpt lat="-8.04961" lon="-34.890744">
    <ele>11.4</ele>
    <time>2020-09-20T15:14:41.000Z</time>
   </trkpt>
   <trkpt lat="-8.049597" lon="-34.890785">
    <ele>11.4</ele>
    <time>2020-09-20T15:14:42.000Z</time>
   </trkpt>
   <trkpt lat="-8.049584" lon="-34.890827">
    <ele>11.4</ele>
    <time>2020-09-20T15:14:43.000Z</time>
   </trkpt>
   <trkpt lat="-8.049572" lon="-34.890864">
    <ele>11.4</ele>
    <time>2020-09-20T15:14:44.000Z</time>
   </trkpt>
   <trkpt lat="-8.049558" lon="-34.890903">
    <ele>11.4</ele>
    <time>2020-09-20T15:14:45.000Z</time>
   </trkpt>
   <trkpt lat="-8.04954" lon="-34.890942">
    <ele>11.4</ele>
    <time>2020-09-20T15:14:46.000Z</time>
   </trkpt>
   <trkpt lat="-8.049531" lon="-34.890981">
    <ele>11.3</ele>
    <time>2020-09-20T15:14:47.000Z</time>
   </trkpt>
   <trkpt lat="-8.049522" lon="-34.891019">
    <ele>11.3</ele>
    <time>2020-09-20T15:14:48.000Z</time>
   </trkpt>
   <trkpt lat="-8.04951" lon="-34.89105">
    <ele>11.3</ele>
    <time>2020-09-20T15:14:49.000Z</time>
   </trkpt>
   <trkpt lat="-8.049489" lon="-34.891078">
    <ele>11.3</ele>
    <time>2020-09-20T15:14:50.000Z</time>
   </trkpt>
   <trkpt lat="-8.049471" lon="-34.891106">
    <ele>11.3</ele>
    <time>2020-09-20T15:14:51.000Z</time>
   </trkpt>
   <trkpt lat="-8.049453" lon="-34.891137">
    <ele>11.2</ele>
    <time>2020-09-20T15:14:52.000Z</time>
   </trkpt>
   <trkpt lat="-8.049435" lon="-34.891176">
    <ele>11.2</ele>
    <time>2020-09-20T15:14:53.000Z</time>
   </trkpt>
   <trkpt lat="-8.049425" lon="-34.891198">
    <ele>11.2</ele>
    <time>2020-09-20T15:14:54.000Z</time>
   </trkpt>
   <trkpt lat="-8.049421" lon="-34.891273">
    <ele>11.2</ele>
    <time>2020-09-20T15:14:56.000Z</time>
   </trkpt>
   <trkpt lat="-8.049411" lon="-34.891298">
    <ele>11.2</ele>
    <time>2020-09-20T15:14:57.000Z</time>
   </trkpt>
   <trkpt lat="-8.049389" lon="-34.891367">
    <ele>11.1</ele>
    <time>2020-09-20T15:14:59.000Z</time>
   </trkpt>
   <trkpt lat="-8.049372" lon="-34.891413">
    <ele>11.1</ele>
    <time>2020-09-20T15:15:00.000Z</time>
   </trkpt>
   <trkpt lat="-8.049362" lon="-34.891456">
    <ele>11.1</ele>
    <time>2020-09-20T15:15:01.000Z</time>
   </trkpt>
   <trkpt lat="-8.049349" lon="-34.891494">
    <ele>11</ele>
    <time>2020-09-20T15:15:02.000Z</time>
   </trkpt>
   <trkpt lat="-8.049331" lon="-34.891534">
    <ele>11</ele>
    <time>2020-09-20T15:15:03.000Z</time>
   </trkpt>
   <trkpt lat="-8.049305" lon="-34.891573">
    <ele>11</ele>
    <time>2020-09-20T15:15:04.000Z</time>
   </trkpt>
   <trkpt lat="-8.049271" lon="-34.891608">
    <ele>10.9</ele>
    <time>2020-09-20T15:15:05.000Z</time>
   </trkpt>
   <trkpt lat="-8.049253" lon="-34.89164">
    <ele>10.9</ele>
    <time>2020-09-20T15:15:06.000Z</time>
   </trkpt>
   <trkpt lat="-8.049235" lon="-34.891683">
    <ele>10.8</ele>
    <time>2020-09-20T15:15:07.000Z</time>
   </trkpt>
   <trkpt lat="-8.049215" lon="-34.891724">
    <ele>10.7</ele>
    <time>2020-09-20T15:15:08.000Z</time>
   </trkpt>
   <trkpt lat="-8.049199" lon="-34.891762">
    <ele>10.6</ele>
    <time>2020-09-20T15:15:09.000Z</time>
   </trkpt>
   <trkpt lat="-8.049183" lon="-34.8918">
    <ele>10.5</ele>
    <time>2020-09-20T15:15:10.000Z</time>
   </trkpt>
   <trkpt lat="-8.049166" lon="-34.891838">
    <ele>10.5</ele>
    <time>2020-09-20T15:15:11.000Z</time>
   </trkpt>
   <trkpt lat="-8.04915" lon="-34.89188">
    <ele>10.4</ele>
    <time>2020-09-20T15:15:12.000Z</time>
   </trkpt>
   <trkpt lat="-8.049124" lon="-34.891923">
    <ele>10.3</ele>
    <time>2020-09-20T15:15:13.000Z</time>
   </trkpt>
   <trkpt lat="-8.049113" lon="-34.891952">
    <ele>10.2</ele>
    <time>2020-09-20T15:15:14.000Z</time>
   </trkpt>
   <trkpt lat="-8.049096" lon="-34.891981">
    <ele>10.2</ele>
    <time>2020-09-20T15:15:15.000Z</time>
   </trkpt>
   <trkpt lat="-8.049077" lon="-34.892002">
    <ele>10.1</ele>
    <time>2020-09-20T15:15:16.000Z</time>
   </trkpt>
   <trkpt lat="-8.049062" lon="-34.892017">
    <ele>10.1</ele>
    <time>2020-09-20T15:15:17.000Z</time>
   </trkpt>
   <trkpt lat="-8.049053" lon="-34.892026">
    <ele>10</ele>
    <time>2020-09-20T15:15:20.000Z</time>
   </trkpt>
   <trkpt lat="-8.049051" lon="-34.892029">
    <ele>10</ele>
    <time>2020-09-20T15:15:24.000Z</time>
   </trkpt>
   <trkpt lat="-8.049039" lon="-34.892083">
    <ele>9.9</ele>
    <time>2020-09-20T15:22:53.000Z</time>
   </trkpt>
   <trkpt lat="-8.049029" lon="-34.892142">
    <ele>9.8</ele>
    <time>2020-09-20T15:22:55.000Z</time>
   </trkpt>
   <trkpt lat="-8.049014" lon="-34.892161">
    <ele>9.8</ele>
    <time>2020-09-20T15:22:56.000Z</time>
   </trkpt>
   <trkpt lat="-8.048979" lon="-34.892203">
    <ele>9.6</ele>
    <time>2020-09-20T15:22:58.000Z</time>
   </trkpt>
   <trkpt lat="-8.048939" lon="-34.892224">
    <ele>9.6</ele>
    <time>2020-09-20T15:23:00.000Z</time>
   </trkpt>
   <trkpt lat="-8.048928" lon="-34.892255">
    <ele>9.5</ele>
    <time>2020-09-20T15:23:02.000Z</time>
   </trkpt>
   <trkpt lat="-8.048924" lon="-34.89229">
    <ele>9.5</ele>
    <time>2020-09-20T15:23:05.000Z</time>
   </trkpt>
   <trkpt lat="-8.048905" lon="-34.892311">
    <ele>9.5</ele>
    <time>2020-09-20T15:23:08.000Z</time>
   </trkpt>
   <trkpt lat="-8.048898" lon="-34.892355">
    <ele>9.4</ele>
    <time>2020-09-20T15:23:12.000Z</time>
   </trkpt>
   <trkpt lat="-8.048892" lon="-34.892387">
    <ele>9.4</ele>
    <time>2020-09-20T15:23:16.000Z</time>
   </trkpt>
   <trkpt lat="-8.04884" lon="-34.892443">
    <ele>9.5</ele>
    <time>2020-09-20T15:23:37.000Z</time>
   </trkpt>
   <trkpt lat="-8.048809" lon="-34.892482">
    <ele>9.6</ele>
    <time>2020-09-20T15:23:39.000Z</time>
   </trkpt>
   <trkpt lat="-8.048794" lon="-34.892521">
    <ele>9.7</ele>
    <time>2020-09-20T15:23:41.000Z</time>
   </trkpt>
   <trkpt lat="-8.048775" lon="-34.892568">
    <ele>9.9</ele>
    <time>2020-09-20T15:23:43.000Z</time>
   </trkpt>
   <trkpt lat="-8.048767" lon="-34.892605">
    <ele>9.9</ele>
    <time>2020-09-20T15:23:45.000Z</time>
   </trkpt>
   <trkpt lat="-8.048751" lon="-34.892644">
    <ele>10.1</ele>
    <time>2020-09-20T15:23:47.000Z</time>
   </trkpt>
   <trkpt lat="-8.048746" lon="-34.892673">
    <ele>10.1</ele>
    <time>2020-09-20T15:23:49.000Z</time>
   </trkpt>
   <trkpt lat="-8.048727" lon="-34.892717">
    <ele>10.2</ele>
    <time>2020-09-20T15:23:51.000Z</time>
   </trkpt>
   <trkpt lat="-8.048716" lon="-34.892746">
    <ele>10.3</ele>
    <time>2020-09-20T15:23:52.000Z</time>
   </trkpt>
   <trkpt lat="-8.04871" lon="-34.892775">
    <ele>10.3</ele>
    <time>2020-09-20T15:23:53.000Z</time>
   </trkpt>
   <trkpt lat="-8.048705" lon="-34.892797">
    <ele>10.3</ele>
    <time>2020-09-20T15:23:54.000Z</time>
   </trkpt>
   <trkpt lat="-8.048705" lon="-34.892835">
    <ele>10.3</ele>
    <time>2020-09-20T15:23:56.000Z</time>
   </trkpt>
   <trkpt lat="-8.048705" lon="-34.892872">
    <ele>10.3</ele>
    <time>2020-09-20T15:23:58.000Z</time>
   </trkpt>
   <trkpt lat="-8.048701" lon="-34.892894">
    <ele>10.3</ele>
    <time>2020-09-20T15:24:00.000Z</time>
   </trkpt>
   <trkpt lat="-8.048686" lon="-34.892924">
    <ele>10.3</ele>
    <time>2020-09-20T15:24:03.000Z</time>
   </trkpt>
   <trkpt lat="-8.048676" lon="-34.892951">
    <ele>10.3</ele>
    <time>2020-09-20T15:24:06.000Z</time>
   </trkpt>
   <trkpt lat="-8.04865" lon="-34.892979">
    <ele>10.3</ele>
    <time>2020-09-20T15:24:10.000Z</time>
   </trkpt>
   <trkpt lat="-8.048625" lon="-34.893029">
    <ele>10.2</ele>
    <time>2020-09-20T15:24:14.000Z</time>
   </trkpt>
   <trkpt lat="-8.048602" lon="-34.893033">
    <ele>10.2</ele>
    <time>2020-09-20T15:24:16.000Z</time>
   </trkpt>
   <trkpt lat="-8.048521" lon="-34.893132">
    <ele>10</ele>
    <time>2020-09-20T15:25:10.000Z</time>
   </trkpt>
   <trkpt lat="-8.048509" lon="-34.893169">
    <ele>9.9</ele>
    <time>2020-09-20T15:25:11.000Z</time>
   </trkpt>
   <trkpt lat="-8.048495" lon="-34.893214">
    <ele>9.9</ele>
    <time>2020-09-20T15:25:12.000Z</time>
   </trkpt>
   <trkpt lat="-8.048476" lon="-34.893254">
    <ele>9.8</ele>
    <time>2020-09-20T15:25:13.000Z</time>
   </trkpt>
   <trkpt lat="-8.048457" lon="-34.893297">
    <ele>9.8</ele>
    <time>2020-09-20T15:25:14.000Z</time>
   </trkpt>
   <trkpt lat="-8.04844" lon="-34.893349">
    <ele>9.7</ele>
    <time>2020-09-20T15:25:15.000Z</time>
   </trkpt>
   <trkpt lat="-8.04842" lon="-34.893406">
    <ele>9.7</ele>
    <time>2020-09-20T15:25:16.000Z</time>
   </trkpt>
   <trkpt lat="-8.048399" lon="-34.893468">
    <ele>9.6</ele>
    <time>2020-09-20T15:25:17.000Z</time>
   </trkpt>
   <trkpt lat="-8.048378" lon="-34.89352">
    <ele>9.5</ele>
    <time>2020-09-20T15:25:18.000Z</time>
   </trkpt>
   <trkpt lat="-8.048361" lon="-34.893564">
    <ele>9.5</ele>
    <time>2020-09-20T15:25:19.000Z</time>
   </trkpt>
   <trkpt lat="-8.048346" lon="-34.893608">
    <ele>9.5</ele>
    <time>2020-09-20T15:25:20.000Z</time>
   </trkpt>
   <trkpt lat="-8.048329" lon="-34.893659">
    <ele>9.4</ele>
    <time>2020-09-20T15:25:21.000Z</time>
   </trkpt>
   <trkpt lat="-8.048314" lon="-34.893704">
    <ele>9.4</ele>
    <time>2020-09-20T15:25:22.000Z</time>
   </trkpt>
   <trkpt lat="-8.04829" lon="-34.893749">
    <ele>9.4</ele>
    <time>2020-09-20T15:25:23.000Z</time>
   </trkpt>
   <trkpt lat="-8.04826" lon="-34.893802">
    <ele>9.4</ele>
    <time>2020-09-20T15:25:24.000Z</time>
   </trkpt>
   <trkpt lat="-8.048233" lon="-34.893857">
    <ele>9.5</ele>
    <time>2020-09-20T15:25:25.000Z</time>
   </trkpt>
   <trkpt lat="-8.048209" lon="-34.893911">
    <ele>9.5</ele>
    <time>2020-09-20T15:25:26.000Z</time>
   </trkpt>
   <trkpt lat="-8.048182" lon="-34.893966">
    <ele>9.6</ele>
    <time>2020-09-20T15:25:27.000Z</time>
   </trkpt>
   <trkpt lat="-8.048153" lon="-34.894024">
    <ele>9.7</ele>
    <time>2020-09-20T15:25:28.000Z</time>
   </trkpt>
   <trkpt lat="-8.048124" lon="-34.894083">
    <ele>9.8</ele>
    <time>2020-09-20T15:25:29.000Z</time>
   </trkpt>
   <trkpt lat="-8.048099" lon="-34.89414">
    <ele>9.9</ele>
    <time>2020-09-20T15:25:30.000Z</time>
   </trkpt>
   <trkpt lat="-8.048074" lon="-34.894193">
    <ele>9.9</ele>
    <time>2020-09-20T15:25:31.000Z</time>
   </trkpt>
   <trkpt lat="-8.048047" lon="-34.894239">
    <ele>10</ele>
    <time>2020-09-20T15:25:32.000Z</time>
   </trkpt>
   <trkpt lat="-8.048023" lon="-34.894291">
    <ele>10.1</ele>
    <time>2020-09-20T15:25:33.000Z</time>
   </trkpt>
   <trkpt lat="-8.047998" lon="-34.894347">
    <ele>10.2</ele>
    <time>2020-09-20T15:25:34.000Z</time>
   </trkpt>
   <trkpt lat="-8.047971" lon="-34.894404">
    <ele>10.3</ele>
    <time>2020-09-20T15:25:35.000Z</time>
   </trkpt>
   <trkpt lat="-8.047936" lon="-34.894473">
    <ele>10.4</ele>
    <time>2020-09-20T15:25:36.000Z</time>
   </trkpt>
   <trkpt lat="-8.047893" lon="-34.894541">
    <ele>10.6</ele>
    <time>2020-09-20T15:25:37.000Z</time>
   </trkpt>
   <trkpt lat="-8.047855" lon="-34.894605">
    <ele>10.7</ele>
    <time>2020-09-20T15:25:38.000Z</time>
   </trkpt>
   <trkpt lat="-8.04782" lon="-34.89467">
    <ele>10.8</ele>
    <time>2020-09-20T15:25:39.000Z</time>
   </trkpt>
   <trkpt lat="-8.047781" lon="-34.894726">
    <ele>10.9</ele>
    <time>2020-09-20T15:25:40.000Z</time>
   </trkpt>
   <trkpt lat="-8.047746" lon="-34.894779">
    <ele>11</ele>
    <time>2020-09-20T15:25:41.000Z</time>
   </trkpt>
   <trkpt lat="-8.047708" lon="-34.894837">
    <ele>11.1</ele>
    <time>2020-09-20T15:25:42.000Z</time>
   </trkpt>
   <trkpt lat="-8.047679" lon="-34.894884">
    <ele>11.1</ele>
    <time>2020-09-20T15:25:43.000Z</time>
   </trkpt>
   <trkpt lat="-8.047655" lon="-34.894925">
    <ele>11.2</ele>
    <time>2020-09-20T15:25:44.000Z</time>
   </trkpt>
   <trkpt lat="-8.047631" lon="-34.894963">
    <ele>11.2</ele>
    <time>2020-09-20T15:25:45.000Z</time>
   </trkpt>
   <trkpt lat="-8.047572" lon="-34.895011">
    <ele>11.3</ele>
    <time>2020-09-20T15:25:46.000Z</time>
   </trkpt>
   <trkpt lat="-8.047523" lon="-34.895047">
    <ele>11.3</ele>
    <time>2020-09-20T15:25:47.000Z</time>
   </trkpt>
   <trkpt lat="-8.047467" lon="-34.895062">
    <ele>11.5</ele>
    <time>2020-09-20T15:25:48.000Z</time>
   </trkpt>
   <trkpt lat="-8.047423" lon="-34.895065">
    <ele>11.6</ele>
    <time>2020-09-20T15:25:49.000Z</time>
   </trkpt>
   <trkpt lat="-8.047403" lon="-34.89507">
    <ele>11.6</ele>
    <time>2020-09-20T15:25:50.000Z</time>
   </trkpt>
   <trkpt lat="-8.047381" lon="-34.895079">
    <ele>11.6</ele>
    <time>2020-09-20T15:25:52.000Z</time>
   </trkpt>
   <trkpt lat="-8.047394" lon="-34.895071">
    <ele>11.6</ele>
    <time>2020-09-20T15:25:55.000Z</time>
   </trkpt>
   <trkpt lat="-8.04736" lon="-34.89508">
    <ele>11.7</ele>
    <time>2020-09-20T15:25:58.000Z</time>
   </trkpt>
   <trkpt lat="-8.047324" lon="-34.895041">
    <ele>11.7</ele>
    <time>2020-09-20T15:26:00.000Z</time>
   </trkpt>
   <trkpt lat="-8.047304" lon="-34.895012">
    <ele>11.7</ele>
    <time>2020-09-20T15:26:01.000Z</time>
   </trkpt>
   <trkpt lat="-8.04727" lon="-34.894982">
    <ele>11.8</ele>
    <time>2020-09-20T15:26:02.000Z</time>
   </trkpt>
   <trkpt lat="-8.04724" lon="-34.894966">
    <ele>11.8</ele>
    <time>2020-09-20T15:26:03.000Z</time>
   </trkpt>
   <trkpt lat="-8.047209" lon="-34.894959">
    <ele>11.8</ele>
    <time>2020-09-20T15:26:04.000Z</time>
   </trkpt>
   <trkpt lat="-8.04718" lon="-34.894958">
    <ele>11.8</ele>
    <time>2020-09-20T15:26:05.000Z</time>
   </trkpt>
   <trkpt lat="-8.04714" lon="-34.894954">
    <ele>11.8</ele>
    <time>2020-09-20T15:26:06.000Z</time>
   </trkpt>
   <trkpt lat="-8.047094" lon="-34.894957">
    <ele>11.9</ele>
    <time>2020-09-20T15:26:07.000Z</time>
   </trkpt>
   <trkpt lat="-8.047053" lon="-34.894949">
    <ele>11.9</ele>
    <time>2020-09-20T15:26:08.000Z</time>
   </trkpt>
   <trkpt lat="-8.047005" lon="-34.894936">
    <ele>11.9</ele>
    <time>2020-09-20T15:26:09.000Z</time>
   </trkpt>
   <trkpt lat="-8.046946" lon="-34.894942">
    <ele>12</ele>
    <time>2020-09-20T15:26:10.000Z</time>
   </trkpt>
   <trkpt lat="-8.046884" lon="-34.894946">
    <ele>12</ele>
    <time>2020-09-20T15:26:11.000Z</time>
   </trkpt>
   <trkpt lat="-8.046813" lon="-34.894955">
    <ele>12</ele>
    <time>2020-09-20T15:26:12.000Z</time>
   </trkpt>
   <trkpt lat="-8.04675" lon="-34.894958">
    <ele>12.1</ele>
    <time>2020-09-20T15:26:13.000Z</time>
   </trkpt>
   <trkpt lat="-8.046693" lon="-34.894944">
    <ele>12.1</ele>
    <time>2020-09-20T15:26:14.000Z</time>
   </trkpt>
   <trkpt lat="-8.046648" lon="-34.894917">
    <ele>12.2</ele>
    <time>2020-09-20T15:26:15.000Z</time>
   </trkpt>
   <trkpt lat="-8.046601" lon="-34.894891">
    <ele>12.2</ele>
    <time>2020-09-20T15:26:16.000Z</time>
   </trkpt>
   <trkpt lat="-8.046553" lon="-34.894857">
    <ele>12.3</ele>
    <time>2020-09-20T15:26:17.000Z</time>
   </trkpt>
   <trkpt lat="-8.046507" lon="-34.894825">
    <ele>12.3</ele>
    <time>2020-09-20T15:26:18.000Z</time>
   </trkpt>
   <trkpt lat="-8.046462" lon="-34.894799">
    <ele>12.4</ele>
    <time>2020-09-20T15:26:19.000Z</time>
   </trkpt>
   <trkpt lat="-8.046417" lon="-34.894784">
    <ele>12.4</ele>
    <time>2020-09-20T15:26:20.000Z</time>
   </trkpt>
   <trkpt lat="-8.046366" lon="-34.894767">
    <ele>12.5</ele>
    <time>2020-09-20T15:26:21.000Z</time>
   </trkpt>
   <trkpt lat="-8.046322" lon="-34.894754">
    <ele>12.5</ele>
    <time>2020-09-20T15:26:22.000Z</time>
   </trkpt>
   <trkpt lat="-8.046279" lon="-34.894737">
    <ele>12.6</ele>
    <time>2020-09-20T15:26:23.000Z</time>
   </trkpt>
   <trkpt lat="-8.046248" lon="-34.894723">
    <ele>12.6</ele>
    <time>2020-09-20T15:26:24.000Z</time>
   </trkpt>
   <trkpt lat="-8.046215" lon="-34.894713">
    <ele>12.7</ele>
    <time>2020-09-20T15:26:25.000Z</time>
   </trkpt>
   <trkpt lat="-8.046178" lon="-34.894709">
    <ele>12.7</ele>
    <time>2020-09-20T15:26:26.000Z</time>
   </trkpt>
   <trkpt lat="-8.046145" lon="-34.894708">
    <ele>13.1</ele>
    <time>2020-09-20T15:26:27.000Z</time>
   </trkpt>
   <trkpt lat="-8.046109" lon="-34.894706">
    <ele>13.1</ele>
    <time>2020-09-20T15:26:28.000Z</time>
   </trkpt>
   <trkpt lat="-8.046065" lon="-34.894703">
    <ele>13.1</ele>
    <time>2020-09-20T15:26:29.000Z</time>
   </trkpt>
   <trkpt lat="-8.046038" lon="-34.894708">
    <ele>13.1</ele>
    <time>2020-09-20T15:26:30.000Z</time>
   </trkpt>
   <trkpt lat="-8.046016" lon="-34.894733">
    <ele>13.2</ele>
    <time>2020-09-20T15:26:31.000Z</time>
   </trkpt>
   <trkpt lat="-8.046008" lon="-34.894767">
    <ele>13.2</ele>
    <time>2020-09-20T15:26:32.000Z</time>
   </trkpt>
   <trkpt lat="-8.045996" lon="-34.894799">
    <ele>13.2</ele>
    <time>2020-09-20T15:26:33.000Z</time>
   </trkpt>
   <trkpt lat="-8.04598" lon="-34.894847">
    <ele>13.2</ele>
    <time>2020-09-20T15:26:34.000Z</time>
   </trkpt>
   <trkpt lat="-8.045963" lon="-34.894886">
    <ele>13.2</ele>
    <time>2020-09-20T15:26:35.000Z</time>
   </trkpt>
   <trkpt lat="-8.045949" lon="-34.894908">
    <ele>13.2</ele>
    <time>2020-09-20T15:26:36.000Z</time>
   </trkpt>
   <trkpt lat="-8.045926" lon="-34.89495">
    <ele>13.2</ele>
    <time>2020-09-20T15:26:38.000Z</time>
   </trkpt>
   <trkpt lat="-8.045924" lon="-34.895007">
    <ele>13.2</ele>
    <time>2020-09-20T15:26:40.000Z</time>
   </trkpt>
   <trkpt lat="-8.045926" lon="-34.895023">
    <ele>13.2</ele>
    <time>2020-09-20T15:26:41.000Z</time>
   </trkpt>
   <trkpt lat="-8.045905" lon="-34.895067">
    <ele>13.2</ele>
    <time>2020-09-20T15:26:43.000Z</time>
   </trkpt>
   <trkpt lat="-8.045864" lon="-34.895114">
    <ele>13.2</ele>
    <time>2020-09-20T15:26:44.000Z</time>
   </trkpt>
   <trkpt lat="-8.045845" lon="-34.895138">
    <ele>13.2</ele>
    <time>2020-09-20T15:26:45.000Z</time>
   </trkpt>
   <trkpt lat="-8.045839" lon="-34.895176">
    <ele>13.2</ele>
    <time>2020-09-20T15:26:46.000Z</time>
   </trkpt>
   <trkpt lat="-8.045837" lon="-34.895211">
    <ele>13.2</ele>
    <time>2020-09-20T15:26:47.000Z</time>
   </trkpt>
   <trkpt lat="-8.045835" lon="-34.895235">
    <ele>13.3</ele>
    <time>2020-09-20T15:26:48.000Z</time>
   </trkpt>
   <trkpt lat="-8.045832" lon="-34.89525">
    <ele>13.3</ele>
    <time>2020-09-20T15:26:50.000Z</time>
   </trkpt>
   <trkpt lat="-8.04577" lon="-34.895246">
    <ele>13.3</ele>
    <time>2020-09-20T15:26:54.000Z</time>
   </trkpt>
   <trkpt lat="-8.045687" lon="-34.895238">
    <ele>13.3</ele>
    <time>2020-09-20T15:26:57.000Z</time>
   </trkpt>
   <trkpt lat="-8.045605" lon="-34.895231">
    <ele>13.3</ele>
    <time>2020-09-20T15:27:12.000Z</time>
   </trkpt>
   <trkpt lat="-8.045522" lon="-34.895223">
    <ele>13.3</ele>
    <time>2020-09-20T15:27:13.000Z</time>
   </trkpt>
   <trkpt lat="-8.045475" lon="-34.895201">
    <ele>13.3</ele>
    <time>2020-09-20T15:27:14.000Z</time>
   </trkpt>
   <trkpt lat="-8.045426" lon="-34.895172">
    <ele>13.3</ele>
    <time>2020-09-20T15:27:15.000Z</time>
   </trkpt>
   <trkpt lat="-8.045375" lon="-34.895138">
    <ele>13.4</ele>
    <time>2020-09-20T15:27:16.000Z</time>
   </trkpt>
   <trkpt lat="-8.045333" lon="-34.895108">
    <ele>13.4</ele>
    <time>2020-09-20T15:27:17.000Z</time>
   </trkpt>
   <trkpt lat="-8.045284" lon="-34.895081">
    <ele>13.4</ele>
    <time>2020-09-20T15:27:18.000Z</time>
   </trkpt>
   <trkpt lat="-8.045243" lon="-34.895061">
    <ele>13.5</ele>
    <time>2020-09-20T15:27:19.000Z</time>
   </trkpt>
   <trkpt lat="-8.045207" lon="-34.895062">
    <ele>13.5</ele>
    <time>2020-09-20T15:27:20.000Z</time>
   </trkpt>
   <trkpt lat="-8.045173" lon="-34.895068">
    <ele>13.5</ele>
    <time>2020-09-20T15:27:21.000Z</time>
   </trkpt>
   <trkpt lat="-8.045138" lon="-34.895078">
    <ele>13.5</ele>
    <time>2020-09-20T15:27:22.000Z</time>
   </trkpt>
   <trkpt lat="-8.045105" lon="-34.895079">
    <ele>13.5</ele>
    <time>2020-09-20T15:27:23.000Z</time>
   </trkpt>
   <trkpt lat="-8.045056" lon="-34.895082">
    <ele>13.5</ele>
    <time>2020-09-20T15:27:24.000Z</time>
   </trkpt>
   <trkpt lat="-8.045014" lon="-34.895071">
    <ele>13.5</ele>
    <time>2020-09-20T15:27:25.000Z</time>
   </trkpt>
   <trkpt lat="-8.044973" lon="-34.895064">
    <ele>13.5</ele>
    <time>2020-09-20T15:27:26.000Z</time>
   </trkpt>
   <trkpt lat="-8.044942" lon="-34.895052">
    <ele>13.5</ele>
    <time>2020-09-20T15:27:27.000Z</time>
   </trkpt>
   <trkpt lat="-8.0449" lon="-34.895047">
    <ele>13.6</ele>
    <time>2020-09-20T15:27:28.000Z</time>
   </trkpt>
   <trkpt lat="-8.044859" lon="-34.895044">
    <ele>13.6</ele>
    <time>2020-09-20T15:27:29.000Z</time>
   </trkpt>
   <trkpt lat="-8.044819" lon="-34.895033">
    <ele>13.6</ele>
    <time>2020-09-20T15:27:30.000Z</time>
   </trkpt>
   <trkpt lat="-8.044807" lon="-34.895016">
    <ele>13.6</ele>
    <time>2020-09-20T15:27:31.000Z</time>
   </trkpt>
   <trkpt lat="-8.044775" lon="-34.894956">
    <ele>13.6</ele>
    <time>2020-09-20T15:27:33.000Z</time>
   </trkpt>
   <trkpt lat="-8.044761" lon="-34.894914">
    <ele>13.6</ele>
    <time>2020-09-20T15:27:34.000Z</time>
   </trkpt>
   <trkpt lat="-8.04475" lon="-34.894875">
    <ele>13.6</ele>
    <time>2020-09-20T15:27:35.000Z</time>
   </trkpt>
   <trkpt lat="-8.044733" lon="-34.894838">
    <ele>13.6</ele>
    <time>2020-09-20T15:27:36.000Z</time>
   </trkpt>
   <trkpt lat="-8.044712" lon="-34.894795">
    <ele>13.7</ele>
    <time>2020-09-20T15:27:37.000Z</time>
   </trkpt>
   <trkpt lat="-8.044687" lon="-34.894734">
    <ele>13.7</ele>
    <time>2020-09-20T15:27:38.000Z</time>
   </trkpt>
   <trkpt lat="-8.044654" lon="-34.894664">
    <ele>13.7</ele>
    <time>2020-09-20T15:27:39.000Z</time>
   </trkpt>
   <trkpt lat="-8.044624" lon="-34.894618">
    <ele>13.7</ele>
    <time>2020-09-20T15:27:40.000Z</time>
   </trkpt>
   <trkpt lat="-8.044603" lon="-34.894586">
    <ele>13.7</ele>
    <time>2020-09-20T15:27:41.000Z</time>
   </trkpt>
   <trkpt lat="-8.044592" lon="-34.894536">
    <ele>13.7</ele>
    <time>2020-09-20T15:27:42.000Z</time>
   </trkpt>
   <trkpt lat="-8.044572" lon="-34.894488">
    <ele>13.7</ele>
    <time>2020-09-20T15:27:43.000Z</time>
   </trkpt>
   <trkpt lat="-8.04454" lon="-34.894461">
    <ele>13.7</ele>
    <time>2020-09-20T15:27:44.000Z</time>
   </trkpt>
   <trkpt lat="-8.044511" lon="-34.89443">
    <ele>13.7</ele>
    <time>2020-09-20T15:27:45.000Z</time>
   </trkpt>
   <trkpt lat="-8.044478" lon="-34.894369">
    <ele>13.8</ele>
    <time>2020-09-20T15:27:46.000Z</time>
   </trkpt>
   <trkpt lat="-8.044426" lon="-34.894337">
    <ele>13.8</ele>
    <time>2020-09-20T15:27:47.000Z</time>
   </trkpt>
   <trkpt lat="-8.044397" lon="-34.894309">
    <ele>13.8</ele>
    <time>2020-09-20T15:27:48.000Z</time>
   </trkpt>
   <trkpt lat="-8.044352" lon="-34.894293">
    <ele>13.8</ele>
    <time>2020-09-20T15:27:49.000Z</time>
   </trkpt>
   <trkpt lat="-8.044272" lon="-34.894265">
    <ele>13.9</ele>
    <time>2020-09-20T15:27:50.000Z</time>
   </trkpt>
   <trkpt lat="-8.044218" lon="-34.894234">
    <ele>13.9</ele>
    <time>2020-09-20T15:27:51.000Z</time>
   </trkpt>
   <trkpt lat="-8.044168" lon="-34.894208">
    <ele>13.9</ele>
    <time>2020-09-20T15:27:52.000Z</time>
   </trkpt>
   <trkpt lat="-8.044121" lon="-34.894181">
    <ele>13.9</ele>
    <time>2020-09-20T15:27:53.000Z</time>
   </trkpt>
   <trkpt lat="-8.044083" lon="-34.894158">
    <ele>13.9</ele>
    <time>2020-09-20T15:27:54.000Z</time>
   </trkpt>
   <trkpt lat="-8.044056" lon="-34.894139">
    <ele>13.9</ele>
    <time>2020-09-20T15:27:55.000Z</time>
   </trkpt>
   <trkpt lat="-8.044017" lon="-34.894119">
    <ele>13.9</ele>
    <time>2020-09-20T15:27:56.000Z</time>
   </trkpt>
   <trkpt lat="-8.043981" lon="-34.894091">
    <ele>13.9</ele>
    <time>2020-09-20T15:27:57.000Z</time>
   </trkpt>
   <trkpt lat="-8.043941" lon="-34.894058">
    <ele>13.9</ele>
    <time>2020-09-20T15:27:58.000Z</time>
   </trkpt>
   <trkpt lat="-8.043898" lon="-34.89402">
    <ele>13.9</ele>
    <time>2020-09-20T15:27:59.000Z</time>
   </trkpt>
   <trkpt lat="-8.043874" lon="-34.893987">
    <ele>14</ele>
    <time>2020-09-20T15:28:00.000Z</time>
   </trkpt>
   <trkpt lat="-8.043846" lon="-34.893959">
    <ele>14</ele>
    <time>2020-09-20T15:28:01.000Z</time>
   </trkpt>
   <trkpt lat="-8.043819" lon="-34.893939">
    <ele>14</ele>
    <time>2020-09-20T15:28:02.000Z</time>
   </trkpt>
   <trkpt lat="-8.043793" lon="-34.893913">
    <ele>14</ele>
    <time>2020-09-20T15:28:03.000Z</time>
   </trkpt>
   <trkpt lat="-8.043767" lon="-34.893894">
    <ele>14</ele>
    <time>2020-09-20T15:28:04.000Z</time>
   </trkpt>
   <trkpt lat="-8.043735" lon="-34.89387">
    <ele>14</ele>
    <time>2020-09-20T15:28:05.000Z</time>
   </trkpt>
   <trkpt lat="-8.043712" lon="-34.893848">
    <ele>14</ele>
    <time>2020-09-20T15:28:06.000Z</time>
   </trkpt>
   <trkpt lat="-8.043684" lon="-34.893815">
    <ele>14.1</ele>
    <time>2020-09-20T15:28:07.000Z</time>
   </trkpt>
   <trkpt lat="-8.043644" lon="-34.893787">
    <ele>14.1</ele>
    <time>2020-09-20T15:28:08.000Z</time>
   </trkpt>
   <trkpt lat="-8.043612" lon="-34.893747">
    <ele>14.1</ele>
    <time>2020-09-20T15:28:09.000Z</time>
   </trkpt>
   <trkpt lat="-8.043584" lon="-34.893721">
    <ele>14.1</ele>
    <time>2020-09-20T15:28:10.000Z</time>
   </trkpt>
   <trkpt lat="-8.043572" lon="-34.8937">
    <ele>14.2</ele>
    <time>2020-09-20T15:28:11.000Z</time>
   </trkpt>
   <trkpt lat="-8.043529" lon="-34.893667">
    <ele>14.2</ele>
    <time>2020-09-20T15:28:13.000Z</time>
   </trkpt>
   <trkpt lat="-8.043496" lon="-34.893624">
    <ele>14.2</ele>
    <time>2020-09-20T15:28:15.000Z</time>
   </trkpt>
   <trkpt lat="-8.043488" lon="-34.893598">
    <ele>14.2</ele>
    <time>2020-09-20T15:28:17.000Z</time>
   </trkpt>
   <trkpt lat="-8.043447" lon="-34.893567">
    <ele>14.3</ele>
    <time>2020-09-20T15:28:19.000Z</time>
   </trkpt>
   <trkpt lat="-8.043413" lon="-34.893541">
    <ele>14.3</ele>
    <time>2020-09-20T15:28:20.000Z</time>
   </trkpt>
   <trkpt lat="-8.04338" lon="-34.89351">
    <ele>14.3</ele>
    <time>2020-09-20T15:28:21.000Z</time>
   </trkpt>
   <trkpt lat="-8.043343" lon="-34.893479">
    <ele>14.3</ele>
    <time>2020-09-20T15:28:22.000Z</time>
   </trkpt>
   <trkpt lat="-8.043298" lon="-34.893444">
    <ele>14.3</ele>
    <time>2020-09-20T15:28:23.000Z</time>
   </trkpt>
   <trkpt lat="-8.043249" lon="-34.893387">
    <ele>14.2</ele>
    <time>2020-09-20T15:28:24.000Z</time>
   </trkpt>
   <trkpt lat="-8.043207" lon="-34.893355">
    <ele>14.1</ele>
    <time>2020-09-20T15:28:25.000Z</time>
   </trkpt>
   <trkpt lat="-8.043169" lon="-34.893327">
    <ele>14.1</ele>
    <time>2020-09-20T15:28:26.000Z</time>
   </trkpt>
   <trkpt lat="-8.043136" lon="-34.893311">
    <ele>14.1</ele>
    <time>2020-09-20T15:28:27.000Z</time>
   </trkpt>
   <trkpt lat="-8.043101" lon="-34.893295">
    <ele>14.1</ele>
    <time>2020-09-20T15:28:28.000Z</time>
   </trkpt>
   <trkpt lat="-8.043068" lon="-34.893274">
    <ele>14.1</ele>
    <time>2020-09-20T15:28:29.000Z</time>
   </trkpt>
   <trkpt lat="-8.043028" lon="-34.893239">
    <ele>14.1</ele>
    <time>2020-09-20T15:28:30.000Z</time>
   </trkpt>
   <trkpt lat="-8.042986" lon="-34.893202">
    <ele>14</ele>
    <time>2020-09-20T15:28:31.000Z</time>
   </trkpt>
   <trkpt lat="-8.042948" lon="-34.893172">
    <ele>14</ele>
    <time>2020-09-20T15:28:32.000Z</time>
   </trkpt>
   <trkpt lat="-8.042913" lon="-34.893141">
    <ele>14</ele>
    <time>2020-09-20T15:28:33.000Z</time>
   </trkpt>
   <trkpt lat="-8.042881" lon="-34.893104">
    <ele>14</ele>
    <time>2020-09-20T15:28:34.000Z</time>
   </trkpt>
   <trkpt lat="-8.042852" lon="-34.893073">
    <ele>14</ele>
    <time>2020-09-20T15:28:35.000Z</time>
   </trkpt>
   <trkpt lat="-8.042825" lon="-34.893047">
    <ele>14</ele>
    <time>2020-09-20T15:28:36.000Z</time>
   </trkpt>
   <trkpt lat="-8.042794" lon="-34.893017">
    <ele>14</ele>
    <time>2020-09-20T15:28:37.000Z</time>
   </trkpt>
   <trkpt lat="-8.042762" lon="-34.892989">
    <ele>13.9</ele>
    <time>2020-09-20T15:28:38.000Z</time>
   </trkpt>
   <trkpt lat="-8.042734" lon="-34.89296">
    <ele>13.9</ele>
    <time>2020-09-20T15:28:39.000Z</time>
   </trkpt>
   <trkpt lat="-8.042702" lon="-34.892933">
    <ele>13.9</ele>
    <time>2020-09-20T15:28:40.000Z</time>
   </trkpt>
   <trkpt lat="-8.042672" lon="-34.892915">
    <ele>13.9</ele>
    <time>2020-09-20T15:28:41.000Z</time>
   </trkpt>
   <trkpt lat="-8.042649" lon="-34.892908">
    <ele>13.9</ele>
    <time>2020-09-20T15:28:42.000Z</time>
   </trkpt>
   <trkpt lat="-8.042608" lon="-34.892878">
    <ele>13.8</ele>
    <time>2020-09-20T15:28:44.000Z</time>
   </trkpt>
   <trkpt lat="-8.042553" lon="-34.892859">
    <ele>13.8</ele>
    <time>2020-09-20T15:28:46.000Z</time>
   </trkpt>
   <trkpt lat="-8.042478" lon="-34.892807">
    <ele>13.8</ele>
    <time>2020-09-20T15:28:48.000Z</time>
   </trkpt>
   <trkpt lat="-8.042444" lon="-34.8928">
    <ele>13.7</ele>
    <time>2020-09-20T15:28:49.000Z</time>
   </trkpt>
   <trkpt lat="-8.042417" lon="-34.892789">
    <ele>13.7</ele>
    <time>2020-09-20T15:28:50.000Z</time>
   </trkpt>
   <trkpt lat="-8.042393" lon="-34.892766">
    <ele>13.7</ele>
    <time>2020-09-20T15:28:51.000Z</time>
   </trkpt>
   <trkpt lat="-8.042371" lon="-34.892755">
    <ele>13.7</ele>
    <time>2020-09-20T15:28:52.000Z</time>
   </trkpt>
   <trkpt lat="-8.042326" lon="-34.892718">
    <ele>13.7</ele>
    <time>2020-09-20T15:28:54.000Z</time>
   </trkpt>
   <trkpt lat="-8.042288" lon="-34.892707">
    <ele>13.6</ele>
    <time>2020-09-20T15:28:56.000Z</time>
   </trkpt>
   <trkpt lat="-8.042243" lon="-34.892683">
    <ele>13.6</ele>
    <time>2020-09-20T15:28:58.000Z</time>
   </trkpt>
   <trkpt lat="-8.042184" lon="-34.892646">
    <ele>13.6</ele>
    <time>2020-09-20T15:29:00.000Z</time>
   </trkpt>
   <trkpt lat="-8.042153" lon="-34.892618">
    <ele>13.5</ele>
    <time>2020-09-20T15:29:01.000Z</time>
   </trkpt>
   <trkpt lat="-8.042119" lon="-34.892592">
    <ele>13.5</ele>
    <time>2020-09-20T15:29:02.000Z</time>
   </trkpt>
   <trkpt lat="-8.042089" lon="-34.892562">
    <ele>13.4</ele>
    <time>2020-09-20T15:29:03.000Z</time>
   </trkpt>
   <trkpt lat="-8.042067" lon="-34.892538">
    <ele>13.4</ele>
    <time>2020-09-20T15:29:04.000Z</time>
   </trkpt>
   <trkpt lat="-8.04204" lon="-34.892505">
    <ele>13.3</ele>
    <time>2020-09-20T15:29:05.000Z</time>
   </trkpt>
   <trkpt lat="-8.042008" lon="-34.892465">
    <ele>13.2</ele>
    <time>2020-09-20T15:29:06.000Z</time>
   </trkpt>
   <trkpt lat="-8.041979" lon="-34.892439">
    <ele>13.2</ele>
    <time>2020-09-20T15:29:07.000Z</time>
   </trkpt>
   <trkpt lat="-8.041945" lon="-34.892413">
    <ele>13.1</ele>
    <time>2020-09-20T15:29:08.000Z</time>
   </trkpt>
   <trkpt lat="-8.041897" lon="-34.892386">
    <ele>13.1</ele>
    <time>2020-09-20T15:29:09.000Z</time>
   </trkpt>
   <trkpt lat="-8.041853" lon="-34.892372">
    <ele>13</ele>
    <time>2020-09-20T15:29:10.000Z</time>
   </trkpt>
   <trkpt lat="-8.041815" lon="-34.892358">
    <ele>13</ele>
    <time>2020-09-20T15:29:11.000Z</time>
   </trkpt>
   <trkpt lat="-8.041778" lon="-34.892331">
    <ele>12.9</ele>
    <time>2020-09-20T15:29:12.000Z</time>
   </trkpt>
   <trkpt lat="-8.041744" lon="-34.89229">
    <ele>12.9</ele>
    <time>2020-09-20T15:29:13.000Z</time>
   </trkpt>
   <trkpt lat="-8.041708" lon="-34.892243">
    <ele>12.8</ele>
    <time>2020-09-20T15:29:14.000Z</time>
   </trkpt>
   <trkpt lat="-8.041674" lon="-34.89219">
    <ele>12.7</ele>
    <time>2020-09-20T15:29:15.000Z</time>
   </trkpt>
   <trkpt lat="-8.041647" lon="-34.892153">
    <ele>12.7</ele>
    <time>2020-09-20T15:29:16.000Z</time>
   </trkpt>
   <trkpt lat="-8.04162" lon="-34.892117">
    <ele>12.7</ele>
    <time>2020-09-20T15:29:17.000Z</time>
   </trkpt>
   <trkpt lat="-8.041588" lon="-34.892075">
    <ele>12.6</ele>
    <time>2020-09-20T15:29:18.000Z</time>
   </trkpt>
   <trkpt lat="-8.041558" lon="-34.892041">
    <ele>12.6</ele>
    <time>2020-09-20T15:29:19.000Z</time>
   </trkpt>
   <trkpt lat="-8.041536" lon="-34.891991">
    <ele>12.5</ele>
    <time>2020-09-20T15:29:20.000Z</time>
   </trkpt>
   <trkpt lat="-8.041504" lon="-34.891946">
    <ele>12.5</ele>
    <time>2020-09-20T15:29:21.000Z</time>
   </trkpt>
   <trkpt lat="-8.041477" lon="-34.891914">
    <ele>12.5</ele>
    <time>2020-09-20T15:29:22.000Z</time>
   </trkpt>
   <trkpt lat="-8.041448" lon="-34.891886">
    <ele>12.4</ele>
    <time>2020-09-20T15:29:23.000Z</time>
   </trkpt>
   <trkpt lat="-8.041411" lon="-34.891861">
    <ele>12.4</ele>
    <time>2020-09-20T15:29:24.000Z</time>
   </trkpt>
   <trkpt lat="-8.041379" lon="-34.891832">
    <ele>12.4</ele>
    <time>2020-09-20T15:29:25.000Z</time>
   </trkpt>
   <trkpt lat="-8.041353" lon="-34.891803">
    <ele>12.3</ele>
    <time>2020-09-20T15:29:26.000Z</time>
   </trkpt>
   <trkpt lat="-8.04133" lon="-34.891779">
    <ele>12.3</ele>
    <time>2020-09-20T15:29:27.000Z</time>
   </trkpt>
   <trkpt lat="-8.041306" lon="-34.891763">
    <ele>12.3</ele>
    <time>2020-09-20T15:29:28.000Z</time>
   </trkpt>
   <trkpt lat="-8.041289" lon="-34.891749">
    <ele>12.3</ele>
    <time>2020-09-20T15:29:29.000Z</time>
   </trkpt>
   <trkpt lat="-8.041271" lon="-34.891715">
    <ele>12.3</ele>
    <time>2020-09-20T15:29:31.000Z</time>
   </trkpt>
   <trkpt lat="-8.041207" lon="-34.891685">
    <ele>12.2</ele>
    <time>2020-09-20T15:29:33.000Z</time>
   </trkpt>
   <trkpt lat="-8.041182" lon="-34.891696">
    <ele>12.1</ele>
    <time>2020-09-20T15:29:34.000Z</time>
   </trkpt>
   <trkpt lat="-8.041166" lon="-34.891701">
    <ele>12.1</ele>
    <time>2020-09-20T15:29:35.000Z</time>
   </trkpt>
   <trkpt lat="-8.041131" lon="-34.891694">
    <ele>12.2</ele>
    <time>2020-09-20T15:29:37.000Z</time>
   </trkpt>
   <trkpt lat="-8.041087" lon="-34.891694">
    <ele>12.2</ele>
    <time>2020-09-20T15:29:39.000Z</time>
   </trkpt>
   <trkpt lat="-8.041025" lon="-34.891727">
    <ele>12.2</ele>
    <time>2020-09-20T15:29:41.000Z</time>
   </trkpt>
   <trkpt lat="-8.040995" lon="-34.891741">
    <ele>12.2</ele>
    <time>2020-09-20T15:29:42.000Z</time>
   </trkpt>
   <trkpt lat="-8.04097" lon="-34.891753">
    <ele>12.2</ele>
    <time>2020-09-20T15:29:43.000Z</time>
   </trkpt>
   <trkpt lat="-8.040948" lon="-34.891766">
    <ele>12.2</ele>
    <time>2020-09-20T15:29:44.000Z</time>
   </trkpt>
   <trkpt lat="-8.040906" lon="-34.89178">
    <ele>12.2</ele>
    <time>2020-09-20T15:29:46.000Z</time>
   </trkpt>
   <trkpt lat="-8.040858" lon="-34.891799">
    <ele>12.3</ele>
    <time>2020-09-20T15:29:48.000Z</time>
   </trkpt>
   <trkpt lat="-8.040829" lon="-34.89181">
    <ele>12.3</ele>
    <time>2020-09-20T15:29:49.000Z</time>
   </trkpt>
   <trkpt lat="-8.040795" lon="-34.891827">
    <ele>12.3</ele>
    <time>2020-09-20T15:29:50.000Z</time>
   </trkpt>
   <trkpt lat="-8.040772" lon="-34.891839">
    <ele>12.3</ele>
    <time>2020-09-20T15:29:51.000Z</time>
   </trkpt>
   <trkpt lat="-8.040704" lon="-34.891867">
    <ele>12.4</ele>
    <time>2020-09-20T15:29:53.000Z</time>
   </trkpt>
   <trkpt lat="-8.040674" lon="-34.891877">
    <ele>12.4</ele>
    <time>2020-09-20T15:29:54.000Z</time>
   </trkpt>
   <trkpt lat="-8.040646" lon="-34.891889">
    <ele>12.4</ele>
    <time>2020-09-20T15:29:55.000Z</time>
   </trkpt>
   <trkpt lat="-8.040605" lon="-34.891911">
    <ele>12.4</ele>
    <time>2020-09-20T15:29:56.000Z</time>
   </trkpt>
   <trkpt lat="-8.040573" lon="-34.891927">
    <ele>12.4</ele>
    <time>2020-09-20T15:29:57.000Z</time>
   </trkpt>
   <trkpt lat="-8.040526" lon="-34.891947">
    <ele>12.4</ele>
    <time>2020-09-20T15:29:58.000Z</time>
   </trkpt>
   <trkpt lat="-8.040488" lon="-34.891962">
    <ele>12.4</ele>
    <time>2020-09-20T15:29:59.000Z</time>
   </trkpt>
   <trkpt lat="-8.04045" lon="-34.891976">
    <ele>12.4</ele>
    <time>2020-09-20T15:30:00.000Z</time>
   </trkpt>
   <trkpt lat="-8.040413" lon="-34.891995">
    <ele>12.4</ele>
    <time>2020-09-20T15:30:01.000Z</time>
   </trkpt>
   <trkpt lat="-8.040385" lon="-34.892009">
    <ele>12.4</ele>
    <time>2020-09-20T15:30:02.000Z</time>
   </trkpt>
   <trkpt lat="-8.040346" lon="-34.89202">
    <ele>12.4</ele>
    <time>2020-09-20T15:30:03.000Z</time>
   </trkpt>
   <trkpt lat="-8.040304" lon="-34.89203">
    <ele>12.4</ele>
    <time>2020-09-20T15:30:04.000Z</time>
   </trkpt>
   <trkpt lat="-8.040245" lon="-34.892022">
    <ele>12.5</ele>
    <time>2020-09-20T15:30:05.000Z</time>
   </trkpt>
   <trkpt lat="-8.040208" lon="-34.892029">
    <ele>12.5</ele>
    <time>2020-09-20T15:30:06.000Z</time>
   </trkpt>
   <trkpt lat="-8.040172" lon="-34.892035">
    <ele>12.5</ele>
    <time>2020-09-20T15:30:07.000Z</time>
   </trkpt>
   <trkpt lat="-8.040138" lon="-34.892039">
    <ele>12.5</ele>
    <time>2020-09-20T15:30:08.000Z</time>
   </trkpt>
   <trkpt lat="-8.040093" lon="-34.892049">
    <ele>12.5</ele>
    <time>2020-09-20T15:30:09.000Z</time>
   </trkpt>
   <trkpt lat="-8.040049" lon="-34.89207">
    <ele>12.6</ele>
    <time>2020-09-20T15:30:10.000Z</time>
   </trkpt>
   <trkpt lat="-8.040017" lon="-34.892083">
    <ele>12.6</ele>
    <time>2020-09-20T15:30:11.000Z</time>
   </trkpt>
   <trkpt lat="-8.039981" lon="-34.892092">
    <ele>12.6</ele>
    <time>2020-09-20T15:30:12.000Z</time>
   </trkpt>
   <trkpt lat="-8.039941" lon="-34.892112">
    <ele>12.6</ele>
    <time>2020-09-20T15:30:13.000Z</time>
   </trkpt>
   <trkpt lat="-8.039908" lon="-34.892139">
    <ele>12.6</ele>
    <time>2020-09-20T15:30:14.000Z</time>
   </trkpt>
   <trkpt lat="-8.039874" lon="-34.892178">
    <ele>12.7</ele>
    <time>2020-09-20T15:30:15.000Z</time>
   </trkpt>
   <trkpt lat="-8.039854" lon="-34.892202">
    <ele>12.7</ele>
    <time>2020-09-20T15:30:16.000Z</time>
   </trkpt>
   <trkpt lat="-8.039831" lon="-34.89222">
    <ele>12.7</ele>
    <time>2020-09-20T15:30:17.000Z</time>
   </trkpt>
   <trkpt lat="-8.039804" lon="-34.892221">
    <ele>12.5</ele>
    <time>2020-09-20T15:30:18.000Z</time>
   </trkpt>
   <trkpt lat="-8.039731" lon="-34.892213">
    <ele>12.5</ele>
    <time>2020-09-20T15:30:20.000Z</time>
   </trkpt>
   <trkpt lat="-8.039685" lon="-34.892217">
    <ele>12.5</ele>
    <time>2020-09-20T15:30:21.000Z</time>
   </trkpt>
   <trkpt lat="-8.039647" lon="-34.892219">
    <ele>12.5</ele>
    <time>2020-09-20T15:30:22.000Z</time>
   </trkpt>
   <trkpt lat="-8.039596" lon="-34.892222">
    <ele>12.4</ele>
    <time>2020-09-20T15:30:23.000Z</time>
   </trkpt>
   <trkpt lat="-8.039564" lon="-34.892224">
    <ele>12.4</ele>
    <time>2020-09-20T15:30:24.000Z</time>
   </trkpt>
   <trkpt lat="-8.03952" lon="-34.892223">
    <ele>12.4</ele>
    <time>2020-09-20T15:30:25.000Z</time>
   </trkpt>
   <trkpt lat="-8.039491" lon="-34.892221">
    <ele>12.4</ele>
    <time>2020-09-20T15:30:26.000Z</time>
   </trkpt>
   <trkpt lat="-8.039459" lon="-34.892215">
    <ele>12.4</ele>
    <time>2020-09-20T15:30:27.000Z</time>
   </trkpt>
   <trkpt lat="-8.039428" lon="-34.892209">
    <ele>12.4</ele>
    <time>2020-09-20T15:30:28.000Z</time>
   </trkpt>
   <trkpt lat="-8.03939" lon="-34.892202">
    <ele>12.4</ele>
    <time>2020-09-20T15:30:29.000Z</time>
   </trkpt>
   <trkpt lat="-8.039351" lon="-34.8922">
    <ele>12.4</ele>
    <time>2020-09-20T15:30:30.000Z</time>
   </trkpt>
   <trkpt lat="-8.039314" lon="-34.892204">
    <ele>12.4</ele>
    <time>2020-09-20T15:30:31.000Z</time>
   </trkpt>
   <trkpt lat="-8.03927" lon="-34.892204">
    <ele>12.5</ele>
    <time>2020-09-20T15:30:32.000Z</time>
   </trkpt>
   <trkpt lat="-8.039224" lon="-34.892205">
    <ele>12.5</ele>
    <time>2020-09-20T15:30:33.000Z</time>
   </trkpt>
   <trkpt lat="-8.039198" lon="-34.892199">
    <ele>12.5</ele>
    <time>2020-09-20T15:30:34.000Z</time>
   </trkpt>
   <trkpt lat="-8.039156" lon="-34.892191">
    <ele>12.5</ele>
    <time>2020-09-20T15:30:35.000Z</time>
   </trkpt>
   <trkpt lat="-8.039114" lon="-34.892184">
    <ele>12.5</ele>
    <time>2020-09-20T15:30:36.000Z</time>
   </trkpt>
   <trkpt lat="-8.039072" lon="-34.89217">
    <ele>12.5</ele>
    <time>2020-09-20T15:30:37.000Z</time>
   </trkpt>
   <trkpt lat="-8.039034" lon="-34.89216">
    <ele>12.5</ele>
    <time>2020-09-20T15:30:38.000Z</time>
   </trkpt>
   <trkpt lat="-8.039004" lon="-34.892158">
    <ele>12.5</ele>
    <time>2020-09-20T15:30:39.000Z</time>
   </trkpt>
   <trkpt lat="-8.038974" lon="-34.892145">
    <ele>12.5</ele>
    <time>2020-09-20T15:30:40.000Z</time>
   </trkpt>
   <trkpt lat="-8.038946" lon="-34.892138">
    <ele>12.5</ele>
    <time>2020-09-20T15:30:41.000Z</time>
   </trkpt>
   <trkpt lat="-8.038919" lon="-34.892133">
    <ele>12.5</ele>
    <time>2020-09-20T15:30:42.000Z</time>
   </trkpt>
   <trkpt lat="-8.038882" lon="-34.892132">
    <ele>12.5</ele>
    <time>2020-09-20T15:30:43.000Z</time>
   </trkpt>
   <trkpt lat="-8.038847" lon="-34.892124">
    <ele>12.5</ele>
    <time>2020-09-20T15:30:44.000Z</time>
   </trkpt>
   <trkpt lat="-8.03881" lon="-34.892111">
    <ele>12.5</ele>
    <time>2020-09-20T15:30:45.000Z</time>
   </trkpt>
   <trkpt lat="-8.038772" lon="-34.892091">
    <ele>12.5</ele>
    <time>2020-09-20T15:30:46.000Z</time>
   </trkpt>
   <trkpt lat="-8.038736" lon="-34.892072">
    <ele>12.5</ele>
    <time>2020-09-20T15:30:47.000Z</time>
   </trkpt>
   <trkpt lat="-8.038702" lon="-34.892063">
    <ele>12.5</ele>
    <time>2020-09-20T15:30:48.000Z</time>
   </trkpt>
   <trkpt lat="-8.03867" lon="-34.892046">
    <ele>12.5</ele>
    <time>2020-09-20T15:30:49.000Z</time>
   </trkpt>
   <trkpt lat="-8.038651" lon="-34.89203">
    <ele>12.5</ele>
    <time>2020-09-20T15:30:50.000Z</time>
   </trkpt>
   <trkpt lat="-8.038612" lon="-34.892002">
    <ele>12.5</ele>
    <time>2020-09-20T15:30:52.000Z</time>
   </trkpt>
   <trkpt lat="-8.038576" lon="-34.891959">
    <ele>12.5</ele>
    <time>2020-09-20T15:30:54.000Z</time>
   </trkpt>
   <trkpt lat="-8.038547" lon="-34.891945">
    <ele>12.4</ele>
    <time>2020-09-20T15:30:55.000Z</time>
   </trkpt>
   <trkpt lat="-8.038515" lon="-34.891947">
    <ele>12.4</ele>
    <time>2020-09-20T15:30:56.000Z</time>
   </trkpt>
   <trkpt lat="-8.038485" lon="-34.891953">
    <ele>12.3</ele>
    <time>2020-09-20T15:30:57.000Z</time>
   </trkpt>
   <trkpt lat="-8.038456" lon="-34.891939">
    <ele>12.3</ele>
    <time>2020-09-20T15:30:58.000Z</time>
   </trkpt>
   <trkpt lat="-8.03843" lon="-34.891928">
    <ele>12.2</ele>
    <time>2020-09-20T15:30:59.000Z</time>
   </trkpt>
   <trkpt lat="-8.038403" lon="-34.891898">
    <ele>12.1</ele>
    <time>2020-09-20T15:31:00.000Z</time>
   </trkpt>
   <trkpt lat="-8.038363" lon="-34.89187">
    <ele>12</ele>
    <time>2020-09-20T15:31:01.000Z</time>
   </trkpt>
   <trkpt lat="-8.038321" lon="-34.891836">
    <ele>11.9</ele>
    <time>2020-09-20T15:31:02.000Z</time>
   </trkpt>
   <trkpt lat="-8.038284" lon="-34.891805">
    <ele>11.8</ele>
    <time>2020-09-20T15:31:03.000Z</time>
   </trkpt>
   <trkpt lat="-8.038248" lon="-34.891784">
    <ele>11.7</ele>
    <time>2020-09-20T15:31:04.000Z</time>
   </trkpt>
   <trkpt lat="-8.038217" lon="-34.891766">
    <ele>11.7</ele>
    <time>2020-09-20T15:31:05.000Z</time>
   </trkpt>
   <trkpt lat="-8.03818" lon="-34.891748">
    <ele>11.6</ele>
    <time>2020-09-20T15:31:06.000Z</time>
   </trkpt>
   <trkpt lat="-8.038148" lon="-34.891719">
    <ele>11.6</ele>
    <time>2020-09-20T15:31:07.000Z</time>
   </trkpt>
   <trkpt lat="-8.038113" lon="-34.891692">
    <ele>11.5</ele>
    <time>2020-09-20T15:31:08.000Z</time>
   </trkpt>
   <trkpt lat="-8.038082" lon="-34.891662">
    <ele>11.5</ele>
    <time>2020-09-20T15:31:09.000Z</time>
   </trkpt>
   <trkpt lat="-8.038059" lon="-34.891632">
    <ele>11.4</ele>
    <time>2020-09-20T15:31:10.000Z</time>
   </trkpt>
   <trkpt lat="-8.038035" lon="-34.89161">
    <ele>11.4</ele>
    <time>2020-09-20T15:31:11.000Z</time>
   </trkpt>
   <trkpt lat="-8.038016" lon="-34.891599">
    <ele>11.4</ele>
    <time>2020-09-20T15:31:12.000Z</time>
   </trkpt>
   <trkpt lat="-8.037951" lon="-34.891577">
    <ele>11.4</ele>
    <time>2020-09-20T15:31:14.000Z</time>
   </trkpt>
   <trkpt lat="-8.03791" lon="-34.89157">
    <ele>11.4</ele>
    <time>2020-09-20T15:31:15.000Z</time>
   </trkpt>
   <trkpt lat="-8.037882" lon="-34.891564">
    <ele>11.3</ele>
    <time>2020-09-20T15:31:16.000Z</time>
   </trkpt>
   <trkpt lat="-8.037845" lon="-34.891567">
    <ele>11.2</ele>
    <time>2020-09-20T15:31:17.000Z</time>
   </trkpt>
   <trkpt lat="-8.037825" lon="-34.891571">
    <ele>11.2</ele>
    <time>2020-09-20T15:31:18.000Z</time>
   </trkpt>
   <trkpt lat="-8.037789" lon="-34.891616">
    <ele>11.2</ele>
    <time>2020-09-20T15:31:20.000Z</time>
   </trkpt>
   <trkpt lat="-8.037768" lon="-34.891647">
    <ele>11.2</ele>
    <time>2020-09-20T15:31:21.000Z</time>
   </trkpt>
   <trkpt lat="-8.037744" lon="-34.891678">
    <ele>11.2</ele>
    <time>2020-09-20T15:31:22.000Z</time>
   </trkpt>
   <trkpt lat="-8.037722" lon="-34.891716">
    <ele>11.2</ele>
    <time>2020-09-20T15:31:23.000Z</time>
   </trkpt>
   <trkpt lat="-8.037704" lon="-34.891752">
    <ele>11.1</ele>
    <time>2020-09-20T15:31:24.000Z</time>
   </trkpt>
   <trkpt lat="-8.037677" lon="-34.891788">
    <ele>11</ele>
    <time>2020-09-20T15:31:25.000Z</time>
   </trkpt>
   <trkpt lat="-8.037652" lon="-34.891828">
    <ele>11</ele>
    <time>2020-09-20T15:31:26.000Z</time>
   </trkpt>
   <trkpt lat="-8.037627" lon="-34.89187">
    <ele>10.9</ele>
    <time>2020-09-20T15:31:27.000Z</time>
   </trkpt>
   <trkpt lat="-8.037601" lon="-34.891921">
    <ele>10.7</ele>
    <time>2020-09-20T15:31:28.000Z</time>
   </trkpt>
   <trkpt lat="-8.037568" lon="-34.891969">
    <ele>10.7</ele>
    <time>2020-09-20T15:31:29.000Z</time>
   </trkpt>
   <trkpt lat="-8.037542" lon="-34.892016">
    <ele>10.6</ele>
    <time>2020-09-20T15:31:30.000Z</time>
   </trkpt>
   <trkpt lat="-8.037523" lon="-34.89207">
    <ele>10.5</ele>
    <time>2020-09-20T15:31:31.000Z</time>
   </trkpt>
   <trkpt lat="-8.037504" lon="-34.892122">
    <ele>10.2</ele>
    <time>2020-09-20T15:31:32.000Z</time>
   </trkpt>
   <trkpt lat="-8.037482" lon="-34.892176">
    <ele>10</ele>
    <time>2020-09-20T15:31:33.000Z</time>
   </trkpt>
   <trkpt lat="-8.037476" lon="-34.892235">
    <ele>9.9</ele>
    <time>2020-09-20T15:31:34.000Z</time>
   </trkpt>
   <trkpt lat="-8.037469" lon="-34.892286">
    <ele>9.8</ele>
    <time>2020-09-20T15:31:35.000Z</time>
   </trkpt>
   <trkpt lat="-8.037458" lon="-34.892333">
    <ele>9.8</ele>
    <time>2020-09-20T15:31:36.000Z</time>
   </trkpt>
   <trkpt lat="-8.037452" lon="-34.89238">
    <ele>9.7</ele>
    <time>2020-09-20T15:31:37.000Z</time>
   </trkpt>
   <trkpt lat="-8.03746" lon="-34.892428">
    <ele>9.6</ele>
    <time>2020-09-20T15:31:38.000Z</time>
   </trkpt>
   <trkpt lat="-8.037461" lon="-34.892479">
    <ele>9.6</ele>
    <time>2020-09-20T15:31:39.000Z</time>
   </trkpt>
   <trkpt lat="-8.037464" lon="-34.892533">
    <ele>9.6</ele>
    <time>2020-09-20T15:31:40.000Z</time>
   </trkpt>
   <trkpt lat="-8.037456" lon="-34.892583">
    <ele>9.5</ele>
    <time>2020-09-20T15:31:41.000Z</time>
   </trkpt>
   <trkpt lat="-8.037441" lon="-34.892628">
    <ele>9.5</ele>
    <time>2020-09-20T15:31:42.000Z</time>
   </trkpt>
   <trkpt lat="-8.037425" lon="-34.892668">
    <ele>9.5</ele>
    <time>2020-09-20T15:31:43.000Z</time>
   </trkpt>
   <trkpt lat="-8.037413" lon="-34.892703">
    <ele>9.5</ele>
    <time>2020-09-20T15:31:44.000Z</time>
   </trkpt>
   <trkpt lat="-8.0374" lon="-34.892742">
    <ele>9.4</ele>
    <time>2020-09-20T15:31:45.000Z</time>
   </trkpt>
   <trkpt lat="-8.037383" lon="-34.892772">
    <ele>9.3</ele>
    <time>2020-09-20T15:31:46.000Z</time>
   </trkpt>
   <trkpt lat="-8.037367" lon="-34.89279">
    <ele>9.3</ele>
    <time>2020-09-20T15:31:47.000Z</time>
   </trkpt>
   <trkpt lat="-8.037335" lon="-34.892804">
    <ele>9.3</ele>
    <time>2020-09-20T15:31:49.000Z</time>
   </trkpt>
   <trkpt lat="-8.037278" lon="-34.892799">
    <ele>9.3</ele>
    <time>2020-09-20T15:31:51.000Z</time>
   </trkpt>
   <trkpt lat="-8.037256" lon="-34.892795">
    <ele>9.3</ele>
    <time>2020-09-20T15:31:52.000Z</time>
   </trkpt>
   <trkpt lat="-8.037194" lon="-34.892779">
    <ele>9.2</ele>
    <time>2020-09-20T15:31:54.000Z</time>
   </trkpt>
   <trkpt lat="-8.037167" lon="-34.892766">
    <ele>9.2</ele>
    <time>2020-09-20T15:31:55.000Z</time>
   </trkpt>
   <trkpt lat="-8.037147" lon="-34.892755">
    <ele>9.2</ele>
    <time>2020-09-20T15:31:56.000Z</time>
   </trkpt>
   <trkpt lat="-8.037105" lon="-34.892732">
    <ele>9.2</ele>
    <time>2020-09-20T15:31:58.000Z</time>
   </trkpt>
   <trkpt lat="-8.037048" lon="-34.892712">
    <ele>9.1</ele>
    <time>2020-09-20T15:32:00.000Z</time>
   </trkpt>
   <trkpt lat="-8.037019" lon="-34.892711">
    <ele>9.1</ele>
    <time>2020-09-20T15:32:01.000Z</time>
   </trkpt>
   <trkpt lat="-8.03699" lon="-34.892704">
    <ele>9.1</ele>
    <time>2020-09-20T15:32:02.000Z</time>
   </trkpt>
   <trkpt lat="-8.036958" lon="-34.892702">
    <ele>9.1</ele>
    <time>2020-09-20T15:32:03.000Z</time>
   </trkpt>
   <trkpt lat="-8.036933" lon="-34.89271">
    <ele>9.1</ele>
    <time>2020-09-20T15:32:04.000Z</time>
   </trkpt>
   <trkpt lat="-8.036898" lon="-34.89272">
    <ele>9.1</ele>
    <time>2020-09-20T15:32:06.000Z</time>
   </trkpt>
   <trkpt lat="-8.036887" lon="-34.892724">
    <ele>9</ele>
    <time>2020-09-20T15:32:08.000Z</time>
   </trkpt>
   <trkpt lat="-8.036698" lon="-34.892569">
    <ele>9</ele>
    <time>2020-09-20T15:33:17.000Z</time>
   </trkpt>
   <trkpt lat="-8.036718" lon="-34.892597">
    <ele>9</ele>
    <time>2020-09-20T15:33:21.000Z</time>
   </trkpt>
   <trkpt lat="-8.036732" lon="-34.892618">
    <ele>9</ele>
    <time>2020-09-20T15:33:24.000Z</time>
   </trkpt>
   <trkpt lat="-8.036749" lon="-34.892653">
    <ele>9</ele>
    <time>2020-09-20T15:33:28.000Z</time>
   </trkpt>
   <trkpt lat="-8.036761" lon="-34.892664">
    <ele>9</ele>
    <time>2020-09-20T15:33:30.000Z</time>
   </trkpt>
   <trkpt lat="-8.036781" lon="-34.892648">
    <ele>9</ele>
    <time>2020-09-20T15:33:33.000Z</time>
   </trkpt>
   <trkpt lat="-8.036795" lon="-34.892652">
    <ele>9</ele>
    <time>2020-09-20T15:33:35.000Z</time>
   </trkpt>
   <trkpt lat="-8.036839" lon="-34.892649">
    <ele>9</ele>
    <time>2020-09-20T15:33:39.000Z</time>
   </trkpt>
  </trkseg>
 </trk>
</gpx>
